{
  "type": "FeatureCollection",
  "metadata": {
    "generated": "2026-08-04",
    "source": "Yukon Water Data (AquaCache) API v1 \u2014 https://service.yukon.ca/water-data/api/v1",
    "client": "yukon",
    "description": "All Yukon snow monitoring stations: manual snow courses (YSS, periodic Feb/Mar/Apr/May surveys), automated snow-weather stations with snow-pillow SWE (YSS), and ECCC climate stations with daily snow depth mirrored into AquaCache (YKEC). Only stations with a continuous series appear in all_snow_stations.geojson.",
    "total": 109
  },
  "features": [
    {
      "type": "Feature",
      "geometry": {
        "type": "Point",
        "coordinates": [
          -137.05,
          61.03
        ]
      },
      "properties": {
        "code": "08AA-MET-00003",
        "name": "Otter Falls",
        "latitude": 61.03,
        "longitude": -137.05,
        "elevation_m": 829.0,
        "state": "YT",
        "network_code": "YKEC",
        "operator": "Environment and Climate Change Canada",
        "client": "yukon",
        "data_provider": "Yukon Water Data (AquaCache)",
        "status": "Active",
        "is_active": true,
        "begin_date": null,
        "end_date": null,
        "earliest_record_date": null,
        "latest_record_date": null,
        "station_url": "https://service.yukon.ca/water-data/shiny/?page=home&lang=en",
        "station_image_url": null,
        "station_camera_url": null,
        "notes": null,
        "data_variables": [
          {
            "name": "air_temp_degc",
            "type": "temp",
            "interval": "daily",
            "units": "\u00b0C",
            "description": "Air temperature.",
            "notes": "Instantaneous series, or the ECCC daily '(min+max)/2' mean. Native units: \u00b0C. AquaCache timeseries 1670, aggregation '(min+max)/2', recording rate '1 day'.",
            "begin_date": "1980-02-01",
            "end_date": "2026-08-02",
            "n_obs": null
          },
          {
            "name": "air_temp_min_degc",
            "type": "temp_min",
            "interval": "daily",
            "units": "\u00b0C",
            "description": "Daily minimum air temperature.",
            "notes": "ECCC daily series only. Native units: \u00b0C. AquaCache timeseries 1671, aggregation 'minimum', recording rate '1 day'.",
            "begin_date": "1980-02-01",
            "end_date": "2026-08-02",
            "n_obs": null
          },
          {
            "name": "air_temp_max_degc",
            "type": "temp_max",
            "interval": "daily",
            "units": "\u00b0C",
            "description": "Daily maximum air temperature.",
            "notes": "ECCC daily series only. Native units: \u00b0C. AquaCache timeseries 1672, aggregation 'maximum', recording rate '1 day'.",
            "begin_date": "1980-02-01",
            "end_date": "2026-08-02",
            "n_obs": null
          },
          {
            "name": "snwd_cm",
            "type": "snwd",
            "interval": "daily",
            "units": "cm",
            "description": "Snow depth from an automated sensor (Yukon and ECCC stations) or from a 10-point manual snow course survey. Native API unit is cm.",
            "notes": "Native units: cm. NB: /snow-survey/data leaves the units field empty for this parameter; cm is confirmed by the /snow-survey/stats field name 'max_DEPTH_cm'. AquaCache timeseries 1673, aggregation 'instantaneous', recording rate '1 day'.",
            "begin_date": "1980-09-28",
            "end_date": "2026-08-02",
            "n_obs": null
          },
          {
            "name": "precip_total_mm",
            "type": "precip",
            "interval": "daily",
            "units": "mm",
            "description": "Total precipitation accumulated over the recording interval.",
            "notes": "Aggregation type 'sum'. Returned in native mm without conversion, as in the DataBC client. AquaCache timeseries 1674, aggregation 'sum', recording rate '1 day'.",
            "begin_date": "1980-02-01",
            "end_date": "2026-08-02",
            "n_obs": null
          },
          {
            "name": "precip_rain_mm",
            "type": "precip",
            "interval": "daily",
            "units": "mm",
            "description": "Rainfall accumulated over the recording interval.",
            "notes": "Aggregation type 'sum'. Native units: mm. AquaCache timeseries 1675, aggregation 'sum', recording rate '1 day'.",
            "begin_date": "1980-02-01",
            "end_date": "2026-08-02",
            "n_obs": null
          },
          {
            "name": "precip_snow_cm",
            "type": "precip",
            "interval": "daily",
            "units": "cm",
            "description": "New snowfall accumulated over the recording interval.",
            "notes": "ECCC daily series. The /timeseries units field is empty for this parameter; cm comes from /parameters (id 1221). AquaCache timeseries 1676, aggregation 'sum', recording rate '1 day'.",
            "begin_date": "1980-02-01",
            "end_date": "2026-08-02",
            "n_obs": null
          }
        ],
        "has_daily_swe": false,
        "has_daily_snwd": true,
        "daily_or_better": true,
        "daily_verified": false,
        "daily_provenance": "native",
        "possible_duplicates": null,
        "metadata_fetched_at": "2026-08-04",
        "station_type": "ECCC",
        "network": "ECCC Meteorology Network",
        "dataset_url": "https://open.yukon.ca/data/water-monitoring-sites"
      }
    },
    {
      "type": "Feature",
      "geometry": {
        "type": "Point",
        "coordinates": [
          -136.990611111111,
          61.1176944444444
        ]
      },
      "properties": {
        "code": "08AA-SC01",
        "name": "Canyon Lake Snow Course",
        "latitude": 61.1176944444444,
        "longitude": -136.990611111111,
        "elevation_m": 1160.0,
        "state": "YT",
        "network_code": "YSS",
        "operator": "Yukon Government Department of Environment, Water Science and Stewardship",
        "client": "yukon",
        "data_provider": "Yukon Water Data (AquaCache)",
        "status": "Active",
        "is_active": true,
        "begin_date": "1975-03-01",
        "end_date": null,
        "earliest_record_date": null,
        "latest_record_date": null,
        "station_url": "https://service.yukon.ca/water-data/shiny/?page=home&lang=en",
        "station_image_url": null,
        "station_camera_url": null,
        "notes": null,
        "data_variables": [
          {
            "name": "swe_mm",
            "type": "swe",
            "interval": "periodic",
            "units": "cm",
            "description": "Snow water equivalent. At automated snow-weather stations this comes from a snow pillow recorded hourly to 3-hourly; at snow courses it is the average of a 10-point manual survey. Native API unit is mm; returned here in cm (\u00f7 10).",
            "notes": "Native units: mm. Snow course values carry a flag of 'Actual' (measured depth and SWE) or 'Estimated SWE' (measured depth with SWE estimated from historical average density).",
            "begin_date": "1975-03-01",
            "end_date": "2026-05-01",
            "n_obs": null
          },
          {
            "name": "snwd_cm",
            "type": "snwd",
            "interval": "periodic",
            "units": "cm",
            "description": "Snow depth from an automated sensor (Yukon and ECCC stations) or from a 10-point manual snow course survey. Native API unit is cm.",
            "notes": "Native units: cm. NB: /snow-survey/data leaves the units field empty for this parameter; cm is confirmed by the /snow-survey/stats field name 'max_DEPTH_cm'.",
            "begin_date": "1975-03-01",
            "end_date": "2026-05-01",
            "n_obs": null
          }
        ],
        "has_daily_swe": false,
        "has_daily_snwd": false,
        "daily_or_better": false,
        "daily_verified": false,
        "daily_provenance": "none",
        "possible_duplicates": null,
        "metadata_fetched_at": "2026-08-04",
        "station_type": "SC",
        "network": "Yukon Snow Survey Network",
        "dataset_url": "https://open.yukon.ca/data/yukon-snow-survey-network",
        "sub_basin": "",
        "first_survey": "1975-03-01",
        "last_survey": "2026-05-01"
      }
    },
    {
      "type": "Feature",
      "geometry": {
        "type": "Point",
        "coordinates": [
          -137.1,
          60.3666666666667
        ]
      },
      "properties": {
        "code": "08AA-SC02",
        "name": "Alder Creek Snow Course",
        "latitude": 60.3666666666667,
        "longitude": -137.1,
        "elevation_m": 768.0,
        "state": "YT",
        "network_code": "YSS",
        "operator": "Yukon Government Department of Environment, Water Science and Stewardship",
        "client": "yukon",
        "data_provider": "Yukon Water Data (AquaCache)",
        "status": "Active",
        "is_active": true,
        "begin_date": "1980-02-01",
        "end_date": null,
        "earliest_record_date": null,
        "latest_record_date": null,
        "station_url": "https://service.yukon.ca/water-data/shiny/?page=home&lang=en",
        "station_image_url": null,
        "station_camera_url": null,
        "notes": null,
        "data_variables": [
          {
            "name": "swe_mm",
            "type": "swe",
            "interval": "periodic",
            "units": "cm",
            "description": "Snow water equivalent. At automated snow-weather stations this comes from a snow pillow recorded hourly to 3-hourly; at snow courses it is the average of a 10-point manual survey. Native API unit is mm; returned here in cm (\u00f7 10).",
            "notes": "Native units: mm. Snow course values carry a flag of 'Actual' (measured depth and SWE) or 'Estimated SWE' (measured depth with SWE estimated from historical average density).",
            "begin_date": "1980-02-01",
            "end_date": "2026-05-01",
            "n_obs": null
          },
          {
            "name": "snwd_cm",
            "type": "snwd",
            "interval": "periodic",
            "units": "cm",
            "description": "Snow depth from an automated sensor (Yukon and ECCC stations) or from a 10-point manual snow course survey. Native API unit is cm.",
            "notes": "Native units: cm. NB: /snow-survey/data leaves the units field empty for this parameter; cm is confirmed by the /snow-survey/stats field name 'max_DEPTH_cm'.",
            "begin_date": "1980-02-01",
            "end_date": "2026-05-01",
            "n_obs": null
          }
        ],
        "has_daily_swe": false,
        "has_daily_snwd": false,
        "daily_or_better": false,
        "daily_verified": false,
        "daily_provenance": "none",
        "possible_duplicates": null,
        "metadata_fetched_at": "2026-08-04",
        "station_type": "SC",
        "network": "Yukon Snow Survey Network",
        "dataset_url": "https://open.yukon.ca/data/yukon-snow-survey-network",
        "sub_basin": "",
        "first_survey": "1980-02-01",
        "last_survey": "2026-05-01"
      }
    },
    {
      "type": "Feature",
      "geometry": {
        "type": "Point",
        "coordinates": [
          -136.994583333333,
          61.1966666666667
        ]
      },
      "properties": {
        "code": "08AA-SC03",
        "name": "Aishihik Lake Snow Course",
        "latitude": 61.1966666666667,
        "longitude": -136.994583333333,
        "elevation_m": 945.0,
        "state": "YT",
        "network_code": "YSS",
        "operator": "Yukon Government Department of Environment, Water Science and Stewardship",
        "client": "yukon",
        "data_provider": "Yukon Water Data (AquaCache)",
        "status": "Active",
        "is_active": true,
        "begin_date": "1994-03-01",
        "end_date": null,
        "earliest_record_date": null,
        "latest_record_date": null,
        "station_url": "https://service.yukon.ca/water-data/shiny/?page=home&lang=en",
        "station_image_url": null,
        "station_camera_url": null,
        "notes": null,
        "data_variables": [
          {
            "name": "swe_mm",
            "type": "swe",
            "interval": "periodic",
            "units": "cm",
            "description": "Snow water equivalent. At automated snow-weather stations this comes from a snow pillow recorded hourly to 3-hourly; at snow courses it is the average of a 10-point manual survey. Native API unit is mm; returned here in cm (\u00f7 10).",
            "notes": "Native units: mm. Snow course values carry a flag of 'Actual' (measured depth and SWE) or 'Estimated SWE' (measured depth with SWE estimated from historical average density).",
            "begin_date": "1994-03-01",
            "end_date": "2026-05-01",
            "n_obs": null
          },
          {
            "name": "snwd_cm",
            "type": "snwd",
            "interval": "periodic",
            "units": "cm",
            "description": "Snow depth from an automated sensor (Yukon and ECCC stations) or from a 10-point manual snow course survey. Native API unit is cm.",
            "notes": "Native units: cm. NB: /snow-survey/data leaves the units field empty for this parameter; cm is confirmed by the /snow-survey/stats field name 'max_DEPTH_cm'.",
            "begin_date": "1994-03-01",
            "end_date": "2026-05-01",
            "n_obs": null
          }
        ],
        "has_daily_swe": false,
        "has_daily_snwd": false,
        "daily_or_better": false,
        "daily_verified": false,
        "daily_provenance": "none",
        "possible_duplicates": null,
        "metadata_fetched_at": "2026-08-04",
        "station_type": "SC",
        "network": "Yukon Snow Survey Network",
        "dataset_url": "https://open.yukon.ca/data/yukon-snow-survey-network",
        "sub_basin": "",
        "first_survey": "1994-03-01",
        "last_survey": "2026-05-01"
      }
    },
    {
      "type": "Feature",
      "geometry": {
        "type": "Point",
        "coordinates": [
          -137.5725,
          60.7702777777778
        ]
      },
      "properties": {
        "code": "08AA-SC04",
        "name": "Haines Junction Farm Snow Course",
        "latitude": 60.7702777777778,
        "longitude": -137.5725,
        "elevation_m": 610.0,
        "state": "YT",
        "network_code": "YSS",
        "operator": "Yukon Government Department of Environment, Water Science and Stewardship",
        "client": "yukon",
        "data_provider": "Yukon Water Data (AquaCache)",
        "status": "Active",
        "is_active": true,
        "begin_date": "2000-03-01",
        "end_date": null,
        "earliest_record_date": null,
        "latest_record_date": null,
        "station_url": "https://service.yukon.ca/water-data/shiny/?page=home&lang=en",
        "station_image_url": null,
        "station_camera_url": null,
        "notes": null,
        "data_variables": [
          {
            "name": "swe_mm",
            "type": "swe",
            "interval": "periodic",
            "units": "cm",
            "description": "Snow water equivalent. At automated snow-weather stations this comes from a snow pillow recorded hourly to 3-hourly; at snow courses it is the average of a 10-point manual survey. Native API unit is mm; returned here in cm (\u00f7 10).",
            "notes": "Native units: mm. Snow course values carry a flag of 'Actual' (measured depth and SWE) or 'Estimated SWE' (measured depth with SWE estimated from historical average density).",
            "begin_date": "2000-03-01",
            "end_date": "2026-05-01",
            "n_obs": null
          },
          {
            "name": "snwd_cm",
            "type": "snwd",
            "interval": "periodic",
            "units": "cm",
            "description": "Snow depth from an automated sensor (Yukon and ECCC stations) or from a 10-point manual snow course survey. Native API unit is cm.",
            "notes": "Native units: cm. NB: /snow-survey/data leaves the units field empty for this parameter; cm is confirmed by the /snow-survey/stats field name 'max_DEPTH_cm'.",
            "begin_date": "2000-03-01",
            "end_date": "2026-05-01",
            "n_obs": null
          }
        ],
        "has_daily_swe": false,
        "has_daily_snwd": false,
        "daily_or_better": false,
        "daily_verified": false,
        "daily_provenance": "none",
        "possible_duplicates": null,
        "metadata_fetched_at": "2026-08-04",
        "station_type": "SC",
        "network": "Yukon Snow Survey Network",
        "dataset_url": "https://open.yukon.ca/data/yukon-snow-survey-network",
        "sub_basin": "",
        "first_survey": "2000-03-01",
        "last_survey": "2026-05-01"
      }
    },
    {
      "type": "Feature",
      "geometry": {
        "type": "Point",
        "coordinates": [
          -138.083333333333,
          60.5666666666667
        ]
      },
      "properties": {
        "code": "08AB-SC01",
        "name": "Felsite Creek Snow Course",
        "latitude": 60.5666666666667,
        "longitude": -138.083333333333,
        "elevation_m": 762.0,
        "state": "YT",
        "network_code": "YSS",
        "operator": "Yukon Government Department of Environment, Water Science and Stewardship",
        "client": "yukon",
        "data_provider": "Yukon Water Data (AquaCache)",
        "status": "Inactive",
        "is_active": false,
        "begin_date": "1978-02-01",
        "end_date": null,
        "earliest_record_date": null,
        "latest_record_date": null,
        "station_url": "https://service.yukon.ca/water-data/shiny/?page=home&lang=en",
        "station_image_url": null,
        "station_camera_url": null,
        "notes": null,
        "data_variables": [
          {
            "name": "swe_mm",
            "type": "swe",
            "interval": "periodic",
            "units": "cm",
            "description": "Snow water equivalent. At automated snow-weather stations this comes from a snow pillow recorded hourly to 3-hourly; at snow courses it is the average of a 10-point manual survey. Native API unit is mm; returned here in cm (\u00f7 10).",
            "notes": "Native units: mm. Snow course values carry a flag of 'Actual' (measured depth and SWE) or 'Estimated SWE' (measured depth with SWE estimated from historical average density).",
            "begin_date": "1978-02-01",
            "end_date": "1985-05-01",
            "n_obs": null
          },
          {
            "name": "snwd_cm",
            "type": "snwd",
            "interval": "periodic",
            "units": "cm",
            "description": "Snow depth from an automated sensor (Yukon and ECCC stations) or from a 10-point manual snow course survey. Native API unit is cm.",
            "notes": "Native units: cm. NB: /snow-survey/data leaves the units field empty for this parameter; cm is confirmed by the /snow-survey/stats field name 'max_DEPTH_cm'.",
            "begin_date": "1978-02-01",
            "end_date": "1985-05-01",
            "n_obs": null
          }
        ],
        "has_daily_swe": false,
        "has_daily_snwd": false,
        "daily_or_better": false,
        "daily_verified": false,
        "daily_provenance": "none",
        "possible_duplicates": null,
        "metadata_fetched_at": "2026-08-04",
        "station_type": "SC",
        "network": "Yukon Snow Survey Network",
        "dataset_url": "https://open.yukon.ca/data/yukon-snow-survey-network",
        "sub_basin": "",
        "first_survey": "1978-02-01",
        "last_survey": "1985-05-01"
      }
    },
    {
      "type": "Feature",
      "geometry": {
        "type": "Point",
        "coordinates": [
          -137.933333333333,
          60.15
        ]
      },
      "properties": {
        "code": "08AB-SC02",
        "name": "Clay Creek Snow Course",
        "latitude": 60.15,
        "longitude": -137.933333333333,
        "elevation_m": 670.0,
        "state": "YT",
        "network_code": "YSS",
        "operator": "Yukon Government Department of Environment, Water Science and Stewardship",
        "client": "yukon",
        "data_provider": "Yukon Water Data (AquaCache)",
        "status": "Inactive",
        "is_active": false,
        "begin_date": "1978-02-01",
        "end_date": null,
        "earliest_record_date": null,
        "latest_record_date": null,
        "station_url": "https://service.yukon.ca/water-data/shiny/?page=home&lang=en",
        "station_image_url": null,
        "station_camera_url": null,
        "notes": null,
        "data_variables": [
          {
            "name": "swe_mm",
            "type": "swe",
            "interval": "periodic",
            "units": "cm",
            "description": "Snow water equivalent. At automated snow-weather stations this comes from a snow pillow recorded hourly to 3-hourly; at snow courses it is the average of a 10-point manual survey. Native API unit is mm; returned here in cm (\u00f7 10).",
            "notes": "Native units: mm. Snow course values carry a flag of 'Actual' (measured depth and SWE) or 'Estimated SWE' (measured depth with SWE estimated from historical average density).",
            "begin_date": "1978-02-01",
            "end_date": "2010-05-01",
            "n_obs": null
          },
          {
            "name": "snwd_cm",
            "type": "snwd",
            "interval": "periodic",
            "units": "cm",
            "description": "Snow depth from an automated sensor (Yukon and ECCC stations) or from a 10-point manual snow course survey. Native API unit is cm.",
            "notes": "Native units: cm. NB: /snow-survey/data leaves the units field empty for this parameter; cm is confirmed by the /snow-survey/stats field name 'max_DEPTH_cm'.",
            "begin_date": "1978-02-01",
            "end_date": "2010-05-01",
            "n_obs": null
          }
        ],
        "has_daily_swe": false,
        "has_daily_snwd": false,
        "daily_or_better": false,
        "daily_verified": false,
        "daily_provenance": "none",
        "possible_duplicates": null,
        "metadata_fetched_at": "2026-08-04",
        "station_type": "SC",
        "network": "Yukon Snow Survey Network",
        "dataset_url": "https://open.yukon.ca/data/yukon-snow-survey-network",
        "sub_basin": "",
        "first_survey": "1978-02-01",
        "last_survey": "2010-05-01"
      }
    },
    {
      "type": "Feature",
      "geometry": {
        "type": "Point",
        "coordinates": [
          -137.789166666667,
          60.8547222222222
        ]
      },
      "properties": {
        "code": "08AB-SC03",
        "name": "Summit Snow Course",
        "latitude": 60.8547222222222,
        "longitude": -137.789166666667,
        "elevation_m": 1000.0,
        "state": "YT",
        "network_code": "YSS",
        "operator": "Yukon Government Department of Environment, Water Science and Stewardship",
        "client": "yukon",
        "data_provider": "Yukon Water Data (AquaCache)",
        "status": "Active",
        "is_active": true,
        "begin_date": "1980-02-01",
        "end_date": null,
        "earliest_record_date": null,
        "latest_record_date": null,
        "station_url": "https://service.yukon.ca/water-data/shiny/?page=home&lang=en",
        "station_image_url": null,
        "station_camera_url": null,
        "notes": null,
        "data_variables": [
          {
            "name": "swe_mm",
            "type": "swe",
            "interval": "periodic",
            "units": "cm",
            "description": "Snow water equivalent. At automated snow-weather stations this comes from a snow pillow recorded hourly to 3-hourly; at snow courses it is the average of a 10-point manual survey. Native API unit is mm; returned here in cm (\u00f7 10).",
            "notes": "Native units: mm. Snow course values carry a flag of 'Actual' (measured depth and SWE) or 'Estimated SWE' (measured depth with SWE estimated from historical average density).",
            "begin_date": "1980-02-01",
            "end_date": "2026-05-01",
            "n_obs": null
          },
          {
            "name": "snwd_cm",
            "type": "snwd",
            "interval": "periodic",
            "units": "cm",
            "description": "Snow depth from an automated sensor (Yukon and ECCC stations) or from a 10-point manual snow course survey. Native API unit is cm.",
            "notes": "Native units: cm. NB: /snow-survey/data leaves the units field empty for this parameter; cm is confirmed by the /snow-survey/stats field name 'max_DEPTH_cm'.",
            "begin_date": "1980-02-01",
            "end_date": "2026-05-01",
            "n_obs": null
          }
        ],
        "has_daily_swe": false,
        "has_daily_snwd": false,
        "daily_or_better": false,
        "daily_verified": false,
        "daily_provenance": "none",
        "possible_duplicates": null,
        "metadata_fetched_at": "2026-08-04",
        "station_type": "SC",
        "network": "Yukon Snow Survey Network",
        "dataset_url": "https://open.yukon.ca/data/yukon-snow-survey-network",
        "sub_basin": "",
        "first_survey": "1980-02-01",
        "last_survey": "2026-05-01"
      }
    },
    {
      "type": "Feature",
      "geometry": {
        "type": "Point",
        "coordinates": [
          -137.933333333333,
          60.6333333333333
        ]
      },
      "properties": {
        "code": "08AB-SC04",
        "name": "Profile Mountain Snow Course",
        "latitude": 60.6333333333333,
        "longitude": -137.933333333333,
        "elevation_m": 900.0,
        "state": "YT",
        "network_code": "YSS",
        "operator": "Yukon Government Department of Environment, Water Science and Stewardship",
        "client": "yukon",
        "data_provider": "Yukon Water Data (AquaCache)",
        "status": "Inactive",
        "is_active": false,
        "begin_date": "1986-04-01",
        "end_date": null,
        "earliest_record_date": null,
        "latest_record_date": null,
        "station_url": "https://service.yukon.ca/water-data/shiny/?page=home&lang=en",
        "station_image_url": null,
        "station_camera_url": null,
        "notes": null,
        "data_variables": [
          {
            "name": "swe_mm",
            "type": "swe",
            "interval": "periodic",
            "units": "cm",
            "description": "Snow water equivalent. At automated snow-weather stations this comes from a snow pillow recorded hourly to 3-hourly; at snow courses it is the average of a 10-point manual survey. Native API unit is mm; returned here in cm (\u00f7 10).",
            "notes": "Native units: mm. Snow course values carry a flag of 'Actual' (measured depth and SWE) or 'Estimated SWE' (measured depth with SWE estimated from historical average density).",
            "begin_date": "1986-04-01",
            "end_date": "2010-05-01",
            "n_obs": null
          },
          {
            "name": "snwd_cm",
            "type": "snwd",
            "interval": "periodic",
            "units": "cm",
            "description": "Snow depth from an automated sensor (Yukon and ECCC stations) or from a 10-point manual snow course survey. Native API unit is cm.",
            "notes": "Native units: cm. NB: /snow-survey/data leaves the units field empty for this parameter; cm is confirmed by the /snow-survey/stats field name 'max_DEPTH_cm'.",
            "begin_date": "1986-04-01",
            "end_date": "2010-05-01",
            "n_obs": null
          }
        ],
        "has_daily_swe": false,
        "has_daily_snwd": false,
        "daily_or_better": false,
        "daily_verified": false,
        "daily_provenance": "none",
        "possible_duplicates": null,
        "metadata_fetched_at": "2026-08-04",
        "station_type": "SC",
        "network": "Yukon Snow Survey Network",
        "dataset_url": "https://open.yukon.ca/data/yukon-snow-survey-network",
        "sub_basin": "",
        "first_survey": "1986-04-01",
        "last_survey": "2010-05-01"
      }
    },
    {
      "type": "Feature",
      "geometry": {
        "type": "Point",
        "coordinates": [
          -136.8,
          59.9333333333333
        ]
      },
      "properties": {
        "code": "08AC-SC01",
        "name": "Stanley Creek Snow Course",
        "latitude": 59.9333333333333,
        "longitude": -136.8,
        "elevation_m": 925.0,
        "state": "BC",
        "network_code": "YSS",
        "operator": "Yukon Government Department of Environment, Water Science and Stewardship",
        "client": "yukon",
        "data_provider": "Yukon Water Data (AquaCache)",
        "status": "Inactive",
        "is_active": false,
        "begin_date": "1977-02-01",
        "end_date": null,
        "earliest_record_date": null,
        "latest_record_date": null,
        "station_url": "https://service.yukon.ca/water-data/shiny/?page=home&lang=en",
        "station_image_url": null,
        "station_camera_url": null,
        "notes": null,
        "data_variables": [
          {
            "name": "swe_mm",
            "type": "swe",
            "interval": "periodic",
            "units": "cm",
            "description": "Snow water equivalent. At automated snow-weather stations this comes from a snow pillow recorded hourly to 3-hourly; at snow courses it is the average of a 10-point manual survey. Native API unit is mm; returned here in cm (\u00f7 10).",
            "notes": "Native units: mm. Snow course values carry a flag of 'Actual' (measured depth and SWE) or 'Estimated SWE' (measured depth with SWE estimated from historical average density).",
            "begin_date": "1977-02-01",
            "end_date": "1985-05-15",
            "n_obs": null
          },
          {
            "name": "snwd_cm",
            "type": "snwd",
            "interval": "periodic",
            "units": "cm",
            "description": "Snow depth from an automated sensor (Yukon and ECCC stations) or from a 10-point manual snow course survey. Native API unit is cm.",
            "notes": "Native units: cm. NB: /snow-survey/data leaves the units field empty for this parameter; cm is confirmed by the /snow-survey/stats field name 'max_DEPTH_cm'.",
            "begin_date": "1977-02-01",
            "end_date": "1985-05-15",
            "n_obs": null
          }
        ],
        "has_daily_swe": false,
        "has_daily_snwd": false,
        "daily_or_better": false,
        "daily_verified": false,
        "daily_provenance": "none",
        "possible_duplicates": null,
        "metadata_fetched_at": "2026-08-04",
        "station_type": "SC",
        "network": "Yukon Snow Survey Network",
        "dataset_url": "https://open.yukon.ca/data/yukon-snow-survey-network",
        "sub_basin": "",
        "first_survey": "1977-02-01",
        "last_survey": "1985-05-15"
      }
    },
    {
      "type": "Feature",
      "geometry": {
        "type": "Point",
        "coordinates": [
          -136.983333333333,
          60.1166666666667
        ]
      },
      "properties": {
        "code": "08AC-SC02",
        "name": "Takhanne Snow Course",
        "latitude": 60.1166666666667,
        "longitude": -136.983333333333,
        "elevation_m": 762.0,
        "state": "YT",
        "network_code": "YSS",
        "operator": "Yukon Government Department of Environment, Water Science and Stewardship",
        "client": "yukon",
        "data_provider": "Yukon Water Data (AquaCache)",
        "status": "Inactive",
        "is_active": false,
        "begin_date": "1980-02-01",
        "end_date": null,
        "earliest_record_date": null,
        "latest_record_date": null,
        "station_url": "https://service.yukon.ca/water-data/shiny/?page=home&lang=en",
        "station_image_url": null,
        "station_camera_url": null,
        "notes": null,
        "data_variables": [
          {
            "name": "swe_mm",
            "type": "swe",
            "interval": "periodic",
            "units": "cm",
            "description": "Snow water equivalent. At automated snow-weather stations this comes from a snow pillow recorded hourly to 3-hourly; at snow courses it is the average of a 10-point manual survey. Native API unit is mm; returned here in cm (\u00f7 10).",
            "notes": "Native units: mm. Snow course values carry a flag of 'Actual' (measured depth and SWE) or 'Estimated SWE' (measured depth with SWE estimated from historical average density).",
            "begin_date": "1980-02-01",
            "end_date": "1985-03-01",
            "n_obs": null
          },
          {
            "name": "snwd_cm",
            "type": "snwd",
            "interval": "periodic",
            "units": "cm",
            "description": "Snow depth from an automated sensor (Yukon and ECCC stations) or from a 10-point manual snow course survey. Native API unit is cm.",
            "notes": "Native units: cm. NB: /snow-survey/data leaves the units field empty for this parameter; cm is confirmed by the /snow-survey/stats field name 'max_DEPTH_cm'.",
            "begin_date": "1980-02-01",
            "end_date": "1985-03-01",
            "n_obs": null
          }
        ],
        "has_daily_swe": false,
        "has_daily_snwd": false,
        "daily_or_better": false,
        "daily_verified": false,
        "daily_provenance": "none",
        "possible_duplicates": null,
        "metadata_fetched_at": "2026-08-04",
        "station_type": "SC",
        "network": "Yukon Snow Survey Network",
        "dataset_url": "https://open.yukon.ca/data/yukon-snow-survey-network",
        "sub_basin": "",
        "first_survey": "1980-02-01",
        "last_survey": "1985-03-01"
      }
    },
    {
      "type": "Feature",
      "geometry": {
        "type": "Point",
        "coordinates": [
          -134.533333333333,
          58.2833333333333
        ]
      },
      "properties": {
        "code": "08AK-SC01",
        "name": "Eaglecrest Snow Course",
        "latitude": 58.2833333333333,
        "longitude": -134.533333333333,
        "elevation_m": 305.0,
        "state": "AK",
        "network_code": "YSS",
        "operator": "Yukon Government Department of Environment, Water Science and Stewardship",
        "client": "yukon",
        "data_provider": "Yukon Water Data (AquaCache)",
        "status": "Active",
        "is_active": true,
        "begin_date": "1977-03-01",
        "end_date": null,
        "earliest_record_date": null,
        "latest_record_date": null,
        "station_url": "https://service.yukon.ca/water-data/shiny/?page=home&lang=en",
        "station_image_url": null,
        "station_camera_url": null,
        "notes": null,
        "data_variables": [
          {
            "name": "swe_mm",
            "type": "swe",
            "interval": "periodic",
            "units": "cm",
            "description": "Snow water equivalent. At automated snow-weather stations this comes from a snow pillow recorded hourly to 3-hourly; at snow courses it is the average of a 10-point manual survey. Native API unit is mm; returned here in cm (\u00f7 10).",
            "notes": "Native units: mm. Snow course values carry a flag of 'Actual' (measured depth and SWE) or 'Estimated SWE' (measured depth with SWE estimated from historical average density).",
            "begin_date": "1977-03-01",
            "end_date": "2026-05-01",
            "n_obs": null
          },
          {
            "name": "snwd_cm",
            "type": "snwd",
            "interval": "periodic",
            "units": "cm",
            "description": "Snow depth from an automated sensor (Yukon and ECCC stations) or from a 10-point manual snow course survey. Native API unit is cm.",
            "notes": "Native units: cm. NB: /snow-survey/data leaves the units field empty for this parameter; cm is confirmed by the /snow-survey/stats field name 'max_DEPTH_cm'.",
            "begin_date": "1977-03-01",
            "end_date": "2026-05-01",
            "n_obs": null
          }
        ],
        "has_daily_swe": false,
        "has_daily_snwd": false,
        "daily_or_better": false,
        "daily_verified": false,
        "daily_provenance": "none",
        "possible_duplicates": null,
        "metadata_fetched_at": "2026-08-04",
        "station_type": "SC",
        "network": "Yukon Snow Survey Network",
        "dataset_url": "https://open.yukon.ca/data/yukon-snow-survey-network",
        "sub_basin": "",
        "first_survey": "1977-03-01",
        "last_survey": "2026-05-01"
      }
    },
    {
      "type": "Feature",
      "geometry": {
        "type": "Point",
        "coordinates": [
          -135.25,
          59.5166666666667
        ]
      },
      "properties": {
        "code": "08AK-SC02",
        "name": "Moore Creek Bridge Snow Course",
        "latitude": 59.5166666666667,
        "longitude": -135.25,
        "elevation_m": 700.0,
        "state": "AK",
        "network_code": "YSS",
        "operator": "Yukon Government Department of Environment, Water Science and Stewardship",
        "client": "yukon",
        "data_provider": "Yukon Water Data (AquaCache)",
        "status": "Active",
        "is_active": true,
        "begin_date": "1989-03-01",
        "end_date": null,
        "earliest_record_date": null,
        "latest_record_date": null,
        "station_url": "https://service.yukon.ca/water-data/shiny/?page=home&lang=en",
        "station_image_url": null,
        "station_camera_url": null,
        "notes": null,
        "data_variables": [
          {
            "name": "swe_mm",
            "type": "swe",
            "interval": "periodic",
            "units": "cm",
            "description": "Snow water equivalent. At automated snow-weather stations this comes from a snow pillow recorded hourly to 3-hourly; at snow courses it is the average of a 10-point manual survey. Native API unit is mm; returned here in cm (\u00f7 10).",
            "notes": "Native units: mm. Snow course values carry a flag of 'Actual' (measured depth and SWE) or 'Estimated SWE' (measured depth with SWE estimated from historical average density).",
            "begin_date": "1989-03-01",
            "end_date": "2026-05-01",
            "n_obs": null
          },
          {
            "name": "snwd_cm",
            "type": "snwd",
            "interval": "periodic",
            "units": "cm",
            "description": "Snow depth from an automated sensor (Yukon and ECCC stations) or from a 10-point manual snow course survey. Native API unit is cm.",
            "notes": "Native units: cm. NB: /snow-survey/data leaves the units field empty for this parameter; cm is confirmed by the /snow-survey/stats field name 'max_DEPTH_cm'.",
            "begin_date": "1989-03-01",
            "end_date": "2026-05-01",
            "n_obs": null
          }
        ],
        "has_daily_swe": false,
        "has_daily_snwd": false,
        "daily_or_better": false,
        "daily_verified": false,
        "daily_provenance": "none",
        "possible_duplicates": null,
        "metadata_fetched_at": "2026-08-04",
        "station_type": "SC",
        "network": "Yukon Snow Survey Network",
        "dataset_url": "https://open.yukon.ca/data/yukon-snow-survey-network",
        "sub_basin": "",
        "first_survey": "1989-03-01",
        "last_survey": "2026-05-01"
      }
    },
    {
      "type": "Feature",
      "geometry": {
        "type": "Point",
        "coordinates": [
          -134.17603,
          60.28165
        ]
      },
      "properties": {
        "code": "09AA-M1",
        "name": "Tagish Meteorological",
        "latitude": 60.28165,
        "longitude": -134.17603,
        "elevation_m": 1091.0,
        "state": "YT",
        "network_code": "YSS",
        "operator": "Yukon Government Department of Environment, Water Science and Stewardship",
        "client": "yukon",
        "data_provider": "Yukon Water Data (AquaCache)",
        "status": "Active",
        "is_active": true,
        "begin_date": null,
        "end_date": null,
        "earliest_record_date": null,
        "latest_record_date": null,
        "station_url": "https://service.yukon.ca/water-data/shiny/?page=home&lang=en",
        "station_image_url": null,
        "station_camera_url": null,
        "notes": null,
        "data_variables": [
          {
            "name": "air_temp_degc",
            "type": "temp",
            "interval": "hourly",
            "units": "\u00b0C",
            "description": "Air temperature.",
            "notes": "Instantaneous series, or the ECCC daily '(min+max)/2' mean. Native units: \u00b0C. AquaCache timeseries 1220, aggregation 'instantaneous', recording rate '01:00:00'.",
            "begin_date": "2009-11-09",
            "end_date": "2026-08-04",
            "n_obs": null
          },
          {
            "name": "precip_total_mm",
            "type": "precip",
            "interval": "sub_daily",
            "units": "mm",
            "description": "Total precipitation accumulated over the recording interval.",
            "notes": "Aggregation type 'sum'. Returned in native mm without conversion, as in the DataBC client. AquaCache timeseries 1241, aggregation 'sum', recording rate '03:00:00'.",
            "begin_date": "2009-11-09",
            "end_date": "2026-08-04",
            "n_obs": null
          },
          {
            "name": "swe_mm",
            "type": "swe",
            "interval": "hourly",
            "units": "cm",
            "description": "Snow water equivalent. At automated snow-weather stations this comes from a snow pillow recorded hourly to 3-hourly; at snow courses it is the average of a 10-point manual survey. Native API unit is mm; returned here in cm (\u00f7 10).",
            "notes": "Native units: mm. Snow course values carry a flag of 'Actual' (measured depth and SWE) or 'Estimated SWE' (measured depth with SWE estimated from historical average density). AquaCache timeseries 20, aggregation 'instantaneous', recording rate '01:00:00'.",
            "begin_date": "1988-10-18",
            "end_date": "2026-06-10",
            "n_obs": null
          },
          {
            "name": "snwd_cm",
            "type": "snwd",
            "interval": "hourly",
            "units": "cm",
            "description": "Snow depth from an automated sensor (Yukon and ECCC stations) or from a 10-point manual snow course survey. Native API unit is cm.",
            "notes": "Native units: cm. NB: /snow-survey/data leaves the units field empty for this parameter; cm is confirmed by the /snow-survey/stats field name 'max_DEPTH_cm'. AquaCache timeseries 21, aggregation 'instantaneous', recording rate '01:00:00'.",
            "begin_date": "2013-09-12",
            "end_date": "2026-08-04",
            "n_obs": null
          }
        ],
        "has_daily_swe": true,
        "has_daily_snwd": true,
        "daily_or_better": true,
        "daily_verified": false,
        "daily_provenance": "native",
        "possible_duplicates": null,
        "metadata_fetched_at": "2026-08-04",
        "station_type": "AWS",
        "network": "Yukon Snow Survey Network",
        "dataset_url": "https://open.yukon.ca/data/yukon-snow-survey-network"
      }
    },
    {
      "type": "Feature",
      "geometry": {
        "type": "Point",
        "coordinates": [
          -134.965576,
          59.763958
        ]
      },
      "properties": {
        "code": "09AA-M2",
        "name": "Log Cabin Meteorological",
        "latitude": 59.763958,
        "longitude": -134.965576,
        "elevation_m": 892.0,
        "state": "BC",
        "network_code": "YSS",
        "operator": "Yukon Government Department of Environment, Water Science and Stewardship",
        "client": "yukon",
        "data_provider": "Yukon Water Data (AquaCache)",
        "status": "Active",
        "is_active": true,
        "begin_date": null,
        "end_date": null,
        "earliest_record_date": null,
        "latest_record_date": null,
        "station_url": "https://service.yukon.ca/water-data/shiny/?page=home&lang=en",
        "station_image_url": null,
        "station_camera_url": null,
        "notes": null,
        "data_variables": [
          {
            "name": "air_temp_degc",
            "type": "temp",
            "interval": "hourly",
            "units": "\u00b0C",
            "description": "Air temperature.",
            "notes": "Instantaneous series, or the ECCC daily '(min+max)/2' mean. Native units: \u00b0C. AquaCache timeseries 1218, aggregation 'instantaneous', recording rate '01:00:00'.",
            "begin_date": "2023-06-14",
            "end_date": "2026-08-04",
            "n_obs": null
          },
          {
            "name": "precip_total_mm",
            "type": "precip",
            "interval": "hourly",
            "units": "mm",
            "description": "Total precipitation accumulated over the recording interval.",
            "notes": "Aggregation type 'sum'. Returned in native mm without conversion, as in the DataBC client. AquaCache timeseries 1750, aggregation 'sum', recording rate '01:00:00'.",
            "begin_date": "2023-06-14",
            "end_date": "2026-08-04",
            "n_obs": null
          },
          {
            "name": "swe_mm",
            "type": "swe",
            "interval": "hourly",
            "units": "cm",
            "description": "Snow water equivalent. At automated snow-weather stations this comes from a snow pillow recorded hourly to 3-hourly; at snow courses it is the average of a 10-point manual survey. Native API unit is mm; returned here in cm (\u00f7 10).",
            "notes": "Native units: mm. Snow course values carry a flag of 'Actual' (measured depth and SWE) or 'Estimated SWE' (measured depth with SWE estimated from historical average density). AquaCache timeseries 649, aggregation 'instantaneous', recording rate '01:00:00'.",
            "begin_date": "1980-02-25",
            "end_date": "2026-08-04",
            "n_obs": null
          },
          {
            "name": "snwd_cm",
            "type": "snwd",
            "interval": "hourly",
            "units": "cm",
            "description": "Snow depth from an automated sensor (Yukon and ECCC stations) or from a 10-point manual snow course survey. Native API unit is cm.",
            "notes": "Native units: cm. NB: /snow-survey/data leaves the units field empty for this parameter; cm is confirmed by the /snow-survey/stats field name 'max_DEPTH_cm'. AquaCache timeseries 650, aggregation 'instantaneous', recording rate '01:00:00'.",
            "begin_date": "1980-02-25",
            "end_date": "2026-08-04",
            "n_obs": null
          }
        ],
        "has_daily_swe": true,
        "has_daily_snwd": true,
        "daily_or_better": true,
        "daily_verified": false,
        "daily_provenance": "native",
        "possible_duplicates": null,
        "metadata_fetched_at": "2026-08-04",
        "station_type": "AWS",
        "network": "Yukon Snow Survey Network",
        "dataset_url": "https://open.yukon.ca/data/yukon-snow-survey-network"
      }
    },
    {
      "type": "Feature",
      "geometry": {
        "type": "Point",
        "coordinates": [
          -134.71945,
          60.13385
        ]
      },
      "properties": {
        "code": "09AA-M3",
        "name": "Montana Mountain Meteorological",
        "latitude": 60.13385,
        "longitude": -134.71945,
        "elevation_m": 1026.0,
        "state": "YT",
        "network_code": "YSS",
        "operator": "Yukon Government Department of Environment, Water Science and Stewardship",
        "client": "yukon",
        "data_provider": "Yukon Water Data (AquaCache)",
        "status": "Active",
        "is_active": true,
        "begin_date": null,
        "end_date": null,
        "earliest_record_date": null,
        "latest_record_date": null,
        "station_url": "https://service.yukon.ca/water-data/shiny/?page=home&lang=en",
        "station_image_url": null,
        "station_camera_url": null,
        "notes": null,
        "data_variables": [
          {
            "name": "air_temp_degc",
            "type": "temp",
            "interval": "hourly",
            "units": "\u00b0C",
            "description": "Air temperature.",
            "notes": "Instantaneous series, or the ECCC daily '(min+max)/2' mean. Native units: \u00b0C. AquaCache timeseries 1086, aggregation 'instantaneous', recording rate '01:00:00'.",
            "begin_date": "2023-08-23",
            "end_date": "2026-08-04",
            "n_obs": null
          },
          {
            "name": "precip_total_mm",
            "type": "precip",
            "interval": "hourly",
            "units": "mm",
            "description": "Total precipitation accumulated over the recording interval.",
            "notes": "Aggregation type 'sum'. Returned in native mm without conversion, as in the DataBC client. AquaCache timeseries 1140, aggregation 'sum', recording rate '01:00:00'.",
            "begin_date": "2023-08-23",
            "end_date": "2026-08-04",
            "n_obs": null
          },
          {
            "name": "wind_spd_kmh",
            "type": "wind_spd",
            "interval": "hourly",
            "units": "km/h",
            "description": "Wind speed.",
            "notes": "Native units: km/h. AquaCache timeseries 1141, aggregation 'mean', recording rate '01:00:00'.",
            "begin_date": "2023-08-23",
            "end_date": "2026-06-15",
            "n_obs": null
          },
          {
            "name": "swe_mm",
            "type": "swe",
            "interval": "hourly",
            "units": "cm",
            "description": "Snow water equivalent. At automated snow-weather stations this comes from a snow pillow recorded hourly to 3-hourly; at snow courses it is the average of a 10-point manual survey. Native API unit is mm; returned here in cm (\u00f7 10).",
            "notes": "Native units: mm. Snow course values carry a flag of 'Actual' (measured depth and SWE) or 'Estimated SWE' (measured depth with SWE estimated from historical average density). AquaCache timeseries 1222, aggregation 'instantaneous', recording rate '01:00:00'.",
            "begin_date": "2025-07-16",
            "end_date": "2026-08-04",
            "n_obs": null
          },
          {
            "name": "wind_dir_deg",
            "type": "wind_dir",
            "interval": "hourly",
            "units": "degrees",
            "description": "Wind direction, degrees clockwise from north (0-360).",
            "notes": "Direction the wind blows *from*. Native units: degrees. AquaCache timeseries 1223, aggregation 'mean', recording rate '01:00:00'.",
            "begin_date": "2023-08-23",
            "end_date": "2026-06-15",
            "n_obs": null
          },
          {
            "name": "snwd_cm",
            "type": "snwd",
            "interval": "hourly",
            "units": "cm",
            "description": "Snow depth from an automated sensor (Yukon and ECCC stations) or from a 10-point manual snow course survey. Native API unit is cm.",
            "notes": "Native units: cm. NB: /snow-survey/data leaves the units field empty for this parameter; cm is confirmed by the /snow-survey/stats field name 'max_DEPTH_cm'. AquaCache timeseries 1842, aggregation 'instantaneous', recording rate '01:00:00'.",
            "begin_date": "2025-10-07",
            "end_date": "2026-08-04",
            "n_obs": null
          },
          {
            "name": "rel_humidity_pct",
            "type": "rh",
            "interval": "hourly",
            "units": "%",
            "description": "Relative humidity.",
            "notes": "Native units: %. AquaCache timeseries 1843, aggregation 'instantaneous', recording rate '01:00:00'.",
            "begin_date": "2023-08-23",
            "end_date": "2026-08-04",
            "n_obs": null
          }
        ],
        "has_daily_swe": true,
        "has_daily_snwd": true,
        "daily_or_better": true,
        "daily_verified": false,
        "daily_provenance": "native",
        "possible_duplicates": null,
        "metadata_fetched_at": "2026-08-04",
        "station_type": "AWS",
        "network": "Yukon Snow Survey Network",
        "dataset_url": "https://open.yukon.ca/data/yukon-snow-survey-network"
      }
    },
    {
      "type": "Feature",
      "geometry": {
        "type": "Point",
        "coordinates": [
          -134.176027777778,
          60.2816666666667
        ]
      },
      "properties": {
        "code": "09AA-SC01",
        "name": "Tagish Snow Course",
        "latitude": 60.2816666666667,
        "longitude": -134.176027777778,
        "elevation_m": 1080.0,
        "state": "YT",
        "network_code": "YSS",
        "operator": "Yukon Government Department of Environment, Water Science and Stewardship",
        "client": "yukon",
        "data_provider": "Yukon Water Data (AquaCache)",
        "status": "Active",
        "is_active": true,
        "begin_date": "1975-02-15",
        "end_date": null,
        "earliest_record_date": null,
        "latest_record_date": null,
        "station_url": "https://service.yukon.ca/water-data/shiny/?page=home&lang=en",
        "station_image_url": null,
        "station_camera_url": null,
        "notes": null,
        "data_variables": [
          {
            "name": "swe_mm",
            "type": "swe",
            "interval": "periodic",
            "units": "cm",
            "description": "Snow water equivalent. At automated snow-weather stations this comes from a snow pillow recorded hourly to 3-hourly; at snow courses it is the average of a 10-point manual survey. Native API unit is mm; returned here in cm (\u00f7 10).",
            "notes": "Native units: mm. Snow course values carry a flag of 'Actual' (measured depth and SWE) or 'Estimated SWE' (measured depth with SWE estimated from historical average density).",
            "begin_date": "1975-02-15",
            "end_date": "2026-05-01",
            "n_obs": null
          },
          {
            "name": "snwd_cm",
            "type": "snwd",
            "interval": "periodic",
            "units": "cm",
            "description": "Snow depth from an automated sensor (Yukon and ECCC stations) or from a 10-point manual snow course survey. Native API unit is cm.",
            "notes": "Native units: cm. NB: /snow-survey/data leaves the units field empty for this parameter; cm is confirmed by the /snow-survey/stats field name 'max_DEPTH_cm'.",
            "begin_date": "1975-02-15",
            "end_date": "2026-05-01",
            "n_obs": null
          }
        ],
        "has_daily_swe": false,
        "has_daily_snwd": false,
        "daily_or_better": false,
        "daily_verified": false,
        "daily_provenance": "none",
        "possible_duplicates": null,
        "metadata_fetched_at": "2026-08-04",
        "station_type": "SC",
        "network": "Yukon Snow Survey Network",
        "dataset_url": "https://open.yukon.ca/data/yukon-snow-survey-network",
        "sub_basin": "",
        "first_survey": "1975-02-15",
        "last_survey": "2026-05-01"
      }
    },
    {
      "type": "Feature",
      "geometry": {
        "type": "Point",
        "coordinates": [
          -134.738903045654,
          60.1369434841883
        ]
      },
      "properties": {
        "code": "09AA-SC02",
        "name": "Montana Mountain Snow Course",
        "latitude": 60.1369434841883,
        "longitude": -134.738903045654,
        "elevation_m": 1020.0,
        "state": "YT",
        "network_code": "YSS",
        "operator": "Yukon Government Department of Environment, Water Science and Stewardship",
        "client": "yukon",
        "data_provider": "Yukon Water Data (AquaCache)",
        "status": "Active",
        "is_active": true,
        "begin_date": "1975-02-15",
        "end_date": null,
        "earliest_record_date": null,
        "latest_record_date": null,
        "station_url": "https://service.yukon.ca/water-data/shiny/?page=home&lang=en",
        "station_image_url": null,
        "station_camera_url": null,
        "notes": null,
        "data_variables": [
          {
            "name": "swe_mm",
            "type": "swe",
            "interval": "periodic",
            "units": "cm",
            "description": "Snow water equivalent. At automated snow-weather stations this comes from a snow pillow recorded hourly to 3-hourly; at snow courses it is the average of a 10-point manual survey. Native API unit is mm; returned here in cm (\u00f7 10).",
            "notes": "Native units: mm. Snow course values carry a flag of 'Actual' (measured depth and SWE) or 'Estimated SWE' (measured depth with SWE estimated from historical average density).",
            "begin_date": "1975-02-15",
            "end_date": "2026-05-01",
            "n_obs": null
          },
          {
            "name": "snwd_cm",
            "type": "snwd",
            "interval": "periodic",
            "units": "cm",
            "description": "Snow depth from an automated sensor (Yukon and ECCC stations) or from a 10-point manual snow course survey. Native API unit is cm.",
            "notes": "Native units: cm. NB: /snow-survey/data leaves the units field empty for this parameter; cm is confirmed by the /snow-survey/stats field name 'max_DEPTH_cm'.",
            "begin_date": "1975-02-15",
            "end_date": "2026-05-01",
            "n_obs": null
          }
        ],
        "has_daily_swe": false,
        "has_daily_snwd": false,
        "daily_or_better": false,
        "daily_verified": false,
        "daily_provenance": "none",
        "possible_duplicates": null,
        "metadata_fetched_at": "2026-08-04",
        "station_type": "SC",
        "network": "Yukon Snow Survey Network",
        "dataset_url": "https://open.yukon.ca/data/yukon-snow-survey-network",
        "sub_basin": "",
        "first_survey": "1975-02-15",
        "last_survey": "2026-05-01"
      }
    },
    {
      "type": "Feature",
      "geometry": {
        "type": "Point",
        "coordinates": [
          -134.965968132019,
          59.763576363531
        ]
      },
      "properties": {
        "code": "09AA-SC03",
        "name": "Log Cabin (B.C.) Snow Course",
        "latitude": 59.763576363531,
        "longitude": -134.965968132019,
        "elevation_m": 884.0,
        "state": "BC",
        "network_code": "YSS",
        "operator": "Yukon Government Department of Environment, Water Science and Stewardship",
        "client": "yukon",
        "data_provider": "Yukon Water Data (AquaCache)",
        "status": "Active",
        "is_active": true,
        "begin_date": "1958-05-01",
        "end_date": null,
        "earliest_record_date": null,
        "latest_record_date": null,
        "station_url": "https://service.yukon.ca/water-data/shiny/?page=home&lang=en",
        "station_image_url": null,
        "station_camera_url": null,
        "notes": null,
        "data_variables": [
          {
            "name": "swe_mm",
            "type": "swe",
            "interval": "periodic",
            "units": "cm",
            "description": "Snow water equivalent. At automated snow-weather stations this comes from a snow pillow recorded hourly to 3-hourly; at snow courses it is the average of a 10-point manual survey. Native API unit is mm; returned here in cm (\u00f7 10).",
            "notes": "Native units: mm. Snow course values carry a flag of 'Actual' (measured depth and SWE) or 'Estimated SWE' (measured depth with SWE estimated from historical average density).",
            "begin_date": "1958-05-01",
            "end_date": "2026-05-01",
            "n_obs": null
          },
          {
            "name": "snwd_cm",
            "type": "snwd",
            "interval": "periodic",
            "units": "cm",
            "description": "Snow depth from an automated sensor (Yukon and ECCC stations) or from a 10-point manual snow course survey. Native API unit is cm.",
            "notes": "Native units: cm. NB: /snow-survey/data leaves the units field empty for this parameter; cm is confirmed by the /snow-survey/stats field name 'max_DEPTH_cm'.",
            "begin_date": "1958-05-01",
            "end_date": "2026-05-01",
            "n_obs": null
          }
        ],
        "has_daily_swe": false,
        "has_daily_snwd": false,
        "daily_or_better": false,
        "daily_verified": false,
        "daily_provenance": "none",
        "possible_duplicates": null,
        "metadata_fetched_at": "2026-08-04",
        "station_type": "SC",
        "network": "Yukon Snow Survey Network",
        "dataset_url": "https://open.yukon.ca/data/yukon-snow-survey-network",
        "sub_basin": "",
        "first_survey": "1958-05-01",
        "last_survey": "2026-05-01"
      }
    },
    {
      "type": "Feature",
      "geometry": {
        "type": "Point",
        "coordinates": [
          -133.71025,
          59.5886666666667
        ]
      },
      "properties": {
        "code": "09AA-SC04",
        "name": "Atlin (B.C.) Snow Course",
        "latitude": 59.5886666666667,
        "longitude": -133.71025,
        "elevation_m": 730.0,
        "state": "BC",
        "network_code": "YSS",
        "operator": "Yukon Government Department of Environment, Water Science and Stewardship",
        "client": "yukon",
        "data_provider": "Yukon Water Data (AquaCache)",
        "status": "Active",
        "is_active": true,
        "begin_date": "1964-02-01",
        "end_date": null,
        "earliest_record_date": null,
        "latest_record_date": null,
        "station_url": "https://service.yukon.ca/water-data/shiny/?page=home&lang=en",
        "station_image_url": null,
        "station_camera_url": null,
        "notes": null,
        "data_variables": [
          {
            "name": "swe_mm",
            "type": "swe",
            "interval": "periodic",
            "units": "cm",
            "description": "Snow water equivalent. At automated snow-weather stations this comes from a snow pillow recorded hourly to 3-hourly; at snow courses it is the average of a 10-point manual survey. Native API unit is mm; returned here in cm (\u00f7 10).",
            "notes": "Native units: mm. Snow course values carry a flag of 'Actual' (measured depth and SWE) or 'Estimated SWE' (measured depth with SWE estimated from historical average density).",
            "begin_date": "1964-02-01",
            "end_date": "2026-05-01",
            "n_obs": null
          },
          {
            "name": "snwd_cm",
            "type": "snwd",
            "interval": "periodic",
            "units": "cm",
            "description": "Snow depth from an automated sensor (Yukon and ECCC stations) or from a 10-point manual snow course survey. Native API unit is cm.",
            "notes": "Native units: cm. NB: /snow-survey/data leaves the units field empty for this parameter; cm is confirmed by the /snow-survey/stats field name 'max_DEPTH_cm'.",
            "begin_date": "1964-02-01",
            "end_date": "2026-05-01",
            "n_obs": null
          }
        ],
        "has_daily_swe": false,
        "has_daily_snwd": false,
        "daily_or_better": false,
        "daily_verified": false,
        "daily_provenance": "none",
        "possible_duplicates": null,
        "metadata_fetched_at": "2026-08-04",
        "station_type": "SC",
        "network": "Yukon Snow Survey Network",
        "dataset_url": "https://open.yukon.ca/data/yukon-snow-survey-network",
        "sub_basin": "",
        "first_survey": "1964-02-01",
        "last_survey": "2026-05-01"
      }
    },
    {
      "type": "Feature",
      "geometry": {
        "type": "Point",
        "coordinates": [
          -135.15,
          60.65
        ]
      },
      "properties": {
        "code": "09AB-SC01A",
        "name": "Mt McIntyre A Snow Course",
        "latitude": 60.65,
        "longitude": -135.15,
        "elevation_m": 930.0,
        "state": "YT",
        "network_code": "YSS",
        "operator": "Yukon Government Department of Environment, Water Science and Stewardship",
        "client": "yukon",
        "data_provider": "Yukon Water Data (AquaCache)",
        "status": "Inactive",
        "is_active": false,
        "begin_date": "1981-02-01",
        "end_date": null,
        "earliest_record_date": null,
        "latest_record_date": null,
        "station_url": "https://service.yukon.ca/water-data/shiny/?page=home&lang=en",
        "station_image_url": null,
        "station_camera_url": null,
        "notes": null,
        "data_variables": [
          {
            "name": "swe_mm",
            "type": "swe",
            "interval": "periodic",
            "units": "cm",
            "description": "Snow water equivalent. At automated snow-weather stations this comes from a snow pillow recorded hourly to 3-hourly; at snow courses it is the average of a 10-point manual survey. Native API unit is mm; returned here in cm (\u00f7 10).",
            "notes": "Native units: mm. Snow course values carry a flag of 'Actual' (measured depth and SWE) or 'Estimated SWE' (measured depth with SWE estimated from historical average density).",
            "begin_date": "1981-02-01",
            "end_date": "2007-05-01",
            "n_obs": null
          },
          {
            "name": "snwd_cm",
            "type": "snwd",
            "interval": "periodic",
            "units": "cm",
            "description": "Snow depth from an automated sensor (Yukon and ECCC stations) or from a 10-point manual snow course survey. Native API unit is cm.",
            "notes": "Native units: cm. NB: /snow-survey/data leaves the units field empty for this parameter; cm is confirmed by the /snow-survey/stats field name 'max_DEPTH_cm'.",
            "begin_date": "1981-02-01",
            "end_date": "2007-05-01",
            "n_obs": null
          }
        ],
        "has_daily_swe": false,
        "has_daily_snwd": false,
        "daily_or_better": false,
        "daily_verified": false,
        "daily_provenance": "none",
        "possible_duplicates": null,
        "metadata_fetched_at": "2026-08-04",
        "station_type": "SC",
        "network": "Yukon Snow Survey Network",
        "dataset_url": "https://open.yukon.ca/data/yukon-snow-survey-network",
        "sub_basin": "",
        "first_survey": "1981-02-01",
        "last_survey": "2007-05-01"
      }
    },
    {
      "type": "Feature",
      "geometry": {
        "type": "Point",
        "coordinates": [
          -135.137694444444,
          60.6558055555556
        ]
      },
      "properties": {
        "code": "09AB-SC01B",
        "name": "Mt McIntyre B Snow Course",
        "latitude": 60.6558055555556,
        "longitude": -135.137694444444,
        "elevation_m": 1097.0,
        "state": "YT",
        "network_code": "YSS",
        "operator": "Yukon Government Department of Environment, Water Science and Stewardship",
        "client": "yukon",
        "data_provider": "Yukon Water Data (AquaCache)",
        "status": "Active",
        "is_active": true,
        "begin_date": "1975-03-01",
        "end_date": null,
        "earliest_record_date": null,
        "latest_record_date": null,
        "station_url": "https://service.yukon.ca/water-data/shiny/?page=home&lang=en",
        "station_image_url": null,
        "station_camera_url": null,
        "notes": null,
        "data_variables": [
          {
            "name": "swe_mm",
            "type": "swe",
            "interval": "periodic",
            "units": "cm",
            "description": "Snow water equivalent. At automated snow-weather stations this comes from a snow pillow recorded hourly to 3-hourly; at snow courses it is the average of a 10-point manual survey. Native API unit is mm; returned here in cm (\u00f7 10).",
            "notes": "Native units: mm. Snow course values carry a flag of 'Actual' (measured depth and SWE) or 'Estimated SWE' (measured depth with SWE estimated from historical average density).",
            "begin_date": "1975-03-01",
            "end_date": "2026-05-01",
            "n_obs": null
          },
          {
            "name": "snwd_cm",
            "type": "snwd",
            "interval": "periodic",
            "units": "cm",
            "description": "Snow depth from an automated sensor (Yukon and ECCC stations) or from a 10-point manual snow course survey. Native API unit is cm.",
            "notes": "Native units: cm. NB: /snow-survey/data leaves the units field empty for this parameter; cm is confirmed by the /snow-survey/stats field name 'max_DEPTH_cm'.",
            "begin_date": "1975-03-01",
            "end_date": "2026-05-01",
            "n_obs": null
          }
        ],
        "has_daily_swe": false,
        "has_daily_snwd": false,
        "daily_or_better": false,
        "daily_verified": false,
        "daily_provenance": "none",
        "possible_duplicates": null,
        "metadata_fetched_at": "2026-08-04",
        "station_type": "SC",
        "network": "Yukon Snow Survey Network",
        "dataset_url": "https://open.yukon.ca/data/yukon-snow-survey-network",
        "sub_basin": "",
        "first_survey": "1975-03-01",
        "last_survey": "2026-05-01"
      }
    },
    {
      "type": "Feature",
      "geometry": {
        "type": "Point",
        "coordinates": [
          -135.15,
          60.65
        ]
      },
      "properties": {
        "code": "09AB-SC01C",
        "name": "Mt McIntyre C Snow Course",
        "latitude": 60.65,
        "longitude": -135.15,
        "elevation_m": 1213.0,
        "state": "YT",
        "network_code": "YSS",
        "operator": "Yukon Government Department of Environment, Water Science and Stewardship",
        "client": "yukon",
        "data_provider": "Yukon Water Data (AquaCache)",
        "status": "Inactive",
        "is_active": false,
        "begin_date": "1981-02-01",
        "end_date": null,
        "earliest_record_date": null,
        "latest_record_date": null,
        "station_url": "https://service.yukon.ca/water-data/shiny/?page=home&lang=en",
        "station_image_url": null,
        "station_camera_url": null,
        "notes": null,
        "data_variables": [
          {
            "name": "swe_mm",
            "type": "swe",
            "interval": "periodic",
            "units": "cm",
            "description": "Snow water equivalent. At automated snow-weather stations this comes from a snow pillow recorded hourly to 3-hourly; at snow courses it is the average of a 10-point manual survey. Native API unit is mm; returned here in cm (\u00f7 10).",
            "notes": "Native units: mm. Snow course values carry a flag of 'Actual' (measured depth and SWE) or 'Estimated SWE' (measured depth with SWE estimated from historical average density).",
            "begin_date": "1981-02-01",
            "end_date": "1988-05-15",
            "n_obs": null
          },
          {
            "name": "snwd_cm",
            "type": "snwd",
            "interval": "periodic",
            "units": "cm",
            "description": "Snow depth from an automated sensor (Yukon and ECCC stations) or from a 10-point manual snow course survey. Native API unit is cm.",
            "notes": "Native units: cm. NB: /snow-survey/data leaves the units field empty for this parameter; cm is confirmed by the /snow-survey/stats field name 'max_DEPTH_cm'.",
            "begin_date": "1981-02-01",
            "end_date": "1988-05-15",
            "n_obs": null
          }
        ],
        "has_daily_swe": false,
        "has_daily_snwd": false,
        "daily_or_better": false,
        "daily_verified": false,
        "daily_provenance": "none",
        "possible_duplicates": null,
        "metadata_fetched_at": "2026-08-04",
        "station_type": "SC",
        "network": "Yukon Snow Survey Network",
        "dataset_url": "https://open.yukon.ca/data/yukon-snow-survey-network",
        "sub_basin": "",
        "first_survey": "1981-02-01",
        "last_survey": "1988-05-15"
      }
    },
    {
      "type": "Feature",
      "geometry": {
        "type": "Point",
        "coordinates": [
          -135.15,
          60.65
        ]
      },
      "properties": {
        "code": "09AB-SC01D",
        "name": "Mt McIntyre D Snow Course",
        "latitude": 60.65,
        "longitude": -135.15,
        "elevation_m": 1355.0,
        "state": "YT",
        "network_code": "YSS",
        "operator": "Yukon Government Department of Environment, Water Science and Stewardship",
        "client": "yukon",
        "data_provider": "Yukon Water Data (AquaCache)",
        "status": "Inactive",
        "is_active": false,
        "begin_date": "1981-02-01",
        "end_date": null,
        "earliest_record_date": null,
        "latest_record_date": null,
        "station_url": "https://service.yukon.ca/water-data/shiny/?page=home&lang=en",
        "station_image_url": null,
        "station_camera_url": null,
        "notes": null,
        "data_variables": [
          {
            "name": "swe_mm",
            "type": "swe",
            "interval": "periodic",
            "units": "cm",
            "description": "Snow water equivalent. At automated snow-weather stations this comes from a snow pillow recorded hourly to 3-hourly; at snow courses it is the average of a 10-point manual survey. Native API unit is mm; returned here in cm (\u00f7 10).",
            "notes": "Native units: mm. Snow course values carry a flag of 'Actual' (measured depth and SWE) or 'Estimated SWE' (measured depth with SWE estimated from historical average density).",
            "begin_date": "1981-02-01",
            "end_date": "1985-05-01",
            "n_obs": null
          },
          {
            "name": "snwd_cm",
            "type": "snwd",
            "interval": "periodic",
            "units": "cm",
            "description": "Snow depth from an automated sensor (Yukon and ECCC stations) or from a 10-point manual snow course survey. Native API unit is cm.",
            "notes": "Native units: cm. NB: /snow-survey/data leaves the units field empty for this parameter; cm is confirmed by the /snow-survey/stats field name 'max_DEPTH_cm'.",
            "begin_date": "1981-02-01",
            "end_date": "1985-05-01",
            "n_obs": null
          }
        ],
        "has_daily_swe": false,
        "has_daily_snwd": false,
        "daily_or_better": false,
        "daily_verified": false,
        "daily_provenance": "none",
        "possible_duplicates": null,
        "metadata_fetched_at": "2026-08-04",
        "station_type": "SC",
        "network": "Yukon Snow Survey Network",
        "dataset_url": "https://open.yukon.ca/data/yukon-snow-survey-network",
        "sub_basin": "",
        "first_survey": "1981-02-01",
        "last_survey": "1985-05-01"
      }
    },
    {
      "type": "Feature",
      "geometry": {
        "type": "Point",
        "coordinates": [
          -135.0806,
          60.70141
        ]
      },
      "properties": {
        "code": "09AB-SC02",
        "name": "Whitehorse Airport Snow Course (composite)",
        "latitude": 60.70141,
        "longitude": -135.0806,
        "elevation_m": 745.0,
        "state": "YT",
        "network_code": "YSS",
        "operator": "Yukon Government Department of Environment, Water Science and Stewardship",
        "client": "yukon",
        "data_provider": "Yukon Water Data (AquaCache)",
        "status": "Active",
        "is_active": true,
        "begin_date": "1965-03-01",
        "end_date": null,
        "earliest_record_date": null,
        "latest_record_date": null,
        "station_url": "https://service.yukon.ca/water-data/shiny/?page=home&lang=en",
        "station_image_url": null,
        "station_camera_url": null,
        "notes": "Snowpack records for this location are a composite of the old location, Whitehorse Airport A, and the new location, Whitehorse Airport B. The Whitehorse Airport A location was discontinued due to airport expansion.",
        "data_variables": [
          {
            "name": "swe_mm",
            "type": "swe",
            "interval": "periodic",
            "units": "cm",
            "description": "Snow water equivalent. At automated snow-weather stations this comes from a snow pillow recorded hourly to 3-hourly; at snow courses it is the average of a 10-point manual survey. Native API unit is mm; returned here in cm (\u00f7 10).",
            "notes": "Native units: mm. Snow course values carry a flag of 'Actual' (measured depth and SWE) or 'Estimated SWE' (measured depth with SWE estimated from historical average density).",
            "begin_date": "1965-03-01",
            "end_date": "2026-05-01",
            "n_obs": null
          },
          {
            "name": "snwd_cm",
            "type": "snwd",
            "interval": "periodic",
            "units": "cm",
            "description": "Snow depth from an automated sensor (Yukon and ECCC stations) or from a 10-point manual snow course survey. Native API unit is cm.",
            "notes": "Native units: cm. NB: /snow-survey/data leaves the units field empty for this parameter; cm is confirmed by the /snow-survey/stats field name 'max_DEPTH_cm'.",
            "begin_date": "1965-03-01",
            "end_date": "2026-05-01",
            "n_obs": null
          }
        ],
        "has_daily_swe": false,
        "has_daily_snwd": false,
        "daily_or_better": false,
        "daily_verified": false,
        "daily_provenance": "none",
        "possible_duplicates": null,
        "metadata_fetched_at": "2026-08-04",
        "station_type": "SC",
        "network": "Yukon Snow Survey Network",
        "dataset_url": "https://open.yukon.ca/data/yukon-snow-survey-network",
        "sub_basin": "",
        "first_survey": "1965-03-01",
        "last_survey": "2026-05-01"
      }
    },
    {
      "type": "Feature",
      "geometry": {
        "type": "Point",
        "coordinates": [
          -135.068416666667,
          60.70275
        ]
      },
      "properties": {
        "code": "09AB-SC02A",
        "name": "Whitehorse Airport A Snow Course",
        "latitude": 60.70275,
        "longitude": -135.068416666667,
        "elevation_m": 725.0,
        "state": "YT",
        "network_code": "YSS",
        "operator": "Yukon Government Department of Environment, Water Science and Stewardship",
        "client": "yukon",
        "data_provider": "Yukon Water Data (AquaCache)",
        "status": "Active",
        "is_active": true,
        "begin_date": "1965-03-01",
        "end_date": null,
        "earliest_record_date": null,
        "latest_record_date": null,
        "station_url": "https://service.yukon.ca/water-data/shiny/?page=home&lang=en",
        "station_image_url": null,
        "station_camera_url": null,
        "notes": null,
        "data_variables": [
          {
            "name": "swe_mm",
            "type": "swe",
            "interval": "periodic",
            "units": "cm",
            "description": "Snow water equivalent. At automated snow-weather stations this comes from a snow pillow recorded hourly to 3-hourly; at snow courses it is the average of a 10-point manual survey. Native API unit is mm; returned here in cm (\u00f7 10).",
            "notes": "Native units: mm. Snow course values carry a flag of 'Actual' (measured depth and SWE) or 'Estimated SWE' (measured depth with SWE estimated from historical average density).",
            "begin_date": "1965-03-01",
            "end_date": "2024-05-01",
            "n_obs": null
          },
          {
            "name": "snwd_cm",
            "type": "snwd",
            "interval": "periodic",
            "units": "cm",
            "description": "Snow depth from an automated sensor (Yukon and ECCC stations) or from a 10-point manual snow course survey. Native API unit is cm.",
            "notes": "Native units: cm. NB: /snow-survey/data leaves the units field empty for this parameter; cm is confirmed by the /snow-survey/stats field name 'max_DEPTH_cm'.",
            "begin_date": "1965-03-01",
            "end_date": "2024-05-01",
            "n_obs": null
          }
        ],
        "has_daily_swe": false,
        "has_daily_snwd": false,
        "daily_or_better": false,
        "daily_verified": false,
        "daily_provenance": "none",
        "possible_duplicates": null,
        "metadata_fetched_at": "2026-08-04",
        "station_type": "SC",
        "network": "Yukon Snow Survey Network",
        "dataset_url": "https://open.yukon.ca/data/yukon-snow-survey-network",
        "sub_basin": "",
        "first_survey": "1965-03-01",
        "last_survey": "2024-05-01"
      }
    },
    {
      "type": "Feature",
      "geometry": {
        "type": "Point",
        "coordinates": [
          -135.0806,
          60.7014
        ]
      },
      "properties": {
        "code": "09AB-SC02B",
        "name": "Whitehorse Airport B (Ice Lake) Snow Course",
        "latitude": 60.7014,
        "longitude": -135.0806,
        "elevation_m": 745.0,
        "state": "YT",
        "network_code": "YSS",
        "operator": "Yukon Government Department of Environment, Water Science and Stewardship",
        "client": "yukon",
        "data_provider": "Yukon Water Data (AquaCache)",
        "status": "Active",
        "is_active": true,
        "begin_date": "2023-02-01",
        "end_date": null,
        "earliest_record_date": null,
        "latest_record_date": null,
        "station_url": "https://service.yukon.ca/water-data/shiny/?page=home&lang=en",
        "station_image_url": null,
        "station_camera_url": null,
        "notes": null,
        "data_variables": [
          {
            "name": "swe_mm",
            "type": "swe",
            "interval": "periodic",
            "units": "cm",
            "description": "Snow water equivalent. At automated snow-weather stations this comes from a snow pillow recorded hourly to 3-hourly; at snow courses it is the average of a 10-point manual survey. Native API unit is mm; returned here in cm (\u00f7 10).",
            "notes": "Native units: mm. Snow course values carry a flag of 'Actual' (measured depth and SWE) or 'Estimated SWE' (measured depth with SWE estimated from historical average density).",
            "begin_date": "2023-02-01",
            "end_date": "2026-05-01",
            "n_obs": null
          },
          {
            "name": "snwd_cm",
            "type": "snwd",
            "interval": "periodic",
            "units": "cm",
            "description": "Snow depth from an automated sensor (Yukon and ECCC stations) or from a 10-point manual snow course survey. Native API unit is cm.",
            "notes": "Native units: cm. NB: /snow-survey/data leaves the units field empty for this parameter; cm is confirmed by the /snow-survey/stats field name 'max_DEPTH_cm'.",
            "begin_date": "2023-02-01",
            "end_date": "2026-05-01",
            "n_obs": null
          }
        ],
        "has_daily_swe": false,
        "has_daily_snwd": false,
        "daily_or_better": false,
        "daily_verified": false,
        "daily_provenance": "none",
        "possible_duplicates": null,
        "metadata_fetched_at": "2026-08-04",
        "station_type": "SC",
        "network": "Yukon Snow Survey Network",
        "dataset_url": "https://open.yukon.ca/data/yukon-snow-survey-network",
        "sub_basin": "",
        "first_survey": "2023-02-01",
        "last_survey": "2026-05-01"
      }
    },
    {
      "type": "Feature",
      "geometry": {
        "type": "Point",
        "coordinates": [
          -134.433333333333,
          60.6
        ]
      },
      "properties": {
        "code": "09AB-SC03",
        "name": "McClintock Snow Course",
        "latitude": 60.6,
        "longitude": -134.433333333333,
        "elevation_m": 685.0,
        "state": "YT",
        "network_code": "YSS",
        "operator": "Yukon Government Department of Environment, Water Science and Stewardship",
        "client": "yukon",
        "data_provider": "Yukon Water Data (AquaCache)",
        "status": "Inactive",
        "is_active": false,
        "begin_date": "1980-02-01",
        "end_date": null,
        "earliest_record_date": null,
        "latest_record_date": null,
        "station_url": "https://service.yukon.ca/water-data/shiny/?page=home&lang=en",
        "station_image_url": null,
        "station_camera_url": null,
        "notes": null,
        "data_variables": [
          {
            "name": "swe_mm",
            "type": "swe",
            "interval": "periodic",
            "units": "cm",
            "description": "Snow water equivalent. At automated snow-weather stations this comes from a snow pillow recorded hourly to 3-hourly; at snow courses it is the average of a 10-point manual survey. Native API unit is mm; returned here in cm (\u00f7 10).",
            "notes": "Native units: mm. Snow course values carry a flag of 'Actual' (measured depth and SWE) or 'Estimated SWE' (measured depth with SWE estimated from historical average density).",
            "begin_date": "1980-02-01",
            "end_date": "1985-05-15",
            "n_obs": null
          },
          {
            "name": "snwd_cm",
            "type": "snwd",
            "interval": "periodic",
            "units": "cm",
            "description": "Snow depth from an automated sensor (Yukon and ECCC stations) or from a 10-point manual snow course survey. Native API unit is cm.",
            "notes": "Native units: cm. NB: /snow-survey/data leaves the units field empty for this parameter; cm is confirmed by the /snow-survey/stats field name 'max_DEPTH_cm'.",
            "begin_date": "1980-02-01",
            "end_date": "1985-05-15",
            "n_obs": null
          }
        ],
        "has_daily_swe": false,
        "has_daily_snwd": false,
        "daily_or_better": false,
        "daily_verified": false,
        "daily_provenance": "none",
        "possible_duplicates": null,
        "metadata_fetched_at": "2026-08-04",
        "station_type": "SC",
        "network": "Yukon Snow Survey Network",
        "dataset_url": "https://open.yukon.ca/data/yukon-snow-survey-network",
        "sub_basin": "",
        "first_survey": "1980-02-01",
        "last_survey": "1985-05-15"
      }
    },
    {
      "type": "Feature",
      "geometry": {
        "type": "Point",
        "coordinates": [
          -134.966666666667,
          60.65
        ]
      },
      "properties": {
        "code": "09AB-SC04",
        "name": "Chadburn Lake Snow Course",
        "latitude": 60.65,
        "longitude": -134.966666666667,
        "elevation_m": 710.0,
        "state": "YT",
        "network_code": "YSS",
        "operator": "Yukon Government Department of Environment, Water Science and Stewardship",
        "client": "yukon",
        "data_provider": "Yukon Water Data (AquaCache)",
        "status": "Inactive",
        "is_active": false,
        "begin_date": "1983-02-01",
        "end_date": null,
        "earliest_record_date": null,
        "latest_record_date": null,
        "station_url": "https://service.yukon.ca/water-data/shiny/?page=home&lang=en",
        "station_image_url": null,
        "station_camera_url": null,
        "notes": null,
        "data_variables": [
          {
            "name": "swe_mm",
            "type": "swe",
            "interval": "periodic",
            "units": "cm",
            "description": "Snow water equivalent. At automated snow-weather stations this comes from a snow pillow recorded hourly to 3-hourly; at snow courses it is the average of a 10-point manual survey. Native API unit is mm; returned here in cm (\u00f7 10).",
            "notes": "Native units: mm. Snow course values carry a flag of 'Actual' (measured depth and SWE) or 'Estimated SWE' (measured depth with SWE estimated from historical average density).",
            "begin_date": "1983-02-01",
            "end_date": "1985-05-15",
            "n_obs": null
          },
          {
            "name": "snwd_cm",
            "type": "snwd",
            "interval": "periodic",
            "units": "cm",
            "description": "Snow depth from an automated sensor (Yukon and ECCC stations) or from a 10-point manual snow course survey. Native API unit is cm.",
            "notes": "Native units: cm. NB: /snow-survey/data leaves the units field empty for this parameter; cm is confirmed by the /snow-survey/stats field name 'max_DEPTH_cm'.",
            "begin_date": "1983-02-01",
            "end_date": "1985-05-15",
            "n_obs": null
          }
        ],
        "has_daily_swe": false,
        "has_daily_snwd": false,
        "daily_or_better": false,
        "daily_verified": false,
        "daily_provenance": "none",
        "possible_duplicates": null,
        "metadata_fetched_at": "2026-08-04",
        "station_type": "SC",
        "network": "Yukon Snow Survey Network",
        "dataset_url": "https://open.yukon.ca/data/yukon-snow-survey-network",
        "sub_basin": "",
        "first_survey": "1983-02-01",
        "last_survey": "1985-05-15"
      }
    },
    {
      "type": "Feature",
      "geometry": {
        "type": "Point",
        "coordinates": [
          -135.033333333333,
          60.75
        ]
      },
      "properties": {
        "code": "09AB-SC05",
        "name": "Long Lake Snow Course",
        "latitude": 60.75,
        "longitude": -135.033333333333,
        "elevation_m": 671.0,
        "state": "YT",
        "network_code": "YSS",
        "operator": "Yukon Government Department of Environment, Water Science and Stewardship",
        "client": "yukon",
        "data_provider": "Yukon Water Data (AquaCache)",
        "status": "Inactive",
        "is_active": false,
        "begin_date": "1983-03-01",
        "end_date": null,
        "earliest_record_date": null,
        "latest_record_date": null,
        "station_url": "https://service.yukon.ca/water-data/shiny/?page=home&lang=en",
        "station_image_url": null,
        "station_camera_url": null,
        "notes": null,
        "data_variables": [
          {
            "name": "swe_mm",
            "type": "swe",
            "interval": "periodic",
            "units": "cm",
            "description": "Snow water equivalent. At automated snow-weather stations this comes from a snow pillow recorded hourly to 3-hourly; at snow courses it is the average of a 10-point manual survey. Native API unit is mm; returned here in cm (\u00f7 10).",
            "notes": "Native units: mm. Snow course values carry a flag of 'Actual' (measured depth and SWE) or 'Estimated SWE' (measured depth with SWE estimated from historical average density).",
            "begin_date": "1983-03-01",
            "end_date": "1985-05-15",
            "n_obs": null
          },
          {
            "name": "snwd_cm",
            "type": "snwd",
            "interval": "periodic",
            "units": "cm",
            "description": "Snow depth from an automated sensor (Yukon and ECCC stations) or from a 10-point manual snow course survey. Native API unit is cm.",
            "notes": "Native units: cm. NB: /snow-survey/data leaves the units field empty for this parameter; cm is confirmed by the /snow-survey/stats field name 'max_DEPTH_cm'.",
            "begin_date": "1983-03-01",
            "end_date": "1985-05-15",
            "n_obs": null
          }
        ],
        "has_daily_swe": false,
        "has_daily_snwd": false,
        "daily_or_better": false,
        "daily_verified": false,
        "daily_provenance": "none",
        "possible_duplicates": null,
        "metadata_fetched_at": "2026-08-04",
        "station_type": "SC",
        "network": "Yukon Snow Survey Network",
        "dataset_url": "https://open.yukon.ca/data/yukon-snow-survey-network",
        "sub_basin": "",
        "first_survey": "1983-03-01",
        "last_survey": "1985-05-15"
      }
    },
    {
      "type": "Feature",
      "geometry": {
        "type": "Point",
        "coordinates": [
          -133.086333333333,
          60.5706111111111
        ]
      },
      "properties": {
        "code": "09AD-SC01",
        "name": "Meadow Creek Snow Course",
        "latitude": 60.5706111111111,
        "longitude": -133.086333333333,
        "elevation_m": 1235.0,
        "state": "YT",
        "network_code": "YSS",
        "operator": "Yukon Government Department of Environment, Water Science and Stewardship",
        "client": "yukon",
        "data_provider": "Yukon Water Data (AquaCache)",
        "status": "Active",
        "is_active": true,
        "begin_date": "1976-03-01",
        "end_date": null,
        "earliest_record_date": null,
        "latest_record_date": null,
        "station_url": "https://service.yukon.ca/water-data/shiny/?page=home&lang=en",
        "station_image_url": null,
        "station_camera_url": null,
        "notes": null,
        "data_variables": [
          {
            "name": "swe_mm",
            "type": "swe",
            "interval": "periodic",
            "units": "cm",
            "description": "Snow water equivalent. At automated snow-weather stations this comes from a snow pillow recorded hourly to 3-hourly; at snow courses it is the average of a 10-point manual survey. Native API unit is mm; returned here in cm (\u00f7 10).",
            "notes": "Native units: mm. Snow course values carry a flag of 'Actual' (measured depth and SWE) or 'Estimated SWE' (measured depth with SWE estimated from historical average density).",
            "begin_date": "1976-03-01",
            "end_date": "2026-05-01",
            "n_obs": null
          },
          {
            "name": "snwd_cm",
            "type": "snwd",
            "interval": "periodic",
            "units": "cm",
            "description": "Snow depth from an automated sensor (Yukon and ECCC stations) or from a 10-point manual snow course survey. Native API unit is cm.",
            "notes": "Native units: cm. NB: /snow-survey/data leaves the units field empty for this parameter; cm is confirmed by the /snow-survey/stats field name 'max_DEPTH_cm'.",
            "begin_date": "1976-03-01",
            "end_date": "2026-05-01",
            "n_obs": null
          }
        ],
        "has_daily_swe": false,
        "has_daily_snwd": false,
        "daily_or_better": false,
        "daily_verified": false,
        "daily_provenance": "none",
        "possible_duplicates": null,
        "metadata_fetched_at": "2026-08-04",
        "station_type": "SC",
        "network": "Yukon Snow Survey Network",
        "dataset_url": "https://open.yukon.ca/data/yukon-snow-survey-network",
        "sub_basin": "",
        "first_survey": "1976-03-01",
        "last_survey": "2026-05-01"
      }
    },
    {
      "type": "Feature",
      "geometry": {
        "type": "Point",
        "coordinates": [
          -132.822083333333,
          60.8763611111111
        ]
      },
      "properties": {
        "code": "09AD-SC02",
        "name": "Jordan Lake Snow Course",
        "latitude": 60.8763611111111,
        "longitude": -132.822083333333,
        "elevation_m": 930.0,
        "state": "YT",
        "network_code": "YSS",
        "operator": "Yukon Government Department of Environment, Water Science and Stewardship",
        "client": "yukon",
        "data_provider": "Yukon Water Data (AquaCache)",
        "status": "Active",
        "is_active": true,
        "begin_date": "1987-03-01",
        "end_date": null,
        "earliest_record_date": null,
        "latest_record_date": null,
        "station_url": "https://service.yukon.ca/water-data/shiny/?page=home&lang=en",
        "station_image_url": null,
        "station_camera_url": null,
        "notes": null,
        "data_variables": [
          {
            "name": "swe_mm",
            "type": "swe",
            "interval": "periodic",
            "units": "cm",
            "description": "Snow water equivalent. At automated snow-weather stations this comes from a snow pillow recorded hourly to 3-hourly; at snow courses it is the average of a 10-point manual survey. Native API unit is mm; returned here in cm (\u00f7 10).",
            "notes": "Native units: mm. Snow course values carry a flag of 'Actual' (measured depth and SWE) or 'Estimated SWE' (measured depth with SWE estimated from historical average density).",
            "begin_date": "1987-03-01",
            "end_date": "2026-05-01",
            "n_obs": null
          },
          {
            "name": "snwd_cm",
            "type": "snwd",
            "interval": "periodic",
            "units": "cm",
            "description": "Snow depth from an automated sensor (Yukon and ECCC stations) or from a 10-point manual snow course survey. Native API unit is cm.",
            "notes": "Native units: cm. NB: /snow-survey/data leaves the units field empty for this parameter; cm is confirmed by the /snow-survey/stats field name 'max_DEPTH_cm'.",
            "begin_date": "1987-03-01",
            "end_date": "2026-05-01",
            "n_obs": null
          }
        ],
        "has_daily_swe": false,
        "has_daily_snwd": false,
        "daily_or_better": false,
        "daily_verified": false,
        "daily_provenance": "none",
        "possible_duplicates": null,
        "metadata_fetched_at": "2026-08-04",
        "station_type": "SC",
        "network": "Yukon Snow Survey Network",
        "dataset_url": "https://open.yukon.ca/data/yukon-snow-survey-network",
        "sub_basin": "",
        "first_survey": "1987-03-01",
        "last_survey": "2026-05-01"
      }
    },
    {
      "type": "Feature",
      "geometry": {
        "type": "Point",
        "coordinates": [
          -132.116666666667,
          60.0
        ]
      },
      "properties": {
        "code": "09AE-SC01",
        "name": "Morley Lake Snow Course",
        "latitude": 60.0,
        "longitude": -132.116666666667,
        "elevation_m": 824.0,
        "state": "YT",
        "network_code": "YSS",
        "operator": "Yukon Government Department of Environment, Water Science and Stewardship",
        "client": "yukon",
        "data_provider": "Yukon Water Data (AquaCache)",
        "status": "Active",
        "is_active": true,
        "begin_date": "1987-03-01",
        "end_date": null,
        "earliest_record_date": null,
        "latest_record_date": null,
        "station_url": "https://service.yukon.ca/water-data/shiny/?page=home&lang=en",
        "station_image_url": null,
        "station_camera_url": null,
        "notes": null,
        "data_variables": [
          {
            "name": "swe_mm",
            "type": "swe",
            "interval": "periodic",
            "units": "cm",
            "description": "Snow water equivalent. At automated snow-weather stations this comes from a snow pillow recorded hourly to 3-hourly; at snow courses it is the average of a 10-point manual survey. Native API unit is mm; returned here in cm (\u00f7 10).",
            "notes": "Native units: mm. Snow course values carry a flag of 'Actual' (measured depth and SWE) or 'Estimated SWE' (measured depth with SWE estimated from historical average density).",
            "begin_date": "1987-03-01",
            "end_date": "2026-05-01",
            "n_obs": null
          },
          {
            "name": "snwd_cm",
            "type": "snwd",
            "interval": "periodic",
            "units": "cm",
            "description": "Snow depth from an automated sensor (Yukon and ECCC stations) or from a 10-point manual snow course survey. Native API unit is cm.",
            "notes": "Native units: cm. NB: /snow-survey/data leaves the units field empty for this parameter; cm is confirmed by the /snow-survey/stats field name 'max_DEPTH_cm'.",
            "begin_date": "1987-03-01",
            "end_date": "2026-05-01",
            "n_obs": null
          }
        ],
        "has_daily_swe": false,
        "has_daily_snwd": false,
        "daily_or_better": false,
        "daily_verified": false,
        "daily_provenance": "none",
        "possible_duplicates": null,
        "metadata_fetched_at": "2026-08-04",
        "station_type": "SC",
        "network": "Yukon Snow Survey Network",
        "dataset_url": "https://open.yukon.ca/data/yukon-snow-survey-network",
        "sub_basin": "",
        "first_survey": "1987-03-01",
        "last_survey": "2026-05-01"
      }
    },
    {
      "type": "Feature",
      "geometry": {
        "type": "Point",
        "coordinates": [
          -134.5,
          61.3833333333333
        ]
      },
      "properties": {
        "code": "09AG-SC01",
        "name": "Mt Peters Snow Course",
        "latitude": 61.3833333333333,
        "longitude": -134.5,
        "elevation_m": 1370.0,
        "state": "YT",
        "network_code": "YSS",
        "operator": "Yukon Government Department of Environment, Water Science and Stewardship",
        "client": "yukon",
        "data_provider": "Yukon Water Data (AquaCache)",
        "status": "Inactive",
        "is_active": false,
        "begin_date": "1976-03-01",
        "end_date": null,
        "earliest_record_date": null,
        "latest_record_date": null,
        "station_url": "https://service.yukon.ca/water-data/shiny/?page=home&lang=en",
        "station_image_url": null,
        "station_camera_url": null,
        "notes": null,
        "data_variables": [
          {
            "name": "swe_mm",
            "type": "swe",
            "interval": "periodic",
            "units": "cm",
            "description": "Snow water equivalent. At automated snow-weather stations this comes from a snow pillow recorded hourly to 3-hourly; at snow courses it is the average of a 10-point manual survey. Native API unit is mm; returned here in cm (\u00f7 10).",
            "notes": "Native units: mm. Snow course values carry a flag of 'Actual' (measured depth and SWE) or 'Estimated SWE' (measured depth with SWE estimated from historical average density).",
            "begin_date": "1976-03-01",
            "end_date": "1976-05-01",
            "n_obs": null
          },
          {
            "name": "snwd_cm",
            "type": "snwd",
            "interval": "periodic",
            "units": "cm",
            "description": "Snow depth from an automated sensor (Yukon and ECCC stations) or from a 10-point manual snow course survey. Native API unit is cm.",
            "notes": "Native units: cm. NB: /snow-survey/data leaves the units field empty for this parameter; cm is confirmed by the /snow-survey/stats field name 'max_DEPTH_cm'.",
            "begin_date": "1976-03-01",
            "end_date": "1976-05-01",
            "n_obs": null
          }
        ],
        "has_daily_swe": false,
        "has_daily_snwd": false,
        "daily_or_better": false,
        "daily_verified": false,
        "daily_provenance": "none",
        "possible_duplicates": null,
        "metadata_fetched_at": "2026-08-04",
        "station_type": "SC",
        "network": "Yukon Snow Survey Network",
        "dataset_url": "https://open.yukon.ca/data/yukon-snow-survey-network",
        "sub_basin": "",
        "first_survey": "1976-03-01",
        "last_survey": "1976-05-01"
      }
    },
    {
      "type": "Feature",
      "geometry": {
        "type": "Point",
        "coordinates": [
          -133.816666666667,
          61.75
        ]
      },
      "properties": {
        "code": "09AG-SC02",
        "name": "Northern Lake Snow Course",
        "latitude": 61.75,
        "longitude": -133.816666666667,
        "elevation_m": 937.0,
        "state": "YT",
        "network_code": "YSS",
        "operator": "Yukon Government Department of Environment, Water Science and Stewardship",
        "client": "yukon",
        "data_provider": "Yukon Water Data (AquaCache)",
        "status": "Inactive",
        "is_active": false,
        "begin_date": "1986-03-01",
        "end_date": null,
        "earliest_record_date": null,
        "latest_record_date": null,
        "station_url": "https://service.yukon.ca/water-data/shiny/?page=home&lang=en",
        "station_image_url": null,
        "station_camera_url": null,
        "notes": null,
        "data_variables": [
          {
            "name": "swe_mm",
            "type": "swe",
            "interval": "periodic",
            "units": "cm",
            "description": "Snow water equivalent. At automated snow-weather stations this comes from a snow pillow recorded hourly to 3-hourly; at snow courses it is the average of a 10-point manual survey. Native API unit is mm; returned here in cm (\u00f7 10).",
            "notes": "Native units: mm. Snow course values carry a flag of 'Actual' (measured depth and SWE) or 'Estimated SWE' (measured depth with SWE estimated from historical average density).",
            "begin_date": "1986-03-01",
            "end_date": "1989-05-15",
            "n_obs": null
          },
          {
            "name": "snwd_cm",
            "type": "snwd",
            "interval": "periodic",
            "units": "cm",
            "description": "Snow depth from an automated sensor (Yukon and ECCC stations) or from a 10-point manual snow course survey. Native API unit is cm.",
            "notes": "Native units: cm. NB: /snow-survey/data leaves the units field empty for this parameter; cm is confirmed by the /snow-survey/stats field name 'max_DEPTH_cm'.",
            "begin_date": "1986-03-01",
            "end_date": "1989-05-15",
            "n_obs": null
          }
        ],
        "has_daily_swe": false,
        "has_daily_snwd": false,
        "daily_or_better": false,
        "daily_verified": false,
        "daily_provenance": "none",
        "possible_duplicates": null,
        "metadata_fetched_at": "2026-08-04",
        "station_type": "SC",
        "network": "Yukon Snow Survey Network",
        "dataset_url": "https://open.yukon.ca/data/yukon-snow-survey-network",
        "sub_basin": "",
        "first_survey": "1986-03-01",
        "last_survey": "1989-05-15"
      }
    },
    {
      "type": "Feature",
      "geometry": {
        "type": "Point",
        "coordinates": [
          -136.2325,
          62.0268611111111
        ]
      },
      "properties": {
        "code": "09AH-SC01",
        "name": "Mount Berdoe Snow Course",
        "latitude": 62.0268611111111,
        "longitude": -136.2325,
        "elevation_m": 1035.0,
        "state": "YT",
        "network_code": "YSS",
        "operator": "Yukon Government Department of Environment, Water Science and Stewardship",
        "client": "yukon",
        "data_provider": "Yukon Water Data (AquaCache)",
        "status": "Active",
        "is_active": true,
        "begin_date": "1975-03-01",
        "end_date": null,
        "earliest_record_date": null,
        "latest_record_date": null,
        "station_url": "https://service.yukon.ca/water-data/shiny/?page=home&lang=en",
        "station_image_url": null,
        "station_camera_url": null,
        "notes": null,
        "data_variables": [
          {
            "name": "swe_mm",
            "type": "swe",
            "interval": "periodic",
            "units": "cm",
            "description": "Snow water equivalent. At automated snow-weather stations this comes from a snow pillow recorded hourly to 3-hourly; at snow courses it is the average of a 10-point manual survey. Native API unit is mm; returned here in cm (\u00f7 10).",
            "notes": "Native units: mm. Snow course values carry a flag of 'Actual' (measured depth and SWE) or 'Estimated SWE' (measured depth with SWE estimated from historical average density).",
            "begin_date": "1975-03-01",
            "end_date": "2026-05-01",
            "n_obs": null
          },
          {
            "name": "snwd_cm",
            "type": "snwd",
            "interval": "periodic",
            "units": "cm",
            "description": "Snow depth from an automated sensor (Yukon and ECCC stations) or from a 10-point manual snow course survey. Native API unit is cm.",
            "notes": "Native units: cm. NB: /snow-survey/data leaves the units field empty for this parameter; cm is confirmed by the /snow-survey/stats field name 'max_DEPTH_cm'.",
            "begin_date": "1975-03-01",
            "end_date": "2026-05-01",
            "n_obs": null
          }
        ],
        "has_daily_swe": false,
        "has_daily_snwd": false,
        "daily_or_better": false,
        "daily_verified": false,
        "daily_provenance": "none",
        "possible_duplicates": null,
        "metadata_fetched_at": "2026-08-04",
        "station_type": "SC",
        "network": "Yukon Snow Survey Network",
        "dataset_url": "https://open.yukon.ca/data/yukon-snow-survey-network",
        "sub_basin": "",
        "first_survey": "1975-03-01",
        "last_survey": "2026-05-01"
      }
    },
    {
      "type": "Feature",
      "geometry": {
        "type": "Point",
        "coordinates": [
          -136.276138888889,
          61.4943888888889
        ]
      },
      "properties": {
        "code": "09AH-SC03",
        "name": "Satasha Lake Snow Course",
        "latitude": 61.4943888888889,
        "longitude": -136.276138888889,
        "elevation_m": 1106.0,
        "state": "YT",
        "network_code": "YSS",
        "operator": "Yukon Government Department of Environment, Water Science and Stewardship",
        "client": "yukon",
        "data_provider": "Yukon Water Data (AquaCache)",
        "status": "Active",
        "is_active": true,
        "begin_date": "1987-03-01",
        "end_date": null,
        "earliest_record_date": null,
        "latest_record_date": null,
        "station_url": "https://service.yukon.ca/water-data/shiny/?page=home&lang=en",
        "station_image_url": null,
        "station_camera_url": null,
        "notes": null,
        "data_variables": [
          {
            "name": "swe_mm",
            "type": "swe",
            "interval": "periodic",
            "units": "cm",
            "description": "Snow water equivalent. At automated snow-weather stations this comes from a snow pillow recorded hourly to 3-hourly; at snow courses it is the average of a 10-point manual survey. Native API unit is mm; returned here in cm (\u00f7 10).",
            "notes": "Native units: mm. Snow course values carry a flag of 'Actual' (measured depth and SWE) or 'Estimated SWE' (measured depth with SWE estimated from historical average density).",
            "begin_date": "1987-03-01",
            "end_date": "2026-05-01",
            "n_obs": null
          },
          {
            "name": "snwd_cm",
            "type": "snwd",
            "interval": "periodic",
            "units": "cm",
            "description": "Snow depth from an automated sensor (Yukon and ECCC stations) or from a 10-point manual snow course survey. Native API unit is cm.",
            "notes": "Native units: cm. NB: /snow-survey/data leaves the units field empty for this parameter; cm is confirmed by the /snow-survey/stats field name 'max_DEPTH_cm'.",
            "begin_date": "1987-03-01",
            "end_date": "2026-05-01",
            "n_obs": null
          }
        ],
        "has_daily_swe": false,
        "has_daily_snwd": false,
        "daily_or_better": false,
        "daily_verified": false,
        "daily_provenance": "none",
        "possible_duplicates": null,
        "metadata_fetched_at": "2026-08-04",
        "station_type": "SC",
        "network": "Yukon Snow Survey Network",
        "dataset_url": "https://open.yukon.ca/data/yukon-snow-survey-network",
        "sub_basin": "",
        "first_survey": "1987-03-01",
        "last_survey": "2026-05-01"
      }
    },
    {
      "type": "Feature",
      "geometry": {
        "type": "Point",
        "coordinates": [
          -136.712833333333,
          62.3465
        ]
      },
      "properties": {
        "code": "09AH-SC04",
        "name": "Williams Creek Snow Course",
        "latitude": 62.3465,
        "longitude": -136.712833333333,
        "elevation_m": 914.0,
        "state": "YT",
        "network_code": "YSS",
        "operator": "Yukon Government Department of Environment, Water Science and Stewardship",
        "client": "yukon",
        "data_provider": "Yukon Water Data (AquaCache)",
        "status": "Active",
        "is_active": true,
        "begin_date": "1995-03-01",
        "end_date": null,
        "earliest_record_date": null,
        "latest_record_date": null,
        "station_url": "https://service.yukon.ca/water-data/shiny/?page=home&lang=en",
        "station_image_url": null,
        "station_camera_url": null,
        "notes": null,
        "data_variables": [
          {
            "name": "swe_mm",
            "type": "swe",
            "interval": "periodic",
            "units": "cm",
            "description": "Snow water equivalent. At automated snow-weather stations this comes from a snow pillow recorded hourly to 3-hourly; at snow courses it is the average of a 10-point manual survey. Native API unit is mm; returned here in cm (\u00f7 10).",
            "notes": "Native units: mm. Snow course values carry a flag of 'Actual' (measured depth and SWE) or 'Estimated SWE' (measured depth with SWE estimated from historical average density).",
            "begin_date": "1995-03-01",
            "end_date": "2026-05-01",
            "n_obs": null
          },
          {
            "name": "snwd_cm",
            "type": "snwd",
            "interval": "periodic",
            "units": "cm",
            "description": "Snow depth from an automated sensor (Yukon and ECCC stations) or from a 10-point manual snow course survey. Native API unit is cm.",
            "notes": "Native units: cm. NB: /snow-survey/data leaves the units field empty for this parameter; cm is confirmed by the /snow-survey/stats field name 'max_DEPTH_cm'.",
            "begin_date": "1995-03-01",
            "end_date": "2026-05-01",
            "n_obs": null
          }
        ],
        "has_daily_swe": false,
        "has_daily_snwd": false,
        "daily_or_better": false,
        "daily_verified": false,
        "daily_provenance": "none",
        "possible_duplicates": null,
        "metadata_fetched_at": "2026-08-04",
        "station_type": "SC",
        "network": "Yukon Snow Survey Network",
        "dataset_url": "https://open.yukon.ca/data/yukon-snow-survey-network",
        "sub_basin": "",
        "first_survey": "1995-03-01",
        "last_survey": "2026-05-01"
      }
    },
    {
      "type": "Feature",
      "geometry": {
        "type": "Point",
        "coordinates": [
          -131.26337,
          62.61939
        ]
      },
      "properties": {
        "code": "09BA-M7",
        "name": "Twin Creeks North Meteorological",
        "latitude": 62.61939,
        "longitude": -131.26337,
        "elevation_m": 886.0,
        "state": "YT",
        "network_code": "YSS",
        "operator": "Yukon Government Department of Environment, Water Science and Stewardship",
        "client": "yukon",
        "data_provider": "Yukon Water Data (AquaCache)",
        "status": "Active",
        "is_active": true,
        "begin_date": null,
        "end_date": null,
        "earliest_record_date": null,
        "latest_record_date": null,
        "station_url": "https://service.yukon.ca/water-data/shiny/?page=home&lang=en",
        "station_image_url": null,
        "station_camera_url": null,
        "notes": null,
        "data_variables": [
          {
            "name": "air_temp_degc",
            "type": "temp",
            "interval": "hourly",
            "units": "\u00b0C",
            "description": "Air temperature.",
            "notes": "Instantaneous series, or the ECCC daily '(min+max)/2' mean. Native units: \u00b0C. AquaCache timeseries 1221, aggregation 'instantaneous', recording rate '01:00:00'.",
            "begin_date": "2017-09-22",
            "end_date": "2026-08-04",
            "n_obs": null
          },
          {
            "name": "precip_total_mm",
            "type": "precip",
            "interval": "sub_daily",
            "units": "mm",
            "description": "Total precipitation accumulated over the recording interval.",
            "notes": "Aggregation type 'sum'. Returned in native mm without conversion, as in the DataBC client. AquaCache timeseries 1759, aggregation 'sum', recording rate '03:00:00'.",
            "begin_date": "2017-09-22",
            "end_date": "2026-08-04",
            "n_obs": null
          },
          {
            "name": "swe_mm",
            "type": "swe",
            "interval": "hourly",
            "units": "cm",
            "description": "Snow water equivalent. At automated snow-weather stations this comes from a snow pillow recorded hourly to 3-hourly; at snow courses it is the average of a 10-point manual survey. Native API unit is mm; returned here in cm (\u00f7 10).",
            "notes": "Native units: mm. Snow course values carry a flag of 'Actual' (measured depth and SWE) or 'Estimated SWE' (measured depth with SWE estimated from historical average density). AquaCache timeseries 51, aggregation 'instantaneous', recording rate '01:00:00'.",
            "begin_date": "1988-10-01",
            "end_date": "2026-08-04",
            "n_obs": null
          },
          {
            "name": "snwd_cm",
            "type": "snwd",
            "interval": "hourly",
            "units": "cm",
            "description": "Snow depth from an automated sensor (Yukon and ECCC stations) or from a 10-point manual snow course survey. Native API unit is cm.",
            "notes": "Native units: cm. NB: /snow-survey/data leaves the units field empty for this parameter; cm is confirmed by the /snow-survey/stats field name 'max_DEPTH_cm'. AquaCache timeseries 52, aggregation 'instantaneous', recording rate '01:00:00'.",
            "begin_date": "2017-10-09",
            "end_date": "2026-08-04",
            "n_obs": null
          }
        ],
        "has_daily_swe": true,
        "has_daily_snwd": true,
        "daily_or_better": true,
        "daily_verified": false,
        "daily_provenance": "native",
        "possible_duplicates": null,
        "metadata_fetched_at": "2026-08-04",
        "station_type": "AWS",
        "network": "Yukon Snow Survey Network",
        "dataset_url": "https://open.yukon.ca/data/yukon-snow-survey-network"
      }
    },
    {
      "type": "Feature",
      "geometry": {
        "type": "Point",
        "coordinates": [
          -132.466666666667,
          61.9333333333333
        ]
      },
      "properties": {
        "code": "09BA-SC01",
        "name": "Ross River Hill Snow Course",
        "latitude": 61.9333333333333,
        "longitude": -132.466666666667,
        "elevation_m": 975.0,
        "state": "YT",
        "network_code": "YSS",
        "operator": "Yukon Government Department of Environment, Water Science and Stewardship",
        "client": "yukon",
        "data_provider": "Yukon Water Data (AquaCache)",
        "status": "Inactive",
        "is_active": false,
        "begin_date": "1975-03-01",
        "end_date": null,
        "earliest_record_date": null,
        "latest_record_date": null,
        "station_url": "https://service.yukon.ca/water-data/shiny/?page=home&lang=en",
        "station_image_url": null,
        "station_camera_url": null,
        "notes": null,
        "data_variables": [
          {
            "name": "swe_mm",
            "type": "swe",
            "interval": "periodic",
            "units": "cm",
            "description": "Snow water equivalent. At automated snow-weather stations this comes from a snow pillow recorded hourly to 3-hourly; at snow courses it is the average of a 10-point manual survey. Native API unit is mm; returned here in cm (\u00f7 10).",
            "notes": "Native units: mm. Snow course values carry a flag of 'Actual' (measured depth and SWE) or 'Estimated SWE' (measured depth with SWE estimated from historical average density).",
            "begin_date": "1975-03-01",
            "end_date": "1985-05-15",
            "n_obs": null
          },
          {
            "name": "snwd_cm",
            "type": "snwd",
            "interval": "periodic",
            "units": "cm",
            "description": "Snow depth from an automated sensor (Yukon and ECCC stations) or from a 10-point manual snow course survey. Native API unit is cm.",
            "notes": "Native units: cm. NB: /snow-survey/data leaves the units field empty for this parameter; cm is confirmed by the /snow-survey/stats field name 'max_DEPTH_cm'.",
            "begin_date": "1975-03-01",
            "end_date": "1985-05-15",
            "n_obs": null
          }
        ],
        "has_daily_swe": false,
        "has_daily_snwd": false,
        "daily_or_better": false,
        "daily_verified": false,
        "daily_provenance": "none",
        "possible_duplicates": null,
        "metadata_fetched_at": "2026-08-04",
        "station_type": "SC",
        "network": "Yukon Snow Survey Network",
        "dataset_url": "https://open.yukon.ca/data/yukon-snow-survey-network",
        "sub_basin": "",
        "first_survey": "1975-03-01",
        "last_survey": "1985-05-15"
      }
    },
    {
      "type": "Feature",
      "geometry": {
        "type": "Point",
        "coordinates": [
          -131.278194,
          62.61997
        ]
      },
      "properties": {
        "code": "09BA-SC02",
        "name": "Twin Creeks Snow Course (composite)",
        "latitude": 62.61997,
        "longitude": -131.278194,
        "elevation_m": 896.0,
        "state": "YT",
        "network_code": "YSS",
        "operator": "Yukon Government Department of Environment, Water Science and Stewardship",
        "client": "yukon",
        "data_provider": "Yukon Water Data (AquaCache)",
        "status": "Active",
        "is_active": true,
        "begin_date": "1977-02-01",
        "end_date": null,
        "earliest_record_date": null,
        "latest_record_date": null,
        "station_url": "https://service.yukon.ca/water-data/shiny/?page=home&lang=en",
        "station_image_url": null,
        "station_camera_url": null,
        "notes": "Snowpack records for this location are a composite of records from Twin Creeks A and Twin Creeks B. The forest at the original Twin Creeks A station burned summer 2016 and was replaced by the nearby Twin Creeks B location. Measurements at Twin Creeks A resume in 2021, with Twin Creeks B measurements used to infill the missing period of record at Twin Creeks A.",
        "data_variables": [
          {
            "name": "swe_mm",
            "type": "swe",
            "interval": "periodic",
            "units": "cm",
            "description": "Snow water equivalent. At automated snow-weather stations this comes from a snow pillow recorded hourly to 3-hourly; at snow courses it is the average of a 10-point manual survey. Native API unit is mm; returned here in cm (\u00f7 10).",
            "notes": "Native units: mm. Snow course values carry a flag of 'Actual' (measured depth and SWE) or 'Estimated SWE' (measured depth with SWE estimated from historical average density).",
            "begin_date": "1977-02-01",
            "end_date": "2026-05-01",
            "n_obs": null
          },
          {
            "name": "snwd_cm",
            "type": "snwd",
            "interval": "periodic",
            "units": "cm",
            "description": "Snow depth from an automated sensor (Yukon and ECCC stations) or from a 10-point manual snow course survey. Native API unit is cm.",
            "notes": "Native units: cm. NB: /snow-survey/data leaves the units field empty for this parameter; cm is confirmed by the /snow-survey/stats field name 'max_DEPTH_cm'.",
            "begin_date": "1977-02-01",
            "end_date": "2026-05-01",
            "n_obs": null
          }
        ],
        "has_daily_swe": false,
        "has_daily_snwd": false,
        "daily_or_better": false,
        "daily_verified": false,
        "daily_provenance": "none",
        "possible_duplicates": null,
        "metadata_fetched_at": "2026-08-04",
        "station_type": "SC",
        "network": "Yukon Snow Survey Network",
        "dataset_url": "https://open.yukon.ca/data/yukon-snow-survey-network",
        "sub_basin": "",
        "first_survey": "1977-02-01",
        "last_survey": "2026-05-01"
      }
    },
    {
      "type": "Feature",
      "geometry": {
        "type": "Point",
        "coordinates": [
          -131.278194,
          62.61997
        ]
      },
      "properties": {
        "code": "09BA-SC02A",
        "name": "Twin Creeks A Snow Course",
        "latitude": 62.61997,
        "longitude": -131.278194,
        "elevation_m": 896.0,
        "state": "YT",
        "network_code": "YSS",
        "operator": "Yukon Government Department of Environment, Water Science and Stewardship",
        "client": "yukon",
        "data_provider": "Yukon Water Data (AquaCache)",
        "status": "Active",
        "is_active": true,
        "begin_date": "1977-02-01",
        "end_date": null,
        "earliest_record_date": null,
        "latest_record_date": null,
        "station_url": "https://service.yukon.ca/water-data/shiny/?page=home&lang=en",
        "station_image_url": null,
        "station_camera_url": null,
        "notes": null,
        "data_variables": [
          {
            "name": "swe_mm",
            "type": "swe",
            "interval": "periodic",
            "units": "cm",
            "description": "Snow water equivalent. At automated snow-weather stations this comes from a snow pillow recorded hourly to 3-hourly; at snow courses it is the average of a 10-point manual survey. Native API unit is mm; returned here in cm (\u00f7 10).",
            "notes": "Native units: mm. Snow course values carry a flag of 'Actual' (measured depth and SWE) or 'Estimated SWE' (measured depth with SWE estimated from historical average density).",
            "begin_date": "1977-02-01",
            "end_date": "2026-05-01",
            "n_obs": null
          },
          {
            "name": "snwd_cm",
            "type": "snwd",
            "interval": "periodic",
            "units": "cm",
            "description": "Snow depth from an automated sensor (Yukon and ECCC stations) or from a 10-point manual snow course survey. Native API unit is cm.",
            "notes": "Native units: cm. NB: /snow-survey/data leaves the units field empty for this parameter; cm is confirmed by the /snow-survey/stats field name 'max_DEPTH_cm'.",
            "begin_date": "1977-02-01",
            "end_date": "2026-05-01",
            "n_obs": null
          }
        ],
        "has_daily_swe": false,
        "has_daily_snwd": false,
        "daily_or_better": false,
        "daily_verified": false,
        "daily_provenance": "none",
        "possible_duplicates": null,
        "metadata_fetched_at": "2026-08-04",
        "station_type": "SC",
        "network": "Yukon Snow Survey Network",
        "dataset_url": "https://open.yukon.ca/data/yukon-snow-survey-network",
        "sub_basin": "",
        "first_survey": "1977-02-01",
        "last_survey": "2026-05-01"
      }
    },
    {
      "type": "Feature",
      "geometry": {
        "type": "Point",
        "coordinates": [
          -131.262361111111,
          62.61925
        ]
      },
      "properties": {
        "code": "09BA-SC02B",
        "name": "Twin Creeks B Snow Course",
        "latitude": 62.61925,
        "longitude": -131.262361111111,
        "elevation_m": 886.0,
        "state": "YT",
        "network_code": "YSS",
        "operator": "Yukon Government Department of Environment, Water Science and Stewardship",
        "client": "yukon",
        "data_provider": "Yukon Water Data (AquaCache)",
        "status": "Active",
        "is_active": true,
        "begin_date": "2016-03-01",
        "end_date": null,
        "earliest_record_date": null,
        "latest_record_date": null,
        "station_url": "https://service.yukon.ca/water-data/shiny/?page=home&lang=en",
        "station_image_url": null,
        "station_camera_url": null,
        "notes": null,
        "data_variables": [
          {
            "name": "swe_mm",
            "type": "swe",
            "interval": "periodic",
            "units": "cm",
            "description": "Snow water equivalent. At automated snow-weather stations this comes from a snow pillow recorded hourly to 3-hourly; at snow courses it is the average of a 10-point manual survey. Native API unit is mm; returned here in cm (\u00f7 10).",
            "notes": "Native units: mm. Snow course values carry a flag of 'Actual' (measured depth and SWE) or 'Estimated SWE' (measured depth with SWE estimated from historical average density).",
            "begin_date": "2016-03-01",
            "end_date": "2026-05-01",
            "n_obs": null
          },
          {
            "name": "snwd_cm",
            "type": "snwd",
            "interval": "periodic",
            "units": "cm",
            "description": "Snow depth from an automated sensor (Yukon and ECCC stations) or from a 10-point manual snow course survey. Native API unit is cm.",
            "notes": "Native units: cm. NB: /snow-survey/data leaves the units field empty for this parameter; cm is confirmed by the /snow-survey/stats field name 'max_DEPTH_cm'.",
            "begin_date": "2016-03-01",
            "end_date": "2026-05-01",
            "n_obs": null
          }
        ],
        "has_daily_swe": false,
        "has_daily_snwd": false,
        "daily_or_better": false,
        "daily_verified": false,
        "daily_provenance": "none",
        "possible_duplicates": null,
        "metadata_fetched_at": "2026-08-04",
        "station_type": "SC",
        "network": "Yukon Snow Survey Network",
        "dataset_url": "https://open.yukon.ca/data/yukon-snow-survey-network",
        "sub_basin": "",
        "first_survey": "2016-03-01",
        "last_survey": "2026-05-01"
      }
    },
    {
      "type": "Feature",
      "geometry": {
        "type": "Point",
        "coordinates": [
          -131.59125,
          61.5343888888889
        ]
      },
      "properties": {
        "code": "09BA-SC03",
        "name": "Hoole River Snow Course",
        "latitude": 61.5343888888889,
        "longitude": -131.59125,
        "elevation_m": 1036.0,
        "state": "YT",
        "network_code": "YSS",
        "operator": "Yukon Government Department of Environment, Water Science and Stewardship",
        "client": "yukon",
        "data_provider": "Yukon Water Data (AquaCache)",
        "status": "Active",
        "is_active": true,
        "begin_date": "1977-02-01",
        "end_date": null,
        "earliest_record_date": null,
        "latest_record_date": null,
        "station_url": "https://service.yukon.ca/water-data/shiny/?page=home&lang=en",
        "station_image_url": null,
        "station_camera_url": null,
        "notes": null,
        "data_variables": [
          {
            "name": "swe_mm",
            "type": "swe",
            "interval": "periodic",
            "units": "cm",
            "description": "Snow water equivalent. At automated snow-weather stations this comes from a snow pillow recorded hourly to 3-hourly; at snow courses it is the average of a 10-point manual survey. Native API unit is mm; returned here in cm (\u00f7 10).",
            "notes": "Native units: mm. Snow course values carry a flag of 'Actual' (measured depth and SWE) or 'Estimated SWE' (measured depth with SWE estimated from historical average density).",
            "begin_date": "1977-02-01",
            "end_date": "2026-05-01",
            "n_obs": null
          },
          {
            "name": "snwd_cm",
            "type": "snwd",
            "interval": "periodic",
            "units": "cm",
            "description": "Snow depth from an automated sensor (Yukon and ECCC stations) or from a 10-point manual snow course survey. Native API unit is cm.",
            "notes": "Native units: cm. NB: /snow-survey/data leaves the units field empty for this parameter; cm is confirmed by the /snow-survey/stats field name 'max_DEPTH_cm'.",
            "begin_date": "1977-02-01",
            "end_date": "2026-05-01",
            "n_obs": null
          }
        ],
        "has_daily_swe": false,
        "has_daily_snwd": false,
        "daily_or_better": false,
        "daily_verified": false,
        "daily_provenance": "none",
        "possible_duplicates": null,
        "metadata_fetched_at": "2026-08-04",
        "station_type": "SC",
        "network": "Yukon Snow Survey Network",
        "dataset_url": "https://open.yukon.ca/data/yukon-snow-survey-network",
        "sub_basin": "",
        "first_survey": "1977-02-01",
        "last_survey": "2026-05-01"
      }
    },
    {
      "type": "Feature",
      "geometry": {
        "type": "Point",
        "coordinates": [
          -129.943611111111,
          62.2891944444444
        ]
      },
      "properties": {
        "code": "09BA-SC04",
        "name": "Burns Lake Snow Course",
        "latitude": 62.2891944444444,
        "longitude": -129.943611111111,
        "elevation_m": 1112.0,
        "state": "YT",
        "network_code": "YSS",
        "operator": "Yukon Government Department of Environment, Water Science and Stewardship",
        "client": "yukon",
        "data_provider": "Yukon Water Data (AquaCache)",
        "status": "Active",
        "is_active": true,
        "begin_date": "1986-03-01",
        "end_date": null,
        "earliest_record_date": null,
        "latest_record_date": null,
        "station_url": "https://service.yukon.ca/water-data/shiny/?page=home&lang=en",
        "station_image_url": null,
        "station_camera_url": null,
        "notes": null,
        "data_variables": [
          {
            "name": "swe_mm",
            "type": "swe",
            "interval": "periodic",
            "units": "cm",
            "description": "Snow water equivalent. At automated snow-weather stations this comes from a snow pillow recorded hourly to 3-hourly; at snow courses it is the average of a 10-point manual survey. Native API unit is mm; returned here in cm (\u00f7 10).",
            "notes": "Native units: mm. Snow course values carry a flag of 'Actual' (measured depth and SWE) or 'Estimated SWE' (measured depth with SWE estimated from historical average density).",
            "begin_date": "1986-03-01",
            "end_date": "2026-05-01",
            "n_obs": null
          },
          {
            "name": "snwd_cm",
            "type": "snwd",
            "interval": "periodic",
            "units": "cm",
            "description": "Snow depth from an automated sensor (Yukon and ECCC stations) or from a 10-point manual snow course survey. Native API unit is cm.",
            "notes": "Native units: cm. NB: /snow-survey/data leaves the units field empty for this parameter; cm is confirmed by the /snow-survey/stats field name 'max_DEPTH_cm'.",
            "begin_date": "1986-03-01",
            "end_date": "2026-05-01",
            "n_obs": null
          }
        ],
        "has_daily_swe": false,
        "has_daily_snwd": false,
        "daily_or_better": false,
        "daily_verified": false,
        "daily_provenance": "none",
        "possible_duplicates": null,
        "metadata_fetched_at": "2026-08-04",
        "station_type": "SC",
        "network": "Yukon Snow Survey Network",
        "dataset_url": "https://open.yukon.ca/data/yukon-snow-survey-network",
        "sub_basin": "",
        "first_survey": "1986-03-01",
        "last_survey": "2026-05-01"
      }
    },
    {
      "type": "Feature",
      "geometry": {
        "type": "Point",
        "coordinates": [
          -130.777527777778,
          61.6906111111111
        ]
      },
      "properties": {
        "code": "09BA-SC05",
        "name": "Finlayson Airstrip Snow Course",
        "latitude": 61.6906111111111,
        "longitude": -130.777527777778,
        "elevation_m": 988.0,
        "state": "YT",
        "network_code": "YSS",
        "operator": "Yukon Government Department of Environment, Water Science and Stewardship",
        "client": "yukon",
        "data_provider": "Yukon Water Data (AquaCache)",
        "status": "Active",
        "is_active": true,
        "begin_date": "1987-03-01",
        "end_date": null,
        "earliest_record_date": null,
        "latest_record_date": null,
        "station_url": "https://service.yukon.ca/water-data/shiny/?page=home&lang=en",
        "station_image_url": null,
        "station_camera_url": null,
        "notes": null,
        "data_variables": [
          {
            "name": "swe_mm",
            "type": "swe",
            "interval": "periodic",
            "units": "cm",
            "description": "Snow water equivalent. At automated snow-weather stations this comes from a snow pillow recorded hourly to 3-hourly; at snow courses it is the average of a 10-point manual survey. Native API unit is mm; returned here in cm (\u00f7 10).",
            "notes": "Native units: mm. Snow course values carry a flag of 'Actual' (measured depth and SWE) or 'Estimated SWE' (measured depth with SWE estimated from historical average density).",
            "begin_date": "1987-03-01",
            "end_date": "2026-05-01",
            "n_obs": null
          },
          {
            "name": "snwd_cm",
            "type": "snwd",
            "interval": "periodic",
            "units": "cm",
            "description": "Snow depth from an automated sensor (Yukon and ECCC stations) or from a 10-point manual snow course survey. Native API unit is cm.",
            "notes": "Native units: cm. NB: /snow-survey/data leaves the units field empty for this parameter; cm is confirmed by the /snow-survey/stats field name 'max_DEPTH_cm'.",
            "begin_date": "1987-03-01",
            "end_date": "2026-05-01",
            "n_obs": null
          }
        ],
        "has_daily_swe": false,
        "has_daily_snwd": false,
        "daily_or_better": false,
        "daily_verified": false,
        "daily_provenance": "none",
        "possible_duplicates": null,
        "metadata_fetched_at": "2026-08-04",
        "station_type": "SC",
        "network": "Yukon Snow Survey Network",
        "dataset_url": "https://open.yukon.ca/data/yukon-snow-survey-network",
        "sub_basin": "",
        "first_survey": "1987-03-01",
        "last_survey": "2026-05-01"
      }
    },
    {
      "type": "Feature",
      "geometry": {
        "type": "Point",
        "coordinates": [
          -132.233333333333,
          62.9333333333333
        ]
      },
      "properties": {
        "code": "09BB-SC01",
        "name": "Clearwater Creek Snow Course",
        "latitude": 62.9333333333333,
        "longitude": -132.233333333333,
        "elevation_m": 1465.0,
        "state": "YT",
        "network_code": "YSS",
        "operator": "Yukon Government Department of Environment, Water Science and Stewardship",
        "client": "yukon",
        "data_provider": "Yukon Water Data (AquaCache)",
        "status": "Inactive",
        "is_active": false,
        "begin_date": "1977-02-01",
        "end_date": null,
        "earliest_record_date": null,
        "latest_record_date": null,
        "station_url": "https://service.yukon.ca/water-data/shiny/?page=home&lang=en",
        "station_image_url": null,
        "station_camera_url": null,
        "notes": null,
        "data_variables": [
          {
            "name": "swe_mm",
            "type": "swe",
            "interval": "periodic",
            "units": "cm",
            "description": "Snow water equivalent. At automated snow-weather stations this comes from a snow pillow recorded hourly to 3-hourly; at snow courses it is the average of a 10-point manual survey. Native API unit is mm; returned here in cm (\u00f7 10).",
            "notes": "Native units: mm. Snow course values carry a flag of 'Actual' (measured depth and SWE) or 'Estimated SWE' (measured depth with SWE estimated from historical average density).",
            "begin_date": "1977-02-01",
            "end_date": "1982-05-15",
            "n_obs": null
          },
          {
            "name": "snwd_cm",
            "type": "snwd",
            "interval": "periodic",
            "units": "cm",
            "description": "Snow depth from an automated sensor (Yukon and ECCC stations) or from a 10-point manual snow course survey. Native API unit is cm.",
            "notes": "Native units: cm. NB: /snow-survey/data leaves the units field empty for this parameter; cm is confirmed by the /snow-survey/stats field name 'max_DEPTH_cm'.",
            "begin_date": "1977-02-01",
            "end_date": "1982-05-15",
            "n_obs": null
          }
        ],
        "has_daily_swe": false,
        "has_daily_snwd": false,
        "daily_or_better": false,
        "daily_verified": false,
        "daily_provenance": "none",
        "possible_duplicates": null,
        "metadata_fetched_at": "2026-08-04",
        "station_type": "SC",
        "network": "Yukon Snow Survey Network",
        "dataset_url": "https://open.yukon.ca/data/yukon-snow-survey-network",
        "sub_basin": "",
        "first_survey": "1977-02-01",
        "last_survey": "1982-05-15"
      }
    },
    {
      "type": "Feature",
      "geometry": {
        "type": "Point",
        "coordinates": [
          -130.183333333333,
          63.1833333333333
        ]
      },
      "properties": {
        "code": "09BB-SC02",
        "name": "Macmillan Pass Snow Course",
        "latitude": 63.1833333333333,
        "longitude": -130.183333333333,
        "elevation_m": 1495.0,
        "state": "YT",
        "network_code": "YSS",
        "operator": "Yukon Government Department of Environment, Water Science and Stewardship",
        "client": "yukon",
        "data_provider": "Yukon Water Data (AquaCache)",
        "status": "Inactive",
        "is_active": false,
        "begin_date": "1981-02-01",
        "end_date": null,
        "earliest_record_date": null,
        "latest_record_date": null,
        "station_url": "https://service.yukon.ca/water-data/shiny/?page=home&lang=en",
        "station_image_url": null,
        "station_camera_url": null,
        "notes": null,
        "data_variables": [
          {
            "name": "swe_mm",
            "type": "swe",
            "interval": "periodic",
            "units": "cm",
            "description": "Snow water equivalent. At automated snow-weather stations this comes from a snow pillow recorded hourly to 3-hourly; at snow courses it is the average of a 10-point manual survey. Native API unit is mm; returned here in cm (\u00f7 10).",
            "notes": "Native units: mm. Snow course values carry a flag of 'Actual' (measured depth and SWE) or 'Estimated SWE' (measured depth with SWE estimated from historical average density).",
            "begin_date": "1981-02-01",
            "end_date": "1982-05-01",
            "n_obs": null
          },
          {
            "name": "snwd_cm",
            "type": "snwd",
            "interval": "periodic",
            "units": "cm",
            "description": "Snow depth from an automated sensor (Yukon and ECCC stations) or from a 10-point manual snow course survey. Native API unit is cm.",
            "notes": "Native units: cm. NB: /snow-survey/data leaves the units field empty for this parameter; cm is confirmed by the /snow-survey/stats field name 'max_DEPTH_cm'.",
            "begin_date": "1981-02-01",
            "end_date": "1982-05-01",
            "n_obs": null
          }
        ],
        "has_daily_swe": false,
        "has_daily_snwd": false,
        "daily_or_better": false,
        "daily_verified": false,
        "daily_provenance": "none",
        "possible_duplicates": null,
        "metadata_fetched_at": "2026-08-04",
        "station_type": "SC",
        "network": "Yukon Snow Survey Network",
        "dataset_url": "https://open.yukon.ca/data/yukon-snow-survey-network",
        "sub_basin": "",
        "first_survey": "1981-02-01",
        "last_survey": "1982-05-01"
      }
    },
    {
      "type": "Feature",
      "geometry": {
        "type": "Point",
        "coordinates": [
          -130.20025,
          62.9738611111111
        ]
      },
      "properties": {
        "code": "09BB-SC03",
        "name": "Fuller Lake Snow Course",
        "latitude": 62.9738611111111,
        "longitude": -130.20025,
        "elevation_m": 1126.0,
        "state": "YT",
        "network_code": "YSS",
        "operator": "Yukon Government Department of Environment, Water Science and Stewardship",
        "client": "yukon",
        "data_provider": "Yukon Water Data (AquaCache)",
        "status": "Active",
        "is_active": true,
        "begin_date": "1986-03-01",
        "end_date": null,
        "earliest_record_date": null,
        "latest_record_date": null,
        "station_url": "https://service.yukon.ca/water-data/shiny/?page=home&lang=en",
        "station_image_url": null,
        "station_camera_url": null,
        "notes": null,
        "data_variables": [
          {
            "name": "swe_mm",
            "type": "swe",
            "interval": "periodic",
            "units": "cm",
            "description": "Snow water equivalent. At automated snow-weather stations this comes from a snow pillow recorded hourly to 3-hourly; at snow courses it is the average of a 10-point manual survey. Native API unit is mm; returned here in cm (\u00f7 10).",
            "notes": "Native units: mm. Snow course values carry a flag of 'Actual' (measured depth and SWE) or 'Estimated SWE' (measured depth with SWE estimated from historical average density).",
            "begin_date": "1986-03-01",
            "end_date": "2026-05-01",
            "n_obs": null
          },
          {
            "name": "snwd_cm",
            "type": "snwd",
            "interval": "periodic",
            "units": "cm",
            "description": "Snow depth from an automated sensor (Yukon and ECCC stations) or from a 10-point manual snow course survey. Native API unit is cm.",
            "notes": "Native units: cm. NB: /snow-survey/data leaves the units field empty for this parameter; cm is confirmed by the /snow-survey/stats field name 'max_DEPTH_cm'.",
            "begin_date": "1986-03-01",
            "end_date": "2026-05-01",
            "n_obs": null
          }
        ],
        "has_daily_swe": false,
        "has_daily_snwd": false,
        "daily_or_better": false,
        "daily_verified": false,
        "daily_provenance": "none",
        "possible_duplicates": null,
        "metadata_fetched_at": "2026-08-04",
        "station_type": "SC",
        "network": "Yukon Snow Survey Network",
        "dataset_url": "https://open.yukon.ca/data/yukon-snow-survey-network",
        "sub_basin": "",
        "first_survey": "1986-03-01",
        "last_survey": "2026-05-01"
      }
    },
    {
      "type": "Feature",
      "geometry": {
        "type": "Point",
        "coordinates": [
          -133.480583333333,
          63.1995555555556
        ]
      },
      "properties": {
        "code": "09BB-SC04",
        "name": "Russell Lake Snow Course",
        "latitude": 63.1995555555556,
        "longitude": -133.480583333333,
        "elevation_m": 1060.0,
        "state": "YT",
        "network_code": "YSS",
        "operator": "Yukon Government Department of Environment, Water Science and Stewardship",
        "client": "yukon",
        "data_provider": "Yukon Water Data (AquaCache)",
        "status": "Active",
        "is_active": true,
        "begin_date": "1987-03-01",
        "end_date": null,
        "earliest_record_date": null,
        "latest_record_date": null,
        "station_url": "https://service.yukon.ca/water-data/shiny/?page=home&lang=en",
        "station_image_url": null,
        "station_camera_url": null,
        "notes": null,
        "data_variables": [
          {
            "name": "swe_mm",
            "type": "swe",
            "interval": "periodic",
            "units": "cm",
            "description": "Snow water equivalent. At automated snow-weather stations this comes from a snow pillow recorded hourly to 3-hourly; at snow courses it is the average of a 10-point manual survey. Native API unit is mm; returned here in cm (\u00f7 10).",
            "notes": "Native units: mm. Snow course values carry a flag of 'Actual' (measured depth and SWE) or 'Estimated SWE' (measured depth with SWE estimated from historical average density).",
            "begin_date": "1987-03-01",
            "end_date": "2026-05-01",
            "n_obs": null
          },
          {
            "name": "snwd_cm",
            "type": "snwd",
            "interval": "periodic",
            "units": "cm",
            "description": "Snow depth from an automated sensor (Yukon and ECCC stations) or from a 10-point manual snow course survey. Native API unit is cm.",
            "notes": "Native units: cm. NB: /snow-survey/data leaves the units field empty for this parameter; cm is confirmed by the /snow-survey/stats field name 'max_DEPTH_cm'.",
            "begin_date": "1987-03-01",
            "end_date": "2026-05-01",
            "n_obs": null
          }
        ],
        "has_daily_swe": false,
        "has_daily_snwd": false,
        "daily_or_better": false,
        "daily_verified": false,
        "daily_provenance": "none",
        "possible_duplicates": null,
        "metadata_fetched_at": "2026-08-04",
        "station_type": "SC",
        "network": "Yukon Snow Survey Network",
        "dataset_url": "https://open.yukon.ca/data/yukon-snow-survey-network",
        "sub_basin": "",
        "first_survey": "1987-03-01",
        "last_survey": "2026-05-01"
      }
    },
    {
      "type": "Feature",
      "geometry": {
        "type": "Point",
        "coordinates": [
          -137.37,
          62.82
        ]
      },
      "properties": {
        "code": "09BC-MET-00005",
        "name": "Pelly Ranch (Fort Selkirk)",
        "latitude": 62.82,
        "longitude": -137.37,
        "elevation_m": 454.2,
        "state": "YT",
        "network_code": "YKEC",
        "operator": "Environment and Climate Change Canada",
        "client": "yukon",
        "data_provider": "Yukon Water Data (AquaCache)",
        "status": "Active",
        "is_active": true,
        "begin_date": null,
        "end_date": null,
        "earliest_record_date": null,
        "latest_record_date": null,
        "station_url": "https://service.yukon.ca/water-data/shiny/?page=home&lang=en",
        "station_image_url": null,
        "station_camera_url": null,
        "notes": null,
        "data_variables": [
          {
            "name": "air_temp_degc",
            "type": "temp",
            "interval": "daily",
            "units": "\u00b0C",
            "description": "Air temperature.",
            "notes": "Instantaneous series, or the ECCC daily '(min+max)/2' mean. Native units: \u00b0C. AquaCache timeseries 1648, aggregation '(min+max)/2', recording rate '1 day'.",
            "begin_date": "1898-10-31",
            "end_date": "2026-08-03",
            "n_obs": null
          },
          {
            "name": "air_temp_min_degc",
            "type": "temp_min",
            "interval": "daily",
            "units": "\u00b0C",
            "description": "Daily minimum air temperature.",
            "notes": "ECCC daily series only. Native units: \u00b0C. AquaCache timeseries 1649, aggregation 'minimum', recording rate '1 day'.",
            "begin_date": "1898-10-31",
            "end_date": "2026-08-03",
            "n_obs": null
          },
          {
            "name": "air_temp_max_degc",
            "type": "temp_max",
            "interval": "daily",
            "units": "\u00b0C",
            "description": "Daily maximum air temperature.",
            "notes": "ECCC daily series only. Native units: \u00b0C. AquaCache timeseries 1650, aggregation 'maximum', recording rate '1 day'.",
            "begin_date": "1898-10-31",
            "end_date": "2026-08-03",
            "n_obs": null
          },
          {
            "name": "snwd_cm",
            "type": "snwd",
            "interval": "daily",
            "units": "cm",
            "description": "Snow depth from an automated sensor (Yukon and ECCC stations) or from a 10-point manual snow course survey. Native API unit is cm.",
            "notes": "Native units: cm. NB: /snow-survey/data leaves the units field empty for this parameter; cm is confirmed by the /snow-survey/stats field name 'max_DEPTH_cm'. AquaCache timeseries 1651, aggregation 'instantaneous', recording rate '1 day'.",
            "begin_date": "1980-08-31",
            "end_date": "2026-06-01",
            "n_obs": null
          },
          {
            "name": "precip_total_mm",
            "type": "precip",
            "interval": "daily",
            "units": "mm",
            "description": "Total precipitation accumulated over the recording interval.",
            "notes": "Aggregation type 'sum'. Returned in native mm without conversion, as in the DataBC client. AquaCache timeseries 1652, aggregation 'sum', recording rate '1 day'.",
            "begin_date": "1951-11-30",
            "end_date": "2026-08-03",
            "n_obs": null
          },
          {
            "name": "precip_rain_mm",
            "type": "precip",
            "interval": "daily",
            "units": "mm",
            "description": "Rainfall accumulated over the recording interval.",
            "notes": "Aggregation type 'sum'. Native units: mm. AquaCache timeseries 1653, aggregation 'sum', recording rate '1 day'.",
            "begin_date": "1951-11-30",
            "end_date": "2017-08-31",
            "n_obs": null
          },
          {
            "name": "precip_snow_cm",
            "type": "precip",
            "interval": "daily",
            "units": "cm",
            "description": "New snowfall accumulated over the recording interval.",
            "notes": "ECCC daily series. The /timeseries units field is empty for this parameter; cm comes from /parameters (id 1221). AquaCache timeseries 1654, aggregation 'sum', recording rate '1 day'.",
            "begin_date": "1951-11-30",
            "end_date": "2017-08-31",
            "n_obs": null
          },
          {
            "name": "air_temp_degc",
            "type": "temp",
            "interval": "hourly",
            "units": "\u00b0C",
            "description": "Air temperature.",
            "notes": "Instantaneous series, or the ECCC daily '(min+max)/2' mean. Native units: \u00b0C. AquaCache timeseries 1655, aggregation 'instantaneous', recording rate '01:00:00'.",
            "begin_date": "2020-08-10",
            "end_date": "2026-08-03",
            "n_obs": null
          },
          {
            "name": "precip_total_mm",
            "type": "precip",
            "interval": "hourly",
            "units": "mm",
            "description": "Total precipitation accumulated over the recording interval.",
            "notes": "Aggregation type 'sum'. Returned in native mm without conversion, as in the DataBC client. AquaCache timeseries 1656, aggregation 'sum', recording rate '01:00:00'.",
            "begin_date": "2020-08-10",
            "end_date": "2026-08-03",
            "n_obs": null
          },
          {
            "name": "wind_spd_kmh",
            "type": "wind_spd",
            "interval": "hourly",
            "units": "km/h",
            "description": "Wind speed.",
            "notes": "Native units: km/h. AquaCache timeseries 1657, aggregation 'instantaneous', recording rate '01:00:00'.",
            "begin_date": "2020-08-10",
            "end_date": "2026-08-03",
            "n_obs": null
          },
          {
            "name": "wind_dir_deg",
            "type": "wind_dir",
            "interval": "hourly",
            "units": "degrees",
            "description": "Wind direction, degrees clockwise from north (0-360).",
            "notes": "Direction the wind blows *from*. Native units: degrees. AquaCache timeseries 1658, aggregation 'instantaneous', recording rate '01:00:00'.",
            "begin_date": "2020-08-10",
            "end_date": "2026-08-03",
            "n_obs": null
          }
        ],
        "has_daily_swe": false,
        "has_daily_snwd": true,
        "daily_or_better": true,
        "daily_verified": false,
        "daily_provenance": "native",
        "possible_duplicates": null,
        "metadata_fetched_at": "2026-08-04",
        "station_type": "ECCC",
        "network": "ECCC Meteorology Network",
        "dataset_url": "https://open.yukon.ca/data/water-monitoring-sites"
      }
    },
    {
      "type": "Feature",
      "geometry": {
        "type": "Point",
        "coordinates": [
          -133.380555555556,
          62.3371111111111
        ]
      },
      "properties": {
        "code": "09BC-SC01",
        "name": "Rose Creek Snow Course",
        "latitude": 62.3371111111111,
        "longitude": -133.380555555556,
        "elevation_m": 1080.0,
        "state": "YT",
        "network_code": "YSS",
        "operator": "Yukon Government Department of Environment, Water Science and Stewardship",
        "client": "yukon",
        "data_provider": "Yukon Water Data (AquaCache)",
        "status": "Active",
        "is_active": true,
        "begin_date": "1975-03-01",
        "end_date": null,
        "earliest_record_date": null,
        "latest_record_date": null,
        "station_url": "https://service.yukon.ca/water-data/shiny/?page=home&lang=en",
        "station_image_url": null,
        "station_camera_url": null,
        "notes": null,
        "data_variables": [
          {
            "name": "swe_mm",
            "type": "swe",
            "interval": "periodic",
            "units": "cm",
            "description": "Snow water equivalent. At automated snow-weather stations this comes from a snow pillow recorded hourly to 3-hourly; at snow courses it is the average of a 10-point manual survey. Native API unit is mm; returned here in cm (\u00f7 10).",
            "notes": "Native units: mm. Snow course values carry a flag of 'Actual' (measured depth and SWE) or 'Estimated SWE' (measured depth with SWE estimated from historical average density).",
            "begin_date": "1975-03-01",
            "end_date": "2026-05-01",
            "n_obs": null
          },
          {
            "name": "snwd_cm",
            "type": "snwd",
            "interval": "periodic",
            "units": "cm",
            "description": "Snow depth from an automated sensor (Yukon and ECCC stations) or from a 10-point manual snow course survey. Native API unit is cm.",
            "notes": "Native units: cm. NB: /snow-survey/data leaves the units field empty for this parameter; cm is confirmed by the /snow-survey/stats field name 'max_DEPTH_cm'.",
            "begin_date": "1975-03-01",
            "end_date": "2026-05-01",
            "n_obs": null
          }
        ],
        "has_daily_swe": false,
        "has_daily_snwd": false,
        "daily_or_better": false,
        "daily_verified": false,
        "daily_provenance": "none",
        "possible_duplicates": null,
        "metadata_fetched_at": "2026-08-04",
        "station_type": "SC",
        "network": "Yukon Snow Survey Network",
        "dataset_url": "https://open.yukon.ca/data/yukon-snow-survey-network",
        "sub_basin": "",
        "first_survey": "1975-03-01",
        "last_survey": "2026-05-01"
      }
    },
    {
      "type": "Feature",
      "geometry": {
        "type": "Point",
        "coordinates": [
          -139.04,
          61.37
        ]
      },
      "properties": {
        "code": "09CA-MET-00002",
        "name": "Burwash Landing Airport",
        "latitude": 61.37,
        "longitude": -139.04,
        "elevation_m": 805.3,
        "state": "YT",
        "network_code": "YKEC",
        "operator": "Environment and Climate Change Canada",
        "client": "yukon",
        "data_provider": "Yukon Water Data (AquaCache)",
        "status": "Inactive",
        "is_active": false,
        "begin_date": null,
        "end_date": null,
        "earliest_record_date": null,
        "latest_record_date": null,
        "station_url": "https://service.yukon.ca/water-data/shiny/?page=home&lang=en",
        "station_image_url": null,
        "station_camera_url": null,
        "notes": null,
        "data_variables": [
          {
            "name": "air_temp_degc",
            "type": "temp",
            "interval": "daily",
            "units": "\u00b0C",
            "description": "Air temperature.",
            "notes": "Instantaneous series, or the ECCC daily '(min+max)/2' mean. Native units: \u00b0C. AquaCache timeseries 1720, aggregation '(min+max)/2', recording rate '1 day'.",
            "begin_date": "1966-09-30",
            "end_date": "2026-08-03",
            "n_obs": null
          },
          {
            "name": "air_temp_min_degc",
            "type": "temp_min",
            "interval": "daily",
            "units": "\u00b0C",
            "description": "Daily minimum air temperature.",
            "notes": "ECCC daily series only. Native units: \u00b0C. AquaCache timeseries 1721, aggregation 'minimum', recording rate '1 day'.",
            "begin_date": "1966-09-30",
            "end_date": "2026-08-03",
            "n_obs": null
          },
          {
            "name": "air_temp_max_degc",
            "type": "temp_max",
            "interval": "daily",
            "units": "\u00b0C",
            "description": "Daily maximum air temperature.",
            "notes": "ECCC daily series only. Native units: \u00b0C. AquaCache timeseries 1722, aggregation 'maximum', recording rate '1 day'.",
            "begin_date": "1966-09-30",
            "end_date": "2026-08-03",
            "n_obs": null
          },
          {
            "name": "snwd_cm",
            "type": "snwd",
            "interval": "daily",
            "units": "cm",
            "description": "Snow depth from an automated sensor (Yukon and ECCC stations) or from a 10-point manual snow course survey. Native API unit is cm.",
            "notes": "Native units: cm. NB: /snow-survey/data leaves the units field empty for this parameter; cm is confirmed by the /snow-survey/stats field name 'max_DEPTH_cm'. AquaCache timeseries 1723, aggregation 'instantaneous', recording rate '1 day'.",
            "begin_date": "1966-09-30",
            "end_date": "2011-12-14",
            "n_obs": null
          },
          {
            "name": "precip_total_mm",
            "type": "precip",
            "interval": "daily",
            "units": "mm",
            "description": "Total precipitation accumulated over the recording interval.",
            "notes": "Aggregation type 'sum'. Returned in native mm without conversion, as in the DataBC client. AquaCache timeseries 1724, aggregation 'sum', recording rate '1 day'.",
            "begin_date": "1966-09-30",
            "end_date": "2026-08-03",
            "n_obs": null
          },
          {
            "name": "precip_rain_mm",
            "type": "precip",
            "interval": "daily",
            "units": "mm",
            "description": "Rainfall accumulated over the recording interval.",
            "notes": "Aggregation type 'sum'. Native units: mm. AquaCache timeseries 1725, aggregation 'sum', recording rate '1 day'.",
            "begin_date": "1966-09-30",
            "end_date": "2011-12-14",
            "n_obs": null
          },
          {
            "name": "precip_snow_cm",
            "type": "precip",
            "interval": "daily",
            "units": "cm",
            "description": "New snowfall accumulated over the recording interval.",
            "notes": "ECCC daily series. The /timeseries units field is empty for this parameter; cm comes from /parameters (id 1221). AquaCache timeseries 1726, aggregation 'sum', recording rate '1 day'.",
            "begin_date": "1966-09-30",
            "end_date": "2011-12-14",
            "n_obs": null
          },
          {
            "name": "air_temp_degc",
            "type": "temp",
            "interval": "hourly",
            "units": "\u00b0C",
            "description": "Air temperature.",
            "notes": "Instantaneous series, or the ECCC daily '(min+max)/2' mean. Native units: \u00b0C. AquaCache timeseries 1727, aggregation 'instantaneous', recording rate '01:00:00'.",
            "begin_date": "1966-10-01",
            "end_date": "2026-08-03",
            "n_obs": null
          },
          {
            "name": "precip_total_mm",
            "type": "precip",
            "interval": "hourly",
            "units": "mm",
            "description": "Total precipitation accumulated over the recording interval.",
            "notes": "Aggregation type 'sum'. Returned in native mm without conversion, as in the DataBC client. AquaCache timeseries 1728, aggregation 'sum', recording rate '01:00:00'.",
            "begin_date": "2014-05-28",
            "end_date": "2026-08-03",
            "n_obs": null
          },
          {
            "name": "wind_spd_kmh",
            "type": "wind_spd",
            "interval": "hourly",
            "units": "km/h",
            "description": "Wind speed.",
            "notes": "Native units: km/h. AquaCache timeseries 1729, aggregation 'instantaneous', recording rate '01:00:00'.",
            "begin_date": "1966-10-01",
            "end_date": "2026-08-03",
            "n_obs": null
          },
          {
            "name": "wind_dir_deg",
            "type": "wind_dir",
            "interval": "hourly",
            "units": "degrees",
            "description": "Wind direction, degrees clockwise from north (0-360).",
            "notes": "Direction the wind blows *from*. Native units: degrees. AquaCache timeseries 1730, aggregation 'instantaneous', recording rate '01:00:00'.",
            "begin_date": "1966-10-01",
            "end_date": "2026-08-03",
            "n_obs": null
          }
        ],
        "has_daily_swe": false,
        "has_daily_snwd": true,
        "daily_or_better": true,
        "daily_verified": false,
        "daily_provenance": "native",
        "possible_duplicates": null,
        "metadata_fetched_at": "2026-08-04",
        "station_type": "ECCC",
        "network": "ECCC Meteorology Network",
        "dataset_url": "https://open.yukon.ca/data/water-monitoring-sites"
      }
    },
    {
      "type": "Feature",
      "geometry": {
        "type": "Point",
        "coordinates": [
          -137.066444444444,
          62.0248333333333
        ]
      },
      "properties": {
        "code": "09CA-SC01",
        "name": "Mount Nansen Snow Course",
        "latitude": 62.0248333333333,
        "longitude": -137.066444444444,
        "elevation_m": 1021.0,
        "state": "YT",
        "network_code": "YSS",
        "operator": "Yukon Government Department of Environment, Water Science and Stewardship",
        "client": "yukon",
        "data_provider": "Yukon Water Data (AquaCache)",
        "status": "Active",
        "is_active": true,
        "begin_date": "1976-02-01",
        "end_date": null,
        "earliest_record_date": null,
        "latest_record_date": null,
        "station_url": "https://service.yukon.ca/water-data/shiny/?page=home&lang=en",
        "station_image_url": null,
        "station_camera_url": null,
        "notes": null,
        "data_variables": [
          {
            "name": "swe_mm",
            "type": "swe",
            "interval": "periodic",
            "units": "cm",
            "description": "Snow water equivalent. At automated snow-weather stations this comes from a snow pillow recorded hourly to 3-hourly; at snow courses it is the average of a 10-point manual survey. Native API unit is mm; returned here in cm (\u00f7 10).",
            "notes": "Native units: mm. Snow course values carry a flag of 'Actual' (measured depth and SWE) or 'Estimated SWE' (measured depth with SWE estimated from historical average density).",
            "begin_date": "1976-02-01",
            "end_date": "2026-05-01",
            "n_obs": null
          },
          {
            "name": "snwd_cm",
            "type": "snwd",
            "interval": "periodic",
            "units": "cm",
            "description": "Snow depth from an automated sensor (Yukon and ECCC stations) or from a 10-point manual snow course survey. Native API unit is cm.",
            "notes": "Native units: cm. NB: /snow-survey/data leaves the units field empty for this parameter; cm is confirmed by the /snow-survey/stats field name 'max_DEPTH_cm'.",
            "begin_date": "1976-02-01",
            "end_date": "2026-05-01",
            "n_obs": null
          }
        ],
        "has_daily_swe": false,
        "has_daily_snwd": false,
        "daily_or_better": false,
        "daily_verified": false,
        "daily_provenance": "none",
        "possible_duplicates": null,
        "metadata_fetched_at": "2026-08-04",
        "station_type": "SC",
        "network": "Yukon Snow Survey Network",
        "dataset_url": "https://open.yukon.ca/data/yukon-snow-survey-network",
        "sub_basin": "",
        "first_survey": "1976-02-01",
        "last_survey": "2026-05-01"
      }
    },
    {
      "type": "Feature",
      "geometry": {
        "type": "Point",
        "coordinates": [
          -137.339666666667,
          61.7211666666667
        ]
      },
      "properties": {
        "code": "09CA-SC02",
        "name": "MacIntosh Snow Course",
        "latitude": 61.7211666666667,
        "longitude": -137.339666666667,
        "elevation_m": 1160.0,
        "state": "YT",
        "network_code": "YSS",
        "operator": "Yukon Government Department of Environment, Water Science and Stewardship",
        "client": "yukon",
        "data_provider": "Yukon Water Data (AquaCache)",
        "status": "Active",
        "is_active": true,
        "begin_date": "1976-02-01",
        "end_date": null,
        "earliest_record_date": null,
        "latest_record_date": null,
        "station_url": "https://service.yukon.ca/water-data/shiny/?page=home&lang=en",
        "station_image_url": null,
        "station_camera_url": null,
        "notes": null,
        "data_variables": [
          {
            "name": "swe_mm",
            "type": "swe",
            "interval": "periodic",
            "units": "cm",
            "description": "Snow water equivalent. At automated snow-weather stations this comes from a snow pillow recorded hourly to 3-hourly; at snow courses it is the average of a 10-point manual survey. Native API unit is mm; returned here in cm (\u00f7 10).",
            "notes": "Native units: mm. Snow course values carry a flag of 'Actual' (measured depth and SWE) or 'Estimated SWE' (measured depth with SWE estimated from historical average density).",
            "begin_date": "1976-02-01",
            "end_date": "2026-05-01",
            "n_obs": null
          },
          {
            "name": "snwd_cm",
            "type": "snwd",
            "interval": "periodic",
            "units": "cm",
            "description": "Snow depth from an automated sensor (Yukon and ECCC stations) or from a 10-point manual snow course survey. Native API unit is cm.",
            "notes": "Native units: cm. NB: /snow-survey/data leaves the units field empty for this parameter; cm is confirmed by the /snow-survey/stats field name 'max_DEPTH_cm'.",
            "begin_date": "1976-02-01",
            "end_date": "2026-05-01",
            "n_obs": null
          }
        ],
        "has_daily_swe": false,
        "has_daily_snwd": false,
        "daily_or_better": false,
        "daily_verified": false,
        "daily_provenance": "none",
        "possible_duplicates": null,
        "metadata_fetched_at": "2026-08-04",
        "station_type": "SC",
        "network": "Yukon Snow Survey Network",
        "dataset_url": "https://open.yukon.ca/data/yukon-snow-survey-network",
        "sub_basin": "",
        "first_survey": "1976-02-01",
        "last_survey": "2026-05-01"
      }
    },
    {
      "type": "Feature",
      "geometry": {
        "type": "Point",
        "coordinates": [
          -139.033055555556,
          61.3711111111111
        ]
      },
      "properties": {
        "code": "09CA-SC03",
        "name": "Burwash Airstrip Snow Course",
        "latitude": 61.3711111111111,
        "longitude": -139.033055555556,
        "elevation_m": 810.0,
        "state": "YT",
        "network_code": "YSS",
        "operator": "Yukon Government Department of Environment, Water Science and Stewardship",
        "client": "yukon",
        "data_provider": "Yukon Water Data (AquaCache)",
        "status": "Active",
        "is_active": true,
        "begin_date": "1977-02-01",
        "end_date": null,
        "earliest_record_date": null,
        "latest_record_date": null,
        "station_url": "https://service.yukon.ca/water-data/shiny/?page=home&lang=en",
        "station_image_url": null,
        "station_camera_url": null,
        "notes": null,
        "data_variables": [
          {
            "name": "swe_mm",
            "type": "swe",
            "interval": "periodic",
            "units": "cm",
            "description": "Snow water equivalent. At automated snow-weather stations this comes from a snow pillow recorded hourly to 3-hourly; at snow courses it is the average of a 10-point manual survey. Native API unit is mm; returned here in cm (\u00f7 10).",
            "notes": "Native units: mm. Snow course values carry a flag of 'Actual' (measured depth and SWE) or 'Estimated SWE' (measured depth with SWE estimated from historical average density).",
            "begin_date": "1977-02-01",
            "end_date": "2026-05-01",
            "n_obs": null
          },
          {
            "name": "snwd_cm",
            "type": "snwd",
            "interval": "periodic",
            "units": "cm",
            "description": "Snow depth from an automated sensor (Yukon and ECCC stations) or from a 10-point manual snow course survey. Native API unit is cm.",
            "notes": "Native units: cm. NB: /snow-survey/data leaves the units field empty for this parameter; cm is confirmed by the /snow-survey/stats field name 'max_DEPTH_cm'.",
            "begin_date": "1977-02-01",
            "end_date": "2026-05-01",
            "n_obs": null
          }
        ],
        "has_daily_swe": false,
        "has_daily_snwd": false,
        "daily_or_better": false,
        "daily_verified": false,
        "daily_provenance": "none",
        "possible_duplicates": null,
        "metadata_fetched_at": "2026-08-04",
        "station_type": "SC",
        "network": "Yukon Snow Survey Network",
        "dataset_url": "https://open.yukon.ca/data/yukon-snow-survey-network",
        "sub_basin": "",
        "first_survey": "1977-02-01",
        "last_survey": "2026-05-01"
      }
    },
    {
      "type": "Feature",
      "geometry": {
        "type": "Point",
        "coordinates": [
          -138.883333333333,
          61.1166666666667
        ]
      },
      "properties": {
        "code": "09CA-SC04",
        "name": "Duke River A Snow Course",
        "latitude": 61.1166666666667,
        "longitude": -138.883333333333,
        "elevation_m": 1465.0,
        "state": "YT",
        "network_code": "YSS",
        "operator": "Yukon Government Department of Environment, Water Science and Stewardship",
        "client": "yukon",
        "data_provider": "Yukon Water Data (AquaCache)",
        "status": "Inactive",
        "is_active": false,
        "begin_date": "1978-02-01",
        "end_date": null,
        "earliest_record_date": null,
        "latest_record_date": null,
        "station_url": "https://service.yukon.ca/water-data/shiny/?page=home&lang=en",
        "station_image_url": null,
        "station_camera_url": null,
        "notes": null,
        "data_variables": [
          {
            "name": "swe_mm",
            "type": "swe",
            "interval": "periodic",
            "units": "cm",
            "description": "Snow water equivalent. At automated snow-weather stations this comes from a snow pillow recorded hourly to 3-hourly; at snow courses it is the average of a 10-point manual survey. Native API unit is mm; returned here in cm (\u00f7 10).",
            "notes": "Native units: mm. Snow course values carry a flag of 'Actual' (measured depth and SWE) or 'Estimated SWE' (measured depth with SWE estimated from historical average density).",
            "begin_date": "1978-02-01",
            "end_date": "1984-05-15",
            "n_obs": null
          },
          {
            "name": "snwd_cm",
            "type": "snwd",
            "interval": "periodic",
            "units": "cm",
            "description": "Snow depth from an automated sensor (Yukon and ECCC stations) or from a 10-point manual snow course survey. Native API unit is cm.",
            "notes": "Native units: cm. NB: /snow-survey/data leaves the units field empty for this parameter; cm is confirmed by the /snow-survey/stats field name 'max_DEPTH_cm'.",
            "begin_date": "1978-02-01",
            "end_date": "1984-05-15",
            "n_obs": null
          }
        ],
        "has_daily_swe": false,
        "has_daily_snwd": false,
        "daily_or_better": false,
        "daily_verified": false,
        "daily_provenance": "none",
        "possible_duplicates": null,
        "metadata_fetched_at": "2026-08-04",
        "station_type": "SC",
        "network": "Yukon Snow Survey Network",
        "dataset_url": "https://open.yukon.ca/data/yukon-snow-survey-network",
        "sub_basin": "",
        "first_survey": "1978-02-01",
        "last_survey": "1984-05-15"
      }
    },
    {
      "type": "Feature",
      "geometry": {
        "type": "Point",
        "coordinates": [
          -138.983333333333,
          61.25
        ]
      },
      "properties": {
        "code": "09CA-SC05",
        "name": "Duke River Snow Course",
        "latitude": 61.25,
        "longitude": -138.983333333333,
        "elevation_m": 1310.0,
        "state": "YT",
        "network_code": "YSS",
        "operator": "Yukon Government Department of Environment, Water Science and Stewardship",
        "client": "yukon",
        "data_provider": "Yukon Water Data (AquaCache)",
        "status": "Inactive",
        "is_active": false,
        "begin_date": "1985-02-01",
        "end_date": null,
        "earliest_record_date": null,
        "latest_record_date": null,
        "station_url": "https://service.yukon.ca/water-data/shiny/?page=home&lang=en",
        "station_image_url": null,
        "station_camera_url": null,
        "notes": null,
        "data_variables": [
          {
            "name": "swe_mm",
            "type": "swe",
            "interval": "periodic",
            "units": "cm",
            "description": "Snow water equivalent. At automated snow-weather stations this comes from a snow pillow recorded hourly to 3-hourly; at snow courses it is the average of a 10-point manual survey. Native API unit is mm; returned here in cm (\u00f7 10).",
            "notes": "Native units: mm. Snow course values carry a flag of 'Actual' (measured depth and SWE) or 'Estimated SWE' (measured depth with SWE estimated from historical average density).",
            "begin_date": "1985-02-01",
            "end_date": "2010-05-01",
            "n_obs": null
          },
          {
            "name": "snwd_cm",
            "type": "snwd",
            "interval": "periodic",
            "units": "cm",
            "description": "Snow depth from an automated sensor (Yukon and ECCC stations) or from a 10-point manual snow course survey. Native API unit is cm.",
            "notes": "Native units: cm. NB: /snow-survey/data leaves the units field empty for this parameter; cm is confirmed by the /snow-survey/stats field name 'max_DEPTH_cm'.",
            "begin_date": "1985-02-01",
            "end_date": "2010-05-01",
            "n_obs": null
          }
        ],
        "has_daily_swe": false,
        "has_daily_snwd": false,
        "daily_or_better": false,
        "daily_verified": false,
        "daily_provenance": "none",
        "possible_duplicates": null,
        "metadata_fetched_at": "2026-08-04",
        "station_type": "SC",
        "network": "Yukon Snow Survey Network",
        "dataset_url": "https://open.yukon.ca/data/yukon-snow-survey-network",
        "sub_basin": "",
        "first_survey": "1985-02-01",
        "last_survey": "2010-05-01"
      }
    },
    {
      "type": "Feature",
      "geometry": {
        "type": "Point",
        "coordinates": [
          -139.2,
          61.35
        ]
      },
      "properties": {
        "code": "09CA-SC06",
        "name": "Burwash Uplands Snow Course",
        "latitude": 61.35,
        "longitude": -139.2,
        "elevation_m": 1080.0,
        "state": "YT",
        "network_code": "YSS",
        "operator": "Yukon Government Department of Environment, Water Science and Stewardship",
        "client": "yukon",
        "data_provider": "Yukon Water Data (AquaCache)",
        "status": "Inactive",
        "is_active": false,
        "begin_date": "1991-03-01",
        "end_date": null,
        "earliest_record_date": null,
        "latest_record_date": null,
        "station_url": "https://service.yukon.ca/water-data/shiny/?page=home&lang=en",
        "station_image_url": null,
        "station_camera_url": null,
        "notes": null,
        "data_variables": [
          {
            "name": "swe_mm",
            "type": "swe",
            "interval": "periodic",
            "units": "cm",
            "description": "Snow water equivalent. At automated snow-weather stations this comes from a snow pillow recorded hourly to 3-hourly; at snow courses it is the average of a 10-point manual survey. Native API unit is mm; returned here in cm (\u00f7 10).",
            "notes": "Native units: mm. Snow course values carry a flag of 'Actual' (measured depth and SWE) or 'Estimated SWE' (measured depth with SWE estimated from historical average density).",
            "begin_date": "1991-03-01",
            "end_date": "1994-05-15",
            "n_obs": null
          },
          {
            "name": "snwd_cm",
            "type": "snwd",
            "interval": "periodic",
            "units": "cm",
            "description": "Snow depth from an automated sensor (Yukon and ECCC stations) or from a 10-point manual snow course survey. Native API unit is cm.",
            "notes": "Native units: cm. NB: /snow-survey/data leaves the units field empty for this parameter; cm is confirmed by the /snow-survey/stats field name 'max_DEPTH_cm'.",
            "begin_date": "1991-03-01",
            "end_date": "1994-05-15",
            "n_obs": null
          }
        ],
        "has_daily_swe": false,
        "has_daily_snwd": false,
        "daily_or_better": false,
        "daily_verified": false,
        "daily_provenance": "none",
        "possible_duplicates": null,
        "metadata_fetched_at": "2026-08-04",
        "station_type": "SC",
        "network": "Yukon Snow Survey Network",
        "dataset_url": "https://open.yukon.ca/data/yukon-snow-survey-network",
        "sub_basin": "",
        "first_survey": "1991-03-01",
        "last_survey": "1994-05-15"
      }
    },
    {
      "type": "Feature",
      "geometry": {
        "type": "Point",
        "coordinates": [
          -140.854722222222,
          62.4155555555556
        ]
      },
      "properties": {
        "code": "09CB-SC01",
        "name": "Beaver Creek Snow Course",
        "latitude": 62.4155555555556,
        "longitude": -140.854722222222,
        "elevation_m": 655.0,
        "state": "YT",
        "network_code": "YSS",
        "operator": "Yukon Government Department of Environment, Water Science and Stewardship",
        "client": "yukon",
        "data_provider": "Yukon Water Data (AquaCache)",
        "status": "Active",
        "is_active": true,
        "begin_date": "1975-03-01",
        "end_date": null,
        "earliest_record_date": null,
        "latest_record_date": null,
        "station_url": "https://service.yukon.ca/water-data/shiny/?page=home&lang=en",
        "station_image_url": null,
        "station_camera_url": null,
        "notes": null,
        "data_variables": [
          {
            "name": "swe_mm",
            "type": "swe",
            "interval": "periodic",
            "units": "cm",
            "description": "Snow water equivalent. At automated snow-weather stations this comes from a snow pillow recorded hourly to 3-hourly; at snow courses it is the average of a 10-point manual survey. Native API unit is mm; returned here in cm (\u00f7 10).",
            "notes": "Native units: mm. Snow course values carry a flag of 'Actual' (measured depth and SWE) or 'Estimated SWE' (measured depth with SWE estimated from historical average density).",
            "begin_date": "1975-03-01",
            "end_date": "2026-05-01",
            "n_obs": null
          },
          {
            "name": "snwd_cm",
            "type": "snwd",
            "interval": "periodic",
            "units": "cm",
            "description": "Snow depth from an automated sensor (Yukon and ECCC stations) or from a 10-point manual snow course survey. Native API unit is cm.",
            "notes": "Native units: cm. NB: /snow-survey/data leaves the units field empty for this parameter; cm is confirmed by the /snow-survey/stats field name 'max_DEPTH_cm'.",
            "begin_date": "1975-03-01",
            "end_date": "2026-05-01",
            "n_obs": null
          }
        ],
        "has_daily_swe": false,
        "has_daily_snwd": false,
        "daily_or_better": false,
        "daily_verified": false,
        "daily_provenance": "none",
        "possible_duplicates": null,
        "metadata_fetched_at": "2026-08-04",
        "station_type": "SC",
        "network": "Yukon Snow Survey Network",
        "dataset_url": "https://open.yukon.ca/data/yukon-snow-survey-network",
        "sub_basin": "",
        "first_survey": "1975-03-01",
        "last_survey": "2026-05-01"
      }
    },
    {
      "type": "Feature",
      "geometry": {
        "type": "Point",
        "coordinates": [
          -140.8,
          62.0666666666667
        ]
      },
      "properties": {
        "code": "09CB-SC02",
        "name": "Chair Mountain Snow Course",
        "latitude": 62.0666666666667,
        "longitude": -140.8,
        "elevation_m": 1067.0,
        "state": "YT",
        "network_code": "YSS",
        "operator": "Yukon Government Department of Environment, Water Science and Stewardship",
        "client": "yukon",
        "data_provider": "Yukon Water Data (AquaCache)",
        "status": "Active",
        "is_active": true,
        "begin_date": "1988-03-01",
        "end_date": null,
        "earliest_record_date": null,
        "latest_record_date": null,
        "station_url": "https://service.yukon.ca/water-data/shiny/?page=home&lang=en",
        "station_image_url": null,
        "station_camera_url": null,
        "notes": null,
        "data_variables": [
          {
            "name": "swe_mm",
            "type": "swe",
            "interval": "periodic",
            "units": "cm",
            "description": "Snow water equivalent. At automated snow-weather stations this comes from a snow pillow recorded hourly to 3-hourly; at snow courses it is the average of a 10-point manual survey. Native API unit is mm; returned here in cm (\u00f7 10).",
            "notes": "Native units: mm. Snow course values carry a flag of 'Actual' (measured depth and SWE) or 'Estimated SWE' (measured depth with SWE estimated from historical average density).",
            "begin_date": "1988-03-01",
            "end_date": "2026-04-01",
            "n_obs": null
          },
          {
            "name": "snwd_cm",
            "type": "snwd",
            "interval": "periodic",
            "units": "cm",
            "description": "Snow depth from an automated sensor (Yukon and ECCC stations) or from a 10-point manual snow course survey. Native API unit is cm.",
            "notes": "Native units: cm. NB: /snow-survey/data leaves the units field empty for this parameter; cm is confirmed by the /snow-survey/stats field name 'max_DEPTH_cm'.",
            "begin_date": "1988-03-01",
            "end_date": "2026-04-01",
            "n_obs": null
          }
        ],
        "has_daily_swe": false,
        "has_daily_snwd": false,
        "daily_or_better": false,
        "daily_verified": false,
        "daily_provenance": "none",
        "possible_duplicates": null,
        "metadata_fetched_at": "2026-08-04",
        "station_type": "SC",
        "network": "Yukon Snow Survey Network",
        "dataset_url": "https://open.yukon.ca/data/yukon-snow-survey-network",
        "sub_basin": "",
        "first_survey": "1988-03-01",
        "last_survey": "2026-04-01"
      }
    },
    {
      "type": "Feature",
      "geometry": {
        "type": "Point",
        "coordinates": [
          -140.533333333333,
          61.9166666666667
        ]
      },
      "properties": {
        "code": "09CB-SC03",
        "name": "White River Snow Course",
        "latitude": 61.9166666666667,
        "longitude": -140.533333333333,
        "elevation_m": 823.0,
        "state": "YT",
        "network_code": "YSS",
        "operator": "Yukon Government Department of Environment, Water Science and Stewardship",
        "client": "yukon",
        "data_provider": "Yukon Water Data (AquaCache)",
        "status": "Inactive",
        "is_active": false,
        "begin_date": "1995-03-01",
        "end_date": null,
        "earliest_record_date": null,
        "latest_record_date": null,
        "station_url": "https://service.yukon.ca/water-data/shiny/?page=home&lang=en",
        "station_image_url": null,
        "station_camera_url": null,
        "notes": null,
        "data_variables": [
          {
            "name": "swe_mm",
            "type": "swe",
            "interval": "periodic",
            "units": "cm",
            "description": "Snow water equivalent. At automated snow-weather stations this comes from a snow pillow recorded hourly to 3-hourly; at snow courses it is the average of a 10-point manual survey. Native API unit is mm; returned here in cm (\u00f7 10).",
            "notes": "Native units: mm. Snow course values carry a flag of 'Actual' (measured depth and SWE) or 'Estimated SWE' (measured depth with SWE estimated from historical average density).",
            "begin_date": "1995-03-01",
            "end_date": "1999-05-01",
            "n_obs": null
          },
          {
            "name": "snwd_cm",
            "type": "snwd",
            "interval": "periodic",
            "units": "cm",
            "description": "Snow depth from an automated sensor (Yukon and ECCC stations) or from a 10-point manual snow course survey. Native API unit is cm.",
            "notes": "Native units: cm. NB: /snow-survey/data leaves the units field empty for this parameter; cm is confirmed by the /snow-survey/stats field name 'max_DEPTH_cm'.",
            "begin_date": "1995-03-01",
            "end_date": "1999-05-01",
            "n_obs": null
          }
        ],
        "has_daily_swe": false,
        "has_daily_snwd": false,
        "daily_or_better": false,
        "daily_verified": false,
        "daily_provenance": "none",
        "possible_duplicates": null,
        "metadata_fetched_at": "2026-08-04",
        "station_type": "SC",
        "network": "Yukon Snow Survey Network",
        "dataset_url": "https://open.yukon.ca/data/yukon-snow-survey-network",
        "sub_basin": "",
        "first_survey": "1995-03-01",
        "last_survey": "1999-05-01"
      }
    },
    {
      "type": "Feature",
      "geometry": {
        "type": "Point",
        "coordinates": [
          -138.810944444444,
          62.7237777777778
        ]
      },
      "properties": {
        "code": "09CD-SC01",
        "name": "Casino Creek Snow Course",
        "latitude": 62.7237777777778,
        "longitude": -138.810944444444,
        "elevation_m": 1065.0,
        "state": "YT",
        "network_code": "YSS",
        "operator": "Yukon Government Department of Environment, Water Science and Stewardship",
        "client": "yukon",
        "data_provider": "Yukon Water Data (AquaCache)",
        "status": "Active",
        "is_active": true,
        "begin_date": "1977-02-01",
        "end_date": null,
        "earliest_record_date": null,
        "latest_record_date": null,
        "station_url": "https://service.yukon.ca/water-data/shiny/?page=home&lang=en",
        "station_image_url": null,
        "station_camera_url": null,
        "notes": null,
        "data_variables": [
          {
            "name": "swe_mm",
            "type": "swe",
            "interval": "periodic",
            "units": "cm",
            "description": "Snow water equivalent. At automated snow-weather stations this comes from a snow pillow recorded hourly to 3-hourly; at snow courses it is the average of a 10-point manual survey. Native API unit is mm; returned here in cm (\u00f7 10).",
            "notes": "Native units: mm. Snow course values carry a flag of 'Actual' (measured depth and SWE) or 'Estimated SWE' (measured depth with SWE estimated from historical average density).",
            "begin_date": "1977-02-01",
            "end_date": "2026-05-01",
            "n_obs": null
          },
          {
            "name": "snwd_cm",
            "type": "snwd",
            "interval": "periodic",
            "units": "cm",
            "description": "Snow depth from an automated sensor (Yukon and ECCC stations) or from a 10-point manual snow course survey. Native API unit is cm.",
            "notes": "Native units: cm. NB: /snow-survey/data leaves the units field empty for this parameter; cm is confirmed by the /snow-survey/stats field name 'max_DEPTH_cm'.",
            "begin_date": "1977-02-01",
            "end_date": "2026-05-01",
            "n_obs": null
          }
        ],
        "has_daily_swe": false,
        "has_daily_snwd": false,
        "daily_or_better": false,
        "daily_verified": false,
        "daily_provenance": "none",
        "possible_duplicates": null,
        "metadata_fetched_at": "2026-08-04",
        "station_type": "SC",
        "network": "Yukon Snow Survey Network",
        "dataset_url": "https://open.yukon.ca/data/yukon-snow-survey-network",
        "sub_basin": "",
        "first_survey": "1977-02-01",
        "last_survey": "2026-05-01"
      }
    },
    {
      "type": "Feature",
      "geometry": {
        "type": "Point",
        "coordinates": [
          -137.366666666667,
          62.8166666666667
        ]
      },
      "properties": {
        "code": "09CD-SC02",
        "name": "Fort Selkirk Snow Course",
        "latitude": 62.8166666666667,
        "longitude": -137.366666666667,
        "elevation_m": 454.0,
        "state": "YT",
        "network_code": "YSS",
        "operator": "Yukon Government Department of Environment, Water Science and Stewardship",
        "client": "yukon",
        "data_provider": "Yukon Water Data (AquaCache)",
        "status": "Inactive",
        "is_active": false,
        "begin_date": "1983-02-01",
        "end_date": null,
        "earliest_record_date": null,
        "latest_record_date": null,
        "station_url": "https://service.yukon.ca/water-data/shiny/?page=home&lang=en",
        "station_image_url": null,
        "station_camera_url": null,
        "notes": null,
        "data_variables": [
          {
            "name": "swe_mm",
            "type": "swe",
            "interval": "periodic",
            "units": "cm",
            "description": "Snow water equivalent. At automated snow-weather stations this comes from a snow pillow recorded hourly to 3-hourly; at snow courses it is the average of a 10-point manual survey. Native API unit is mm; returned here in cm (\u00f7 10).",
            "notes": "Native units: mm. Snow course values carry a flag of 'Actual' (measured depth and SWE) or 'Estimated SWE' (measured depth with SWE estimated from historical average density).",
            "begin_date": "1983-02-01",
            "end_date": "1985-05-01",
            "n_obs": null
          },
          {
            "name": "snwd_cm",
            "type": "snwd",
            "interval": "periodic",
            "units": "cm",
            "description": "Snow depth from an automated sensor (Yukon and ECCC stations) or from a 10-point manual snow course survey. Native API unit is cm.",
            "notes": "Native units: cm. NB: /snow-survey/data leaves the units field empty for this parameter; cm is confirmed by the /snow-survey/stats field name 'max_DEPTH_cm'.",
            "begin_date": "1983-02-01",
            "end_date": "1985-05-01",
            "n_obs": null
          }
        ],
        "has_daily_swe": false,
        "has_daily_snwd": false,
        "daily_or_better": false,
        "daily_verified": false,
        "daily_provenance": "none",
        "possible_duplicates": null,
        "metadata_fetched_at": "2026-08-04",
        "station_type": "SC",
        "network": "Yukon Snow Survey Network",
        "dataset_url": "https://open.yukon.ca/data/yukon-snow-survey-network",
        "sub_basin": "",
        "first_survey": "1983-02-01",
        "last_survey": "1985-05-01"
      }
    },
    {
      "type": "Feature",
      "geometry": {
        "type": "Point",
        "coordinates": [
          -137.333333333333,
          62.8333333333333
        ]
      },
      "properties": {
        "code": "09CD-SC03",
        "name": "Pelly Farm Snow Course",
        "latitude": 62.8333333333333,
        "longitude": -137.333333333333,
        "elevation_m": 472.0,
        "state": "YT",
        "network_code": "YSS",
        "operator": "Yukon Government Department of Environment, Water Science and Stewardship",
        "client": "yukon",
        "data_provider": "Yukon Water Data (AquaCache)",
        "status": "Active",
        "is_active": true,
        "begin_date": "1986-03-01",
        "end_date": null,
        "earliest_record_date": null,
        "latest_record_date": null,
        "station_url": "https://service.yukon.ca/water-data/shiny/?page=home&lang=en",
        "station_image_url": null,
        "station_camera_url": null,
        "notes": null,
        "data_variables": [
          {
            "name": "swe_mm",
            "type": "swe",
            "interval": "periodic",
            "units": "cm",
            "description": "Snow water equivalent. At automated snow-weather stations this comes from a snow pillow recorded hourly to 3-hourly; at snow courses it is the average of a 10-point manual survey. Native API unit is mm; returned here in cm (\u00f7 10).",
            "notes": "Native units: mm. Snow course values carry a flag of 'Actual' (measured depth and SWE) or 'Estimated SWE' (measured depth with SWE estimated from historical average density).",
            "begin_date": "1986-03-01",
            "end_date": "2026-05-01",
            "n_obs": null
          },
          {
            "name": "snwd_cm",
            "type": "snwd",
            "interval": "periodic",
            "units": "cm",
            "description": "Snow depth from an automated sensor (Yukon and ECCC stations) or from a 10-point manual snow course survey. Native API unit is cm.",
            "notes": "Native units: cm. NB: /snow-survey/data leaves the units field empty for this parameter; cm is confirmed by the /snow-survey/stats field name 'max_DEPTH_cm'.",
            "begin_date": "1986-03-01",
            "end_date": "2026-05-01",
            "n_obs": null
          }
        ],
        "has_daily_swe": false,
        "has_daily_snwd": false,
        "daily_or_better": false,
        "daily_verified": false,
        "daily_provenance": "none",
        "possible_duplicates": null,
        "metadata_fetched_at": "2026-08-04",
        "station_type": "SC",
        "network": "Yukon Snow Survey Network",
        "dataset_url": "https://open.yukon.ca/data/yukon-snow-survey-network",
        "sub_basin": "",
        "first_survey": "1986-03-01",
        "last_survey": "2026-05-01"
      }
    },
    {
      "type": "Feature",
      "geometry": {
        "type": "Point",
        "coordinates": [
          -132.044111111111,
          63.5058055555556
        ]
      },
      "properties": {
        "code": "09DA-SC01",
        "name": "Plata Airstrip Snow Course",
        "latitude": 63.5058055555556,
        "longitude": -132.044111111111,
        "elevation_m": 830.0,
        "state": "YT",
        "network_code": "YSS",
        "operator": "Yukon Government Department of Environment, Water Science and Stewardship",
        "client": "yukon",
        "data_provider": "Yukon Water Data (AquaCache)",
        "status": "Active",
        "is_active": true,
        "begin_date": "1978-02-01",
        "end_date": null,
        "earliest_record_date": null,
        "latest_record_date": null,
        "station_url": "https://service.yukon.ca/water-data/shiny/?page=home&lang=en",
        "station_image_url": null,
        "station_camera_url": null,
        "notes": null,
        "data_variables": [
          {
            "name": "swe_mm",
            "type": "swe",
            "interval": "periodic",
            "units": "cm",
            "description": "Snow water equivalent. At automated snow-weather stations this comes from a snow pillow recorded hourly to 3-hourly; at snow courses it is the average of a 10-point manual survey. Native API unit is mm; returned here in cm (\u00f7 10).",
            "notes": "Native units: mm. Snow course values carry a flag of 'Actual' (measured depth and SWE) or 'Estimated SWE' (measured depth with SWE estimated from historical average density).",
            "begin_date": "1978-02-01",
            "end_date": "2026-05-01",
            "n_obs": null
          },
          {
            "name": "snwd_cm",
            "type": "snwd",
            "interval": "periodic",
            "units": "cm",
            "description": "Snow depth from an automated sensor (Yukon and ECCC stations) or from a 10-point manual snow course survey. Native API unit is cm.",
            "notes": "Native units: cm. NB: /snow-survey/data leaves the units field empty for this parameter; cm is confirmed by the /snow-survey/stats field name 'max_DEPTH_cm'.",
            "begin_date": "1978-02-01",
            "end_date": "2026-05-01",
            "n_obs": null
          }
        ],
        "has_daily_swe": false,
        "has_daily_snwd": false,
        "daily_or_better": false,
        "daily_verified": false,
        "daily_provenance": "none",
        "possible_duplicates": null,
        "metadata_fetched_at": "2026-08-04",
        "station_type": "SC",
        "network": "Yukon Snow Survey Network",
        "dataset_url": "https://open.yukon.ca/data/yukon-snow-survey-network",
        "sub_basin": "",
        "first_survey": "1978-02-01",
        "last_survey": "2026-05-01"
      }
    },
    {
      "type": "Feature",
      "geometry": {
        "type": "Point",
        "coordinates": [
          -131.170305555556,
          63.7027222222222
        ]
      },
      "properties": {
        "code": "09DA-SC02",
        "name": "Arrowhead Lake Snow Course",
        "latitude": 63.7027222222222,
        "longitude": -131.170305555556,
        "elevation_m": 1120.0,
        "state": "YT",
        "network_code": "YSS",
        "operator": "Yukon Government Department of Environment, Water Science and Stewardship",
        "client": "yukon",
        "data_provider": "Yukon Water Data (AquaCache)",
        "status": "Inactive",
        "is_active": false,
        "begin_date": "1986-03-01",
        "end_date": null,
        "earliest_record_date": null,
        "latest_record_date": null,
        "station_url": "https://service.yukon.ca/water-data/shiny/?page=home&lang=en",
        "station_image_url": null,
        "station_camera_url": null,
        "notes": null,
        "data_variables": [
          {
            "name": "swe_mm",
            "type": "swe",
            "interval": "periodic",
            "units": "cm",
            "description": "Snow water equivalent. At automated snow-weather stations this comes from a snow pillow recorded hourly to 3-hourly; at snow courses it is the average of a 10-point manual survey. Native API unit is mm; returned here in cm (\u00f7 10).",
            "notes": "Native units: mm. Snow course values carry a flag of 'Actual' (measured depth and SWE) or 'Estimated SWE' (measured depth with SWE estimated from historical average density).",
            "begin_date": "1986-03-01",
            "end_date": "2010-05-01",
            "n_obs": null
          },
          {
            "name": "snwd_cm",
            "type": "snwd",
            "interval": "periodic",
            "units": "cm",
            "description": "Snow depth from an automated sensor (Yukon and ECCC stations) or from a 10-point manual snow course survey. Native API unit is cm.",
            "notes": "Native units: cm. NB: /snow-survey/data leaves the units field empty for this parameter; cm is confirmed by the /snow-survey/stats field name 'max_DEPTH_cm'.",
            "begin_date": "1986-03-01",
            "end_date": "2010-05-01",
            "n_obs": null
          }
        ],
        "has_daily_swe": false,
        "has_daily_snwd": false,
        "daily_or_better": false,
        "daily_verified": false,
        "daily_provenance": "none",
        "possible_duplicates": null,
        "metadata_fetched_at": "2026-08-04",
        "station_type": "SC",
        "network": "Yukon Snow Survey Network",
        "dataset_url": "https://open.yukon.ca/data/yukon-snow-survey-network",
        "sub_basin": "",
        "first_survey": "1986-03-01",
        "last_survey": "2010-05-01"
      }
    },
    {
      "type": "Feature",
      "geometry": {
        "type": "Point",
        "coordinates": [
          -132.297827,
          63.980283
        ]
      },
      "properties": {
        "code": "09DB-M1",
        "name": "Withers Lake Meteorological",
        "latitude": 63.980283,
        "longitude": -132.297827,
        "elevation_m": 980.0,
        "state": "YT",
        "network_code": "YSS",
        "operator": "Yukon Government Department of Environment, Water Science and Stewardship",
        "client": "yukon",
        "data_provider": "Yukon Water Data (AquaCache)",
        "status": "Active",
        "is_active": true,
        "begin_date": null,
        "end_date": null,
        "earliest_record_date": null,
        "latest_record_date": null,
        "station_url": "https://service.yukon.ca/water-data/shiny/?page=home&lang=en",
        "station_image_url": null,
        "station_camera_url": null,
        "notes": null,
        "data_variables": [
          {
            "name": "soil_moisture_pct",
            "type": "other",
            "interval": "sub_daily",
            "units": "%",
            "description": "Volumetric soil moisture content.",
            "notes": "Native units: %. AquaCache timeseries 1766, aggregation 'instantaneous', recording rate '03:00:00'.",
            "begin_date": "2019-07-17",
            "end_date": "2026-08-04",
            "n_obs": null
          },
          {
            "name": "rel_humidity_pct",
            "type": "rh",
            "interval": "sub_daily",
            "units": "%",
            "description": "Relative humidity.",
            "notes": "Native units: %. AquaCache timeseries 1767, aggregation 'instantaneous', recording rate '03:00:00'.",
            "begin_date": "2025-08-28",
            "end_date": "2026-08-04",
            "n_obs": null
          },
          {
            "name": "precip_total_mm",
            "type": "precip",
            "interval": "sub_daily",
            "units": "mm",
            "description": "Total precipitation accumulated over the recording interval.",
            "notes": "Aggregation type 'sum'. Returned in native mm without conversion, as in the DataBC client. AquaCache timeseries 1776, aggregation 'sum', recording rate '03:00:00'.",
            "begin_date": "2012-09-20",
            "end_date": "2026-08-04",
            "n_obs": null
          },
          {
            "name": "swe_mm",
            "type": "swe",
            "interval": "hourly",
            "units": "cm",
            "description": "Snow water equivalent. At automated snow-weather stations this comes from a snow pillow recorded hourly to 3-hourly; at snow courses it is the average of a 10-point manual survey. Native API unit is mm; returned here in cm (\u00f7 10).",
            "notes": "Native units: mm. Snow course values carry a flag of 'Actual' (measured depth and SWE) or 'Estimated SWE' (measured depth with SWE estimated from historical average density). AquaCache timeseries 75, aggregation 'instantaneous', recording rate '01:00:00'.",
            "begin_date": "1988-10-08",
            "end_date": "2026-08-04",
            "n_obs": null
          },
          {
            "name": "snwd_cm",
            "type": "snwd",
            "interval": "hourly",
            "units": "cm",
            "description": "Snow depth from an automated sensor (Yukon and ECCC stations) or from a 10-point manual snow course survey. Native API unit is cm.",
            "notes": "Native units: cm. NB: /snow-survey/data leaves the units field empty for this parameter; cm is confirmed by the /snow-survey/stats field name 'max_DEPTH_cm'. AquaCache timeseries 76, aggregation 'instantaneous', recording rate '01:00:00'.",
            "begin_date": "2009-11-09",
            "end_date": "2026-08-04",
            "n_obs": null
          }
        ],
        "has_daily_swe": true,
        "has_daily_snwd": true,
        "daily_or_better": true,
        "daily_verified": false,
        "daily_provenance": "native",
        "possible_duplicates": null,
        "metadata_fetched_at": "2026-08-04",
        "station_type": "AWS",
        "network": "Yukon Snow Survey Network",
        "dataset_url": "https://open.yukon.ca/data/yukon-snow-survey-network"
      }
    },
    {
      "type": "Feature",
      "geometry": {
        "type": "Point",
        "coordinates": [
          -132.297777777778,
          63.9802777777778
        ]
      },
      "properties": {
        "code": "09DB-SC01",
        "name": "Withers Lake Snow Course",
        "latitude": 63.9802777777778,
        "longitude": -132.297777777778,
        "elevation_m": 975.0,
        "state": "YT",
        "network_code": "YSS",
        "operator": "Yukon Government Department of Environment, Water Science and Stewardship",
        "client": "yukon",
        "data_provider": "Yukon Water Data (AquaCache)",
        "status": "Active",
        "is_active": true,
        "begin_date": "1986-03-01",
        "end_date": null,
        "earliest_record_date": null,
        "latest_record_date": null,
        "station_url": "https://service.yukon.ca/water-data/shiny/?page=home&lang=en",
        "station_image_url": null,
        "station_camera_url": null,
        "notes": null,
        "data_variables": [
          {
            "name": "swe_mm",
            "type": "swe",
            "interval": "periodic",
            "units": "cm",
            "description": "Snow water equivalent. At automated snow-weather stations this comes from a snow pillow recorded hourly to 3-hourly; at snow courses it is the average of a 10-point manual survey. Native API unit is mm; returned here in cm (\u00f7 10).",
            "notes": "Native units: mm. Snow course values carry a flag of 'Actual' (measured depth and SWE) or 'Estimated SWE' (measured depth with SWE estimated from historical average density).",
            "begin_date": "1986-03-01",
            "end_date": "2026-05-01",
            "n_obs": null
          },
          {
            "name": "snwd_cm",
            "type": "snwd",
            "interval": "periodic",
            "units": "cm",
            "description": "Snow depth from an automated sensor (Yukon and ECCC stations) or from a 10-point manual snow course survey. Native API unit is cm.",
            "notes": "Native units: cm. NB: /snow-survey/data leaves the units field empty for this parameter; cm is confirmed by the /snow-survey/stats field name 'max_DEPTH_cm'.",
            "begin_date": "1986-03-01",
            "end_date": "2026-05-01",
            "n_obs": null
          }
        ],
        "has_daily_swe": false,
        "has_daily_snwd": false,
        "daily_or_better": false,
        "daily_verified": false,
        "daily_provenance": "none",
        "possible_duplicates": null,
        "metadata_fetched_at": "2026-08-04",
        "station_type": "SC",
        "network": "Yukon Snow Survey Network",
        "dataset_url": "https://open.yukon.ca/data/yukon-snow-survey-network",
        "sub_basin": "",
        "first_survey": "1986-03-01",
        "last_survey": "2026-05-01"
      }
    },
    {
      "type": "Feature",
      "geometry": {
        "type": "Point",
        "coordinates": [
          -133.244222222222,
          64.2924166666667
        ]
      },
      "properties": {
        "code": "09DB-SC02",
        "name": "Rackla Lake Snow Course",
        "latitude": 64.2924166666667,
        "longitude": -133.244222222222,
        "elevation_m": 1040.0,
        "state": "YT",
        "network_code": "YSS",
        "operator": "Yukon Government Department of Environment, Water Science and Stewardship",
        "client": "yukon",
        "data_provider": "Yukon Water Data (AquaCache)",
        "status": "Active",
        "is_active": true,
        "begin_date": "1987-03-01",
        "end_date": null,
        "earliest_record_date": null,
        "latest_record_date": null,
        "station_url": "https://service.yukon.ca/water-data/shiny/?page=home&lang=en",
        "station_image_url": null,
        "station_camera_url": null,
        "notes": null,
        "data_variables": [
          {
            "name": "swe_mm",
            "type": "swe",
            "interval": "periodic",
            "units": "cm",
            "description": "Snow water equivalent. At automated snow-weather stations this comes from a snow pillow recorded hourly to 3-hourly; at snow courses it is the average of a 10-point manual survey. Native API unit is mm; returned here in cm (\u00f7 10).",
            "notes": "Native units: mm. Snow course values carry a flag of 'Actual' (measured depth and SWE) or 'Estimated SWE' (measured depth with SWE estimated from historical average density).",
            "begin_date": "1987-03-01",
            "end_date": "2026-05-01",
            "n_obs": null
          },
          {
            "name": "snwd_cm",
            "type": "snwd",
            "interval": "periodic",
            "units": "cm",
            "description": "Snow depth from an automated sensor (Yukon and ECCC stations) or from a 10-point manual snow course survey. Native API unit is cm.",
            "notes": "Native units: cm. NB: /snow-survey/data leaves the units field empty for this parameter; cm is confirmed by the /snow-survey/stats field name 'max_DEPTH_cm'.",
            "begin_date": "1987-03-01",
            "end_date": "2026-05-01",
            "n_obs": null
          }
        ],
        "has_daily_swe": false,
        "has_daily_snwd": false,
        "daily_or_better": false,
        "daily_verified": false,
        "daily_provenance": "none",
        "possible_duplicates": null,
        "metadata_fetched_at": "2026-08-04",
        "station_type": "SC",
        "network": "Yukon Snow Survey Network",
        "dataset_url": "https://open.yukon.ca/data/yukon-snow-survey-network",
        "sub_basin": "",
        "first_survey": "1987-03-01",
        "last_survey": "2026-05-01"
      }
    },
    {
      "type": "Feature",
      "geometry": {
        "type": "Point",
        "coordinates": [
          -135.893840789795,
          63.6280510757328
        ]
      },
      "properties": {
        "code": "09DC-SC01",
        "name": "Mayo Airport Snow Course",
        "latitude": 63.6280510757328,
        "longitude": -135.893840789795,
        "elevation_m": 548.5,
        "state": "YT",
        "network_code": "YSS",
        "operator": "Yukon Government Department of Environment, Water Science and Stewardship",
        "client": "yukon",
        "data_provider": "Yukon Water Data (AquaCache)",
        "status": "Inactive",
        "is_active": false,
        "begin_date": null,
        "end_date": null,
        "earliest_record_date": null,
        "latest_record_date": null,
        "station_url": "https://service.yukon.ca/water-data/shiny/?page=home&lang=en",
        "station_image_url": null,
        "station_camera_url": null,
        "notes": "composite record; 09DC-SC01A (Mayo Airport A) and 09DC-SC01B (Mayo Airport B) combined (non-weighted average results) Listed in /locations but absent from /snow-survey/metadata; no survey rows are published under this code.",
        "data_variables": [
          {
            "name": "swe_mm",
            "type": "swe",
            "interval": "periodic",
            "units": "cm",
            "description": "Snow water equivalent. At automated snow-weather stations this comes from a snow pillow recorded hourly to 3-hourly; at snow courses it is the average of a 10-point manual survey. Native API unit is mm; returned here in cm (\u00f7 10).",
            "notes": "Native units: mm. Snow course values carry a flag of 'Actual' (measured depth and SWE) or 'Estimated SWE' (measured depth with SWE estimated from historical average density).",
            "begin_date": null,
            "end_date": null,
            "n_obs": null
          },
          {
            "name": "snwd_cm",
            "type": "snwd",
            "interval": "periodic",
            "units": "cm",
            "description": "Snow depth from an automated sensor (Yukon and ECCC stations) or from a 10-point manual snow course survey. Native API unit is cm.",
            "notes": "Native units: cm. NB: /snow-survey/data leaves the units field empty for this parameter; cm is confirmed by the /snow-survey/stats field name 'max_DEPTH_cm'.",
            "begin_date": null,
            "end_date": null,
            "n_obs": null
          }
        ],
        "has_daily_swe": false,
        "has_daily_snwd": false,
        "daily_or_better": false,
        "daily_verified": false,
        "daily_provenance": "none",
        "possible_duplicates": null,
        "metadata_fetched_at": "2026-08-04",
        "station_type": "SC",
        "network": "Yukon Snow Survey Network",
        "dataset_url": "https://open.yukon.ca/data/yukon-snow-survey-network",
        "sub_basin": "",
        "first_survey": "",
        "last_survey": ""
      }
    },
    {
      "type": "Feature",
      "geometry": {
        "type": "Point",
        "coordinates": [
          -135.883333333333,
          63.6333333333333
        ]
      },
      "properties": {
        "code": "09DC-SC01A",
        "name": "Mayo Airport A Snow Course",
        "latitude": 63.6333333333333,
        "longitude": -135.883333333333,
        "elevation_m": 547.0,
        "state": "YT",
        "network_code": "YSS",
        "operator": "Yukon Government Department of Environment, Water Science and Stewardship",
        "client": "yukon",
        "data_provider": "Yukon Water Data (AquaCache)",
        "status": "Active",
        "is_active": true,
        "begin_date": "1968-02-01",
        "end_date": null,
        "earliest_record_date": null,
        "latest_record_date": null,
        "station_url": "https://service.yukon.ca/water-data/shiny/?page=home&lang=en",
        "station_image_url": null,
        "station_camera_url": null,
        "notes": null,
        "data_variables": [
          {
            "name": "swe_mm",
            "type": "swe",
            "interval": "periodic",
            "units": "cm",
            "description": "Snow water equivalent. At automated snow-weather stations this comes from a snow pillow recorded hourly to 3-hourly; at snow courses it is the average of a 10-point manual survey. Native API unit is mm; returned here in cm (\u00f7 10).",
            "notes": "Native units: mm. Snow course values carry a flag of 'Actual' (measured depth and SWE) or 'Estimated SWE' (measured depth with SWE estimated from historical average density).",
            "begin_date": "1968-02-01",
            "end_date": "2026-05-01",
            "n_obs": null
          },
          {
            "name": "snwd_cm",
            "type": "snwd",
            "interval": "periodic",
            "units": "cm",
            "description": "Snow depth from an automated sensor (Yukon and ECCC stations) or from a 10-point manual snow course survey. Native API unit is cm.",
            "notes": "Native units: cm. NB: /snow-survey/data leaves the units field empty for this parameter; cm is confirmed by the /snow-survey/stats field name 'max_DEPTH_cm'.",
            "begin_date": "1968-02-01",
            "end_date": "2026-05-01",
            "n_obs": null
          }
        ],
        "has_daily_swe": false,
        "has_daily_snwd": false,
        "daily_or_better": false,
        "daily_verified": false,
        "daily_provenance": "none",
        "possible_duplicates": null,
        "metadata_fetched_at": "2026-08-04",
        "station_type": "SC",
        "network": "Yukon Snow Survey Network",
        "dataset_url": "https://open.yukon.ca/data/yukon-snow-survey-network",
        "sub_basin": "",
        "first_survey": "1968-02-01",
        "last_survey": "2026-05-01"
      }
    },
    {
      "type": "Feature",
      "geometry": {
        "type": "Point",
        "coordinates": [
          -135.885000228882,
          63.6373141102028
        ]
      },
      "properties": {
        "code": "09DC-SC01B",
        "name": "Mayo Airport B Snow Course",
        "latitude": 63.6373141102028,
        "longitude": -135.885000228882,
        "elevation_m": 550.0,
        "state": "YT",
        "network_code": "YSS",
        "operator": "Yukon Government Department of Environment, Water Science and Stewardship",
        "client": "yukon",
        "data_provider": "Yukon Water Data (AquaCache)",
        "status": "Active",
        "is_active": true,
        "begin_date": "1987-03-01",
        "end_date": null,
        "earliest_record_date": null,
        "latest_record_date": null,
        "station_url": "https://service.yukon.ca/water-data/shiny/?page=home&lang=en",
        "station_image_url": null,
        "station_camera_url": null,
        "notes": "Sampled at the same time as Mayo Airport A, with 5 survey points taken at A and 5 at B.",
        "data_variables": [
          {
            "name": "swe_mm",
            "type": "swe",
            "interval": "periodic",
            "units": "cm",
            "description": "Snow water equivalent. At automated snow-weather stations this comes from a snow pillow recorded hourly to 3-hourly; at snow courses it is the average of a 10-point manual survey. Native API unit is mm; returned here in cm (\u00f7 10).",
            "notes": "Native units: mm. Snow course values carry a flag of 'Actual' (measured depth and SWE) or 'Estimated SWE' (measured depth with SWE estimated from historical average density).",
            "begin_date": "1987-03-01",
            "end_date": "2026-05-01",
            "n_obs": null
          },
          {
            "name": "snwd_cm",
            "type": "snwd",
            "interval": "periodic",
            "units": "cm",
            "description": "Snow depth from an automated sensor (Yukon and ECCC stations) or from a 10-point manual snow course survey. Native API unit is cm.",
            "notes": "Native units: cm. NB: /snow-survey/data leaves the units field empty for this parameter; cm is confirmed by the /snow-survey/stats field name 'max_DEPTH_cm'.",
            "begin_date": "1987-03-01",
            "end_date": "2026-05-01",
            "n_obs": null
          }
        ],
        "has_daily_swe": false,
        "has_daily_snwd": false,
        "daily_or_better": false,
        "daily_verified": false,
        "daily_provenance": "none",
        "possible_duplicates": null,
        "metadata_fetched_at": "2026-08-04",
        "station_type": "SC",
        "network": "Yukon Snow Survey Network",
        "dataset_url": "https://open.yukon.ca/data/yukon-snow-survey-network",
        "sub_basin": "",
        "first_survey": "1987-03-01",
        "last_survey": "2026-05-01"
      }
    },
    {
      "type": "Feature",
      "geometry": {
        "type": "Point",
        "coordinates": [
          -134.297166666667,
          63.6956111111111
        ]
      },
      "properties": {
        "code": "09DC-SC02",
        "name": "Edwards Lake Snow Course",
        "latitude": 63.6956111111111,
        "longitude": -134.297166666667,
        "elevation_m": 830.0,
        "state": "YT",
        "network_code": "YSS",
        "operator": "Yukon Government Department of Environment, Water Science and Stewardship",
        "client": "yukon",
        "data_provider": "Yukon Water Data (AquaCache)",
        "status": "Active",
        "is_active": true,
        "begin_date": "1987-03-01",
        "end_date": null,
        "earliest_record_date": null,
        "latest_record_date": null,
        "station_url": "https://service.yukon.ca/water-data/shiny/?page=home&lang=en",
        "station_image_url": null,
        "station_camera_url": null,
        "notes": null,
        "data_variables": [
          {
            "name": "swe_mm",
            "type": "swe",
            "interval": "periodic",
            "units": "cm",
            "description": "Snow water equivalent. At automated snow-weather stations this comes from a snow pillow recorded hourly to 3-hourly; at snow courses it is the average of a 10-point manual survey. Native API unit is mm; returned here in cm (\u00f7 10).",
            "notes": "Native units: mm. Snow course values carry a flag of 'Actual' (measured depth and SWE) or 'Estimated SWE' (measured depth with SWE estimated from historical average density).",
            "begin_date": "1987-03-01",
            "end_date": "2026-05-01",
            "n_obs": null
          },
          {
            "name": "snwd_cm",
            "type": "snwd",
            "interval": "periodic",
            "units": "cm",
            "description": "Snow depth from an automated sensor (Yukon and ECCC stations) or from a 10-point manual snow course survey. Native API unit is cm.",
            "notes": "Native units: cm. NB: /snow-survey/data leaves the units field empty for this parameter; cm is confirmed by the /snow-survey/stats field name 'max_DEPTH_cm'.",
            "begin_date": "1987-03-01",
            "end_date": "2026-05-01",
            "n_obs": null
          }
        ],
        "has_daily_swe": false,
        "has_daily_snwd": false,
        "daily_or_better": false,
        "daily_verified": false,
        "daily_provenance": "none",
        "possible_duplicates": null,
        "metadata_fetched_at": "2026-08-04",
        "station_type": "SC",
        "network": "Yukon Snow Survey Network",
        "dataset_url": "https://open.yukon.ca/data/yukon-snow-survey-network",
        "sub_basin": "",
        "first_survey": "1987-03-01",
        "last_survey": "2026-05-01"
      }
    },
    {
      "type": "Feature",
      "geometry": {
        "type": "Point",
        "coordinates": [
          -135.404434204102,
          63.9185538717501
        ]
      },
      "properties": {
        "code": "09DD-SC01",
        "name": "Calumet Snow Course",
        "latitude": 63.9185538717501,
        "longitude": -135.404434204102,
        "elevation_m": 1310.0,
        "state": "YT",
        "network_code": "YSS",
        "operator": "Yukon Government Department of Environment, Water Science and Stewardship",
        "client": "yukon",
        "data_provider": "Yukon Water Data (AquaCache)",
        "status": "Active",
        "is_active": true,
        "begin_date": "1975-03-01",
        "end_date": null,
        "earliest_record_date": null,
        "latest_record_date": null,
        "station_url": "https://service.yukon.ca/water-data/shiny/?page=home&lang=en",
        "station_image_url": null,
        "station_camera_url": null,
        "notes": null,
        "data_variables": [
          {
            "name": "swe_mm",
            "type": "swe",
            "interval": "periodic",
            "units": "cm",
            "description": "Snow water equivalent. At automated snow-weather stations this comes from a snow pillow recorded hourly to 3-hourly; at snow courses it is the average of a 10-point manual survey. Native API unit is mm; returned here in cm (\u00f7 10).",
            "notes": "Native units: mm. Snow course values carry a flag of 'Actual' (measured depth and SWE) or 'Estimated SWE' (measured depth with SWE estimated from historical average density).",
            "begin_date": "1975-03-01",
            "end_date": "2026-05-01",
            "n_obs": null
          },
          {
            "name": "snwd_cm",
            "type": "snwd",
            "interval": "periodic",
            "units": "cm",
            "description": "Snow depth from an automated sensor (Yukon and ECCC stations) or from a 10-point manual snow course survey. Native API unit is cm.",
            "notes": "Native units: cm. NB: /snow-survey/data leaves the units field empty for this parameter; cm is confirmed by the /snow-survey/stats field name 'max_DEPTH_cm'.",
            "begin_date": "1975-03-01",
            "end_date": "2026-05-01",
            "n_obs": null
          }
        ],
        "has_daily_swe": false,
        "has_daily_snwd": false,
        "daily_or_better": false,
        "daily_verified": false,
        "daily_provenance": "none",
        "possible_duplicates": null,
        "metadata_fetched_at": "2026-08-04",
        "station_type": "SC",
        "network": "Yukon Snow Survey Network",
        "dataset_url": "https://open.yukon.ca/data/yukon-snow-survey-network",
        "sub_basin": "",
        "first_survey": "1975-03-01",
        "last_survey": "2026-05-01"
      }
    },
    {
      "type": "Feature",
      "geometry": {
        "type": "Point",
        "coordinates": [
          -135.25,
          63.9333333333333
        ]
      },
      "properties": {
        "code": "09DD-SC02",
        "name": "Keno Hill Snow Course",
        "latitude": 63.9333333333333,
        "longitude": -135.25,
        "elevation_m": 1355.0,
        "state": "YT",
        "network_code": "YSS",
        "operator": "Yukon Government Department of Environment, Water Science and Stewardship",
        "client": "yukon",
        "data_provider": "Yukon Water Data (AquaCache)",
        "status": "Inactive",
        "is_active": false,
        "begin_date": "1975-03-01",
        "end_date": null,
        "earliest_record_date": null,
        "latest_record_date": null,
        "station_url": "https://service.yukon.ca/water-data/shiny/?page=home&lang=en",
        "station_image_url": null,
        "station_camera_url": null,
        "notes": null,
        "data_variables": [
          {
            "name": "swe_mm",
            "type": "swe",
            "interval": "periodic",
            "units": "cm",
            "description": "Snow water equivalent. At automated snow-weather stations this comes from a snow pillow recorded hourly to 3-hourly; at snow courses it is the average of a 10-point manual survey. Native API unit is mm; returned here in cm (\u00f7 10).",
            "notes": "Native units: mm. Snow course values carry a flag of 'Actual' (measured depth and SWE) or 'Estimated SWE' (measured depth with SWE estimated from historical average density).",
            "begin_date": "1975-03-01",
            "end_date": "1981-02-01",
            "n_obs": null
          },
          {
            "name": "snwd_cm",
            "type": "snwd",
            "interval": "periodic",
            "units": "cm",
            "description": "Snow depth from an automated sensor (Yukon and ECCC stations) or from a 10-point manual snow course survey. Native API unit is cm.",
            "notes": "Native units: cm. NB: /snow-survey/data leaves the units field empty for this parameter; cm is confirmed by the /snow-survey/stats field name 'max_DEPTH_cm'.",
            "begin_date": "1975-03-01",
            "end_date": "1981-02-01",
            "n_obs": null
          }
        ],
        "has_daily_swe": false,
        "has_daily_snwd": false,
        "daily_or_better": false,
        "daily_verified": false,
        "daily_provenance": "none",
        "possible_duplicates": null,
        "metadata_fetched_at": "2026-08-04",
        "station_type": "SC",
        "network": "Yukon Snow Survey Network",
        "dataset_url": "https://open.yukon.ca/data/yukon-snow-survey-network",
        "sub_basin": "",
        "first_survey": "1975-03-01",
        "last_survey": "1981-02-01"
      }
    },
    {
      "type": "Feature",
      "geometry": {
        "type": "Point",
        "coordinates": [
          -136.683333333333,
          63.3666666666667
        ]
      },
      "properties": {
        "code": "09DD-SC03",
        "name": "Stewart Crossing A Snow Course",
        "latitude": 63.3666666666667,
        "longitude": -136.683333333333,
        "elevation_m": 610.0,
        "state": "YT",
        "network_code": "YSS",
        "operator": "Yukon Government Department of Environment, Water Science and Stewardship",
        "client": "yukon",
        "data_provider": "Yukon Water Data (AquaCache)",
        "status": "Inactive",
        "is_active": false,
        "begin_date": "1983-02-01",
        "end_date": null,
        "earliest_record_date": null,
        "latest_record_date": null,
        "station_url": "https://service.yukon.ca/water-data/shiny/?page=home&lang=en",
        "station_image_url": null,
        "station_camera_url": null,
        "notes": null,
        "data_variables": [
          {
            "name": "swe_mm",
            "type": "swe",
            "interval": "periodic",
            "units": "cm",
            "description": "Snow water equivalent. At automated snow-weather stations this comes from a snow pillow recorded hourly to 3-hourly; at snow courses it is the average of a 10-point manual survey. Native API unit is mm; returned here in cm (\u00f7 10).",
            "notes": "Native units: mm. Snow course values carry a flag of 'Actual' (measured depth and SWE) or 'Estimated SWE' (measured depth with SWE estimated from historical average density).",
            "begin_date": "1983-02-01",
            "end_date": "1985-05-15",
            "n_obs": null
          },
          {
            "name": "snwd_cm",
            "type": "snwd",
            "interval": "periodic",
            "units": "cm",
            "description": "Snow depth from an automated sensor (Yukon and ECCC stations) or from a 10-point manual snow course survey. Native API unit is cm.",
            "notes": "Native units: cm. NB: /snow-survey/data leaves the units field empty for this parameter; cm is confirmed by the /snow-survey/stats field name 'max_DEPTH_cm'.",
            "begin_date": "1983-02-01",
            "end_date": "1985-05-15",
            "n_obs": null
          }
        ],
        "has_daily_swe": false,
        "has_daily_snwd": false,
        "daily_or_better": false,
        "daily_verified": false,
        "daily_provenance": "none",
        "possible_duplicates": null,
        "metadata_fetched_at": "2026-08-04",
        "station_type": "SC",
        "network": "Yukon Snow Survey Network",
        "dataset_url": "https://open.yukon.ca/data/yukon-snow-survey-network",
        "sub_basin": "",
        "first_survey": "1983-02-01",
        "last_survey": "1985-05-15"
      }
    },
    {
      "type": "Feature",
      "geometry": {
        "type": "Point",
        "coordinates": [
          -138.932418823242,
          63.8743120903535
        ]
      },
      "properties": {
        "code": "09EA-M1",
        "name": "King Solomon Dome Meteorological",
        "latitude": 63.8743120903535,
        "longitude": -138.932418823242,
        "elevation_m": 1070.0,
        "state": "YT",
        "network_code": "YSS",
        "operator": "Yukon Government Department of Environment, Water Science and Stewardship",
        "client": "yukon",
        "data_provider": "Yukon Water Data (AquaCache)",
        "status": "Active",
        "is_active": true,
        "begin_date": null,
        "end_date": null,
        "earliest_record_date": null,
        "latest_record_date": null,
        "station_url": "https://service.yukon.ca/water-data/shiny/?page=home&lang=en",
        "station_image_url": null,
        "station_camera_url": null,
        "notes": null,
        "data_variables": [
          {
            "name": "air_temp_degc",
            "type": "temp",
            "interval": "hourly",
            "units": "\u00b0C",
            "description": "Air temperature.",
            "notes": "Instantaneous series, or the ECCC daily '(min+max)/2' mean. Native units: \u00b0C. AquaCache timeseries 1219, aggregation 'instantaneous', recording rate '01:00:00'.",
            "begin_date": "2022-10-25",
            "end_date": "2026-08-04",
            "n_obs": null
          },
          {
            "name": "precip_total_mm",
            "type": "precip",
            "interval": "hourly",
            "units": "mm",
            "description": "Total precipitation accumulated over the recording interval.",
            "notes": "Aggregation type 'sum'. Returned in native mm without conversion, as in the DataBC client. AquaCache timeseries 1751, aggregation 'sum', recording rate '01:00:00'.",
            "begin_date": "2022-09-21",
            "end_date": "2026-08-04",
            "n_obs": null
          },
          {
            "name": "precip_rain_mm",
            "type": "precip",
            "interval": "hourly",
            "units": "mm",
            "description": "Rainfall accumulated over the recording interval.",
            "notes": "Aggregation type 'sum'. Native units: mm. AquaCache timeseries 1763, aggregation 'sum', recording rate '01:00:00'.",
            "begin_date": "2024-08-01",
            "end_date": "2026-08-04",
            "n_obs": null
          },
          {
            "name": "rel_humidity_pct",
            "type": "rh",
            "interval": "hourly",
            "units": "%",
            "description": "Relative humidity.",
            "notes": "Native units: %. AquaCache timeseries 1764, aggregation 'instantaneous', recording rate '01:00:00'.",
            "begin_date": "2025-10-01",
            "end_date": "2026-08-04",
            "n_obs": null
          },
          {
            "name": "soil_moisture_pct",
            "type": "other",
            "interval": "sub_daily",
            "units": "%",
            "description": "Volumetric soil moisture content.",
            "notes": "Native units: %. AquaCache timeseries 1765, aggregation 'instantaneous', recording rate '03:00:00'.",
            "begin_date": "2025-05-21",
            "end_date": "2026-08-04",
            "n_obs": null
          },
          {
            "name": "swe_mm",
            "type": "swe",
            "interval": "hourly",
            "units": "cm",
            "description": "Snow water equivalent. At automated snow-weather stations this comes from a snow pillow recorded hourly to 3-hourly; at snow courses it is the average of a 10-point manual survey. Native API unit is mm; returned here in cm (\u00f7 10).",
            "notes": "Native units: mm. Snow course values carry a flag of 'Actual' (measured depth and SWE) or 'Estimated SWE' (measured depth with SWE estimated from historical average density). AquaCache timeseries 85, aggregation 'instantaneous', recording rate '01:00:00'.",
            "begin_date": "2022-09-21",
            "end_date": "2026-08-04",
            "n_obs": null
          },
          {
            "name": "snwd_cm",
            "type": "snwd",
            "interval": "hourly",
            "units": "cm",
            "description": "Snow depth from an automated sensor (Yukon and ECCC stations) or from a 10-point manual snow course survey. Native API unit is cm.",
            "notes": "Native units: cm. NB: /snow-survey/data leaves the units field empty for this parameter; cm is confirmed by the /snow-survey/stats field name 'max_DEPTH_cm'. AquaCache timeseries 86, aggregation 'instantaneous', recording rate '01:00:00'.",
            "begin_date": "2022-10-25",
            "end_date": "2026-08-04",
            "n_obs": null
          }
        ],
        "has_daily_swe": true,
        "has_daily_snwd": true,
        "daily_or_better": true,
        "daily_verified": false,
        "daily_provenance": "native",
        "possible_duplicates": null,
        "metadata_fetched_at": "2026-08-04",
        "station_type": "AWS",
        "network": "Yukon Snow Survey Network",
        "dataset_url": "https://open.yukon.ca/data/yukon-snow-survey-network"
      }
    },
    {
      "type": "Feature",
      "geometry": {
        "type": "Point",
        "coordinates": [
          -138.931732177734,
          63.8743120903535
        ]
      },
      "properties": {
        "code": "09EA-SC01",
        "name": "King Solomon Dome Snow Course",
        "latitude": 63.8743120903535,
        "longitude": -138.931732177734,
        "elevation_m": 1070.0,
        "state": "YT",
        "network_code": "YSS",
        "operator": "Yukon Government Department of Environment, Water Science and Stewardship",
        "client": "yukon",
        "data_provider": "Yukon Water Data (AquaCache)",
        "status": "Active",
        "is_active": true,
        "begin_date": "1975-03-01",
        "end_date": null,
        "earliest_record_date": null,
        "latest_record_date": null,
        "station_url": "https://service.yukon.ca/water-data/shiny/?page=home&lang=en",
        "station_image_url": null,
        "station_camera_url": null,
        "notes": null,
        "data_variables": [
          {
            "name": "swe_mm",
            "type": "swe",
            "interval": "periodic",
            "units": "cm",
            "description": "Snow water equivalent. At automated snow-weather stations this comes from a snow pillow recorded hourly to 3-hourly; at snow courses it is the average of a 10-point manual survey. Native API unit is mm; returned here in cm (\u00f7 10).",
            "notes": "Native units: mm. Snow course values carry a flag of 'Actual' (measured depth and SWE) or 'Estimated SWE' (measured depth with SWE estimated from historical average density).",
            "begin_date": "1975-03-01",
            "end_date": "2026-05-01",
            "n_obs": null
          },
          {
            "name": "snwd_cm",
            "type": "snwd",
            "interval": "periodic",
            "units": "cm",
            "description": "Snow depth from an automated sensor (Yukon and ECCC stations) or from a 10-point manual snow course survey. Native API unit is cm.",
            "notes": "Native units: cm. NB: /snow-survey/data leaves the units field empty for this parameter; cm is confirmed by the /snow-survey/stats field name 'max_DEPTH_cm'.",
            "begin_date": "1975-03-01",
            "end_date": "2026-05-01",
            "n_obs": null
          }
        ],
        "has_daily_swe": false,
        "has_daily_snwd": false,
        "daily_or_better": false,
        "daily_verified": false,
        "daily_provenance": "none",
        "possible_duplicates": null,
        "metadata_fetched_at": "2026-08-04",
        "station_type": "SC",
        "network": "Yukon Snow Survey Network",
        "dataset_url": "https://open.yukon.ca/data/yukon-snow-survey-network",
        "sub_basin": "",
        "first_survey": "1975-03-01",
        "last_survey": "2026-05-01"
      }
    },
    {
      "type": "Feature",
      "geometry": {
        "type": "Point",
        "coordinates": [
          -138.266666666667,
          64.4333333333333
        ]
      },
      "properties": {
        "code": "09EA-SC02",
        "name": "Grizzly Creek Snow Course",
        "latitude": 64.4333333333333,
        "longitude": -138.266666666667,
        "elevation_m": 975.0,
        "state": "YT",
        "network_code": "YSS",
        "operator": "Yukon Government Department of Environment, Water Science and Stewardship",
        "client": "yukon",
        "data_provider": "Yukon Water Data (AquaCache)",
        "status": "Active",
        "is_active": true,
        "begin_date": "1975-03-01",
        "end_date": null,
        "earliest_record_date": null,
        "latest_record_date": null,
        "station_url": "https://service.yukon.ca/water-data/shiny/?page=home&lang=en",
        "station_image_url": null,
        "station_camera_url": null,
        "notes": null,
        "data_variables": [
          {
            "name": "swe_mm",
            "type": "swe",
            "interval": "periodic",
            "units": "cm",
            "description": "Snow water equivalent. At automated snow-weather stations this comes from a snow pillow recorded hourly to 3-hourly; at snow courses it is the average of a 10-point manual survey. Native API unit is mm; returned here in cm (\u00f7 10).",
            "notes": "Native units: mm. Snow course values carry a flag of 'Actual' (measured depth and SWE) or 'Estimated SWE' (measured depth with SWE estimated from historical average density).",
            "begin_date": "1975-03-01",
            "end_date": "2026-05-01",
            "n_obs": null
          },
          {
            "name": "snwd_cm",
            "type": "snwd",
            "interval": "periodic",
            "units": "cm",
            "description": "Snow depth from an automated sensor (Yukon and ECCC stations) or from a 10-point manual snow course survey. Native API unit is cm.",
            "notes": "Native units: cm. NB: /snow-survey/data leaves the units field empty for this parameter; cm is confirmed by the /snow-survey/stats field name 'max_DEPTH_cm'.",
            "begin_date": "1975-03-01",
            "end_date": "2026-05-01",
            "n_obs": null
          }
        ],
        "has_daily_swe": false,
        "has_daily_snwd": false,
        "daily_or_better": false,
        "daily_verified": false,
        "daily_provenance": "none",
        "possible_duplicates": null,
        "metadata_fetched_at": "2026-08-04",
        "station_type": "SC",
        "network": "Yukon Snow Survey Network",
        "dataset_url": "https://open.yukon.ca/data/yukon-snow-survey-network",
        "sub_basin": "",
        "first_survey": "1975-03-01",
        "last_survey": "2026-05-01"
      }
    },
    {
      "type": "Feature",
      "geometry": {
        "type": "Point",
        "coordinates": [
          -139.4,
          64.0666666666667
        ]
      },
      "properties": {
        "code": "09EB-SC01",
        "name": "Midnight Dome Snow Course",
        "latitude": 64.0666666666667,
        "longitude": -139.4,
        "elevation_m": 855.0,
        "state": "YT",
        "network_code": "YSS",
        "operator": "Yukon Government Department of Environment, Water Science and Stewardship",
        "client": "yukon",
        "data_provider": "Yukon Water Data (AquaCache)",
        "status": "Active",
        "is_active": true,
        "begin_date": "1975-03-01",
        "end_date": null,
        "earliest_record_date": null,
        "latest_record_date": null,
        "station_url": "https://service.yukon.ca/water-data/shiny/?page=home&lang=en",
        "station_image_url": null,
        "station_camera_url": null,
        "notes": null,
        "data_variables": [
          {
            "name": "swe_mm",
            "type": "swe",
            "interval": "periodic",
            "units": "cm",
            "description": "Snow water equivalent. At automated snow-weather stations this comes from a snow pillow recorded hourly to 3-hourly; at snow courses it is the average of a 10-point manual survey. Native API unit is mm; returned here in cm (\u00f7 10).",
            "notes": "Native units: mm. Snow course values carry a flag of 'Actual' (measured depth and SWE) or 'Estimated SWE' (measured depth with SWE estimated from historical average density).",
            "begin_date": "1975-03-01",
            "end_date": "2026-05-01",
            "n_obs": null
          },
          {
            "name": "snwd_cm",
            "type": "snwd",
            "interval": "periodic",
            "units": "cm",
            "description": "Snow depth from an automated sensor (Yukon and ECCC stations) or from a 10-point manual snow course survey. Native API unit is cm.",
            "notes": "Native units: cm. NB: /snow-survey/data leaves the units field empty for this parameter; cm is confirmed by the /snow-survey/stats field name 'max_DEPTH_cm'.",
            "begin_date": "1975-03-01",
            "end_date": "2026-05-01",
            "n_obs": null
          }
        ],
        "has_daily_swe": false,
        "has_daily_snwd": false,
        "daily_or_better": false,
        "daily_verified": false,
        "daily_provenance": "none",
        "possible_duplicates": null,
        "metadata_fetched_at": "2026-08-04",
        "station_type": "SC",
        "network": "Yukon Snow Survey Network",
        "dataset_url": "https://open.yukon.ca/data/yukon-snow-survey-network",
        "sub_basin": "",
        "first_survey": "1975-03-01",
        "last_survey": "2026-05-01"
      }
    },
    {
      "type": "Feature",
      "geometry": {
        "type": "Point",
        "coordinates": [
          -141.45,
          64.0833333333333
        ]
      },
      "properties": {
        "code": "09EC-SC02",
        "name": "Boundary (Alaska) Snow Course",
        "latitude": 64.0833333333333,
        "longitude": -141.45,
        "elevation_m": 1005.0,
        "state": "AK",
        "network_code": "YSS",
        "operator": "Yukon Government Department of Environment, Water Science and Stewardship",
        "client": "yukon",
        "data_provider": "Yukon Water Data (AquaCache)",
        "status": "Active",
        "is_active": true,
        "begin_date": "1967-03-01",
        "end_date": null,
        "earliest_record_date": null,
        "latest_record_date": null,
        "station_url": "https://service.yukon.ca/water-data/shiny/?page=home&lang=en",
        "station_image_url": null,
        "station_camera_url": null,
        "notes": null,
        "data_variables": [
          {
            "name": "swe_mm",
            "type": "swe",
            "interval": "periodic",
            "units": "cm",
            "description": "Snow water equivalent. At automated snow-weather stations this comes from a snow pillow recorded hourly to 3-hourly; at snow courses it is the average of a 10-point manual survey. Native API unit is mm; returned here in cm (\u00f7 10).",
            "notes": "Native units: mm. Snow course values carry a flag of 'Actual' (measured depth and SWE) or 'Estimated SWE' (measured depth with SWE estimated from historical average density).",
            "begin_date": "1967-03-01",
            "end_date": "2026-04-01",
            "n_obs": null
          },
          {
            "name": "snwd_cm",
            "type": "snwd",
            "interval": "periodic",
            "units": "cm",
            "description": "Snow depth from an automated sensor (Yukon and ECCC stations) or from a 10-point manual snow course survey. Native API unit is cm.",
            "notes": "Native units: cm. NB: /snow-survey/data leaves the units field empty for this parameter; cm is confirmed by the /snow-survey/stats field name 'max_DEPTH_cm'.",
            "begin_date": "1967-03-01",
            "end_date": "2026-04-01",
            "n_obs": null
          }
        ],
        "has_daily_swe": false,
        "has_daily_snwd": false,
        "daily_or_better": false,
        "daily_verified": false,
        "daily_provenance": "none",
        "possible_duplicates": null,
        "metadata_fetched_at": "2026-08-04",
        "station_type": "SC",
        "network": "Yukon Snow Survey Network",
        "dataset_url": "https://open.yukon.ca/data/yukon-snow-survey-network",
        "sub_basin": "",
        "first_survey": "1967-03-01",
        "last_survey": "2026-04-01"
      }
    },
    {
      "type": "Feature",
      "geometry": {
        "type": "Point",
        "coordinates": [
          -140.35,
          64.2166666666667
        ]
      },
      "properties": {
        "code": "09EC-SC04",
        "name": "Clinton Creek Snow Course",
        "latitude": 64.2166666666667,
        "longitude": -140.35,
        "elevation_m": 1005.0,
        "state": "YT",
        "network_code": "YSS",
        "operator": "Yukon Government Department of Environment, Water Science and Stewardship",
        "client": "yukon",
        "data_provider": "Yukon Water Data (AquaCache)",
        "status": "Inactive",
        "is_active": false,
        "begin_date": "1977-02-01",
        "end_date": null,
        "earliest_record_date": null,
        "latest_record_date": null,
        "station_url": "https://service.yukon.ca/water-data/shiny/?page=home&lang=en",
        "station_image_url": null,
        "station_camera_url": null,
        "notes": null,
        "data_variables": [
          {
            "name": "swe_mm",
            "type": "swe",
            "interval": "periodic",
            "units": "cm",
            "description": "Snow water equivalent. At automated snow-weather stations this comes from a snow pillow recorded hourly to 3-hourly; at snow courses it is the average of a 10-point manual survey. Native API unit is mm; returned here in cm (\u00f7 10).",
            "notes": "Native units: mm. Snow course values carry a flag of 'Actual' (measured depth and SWE) or 'Estimated SWE' (measured depth with SWE estimated from historical average density).",
            "begin_date": "1977-02-01",
            "end_date": "1984-05-01",
            "n_obs": null
          },
          {
            "name": "snwd_cm",
            "type": "snwd",
            "interval": "periodic",
            "units": "cm",
            "description": "Snow depth from an automated sensor (Yukon and ECCC stations) or from a 10-point manual snow course survey. Native API unit is cm.",
            "notes": "Native units: cm. NB: /snow-survey/data leaves the units field empty for this parameter; cm is confirmed by the /snow-survey/stats field name 'max_DEPTH_cm'.",
            "begin_date": "1977-02-01",
            "end_date": "1984-05-01",
            "n_obs": null
          }
        ],
        "has_daily_swe": false,
        "has_daily_snwd": false,
        "daily_or_better": false,
        "daily_verified": false,
        "daily_provenance": "none",
        "possible_duplicates": null,
        "metadata_fetched_at": "2026-08-04",
        "station_type": "SC",
        "network": "Yukon Snow Survey Network",
        "dataset_url": "https://open.yukon.ca/data/yukon-snow-survey-network",
        "sub_basin": "",
        "first_survey": "1977-02-01",
        "last_survey": "1984-05-01"
      }
    },
    {
      "type": "Feature",
      "geometry": {
        "type": "Point",
        "coordinates": [
          -139.24715,
          66.52587
        ]
      },
      "properties": {
        "code": "09FA-M1",
        "name": "Fishing Branch River",
        "latitude": 66.52587,
        "longitude": -139.24715,
        "elevation_m": 0.0,
        "state": "YT",
        "network_code": "YSS",
        "operator": "Yukon Government Department of Environment, Water Science and Stewardship",
        "client": "yukon",
        "data_provider": "Yukon Water Data (AquaCache)",
        "status": "Active",
        "is_active": true,
        "begin_date": null,
        "end_date": null,
        "earliest_record_date": null,
        "latest_record_date": null,
        "station_url": "https://service.yukon.ca/water-data/shiny/?page=home&lang=en",
        "station_image_url": null,
        "station_camera_url": null,
        "notes": null,
        "data_variables": [
          {
            "name": "snwd_cm",
            "type": "snwd",
            "interval": "sub_daily",
            "units": "cm",
            "description": "Snow depth from an automated sensor (Yukon and ECCC stations) or from a 10-point manual snow course survey. Native API unit is cm.",
            "notes": "Native units: cm. NB: /snow-survey/data leaves the units field empty for this parameter; cm is confirmed by the /snow-survey/stats field name 'max_DEPTH_cm'. AquaCache timeseries 1231, aggregation 'instantaneous', recording rate '03:00:00'.",
            "begin_date": "2025-09-07",
            "end_date": "2026-06-29",
            "n_obs": null
          },
          {
            "name": "swe_mm",
            "type": "swe",
            "interval": "sub_daily",
            "units": "cm",
            "description": "Snow water equivalent. At automated snow-weather stations this comes from a snow pillow recorded hourly to 3-hourly; at snow courses it is the average of a 10-point manual survey. Native API unit is mm; returned here in cm (\u00f7 10).",
            "notes": "Native units: mm. Snow course values carry a flag of 'Actual' (measured depth and SWE) or 'Estimated SWE' (measured depth with SWE estimated from historical average density). AquaCache timeseries 1234, aggregation 'instantaneous', recording rate '03:00:00'.",
            "begin_date": "2025-09-07",
            "end_date": "2026-06-29",
            "n_obs": null
          },
          {
            "name": "air_temp_degc",
            "type": "temp",
            "interval": "sub_daily",
            "units": "\u00b0C",
            "description": "Air temperature.",
            "notes": "Instantaneous series, or the ECCC daily '(min+max)/2' mean. Native units: \u00b0C. AquaCache timeseries 1235, aggregation 'instantaneous', recording rate '03:00:00'.",
            "begin_date": "2025-09-07",
            "end_date": "2026-08-04",
            "n_obs": null
          },
          {
            "name": "wind_dir_deg",
            "type": "wind_dir",
            "interval": "hourly",
            "units": "degrees",
            "description": "Wind direction, degrees clockwise from north (0-360).",
            "notes": "Direction the wind blows *from*. Native units: degrees. AquaCache timeseries 1736, aggregation 'mean', recording rate '01:00:00'.",
            "begin_date": "2025-09-07",
            "end_date": "2026-06-15",
            "n_obs": null
          },
          {
            "name": "precip_total_mm",
            "type": "precip",
            "interval": "hourly",
            "units": "mm",
            "description": "Total precipitation accumulated over the recording interval.",
            "notes": "Aggregation type 'sum'. Returned in native mm without conversion, as in the DataBC client. AquaCache timeseries 1737, aggregation 'sum', recording rate '01:00:00'.",
            "begin_date": "2025-09-10",
            "end_date": "2026-08-04",
            "n_obs": null
          },
          {
            "name": "baro_press_kpa",
            "type": "baro",
            "interval": "sub_daily",
            "units": "kPa",
            "description": "Barometric pressure.",
            "notes": "Native units: kPa \u2014 note the DataBC client reports hPa for the same quantity (1 kPa = 10 hPa). AquaCache timeseries 1845, aggregation 'instantaneous', recording rate '03:00:00'.",
            "begin_date": "2025-09-07",
            "end_date": "2026-08-04",
            "n_obs": null
          },
          {
            "name": "rel_humidity_pct",
            "type": "rh",
            "interval": "hourly",
            "units": "%",
            "description": "Relative humidity.",
            "notes": "Native units: %. AquaCache timeseries 1848, aggregation 'instantaneous', recording rate '01:00:00'.",
            "begin_date": "2025-09-07",
            "end_date": "2026-08-04",
            "n_obs": null
          },
          {
            "name": "wind_spd_kmh",
            "type": "wind_spd",
            "interval": "hourly",
            "units": "km/h",
            "description": "Wind speed.",
            "notes": "Native units: km/h. AquaCache timeseries 1926, aggregation 'mean', recording rate '01:00:00'.",
            "begin_date": "2026-06-15",
            "end_date": "2026-08-04",
            "n_obs": null
          }
        ],
        "has_daily_swe": true,
        "has_daily_snwd": true,
        "daily_or_better": true,
        "daily_verified": false,
        "daily_provenance": "native",
        "possible_duplicates": null,
        "metadata_fetched_at": "2026-08-04",
        "station_type": "AWS",
        "network": "Yukon Snow Survey Network",
        "dataset_url": "https://open.yukon.ca/data/yukon-snow-survey-network"
      }
    },
    {
      "type": "Feature",
      "geometry": {
        "type": "Point",
        "coordinates": [
          -137.363862991333,
          65.9563096027177
        ]
      },
      "properties": {
        "code": "09FA-SC01",
        "name": "Riff's Ridge Snow Course",
        "latitude": 65.9563096027177,
        "longitude": -137.363862991333,
        "elevation_m": 650.0,
        "state": "YT",
        "network_code": "YSS",
        "operator": "Yukon Government Department of Environment, Water Science and Stewardship",
        "client": "yukon",
        "data_provider": "Yukon Water Data (AquaCache)",
        "status": "Active",
        "is_active": true,
        "begin_date": "1987-03-01",
        "end_date": null,
        "earliest_record_date": null,
        "latest_record_date": null,
        "station_url": "https://service.yukon.ca/water-data/shiny/?page=home&lang=en",
        "station_image_url": null,
        "station_camera_url": null,
        "notes": null,
        "data_variables": [
          {
            "name": "swe_mm",
            "type": "swe",
            "interval": "periodic",
            "units": "cm",
            "description": "Snow water equivalent. At automated snow-weather stations this comes from a snow pillow recorded hourly to 3-hourly; at snow courses it is the average of a 10-point manual survey. Native API unit is mm; returned here in cm (\u00f7 10).",
            "notes": "Native units: mm. Snow course values carry a flag of 'Actual' (measured depth and SWE) or 'Estimated SWE' (measured depth with SWE estimated from historical average density).",
            "begin_date": "1987-03-01",
            "end_date": "2026-05-01",
            "n_obs": null
          },
          {
            "name": "snwd_cm",
            "type": "snwd",
            "interval": "periodic",
            "units": "cm",
            "description": "Snow depth from an automated sensor (Yukon and ECCC stations) or from a 10-point manual snow course survey. Native API unit is cm.",
            "notes": "Native units: cm. NB: /snow-survey/data leaves the units field empty for this parameter; cm is confirmed by the /snow-survey/stats field name 'max_DEPTH_cm'.",
            "begin_date": "1987-03-01",
            "end_date": "2026-05-01",
            "n_obs": null
          }
        ],
        "has_daily_swe": false,
        "has_daily_snwd": false,
        "daily_or_better": false,
        "daily_verified": false,
        "daily_provenance": "none",
        "possible_duplicates": null,
        "metadata_fetched_at": "2026-08-04",
        "station_type": "SC",
        "network": "Yukon Snow Survey Network",
        "dataset_url": "https://open.yukon.ca/data/yukon-snow-survey-network",
        "sub_basin": "",
        "first_survey": "1987-03-01",
        "last_survey": "2026-05-01"
      }
    },
    {
      "type": "Feature",
      "geometry": {
        "type": "Point",
        "coordinates": [
          -136.22,
          66.98
        ]
      },
      "properties": {
        "code": "09FB-MET-00003",
        "name": "Rock River",
        "latitude": 66.98,
        "longitude": -136.22,
        "elevation_m": 731.0,
        "state": "YT",
        "network_code": "YKEC",
        "operator": "Environment and Climate Change Canada",
        "client": "yukon",
        "data_provider": "Yukon Water Data (AquaCache)",
        "status": "Inactive",
        "is_active": false,
        "begin_date": null,
        "end_date": null,
        "earliest_record_date": null,
        "latest_record_date": null,
        "station_url": "https://service.yukon.ca/water-data/shiny/?page=home&lang=en",
        "station_image_url": null,
        "station_camera_url": null,
        "notes": null,
        "data_variables": [
          {
            "name": "air_temp_degc",
            "type": "temp",
            "interval": "daily",
            "units": "\u00b0C",
            "description": "Air temperature.",
            "notes": "Instantaneous series, or the ECCC daily '(min+max)/2' mean. Native units: \u00b0C. AquaCache timeseries 1659, aggregation '(min+max)/2', recording rate '1 day'.",
            "begin_date": "1995-02-27",
            "end_date": "2026-08-03",
            "n_obs": null
          },
          {
            "name": "air_temp_min_degc",
            "type": "temp_min",
            "interval": "daily",
            "units": "\u00b0C",
            "description": "Daily minimum air temperature.",
            "notes": "ECCC daily series only. Native units: \u00b0C. AquaCache timeseries 1660, aggregation 'minimum', recording rate '1 day'.",
            "begin_date": "1995-02-27",
            "end_date": "2026-08-03",
            "n_obs": null
          },
          {
            "name": "air_temp_max_degc",
            "type": "temp_max",
            "interval": "daily",
            "units": "\u00b0C",
            "description": "Daily maximum air temperature.",
            "notes": "ECCC daily series only. Native units: \u00b0C. AquaCache timeseries 1661, aggregation 'maximum', recording rate '1 day'.",
            "begin_date": "1995-02-27",
            "end_date": "2026-08-03",
            "n_obs": null
          },
          {
            "name": "snwd_cm",
            "type": "snwd",
            "interval": "daily",
            "units": "cm",
            "description": "Snow depth from an automated sensor (Yukon and ECCC stations) or from a 10-point manual snow course survey. Native API unit is cm.",
            "notes": "Native units: cm. NB: /snow-survey/data leaves the units field empty for this parameter; cm is confirmed by the /snow-survey/stats field name 'max_DEPTH_cm'. AquaCache timeseries 1662, aggregation 'instantaneous', recording rate '1 day'.",
            "begin_date": "2000-08-01",
            "end_date": "2014-10-17",
            "n_obs": null
          },
          {
            "name": "precip_total_mm",
            "type": "precip",
            "interval": "daily",
            "units": "mm",
            "description": "Total precipitation accumulated over the recording interval.",
            "notes": "Aggregation type 'sum'. Returned in native mm without conversion, as in the DataBC client. AquaCache timeseries 1663, aggregation 'sum', recording rate '1 day'.",
            "begin_date": "1996-06-17",
            "end_date": "2026-08-03",
            "n_obs": null
          },
          {
            "name": "air_temp_degc",
            "type": "temp",
            "interval": "hourly",
            "units": "\u00b0C",
            "description": "Air temperature.",
            "notes": "Instantaneous series, or the ECCC daily '(min+max)/2' mean. Native units: \u00b0C. AquaCache timeseries 1666, aggregation 'instantaneous', recording rate '01:00:00'.",
            "begin_date": "1994-02-01",
            "end_date": "2026-08-03",
            "n_obs": null
          },
          {
            "name": "precip_total_mm",
            "type": "precip",
            "interval": "hourly",
            "units": "mm",
            "description": "Total precipitation accumulated over the recording interval.",
            "notes": "Aggregation type 'sum'. Returned in native mm without conversion, as in the DataBC client. AquaCache timeseries 1667, aggregation 'sum', recording rate '01:00:00'.",
            "begin_date": "2013-12-10",
            "end_date": "2026-08-03",
            "n_obs": null
          },
          {
            "name": "wind_spd_kmh",
            "type": "wind_spd",
            "interval": "hourly",
            "units": "km/h",
            "description": "Wind speed.",
            "notes": "Native units: km/h. AquaCache timeseries 1668, aggregation 'instantaneous', recording rate '01:00:00'.",
            "begin_date": "1994-02-01",
            "end_date": "2026-08-03",
            "n_obs": null
          },
          {
            "name": "wind_dir_deg",
            "type": "wind_dir",
            "interval": "hourly",
            "units": "degrees",
            "description": "Wind direction, degrees clockwise from north (0-360).",
            "notes": "Direction the wind blows *from*. Native units: degrees. AquaCache timeseries 1669, aggregation 'instantaneous', recording rate '01:00:00'.",
            "begin_date": "1994-02-01",
            "end_date": "2026-08-03",
            "n_obs": null
          }
        ],
        "has_daily_swe": false,
        "has_daily_snwd": true,
        "daily_or_better": true,
        "daily_verified": false,
        "daily_provenance": "native",
        "possible_duplicates": null,
        "metadata_fetched_at": "2026-08-04",
        "station_type": "ECCC",
        "network": "ECCC Meteorology Network",
        "dataset_url": "https://open.yukon.ca/data/water-monitoring-sites"
      }
    },
    {
      "type": "Feature",
      "geometry": {
        "type": "Point",
        "coordinates": [
          -136.733333333333,
          66.3666666666667
        ]
      },
      "properties": {
        "code": "09FB-SC01",
        "name": "Eagle Plains Snow Course",
        "latitude": 66.3666666666667,
        "longitude": -136.733333333333,
        "elevation_m": 710.0,
        "state": "YT",
        "network_code": "YSS",
        "operator": "Yukon Government Department of Environment, Water Science and Stewardship",
        "client": "yukon",
        "data_provider": "Yukon Water Data (AquaCache)",
        "status": "Active",
        "is_active": true,
        "begin_date": "1983-02-01",
        "end_date": null,
        "earliest_record_date": null,
        "latest_record_date": null,
        "station_url": "https://service.yukon.ca/water-data/shiny/?page=home&lang=en",
        "station_image_url": null,
        "station_camera_url": null,
        "notes": null,
        "data_variables": [
          {
            "name": "swe_mm",
            "type": "swe",
            "interval": "periodic",
            "units": "cm",
            "description": "Snow water equivalent. At automated snow-weather stations this comes from a snow pillow recorded hourly to 3-hourly; at snow courses it is the average of a 10-point manual survey. Native API unit is mm; returned here in cm (\u00f7 10).",
            "notes": "Native units: mm. Snow course values carry a flag of 'Actual' (measured depth and SWE) or 'Estimated SWE' (measured depth with SWE estimated from historical average density).",
            "begin_date": "1983-02-01",
            "end_date": "2026-05-01",
            "n_obs": null
          },
          {
            "name": "snwd_cm",
            "type": "snwd",
            "interval": "periodic",
            "units": "cm",
            "description": "Snow depth from an automated sensor (Yukon and ECCC stations) or from a 10-point manual snow course survey. Native API unit is cm.",
            "notes": "Native units: cm. NB: /snow-survey/data leaves the units field empty for this parameter; cm is confirmed by the /snow-survey/stats field name 'max_DEPTH_cm'.",
            "begin_date": "1983-02-01",
            "end_date": "2026-05-01",
            "n_obs": null
          }
        ],
        "has_daily_swe": false,
        "has_daily_snwd": false,
        "daily_or_better": false,
        "daily_verified": false,
        "daily_provenance": "none",
        "possible_duplicates": null,
        "metadata_fetched_at": "2026-08-04",
        "station_type": "SC",
        "network": "Yukon Snow Survey Network",
        "dataset_url": "https://open.yukon.ca/data/yukon-snow-survey-network",
        "sub_basin": "",
        "first_survey": "1983-02-01",
        "last_survey": "2026-05-01"
      }
    },
    {
      "type": "Feature",
      "geometry": {
        "type": "Point",
        "coordinates": [
          -136.716666666667,
          66.45
        ]
      },
      "properties": {
        "code": "09FB-SC02",
        "name": "Eagle River Snow Course",
        "latitude": 66.45,
        "longitude": -136.716666666667,
        "elevation_m": 340.0,
        "state": "YT",
        "network_code": "YSS",
        "operator": "Yukon Government Department of Environment, Water Science and Stewardship",
        "client": "yukon",
        "data_provider": "Yukon Water Data (AquaCache)",
        "status": "Active",
        "is_active": true,
        "begin_date": "1983-02-01",
        "end_date": null,
        "earliest_record_date": null,
        "latest_record_date": null,
        "station_url": "https://service.yukon.ca/water-data/shiny/?page=home&lang=en",
        "station_image_url": null,
        "station_camera_url": null,
        "notes": null,
        "data_variables": [
          {
            "name": "swe_mm",
            "type": "swe",
            "interval": "periodic",
            "units": "cm",
            "description": "Snow water equivalent. At automated snow-weather stations this comes from a snow pillow recorded hourly to 3-hourly; at snow courses it is the average of a 10-point manual survey. Native API unit is mm; returned here in cm (\u00f7 10).",
            "notes": "Native units: mm. Snow course values carry a flag of 'Actual' (measured depth and SWE) or 'Estimated SWE' (measured depth with SWE estimated from historical average density).",
            "begin_date": "1983-02-01",
            "end_date": "2026-05-01",
            "n_obs": null
          },
          {
            "name": "snwd_cm",
            "type": "snwd",
            "interval": "periodic",
            "units": "cm",
            "description": "Snow depth from an automated sensor (Yukon and ECCC stations) or from a 10-point manual snow course survey. Native API unit is cm.",
            "notes": "Native units: cm. NB: /snow-survey/data leaves the units field empty for this parameter; cm is confirmed by the /snow-survey/stats field name 'max_DEPTH_cm'.",
            "begin_date": "1983-02-01",
            "end_date": "2026-05-01",
            "n_obs": null
          }
        ],
        "has_daily_swe": false,
        "has_daily_snwd": false,
        "daily_or_better": false,
        "daily_verified": false,
        "daily_provenance": "none",
        "possible_duplicates": null,
        "metadata_fetched_at": "2026-08-04",
        "station_type": "SC",
        "network": "Yukon Snow Survey Network",
        "dataset_url": "https://open.yukon.ca/data/yukon-snow-survey-network",
        "sub_basin": "",
        "first_survey": "1983-02-01",
        "last_survey": "2026-05-01"
      }
    },
    {
      "type": "Feature",
      "geometry": {
        "type": "Point",
        "coordinates": [
          -139.851305555556,
          67.5746666666667
        ]
      },
      "properties": {
        "code": "09FD-SC01",
        "name": "Old Crow Snow Course",
        "latitude": 67.5746666666667,
        "longitude": -139.851305555556,
        "elevation_m": 299.0,
        "state": "YT",
        "network_code": "YSS",
        "operator": "Yukon Government Department of Environment, Water Science and Stewardship",
        "client": "yukon",
        "data_provider": "Yukon Water Data (AquaCache)",
        "status": "Active",
        "is_active": true,
        "begin_date": "1977-03-01",
        "end_date": null,
        "earliest_record_date": null,
        "latest_record_date": null,
        "station_url": "https://service.yukon.ca/water-data/shiny/?page=home&lang=en",
        "station_image_url": null,
        "station_camera_url": null,
        "notes": null,
        "data_variables": [
          {
            "name": "swe_mm",
            "type": "swe",
            "interval": "periodic",
            "units": "cm",
            "description": "Snow water equivalent. At automated snow-weather stations this comes from a snow pillow recorded hourly to 3-hourly; at snow courses it is the average of a 10-point manual survey. Native API unit is mm; returned here in cm (\u00f7 10).",
            "notes": "Native units: mm. Snow course values carry a flag of 'Actual' (measured depth and SWE) or 'Estimated SWE' (measured depth with SWE estimated from historical average density).",
            "begin_date": "1977-03-01",
            "end_date": "2026-05-01",
            "n_obs": null
          },
          {
            "name": "snwd_cm",
            "type": "snwd",
            "interval": "periodic",
            "units": "cm",
            "description": "Snow depth from an automated sensor (Yukon and ECCC stations) or from a 10-point manual snow course survey. Native API unit is cm.",
            "notes": "Native units: cm. NB: /snow-survey/data leaves the units field empty for this parameter; cm is confirmed by the /snow-survey/stats field name 'max_DEPTH_cm'.",
            "begin_date": "1977-03-01",
            "end_date": "2026-05-01",
            "n_obs": null
          }
        ],
        "has_daily_swe": false,
        "has_daily_snwd": false,
        "daily_or_better": false,
        "daily_verified": false,
        "daily_provenance": "none",
        "possible_duplicates": null,
        "metadata_fetched_at": "2026-08-04",
        "station_type": "SC",
        "network": "Yukon Snow Survey Network",
        "dataset_url": "https://open.yukon.ca/data/yukon-snow-survey-network",
        "sub_basin": "",
        "first_survey": "1977-03-01",
        "last_survey": "2026-05-01"
      }
    },
    {
      "type": "Feature",
      "geometry": {
        "type": "Point",
        "coordinates": [
          -139.85132,
          67.60114
        ]
      },
      "properties": {
        "code": "09FD-SC02",
        "name": "Crow Mountain Snow Course",
        "latitude": 67.60114,
        "longitude": -139.85132,
        "elevation_m": 440.0,
        "state": "YT",
        "network_code": "YSS",
        "operator": "Yukon Government Department of Environment, Water Science and Stewardship",
        "client": "yukon",
        "data_provider": "Yukon Water Data (AquaCache)",
        "status": "Active",
        "is_active": true,
        "begin_date": "2025-03-01",
        "end_date": null,
        "earliest_record_date": null,
        "latest_record_date": null,
        "station_url": "https://service.yukon.ca/water-data/shiny/?page=home&lang=en",
        "station_image_url": null,
        "station_camera_url": null,
        "notes": null,
        "data_variables": [
          {
            "name": "swe_mm",
            "type": "swe",
            "interval": "periodic",
            "units": "cm",
            "description": "Snow water equivalent. At automated snow-weather stations this comes from a snow pillow recorded hourly to 3-hourly; at snow courses it is the average of a 10-point manual survey. Native API unit is mm; returned here in cm (\u00f7 10).",
            "notes": "Native units: mm. Snow course values carry a flag of 'Actual' (measured depth and SWE) or 'Estimated SWE' (measured depth with SWE estimated from historical average density).",
            "begin_date": "2025-03-01",
            "end_date": "2026-05-01",
            "n_obs": null
          },
          {
            "name": "snwd_cm",
            "type": "snwd",
            "interval": "periodic",
            "units": "cm",
            "description": "Snow depth from an automated sensor (Yukon and ECCC stations) or from a 10-point manual snow course survey. Native API unit is cm.",
            "notes": "Native units: cm. NB: /snow-survey/data leaves the units field empty for this parameter; cm is confirmed by the /snow-survey/stats field name 'max_DEPTH_cm'.",
            "begin_date": "2025-03-01",
            "end_date": "2026-05-01",
            "n_obs": null
          }
        ],
        "has_daily_swe": false,
        "has_daily_snwd": false,
        "daily_or_better": false,
        "daily_verified": false,
        "daily_provenance": "none",
        "possible_duplicates": null,
        "metadata_fetched_at": "2026-08-04",
        "station_type": "SC",
        "network": "Yukon Snow Survey Network",
        "dataset_url": "https://open.yukon.ca/data/yukon-snow-survey-network",
        "sub_basin": "",
        "first_survey": "2025-03-01",
        "last_survey": "2026-05-01"
      }
    },
    {
      "type": "Feature",
      "geometry": {
        "type": "Point",
        "coordinates": [
          -128.844083333333,
          60.1291388888889
        ]
      },
      "properties": {
        "code": "10AA-SC01",
        "name": "Watson Lake Airport Snow Course",
        "latitude": 60.1291388888889,
        "longitude": -128.844083333333,
        "elevation_m": 685.0,
        "state": "YT",
        "network_code": "YSS",
        "operator": "Yukon Government Department of Environment, Water Science and Stewardship",
        "client": "yukon",
        "data_provider": "Yukon Water Data (AquaCache)",
        "status": "Active",
        "is_active": true,
        "begin_date": "1965-02-01",
        "end_date": null,
        "earliest_record_date": null,
        "latest_record_date": null,
        "station_url": "https://service.yukon.ca/water-data/shiny/?page=home&lang=en",
        "station_image_url": null,
        "station_camera_url": null,
        "notes": null,
        "data_variables": [
          {
            "name": "swe_mm",
            "type": "swe",
            "interval": "periodic",
            "units": "cm",
            "description": "Snow water equivalent. At automated snow-weather stations this comes from a snow pillow recorded hourly to 3-hourly; at snow courses it is the average of a 10-point manual survey. Native API unit is mm; returned here in cm (\u00f7 10).",
            "notes": "Native units: mm. Snow course values carry a flag of 'Actual' (measured depth and SWE) or 'Estimated SWE' (measured depth with SWE estimated from historical average density).",
            "begin_date": "1965-02-01",
            "end_date": "2026-05-01",
            "n_obs": null
          },
          {
            "name": "snwd_cm",
            "type": "snwd",
            "interval": "periodic",
            "units": "cm",
            "description": "Snow depth from an automated sensor (Yukon and ECCC stations) or from a 10-point manual snow course survey. Native API unit is cm.",
            "notes": "Native units: cm. NB: /snow-survey/data leaves the units field empty for this parameter; cm is confirmed by the /snow-survey/stats field name 'max_DEPTH_cm'.",
            "begin_date": "1965-02-01",
            "end_date": "2026-05-01",
            "n_obs": null
          }
        ],
        "has_daily_swe": false,
        "has_daily_snwd": false,
        "daily_or_better": false,
        "daily_verified": false,
        "daily_provenance": "none",
        "possible_duplicates": null,
        "metadata_fetched_at": "2026-08-04",
        "station_type": "SC",
        "network": "Yukon Snow Survey Network",
        "dataset_url": "https://open.yukon.ca/data/yukon-snow-survey-network",
        "sub_basin": "",
        "first_survey": "1965-02-01",
        "last_survey": "2026-05-01"
      }
    },
    {
      "type": "Feature",
      "geometry": {
        "type": "Point",
        "coordinates": [
          -131.245333333333,
          61.0860833333333
        ]
      },
      "properties": {
        "code": "10AA-SC02",
        "name": "Tintina Airstrip Snow Course",
        "latitude": 61.0860833333333,
        "longitude": -131.245333333333,
        "elevation_m": 1067.0,
        "state": "YT",
        "network_code": "YSS",
        "operator": "Yukon Government Department of Environment, Water Science and Stewardship",
        "client": "yukon",
        "data_provider": "Yukon Water Data (AquaCache)",
        "status": "Active",
        "is_active": true,
        "begin_date": "1977-02-01",
        "end_date": null,
        "earliest_record_date": null,
        "latest_record_date": null,
        "station_url": "https://service.yukon.ca/water-data/shiny/?page=home&lang=en",
        "station_image_url": null,
        "station_camera_url": null,
        "notes": null,
        "data_variables": [
          {
            "name": "swe_mm",
            "type": "swe",
            "interval": "periodic",
            "units": "cm",
            "description": "Snow water equivalent. At automated snow-weather stations this comes from a snow pillow recorded hourly to 3-hourly; at snow courses it is the average of a 10-point manual survey. Native API unit is mm; returned here in cm (\u00f7 10).",
            "notes": "Native units: mm. Snow course values carry a flag of 'Actual' (measured depth and SWE) or 'Estimated SWE' (measured depth with SWE estimated from historical average density).",
            "begin_date": "1977-02-01",
            "end_date": "2026-05-01",
            "n_obs": null
          },
          {
            "name": "snwd_cm",
            "type": "snwd",
            "interval": "periodic",
            "units": "cm",
            "description": "Snow depth from an automated sensor (Yukon and ECCC stations) or from a 10-point manual snow course survey. Native API unit is cm.",
            "notes": "Native units: cm. NB: /snow-survey/data leaves the units field empty for this parameter; cm is confirmed by the /snow-survey/stats field name 'max_DEPTH_cm'.",
            "begin_date": "1977-02-01",
            "end_date": "2026-05-01",
            "n_obs": null
          }
        ],
        "has_daily_swe": false,
        "has_daily_snwd": false,
        "daily_or_better": false,
        "daily_verified": false,
        "daily_provenance": "none",
        "possible_duplicates": null,
        "metadata_fetched_at": "2026-08-04",
        "station_type": "SC",
        "network": "Yukon Snow Survey Network",
        "dataset_url": "https://open.yukon.ca/data/yukon-snow-survey-network",
        "sub_basin": "",
        "first_survey": "1977-02-01",
        "last_survey": "2026-05-01"
      }
    },
    {
      "type": "Feature",
      "geometry": {
        "type": "Point",
        "coordinates": [
          -130.933333333333,
          60.1
        ]
      },
      "properties": {
        "code": "10AA-SC03",
        "name": "Pine Lake Airstrip Snow Course",
        "latitude": 60.1,
        "longitude": -130.933333333333,
        "elevation_m": 995.0,
        "state": "YT",
        "network_code": "YSS",
        "operator": "Yukon Government Department of Environment, Water Science and Stewardship",
        "client": "yukon",
        "data_provider": "Yukon Water Data (AquaCache)",
        "status": "Active",
        "is_active": true,
        "begin_date": "1976-03-01",
        "end_date": null,
        "earliest_record_date": null,
        "latest_record_date": null,
        "station_url": "https://service.yukon.ca/water-data/shiny/?page=home&lang=en",
        "station_image_url": null,
        "station_camera_url": null,
        "notes": null,
        "data_variables": [
          {
            "name": "swe_mm",
            "type": "swe",
            "interval": "periodic",
            "units": "cm",
            "description": "Snow water equivalent. At automated snow-weather stations this comes from a snow pillow recorded hourly to 3-hourly; at snow courses it is the average of a 10-point manual survey. Native API unit is mm; returned here in cm (\u00f7 10).",
            "notes": "Native units: mm. Snow course values carry a flag of 'Actual' (measured depth and SWE) or 'Estimated SWE' (measured depth with SWE estimated from historical average density).",
            "begin_date": "1976-03-01",
            "end_date": "2026-05-01",
            "n_obs": null
          },
          {
            "name": "snwd_cm",
            "type": "snwd",
            "interval": "periodic",
            "units": "cm",
            "description": "Snow depth from an automated sensor (Yukon and ECCC stations) or from a 10-point manual snow course survey. Native API unit is cm.",
            "notes": "Native units: cm. NB: /snow-survey/data leaves the units field empty for this parameter; cm is confirmed by the /snow-survey/stats field name 'max_DEPTH_cm'.",
            "begin_date": "1976-03-01",
            "end_date": "2026-05-01",
            "n_obs": null
          }
        ],
        "has_daily_swe": false,
        "has_daily_snwd": false,
        "daily_or_better": false,
        "daily_verified": false,
        "daily_provenance": "none",
        "possible_duplicates": null,
        "metadata_fetched_at": "2026-08-04",
        "station_type": "SC",
        "network": "Yukon Snow Survey Network",
        "dataset_url": "https://open.yukon.ca/data/yukon-snow-survey-network",
        "sub_basin": "",
        "first_survey": "1976-03-01",
        "last_survey": "2026-05-01"
      }
    },
    {
      "type": "Feature",
      "geometry": {
        "type": "Point",
        "coordinates": [
          -131.467444444444,
          60.7835555555556
        ]
      },
      "properties": {
        "code": "10AA-SC04",
        "name": "Ford Lake Snow Course",
        "latitude": 60.7835555555556,
        "longitude": -131.467444444444,
        "elevation_m": 1110.0,
        "state": "YT",
        "network_code": "YSS",
        "operator": "Yukon Government Department of Environment, Water Science and Stewardship",
        "client": "yukon",
        "data_provider": "Yukon Water Data (AquaCache)",
        "status": "Active",
        "is_active": true,
        "begin_date": "1987-03-01",
        "end_date": null,
        "earliest_record_date": null,
        "latest_record_date": null,
        "station_url": "https://service.yukon.ca/water-data/shiny/?page=home&lang=en",
        "station_image_url": null,
        "station_camera_url": null,
        "notes": null,
        "data_variables": [
          {
            "name": "swe_mm",
            "type": "swe",
            "interval": "periodic",
            "units": "cm",
            "description": "Snow water equivalent. At automated snow-weather stations this comes from a snow pillow recorded hourly to 3-hourly; at snow courses it is the average of a 10-point manual survey. Native API unit is mm; returned here in cm (\u00f7 10).",
            "notes": "Native units: mm. Snow course values carry a flag of 'Actual' (measured depth and SWE) or 'Estimated SWE' (measured depth with SWE estimated from historical average density).",
            "begin_date": "1987-03-01",
            "end_date": "2026-05-01",
            "n_obs": null
          },
          {
            "name": "snwd_cm",
            "type": "snwd",
            "interval": "periodic",
            "units": "cm",
            "description": "Snow depth from an automated sensor (Yukon and ECCC stations) or from a 10-point manual snow course survey. Native API unit is cm.",
            "notes": "Native units: cm. NB: /snow-survey/data leaves the units field empty for this parameter; cm is confirmed by the /snow-survey/stats field name 'max_DEPTH_cm'.",
            "begin_date": "1987-03-01",
            "end_date": "2026-05-01",
            "n_obs": null
          }
        ],
        "has_daily_swe": false,
        "has_daily_snwd": false,
        "daily_or_better": false,
        "daily_verified": false,
        "daily_provenance": "none",
        "possible_duplicates": null,
        "metadata_fetched_at": "2026-08-04",
        "station_type": "SC",
        "network": "Yukon Snow Survey Network",
        "dataset_url": "https://open.yukon.ca/data/yukon-snow-survey-network",
        "sub_basin": "",
        "first_survey": "1987-03-01",
        "last_survey": "2026-05-01"
      }
    },
    {
      "type": "Feature",
      "geometry": {
        "type": "Point",
        "coordinates": [
          -129.177694444444,
          60.5811666666667
        ]
      },
      "properties": {
        "code": "10AB-SC01",
        "name": "Frances River Snow Course",
        "latitude": 60.5811666666667,
        "longitude": -129.177694444444,
        "elevation_m": 730.0,
        "state": "YT",
        "network_code": "YSS",
        "operator": "Yukon Government Department of Environment, Water Science and Stewardship",
        "client": "yukon",
        "data_provider": "Yukon Water Data (AquaCache)",
        "status": "Active",
        "is_active": true,
        "begin_date": "1975-04-01",
        "end_date": null,
        "earliest_record_date": null,
        "latest_record_date": null,
        "station_url": "https://service.yukon.ca/water-data/shiny/?page=home&lang=en",
        "station_image_url": null,
        "station_camera_url": null,
        "notes": null,
        "data_variables": [
          {
            "name": "swe_mm",
            "type": "swe",
            "interval": "periodic",
            "units": "cm",
            "description": "Snow water equivalent. At automated snow-weather stations this comes from a snow pillow recorded hourly to 3-hourly; at snow courses it is the average of a 10-point manual survey. Native API unit is mm; returned here in cm (\u00f7 10).",
            "notes": "Native units: mm. Snow course values carry a flag of 'Actual' (measured depth and SWE) or 'Estimated SWE' (measured depth with SWE estimated from historical average density).",
            "begin_date": "1975-04-01",
            "end_date": "2026-05-01",
            "n_obs": null
          },
          {
            "name": "snwd_cm",
            "type": "snwd",
            "interval": "periodic",
            "units": "cm",
            "description": "Snow depth from an automated sensor (Yukon and ECCC stations) or from a 10-point manual snow course survey. Native API unit is cm.",
            "notes": "Native units: cm. NB: /snow-survey/data leaves the units field empty for this parameter; cm is confirmed by the /snow-survey/stats field name 'max_DEPTH_cm'.",
            "begin_date": "1975-04-01",
            "end_date": "2026-05-01",
            "n_obs": null
          }
        ],
        "has_daily_swe": false,
        "has_daily_snwd": false,
        "daily_or_better": false,
        "daily_verified": false,
        "daily_provenance": "none",
        "possible_duplicates": null,
        "metadata_fetched_at": "2026-08-04",
        "station_type": "SC",
        "network": "Yukon Snow Survey Network",
        "dataset_url": "https://open.yukon.ca/data/yukon-snow-survey-network",
        "sub_basin": "",
        "first_survey": "1975-04-01",
        "last_survey": "2026-05-01"
      }
    },
    {
      "type": "Feature",
      "geometry": {
        "type": "Point",
        "coordinates": [
          -128.30507,
          61.5802
        ]
      },
      "properties": {
        "code": "10AD-M2",
        "name": "Hyland North Meteorological",
        "latitude": 61.5802,
        "longitude": -128.30507,
        "elevation_m": 874.0,
        "state": "YT",
        "network_code": "YSS",
        "operator": "Yukon Government Department of Environment, Water Science and Stewardship",
        "client": "yukon",
        "data_provider": "Yukon Water Data (AquaCache)",
        "status": "Active",
        "is_active": true,
        "begin_date": null,
        "end_date": null,
        "earliest_record_date": null,
        "latest_record_date": null,
        "station_url": "https://service.yukon.ca/water-data/shiny/?page=home&lang=en",
        "station_image_url": null,
        "station_camera_url": null,
        "notes": null,
        "data_variables": [
          {
            "name": "swe_mm",
            "type": "swe",
            "interval": "hourly",
            "units": "cm",
            "description": "Snow water equivalent. At automated snow-weather stations this comes from a snow pillow recorded hourly to 3-hourly; at snow courses it is the average of a 10-point manual survey. Native API unit is mm; returned here in cm (\u00f7 10).",
            "notes": "Native units: mm. Snow course values carry a flag of 'Actual' (measured depth and SWE) or 'Estimated SWE' (measured depth with SWE estimated from historical average density). AquaCache timeseries 122, aggregation 'instantaneous', recording rate '01:00:00'.",
            "begin_date": "1992-10-15",
            "end_date": "2026-08-04",
            "n_obs": null
          },
          {
            "name": "snwd_cm",
            "type": "snwd",
            "interval": "hourly",
            "units": "cm",
            "description": "Snow depth from an automated sensor (Yukon and ECCC stations) or from a 10-point manual snow course survey. Native API unit is cm.",
            "notes": "Native units: cm. NB: /snow-survey/data leaves the units field empty for this parameter; cm is confirmed by the /snow-survey/stats field name 'max_DEPTH_cm'. AquaCache timeseries 123, aggregation 'instantaneous', recording rate '01:00:00'.",
            "begin_date": "2017-10-06",
            "end_date": "2026-08-04",
            "n_obs": null
          },
          {
            "name": "air_temp_degc",
            "type": "temp",
            "interval": "hourly",
            "units": "\u00b0C",
            "description": "Air temperature.",
            "notes": "Instantaneous series, or the ECCC daily '(min+max)/2' mean. Native units: \u00b0C. AquaCache timeseries 1745, aggregation 'instantaneous', recording rate '01:00:00'.",
            "begin_date": "2017-10-06",
            "end_date": "2026-08-04",
            "n_obs": null
          },
          {
            "name": "precip_total_mm",
            "type": "precip",
            "interval": "sub_daily",
            "units": "mm",
            "description": "Total precipitation accumulated over the recording interval.",
            "notes": "Aggregation type 'sum'. Returned in native mm without conversion, as in the DataBC client. AquaCache timeseries 1758, aggregation 'sum', recording rate '03:00:00'.",
            "begin_date": "2017-10-06",
            "end_date": "2026-08-04",
            "n_obs": null
          }
        ],
        "has_daily_swe": true,
        "has_daily_snwd": true,
        "daily_or_better": true,
        "daily_verified": false,
        "daily_provenance": "native",
        "possible_duplicates": null,
        "metadata_fetched_at": "2026-08-04",
        "station_type": "AWS",
        "network": "Yukon Snow Survey Network",
        "dataset_url": "https://open.yukon.ca/data/yukon-snow-survey-network"
      }
    },
    {
      "type": "Feature",
      "geometry": {
        "type": "Point",
        "coordinates": [
          -128.305069444444,
          61.5802
        ]
      },
      "properties": {
        "code": "10AD-SC01",
        "name": "Hyland River Snow Course (composite)",
        "latitude": 61.5802,
        "longitude": -128.305069444444,
        "elevation_m": 880.0,
        "state": "YT",
        "network_code": "YSS",
        "operator": "Yukon Government Department of Environment, Water Science and Stewardship",
        "client": "yukon",
        "data_provider": "Yukon Water Data (AquaCache)",
        "status": "Active",
        "is_active": true,
        "begin_date": "1976-03-01",
        "end_date": null,
        "earliest_record_date": null,
        "latest_record_date": null,
        "station_url": "https://service.yukon.ca/water-data/shiny/?page=home&lang=en",
        "station_image_url": null,
        "station_camera_url": null,
        "notes": "Snowpack records for this location are a composite of the old location, Hyland River A, and the new location, Hyland River B. Hyland A records are adjusted to match Hyland B records with an offset calculated from years of overlapping measurements.",
        "data_variables": [
          {
            "name": "swe_mm",
            "type": "swe",
            "interval": "periodic",
            "units": "cm",
            "description": "Snow water equivalent. At automated snow-weather stations this comes from a snow pillow recorded hourly to 3-hourly; at snow courses it is the average of a 10-point manual survey. Native API unit is mm; returned here in cm (\u00f7 10).",
            "notes": "Native units: mm. Snow course values carry a flag of 'Actual' (measured depth and SWE) or 'Estimated SWE' (measured depth with SWE estimated from historical average density).",
            "begin_date": "1976-03-01",
            "end_date": "2026-05-01",
            "n_obs": null
          },
          {
            "name": "snwd_cm",
            "type": "snwd",
            "interval": "periodic",
            "units": "cm",
            "description": "Snow depth from an automated sensor (Yukon and ECCC stations) or from a 10-point manual snow course survey. Native API unit is cm.",
            "notes": "Native units: cm. NB: /snow-survey/data leaves the units field empty for this parameter; cm is confirmed by the /snow-survey/stats field name 'max_DEPTH_cm'.",
            "begin_date": "1976-03-01",
            "end_date": "2026-05-01",
            "n_obs": null
          }
        ],
        "has_daily_swe": false,
        "has_daily_snwd": false,
        "daily_or_better": false,
        "daily_verified": false,
        "daily_provenance": "none",
        "possible_duplicates": null,
        "metadata_fetched_at": "2026-08-04",
        "station_type": "SC",
        "network": "Yukon Snow Survey Network",
        "dataset_url": "https://open.yukon.ca/data/yukon-snow-survey-network",
        "sub_basin": "",
        "first_survey": "1976-03-01",
        "last_survey": "2026-05-01"
      }
    },
    {
      "type": "Feature",
      "geometry": {
        "type": "Point",
        "coordinates": [
          -128.274167,
          61.5266667
        ]
      },
      "properties": {
        "code": "10AD-SC01A",
        "name": "Hyland River A Snow Course",
        "latitude": 61.5266667,
        "longitude": -128.274167,
        "elevation_m": 855.0,
        "state": "YT",
        "network_code": "YSS",
        "operator": "Yukon Government Department of Environment, Water Science and Stewardship",
        "client": "yukon",
        "data_provider": "Yukon Water Data (AquaCache)",
        "status": "Inactive",
        "is_active": false,
        "begin_date": "1976-03-01",
        "end_date": null,
        "earliest_record_date": null,
        "latest_record_date": null,
        "station_url": "https://service.yukon.ca/water-data/shiny/?page=home&lang=en",
        "station_image_url": null,
        "station_camera_url": null,
        "notes": null,
        "data_variables": [
          {
            "name": "swe_mm",
            "type": "swe",
            "interval": "periodic",
            "units": "cm",
            "description": "Snow water equivalent. At automated snow-weather stations this comes from a snow pillow recorded hourly to 3-hourly; at snow courses it is the average of a 10-point manual survey. Native API unit is mm; returned here in cm (\u00f7 10).",
            "notes": "Native units: mm. Snow course values carry a flag of 'Actual' (measured depth and SWE) or 'Estimated SWE' (measured depth with SWE estimated from historical average density).",
            "begin_date": "1976-03-01",
            "end_date": "2022-05-01",
            "n_obs": null
          },
          {
            "name": "snwd_cm",
            "type": "snwd",
            "interval": "periodic",
            "units": "cm",
            "description": "Snow depth from an automated sensor (Yukon and ECCC stations) or from a 10-point manual snow course survey. Native API unit is cm.",
            "notes": "Native units: cm. NB: /snow-survey/data leaves the units field empty for this parameter; cm is confirmed by the /snow-survey/stats field name 'max_DEPTH_cm'.",
            "begin_date": "1976-03-01",
            "end_date": "2022-05-01",
            "n_obs": null
          }
        ],
        "has_daily_swe": false,
        "has_daily_snwd": false,
        "daily_or_better": false,
        "daily_verified": false,
        "daily_provenance": "none",
        "possible_duplicates": null,
        "metadata_fetched_at": "2026-08-04",
        "station_type": "SC",
        "network": "Yukon Snow Survey Network",
        "dataset_url": "https://open.yukon.ca/data/yukon-snow-survey-network",
        "sub_basin": "",
        "first_survey": "1976-03-01",
        "last_survey": "2022-05-01"
      }
    },
    {
      "type": "Feature",
      "geometry": {
        "type": "Point",
        "coordinates": [
          -128.305069444444,
          61.5802
        ]
      },
      "properties": {
        "code": "10AD-SC01B",
        "name": "Hyland River B Snow Course",
        "latitude": 61.5802,
        "longitude": -128.305069444444,
        "elevation_m": 880.0,
        "state": "YT",
        "network_code": "YSS",
        "operator": "Yukon Government Department of Environment, Water Science and Stewardship",
        "client": "yukon",
        "data_provider": "Yukon Water Data (AquaCache)",
        "status": "Active",
        "is_active": true,
        "begin_date": "2018-03-01",
        "end_date": null,
        "earliest_record_date": null,
        "latest_record_date": null,
        "station_url": "https://service.yukon.ca/water-data/shiny/?page=home&lang=en",
        "station_image_url": null,
        "station_camera_url": null,
        "notes": null,
        "data_variables": [
          {
            "name": "swe_mm",
            "type": "swe",
            "interval": "periodic",
            "units": "cm",
            "description": "Snow water equivalent. At automated snow-weather stations this comes from a snow pillow recorded hourly to 3-hourly; at snow courses it is the average of a 10-point manual survey. Native API unit is mm; returned here in cm (\u00f7 10).",
            "notes": "Native units: mm. Snow course values carry a flag of 'Actual' (measured depth and SWE) or 'Estimated SWE' (measured depth with SWE estimated from historical average density).",
            "begin_date": "2018-03-01",
            "end_date": "2026-05-01",
            "n_obs": null
          },
          {
            "name": "snwd_cm",
            "type": "snwd",
            "interval": "periodic",
            "units": "cm",
            "description": "Snow depth from an automated sensor (Yukon and ECCC stations) or from a 10-point manual snow course survey. Native API unit is cm.",
            "notes": "Native units: cm. NB: /snow-survey/data leaves the units field empty for this parameter; cm is confirmed by the /snow-survey/stats field name 'max_DEPTH_cm'.",
            "begin_date": "2018-03-01",
            "end_date": "2026-05-01",
            "n_obs": null
          }
        ],
        "has_daily_swe": false,
        "has_daily_snwd": false,
        "daily_or_better": false,
        "daily_verified": false,
        "daily_provenance": "none",
        "possible_duplicates": null,
        "metadata_fetched_at": "2026-08-04",
        "station_type": "SC",
        "network": "Yukon Snow Survey Network",
        "dataset_url": "https://open.yukon.ca/data/yukon-snow-survey-network",
        "sub_basin": "",
        "first_survey": "2018-03-01",
        "last_survey": "2026-05-01"
      }
    },
    {
      "type": "Feature",
      "geometry": {
        "type": "Point",
        "coordinates": [
          -128.25,
          61.95
        ]
      },
      "properties": {
        "code": "10EA-SC01",
        "name": "Tungsten Snow Course",
        "latitude": 61.95,
        "longitude": -128.25,
        "elevation_m": 1175.0,
        "state": "YT",
        "network_code": "YSS",
        "operator": "Yukon Government Department of Environment, Water Science and Stewardship",
        "client": "yukon",
        "data_provider": "Yukon Water Data (AquaCache)",
        "status": "Inactive",
        "is_active": false,
        "begin_date": "1975-04-01",
        "end_date": null,
        "earliest_record_date": null,
        "latest_record_date": null,
        "station_url": "https://service.yukon.ca/water-data/shiny/?page=home&lang=en",
        "station_image_url": null,
        "station_camera_url": null,
        "notes": null,
        "data_variables": [
          {
            "name": "swe_mm",
            "type": "swe",
            "interval": "periodic",
            "units": "cm",
            "description": "Snow water equivalent. At automated snow-weather stations this comes from a snow pillow recorded hourly to 3-hourly; at snow courses it is the average of a 10-point manual survey. Native API unit is mm; returned here in cm (\u00f7 10).",
            "notes": "Native units: mm. Snow course values carry a flag of 'Actual' (measured depth and SWE) or 'Estimated SWE' (measured depth with SWE estimated from historical average density).",
            "begin_date": "1975-04-01",
            "end_date": "1985-05-15",
            "n_obs": null
          },
          {
            "name": "snwd_cm",
            "type": "snwd",
            "interval": "periodic",
            "units": "cm",
            "description": "Snow depth from an automated sensor (Yukon and ECCC stations) or from a 10-point manual snow course survey. Native API unit is cm.",
            "notes": "Native units: cm. NB: /snow-survey/data leaves the units field empty for this parameter; cm is confirmed by the /snow-survey/stats field name 'max_DEPTH_cm'.",
            "begin_date": "1975-04-01",
            "end_date": "1985-05-15",
            "n_obs": null
          }
        ],
        "has_daily_swe": false,
        "has_daily_snwd": false,
        "daily_or_better": false,
        "daily_verified": false,
        "daily_provenance": "none",
        "possible_duplicates": null,
        "metadata_fetched_at": "2026-08-04",
        "station_type": "SC",
        "network": "Yukon Snow Survey Network",
        "dataset_url": "https://open.yukon.ca/data/yukon-snow-survey-network",
        "sub_basin": "",
        "first_survey": "1975-04-01",
        "last_survey": "1985-05-15"
      }
    },
    {
      "type": "Feature",
      "geometry": {
        "type": "Point",
        "coordinates": [
          -129.833333333333,
          63.3
        ]
      },
      "properties": {
        "code": "10HA-SC01",
        "name": "Tsichu River Snow Course",
        "latitude": 63.3,
        "longitude": -129.833333333333,
        "elevation_m": 1265.0,
        "state": "YT",
        "network_code": "YSS",
        "operator": "Yukon Government Department of Environment, Water Science and Stewardship",
        "client": "yukon",
        "data_provider": "Yukon Water Data (AquaCache)",
        "status": "Inactive",
        "is_active": false,
        "begin_date": "1976-02-01",
        "end_date": null,
        "earliest_record_date": null,
        "latest_record_date": null,
        "station_url": "https://service.yukon.ca/water-data/shiny/?page=home&lang=en",
        "station_image_url": null,
        "station_camera_url": null,
        "notes": null,
        "data_variables": [
          {
            "name": "swe_mm",
            "type": "swe",
            "interval": "periodic",
            "units": "cm",
            "description": "Snow water equivalent. At automated snow-weather stations this comes from a snow pillow recorded hourly to 3-hourly; at snow courses it is the average of a 10-point manual survey. Native API unit is mm; returned here in cm (\u00f7 10).",
            "notes": "Native units: mm. Snow course values carry a flag of 'Actual' (measured depth and SWE) or 'Estimated SWE' (measured depth with SWE estimated from historical average density).",
            "begin_date": "1976-02-01",
            "end_date": "1985-05-15",
            "n_obs": null
          },
          {
            "name": "snwd_cm",
            "type": "snwd",
            "interval": "periodic",
            "units": "cm",
            "description": "Snow depth from an automated sensor (Yukon and ECCC stations) or from a 10-point manual snow course survey. Native API unit is cm.",
            "notes": "Native units: cm. NB: /snow-survey/data leaves the units field empty for this parameter; cm is confirmed by the /snow-survey/stats field name 'max_DEPTH_cm'.",
            "begin_date": "1976-02-01",
            "end_date": "1985-05-15",
            "n_obs": null
          }
        ],
        "has_daily_swe": false,
        "has_daily_snwd": false,
        "daily_or_better": false,
        "daily_verified": false,
        "daily_provenance": "none",
        "possible_duplicates": null,
        "metadata_fetched_at": "2026-08-04",
        "station_type": "SC",
        "network": "Yukon Snow Survey Network",
        "dataset_url": "https://open.yukon.ca/data/yukon-snow-survey-network",
        "sub_basin": "",
        "first_survey": "1976-02-01",
        "last_survey": "1985-05-15"
      }
    },
    {
      "type": "Feature",
      "geometry": {
        "type": "Point",
        "coordinates": [
          -138.27679,
          64.95002
        ]
      },
      "properties": {
        "code": "10MA-SC01",
        "name": "Blackstone River Snow Course",
        "latitude": 64.95002,
        "longitude": -138.27679,
        "elevation_m": 929.0,
        "state": "YT",
        "network_code": "YSS",
        "operator": "Yukon Government Department of Environment, Water Science and Stewardship",
        "client": "yukon",
        "data_provider": "Yukon Water Data (AquaCache)",
        "status": "Active",
        "is_active": true,
        "begin_date": "1976-03-01",
        "end_date": null,
        "earliest_record_date": null,
        "latest_record_date": null,
        "station_url": "https://service.yukon.ca/water-data/shiny/?page=home&lang=en",
        "station_image_url": null,
        "station_camera_url": null,
        "notes": null,
        "data_variables": [
          {
            "name": "swe_mm",
            "type": "swe",
            "interval": "periodic",
            "units": "cm",
            "description": "Snow water equivalent. At automated snow-weather stations this comes from a snow pillow recorded hourly to 3-hourly; at snow courses it is the average of a 10-point manual survey. Native API unit is mm; returned here in cm (\u00f7 10).",
            "notes": "Native units: mm. Snow course values carry a flag of 'Actual' (measured depth and SWE) or 'Estimated SWE' (measured depth with SWE estimated from historical average density).",
            "begin_date": "1976-03-01",
            "end_date": "2026-05-01",
            "n_obs": null
          },
          {
            "name": "snwd_cm",
            "type": "snwd",
            "interval": "periodic",
            "units": "cm",
            "description": "Snow depth from an automated sensor (Yukon and ECCC stations) or from a 10-point manual snow course survey. Native API unit is cm.",
            "notes": "Native units: cm. NB: /snow-survey/data leaves the units field empty for this parameter; cm is confirmed by the /snow-survey/stats field name 'max_DEPTH_cm'.",
            "begin_date": "1976-03-01",
            "end_date": "2026-05-01",
            "n_obs": null
          }
        ],
        "has_daily_swe": false,
        "has_daily_snwd": false,
        "daily_or_better": false,
        "daily_verified": false,
        "daily_provenance": "none",
        "possible_duplicates": null,
        "metadata_fetched_at": "2026-08-04",
        "station_type": "SC",
        "network": "Yukon Snow Survey Network",
        "dataset_url": "https://open.yukon.ca/data/yukon-snow-survey-network",
        "sub_basin": "",
        "first_survey": "1976-03-01",
        "last_survey": "2026-05-01"
      }
    },
    {
      "type": "Feature",
      "geometry": {
        "type": "Point",
        "coordinates": [
          -138.301972222222,
          65.3625555555555
        ]
      },
      "properties": {
        "code": "10MA-SC02",
        "name": "Ogilvie River Snow Course",
        "latitude": 65.3625555555555,
        "longitude": -138.301972222222,
        "elevation_m": 595.0,
        "state": "YT",
        "network_code": "YSS",
        "operator": "Yukon Government Department of Environment, Water Science and Stewardship",
        "client": "yukon",
        "data_provider": "Yukon Water Data (AquaCache)",
        "status": "Active",
        "is_active": true,
        "begin_date": "1976-03-01",
        "end_date": null,
        "earliest_record_date": null,
        "latest_record_date": null,
        "station_url": "https://service.yukon.ca/water-data/shiny/?page=home&lang=en",
        "station_image_url": null,
        "station_camera_url": null,
        "notes": null,
        "data_variables": [
          {
            "name": "swe_mm",
            "type": "swe",
            "interval": "periodic",
            "units": "cm",
            "description": "Snow water equivalent. At automated snow-weather stations this comes from a snow pillow recorded hourly to 3-hourly; at snow courses it is the average of a 10-point manual survey. Native API unit is mm; returned here in cm (\u00f7 10).",
            "notes": "Native units: mm. Snow course values carry a flag of 'Actual' (measured depth and SWE) or 'Estimated SWE' (measured depth with SWE estimated from historical average density).",
            "begin_date": "1976-03-01",
            "end_date": "2026-05-01",
            "n_obs": null
          },
          {
            "name": "snwd_cm",
            "type": "snwd",
            "interval": "periodic",
            "units": "cm",
            "description": "Snow depth from an automated sensor (Yukon and ECCC stations) or from a 10-point manual snow course survey. Native API unit is cm.",
            "notes": "Native units: cm. NB: /snow-survey/data leaves the units field empty for this parameter; cm is confirmed by the /snow-survey/stats field name 'max_DEPTH_cm'.",
            "begin_date": "1976-03-01",
            "end_date": "2026-05-01",
            "n_obs": null
          }
        ],
        "has_daily_swe": false,
        "has_daily_snwd": false,
        "daily_or_better": false,
        "daily_verified": false,
        "daily_provenance": "none",
        "possible_duplicates": null,
        "metadata_fetched_at": "2026-08-04",
        "station_type": "SC",
        "network": "Yukon Snow Survey Network",
        "dataset_url": "https://open.yukon.ca/data/yukon-snow-survey-network",
        "sub_basin": "",
        "first_survey": "1976-03-01",
        "last_survey": "2026-05-01"
      }
    },
    {
      "type": "Feature",
      "geometry": {
        "type": "Point",
        "coordinates": [
          -132.000972222222,
          64.3053611111111
        ]
      },
      "properties": {
        "code": "10MB-SC01",
        "name": "Bonnet Plume Lake Snow Course",
        "latitude": 64.3053611111111,
        "longitude": -132.000972222222,
        "elevation_m": 1120.0,
        "state": "YT",
        "network_code": "YSS",
        "operator": "Yukon Government Department of Environment, Water Science and Stewardship",
        "client": "yukon",
        "data_provider": "Yukon Water Data (AquaCache)",
        "status": "Active",
        "is_active": true,
        "begin_date": "1986-03-01",
        "end_date": null,
        "earliest_record_date": null,
        "latest_record_date": null,
        "station_url": "https://service.yukon.ca/water-data/shiny/?page=home&lang=en",
        "station_image_url": null,
        "station_camera_url": null,
        "notes": null,
        "data_variables": [
          {
            "name": "swe_mm",
            "type": "swe",
            "interval": "periodic",
            "units": "cm",
            "description": "Snow water equivalent. At automated snow-weather stations this comes from a snow pillow recorded hourly to 3-hourly; at snow courses it is the average of a 10-point manual survey. Native API unit is mm; returned here in cm (\u00f7 10).",
            "notes": "Native units: mm. Snow course values carry a flag of 'Actual' (measured depth and SWE) or 'Estimated SWE' (measured depth with SWE estimated from historical average density).",
            "begin_date": "1986-03-01",
            "end_date": "2026-05-01",
            "n_obs": null
          },
          {
            "name": "snwd_cm",
            "type": "snwd",
            "interval": "periodic",
            "units": "cm",
            "description": "Snow depth from an automated sensor (Yukon and ECCC stations) or from a 10-point manual snow course survey. Native API unit is cm.",
            "notes": "Native units: cm. NB: /snow-survey/data leaves the units field empty for this parameter; cm is confirmed by the /snow-survey/stats field name 'max_DEPTH_cm'.",
            "begin_date": "1986-03-01",
            "end_date": "2026-05-01",
            "n_obs": null
          }
        ],
        "has_daily_swe": false,
        "has_daily_snwd": false,
        "daily_or_better": false,
        "daily_verified": false,
        "daily_provenance": "none",
        "possible_duplicates": null,
        "metadata_fetched_at": "2026-08-04",
        "station_type": "SC",
        "network": "Yukon Snow Survey Network",
        "dataset_url": "https://open.yukon.ca/data/yukon-snow-survey-network",
        "sub_basin": "",
        "first_survey": "1986-03-01",
        "last_survey": "2026-05-01"
      }
    },
    {
      "type": "Feature",
      "geometry": {
        "type": "Point",
        "coordinates": [
          -140.8475,
          68.8
        ]
      },
      "properties": {
        "code": "10MD-MET-00001",
        "name": "Margaret Lake",
        "latitude": 68.8,
        "longitude": -140.8475,
        "elevation_m": 568.0,
        "state": "YT",
        "network_code": "YKEC",
        "operator": "Environment and Climate Change Canada",
        "client": "yukon",
        "data_provider": "Yukon Water Data (AquaCache)",
        "status": "Active",
        "is_active": true,
        "begin_date": null,
        "end_date": null,
        "earliest_record_date": null,
        "latest_record_date": null,
        "station_url": "https://service.yukon.ca/water-data/shiny/?page=home&lang=en",
        "station_image_url": null,
        "station_camera_url": null,
        "notes": null,
        "data_variables": [
          {
            "name": "air_temp_degc",
            "type": "temp",
            "interval": "daily",
            "units": "\u00b0C",
            "description": "Air temperature.",
            "notes": "Instantaneous series, or the ECCC daily '(min+max)/2' mean. Native units: \u00b0C. AquaCache timeseries 1677, aggregation '(min+max)/2', recording rate '1 day'.",
            "begin_date": "1997-06-18",
            "end_date": "2026-08-03",
            "n_obs": null
          },
          {
            "name": "air_temp_min_degc",
            "type": "temp_min",
            "interval": "daily",
            "units": "\u00b0C",
            "description": "Daily minimum air temperature.",
            "notes": "ECCC daily series only. Native units: \u00b0C. AquaCache timeseries 1678, aggregation 'minimum', recording rate '1 day'.",
            "begin_date": "1997-06-18",
            "end_date": "2026-08-03",
            "n_obs": null
          },
          {
            "name": "air_temp_max_degc",
            "type": "temp_max",
            "interval": "daily",
            "units": "\u00b0C",
            "description": "Daily maximum air temperature.",
            "notes": "ECCC daily series only. Native units: \u00b0C. AquaCache timeseries 1679, aggregation 'maximum', recording rate '1 day'.",
            "begin_date": "1997-06-18",
            "end_date": "2026-08-03",
            "n_obs": null
          },
          {
            "name": "snwd_cm",
            "type": "snwd",
            "interval": "daily",
            "units": "cm",
            "description": "Snow depth from an automated sensor (Yukon and ECCC stations) or from a 10-point manual snow course survey. Native API unit is cm.",
            "notes": "Native units: cm. NB: /snow-survey/data leaves the units field empty for this parameter; cm is confirmed by the /snow-survey/stats field name 'max_DEPTH_cm'. AquaCache timeseries 1680, aggregation 'instantaneous', recording rate '1 day'.",
            "begin_date": "1997-06-27",
            "end_date": "2026-05-21",
            "n_obs": null
          },
          {
            "name": "precip_total_mm",
            "type": "precip",
            "interval": "daily",
            "units": "mm",
            "description": "Total precipitation accumulated over the recording interval.",
            "notes": "Aggregation type 'sum'. Returned in native mm without conversion, as in the DataBC client. AquaCache timeseries 1681, aggregation 'sum', recording rate '1 day'.",
            "begin_date": "1997-06-18",
            "end_date": "2026-08-03",
            "n_obs": null
          },
          {
            "name": "air_temp_degc",
            "type": "temp",
            "interval": "hourly",
            "units": "\u00b0C",
            "description": "Air temperature.",
            "notes": "Instantaneous series, or the ECCC daily '(min+max)/2' mean. Native units: \u00b0C. AquaCache timeseries 1684, aggregation 'instantaneous', recording rate '01:00:00'.",
            "begin_date": "1999-12-31",
            "end_date": "2026-08-03",
            "n_obs": null
          },
          {
            "name": "precip_total_mm",
            "type": "precip",
            "interval": "hourly",
            "units": "mm",
            "description": "Total precipitation accumulated over the recording interval.",
            "notes": "Aggregation type 'sum'. Returned in native mm without conversion, as in the DataBC client. AquaCache timeseries 1685, aggregation 'sum', recording rate '01:00:00'.",
            "begin_date": "2018-02-03",
            "end_date": "2026-08-03",
            "n_obs": null
          },
          {
            "name": "wind_spd_kmh",
            "type": "wind_spd",
            "interval": "hourly",
            "units": "km/h",
            "description": "Wind speed.",
            "notes": "Native units: km/h. AquaCache timeseries 1686, aggregation 'instantaneous', recording rate '01:00:00'.",
            "begin_date": "1999-12-31",
            "end_date": "2026-08-03",
            "n_obs": null
          },
          {
            "name": "wind_dir_deg",
            "type": "wind_dir",
            "interval": "hourly",
            "units": "degrees",
            "description": "Wind direction, degrees clockwise from north (0-360).",
            "notes": "Direction the wind blows *from*. Native units: degrees. AquaCache timeseries 1687, aggregation 'instantaneous', recording rate '01:00:00'.",
            "begin_date": "2000-06-23",
            "end_date": "2026-08-03",
            "n_obs": null
          }
        ],
        "has_daily_swe": false,
        "has_daily_snwd": true,
        "daily_or_better": true,
        "daily_verified": false,
        "daily_provenance": "native",
        "possible_duplicates": null,
        "metadata_fetched_at": "2026-08-04",
        "station_type": "ECCC",
        "network": "ECCC Meteorology Network",
        "dataset_url": "https://open.yukon.ca/data/water-monitoring-sites"
      }
    },
    {
      "type": "Feature",
      "geometry": {
        "type": "Point",
        "coordinates": [
          -140.15,
          69.16
        ]
      },
      "properties": {
        "code": "10MD-MET-00002",
        "name": "Ivvavik National Park",
        "latitude": 69.16,
        "longitude": -140.15,
        "elevation_m": 243.0,
        "state": "YT",
        "network_code": "YKEC",
        "operator": "Environment and Climate Change Canada",
        "client": "yukon",
        "data_provider": "Yukon Water Data (AquaCache)",
        "status": "Active",
        "is_active": true,
        "begin_date": null,
        "end_date": null,
        "earliest_record_date": null,
        "latest_record_date": null,
        "station_url": "https://service.yukon.ca/water-data/shiny/?page=home&lang=en",
        "station_image_url": null,
        "station_camera_url": null,
        "notes": null,
        "data_variables": [
          {
            "name": "air_temp_degc",
            "type": "temp",
            "interval": "daily",
            "units": "\u00b0C",
            "description": "Air temperature.",
            "notes": "Instantaneous series, or the ECCC daily '(min+max)/2' mean. Native units: \u00b0C. AquaCache timeseries 1698, aggregation '(min+max)/2', recording rate '1 day'.",
            "begin_date": "1995-07-22",
            "end_date": "2026-08-03",
            "n_obs": null
          },
          {
            "name": "air_temp_min_degc",
            "type": "temp_min",
            "interval": "daily",
            "units": "\u00b0C",
            "description": "Daily minimum air temperature.",
            "notes": "ECCC daily series only. Native units: \u00b0C. AquaCache timeseries 1699, aggregation 'minimum', recording rate '1 day'.",
            "begin_date": "1995-07-21",
            "end_date": "2026-08-03",
            "n_obs": null
          },
          {
            "name": "air_temp_max_degc",
            "type": "temp_max",
            "interval": "daily",
            "units": "\u00b0C",
            "description": "Daily maximum air temperature.",
            "notes": "ECCC daily series only. Native units: \u00b0C. AquaCache timeseries 1700, aggregation 'maximum', recording rate '1 day'.",
            "begin_date": "1995-07-22",
            "end_date": "2026-08-03",
            "n_obs": null
          },
          {
            "name": "snwd_cm",
            "type": "snwd",
            "interval": "daily",
            "units": "cm",
            "description": "Snow depth from an automated sensor (Yukon and ECCC stations) or from a 10-point manual snow course survey. Native API unit is cm.",
            "notes": "Native units: cm. NB: /snow-survey/data leaves the units field empty for this parameter; cm is confirmed by the /snow-survey/stats field name 'max_DEPTH_cm'. AquaCache timeseries 1701, aggregation 'instantaneous', recording rate '1 day'.",
            "begin_date": "1995-08-29",
            "end_date": "2026-05-31",
            "n_obs": null
          },
          {
            "name": "precip_total_mm",
            "type": "precip",
            "interval": "daily",
            "units": "mm",
            "description": "Total precipitation accumulated over the recording interval.",
            "notes": "Aggregation type 'sum'. Returned in native mm without conversion, as in the DataBC client. AquaCache timeseries 1702, aggregation 'sum', recording rate '1 day'.",
            "begin_date": "1995-07-28",
            "end_date": "2026-08-03",
            "n_obs": null
          },
          {
            "name": "air_temp_degc",
            "type": "temp",
            "interval": "hourly",
            "units": "\u00b0C",
            "description": "Air temperature.",
            "notes": "Instantaneous series, or the ECCC daily '(min+max)/2' mean. Native units: \u00b0C. AquaCache timeseries 1705, aggregation 'instantaneous', recording rate '01:00:00'.",
            "begin_date": "1999-11-23",
            "end_date": "2026-08-03",
            "n_obs": null
          },
          {
            "name": "precip_total_mm",
            "type": "precip",
            "interval": "hourly",
            "units": "mm",
            "description": "Total precipitation accumulated over the recording interval.",
            "notes": "Aggregation type 'sum'. Returned in native mm without conversion, as in the DataBC client. AquaCache timeseries 1706, aggregation 'sum', recording rate '01:00:00'.",
            "begin_date": "2015-08-28",
            "end_date": "2026-08-03",
            "n_obs": null
          },
          {
            "name": "wind_spd_kmh",
            "type": "wind_spd",
            "interval": "hourly",
            "units": "km/h",
            "description": "Wind speed.",
            "notes": "Native units: km/h. AquaCache timeseries 1707, aggregation 'instantaneous', recording rate '01:00:00'.",
            "begin_date": "1999-11-23",
            "end_date": "2026-08-03",
            "n_obs": null
          },
          {
            "name": "wind_dir_deg",
            "type": "wind_dir",
            "interval": "hourly",
            "units": "degrees",
            "description": "Wind direction, degrees clockwise from north (0-360).",
            "notes": "Direction the wind blows *from*. Native units: degrees. AquaCache timeseries 1708, aggregation 'instantaneous', recording rate '01:00:00'.",
            "begin_date": "1999-11-23",
            "end_date": "2026-08-03",
            "n_obs": null
          }
        ],
        "has_daily_swe": false,
        "has_daily_snwd": true,
        "daily_or_better": true,
        "daily_verified": false,
        "daily_provenance": "native",
        "possible_duplicates": null,
        "metadata_fetched_at": "2026-08-04",
        "station_type": "ECCC",
        "network": "ECCC Meteorology Network",
        "dataset_url": "https://open.yukon.ca/data/water-monitoring-sites"
      }
    },
    {
      "type": "Feature",
      "geometry": {
        "type": "Point",
        "coordinates": [
          -140.2,
          69.61
        ]
      },
      "properties": {
        "code": "10MD-MET-00003",
        "name": "Komakuk Beach",
        "latitude": 69.61,
        "longitude": -140.2,
        "elevation_m": 13.2,
        "state": "YT",
        "network_code": "YKEC",
        "operator": "Environment and Climate Change Canada",
        "client": "yukon",
        "data_provider": "Yukon Water Data (AquaCache)",
        "status": "Inactive",
        "is_active": false,
        "begin_date": null,
        "end_date": null,
        "earliest_record_date": null,
        "latest_record_date": null,
        "station_url": "https://service.yukon.ca/water-data/shiny/?page=home&lang=en",
        "station_image_url": null,
        "station_camera_url": null,
        "notes": null,
        "data_variables": [
          {
            "name": "air_temp_degc",
            "type": "temp",
            "interval": "daily",
            "units": "\u00b0C",
            "description": "Air temperature.",
            "notes": "Instantaneous series, or the ECCC daily '(min+max)/2' mean. Native units: \u00b0C. AquaCache timeseries 1688, aggregation '(min+max)/2', recording rate '1 day'.",
            "begin_date": "1958-06-30",
            "end_date": "2024-11-04",
            "n_obs": null
          },
          {
            "name": "air_temp_min_degc",
            "type": "temp_min",
            "interval": "daily",
            "units": "\u00b0C",
            "description": "Daily minimum air temperature.",
            "notes": "ECCC daily series only. Native units: \u00b0C. AquaCache timeseries 1689, aggregation 'minimum', recording rate '1 day'.",
            "begin_date": "1958-06-30",
            "end_date": "2024-11-04",
            "n_obs": null
          },
          {
            "name": "air_temp_max_degc",
            "type": "temp_max",
            "interval": "daily",
            "units": "\u00b0C",
            "description": "Daily maximum air temperature.",
            "notes": "ECCC daily series only. Native units: \u00b0C. AquaCache timeseries 1690, aggregation 'maximum', recording rate '1 day'.",
            "begin_date": "1958-06-30",
            "end_date": "2024-11-04",
            "n_obs": null
          },
          {
            "name": "snwd_cm",
            "type": "snwd",
            "interval": "daily",
            "units": "cm",
            "description": "Snow depth from an automated sensor (Yukon and ECCC stations) or from a 10-point manual snow course survey. Native API unit is cm.",
            "notes": "Native units: cm. NB: /snow-survey/data leaves the units field empty for this parameter; cm is confirmed by the /snow-survey/stats field name 'max_DEPTH_cm'. AquaCache timeseries 1691, aggregation 'instantaneous', recording rate '1 day'.",
            "begin_date": "1963-12-26",
            "end_date": "1993-06-30",
            "n_obs": null
          },
          {
            "name": "precip_total_mm",
            "type": "precip",
            "interval": "daily",
            "units": "mm",
            "description": "Total precipitation accumulated over the recording interval.",
            "notes": "Aggregation type 'sum'. Returned in native mm without conversion, as in the DataBC client. AquaCache timeseries 1692, aggregation 'sum', recording rate '1 day'.",
            "begin_date": "1958-07-31",
            "end_date": "1993-06-29",
            "n_obs": null
          },
          {
            "name": "precip_rain_mm",
            "type": "precip",
            "interval": "daily",
            "units": "mm",
            "description": "Rainfall accumulated over the recording interval.",
            "notes": "Aggregation type 'sum'. Native units: mm. AquaCache timeseries 1693, aggregation 'sum', recording rate '1 day'.",
            "begin_date": "1958-07-31",
            "end_date": "1993-06-29",
            "n_obs": null
          },
          {
            "name": "precip_snow_cm",
            "type": "precip",
            "interval": "daily",
            "units": "cm",
            "description": "New snowfall accumulated over the recording interval.",
            "notes": "ECCC daily series. The /timeseries units field is empty for this parameter; cm comes from /parameters (id 1221). AquaCache timeseries 1694, aggregation 'sum', recording rate '1 day'.",
            "begin_date": "1958-07-31",
            "end_date": "1993-06-29",
            "n_obs": null
          },
          {
            "name": "air_temp_degc",
            "type": "temp",
            "interval": "hourly",
            "units": "\u00b0C",
            "description": "Air temperature.",
            "notes": "Instantaneous series, or the ECCC daily '(min+max)/2' mean. Native units: \u00b0C. AquaCache timeseries 1695, aggregation 'instantaneous', recording rate '01:00:00'.",
            "begin_date": "1973-08-01",
            "end_date": "2024-11-01",
            "n_obs": null
          },
          {
            "name": "wind_spd_kmh",
            "type": "wind_spd",
            "interval": "hourly",
            "units": "km/h",
            "description": "Wind speed.",
            "notes": "Native units: km/h. AquaCache timeseries 1696, aggregation 'instantaneous', recording rate '01:00:00'.",
            "begin_date": "1973-08-01",
            "end_date": "2025-03-12",
            "n_obs": null
          },
          {
            "name": "wind_dir_deg",
            "type": "wind_dir",
            "interval": "hourly",
            "units": "degrees",
            "description": "Wind direction, degrees clockwise from north (0-360).",
            "notes": "Direction the wind blows *from*. Native units: degrees. AquaCache timeseries 1697, aggregation 'instantaneous', recording rate '01:00:00'.",
            "begin_date": "1973-08-01",
            "end_date": "2025-03-12",
            "n_obs": null
          }
        ],
        "has_daily_swe": false,
        "has_daily_snwd": true,
        "daily_or_better": true,
        "daily_verified": false,
        "daily_provenance": "native",
        "possible_duplicates": null,
        "metadata_fetched_at": "2026-08-04",
        "station_type": "ECCC",
        "network": "ECCC Meteorology Network",
        "dataset_url": "https://open.yukon.ca/data/water-monitoring-sites"
      }
    },
    {
      "type": "Feature",
      "geometry": {
        "type": "Point",
        "coordinates": [
          -138.91,
          69.57
        ]
      },
      "properties": {
        "code": "10MD-MET-00004",
        "name": "Herschel Island",
        "latitude": 69.57,
        "longitude": -138.91,
        "elevation_m": 1.2,
        "state": "YT",
        "network_code": "YKEC",
        "operator": "Environment and Climate Change Canada",
        "client": "yukon",
        "data_provider": "Yukon Water Data (AquaCache)",
        "status": "Active",
        "is_active": true,
        "begin_date": null,
        "end_date": null,
        "earliest_record_date": null,
        "latest_record_date": null,
        "station_url": "https://service.yukon.ca/water-data/shiny/?page=home&lang=en",
        "station_image_url": null,
        "station_camera_url": null,
        "notes": null,
        "data_variables": [
          {
            "name": "air_temp_degc",
            "type": "temp",
            "interval": "daily",
            "units": "\u00b0C",
            "description": "Air temperature.",
            "notes": "Instantaneous series, or the ECCC daily '(min+max)/2' mean. Native units: \u00b0C. AquaCache timeseries 1709, aggregation '(min+max)/2', recording rate '1 day'.",
            "begin_date": "1898-10-31",
            "end_date": "2025-11-04",
            "n_obs": null
          },
          {
            "name": "air_temp_min_degc",
            "type": "temp_min",
            "interval": "daily",
            "units": "\u00b0C",
            "description": "Daily minimum air temperature.",
            "notes": "ECCC daily series only. Native units: \u00b0C. AquaCache timeseries 1710, aggregation 'minimum', recording rate '1 day'.",
            "begin_date": "1898-10-31",
            "end_date": "2025-11-04",
            "n_obs": null
          },
          {
            "name": "air_temp_max_degc",
            "type": "temp_max",
            "interval": "daily",
            "units": "\u00b0C",
            "description": "Daily maximum air temperature.",
            "notes": "ECCC daily series only. Native units: \u00b0C. AquaCache timeseries 1711, aggregation 'maximum', recording rate '1 day'.",
            "begin_date": "1898-10-31",
            "end_date": "2025-11-04",
            "n_obs": null
          },
          {
            "name": "snwd_cm",
            "type": "snwd",
            "interval": "daily",
            "units": "cm",
            "description": "Snow depth from an automated sensor (Yukon and ECCC stations) or from a 10-point manual snow course survey. Native API unit is cm.",
            "notes": "Native units: cm. NB: /snow-survey/data leaves the units field empty for this parameter; cm is confirmed by the /snow-survey/stats field name 'max_DEPTH_cm'. AquaCache timeseries 1712, aggregation 'instantaneous', recording rate '1 day'.",
            "begin_date": "2006-05-06",
            "end_date": "2024-02-03",
            "n_obs": null
          },
          {
            "name": "precip_total_mm",
            "type": "precip",
            "interval": "daily",
            "units": "mm",
            "description": "Total precipitation accumulated over the recording interval.",
            "notes": "Aggregation type 'sum'. Returned in native mm without conversion, as in the DataBC client. AquaCache timeseries 1713, aggregation 'sum', recording rate '1 day'.",
            "begin_date": "1899-08-31",
            "end_date": "2025-11-04",
            "n_obs": null
          },
          {
            "name": "precip_rain_mm",
            "type": "precip",
            "interval": "daily",
            "units": "mm",
            "description": "Rainfall accumulated over the recording interval.",
            "notes": "Aggregation type 'sum'. Native units: mm. AquaCache timeseries 1714, aggregation 'sum', recording rate '1 day'.",
            "begin_date": "1899-09-01",
            "end_date": "2012-02-27",
            "n_obs": null
          },
          {
            "name": "precip_snow_cm",
            "type": "precip",
            "interval": "daily",
            "units": "cm",
            "description": "New snowfall accumulated over the recording interval.",
            "notes": "ECCC daily series. The /timeseries units field is empty for this parameter; cm comes from /parameters (id 1221). AquaCache timeseries 1715, aggregation 'sum', recording rate '1 day'.",
            "begin_date": "1899-08-31",
            "end_date": "1975-11-01",
            "n_obs": null
          },
          {
            "name": "air_temp_degc",
            "type": "temp",
            "interval": "hourly",
            "units": "\u00b0C",
            "description": "Air temperature.",
            "notes": "Instantaneous series, or the ECCC daily '(min+max)/2' mean. Native units: \u00b0C. AquaCache timeseries 1716, aggregation 'instantaneous', recording rate '01:00:00'.",
            "begin_date": "1994-02-17",
            "end_date": "2025-11-10",
            "n_obs": null
          },
          {
            "name": "precip_total_mm",
            "type": "precip",
            "interval": "hourly",
            "units": "mm",
            "description": "Total precipitation accumulated over the recording interval.",
            "notes": "Aggregation type 'sum'. Returned in native mm without conversion, as in the DataBC client. AquaCache timeseries 1717, aggregation 'sum', recording rate '01:00:00'.",
            "begin_date": "2013-12-10",
            "end_date": "2025-11-10",
            "n_obs": null
          },
          {
            "name": "wind_spd_kmh",
            "type": "wind_spd",
            "interval": "hourly",
            "units": "km/h",
            "description": "Wind speed.",
            "notes": "Native units: km/h. AquaCache timeseries 1718, aggregation 'instantaneous', recording rate '01:00:00'.",
            "begin_date": "1994-02-17",
            "end_date": "2025-11-10",
            "n_obs": null
          },
          {
            "name": "wind_dir_deg",
            "type": "wind_dir",
            "interval": "hourly",
            "units": "degrees",
            "description": "Wind direction, degrees clockwise from north (0-360).",
            "notes": "Direction the wind blows *from*. Native units: degrees. AquaCache timeseries 1719, aggregation 'instantaneous', recording rate '01:00:00'.",
            "begin_date": "1994-07-26",
            "end_date": "2025-11-10",
            "n_obs": null
          }
        ],
        "has_daily_swe": false,
        "has_daily_snwd": true,
        "daily_or_better": true,
        "daily_verified": false,
        "daily_provenance": "native",
        "possible_duplicates": null,
        "metadata_fetched_at": "2026-08-04",
        "station_type": "ECCC",
        "network": "ECCC Meteorology Network",
        "dataset_url": "https://open.yukon.ca/data/water-monitoring-sites"
      }
    },
    {
      "type": "Feature",
      "geometry": {
        "type": "Point",
        "coordinates": [
          -135.197151,
          60.52163
        ]
      },
      "properties": {
        "code": "29AB-M3",
        "name": "Wolf Creek Buckbrush Taiga Meteorological",
        "latitude": 60.52163,
        "longitude": -135.197151,
        "elevation_m": 1250.0,
        "state": "YT",
        "network_code": "YSS",
        "operator": "Yukon Government Department of Environment, Water Science and Stewardship",
        "client": "yukon",
        "data_provider": "Yukon Water Data (AquaCache)",
        "status": "Active",
        "is_active": true,
        "begin_date": null,
        "end_date": null,
        "earliest_record_date": null,
        "latest_record_date": null,
        "station_url": "https://service.yukon.ca/water-data/shiny/?page=home&lang=en",
        "station_image_url": null,
        "station_camera_url": null,
        "notes": null,
        "data_variables": [
          {
            "name": "swe_mm",
            "type": "swe",
            "interval": "hourly",
            "units": "cm",
            "description": "Snow water equivalent. At automated snow-weather stations this comes from a snow pillow recorded hourly to 3-hourly; at snow courses it is the average of a 10-point manual survey. Native API unit is mm; returned here in cm (\u00f7 10).",
            "notes": "Native units: mm. Snow course values carry a flag of 'Actual' (measured depth and SWE) or 'Estimated SWE' (measured depth with SWE estimated from historical average density). AquaCache timeseries 145, aggregation 'instantaneous', recording rate '01:00:00'.",
            "begin_date": "1995-10-20",
            "end_date": "2026-08-04",
            "n_obs": null
          },
          {
            "name": "precip_total_mm",
            "type": "precip",
            "interval": "sub_daily",
            "units": "mm",
            "description": "Total precipitation accumulated over the recording interval.",
            "notes": "Aggregation type 'sum'. Returned in native mm without conversion, as in the DataBC client. AquaCache timeseries 1772, aggregation 'sum', recording rate '03:00:00'.",
            "begin_date": "1998-08-31",
            "end_date": "2026-08-04",
            "n_obs": null
          },
          {
            "name": "air_temp_degc",
            "type": "temp",
            "interval": "hourly",
            "units": "\u00b0C",
            "description": "Air temperature.",
            "notes": "Instantaneous series, or the ECCC daily '(min+max)/2' mean. Native units: \u00b0C. AquaCache timeseries 1773, aggregation 'instantaneous', recording rate '01:00:00'.",
            "begin_date": "1998-08-31",
            "end_date": "2026-08-04",
            "n_obs": null
          },
          {
            "name": "soil_moisture_pct",
            "type": "other",
            "interval": "sub_daily",
            "units": "%",
            "description": "Volumetric soil moisture content.",
            "notes": "Native units: %. AquaCache timeseries 1774, aggregation 'instantaneous', recording rate '03:00:00'.",
            "begin_date": "2002-06-26",
            "end_date": "2025-10-01",
            "n_obs": null
          },
          {
            "name": "rel_humidity_pct",
            "type": "rh",
            "interval": "hourly",
            "units": "%",
            "description": "Relative humidity.",
            "notes": "Native units: %. AquaCache timeseries 1775, aggregation 'instantaneous', recording rate '01:00:00'.",
            "begin_date": "2025-10-01",
            "end_date": "2026-08-04",
            "n_obs": null
          }
        ],
        "has_daily_swe": true,
        "has_daily_snwd": false,
        "daily_or_better": true,
        "daily_verified": false,
        "daily_provenance": "native",
        "possible_duplicates": null,
        "metadata_fetched_at": "2026-08-04",
        "station_type": "AWS",
        "network": "Yukon Snow Survey Network",
        "dataset_url": "https://open.yukon.ca/data/yukon-snow-survey-network"
      }
    }
  ]
}