date,wteq_cm,snwd_cm
1980-02-25,37.1,133.0
1980-02-26,37.145,133.030303030303
1980-02-27,37.191,133.060606060606
1980-02-28,37.236,133.090909090909
1980-02-29,37.282,133.121212121212
1980-03-01,37.327,133.151515151515
1980-03-02,37.373,133.181818181818
1980-03-03,37.418,133.212121212121
1980-03-04,37.464,133.242424242424
1980-03-05,37.509,133.272727272727
1980-03-06,37.555,133.30303030303
1980-03-07,37.6,133.333333333333
1980-03-08,37.645,133.363636363636
1980-03-09,37.691,133.393939393939
1980-03-10,37.736,133.424242424242
1980-03-11,37.782,133.454545454545
1980-03-12,37.827,133.484848484849
1980-03-13,37.873,133.515151515152
1980-03-14,37.918,133.545454545455
1980-03-15,37.964,133.575757575758
1980-03-16,38.009,133.606060606061
1980-03-17,38.055,133.636363636364
1980-03-18,38.1,133.666666666667
1980-03-19,38.145,133.69696969697
1980-03-20,38.191,133.727272727273
1980-03-21,38.236,133.757575757576
1980-03-22,38.282,133.787878787879
1980-03-23,38.327,133.818181818182
1980-03-24,38.373,133.848484848485
1980-03-25,38.418,133.878787878788
1980-03-26,38.464,133.909090909091
1980-03-27,38.509,133.939393939394
1980-03-28,38.555,133.969696969697
1980-03-29,38.6,134.0
1980-03-30,38.724,133.48275862069
1980-03-31,38.848,132.965517241379
1980-04-01,38.972,132.448275862069
1980-04-02,39.097,131.931034482759
1980-04-03,39.221,131.413793103448
1980-04-04,39.345,130.896551724138
1980-04-05,39.469,130.379310344828
1980-04-06,39.593,129.862068965517
1980-04-07,39.717,129.344827586207
1980-04-08,39.841,128.827586206897
1980-04-09,39.966,128.310344827586
1980-04-10,40.09,127.793103448276
1980-04-11,40.214,127.275862068966
1980-04-12,40.338,126.758620689655
1980-04-13,40.462,126.241379310345
1980-04-14,40.586,125.724137931035
1980-04-15,40.71,125.206896551724
1980-04-16,40.834,124.689655172414
1980-04-17,40.959,124.172413793103
1980-04-18,41.083,123.655172413793
1980-04-19,41.207,123.137931034483
1980-04-20,41.331,122.620689655172
1980-04-21,41.455,122.103448275862
1980-04-22,41.579,121.586206896552
1980-04-23,41.703,121.068965517241
1980-04-24,41.828,120.551724137931
1980-04-25,41.952,120.034482758621
1980-04-26,42.076,119.51724137931
1980-04-27,42.2,119.0
1981-02-25,,
1981-02-26,34.8,133.0
1981-02-27,34.909,132.685714285714
1981-02-28,35.017,132.371428571429
1981-03-01,35.126,132.057142857143
1981-03-02,35.234,131.742857142857
1981-03-03,35.343,131.428571428571
1981-03-04,35.451,131.114285714286
1981-03-05,35.56,130.8
1981-03-06,35.669,130.485714285714
1981-03-07,35.777,130.171428571429
1981-03-08,35.886,129.857142857143
1981-03-09,35.994,129.542857142857
1981-03-10,36.103,129.228571428571
1981-03-11,36.211,128.914285714286
1981-03-12,36.32,128.6
1981-03-13,36.429,128.285714285714
1981-03-14,36.537,127.971428571429
1981-03-15,36.646,127.657142857143
1981-03-16,36.754,127.342857142857
1981-03-17,36.863,127.028571428571
1981-03-18,36.971,126.714285714286
1981-03-19,37.08,126.4
1981-03-20,37.189,126.085714285714
1981-03-21,37.297,125.771428571429
1981-03-22,37.406,125.457142857143
1981-03-23,37.514,125.142857142857
1981-03-24,37.623,124.828571428571
1981-03-25,37.731,124.514285714286
1981-03-26,37.84,124.2
1981-03-27,37.949,123.885714285714
1981-03-28,38.057,123.571428571429
1981-03-29,38.166,123.257142857143
1981-03-30,38.274,122.942857142857
1981-03-31,38.383,122.628571428571
1981-04-01,38.491,122.314285714286
1981-04-02,38.6,122.0
1981-04-03,38.633,121.708333333333
1981-04-04,38.667,121.416666666667
1981-04-05,38.7,121.125
1981-04-06,38.733,120.833333333333
1981-04-07,38.767,120.541666666667
1981-04-08,38.8,120.25
1981-04-09,38.833,119.958333333333
1981-04-10,38.867,119.666666666667
1981-04-11,38.9,119.375
1981-04-12,38.933,119.083333333333
1981-04-13,38.967,118.791666666667
1981-04-14,39.0,118.5
1981-04-15,39.033,118.208333333333
1981-04-16,39.067,117.916666666667
1981-04-17,39.1,117.625
1981-04-18,39.133,117.333333333333
1981-04-19,39.167,117.041666666667
1981-04-20,39.2,116.75
1981-04-21,39.233,116.458333333333
1981-04-22,39.267,116.166666666667
1981-04-23,39.3,115.875
1981-04-24,39.333,115.583333333333
1981-04-25,39.367,115.291666666667
1981-04-26,39.4,115.0
1981-04-27,,
1982-02-25,,
1982-02-26,23.1,97.0
1982-02-27,23.194,97.1142857142857
1982-02-28,23.289,97.2285714285714
1982-03-01,23.383,97.3428571428571
1982-03-02,23.477,97.4571428571429
1982-03-03,23.571,97.5714285714286
1982-03-04,23.666,97.6857142857143
1982-03-05,23.76,97.8
1982-03-06,23.854,97.9142857142857
1982-03-07,23.949,98.0285714285714
1982-03-08,24.043,98.1428571428571
1982-03-09,24.137,98.2571428571429
1982-03-10,24.231,98.3714285714286
1982-03-11,24.326,98.4857142857143
1982-03-12,24.42,98.6
1982-03-13,24.514,98.7142857142857
1982-03-14,24.609,98.8285714285714
1982-03-15,24.703,98.9428571428572
1982-03-16,24.797,99.0571428571429
1982-03-17,24.891,99.1714285714286
1982-03-18,24.986,99.2857142857143
1982-03-19,25.08,99.4
1982-03-20,25.174,99.5142857142857
1982-03-21,25.269,99.6285714285714
1982-03-22,25.363,99.7428571428572
1982-03-23,25.457,99.8571428571429
1982-03-24,25.551,99.9714285714286
1982-03-25,25.646,100.085714285714
1982-03-26,25.74,100.2
1982-03-27,25.834,100.314285714286
1982-03-28,25.929,100.428571428571
1982-03-29,26.023,100.542857142857
1982-03-30,26.117,100.657142857143
1982-03-31,26.211,100.771428571429
1982-04-01,26.306,100.885714285714
1982-04-02,26.4,101.0
1982-04-03,26.485,100.888888888889
1982-04-04,26.57,100.777777777778
1982-04-05,26.656,100.666666666667
1982-04-06,26.741,100.555555555556
1982-04-07,26.826,100.444444444444
1982-04-08,26.911,100.333333333333
1982-04-09,26.996,100.222222222222
1982-04-10,27.081,100.111111111111
1982-04-11,27.167,100.0
1982-04-12,27.252,99.8888888888889
1982-04-13,27.337,99.7777777777778
1982-04-14,27.422,99.6666666666667
1982-04-15,27.507,99.5555555555556
1982-04-16,27.593,99.4444444444444
1982-04-17,27.678,99.3333333333333
1982-04-18,27.763,99.2222222222222
1982-04-19,27.848,99.1111111111111
1982-04-20,27.933,99.0
1982-04-21,28.019,98.8888888888889
1982-04-22,28.104,98.7777777777778
1982-04-23,28.189,98.6666666666667
1982-04-24,28.274,98.5555555555556
1982-04-25,28.359,98.4444444444444
1982-04-26,28.444,98.3333333333333
1982-04-27,28.53,98.2222222222222
1982-04-28,28.615,98.1111111111111
1982-04-29,28.7,98.0
1983-02-25,,
1983-02-26,25.6,102.0
1983-02-27,25.7,102.206896551724
1983-02-28,25.8,102.413793103448
1983-03-01,25.9,102.620689655172
1983-03-02,26.0,102.827586206897
1983-03-03,26.1,103.034482758621
1983-03-04,26.2,103.241379310345
1983-03-05,26.3,103.448275862069
1983-03-06,26.4,103.655172413793
1983-03-07,26.5,103.862068965517
1983-03-08,26.6,104.068965517241
1983-03-09,26.7,104.275862068966
1983-03-10,26.8,104.48275862069
1983-03-11,26.9,104.689655172414
1983-03-12,27.0,104.896551724138
1983-03-13,27.1,105.103448275862
1983-03-14,27.2,105.310344827586
1983-03-15,27.3,105.51724137931
1983-03-16,27.4,105.724137931034
1983-03-17,27.5,105.931034482759
1983-03-18,27.6,106.137931034483
1983-03-19,27.7,106.344827586207
1983-03-20,27.8,106.551724137931
1983-03-21,27.9,106.758620689655
1983-03-22,28.0,106.965517241379
1983-03-23,28.1,107.172413793103
1983-03-24,28.2,107.379310344828
1983-03-25,28.3,107.586206896552
1983-03-26,28.4,107.793103448276
1983-03-27,28.5,108.0
1983-03-28,28.491,106.787878787879
1983-03-29,28.482,105.575757575758
1983-03-30,28.473,104.363636363636
1983-03-31,28.464,103.151515151515
1983-04-01,28.455,101.939393939394
1983-04-02,28.445,100.727272727273
1983-04-03,28.436,99.5151515151515
1983-04-04,28.427,98.3030303030303
1983-04-05,28.418,97.0909090909091
1983-04-06,28.409,95.8787878787879
1983-04-07,28.4,94.6666666666667
1983-04-08,28.391,93.4545454545455
1983-04-09,28.382,92.2424242424242
1983-04-10,28.373,91.030303030303
1983-04-11,28.364,89.8181818181818
1983-04-12,28.355,88.6060606060606
1983-04-13,28.345,87.3939393939394
1983-04-14,28.336,86.1818181818182
1983-04-15,28.327,84.969696969697
1983-04-16,28.318,83.7575757575758
1983-04-17,28.309,82.5454545454546
1983-04-18,28.3,81.3333333333333
1983-04-19,28.291,80.1212121212121
1983-04-20,28.282,78.9090909090909
1983-04-21,28.273,77.6969696969697
1983-04-22,28.264,76.4848484848485
1983-04-23,28.255,75.2727272727273
1983-04-24,28.245,74.0606060606061
1983-04-25,28.236,72.8484848484849
1983-04-26,28.227,71.6363636363636
1983-04-27,28.218,70.4242424242424
1983-04-28,28.209,69.2121212121212
1983-04-29,28.2,68.0
1984-02-25,,
1984-02-26,25.9,103.0
1984-02-27,26.009,102.575757575758
1984-02-28,26.118,102.151515151515
1984-02-29,26.227,101.727272727273
1984-03-01,26.336,101.30303030303
1984-03-02,26.445,100.878787878788
1984-03-03,26.555,100.454545454545
1984-03-04,26.664,100.030303030303
1984-03-05,26.773,99.6060606060606
1984-03-06,26.882,99.1818181818182
1984-03-07,26.991,98.7575757575758
1984-03-08,27.1,98.3333333333333
1984-03-09,27.209,97.9090909090909
1984-03-10,27.318,97.4848484848485
1984-03-11,27.427,97.0606060606061
1984-03-12,27.536,96.6363636363636
1984-03-13,27.645,96.2121212121212
1984-03-14,27.755,95.7878787878788
1984-03-15,27.864,95.3636363636364
1984-03-16,27.973,94.9393939393939
1984-03-17,28.082,94.5151515151515
1984-03-18,28.191,94.0909090909091
1984-03-19,28.3,93.6666666666667
1984-03-20,28.409,93.2424242424243
1984-03-21,28.518,92.8181818181818
1984-03-22,28.627,92.3939393939394
1984-03-23,28.736,91.969696969697
1984-03-24,28.845,91.5454545454545
1984-03-25,28.955,91.1212121212121
1984-03-26,29.064,90.6969696969697
1984-03-27,29.173,90.2727272727273
1984-03-28,29.282,89.8484848484848
1984-03-29,29.391,89.4242424242424
1984-03-30,29.5,89.0
1984-03-31,29.455,88.4827586206897
1984-04-01,29.41,87.9655172413793
1984-04-02,29.366,87.448275862069
1984-04-03,29.321,86.9310344827586
1984-04-04,29.276,86.4137931034483
1984-04-05,29.231,85.8965517241379
1984-04-06,29.186,85.3793103448276
1984-04-07,29.141,84.8620689655173
1984-04-08,29.097,84.3448275862069
1984-04-09,29.052,83.8275862068966
1984-04-10,29.007,83.3103448275862
1984-04-11,28.962,82.7931034482759
1984-04-12,28.917,82.2758620689655
1984-04-13,28.872,81.7586206896552
1984-04-14,28.828,81.2413793103448
1984-04-15,28.783,80.7241379310345
1984-04-16,28.738,80.2068965517242
1984-04-17,28.693,79.6896551724138
1984-04-18,28.648,79.1724137931035
1984-04-19,28.603,78.6551724137931
1984-04-20,28.559,78.1379310344828
1984-04-21,28.514,77.6206896551724
1984-04-22,28.469,77.1034482758621
1984-04-23,28.424,76.5862068965517
1984-04-24,28.379,76.0689655172414
1984-04-25,28.334,75.551724137931
1984-04-26,28.29,75.0344827586207
1984-04-27,28.245,74.5172413793104
1984-04-28,28.2,74.0
1984-04-29,,
1985-02-25,,
1985-02-26,,
1985-02-27,32.0,123.0
1985-02-28,32.21,122.931034482759
1985-03-01,32.421,122.862068965517
1985-03-02,32.631,122.793103448276
1985-03-03,32.841,122.724137931034
1985-03-04,33.052,122.655172413793
1985-03-05,33.262,122.586206896552
1985-03-06,33.472,122.51724137931
1985-03-07,33.683,122.448275862069
1985-03-08,33.893,122.379310344828
1985-03-09,34.103,122.310344827586
1985-03-10,34.314,122.241379310345
1985-03-11,34.524,122.172413793103
1985-03-12,34.734,122.103448275862
1985-03-13,34.945,122.034482758621
1985-03-14,35.155,121.965517241379
1985-03-15,35.366,121.896551724138
1985-03-16,35.576,121.827586206897
1985-03-17,35.786,121.758620689655
1985-03-18,35.997,121.689655172414
1985-03-19,36.207,121.620689655172
1985-03-20,36.417,121.551724137931
1985-03-21,36.628,121.48275862069
1985-03-22,36.838,121.413793103448
1985-03-23,37.048,121.344827586207
1985-03-24,37.259,121.275862068966
1985-03-25,37.469,121.206896551724
1985-03-26,37.679,121.137931034483
1985-03-27,37.89,121.068965517241
1985-03-28,38.1,121.0
1985-03-29,38.15,121.1
1985-03-30,38.2,121.2
1985-03-31,38.25,121.3
1985-04-01,38.3,121.4
1985-04-02,38.35,121.5
1985-04-03,38.4,121.6
1985-04-04,38.45,121.7
1985-04-05,38.5,121.8
1985-04-06,38.55,121.9
1985-04-07,38.6,122.0
1985-04-08,38.65,122.1
1985-04-09,38.7,122.2
1985-04-10,38.75,122.3
1985-04-11,38.8,122.4
1985-04-12,38.85,122.5
1985-04-13,38.9,122.6
1985-04-14,38.95,122.7
1985-04-15,39.0,122.8
1985-04-16,39.05,122.9
1985-04-17,39.1,123.0
1985-04-18,39.15,123.1
1985-04-19,39.2,123.2
1985-04-20,39.25,123.3
1985-04-21,39.3,123.4
1985-04-22,39.35,123.5
1985-04-23,39.4,123.6
1985-04-24,39.45,123.7
1985-04-25,39.5,123.8
1985-04-26,39.55,123.9
1985-04-27,39.6,124.0
1985-04-28,,
1985-04-29,,
1986-02-25,,
1986-02-26,,
1986-02-27,,
1986-02-28,32.0,147.0
1986-03-01,32.516,147.32
1986-03-02,33.032,147.64
1986-03-03,33.548,147.96
1986-03-04,34.064,148.28
1986-03-05,34.58,148.6
1986-03-06,35.096,148.92
1986-03-07,35.612,149.24
1986-03-08,36.128,149.56
1986-03-09,36.644,149.88
1986-03-10,37.16,150.2
1986-03-11,37.676,150.52
1986-03-12,38.192,150.84
1986-03-13,38.708,151.16
1986-03-14,39.224,151.48
1986-03-15,39.74,151.8
1986-03-16,40.256,152.12
1986-03-17,40.772,152.44
1986-03-18,41.288,152.76
1986-03-19,41.804,153.08
1986-03-20,42.32,153.4
1986-03-21,42.836,153.72
1986-03-22,43.352,154.04
1986-03-23,43.868,154.36
1986-03-24,44.384,154.68
1986-03-25,44.9,155.0
1986-03-26,44.994,154.777777777778
1986-03-27,45.089,154.555555555556
1986-03-28,45.183,154.333333333333
1986-03-29,45.278,154.111111111111
1986-03-30,45.372,153.888888888889
1986-03-31,45.467,153.666666666667
1986-04-01,45.561,153.444444444444
1986-04-02,45.656,153.222222222222
1986-04-03,45.75,153.0
1986-04-04,45.844,152.777777777778
1986-04-05,45.939,152.555555555556
1986-04-06,46.033,152.333333333333
1986-04-07,46.128,152.111111111111
1986-04-08,46.222,151.888888888889
1986-04-09,46.317,151.666666666667
1986-04-10,46.411,151.444444444444
1986-04-11,46.506,151.222222222222
1986-04-12,46.6,151.0
1986-04-13,46.694,150.777777777778
1986-04-14,46.789,150.555555555556
1986-04-15,46.883,150.333333333333
1986-04-16,46.978,150.111111111111
1986-04-17,47.072,149.888888888889
1986-04-18,47.167,149.666666666667
1986-04-19,47.261,149.444444444444
1986-04-20,47.356,149.222222222222
1986-04-21,47.45,149.0
1986-04-22,47.544,148.777777777778
1986-04-23,47.639,148.555555555556
1986-04-24,47.733,148.333333333333
1986-04-25,47.828,148.111111111111
1986-04-26,47.922,147.888888888889
1986-04-27,48.017,147.666666666667
1986-04-28,48.111,147.444444444444
1986-04-29,48.206,147.222222222222
1986-04-30,48.3,147.0
1986-05-01,47.85,144.5
1986-05-02,47.4,142.0
1986-05-03,46.95,139.5
1986-05-04,46.5,137.0
1986-05-05,46.05,134.5
1986-05-06,45.6,132.0
1986-05-07,45.15,129.5
1986-05-08,44.7,127.0
1986-05-09,44.25,124.5
1986-05-10,43.8,122.0
1986-05-11,43.35,119.5
1986-05-12,42.9,117.0
1986-05-13,42.45,114.5
1986-05-14,42.0,112.0
1987-02-25,,
1987-02-26,,
1987-02-27,32.7,119.0
1987-02-28,32.784,118.96875
1987-03-01,32.869,118.9375
1987-03-02,32.953,118.90625
1987-03-03,33.038,118.875
1987-03-04,33.122,118.84375
1987-03-05,33.206,118.8125
1987-03-06,33.291,118.78125
1987-03-07,33.375,118.75
1987-03-08,33.459,118.71875
1987-03-09,33.544,118.6875
1987-03-10,33.628,118.65625
1987-03-11,33.712,118.625
1987-03-12,33.797,118.59375
1987-03-13,33.881,118.5625
1987-03-14,33.966,118.53125
1987-03-15,34.05,118.5
1987-03-16,34.134,118.46875
1987-03-17,34.219,118.4375
1987-03-18,34.303,118.40625
1987-03-19,34.388,118.375
1987-03-20,34.472,118.34375
1987-03-21,34.556,118.3125
1987-03-22,34.641,118.28125
1987-03-23,34.725,118.25
1987-03-24,34.809,118.21875
1987-03-25,34.894,118.1875
1987-03-26,34.978,118.15625
1987-03-27,35.062,118.125
1987-03-28,35.147,118.09375
1987-03-29,35.231,118.0625
1987-03-30,35.316,118.03125
1987-03-31,35.4,118.0
1987-04-01,35.564,117.714285714286
1987-04-02,35.729,117.428571428571
1987-04-03,35.893,117.142857142857
1987-04-04,36.057,116.857142857143
1987-04-05,36.221,116.571428571429
1987-04-06,36.386,116.285714285714
1987-04-07,36.55,116.0
1987-04-08,36.714,115.714285714286
1987-04-09,36.879,115.428571428571
1987-04-10,37.043,115.142857142857
1987-04-11,37.207,114.857142857143
1987-04-12,37.371,114.571428571429
1987-04-13,37.536,114.285714285714
1987-04-14,37.7,114.0
1987-04-15,37.864,113.714285714286
1987-04-16,38.029,113.428571428571
1987-04-17,38.193,113.142857142857
1987-04-18,38.357,112.857142857143
1987-04-19,38.521,112.571428571429
1987-04-20,38.686,112.285714285714
1987-04-21,38.85,112.0
1987-04-22,39.014,111.714285714286
1987-04-23,39.179,111.428571428571
1987-04-24,39.343,111.142857142857
1987-04-25,39.507,110.857142857143
1987-04-26,39.671,110.571428571429
1987-04-27,39.836,110.285714285714
1987-04-28,40.0,110.0
1987-04-29,39.25,107.0625
1987-04-30,38.5,104.125
1987-05-01,37.75,101.1875
1987-05-02,37.0,98.25
1987-05-03,36.25,95.3125
1987-05-04,35.5,92.375
1987-05-05,34.75,89.4375
1987-05-06,34.0,86.5
1987-05-07,33.25,83.5625
1987-05-08,32.5,80.625
1987-05-09,31.75,77.6875
1987-05-10,31.0,74.75
1987-05-11,30.25,71.8125
1987-05-12,29.5,68.875
1987-05-13,28.75,65.9375
1987-05-14,28.0,63.0
1988-02-25,,
1988-02-26,46.1,152.0
1988-02-27,46.171,152.0
1988-02-28,46.241,152.0
1988-02-29,46.312,152.0
1988-03-01,46.382,152.0
1988-03-02,46.453,152.0
1988-03-03,46.524,152.0
1988-03-04,46.594,152.0
1988-03-05,46.665,152.0
1988-03-06,46.735,152.0
1988-03-07,46.806,152.0
1988-03-08,46.876,152.0
1988-03-09,46.947,152.0
1988-03-10,47.018,152.0
1988-03-11,47.088,152.0
1988-03-12,47.159,152.0
1988-03-13,47.229,152.0
1988-03-14,47.3,152.0
1988-03-15,47.371,152.0
1988-03-16,47.441,152.0
1988-03-17,47.512,152.0
1988-03-18,47.582,152.0
1988-03-19,47.653,152.0
1988-03-20,47.724,152.0
1988-03-21,47.794,152.0
1988-03-22,47.865,152.0
1988-03-23,47.935,152.0
1988-03-24,48.006,152.0
1988-03-25,48.076,152.0
1988-03-26,48.147,152.0
1988-03-27,48.218,152.0
1988-03-28,48.288,152.0
1988-03-29,48.359,152.0
1988-03-30,48.429,152.0
1988-03-31,48.5,152.0
1988-04-01,48.618,151.0
1988-04-02,48.736,150.0
1988-04-03,48.854,149.0
1988-04-04,48.971,148.0
1988-04-05,49.089,147.0
1988-04-06,49.207,146.0
1988-04-07,49.325,145.0
1988-04-08,49.443,144.0
1988-04-09,49.561,143.0
1988-04-10,49.679,142.0
1988-04-11,49.796,141.0
1988-04-12,49.914,140.0
1988-04-13,50.032,139.0
1988-04-14,50.15,138.0
1988-04-15,50.268,137.0
1988-04-16,50.386,136.0
1988-04-17,50.504,135.0
1988-04-18,50.621,134.0
1988-04-19,50.739,133.0
1988-04-20,50.857,132.0
1988-04-21,50.975,131.0
1988-04-22,51.093,130.0
1988-04-23,51.211,129.0
1988-04-24,51.329,128.0
1988-04-25,51.446,127.0
1988-04-26,51.564,126.0
1988-04-27,51.682,125.0
1988-04-28,51.8,124.0
1988-04-29,50.411,120.555555555556
1988-04-30,49.022,117.111111111111
1988-05-01,47.633,113.666666666667
1988-05-02,46.244,110.222222222222
1988-05-03,44.856,106.777777777778
1988-05-04,43.467,103.333333333333
1988-05-05,42.078,99.8888888888889
1988-05-06,40.689,96.4444444444445
1988-05-07,39.3,93.0
1988-05-08,37.911,89.5555555555556
1988-05-09,36.522,86.1111111111111
1988-05-10,35.133,82.6666666666667
1988-05-11,33.744,79.2222222222222
1988-05-12,32.356,75.7777777777778
1988-05-13,30.967,72.3333333333333
1988-05-14,29.578,68.8888888888889
1988-05-15,28.189,65.4444444444444
1988-05-16,26.8,62.0
1989-02-25,,
1989-02-26,,
1989-02-27,,
1989-02-28,,
1989-03-01,44.6,135.0
1989-03-02,44.686,135.724137931034
1989-03-03,44.772,136.448275862069
1989-03-04,44.859,137.172413793103
1989-03-05,44.945,137.896551724138
1989-03-06,45.031,138.620689655172
1989-03-07,45.117,139.344827586207
1989-03-08,45.203,140.068965517241
1989-03-09,45.29,140.793103448276
1989-03-10,45.376,141.51724137931
1989-03-11,45.462,142.241379310345
1989-03-12,45.548,142.965517241379
1989-03-13,45.634,143.689655172414
1989-03-14,45.721,144.413793103448
1989-03-15,45.807,145.137931034483
1989-03-16,45.893,145.862068965517
1989-03-17,45.979,146.586206896552
1989-03-18,46.066,147.310344827586
1989-03-19,46.152,148.034482758621
1989-03-20,46.238,148.758620689655
1989-03-21,46.324,149.48275862069
1989-03-22,46.41,150.206896551724
1989-03-23,46.497,150.931034482759
1989-03-24,46.583,151.655172413793
1989-03-25,46.669,152.379310344828
1989-03-26,46.755,153.103448275862
1989-03-27,46.841,153.827586206897
1989-03-28,46.928,154.551724137931
1989-03-29,47.014,155.275862068966
1989-03-30,47.1,156.0
1989-03-31,46.717,153.620689655172
1989-04-01,46.334,151.241379310345
1989-04-02,45.952,148.862068965517
1989-04-03,45.569,146.48275862069
1989-04-04,45.186,144.103448275862
1989-04-05,44.803,141.724137931035
1989-04-06,44.421,139.344827586207
1989-04-07,44.038,136.965517241379
1989-04-08,43.655,134.586206896552
1989-04-09,43.272,132.206896551724
1989-04-10,42.89,129.827586206897
1989-04-11,42.507,127.448275862069
1989-04-12,42.124,125.068965517241
1989-04-13,41.741,122.689655172414
1989-04-14,41.359,120.310344827586
1989-04-15,40.976,117.931034482759
1989-04-16,40.593,115.551724137931
1989-04-17,40.21,113.172413793103
1989-04-18,39.828,110.793103448276
1989-04-19,39.445,108.413793103448
1989-04-20,39.062,106.034482758621
1989-04-21,38.679,103.655172413793
1989-04-22,38.297,101.275862068966
1989-04-23,37.914,98.8965517241379
1989-04-24,37.531,96.5172413793104
1989-04-25,37.148,94.1379310344828
1989-04-26,36.766,91.7586206896552
1989-04-27,36.383,89.3793103448276
1989-04-28,36.0,87.0
1989-04-29,34.029,82.2352941176471
1989-04-30,32.059,77.4705882352941
1989-05-01,30.088,72.7058823529412
1989-05-02,28.118,67.9411764705882
1989-05-03,26.147,63.1764705882353
1989-05-04,24.176,58.4117647058824
1989-05-05,22.206,53.6470588235294
1989-05-06,20.235,48.8823529411765
1989-05-07,18.265,44.1176470588235
1989-05-08,16.294,39.3529411764706
1989-05-09,14.324,34.5882352941177
1989-05-10,12.353,29.8235294117647
1989-05-11,10.382,25.0588235294118
1989-05-12,8.412,20.2941176470588
1989-05-13,6.441,15.5294117647059
1989-05-14,4.471,10.7647058823529
1989-05-15,2.5,6.0
1989-05-16,,
1990-02-25,,
1990-02-26,34.7,122.0
1990-02-27,34.71,122.161290322581
1990-02-28,34.719,122.322580645161
1990-03-01,34.729,122.483870967742
1990-03-02,34.739,122.645161290323
1990-03-03,34.748,122.806451612903
1990-03-04,34.758,122.967741935484
1990-03-05,34.768,123.129032258065
1990-03-06,34.777,123.290322580645
1990-03-07,34.787,123.451612903226
1990-03-08,34.797,123.612903225806
1990-03-09,34.806,123.774193548387
1990-03-10,34.816,123.935483870968
1990-03-11,34.826,124.096774193548
1990-03-12,34.835,124.258064516129
1990-03-13,34.845,124.41935483871
1990-03-14,34.855,124.58064516129
1990-03-15,34.865,124.741935483871
1990-03-16,34.874,124.903225806452
1990-03-17,34.884,125.064516129032
1990-03-18,34.894,125.225806451613
1990-03-19,34.903,125.387096774194
1990-03-20,34.913,125.548387096774
1990-03-21,34.923,125.709677419355
1990-03-22,34.932,125.870967741936
1990-03-23,34.942,126.032258064516
1990-03-24,34.952,126.193548387097
1990-03-25,34.961,126.354838709677
1990-03-26,34.971,126.516129032258
1990-03-27,34.981,126.677419354839
1990-03-28,34.99,126.838709677419
1990-03-29,35.0,127.0
1990-03-30,34.616,125.5
1990-03-31,34.231,124.0
1990-04-01,33.847,122.5
1990-04-02,33.462,121.0
1990-04-03,33.078,119.5
1990-04-04,32.694,118.0
1990-04-05,32.309,116.5
1990-04-06,31.925,115.0
1990-04-07,31.541,113.5
1990-04-08,31.156,112.0
1990-04-09,30.772,110.5
1990-04-10,30.387,109.0
1990-04-11,30.003,107.5
1990-04-12,29.619,106.0
1990-04-13,29.234,104.5
1990-04-14,28.85,103.0
1990-04-15,28.466,101.5
1990-04-16,28.081,100.0
1990-04-17,27.697,98.5
1990-04-18,27.312,97.0
1990-04-19,26.928,95.5
1990-04-20,26.544,94.0
1990-04-21,26.159,92.5
1990-04-22,25.775,91.0
1990-04-23,25.391,89.5
1990-04-24,25.006,88.0
1990-04-25,24.622,86.5
1990-04-26,24.238,85.0
1990-04-27,23.853,83.5
1990-04-28,23.469,82.0
1990-04-29,23.084,80.5
1990-04-30,22.7,79.0
1990-05-01,22.233,75.9166666666667
1990-05-02,21.767,72.8333333333333
1990-05-03,21.3,69.75
1990-05-04,20.833,66.6666666666667
1990-05-05,20.367,63.5833333333333
1990-05-06,19.9,60.5
1990-05-07,19.433,57.4166666666667
1990-05-08,18.967,54.3333333333333
1990-05-09,18.5,51.25
1990-05-10,18.033,48.1666666666667
1990-05-11,17.567,45.0833333333333
1990-05-12,17.1,42.0
1990-05-13,,
1990-05-14,,
1990-05-15,,
1990-05-16,,
1991-02-25,,
1991-02-26,,
1991-02-27,,
1991-02-28,,
1991-03-01,42.2,142.0
1991-03-02,42.244,141.925925925926
1991-03-03,42.289,141.851851851852
1991-03-04,42.333,141.777777777778
1991-03-05,42.378,141.703703703704
1991-03-06,42.422,141.62962962963
1991-03-07,42.467,141.555555555556
1991-03-08,42.511,141.481481481482
1991-03-09,42.556,141.407407407407
1991-03-10,42.6,141.333333333333
1991-03-11,42.644,141.259259259259
1991-03-12,42.689,141.185185185185
1991-03-13,42.733,141.111111111111
1991-03-14,42.778,141.037037037037
1991-03-15,42.822,140.962962962963
1991-03-16,42.867,140.888888888889
1991-03-17,42.911,140.814814814815
1991-03-18,42.956,140.740740740741
1991-03-19,43.0,140.666666666667
1991-03-20,43.044,140.592592592593
1991-03-21,43.089,140.518518518519
1991-03-22,43.133,140.444444444444
1991-03-23,43.178,140.37037037037
1991-03-24,43.222,140.296296296296
1991-03-25,43.267,140.222222222222
1991-03-26,43.311,140.148148148148
1991-03-27,43.356,140.074074074074
1991-03-28,43.4,140.0
1991-03-29,43.186,138.542857142857
1991-03-30,42.971,137.085714285714
1991-03-31,42.757,135.628571428571
1991-04-01,42.543,134.171428571429
1991-04-02,42.329,132.714285714286
1991-04-03,42.114,131.257142857143
1991-04-04,41.9,129.8
1991-04-05,41.686,128.342857142857
1991-04-06,41.471,126.885714285714
1991-04-07,41.257,125.428571428571
1991-04-08,41.043,123.971428571429
1991-04-09,40.829,122.514285714286
1991-04-10,40.614,121.057142857143
1991-04-11,40.4,119.6
1991-04-12,40.186,118.142857142857
1991-04-13,39.971,116.685714285714
1991-04-14,39.757,115.228571428571
1991-04-15,39.543,113.771428571429
1991-04-16,39.329,112.314285714286
1991-04-17,39.114,110.857142857143
1991-04-18,38.9,109.4
1991-04-19,38.686,107.942857142857
1991-04-20,38.471,106.485714285714
1991-04-21,38.257,105.028571428571
1991-04-22,38.043,103.571428571429
1991-04-23,37.829,102.114285714286
1991-04-24,37.614,100.657142857143
1991-04-25,37.4,99.2
1991-04-26,37.186,97.7428571428572
1991-04-27,36.971,96.2857142857143
1991-04-28,36.757,94.8285714285714
1991-04-29,36.543,93.3714285714286
1991-04-30,36.329,91.9142857142857
1991-05-01,36.114,90.4571428571429
1991-05-02,35.9,89.0
1991-05-03,34.8,86.2307692307692
1991-05-04,33.7,83.4615384615385
1991-05-05,32.6,80.6923076923077
1991-05-06,31.5,77.9230769230769
1991-05-07,30.4,75.1538461538462
1991-05-08,29.3,72.3846153846154
1991-05-09,28.2,69.6153846153846
1991-05-10,27.1,66.8461538461538
1991-05-11,26.0,64.0769230769231
1991-05-12,24.9,61.3076923076923
1991-05-13,23.8,58.5384615384615
1991-05-14,22.7,55.7692307692308
1991-05-15,21.6,53.0
1991-05-16,,
1992-02-25,,
1992-02-26,,
1992-02-27,,
1992-02-28,,
1992-02-29,,
1992-03-01,,
1992-03-02,43.0,138.0
1992-03-03,43.593,138.5
1992-03-04,44.186,139.0
1992-03-05,44.779,139.5
1992-03-06,45.371,140.0
1992-03-07,45.964,140.5
1992-03-08,46.557,141.0
1992-03-09,47.15,141.5
1992-03-10,47.743,142.0
1992-03-11,48.336,142.5
1992-03-12,48.929,143.0
1992-03-13,49.521,143.5
1992-03-14,50.114,144.0
1992-03-15,50.707,144.5
1992-03-16,51.3,145.0
1992-03-17,51.893,145.5
1992-03-18,52.486,146.0
1992-03-19,53.079,146.5
1992-03-20,53.671,147.0
1992-03-21,54.264,147.5
1992-03-22,54.857,148.0
1992-03-23,55.45,148.5
1992-03-24,56.043,149.0
1992-03-25,56.636,149.5
1992-03-26,57.229,150.0
1992-03-27,57.821,150.5
1992-03-28,58.414,151.0
1992-03-29,59.007,151.5
1992-03-30,59.6,152.0
1992-03-31,59.417,150.733333333333
1992-04-01,59.233,149.466666666667
1992-04-02,59.05,148.2
1992-04-03,58.867,146.933333333333
1992-04-04,58.683,145.666666666667
1992-04-05,58.5,144.4
1992-04-06,58.317,143.133333333333
1992-04-07,58.133,141.866666666667
1992-04-08,57.95,140.6
1992-04-09,57.767,139.333333333333
1992-04-10,57.583,138.066666666667
1992-04-11,57.4,136.8
1992-04-12,57.217,135.533333333333
1992-04-13,57.033,134.266666666667
1992-04-14,56.85,133.0
1992-04-15,56.667,131.733333333333
1992-04-16,56.483,130.466666666667
1992-04-17,56.3,129.2
1992-04-18,56.117,127.933333333333
1992-04-19,55.933,126.666666666667
1992-04-20,55.75,125.4
1992-04-21,55.567,124.133333333333
1992-04-22,55.383,122.866666666667
1992-04-23,55.2,121.6
1992-04-24,55.017,120.333333333333
1992-04-25,54.833,119.066666666667
1992-04-26,54.65,117.8
1992-04-27,54.467,116.533333333333
1992-04-28,54.283,115.266666666667
1992-04-29,54.1,114.0
1992-04-30,53.293,112.0
1992-05-01,52.487,110.0
1992-05-02,51.68,108.0
1992-05-03,50.873,106.0
1992-05-04,50.067,104.0
1992-05-05,49.26,102.0
1992-05-06,48.453,100.0
1992-05-07,47.647,98.0
1992-05-08,46.84,96.0
1992-05-09,46.033,94.0
1992-05-10,45.227,92.0
1992-05-11,44.42,90.0
1992-05-12,43.613,88.0
1992-05-13,42.807,86.0
1992-05-14,42.0,84.0
1992-05-15,,
1992-05-16,,
1993-02-25,,
1993-02-26,,
1993-02-27,,
1993-02-28,,
1993-03-01,,
1993-03-02,51.4,172.0
1993-03-03,51.622,171.740740740741
1993-03-04,51.844,171.481481481482
1993-03-05,52.067,171.222222222222
1993-03-06,52.289,170.962962962963
1993-03-07,52.511,170.703703703704
1993-03-08,52.733,170.444444444444
1993-03-09,52.956,170.185185185185
1993-03-10,53.178,169.925925925926
1993-03-11,53.4,169.666666666667
1993-03-12,53.622,169.407407407407
1993-03-13,53.844,169.148148148148
1993-03-14,54.067,168.888888888889
1993-03-15,54.289,168.62962962963
1993-03-16,54.511,168.37037037037
1993-03-17,54.733,168.111111111111
1993-03-18,54.956,167.851851851852
1993-03-19,55.178,167.592592592593
1993-03-20,55.4,167.333333333333
1993-03-21,55.622,167.074074074074
1993-03-22,55.844,166.814814814815
1993-03-23,56.067,166.555555555556
1993-03-24,56.289,166.296296296296
1993-03-25,56.511,166.037037037037
1993-03-26,56.733,165.777777777778
1993-03-27,56.956,165.518518518519
1993-03-28,57.178,165.259259259259
1993-03-29,57.4,165.0
1993-03-30,56.857,163.285714285714
1993-03-31,56.314,161.571428571429
1993-04-01,55.771,159.857142857143
1993-04-02,55.229,158.142857142857
1993-04-03,54.686,156.428571428571
1993-04-04,54.143,154.714285714286
1993-04-05,53.6,153.0
1993-04-06,53.057,151.285714285714
1993-04-07,52.514,149.571428571429
1993-04-08,51.971,147.857142857143
1993-04-09,51.429,146.142857142857
1993-04-10,50.886,144.428571428571
1993-04-11,50.343,142.714285714286
1993-04-12,49.8,141.0
1993-04-13,49.257,139.285714285714
1993-04-14,48.714,137.571428571429
1993-04-15,48.171,135.857142857143
1993-04-16,47.629,134.142857142857
1993-04-17,47.086,132.428571428571
1993-04-18,46.543,130.714285714286
1993-04-19,46.0,129.0
1993-04-20,45.457,127.285714285714
1993-04-21,44.914,125.571428571429
1993-04-22,44.371,123.857142857143
1993-04-23,43.829,122.142857142857
1993-04-24,43.286,120.428571428571
1993-04-25,42.743,118.714285714286
1993-04-26,42.2,117.0
1993-04-27,41.775,114.4375
1993-04-28,41.35,111.875
1993-04-29,40.925,109.3125
1993-04-30,40.5,106.75
1993-05-01,40.075,104.1875
1993-05-02,39.65,101.625
1993-05-03,39.225,99.0625
1993-05-04,38.8,96.5
1993-05-05,38.375,93.9375
1993-05-06,37.95,91.375
1993-05-07,37.525,88.8125
1993-05-08,37.1,86.25
1993-05-09,36.675,83.6875
1993-05-10,36.25,81.125
1993-05-11,35.825,78.5625
1993-05-12,35.4,76.0
1993-05-13,,
1993-05-14,,
1993-05-15,,
1993-05-16,,
1994-02-25,,
1994-02-26,,
1994-02-27,,
1994-02-28,44.7,143.0
1994-03-01,44.763,143.518518518519
1994-03-02,44.826,144.037037037037
1994-03-03,44.889,144.555555555556
1994-03-04,44.952,145.074074074074
1994-03-05,45.015,145.592592592593
1994-03-06,45.078,146.111111111111
1994-03-07,45.141,146.62962962963
1994-03-08,45.204,147.148148148148
1994-03-09,45.267,147.666666666667
1994-03-10,45.33,148.185185185185
1994-03-11,45.393,148.703703703704
1994-03-12,45.456,149.222222222222
1994-03-13,45.519,149.740740740741
1994-03-14,45.581,150.259259259259
1994-03-15,45.644,150.777777777778
1994-03-16,45.707,151.296296296296
1994-03-17,45.77,151.814814814815
1994-03-18,45.833,152.333333333333
1994-03-19,45.896,152.851851851852
1994-03-20,45.959,153.37037037037
1994-03-21,46.022,153.888888888889
1994-03-22,46.085,154.407407407407
1994-03-23,46.148,154.925925925926
1994-03-24,46.211,155.444444444444
1994-03-25,46.274,155.962962962963
1994-03-26,46.337,156.481481481482
1994-03-27,46.4,157.0
1994-03-28,46.452,155.741935483871
1994-03-29,46.503,154.483870967742
1994-03-30,46.555,153.225806451613
1994-03-31,46.606,151.967741935484
1994-04-01,46.658,150.709677419355
1994-04-02,46.71,149.451612903226
1994-04-03,46.761,148.193548387097
1994-04-04,46.813,146.935483870968
1994-04-05,46.865,145.677419354839
1994-04-06,46.916,144.41935483871
1994-04-07,46.968,143.161290322581
1994-04-08,47.019,141.903225806452
1994-04-09,47.071,140.645161290323
1994-04-10,47.123,139.387096774194
1994-04-11,47.174,138.129032258065
1994-04-12,47.226,136.870967741936
1994-04-13,47.277,135.612903225806
1994-04-14,47.329,134.354838709677
1994-04-15,47.381,133.096774193548
1994-04-16,47.432,131.838709677419
1994-04-17,47.484,130.58064516129
1994-04-18,47.535,129.322580645161
1994-04-19,47.587,128.064516129032
1994-04-20,47.639,126.806451612903
1994-04-21,47.69,125.548387096774
1994-04-22,47.742,124.290322580645
1994-04-23,47.794,123.032258064516
1994-04-24,47.845,121.774193548387
1994-04-25,47.897,120.516129032258
1994-04-26,47.948,119.258064516129
1994-04-27,48.0,118.0
1994-04-28,47.231,115.5625
1994-04-29,46.462,113.125
1994-04-30,45.694,110.6875
1994-05-01,44.925,108.25
1994-05-02,44.156,105.8125
1994-05-03,43.388,103.375
1994-05-04,42.619,100.9375
1994-05-05,41.85,98.5
1994-05-06,41.081,96.0625
1994-05-07,40.312,93.625
1994-05-08,39.544,91.1875
1994-05-09,38.775,88.75
1994-05-10,38.006,86.3125
1994-05-11,37.237,83.875
1994-05-12,36.469,81.4375
1994-05-13,35.7,79.0
1994-05-14,,
1994-05-15,,
1994-05-16,,
1995-02-25,,
1995-02-26,,
1995-02-27,,
1995-02-28,31.1,117.0
1995-03-01,31.286,117.357142857143
1995-03-02,31.471,117.714285714286
1995-03-03,31.657,118.071428571429
1995-03-04,31.843,118.428571428571
1995-03-05,32.029,118.785714285714
1995-03-06,32.214,119.142857142857
1995-03-07,32.4,119.5
1995-03-08,32.586,119.857142857143
1995-03-09,32.771,120.214285714286
1995-03-10,32.957,120.571428571429
1995-03-11,33.143,120.928571428571
1995-03-12,33.329,121.285714285714
1995-03-13,33.514,121.642857142857
1995-03-14,33.7,122.0
1995-03-15,33.886,122.357142857143
1995-03-16,34.071,122.714285714286
1995-03-17,34.257,123.071428571429
1995-03-18,34.443,123.428571428571
1995-03-19,34.629,123.785714285714
1995-03-20,34.814,124.142857142857
1995-03-21,35.0,124.5
1995-03-22,35.186,124.857142857143
1995-03-23,35.371,125.214285714286
1995-03-24,35.557,125.571428571429
1995-03-25,35.743,125.928571428571
1995-03-26,35.929,126.285714285714
1995-03-27,36.114,126.642857142857
1995-03-28,36.3,127.0
1995-03-29,36.167,125.333333333333
1995-03-30,36.033,123.666666666667
1995-03-31,35.9,122.0
1995-04-01,35.767,120.333333333333
1995-04-02,35.633,118.666666666667
1995-04-03,35.5,117.0
1995-04-04,35.367,115.333333333333
1995-04-05,35.233,113.666666666667
1995-04-06,35.1,112.0
1995-04-07,34.967,110.333333333333
1995-04-08,34.833,108.666666666667
1995-04-09,34.7,107.0
1995-04-10,34.567,105.333333333333
1995-04-11,34.433,103.666666666667
1995-04-12,34.3,102.0
1995-04-13,34.167,100.333333333333
1995-04-14,34.033,98.6666666666667
1995-04-15,33.9,97.0
1995-04-16,33.767,95.3333333333333
1995-04-17,33.633,93.6666666666667
1995-04-18,33.5,92.0
1995-04-19,33.367,90.3333333333333
1995-04-20,33.233,88.6666666666667
1995-04-21,33.1,87.0
1995-04-22,32.967,85.3333333333333
1995-04-23,32.833,83.6666666666667
1995-04-24,32.7,82.0
1995-04-25,32.567,80.3333333333333
1995-04-26,32.433,78.6666666666667
1995-04-27,32.3,77.0
1995-04-28,,
1995-04-29,,
1995-04-30,,
1995-05-01,,
1995-05-02,,
1995-05-03,,
1995-05-04,,
1995-05-05,,
1995-05-06,,
1995-05-07,,
1995-05-08,,
1995-05-09,,
1995-05-10,,
1995-05-11,,
1995-05-12,,
1995-05-13,,
1995-05-14,,
1995-05-15,,
1995-05-16,,
1996-02-25,,
1996-02-26,,
1996-02-27,26.5,111.0
1996-02-28,26.797,111.3
1996-02-29,27.093,111.6
1996-03-01,27.39,111.9
1996-03-02,27.687,112.2
1996-03-03,27.983,112.5
1996-03-04,28.28,112.8
1996-03-05,28.577,113.1
1996-03-06,28.873,113.4
1996-03-07,29.17,113.7
1996-03-08,29.467,114.0
1996-03-09,29.763,114.3
1996-03-10,30.06,114.6
1996-03-11,30.357,114.9
1996-03-12,30.653,115.2
1996-03-13,30.95,115.5
1996-03-14,31.247,115.8
1996-03-15,31.543,116.1
1996-03-16,31.84,116.4
1996-03-17,32.137,116.7
1996-03-18,32.433,117.0
1996-03-19,32.73,117.3
1996-03-20,33.027,117.6
1996-03-21,33.323,117.9
1996-03-22,33.62,118.2
1996-03-23,33.917,118.5
1996-03-24,34.213,118.8
1996-03-25,34.51,119.1
1996-03-26,34.807,119.4
1996-03-27,35.103,119.7
1996-03-28,35.4,120.0
1996-03-29,35.224,118.758620689655
1996-03-30,35.048,117.51724137931
1996-03-31,34.872,116.275862068966
1996-04-01,34.697,115.034482758621
1996-04-02,34.521,113.793103448276
1996-04-03,34.345,112.551724137931
1996-04-04,34.169,111.310344827586
1996-04-05,33.993,110.068965517241
1996-04-06,33.817,108.827586206897
1996-04-07,33.641,107.586206896552
1996-04-08,33.466,106.344827586207
1996-04-09,33.29,105.103448275862
1996-04-10,33.114,103.862068965517
1996-04-11,32.938,102.620689655172
1996-04-12,32.762,101.379310344828
1996-04-13,32.586,100.137931034483
1996-04-14,32.41,98.8965517241379
1996-04-15,32.234,97.6551724137931
1996-04-16,32.059,96.4137931034483
1996-04-17,31.883,95.1724137931035
1996-04-18,31.707,93.9310344827586
1996-04-19,31.531,92.6896551724138
1996-04-20,31.355,91.448275862069
1996-04-21,31.179,90.2068965517241
1996-04-22,31.003,88.9655172413793
1996-04-23,30.828,87.7241379310345
1996-04-24,30.652,86.4827586206897
1996-04-25,30.476,85.2413793103448
1996-04-26,30.3,84.0
1996-04-27,,
1996-04-28,,
1996-04-29,,
1996-04-30,,
1996-05-01,,
1996-05-02,,
1996-05-03,,
1996-05-04,,
1996-05-05,,
1996-05-06,,
1996-05-07,,
1996-05-08,,
1996-05-09,,
1996-05-10,,
1996-05-11,,
1996-05-12,,
1996-05-13,,
1996-05-14,,
1996-05-15,,
1996-05-16,,
1997-02-25,,
1997-02-26,,
1997-02-27,,
1997-02-28,,
1997-03-01,,
1997-03-02,,
1997-03-03,,
1997-03-04,24.4,91.0
1997-03-05,24.604,91.8928571428571
1997-03-06,24.807,92.7857142857143
1997-03-07,25.011,93.6785714285714
1997-03-08,25.214,94.5714285714286
1997-03-09,25.418,95.4642857142857
1997-03-10,25.621,96.3571428571429
1997-03-11,25.825,97.25
1997-03-12,26.029,98.1428571428571
1997-03-13,26.232,99.0357142857143
1997-03-14,26.436,99.9285714285714
1997-03-15,26.639,100.821428571429
1997-03-16,26.843,101.714285714286
1997-03-17,27.046,102.607142857143
1997-03-18,27.25,103.5
1997-03-19,27.454,104.392857142857
1997-03-20,27.657,105.285714285714
1997-03-21,27.861,106.178571428571
1997-03-22,28.064,107.071428571429
1997-03-23,28.268,107.964285714286
1997-03-24,28.471,108.857142857143
1997-03-25,28.675,109.75
1997-03-26,28.879,110.642857142857
1997-03-27,29.082,111.535714285714
1997-03-28,29.286,112.428571428571
1997-03-29,29.489,113.321428571429
1997-03-30,29.693,114.214285714286
1997-03-31,29.896,115.107142857143
1997-04-01,30.1,116.0
1997-04-02,30.033,114.833333333333
1997-04-03,29.967,113.666666666667
1997-04-04,29.9,112.5
1997-04-05,29.833,111.333333333333
1997-04-06,29.767,110.166666666667
1997-04-07,29.7,109.0
1997-04-08,29.633,107.833333333333
1997-04-09,29.567,106.666666666667
1997-04-10,29.5,105.5
1997-04-11,29.433,104.333333333333
1997-04-12,29.367,103.166666666667
1997-04-13,29.3,102.0
1997-04-14,29.233,100.833333333333
1997-04-15,29.167,99.6666666666667
1997-04-16,29.1,98.5
1997-04-17,29.033,97.3333333333333
1997-04-18,28.967,96.1666666666667
1997-04-19,28.9,95.0
1997-04-20,28.833,93.8333333333333
1997-04-21,28.767,92.6666666666667
1997-04-22,28.7,91.5
1997-04-23,28.633,90.3333333333333
1997-04-24,28.567,89.1666666666667
1997-04-25,28.5,88.0
1997-04-26,,
1997-04-27,,
1997-04-28,,
1997-04-29,,
1997-04-30,,
1997-05-01,,
1997-05-02,,
1997-05-03,,
1997-05-04,,
1997-05-05,,
1997-05-06,,
1997-05-07,,
1997-05-08,,
1997-05-09,,
1997-05-10,,
1997-05-11,,
1997-05-12,,
1997-05-13,,
1997-05-14,,
1997-05-15,,
1997-05-16,,
1998-02-23,34.4,119.0
1998-02-24,34.422,118.78125
1998-02-25,34.444,118.5625
1998-02-26,34.466,118.34375
1998-02-27,34.487,118.125
1998-02-28,34.509,117.90625
1998-03-01,34.531,117.6875
1998-03-02,34.553,117.46875
1998-03-03,34.575,117.25
1998-03-04,34.597,117.03125
1998-03-05,34.619,116.8125
1998-03-06,34.641,116.59375
1998-03-07,34.663,116.375
1998-03-08,34.684,116.15625
1998-03-09,34.706,115.9375
1998-03-10,34.728,115.71875
1998-03-11,34.75,115.5
1998-03-12,34.772,115.28125
1998-03-13,34.794,115.0625
1998-03-14,34.816,114.84375
1998-03-15,34.837,114.625
1998-03-16,34.859,114.40625
1998-03-17,34.881,114.1875
1998-03-18,34.903,113.96875
1998-03-19,34.925,113.75
1998-03-20,34.947,113.53125
1998-03-21,34.969,113.3125
1998-03-22,34.991,113.09375
1998-03-23,35.013,112.875
1998-03-24,35.034,112.65625
1998-03-25,35.056,112.4375
1998-03-26,35.078,112.21875
1998-03-27,35.1,112.0
1998-03-28,35.004,111.071428571429
1998-03-29,34.907,110.142857142857
1998-03-30,34.811,109.214285714286
1998-03-31,34.714,108.285714285714
1998-04-01,34.618,107.357142857143
1998-04-02,34.521,106.428571428571
1998-04-03,34.425,105.5
1998-04-04,34.329,104.571428571429
1998-04-05,34.232,103.642857142857
1998-04-06,34.136,102.714285714286
1998-04-07,34.039,101.785714285714
1998-04-08,33.943,100.857142857143
1998-04-09,33.846,99.9285714285714
1998-04-10,33.75,99.0
1998-04-11,33.654,98.0714285714286
1998-04-12,33.557,97.1428571428572
1998-04-13,33.461,96.2142857142857
1998-04-14,33.364,95.2857142857143
1998-04-15,33.268,94.3571428571429
1998-04-16,33.171,93.4285714285714
1998-04-17,33.075,92.5
1998-04-18,32.979,91.5714285714286
1998-04-19,32.882,90.6428571428571
1998-04-20,32.786,89.7142857142857
1998-04-21,32.689,88.7857142857143
1998-04-22,32.593,87.8571428571429
1998-04-23,32.496,86.9285714285714
1998-04-24,32.4,86.0
1998-04-25,,
1998-04-26,,
1998-04-27,,
1998-04-28,,
1998-04-29,,
1998-04-30,,
1998-05-01,,
1998-05-02,,
1998-05-03,,
1998-05-04,,
1998-05-05,,
1998-05-06,,
1998-05-07,,
1998-05-08,,
1998-05-09,,
1998-05-10,,
1998-05-11,,
1998-05-12,,
1998-05-13,,
1998-05-14,,
1998-05-15,,
1998-05-16,,
1999-02-23,,
1999-02-24,21.8,94.0
1999-02-25,21.927,94.0666666666667
1999-02-26,22.053,94.1333333333333
1999-02-27,22.18,94.2
1999-02-28,22.307,94.2666666666667
1999-03-01,22.433,94.3333333333333
1999-03-02,22.56,94.4
1999-03-03,22.687,94.4666666666667
1999-03-04,22.813,94.5333333333333
1999-03-05,22.94,94.6
1999-03-06,23.067,94.6666666666667
1999-03-07,23.193,94.7333333333333
1999-03-08,23.32,94.8
1999-03-09,23.447,94.8666666666667
1999-03-10,23.573,94.9333333333333
1999-03-11,23.7,95.0
1999-03-12,23.827,95.0666666666667
1999-03-13,23.953,95.1333333333333
1999-03-14,24.08,95.2
1999-03-15,24.207,95.2666666666667
1999-03-16,24.333,95.3333333333333
1999-03-17,24.46,95.4
1999-03-18,24.587,95.4666666666667
1999-03-19,24.713,95.5333333333333
1999-03-20,24.84,95.6
1999-03-21,24.967,95.6666666666667
1999-03-22,25.093,95.7333333333333
1999-03-23,25.22,95.8
1999-03-24,25.347,95.8666666666667
1999-03-25,25.473,95.9333333333333
1999-03-26,25.6,96.0
1999-03-27,25.565,95.6176470588235
1999-03-28,25.529,95.2352941176471
1999-03-29,25.494,94.8529411764706
1999-03-30,25.459,94.4705882352941
1999-03-31,25.424,94.0882352941177
1999-04-01,25.388,93.7058823529412
1999-04-02,25.353,93.3235294117647
1999-04-03,25.318,92.9411764705882
1999-04-04,25.282,92.5588235294118
1999-04-05,25.247,92.1764705882353
1999-04-06,25.212,91.7941176470588
1999-04-07,25.176,91.4117647058823
1999-04-08,25.141,91.0294117647059
1999-04-09,25.106,90.6470588235294
1999-04-10,25.071,90.2647058823529
1999-04-11,25.035,89.8823529411765
1999-04-12,25.0,89.5
1999-04-13,24.965,89.1176470588235
1999-04-14,24.929,88.7352941176471
1999-04-15,24.894,88.3529411764706
1999-04-16,24.859,87.9705882352941
1999-04-17,24.824,87.5882352941177
1999-04-18,24.788,87.2058823529412
1999-04-19,24.753,86.8235294117647
1999-04-20,24.718,86.4411764705882
1999-04-21,24.682,86.0588235294118
1999-04-22,24.647,85.6764705882353
1999-04-23,24.612,85.2941176470588
1999-04-24,24.576,84.9117647058823
1999-04-25,24.541,84.5294117647059
1999-04-26,24.506,84.1470588235294
1999-04-27,24.471,83.764705882353
1999-04-28,24.435,83.3823529411765
1999-04-29,24.4,83.0
1999-04-30,24.269,81.0
1999-05-01,24.138,79.0
1999-05-02,24.008,77.0
1999-05-03,23.877,75.0
1999-05-04,23.746,73.0
1999-05-05,23.615,71.0
1999-05-06,23.485,69.0
1999-05-07,23.354,67.0
1999-05-08,23.223,65.0
1999-05-09,23.092,63.0
1999-05-10,22.962,61.0
1999-05-11,22.831,59.0
1999-05-12,22.7,57.0
1999-05-13,,
1999-05-14,,
1999-05-15,,
1999-05-16,,
2000-02-23,,
2000-02-24,,
2000-02-25,38.8,119.0
2000-02-26,38.877,119.193548387097
2000-02-27,38.955,119.387096774194
2000-02-28,39.032,119.58064516129
2000-02-29,39.11,119.774193548387
2000-03-01,39.187,119.967741935484
2000-03-02,39.265,120.161290322581
2000-03-03,39.342,120.354838709677
2000-03-04,39.419,120.548387096774
2000-03-05,39.497,120.741935483871
2000-03-06,39.574,120.935483870968
2000-03-07,39.652,121.129032258065
2000-03-08,39.729,121.322580645161
2000-03-09,39.806,121.516129032258
2000-03-10,39.884,121.709677419355
2000-03-11,39.961,121.903225806452
2000-03-12,40.039,122.096774193548
2000-03-13,40.116,122.290322580645
2000-03-14,40.194,122.483870967742
2000-03-15,40.271,122.677419354839
2000-03-16,40.348,122.870967741936
2000-03-17,40.426,123.064516129032
2000-03-18,40.503,123.258064516129
2000-03-19,40.581,123.451612903226
2000-03-20,40.658,123.645161290323
2000-03-21,40.735,123.838709677419
2000-03-22,40.813,124.032258064516
2000-03-23,40.89,124.225806451613
2000-03-24,40.968,124.41935483871
2000-03-25,41.045,124.612903225806
2000-03-26,41.123,124.806451612903
2000-03-27,41.2,125.0
2000-03-28,41.383,124.966666666667
2000-03-29,41.567,124.933333333333
2000-03-30,41.75,124.9
2000-03-31,41.933,124.866666666667
2000-04-01,42.117,124.833333333333
2000-04-02,42.3,124.8
2000-04-03,42.483,124.766666666667
2000-04-04,42.667,124.733333333333
2000-04-05,42.85,124.7
2000-04-06,43.033,124.666666666667
2000-04-07,43.217,124.633333333333
2000-04-08,43.4,124.6
2000-04-09,43.583,124.566666666667
2000-04-10,43.767,124.533333333333
2000-04-11,43.95,124.5
2000-04-12,44.133,124.466666666667
2000-04-13,44.317,124.433333333333
2000-04-14,44.5,124.4
2000-04-15,44.683,124.366666666667
2000-04-16,44.867,124.333333333333
2000-04-17,45.05,124.3
2000-04-18,45.233,124.266666666667
2000-04-19,45.417,124.233333333333
2000-04-20,45.6,124.2
2000-04-21,45.783,124.166666666667
2000-04-22,45.967,124.133333333333
2000-04-23,46.15,124.1
2000-04-24,46.333,124.066666666667
2000-04-25,46.517,124.033333333333
2000-04-26,46.7,124.0
2000-04-27,,
2000-04-28,,
2000-04-29,,
2000-04-30,,
2000-05-01,,
2000-05-02,,
2000-05-03,,
2000-05-04,,
2000-05-05,,
2000-05-06,,
2000-05-07,,
2000-05-08,,
2000-05-09,,
2000-05-10,,
2000-05-11,,
2000-05-12,,
2000-05-13,,
2000-05-14,,
2000-05-15,,
2000-05-16,,
2001-02-23,,
2001-02-24,,
2001-02-25,,
2001-02-26,37.2,123.0
2001-02-27,37.413,123.34375
2001-02-28,37.625,123.6875
2001-03-01,37.837,124.03125
2001-03-02,38.05,124.375
2001-03-03,38.263,124.71875
2001-03-04,38.475,125.0625
2001-03-05,38.688,125.40625
2001-03-06,38.9,125.75
2001-03-07,39.112,126.09375
2001-03-08,39.325,126.4375
2001-03-09,39.538,126.78125
2001-03-10,39.75,127.125
2001-03-11,39.962,127.46875
2001-03-12,40.175,127.8125
2001-03-13,40.388,128.15625
2001-03-14,40.6,128.5
2001-03-15,40.812,128.84375
2001-03-16,41.025,129.1875
2001-03-17,41.237,129.53125
2001-03-18,41.45,129.875
2001-03-19,41.663,130.21875
2001-03-20,41.875,130.5625
2001-03-21,42.087,130.90625
2001-03-22,42.3,131.25
2001-03-23,42.513,131.59375
2001-03-24,42.725,131.9375
2001-03-25,42.938,132.28125
2001-03-26,43.15,132.625
2001-03-27,43.362,132.96875
2001-03-28,43.575,133.3125
2001-03-29,43.788,133.65625
2001-03-30,44.0,134.0
2001-03-31,43.8,132.962962962963
2001-04-01,43.6,131.925925925926
2001-04-02,43.4,130.888888888889
2001-04-03,43.2,129.851851851852
2001-04-04,43.0,128.814814814815
2001-04-05,42.8,127.777777777778
2001-04-06,42.6,126.740740740741
2001-04-07,42.4,125.703703703704
2001-04-08,42.2,124.666666666667
2001-04-09,42.0,123.62962962963
2001-04-10,41.8,122.592592592593
2001-04-11,41.6,121.555555555556
2001-04-12,41.4,120.518518518519
2001-04-13,41.2,119.481481481482
2001-04-14,41.0,118.444444444444
2001-04-15,40.8,117.407407407407
2001-04-16,40.6,116.37037037037
2001-04-17,40.4,115.333333333333
2001-04-18,40.2,114.296296296296
2001-04-19,40.0,113.259259259259
2001-04-20,39.8,112.222222222222
2001-04-21,39.6,111.185185185185
2001-04-22,39.4,110.148148148148
2001-04-23,39.2,109.111111111111
2001-04-24,39.0,108.074074074074
2001-04-25,38.8,107.037037037037
2001-04-26,38.6,106.0
2001-04-27,,
2001-04-28,,
2001-04-29,,
2001-04-30,,
2001-05-01,,
2001-05-02,,
2001-05-03,,
2001-05-04,,
2001-05-05,,
2001-05-06,,
2001-05-07,,
2001-05-08,,
2001-05-09,,
2001-05-10,,
2001-05-11,,
2001-05-12,,
2001-05-13,,
2001-05-14,,
2001-05-15,,
2001-05-16,,
2002-02-23,,
2002-02-24,,
2002-02-25,,
2002-02-26,43.6,144.0
2002-02-27,43.715,143.814814814815
2002-02-28,43.83,143.62962962963
2002-03-01,43.944,143.444444444444
2002-03-02,44.059,143.259259259259
2002-03-03,44.174,143.074074074074
2002-03-04,44.289,142.888888888889
2002-03-05,44.404,142.703703703704
2002-03-06,44.519,142.518518518519
2002-03-07,44.633,142.333333333333
2002-03-08,44.748,142.148148148148
2002-03-09,44.863,141.962962962963
2002-03-10,44.978,141.777777777778
2002-03-11,45.093,141.592592592593
2002-03-12,45.207,141.407407407407
2002-03-13,45.322,141.222222222222
2002-03-14,45.437,141.037037037037
2002-03-15,45.552,140.851851851852
2002-03-16,45.667,140.666666666667
2002-03-17,45.781,140.481481481482
2002-03-18,45.896,140.296296296296
2002-03-19,46.011,140.111111111111
2002-03-20,46.126,139.925925925926
2002-03-21,46.241,139.740740740741
2002-03-22,46.356,139.555555555556
2002-03-23,46.47,139.37037037037
2002-03-24,46.585,139.185185185185
2002-03-25,46.7,139.0
2002-03-26,46.533,138.410256410256
2002-03-27,46.367,137.820512820513
2002-03-28,46.2,137.230769230769
2002-03-29,46.033,136.641025641026
2002-03-30,45.867,136.051282051282
2002-03-31,45.7,135.461538461538
2002-04-01,45.533,134.871794871795
2002-04-02,45.367,134.282051282051
2002-04-03,45.2,133.692307692308
2002-04-04,45.033,133.102564102564
2002-04-05,44.867,132.512820512821
2002-04-06,44.7,131.923076923077
2002-04-07,44.533,131.333333333333
2002-04-08,44.367,130.74358974359
2002-04-09,44.2,130.153846153846
2002-04-10,44.033,129.564102564103
2002-04-11,43.867,128.974358974359
2002-04-12,43.7,128.384615384615
2002-04-13,43.533,127.794871794872
2002-04-14,43.367,127.205128205128
2002-04-15,43.2,126.615384615385
2002-04-16,43.033,126.025641025641
2002-04-17,42.867,125.435897435897
2002-04-18,42.7,124.846153846154
2002-04-19,42.533,124.25641025641
2002-04-20,42.367,123.666666666667
2002-04-21,42.2,123.076923076923
2002-04-22,42.033,122.487179487179
2002-04-23,41.867,121.897435897436
2002-04-24,41.7,121.307692307692
2002-04-25,41.533,120.717948717949
2002-04-26,41.367,120.128205128205
2002-04-27,41.2,119.538461538462
2002-04-28,41.033,118.948717948718
2002-04-29,40.867,118.358974358974
2002-04-30,40.7,117.769230769231
2002-05-01,40.533,117.179487179487
2002-05-02,40.367,116.589743589744
2002-05-03,40.2,116.0
2002-05-04,,
2002-05-05,,
2002-05-06,,
2002-05-07,,
2002-05-08,,
2002-05-09,,
2002-05-10,,
2002-05-11,,
2002-05-12,,
2002-05-13,,
2002-05-14,,
2002-05-15,,
2002-05-16,,
2003-02-23,,
2003-02-24,,
2003-02-25,20.7,76.0
2003-02-26,20.7,76.3928571428571
2003-02-27,20.7,76.7857142857143
2003-02-28,20.7,77.1785714285714
2003-03-01,20.7,77.5714285714286
2003-03-02,20.7,77.9642857142857
2003-03-03,20.7,78.3571428571429
2003-03-04,20.7,78.75
2003-03-05,20.7,79.1428571428572
2003-03-06,20.7,79.5357142857143
2003-03-07,20.7,79.9285714285714
2003-03-08,20.7,80.3214285714286
2003-03-09,20.7,80.7142857142857
2003-03-10,20.7,81.1071428571429
2003-03-11,20.7,81.5
2003-03-12,20.7,81.8928571428572
2003-03-13,20.7,82.2857142857143
2003-03-14,20.7,82.6785714285714
2003-03-15,20.7,83.0714285714286
2003-03-16,20.7,83.4642857142857
2003-03-17,20.7,83.8571428571429
2003-03-18,20.7,84.25
2003-03-19,20.7,84.6428571428571
2003-03-20,20.7,85.0357142857143
2003-03-21,20.7,85.4285714285714
2003-03-22,20.7,85.8214285714286
2003-03-23,20.7,86.2142857142857
2003-03-24,20.7,86.6071428571429
2003-03-25,20.7,87.0
2003-03-26,20.484,85.5405405405405
2003-03-27,20.268,84.0810810810811
2003-03-28,20.051,82.6216216216216
2003-03-29,19.835,81.1621621621622
2003-03-30,19.619,79.7027027027027
2003-03-31,19.403,78.2432432432433
2003-04-01,19.186,76.7837837837838
2003-04-02,18.97,75.3243243243243
2003-04-03,18.754,73.8648648648649
2003-04-04,18.538,72.4054054054054
2003-04-05,18.322,70.945945945946
2003-04-06,18.105,69.4864864864865
2003-04-07,17.889,68.027027027027
2003-04-08,17.673,66.5675675675676
2003-04-09,17.457,65.1081081081081
2003-04-10,17.241,63.6486486486487
2003-04-11,17.024,62.1891891891892
2003-04-12,16.808,60.7297297297297
2003-04-13,16.592,59.2702702702703
2003-04-14,16.376,57.8108108108108
2003-04-15,16.159,56.3513513513514
2003-04-16,15.943,54.8918918918919
2003-04-17,15.727,53.4324324324324
2003-04-18,15.511,51.972972972973
2003-04-19,15.295,50.5135135135135
2003-04-20,15.078,49.0540540540541
2003-04-21,14.862,47.5945945945946
2003-04-22,14.646,46.1351351351351
2003-04-23,14.43,44.6756756756757
2003-04-24,14.214,43.2162162162162
2003-04-25,13.997,41.7567567567568
2003-04-26,13.781,40.2972972972973
2003-04-27,13.565,38.8378378378378
2003-04-28,13.349,37.3783783783784
2003-04-29,13.132,35.9189189189189
2003-04-30,12.916,34.4594594594595
2003-05-01,12.7,33.0
2003-05-02,,
2003-05-03,,
2003-05-04,,
2003-05-05,,
2003-05-06,,
2003-05-07,,
2003-05-08,,
2003-05-09,,
2003-05-10,,
2003-05-11,,
2003-05-12,,
2003-05-13,,
2003-05-14,,
2003-05-15,,
2003-05-16,,
2004-02-23,,
2004-02-24,,
2004-02-25,,
2004-02-26,,
2004-02-27,,
2004-02-28,,
2004-02-29,,
2004-03-01,,
2004-03-02,,
2004-03-03,37.2,120.0
2004-03-04,37.623,121.192307692308
2004-03-05,38.046,122.384615384615
2004-03-06,38.469,123.576923076923
2004-03-07,38.892,124.769230769231
2004-03-08,39.315,125.961538461538
2004-03-09,39.738,127.153846153846
2004-03-10,40.162,128.346153846154
2004-03-11,40.585,129.538461538462
2004-03-12,41.008,130.730769230769
2004-03-13,41.431,131.923076923077
2004-03-14,41.854,133.115384615385
2004-03-15,42.277,134.307692307692
2004-03-16,42.7,135.5
2004-03-17,43.123,136.692307692308
2004-03-18,43.546,137.884615384615
2004-03-19,43.969,139.076923076923
2004-03-20,44.392,140.269230769231
2004-03-21,44.815,141.461538461538
2004-03-22,45.238,142.653846153846
2004-03-23,45.662,143.846153846154
2004-03-24,46.085,145.038461538462
2004-03-25,46.508,146.230769230769
2004-03-26,46.931,147.423076923077
2004-03-27,47.354,148.615384615385
2004-03-28,47.777,149.807692307692
2004-03-29,48.2,151.0
2004-03-30,48.3,150.310344827586
2004-03-31,48.4,149.620689655172
2004-04-01,48.5,148.931034482759
2004-04-02,48.6,148.241379310345
2004-04-03,48.7,147.551724137931
2004-04-04,48.8,146.862068965517
2004-04-05,48.9,146.172413793103
2004-04-06,49.0,145.48275862069
2004-04-07,49.1,144.793103448276
2004-04-08,49.2,144.103448275862
2004-04-09,49.3,143.413793103448
2004-04-10,49.4,142.724137931035
2004-04-11,49.5,142.034482758621
2004-04-12,49.6,141.344827586207
2004-04-13,49.7,140.655172413793
2004-04-14,49.8,139.965517241379
2004-04-15,49.9,139.275862068966
2004-04-16,50.0,138.586206896552
2004-04-17,50.1,137.896551724138
2004-04-18,50.2,137.206896551724
2004-04-19,50.3,136.51724137931
2004-04-20,50.4,135.827586206897
2004-04-21,50.5,135.137931034483
2004-04-22,50.6,134.448275862069
2004-04-23,50.7,133.758620689655
2004-04-24,50.8,133.068965517241
2004-04-25,50.9,132.379310344828
2004-04-26,51.0,131.689655172414
2004-04-27,51.1,131.0
2004-04-28,,
2004-04-29,,
2004-04-30,,
2004-05-01,,
2004-05-02,,
2004-05-03,,
2004-05-04,,
2004-05-05,,
2004-05-06,,
2004-05-07,,
2004-05-08,,
2004-05-09,,
2004-05-10,,
2004-05-11,,
2004-05-12,,
2004-05-13,,
2004-05-14,,
2004-05-15,,
2004-05-16,,
2005-02-23,,
2005-02-24,38.1,124.0
2005-02-25,38.3,124.314285714286
2005-02-26,38.5,124.628571428571
2005-02-27,38.7,124.942857142857
2005-02-28,38.9,125.257142857143
2005-03-01,39.1,125.571428571429
2005-03-02,39.3,125.885714285714
2005-03-03,39.5,126.2
2005-03-04,39.7,126.514285714286
2005-03-05,39.9,126.828571428571
2005-03-06,40.1,127.142857142857
2005-03-07,40.3,127.457142857143
2005-03-08,40.5,127.771428571429
2005-03-09,40.7,128.085714285714
2005-03-10,40.9,128.4
2005-03-11,41.1,128.714285714286
2005-03-12,41.3,129.028571428571
2005-03-13,41.5,129.342857142857
2005-03-14,41.7,129.657142857143
2005-03-15,41.9,129.971428571429
2005-03-16,42.1,130.285714285714
2005-03-17,42.3,130.6
2005-03-18,42.5,130.914285714286
2005-03-19,42.7,131.228571428571
2005-03-20,42.9,131.542857142857
2005-03-21,43.1,131.857142857143
2005-03-22,43.3,132.171428571429
2005-03-23,43.5,132.485714285714
2005-03-24,43.7,132.8
2005-03-25,43.9,133.114285714286
2005-03-26,44.1,133.428571428571
2005-03-27,44.3,133.742857142857
2005-03-28,44.5,134.057142857143
2005-03-29,44.7,134.371428571429
2005-03-30,44.9,134.685714285714
2005-03-31,45.1,135.0
2005-04-01,44.821,133.307142857143
2005-04-02,44.543,131.614285714286
2005-04-03,44.264,129.921428571429
2005-04-04,43.986,128.228571428571
2005-04-05,43.707,126.535714285714
2005-04-06,43.429,124.842857142857
2005-04-07,43.15,123.15
2005-04-08,42.871,121.457142857143
2005-04-09,42.593,119.764285714286
2005-04-10,42.314,118.071428571429
2005-04-11,42.036,116.378571428571
2005-04-12,41.757,114.685714285714
2005-04-13,41.479,112.992857142857
2005-04-14,41.2,111.3
2005-04-15,40.921,109.607142857143
2005-04-16,40.643,107.914285714286
2005-04-17,40.364,106.221428571429
2005-04-18,40.086,104.528571428571
2005-04-19,39.807,102.835714285714
2005-04-20,39.529,101.142857142857
2005-04-21,39.25,99.45
2005-04-22,38.971,97.7571428571429
2005-04-23,38.693,96.0642857142857
2005-04-24,38.414,94.3714285714286
2005-04-25,38.136,92.6785714285714
2005-04-26,37.857,90.9857142857143
2005-04-27,37.579,89.2928571428572
2005-04-28,37.3,87.6
2005-04-29,,
2005-04-30,,
2005-05-01,,
2005-05-02,,
2005-05-03,,
2005-05-04,,
2005-05-05,,
2005-05-06,,
2005-05-07,,
2005-05-08,,
2005-05-09,,
2005-05-10,,
2005-05-11,,
2005-05-12,,
2005-05-13,,
2005-05-14,,
2005-05-15,,
2005-05-16,,
2006-02-23,,
2006-02-24,,
2006-02-25,,
2006-02-26,,
2006-02-27,,
2006-02-28,28.6,107.0
2006-03-01,28.766,107.137931034483
2006-03-02,28.931,107.275862068966
2006-03-03,29.097,107.413793103448
2006-03-04,29.262,107.551724137931
2006-03-05,29.428,107.689655172414
2006-03-06,29.593,107.827586206897
2006-03-07,29.759,107.965517241379
2006-03-08,29.924,108.103448275862
2006-03-09,30.09,108.241379310345
2006-03-10,30.255,108.379310344828
2006-03-11,30.421,108.51724137931
2006-03-12,30.586,108.655172413793
2006-03-13,30.752,108.793103448276
2006-03-14,30.917,108.931034482759
2006-03-15,31.083,109.068965517241
2006-03-16,31.248,109.206896551724
2006-03-17,31.414,109.344827586207
2006-03-18,31.579,109.48275862069
2006-03-19,31.745,109.620689655172
2006-03-20,31.91,109.758620689655
2006-03-21,32.076,109.896551724138
2006-03-22,32.241,110.034482758621
2006-03-23,32.407,110.172413793103
2006-03-24,32.572,110.310344827586
2006-03-25,32.738,110.448275862069
2006-03-26,32.903,110.586206896552
2006-03-27,33.069,110.724137931034
2006-03-28,33.234,110.862068965517
2006-03-29,33.4,111.0
2006-03-30,33.354,110.428571428571
2006-03-31,33.307,109.857142857143
2006-04-01,33.261,109.285714285714
2006-04-02,33.214,108.714285714286
2006-04-03,33.168,108.142857142857
2006-04-04,33.121,107.571428571429
2006-04-05,33.075,107.0
2006-04-06,33.029,106.428571428571
2006-04-07,32.982,105.857142857143
2006-04-08,32.936,105.285714285714
2006-04-09,32.889,104.714285714286
2006-04-10,32.843,104.142857142857
2006-04-11,32.796,103.571428571429
2006-04-12,32.75,103.0
2006-04-13,32.704,102.428571428571
2006-04-14,32.657,101.857142857143
2006-04-15,32.611,101.285714285714
2006-04-16,32.564,100.714285714286
2006-04-17,32.518,100.142857142857
2006-04-18,32.471,99.5714285714286
2006-04-19,32.425,99.0
2006-04-20,32.379,98.4285714285714
2006-04-21,32.332,97.8571428571429
2006-04-22,32.286,97.2857142857143
2006-04-23,32.239,96.7142857142857
2006-04-24,32.193,96.1428571428571
2006-04-25,32.146,95.5714285714286
2006-04-26,32.1,95.0
2006-04-27,,
2006-04-28,,
2006-04-29,,
2006-04-30,,
2006-05-01,,
2006-05-02,,
2006-05-03,,
2006-05-04,,
2006-05-05,,
2006-05-06,,
2006-05-07,,
2006-05-08,,
2006-05-09,,
2006-05-10,,
2006-05-11,,
2006-05-12,,
2006-05-13,,
2006-05-14,,
2006-05-15,,
2006-05-16,,
2007-02-23,,
2007-02-24,,
2007-02-25,,
2007-02-26,,
2007-02-27,,
2007-02-28,,
2007-03-01,40.1,145.0
2007-03-02,40.736,145.6
2007-03-03,41.372,146.2
2007-03-04,42.008,146.8
2007-03-05,42.644,147.4
2007-03-06,43.28,148.0
2007-03-07,43.916,148.6
2007-03-08,44.552,149.2
2007-03-09,45.188,149.8
2007-03-10,45.824,150.4
2007-03-11,46.46,151.0
2007-03-12,47.096,151.6
2007-03-13,47.732,152.2
2007-03-14,48.368,152.8
2007-03-15,49.004,153.4
2007-03-16,49.64,154.0
2007-03-17,50.276,154.6
2007-03-18,50.912,155.2
2007-03-19,51.548,155.8
2007-03-20,52.184,156.4
2007-03-21,52.82,157.0
2007-03-22,53.456,157.6
2007-03-23,54.092,158.2
2007-03-24,54.728,158.8
2007-03-25,55.364,159.4
2007-03-26,56.0,160.0
2007-03-27,55.771,158.722580645161
2007-03-28,55.542,157.445161290323
2007-03-29,55.313,156.167741935484
2007-03-30,55.084,154.890322580645
2007-03-31,54.855,153.612903225806
2007-04-01,54.626,152.335483870968
2007-04-02,54.397,151.058064516129
2007-04-03,54.168,149.78064516129
2007-04-04,53.939,148.503225806452
2007-04-05,53.71,147.225806451613
2007-04-06,53.481,145.948387096774
2007-04-07,53.252,144.670967741936
2007-04-08,53.023,143.393548387097
2007-04-09,52.794,142.116129032258
2007-04-10,52.565,140.838709677419
2007-04-11,52.335,139.561290322581
2007-04-12,52.106,138.283870967742
2007-04-13,51.877,137.006451612903
2007-04-14,51.648,135.729032258065
2007-04-15,51.419,134.451612903226
2007-04-16,51.19,133.174193548387
2007-04-17,50.961,131.896774193548
2007-04-18,50.732,130.61935483871
2007-04-19,50.503,129.341935483871
2007-04-20,50.274,128.064516129032
2007-04-21,50.045,126.787096774194
2007-04-22,49.816,125.509677419355
2007-04-23,49.587,124.232258064516
2007-04-24,49.358,122.954838709677
2007-04-25,49.129,121.677419354839
2007-04-26,48.9,120.4
2007-04-27,,
2007-04-28,,
2007-04-29,,
2007-04-30,,
2007-05-01,,
2007-05-02,,
2007-05-03,,
2007-05-04,,
2007-05-05,,
2007-05-06,,
2007-05-07,,
2007-05-08,,
2007-05-09,,
2007-05-10,,
2007-05-11,,
2007-05-12,,
2007-05-13,,
2007-05-14,,
2007-05-15,,
2007-05-16,,
2008-02-23,,
2008-02-24,,
2008-02-25,,
2008-02-26,29.5,116.0
2008-02-27,29.772,116.28125
2008-02-28,30.044,116.5625
2008-02-29,30.316,116.84375
2008-03-01,30.587,117.125
2008-03-02,30.859,117.40625
2008-03-03,31.131,117.6875
2008-03-04,31.403,117.96875
2008-03-05,31.675,118.25
2008-03-06,31.947,118.53125
2008-03-07,32.219,118.8125
2008-03-08,32.491,119.09375
2008-03-09,32.763,119.375
2008-03-10,33.034,119.65625
2008-03-11,33.306,119.9375
2008-03-12,33.578,120.21875
2008-03-13,33.85,120.5
2008-03-14,34.122,120.78125
2008-03-15,34.394,121.0625
2008-03-16,34.666,121.34375
2008-03-17,34.938,121.625
2008-03-18,35.209,121.90625
2008-03-19,35.481,122.1875
2008-03-20,35.753,122.46875
2008-03-21,36.025,122.75
2008-03-22,36.297,123.03125
2008-03-23,36.569,123.3125
2008-03-24,36.841,123.59375
2008-03-25,37.112,123.875
2008-03-26,37.384,124.15625
2008-03-27,37.656,124.4375
2008-03-28,37.928,124.71875
2008-03-29,38.2,125.0
2008-03-30,38.182,124.352941176471
2008-03-31,38.165,123.705882352941
2008-04-01,38.147,123.058823529412
2008-04-02,38.129,122.411764705882
2008-04-03,38.112,121.764705882353
2008-04-04,38.094,121.117647058824
2008-04-05,38.076,120.470588235294
2008-04-06,38.059,119.823529411765
2008-04-07,38.041,119.176470588235
2008-04-08,38.024,118.529411764706
2008-04-09,38.006,117.882352941176
2008-04-10,37.988,117.235294117647
2008-04-11,37.971,116.588235294118
2008-04-12,37.953,115.941176470588
2008-04-13,37.935,115.294117647059
2008-04-14,37.918,114.647058823529
2008-04-15,37.9,114.0
2008-04-16,37.882,113.352941176471
2008-04-17,37.865,112.705882352941
2008-04-18,37.847,112.058823529412
2008-04-19,37.829,111.411764705882
2008-04-20,37.812,110.764705882353
2008-04-21,37.794,110.117647058824
2008-04-22,37.776,109.470588235294
2008-04-23,37.759,108.823529411765
2008-04-24,37.741,108.176470588235
2008-04-25,37.724,107.529411764706
2008-04-26,37.706,106.882352941176
2008-04-27,37.688,106.235294117647
2008-04-28,37.671,105.588235294118
2008-04-29,37.653,104.941176470588
2008-04-30,37.635,104.294117647059
2008-05-01,37.618,103.647058823529
2008-05-02,37.6,103.0
2008-05-03,36.746,100.923076923077
2008-05-04,35.892,98.8461538461539
2008-05-05,35.038,96.7692307692308
2008-05-06,34.185,94.6923076923077
2008-05-07,33.331,92.6153846153846
2008-05-08,32.477,90.5384615384615
2008-05-09,31.623,88.4615384615385
2008-05-10,30.769,86.3846153846154
2008-05-11,29.915,84.3076923076923
2008-05-12,29.062,82.2307692307692
2008-05-13,28.208,80.1538461538462
2008-05-14,27.354,78.0769230769231
2008-05-15,26.5,76.0
2008-05-16,,
2009-02-23,,
2009-02-24,,
2009-02-25,45.4,150.0
2009-02-26,45.683,150.172413793103
2009-02-27,45.966,150.344827586207
2009-02-28,46.248,150.51724137931
2009-03-01,46.531,150.689655172414
2009-03-02,46.814,150.862068965517
2009-03-03,47.097,151.034482758621
2009-03-04,47.379,151.206896551724
2009-03-05,47.662,151.379310344828
2009-03-06,47.945,151.551724137931
2009-03-07,48.228,151.724137931034
2009-03-08,48.51,151.896551724138
2009-03-09,48.793,152.068965517241
2009-03-10,49.076,152.241379310345
2009-03-11,49.359,152.413793103448
2009-03-12,49.641,152.586206896552
2009-03-13,49.924,152.758620689655
2009-03-14,50.207,152.931034482759
2009-03-15,50.49,153.103448275862
2009-03-16,50.772,153.275862068966
2009-03-17,51.055,153.448275862069
2009-03-18,51.338,153.620689655172
2009-03-19,51.621,153.793103448276
2009-03-20,51.903,153.965517241379
2009-03-21,52.186,154.137931034483
2009-03-22,52.469,154.310344827586
2009-03-23,52.752,154.48275862069
2009-03-24,53.034,154.655172413793
2009-03-25,53.317,154.827586206897
2009-03-26,53.6,155.0
2009-03-27,53.528,154.375
2009-03-28,53.456,153.75
2009-03-29,53.384,153.125
2009-03-30,53.312,152.5
2009-03-31,53.241,151.875
2009-04-01,53.169,151.25
2009-04-02,53.097,150.625
2009-04-03,53.025,150.0
2009-04-04,52.953,149.375
2009-04-05,52.881,148.75
2009-04-06,52.809,148.125
2009-04-07,52.737,147.5
2009-04-08,52.666,146.875
2009-04-09,52.594,146.25
2009-04-10,52.522,145.625
2009-04-11,52.45,145.0
2009-04-12,52.378,144.375
2009-04-13,52.306,143.75
2009-04-14,52.234,143.125
2009-04-15,52.163,142.5
2009-04-16,52.091,141.875
2009-04-17,52.019,141.25
2009-04-18,51.947,140.625
2009-04-19,51.875,140.0
2009-04-20,51.803,139.375
2009-04-21,51.731,138.75
2009-04-22,51.659,138.125
2009-04-23,51.587,137.5
2009-04-24,51.516,136.875
2009-04-25,51.444,136.25
2009-04-26,51.372,135.625
2009-04-27,51.3,135.0
2009-04-28,,
2009-04-29,,
2009-04-30,,
2009-05-01,,
2009-05-02,,
2009-05-03,,
2009-05-04,,
2009-05-05,,
2009-05-06,,
2009-05-07,,
2009-05-08,,
2009-05-09,,
2009-05-10,,
2009-05-11,,
2009-05-12,,
2009-05-13,,
2009-05-14,,
2009-05-15,,
2009-05-16,,
2010-02-23,,
2010-02-24,,
2010-02-25,33.2,109.0
2010-02-26,33.491,109.969696969697
2010-02-27,33.782,110.939393939394
2010-02-28,34.073,111.909090909091
2010-03-01,34.364,112.878787878788
2010-03-02,34.655,113.848484848485
2010-03-03,34.945,114.818181818182
2010-03-04,35.236,115.787878787879
2010-03-05,35.527,116.757575757576
2010-03-06,35.818,117.727272727273
2010-03-07,36.109,118.69696969697
2010-03-08,36.4,119.666666666667
2010-03-09,36.691,120.636363636364
2010-03-10,36.982,121.606060606061
2010-03-11,37.273,122.575757575758
2010-03-12,37.564,123.545454545455
2010-03-13,37.855,124.515151515152
2010-03-14,38.145,125.484848484849
2010-03-15,38.436,126.454545454545
2010-03-16,38.727,127.424242424242
2010-03-17,39.018,128.393939393939
2010-03-18,39.309,129.363636363636
2010-03-19,39.6,130.333333333333
2010-03-20,39.891,131.30303030303
2010-03-21,40.182,132.272727272727
2010-03-22,40.473,133.242424242424
2010-03-23,40.764,134.212121212121
2010-03-24,41.055,135.181818181818
2010-03-25,41.345,136.151515151515
2010-03-26,41.636,137.121212121212
2010-03-27,41.927,138.090909090909
2010-03-28,42.218,139.060606060606
2010-03-29,42.509,140.030303030303
2010-03-30,42.8,141.0
2010-03-31,42.504,139.321428571429
2010-04-01,42.207,137.642857142857
2010-04-02,41.911,135.964285714286
2010-04-03,41.614,134.285714285714
2010-04-04,41.318,132.607142857143
2010-04-05,41.021,130.928571428571
2010-04-06,40.725,129.25
2010-04-07,40.429,127.571428571429
2010-04-08,40.132,125.892857142857
2010-04-09,39.836,124.214285714286
2010-04-10,39.539,122.535714285714
2010-04-11,39.243,120.857142857143
2010-04-12,38.946,119.178571428571
2010-04-13,38.65,117.5
2010-04-14,38.354,115.821428571429
2010-04-15,38.057,114.142857142857
2010-04-16,37.761,112.464285714286
2010-04-17,37.464,110.785714285714
2010-04-18,37.168,109.107142857143
2010-04-19,36.871,107.428571428571
2010-04-20,36.575,105.75
2010-04-21,36.279,104.071428571429
2010-04-22,35.982,102.392857142857
2010-04-23,35.686,100.714285714286
2010-04-24,35.389,99.0357142857143
2010-04-25,35.093,97.3571428571429
2010-04-26,34.796,95.6785714285714
2010-04-27,34.5,94.0
2010-04-28,,
2010-04-29,,
2010-04-30,,
2010-05-01,,
2010-05-02,,
2010-05-03,,
2010-05-04,,
2010-05-05,,
2010-05-06,,
2010-05-07,,
2010-05-08,,
2010-05-09,,
2010-05-10,,
2010-05-11,,
2010-05-12,,
2010-05-13,,
2010-05-14,,
2010-05-15,,
2010-05-16,,
2011-02-23,36.4,129.0
2011-02-24,36.406,128.685714285714
2011-02-25,36.411,128.371428571429
2011-02-26,36.417,128.057142857143
2011-02-27,36.423,127.742857142857
2011-02-28,36.429,127.428571428571
2011-03-01,36.434,127.114285714286
2011-03-02,36.44,126.8
2011-03-03,36.446,126.485714285714
2011-03-04,36.451,126.171428571429
2011-03-05,36.457,125.857142857143
2011-03-06,36.463,125.542857142857
2011-03-07,36.469,125.228571428571
2011-03-08,36.474,124.914285714286
2011-03-09,36.48,124.6
2011-03-10,36.486,124.285714285714
2011-03-11,36.491,123.971428571429
2011-03-12,36.497,123.657142857143
2011-03-13,36.503,123.342857142857
2011-03-14,36.509,123.028571428571
2011-03-15,36.514,122.714285714286
2011-03-16,36.52,122.4
2011-03-17,36.526,122.085714285714
2011-03-18,36.531,121.771428571429
2011-03-19,36.537,121.457142857143
2011-03-20,36.543,121.142857142857
2011-03-21,36.549,120.828571428571
2011-03-22,36.554,120.514285714286
2011-03-23,36.56,120.2
2011-03-24,36.566,119.885714285714
2011-03-25,36.571,119.571428571429
2011-03-26,36.577,119.257142857143
2011-03-27,36.583,118.942857142857
2011-03-28,36.589,118.628571428571
2011-03-29,36.594,118.314285714286
2011-03-30,36.6,118.0
2011-03-31,36.671,117.785714285714
2011-04-01,36.743,117.571428571429
2011-04-02,36.814,117.357142857143
2011-04-03,36.886,117.142857142857
2011-04-04,36.957,116.928571428571
2011-04-05,37.029,116.714285714286
2011-04-06,37.1,116.5
2011-04-07,37.171,116.285714285714
2011-04-08,37.243,116.071428571429
2011-04-09,37.314,115.857142857143
2011-04-10,37.386,115.642857142857
2011-04-11,37.457,115.428571428571
2011-04-12,37.529,115.214285714286
2011-04-13,37.6,115.0
2011-04-14,37.671,114.785714285714
2011-04-15,37.743,114.571428571429
2011-04-16,37.814,114.357142857143
2011-04-17,37.886,114.142857142857
2011-04-18,37.957,113.928571428571
2011-04-19,38.029,113.714285714286
2011-04-20,38.1,113.5
2011-04-21,38.171,113.285714285714
2011-04-22,38.243,113.071428571429
2011-04-23,38.314,112.857142857143
2011-04-24,38.386,112.642857142857
2011-04-25,38.457,112.428571428571
2011-04-26,38.529,112.214285714286
2011-04-27,38.6,112.0
2011-04-28,,
2011-04-29,,
2011-04-30,,
2011-05-01,,
2011-05-02,,
2011-05-03,,
2011-05-04,,
2011-05-05,,
2011-05-06,,
2011-05-07,,
2011-05-08,,
2011-05-09,,
2011-05-10,,
2011-05-11,,
2011-05-12,,
2011-05-13,,
2011-05-14,,
2011-05-15,,
2011-05-16,,
2012-02-23,,
2012-02-24,,
2012-02-25,,
2012-02-26,,
2012-02-27,,
2012-02-28,52.9,154.0
2012-02-29,53.2,154.444444444444
2012-03-01,53.5,154.888888888889
2012-03-02,53.8,155.333333333333
2012-03-03,54.1,155.777777777778
2012-03-04,54.4,156.222222222222
2012-03-05,54.7,156.666666666667
2012-03-06,55.0,157.111111111111
2012-03-07,55.3,157.555555555556
2012-03-08,55.6,158.0
2012-03-09,55.9,158.444444444444
2012-03-10,56.2,158.888888888889
2012-03-11,56.5,159.333333333333
2012-03-12,56.8,159.777777777778
2012-03-13,57.1,160.222222222222
2012-03-14,57.4,160.666666666667
2012-03-15,57.7,161.111111111111
2012-03-16,58.0,161.555555555556
2012-03-17,58.3,162.0
2012-03-18,58.6,162.444444444444
2012-03-19,58.9,162.888888888889
2012-03-20,59.2,163.333333333333
2012-03-21,59.5,163.777777777778
2012-03-22,59.8,164.222222222222
2012-03-23,60.1,164.666666666667
2012-03-24,60.4,165.111111111111
2012-03-25,60.7,165.555555555556
2012-03-26,61.0,166.0
2012-03-27,60.87,164.666666666667
2012-03-28,60.74,163.333333333333
2012-03-29,60.61,162.0
2012-03-30,60.48,160.666666666667
2012-03-31,60.35,159.333333333333
2012-04-01,60.22,158.0
2012-04-02,60.09,156.666666666667
2012-04-03,59.96,155.333333333333
2012-04-04,59.83,154.0
2012-04-05,59.7,152.666666666667
2012-04-06,59.57,151.333333333333
2012-04-07,59.44,150.0
2012-04-08,59.31,148.666666666667
2012-04-09,59.18,147.333333333333
2012-04-10,59.05,146.0
2012-04-11,58.92,144.666666666667
2012-04-12,58.79,143.333333333333
2012-04-13,58.66,142.0
2012-04-14,58.53,140.666666666667
2012-04-15,58.4,139.333333333333
2012-04-16,58.27,138.0
2012-04-17,58.14,136.666666666667
2012-04-18,58.01,135.333333333333
2012-04-19,57.88,134.0
2012-04-20,57.75,132.666666666667
2012-04-21,57.62,131.333333333333
2012-04-22,57.49,130.0
2012-04-23,57.36,128.666666666667
2012-04-24,57.23,127.333333333333
2012-04-25,57.1,126.0
2012-04-26,,
2012-04-27,,
2012-04-28,,
2012-04-29,,
2012-04-30,,
2012-05-01,,
2012-05-02,,
2012-05-03,,
2012-05-04,,
2012-05-05,,
2012-05-06,,
2012-05-07,,
2012-05-08,,
2012-05-09,,
2012-05-10,,
2012-05-11,,
2012-05-12,,
2012-05-13,,
2012-05-14,,
2012-05-15,,
2012-05-16,,
2013-02-23,,
2013-02-24,,
2013-02-25,,
2013-02-26,,
2013-02-27,37.2,121.0
2013-02-28,37.3,121.296296296296
2013-03-01,37.4,121.592592592593
2013-03-02,37.5,121.888888888889
2013-03-03,37.6,122.185185185185
2013-03-04,37.7,122.481481481481
2013-03-05,37.8,122.777777777778
2013-03-06,37.9,123.074074074074
2013-03-07,38.0,123.37037037037
2013-03-08,38.1,123.666666666667
2013-03-09,38.2,123.962962962963
2013-03-10,38.3,124.259259259259
2013-03-11,38.4,124.555555555556
2013-03-12,38.5,124.851851851852
2013-03-13,38.6,125.148148148148
2013-03-14,38.7,125.444444444444
2013-03-15,38.8,125.740740740741
2013-03-16,38.9,126.037037037037
2013-03-17,39.0,126.333333333333
2013-03-18,39.1,126.62962962963
2013-03-19,39.2,126.925925925926
2013-03-20,39.3,127.222222222222
2013-03-21,39.4,127.518518518519
2013-03-22,39.5,127.814814814815
2013-03-23,39.6,128.111111111111
2013-03-24,39.7,128.407407407407
2013-03-25,39.8,128.703703703704
2013-03-26,39.9,129.0
2013-03-27,40.171,129.514285714286
2013-03-28,40.443,130.028571428571
2013-03-29,40.714,130.542857142857
2013-03-30,40.986,131.057142857143
2013-03-31,41.257,131.571428571429
2013-04-01,41.529,132.085714285714
2013-04-02,41.8,132.6
2013-04-03,42.071,133.114285714286
2013-04-04,42.343,133.628571428571
2013-04-05,42.614,134.142857142857
2013-04-06,42.886,134.657142857143
2013-04-07,43.157,135.171428571429
2013-04-08,43.429,135.685714285714
2013-04-09,43.7,136.2
2013-04-10,43.971,136.714285714286
2013-04-11,44.243,137.228571428571
2013-04-12,44.514,137.742857142857
2013-04-13,44.786,138.257142857143
2013-04-14,45.057,138.771428571429
2013-04-15,45.329,139.285714285714
2013-04-16,45.6,139.8
2013-04-17,45.871,140.314285714286
2013-04-18,46.143,140.828571428571
2013-04-19,46.414,141.342857142857
2013-04-20,46.686,141.857142857143
2013-04-21,46.957,142.371428571429
2013-04-22,47.229,142.885714285714
2013-04-23,47.5,143.4
2013-04-24,47.771,143.914285714286
2013-04-25,48.043,144.428571428571
2013-04-26,48.314,144.942857142857
2013-04-27,48.586,145.457142857143
2013-04-28,48.857,145.971428571429
2013-04-29,49.129,146.485714285714
2013-04-30,49.4,147.0
2013-05-01,,
2013-05-02,,
2013-05-03,,
2013-05-04,,
2013-05-05,,
2013-05-06,,
2013-05-07,,
2013-05-08,,
2013-05-09,,
2013-05-10,,
2013-05-11,,
2013-05-12,,
2013-05-13,,
2013-05-14,,
2013-05-15,,
2013-05-16,,
2014-02-23,,
2014-02-24,,
2014-02-25,,
2014-02-26,,
2014-02-27,35.4,99.0
2014-02-28,35.473,99.3846153846154
2014-03-01,35.546,99.7692307692308
2014-03-02,35.619,100.153846153846
2014-03-03,35.692,100.538461538462
2014-03-04,35.765,100.923076923077
2014-03-05,35.838,101.307692307692
2014-03-06,35.912,101.692307692308
2014-03-07,35.985,102.076923076923
2014-03-08,36.058,102.461538461538
2014-03-09,36.131,102.846153846154
2014-03-10,36.204,103.230769230769
2014-03-11,36.277,103.615384615385
2014-03-12,36.35,104.0
2014-03-13,36.423,104.384615384615
2014-03-14,36.496,104.769230769231
2014-03-15,36.569,105.153846153846
2014-03-16,36.642,105.538461538462
2014-03-17,36.715,105.923076923077
2014-03-18,36.788,106.307692307692
2014-03-19,36.862,106.692307692308
2014-03-20,36.935,107.076923076923
2014-03-21,37.008,107.461538461538
2014-03-22,37.081,107.846153846154
2014-03-23,37.154,108.230769230769
2014-03-24,37.227,108.615384615385
2014-03-25,37.3,109.0
2014-03-26,37.168,108.411764705882
2014-03-27,37.035,107.823529411765
2014-03-28,36.903,107.235294117647
2014-03-29,36.771,106.647058823529
2014-03-30,36.638,106.058823529412
2014-03-31,36.506,105.470588235294
2014-04-01,36.374,104.882352941176
2014-04-02,36.241,104.294117647059
2014-04-03,36.109,103.705882352941
2014-04-04,35.976,103.117647058824
2014-04-05,35.844,102.529411764706
2014-04-06,35.712,101.941176470588
2014-04-07,35.579,101.352941176471
2014-04-08,35.447,100.764705882353
2014-04-09,35.315,100.176470588235
2014-04-10,35.182,99.5882352941177
2014-04-11,35.05,99.0
2014-04-12,34.918,98.4117647058824
2014-04-13,34.785,97.8235294117647
2014-04-14,34.653,97.2352941176471
2014-04-15,34.521,96.6470588235294
2014-04-16,34.388,96.0588235294118
2014-04-17,34.256,95.4705882352941
2014-04-18,34.124,94.8823529411765
2014-04-19,33.991,94.2941176470588
2014-04-20,33.859,93.7058823529412
2014-04-21,33.726,93.1176470588235
2014-04-22,33.594,92.5294117647059
2014-04-23,33.462,91.9411764705882
2014-04-24,33.329,91.3529411764706
2014-04-25,33.197,90.7647058823529
2014-04-26,33.065,90.1764705882353
2014-04-27,32.932,89.5882352941177
2014-04-28,32.8,89.0
2014-04-29,,
2014-04-30,,
2014-05-01,,
2014-05-02,,
2014-05-03,,
2014-05-04,,
2014-05-05,,
2014-05-06,,
2014-05-07,,
2014-05-08,,
2014-05-09,,
2014-05-10,,
2014-05-11,,
2014-05-12,,
2014-05-13,,
2014-05-14,,
2014-05-15,,
2014-05-16,,
2015-02-23,28.8,98.0
2015-02-24,28.944,98.5
2015-02-25,29.089,99.0
2015-02-26,29.233,99.5
2015-02-27,29.378,100.0
2015-02-28,29.522,100.5
2015-03-01,29.667,101.0
2015-03-02,29.811,101.5
2015-03-03,29.956,102.0
2015-03-04,30.1,102.5
2015-03-05,30.244,103.0
2015-03-06,30.389,103.5
2015-03-07,30.533,104.0
2015-03-08,30.678,104.5
2015-03-09,30.822,105.0
2015-03-10,30.967,105.5
2015-03-11,31.111,106.0
2015-03-12,31.256,106.5
2015-03-13,31.4,107.0
2015-03-14,31.544,107.5
2015-03-15,31.689,108.0
2015-03-16,31.833,108.5
2015-03-17,31.978,109.0
2015-03-18,32.122,109.5
2015-03-19,32.267,110.0
2015-03-20,32.411,110.5
2015-03-21,32.556,111.0
2015-03-22,32.7,111.5
2015-03-23,32.844,112.0
2015-03-24,32.989,112.5
2015-03-25,33.133,113.0
2015-03-26,33.278,113.5
2015-03-27,33.422,114.0
2015-03-28,33.567,114.5
2015-03-29,33.711,115.0
2015-03-30,33.856,115.5
2015-03-31,34.0,116.0
2015-04-01,34.219,115.703703703704
2015-04-02,34.437,115.407407407407
2015-04-03,34.656,115.111111111111
2015-04-04,34.874,114.814814814815
2015-04-05,35.093,114.518518518519
2015-04-06,35.311,114.222222222222
2015-04-07,35.53,113.925925925926
2015-04-08,35.748,113.62962962963
2015-04-09,35.967,113.333333333333
2015-04-10,36.185,113.037037037037
2015-04-11,36.404,112.740740740741
2015-04-12,36.622,112.444444444444
2015-04-13,36.841,112.148148148148
2015-04-14,37.059,111.851851851852
2015-04-15,37.278,111.555555555556
2015-04-16,37.496,111.259259259259
2015-04-17,37.715,110.962962962963
2015-04-18,37.933,110.666666666667
2015-04-19,38.152,110.37037037037
2015-04-20,38.37,110.074074074074
2015-04-21,38.589,109.777777777778
2015-04-22,38.807,109.481481481481
2015-04-23,39.026,109.185185185185
2015-04-24,39.244,108.888888888889
2015-04-25,39.463,108.592592592593
2015-04-26,39.681,108.296296296296
2015-04-27,39.9,108.0
2015-04-28,,
2015-04-29,,
2015-04-30,,
2015-05-01,,
2015-05-02,,
2015-05-03,,
2015-05-04,,
2015-05-05,,
2015-05-06,,
2015-05-07,,
2015-05-08,,
2015-05-09,,
2015-05-10,,
2015-05-11,,
2015-05-12,,
2015-05-13,,
2015-05-14,,
2015-05-15,,
2015-05-16,,
2016-02-23,33.2,110.0
2016-02-24,33.328,109.611111111111
2016-02-25,33.456,109.222222222222
2016-02-26,33.583,108.833333333333
2016-02-27,33.711,108.444444444444
2016-02-28,33.839,108.055555555556
2016-02-29,33.967,107.666666666667
2016-03-01,34.094,107.277777777778
2016-03-02,34.222,106.888888888889
2016-03-03,34.35,106.5
2016-03-04,34.478,106.111111111111
2016-03-05,34.606,105.722222222222
2016-03-06,34.733,105.333333333333
2016-03-07,34.861,104.944444444444
2016-03-08,34.989,104.555555555556
2016-03-09,35.117,104.166666666667
2016-03-10,35.244,103.777777777778
2016-03-11,35.372,103.388888888889
2016-03-12,35.5,103.0
2016-03-13,35.628,102.611111111111
2016-03-14,35.756,102.222222222222
2016-03-15,35.883,101.833333333333
2016-03-16,36.011,101.444444444444
2016-03-17,36.139,101.055555555556
2016-03-18,36.267,100.666666666667
2016-03-19,36.394,100.277777777778
2016-03-20,36.522,99.8888888888889
2016-03-21,36.65,99.5
2016-03-22,36.778,99.1111111111111
2016-03-23,36.906,98.7222222222222
2016-03-24,37.033,98.3333333333333
2016-03-25,37.161,97.9444444444444
2016-03-26,37.289,97.5555555555556
2016-03-27,37.417,97.1666666666667
2016-03-28,37.544,96.7777777777778
2016-03-29,37.672,96.3888888888889
2016-03-30,37.8,96.0
2016-03-31,37.079,94.0
2016-04-01,36.357,92.0
2016-04-02,35.636,90.0
2016-04-03,34.914,88.0
2016-04-04,34.193,86.0
2016-04-05,33.471,84.0
2016-04-06,32.75,82.0
2016-04-07,32.029,80.0
2016-04-08,31.307,78.0
2016-04-09,30.586,76.0
2016-04-10,29.864,74.0
2016-04-11,29.143,72.0
2016-04-12,28.421,70.0
2016-04-13,27.7,68.0
2016-04-14,26.979,66.0
2016-04-15,26.257,64.0
2016-04-16,25.536,62.0
2016-04-17,24.814,60.0
2016-04-18,24.093,58.0
2016-04-19,23.371,56.0
2016-04-20,22.65,54.0
2016-04-21,21.929,52.0
2016-04-22,21.207,50.0
2016-04-23,20.486,48.0
2016-04-24,19.764,46.0
2016-04-25,19.043,44.0
2016-04-26,18.321,42.0
2016-04-27,17.6,40.0
2016-04-28,,
2016-04-29,,
2016-04-30,,
2016-05-01,,
2016-05-02,,
2016-05-03,,
2016-05-04,,
2016-05-05,,
2016-05-06,,
2016-05-07,,
2016-05-08,,
2016-05-09,,
2016-05-10,,
2016-05-11,,
2016-05-12,,
2016-05-13,,
2016-05-14,,
2016-05-15,,
2016-05-16,,
2017-02-23,,
2017-02-24,,
2017-02-25,,
2017-02-26,,
2017-02-27,36.8,131.0
2017-02-28,37.011,131.285714285714
2017-03-01,37.221,131.571428571429
2017-03-02,37.432,131.857142857143
2017-03-03,37.643,132.142857142857
2017-03-04,37.854,132.428571428571
2017-03-05,38.064,132.714285714286
2017-03-06,38.275,133.0
2017-03-07,38.486,133.285714285714
2017-03-08,38.696,133.571428571429
2017-03-09,38.907,133.857142857143
2017-03-10,39.118,134.142857142857
2017-03-11,39.329,134.428571428571
2017-03-12,39.539,134.714285714286
2017-03-13,39.75,135.0
2017-03-14,39.961,135.285714285714
2017-03-15,40.171,135.571428571429
2017-03-16,40.382,135.857142857143
2017-03-17,40.593,136.142857142857
2017-03-18,40.804,136.428571428571
2017-03-19,41.014,136.714285714286
2017-03-20,41.225,137.0
2017-03-21,41.436,137.285714285714
2017-03-22,41.646,137.571428571429
2017-03-23,41.857,137.857142857143
2017-03-24,42.068,138.142857142857
2017-03-25,42.279,138.428571428571
2017-03-26,42.489,138.714285714286
2017-03-27,42.7,139.0
2017-03-28,42.548,137.827586206897
2017-03-29,42.397,136.655172413793
2017-03-30,42.245,135.48275862069
2017-03-31,42.093,134.310344827586
2017-04-01,41.941,133.137931034483
2017-04-02,41.79,131.965517241379
2017-04-03,41.638,130.793103448276
2017-04-04,41.486,129.620689655172
2017-04-05,41.334,128.448275862069
2017-04-06,41.183,127.275862068966
2017-04-07,41.031,126.103448275862
2017-04-08,40.879,124.931034482759
2017-04-09,40.728,123.758620689655
2017-04-10,40.576,122.586206896552
2017-04-11,40.424,121.413793103448
2017-04-12,40.272,120.241379310345
2017-04-13,40.121,119.068965517241
2017-04-14,39.969,117.896551724138
2017-04-15,39.817,116.724137931035
2017-04-16,39.666,115.551724137931
2017-04-17,39.514,114.379310344828
2017-04-18,39.362,113.206896551724
2017-04-19,39.21,112.034482758621
2017-04-20,39.059,110.862068965517
2017-04-21,38.907,109.689655172414
2017-04-22,38.755,108.51724137931
2017-04-23,38.603,107.344827586207
2017-04-24,38.452,106.172413793103
2017-04-25,38.3,105.0
2017-04-26,,
2017-04-27,,
2017-04-28,,
2017-04-29,,
2017-04-30,,
2017-05-01,,
2017-05-02,,
2017-05-03,,
2017-05-04,,
2017-05-05,,
2017-05-06,,
2017-05-07,,
2017-05-08,,
2017-05-09,,
2017-05-10,,
2017-05-11,,
2017-05-12,,
2017-05-13,,
2017-05-14,,
2017-05-15,,
2017-05-16,,
2018-02-23,,
2018-02-24,,
2018-02-25,,
2018-02-26,24.7,95.0
2018-02-27,24.836,95.2142857142857
2018-02-28,24.971,95.4285714285714
2018-03-01,25.107,95.6428571428571
2018-03-02,25.243,95.8571428571429
2018-03-03,25.379,96.0714285714286
2018-03-04,25.514,96.2857142857143
2018-03-05,25.65,96.5
2018-03-06,25.786,96.7142857142857
2018-03-07,25.921,96.9285714285714
2018-03-08,26.057,97.1428571428572
2018-03-09,26.193,97.3571428571429
2018-03-10,26.329,97.5714285714286
2018-03-11,26.464,97.7857142857143
2018-03-12,26.6,98.0
2018-03-13,26.736,98.2142857142857
2018-03-14,26.871,98.4285714285714
2018-03-15,27.007,98.6428571428571
2018-03-16,27.143,98.8571428571429
2018-03-17,27.279,99.0714285714286
2018-03-18,27.414,99.2857142857143
2018-03-19,27.55,99.5
2018-03-20,27.686,99.7142857142857
2018-03-21,27.821,99.9285714285714
2018-03-22,27.957,100.142857142857
2018-03-23,28.093,100.357142857143
2018-03-24,28.229,100.571428571429
2018-03-25,28.364,100.785714285714
2018-03-26,28.5,101.0
2018-03-27,28.61,100.41935483871
2018-03-28,28.719,99.8387096774194
2018-03-29,28.829,99.258064516129
2018-03-30,28.939,98.6774193548387
2018-03-31,29.048,98.0967741935484
2018-04-01,29.158,97.5161290322581
2018-04-02,29.268,96.9354838709678
2018-04-03,29.377,96.3548387096774
2018-04-04,29.487,95.7741935483871
2018-04-05,29.597,95.1935483870968
2018-04-06,29.706,94.6129032258064
2018-04-07,29.816,94.0322580645161
2018-04-08,29.926,93.4516129032258
2018-04-09,30.035,92.8709677419355
2018-04-10,30.145,92.2903225806452
2018-04-11,30.255,91.7096774193548
2018-04-12,30.365,91.1290322580645
2018-04-13,30.474,90.5483870967742
2018-04-14,30.584,89.9677419354839
2018-04-15,30.694,89.3870967741936
2018-04-16,30.803,88.8064516129032
2018-04-17,30.913,88.2258064516129
2018-04-18,31.023,87.6451612903226
2018-04-19,31.132,87.0645161290323
2018-04-20,31.242,86.4838709677419
2018-04-21,31.352,85.9032258064516
2018-04-22,31.461,85.3225806451613
2018-04-23,31.571,84.741935483871
2018-04-24,31.681,84.1612903225806
2018-04-25,31.79,83.5806451612903
2018-04-26,31.9,83.0
2018-04-27,,
2018-04-28,,
2018-04-29,,
2018-04-30,,
2018-05-01,,
2018-05-02,,
2018-05-03,,
2018-05-04,,
2018-05-05,,
2018-05-06,,
2018-05-07,,
2018-05-08,,
2018-05-09,,
2018-05-10,,
2018-05-11,,
2018-05-12,,
2018-05-13,,
2018-05-14,,
2018-05-15,,
2018-05-16,,
2018-11-01,0.0,
2018-11-02,0.2,
2018-11-03,0.4,
2018-11-04,0.6,
2018-11-05,0.8,
2018-11-06,1.0,
2018-11-07,1.2,
2018-11-08,1.4,
2018-11-09,1.6,
2018-11-10,1.8,
2018-11-11,2.0,
2018-11-12,2.2,
2018-11-13,2.4,
2018-11-14,2.6,
2018-11-15,2.8,
2018-11-16,3.0,
2018-11-17,3.2,
2018-11-18,3.4,
2018-11-19,3.6,
2018-11-20,3.8,
2018-11-21,4.0,
2018-11-22,4.2,
2018-11-23,4.4,
2018-11-24,4.6,
2018-11-25,4.8,
2018-11-26,5.0,
2018-11-27,5.2,
2018-11-28,5.4,
2018-11-29,5.6,
2018-11-30,5.8,
2018-12-01,6.0,
2018-12-02,6.129,
2018-12-03,6.258,
2018-12-04,6.387,
2018-12-05,6.516,
2018-12-06,6.645,
2018-12-07,6.774,
2018-12-08,6.903,
2018-12-09,7.032,
2018-12-10,7.161,
2018-12-11,7.29,
2018-12-12,7.419,
2018-12-13,7.548,
2018-12-14,7.677,
2018-12-15,7.806,
2018-12-16,7.935,
2018-12-17,8.065,
2018-12-18,8.194,
2018-12-19,8.323,
2018-12-20,8.452,
2018-12-21,8.581,
2018-12-22,8.71,
2018-12-23,8.839,
2018-12-24,8.968,
2018-12-25,9.097,
2018-12-26,9.226,
2018-12-27,9.355,
2018-12-28,9.484,
2018-12-29,9.613,
2018-12-30,9.742,
2018-12-31,9.871,
2019-01-01,10.0,
2019-01-02,10.242,
2019-01-03,10.484,
2019-01-04,10.726,
2019-01-05,10.968,
2019-01-06,11.21,
2019-01-07,11.452,
2019-01-08,11.694,
2019-01-09,11.935,
2019-01-10,12.177,
2019-01-11,12.419,
2019-01-12,12.661,
2019-01-13,12.903,
2019-01-14,13.145,
2019-01-15,13.387,
2019-01-16,13.629,
2019-01-17,13.871,
2019-01-18,14.113,
2019-01-19,14.355,
2019-01-20,14.597,
2019-01-21,14.839,
2019-01-22,15.081,
2019-01-23,15.323,
2019-01-24,15.565,
2019-01-25,15.806,
2019-01-26,16.048,
2019-01-27,16.29,
2019-01-28,16.532,
2019-01-29,16.774,
2019-01-30,17.016,
2019-01-31,17.258,
2019-02-01,17.5,
2019-02-02,17.738,
2019-02-03,17.975,
2019-02-04,18.212,
2019-02-05,18.45,
2019-02-06,18.688,
2019-02-07,18.925,
2019-02-08,19.163,
2019-02-09,19.4,
2019-02-10,19.637,
2019-02-11,19.875,
2019-02-12,20.113,
2019-02-13,20.35,
2019-02-14,20.587,
2019-02-15,20.825,
2019-02-16,21.062,
2019-02-17,21.3,
2019-02-18,21.538,
2019-02-19,21.775,
2019-02-20,22.012,
2019-02-21,22.25,
2019-02-22,22.488,
2019-02-23,22.725,
2019-02-24,22.962,
2019-02-25,23.2,90.0
2019-02-26,23.186,89.1379310344828
2019-02-27,23.172,88.2758620689655
2019-02-28,23.159,87.4137931034483
2019-03-01,23.145,86.551724137931
2019-03-02,23.131,85.6896551724138
2019-03-03,23.117,84.8275862068966
2019-03-04,23.103,83.9655172413793
2019-03-05,23.09,83.1034482758621
2019-03-06,23.076,82.2413793103448
2019-03-07,23.062,81.3793103448276
2019-03-08,23.048,80.5172413793104
2019-03-09,23.034,79.6551724137931
2019-03-10,23.021,78.7931034482759
2019-03-11,23.007,77.9310344827586
2019-03-12,22.993,77.0689655172414
2019-03-13,22.979,76.2068965517242
2019-03-14,22.966,75.3448275862069
2019-03-15,22.952,74.4827586206897
2019-03-16,22.938,73.6206896551724
2019-03-17,22.924,72.7586206896552
2019-03-18,22.91,71.8965517241379
2019-03-19,22.897,71.0344827586207
2019-03-20,22.883,70.1724137931035
2019-03-21,22.869,69.3103448275862
2019-03-22,22.855,68.448275862069
2019-03-23,22.841,67.5862068965517
2019-03-24,22.828,66.7241379310345
2019-03-25,22.814,65.8620689655172
2019-03-26,22.8,65.0
2019-03-27,22.587,64.5333333333333
2019-03-28,22.373,64.0666666666667
2019-03-29,22.16,63.6
2019-03-30,21.947,63.1333333333333
2019-03-31,21.733,62.6666666666667
2019-04-01,21.52,62.2
2019-04-02,21.307,61.7333333333333
2019-04-03,21.093,61.2666666666667
2019-04-04,20.88,60.8
2019-04-05,20.667,60.3333333333333
2019-04-06,20.453,59.8666666666667
2019-04-07,20.24,59.4
2019-04-08,20.027,58.9333333333333
2019-04-09,19.813,58.4666666666667
2019-04-10,19.6,58.0
2019-04-11,19.387,57.5333333333333
2019-04-12,19.173,57.0666666666667
2019-04-13,18.96,56.6
2019-04-14,18.747,56.1333333333333
2019-04-15,18.533,55.6666666666667
2019-04-16,18.32,55.2
2019-04-17,18.107,54.7333333333333
2019-04-18,17.893,54.2666666666667
2019-04-19,17.68,53.8
2019-04-20,17.467,53.3333333333333
2019-04-21,17.253,52.8666666666667
2019-04-22,17.04,52.4
2019-04-23,16.827,51.9333333333333
2019-04-24,16.613,51.4666666666667
2019-04-25,16.4,51.0
2019-04-26,15.307,
2019-04-27,14.213,
2019-04-28,13.12,
2019-04-29,12.027,
2019-04-30,10.933,
2019-05-01,9.84,
2019-05-02,8.747,
2019-05-03,7.653,
2019-05-04,6.56,
2019-05-05,5.467,
2019-05-06,4.373,
2019-05-07,3.28,
2019-05-08,2.187,
2019-05-09,1.093,
2019-05-10,0.0,
2019-05-11,0.0,
2019-05-12,0.0,
2019-05-13,0.0,
2019-05-14,0.0,
2019-05-15,0.0,
2019-05-16,0.0,
2019-05-17,0.0,
2019-05-18,0.0,
2019-05-19,0.0,
2019-05-20,0.0,
2019-05-21,0.0,
2019-05-22,0.0,
2019-05-23,0.0,
2019-05-24,0.0,
2019-05-25,0.0,
2019-05-26,0.0,
2019-05-27,0.0,
2019-05-28,0.0,
2019-05-29,0.0,
2019-05-30,0.0,
2019-05-31,0.0,
2019-06-01,0.0,
2019-06-02,0.0,
2019-06-03,0.0,
2019-06-04,0.0,
2019-06-05,0.0,
2019-06-06,0.0,
2019-06-07,0.0,
2019-06-08,0.0,
2019-06-09,0.0,
2019-06-10,0.0,
2019-06-11,0.0,
2019-06-12,0.0,
2019-06-13,0.0,
2019-06-14,0.0,
2019-06-15,0.0,
2019-06-16,0.0,
2019-06-17,0.0,
2019-06-18,0.0,
2019-06-19,0.0,
2019-06-20,0.0,
2019-06-21,0.0,
2019-06-22,0.0,
2019-06-23,0.0,
2019-06-24,0.0,
2019-06-25,0.0,
2019-06-26,0.0,
2019-06-27,0.0,
2019-06-28,0.0,
2019-06-29,0.0,
2019-06-30,0.0,
2019-07-01,0.0,
2019-07-02,0.0,
2019-07-03,0.0,
2019-07-04,0.0,
2019-07-05,0.0,
2019-07-06,0.0,
2019-07-07,0.0,
2019-07-08,0.0,
2019-07-09,0.0,
2019-07-10,0.0,
2019-07-11,0.0,
2019-07-12,0.0,
2019-07-13,0.0,
2019-07-14,0.0,
2019-07-15,0.0,
2019-07-16,0.0,
2019-07-17,0.0,
2019-07-18,0.0,
2019-07-19,0.0,
2019-07-20,0.0,
2019-07-21,0.0,
2019-07-22,0.0,
2019-07-23,0.0,
2019-07-24,0.0,
2019-07-25,0.0,
2019-07-26,0.0,
2019-07-27,0.0,
2019-07-28,0.0,
2019-07-29,0.0,
2019-07-30,0.0,
2019-07-31,0.0,
2019-08-01,0.0,
2019-08-02,0.0,
2019-08-03,0.0,
2019-08-04,0.0,
2019-08-05,0.0,
2019-08-06,0.0,
2019-08-07,0.0,
2019-08-08,0.0,
2019-08-09,0.0,
2019-08-10,0.0,
2019-08-11,0.0,
2019-08-12,0.0,
2019-08-13,0.0,
2019-08-14,0.0,
2019-08-15,0.0,
2019-08-16,0.0,
2019-08-17,0.0,
2019-08-18,0.0,
2019-08-19,0.0,
2019-08-20,0.0,
2019-08-21,0.0,
2019-08-22,0.0,
2019-08-23,0.0,
2019-08-24,0.0,
2019-08-25,0.0,
2019-08-26,0.0,
2019-08-27,0.0,
2019-08-28,0.0,
2019-08-29,0.0,
2019-08-30,0.0,
2019-08-31,0.0,
2019-09-01,0.0,
2019-09-02,0.0,
2019-09-03,0.0,
2019-09-04,0.0,
2019-09-05,0.0,
2019-09-06,0.0,
2019-09-07,0.0,
2019-09-08,0.0,
2019-09-09,0.0,
2019-09-10,0.0,
2019-09-11,0.0,
2019-09-12,0.0,
2019-09-13,0.0,
2019-09-14,0.0,
2019-09-15,0.0,
2019-09-16,0.0,
2019-09-17,0.0,
2019-09-18,0.0,
2019-09-19,0.0,
2019-09-20,0.0,
2019-09-21,0.0,
2019-09-22,0.0,
2019-09-23,0.0,
2019-09-24,0.0,
2019-09-25,0.0,
2019-09-26,0.0,
2019-09-27,0.0,
2019-09-28,0.0,
2019-09-29,0.0,
2019-09-30,0.0,
2019-10-01,0.0,
2019-10-02,0.0,
2019-10-03,0.0,
2019-10-04,0.0,
2019-10-05,0.0,
2019-10-06,0.0,
2019-10-07,0.0,
2019-10-08,0.0,
2019-10-09,0.0,
2019-10-10,0.0,
2019-10-11,0.0,
2019-10-12,0.0,
2019-10-13,0.0,
2019-10-14,0.0,
2019-10-15,0.0,
2019-10-16,0.0,
2019-10-17,0.0,
2019-10-18,0.0,
2019-10-19,0.0,
2019-10-20,0.0,
2019-10-21,0.0,
2019-10-22,0.0,
2019-10-23,0.0,
2019-10-24,0.0,
2019-10-25,0.0,
2019-10-26,0.0,
2019-10-27,0.0,
2019-10-28,0.0,
2019-10-29,0.0,
2019-10-30,0.0,
2019-10-31,0.0,
2019-11-01,0.0,
2019-11-02,0.0,
2019-11-03,0.0,
2019-11-04,0.0,
2019-11-05,0.0,
2019-11-06,0.0,
2019-11-07,0.0,
2019-11-08,0.0,
2019-11-09,0.0,
2019-11-10,0.0,
2019-11-11,0.0,
2019-11-12,0.0,
2019-11-13,0.263,
2019-11-14,0.526,
2019-11-15,0.789,
2019-11-16,1.053,
2019-11-17,1.316,
2019-11-18,1.579,
2019-11-19,1.842,
2019-11-20,2.105,
2019-11-21,2.368,
2019-11-22,2.632,
2019-11-23,2.895,
2019-11-24,3.158,
2019-11-25,3.421,
2019-11-26,3.684,
2019-11-27,3.947,
2019-11-28,4.211,
2019-11-29,4.474,
2019-11-30,4.737,
2019-12-01,5.0,
2019-12-02,5.645,
2019-12-03,6.29,
2019-12-04,6.935,
2019-12-05,7.581,
2019-12-06,8.226,
2019-12-07,8.871,
2019-12-08,9.516,
2019-12-09,10.161,
2019-12-10,10.806,
2019-12-11,11.452,
2019-12-12,12.097,
2019-12-13,12.742,
2019-12-14,13.387,
2019-12-15,14.032,
2019-12-16,14.677,
2019-12-17,15.323,
2019-12-18,15.968,
2019-12-19,16.613,
2019-12-20,17.258,
2019-12-21,17.903,
2019-12-22,18.548,
2019-12-23,19.194,
2019-12-24,19.839,
2019-12-25,20.484,
2019-12-26,21.129,
2019-12-27,21.774,
2019-12-28,22.419,
2019-12-29,23.065,
2019-12-30,23.71,
2019-12-31,24.355,
2020-01-01,25.0,
2020-01-02,25.323,
2020-01-03,25.645,
2020-01-04,25.968,
2020-01-05,26.29,
2020-01-06,26.613,
2020-01-07,26.935,
2020-01-08,27.258,
2020-01-09,27.581,
2020-01-10,27.903,
2020-01-11,28.226,
2020-01-12,28.548,
2020-01-13,28.871,
2020-01-14,29.194,
2020-01-15,29.516,
2020-01-16,29.839,
2020-01-17,30.161,
2020-01-18,30.484,
2020-01-19,30.806,
2020-01-20,31.129,
2020-01-21,31.452,
2020-01-22,31.774,
2020-01-23,32.097,
2020-01-24,32.419,
2020-01-25,32.742,
2020-01-26,33.065,
2020-01-27,33.387,
2020-01-28,33.71,
2020-01-29,34.032,
2020-01-30,34.355,
2020-01-31,34.677,
2020-02-01,35.0,
2020-02-02,35.22,
2020-02-03,35.44,
2020-02-04,35.66,
2020-02-05,35.88,
2020-02-06,36.1,
2020-02-07,36.32,
2020-02-08,36.54,
2020-02-09,36.76,
2020-02-10,36.98,
2020-02-11,37.2,
2020-02-12,37.42,
2020-02-13,37.64,
2020-02-14,37.86,
2020-02-15,38.08,
2020-02-16,38.3,
2020-02-17,38.52,
2020-02-18,38.74,
2020-02-19,38.96,
2020-02-20,39.18,
2020-02-21,39.4,
2020-02-22,39.62,
2020-02-23,39.84,
2020-02-24,40.06,
2020-02-25,40.28,
2020-02-26,40.5,142.0
2020-02-27,40.841,142.172413793103
2020-02-28,41.183,142.344827586207
2020-02-29,41.524,142.51724137931
2020-03-01,41.866,142.689655172414
2020-03-02,42.207,142.862068965517
2020-03-03,42.548,143.034482758621
2020-03-04,42.89,143.206896551724
2020-03-05,43.231,143.379310344828
2020-03-06,43.572,143.551724137931
2020-03-07,43.914,143.724137931035
2020-03-08,44.255,143.896551724138
2020-03-09,44.597,144.068965517241
2020-03-10,44.938,144.241379310345
2020-03-11,45.279,144.413793103448
2020-03-12,45.621,144.586206896552
2020-03-13,45.962,144.758620689655
2020-03-14,46.303,144.931034482759
2020-03-15,46.645,145.103448275862
2020-03-16,46.986,145.275862068966
2020-03-17,47.328,145.448275862069
2020-03-18,47.669,145.620689655172
2020-03-19,48.01,145.793103448276
2020-03-20,48.352,145.965517241379
2020-03-21,48.693,146.137931034483
2020-03-22,49.034,146.310344827586
2020-03-23,49.376,146.48275862069
2020-03-24,49.717,146.655172413793
2020-03-25,50.059,146.827586206897
2020-03-26,50.4,147.0
2020-03-27,50.176,145.909090909091
2020-03-28,49.952,144.818181818182
2020-03-29,49.727,143.727272727273
2020-03-30,49.503,142.636363636364
2020-03-31,49.279,141.545454545455
2020-04-01,49.055,140.454545454545
2020-04-02,48.83,139.363636363636
2020-04-03,48.606,138.272727272727
2020-04-04,48.382,137.181818181818
2020-04-05,48.158,136.090909090909
2020-04-06,47.933,135.0
2020-04-07,47.709,133.909090909091
2020-04-08,47.485,132.818181818182
2020-04-09,47.261,131.727272727273
2020-04-10,47.036,130.636363636364
2020-04-11,46.812,129.545454545455
2020-04-12,46.588,128.454545454545
2020-04-13,46.364,127.363636363636
2020-04-14,46.139,126.272727272727
2020-04-15,45.915,125.181818181818
2020-04-16,45.691,124.090909090909
2020-04-17,45.467,123.0
2020-04-18,45.242,121.909090909091
2020-04-19,45.018,120.818181818182
2020-04-20,44.794,119.727272727273
2020-04-21,44.57,118.636363636364
2020-04-22,44.345,117.545454545455
2020-04-23,44.121,116.454545454545
2020-04-24,43.897,115.363636363636
2020-04-25,43.673,114.272727272727
2020-04-26,43.448,113.181818181818
2020-04-27,43.224,112.090909090909
2020-04-28,43.0,111.0
2020-04-29,41.735,
2020-04-30,40.471,
2020-05-01,39.206,
2020-05-02,37.941,
2020-05-03,36.676,
2020-05-04,35.412,
2020-05-05,34.147,
2020-05-06,32.882,
2020-05-07,31.618,
2020-05-08,30.353,
2020-05-09,29.088,
2020-05-10,27.824,
2020-05-11,26.559,
2020-05-12,25.294,
2020-05-13,24.029,
2020-05-14,22.765,
2020-05-15,21.5,
2020-05-16,20.235,
2020-05-17,18.971,
2020-05-18,17.706,
2020-05-19,16.441,
2020-05-20,15.176,
2020-05-21,13.912,
2020-05-22,12.647,
2020-05-23,11.382,
2020-05-24,10.118,
2020-05-25,8.853,
2020-05-26,7.588,
2020-05-27,6.324,
2020-05-28,5.059,
2020-05-29,3.794,
2020-05-30,2.529,
2020-05-31,1.265,
2020-06-01,0.0,
2020-06-02,0.0,
2020-06-03,0.0,
2020-06-04,0.0,
2020-06-05,0.0,
2020-06-06,0.0,
2020-06-07,0.0,
2020-06-08,0.0,
2020-06-09,0.0,
2020-06-10,0.0,
2020-06-11,0.0,
2020-06-12,0.0,
2020-06-13,0.0,
2020-06-14,0.0,
2020-06-15,0.0,
2020-06-16,0.0,
2020-06-17,0.0,
2020-06-18,0.0,
2020-06-19,0.0,
2020-06-20,0.0,
2020-06-21,0.0,
2020-06-22,0.0,
2020-06-23,0.0,
2020-06-24,0.0,
2020-06-25,0.0,
2020-06-26,0.0,
2020-06-27,0.0,
2020-06-28,0.0,
2020-06-29,0.0,
2020-06-30,0.0,
2020-07-01,0.0,
2020-07-02,0.0,
2020-07-03,0.0,
2020-07-04,0.0,
2020-07-05,0.0,
2020-07-06,0.0,
2020-07-07,0.0,
2020-07-08,0.0,
2020-07-09,0.0,
2020-07-10,0.0,
2020-07-11,0.0,
2020-07-12,0.0,
2020-07-13,0.0,
2020-07-14,0.0,
2020-07-15,0.0,
2020-07-16,0.0,
2020-07-17,0.0,
2020-07-18,0.0,
2020-07-19,0.0,
2020-07-20,0.0,
2020-07-21,0.0,
2020-07-22,0.0,
2020-07-23,0.0,
2020-07-24,0.0,
2020-07-25,0.0,
2020-07-26,0.0,
2020-07-27,0.0,
2020-07-28,0.0,
2020-07-29,0.0,
2020-07-30,0.0,
2020-07-31,0.0,
2020-08-01,0.0,
2020-08-02,0.0,
2020-08-03,0.0,
2020-08-04,0.0,
2020-08-05,0.0,
2020-08-06,0.0,
2020-08-07,0.0,
2020-08-08,0.0,
2020-08-09,0.0,
2020-08-10,0.0,
2020-08-11,0.0,
2020-08-12,0.0,
2020-08-13,0.0,
2020-08-14,0.0,
2020-08-15,0.0,
2020-08-16,0.0,
2020-08-17,0.0,
2020-08-18,0.0,
2020-08-19,0.0,
2020-08-20,0.0,
2020-08-21,0.0,
2020-08-22,0.0,
2020-08-23,0.0,
2020-08-24,0.0,
2020-08-25,0.0,
2020-08-26,0.0,
2020-08-27,0.0,
2020-08-28,0.0,
2020-08-29,0.0,
2020-08-30,0.0,
2020-08-31,0.0,
2020-09-01,0.0,
2020-09-02,0.0,
2020-09-03,0.0,
2020-09-04,0.0,
2020-09-05,0.0,
2020-09-06,0.0,
2020-09-07,0.0,
2020-09-08,0.0,
2020-09-09,0.0,
2020-09-10,0.0,
2020-09-11,0.0,
2020-09-12,0.0,
2020-09-13,0.0,
2020-09-14,0.0,
2020-09-15,0.0,
2020-09-16,0.0,
2020-09-17,0.0,
2020-09-18,0.0,
2020-09-19,0.0,
2020-09-20,0.0,
2020-09-21,0.0,
2020-09-22,0.0,
2020-09-23,0.0,
2020-09-24,0.0,
2020-09-25,0.0,
2020-09-26,0.0,
2020-09-27,0.0,
2020-09-28,0.0,
2020-09-29,0.0,
2020-09-30,0.0,
2020-10-01,0.0,
2020-10-02,0.0,
2020-10-03,0.0,
2020-10-04,0.0,
2020-10-05,0.0,
2020-10-06,0.0,
2020-10-07,0.0,
2020-10-08,0.0,
2020-10-09,0.0,
2020-10-10,0.0,
2020-10-11,0.0,
2020-10-12,0.0,
2020-10-13,0.0,
2020-10-14,0.0,
2020-10-15,0.0,
2020-10-16,0.0,
2020-10-17,0.0,
2020-10-18,0.0,
2020-10-19,0.0,
2020-10-20,0.0,
2020-10-21,0.0,
2020-10-22,0.0,
2020-10-23,0.0,
2020-10-24,1.111,
2020-10-25,2.222,
2020-10-26,3.333,
2020-10-27,4.444,
2020-10-28,5.556,
2020-10-29,6.667,
2020-10-30,7.778,
2020-10-31,8.889,
2020-11-01,10.0,
2020-11-02,10.357,
2020-11-03,10.714,
2020-11-04,11.071,
2020-11-05,11.429,
2020-11-06,11.786,
2020-11-07,12.143,
2020-11-08,12.5,
2020-11-09,12.857,
2020-11-10,13.214,
2020-11-11,13.571,
2020-11-12,13.929,
2020-11-13,14.286,
2020-11-14,14.643,
2020-11-15,15.0,
2020-11-16,15.385,
2020-11-17,15.769,
2020-11-18,16.154,
2020-11-19,16.538,
2020-11-20,16.923,
2020-11-21,17.308,
2020-11-22,17.692,
2020-11-23,18.077,
2020-11-24,18.462,
2020-11-25,18.846,
2020-11-26,19.231,
2020-11-27,19.615,
2020-11-28,20.0,
2020-11-29,28.333,
2020-11-30,36.667,
2020-12-01,45.0,
2020-12-02,45.161,
2020-12-03,45.323,
2020-12-04,45.484,
2020-12-05,45.645,
2020-12-06,45.806,
2020-12-07,45.968,
2020-12-08,46.129,
2020-12-09,46.29,
2020-12-10,46.452,
2020-12-11,46.613,
2020-12-12,46.774,
2020-12-13,46.935,
2020-12-14,47.097,
2020-12-15,47.258,
2020-12-16,47.419,
2020-12-17,47.581,
2020-12-18,47.742,
2020-12-19,47.903,
2020-12-20,48.065,
2020-12-21,48.226,
2020-12-22,48.387,
2020-12-23,48.548,
2020-12-24,48.71,
2020-12-25,48.871,
2020-12-26,49.032,
2020-12-27,49.194,
2020-12-28,49.355,
2020-12-29,49.516,
2020-12-30,49.677,
2020-12-31,49.839,
2021-01-01,50.0,
2021-01-02,50.484,
2021-01-03,50.968,
2021-01-04,51.452,
2021-01-05,51.935,
2021-01-06,52.419,
2021-01-07,52.903,
2021-01-08,53.387,
2021-01-09,53.871,
2021-01-10,54.355,
2021-01-11,54.839,
2021-01-12,55.323,
2021-01-13,55.806,
2021-01-14,56.29,
2021-01-15,56.774,
2021-01-16,57.258,
2021-01-17,57.742,
2021-01-18,58.226,
2021-01-19,58.71,
2021-01-20,59.194,
2021-01-21,59.677,
2021-01-22,60.161,
2021-01-23,60.645,
2021-01-24,61.129,
2021-01-25,61.613,
2021-01-26,62.097,
2021-01-27,62.581,
2021-01-28,63.065,
2021-01-29,63.548,
2021-01-30,64.032,
2021-01-31,64.516,
2021-02-01,65.0,
2021-02-02,65.227,
2021-02-03,65.455,
2021-02-04,65.682,
2021-02-05,65.909,
2021-02-06,66.136,
2021-02-07,66.364,
2021-02-08,66.591,
2021-02-09,66.818,
2021-02-10,67.045,
2021-02-11,67.273,
2021-02-12,67.5,
2021-02-13,67.727,
2021-02-14,67.955,
2021-02-15,68.182,
2021-02-16,68.409,
2021-02-17,68.636,
2021-02-18,68.864,
2021-02-19,69.091,
2021-02-20,69.318,
2021-02-21,69.545,
2021-02-22,69.773,
2021-02-23,70.0,216.0
2021-02-24,70.277,216.096774193548
2021-02-25,70.555,216.193548387097
2021-02-26,70.832,216.290322580645
2021-02-27,71.11,216.387096774194
2021-02-28,71.387,216.483870967742
2021-03-01,71.665,216.58064516129
2021-03-02,71.942,216.677419354839
2021-03-03,72.219,216.774193548387
2021-03-04,72.497,216.870967741936
2021-03-05,72.774,216.967741935484
2021-03-06,73.052,217.064516129032
2021-03-07,73.329,217.161290322581
2021-03-08,73.606,217.258064516129
2021-03-09,73.884,217.354838709677
2021-03-10,74.161,217.451612903226
2021-03-11,74.439,217.548387096774
2021-03-12,74.716,217.645161290323
2021-03-13,74.994,217.741935483871
2021-03-14,75.271,217.838709677419
2021-03-15,75.548,217.935483870968
2021-03-16,75.826,218.032258064516
2021-03-17,76.103,218.129032258065
2021-03-18,76.381,218.225806451613
2021-03-19,76.658,218.322580645161
2021-03-20,76.935,218.41935483871
2021-03-21,77.213,218.516129032258
2021-03-22,77.49,218.612903225806
2021-03-23,77.768,218.709677419355
2021-03-24,78.045,218.806451612903
2021-03-25,78.323,218.903225806452
2021-03-26,78.6,219.0
2021-03-27,78.519,217.838709677419
2021-03-28,78.439,216.677419354839
2021-03-29,78.358,215.516129032258
2021-03-30,78.277,214.354838709677
2021-03-31,78.197,213.193548387097
2021-04-01,78.116,212.032258064516
2021-04-02,78.035,210.870967741936
2021-04-03,77.955,209.709677419355
2021-04-04,77.874,208.548387096774
2021-04-05,77.794,207.387096774194
2021-04-06,77.713,206.225806451613
2021-04-07,77.632,205.064516129032
2021-04-08,77.552,203.903225806452
2021-04-09,77.471,202.741935483871
2021-04-10,77.39,201.58064516129
2021-04-11,77.31,200.41935483871
2021-04-12,77.229,199.258064516129
2021-04-13,77.148,198.096774193548
2021-04-14,77.068,196.935483870968
2021-04-15,76.987,195.774193548387
2021-04-16,76.906,194.612903225806
2021-04-17,76.826,193.451612903226
2021-04-18,76.745,192.290322580645
2021-04-19,76.665,191.129032258065
2021-04-20,76.584,189.967741935484
2021-04-21,76.503,188.806451612903
2021-04-22,76.423,187.645161290323
2021-04-23,76.342,186.483870967742
2021-04-24,76.261,185.322580645161
2021-04-25,76.181,184.161290322581
2021-04-26,76.1,183.0
2021-04-27,75.516,
2021-04-28,74.932,
2021-04-29,74.347,
2021-04-30,73.763,
2021-05-01,73.179,
2021-05-02,72.595,
2021-05-03,72.011,
2021-05-04,71.426,
2021-05-05,70.842,
2021-05-06,70.258,
2021-05-07,69.674,
2021-05-08,69.089,
2021-05-09,68.505,
2021-05-10,67.921,
2021-05-11,67.337,
2021-05-12,66.753,
2021-05-13,66.168,
2021-05-14,65.584,
2021-05-15,65.0,
2021-05-16,62.941,
2021-05-17,60.882,
2021-05-18,58.824,
2021-05-19,56.765,
2021-05-20,54.706,
2021-05-21,52.647,
2021-05-22,50.588,
2021-05-23,48.529,
2021-05-24,46.471,
2021-05-25,44.412,
2021-05-26,42.353,
2021-05-27,40.294,
2021-05-28,38.235,
2021-05-29,36.176,
2021-05-30,34.118,
2021-05-31,32.059,
2021-06-01,30.0,
2021-06-02,27.857,
2021-06-03,25.714,
2021-06-04,23.571,
2021-06-05,21.429,
2021-06-06,19.286,
2021-06-07,17.143,
2021-06-08,15.0,
2021-06-09,12.857,
2021-06-10,10.714,
2021-06-11,8.571,
2021-06-12,6.429,
2021-06-13,4.286,
2021-06-14,2.143,
2021-06-15,0.0,
2021-06-16,0.0,
2021-06-17,0.0,
2021-06-18,0.0,
2021-06-19,0.0,
2021-06-20,0.0,
2021-06-21,0.0,
2021-06-22,0.0,
2021-06-23,0.0,
2021-06-24,0.0,
2021-06-25,0.0,
2021-06-26,0.0,
2021-06-27,0.0,
2021-06-28,0.0,
2021-06-29,0.0,
2021-06-30,0.0,
2021-07-01,0.0,
2021-07-02,0.0,
2021-07-03,0.0,
2021-07-04,0.0,
2021-07-05,0.0,
2021-07-06,0.0,
2021-07-07,0.0,
2021-07-08,0.0,
2021-07-09,0.0,
2021-07-10,0.0,
2021-07-11,0.0,
2021-07-12,0.0,
2021-07-13,0.0,
2021-07-14,0.0,
2021-07-15,0.0,
2021-07-16,0.0,
2021-07-17,0.0,
2021-07-18,0.0,
2021-07-19,0.0,
2021-07-20,0.0,
2021-07-21,0.0,
2021-07-22,0.0,
2021-07-23,0.0,
2021-07-24,0.0,
2021-07-25,0.0,
2021-07-26,0.0,
2021-07-27,0.0,
2021-07-28,0.0,
2021-07-29,0.0,
2021-07-30,0.0,
2021-07-31,0.0,
2021-08-01,0.0,
2021-08-02,0.0,
2021-08-03,0.0,
2021-08-04,0.0,
2021-08-05,0.0,
2021-08-06,0.0,
2021-08-07,0.0,
2021-08-08,0.0,
2021-08-09,0.0,
2021-08-10,0.0,
2021-08-11,0.0,
2021-08-12,0.0,
2021-08-13,0.0,
2021-08-14,0.0,
2021-08-15,0.0,
2021-08-16,0.0,
2021-08-17,0.0,
2021-08-18,0.0,
2021-08-19,0.0,
2021-08-20,0.0,
2021-08-21,0.0,
2021-08-22,0.0,
2021-08-23,0.0,
2021-08-24,0.0,
2021-08-25,0.0,
2021-08-26,0.0,
2021-08-27,0.0,
2021-08-28,0.0,
2021-08-29,0.0,
2021-08-30,0.0,
2021-08-31,0.0,
2021-09-01,0.0,
2021-09-02,0.0,
2021-09-03,0.0,
2021-09-04,0.0,
2021-09-05,0.0,
2021-09-06,0.0,
2021-09-07,0.0,
2021-09-08,0.0,
2021-09-09,0.0,
2021-09-10,0.0,
2021-09-11,0.0,
2021-09-12,0.0,
2021-09-13,0.0,
2021-09-14,0.0,
2021-09-15,0.0,
2021-09-16,0.0,
2021-09-17,0.0,
2021-09-18,0.0,
2021-09-19,0.0,
2021-09-20,0.0,
2021-09-21,0.0,
2021-09-22,0.0,
2021-09-23,0.0,
2021-09-24,0.0,
2021-09-25,0.0,
2021-09-26,0.0,
2021-09-27,0.0,
2021-09-28,0.0,
2021-09-29,0.0,
2021-09-30,0.0,
2021-10-01,0.0,
2021-10-02,0.081,
2021-10-03,0.161,
2021-10-04,0.242,
2021-10-05,0.323,
2021-10-06,0.403,
2021-10-07,0.484,
2021-10-08,0.565,
2021-10-09,0.645,
2021-10-10,0.726,
2021-10-11,0.806,
2021-10-12,0.887,
2021-10-13,0.968,
2021-10-14,1.048,
2021-10-15,1.129,
2021-10-16,1.21,
2021-10-17,1.29,
2021-10-18,1.371,
2021-10-19,1.452,
2021-10-20,1.532,
2021-10-21,1.613,
2021-10-22,1.694,
2021-10-23,1.774,
2021-10-24,1.855,
2021-10-25,1.935,
2021-10-26,2.016,
2021-10-27,2.097,
2021-10-28,2.177,
2021-10-29,2.258,
2021-10-30,2.339,
2021-10-31,2.419,
2021-11-01,2.5,
2021-11-02,2.917,
2021-11-03,3.333,
2021-11-04,3.75,
2021-11-05,4.167,
2021-11-06,4.583,
2021-11-07,5.0,
2021-11-08,5.417,
2021-11-09,5.833,
2021-11-10,6.25,
2021-11-11,6.667,
2021-11-12,7.083,
2021-11-13,7.5,
2021-11-14,7.917,
2021-11-15,8.333,
2021-11-16,8.75,
2021-11-17,9.167,
2021-11-18,9.583,
2021-11-19,10.0,
2021-11-20,10.417,
2021-11-21,10.833,
2021-11-22,11.25,
2021-11-23,11.667,
2021-11-24,12.083,
2021-11-25,12.5,
2021-11-26,12.917,
2021-11-27,13.333,
2021-11-28,13.75,
2021-11-29,14.167,
2021-11-30,14.583,
2021-12-01,15.0,
2021-12-02,15.161,
2021-12-03,15.323,
2021-12-04,15.484,
2021-12-05,15.645,
2021-12-06,15.806,
2021-12-07,15.968,
2021-12-08,16.129,
2021-12-09,16.29,
2021-12-10,16.452,
2021-12-11,16.613,
2021-12-12,16.774,
2021-12-13,16.935,
2021-12-14,17.097,
2021-12-15,17.258,
2021-12-16,17.419,
2021-12-17,17.581,
2021-12-18,17.742,
2021-12-19,17.903,
2021-12-20,18.065,
2021-12-21,18.226,
2021-12-22,18.387,
2021-12-23,18.548,
2021-12-24,18.71,
2021-12-25,18.871,
2021-12-26,19.032,
2021-12-27,19.194,
2021-12-28,19.355,
2021-12-29,19.516,
2021-12-30,19.677,
2021-12-31,19.839,
2022-01-01,20.0,
2022-01-02,20.308,
2022-01-03,20.616,
2022-01-04,20.924,
2022-01-05,21.232,
2022-01-06,21.54,
2022-01-07,21.848,
2022-01-08,22.156,
2022-01-09,22.464,
2022-01-10,22.772,
2022-01-11,23.08,
2022-01-12,23.388,
2022-01-13,23.696,
2022-01-14,24.004,
2022-01-15,24.312,
2022-01-16,24.62,
2022-01-17,24.928,
2022-01-18,25.236,
2022-01-19,25.544,
2022-01-20,25.852,
2022-01-21,26.16,
2022-01-22,26.468,
2022-01-23,26.776,
2022-01-24,27.084,
2022-01-25,27.392,
2022-01-26,27.7,107.0
2022-01-27,28.207,108.0
2022-01-28,28.714,109.0
2022-01-29,29.221,110.0
2022-01-30,29.729,111.0
2022-01-31,30.236,112.0
2022-02-01,30.743,113.0
2022-02-02,31.25,114.0
2022-02-03,31.757,115.0
2022-02-04,32.264,116.0
2022-02-05,32.771,117.0
2022-02-06,33.279,118.0
2022-02-07,33.786,119.0
2022-02-08,34.293,120.0
2022-02-09,34.8,121.0
2022-02-10,35.307,122.0
2022-02-11,35.814,123.0
2022-02-12,36.321,124.0
2022-02-13,36.829,125.0
2022-02-14,37.336,126.0
2022-02-15,37.843,127.0
2022-02-16,38.35,128.0
2022-02-17,38.857,129.0
2022-02-18,39.364,130.0
2022-02-19,39.871,131.0
2022-02-20,40.379,132.0
2022-02-21,40.886,133.0
2022-02-22,41.393,134.0
2022-02-23,41.9,135.0
2022-02-24,42.1,135.454545454545
2022-02-25,42.3,135.909090909091
2022-02-26,42.5,136.363636363636
2022-02-27,42.7,136.818181818182
2022-02-28,42.9,137.272727272727
2022-03-01,43.1,137.727272727273
2022-03-02,43.3,138.181818181818
2022-03-03,43.5,138.636363636364
2022-03-04,43.7,139.090909090909
2022-03-05,43.9,139.545454545455
2022-03-06,44.1,140.0
2022-03-07,44.3,140.454545454545
2022-03-08,44.5,140.909090909091
2022-03-09,44.7,141.363636363636
2022-03-10,44.9,141.818181818182
2022-03-11,45.1,142.272727272727
2022-03-12,45.3,142.727272727273
2022-03-13,45.5,143.181818181818
2022-03-14,45.7,143.636363636364
2022-03-15,45.9,144.090909090909
2022-03-16,46.1,144.545454545455
2022-03-17,46.3,145.0
2022-03-18,46.5,145.454545454545
2022-03-19,46.7,145.909090909091
2022-03-20,46.9,146.363636363636
2022-03-21,47.1,146.818181818182
2022-03-22,47.3,147.272727272727
2022-03-23,47.5,147.727272727273
2022-03-24,47.7,148.181818181818
2022-03-25,47.9,148.636363636364
2022-03-26,48.1,149.090909090909
2022-03-27,48.3,149.545454545455
2022-03-28,48.5,150.0
2022-03-29,48.486,149.25
2022-03-30,48.471,148.5
2022-03-31,48.457,147.75
2022-04-01,48.443,147.0
2022-04-02,48.429,146.25
2022-04-03,48.414,145.5
2022-04-04,48.4,144.75
2022-04-05,48.386,144.0
2022-04-06,48.371,143.25
2022-04-07,48.357,142.5
2022-04-08,48.343,141.75
2022-04-09,48.329,141.0
2022-04-10,48.314,140.25
2022-04-11,48.3,139.5
2022-04-12,48.286,138.75
2022-04-13,48.271,138.0
2022-04-14,48.257,137.25
2022-04-15,48.243,136.5
2022-04-16,48.229,135.75
2022-04-17,48.214,135.0
2022-04-18,48.2,134.25
2022-04-19,48.186,133.5
2022-04-20,48.171,132.75
2022-04-21,48.157,132.0
2022-04-22,48.143,131.25
2022-04-23,48.129,130.5
2022-04-24,48.114,129.75
2022-04-25,48.1,129.0
2022-04-26,47.57,
2022-04-27,47.04,
2022-04-28,46.51,
2022-04-29,45.98,
2022-04-30,45.45,
2022-05-01,44.92,
2022-05-02,44.39,
2022-05-03,43.86,
2022-05-04,43.33,
2022-05-05,42.8,
2022-05-06,42.27,
2022-05-07,41.74,
2022-05-08,41.21,
2022-05-09,40.68,
2022-05-10,40.15,
2022-05-11,39.62,
2022-05-12,39.09,
2022-05-13,38.56,
2022-05-14,38.03,
2022-05-15,37.5,
2022-05-16,35.294,
2022-05-17,33.088,
2022-05-18,30.882,
2022-05-19,28.676,
2022-05-20,26.471,
2022-05-21,24.265,
2022-05-22,22.059,
2022-05-23,19.853,
2022-05-24,17.647,
2022-05-25,15.441,
2022-05-26,13.235,
2022-05-27,11.029,
2022-05-28,8.824,
2022-05-29,6.618,
2022-05-30,4.412,
2022-05-31,2.206,
2022-06-01,0.0,
2022-06-02,0.0,
2022-06-03,0.0,
2022-06-04,0.0,
2022-06-05,0.0,
2022-06-06,0.0,
2022-06-07,0.0,
2022-06-08,0.0,
2022-06-09,0.0,
2022-06-10,0.0,
2022-06-11,0.0,
2022-06-12,0.0,
2022-06-13,0.0,
2022-06-14,0.0,
2022-06-15,0.0,
2022-06-16,0.0,
2022-06-17,0.0,
2022-06-18,0.0,
2022-06-19,0.0,
2022-06-20,0.0,
2022-06-21,0.0,
2022-06-22,0.0,
2022-06-23,0.0,
2022-06-24,0.0,
2022-06-25,0.0,
2022-06-26,0.0,
2022-06-27,0.0,
2022-06-28,0.0,
2022-06-29,0.0,
2022-06-30,0.0,
2022-07-01,0.0,
2022-07-02,0.0,
2022-07-03,0.0,
2022-07-04,0.0,
2022-07-05,0.0,
2022-07-06,0.0,
2022-07-07,0.0,
2022-07-08,0.0,
2022-07-09,0.0,
2022-07-10,0.0,
2022-07-11,0.0,
2022-07-12,0.0,
2022-07-13,0.0,
2022-07-14,0.0,
2022-07-15,0.0,
2022-07-16,0.0,
2022-07-17,0.0,
2022-07-18,0.0,
2022-07-19,0.0,
2022-07-20,0.0,
2022-07-21,0.0,
2022-07-22,0.0,
2022-07-23,0.0,
2022-07-24,0.0,
2022-07-25,0.0,
2022-07-26,0.0,
2022-07-27,0.0,
2022-07-28,0.0,
2022-07-29,0.0,
2022-07-30,0.0,
2022-07-31,0.0,
2022-08-01,0.0,
2022-08-02,0.0,
2022-08-03,0.0,
2022-08-04,0.0,
2022-08-05,0.0,
2022-08-06,0.0,
2022-08-07,0.0,
2022-08-08,0.0,
2022-08-09,0.0,
2022-08-10,0.0,
2022-08-11,0.0,
2022-08-12,0.0,
2022-08-13,0.0,
2022-08-14,0.0,
2022-08-15,0.0,
2022-08-16,0.0,
2022-08-17,0.0,
2022-08-18,0.0,
2022-08-19,0.0,
2022-08-20,0.0,
2022-08-21,0.0,
2022-08-22,0.0,
2022-08-23,0.0,
2022-08-24,0.0,
2022-08-25,0.0,
2022-08-26,0.0,
2022-08-27,0.0,
2022-08-28,0.0,
2022-08-29,0.0,
2022-08-30,0.0,
2022-08-31,0.0,
2022-09-01,0.0,
2022-09-02,0.0,
2022-09-03,0.0,
2022-09-04,0.0,
2022-09-05,0.0,
2022-09-06,0.0,
2022-09-07,0.0,
2022-09-08,0.0,
2022-09-09,0.0,
2022-09-10,0.0,
2022-09-11,0.0,
2022-09-12,0.0,
2022-09-13,0.0,
2022-09-14,0.0,
2022-09-15,0.0,
2022-09-16,0.0,
2022-09-17,0.0,
2022-09-18,0.0,
2022-09-19,0.0,
2022-09-20,0.0,
2022-09-21,0.0,
2022-09-22,0.0,
2022-09-23,0.0,
2022-09-24,0.0,
2022-09-25,0.0,
2022-09-26,0.0,
2022-09-27,0.0,
2022-09-28,0.0,
2022-09-29,0.0,
2022-09-30,0.0,
2022-10-01,0.0,
2022-10-02,0.0,
2022-10-03,0.0,
2022-10-04,0.0,
2022-10-05,0.0,
2022-10-06,0.0,
2022-10-07,0.0,
2022-10-08,0.0,
2022-10-09,0.0,
2022-10-10,0.0,
2022-10-11,0.0,
2022-10-12,0.0,
2022-10-13,0.0,
2022-10-14,0.0,
2022-10-15,0.0,
2022-10-16,0.0,
2022-10-17,0.0,
2022-10-18,0.0,
2022-10-19,0.0,
2022-10-20,0.0,
2022-10-21,0.0,
2022-10-22,0.0,
2022-10-23,0.0,
2022-10-24,0.0,
2022-10-25,0.0,
2022-10-26,0.571,
2022-10-27,1.143,
2022-10-28,1.714,
2022-10-29,2.286,
2022-10-30,2.857,
2022-10-31,3.429,
2022-11-01,4.0,
2022-11-02,4.2,
2022-11-03,4.4,
2022-11-04,4.6,
2022-11-05,4.8,
2022-11-06,5.0,
2022-11-07,5.2,
2022-11-08,5.4,
2022-11-09,5.6,
2022-11-10,5.8,
2022-11-11,6.0,
2022-11-12,6.2,
2022-11-13,6.4,
2022-11-14,6.6,
2022-11-15,6.8,
2022-11-16,7.0,
2022-11-17,7.2,
2022-11-18,7.4,
2022-11-19,7.6,
2022-11-20,7.8,
2022-11-21,8.0,
2022-11-22,8.2,
2022-11-23,8.4,
2022-11-24,8.6,
2022-11-25,8.8,
2022-11-26,9.0,
2022-11-27,9.2,
2022-11-28,9.4,
2022-11-29,9.6,
2022-11-30,9.8,
2022-12-01,10.0,
2022-12-02,10.323,
2022-12-03,10.645,
2022-12-04,10.968,
2022-12-05,11.29,
2022-12-06,11.613,
2022-12-07,11.935,
2022-12-08,12.258,
2022-12-09,12.581,
2022-12-10,12.903,
2022-12-11,13.226,
2022-12-12,13.548,
2022-12-13,13.871,
2022-12-14,14.194,
2022-12-15,14.516,
2022-12-16,14.839,
2022-12-17,15.161,
2022-12-18,15.484,
2022-12-19,15.806,
2022-12-20,16.129,
2022-12-21,16.452,
2022-12-22,16.774,
2022-12-23,17.097,
2022-12-24,17.419,
2022-12-25,17.742,
2022-12-26,18.065,
2022-12-27,18.387,
2022-12-28,18.71,
2022-12-29,19.032,
2022-12-30,19.355,
2022-12-31,19.677,
2023-01-01,20.0,
2023-01-02,20.258,
2023-01-03,20.516,
2023-01-04,20.774,
2023-01-05,21.032,
2023-01-06,21.29,
2023-01-07,21.548,
2023-01-08,21.806,
2023-01-09,22.065,
2023-01-10,22.323,
2023-01-11,22.581,
2023-01-12,22.839,
2023-01-13,23.097,
2023-01-14,23.355,
2023-01-15,23.613,
2023-01-16,23.871,
2023-01-17,24.129,
2023-01-18,24.387,
2023-01-19,24.645,
2023-01-20,24.903,
2023-01-21,25.161,
2023-01-22,25.419,
2023-01-23,25.677,
2023-01-24,25.935,
2023-01-25,26.194,
2023-01-26,26.452,
2023-01-27,26.71,
2023-01-28,26.968,
2023-01-29,27.226,
2023-01-30,27.484,
2023-01-31,27.742,
2023-02-01,28.0,
2023-02-02,28.218,
2023-02-03,28.436,
2023-02-04,28.655,
2023-02-05,28.873,
2023-02-06,29.091,
2023-02-07,29.309,
2023-02-08,29.527,
2023-02-09,29.745,
2023-02-10,29.964,
2023-02-11,30.182,
2023-02-12,30.4,
2023-02-13,30.618,
2023-02-14,30.836,
2023-02-15,31.055,
2023-02-16,31.273,
2023-02-17,31.491,
2023-02-18,31.709,
2023-02-19,31.927,
2023-02-20,32.145,
2023-02-21,32.364,
2023-02-22,32.582,
2023-02-23,32.8,115.0
2023-02-24,33.041,115.40625
2023-02-25,33.281,115.8125
2023-02-26,33.522,116.21875
2023-02-27,33.763,116.625
2023-02-28,34.003,117.03125
2023-03-01,34.244,117.4375
2023-03-02,34.484,117.84375
2023-03-03,34.725,118.25
2023-03-04,34.966,118.65625
2023-03-05,35.206,119.0625
2023-03-06,35.447,119.46875
2023-03-07,35.688,119.875
2023-03-08,35.928,120.28125
2023-03-09,36.169,120.6875
2023-03-10,36.409,121.09375
2023-03-11,36.65,121.5
2023-03-12,36.891,121.90625
2023-03-13,37.131,122.3125
2023-03-14,37.372,122.71875
2023-03-15,37.612,123.125
2023-03-16,37.853,123.53125
2023-03-17,38.094,123.9375
2023-03-18,38.334,124.34375
2023-03-19,38.575,124.75
2023-03-20,38.816,125.15625
2023-03-21,39.056,125.5625
2023-03-22,39.297,125.96875
2023-03-23,39.538,126.375
2023-03-24,39.778,126.78125
2023-03-25,40.019,127.1875
2023-03-26,40.259,127.59375
2023-03-27,40.5,128.0
2023-03-28,40.607,127.75
2023-03-29,40.714,127.5
2023-03-30,40.821,127.25
2023-03-31,40.929,127.0
2023-04-01,41.036,126.75
2023-04-02,41.143,126.5
2023-04-03,41.25,126.25
2023-04-04,41.357,126.0
2023-04-05,41.464,125.75
2023-04-06,41.571,125.5
2023-04-07,41.679,125.25
2023-04-08,41.786,125.0
2023-04-09,41.893,124.75
2023-04-10,42.0,124.5
2023-04-11,42.107,124.25
2023-04-12,42.214,124.0
2023-04-13,42.321,123.75
2023-04-14,42.429,123.5
2023-04-15,42.536,123.25
2023-04-16,42.643,123.0
2023-04-17,42.75,122.75
2023-04-18,42.857,122.5
2023-04-19,42.964,122.25
2023-04-20,43.071,122.0
2023-04-21,43.179,121.75
2023-04-22,43.286,121.5
2023-04-23,43.393,121.25
2023-04-24,43.5,121.0
2023-04-25,43.214,
2023-04-26,42.929,
2023-04-27,42.643,
2023-04-28,42.357,
2023-04-29,42.071,
2023-04-30,41.786,
2023-05-01,41.5,
2023-05-02,41.214,
2023-05-03,40.929,
2023-05-04,40.643,
2023-05-05,40.357,
2023-05-06,40.071,
2023-05-07,39.786,
2023-05-08,39.5,
2023-05-09,39.214,
2023-05-10,38.929,
2023-05-11,38.643,
2023-05-12,38.357,
2023-05-13,38.071,
2023-05-14,37.786,
2023-05-15,37.5,
2023-05-16,35.588,
2023-05-17,33.676,
2023-05-18,31.765,
2023-05-19,29.853,
2023-05-20,27.941,
2023-05-21,26.029,
2023-05-22,24.118,
2023-05-23,22.206,
2023-05-24,20.294,
2023-05-25,18.382,
2023-05-26,16.471,
2023-05-27,14.559,
2023-05-28,12.647,
2023-05-29,10.735,
2023-05-30,8.824,
2023-05-31,6.912,
2023-06-01,5.0,
2023-06-02,3.75,
2023-06-03,2.5,
2023-06-04,1.25,
2023-06-05,0.0,
2023-06-06,0.0,
2023-06-07,0.0,
2023-06-08,0.0,
2023-06-09,0.0,
2023-06-10,0.0,
2023-06-11,0.0,
2023-06-12,0.0,
2023-06-13,0.0,
2023-06-14,0.0,0.0
2023-06-15,0.0,0.0
2023-06-16,0.0,0.0
2023-06-17,0.0,0.0
2023-06-18,0.0,0.0
2023-06-19,0.0,0.0
2023-06-20,0.0,0.0
2023-06-21,0.0,0.0
2023-06-22,0.0,0.0
2023-06-23,0.0,0.0
2023-06-24,0.0,0.0
2023-06-25,0.0,0.0
2023-06-26,0.0,0.0
2023-06-27,0.0,0.0
2023-06-28,0.0,0.0
2023-06-29,0.0,0.0
2023-06-30,0.0,0.0
2023-07-01,0.0,0.0
2023-07-02,0.0,0.0
2023-07-03,0.0,0.0
2023-07-04,0.0,0.0
2023-07-05,0.0,0.0
2023-07-06,0.0,0.0
2023-07-07,0.0,0.0
2023-07-08,0.0,0.0
2023-07-09,0.0,0.0
2023-07-10,0.0,0.0
2023-07-11,0.0,0.0
2023-07-12,0.0,0.0
2023-07-13,0.0,0.0
2023-07-14,0.0,0.0
2023-07-15,0.0,0.0
2023-07-16,0.0,0.0
2023-07-17,0.0,0.0
2023-07-18,0.0,0.0
2023-07-19,0.0,0.0
2023-07-20,0.0,0.0
2023-07-21,0.0,0.0
2023-07-22,0.0,0.0
2023-07-23,0.0,0.0
2023-07-24,0.0,0.0
2023-07-25,0.0,0.0
2023-07-26,0.0,0.0
2023-07-27,0.0,0.0
2023-07-28,0.0,0.0
2023-07-29,0.0,0.0
2023-07-30,0.0,0.0
2023-07-31,0.0,0.0
2023-08-01,0.0,0.0
2023-08-02,0.0,0.0
2023-08-03,0.0,0.0
2023-08-04,0.0,0.0
2023-08-05,0.0,0.0
2023-08-06,0.0,0.0
2023-08-07,0.0,0.0
2023-08-08,0.0,0.0
2023-08-09,0.0,0.0
2023-08-10,0.0,0.0
2023-08-11,0.0,0.0
2023-08-12,0.0,0.0
2023-08-13,0.0,0.0
2023-08-14,0.0,0.0
2023-08-15,0.0,0.0
2023-08-16,0.0,0.0
2023-08-17,0.0,0.0
2023-08-18,0.0,0.0
2023-08-19,0.0,0.0
2023-08-20,0.0,0.0
2023-08-21,0.0,0.0
2023-08-22,0.0,0.0
2023-08-23,0.0,0.0
2023-08-24,0.0,0.0
2023-08-25,0.0,0.0
2023-08-26,0.0,0.0
2023-08-27,0.0,0.0
2023-08-28,0.0,0.0
2023-08-29,0.0,0.0
2023-08-30,0.0,0.0
2023-08-31,0.0,0.0
2023-09-01,0.0,0.0
2023-09-02,0.0,0.0
2023-09-03,0.0,0.0
2023-09-04,0.0,0.0
2023-09-05,0.0,0.0
2023-09-06,0.0,0.0
2023-09-07,0.0,0.0
2023-09-08,0.0,0.0
2023-09-09,0.0,0.0
2023-09-10,0.0,0.0
2023-09-11,0.0,0.0
2023-09-12,0.0,0.0
2023-09-13,0.0,0.0
2023-09-14,0.0,0.0
2023-09-15,0.0,0.0
2023-09-16,0.0,0.0
2023-09-17,0.0,0.0
2023-09-18,0.0,0.0
2023-09-19,0.0,0.0
2023-09-20,0.0,0.0
2023-09-21,0.0,0.0
2023-09-22,0.0,0.0
2023-09-23,0.0,0.0
2023-09-24,0.0,0.0
2023-09-25,0.0,0.0
2023-09-26,0.0,0.0
2023-09-27,0.0,0.0
2023-09-28,0.0,0.0
2023-09-29,0.0,0.0
2023-09-30,0.0,0.0
2023-10-01,0.0,0.0
2023-10-02,0.0,0.0
2023-10-03,0.0,0.0
2023-10-04,0.0,0.0
2023-10-05,0.0,0.0
2023-10-06,0.0,0.0
2023-10-07,0.0,0.0
2023-10-08,0.0,0.0
2023-10-09,0.0,0.0
2023-10-10,0.0,0.0
2023-10-11,0.0,0.0
2023-10-12,0.0,0.0
2023-10-13,0.0,0.0
2023-10-14,0.0,0.0
2023-10-15,0.0,0.0
2023-10-16,0.0,0.0
2023-10-17,0.0,0.0
2023-10-18,0.0,0.0
2023-10-19,0.0,0.0
2023-10-20,0.0,0.916666666666667
2023-10-21,0.0,2.70833333333333
2023-10-22,0.0,3.70833333333333
2023-10-23,0.0,4.08333333333333
2023-10-24,0.0,4.58333333333333
2023-10-25,0.0,4.91666666666667
2023-10-26,0.0,4.54166666666667
2023-10-27,0.0,4.54166666666667
2023-10-28,0.0,5.0
2023-10-29,0.0,5.375
2023-10-30,0.0,9.20833333333333
2023-10-31,0.0,9.5
2023-11-01,0.0,8.875
2023-11-02,0.0,8.0
2023-11-03,0.0,7.79166666666667
2023-11-04,0.0,7.83333333333333
2023-11-05,0.0,7.83333333333333
2023-11-06,0.0,9.375
2023-11-07,0.0,10.8333333333333
2023-11-08,0.0,13.6666666666667
2023-11-09,0.0,11.2083333333333
2023-11-10,0.0,13.25
2023-11-11,0.025,14.5833333333333
2023-11-12,0.146,12.5833333333333
2023-11-13,0.138,13.5833333333333
2023-11-14,0.904,26.5416666666667
2023-11-15,1.396,27.6666666666667
2023-11-16,1.425,30.7083333333333
2023-11-17,1.771,30.7916666666667
2023-11-18,1.808,29.2083333333333
2023-11-19,1.946,28.8333333333333
2023-11-20,2.362,32.5
2023-11-21,3.837,49.9583333333333
2023-11-22,4.204,49.7083333333333
2023-11-23,4.375,46.5833333333333
2023-11-24,5.062,43.5416666666667
2023-11-25,5.588,41.3333333333333
2023-11-26,5.7,39.0
2023-11-27,5.854,36.25
2023-11-28,6.571,38.4583333333333
2023-11-29,7.6,37.75
2023-11-30,7.688,36.9583333333333
2023-12-01,7.7,36.625
2023-12-02,7.7,37.8333333333333
2023-12-03,7.7,38.9166666666667
2023-12-04,7.7,42.5
2023-12-05,7.758,51.25
2023-12-06,7.908,58.2083333333333
2023-12-07,8.546,57.5833333333333
2023-12-08,8.95,57.2083333333333
2023-12-09,9.488,60.25
2023-12-10,10.229,59.6666666666667
2023-12-11,10.3,61.8333333333333
2023-12-12,10.45,65.6666666666667
2023-12-13,12.483,89.8333333333333
2023-12-14,14.775,101.458333333333
2023-12-15,16.7,108.916666666667
2023-12-16,17.35,106.875
2023-12-17,17.646,103.416666666667
2023-12-18,18.404,107.958333333333
2023-12-19,18.417,101.708333333333
2023-12-20,18.442,96.8333333333333
2023-12-21,18.488,95.9166666666667
2023-12-22,18.483,93.0833333333333
2023-12-23,18.904,94.3333333333333
2023-12-24,20.346,103.291666666667
2023-12-25,21.675,112.291666666667
2023-12-26,22.271,114.75
2023-12-27,22.633,111.083333333333
2023-12-28,23.163,111.166666666667
2023-12-29,23.679,112.958333333333
2023-12-30,25.121,118.625
2023-12-31,25.354,116.375
2024-01-01,25.337,113.625
2024-01-02,25.333,112.375
2024-01-03,25.392,110.208333333333
2024-01-04,25.4,112.375
2024-01-05,25.404,110.625
2024-01-06,25.754,108.291666666667
2024-01-07,26.137,106.666666666667
2024-01-08,26.2,105.833333333333
2024-01-09,26.2,105.666666666667
2024-01-10,26.167,105.333333333333
2024-01-11,26.121,104.041666666667
2024-01-12,26.183,102.666666666667
2024-01-13,26.196,104.0
2024-01-14,26.192,108.166666666667
2024-01-15,26.663,110.916666666667
2024-01-16,27.758,115.75
2024-01-17,27.75,113.666666666667
2024-01-18,27.712,111.875
2024-01-19,27.733,110.333333333333
2024-01-20,27.792,109.125
2024-01-21,27.792,110.166666666667
2024-01-22,27.8,113.958333333333
2024-01-23,28.438,118.916666666667
2024-01-24,29.442,121.625
2024-01-25,29.475,121.125
2024-01-26,29.504,121.208333333333
2024-01-27,31.425,137.458333333333
2024-01-28,31.829,132.375
2024-01-29,33.158,128.125
2024-01-30,33.983,123.041666666667
2024-01-31,34.812,121.5
2024-02-01,34.842,123.0
2024-02-02,35.446,122.958333333333
2024-02-03,35.717,124.833333333333
2024-02-04,35.7,132.75
2024-02-05,35.7,131.083333333333
2024-02-06,35.704,129.625
2024-02-07,35.708,128.208333333333
2024-02-08,35.704,126.875
2024-02-09,35.708,128.375
2024-02-10,35.737,137.041666666667
2024-02-11,36.221,144.854166666667
2024-02-12,37.013,147.5
2024-02-13,37.008,144.666666666667
2024-02-14,37.742,142.041666666667
2024-02-15,37.9,140.291666666667
2024-02-16,37.9,138.791666666667
2024-02-17,37.9,137.916666666667
2024-02-18,37.9,136.625
2024-02-19,37.9,135.291666666667
2024-02-20,37.9,134.625
2024-02-21,37.9,133.916666666667
2024-02-22,37.971,141.416666666667
2024-02-23,38.767,149.625
2024-02-24,39.242,146.458333333333
2024-02-25,39.65,145.416666666667
2024-02-26,39.612,144.208333333333
2024-02-27,39.692,144.333333333333
2024-02-28,39.7,145.666666666667
2024-02-29,39.7,145.375
2024-03-01,39.658,144.416666666667
2024-03-02,39.617,143.666666666667
2024-03-03,39.604,142.75
2024-03-04,40.225,142.0
2024-03-05,40.5,141.833333333333
2024-03-06,40.5,141.541666666667
2024-03-07,40.5,142.333333333333
2024-03-08,40.558,145.291666666667
2024-03-09,40.592,145.791666666667
2024-03-10,40.6,145.5
2024-03-11,40.592,143.916666666667
2024-03-12,40.587,144.291666666667
2024-03-13,40.504,146.791666666667
2024-03-14,41.567,161.708333333333
2024-03-15,42.6,164.25
2024-03-16,43.5,162.75
2024-03-17,43.454,153.083333333333
2024-03-18,43.392,147.583333333333
2024-03-19,43.371,145.708333333333
2024-03-20,43.396,144.833333333333
2024-03-21,43.392,144.208333333333
2024-03-22,43.4,143.25
2024-03-23,43.4,142.833333333333
2024-03-24,43.4,142.416666666667
2024-03-25,43.396,142.041666666667
2024-03-26,43.371,140.083333333333
2024-03-27,43.379,137.625
2024-03-28,43.337,135.416666666667
2024-03-29,43.375,134.041666666667
2024-03-30,43.4,134.458333333333
2024-03-31,43.438,136.083333333333
2024-04-01,44.237,137.541666666667
2024-04-02,44.321,137.458333333333
2024-04-03,44.292,136.125
2024-04-04,44.788,135.708333333333
2024-04-05,45.092,135.916666666667
2024-04-06,45.104,135.666666666667
2024-04-07,45.1,135.375
2024-04-08,45.092,136.041666666667
2024-04-09,45.05,135.416666666667
2024-04-10,45.013,134.666666666667
2024-04-11,45.025,134.041666666667
2024-04-12,45.033,137.125
2024-04-13,45.038,137.416666666667
2024-04-14,45.004,134.416666666667
2024-04-15,44.962,135.916666666667
2024-04-16,44.954,134.375
2024-04-17,44.95,133.25
2024-04-18,44.95,132.0
2024-04-19,44.946,129.75
2024-04-20,44.85,127.291666666667
2024-04-21,44.862,124.125
2024-04-22,44.804,121.166666666667
2024-04-23,44.779,118.875
2024-04-24,44.683,115.833333333333
2024-04-25,44.583,110.875
2024-04-26,44.25,106.375
2024-04-27,43.75,102.458333333333
2024-04-28,43.108,99.1666666666667
2024-04-29,41.6,96.25
2024-04-30,39.85,92.5
2024-05-01,38.421,89.2083333333333
2024-05-02,37.0,85.4166666666667
2024-05-03,35.825,80.375
2024-05-04,34.508,76.5833333333333
2024-05-05,33.604,74.25
2024-05-06,32.646,72.625
2024-05-07,31.75,71.5
2024-05-08,31.583,71.6875
2024-05-09,30.975,70.8333333333333
2024-05-10,30.908,69.5416666666667
2024-05-11,30.012,66.5416666666667
2024-05-12,29.092,64.875
2024-05-13,28.225,62.75
2024-05-14,27.858,62.7083333333333
2024-05-15,26.096,58.7916666666667
2024-05-16,24.3,53.7916666666667
2024-05-17,22.233,49.25
2024-05-18,20.396,45.9583333333333
2024-05-19,18.688,42.0416666666667
2024-05-20,17.392,39.4583333333333
2024-05-21,16.067,35.5833333333333
2024-05-22,14.238,32.5416666666667
2024-05-23,13.025,29.125
2024-05-24,10.679,25.5416666666667
2024-05-25,7.787,19.9583333333333
2024-05-26,5.471,15.625
2024-05-27,3.817,11.625
2024-05-28,3.254,6.125
2024-05-29,2.595,0.375
2024-05-30,1.898,0.0
2024-05-31,1.279,0.0
2024-06-01,0.735,0.0
2024-06-02,0.159,0.0
2024-06-03,0.0,0.0
2024-06-04,0.0,0.0
2024-06-05,0.0,0.0
2024-06-06,0.0,0.0
2024-06-07,0.0,0.0
2024-06-08,0.0,0.0
2024-06-09,0.0,0.0
2024-06-10,0.0,0.0
2024-06-11,0.0,0.0
2024-06-12,0.0,0.0
2024-06-13,0.0,0.0
2024-06-14,0.0,0.0
2024-06-15,0.0,0.0
2024-06-16,0.0,0.0
2024-06-17,0.0,0.0
2024-06-18,0.0,0.0
2024-06-19,0.0,0.0
2024-06-20,0.0,0.0
2024-06-21,0.0,0.0
2024-06-22,0.0,0.0
2024-06-23,0.0,0.0
2024-06-24,0.0,0.0
2024-06-25,0.0,0.0
2024-06-26,0.0,0.0
2024-06-27,0.0,0.0
2024-06-28,0.0,0.0
2024-06-29,0.0,0.0
2024-06-30,0.0,0.0
2024-07-01,0.0,0.0
2024-07-02,0.0,0.0
2024-07-03,0.0,0.0
2024-07-04,0.0,0.0
2024-07-05,0.0,0.0
2024-07-06,0.0,0.0
2024-07-07,0.0,0.0
2024-07-08,0.0,0.0
2024-07-09,0.0,0.0
2024-07-10,0.0,0.0
2024-07-11,0.0,0.0
2024-07-12,0.0,0.0
2024-07-13,0.0,0.0
2024-07-14,0.0,0.0
2024-07-15,0.0,0.0
2024-07-16,0.0,0.0
2024-07-17,0.0,0.0
2024-07-18,0.0,0.0
2024-07-19,0.0,0.0
2024-07-20,0.0,0.0
2024-07-21,0.0,0.0
2024-07-22,0.0,0.0
2024-07-23,0.0,0.0
2024-07-24,0.0,0.0
2024-07-25,0.0,0.0
2024-07-26,0.0,0.0
2024-07-27,0.0,0.0
2024-07-28,0.0,0.0
2024-07-29,0.0,0.0
2024-07-30,0.0,0.0
2024-07-31,0.0,0.0
2024-08-01,0.0,0.0
2024-08-02,0.0,0.0
2024-08-03,0.0,0.0
2024-08-04,0.0,0.0
2024-08-05,0.0,0.0
2024-08-06,0.0,0.0
2024-08-07,0.0,0.0
2024-08-08,0.0,0.0
2024-08-09,0.0,0.0
2024-08-10,0.0,0.0
2024-08-11,0.0,0.0
2024-08-12,0.0,0.0
2024-08-13,0.0,0.0
2024-08-14,0.0,0.0
2024-08-15,0.0,0.0
2024-08-16,0.0,0.0
2024-08-17,0.0,0.0
2024-08-18,0.0,0.0
2024-08-19,0.0,0.0
2024-08-20,0.0,0.0
2024-08-21,0.0,0.0
2024-08-22,0.0,0.0
2024-08-23,0.0,0.0
2024-08-24,0.0,0.0
2024-08-25,0.0,0.0
2024-08-26,0.0,0.0
2024-08-27,0.0,0.0
2024-08-28,0.0,0.0
2024-08-29,0.0,0.0
2024-08-30,0.0,0.0
2024-08-31,0.0,0.0
2024-09-01,0.0,0.0
2024-09-02,0.0,0.0
2024-09-03,0.0,0.0
2024-09-04,0.0,0.0
2024-09-05,0.0,0.0
2024-09-06,0.0,0.0
2024-09-07,0.0,0.0
2024-09-08,0.0,0.0
2024-09-09,0.0,0.0
2024-09-10,0.0,0.0
2024-09-11,0.0,0.0
2024-09-12,0.0,0.0
2024-09-13,0.0,0.0
2024-09-14,0.0,0.0
2024-09-15,0.0,0.0
2024-09-16,0.0,0.0
2024-09-17,0.0,0.0
2024-09-18,0.0,0.0
2024-09-19,0.0,0.0
2024-09-20,0.0,0.0
2024-09-21,0.0,0.0
2024-09-22,0.0,0.0
2024-09-23,0.0,0.0
2024-09-24,0.0,0.0
2024-09-25,0.0,0.0
2024-09-26,0.0,0.0
2024-09-27,0.0,0.0
2024-09-28,0.0,0.0
2024-09-29,0.0,0.0
2024-09-30,0.0,0.0
2024-10-01,0.03,0.0
2024-10-02,0.033,0.0
2024-10-03,0.025,0.0
2024-10-04,0.004,0.0
2024-10-05,0.004,0.0
2024-10-06,0.008,0.0
2024-10-07,0.004,0.0
2024-10-08,0.004,0.0
2024-10-09,0.021,0.0
2024-10-10,0.0,0.0
2024-10-11,0.0,0.0
2024-10-12,0.013,0.0
2024-10-13,0.004,0.0
2024-10-14,0.004,0.0
2024-10-15,0.0,0.0
2024-10-16,0.0,0.125
2024-10-17,0.067,16.3958333333333
2024-10-18,1.254,37.0833333333333
2024-10-19,2.312,33.8333333333333
2024-10-20,2.496,27.4166666666667
2024-10-21,2.6,22.8333333333333
2024-10-22,2.708,23.0833333333333
2024-10-23,3.087,25.875
2024-10-24,3.567,29.9375
2024-10-25,4.029,31.9583333333333
2024-10-26,4.183,29.7916666666667
2024-10-27,4.287,28.5833333333333
2024-10-28,4.371,27.2083333333333
2024-10-29,4.479,28.0833333333333
2024-10-30,4.787,31.1666666666667
2024-10-31,5.088,30.0833333333333
2024-11-01,5.183,29.25
2024-11-02,5.2,28.0416666666667
2024-11-03,5.217,29.125
2024-11-04,5.292,28.2083333333333
2024-11-05,5.392,30.2083333333333
2024-11-06,5.819,35.1041666666667
2024-11-07,7.267,37.4375
2024-11-08,7.979,44.9166666666667
2024-11-09,8.283,41.5833333333333
2024-11-10,8.412,39.3333333333333
2024-11-11,8.583,42.8333333333333
2024-11-12,8.754,41.6666666666667
2024-11-13,8.863,40.0
2024-11-14,8.917,40.3333333333333
2024-11-15,9.162,45.5416666666667
2024-11-16,9.475,47.1666666666667
2024-11-17,9.583,44.3333333333333
2024-11-18,9.662,42.875
2024-11-19,9.767,41.5
2024-11-20,9.917,40.9583333333333
2024-11-21,9.992,40.0833333333333
2024-11-22,10.033,39.6666666666667
2024-11-23,10.1,39.5
2024-11-24,10.133,38.5
2024-11-25,10.192,39.3333333333333
2024-11-26,10.196,40.375
2024-11-27,10.246,43.0416666666667
2024-11-28,10.371,44.8333333333333
2024-11-29,10.471,44.1666666666667
2024-11-30,10.537,43.6666666666667
2024-12-01,10.667,45.3333333333333
2024-12-02,11.275,54.9583333333333
2024-12-03,12.325,61.375
2024-12-04,13.125,61.7916666666667
2024-12-05,13.417,56.1666666666667
2024-12-06,13.625,53.5833333333333
2024-12-07,13.996,53.0
2024-12-08,14.146,52.0416666666667
2024-12-09,14.113,52.6666666666667
2024-12-10,14.162,52.0416666666667
2024-12-11,14.2,51.75
2024-12-12,14.2,51.8333333333333
2024-12-13,14.229,50.5
2024-12-14,14.213,51.2916666666667
2024-12-15,14.2,51.8333333333333
2024-12-16,14.225,53.0
2024-12-17,14.329,56.1666666666667
2024-12-18,14.433,55.2083333333333
2024-12-19,14.525,55.1666666666667
2024-12-20,14.596,55.125
2024-12-21,14.654,56.0
2024-12-22,14.721,55.6666666666667
2024-12-23,14.767,56.625
2024-12-24,14.808,57.625
2024-12-25,14.942,61.0
2024-12-26,15.108,62.1666666666667
2024-12-27,15.3,62.375
2024-12-28,15.429,61.2916666666667
2024-12-29,15.521,61.0
2024-12-30,15.592,60.875
2024-12-31,15.675,60.0
2025-01-01,15.754,58.9583333333333
2025-01-02,15.8,59.5
2025-01-03,15.8,60.1666666666667
2025-01-04,15.883,63.8333333333333
2025-01-05,16.05,64.9583333333333
2025-01-06,16.321,66.875
2025-01-07,16.875,71.0833333333333
2025-01-08,17.317,71.2083333333333
2025-01-09,17.854,77.9166666666667
2025-01-10,19.275,87.5
2025-01-11,20.033,84.625
2025-01-12,20.292,83.5833333333333
2025-01-13,20.404,84.2083333333333
2025-01-14,21.042,97.125
2025-01-15,21.979,98.4166666666667
2025-01-16,22.275,95.9583333333333
2025-01-17,22.483,93.5833333333333
2025-01-18,22.6,91.1666666666667
2025-01-19,22.663,90.2083333333333
2025-01-20,22.717,91.9166666666667
2025-01-21,22.871,91.9583333333333
2025-01-22,23.058,93.5833333333333
2025-01-23,23.292,96.0
2025-01-24,23.546,95.0
2025-01-25,23.7,93.8333333333333
2025-01-26,23.779,92.6666666666667
2025-01-27,23.9,95.9166666666667
2025-01-28,24.383,99.9166666666667
2025-01-29,24.675,98.9166666666667
2025-01-30,24.863,98.6666666666667
2025-01-31,24.946,97.3333333333333
2025-02-01,25.0,96.125
2025-02-02,25.012,95.4583333333333
2025-02-03,25.042,94.625
2025-02-04,25.092,95.0416666666667
2025-02-05,25.1,93.8333333333333
2025-02-06,25.1,93.4583333333333
2025-02-07,25.1,92.75
2025-02-08,25.117,92.375
2025-02-09,25.192,92.0833333333333
2025-02-10,25.308,91.7916666666667
2025-02-11,25.413,91.7083333333333
2025-02-12,25.496,92.0833333333333
2025-02-13,25.504,93.625
2025-02-14,25.525,94.4583333333333
2025-02-15,25.587,93.9583333333333
2025-02-16,25.608,93.9166666666667
2025-02-17,25.621,93.9166666666667
2025-02-18,25.617,93.7083333333333
2025-02-19,25.642,94.375
2025-02-20,25.692,95.5833333333333
2025-02-21,25.733,98.1666666666667
2025-02-22,25.812,97.9166666666667
2025-02-23,25.896,96.9583333333333
2025-02-24,25.967,98.9166666666667
2025-02-25,26.096,101.0
2025-02-26,26.425,104.458333333333
2025-02-27,27.292,112.291666666667
2025-02-28,27.683,112.0
2025-03-01,27.958,110.416666666667
2025-03-02,28.108,108.583333333333
2025-03-03,28.212,106.958333333333
2025-03-04,28.283,104.708333333333
2025-03-05,28.3,104.291666666667
2025-03-06,28.337,106.833333333333
2025-03-07,28.433,109.75
2025-03-08,28.667,111.708333333333
2025-03-09,28.85,109.416666666667
2025-03-10,28.942,108.958333333333
2025-03-11,29.0,108.916666666667
2025-03-12,29.021,107.75
2025-03-13,29.1,107.583333333333
2025-03-14,29.1,107.291666666667
2025-03-15,29.1,106.541666666667
2025-03-16,29.108,105.5
2025-03-17,29.1,106.291666666667
2025-03-18,29.204,113.5
2025-03-19,29.312,111.916666666667
2025-03-20,29.396,110.25
2025-03-21,29.479,107.875
2025-03-22,29.5,106.666666666667
2025-03-23,29.654,105.208333333333
2025-03-24,29.7,107.5
2025-03-25,29.804,105.625
2025-03-26,29.908,102.958333333333
2025-03-27,30.2,101.416666666667
2025-03-28,30.571,100.708333333333
2025-03-29,30.712,100.416666666667
2025-03-30,30.708,100.541666666667
2025-03-31,30.717,100.166666666667
2025-04-01,30.692,99.625
2025-04-02,30.688,99.0833333333333
2025-04-03,30.658,99.0833333333333
2025-04-04,30.646,98.375
2025-04-05,30.625,96.4166666666667
2025-04-06,30.6,94.625
2025-04-07,30.546,92.5833333333333
2025-04-08,30.454,91.0
2025-04-09,30.304,90.0833333333333
2025-04-10,30.296,89.0833333333333
2025-04-11,30.258,89.4166666666667
2025-04-12,30.233,87.4583333333333
2025-04-13,30.2,86.0
2025-04-14,30.2,87.875
2025-04-15,30.2,86.125
2025-04-16,30.196,85.25
2025-04-17,30.2,84.625
2025-04-18,30.2,84.0
2025-04-19,30.2,82.1666666666667
2025-04-20,30.163,79.5833333333333
2025-04-21,30.104,78.4166666666667
2025-04-22,30.075,76.2083333333333
2025-04-23,29.779,73.4166666666667
2025-04-24,28.929,70.5833333333333
2025-04-25,27.983,67.9166666666667
2025-04-26,26.696,65.0416666666667
2025-04-27,25.625,62.0
2025-04-28,24.942,61.1666666666667
2025-04-29,24.183,59.9583333333333
2025-04-30,23.404,58.25
2025-05-01,22.979,58.0416666666667
2025-05-02,22.675,55.2916666666667
2025-05-03,21.704,51.9583333333333
2025-05-04,20.288,49.6666666666667
2025-05-05,19.375,47.0416666666667
2025-05-06,18.783,44.3333333333333
2025-05-07,17.875,41.9166666666667
2025-05-08,16.663,38.0416666666667
2025-05-09,15.292,35.4166666666667
2025-05-10,14.571,33.8333333333333
2025-05-11,13.167,29.6666666666667
2025-05-12,11.467,25.3333333333333
2025-05-13,10.208,22.0833333333333
2025-05-14,8.596,17.75
2025-05-15,7.213,15.25
2025-05-16,5.263,11.125
2025-05-17,2.928,4.95833333333333
2025-05-18,0.92,0.0
2025-05-19,0.0,0.0
2025-05-20,0.0,0.0
2025-05-21,0.0,0.0
2025-05-22,0.0,0.0
2025-05-23,0.0,0.0
2025-05-24,0.0,0.0
2025-05-25,0.0,0.0
2025-05-26,0.0,0.0
2025-05-27,0.0,0.0
2025-05-28,0.0,0.0
2025-05-29,0.0,0.0
2025-05-30,0.0,0.0
2025-05-31,0.0,0.0
2025-06-01,0.0,0.0
2025-06-02,0.0,0.0
2025-06-03,0.0,0.0
2025-06-04,0.0,0.0
2025-06-05,0.0,0.0
2025-06-06,0.0,0.0
2025-06-07,0.0,0.0
2025-06-08,0.0,0.0
2025-06-09,0.0,0.0
2025-06-10,0.0,0.0
2025-06-11,0.0,0.0
2025-06-12,0.0,0.0
2025-06-13,0.0,0.0
2025-06-14,0.0,0.0
2025-06-15,0.0,0.0
2025-06-16,0.0,0.0
2025-06-17,0.0,0.0
2025-06-18,0.0,0.0
2025-06-19,0.0,0.0
2025-06-20,0.0,0.0
2025-06-21,0.0,0.0
2025-06-22,0.0,0.0
2025-06-23,0.0,0.0
2025-06-24,0.0,0.0
2025-06-25,0.0,0.0
2025-06-26,0.0,0.0
2025-06-27,0.0,0.0
2025-06-28,0.0,0.0
2025-06-29,0.0,0.0
2025-06-30,0.0,0.0
2025-07-01,0.0,0.0
2025-07-02,0.0,0.0
2025-07-03,0.0,0.0
2025-07-04,0.0,0.0
2025-07-05,0.0,0.0
2025-07-06,0.0,0.0
2025-07-07,0.0,0.0
2025-07-08,0.0,0.0
2025-07-09,0.0,0.0
2025-07-10,0.0,0.0
2025-07-11,0.0,0.0
2025-07-12,0.0,0.0
2025-07-13,0.0,0.0
2025-07-14,0.0,0.0
2025-07-15,0.0,0.0
2025-07-16,0.0,0.0
2025-07-17,0.0,0.0
2025-07-18,0.0,0.0
2025-07-19,0.0,0.0
2025-07-20,0.0,0.0
2025-07-21,0.0,0.0
2025-07-22,0.0,0.0
2025-07-23,0.0,0.0
2025-07-24,0.0,0.0
2025-07-25,0.0,0.0
2025-07-26,0.0,0.0
2025-07-27,0.0,0.0
2025-07-28,0.0,0.0
2025-07-29,0.0,0.0
2025-07-30,0.0,0.0
2025-07-31,0.0,0.0
2025-08-01,0.0,0.0
2025-08-02,0.0,0.0
2025-08-03,0.0,0.0
2025-08-04,0.0,0.0
2025-08-05,0.0,0.0
2025-08-06,0.0,0.0
2025-08-07,0.0,0.0
2025-08-08,0.0,0.0
2025-08-09,0.0,0.0
2025-08-10,0.0,0.0
2025-08-11,0.0,0.0
2025-08-12,0.0,0.0
2025-08-13,0.0,0.0
2025-08-14,0.0,0.0
2025-08-15,0.0,0.0
2025-08-16,0.0,0.0
2025-08-17,0.0,0.0
2025-08-18,0.0,0.0
2025-08-19,0.0,0.0
2025-08-20,0.0,0.0
2025-08-21,0.0,0.0
2025-08-22,0.0,0.0
2025-08-23,0.0,0.0
2025-08-24,0.0,0.0
2025-08-25,0.0,0.0
2025-08-26,0.0,0.0
2025-08-27,0.0,0.0
2025-08-28,0.0,0.0
2025-08-29,0.0,0.0
2025-08-30,0.0,0.0
2025-08-31,0.0,0.0
2025-09-01,0.0,0.0
2025-09-02,0.0,0.0
2025-09-03,0.0,0.0
2025-09-04,0.0,0.0
2025-09-05,0.0,0.0
2025-09-06,0.0,0.0
2025-09-07,0.0,0.0
2025-09-08,0.0,0.0
2025-09-09,0.0,0.0
2025-09-10,0.0,0.0
2025-09-11,0.0,0.0
2025-09-12,0.0,0.0
2025-09-13,0.0,0.0
2025-09-14,0.0,0.0
2025-09-15,0.0,0.0
2025-09-16,0.0,0.0
2025-09-17,0.0,0.0
2025-09-18,0.0,0.0
2025-09-19,0.0,0.0
2025-09-20,0.0,0.0
2025-09-21,0.0,0.0
2025-09-22,0.0,0.0
2025-09-23,0.0,0.0
2025-09-24,0.0,0.0
2025-09-25,0.0,0.0
2025-09-26,0.0,0.0
2025-09-27,0.0,0.0
2025-09-28,0.0,0.0
2025-09-29,0.0,0.0
2025-09-30,0.0,0.0
2025-10-01,0.0,
2025-10-02,0.0,0.541666666666667
2025-10-03,0.0,0.625
2025-10-04,0.0,0.5
2025-10-05,0.0,1.0
2025-10-06,0.0,0.833333333333333
2025-10-07,0.0,0.875
2025-10-08,0.0,0.5
2025-10-09,0.0,0.0833333333333333
2025-10-10,0.0,0.291666666666667
2025-10-11,0.0,0.0416666666666667
2025-10-12,0.0,0.458333333333333
2025-10-13,0.0,0.958333333333333
2025-10-14,0.0,1.0
2025-10-15,0.0,0.833333333333333
2025-10-16,0.0,0.625
2025-10-17,0.0,0.833333333333333
2025-10-18,0.0,0.958333333333333
2025-10-19,0.0,0.708333333333333
2025-10-20,0.0,0.875
2025-10-21,0.0,0.958333333333333
2025-10-22,0.0,0.833333333333333
2025-10-23,0.0,0.708333333333333
2025-10-24,0.0,0.916666666666667
2025-10-25,0.0,0.708333333333333
2025-10-26,0.0,1.16666666666667
2025-10-27,0.0,0.833333333333333
2025-10-28,0.0,0.541666666666667
2025-10-29,0.0,2.29166666666667
2025-10-30,0.008,7.875
2025-10-31,0.1,8.20833333333333
2025-11-01,0.217,9.35416666666667
2025-11-02,0.625,14.6666666666667
2025-11-03,0.938,14.2916666666667
2025-11-04,1.012,12.5833333333333
2025-11-05,1.1,12.375
2025-11-06,1.146,12.7916666666667
2025-11-07,1.192,12.4583333333333
2025-11-08,1.279,12.125
2025-11-09,2.304,30.1666666666667
2025-11-10,4.471,45.6666666666667
2025-11-11,5.046,45.125
2025-11-12,5.383,44.4583333333333
2025-11-13,5.412,40.2916666666667
2025-11-14,5.504,37.7916666666667
2025-11-15,5.704,39.7916666666667
2025-11-16,6.021,36.4583333333333
2025-11-17,6.1,36.8333333333333
2025-11-18,6.508,40.375
2025-11-19,6.783,39.7083333333333
2025-11-20,7.392,48.9583333333333
2025-11-21,8.358,55.1666666666667
2025-11-22,8.733,53.6666666666667
2025-11-23,9.004,51.0416666666667
2025-11-24,9.104,47.2916666666667
2025-11-25,9.158,44.875
2025-11-26,9.196,41.875
2025-11-27,9.2,42.375
2025-11-28,9.213,43.375
2025-11-29,9.292,42.25
2025-11-30,9.3,42.25
2025-12-01,9.387,42.625
2025-12-02,9.546,40.875
2025-12-03,9.629,40.875
2025-12-04,9.708,39.625
2025-12-05,9.804,42.375
2025-12-06,9.938,54.875
2025-12-07,10.379,61.7083333333333
2025-12-08,10.771,62.3333333333333
2025-12-09,10.958,59.9166666666667
2025-12-10,11.096,58.4166666666667
2025-12-11,11.15,57.0833333333333
2025-12-12,11.429,55.9166666666667
2025-12-13,11.579,56.375
2025-12-14,11.671,59.25
2025-12-15,11.767,63.6666666666667
2025-12-16,12.229,66.7916666666667
2025-12-17,12.671,68.7916666666667
2025-12-18,12.875,68.5416666666667
2025-12-19,12.983,67.5
2025-12-20,13.05,67.0
2025-12-21,13.137,66.25
2025-12-22,13.204,66.0
2025-12-23,13.213,65.375
2025-12-24,13.292,65.125
2025-12-25,13.304,65.1666666666667
2025-12-26,13.279,64.7916666666667
2025-12-27,13.296,67.375
2025-12-28,14.067,85.0833333333333
2025-12-29,16.142,98.875
2025-12-30,17.413,109.291666666667
2025-12-31,18.35,116.583333333333
2026-01-01,18.775,116.958333333333
2026-01-02,18.933,113.5
2026-01-03,19.054,111.666666666667
2026-01-04,19.117,109.375
2026-01-05,19.242,111.0
2026-01-06,19.517,115.25
2026-01-07,19.725,111.5
2026-01-08,19.863,109.083333333333
2026-01-09,20.225,112.541666666667
2026-01-10,21.387,120.625
2026-01-11,22.292,122.666666666667
2026-01-12,22.871,122.958333333333
2026-01-13,23.812,122.395833333333
2026-01-14,26.046,128.416666666667
2026-01-15,27.083,126.0
2026-01-16,27.525,122.958333333333
2026-01-17,27.783,119.375
2026-01-18,28.029,116.041666666667
2026-01-19,28.129,115.333333333333
2026-01-20,28.387,114.541666666667
2026-01-21,28.417,113.833333333333
2026-01-22,28.512,112.958333333333
2026-01-23,28.633,111.958333333333
2026-01-24,28.692,111.583333333333
2026-01-25,28.7,110.916666666667
2026-01-26,28.7,113.708333333333
2026-01-27,28.829,119.5
2026-01-28,29.146,120.625
2026-01-29,29.312,118.625
2026-01-30,29.479,119.708333333333
2026-01-31,29.592,120.458333333333
2026-02-01,29.721,119.958333333333
2026-02-02,29.817,120.166666666667
2026-02-03,30.1,123.375
2026-02-04,30.717,125.708333333333
2026-02-05,31.208,122.125
2026-02-06,31.454,118.708333333333
2026-02-07,31.587,120.166666666667
2026-02-08,31.883,124.958333333333
2026-02-09,32.354,125.5
2026-02-10,32.858,128.583333333333
2026-02-11,33.454,130.916666666667
2026-02-12,33.908,131.416666666667
2026-02-13,34.337,132.708333333333
2026-02-14,34.754,131.916666666667
2026-02-15,34.975,131.541666666667
2026-02-16,35.146,130.541666666667
2026-02-17,35.217,129.458333333333
2026-02-18,35.337,128.041666666667
2026-02-19,35.413,128.041666666667
2026-02-20,35.413,129.0
2026-02-21,35.417,128.125
2026-02-22,35.55,127.583333333333
2026-02-23,35.654,126.875
2026-02-24,35.696,128.041666666667
2026-02-25,35.75,134.916666666667
2026-02-26,35.825,137.458333333333
2026-02-27,36.075,135.041666666667
2026-02-28,36.296,134.208333333333
2026-03-01,36.417,134.041666666667
2026-03-02,36.529,133.291666666667
2026-03-03,36.708,137.791666666667
2026-03-04,37.275,147.458333333333
2026-03-05,38.087,158.913043478261
2026-03-06,39.008,159.625
2026-03-07,39.567,159.458333333333
2026-03-08,39.962,159.791666666667
2026-03-09,40.388,158.541666666667
2026-03-10,40.538,156.375
2026-03-11,40.612,154.458333333333
2026-03-12,40.663,152.666666666667
2026-03-13,40.725,151.041666666667
2026-03-14,40.8,150.0
2026-03-15,40.854,149.541666666667
2026-03-16,41.046,153.458333333333
2026-03-17,41.354,157.291666666667
2026-03-18,41.925,159.75
2026-03-19,42.308,160.166666666667
2026-03-20,42.808,162.208333333333
2026-03-21,42.987,160.166666666667
2026-03-22,43.125,159.291666666667
2026-03-23,43.196,158.458333333333
2026-03-24,43.242,156.458333333333
2026-03-25,43.242,154.75
2026-03-26,43.258,153.375
2026-03-27,43.304,152.416666666667
2026-03-28,43.333,151.416666666667
2026-03-29,43.375,150.041666666667
2026-03-30,43.396,149.666666666667
2026-03-31,43.4,149.041666666667
2026-04-01,43.4,148.791666666667
2026-04-02,43.4,147.958333333333
2026-04-03,43.379,147.625
2026-04-04,43.329,146.791666666667
2026-04-05,43.362,146.208333333333
2026-04-06,43.442,147.125
2026-04-07,43.425,144.25
2026-04-08,43.587,145.333333333333
2026-04-09,43.675,144.5
2026-04-10,43.721,143.541666666667
2026-04-11,43.892,142.583333333333
2026-04-12,43.996,141.791666666667
2026-04-13,44.0,142.125
2026-04-14,44.096,141.291666666667
2026-04-15,44.175,141.208333333333
2026-04-16,44.2,141.041666666667
2026-04-17,44.258,142.333333333333
2026-04-18,44.367,141.458333333333
2026-04-19,44.4,140.875
2026-04-20,44.508,140.5
2026-04-21,44.825,140.583333333333
2026-04-22,45.067,138.041666666667
2026-04-23,45.183,137.083333333333
2026-04-24,45.317,135.625
2026-04-25,45.467,131.916666666667
2026-04-26,45.404,127.875
2026-04-27,44.967,125.083333333333
2026-04-28,44.167,123.0
2026-04-29,43.3,120.5
2026-04-30,41.767,114.833333333333
2026-05-01,39.754,109.166666666667
2026-05-02,38.383,104.708333333333
2026-05-03,36.163,99.5
2026-05-04,34.258,93.75
2026-05-05,31.946,87.5
2026-05-06,29.467,81.5
2026-05-07,27.633,76.4166666666667
2026-05-08,26.462,73.0416666666667
2026-05-09,25.387,69.1666666666667
2026-05-10,23.846,66.0833333333333
2026-05-11,21.863,61.5416666666667
2026-05-12,20.004,56.875
2026-05-13,17.917,52.125
2026-05-14,15.333,47.5
2026-05-15,12.821,43.0416666666667
2026-05-16,10.342,37.9583333333333
2026-05-17,8.121,34.5416666666667
2026-05-18,6.571,31.6666666666667
2026-05-19,4.367,27.5
2026-05-20,2.692,23.7916666666667
2026-05-21,1.812,18.8333333333333
2026-05-22,1.371,13.375
2026-05-23,1.071,8.04166666666667
2026-05-24,0.908,3.0
2026-05-25,0.867,
2026-05-26,0.796,0.208333333333333
2026-05-27,0.7,0.5
2026-05-28,0.675,0.166666666666667
2026-05-29,0.625,0.375
2026-05-30,0.554,0.375
2026-05-31,0.529,0.5
2026-06-01,0.479,0.0416666666666667
2026-06-02,0.487,
2026-06-03,0.508,
2026-06-04,0.492,0.375
2026-06-05,0.479,0.666666666666667
2026-06-06,0.463,0.791666666666667
2026-06-07,0.458,0.75
2026-06-08,0.458,0.291666666666667
2026-06-09,0.471,0.0833333333333333
2026-06-10,0.479,0.5
2026-06-11,0.429,0.166666666666667
2026-06-12,0.383,0.125
2026-06-13,0.367,0.5
2026-06-14,0.375,0.75
2026-06-15,0.438,0.75
2026-06-16,0.412,0.333333333333333
2026-06-17,0.358,0.958333333333333
2026-06-18,0.342,0.833333333333333
2026-06-19,0.438,0.875
2026-06-20,0.45,0.0
2026-06-21,0.463,0.0416666666666667
2026-06-22,0.433,0.375
2026-06-23,0.429,0.791666666666667
2026-06-24,0.379,0.583333333333333
2026-06-25,0.267,0.458333333333333
2026-06-26,0.237,0.666666666666667
2026-06-27,0.275,0.708333333333333
2026-06-28,0.204,0.666666666666667
2026-06-29,0.163,0.291666666666667
2026-06-30,0.158,0.583333333333333
2026-07-01,0.158,0.416666666666667
2026-07-02,0.104,0.833333333333333
2026-07-03,0.087,0.708333333333333
2026-07-04,0.108,0.625
2026-07-05,0.1,0.625
2026-07-06,0.117,0.833333333333333
2026-07-07,0.138,0.625
2026-07-08,0.113,0.916666666666667
2026-07-09,0.108,0.5
2026-07-10,0.154,0.791666666666667
2026-07-11,0.167,0.708333333333333
2026-07-12,0.138,1.04166666666667
2026-07-13,0.087,0.791666666666667
2026-07-14,0.071,0.458333333333333
2026-07-15,0.092,0.875
2026-07-16,0.096,0.208333333333333
2026-07-17,0.117,0.0
2026-07-18,0.125,0.666666666666667
2026-07-19,0.071,0.125
2026-07-20,0.092,0.0
2026-07-21,0.029,0.291666666666667
2026-07-22,0.0,0.666666666666667
2026-07-23,0.021,0.958333333333333
2026-07-24,,0.791666666666667
2026-07-25,0.008,0.583333333333333
2026-07-26,,0.125
2026-07-27,0.008,0.541666666666667
2026-07-28,0.021,
2026-07-29,0.004,0.625
2026-07-30,0.025,0.0833333333333333
2026-07-31,0.1,
