date,wteq_cm,snwd_cm
1988-10-08,1.462,
1988-10-09,2.062,
1988-10-10,2.663,
1988-10-11,3.263,
1988-10-12,3.994,
1988-10-13,4.588,
1988-10-14,4.787,
1988-10-15,5.075,
1988-10-16,5.431,
1988-10-17,5.994,
1988-10-18,6.498,
1988-10-19,6.494,
1988-10-20,6.491,
1988-10-21,6.487,
1988-10-22,6.483,
1988-10-23,6.479,
1988-10-24,6.475,
1988-10-25,6.471,
1988-10-26,6.468,
1988-10-27,6.464,
1988-10-28,6.46,
1988-10-29,6.456,
1988-10-30,6.452,
1988-10-31,6.448,
1988-11-01,6.444,
1988-11-02,6.441,
1988-11-03,6.437,
1988-11-04,6.433,
1988-11-05,6.429,
1988-11-06,6.425,
1988-11-07,6.421,
1988-11-08,6.418,
1988-11-09,6.414,
1988-11-10,6.41,
1988-11-11,6.406,
1988-11-12,6.402,
1988-11-13,6.378,
1988-11-14,6.328,
1988-11-15,6.278,
1988-11-16,6.228,
1988-11-17,6.112,
1988-11-18,5.956,
1988-11-19,5.915,
1988-11-20,5.948,
1988-11-21,5.981,
1988-11-22,6.063,
1988-11-23,6.208,
1988-11-24,6.352,
1988-11-25,6.497,
1988-11-26,6.641,
1988-11-27,6.785,
1988-11-28,6.93,
1988-11-29,7.074,
1988-11-30,7.219,
1988-12-01,7.388,
1988-12-02,7.588,
1988-12-03,7.831,
1988-12-04,8.175,
1988-12-05,8.342,
1988-12-06,8.208,
1988-12-07,8.075,
1988-12-08,8.015,
1988-12-09,8.048,
1988-12-10,8.081,
1988-12-11,8.144,
1988-12-12,8.244,
1988-12-13,8.431,
1988-12-14,8.731,
1988-12-15,9.162,
1988-12-16,9.675,
1988-12-17,9.867,
1988-12-18,9.792,
1988-12-19,9.717,
1988-12-20,9.642,
1988-12-21,9.556,
1988-12-22,9.412,
1988-12-23,9.169,
1988-12-24,8.956,
1988-12-25,8.907,
1988-12-26,8.924,
1988-12-27,8.941,
1988-12-28,8.957,
1988-12-29,8.974,
1988-12-30,8.991,
1988-12-31,9.007,
1989-01-01,9.024,
1989-01-02,9.041,
1989-01-03,9.057,
1989-01-04,9.074,
1989-01-05,9.091,
1989-01-06,9.107,
1989-01-07,9.124,
1989-01-08,9.141,
1989-01-09,9.157,
1989-01-10,9.174,
1989-01-11,9.191,
1989-01-12,9.55,
1989-01-13,10.088,
1989-01-14,10.287,
1989-01-15,10.415,
1989-01-16,10.448,
1989-01-17,10.481,
1989-01-18,10.588,
1989-01-19,10.787,
1989-01-20,10.988,
1989-01-21,11.275,
1989-01-22,11.544,
1989-01-23,11.688,
1989-01-24,11.975,
1989-01-25,12.55,
1989-01-26,13.088,
1989-01-27,13.637,
1989-01-28,14.244,
1989-01-29,14.387,
1989-01-30,14.5,
1989-01-31,14.631,
1989-02-01,14.822,
1989-02-02,14.872,
1989-02-03,14.911,
1989-02-04,14.936,
1989-02-05,14.961,
1989-02-06,14.986,
1989-02-07,15.044,
1989-02-08,15.144,
1989-02-09,15.244,
1989-02-10,15.344,
1989-02-11,15.444,
1989-02-12,15.719,
1989-02-13,16.131,
1989-02-14,16.309,
1989-02-15,16.329,
1989-02-16,16.349,
1989-02-17,16.369,
1989-02-18,16.389,
1989-02-19,16.415,
1989-02-20,16.448,
1989-02-21,16.481,
1989-02-22,16.631,
1989-02-23,16.829,
1989-02-24,16.896,
1989-02-25,16.962,
1989-02-26,17.0,
1989-02-27,17.0,
1989-02-28,17.087,
1989-03-01,17.331,
1989-03-02,17.544,
1989-03-03,17.6,
1989-03-04,17.644,
1989-03-05,17.744,
1989-03-06,17.8,
1989-03-07,17.844,
1989-03-08,17.9,
1989-03-09,17.9,
1989-03-10,17.988,
1989-03-11,18.188,
1989-03-12,18.344,
1989-03-13,18.444,
1989-03-14,18.544,
1989-03-15,18.6,
1989-03-16,18.644,
1989-03-17,18.7,
1989-03-18,18.7,
1989-03-19,18.7,
1989-03-20,18.788,
1989-03-21,19.031,
1989-03-22,19.2,
1989-03-23,19.2,
1989-03-24,19.2,
1989-03-25,19.2,
1989-03-26,19.2,
1989-03-27,19.288,
1989-03-28,19.444,
1989-03-29,19.587,
1989-03-30,19.744,
1989-03-31,19.844,
1989-04-01,19.944,
1989-04-02,20.044,
1989-04-03,20.144,
1989-04-04,20.2,
1989-04-05,20.2,
1989-04-06,20.244,
1989-04-07,20.3,
1989-04-08,20.3,
1989-04-09,20.344,
1989-04-10,20.488,
1989-04-11,20.644,
1989-04-12,20.7,
1989-04-13,20.7,
1989-04-14,20.7,
1989-04-15,20.656,
1989-04-16,20.6,
1989-04-17,20.6,
1989-04-18,20.6,
1989-04-19,20.556,
1989-04-20,20.5,
1989-04-21,20.5,
1989-04-22,20.325,
1989-04-23,20.1,
1989-04-24,20.1,
1989-04-25,20.1,
1989-04-26,20.319,
1989-04-27,20.6,
1989-04-28,20.512,
1989-04-29,20.312,
1989-04-30,20.025,
1989-05-01,19.581,
1989-05-02,19.081,
1989-05-03,18.581,
1989-05-04,18.081,
1989-05-05,17.275,
1989-05-06,16.075,
1989-05-07,14.875,
1989-05-08,13.675,
1989-05-09,12.475,
1989-05-10,11.516,
1989-05-11,10.866,
1989-05-12,10.227,
1989-05-13,9.345,
1989-05-14,7.959,
1989-05-15,6.265,
1989-05-16,4.46,
1989-05-17,2.742,
1989-05-18,1.306,
1989-05-19,0.351,
1989-05-20,0.0,
1989-05-21,0.0,
1989-05-22,0.0,
1989-05-23,0.0,
1989-05-24,0.0,
1989-05-25,0.0,
1989-05-26,0.0,
1989-05-27,0.0,
1989-05-28,0.0,
1989-05-29,0.0,
1989-05-30,0.0,
1989-05-31,0.0,
1989-06-01,0.0,
1989-06-02,0.0,
1989-06-03,0.0,
1989-06-04,0.0,
1989-06-05,0.0,
1989-06-06,0.0,
1989-06-07,0.0,
1989-06-08,0.0,
1989-06-09,0.0,
1989-06-10,0.0,
1989-06-11,0.0,
1989-06-12,0.0,
1989-06-13,0.0,
1989-06-14,0.0,
1989-06-15,0.0,
1989-06-16,0.0,
1989-06-17,0.0,
1989-06-18,0.0,
1989-06-19,0.0,
1989-06-20,0.0,
1989-06-21,0.0,
1989-06-22,0.0,
1989-06-23,0.0,
1989-06-24,0.0,
1989-06-25,0.0,
1989-06-26,0.0,
1989-06-27,0.0,
1989-06-28,0.0,
1989-06-29,0.0,
1989-06-30,0.0,
1989-07-01,0.0,
1989-07-02,0.0,
1989-07-03,0.0,
1989-07-04,0.0,
1989-07-05,0.0,
1989-07-06,0.0,
1989-07-07,0.0,
1989-07-08,0.0,
1989-07-09,0.0,
1989-07-10,0.0,
1989-07-11,0.0,
1989-07-12,0.0,
1989-07-13,0.0,
1989-07-14,0.0,
1989-07-15,0.0,
1989-07-16,0.0,
1989-07-17,0.0,
1989-07-18,0.0,
1989-07-19,0.0,
1989-07-20,0.0,
1989-07-21,0.0,
1989-07-22,0.0,
1989-07-23,0.0,
1989-07-24,0.0,
1989-07-25,0.0,
1989-07-26,0.0,
1989-07-27,0.0,
1989-07-28,0.0,
1989-07-29,0.0,
1989-07-30,0.0,
1989-07-31,0.0,
1989-08-01,0.0,
1989-08-02,0.0,
1989-08-03,0.0,
1989-08-04,0.0,
1989-08-05,0.0,
1989-08-06,0.0,
1989-08-07,0.0,
1989-08-08,0.0,
1989-08-09,0.0,
1989-08-10,0.0,
1989-08-11,0.0,
1989-08-12,0.0,
1989-08-13,0.0,
1989-08-14,0.0,
1989-08-15,0.0,
1989-08-16,0.0,
1989-08-17,0.0,
1989-08-18,0.0,
1989-08-19,0.0,
1989-08-20,0.0,
1989-08-21,0.0,
1989-08-22,0.0,
1989-08-23,0.0,
1989-08-24,0.0,
1989-08-25,0.0,
1989-08-26,0.0,
1989-08-27,0.0,
1989-08-28,0.0,
1989-08-29,0.0,
1989-08-30,0.0,
1989-08-31,0.0,
1989-09-01,0.0,
1989-09-02,0.0,
1989-09-03,0.0,
1989-09-04,0.0,
1989-09-05,0.0,
1989-09-06,0.0,
1989-09-07,0.0,
1989-09-08,0.0,
1989-09-09,0.0,
1989-09-10,0.0,
1989-09-11,0.0,
1989-09-12,0.0,
1989-09-13,0.0,
1989-09-14,0.0,
1989-09-15,0.0,
1989-09-16,0.0,
1989-09-17,0.0,
1989-09-18,0.0,
1989-09-19,0.0,
1989-09-20,0.0,
1989-09-21,0.0,
1989-09-22,0.0,
1989-09-23,0.0,
1989-09-24,0.0,
1989-09-25,0.0,
1989-09-26,0.0,
1989-09-27,0.0,
1989-09-28,0.0,
1989-09-29,0.0,
1989-09-30,0.0,
1989-10-01,0.0,
1989-10-02,0.0,
1989-10-03,0.0,
1989-10-04,0.0,
1989-10-05,0.0,
1989-10-06,0.0,
1989-10-07,0.0,
1989-10-08,0.0,
1989-10-09,0.0,
1989-10-10,0.0,
1989-10-11,0.0,
1989-10-12,0.0,
1989-10-13,0.0,
1989-10-14,0.0,
1989-10-15,0.0,
1989-10-16,0.0,
1989-10-17,0.0,
1989-10-18,0.0,
1989-10-19,0.0,
1989-10-20,0.0,
1989-10-21,0.0,
1989-10-22,0.0,
1989-10-23,0.219,
1989-10-24,0.762,
1989-10-25,1.166,
1989-10-26,1.316,
1989-10-27,1.466,
1989-10-28,1.616,
1989-10-29,1.744,
1989-10-30,1.844,
1989-10-31,1.944,
1989-11-01,2.044,
1989-11-02,2.231,
1989-11-03,2.444,
1989-11-04,2.763,
1989-11-05,3.117,
1989-11-06,3.157,
1989-11-07,3.197,
1989-11-08,3.237,
1989-11-09,3.278,
1989-11-10,3.475,
1989-11-11,3.831,
1989-11-12,4.036,
1989-11-13,4.12,
1989-11-14,4.203,
1989-11-15,4.286,
1989-11-16,4.37,
1989-11-17,4.453,
1989-11-18,4.588,
1989-11-19,4.715,
1989-11-20,4.748,
1989-11-21,4.781,
1989-11-22,5.019,
1989-11-23,5.344,
1989-11-24,5.444,
1989-11-25,5.588,
1989-11-26,5.744,
1989-11-27,5.844,
1989-11-28,5.944,
1989-11-29,6.044,
1989-11-30,6.144,
1989-12-01,6.2,
1989-12-02,6.331,
1989-12-03,6.511,
1989-12-04,6.536,
1989-12-05,6.561,
1989-12-06,6.586,
1989-12-07,6.626,
1989-12-08,6.686,
1989-12-09,6.746,
1989-12-10,6.806,
1989-12-11,6.866,
1989-12-12,6.987,
1989-12-13,7.931,
1989-12-14,9.044,
1989-12-15,9.188,
1989-12-16,9.375,
1989-12-17,9.546,
1989-12-18,9.718,
1989-12-19,9.889,
1989-12-20,10.061,
1989-12-21,10.232,
1989-12-22,10.404,
1989-12-23,11.287,
1989-12-24,12.519,
1989-12-25,12.887,
1989-12-26,13.131,
1989-12-27,13.453,
1989-12-28,13.803,
1989-12-29,14.088,
1989-12-30,14.419,
1989-12-31,14.875,
1990-01-01,15.144,
1990-01-02,15.244,
1990-01-03,15.322,
1990-01-04,15.372,
1990-01-05,15.422,
1990-01-06,15.472,
1990-01-07,15.588,
1990-01-08,15.787,
1990-01-09,15.944,
1990-01-10,16.066,
1990-01-11,16.216,
1990-01-12,16.366,
1990-01-13,16.516,
1990-01-14,16.688,
1990-01-15,16.844,
1990-01-16,17.119,
1990-01-17,17.619,
1990-01-18,18.031,
1990-01-19,18.331,
1990-01-20,18.515,
1990-01-21,18.548,
1990-01-22,18.581,
1990-01-23,18.609,
1990-01-24,18.629,
1990-01-25,18.649,
1990-01-26,18.669,
1990-01-27,18.689,
1990-01-28,18.788,
1990-01-29,18.905,
1990-01-30,18.916,
1990-01-31,18.927,
1990-02-01,18.938,
1990-02-02,18.949,
1990-02-03,18.96,
1990-02-04,18.972,
1990-02-05,18.983,
1990-02-06,18.994,
1990-02-07,19.131,
1990-02-08,19.344,
1990-02-09,19.415,
1990-02-10,19.448,
1990-02-11,19.481,
1990-02-12,19.509,
1990-02-13,19.529,
1990-02-14,19.549,
1990-02-15,19.569,
1990-02-16,19.589,
1990-02-17,19.688,
1990-02-18,20.15,
1990-02-19,20.644,
1990-02-20,20.733,
1990-02-21,20.808,
1990-02-22,20.883,
1990-02-23,20.958,
1990-02-24,21.306,
1990-02-25,21.744,
1990-02-26,21.975,
1990-02-27,22.288,
1990-02-28,22.415,
1990-03-01,22.448,
1990-03-02,22.481,
1990-03-03,22.544,
1990-03-04,22.644,
1990-03-05,22.788,
1990-03-06,22.922,
1990-03-07,22.972,
1990-03-08,23.018,
1990-03-09,23.058,
1990-03-10,23.098,
1990-03-11,23.137,
1990-03-12,23.178,
1990-03-13,23.288,
1990-03-14,23.575,
1990-03-15,23.829,
1990-03-16,23.896,
1990-03-17,23.963,
1990-03-18,24.01,
1990-03-19,24.032,
1990-03-20,24.054,
1990-03-21,24.076,
1990-03-22,24.099,
1990-03-23,24.121,
1990-03-24,24.143,
1990-03-25,24.165,
1990-03-26,24.188,
1990-03-27,24.331,
1990-03-28,24.85,
1990-03-29,25.256,
1990-03-30,25.156,
1990-03-31,25.056,
1990-04-01,24.956,
1990-04-02,24.856,
1990-04-03,24.756,
1990-04-04,24.656,
1990-04-05,24.6,
1990-04-06,24.6,
1990-04-07,24.6,
1990-04-08,24.6,
1990-04-09,24.6,
1990-04-10,24.6,
1990-04-11,24.6,
1990-04-12,24.6,
1990-04-13,24.6,
1990-04-14,24.6,
1990-04-15,24.6,
1990-04-16,24.6,
1990-04-17,24.6,
1990-04-18,24.6,
1990-04-19,24.6,
1990-04-20,24.574,
1990-04-21,24.514,
1990-04-22,24.454,
1990-04-23,24.394,
1990-04-24,24.334,
1990-04-25,24.3,
1990-04-26,24.3,
1990-04-27,24.3,
1990-04-28,24.3,
1990-04-29,24.3,
1990-04-30,24.3,
1990-05-01,24.3,
1990-05-02,24.256,
1990-05-03,24.178,
1990-05-04,24.128,
1990-05-05,24.078,
1990-05-06,24.028,
1990-05-07,23.978,
1990-05-08,23.928,
1990-05-09,23.594,
1990-05-10,23.025,
1990-05-11,22.538,
1990-05-12,21.981,
1990-05-13,21.481,
1990-05-14,20.938,
1990-05-15,20.206,
1990-05-16,19.175,
1990-05-17,17.931,
1990-05-18,16.675,
1990-05-19,15.562,
1990-05-20,14.431,
1990-05-21,13.219,
1990-05-22,11.9,
1990-05-23,10.344,
1990-05-24,8.581,
1990-05-25,6.525,
1990-05-26,4.175,
1990-05-27,1.462,
1990-05-28,0.0,
1990-05-29,0.0,
1990-05-30,0.0,
1990-05-31,0.0,
1990-06-01,0.0,
1990-06-02,0.0,
1990-06-03,0.0,
1990-06-04,0.0,
1990-06-05,0.0,
1990-06-06,0.0,
1990-06-07,0.0,
1990-06-08,0.0,
1990-06-09,0.0,
1990-06-10,0.0,
1990-06-11,0.0,
1990-06-12,0.0,
1990-06-13,0.0,
1990-06-14,0.0,
1990-06-15,0.0,
1990-06-16,0.0,
1990-06-17,0.0,
1990-06-18,0.0,
1990-06-19,0.0,
1990-06-20,0.0,
1990-06-21,0.0,
1990-06-22,0.0,
1990-06-23,0.0,
1990-06-24,0.0,
1990-06-25,0.0,
1990-06-26,0.0,
1990-06-27,0.0,
1990-06-28,0.0,
1990-06-29,0.0,
1990-06-30,0.0,
1990-07-01,0.0,
1990-07-02,0.0,
1990-07-03,0.0,
1990-07-04,0.0,
1990-07-05,0.0,
1990-07-06,0.0,
1990-07-07,0.0,
1990-07-08,0.0,
1990-07-09,0.0,
1990-07-10,0.0,
1990-07-11,0.0,
1990-07-12,0.0,
1990-07-13,0.0,
1990-07-14,0.0,
1990-07-15,0.0,
1990-07-16,0.0,
1990-07-17,0.0,
1990-07-18,0.0,
1990-07-19,0.0,
1990-07-20,0.0,
1990-07-21,0.0,
1990-07-22,0.0,
1990-07-23,0.0,
1990-07-24,0.0,
1990-07-25,0.0,
1990-07-26,0.0,
1990-07-27,0.0,
1990-07-28,0.0,
1990-07-29,0.0,
1990-07-30,0.0,
1990-07-31,0.0,
1990-08-01,0.0,
1990-08-02,0.0,
1990-08-03,0.0,
1990-08-04,0.0,
1990-08-05,0.0,
1990-08-06,0.0,
1990-08-07,0.0,
1990-08-08,0.0,
1990-08-09,0.0,
1990-08-10,0.0,
1990-08-11,0.0,
1990-08-12,0.0,
1990-08-13,0.0,
1990-08-14,0.0,
1990-08-15,0.0,
1990-08-16,0.0,
1990-08-17,0.0,
1990-08-18,0.0,
1990-08-19,0.0,
1990-08-20,0.0,
1990-08-21,0.0,
1990-08-22,0.0,
1990-08-23,0.0,
1990-08-24,0.0,
1990-08-25,0.0,
1990-08-26,0.0,
1990-08-27,0.0,
1990-08-28,0.0,
1990-08-29,0.0,
1990-08-30,0.0,
1990-08-31,0.0,
1990-09-01,0.0,
1990-09-02,0.0,
1990-09-03,0.0,
1990-09-04,0.0,
1990-09-05,0.0,
1990-09-06,0.0,
1990-09-07,0.0,
1990-09-08,0.0,
1990-09-09,0.0,
1990-09-10,0.0,
1990-09-11,0.0,
1990-09-12,0.0,
1990-09-13,0.0,
1990-09-14,0.0,
1990-09-15,0.0,
1990-09-16,0.0,
1990-09-17,0.0,
1990-09-18,0.0,
1990-09-19,0.0,
1990-09-20,0.009,
1990-09-21,0.029,
1990-09-22,0.049,
1990-09-23,0.069,
1990-09-24,0.089,
1990-09-25,0.115,
1990-09-26,0.148,
1990-09-27,0.181,
1990-09-28,0.2,
1990-09-29,0.2,
1990-09-30,0.2,
1990-10-01,0.222,
1990-10-02,0.272,
1990-10-03,0.322,
1990-10-04,0.372,
1990-10-05,0.404,
1990-10-06,0.413,
1990-10-07,0.422,
1990-10-08,0.431,
1990-10-09,0.44,
1990-10-10,0.449,
1990-10-11,0.459,
1990-10-12,0.468,
1990-10-13,0.477,
1990-10-14,0.486,
1990-10-15,0.495,
1990-10-16,0.544,
1990-10-17,0.731,
1990-10-18,0.944,
1990-10-19,0.982,
1990-10-20,0.942,
1990-10-21,0.902,
1990-10-22,0.862,
1990-10-23,0.822,
1990-10-24,0.625,
1990-10-25,0.444,
1990-10-26,0.515,
1990-10-27,0.548,
1990-10-28,0.581,
1990-10-29,0.6,
1990-10-30,0.6,
1990-10-31,0.6,
1990-11-01,0.512,
1990-11-02,0.436,
1990-11-03,0.52,
1990-11-04,0.603,
1990-11-05,0.686,
1990-11-06,0.77,
1990-11-07,0.853,
1990-11-08,0.922,
1990-11-09,0.972,
1990-11-10,1.087,
1990-11-11,1.288,
1990-11-12,1.455,
1990-11-13,1.58,
1990-11-14,1.705,
1990-11-15,1.83,
1990-11-16,1.944,
1990-11-17,2.087,
1990-11-18,2.215,
1990-11-19,2.248,
1990-11-20,2.281,
1990-11-21,2.315,
1990-11-22,2.348,
1990-11-23,2.381,
1990-11-24,2.409,
1990-11-25,2.429,
1990-11-26,2.449,
1990-11-27,2.469,
1990-11-28,2.489,
1990-11-29,2.587,
1990-11-30,2.744,
1990-12-01,2.822,
1990-12-02,2.872,
1990-12-03,2.987,
1990-12-04,3.188,
1990-12-05,3.694,
1990-12-06,4.375,
1990-12-07,4.688,
1990-12-08,4.844,
1990-12-09,5.031,
1990-12-10,5.258,
1990-12-11,5.392,
1990-12-12,5.525,
1990-12-13,5.819,
1990-12-14,6.122,
1990-12-15,6.172,
1990-12-16,6.287,
1990-12-17,6.487,
1990-12-18,6.513,
1990-12-19,6.487,
1990-12-20,6.688,
1990-12-21,6.975,
1990-12-22,7.506,
1990-12-23,8.031,
1990-12-24,8.331,
1990-12-25,8.631,
1990-12-26,8.844,
1990-12-27,8.944,
1990-12-28,9.015,
1990-12-29,9.048,
1990-12-30,9.081,
1990-12-31,9.144,
1991-01-01,9.191,
1991-01-02,9.171,
1991-01-03,9.151,
1991-01-04,9.131,
1991-01-05,9.111,
1991-01-06,9.115,
1991-01-07,9.148,
1991-01-08,9.181,
1991-01-09,9.244,
1991-01-10,9.431,
1991-01-11,9.644,
1991-01-12,9.787,
1991-01-13,10.294,
1991-01-14,10.902,
1991-01-15,11.135,
1991-01-16,11.369,
1991-01-17,12.025,
1991-01-18,12.722,
1991-01-19,12.772,
1991-01-20,13.062,
1991-01-21,13.433,
1991-01-22,13.508,
1991-01-23,13.583,
1991-01-24,13.658,
1991-01-25,13.963,
1991-01-26,14.475,
1991-01-27,14.766,
1991-01-28,14.916,
1991-01-29,15.102,
1991-01-30,15.335,
1991-01-31,15.569,
1991-02-01,16.269,
1991-02-02,17.394,
1991-02-03,18.031,
1991-02-04,18.594,
1991-02-05,19.231,
1991-02-06,19.488,
1991-02-07,19.633,
1991-02-08,19.708,
1991-02-09,19.783,
1991-02-10,19.858,
1991-02-11,19.944,
1991-02-12,20.044,
1991-02-13,20.144,
1991-02-14,20.309,
1991-02-15,20.559,
1991-02-16,20.744,
1991-02-17,20.887,
1991-02-18,21.087,
1991-02-19,21.244,
1991-02-20,21.344,
1991-02-21,21.444,
1991-02-22,21.544,
1991-02-23,21.819,
1991-02-24,22.166,
1991-02-25,22.316,
1991-02-26,22.444,
1991-02-27,22.5,
1991-02-28,22.5,
1991-03-01,22.529,
1991-03-02,22.596,
1991-03-03,22.663,
1991-03-04,22.729,
1991-03-05,22.796,
1991-03-06,22.863,
1991-03-07,22.922,
1991-03-08,22.972,
1991-03-09,23.022,
1991-03-10,23.072,
1991-03-11,23.122,
1991-03-12,23.172,
1991-03-13,23.375,
1991-03-14,23.658,
1991-03-15,23.792,
1991-03-16,23.925,
1991-03-17,24.175,
1991-03-18,24.575,
1991-03-19,24.931,
1991-03-20,25.135,
1991-03-21,25.215,
1991-03-22,25.295,
1991-03-23,25.375,
1991-03-24,25.455,
1991-03-25,25.675,
1991-03-26,26.031,
1991-03-27,26.375,
1991-03-28,26.775,
1991-03-29,27.175,
1991-03-30,27.575,
1991-03-31,27.861,
1991-04-01,28.001,
1991-04-02,28.141,
1991-04-03,28.281,
1991-04-04,28.421,
1991-04-05,28.5,
1991-04-06,28.5,
1991-04-07,28.5,
1991-04-08,28.5,
1991-04-09,28.5,
1991-04-10,28.631,
1991-04-11,28.931,
1991-04-12,29.231,
1991-04-13,29.531,
1991-04-14,29.831,
1991-04-15,29.764,
1991-04-16,29.224,
1991-04-17,28.684,
1991-04-18,28.144,
1991-04-19,27.604,
1991-04-20,27.335,
1991-04-21,27.415,
1991-04-22,27.495,
1991-04-23,27.575,
1991-04-24,27.655,
1991-04-25,27.805,
1991-04-26,28.045,
1991-04-27,28.285,
1991-04-28,28.525,
1991-04-29,28.765,
1991-04-30,28.605,
1991-05-01,27.932,
1991-05-02,27.259,
1991-05-03,26.585,
1991-05-04,25.912,
1991-05-05,25.239,
1991-05-06,24.565,
1991-05-07,23.892,
1991-05-08,23.219,
1991-05-09,22.545,
1991-05-10,21.872,
1991-05-11,21.199,
1991-05-12,20.525,
1991-05-13,19.852,
1991-05-14,19.179,
1991-05-15,18.074,
1991-05-16,16.414,
1991-05-17,14.754,
1991-05-18,13.094,
1991-05-19,11.434,
1991-05-20,9.914,
1991-05-21,8.574,
1991-05-22,7.234,
1991-05-23,5.894,
1991-05-24,4.554,
1991-05-25,3.771,
1991-05-26,3.704,
1991-05-27,3.638,
1991-05-28,3.571,
1991-05-29,3.504,
1991-05-30,3.438,
1991-05-31,3.33,
1991-06-01,3.17,
1991-06-02,3.01,
1991-06-03,2.85,
1991-06-04,2.69,
1991-06-05,2.271,
1991-06-06,1.369,
1991-06-07,0.422,
1991-06-08,0.0,
1991-06-09,0.0,
1991-06-10,0.0,
1991-06-11,0.0,
1991-06-12,0.0,
1991-06-13,0.0,
1991-06-14,0.0,
1991-06-15,0.0,
1991-06-16,0.0,
1991-06-17,0.0,
1991-06-18,0.0,
1991-06-19,0.0,
1991-06-20,0.0,
1991-06-21,0.0,
1991-06-22,0.0,
1991-06-23,0.0,
1991-06-24,0.0,
1991-06-25,0.0,
1991-06-26,0.0,
1991-06-27,0.0,
1991-06-28,0.0,
1991-06-29,0.0,
1991-06-30,0.0,
1991-07-01,0.0,
1991-07-02,0.0,
1991-07-03,0.0,
1991-07-04,0.0,
1991-07-05,0.0,
1991-07-06,0.0,
1991-07-07,0.0,
1991-07-08,0.0,
1991-07-09,0.0,
1991-07-10,0.0,
1991-07-11,0.0,
1991-07-12,0.0,
1991-07-13,0.0,
1991-07-14,0.0,
1991-07-15,0.0,
1991-07-16,0.0,
1991-07-17,0.0,
1991-07-18,0.0,
1991-07-19,0.0,
1991-07-20,0.0,
1991-07-21,0.0,
1991-07-22,0.0,
1991-07-23,0.0,
1991-07-24,0.0,
1991-07-25,0.0,
1991-07-26,0.0,
1991-07-27,0.0,
1991-07-28,0.0,
1991-07-29,0.0,
1991-07-30,0.0,
1991-07-31,0.0,
1991-08-01,0.0,
1991-08-02,0.0,
1991-08-03,0.0,
1991-08-04,0.0,
1991-08-05,0.0,
1991-08-06,0.0,
1991-08-07,0.0,
1991-08-08,0.0,
1991-08-09,0.0,
1991-08-10,0.0,
1991-08-11,0.0,
1991-08-12,0.0,
1991-08-13,0.0,
1991-08-14,0.0,
1991-08-15,0.0,
1991-08-16,0.0,
1991-08-17,0.0,
1991-08-18,0.0,
1991-08-19,0.0,
1991-08-20,0.0,
1991-08-21,0.0,
1991-08-22,0.0,
1991-08-23,0.0,
1991-08-24,0.0,
1991-08-25,0.0,
1991-08-26,0.0,
1991-08-27,0.0,
1991-08-28,0.0,
1991-08-29,0.0,
1991-08-30,0.0,
1991-08-31,0.0,
1991-09-01,0.0,
1991-09-02,0.0,
1991-09-03,0.0,
1991-09-04,0.0,
1991-09-05,0.0,
1991-09-06,0.0,
1991-09-07,0.0,
1991-09-08,0.0,
1991-09-09,0.0,
1991-09-10,0.0,
1991-09-11,0.0,
1991-09-12,0.0,
1991-09-13,0.0,
1991-09-14,0.0,
1991-09-15,0.0,
1991-09-16,0.0,
1991-09-17,0.0,
1991-09-18,0.0,
1991-09-19,0.0,
1991-09-20,0.0,
1991-09-21,0.0,
1991-09-22,0.0,
1991-09-23,0.0,
1991-09-24,0.0,
1991-09-25,0.0,
1991-09-26,0.0,
1991-09-27,0.0,
1991-09-28,0.0,
1991-09-29,0.0,
1991-09-30,0.0,
1991-10-01,0.06,
1991-10-02,0.196,
1991-10-03,0.332,
1991-10-04,0.469,
1991-10-05,0.605,
1991-10-06,0.741,
1991-10-07,0.878,
1991-10-08,1.014,
1991-10-09,1.151,
1991-10-10,1.287,
1991-10-11,1.423,
1991-10-12,1.488,
1991-10-13,1.462,
1991-10-14,1.435,
1991-10-15,1.408,
1991-10-16,1.382,
1991-10-17,1.355,
1991-10-18,1.328,
1991-10-19,1.302,
1991-10-20,1.275,
1991-10-21,1.248,
1991-10-22,1.222,
1991-10-23,1.195,
1991-10-24,1.168,
1991-10-25,1.142,
1991-10-26,1.115,
1991-10-27,1.1,
1991-10-28,1.1,
1991-10-29,1.1,
1991-10-30,1.1,
1991-10-31,1.1,
1991-11-01,1.115,
1991-11-02,1.148,
1991-11-03,1.181,
1991-11-04,1.215,
1991-11-05,1.248,
1991-11-06,1.281,
1991-11-07,1.315,
1991-11-08,1.348,
1991-11-09,1.381,
1991-11-10,1.415,
1991-11-11,1.448,
1991-11-12,1.481,
1991-11-13,1.85,
1991-11-14,2.431,
1991-11-15,2.775,
1991-11-16,3.175,
1991-11-17,3.451,
1991-11-18,3.568,
1991-11-19,3.684,
1991-11-20,3.801,
1991-11-21,3.918,
1991-11-22,4.034,
1991-11-23,4.275,
1991-11-24,4.588,
1991-11-25,4.787,
1991-11-26,5.075,
1991-11-27,5.3,
1991-11-28,5.3,
1991-11-29,5.3,
1991-11-30,5.431,
1991-12-01,5.635,
1991-12-02,5.715,
1991-12-03,5.795,
1991-12-04,5.875,
1991-12-05,5.955,
1991-12-06,6.035,
1991-12-07,6.115,
1991-12-08,6.195,
1991-12-09,6.275,
1991-12-10,6.355,
1991-12-11,6.575,
1991-12-12,6.902,
1991-12-13,7.135,
1991-12-14,7.369,
1991-12-15,7.675,
1991-12-16,8.075,
1991-12-17,8.453,
1991-12-18,8.803,
1991-12-19,9.058,
1991-12-20,9.192,
1991-12-21,9.325,
1991-12-22,9.706,
1991-12-23,10.275,
1991-12-24,10.675,
1991-12-25,11.075,
1991-12-26,11.326,
1991-12-27,11.386,
1991-12-28,11.446,
1991-12-29,11.506,
1991-12-30,11.566,
1991-12-31,11.6,
1992-01-01,11.622,
1992-01-02,11.672,
1992-01-03,11.722,
1992-01-04,11.772,
1992-01-05,11.822,
1992-01-06,11.872,
1992-01-07,11.922,
1992-01-08,11.972,
1992-01-09,12.117,
1992-01-10,12.383,
1992-01-11,12.65,
1992-01-12,12.902,
1992-01-13,13.135,
1992-01-14,13.369,
1992-01-15,13.588,
1992-01-16,13.787,
1992-01-17,14.075,
1992-01-18,14.431,
1992-01-19,14.775,
1992-01-20,15.088,
1992-01-21,15.287,
1992-01-22,15.444,
1992-01-23,15.544,
1992-01-24,15.644,
1992-01-25,15.744,
1992-01-26,15.931,
1992-01-27,16.188,
1992-01-28,16.387,
1992-01-29,16.675,
1992-01-30,17.053,
1992-01-31,17.403,
1992-02-01,17.731,
1992-02-02,18.031,
1992-02-03,18.331,
1992-02-04,18.631,
1992-02-05,18.826,
1992-02-06,18.886,
1992-02-07,18.946,
1992-02-08,19.006,
1992-02-09,19.066,
1992-02-10,19.1,
1992-02-11,19.1,
1992-02-12,19.1,
1992-02-13,19.1,
1992-02-14,19.1,
1992-02-15,19.17,
1992-02-16,19.33,
1992-02-17,19.49,
1992-02-18,19.65,
1992-02-19,19.81,
1992-02-20,20.031,
1992-02-21,20.331,
1992-02-22,20.631,
1992-02-23,20.931,
1992-02-24,21.231,
1992-02-25,21.52,
1992-02-26,21.795,
1992-02-27,22.07,
1992-02-28,22.345,
1992-02-29,22.535,
1992-03-01,22.615,
1992-03-02,22.695,
1992-03-03,22.775,
1992-03-04,22.855,
1992-03-05,22.9,
1992-03-06,22.9,
1992-03-07,22.9,
1992-03-08,22.9,
1992-03-09,22.9,
1992-03-10,23.066,
1992-03-11,23.446,
1992-03-12,23.826,
1992-03-13,24.206,
1992-03-14,24.586,
1992-03-15,24.826,
1992-03-16,24.886,
1992-03-17,24.946,
1992-03-18,25.006,
1992-03-19,25.066,
1992-03-20,25.196,
1992-03-21,25.416,
1992-03-22,25.636,
1992-03-23,25.856,
1992-03-24,26.076,
1992-03-25,26.288,
1992-03-26,26.488,
1992-03-27,26.688,
1992-03-28,26.887,
1992-03-29,27.087,
1992-03-30,27.288,
1992-03-31,27.496,
1992-04-01,27.716,
1992-04-02,27.936,
1992-04-03,28.156,
1992-04-04,28.376,
1992-04-05,28.535,
1992-04-06,28.615,
1992-04-07,28.695,
1992-04-08,28.775,
1992-04-09,28.855,
1992-04-10,28.996,
1992-04-11,29.216,
1992-04-12,29.436,
1992-04-13,29.656,
1992-04-14,29.876,
1992-04-15,29.965,
1992-04-16,29.885,
1992-04-17,29.805,
1992-04-18,29.725,
1992-04-19,29.645,
1992-04-20,29.574,
1992-04-21,29.514,
1992-04-22,29.454,
1992-04-23,29.394,
1992-04-24,29.334,
1992-04-25,29.492,
1992-04-26,29.933,
1992-04-27,30.373,
1992-04-28,30.813,
1992-04-29,31.253,
1992-04-30,31.798,
1992-05-01,32.478,
1992-05-02,33.158,
1992-05-03,33.838,
1992-05-04,34.518,
1992-05-05,35.066,
1992-05-06,35.446,
1992-05-07,35.826,
1992-05-08,36.206,
1992-05-09,36.586,
1992-05-10,37.01,
1992-05-11,37.49,
1992-05-12,37.97,
1992-05-13,38.45,
1992-05-14,38.93,
1992-05-15,39.143,
1992-05-16,39.013,
1992-05-17,38.883,
1992-05-18,38.753,
1992-05-19,38.623,
1992-05-20,38.493,
1992-05-21,38.363,
1992-05-22,38.233,
1992-05-23,38.103,
1992-05-24,37.973,
1992-05-25,36.929,
1992-05-26,34.709,
1992-05-27,32.489,
1992-05-28,30.269,
1992-05-29,28.049,
1992-05-30,26.1,
1992-05-31,23.931,
1992-06-01,21.239,
1992-06-02,18.814,
1992-06-03,16.389,
1992-06-04,13.964,
1992-06-05,12.031,
1992-06-06,10.731,
1992-06-07,9.431,
1992-06-08,8.131,
1992-06-09,6.831,
1992-06-10,5.881,
1992-06-11,5.381,
1992-06-12,4.881,
1992-06-13,4.381,
1992-06-14,3.881,
1992-06-15,3.486,
1992-06-16,3.226,
1992-06-17,2.966,
1992-06-18,2.706,
1992-06-19,2.446,
1992-06-20,2.16,
1992-06-21,1.84,
1992-06-22,1.52,
1992-06-23,1.2,
1992-06-24,0.88,
1992-06-25,0.639,
1992-06-26,0.499,
1992-06-27,0.359,
1992-06-28,0.219,
1992-06-29,0.079,
1992-06-30,0.0,
1992-07-01,0.0,
1992-07-02,0.0,
1992-07-03,0.0,
1992-07-04,0.0,
1992-07-05,0.0,
1992-07-06,0.0,
1992-07-07,0.0,
1992-07-08,0.0,
1992-07-09,0.0,
1992-07-10,0.0,
1992-07-11,0.0,
1992-07-12,0.0,
1992-07-13,0.0,
1992-07-14,0.0,
1992-07-15,0.0,
1992-07-16,0.0,
1992-07-17,0.0,
1992-07-18,0.0,
1992-07-19,0.0,
1992-07-20,0.0,
1992-07-21,0.0,
1992-07-22,0.0,
1992-07-23,0.0,
1992-07-24,0.0,
1992-07-25,0.0,
1992-07-26,0.0,
1992-07-27,0.0,
1992-07-28,0.0,
1992-07-29,0.0,
1992-07-30,0.0,
1992-07-31,0.0,
1992-08-01,0.0,
1992-08-02,0.0,
1992-08-03,0.0,
1992-08-04,0.0,
1992-08-05,0.0,
1992-08-06,0.0,
1992-08-07,0.0,
1992-08-08,0.0,
1992-08-09,0.0,
1992-08-10,0.0,
1992-08-11,0.0,
1992-08-12,0.0,
1992-08-13,0.0,
1992-08-14,0.0,
1992-08-15,0.0,
1992-08-16,0.0,
1992-08-17,0.0,
1992-08-18,0.0,
1992-08-19,0.0,
1992-08-20,0.0,
1992-08-21,0.0,
1992-08-22,0.0,
1992-08-23,0.0,
1992-08-24,0.0,
1992-08-25,0.0,
1992-08-26,0.0,
1992-08-27,0.0,
1992-08-28,0.0,
1992-08-29,0.0,
1992-08-30,0.0,
1992-08-31,0.0,
1992-09-01,0.0,
1992-09-02,0.0,
1992-09-03,0.0,
1992-09-04,0.0,
1992-09-05,0.0,
1992-09-06,0.0,
1992-09-07,0.0,
1992-09-08,0.0,
1992-09-09,0.0,
1992-09-10,0.012,
1992-09-11,0.041,
1992-09-12,0.07,
1992-09-13,0.098,
1992-09-14,0.127,
1992-09-15,0.155,
1992-09-16,0.184,
1992-09-17,0.36,
1992-09-18,0.727,
1992-09-19,1.094,
1992-09-20,1.283,
1992-09-21,1.243,
1992-09-22,1.203,
1992-09-23,1.163,
1992-09-24,1.122,
1992-09-25,1.144,
1992-09-26,1.244,
1992-09-27,1.344,
1992-09-28,1.444,
1992-09-29,1.544,
1992-09-30,1.688,
1992-10-01,2.019,
1992-10-02,2.519,
1992-10-03,3.019,
1992-10-04,3.519,
1992-10-05,3.923,
1992-10-06,4.203,
1992-10-07,4.483,
1992-10-08,4.763,
1992-10-09,5.042,
1992-10-10,5.183,
1992-10-11,5.143,
1992-10-12,5.103,
1992-10-13,5.063,
1992-10-14,5.022,
1992-10-15,5.0,
1992-10-16,5.0,
1992-10-17,5.0,
1992-10-18,5.0,
1992-10-19,5.0,
1992-10-20,5.14,
1992-10-21,5.46,
1992-10-22,5.78,
1992-10-23,6.1,
1992-10-24,6.42,
1992-10-25,6.688,
1992-10-26,6.888,
1992-10-27,7.088,
1992-10-28,7.287,
1992-10-29,7.487,
1992-10-30,7.6,
1992-10-31,7.6,
1992-11-01,7.6,
1992-11-02,7.6,
1992-11-03,7.6,
1992-11-04,7.6,
1992-11-05,7.679,
1992-11-06,7.859,
1992-11-07,8.039,
1992-11-08,8.219,
1992-11-09,8.399,
1992-11-10,8.5,
1992-11-11,8.5,
1992-11-12,8.5,
1992-11-13,8.5,
1992-11-14,8.5,
1992-11-15,8.623,
1992-11-16,8.903,
1992-11-17,9.183,
1992-11-18,9.462,
1992-11-19,9.742,
1992-11-20,9.944,
1992-11-21,10.044,
1992-11-22,10.144,
1992-11-23,10.244,
1992-11-24,10.344,
1992-11-25,10.461,
1992-11-26,10.601,
1992-11-27,10.741,
1992-11-28,10.881,
1992-11-29,11.021,
1992-11-30,11.144,
1992-12-01,11.244,
1992-12-02,11.344,
1992-12-03,11.444,
1992-12-04,11.544,
1992-12-05,11.6,
1992-12-06,11.6,
1992-12-07,11.6,
1992-12-08,11.6,
1992-12-09,11.6,
1992-12-10,11.617,
1992-12-11,11.657,
1992-12-12,11.697,
1992-12-13,11.738,
1992-12-14,11.777,
1992-12-15,11.826,
1992-12-16,11.886,
1992-12-17,11.946,
1992-12-18,12.006,
1992-12-19,12.066,
1992-12-20,12.117,
1992-12-21,12.157,
1992-12-22,12.197,
1992-12-23,12.238,
1992-12-24,12.277,
1992-12-25,12.309,
1992-12-26,12.329,
1992-12-27,12.349,
1992-12-28,12.369,
1992-12-29,12.389,
1992-12-30,12.444,
1992-12-31,12.544,
1993-01-01,12.644,
1993-01-02,12.744,
1993-01-03,12.844,
1993-01-04,12.944,
1993-01-05,13.105,
1993-01-06,13.345,
1993-01-07,13.585,
1993-01-08,13.825,
1993-01-09,14.065,
1993-01-10,14.279,
1993-01-11,14.459,
1993-01-12,14.639,
1993-01-13,14.819,
1993-01-14,14.999,
1993-01-15,15.284,
1993-01-16,15.704,
1993-01-17,16.124,
1993-01-18,16.544,
1993-01-19,16.964,
1993-01-20,17.226,
1993-01-21,17.286,
1993-01-22,17.346,
1993-01-23,17.406,
1993-01-24,17.466,
1993-01-25,17.701,
1993-01-26,18.161,
1993-01-27,18.621,
1993-01-28,19.081,
1993-01-29,19.541,
1993-01-30,20.019,
1993-01-31,20.781,
1993-02-01,21.575,
1993-02-02,21.975,
1993-02-03,22.375,
1993-02-04,22.775,
1993-02-05,23.052,
1993-02-06,23.172,
1993-02-07,23.293,
1993-02-08,23.412,
1993-02-09,23.532,
1993-02-10,23.618,
1993-02-11,23.658,
1993-02-12,23.698,
1993-02-13,23.738,
1993-02-14,23.777,
1993-02-15,23.809,
1993-02-16,23.829,
1993-02-17,23.849,
1993-02-18,23.869,
1993-02-19,23.889,
1993-02-20,24.04,
1993-02-21,24.36,
1993-02-22,24.68,
1993-02-23,25.0,
1993-02-24,25.32,
1993-02-25,25.762,
1993-02-26,26.363,
1993-02-27,26.962,
1993-02-28,27.466,
1993-03-01,27.846,
1993-03-02,28.226,
1993-03-03,28.606,
1993-03-04,28.986,
1993-03-05,29.27,
1993-03-06,29.43,
1993-03-07,29.59,
1993-03-08,29.75,
1993-03-09,29.91,
1993-03-10,30.026,
1993-03-11,30.086,
1993-03-12,30.146,
1993-03-13,30.206,
1993-03-14,30.266,
1993-03-15,30.3,
1993-03-16,30.3,
1993-03-17,30.3,
1993-03-18,30.3,
1993-03-19,30.3,
1993-03-20,30.37,
1993-03-21,30.53,
1993-03-22,30.69,
1993-03-23,30.85,
1993-03-24,31.01,
1993-03-25,31.161,
1993-03-26,31.301,
1993-03-27,31.441,
1993-03-28,31.581,
1993-03-29,31.721,
1993-03-30,31.815,
1993-03-31,31.848,
1993-04-01,31.881,
1993-04-02,31.915,
1993-04-03,31.948,
1993-04-04,31.981,
1993-04-05,32.009,
1993-04-06,32.029,
1993-04-07,32.049,
1993-04-08,32.069,
1993-04-09,32.089,
1993-04-10,32.17,
1993-04-11,32.33,
1993-04-12,32.49,
1993-04-13,32.65,
1993-04-14,32.81,
1993-04-15,32.734,
1993-04-16,32.354,
1993-04-17,31.974,
1993-04-18,31.594,
1993-04-19,31.214,
1993-04-20,30.982,
1993-04-21,30.943,
1993-04-22,30.902,
1993-04-23,30.862,
1993-04-24,30.823,
1993-04-25,30.866,
1993-04-26,31.016,
1993-04-27,31.333,
1993-04-28,31.867,
1993-04-29,32.4,
1993-04-30,32.796,
1993-05-01,33.016,
1993-05-02,33.236,
1993-05-03,33.456,
1993-05-04,33.676,
1993-05-05,33.502,
1993-05-06,32.822,
1993-05-07,32.142,
1993-05-08,31.462,
1993-05-09,30.782,
1993-05-10,30.102,
1993-05-11,29.422,
1993-05-12,28.742,
1993-05-13,28.062,
1993-05-14,27.382,
1993-05-15,26.282,
1993-05-16,24.643,
1993-05-17,23.003,
1993-05-18,21.363,
1993-05-19,19.723,
1993-05-20,18.345,
1993-05-21,17.305,
1993-05-22,16.265,
1993-05-23,15.225,
1993-05-24,14.185,
1993-05-25,12.743,
1993-05-26,10.782,
1993-05-27,8.822,
1993-05-28,6.862,
1993-05-29,4.902,
1993-05-30,3.8,
1993-05-31,3.8,
1993-06-01,3.581,
1993-06-02,2.911,
1993-06-03,1.964,
1993-06-04,1.0,
1993-06-05,0.281,
1993-06-06,0.0,
1993-06-07,0.0,
1993-06-08,0.0,
1993-06-09,0.0,
1993-06-10,0.0,
1993-06-11,0.0,
1993-06-12,0.0,
1993-06-13,0.0,
1993-06-14,0.0,
1993-06-15,0.0,
1993-06-16,0.0,
1993-06-17,0.0,
1993-06-18,0.0,
1993-06-19,0.0,
1993-06-20,0.0,
1993-06-21,0.0,
1993-06-22,0.0,
1993-06-23,0.0,
1993-06-24,0.0,
1993-06-25,0.0,
1993-06-26,0.0,
1993-06-27,0.0,
1993-06-28,0.0,
1993-06-29,0.0,
1993-06-30,0.0,
1993-07-01,0.0,
1993-07-02,0.0,
1993-07-03,0.0,
1993-07-04,0.0,
1993-07-05,0.0,
1993-07-06,0.0,
1993-07-07,0.0,
1993-07-08,0.0,
1993-07-09,0.0,
1993-07-10,0.0,
1993-07-11,0.0,
1993-07-12,0.0,
1993-07-13,0.0,
1993-07-14,0.0,
1993-07-15,0.0,
1993-07-16,0.0,
1993-07-17,0.0,
1993-07-18,0.0,
1993-07-19,0.0,
1993-07-20,0.0,
1993-07-21,0.0,
1993-07-22,0.0,
1993-07-23,0.0,
1993-07-24,0.0,
1993-07-25,0.0,
1993-07-26,0.0,
1993-07-27,0.0,
1993-07-28,0.0,
1993-07-29,0.0,
1993-07-30,0.0,
1993-07-31,0.0,
1993-08-01,0.0,
1993-08-02,0.0,
1993-08-03,0.0,
1993-08-04,0.0,
1993-08-05,0.0,
1993-08-06,0.0,
1993-08-07,0.0,
1993-08-08,0.0,
1993-08-09,0.0,
1993-08-10,0.0,
1993-08-11,0.0,
1993-08-12,0.0,
1993-08-13,0.0,
1993-08-14,0.0,
1993-08-15,0.0,
1993-08-16,0.0,
1993-08-17,0.0,
1993-08-18,0.0,
1993-08-19,0.0,
1993-08-20,0.0,
1993-08-21,0.0,
1993-08-22,0.0,
1993-08-23,0.0,
1993-08-24,0.0,
1993-08-25,0.0,
1993-08-26,0.0,
1993-08-27,0.0,
1993-08-28,0.0,
1993-08-29,0.0,
1993-08-30,0.0,
1993-08-31,0.0,
1993-09-01,0.0,
1993-09-02,0.0,
1993-09-03,0.0,
1993-09-04,0.0,
1993-09-05,0.0,
1993-09-06,0.0,
1993-09-07,0.0,
1993-09-08,0.0,
1993-09-09,0.0,
1993-09-10,0.0,
1993-09-11,0.0,
1993-09-12,0.0,
1993-09-13,0.0,
1993-09-14,0.0,
1993-09-15,0.0,
1993-09-16,0.0,
1993-09-17,0.0,
1993-09-18,0.0,
1993-09-19,0.0,
1993-09-20,0.083,
1993-09-21,0.273,
1993-09-22,0.463,
1993-09-23,0.653,
1993-09-24,0.843,
1993-09-25,1.033,
1993-09-26,1.223,
1993-09-27,1.413,
1993-09-28,1.603,
1993-09-29,1.793,
1993-09-30,1.9,
1993-10-01,1.725,
1993-10-02,1.325,
1993-10-03,0.969,
1993-10-04,0.8,
1993-10-05,0.931,
1993-10-06,1.1,
1993-10-07,1.1,
1993-10-08,1.1,
1993-10-09,1.1,
1993-10-10,1.1,
1993-10-11,1.1,
1993-10-12,1.1,
1993-10-13,1.1,
1993-10-14,1.1,
1993-10-15,1.1,
1993-10-16,1.1,
1993-10-17,1.1,
1993-10-18,1.1,
1993-10-19,1.1,
1993-10-20,1.158,
1993-10-21,1.292,
1993-10-22,1.425,
1993-10-23,1.5,
1993-10-24,1.5,
1993-10-25,1.587,
1993-10-26,1.788,
1993-10-27,1.988,
1993-10-28,2.188,
1993-10-29,2.431,
1993-10-30,2.6,
1993-10-31,2.6,
1993-11-01,2.6,
1993-11-02,2.6,
1993-11-03,2.6,
1993-11-04,2.6,
1993-11-05,2.67,
1993-11-06,2.83,
1993-11-07,2.99,
1993-11-08,3.15,
1993-11-09,3.31,
1993-11-10,3.531,
1993-11-11,3.788,
1993-11-12,3.987,
1993-11-13,4.275,
1993-11-14,4.5,
1993-11-15,4.588,
1993-11-16,4.787,
1993-11-17,5.075,
1993-11-18,5.431,
1993-11-19,5.6,
1993-11-20,5.658,
1993-11-21,5.792,
1993-11-22,5.925,
1993-11-23,6.0,
1993-11-24,6.0,
1993-11-25,6.831,
1993-11-26,7.977,
1993-11-27,8.152,
1993-11-28,8.327,
1993-11-29,8.502,
1993-11-30,8.6,
1993-12-01,8.655,
1993-12-02,8.78,
1993-12-03,8.905,
1993-12-04,9.03,
1993-12-05,9.144,
1993-12-06,9.244,
1993-12-07,9.344,
1993-12-08,9.444,
1993-12-09,9.544,
1993-12-10,9.644,
1993-12-11,9.744,
1993-12-12,9.844,
1993-12-13,9.944,
1993-12-14,10.044,
1993-12-15,10.275,
1993-12-16,10.617,
1993-12-17,10.883,
1993-12-18,11.15,
1993-12-19,11.431,
1993-12-20,11.775,
1993-12-21,12.241,
1993-12-22,12.791,
1993-12-23,13.1,
1993-12-24,13.1,
1993-12-25,13.1,
1993-12-26,13.1,
1993-12-27,13.1,
1993-12-28,13.1,
1993-12-29,13.1,
1993-12-30,13.1,
1993-12-31,13.1,
1994-01-01,13.1,
1994-01-02,13.1,
1994-01-03,13.1,
1994-01-04,13.1,
1994-01-05,13.144,
1994-01-06,13.244,
1994-01-07,13.344,
1994-01-08,13.444,
1994-01-09,13.5,
1994-01-10,13.558,
1994-01-11,13.692,
1994-01-12,13.825,
1994-01-13,13.988,
1994-01-14,14.188,
1994-01-15,14.366,
1994-01-16,14.516,
1994-01-17,14.688,
1994-01-18,14.887,
1994-01-19,15.0,
1994-01-20,15.044,
1994-01-21,15.144,
1994-01-22,15.244,
1994-01-23,15.344,
1994-01-24,15.575,
1994-01-25,15.866,
1994-01-26,16.016,
1994-01-27,16.1,
1994-01-28,16.1,
1994-01-29,16.1,
1994-01-30,16.1,
1994-01-31,16.135,
1994-02-01,16.215,
1994-02-02,16.295,
1994-02-03,16.375,
1994-02-04,16.455,
1994-02-05,16.544,
1994-02-06,16.644,
1994-02-07,16.744,
1994-02-08,16.844,
1994-02-09,16.944,
1994-02-10,17.026,
1994-02-11,17.086,
1994-02-12,17.146,
1994-02-13,17.206,
1994-02-14,17.266,
1994-02-15,17.361,
1994-02-16,17.501,
1994-02-17,17.641,
1994-02-18,17.781,
1994-02-19,17.921,
1994-02-20,18.026,
1994-02-21,18.086,
1994-02-22,18.146,
1994-02-23,18.206,
1994-02-24,18.266,
1994-02-25,18.329,
1994-02-26,18.396,
1994-02-27,18.463,
1994-02-28,18.5,
1994-03-01,18.5,
1994-03-02,18.675,
1994-03-03,19.075,
1994-03-04,19.475,
1994-03-05,19.7,
1994-03-06,19.7,
1994-03-07,19.7,
1994-03-08,19.831,
1994-03-09,20.166,
1994-03-10,20.546,
1994-03-11,20.926,
1994-03-12,21.306,
1994-03-13,21.686,
1994-03-14,22.075,
1994-03-15,22.3,
1994-03-16,22.3,
1994-03-17,22.3,
1994-03-18,22.3,
1994-03-19,22.3,
1994-03-20,22.344,
1994-03-21,22.444,
1994-03-22,22.544,
1994-03-23,22.644,
1994-03-24,22.831,
1994-03-25,23.029,
1994-03-26,23.096,
1994-03-27,23.163,
1994-03-28,23.229,
1994-03-29,23.296,
1994-03-30,23.362,
1994-03-31,23.4,
1994-04-01,23.4,
1994-04-02,23.4,
1994-04-03,23.4,
1994-04-04,23.4,
1994-04-05,23.435,
1994-04-06,23.515,
1994-04-07,23.595,
1994-04-08,23.675,
1994-04-09,23.755,
1994-04-10,24.084,
1994-04-11,24.734,
1994-04-12,25.384,
1994-04-13,26.034,
1994-04-14,26.75,
1994-04-15,27.226,
1994-04-16,27.286,
1994-04-17,27.346,
1994-04-18,27.406,
1994-04-19,27.466,
1994-04-20,27.474,
1994-04-21,27.414,
1994-04-22,27.354,
1994-04-23,27.294,
1994-04-24,27.234,
1994-04-25,27.226,
1994-04-26,27.286,
1994-04-27,27.346,
1994-04-28,27.406,
1994-04-29,27.466,
1994-04-30,27.369,
1994-05-01,27.069,
1994-05-02,26.769,
1994-05-03,26.469,
1994-05-04,26.169,
1994-05-05,25.843,
1994-05-06,25.483,
1994-05-07,25.123,
1994-05-08,24.763,
1994-05-09,24.403,
1994-05-10,23.736,
1994-05-11,22.676,
1994-05-12,21.616,
1994-05-13,20.556,
1994-05-14,19.496,
1994-05-15,18.069,
1994-05-16,16.169,
1994-05-17,14.269,
1994-05-18,12.369,
1994-05-19,10.469,
1994-05-20,8.989,
1994-05-21,8.049,
1994-05-22,7.109,
1994-05-23,6.169,
1994-05-24,5.229,
1994-05-25,4.289,
1994-05-26,3.349,
1994-05-27,2.409,
1994-05-28,1.469,
1994-05-29,0.529,
1994-05-30,0.0,
1994-05-31,0.0,
1994-06-01,0.0,
1994-06-02,0.0,
1994-06-03,0.0,
1994-06-04,0.0,
1994-06-05,0.0,
1994-06-06,0.0,
1994-06-07,0.0,
1994-06-08,0.0,
1994-06-09,0.0,
1994-06-10,0.0,
1994-06-11,0.0,
1994-06-12,0.0,
1994-06-13,0.0,
1994-06-14,0.0,
1994-06-15,0.0,
1994-06-16,0.0,
1994-06-17,0.0,
1994-06-18,0.0,
1994-06-19,0.0,
1994-06-20,0.0,
1994-06-21,0.0,
1994-06-22,0.0,
1994-06-23,0.0,
1994-06-24,0.0,
1994-06-25,0.0,
1994-06-26,0.0,
1994-06-27,0.0,
1994-06-28,0.0,
1994-06-29,0.0,
1994-06-30,0.0,
1994-07-01,0.0,
1994-07-02,0.0,
1994-07-03,0.0,
1994-07-04,0.0,
1994-07-05,0.0,
1994-07-06,0.0,
1994-07-07,0.0,
1994-07-08,0.0,
1994-07-09,0.0,
1994-07-10,0.0,
1994-07-11,0.0,
1994-07-12,0.0,
1994-07-13,0.0,
1994-07-14,0.0,
1994-07-15,0.0,
1994-07-16,0.0,
1994-07-17,0.0,
1994-07-18,0.0,
1994-07-19,0.0,
1994-07-20,0.0,
1994-07-21,0.0,
1994-07-22,0.0,
1994-07-23,0.0,
1994-07-24,0.0,
1994-07-25,0.0,
1994-07-26,0.0,
1994-07-27,0.0,
1994-07-28,0.0,
1994-07-29,0.0,
1994-07-30,0.0,
1994-07-31,0.0,
1994-08-01,0.0,
1994-08-02,0.0,
1994-08-03,0.0,
1994-08-04,0.0,
1994-08-05,0.0,
1994-08-06,0.0,
1994-08-07,0.0,
1994-08-08,0.0,
1994-08-09,0.0,
1994-08-10,0.0,
1994-08-11,0.0,
1994-08-12,0.0,
1994-08-13,0.0,
1994-08-14,0.0,
1994-08-15,0.0,
1994-08-16,0.0,
1994-08-17,0.0,
1994-08-18,0.0,
1994-08-19,0.0,
1994-08-20,0.0,
1994-08-21,0.0,
1994-08-22,0.0,
1994-08-23,0.0,
1994-08-24,0.0,
1994-08-25,0.0,
1994-08-26,0.0,
1994-08-27,0.0,
1994-08-28,0.0,
1994-08-29,0.0,
1994-08-30,0.0,
1994-08-31,0.0,
1994-09-01,0.0,
1994-09-02,0.0,
1994-09-03,0.0,
1994-09-04,0.0,
1994-09-05,0.0,
1994-09-06,0.0,
1994-09-07,0.0,
1994-09-08,0.0,
1994-09-09,0.0,
1994-09-10,0.0,
1994-09-11,0.0,
1994-09-12,0.0,
1994-09-13,0.0,
1994-09-14,0.0,
1994-09-15,0.0,
1994-09-16,0.0,
1994-09-17,0.0,
1994-09-18,0.0,
1994-09-19,0.0,
1994-09-20,0.0,
1994-09-21,0.0,
1994-09-22,0.0,
1994-09-23,0.0,
1994-09-24,0.0,
1994-09-25,0.0,
1994-09-26,0.0,
1994-09-27,0.0,
1994-09-28,0.0,
1994-09-29,0.0,
1994-09-30,0.0,
1994-10-01,0.0,
1994-10-02,0.0,
1994-10-03,0.0,
1994-10-04,0.0,
1994-10-05,0.0,
1994-10-06,0.0,
1994-10-07,0.0,
1994-10-08,0.0,
1994-10-09,0.0,
1994-10-10,0.035,
1994-10-11,0.115,
1994-10-12,0.195,
1994-10-13,0.275,
1994-10-14,0.355,
1994-10-15,0.461,
1994-10-16,0.601,
1994-10-17,0.741,
1994-10-18,0.881,
1994-10-19,1.021,
1994-10-20,1.135,
1994-10-21,1.215,
1994-10-22,1.295,
1994-10-23,1.375,
1994-10-24,1.455,
1994-10-25,1.5,
1994-10-26,1.5,
1994-10-27,1.5,
1994-10-28,1.5,
1994-10-29,1.5,
1994-10-30,1.5,
1994-10-31,1.5,
1994-11-01,1.5,
1994-11-02,1.5,
1994-11-03,1.5,
1994-11-04,1.5,
1994-11-05,1.5,
1994-11-06,1.5,
1994-11-07,1.5,
1994-11-08,1.5,
1994-11-09,1.5,
1994-11-10,1.596,
1994-11-11,1.816,
1994-11-12,2.036,
1994-11-13,2.256,
1994-11-14,2.476,
1994-11-15,2.696,
1994-11-16,2.916,
1994-11-17,3.136,
1994-11-18,3.356,
1994-11-19,3.576,
1994-11-20,3.735,
1994-11-21,3.815,
1994-11-22,3.895,
1994-11-23,3.975,
1994-11-24,4.055,
1994-11-25,4.135,
1994-11-26,4.215,
1994-11-27,4.295,
1994-11-28,4.375,
1994-11-29,4.455,
1994-11-30,4.561,
1994-12-01,4.701,
1994-12-02,4.841,
1994-12-03,4.981,
1994-12-04,5.121,
1994-12-05,5.235,
1994-12-06,5.315,
1994-12-07,5.395,
1994-12-08,5.475,
1994-12-09,5.555,
1994-12-10,5.828,
1994-12-11,6.348,
1994-12-12,6.867,
1994-12-13,7.388,
1994-12-14,7.907,
1994-12-15,8.2,
1994-12-16,8.2,
1994-12-17,8.2,
1994-12-18,8.2,
1994-12-19,8.2,
1994-12-20,8.235,
1994-12-21,8.315,
1994-12-22,8.395,
1994-12-23,8.475,
1994-12-24,8.555,
1994-12-25,8.635,
1994-12-26,8.715,
1994-12-27,8.795,
1994-12-28,8.875,
1994-12-29,8.955,
1994-12-30,9.0,
1994-12-31,9.0,
1995-01-01,9.0,
1995-01-02,9.0,
1995-01-03,9.0,
1995-01-04,9.0,
1995-01-05,9.0,
1995-01-06,9.0,
1995-01-07,9.0,
1995-01-08,9.0,
1995-01-09,9.0,
1995-01-10,9.07,
1995-01-11,9.23,
1995-01-12,9.39,
1995-01-13,9.55,
1995-01-14,9.71,
1995-01-15,9.8,
1995-01-16,9.8,
1995-01-17,9.8,
1995-01-18,9.8,
1995-01-19,9.8,
1995-01-20,9.826,
1995-01-21,9.886,
1995-01-22,9.946,
1995-01-23,10.006,
1995-01-24,10.066,
1995-01-25,10.301,
1995-01-26,10.761,
1995-01-27,11.221,
1995-01-28,11.681,
1995-01-29,12.141,
1995-01-30,12.451,
1995-01-31,12.568,
1995-02-01,12.684,
1995-02-02,12.801,
1995-02-03,12.918,
1995-02-04,13.034,
1995-02-05,13.118,
1995-02-06,13.158,
1995-02-07,13.198,
1995-02-08,13.238,
1995-02-09,13.277,
1995-02-10,13.318,
1995-02-11,13.358,
1995-02-12,13.398,
1995-02-13,13.438,
1995-02-14,13.478,
1995-02-15,13.5,
1995-02-16,13.5,
1995-02-17,13.5,
1995-02-18,13.5,
1995-02-19,13.5,
1995-02-20,13.631,
1995-02-21,13.931,
1995-02-22,14.231,
1995-02-23,14.531,
1995-02-24,14.831,
1995-02-25,15.0,
1995-02-26,15.0,
1995-02-27,15.0,
1995-02-28,15.035,
1995-03-01,15.115,
1995-03-02,15.195,
1995-03-03,15.275,
1995-03-04,15.355,
1995-03-05,15.435,
1995-03-06,15.515,
1995-03-07,15.595,
1995-03-08,15.675,
1995-03-09,15.755,
1995-03-10,15.861,
1995-03-11,16.001,
1995-03-12,16.141,
1995-03-13,16.281,
1995-03-14,16.421,
1995-03-15,16.596,
1995-03-16,16.816,
1995-03-17,17.036,
1995-03-18,17.256,
1995-03-19,17.476,
1995-03-20,17.6,
1995-03-21,17.6,
1995-03-22,17.6,
1995-03-23,17.6,
1995-03-24,17.6,
1995-03-25,17.67,
1995-03-26,17.83,
1995-03-27,17.99,
1995-03-28,18.15,
1995-03-29,18.31,
1995-03-30,18.575,
1995-03-31,18.8,
1995-04-01,18.833,
1995-04-02,18.908,
1995-04-03,18.983,
1995-04-04,19.058,
1995-04-05,19.1,
1995-04-06,19.1,
1995-04-07,19.1,
1995-04-08,19.1,
1995-04-09,19.1,
1995-04-10,19.1,
1995-04-11,19.1,
1995-04-12,19.1,
1995-04-13,19.1,
1995-04-14,19.1,
1995-04-15,19.135,
1995-04-16,19.215,
1995-04-17,19.295,
1995-04-18,19.375,
1995-04-19,19.455,
1995-04-20,19.439,
1995-04-21,19.299,
1995-04-22,19.159,
1995-04-23,19.019,
1995-04-24,18.879,
1995-04-25,18.73,
1995-04-26,18.57,
1995-04-27,18.41,
1995-04-28,18.25,
1995-04-29,18.09,
1995-04-30,17.773,
1995-05-01,17.253,
1995-05-02,16.733,
1995-05-03,16.213,
1995-05-04,15.693,
1995-05-05,14.647,
1995-05-06,12.927,
1995-05-07,11.207,
1995-05-08,9.487,
1995-05-09,7.767,
1995-05-10,6.537,
1995-05-11,5.938,
1995-05-12,5.338,
1995-05-13,4.737,
1995-05-14,4.138,
1995-05-15,3.8,
1995-05-16,3.8,
1995-05-17,3.8,
1995-05-18,3.8,
1995-05-19,3.8,
1995-05-20,3.73,
1995-05-21,3.57,
1995-05-22,3.41,
1995-05-23,3.25,
1995-05-24,3.09,
1995-05-25,2.737,
1995-05-26,2.138,
1995-05-27,1.538,
1995-05-28,0.938,
1995-05-29,0.338,
1995-05-30,0.0,
1995-05-31,0.0,
1995-06-01,0.0,
1995-06-02,0.0,
1995-06-03,0.0,
1995-06-04,0.0,
1995-06-05,0.0,
1995-06-06,0.0,
1995-06-07,0.0,
1995-06-08,0.0,
1995-06-09,0.0,
1995-06-10,0.0,
1995-06-11,0.0,
1995-06-12,0.0,
1995-06-13,0.0,
1995-06-14,0.0,
1995-06-15,0.0,
1995-06-16,0.0,
1995-06-17,0.0,
1995-06-18,0.0,
1995-06-19,0.0,
1995-06-20,0.0,
1995-06-21,0.0,
1995-06-22,0.0,
1995-06-23,0.0,
1995-06-24,0.0,
1995-06-25,0.0,
1995-06-26,0.0,
1995-06-27,0.0,
1995-06-28,0.0,
1995-06-29,0.0,
1995-06-30,0.0,
1995-07-01,0.0,
1995-07-02,0.0,
1995-07-03,0.0,
1995-07-04,0.0,
1995-07-05,0.0,
1995-07-06,0.0,
1995-07-07,0.0,
1995-07-08,0.0,
1995-07-09,0.0,
1995-07-10,0.0,
1995-07-11,0.0,
1995-07-12,0.0,
1995-07-13,0.0,
1995-07-14,0.0,
1995-07-15,0.0,
1995-07-16,0.0,
1995-07-17,0.0,
1995-07-18,0.0,
1995-07-19,0.0,
1995-07-20,0.0,
1995-07-21,0.0,
1995-07-22,0.0,
1995-07-23,0.0,
1995-07-24,0.0,
1995-07-25,0.0,
1995-07-26,0.0,
1995-07-27,0.0,
1995-07-28,0.0,
1995-07-29,0.0,
1995-07-30,0.0,
1995-07-31,0.0,
1995-08-01,0.0,
1995-08-02,0.0,
1995-08-03,0.0,
1995-08-04,0.0,
1995-08-05,0.0,
1995-08-06,0.0,
1995-08-07,0.0,
1995-08-08,0.0,
1995-08-09,0.0,
1995-08-10,0.0,
1995-08-11,0.0,
1995-08-12,0.0,
1995-08-13,0.0,
1995-08-14,0.0,
1995-08-15,0.0,
1995-08-16,0.0,
1995-08-17,0.0,
1995-08-18,0.0,
1995-08-19,0.0,
1995-08-20,0.0,
1995-08-21,0.0,
1995-08-22,0.0,
1995-08-23,0.0,
1995-08-24,0.0,
1995-08-25,0.0,
1995-08-26,0.0,
1995-08-27,0.0,
1995-08-28,0.0,
1995-08-29,0.0,
1995-08-30,0.0,
1995-08-31,0.0,
1995-09-01,0.0,
1995-09-02,0.0,
1995-09-03,0.0,
1995-09-04,0.0,
1995-09-05,0.0,
1995-09-06,0.0,
1995-09-07,0.0,
1995-09-08,0.0,
1995-09-09,0.0,
1995-09-10,0.0,
1995-09-11,0.0,
1995-09-12,0.0,
1995-09-13,0.0,
1995-09-14,0.0,
1995-09-15,0.0,
1995-09-16,0.0,
1995-09-17,0.0,
1995-09-18,0.0,
1995-09-19,0.0,
1995-09-20,0.0,
1995-09-21,0.0,
1995-09-22,0.0,
1995-09-23,0.0,
1995-09-24,0.0,
1995-09-25,0.0,
1995-09-26,0.0,
1995-09-27,0.0,
1995-09-28,0.0,
1995-09-29,0.0,
1995-09-30,0.0,
1995-10-01,0.0,
1995-10-02,0.0,
1995-10-03,0.0,
1995-10-04,0.0,
1995-10-05,0.0,
1995-10-06,0.0,
1995-10-07,0.0,
1995-10-08,0.0,
1995-10-09,0.0,
1995-10-10,0.0,
1995-10-11,0.0,
1995-10-12,0.0,
1995-10-13,0.0,
1995-10-14,0.0,
1995-10-15,0.035,
1995-10-16,0.115,
1995-10-17,0.195,
1995-10-18,0.275,
1995-10-19,0.355,
1995-10-20,0.461,
1995-10-21,0.601,
1995-10-22,0.741,
1995-10-23,0.881,
1995-10-24,1.021,
1995-10-25,1.135,
1995-10-26,1.215,
1995-10-27,1.295,
1995-10-28,1.375,
1995-10-29,1.455,
1995-10-30,1.5,
1995-10-31,1.5,
1995-11-01,1.5,
1995-11-02,1.5,
1995-11-03,1.5,
1995-11-04,1.5,
1995-11-05,1.518,
1995-11-06,1.557,
1995-11-07,1.597,
1995-11-08,1.638,
1995-11-09,1.678,
1995-11-10,1.7,
1995-11-11,1.7,
1995-11-12,1.7,
1995-11-13,1.7,
1995-11-14,1.7,
1995-11-15,1.718,
1995-11-16,1.757,
1995-11-17,1.797,
1995-11-18,1.838,
1995-11-19,1.878,
1995-11-20,1.9,
1995-11-21,1.9,
1995-11-22,1.9,
1995-11-23,1.9,
1995-11-24,1.9,
1995-11-25,1.961,
1995-11-26,2.101,
1995-11-27,2.241,
1995-11-28,2.381,
1995-11-29,2.521,
1995-11-30,2.635,
1995-12-01,2.715,
1995-12-02,2.795,
1995-12-03,2.875,
1995-12-04,2.955,
1995-12-05,3.0,
1995-12-06,3.0,
1995-12-07,3.0,
1995-12-08,3.0,
1995-12-09,3.0,
1995-12-10,3.035,
1995-12-11,3.115,
1995-12-12,3.195,
1995-12-13,3.275,
1995-12-14,3.355,
1995-12-15,3.628,
1995-12-16,4.148,
1995-12-17,4.667,
1995-12-18,5.188,
1995-12-19,5.707,
1995-12-20,6.096,
1995-12-21,6.316,
1995-12-22,6.536,
1995-12-23,6.756,
1995-12-24,6.976,
1995-12-25,7.17,
1995-12-26,7.33,
1995-12-27,7.49,
1995-12-28,7.65,
1995-12-29,7.81,
1995-12-30,7.951,
1995-12-31,8.068,
1996-01-01,8.184,
1996-01-02,8.301,
1996-01-03,8.418,
1996-01-04,8.534,
1996-01-05,8.766,
1996-01-06,9.146,
1996-01-07,9.526,
1996-01-08,9.906,
1996-01-09,10.286,
1996-01-10,10.5,
1996-01-11,10.5,
1996-01-12,10.5,
1996-01-13,10.5,
1996-01-14,10.5,
1996-01-15,10.5,
1996-01-16,10.5,
1996-01-17,10.5,
1996-01-18,10.5,
1996-01-19,10.5,
1996-01-20,10.553,
1996-01-21,10.673,
1996-01-22,10.793,
1996-01-23,10.913,
1996-01-24,11.033,
1996-01-25,11.144,
1996-01-26,11.244,
1996-01-27,11.344,
1996-01-28,11.444,
1996-01-29,11.544,
1996-01-30,11.666,
1996-01-31,11.816,
1996-02-01,11.966,
1996-02-02,12.116,
1996-02-03,12.266,
1996-02-04,12.416,
1996-02-05,12.552,
1996-02-06,12.672,
1996-02-07,12.793,
1996-02-08,12.912,
1996-02-09,13.032,
1996-02-10,13.135,
1996-02-11,13.215,
1996-02-12,13.295,
1996-02-13,13.375,
1996-02-14,13.455,
1996-02-15,13.57,
1996-02-16,13.73,
1996-02-17,13.89,
1996-02-18,14.05,
1996-02-19,14.21,
1996-02-20,14.335,
1996-02-21,14.415,
1996-02-22,14.495,
1996-02-23,14.575,
1996-02-24,14.655,
1996-02-25,14.744,
1996-02-26,14.844,
1996-02-27,14.944,
1996-02-28,14.891,
1996-02-29,14.641,
1996-03-01,14.391,
1996-03-02,14.141,
1996-03-03,13.891,
1996-03-04,13.641,
1996-03-05,13.596,
1996-03-06,13.816,
1996-03-07,14.036,
1996-03-08,14.256,
1996-03-09,14.476,
1996-03-10,14.766,
1996-03-11,15.146,
1996-03-12,15.526,
1996-03-13,15.906,
1996-03-14,16.286,
1996-03-15,16.596,
1996-03-16,16.816,
1996-03-17,17.036,
1996-03-18,17.256,
1996-03-19,17.476,
1996-03-20,17.635,
1996-03-21,17.715,
1996-03-22,17.795,
1996-03-23,17.875,
1996-03-24,17.955,
1996-03-25,18.035,
1996-03-26,18.115,
1996-03-27,18.195,
1996-03-28,18.275,
1996-03-29,18.355,
1996-03-30,18.4,
1996-03-31,18.4,
1996-04-01,18.4,
1996-04-02,18.4,
1996-04-03,18.4,
1996-04-04,18.4,
1996-04-05,18.435,
1996-04-06,18.515,
1996-04-07,18.595,
1996-04-08,18.675,
1996-04-09,18.755,
1996-04-10,18.8,
1996-04-11,18.8,
1996-04-12,18.8,
1996-04-13,18.8,
1996-04-14,18.8,
1996-04-15,18.861,
1996-04-16,19.001,
1996-04-17,19.141,
1996-04-18,19.281,
1996-04-19,19.421,
1996-04-20,19.535,
1996-04-21,19.615,
1996-04-22,19.695,
1996-04-23,19.775,
1996-04-24,19.855,
1996-04-25,19.961,
1996-04-26,20.101,
1996-04-27,20.241,
1996-04-28,20.381,
1996-04-29,20.521,
1996-04-30,20.635,
1996-05-01,20.715,
1996-05-02,20.795,
1996-05-03,20.875,
1996-05-04,20.955,
1996-05-05,21.044,
1996-05-06,21.144,
1996-05-07,21.244,
1996-05-08,21.344,
1996-05-09,21.444,
1996-05-10,21.456,
1996-05-11,21.356,
1996-05-12,21.256,
1996-05-13,21.156,
1996-05-14,21.056,
1996-05-15,20.913,
1996-05-16,20.712,
1996-05-17,20.512,
1996-05-18,20.312,
1996-05-19,20.113,
1996-05-20,19.125,
1996-05-21,17.125,
1996-05-22,15.125,
1996-05-23,13.125,
1996-05-24,11.125,
1996-05-25,9.3,
1996-05-26,7.7,
1996-05-27,6.1,
1996-05-28,4.5,
1996-05-29,2.9,
1996-05-30,1.854,
1996-05-31,1.521,
1996-06-01,1.188,
1996-06-02,0.854,
1996-06-03,0.521,
1996-06-04,0.188,
1996-06-05,0.0,
1996-06-06,0.0,
1996-06-07,0.0,
1996-06-08,0.0,
1996-06-09,0.0,
1996-06-10,0.0,
1996-06-11,0.0,
1996-06-12,0.0,
1996-06-13,0.0,
1996-06-14,0.0,
1996-06-15,0.0,
1996-06-16,0.0,
1996-06-17,0.0,
1996-06-18,0.0,
1996-06-19,0.0,
1996-06-20,0.0,
1996-06-21,0.0,
1996-06-22,0.0,
1996-06-23,0.0,
1996-06-24,0.0,
1996-06-25,0.0,
1996-06-26,0.0,
1996-06-27,0.0,
1996-06-28,0.0,
1996-06-29,0.0,
1996-06-30,0.0,
1996-07-01,0.0,
1996-07-02,0.0,
1996-07-03,0.0,
1996-07-04,0.0,
1996-07-05,0.0,
1996-07-06,0.0,
1996-07-07,0.0,
1996-07-08,0.0,
1996-07-09,0.0,
1996-07-10,0.0,
1996-07-11,0.0,
1996-07-12,0.0,
1996-07-13,0.0,
1996-07-14,0.0,
1996-07-15,0.0,
1996-07-16,0.0,
1996-07-17,0.0,
1996-07-18,0.0,
1996-07-19,0.0,
1996-07-20,0.0,
1996-07-21,0.0,
1996-07-22,0.0,
1996-07-23,0.0,
1996-07-24,0.0,
1996-07-25,0.0,
1996-07-26,0.0,
1996-07-27,0.0,
1996-07-28,0.0,
1996-07-29,0.0,
1996-07-30,0.0,
1996-07-31,0.0,
1996-08-01,0.0,
1996-08-02,0.0,
1996-08-03,0.0,
1996-08-04,0.0,
1996-08-05,0.0,
1996-08-06,0.0,
1996-08-07,0.0,
1996-08-08,0.0,
1996-08-09,0.0,
1996-08-10,0.0,
1996-08-11,0.0,
1996-08-12,0.0,
1996-08-13,0.0,
1996-08-14,0.0,
1996-08-15,0.0,
1996-08-16,0.0,
1996-08-17,0.0,
1996-08-18,0.0,
1996-08-19,0.0,
1996-08-20,0.0,
1996-08-21,0.0,
1996-08-22,0.0,
1996-08-23,0.0,
1996-08-24,0.0,
1996-08-25,0.0,
1996-08-26,0.0,
1996-08-27,0.0,
1996-08-28,0.0,
1996-08-29,0.0,
1996-08-30,0.0,
1996-08-31,0.0,
1996-09-01,0.0,
1996-09-02,0.0,
1996-09-03,0.0,
1996-09-04,0.0,
1996-09-05,0.0,
1996-09-06,0.0,
1996-09-07,0.0,
1996-09-08,0.0,
1996-09-09,0.0,
1996-09-10,0.0,
1996-09-11,0.0,
1996-09-12,0.0,
1996-09-13,0.0,
1996-09-14,0.0,
1996-09-15,0.0,
1996-09-16,0.0,
1996-09-17,0.0,
1996-09-18,0.0,
1996-09-19,0.0,
1996-09-20,0.0,
1996-09-21,0.0,
1996-09-22,0.0,
1996-09-23,0.0,
1996-09-24,0.0,
1996-09-25,0.0,
1996-09-26,0.0,
1996-09-27,0.0,
1996-09-28,0.0,
1996-09-29,0.0,
1996-09-30,0.0,
1996-10-01,0.0,
1996-10-02,0.0,
1996-10-03,0.0,
1996-10-04,0.0,
1996-10-05,0.105,
1996-10-06,0.345,
1996-10-07,0.585,
1996-10-08,0.825,
1996-10-09,1.065,
1996-10-10,1.288,
1996-10-11,1.488,
1996-10-12,1.688,
1996-10-13,1.887,
1996-10-14,2.087,
1996-10-15,2.165,
1996-10-16,2.085,
1996-10-17,2.005,
1996-10-18,1.925,
1996-10-19,1.845,
1996-10-20,1.844,
1996-10-21,1.944,
1996-10-22,2.044,
1996-10-23,2.144,
1996-10-24,2.244,
1996-10-25,2.344,
1996-10-26,2.444,
1996-10-27,2.544,
1996-10-28,2.644,
1996-10-29,2.744,
1996-10-30,2.997,
1996-10-31,3.447,
1996-11-01,3.897,
1996-11-02,4.347,
1996-11-03,4.797,
1996-11-04,5.247,
1996-11-05,5.561,
1996-11-06,5.701,
1996-11-07,5.841,
1996-11-08,5.981,
1996-11-09,6.121,
1996-11-10,6.296,
1996-11-11,6.516,
1996-11-12,6.736,
1996-11-13,6.956,
1996-11-14,7.176,
1996-11-15,7.3,
1996-11-16,7.3,
1996-11-17,7.3,
1996-11-18,7.3,
1996-11-19,7.3,
1996-11-20,7.3,
1996-11-21,7.3,
1996-11-22,7.3,
1996-11-23,7.3,
1996-11-24,7.3,
1996-11-25,7.3,
1996-11-26,7.3,
1996-11-27,7.3,
1996-11-28,7.3,
1996-11-29,7.3,
1996-11-30,7.414,
1996-12-01,7.674,
1996-12-02,7.934,
1996-12-03,8.194,
1996-12-04,8.454,
1996-12-05,8.609,
1996-12-06,8.629,
1996-12-07,8.649,
1996-12-08,8.669,
1996-12-09,8.689,
1996-12-10,8.709,
1996-12-11,8.729,
1996-12-12,8.749,
1996-12-13,8.769,
1996-12-14,8.789,
1996-12-15,8.887,
1996-12-16,9.088,
1996-12-17,9.287,
1996-12-18,9.488,
1996-12-19,9.688,
1996-12-20,9.8,
1996-12-21,9.8,
1996-12-22,9.8,
1996-12-23,9.8,
1996-12-24,9.8,
1996-12-25,9.8,
1996-12-26,9.8,
1996-12-27,9.8,
1996-12-28,9.8,
1996-12-29,9.8,
1996-12-30,9.917,
1996-12-31,10.183,
1997-01-01,10.45,
1997-01-02,10.717,
1997-01-03,10.983,
1997-01-04,11.25,
1997-01-05,11.575,
1997-01-06,11.975,
1997-01-07,12.375,
1997-01-08,12.775,
1997-01-09,13.175,
1997-01-10,13.435,
1997-01-11,13.515,
1997-01-12,13.595,
1997-01-13,13.675,
1997-01-14,13.755,
1997-01-15,13.87,
1997-01-16,14.03,
1997-01-17,14.19,
1997-01-18,14.35,
1997-01-19,14.51,
1997-01-20,14.6,
1997-01-21,14.6,
1997-01-22,14.6,
1997-01-23,14.6,
1997-01-24,14.6,
1997-01-25,14.635,
1997-01-26,14.715,
1997-01-27,14.795,
1997-01-28,14.875,
1997-01-29,14.955,
1997-01-30,15.051,
1997-01-31,15.168,
1997-02-01,15.284,
1997-02-02,15.401,
1997-02-03,15.518,
1997-02-04,15.634,
1997-02-05,15.7,
1997-02-06,15.7,
1997-02-07,15.7,
1997-02-08,15.7,
1997-02-09,15.7,
1997-02-10,15.709,
1997-02-11,15.729,
1997-02-12,15.749,
1997-02-13,15.769,
1997-02-14,15.789,
1997-02-15,15.844,
1997-02-16,15.944,
1997-02-17,16.044,
1997-02-18,16.144,
1997-02-19,16.244,
1997-02-20,16.353,
1997-02-21,16.473,
1997-02-22,16.593,
1997-02-23,16.713,
1997-02-24,16.833,
1997-02-25,16.958,
1997-02-26,17.092,
1997-02-27,17.225,
1997-02-28,17.3,
1997-03-01,17.3,
1997-03-02,17.3,
1997-03-03,17.3,
1997-03-04,17.3,
1997-03-05,17.361,
1997-03-06,17.501,
1997-03-07,17.641,
1997-03-08,17.781,
1997-03-09,17.921,
1997-03-10,18.0,
1997-03-11,18.0,
1997-03-12,18.0,
1997-03-13,18.0,
1997-03-14,18.0,
1997-03-15,18.035,
1997-03-16,18.115,
1997-03-17,18.195,
1997-03-18,18.275,
1997-03-19,18.355,
1997-03-20,18.435,
1997-03-21,18.515,
1997-03-22,18.595,
1997-03-23,18.675,
1997-03-24,18.755,
1997-03-25,18.8,
1997-03-26,18.8,
1997-03-27,18.8,
1997-03-28,18.8,
1997-03-29,18.8,
1997-03-30,18.851,
1997-03-31,18.968,
1997-04-01,19.084,
1997-04-02,19.201,
1997-04-03,19.318,
1997-04-04,19.434,
1997-04-05,19.535,
1997-04-06,19.615,
1997-04-07,19.695,
1997-04-08,19.775,
1997-04-09,19.855,
1997-04-10,19.935,
1997-04-11,20.015,
1997-04-12,20.095,
1997-04-13,20.175,
1997-04-14,20.255,
1997-04-15,20.431,
1997-04-16,20.731,
1997-04-17,21.031,
1997-04-18,21.331,
1997-04-19,21.631,
1997-04-20,21.896,
1997-04-21,22.116,
1997-04-22,22.336,
1997-04-23,22.556,
1997-04-24,22.776,
1997-04-25,22.9,
1997-04-26,22.9,
1997-04-27,22.9,
1997-04-28,22.9,
1997-04-29,22.9,
1997-04-30,22.9,
1997-05-01,22.9,
1997-05-02,22.9,
1997-05-03,22.9,
1997-05-04,22.9,
1997-05-05,22.865,
1997-05-06,22.785,
1997-05-07,22.705,
1997-05-08,22.625,
1997-05-09,22.545,
1997-05-10,21.879,
1997-05-11,20.459,
1997-05-12,19.039,
1997-05-13,17.619,
1997-05-14,16.199,
1997-05-15,14.744,
1997-05-16,13.244,
1997-05-17,11.744,
1997-05-18,10.244,
1997-05-19,8.744,
1997-05-20,7.209,
1997-05-21,5.629,
1997-05-22,4.049,
1997-05-23,2.469,
1997-05-24,0.889,
1997-05-25,0.0,
1997-05-26,0.0,
1997-05-27,0.0,
1997-05-28,0.0,
1997-05-29,0.0,
1997-05-30,0.0,
1997-05-31,0.0,
1997-06-01,0.0,
1997-06-02,0.0,
1997-06-03,0.0,
1997-06-04,0.0,
1997-06-05,0.0,
1997-06-06,0.0,
1997-06-07,0.0,
1997-06-08,0.0,
1997-06-09,0.0,
1997-06-10,0.0,
1997-06-11,0.0,
1997-06-12,0.0,
1997-06-13,0.0,
1997-06-14,0.0,
1997-06-15,0.0,
1997-06-16,0.0,
1997-06-17,0.0,
1997-06-18,0.0,
1997-06-19,0.0,
1997-06-20,0.0,
1997-06-21,0.0,
1997-06-22,0.0,
1997-06-23,0.0,
1997-06-24,0.0,
1997-06-25,0.0,
1997-06-26,0.0,
1997-06-27,0.0,
1997-06-28,0.0,
1997-06-29,0.0,
1997-06-30,0.0,
1997-07-01,0.0,
1997-07-02,0.0,
1997-07-03,0.0,
1997-07-04,0.0,
1997-07-05,0.0,
1997-07-06,0.0,
1997-07-07,0.0,
1997-07-08,0.0,
1997-07-09,0.0,
1997-07-10,0.0,
1997-07-11,0.0,
1997-07-12,0.0,
1997-07-13,0.0,
1997-07-14,0.0,
1997-07-15,0.0,
1997-07-16,0.0,
1997-07-17,0.0,
1997-07-18,0.0,
1997-07-19,0.0,
1997-07-20,0.0,
1997-07-21,0.0,
1997-07-22,0.0,
1997-07-23,0.0,
1997-07-24,0.0,
1997-07-25,0.0,
1997-07-26,0.0,
1997-07-27,0.0,
1997-07-28,0.0,
1997-07-29,0.0,
1997-07-30,0.0,
1997-07-31,0.0,
1997-08-01,0.0,
1997-08-02,0.0,
1997-08-03,0.0,
1997-08-04,0.0,
1997-08-05,0.0,
1997-08-06,0.0,
1997-08-07,0.0,
1997-08-08,0.0,
1997-08-09,0.0,
1997-08-10,0.0,
1997-08-11,0.0,
1997-08-12,0.0,
1997-08-13,0.0,
1997-08-14,0.0,
1997-08-15,0.0,
1997-08-16,0.0,
1997-08-17,0.0,
1997-08-18,0.0,
1997-08-19,0.0,
1997-08-20,0.0,
1997-08-21,0.0,
1997-08-22,0.0,
1997-08-23,0.0,
1997-08-24,0.0,
1997-08-25,0.0,
1997-08-26,0.0,
1997-08-27,0.0,
1997-08-28,0.0,
1997-08-29,0.0,
1997-08-30,0.0,
1997-08-31,0.0,
1997-09-01,0.0,
1997-09-02,0.0,
1997-09-03,0.0,
1997-09-04,0.0,
1997-09-05,0.0,
1997-09-06,0.0,
1997-09-07,0.0,
1997-09-08,0.0,
1997-09-09,0.0,
1997-09-10,0.0,
1997-09-11,0.0,
1997-09-12,0.0,
1997-09-13,0.0,
1997-09-14,0.0,
1997-09-15,0.0,
1997-09-16,0.0,
1997-09-17,0.0,
1997-09-18,0.0,
1997-09-19,0.0,
1997-09-20,0.0,
1997-09-21,0.0,
1997-09-22,0.0,
1997-09-23,0.0,
1997-09-24,0.0,
1997-09-25,0.052,
1997-09-26,0.172,
1997-09-27,0.293,
1997-09-28,0.412,
1997-09-29,0.533,
1997-09-30,0.652,
1997-10-01,0.772,
1997-10-02,0.893,
1997-10-03,1.013,
1997-10-04,1.133,
1997-10-05,1.252,
1997-10-06,1.372,
1997-10-07,1.493,
1997-10-08,1.613,
1997-10-09,1.733,
1997-10-10,1.852,
1997-10-11,1.972,
1997-10-12,2.093,
1997-10-13,2.213,
1997-10-14,2.333,
1997-10-15,2.452,
1997-10-16,2.572,
1997-10-17,2.693,
1997-10-18,2.812,
1997-10-19,2.933,
1997-10-20,3.07,
1997-10-21,3.23,
1997-10-22,3.39,
1997-10-23,3.55,
1997-10-24,3.71,
1997-10-25,3.826,
1997-10-26,3.886,
1997-10-27,3.946,
1997-10-28,4.006,
1997-10-29,4.066,
1997-10-30,4.158,
1997-10-31,4.292,
1997-11-01,4.425,
1997-11-02,4.558,
1997-11-03,4.692,
1997-11-04,4.825,
1997-11-05,4.9,
1997-11-06,4.9,
1997-11-07,4.9,
1997-11-08,4.9,
1997-11-09,4.9,
1997-11-10,4.9,
1997-11-11,4.9,
1997-11-12,4.9,
1997-11-13,4.9,
1997-11-14,4.9,
1997-11-15,4.9,
1997-11-16,4.9,
1997-11-17,4.9,
1997-11-18,4.9,
1997-11-19,4.9,
1997-11-20,4.926,
1997-11-21,4.986,
1997-11-22,5.046,
1997-11-23,5.106,
1997-11-24,5.166,
1997-11-25,5.2,
1997-11-26,5.2,
1997-11-27,5.2,
1997-11-28,5.2,
1997-11-29,5.2,
1997-11-30,5.34,
1997-12-01,5.66,
1997-12-02,5.98,
1997-12-03,6.3,
1997-12-04,6.62,
1997-12-05,6.861,
1997-12-06,7.001,
1997-12-07,7.141,
1997-12-08,7.281,
1997-12-09,7.421,
1997-12-10,7.596,
1997-12-11,7.816,
1997-12-12,8.036,
1997-12-13,8.256,
1997-12-14,8.476,
1997-12-15,8.67,
1997-12-16,8.83,
1997-12-17,8.99,
1997-12-18,9.15,
1997-12-19,9.31,
1997-12-20,9.461,
1997-12-21,9.601,
1997-12-22,9.741,
1997-12-23,9.881,
1997-12-24,10.021,
1997-12-25,10.363,
1997-12-26,10.963,
1997-12-27,11.562,
1997-12-28,12.162,
1997-12-29,12.762,
1997-12-30,13.1,
1997-12-31,13.1,
1998-01-01,13.1,
1998-01-02,13.1,
1998-01-03,13.1,
1998-01-04,13.1,
1998-01-05,13.1,
1998-01-06,13.1,
1998-01-07,13.1,
1998-01-08,13.1,
1998-01-09,13.1,
1998-01-10,13.1,
1998-01-11,13.1,
1998-01-12,13.1,
1998-01-13,13.1,
1998-01-14,13.1,
1998-01-15,13.17,
1998-01-16,13.33,
1998-01-17,13.49,
1998-01-18,13.65,
1998-01-19,13.81,
1998-01-20,13.9,
1998-01-21,13.9,
1998-01-22,13.9,
1998-01-23,13.9,
1998-01-24,13.9,
1998-01-25,13.935,
1998-01-26,14.015,
1998-01-27,14.095,
1998-01-28,14.175,
1998-01-29,14.255,
1998-01-30,14.3,
1998-01-31,14.3,
1998-02-01,14.3,
1998-02-02,14.3,
1998-02-03,14.3,
1998-02-04,14.3,
1998-02-05,14.3,
1998-02-06,14.3,
1998-02-07,14.3,
1998-02-08,14.3,
1998-02-09,14.3,
1998-02-10,14.431,
1998-02-11,14.731,
1998-02-12,15.031,
1998-02-13,15.331,
1998-02-14,15.631,
1998-02-15,15.957,
1998-02-16,16.317,
1998-02-17,16.678,
1998-02-18,17.037,
1998-02-19,17.397,
1998-02-20,17.635,
1998-02-21,17.715,
1998-02-22,17.795,
1998-02-23,17.875,
1998-02-24,17.955,
1998-02-25,18.058,
1998-02-26,18.192,
1998-02-27,18.325,
1998-02-28,18.4,
1998-03-01,18.4,
1998-03-02,18.4,
1998-03-03,18.4,
1998-03-04,18.4,
1998-03-05,18.4,
1998-03-06,18.4,
1998-03-07,18.4,
1998-03-08,18.4,
1998-03-09,18.4,
1998-03-10,18.435,
1998-03-11,18.515,
1998-03-12,18.595,
1998-03-13,18.675,
1998-03-14,18.755,
1998-03-15,18.8,
1998-03-16,18.8,
1998-03-17,18.8,
1998-03-18,18.8,
1998-03-19,18.8,
1998-03-20,18.8,
1998-03-21,18.8,
1998-03-22,18.8,
1998-03-23,18.8,
1998-03-24,18.8,
1998-03-25,18.8,
1998-03-26,18.8,
1998-03-27,18.8,
1998-03-28,18.8,
1998-03-29,18.8,
1998-03-30,18.822,
1998-03-31,18.872,
1998-04-01,18.922,
1998-04-02,18.972,
1998-04-03,19.022,
1998-04-04,19.072,
1998-04-05,19.1,
1998-04-06,19.1,
1998-04-07,19.1,
1998-04-08,19.1,
1998-04-09,19.1,
1998-04-10,19.135,
1998-04-11,19.215,
1998-04-12,19.295,
1998-04-13,19.375,
1998-04-14,19.455,
1998-04-15,19.535,
1998-04-16,19.615,
1998-04-17,19.695,
1998-04-18,19.775,
1998-04-19,19.855,
1998-04-20,19.83,
1998-04-21,19.67,
1998-04-22,19.51,
1998-04-23,19.35,
1998-04-24,19.19,
1998-04-25,19.205,
1998-04-26,19.445,
1998-04-27,19.685,
1998-04-28,19.925,
1998-04-29,20.165,
1998-04-30,20.396,
1998-05-01,20.616,
1998-05-02,20.836,
1998-05-03,21.056,
1998-05-04,21.276,
1998-05-05,21.4,
1998-05-06,21.4,
1998-05-07,21.4,
1998-05-08,21.4,
1998-05-09,21.4,
1998-05-10,20.875,
1998-05-11,19.675,
1998-05-12,18.475,
1998-05-13,17.275,
1998-05-14,16.075,
1998-05-15,14.516,
1998-05-16,12.496,
1998-05-17,10.476,
1998-05-18,8.456,
1998-05-19,6.436,
1998-05-20,5.256,
1998-05-21,5.156,
1998-05-22,5.056,
1998-05-23,4.956,
1998-05-24,4.856,
1998-05-25,4.678,
1998-05-26,4.398,
1998-05-27,4.118,
1998-05-28,3.838,
1998-05-29,3.558,
1998-05-30,3.152,
1998-05-31,2.585,
1998-06-01,2.019,
1998-06-02,1.452,
1998-06-03,0.885,
1998-06-04,0.319,
1998-06-05,0.0,
1998-06-06,0.0,
1998-06-07,0.0,
1998-06-08,0.0,
1998-06-09,0.0,
1998-06-10,0.0,
1998-06-11,0.0,
1998-06-12,0.0,
1998-06-13,0.0,
1998-06-14,0.0,
1998-06-15,0.0,
1998-06-16,0.0,
1998-06-17,0.0,
1998-06-18,0.0,
1998-06-19,0.0,
1998-06-20,0.0,
1998-06-21,0.0,
1998-06-22,0.0,
1998-06-23,0.0,
1998-06-24,0.0,
1998-06-25,0.0,
1998-06-26,0.0,
1998-06-27,0.0,
1998-06-28,0.0,
1998-06-29,0.0,
1998-06-30,0.0,
1998-07-01,0.0,
1998-07-02,0.0,
1998-07-03,0.0,
1998-07-04,0.0,
1998-07-05,0.0,
1998-07-06,0.0,
1998-07-07,0.0,
1998-07-08,0.0,
1998-07-09,0.0,
1998-07-10,0.0,
1998-07-11,0.0,
1998-07-12,0.0,
1998-07-13,0.0,
1998-07-14,0.0,
1998-07-15,0.0,
1998-07-16,0.0,
1998-07-17,0.0,
1998-07-18,0.0,
1998-07-19,0.0,
1998-07-20,0.0,
1998-07-21,0.0,
1998-07-22,0.0,
1998-07-23,0.0,
1998-07-24,0.0,
1998-07-25,0.0,
1998-07-26,0.0,
1998-07-27,0.0,
1998-07-28,0.0,
1998-07-29,0.0,
1998-07-30,0.0,
1998-07-31,0.0,
1998-08-01,0.0,
1998-08-02,0.0,
1998-08-03,0.0,
1998-08-04,0.0,
1998-08-05,0.0,
1998-08-06,0.0,
1998-08-07,0.0,
1998-08-08,0.0,
1998-08-09,0.0,
1998-08-10,0.0,
1998-08-11,0.0,
1998-08-12,0.0,
1998-08-13,0.0,
1998-08-14,0.0,
1998-08-15,0.0,
1998-08-16,0.0,
1998-08-17,0.0,
1998-08-18,0.0,
1998-08-19,0.0,
1998-08-20,0.0,
1998-08-21,0.0,
1998-08-22,0.0,
1998-08-23,0.0,
1998-08-24,0.0,
1998-08-25,0.0,
1998-08-26,0.0,
1998-08-27,0.0,
1998-08-28,0.0,
1998-08-29,0.0,
1998-08-30,0.0,
1998-08-31,0.0,
1998-09-01,0.0,
1998-09-02,0.0,
1998-09-03,0.0,
1998-09-04,0.0,
1998-09-05,0.0,
1998-09-06,0.0,
1998-09-07,0.0,
1998-09-08,0.0,
1998-09-09,0.0,
1998-09-10,0.0,
1998-09-11,0.0,
1998-09-12,0.0,
1998-09-13,0.0,
1998-09-14,0.0,
1998-09-15,0.0,
1998-09-16,0.0,
1998-09-17,0.0,
1998-09-18,0.0,
1998-09-19,0.0,
1998-09-20,0.0,
1998-09-21,0.0,
1998-09-22,0.0,
1998-09-23,0.0,
1998-09-24,0.0,
1998-09-25,0.0,
1998-09-26,0.0,
1998-09-27,0.0,
1998-09-28,0.0,
1998-09-29,0.0,
1998-09-30,0.0,
1998-10-01,0.0,
1998-10-02,0.0,
1998-10-03,0.0,
1998-10-04,0.0,
1998-10-05,0.035,
1998-10-06,0.115,
1998-10-07,0.195,
1998-10-08,0.275,
1998-10-09,0.355,
1998-10-10,0.4,
1998-10-11,0.4,
1998-10-12,0.4,
1998-10-13,0.4,
1998-10-14,0.4,
1998-10-15,0.4,
1998-10-16,0.4,
1998-10-17,0.4,
1998-10-18,0.4,
1998-10-19,0.4,
1998-10-20,0.558,
1998-10-21,0.918,
1998-10-22,1.277,
1998-10-23,1.637,
1998-10-24,1.997,
1998-10-25,2.2,
1998-10-26,2.2,
1998-10-27,2.2,
1998-10-28,2.2,
1998-10-29,2.2,
1998-10-30,2.2,
1998-10-31,2.2,
1998-11-01,2.2,
1998-11-02,2.2,
1998-11-03,2.2,
1998-11-04,2.2,
1998-11-05,2.2,
1998-11-06,2.2,
1998-11-07,2.2,
1998-11-08,2.2,
1998-11-09,2.2,
1998-11-10,2.2,
1998-11-11,2.2,
1998-11-12,2.2,
1998-11-13,2.2,
1998-11-14,2.2,
1998-11-15,2.235,
1998-11-16,2.315,
1998-11-17,2.395,
1998-11-18,2.475,
1998-11-19,2.555,
1998-11-20,2.67,
1998-11-21,2.83,
1998-11-22,2.99,
1998-11-23,3.15,
1998-11-24,3.31,
1998-11-25,3.4,
1998-11-26,3.4,
1998-11-27,3.4,
1998-11-28,3.4,
1998-11-29,3.4,
1998-11-30,3.4,
1998-12-01,3.4,
1998-12-02,3.4,
1998-12-03,3.4,
1998-12-04,3.4,
1998-12-05,3.496,
1998-12-06,3.716,
1998-12-07,3.936,
1998-12-08,4.156,
1998-12-09,4.376,
1998-12-10,4.631,
1998-12-11,4.931,
1998-12-12,5.231,
1998-12-13,5.531,
1998-12-14,5.831,
1998-12-15,6.0,
1998-12-16,6.0,
1998-12-17,6.0,
1998-12-18,6.0,
1998-12-19,6.0,
1998-12-20,6.035,
1998-12-21,6.115,
1998-12-22,6.195,
1998-12-23,6.275,
1998-12-24,6.355,
1998-12-25,6.4,
1998-12-26,6.4,
1998-12-27,6.4,
1998-12-28,6.4,
1998-12-29,6.4,
1998-12-30,6.422,
1998-12-31,6.472,
1999-01-01,6.522,
1999-01-02,6.572,
1999-01-03,6.622,
1999-01-04,6.672,
1999-01-05,6.7,
1999-01-06,6.7,
1999-01-07,6.7,
1999-01-08,6.7,
1999-01-09,6.7,
1999-01-10,6.735,
1999-01-11,6.815,
1999-01-12,6.895,
1999-01-13,6.975,
1999-01-14,7.055,
1999-01-15,7.135,
1999-01-16,7.215,
1999-01-17,7.295,
1999-01-18,7.375,
1999-01-19,7.455,
1999-01-20,7.544,
1999-01-21,7.644,
1999-01-22,7.744,
1999-01-23,7.844,
1999-01-24,7.944,
1999-01-25,8.035,
1999-01-26,8.115,
1999-01-27,8.195,
1999-01-28,8.275,
1999-01-29,8.355,
1999-01-30,8.429,
1999-01-31,8.496,
1999-02-01,8.563,
1999-02-02,8.629,
1999-02-03,8.696,
1999-02-04,8.763,
1999-02-05,8.835,
1999-02-06,8.915,
1999-02-07,8.995,
1999-02-08,9.075,
1999-02-09,9.155,
1999-02-10,9.235,
1999-02-11,9.315,
1999-02-12,9.395,
1999-02-13,9.475,
1999-02-14,9.555,
1999-02-15,9.635,
1999-02-16,9.715,
1999-02-17,9.795,
1999-02-18,9.875,
1999-02-19,9.955,
1999-02-20,10.026,
1999-02-21,10.086,
1999-02-22,10.146,
1999-02-23,10.206,
1999-02-24,10.266,
1999-02-25,10.329,
1999-02-26,10.396,
1999-02-27,10.463,
1999-02-28,10.535,
1999-03-01,10.615,
1999-03-02,10.695,
1999-03-03,10.775,
1999-03-04,10.855,
1999-03-05,10.926,
1999-03-06,10.986,
1999-03-07,11.046,
1999-03-08,11.106,
1999-03-09,11.166,
1999-03-10,11.27,
1999-03-11,11.43,
1999-03-12,11.59,
1999-03-13,11.75,
1999-03-14,11.91,
1999-03-15,12.035,
1999-03-16,12.115,
1999-03-17,12.195,
1999-03-18,12.275,
1999-03-19,12.355,
1999-03-20,12.453,
1999-03-21,12.573,
1999-03-22,12.693,
1999-03-23,12.813,
1999-03-24,12.933,
1999-03-25,13.079,
1999-03-26,13.259,
1999-03-27,13.439,
1999-03-28,13.619,
1999-03-29,13.799,
1999-03-30,13.951,
1999-03-31,14.068,
1999-04-01,14.184,
1999-04-02,14.301,
1999-04-03,14.418,
1999-04-04,14.534,
1999-04-05,14.6,
1999-04-06,14.6,
1999-04-07,14.6,
1999-04-08,14.6,
1999-04-09,14.6,
1999-04-10,14.731,
1999-04-11,15.031,
1999-04-12,15.331,
1999-04-13,15.631,
1999-04-14,15.931,
1999-04-15,16.17,
1999-04-16,16.33,
1999-04-17,16.49,
1999-04-18,16.65,
1999-04-19,16.81,
1999-04-20,16.9,
1999-04-21,16.9,
1999-04-22,16.9,
1999-04-23,16.9,
1999-04-24,16.9,
1999-04-25,16.9,
1999-04-26,16.9,
1999-04-27,16.9,
1999-04-28,16.9,
1999-04-29,16.9,
1999-04-30,16.961,
1999-05-01,17.101,
1999-05-02,17.241,
1999-05-03,17.381,
1999-05-04,17.521,
1999-05-05,17.407,
1999-05-06,16.967,
1999-05-07,16.527,
1999-05-08,16.087,
1999-05-09,15.647,
1999-05-10,14.49,
1999-05-11,12.41,
1999-05-12,10.33,
1999-05-13,8.25,
1999-05-14,6.17,
1999-05-15,4.65,
1999-05-16,3.85,
1999-05-17,3.05,
1999-05-18,2.25,
1999-05-19,1.45,
1999-05-20,0.912,
1999-05-21,0.713,
1999-05-22,0.512,
1999-05-23,0.312,
1999-05-24,0.113,
1999-05-25,0.0,
1999-05-26,0.0,
1999-05-27,0.0,
1999-05-28,0.0,
1999-05-29,0.0,
1999-05-30,0.0,
1999-05-31,0.0,
1999-06-01,0.0,
1999-06-02,0.0,
1999-06-03,0.0,
1999-06-04,0.0,
1999-06-05,0.0,
1999-06-06,0.0,
1999-06-07,0.0,
1999-06-08,0.0,
1999-06-09,0.0,
1999-06-10,0.0,
1999-06-11,0.0,
1999-06-12,0.0,
1999-06-13,0.0,
1999-06-14,0.0,
1999-06-15,0.0,
1999-06-16,0.0,
1999-06-17,0.0,
1999-06-18,0.0,
1999-06-19,0.0,
1999-06-20,0.0,
1999-06-21,0.0,
1999-06-22,0.0,
1999-06-23,0.0,
1999-06-24,0.0,
1999-06-25,0.0,
1999-06-26,0.0,
1999-06-27,0.0,
1999-06-28,0.0,
1999-06-29,0.0,
1999-06-30,0.0,
1999-07-01,0.0,
1999-07-02,0.0,
1999-07-03,0.0,
1999-07-04,0.0,
1999-07-05,0.0,
1999-07-06,0.0,
1999-07-07,0.0,
1999-07-08,0.0,
1999-07-09,0.0,
1999-07-10,0.0,
1999-07-11,0.0,
1999-07-12,0.0,
1999-07-13,0.0,
1999-07-14,0.0,
1999-07-15,0.0,
1999-07-16,0.0,
1999-07-17,0.0,
1999-07-18,0.0,
1999-07-19,0.0,
1999-07-20,0.0,
1999-07-21,0.0,
1999-07-22,0.0,
1999-07-23,0.0,
1999-07-24,0.0,
1999-07-25,0.0,
1999-07-26,0.0,
1999-07-27,0.0,
1999-07-28,0.0,
1999-07-29,0.0,
1999-07-30,0.0,
1999-07-31,0.0,
1999-08-01,0.0,
1999-08-02,0.0,
1999-08-03,0.0,
1999-08-04,0.0,
1999-08-05,0.0,
1999-08-06,0.0,
1999-08-07,0.0,
1999-08-08,0.0,
1999-08-09,0.0,
1999-08-10,0.0,
1999-08-11,0.0,
1999-08-12,0.0,
1999-08-13,0.0,
1999-08-14,0.0,
1999-08-15,0.0,
1999-08-16,0.0,
1999-08-17,0.0,
1999-08-18,0.0,
1999-08-19,0.0,
1999-08-20,0.0,
1999-08-21,0.0,
1999-08-22,0.0,
1999-08-23,0.0,
1999-08-24,0.0,
1999-08-25,0.0,
1999-08-26,0.0,
1999-08-27,0.0,
1999-08-28,0.0,
1999-08-29,0.0,
1999-08-30,0.0,
1999-08-31,0.0,
1999-09-01,0.0,
1999-09-02,0.0,
1999-09-03,0.0,
1999-09-04,0.0,
1999-09-05,0.0,
1999-09-06,0.0,
1999-09-07,0.0,
1999-09-08,0.0,
1999-09-09,0.0,
1999-09-10,0.0,
1999-09-11,0.0,
1999-09-12,0.0,
1999-09-13,0.0,
1999-09-14,0.0,
1999-09-15,0.0,
1999-09-16,0.0,
1999-09-17,0.0,
1999-09-18,0.0,
1999-09-19,0.0,
1999-09-20,0.0,
1999-09-21,0.0,
1999-09-22,0.0,
1999-09-23,0.0,
1999-09-24,0.0,
1999-09-25,0.061,
1999-09-26,0.201,
1999-09-27,0.341,
1999-09-28,0.481,
1999-09-29,0.621,
1999-09-30,0.77,
1999-10-01,0.93,
1999-10-02,1.09,
1999-10-03,1.25,
1999-10-04,1.41,
1999-10-05,1.631,
1999-10-06,1.931,
1999-10-07,2.231,
1999-10-08,2.531,
1999-10-09,2.831,
1999-10-10,3.0,
1999-10-11,3.0,
1999-10-12,3.0,
1999-10-13,3.0,
1999-10-14,3.0,
1999-10-15,3.166,
1999-10-16,3.546,
1999-10-17,3.926,
1999-10-18,4.306,
1999-10-19,4.686,
1999-10-20,5.031,
1999-10-21,5.331,
1999-10-22,5.631,
1999-10-23,5.931,
1999-10-24,6.231,
1999-10-25,6.4,
1999-10-26,6.4,
1999-10-27,6.4,
1999-10-28,6.4,
1999-10-29,6.4,
1999-10-30,6.4,
1999-10-31,6.4,
1999-11-01,6.4,
1999-11-02,6.4,
1999-11-03,6.4,
1999-11-04,6.4,
1999-11-05,6.4,
1999-11-06,6.4,
1999-11-07,6.4,
1999-11-08,6.4,
1999-11-09,6.4,
1999-11-10,6.4,
1999-11-11,6.4,
1999-11-12,6.4,
1999-11-13,6.4,
1999-11-14,6.4,
1999-11-15,6.4,
1999-11-16,6.4,
1999-11-17,6.4,
1999-11-18,6.4,
1999-11-19,6.4,
1999-11-20,6.4,
1999-11-21,6.4,
1999-11-22,6.4,
1999-11-23,6.4,
1999-11-24,6.4,
1999-11-25,6.4,
1999-11-26,6.4,
1999-11-27,6.4,
1999-11-28,6.4,
1999-11-29,6.4,
1999-11-30,6.496,
1999-12-01,6.716,
1999-12-02,6.936,
1999-12-03,7.156,
1999-12-04,7.376,
1999-12-05,7.535,
1999-12-06,7.615,
1999-12-07,7.695,
1999-12-08,7.775,
1999-12-09,7.855,
1999-12-10,7.9,
1999-12-11,7.9,
1999-12-12,7.9,
1999-12-13,7.9,
1999-12-14,7.9,
1999-12-15,7.996,
1999-12-16,8.216,
1999-12-17,8.436,
1999-12-18,8.656,
1999-12-19,8.876,
1999-12-20,9.035,
1999-12-21,9.115,
1999-12-22,9.195,
1999-12-23,9.275,
1999-12-24,9.355,
1999-12-25,9.662,
1999-12-26,10.262,
1999-12-27,10.863,
1999-12-28,11.463,
1999-12-29,12.062,
1999-12-30,12.451,
1999-12-31,12.568,
2000-01-01,12.684,
2000-01-02,12.801,
2000-01-03,12.918,
2000-01-04,13.034,
2000-01-05,13.135,
2000-01-06,13.215,
2000-01-07,13.295,
2000-01-08,13.375,
2000-01-09,13.455,
2000-01-10,13.5,
2000-01-11,13.5,
2000-01-12,13.5,
2000-01-13,13.5,
2000-01-14,13.5,
2000-01-15,13.535,
2000-01-16,13.615,
2000-01-17,13.695,
2000-01-18,13.775,
2000-01-19,13.855,
2000-01-20,14.066,
2000-01-21,14.446,
2000-01-22,14.826,
2000-01-23,15.206,
2000-01-24,15.586,
2000-01-25,15.922,
2000-01-26,16.202,
2000-01-27,16.482,
2000-01-28,16.762,
2000-01-29,17.042,
2000-01-30,17.258,
2000-01-31,17.392,
2000-02-01,17.525,
2000-02-02,17.658,
2000-02-03,17.792,
2000-02-04,17.925,
2000-02-05,18.035,
2000-02-06,18.115,
2000-02-07,18.195,
2000-02-08,18.275,
2000-02-09,18.355,
2000-02-10,18.4,
2000-02-11,18.4,
2000-02-12,18.4,
2000-02-13,18.4,
2000-02-14,18.4,
2000-02-15,18.461,
2000-02-16,18.601,
2000-02-17,18.741,
2000-02-18,18.881,
2000-02-19,19.021,
2000-02-20,19.17,
2000-02-21,19.33,
2000-02-22,19.49,
2000-02-23,19.65,
2000-02-24,19.81,
2000-02-25,19.944,
2000-02-26,20.044,
2000-02-27,20.144,
2000-02-28,20.2,
2000-02-29,20.2,
2000-03-01,20.2,
2000-03-02,20.2,
2000-03-03,20.2,
2000-03-04,20.2,
2000-03-05,20.235,
2000-03-06,20.315,
2000-03-07,20.395,
2000-03-08,20.475,
2000-03-09,20.555,
2000-03-10,20.635,
2000-03-11,20.715,
2000-03-12,20.795,
2000-03-13,20.875,
2000-03-14,20.955,
2000-03-15,21.035,
2000-03-16,21.115,
2000-03-17,21.195,
2000-03-18,21.275,
2000-03-19,21.355,
2000-03-20,21.496,
2000-03-21,21.716,
2000-03-22,21.936,
2000-03-23,22.156,
2000-03-24,22.376,
2000-03-25,22.544,
2000-03-26,22.644,
2000-03-27,22.744,
2000-03-28,22.844,
2000-03-29,22.944,
2000-03-30,23.044,
2000-03-31,23.144,
2000-04-01,23.244,
2000-04-02,23.344,
2000-04-03,23.444,
2000-04-04,23.544,
2000-04-05,23.635,
2000-04-06,23.715,
2000-04-07,23.795,
2000-04-08,23.875,
2000-04-09,23.955,
2000-04-10,24.035,
2000-04-11,24.115,
2000-04-12,24.195,
2000-04-13,24.275,
2000-04-14,24.355,
2000-04-15,24.496,
2000-04-16,24.716,
2000-04-17,24.936,
2000-04-18,25.156,
2000-04-19,25.376,
2000-04-20,25.535,
2000-04-21,25.615,
2000-04-22,25.695,
2000-04-23,25.775,
2000-04-24,25.855,
2000-04-25,25.926,
2000-04-26,25.986,
2000-04-27,26.046,
2000-04-28,26.106,
2000-04-29,26.166,
2000-04-30,26.305,
2000-05-01,26.545,
2000-05-02,26.785,
2000-05-03,27.025,
2000-05-04,27.265,
2000-05-05,27.4,
2000-05-06,27.4,
2000-05-07,27.4,
2000-05-08,27.4,
2000-05-09,27.4,
2000-05-10,27.234,
2000-05-11,26.854,
2000-05-12,26.474,
2000-05-13,26.094,
2000-05-14,25.714,
2000-05-15,25.273,
2000-05-16,24.753,
2000-05-17,24.233,
2000-05-18,23.713,
2000-05-19,23.193,
2000-05-20,22.279,
2000-05-21,20.859,
2000-05-22,19.439,
2000-05-23,18.019,
2000-05-24,16.599,
2000-05-25,15.074,
2000-05-26,13.414,
2000-05-27,11.754,
2000-05-28,10.094,
2000-05-29,8.434,
2000-05-30,7.23,
2000-05-31,6.614,
2000-06-01,5.997,
2000-06-02,5.38,
2000-06-03,4.764,
2000-06-04,4.147,
2000-06-05,3.634,
2000-06-06,3.254,
2000-06-07,2.874,
2000-06-08,2.494,
2000-06-09,2.114,
2000-06-10,1.734,
2000-06-11,1.354,
2000-06-12,0.974,
2000-06-13,0.594,
2000-06-14,0.214,
2000-06-15,0.0,
2000-06-16,0.0,
2000-06-17,0.0,
2000-06-18,0.0,
2000-06-19,0.0,
2000-06-20,0.0,
2000-06-21,0.0,
2000-06-22,0.0,
2000-06-23,0.0,
2000-06-24,0.0,
2000-06-25,0.0,
2000-06-26,0.0,
2000-06-27,0.0,
2000-06-28,0.0,
2000-06-29,0.0,
2000-06-30,0.0,
2000-07-01,0.0,
2000-07-02,0.0,
2000-07-03,0.0,
2000-07-04,0.0,
2000-07-05,0.0,
2000-07-06,0.0,
2000-07-07,0.0,
2000-07-08,0.0,
2000-07-09,0.0,
2000-07-10,0.0,
2000-07-11,0.0,
2000-07-12,0.0,
2000-07-13,0.0,
2000-07-14,0.0,
2000-07-15,0.0,
2000-07-16,0.0,
2000-07-17,0.0,
2000-07-18,0.0,
2000-07-19,0.0,
2000-07-20,0.0,
2000-07-21,0.0,
2000-07-22,0.0,
2000-07-23,0.0,
2000-07-24,0.0,
2000-07-25,0.0,
2000-07-26,0.0,
2000-07-27,0.0,
2000-07-28,0.0,
2000-07-29,0.0,
2000-07-30,0.0,
2000-07-31,0.0,
2000-08-01,0.0,
2000-08-02,0.0,
2000-08-03,0.0,
2000-08-04,0.0,
2000-08-05,0.0,
2000-08-06,0.0,
2000-08-07,0.0,
2000-08-08,0.0,
2000-08-09,0.0,
2000-08-10,0.0,
2000-08-11,0.0,
2000-08-12,0.0,
2000-08-13,0.0,
2000-08-14,0.0,
2000-08-15,0.0,
2000-08-16,0.0,
2000-08-17,0.0,
2000-08-18,0.0,
2000-08-19,0.0,
2000-08-20,0.0,
2000-08-21,0.0,
2000-08-22,0.0,
2000-08-23,0.0,
2000-08-24,0.0,
2000-08-25,0.0,
2000-08-26,0.0,
2000-08-27,0.0,
2000-08-28,0.0,
2000-08-29,0.0,
2000-08-30,0.0,
2000-08-31,0.0,
2000-09-01,0.0,
2000-09-02,0.0,
2000-09-03,0.0,
2000-09-04,0.0,
2000-09-05,0.0,
2000-09-06,0.0,
2000-09-07,0.0,
2000-09-08,0.0,
2000-09-09,0.0,
2000-09-10,0.0,
2000-09-11,0.0,
2000-09-12,0.0,
2000-09-13,0.0,
2000-09-14,0.0,
2000-09-15,0.0,
2000-09-16,0.0,
2000-09-17,0.0,
2000-09-18,0.0,
2000-09-19,0.0,
2000-09-20,0.096,
2000-09-21,0.316,
2000-09-22,0.536,
2000-09-23,0.756,
2000-09-24,0.976,
2000-09-25,1.231,
2000-09-26,1.531,
2000-09-27,1.831,
2000-09-28,2.131,
2000-09-29,2.431,
2000-09-30,2.6,
2000-10-01,2.6,
2000-10-02,2.6,
2000-10-03,2.6,
2000-10-04,2.6,
2000-10-05,2.696,
2000-10-06,2.916,
2000-10-07,3.136,
2000-10-08,3.356,
2000-10-09,3.576,
2000-10-10,3.831,
2000-10-11,4.131,
2000-10-12,4.431,
2000-10-13,4.731,
2000-10-14,5.031,
2000-10-15,5.2,
2000-10-16,5.2,
2000-10-17,5.2,
2000-10-18,5.2,
2000-10-19,5.2,
2000-10-20,5.2,
2000-10-21,5.2,
2000-10-22,5.2,
2000-10-23,5.2,
2000-10-24,5.2,
2000-10-25,5.2,
2000-10-26,5.2,
2000-10-27,5.2,
2000-10-28,5.2,
2000-10-29,5.2,
2000-10-30,5.2,
2000-10-31,5.2,
2000-11-01,5.2,
2000-11-02,5.2,
2000-11-03,5.2,
2000-11-04,5.2,
2000-11-05,5.2,
2000-11-06,5.2,
2000-11-07,5.2,
2000-11-08,5.2,
2000-11-09,5.2,
2000-11-10,5.2,
2000-11-11,5.2,
2000-11-12,5.2,
2000-11-13,5.2,
2000-11-14,5.2,
2000-11-15,5.235,
2000-11-16,5.315,
2000-11-17,5.395,
2000-11-18,5.475,
2000-11-19,5.555,
2000-11-20,5.731,
2000-11-21,6.031,
2000-11-22,6.331,
2000-11-23,6.631,
2000-11-24,6.931,
2000-11-25,7.1,
2000-11-26,7.1,
2000-11-27,7.1,
2000-11-28,7.1,
2000-11-29,7.1,
2000-11-30,7.1,
2000-12-01,7.1,
2000-12-02,7.1,
2000-12-03,7.1,
2000-12-04,7.1,
2000-12-05,7.135,
2000-12-06,7.215,
2000-12-07,7.295,
2000-12-08,7.375,
2000-12-09,7.455,
2000-12-10,7.588,
2000-12-11,7.787,
2000-12-12,7.987,
2000-12-13,8.188,
2000-12-14,8.387,
2000-12-15,8.544,
2000-12-16,8.644,
2000-12-17,8.744,
2000-12-18,8.844,
2000-12-19,8.944,
2000-12-20,9.131,
2000-12-21,9.431,
2000-12-22,9.731,
2000-12-23,10.031,
2000-12-24,10.331,
2000-12-25,10.561,
2000-12-26,10.701,
2000-12-27,10.841,
2000-12-28,10.981,
2000-12-29,11.121,
2000-12-30,11.448,
2000-12-31,12.015,
2001-01-01,12.581,
2001-01-02,13.148,
2001-01-03,13.715,
2001-01-04,14.281,
2001-01-05,14.661,
2001-01-06,14.801,
2001-01-07,14.941,
2001-01-08,15.081,
2001-01-09,15.221,
2001-01-10,15.335,
2001-01-11,15.415,
2001-01-12,15.495,
2001-01-13,15.575,
2001-01-14,15.655,
2001-01-15,15.7,
2001-01-16,15.7,
2001-01-17,15.7,
2001-01-18,15.7,
2001-01-19,15.7,
2001-01-20,15.7,
2001-01-21,15.7,
2001-01-22,15.7,
2001-01-23,15.7,
2001-01-24,15.7,
2001-01-25,15.735,
2001-01-26,15.815,
2001-01-27,15.895,
2001-01-28,15.975,
2001-01-29,16.055,
2001-01-30,16.209,
2001-01-31,16.459,
2001-02-01,16.709,
2001-02-02,16.959,
2001-02-03,17.209,
2001-02-04,17.459,
2001-02-05,17.6,
2001-02-06,17.6,
2001-02-07,17.6,
2001-02-08,17.6,
2001-02-09,17.6,
2001-02-10,17.731,
2001-02-11,18.031,
2001-02-12,18.331,
2001-02-13,18.631,
2001-02-14,18.931,
2001-02-15,19.135,
2001-02-16,19.215,
2001-02-17,19.295,
2001-02-18,19.375,
2001-02-19,19.455,
2001-02-20,19.535,
2001-02-21,19.615,
2001-02-22,19.695,
2001-02-23,19.775,
2001-02-24,19.855,
2001-02-25,20.002,
2001-02-26,20.235,
2001-02-27,20.469,
2001-02-28,20.67,
2001-03-01,20.83,
2001-03-02,20.99,
2001-03-03,21.15,
2001-03-04,21.31,
2001-03-05,21.461,
2001-03-06,21.601,
2001-03-07,21.741,
2001-03-08,21.881,
2001-03-09,22.021,
2001-03-10,22.231,
2001-03-11,22.531,
2001-03-12,22.831,
2001-03-13,23.131,
2001-03-14,23.431,
2001-03-15,23.67,
2001-03-16,23.83,
2001-03-17,23.99,
2001-03-18,24.15,
2001-03-19,24.31,
2001-03-20,24.4,
2001-03-21,24.4,
2001-03-22,24.4,
2001-03-23,24.4,
2001-03-24,24.4,
2001-03-25,24.461,
2001-03-26,24.601,
2001-03-27,24.741,
2001-03-28,24.881,
2001-03-29,25.021,
2001-03-30,25.209,
2001-03-31,25.459,
2001-04-01,25.709,
2001-04-02,25.959,
2001-04-03,26.209,
2001-04-04,26.459,
2001-04-05,26.635,
2001-04-06,26.715,
2001-04-07,26.795,
2001-04-08,26.875,
2001-04-09,26.955,
2001-04-10,27.0,
2001-04-11,27.0,
2001-04-12,27.0,
2001-04-13,27.0,
2001-04-14,27.0,
2001-04-15,27.035,
2001-04-16,27.115,
2001-04-17,27.195,
2001-04-18,27.275,
2001-04-19,27.355,
2001-04-20,27.435,
2001-04-21,27.515,
2001-04-22,27.595,
2001-04-23,27.675,
2001-04-24,27.755,
2001-04-25,27.896,
2001-04-26,28.116,
2001-04-27,28.336,
2001-04-28,28.556,
2001-04-29,28.776,
2001-04-30,,
2001-05-01,,
2001-05-02,,
2001-05-03,,
2001-05-04,,
2001-05-05,,
2001-05-06,,
2001-05-07,,
2001-05-08,,
2001-05-09,,
2001-05-10,,
2001-05-11,,
2001-05-12,,
2001-05-13,,
2001-05-14,,
2001-05-15,,
2001-05-16,,
2001-05-17,,
2001-05-18,,
2001-05-19,,
2001-05-20,,
2001-05-21,,
2001-05-22,,
2001-05-23,,
2001-05-24,,
2001-05-25,,
2001-05-26,,
2001-05-27,,
2001-05-28,,
2001-05-29,,
2001-05-30,,
2001-05-31,,
2001-06-01,,
2001-06-02,,
2001-06-03,,
2001-06-04,,
2001-06-05,,
2001-06-06,,
2001-06-07,,
2001-06-08,,
2001-06-09,,
2001-06-10,,
2001-06-11,,
2001-06-12,,
2001-06-13,,
2001-06-14,,
2001-06-15,,
2001-06-16,,
2001-06-17,,
2001-06-18,,
2001-06-19,,
2001-06-20,,
2001-06-21,,
2001-06-22,,
2001-06-23,,
2001-06-24,,
2001-06-25,,
2001-06-26,,
2001-06-27,,
2001-06-28,,
2001-06-29,,
2001-06-30,,
2001-07-01,,
2001-07-02,,
2001-07-03,,
2001-07-04,,
2001-07-05,,
2001-07-06,,
2001-07-07,,
2001-07-08,,
2001-07-09,,
2001-07-10,,
2001-07-11,,
2001-07-12,,
2001-07-13,,
2001-07-14,,
2001-07-15,,
2001-07-16,,
2001-07-17,,
2001-07-18,,
2001-07-19,,
2001-07-20,,
2001-07-21,,
2001-07-22,,
2001-07-23,,
2001-07-24,,
2001-07-25,,
2001-07-26,,
2001-07-27,,
2001-07-28,,
2001-07-29,,
2001-07-30,,
2001-07-31,,
2001-08-01,,
2001-08-02,,
2001-08-03,,
2001-08-04,,
2001-08-05,,
2001-08-06,,
2001-08-07,,
2001-08-08,,
2001-08-09,,
2001-08-10,,
2001-08-11,,
2001-08-12,,
2001-08-13,,
2001-08-14,,
2001-08-15,,
2001-08-16,,
2001-08-17,,
2001-08-18,,
2001-08-19,,
2001-08-20,,
2001-08-21,,
2001-08-22,,
2001-08-23,,
2001-08-24,,
2001-08-25,,
2001-08-26,,
2001-08-27,,
2001-08-28,,
2001-08-29,,
2001-08-30,,
2001-08-31,,
2001-09-01,,
2001-09-02,,
2001-09-03,,
2001-09-04,,
2001-09-05,,
2001-09-06,,
2001-09-07,,
2001-09-08,,
2001-09-09,,
2001-09-10,,
2001-09-11,,
2001-09-12,,
2001-09-13,,
2001-09-14,,
2001-09-15,,
2001-09-16,,
2001-09-17,,
2001-09-18,,
2001-09-19,,
2001-09-20,,
2001-09-21,,
2001-09-22,,
2001-09-23,,
2001-09-24,,
2001-09-25,,
2001-09-26,,
2001-09-27,,
2001-09-28,,
2001-09-29,,
2001-09-30,,
2001-10-01,,
2001-10-02,,
2001-10-03,,
2001-10-04,,
2001-10-05,,
2001-10-06,,
2001-10-07,,
2001-10-08,,
2001-10-09,,
2001-10-10,,
2001-10-11,,
2001-10-12,,
2001-10-13,,
2001-10-14,,
2001-10-15,,
2001-10-16,,
2001-10-17,,
2001-10-18,,
2001-10-19,,
2001-10-20,,
2001-10-21,,
2001-10-22,,
2001-10-23,,
2001-10-24,,
2001-10-25,,
2001-10-26,,
2001-10-27,,
2001-10-28,,
2001-10-29,0.0,
2001-10-30,0.109,
2001-10-31,0.359,
2001-11-01,0.609,
2001-11-02,0.859,
2001-11-03,1.109,
2001-11-04,1.359,
2001-11-05,1.535,
2001-11-06,1.615,
2001-11-07,1.695,
2001-11-08,1.775,
2001-11-09,1.855,
2001-11-10,1.961,
2001-11-11,2.101,
2001-11-12,2.241,
2001-11-13,2.381,
2001-11-14,2.521,
2001-11-15,2.6,
2001-11-16,2.6,
2001-11-17,2.6,
2001-11-18,2.6,
2001-11-19,2.6,
2001-11-20,2.6,
2001-11-21,2.6,
2001-11-22,2.6,
2001-11-23,2.6,
2001-11-24,2.6,
2001-11-25,2.6,
2001-11-26,2.6,
2001-11-27,2.6,
2001-11-28,2.6,
2001-11-29,2.6,
2001-11-30,2.635,
2001-12-01,2.715,
2001-12-02,2.795,
2001-12-03,2.875,
2001-12-04,2.955,
2001-12-05,3.035,
2001-12-06,3.115,
2001-12-07,3.195,
2001-12-08,3.275,
2001-12-09,3.355,
2001-12-10,3.426,
2001-12-11,3.486,
2001-12-12,3.546,
2001-12-13,3.606,
2001-12-14,3.666,
2001-12-15,3.7,
2001-12-16,3.7,
2001-12-17,3.7,
2001-12-18,3.7,
2001-12-19,3.7,
2001-12-20,3.831,
2001-12-21,4.131,
2001-12-22,4.431,
2001-12-23,4.731,
2001-12-24,5.031,
2001-12-25,5.235,
2001-12-26,5.315,
2001-12-27,5.395,
2001-12-28,5.475,
2001-12-29,5.555,
2001-12-30,5.6,
2001-12-31,5.6,
2002-01-01,5.6,
2002-01-02,5.6,
2002-01-03,5.6,
2002-01-04,5.6,
2002-01-05,5.635,
2002-01-06,5.715,
2002-01-07,5.795,
2002-01-08,5.875,
2002-01-09,5.955,
2002-01-10,6.035,
2002-01-11,6.115,
2002-01-12,6.195,
2002-01-13,6.275,
2002-01-14,6.355,
2002-01-15,6.461,
2002-01-16,6.601,
2002-01-17,6.741,
2002-01-18,6.881,
2002-01-19,7.021,
2002-01-20,7.1,
2002-01-21,7.1,
2002-01-22,7.1,
2002-01-23,7.1,
2002-01-24,7.1,
2002-01-25,7.1,
2002-01-26,7.1,
2002-01-27,7.1,
2002-01-28,7.1,
2002-01-29,7.1,
2002-01-30,7.18,
2002-01-31,7.364,
2002-02-01,7.547,
2002-02-02,7.73,
2002-02-03,7.914,
2002-02-04,8.097,
2002-02-05,8.235,
2002-02-06,8.315,
2002-02-07,8.395,
2002-02-08,8.475,
2002-02-09,8.555,
2002-02-10,8.801,
2002-02-11,9.261,
2002-02-12,9.721,
2002-02-13,10.181,
2002-02-14,10.641,
2002-02-15,10.961,
2002-02-16,11.101,
2002-02-17,11.241,
2002-02-18,11.381,
2002-02-19,11.521,
2002-02-20,11.6,
2002-02-21,11.6,
2002-02-22,11.6,
2002-02-23,11.6,
2002-02-24,11.6,
2002-02-25,11.658,
2002-02-26,11.792,
2002-02-27,11.925,
2002-02-28,12.035,
2002-03-01,12.115,
2002-03-02,12.195,
2002-03-03,12.275,
2002-03-04,12.355,
2002-03-05,12.4,
2002-03-06,12.4,
2002-03-07,12.4,
2002-03-08,12.4,
2002-03-09,12.4,
2002-03-10,12.4,
2002-03-11,12.4,
2002-03-12,12.4,
2002-03-13,12.4,
2002-03-14,12.4,
2002-03-15,12.435,
2002-03-16,12.515,
2002-03-17,12.595,
2002-03-18,12.675,
2002-03-19,12.755,
2002-03-20,12.8,
2002-03-21,12.8,
2002-03-22,12.8,
2002-03-23,12.8,
2002-03-24,12.8,
2002-03-25,12.896,
2002-03-26,13.116,
2002-03-27,13.336,
2002-03-28,13.556,
2002-03-29,13.776,
2002-03-30,13.9,
2002-03-31,13.9,
2002-04-01,13.9,
2002-04-02,13.9,
2002-04-03,13.9,
2002-04-04,13.9,
2002-04-05,13.926,
2002-04-06,13.986,
2002-04-07,14.046,
2002-04-08,14.106,
2002-04-09,14.166,
2002-04-10,14.27,
2002-04-11,14.43,
2002-04-12,14.59,
2002-04-13,14.75,
2002-04-14,14.91,
2002-04-15,15.035,
2002-04-16,15.115,
2002-04-17,15.195,
2002-04-18,15.275,
2002-04-19,15.355,
2002-04-20,15.4,
2002-04-21,15.4,
2002-04-22,15.4,
2002-04-23,15.4,
2002-04-24,15.4,
2002-04-25,15.461,
2002-04-26,15.601,
2002-04-27,15.741,
2002-04-28,15.881,
2002-04-29,16.021,
2002-04-30,16.039,
2002-05-01,15.899,
2002-05-02,15.759,
2002-05-03,15.619,
2002-05-04,15.479,
2002-05-05,15.435,
2002-05-06,15.515,
2002-05-07,15.595,
2002-05-08,15.675,
2002-05-09,15.755,
2002-05-10,15.599,
2002-05-11,15.139,
2002-05-12,14.679,
2002-05-13,14.219,
2002-05-14,13.759,
2002-05-15,12.879,
2002-05-16,11.459,
2002-05-17,10.039,
2002-05-18,8.619,
2002-05-19,7.199,
2002-05-20,5.84,
2002-05-21,4.56,
2002-05-22,3.28,
2002-05-23,2.0,
2002-05-24,0.72,
2002-05-25,0.0,
2002-05-26,0.0,
2002-05-27,0.0,
2002-05-28,0.0,
2002-05-29,0.0,
2002-05-30,0.0,
2002-05-31,0.0,
2002-06-01,0.0,
2002-06-02,0.0,
2002-06-03,0.0,
2002-06-04,0.0,
2002-06-05,0.0,
2002-06-06,0.0,
2002-06-07,0.0,
2002-06-08,0.0,
2002-06-09,0.0,
2002-06-10,0.0,
2002-06-11,0.0,
2002-06-12,0.0,
2002-06-13,0.0,
2002-06-14,0.0,
2002-06-15,0.0,
2002-06-16,0.0,
2002-06-17,0.0,
2002-06-18,0.0,
2002-06-19,0.0,
2002-06-20,0.0,
2002-06-21,0.0,
2002-06-22,0.0,
2002-06-23,0.0,
2002-06-24,0.0,
2002-06-25,0.0,
2002-06-26,0.0,
2002-06-27,0.0,
2002-06-28,0.0,
2002-06-29,0.0,
2002-06-30,0.0,
2002-07-01,0.0,
2002-07-02,0.0,
2002-07-03,0.0,
2002-07-04,0.0,
2002-07-05,0.0,
2002-07-06,0.0,
2002-07-07,0.0,
2002-07-08,0.0,
2002-07-09,0.0,
2002-07-10,0.0,
2002-07-11,0.0,
2002-07-12,0.0,
2002-07-13,0.0,
2002-07-14,0.0,
2002-07-15,0.0,
2002-07-16,0.0,
2002-07-17,0.0,
2002-07-18,0.0,
2002-07-19,0.0,
2002-07-20,0.0,
2002-07-21,0.0,
2002-07-22,0.0,
2002-07-23,0.0,
2002-07-24,0.0,
2002-07-25,0.0,
2002-07-26,0.0,
2002-07-27,0.0,
2002-07-28,0.0,
2002-07-29,0.0,
2002-07-30,0.0,
2002-07-31,0.0,
2002-08-01,0.0,
2002-08-02,0.0,
2002-08-03,0.0,
2002-08-04,0.0,
2002-08-05,0.0,
2002-08-06,0.0,
2002-08-07,0.0,
2002-08-08,0.0,
2002-08-09,0.0,
2002-08-10,0.0,
2002-08-11,0.0,
2002-08-12,0.0,
2002-08-13,0.0,
2002-08-14,0.0,
2002-08-15,0.0,
2002-08-16,0.0,
2002-08-17,0.0,
2002-08-18,0.0,
2002-08-19,0.0,
2002-08-20,0.0,
2002-08-21,0.0,
2002-08-22,0.0,
2002-08-23,0.0,
2002-08-24,0.0,
2002-08-25,0.0,
2002-08-26,0.0,
2002-08-27,0.0,
2002-08-28,0.0,
2002-08-29,0.0,
2002-08-30,0.0,
2002-08-31,0.0,
2002-09-01,0.0,
2002-09-02,0.0,
2002-09-03,0.0,
2002-09-04,0.0,
2002-09-05,0.0,
2002-09-06,0.0,
2002-09-07,0.0,
2002-09-08,0.0,
2002-09-09,0.0,
2002-09-10,0.0,
2002-09-11,0.0,
2002-09-12,0.0,
2002-09-13,0.0,
2002-09-14,0.0,
2002-09-15,0.0,
2002-09-16,0.0,
2002-09-17,0.0,
2002-09-18,0.0,
2002-09-19,0.0,
2002-09-20,0.0,
2002-09-21,0.0,
2002-09-22,0.0,
2002-09-23,0.0,
2002-09-24,0.0,
2002-09-25,0.0,
2002-09-26,0.0,
2002-09-27,0.0,
2002-09-28,0.0,
2002-09-29,0.0,
2002-09-30,0.096,
2002-10-01,0.316,
2002-10-02,0.536,
2002-10-03,0.756,
2002-10-04,0.976,
2002-10-05,1.231,
2002-10-06,1.531,
2002-10-07,1.831,
2002-10-08,2.131,
2002-10-09,2.431,
2002-10-10,2.679,
2002-10-11,2.859,
2002-10-12,3.039,
2002-10-13,3.219,
2002-10-14,3.399,
2002-10-15,3.684,
2002-10-16,4.104,
2002-10-17,4.524,
2002-10-18,4.944,
2002-10-19,5.364,
2002-10-20,5.338,
2002-10-21,4.737,
2002-10-22,4.138,
2002-10-23,3.538,
2002-10-24,2.938,
2002-10-25,2.67,
2002-10-26,2.83,
2002-10-27,2.99,
2002-10-28,3.15,
2002-10-29,3.31,
2002-10-30,3.4,
2002-10-31,3.4,
2002-11-01,3.4,
2002-11-02,3.4,
2002-11-03,3.4,
2002-11-04,3.4,
2002-11-05,3.4,
2002-11-06,3.4,
2002-11-07,3.4,
2002-11-08,3.4,
2002-11-09,3.4,
2002-11-10,3.4,
2002-11-11,3.4,
2002-11-12,3.4,
2002-11-13,3.4,
2002-11-14,3.4,
2002-11-15,3.461,
2002-11-16,3.601,
2002-11-17,3.741,
2002-11-18,3.881,
2002-11-19,4.021,
2002-11-20,4.074,
2002-11-21,4.014,
2002-11-22,3.954,
2002-11-23,3.894,
2002-11-24,3.834,
2002-11-25,3.896,
2002-11-26,4.116,
2002-11-27,4.336,
2002-11-28,4.556,
2002-11-29,4.776,
2002-11-30,4.926,
2002-12-01,4.986,
2002-12-02,5.046,
2002-12-03,5.106,
2002-12-04,5.166,
2002-12-05,5.139,
2002-12-06,4.999,
2002-12-07,4.859,
2002-12-08,4.719,
2002-12-09,4.579,
2002-12-10,4.5,
2002-12-11,4.5,
2002-12-12,4.5,
2002-12-13,4.5,
2002-12-14,4.5,
2002-12-15,4.5,
2002-12-16,4.5,
2002-12-17,4.5,
2002-12-18,4.5,
2002-12-19,4.5,
2002-12-20,4.561,
2002-12-21,4.701,
2002-12-22,4.841,
2002-12-23,4.981,
2002-12-24,5.121,
2002-12-25,5.235,
2002-12-26,5.315,
2002-12-27,5.395,
2002-12-28,5.475,
2002-12-29,5.555,
2002-12-30,5.739,
2002-12-31,6.055,
2003-01-01,6.372,
2003-01-02,6.689,
2003-01-03,7.005,
2003-01-04,7.322,
2003-01-05,7.5,
2003-01-06,7.5,
2003-01-07,7.5,
2003-01-08,7.5,
2003-01-09,7.5,
2003-01-10,7.561,
2003-01-11,7.701,
2003-01-12,7.841,
2003-01-13,7.981,
2003-01-14,8.121,
2003-01-15,8.34,
2003-01-16,8.66,
2003-01-17,8.98,
2003-01-18,9.3,
2003-01-19,9.62,
2003-01-20,9.8,
2003-01-21,9.8,
2003-01-22,9.8,
2003-01-23,9.8,
2003-01-24,9.8,
2003-01-25,9.861,
2003-01-26,10.001,
2003-01-27,10.141,
2003-01-28,10.281,
2003-01-29,10.421,
2003-01-30,10.551,
2003-01-31,10.668,
2003-02-01,10.784,
2003-02-02,10.901,
2003-02-03,11.018,
2003-02-04,11.134,
2003-02-05,11.235,
2003-02-06,11.315,
2003-02-07,11.395,
2003-02-08,11.475,
2003-02-09,11.555,
2003-02-10,11.731,
2003-02-11,12.031,
2003-02-12,12.331,
2003-02-13,12.631,
2003-02-14,12.931,
2003-02-15,13.1,
2003-02-16,13.1,
2003-02-17,13.1,
2003-02-18,13.1,
2003-02-19,13.1,
2003-02-20,13.17,
2003-02-21,13.33,
2003-02-22,13.49,
2003-02-23,13.65,
2003-02-24,13.81,
2003-02-25,14.002,
2003-02-26,14.235,
2003-02-27,14.469,
2003-02-28,14.705,
2003-03-01,14.945,
2003-03-02,15.185,
2003-03-03,15.425,
2003-03-04,15.665,
2003-03-05,15.8,
2003-03-06,15.8,
2003-03-07,15.8,
2003-03-08,15.8,
2003-03-09,15.8,
2003-03-10,15.8,
2003-03-11,15.8,
2003-03-12,15.8,
2003-03-13,15.8,
2003-03-14,15.8,
2003-03-15,15.922,
2003-03-16,16.202,
2003-03-17,16.482,
2003-03-18,16.762,
2003-03-19,17.042,
2003-03-20,17.27,
2003-03-21,17.43,
2003-03-22,17.59,
2003-03-23,17.75,
2003-03-24,17.91,
2003-03-25,18.035,
2003-03-26,18.115,
2003-03-27,18.195,
2003-03-28,18.275,
2003-03-29,18.355,
2003-03-30,18.451,
2003-03-31,18.568,
2003-04-01,18.684,
2003-04-02,18.801,
2003-04-03,18.918,
2003-04-04,19.034,
2003-04-05,19.135,
2003-04-06,19.215,
2003-04-07,19.295,
2003-04-08,19.375,
2003-04-09,19.455,
2003-04-10,19.535,
2003-04-11,19.615,
2003-04-12,19.695,
2003-04-13,19.775,
2003-04-14,19.855,
2003-04-15,20.092,
2003-04-16,20.532,
2003-04-17,20.972,
2003-04-18,21.412,
2003-04-19,21.852,
2003-04-20,22.065,
2003-04-21,21.985,
2003-04-22,21.905,
2003-04-23,21.825,
2003-04-24,21.745,
2003-04-25,21.735,
2003-04-26,21.815,
2003-04-27,21.895,
2003-04-28,21.975,
2003-04-29,22.055,
2003-04-30,21.934,
2003-05-01,21.554,
2003-05-02,21.174,
2003-05-03,20.794,
2003-05-04,20.414,
2003-05-05,20.27,
2003-05-06,20.43,
2003-05-07,20.59,
2003-05-08,20.75,
2003-05-09,20.91,
2003-05-10,,
2003-05-11,,
2003-05-12,,
2003-05-13,,
2003-05-14,,
2003-05-15,,
2003-05-16,,
2003-05-17,,
2003-05-18,,
2003-05-19,,
2003-05-20,,
2003-05-21,,
2003-05-22,,
2003-05-23,,
2003-05-24,,
2003-05-25,,
2003-05-26,,
2003-05-27,,
2003-05-28,,
2003-05-29,,
2003-05-30,,
2003-05-31,,
2003-06-01,,
2003-06-02,,
2003-06-03,,
2003-06-04,,
2003-06-05,,
2003-06-06,,
2003-06-07,,
2003-06-08,,
2003-06-09,,
2003-06-10,,
2003-06-11,,
2003-06-12,,
2003-06-13,,
2003-06-14,,
2003-06-15,,
2003-06-16,,
2003-06-17,,
2003-06-18,,
2003-06-19,,
2003-06-20,,
2003-06-21,,
2003-06-22,,
2003-06-23,,
2003-06-24,,
2003-06-25,,
2003-06-26,,
2003-06-27,,
2003-06-28,,
2003-06-29,,
2003-06-30,,
2003-07-01,,
2003-07-02,,
2003-07-03,,
2003-07-04,,
2003-07-05,,
2003-07-06,,
2003-07-07,,
2003-07-08,,
2003-07-09,,
2003-07-10,,
2003-07-11,,
2003-07-12,,
2003-07-13,,
2003-07-14,,
2003-07-15,,
2003-07-16,,
2003-07-17,,
2003-07-18,,
2003-07-19,,
2003-07-20,,
2003-07-21,,
2003-07-22,,
2003-07-23,,
2003-07-24,,
2003-07-25,,
2003-07-26,,
2003-07-27,,
2003-07-28,,
2003-07-29,,
2003-07-30,,
2003-07-31,,
2003-08-01,,
2003-08-02,,
2003-08-03,,
2003-08-04,,
2003-08-05,,
2003-08-06,,
2003-08-07,,
2003-08-08,,
2003-08-09,,
2003-08-10,,
2003-08-11,,
2003-08-12,,
2003-08-13,,
2003-08-14,,
2003-08-15,,
2003-08-16,,
2003-08-17,,
2003-08-18,,
2003-08-19,,
2003-08-20,,
2003-08-21,,
2003-08-22,,
2003-08-23,,
2003-08-24,,
2003-08-25,,
2003-08-26,,
2003-08-27,,
2003-08-28,,
2003-08-29,,
2003-08-30,,
2003-08-31,,
2003-09-01,,
2003-09-02,,
2003-09-03,,
2003-09-04,,
2003-09-05,,
2003-09-06,,
2003-09-07,,
2003-09-08,,
2003-09-09,,
2003-09-10,,
2003-09-11,,
2003-09-12,,
2003-09-13,,
2003-09-14,,
2003-09-15,,
2003-09-16,,
2003-09-17,,
2003-09-18,,
2003-09-19,,
2003-09-20,0.07,
2003-09-21,0.23,
2003-09-22,0.39,
2003-09-23,0.55,
2003-09-24,0.71,
2003-09-25,0.73,
2003-09-26,0.57,
2003-09-27,0.41,
2003-09-28,0.25,
2003-09-29,0.09,
2003-09-30,0.0,
2003-10-01,0.0,
2003-10-02,0.0,
2003-10-03,0.0,
2003-10-04,0.0,
2003-10-05,0.0,
2003-10-06,0.0,
2003-10-07,0.0,
2003-10-08,0.0,
2003-10-09,0.0,
2003-10-10,0.0,
2003-10-11,0.0,
2003-10-12,0.0,
2003-10-13,0.0,
2003-10-14,0.0,
2003-10-15,0.035,
2003-10-16,0.115,
2003-10-17,0.195,
2003-10-18,0.275,
2003-10-19,0.355,
2003-10-20,0.461,
2003-10-21,0.601,
2003-10-22,0.741,
2003-10-23,0.881,
2003-10-24,1.021,
2003-10-25,1.135,
2003-10-26,1.215,
2003-10-27,1.295,
2003-10-28,1.375,
2003-10-29,1.455,
2003-10-30,1.471,
2003-10-31,1.404,
2003-11-01,1.337,
2003-11-02,1.271,
2003-11-03,1.204,
2003-11-04,1.137,
2003-11-05,1.363,
2003-11-06,1.962,
2003-11-07,2.562,
2003-11-08,3.163,
2003-11-09,3.763,
2003-11-10,4.196,
2003-11-11,4.416,
2003-11-12,4.636,
2003-11-13,4.856,
2003-11-14,5.076,
2003-11-15,5.27,
2003-11-16,5.43,
2003-11-17,5.59,
2003-11-18,5.75,
2003-11-19,5.91,
2003-11-20,6.07,
2003-11-21,6.23,
2003-11-22,6.39,
2003-11-23,6.55,
2003-11-24,6.71,
2003-11-25,6.861,
2003-11-26,7.001,
2003-11-27,7.141,
2003-11-28,7.281,
2003-11-29,7.421,
2003-11-30,7.561,
2003-12-01,7.701,
2003-12-02,7.841,
2003-12-03,7.981,
2003-12-04,8.121,
2003-12-05,8.235,
2003-12-06,8.315,
2003-12-07,8.395,
2003-12-08,8.475,
2003-12-09,8.555,
2003-12-10,8.635,
2003-12-11,8.715,
2003-12-12,8.795,
2003-12-13,8.875,
2003-12-14,8.955,
2003-12-15,9.131,
2003-12-16,9.431,
2003-12-17,9.731,
2003-12-18,10.031,
2003-12-19,10.331,
2003-12-20,10.561,
2003-12-21,10.701,
2003-12-22,10.841,
2003-12-23,10.981,
2003-12-24,11.121,
2003-12-25,11.2,
2003-12-26,11.2,
2003-12-27,11.2,
2003-12-28,11.2,
2003-12-29,11.2,
2003-12-30,11.2,
2003-12-31,11.2,
2004-01-01,11.2,
2004-01-02,11.2,
2004-01-03,11.2,
2004-01-04,11.2,
2004-01-05,11.235,
2004-01-06,11.315,
2004-01-07,11.395,
2004-01-08,11.475,
2004-01-09,11.555,
2004-01-10,11.67,
2004-01-11,11.83,
2004-01-12,11.99,
2004-01-13,12.15,
2004-01-14,12.31,
2004-01-15,12.531,
2004-01-16,12.831,
2004-01-17,13.131,
2004-01-18,13.431,
2004-01-19,13.731,
2004-01-20,13.996,
2004-01-21,14.216,
2004-01-22,14.436,
2004-01-23,14.656,
2004-01-24,14.876,
2004-01-25,15.0,
2004-01-26,15.0,
2004-01-27,15.0,
2004-01-28,15.0,
2004-01-29,15.0,
2004-01-30,15.051,
2004-01-31,15.168,
2004-02-01,15.284,
2004-02-02,15.401,
2004-02-03,15.518,
2004-02-04,15.634,
2004-02-05,15.901,
2004-02-06,16.361,
2004-02-07,16.821,
2004-02-08,17.281,
2004-02-09,17.741,
2004-02-10,18.096,
2004-02-11,18.316,
2004-02-12,18.536,
2004-02-13,18.756,
2004-02-14,18.976,
2004-02-15,19.205,
2004-02-16,19.445,
2004-02-17,19.685,
2004-02-18,19.925,
2004-02-19,20.165,
2004-02-20,20.361,
2004-02-21,20.501,
2004-02-22,20.641,
2004-02-23,20.781,
2004-02-24,20.921,
2004-02-25,21.0,
2004-02-26,21.0,
2004-02-27,21.0,
2004-02-28,21.0,
2004-02-29,21.0,
2004-03-01,21.0,
2004-03-02,21.0,
2004-03-03,21.0,
2004-03-04,21.0,
2004-03-05,21.166,
2004-03-06,21.546,
2004-03-07,21.926,
2004-03-08,22.306,
2004-03-09,22.686,
2004-03-10,22.961,
2004-03-11,23.101,
2004-03-12,23.241,
2004-03-13,23.381,
2004-03-14,23.521,
2004-03-15,23.6,
2004-03-16,23.6,
2004-03-17,23.6,
2004-03-18,23.6,
2004-03-19,23.6,
2004-03-20,23.67,
2004-03-21,23.83,
2004-03-22,23.99,
2004-03-23,24.15,
2004-03-24,24.31,
2004-03-25,24.496,
2004-03-26,24.716,
2004-03-27,24.936,
2004-03-28,25.156,
2004-03-29,25.376,
2004-03-30,25.719,
2004-03-31,26.219,
2004-04-01,26.719,
2004-04-02,27.219,
2004-04-03,27.719,
2004-04-04,28.219,
2004-04-05,28.535,
2004-04-06,28.615,
2004-04-07,28.695,
2004-04-08,28.775,
2004-04-09,28.855,
2004-04-10,28.9,
2004-04-11,28.9,
2004-04-12,28.9,
2004-04-13,28.9,
2004-04-14,28.9,
2004-04-15,28.926,
2004-04-16,28.986,
2004-04-17,29.046,
2004-04-18,29.106,
2004-04-19,29.166,
2004-04-20,29.305,
2004-04-21,29.545,
2004-04-22,29.785,
2004-04-23,30.025,
2004-04-24,30.265,
2004-04-25,30.33,
2004-04-26,30.17,
2004-04-27,30.01,
2004-04-28,29.85,
2004-04-29,29.69,
2004-04-30,29.6,
2004-05-01,29.6,
2004-05-02,29.6,
2004-05-03,29.6,
2004-05-04,29.6,
2004-05-05,29.635,
2004-05-06,29.715,
2004-05-07,29.795,
2004-05-08,29.875,
2004-05-09,29.955,
2004-05-10,30.07,
2004-05-11,30.23,
2004-05-12,30.39,
2004-05-13,30.55,
2004-05-14,30.71,
2004-05-15,30.074,
2004-05-16,28.414,
2004-05-17,26.754,
2004-05-18,25.094,
2004-05-19,23.434,
2004-05-20,21.809,
2004-05-21,20.229,
2004-05-22,18.649,
2004-05-23,17.069,
2004-05-24,15.489,
2004-05-25,13.681,
2004-05-26,11.581,
2004-05-27,9.481,
2004-05-28,7.381,
2004-05-29,5.281,
2004-05-30,4.209,
2004-05-31,4.459,
2004-06-01,4.709,
2004-06-02,4.959,
2004-06-03,5.209,
2004-06-04,5.459,
2004-06-05,5.338,
2004-06-06,4.737,
2004-06-07,4.138,
2004-06-08,3.538,
2004-06-09,2.938,
2004-06-10,2.372,
2004-06-11,1.852,
2004-06-12,1.333,
2004-06-13,0.812,
2004-06-14,0.293,
2004-06-15,0.0,
2004-06-16,0.0,
2004-06-17,0.0,
2004-06-18,0.0,
2004-06-19,0.0,
2004-06-20,0.0,
2004-06-21,0.0,
2004-06-22,0.0,
2004-06-23,0.0,
2004-06-24,0.0,
2004-06-25,0.0,
2004-06-26,0.0,
2004-06-27,0.0,
2004-06-28,0.0,
2004-06-29,0.0,
2004-06-30,0.0,
2004-07-01,0.0,
2004-07-02,0.0,
2004-07-03,0.0,
2004-07-04,0.0,
2004-07-05,0.0,
2004-07-06,0.0,
2004-07-07,0.0,
2004-07-08,0.0,
2004-07-09,0.0,
2004-07-10,0.0,
2004-07-11,0.0,
2004-07-12,0.0,
2004-07-13,0.0,
2004-07-14,0.0,
2004-07-15,0.0,
2004-07-16,0.0,
2004-07-17,0.0,
2004-07-18,0.0,
2004-07-19,0.0,
2004-07-20,0.0,
2004-07-21,0.0,
2004-07-22,0.0,
2004-07-23,0.0,
2004-07-24,0.0,
2004-07-25,0.0,
2004-07-26,0.0,
2004-07-27,0.0,
2004-07-28,0.0,
2004-07-29,0.0,
2004-07-30,0.0,
2004-07-31,0.0,
2004-08-01,0.0,
2004-08-02,0.0,
2004-08-03,0.0,
2004-08-04,0.0,
2004-08-05,0.0,
2004-08-06,0.0,
2004-08-07,0.0,
2004-08-08,0.0,
2004-08-09,0.0,
2004-08-10,0.0,
2004-08-11,0.0,
2004-08-12,0.0,
2004-08-13,0.0,
2004-08-14,0.0,
2004-08-15,0.0,
2004-08-16,0.0,
2004-08-17,0.0,
2004-08-18,0.0,
2004-08-19,0.0,
2004-08-20,0.0,
2004-08-21,0.0,
2004-08-22,0.0,
2004-08-23,0.0,
2004-08-24,0.0,
2004-08-25,0.0,
2004-08-26,0.0,
2004-08-27,0.0,
2004-08-28,0.0,
2004-08-29,0.0,
2004-08-30,0.0,
2004-08-31,0.0,
2004-09-01,0.0,
2004-09-02,0.0,
2004-09-03,0.0,
2004-09-04,0.0,
2004-09-05,0.0,
2004-09-06,0.0,
2004-09-07,0.0,
2004-09-08,0.0,
2004-09-09,0.0,
2004-09-10,0.0,
2004-09-11,0.0,
2004-09-12,0.0,
2004-09-13,0.0,
2004-09-14,0.0,
2004-09-15,0.0,
2004-09-16,0.0,
2004-09-17,0.0,
2004-09-18,0.0,
2004-09-19,0.0,
2004-09-20,0.0,
2004-09-21,0.0,
2004-09-22,0.0,
2004-09-23,0.0,
2004-09-24,0.0,
2004-09-25,0.035,
2004-09-26,0.115,
2004-09-27,0.195,
2004-09-28,0.275,
2004-09-29,0.355,
2004-09-30,0.662,
2004-10-01,1.262,
2004-10-02,1.863,
2004-10-03,2.462,
2004-10-04,3.062,
2004-10-05,3.365,
2004-10-06,3.285,
2004-10-07,3.205,
2004-10-08,3.125,
2004-10-09,3.045,
2004-10-10,3.131,
2004-10-11,3.431,
2004-10-12,3.731,
2004-10-13,4.031,
2004-10-14,4.331,
2004-10-15,4.5,
2004-10-16,4.5,
2004-10-17,4.5,
2004-10-18,4.5,
2004-10-19,4.5,
2004-10-20,4.5,
2004-10-21,4.5,
2004-10-22,4.5,
2004-10-23,4.5,
2004-10-24,4.5,
2004-10-25,4.631,
2004-10-26,4.931,
2004-10-27,5.231,
2004-10-28,5.531,
2004-10-29,5.831,
2004-10-30,6.058,
2004-10-31,6.192,
2004-11-01,6.325,
2004-11-02,6.458,
2004-11-03,6.592,
2004-11-04,6.725,
2004-11-05,6.8,
2004-11-06,6.8,
2004-11-07,6.8,
2004-11-08,6.8,
2004-11-09,6.8,
2004-11-10,6.896,
2004-11-11,7.116,
2004-11-12,7.336,
2004-11-13,7.556,
2004-11-14,7.776,
2004-11-15,7.9,
2004-11-16,7.9,
2004-11-17,7.9,
2004-11-18,7.9,
2004-11-19,7.9,
2004-11-20,7.9,
2004-11-21,7.9,
2004-11-22,7.9,
2004-11-23,7.9,
2004-11-24,7.9,
2004-11-25,8.066,
2004-11-26,8.446,
2004-11-27,8.826,
2004-11-28,9.206,
2004-11-29,9.586,
2004-11-30,9.923,
2004-12-01,10.203,
2004-12-02,10.483,
2004-12-03,10.763,
2004-12-04,11.043,
2004-12-05,11.27,
2004-12-06,11.43,
2004-12-07,11.59,
2004-12-08,11.75,
2004-12-09,11.91,
2004-12-10,12.166,
2004-12-11,12.546,
2004-12-12,12.926,
2004-12-13,13.306,
2004-12-14,13.686,
2004-12-15,14.031,
2004-12-16,14.331,
2004-12-17,14.631,
2004-12-18,14.931,
2004-12-19,15.231,
2004-12-20,15.794,
2004-12-21,16.694,
2004-12-22,17.594,
2004-12-23,18.494,
2004-12-24,19.394,
2004-12-25,19.9,
2004-12-26,19.9,
2004-12-27,19.9,
2004-12-28,19.9,
2004-12-29,19.9,
2004-12-30,19.98,
2004-12-31,20.164,
2005-01-01,20.347,
2005-01-02,20.53,
2005-01-03,20.714,
2005-01-04,20.897,
2005-01-05,21.096,
2005-01-06,21.316,
2005-01-07,21.536,
2005-01-08,21.756,
2005-01-09,21.976,
2005-01-10,22.1,
2005-01-11,22.1,
2005-01-12,22.1,
2005-01-13,22.1,
2005-01-14,22.1,
2005-01-15,22.135,
2005-01-16,22.215,
2005-01-17,22.295,
2005-01-18,22.375,
2005-01-19,22.455,
2005-01-20,22.596,
2005-01-21,22.816,
2005-01-22,23.036,
2005-01-23,23.256,
2005-01-24,23.476,
2005-01-25,23.6,
2005-01-26,23.6,
2005-01-27,23.6,
2005-01-28,23.6,
2005-01-29,23.6,
2005-01-30,23.709,
2005-01-31,23.959,
2005-02-01,24.209,
2005-02-02,24.459,
2005-02-03,24.709,
2005-02-04,24.959,
2005-02-05,25.17,
2005-02-06,25.33,
2005-02-07,25.49,
2005-02-08,25.65,
2005-02-09,25.81,
2005-02-10,25.992,
2005-02-11,26.202,
2005-02-12,26.413,
2005-02-13,26.623,
2005-02-14,26.834,
2005-02-15,27.044,
2005-02-16,27.255,
2005-02-17,27.465,
2005-02-18,27.675,
2005-02-19,27.886,
2005-02-20,28.096,
2005-02-21,28.307,
2005-02-22,28.517,
2005-02-23,28.727,
2005-02-24,28.938,
2005-02-25,29.148,
2005-02-26,29.359,
2005-02-27,29.569,
2005-02-28,29.78,
2005-03-01,29.99,
2005-03-02,30.2,
2005-03-03,30.411,
2005-03-04,30.621,
2005-03-05,30.832,
2005-03-06,31.042,
2005-03-07,31.252,
2005-03-08,31.463,
2005-03-09,31.673,
2005-03-10,31.884,
2005-03-11,32.094,
2005-03-12,32.305,
2005-03-13,32.515,
2005-03-14,32.725,
2005-03-15,32.936,
2005-03-16,33.146,
2005-03-17,33.357,
2005-03-18,33.567,
2005-03-19,33.777,
2005-03-20,33.988,
2005-03-21,34.198,
2005-03-22,34.409,
2005-03-23,34.619,
2005-03-24,34.83,
2005-03-25,35.04,
2005-03-26,35.25,
2005-03-27,35.461,
2005-03-28,35.671,
2005-03-29,35.882,
2005-03-30,36.051,
2005-03-31,36.168,
2005-04-01,36.284,
2005-04-02,36.401,
2005-04-03,36.518,
2005-04-04,36.634,
2005-04-05,36.7,
2005-04-06,36.7,
2005-04-07,36.7,
2005-04-08,36.7,
2005-04-09,36.7,
2005-04-10,36.77,
2005-04-11,36.93,
2005-04-12,37.09,
2005-04-13,37.25,
2005-04-14,37.41,
2005-04-15,37.535,
2005-04-16,37.615,
2005-04-17,37.695,
2005-04-18,37.775,
2005-04-19,37.855,
2005-04-20,37.83,
2005-04-21,37.67,
2005-04-22,37.51,
2005-04-23,37.35,
2005-04-24,37.19,
2005-04-25,37.231,
2005-04-26,37.531,
2005-04-27,37.831,
2005-04-28,38.131,
2005-04-29,38.431,
2005-04-30,38.565,
2005-05-01,38.485,
2005-05-02,38.405,
2005-05-03,38.325,
2005-05-04,38.245,
2005-05-05,37.972,
2005-05-06,37.452,
2005-05-07,36.932,
2005-05-08,36.412,
2005-05-09,35.892,
2005-05-10,35.014,
2005-05-11,33.674,
2005-05-12,32.334,
2005-05-13,30.994,
2005-05-14,29.654,
2005-05-15,28.209,
2005-05-16,26.629,
2005-05-17,25.049,
2005-05-18,23.469,
2005-05-19,21.889,
2005-05-20,20.143,
2005-05-21,18.183,
2005-05-22,16.223,
2005-05-23,14.263,
2005-05-24,12.302,
2005-05-25,10.448,
2005-05-26,8.728,
2005-05-27,7.008,
2005-05-28,5.288,
2005-05-29,3.568,
2005-05-30,2.41,
2005-05-31,1.977,
2005-06-01,1.544,
2005-06-02,1.11,
2005-06-03,0.677,
2005-06-04,0.244,
2005-06-05,0.0,
2005-06-06,0.0,
2005-06-07,0.0,
2005-06-08,0.0,
2005-06-09,0.0,
2005-06-10,0.0,
2005-06-11,0.0,
2005-06-12,0.0,
2005-06-13,0.0,
2005-06-14,0.0,
2005-06-15,0.0,
2005-06-16,0.0,
2005-06-17,0.0,
2005-06-18,0.0,
2005-06-19,0.0,
2005-06-20,0.0,
2005-06-21,0.0,
2005-06-22,0.0,
2005-06-23,0.0,
2005-06-24,0.0,
2005-06-25,0.0,
2005-06-26,0.0,
2005-06-27,0.0,
2005-06-28,0.0,
2005-06-29,0.0,
2005-06-30,0.0,
2005-07-01,0.0,
2005-07-02,0.0,
2005-07-03,0.0,
2005-07-04,0.0,
2005-07-05,0.0,
2005-07-06,0.0,
2005-07-07,0.0,
2005-07-08,0.0,
2005-07-09,0.0,
2005-07-10,0.0,
2005-07-11,0.0,
2005-07-12,0.0,
2005-07-13,0.0,
2005-07-14,0.0,
2005-07-15,0.0,
2005-07-16,0.0,
2005-07-17,0.0,
2005-07-18,0.0,
2005-07-19,0.0,
2005-07-20,0.0,
2005-07-21,0.0,
2005-07-22,0.0,
2005-07-23,0.0,
2005-07-24,0.0,
2005-07-25,0.0,
2005-07-26,0.0,
2005-07-27,0.0,
2005-07-28,0.0,
2005-07-29,0.0,
2005-07-30,0.0,
2005-07-31,0.0,
2005-08-01,0.0,
2005-08-02,0.0,
2005-08-03,0.0,
2005-08-04,0.0,
2005-08-05,0.0,
2005-08-06,0.0,
2005-08-07,0.0,
2005-08-08,0.0,
2005-08-09,0.0,
2005-08-10,0.0,
2005-08-11,0.0,
2005-08-12,0.0,
2005-08-13,0.0,
2005-08-14,0.0,
2005-08-15,0.0,
2005-08-16,0.0,
2005-08-17,0.0,
2005-08-18,0.0,
2005-08-19,0.0,
2005-08-20,0.0,
2005-08-21,0.0,
2005-08-22,0.0,
2005-08-23,0.0,
2005-08-24,0.0,
2005-08-25,0.0,
2005-08-26,0.0,
2005-08-27,0.0,
2005-08-28,0.0,
2005-08-29,0.0,
2005-08-30,0.0,
2005-08-31,0.0,
2005-09-01,0.0,
2005-09-02,0.0,
2005-09-03,0.0,
2005-09-04,0.0,
2005-09-05,0.0,
2005-09-06,0.0,
2005-09-07,0.0,
2005-09-08,0.0,
2005-09-09,0.0,
2005-09-10,0.0,
2005-09-11,0.0,
2005-09-12,0.0,
2005-09-13,0.0,
2005-09-14,0.0,
2005-09-15,0.0,
2005-09-16,0.0,
2005-09-17,0.0,
2005-09-18,0.0,
2005-09-19,0.0,
2005-09-20,0.0,
2005-09-21,0.0,
2005-09-22,0.0,
2005-09-23,0.0,
2005-09-24,0.0,
2005-09-25,0.0,
2005-09-26,0.0,
2005-09-27,0.0,
2005-09-28,0.0,
2005-09-29,0.0,
2005-09-30,0.0,
2005-10-01,0.0,
2005-10-02,0.0,
2005-10-03,0.0,
2005-10-04,0.0,
2005-10-05,0.035,
2005-10-06,0.115,
2005-10-07,0.195,
2005-10-08,0.275,
2005-10-09,0.355,
2005-10-10,0.558,
2005-10-11,0.918,
2005-10-12,1.278,
2005-10-13,1.638,
2005-10-14,1.997,
2005-10-15,2.2,
2005-10-16,2.2,
2005-10-17,2.2,
2005-10-18,2.2,
2005-10-19,2.2,
2005-10-20,2.235,
2005-10-21,2.315,
2005-10-22,2.395,
2005-10-23,2.475,
2005-10-24,2.555,
2005-10-25,2.731,
2005-10-26,3.031,
2005-10-27,3.331,
2005-10-28,3.631,
2005-10-29,3.931,
2005-10-30,4.071,
2005-10-31,4.004,
2005-11-01,3.938,
2005-11-02,3.871,
2005-11-03,3.804,
2005-11-04,3.738,
2005-11-05,3.639,
2005-11-06,3.499,
2005-11-07,3.359,
2005-11-08,3.219,
2005-11-09,3.079,
2005-11-10,2.965,
2005-11-11,2.885,
2005-11-12,2.805,
2005-11-13,2.725,
2005-11-14,2.645,
2005-11-15,3.16,
2005-11-16,4.44,
2005-11-17,5.72,
2005-11-18,7.0,
2005-11-19,8.28,
2005-11-20,9.192,
2005-11-21,9.632,
2005-11-22,10.072,
2005-11-23,10.512,
2005-11-24,10.952,
2005-11-25,11.305,
2005-11-26,11.545,
2005-11-27,11.785,
2005-11-28,12.025,
2005-11-29,12.265,
2005-11-30,12.269,
2005-12-01,11.969,
2005-12-02,11.669,
2005-12-03,11.369,
2005-12-04,11.069,
2005-12-05,11.066,
2005-12-06,11.446,
2005-12-07,11.826,
2005-12-08,12.206,
2005-12-09,12.586,
2005-12-10,12.826,
2005-12-11,12.886,
2005-12-12,12.946,
2005-12-13,13.006,
2005-12-14,13.066,
2005-12-15,13.1,
2005-12-16,13.1,
2005-12-17,13.1,
2005-12-18,13.1,
2005-12-19,13.1,
2005-12-20,13.135,
2005-12-21,13.215,
2005-12-22,13.295,
2005-12-23,13.375,
2005-12-24,13.455,
2005-12-25,13.5,
2005-12-26,13.5,
2005-12-27,13.5,
2005-12-28,13.5,
2005-12-29,13.5,
2005-12-30,13.5,
2005-12-31,13.5,
2006-01-01,13.5,
2006-01-02,13.5,
2006-01-03,13.5,
2006-01-04,13.5,
2006-01-05,13.465,
2006-01-06,13.385,
2006-01-07,13.305,
2006-01-08,13.225,
2006-01-09,13.145,
2006-01-10,13.1,
2006-01-11,13.1,
2006-01-12,13.1,
2006-01-13,13.1,
2006-01-14,13.1,
2006-01-15,13.135,
2006-01-16,13.215,
2006-01-17,13.295,
2006-01-18,13.375,
2006-01-19,13.455,
2006-01-20,13.561,
2006-01-21,13.701,
2006-01-22,13.841,
2006-01-23,13.981,
2006-01-24,14.121,
2006-01-25,14.235,
2006-01-26,14.315,
2006-01-27,14.395,
2006-01-28,14.475,
2006-01-29,14.555,
2006-01-30,14.658,
2006-01-31,14.792,
2006-02-01,14.925,
2006-02-02,15.058,
2006-02-03,15.192,
2006-02-04,15.325,
2006-02-05,15.461,
2006-02-06,15.601,
2006-02-07,15.741,
2006-02-08,15.881,
2006-02-09,16.021,
2006-02-10,16.135,
2006-02-11,16.215,
2006-02-12,16.295,
2006-02-13,16.375,
2006-02-14,16.455,
2006-02-15,16.535,
2006-02-16,16.615,
2006-02-17,16.695,
2006-02-18,16.775,
2006-02-19,16.855,
2006-02-20,,
2006-02-21,,
2006-02-22,,
2006-02-23,,
2006-02-24,,
2006-02-25,,
2006-02-26,,
2006-02-27,,
2006-02-28,,
2006-03-01,,
2006-03-02,,
2006-03-03,,
2006-03-04,,
2006-03-05,,
2006-03-06,,
2006-03-07,,
2006-03-08,,
2006-03-09,,
2006-03-10,,
2006-03-11,,
2006-03-12,,
2006-03-13,,
2006-03-14,,
2006-03-15,,
2006-03-16,,
2006-03-17,,
2006-03-18,,
2006-03-19,,
2006-03-20,,
2006-03-21,,
2006-03-22,,
2006-03-23,,
2006-03-24,,
2006-03-25,,
2006-03-26,,
2006-03-27,,
2006-03-28,,
2006-03-29,,
2006-03-30,,
2006-03-31,,
2006-04-01,,
2006-04-02,,
2006-04-03,,
2006-04-04,,
2006-04-05,,
2006-04-06,,
2006-04-07,,
2006-04-08,,
2006-04-09,,
2006-04-10,,
2006-04-11,,
2006-04-12,,
2006-04-13,,
2006-04-14,,
2006-04-15,,
2006-04-16,,
2006-04-17,,
2006-04-18,,
2006-04-19,,
2006-04-20,,
2006-04-21,,
2006-04-22,,
2006-04-23,,
2006-04-24,,
2006-04-25,,
2006-04-26,,
2006-04-27,,
2006-04-28,,
2006-04-29,,
2006-04-30,,
2006-05-01,,
2006-05-02,,
2006-05-03,,
2006-05-04,,
2006-05-05,,
2006-05-06,,
2006-05-07,,
2006-05-08,,
2006-05-09,,
2006-05-10,,
2006-05-11,,
2006-05-12,,
2006-05-13,,
2006-05-14,,
2006-05-15,,
2006-05-16,,
2006-05-17,,
2006-05-18,,
2006-05-19,,
2006-05-20,,
2006-05-21,,
2006-05-22,,
2006-05-23,,
2006-05-24,,
2006-05-25,,
2006-05-26,,
2006-05-27,,
2006-05-28,,
2006-05-29,,
2006-05-30,,
2006-05-31,,
2006-06-01,,
2006-06-02,,
2006-06-03,,
2006-06-04,,
2006-06-05,,
2006-06-06,,
2006-06-07,,
2006-06-08,,
2006-06-09,,
2006-06-10,,
2006-06-11,,
2006-06-12,,
2006-06-13,,
2006-06-14,,
2006-06-15,,
2006-06-16,,
2006-06-17,,
2006-06-18,,
2006-06-19,,
2006-06-20,,
2006-06-21,,
2006-06-22,,
2006-06-23,,
2006-06-24,,
2006-06-25,,
2006-06-26,,
2006-06-27,,
2006-06-28,,
2006-06-29,,
2006-06-30,,
2006-07-01,,
2006-07-02,,
2006-07-03,,
2006-07-04,,
2006-07-05,,
2006-07-06,,
2006-07-07,,
2006-07-08,,
2006-07-09,,
2006-07-10,,
2006-07-11,,
2006-07-12,,
2006-07-13,,
2006-07-14,,
2006-07-15,,
2006-07-16,,
2006-07-17,,
2006-07-18,,
2006-07-19,,
2006-07-20,,
2006-07-21,,
2006-07-22,,
2006-07-23,,
2006-07-24,,
2006-07-25,,
2006-07-26,,
2006-07-27,,
2006-07-28,,
2006-07-29,,
2006-07-30,,
2006-07-31,,
2006-08-01,,
2006-08-02,,
2006-08-03,,
2006-08-04,,
2006-08-05,,
2006-08-06,,
2006-08-07,,
2006-08-08,,
2006-08-09,,
2006-08-10,,
2006-08-11,,
2006-08-12,,
2006-08-13,,
2006-08-14,,
2006-08-15,,
2006-08-16,,
2006-08-17,,
2006-08-18,,
2006-08-19,,
2006-08-20,,
2006-08-21,,
2006-08-22,,
2006-08-23,,
2006-08-24,,
2006-08-25,,
2006-08-26,,
2006-08-27,,
2006-08-28,,
2006-08-29,,
2006-08-30,,
2006-08-31,,
2006-09-01,,
2006-09-02,,
2006-09-03,,
2006-09-04,,
2006-09-05,,
2006-09-06,,
2006-09-07,,
2006-09-08,,
2006-09-09,,
2006-09-10,,
2006-09-11,,
2006-09-12,,
2006-09-13,,
2006-09-14,,
2006-09-15,,
2006-09-16,,
2006-09-17,,
2006-09-18,,
2006-09-19,,
2006-09-20,,
2006-09-21,,
2006-09-22,,
2006-09-23,,
2006-09-24,,
2006-09-25,,
2006-09-26,,
2006-09-27,,
2006-09-28,,
2006-09-29,,
2006-09-30,,
2006-10-01,,
2006-10-02,,
2006-10-03,,
2006-10-04,,
2006-10-05,,
2006-10-06,,
2006-10-07,,
2006-10-08,,
2006-10-09,,
2006-10-10,,
2006-10-11,,
2006-10-12,,
2006-10-13,,
2006-10-14,,
2006-10-15,0.035,
2006-10-16,0.115,
2006-10-17,0.195,
2006-10-18,0.275,
2006-10-19,0.355,
2006-10-20,0.558,
2006-10-21,0.918,
2006-10-22,1.278,
2006-10-23,1.638,
2006-10-24,1.997,
2006-10-25,2.174,
2006-10-26,2.114,
2006-10-27,2.054,
2006-10-28,1.994,
2006-10-29,1.934,
2006-10-30,1.761,
2006-10-31,1.445,
2006-11-01,1.128,
2006-11-02,0.811,
2006-11-03,0.495,
2006-11-04,0.178,
2006-11-05,0.061,
2006-11-06,0.201,
2006-11-07,0.341,
2006-11-08,0.481,
2006-11-09,0.621,
2006-11-10,0.77,
2006-11-11,0.93,
2006-11-12,1.09,
2006-11-13,1.25,
2006-11-14,1.41,
2006-11-15,1.561,
2006-11-16,1.701,
2006-11-17,1.841,
2006-11-18,1.981,
2006-11-19,2.121,
2006-11-20,2.2,
2006-11-21,2.2,
2006-11-22,2.2,
2006-11-23,2.2,
2006-11-24,2.2,
2006-11-25,2.2,
2006-11-26,2.2,
2006-11-27,2.2,
2006-11-28,2.2,
2006-11-29,2.2,
2006-11-30,2.27,
2006-12-01,2.43,
2006-12-02,2.59,
2006-12-03,2.75,
2006-12-04,2.91,
2006-12-05,3.131,
2006-12-06,3.431,
2006-12-07,3.731,
2006-12-08,4.031,
2006-12-09,4.331,
2006-12-10,4.535,
2006-12-11,4.615,
2006-12-12,4.695,
2006-12-13,4.775,
2006-12-14,4.855,
2006-12-15,5.092,
2006-12-16,5.532,
2006-12-17,5.972,
2006-12-18,6.412,
2006-12-19,6.852,
2006-12-20,7.17,
2006-12-21,7.33,
2006-12-22,7.49,
2006-12-23,7.65,
2006-12-24,7.81,
2006-12-25,7.996,
2006-12-26,8.216,
2006-12-27,8.436,
2006-12-28,8.656,
2006-12-29,8.876,
2006-12-30,9.19,
2006-12-31,9.623,
2007-01-01,10.056,
2007-01-02,10.49,
2007-01-03,10.923,
2007-01-04,11.356,
2007-01-05,11.6,
2007-01-06,11.6,
2007-01-07,11.6,
2007-01-08,11.6,
2007-01-09,11.6,
2007-01-10,11.705,
2007-01-11,11.945,
2007-01-12,12.185,
2007-01-13,12.425,
2007-01-14,12.665,
2007-01-15,12.923,
2007-01-16,13.203,
2007-01-17,13.483,
2007-01-18,13.763,
2007-01-19,14.042,
2007-01-20,14.34,
2007-01-21,14.66,
2007-01-22,14.98,
2007-01-23,15.3,
2007-01-24,15.62,
2007-01-25,15.826,
2007-01-26,15.886,
2007-01-27,15.946,
2007-01-28,16.006,
2007-01-29,16.066,
2007-01-30,16.1,
2007-01-31,16.1,
2007-02-01,16.1,
2007-02-02,16.1,
2007-02-03,16.1,
2007-02-04,16.1,
2007-02-05,16.1,
2007-02-06,16.1,
2007-02-07,16.1,
2007-02-08,16.1,
2007-02-09,16.1,
2007-02-10,16.17,
2007-02-11,16.33,
2007-02-12,16.49,
2007-02-13,16.65,
2007-02-14,16.81,
2007-02-15,16.9,
2007-02-16,16.9,
2007-02-17,16.9,
2007-02-18,16.9,
2007-02-19,16.9,
2007-02-20,16.9,
2007-02-21,16.9,
2007-02-22,16.9,
2007-02-23,16.9,
2007-02-24,16.9,
2007-02-25,16.9,
2007-02-26,16.9,
2007-02-27,16.9,
2007-02-28,16.9,
2007-03-01,16.9,
2007-03-02,16.9,
2007-03-03,16.9,
2007-03-04,16.9,
2007-03-05,17.058,
2007-03-06,17.418,
2007-03-07,17.778,
2007-03-08,18.137,
2007-03-09,18.497,
2007-03-10,18.77,
2007-03-11,18.93,
2007-03-12,19.09,
2007-03-13,19.25,
2007-03-14,19.41,
2007-03-15,19.5,
2007-03-16,19.5,
2007-03-17,19.5,
2007-03-18,19.5,
2007-03-19,19.5,
2007-03-20,19.701,
2007-03-21,20.161,
2007-03-22,20.621,
2007-03-23,21.081,
2007-03-24,21.541,
2007-03-25,21.8,
2007-03-26,21.8,
2007-03-27,21.8,
2007-03-28,21.8,
2007-03-29,21.8,
2007-03-30,21.8,
2007-03-31,21.8,
2007-04-01,21.8,
2007-04-02,21.8,
2007-04-03,21.8,
2007-04-04,21.8,
2007-04-05,21.8,
2007-04-06,21.8,
2007-04-07,21.8,
2007-04-08,21.8,
2007-04-09,21.8,
2007-04-10,21.861,
2007-04-11,22.001,
2007-04-12,22.141,
2007-04-13,22.281,
2007-04-14,22.421,
2007-04-15,22.561,
2007-04-16,22.701,
2007-04-17,22.841,
2007-04-18,22.981,
2007-04-19,23.121,
2007-04-20,23.27,
2007-04-21,23.43,
2007-04-22,23.59,
2007-04-23,23.75,
2007-04-24,23.91,
2007-04-25,24.096,
2007-04-26,24.316,
2007-04-27,24.536,
2007-04-28,24.756,
2007-04-29,24.976,
2007-04-30,25.196,
2007-05-01,25.416,
2007-05-02,25.636,
2007-05-03,25.856,
2007-05-04,26.076,
2007-05-05,26.042,
2007-05-06,25.683,
2007-05-07,25.323,
2007-05-08,24.963,
2007-05-09,24.602,
2007-05-10,,
2007-05-11,,
2007-05-12,,
2007-05-13,,
2007-05-14,,
2007-05-15,,
2007-05-16,,
2007-05-17,,
2007-05-18,,
2007-05-19,,
2007-05-20,,
2007-05-21,,
2007-05-22,,
2007-05-23,,
2007-05-24,,
2007-05-25,,
2007-05-26,,
2007-05-27,,
2007-05-28,,
2007-05-29,,
2007-05-30,,
2007-05-31,,
2007-06-01,,
2007-06-02,,
2007-06-03,,
2007-06-04,,
2007-06-05,,
2007-06-06,,
2007-06-07,,
2007-06-08,,
2007-06-09,,
2007-06-10,,
2007-06-11,,
2007-06-12,,
2007-06-13,,
2007-06-14,,
2007-06-15,,
2007-06-16,,
2007-06-17,,
2007-06-18,,
2007-06-19,,
2007-06-20,,
2007-06-21,,
2007-06-22,,
2007-06-23,,
2007-06-24,,
2007-06-25,,
2007-06-26,,
2007-06-27,,
2007-06-28,,
2007-06-29,,
2007-06-30,,
2007-07-01,,
2007-07-02,,
2007-07-03,,
2007-07-04,,
2007-07-05,,
2007-07-06,,
2007-07-07,,
2007-07-08,,
2007-07-09,,
2007-07-10,,
2007-07-11,,
2007-07-12,,
2007-07-13,,
2007-07-14,,
2007-07-15,,
2007-07-16,,
2007-07-17,,
2007-07-18,,
2007-07-19,,
2007-07-20,,
2007-07-21,,
2007-07-22,,
2007-07-23,,
2007-07-24,,
2007-07-25,,
2007-07-26,,
2007-07-27,,
2007-07-28,,
2007-07-29,,
2007-07-30,,
2007-07-31,,
2007-08-01,,
2007-08-02,,
2007-08-03,,
2007-08-04,,
2007-08-05,,
2007-08-06,,
2007-08-07,,
2007-08-08,,
2007-08-09,,
2007-08-10,,
2007-08-11,,
2007-08-12,,
2007-08-13,,
2007-08-14,,
2007-08-15,,
2007-08-16,,
2007-08-17,,
2007-08-18,,
2007-08-19,,
2007-08-20,,
2007-08-21,,
2007-08-22,,
2007-08-23,,
2007-08-24,,
2007-08-25,,
2007-08-26,,
2007-08-27,,
2007-08-28,,
2007-08-29,,
2007-08-30,,
2007-08-31,,
2007-09-01,,
2007-09-02,,
2007-09-03,,
2007-09-04,,
2007-09-05,,
2007-09-06,,
2007-09-07,,
2007-09-08,,
2007-09-09,,
2007-09-10,,
2007-09-11,,
2007-09-12,,
2007-09-13,,
2007-09-14,,
2007-09-15,,
2007-09-16,,
2007-09-17,,
2007-09-18,,
2007-09-19,,
2007-09-20,,
2007-09-21,,
2007-09-22,,
2007-09-23,,
2007-09-24,,
2007-09-25,,
2007-09-26,,
2007-09-27,,
2007-09-28,,
2007-09-29,,
2007-09-30,,
2007-10-01,,
2007-10-02,,
2007-10-03,,
2007-10-04,,
2007-10-05,0.035,
2007-10-06,0.115,
2007-10-07,0.195,
2007-10-08,0.275,
2007-10-09,0.355,
2007-10-10,0.496,
2007-10-11,0.716,
2007-10-12,0.936,
2007-10-13,1.156,
2007-10-14,1.376,
2007-10-15,1.596,
2007-10-16,1.816,
2007-10-17,2.036,
2007-10-18,2.256,
2007-10-19,2.476,
2007-10-20,2.6,
2007-10-21,2.6,
2007-10-22,2.6,
2007-10-23,2.6,
2007-10-24,2.6,
2007-10-25,2.6,
2007-10-26,2.6,
2007-10-27,2.6,
2007-10-28,2.6,
2007-10-29,2.6,
2007-10-30,2.658,
2007-10-31,2.792,
2007-11-01,2.925,
2007-11-02,3.058,
2007-11-03,3.192,
2007-11-04,3.325,
2007-11-05,3.4,
2007-11-06,3.4,
2007-11-07,3.4,
2007-11-08,3.4,
2007-11-09,3.4,
2007-11-10,3.4,
2007-11-11,3.4,
2007-11-12,3.4,
2007-11-13,3.4,
2007-11-14,3.4,
2007-11-15,3.4,
2007-11-16,3.4,
2007-11-17,3.4,
2007-11-18,3.4,
2007-11-19,3.4,
2007-11-20,3.435,
2007-11-21,3.515,
2007-11-22,3.595,
2007-11-23,3.675,
2007-11-24,3.755,
2007-11-25,3.8,
2007-11-26,3.8,
2007-11-27,3.8,
2007-11-28,3.8,
2007-11-29,3.8,
2007-11-30,3.8,
2007-12-01,3.8,
2007-12-02,3.8,
2007-12-03,3.8,
2007-12-04,3.8,
2007-12-05,3.896,
2007-12-06,4.116,
2007-12-07,4.336,
2007-12-08,4.556,
2007-12-09,4.776,
2007-12-10,4.961,
2007-12-11,5.101,
2007-12-12,5.241,
2007-12-13,5.381,
2007-12-14,5.521,
2007-12-15,5.6,
2007-12-16,5.6,
2007-12-17,5.6,
2007-12-18,5.6,
2007-12-19,5.6,
2007-12-20,5.67,
2007-12-21,5.83,
2007-12-22,5.99,
2007-12-23,6.15,
2007-12-24,6.31,
2007-12-25,6.435,
2007-12-26,6.515,
2007-12-27,6.595,
2007-12-28,6.675,
2007-12-29,6.755,
2007-12-30,6.829,
2007-12-31,6.896,
2008-01-01,6.962,
2008-01-02,7.029,
2008-01-03,7.096,
2008-01-04,7.162,
2008-01-05,7.2,
2008-01-06,7.2,
2008-01-07,7.2,
2008-01-08,7.2,
2008-01-09,7.2,
2008-01-10,7.235,
2008-01-11,7.315,
2008-01-12,7.395,
2008-01-13,7.475,
2008-01-14,7.555,
2008-01-15,7.661,
2008-01-16,7.801,
2008-01-17,7.941,
2008-01-18,8.081,
2008-01-19,8.221,
2008-01-20,8.3,
2008-01-21,8.3,
2008-01-22,8.3,
2008-01-23,8.3,
2008-01-24,8.3,
2008-01-25,8.3,
2008-01-26,8.3,
2008-01-27,8.3,
2008-01-28,8.3,
2008-01-29,8.3,
2008-01-30,8.3,
2008-01-31,8.3,
2008-02-01,8.3,
2008-02-02,8.3,
2008-02-03,8.3,
2008-02-04,8.3,
2008-02-05,8.335,
2008-02-06,8.415,
2008-02-07,8.495,
2008-02-08,8.575,
2008-02-09,8.655,
2008-02-10,8.823,
2008-02-11,9.103,
2008-02-12,9.383,
2008-02-13,9.662,
2008-02-14,9.942,
2008-02-15,10.17,
2008-02-16,10.33,
2008-02-17,10.49,
2008-02-18,10.65,
2008-02-19,10.81,
2008-02-20,10.935,
2008-02-21,11.015,
2008-02-22,11.095,
2008-02-23,11.175,
2008-02-24,11.255,
2008-02-25,11.344,
2008-02-26,11.444,
2008-02-27,11.544,
2008-02-28,11.702,
2008-02-29,11.935,
2008-03-01,12.169,
2008-03-02,12.402,
2008-03-03,12.635,
2008-03-04,12.869,
2008-03-05,13.009,
2008-03-06,13.029,
2008-03-07,13.049,
2008-03-08,13.069,
2008-03-09,13.089,
2008-03-10,13.161,
2008-03-11,13.301,
2008-03-12,13.441,
2008-03-13,13.581,
2008-03-14,13.721,
2008-03-15,13.887,
2008-03-16,14.088,
2008-03-17,14.287,
2008-03-18,14.488,
2008-03-19,14.688,
2008-03-20,14.835,
2008-03-21,14.915,
2008-03-22,14.995,
2008-03-23,15.075,
2008-03-24,15.155,
2008-03-25,15.2,
2008-03-26,15.2,
2008-03-27,15.2,
2008-03-28,15.2,
2008-03-29,15.2,
2008-03-30,15.229,
2008-03-31,15.296,
2008-04-01,15.362,
2008-04-02,15.429,
2008-04-03,15.496,
2008-04-04,15.562,
2008-04-05,15.635,
2008-04-06,15.715,
2008-04-07,15.795,
2008-04-08,15.875,
2008-04-09,15.955,
2008-04-10,16.079,
2008-04-11,16.259,
2008-04-12,16.439,
2008-04-13,16.619,
2008-04-14,16.799,
2008-04-15,16.996,
2008-04-16,17.216,
2008-04-17,17.436,
2008-04-18,17.656,
2008-04-19,17.876,
2008-04-20,18.026,
2008-04-21,18.086,
2008-04-22,18.146,
2008-04-23,18.206,
2008-04-24,18.266,
2008-04-25,18.274,
2008-04-26,18.214,
2008-04-27,18.154,
2008-04-28,18.094,
2008-04-29,18.034,
2008-04-30,17.702,
2008-05-01,17.022,
2008-05-02,16.342,
2008-05-03,15.662,
2008-05-04,14.982,
2008-05-05,14.504,
2008-05-06,14.284,
2008-05-07,14.064,
2008-05-08,13.844,
2008-05-09,13.624,
2008-05-10,12.94,
2008-05-11,11.66,
2008-05-12,10.38,
2008-05-13,9.1,
2008-05-14,7.82,
2008-05-15,6.479,
2008-05-16,5.059,
2008-05-17,3.639,
2008-05-18,2.219,
2008-05-19,0.799,
2008-05-20,0.0,
2008-05-21,0.0,
2008-05-22,0.0,
2008-05-23,0.0,
2008-05-24,0.0,
2008-05-25,0.0,
2008-05-26,0.0,
2008-05-27,0.0,
2008-05-28,0.0,
2008-05-29,0.0,
2008-05-30,0.0,
2008-05-31,0.0,
2008-06-01,0.0,
2008-06-02,0.0,
2008-06-03,0.0,
2008-06-04,0.0,
2008-06-05,0.0,
2008-06-06,0.0,
2008-06-07,0.0,
2008-06-08,0.0,
2008-06-09,0.0,
2008-06-10,0.0,
2008-06-11,0.0,
2008-06-12,0.0,
2008-06-13,0.0,
2008-06-14,0.0,
2008-06-15,0.0,
2008-06-16,0.0,
2008-06-17,0.0,
2008-06-18,0.0,
2008-06-19,0.0,
2008-06-20,0.0,
2008-06-21,0.0,
2008-06-22,0.0,
2008-06-23,0.0,
2008-06-24,0.0,
2008-06-25,0.0,
2008-06-26,0.0,
2008-06-27,0.0,
2008-06-28,0.0,
2008-06-29,0.0,
2008-06-30,0.0,
2008-07-01,0.0,
2008-07-02,0.0,
2008-07-03,0.0,
2008-07-04,0.0,
2008-07-05,0.0,
2008-07-06,0.0,
2008-07-07,0.0,
2008-07-08,0.0,
2008-07-09,0.0,
2008-07-10,0.0,
2008-07-11,0.0,
2008-07-12,0.0,
2008-07-13,0.0,
2008-07-14,0.0,
2008-07-15,0.0,
2008-07-16,0.0,
2008-07-17,0.0,
2008-07-18,0.0,
2008-07-19,0.0,
2008-07-20,0.0,
2008-07-21,0.0,
2008-07-22,0.0,
2008-07-23,0.0,
2008-07-24,0.0,
2008-07-25,0.0,
2008-07-26,0.0,
2008-07-27,0.0,
2008-07-28,0.0,
2008-07-29,0.0,
2008-07-30,0.0,
2008-07-31,0.0,
2008-08-01,0.0,
2008-08-02,0.0,
2008-08-03,0.0,
2008-08-04,0.0,
2008-08-05,0.0,
2008-08-06,0.0,
2008-08-07,0.0,
2008-08-08,0.0,
2008-08-09,0.0,
2008-08-10,0.0,
2008-08-11,0.0,
2008-08-12,0.0,
2008-08-13,0.0,
2008-08-14,0.0,
2008-08-15,0.0,
2008-08-16,0.0,
2008-08-17,0.0,
2008-08-18,0.0,
2008-08-19,0.0,
2008-08-20,0.0,
2008-08-21,0.0,
2008-08-22,0.0,
2008-08-23,0.0,
2008-08-24,0.0,
2008-08-25,0.0,
2008-08-26,0.0,
2008-08-27,0.0,
2008-08-28,0.0,
2008-08-29,0.0,
2008-08-30,0.0,
2008-08-31,0.0,
2008-09-01,0.0,
2008-09-02,0.0,
2008-09-03,0.0,
2008-09-04,0.0,
2008-09-05,0.0,
2008-09-06,0.0,
2008-09-07,0.0,
2008-09-08,0.0,
2008-09-09,0.0,
2008-09-10,0.0,
2008-09-11,0.0,
2008-09-12,0.0,
2008-09-13,0.0,
2008-09-14,0.0,
2008-09-15,0.0,
2008-09-16,0.0,
2008-09-17,0.0,
2008-09-18,0.0,
2008-09-19,0.0,
2008-09-20,0.0,
2008-09-21,0.0,
2008-09-22,0.0,
2008-09-23,0.0,
2008-09-24,0.0,
2008-09-25,0.166,
2008-09-26,0.546,
2008-09-27,0.926,
2008-09-28,1.306,
2008-09-29,1.686,
2008-09-30,1.734,
2008-10-01,1.354,
2008-10-02,0.974,
2008-10-03,0.594,
2008-10-04,0.214,
2008-10-05,0.0,
2008-10-06,0.0,
2008-10-07,0.0,
2008-10-08,0.0,
2008-10-09,0.0,
2008-10-10,0.192,
2008-10-11,0.632,
2008-10-12,1.072,
2008-10-13,1.512,
2008-10-14,1.952,
2008-10-15,2.34,
2008-10-16,2.66,
2008-10-17,2.98,
2008-10-18,3.3,
2008-10-19,3.62,
2008-10-20,4.159,
2008-10-21,4.979,
2008-10-22,5.799,
2008-10-23,6.619,
2008-10-24,7.439,
2008-10-25,7.9,
2008-10-26,7.9,
2008-10-27,7.9,
2008-10-28,7.9,
2008-10-29,7.9,
2008-10-30,7.9,
2008-10-31,7.9,
2008-11-01,7.9,
2008-11-02,7.9,
2008-11-03,7.9,
2008-11-04,7.9,
2008-11-05,7.926,
2008-11-06,7.986,
2008-11-07,8.046,
2008-11-08,8.106,
2008-11-09,8.166,
2008-11-10,8.2,
2008-11-11,8.2,
2008-11-12,8.2,
2008-11-13,8.2,
2008-11-14,8.2,
2008-11-15,8.2,
2008-11-16,8.2,
2008-11-17,8.2,
2008-11-18,8.2,
2008-11-19,8.2,
2008-11-20,8.27,
2008-11-21,8.43,
2008-11-22,8.59,
2008-11-23,8.75,
2008-11-24,8.91,
2008-11-25,9.061,
2008-11-26,9.201,
2008-11-27,9.341,
2008-11-28,9.481,
2008-11-29,9.621,
2008-11-30,9.7,
2008-12-01,9.7,
2008-12-02,9.7,
2008-12-03,9.7,
2008-12-04,9.7,
2008-12-05,9.831,
2008-12-06,10.131,
2008-12-07,10.431,
2008-12-08,10.731,
2008-12-09,11.031,
2008-12-10,11.2,
2008-12-11,11.2,
2008-12-12,11.2,
2008-12-13,11.2,
2008-12-14,11.2,
2008-12-15,11.235,
2008-12-16,11.315,
2008-12-17,11.395,
2008-12-18,11.475,
2008-12-19,11.555,
2008-12-20,11.635,
2008-12-21,11.715,
2008-12-22,11.795,
2008-12-23,11.875,
2008-12-24,11.955,
2008-12-25,12.035,
2008-12-26,12.115,
2008-12-27,12.195,
2008-12-28,12.275,
2008-12-29,12.355,
2008-12-30,12.451,
2008-12-31,12.568,
2009-01-01,12.684,
2009-01-02,12.801,
2009-01-03,12.918,
2009-01-04,13.034,
2009-01-05,13.1,
2009-01-06,13.1,
2009-01-07,13.1,
2009-01-08,13.1,
2009-01-09,13.1,
2009-01-10,13.179,
2009-01-11,13.359,
2009-01-12,13.539,
2009-01-13,13.719,
2009-01-14,13.899,
2009-01-15,14.105,
2009-01-16,14.345,
2009-01-17,14.585,
2009-01-18,14.825,
2009-01-19,15.065,
2009-01-20,15.2,
2009-01-21,15.2,
2009-01-22,15.2,
2009-01-23,15.2,
2009-01-24,15.2,
2009-01-25,15.27,
2009-01-26,15.43,
2009-01-27,15.59,
2009-01-28,15.75,
2009-01-29,15.91,
2009-01-30,16.08,
2009-01-31,16.264,
2009-02-01,16.447,
2009-02-02,16.63,
2009-02-03,16.814,
2009-02-04,16.997,
2009-02-05,17.179,
2009-02-06,17.359,
2009-02-07,17.539,
2009-02-08,17.719,
2009-02-09,17.899,
2009-02-10,18.035,
2009-02-11,18.115,
2009-02-12,18.195,
2009-02-13,18.275,
2009-02-14,18.355,
2009-02-15,18.453,
2009-02-16,18.573,
2009-02-17,18.693,
2009-02-18,18.813,
2009-02-19,18.933,
2009-02-20,19.035,
2009-02-21,19.115,
2009-02-22,19.195,
2009-02-23,19.275,
2009-02-24,19.355,
2009-02-25,19.4,
2009-02-26,19.4,
2009-02-27,19.4,
2009-02-28,19.435,
2009-03-01,19.515,
2009-03-02,19.595,
2009-03-03,19.675,
2009-03-04,19.755,
2009-03-05,19.87,
2009-03-06,20.03,
2009-03-07,20.19,
2009-03-08,20.35,
2009-03-09,20.51,
2009-03-10,20.626,
2009-03-11,20.686,
2009-03-12,20.746,
2009-03-13,20.806,
2009-03-14,20.866,
2009-03-15,20.935,
2009-03-16,21.015,
2009-03-17,21.095,
2009-03-18,21.175,
2009-03-19,21.255,
2009-03-20,21.335,
2009-03-21,21.415,
2009-03-22,21.495,
2009-03-23,21.575,
2009-03-24,21.655,
2009-03-25,21.796,
2009-03-26,22.016,
2009-03-27,22.236,
2009-03-28,22.456,
2009-03-29,22.676,
2009-03-30,22.822,
2009-03-31,22.872,
2009-04-01,22.922,
2009-04-02,22.972,
2009-04-03,23.022,
2009-04-04,23.072,
2009-04-05,23.152,
2009-04-06,23.272,
2009-04-07,23.393,
2009-04-08,23.512,
2009-04-09,23.633,
2009-04-10,23.718,
2009-04-11,23.758,
2009-04-12,23.797,
2009-04-13,23.838,
2009-04-14,23.878,
2009-04-15,23.926,
2009-04-16,23.986,
2009-04-17,24.046,
2009-04-18,24.106,
2009-04-19,24.166,
2009-04-20,24.226,
2009-04-21,24.286,
2009-04-22,24.346,
2009-04-23,24.406,
2009-04-24,24.466,
2009-04-25,24.535,
2009-04-26,24.615,
2009-04-27,24.695,
2009-04-28,24.775,
2009-04-29,24.855,
2009-04-30,24.637,
2009-05-01,24.038,
2009-05-02,23.438,
2009-05-03,22.837,
2009-05-04,22.238,
2009-05-05,,
2009-05-06,,
2009-05-07,,
2009-05-08,,
2009-05-09,,
2009-05-10,,
2009-05-11,,
2009-05-12,,
2009-05-13,,
2009-05-14,,
2009-05-15,,
2009-05-16,,
2009-05-17,,
2009-05-18,,
2009-05-19,,
2009-05-20,,
2009-05-21,,
2009-05-22,,
2009-05-23,,
2009-05-24,,
2009-05-25,,
2009-05-26,,
2009-05-27,,
2009-05-28,,
2009-05-29,,
2009-05-30,,
2009-05-31,,
2009-06-01,,
2009-06-02,,
2009-06-03,,
2009-06-04,,
2009-06-05,,
2009-06-06,,
2009-06-07,,
2009-06-08,,
2009-06-09,,
2009-06-10,,
2009-06-11,,
2009-06-12,,
2009-06-13,,
2009-06-14,,
2009-06-15,,
2009-06-16,,
2009-06-17,,
2009-06-18,,
2009-06-19,,
2009-06-20,,
2009-06-21,,
2009-06-22,,
2009-06-23,,
2009-06-24,,
2009-06-25,,
2009-06-26,,
2009-06-27,,
2009-06-28,,
2009-06-29,,
2009-06-30,,
2009-07-01,,
2009-07-02,,
2009-07-03,,
2009-07-04,,
2009-07-05,,
2009-07-06,,
2009-07-07,,
2009-07-08,,
2009-07-09,,
2009-07-10,,
2009-07-11,,
2009-07-12,,
2009-07-13,,
2009-07-14,,
2009-07-15,,
2009-07-16,,
2009-07-17,,
2009-07-18,,
2009-07-19,,
2009-07-20,,
2009-07-21,,
2009-07-22,,
2009-07-23,,
2009-07-24,,
2009-07-25,,
2009-07-26,,
2009-07-27,,
2009-07-28,,
2009-07-29,,
2009-07-30,,
2009-07-31,,
2009-08-01,,
2009-08-02,,
2009-08-03,,
2009-08-04,,
2009-08-05,,
2009-08-06,,
2009-08-07,,
2009-08-08,,
2009-08-09,,
2009-08-10,,
2009-08-11,,
2009-08-12,,
2009-08-13,,
2009-08-14,,
2009-08-15,,
2009-08-16,,
2009-08-17,,
2009-08-18,,
2009-08-19,,
2009-08-20,,
2009-08-21,,
2009-08-22,,
2009-08-23,,
2009-08-24,,
2009-08-25,,
2009-08-26,,
2009-08-27,,
2009-08-28,,
2009-08-29,,
2009-08-30,,
2009-08-31,,
2009-09-01,,
2009-09-02,,
2009-09-03,,
2009-09-04,,
2009-09-05,,
2009-09-06,,
2009-09-07,,
2009-09-08,,
2009-09-09,,
2009-09-10,,
2009-09-11,,
2009-09-12,,
2009-09-13,,
2009-09-14,,
2009-09-15,,
2009-09-16,,
2009-09-17,,
2009-09-18,,
2009-09-19,,
2009-09-20,,
2009-09-21,,
2009-09-22,,
2009-09-23,,
2009-09-24,,
2009-09-25,,
2009-09-26,,
2009-09-27,,
2009-09-28,,
2009-09-29,,
2009-09-30,,
2009-10-01,,
2009-10-02,,
2009-10-03,,
2009-10-04,,
2009-10-05,0.035,
2009-10-06,0.115,
2009-10-07,0.195,
2009-10-08,0.275,
2009-10-09,0.355,
2009-10-10,0.461,
2009-10-11,0.601,
2009-10-12,0.741,
2009-10-13,0.881,
2009-10-14,1.021,
2009-10-15,1.135,
2009-10-16,1.215,
2009-10-17,1.295,
2009-10-18,1.375,
2009-10-19,1.455,
2009-10-20,1.535,
2009-10-21,1.615,
2009-10-22,1.695,
2009-10-23,1.775,
2009-10-24,1.855,
2009-10-25,1.926,
2009-10-26,1.986,
2009-10-27,2.046,
2009-10-28,2.106,
2009-10-29,2.166,
2009-10-30,2.258,
2009-10-31,2.392,
2009-11-01,2.525,
2009-11-02,2.658,
2009-11-03,2.792,
2009-11-04,2.925,
2009-11-05,3.0,
2009-11-06,3.0,
2009-11-07,3.0,
2009-11-08,3.0,
2009-11-09,3.0,34.0
2009-11-10,3.141,32.0
2009-11-11,3.656,34.125
2009-11-12,4.078,34.0
2009-11-13,4.5,37.125
2009-11-14,4.922,38.8571428571429
2009-11-15,6.844,53.5
2009-11-16,6.797,49.375
2009-11-17,6.844,44.625
2009-11-18,7.031,41.625
2009-11-19,6.844,39.875
2009-11-20,6.797,39.5
2009-11-21,7.125,37.625
2009-11-22,7.125,37.0
2009-11-23,7.125,37.0
2009-11-24,7.219,37.0
2009-11-25,7.5,36.75
2009-11-26,7.5,36.625
2009-11-27,7.734,38.7142857142857
2009-11-28,7.5,37.375
2009-11-29,7.5,34.875
2009-11-30,7.969,39.6666666666667
2009-12-01,8.25,37.8571428571429
2009-12-02,8.156,37.1428571428572
2009-12-03,8.531,40.6666666666667
2009-12-04,8.625,39.0
2009-12-05,8.391,
2009-12-06,8.25,35.0
2009-12-07,8.484,
2009-12-08,8.625,
2009-12-09,8.625,
2009-12-10,8.625,
2009-12-11,8.625,
2009-12-12,8.625,
2009-12-13,8.625,
2009-12-14,8.625,
2009-12-15,8.625,
2009-12-16,8.625,
2009-12-17,9.0,
2009-12-18,9.0,
2009-12-19,9.328,34.0
2009-12-20,9.0,31.5
2009-12-21,9.0,35.75
2009-12-22,9.0,36.6666666666667
2009-12-23,9.0,34.3333333333333
2009-12-24,9.234,
2009-12-25,9.422,
2009-12-26,10.195,49.5
2009-12-27,10.5,
2009-12-28,10.734,
2009-12-29,10.875,
2009-12-30,10.641,
2009-12-31,10.5,
2010-01-01,10.5,
2010-01-02,10.219,
2010-01-03,10.125,
2010-01-04,10.125,
2010-01-05,10.453,
2010-01-06,10.5,
2010-01-07,10.781,
2010-01-08,11.156,
2010-01-09,11.062,
2010-01-10,10.875,
2010-01-11,10.875,
2010-01-12,11.109,
2010-01-13,11.25,
2010-01-14,11.531,
2010-01-15,11.766,
2010-01-16,12.327,
2010-01-17,12.527,
2010-01-18,12.67,
2010-01-19,12.812,
2010-01-20,12.955,
2010-01-21,13.098,
2010-01-22,13.241,
2010-01-23,13.384,
2010-01-24,13.527,
2010-01-25,13.67,
2010-01-26,13.812,64.0
2010-01-27,13.912,
2010-01-28,13.979,
2010-01-29,14.046,
2010-01-30,14.113,
2010-01-31,14.179,
2010-02-01,14.275,62.0
2010-02-02,14.566,69.0
2010-02-03,14.25,65.6666666666667
2010-02-04,14.25,
2010-02-05,14.297,63.4
2010-02-06,14.625,64.875
2010-02-07,15.004,66.7142857142857
2010-02-08,15.172,
2010-02-09,15.345,65.0
2010-02-10,15.188,
2010-02-11,15.019,66.0
2010-02-12,15.0,64.75
2010-02-13,15.0,64.75
2010-02-14,15.047,64.0
2010-02-15,15.656,68.0
2010-02-16,15.75,68.2857142857143
2010-02-17,15.75,68.375
2010-02-18,16.004,69.8333333333333
2010-02-19,15.917,69.0
2010-02-20,15.75,68.1666666666667
2010-02-21,15.75,67.625
2010-02-22,15.75,67.0
2010-02-23,15.75,66.375
2010-02-24,16.078,68.875
2010-02-25,16.125,68.875
2010-02-26,16.172,68.375
2010-02-27,16.5,66.625
2010-02-28,16.5,68.75
2010-03-01,16.547,66.125
2010-03-02,16.875,67.375
2010-03-03,17.016,66.75
2010-03-04,17.25,68.875
2010-03-05,17.25,68.75
2010-03-06,17.25,68.125
2010-03-07,17.25,70.125
2010-03-08,17.25,71.625
2010-03-09,17.391,71.125
2010-03-10,17.859,73.25
2010-03-11,17.719,73.0
2010-03-12,18.0,72.375
2010-03-13,18.0,74.0
2010-03-14,18.047,74.125
2010-03-15,18.422,73.5
2010-03-16,18.75,73.875
2010-03-17,18.609,73.5
2010-03-18,18.375,73.375
2010-03-19,18.375,73.0
2010-03-20,18.375,72.625
2010-03-21,18.375,72.25
2010-03-22,18.328,72.1428571428571
2010-03-23,18.328,72.625
2010-03-24,18.422,73.0
2010-03-25,18.75,73.5
2010-03-26,18.75,73.375
2010-03-27,18.938,74.75
2010-03-28,19.5,76.0
2010-03-29,19.875,74.125
2010-03-30,19.875,75.5
2010-03-31,19.875,75.75
2010-04-01,19.875,74.625
2010-04-02,19.969,74.625
2010-04-03,19.875,74.625
2010-04-04,19.875,74.625
2010-04-05,19.875,74.5
2010-04-06,19.875,74.125
2010-04-07,20.25,73.875
2010-04-08,20.25,74.125
2010-04-09,20.062,74.375
2010-04-10,20.062,73.875
2010-04-11,20.109,73.875
2010-04-12,20.25,73.5
2010-04-13,20.25,73.5
2010-04-14,20.578,75.5
2010-04-15,20.625,75.5
2010-04-16,20.812,75.5714285714286
2010-04-17,21.0,74.625
2010-04-18,20.906,71.625
2010-04-19,19.875,66.875
2010-04-20,20.109,60.875
2010-04-21,20.531,52.75
2010-04-22,20.625,50.625
2010-04-23,20.625,49.125
2010-04-24,20.578,47.75
2010-04-25,20.625,46.0
2010-04-26,20.625,43.625
2010-04-27,20.578,41.25
2010-04-28,20.344,38.5
2010-04-29,20.25,35.375
2010-04-30,19.688,34.0
2010-05-01,19.219,31.375
2010-05-02,18.516,29.75
2010-05-03,17.742,28.2857142857143
2010-05-04,17.062,27.75
2010-05-05,16.828,34.125
2010-05-06,16.547,39.0
2010-05-07,15.844,22.8
2010-05-08,15.141,20.8333333333333
2010-05-09,14.297,19.0
2010-05-10,13.594,19.7142857142857
2010-05-11,12.797,25.8333333333333
2010-05-12,11.297,10.375
2010-05-13,9.938,7.0
2010-05-14,8.719,2.875
2010-05-15,7.781,0.0
2010-05-16,6.328,0.0
2010-05-17,5.016,0.0
2010-05-18,3.656,0.0
2010-05-19,3.0,0.0
2010-05-20,3.0,0.0
2010-05-21,3.422,0.0
2010-05-22,3.75,0.0
2010-05-23,4.078,0.0
2010-05-24,4.125,0.0
2010-05-25,4.125,0.0
2010-05-26,4.125,0.0
2010-05-27,3.938,0.0
2010-05-28,3.516,0.0
2010-05-29,3.094,0.0
2010-05-30,2.672,0.0
2010-05-31,2.109,0.0
2010-06-01,1.641,0.0
2010-06-02,1.219,0.0
2010-06-03,0.891,0.0
2010-06-04,0.562,0.0
2010-06-05,,0.0
2010-06-06,,0.0
2010-06-07,,0.0
2010-06-08,,0.0
2010-06-09,,0.0
2010-06-10,,0.0
2010-06-11,,0.0
2010-06-12,,0.0
2010-06-13,,0.0
2010-06-14,,0.0
2010-06-15,,0.0
2010-06-16,,0.0
2010-06-17,,0.0
2010-06-18,,0.0
2010-06-19,,0.0
2010-06-20,,0.0
2010-06-21,,0.0
2010-06-22,,0.0
2010-06-23,,0.0
2010-06-24,,0.0
2010-06-25,,0.0
2010-06-26,,0.0
2010-06-27,,0.0
2010-06-28,,0.0
2010-06-29,,0.0
2010-06-30,,0.0
2010-07-01,,0.0
2010-07-02,,0.0
2010-07-03,,0.0
2010-07-04,,0.0
2010-07-05,,0.0
2010-07-06,,0.0
2010-07-07,,0.0
2010-07-08,,0.0
2010-07-09,,0.0
2010-07-10,,0.0
2010-07-11,,0.0
2010-07-12,,0.0
2010-07-13,,0.0
2010-07-14,,0.0
2010-07-15,,0.0
2010-07-16,,0.0
2010-07-17,,0.0
2010-07-18,,0.0
2010-07-19,,0.0
2010-07-20,,0.0
2010-07-21,,0.0
2010-07-22,,0.0
2010-07-23,,0.0
2010-07-24,,0.0
2010-07-25,,0.0
2010-07-26,,0.0
2010-07-27,,0.0
2010-07-28,,0.0
2010-07-29,,0.0
2010-07-30,,0.0
2010-07-31,,0.0
2010-08-01,,0.0
2010-08-02,,0.0
2010-08-03,,0.0
2010-08-04,,0.0
2010-08-05,,0.0
2010-08-06,,0.0
2010-08-07,,0.0
2010-08-08,,0.0
2010-08-09,,0.0
2010-08-10,,0.0
2010-08-11,,0.0
2010-08-12,,0.0
2010-08-13,,0.0
2010-08-14,,0.0
2010-08-15,,0.0
2010-08-16,,0.0
2010-08-17,,0.0
2010-08-18,,0.0
2010-08-19,,0.0
2010-08-20,,0.0
2010-08-21,,0.0
2010-08-22,,0.0
2010-08-23,,0.0
2010-08-24,,0.0
2010-08-25,,0.0
2010-08-26,,0.0
2010-08-27,,0.0
2010-08-28,,0.0
2010-08-29,,0.0
2010-08-30,,0.0
2010-08-31,,0.0
2010-09-01,,0.0
2010-09-02,,0.0
2010-09-03,,0.0
2010-09-04,,0.0
2010-09-05,,0.0
2010-09-06,,0.0
2010-09-07,,0.0
2010-09-08,,
2010-09-09,,
2010-09-10,,
2010-09-11,,
2010-09-12,,
2010-09-13,,
2010-09-14,,
2010-09-15,,
2010-09-16,,
2010-09-17,,
2010-09-18,,
2010-09-19,,
2010-09-20,,
2010-09-21,,
2010-09-22,,
2010-09-23,,
2010-09-24,,
2010-09-25,,
2010-09-26,,
2010-09-27,,
2010-09-28,,
2010-09-29,,
2010-09-30,,
2010-10-01,0.001,
2010-10-02,0.007,
2010-10-03,0.02,
2010-10-04,0.038,
2010-10-05,0.059,
2010-10-06,0.085,
2010-10-07,0.115,
2010-10-08,0.148,
2010-10-09,0.186,
2010-10-10,0.227,
2010-10-11,0.272,
2010-10-12,0.321,
2010-10-13,0.373,
2010-10-14,0.429,
2010-10-15,0.487,
2010-10-16,0.55,
2010-10-17,0.615,
2010-10-18,0.684,
2010-10-19,0.755,
2010-10-20,0.83,
2010-10-21,0.907,
2010-10-22,0.987,
2010-10-23,1.07,
2010-10-24,1.156,
2010-10-25,1.244,
2010-10-26,1.335,
2010-10-27,1.428,
2010-10-28,1.523,
2010-10-29,1.621,
2010-10-30,1.72,
2010-10-31,1.822,
2010-11-01,1.926,
2010-11-02,2.031,
2010-11-03,2.139,
2010-11-04,2.248,
2010-11-05,2.359,
2010-11-06,2.472,
2010-11-07,2.586,
2010-11-08,2.701,
2010-11-09,2.818,
2010-11-10,2.936,
2010-11-11,3.055,
2010-11-12,3.175,
2010-11-13,3.297,
2010-11-14,3.419,
2010-11-15,3.542,
2010-11-16,3.666,
2010-11-17,3.791,
2010-11-18,3.916,
2010-11-19,4.042,
2010-11-20,4.168,
2010-11-21,4.294,
2010-11-22,4.421,
2010-11-23,4.548,
2010-11-24,4.675,
2010-11-25,4.803,
2010-11-26,4.93,
2010-11-27,5.057,
2010-11-28,5.184,
2010-11-29,5.311,
2010-11-30,5.437,
2010-12-01,5.563,
2010-12-02,5.688,
2010-12-03,5.813,
2010-12-04,5.937,
2010-12-05,6.06,
2010-12-06,6.182,
2010-12-07,6.304,
2010-12-08,6.424,
2010-12-09,6.544,
2010-12-10,6.662,
2010-12-11,6.779,
2010-12-12,6.895,
2010-12-13,7.009,
2010-12-14,7.122,
2010-12-15,7.233,
2010-12-16,7.342,
2010-12-17,7.45,
2010-12-18,7.556,
2010-12-19,7.66,
2010-12-20,7.762,
2010-12-21,7.863,
2010-12-22,7.96,
2010-12-23,8.056,
2010-12-24,8.15,
2010-12-25,8.241,
2010-12-26,8.329,
2010-12-27,8.415,
2010-12-28,8.499,
2010-12-29,8.579,
2010-12-30,8.657,
2010-12-31,8.732,
2011-01-01,8.804,
2011-01-02,8.874,
2011-01-03,8.941,
2011-01-04,9.006,
2011-01-05,9.069,
2011-01-06,9.131,
2011-01-07,9.191,
2011-01-08,9.251,
2011-01-09,9.31,
2011-01-10,9.369,
2011-01-11,9.429,
2011-01-12,9.488,
2011-01-13,9.549,
2011-01-14,9.611,
2011-01-15,9.674,
2011-01-16,9.739,
2011-01-17,9.806,
2011-01-18,9.876,
2011-01-19,9.948,
2011-01-20,10.024,
2011-01-21,10.102,
2011-01-22,10.185,
2011-01-23,10.272,
2011-01-24,10.363,
2011-01-25,10.459,
2011-01-26,10.56,
2011-01-27,10.666,
2011-01-28,10.778,
2011-01-29,10.896,
2011-01-30,11.02,
2011-01-31,11.151,
2011-02-01,11.289,
2011-02-02,11.434,
2011-02-03,11.586,
2011-02-04,11.746,
2011-02-05,11.912,
2011-02-06,12.084,
2011-02-07,12.262,
2011-02-08,12.446,
2011-02-09,12.636,
2011-02-10,12.83,
2011-02-11,13.029,
2011-02-12,13.233,
2011-02-13,13.441,
2011-02-14,13.653,
2011-02-15,13.869,
2011-02-16,14.088,
2011-02-17,14.31,
2011-02-18,14.535,
2011-02-19,14.762,
2011-02-20,14.992,
2011-02-21,15.223,
2011-02-22,15.455,
2011-02-23,15.689,
2011-02-24,15.924,
2011-02-25,16.16,
2011-02-26,16.396,
2011-02-27,16.632,
2011-02-28,16.868,
2011-03-01,17.103,
2011-03-02,17.337,
2011-03-03,17.57,
2011-03-04,17.802,
2011-03-05,18.032,
2011-03-06,18.26,
2011-03-07,18.486,
2011-03-08,18.709,
2011-03-09,18.93,
2011-03-10,19.148,
2011-03-11,19.362,
2011-03-12,19.573,
2011-03-13,19.781,
2011-03-14,19.985,
2011-03-15,20.184,
2011-03-16,20.379,
2011-03-17,20.57,
2011-03-18,20.756,
2011-03-19,20.936,
2011-03-20,21.112,
2011-03-21,21.282,
2011-03-22,21.446,
2011-03-23,21.604,
2011-03-24,21.756,
2011-03-25,21.901,
2011-03-26,22.04,
2011-03-27,22.172,
2011-03-28,22.297,
2011-03-29,22.42,87.5
2011-03-30,22.287,87.8
2011-03-31,22.453,92.5
2011-04-01,22.5,94.0
2011-04-02,22.711,94.6666666666667
2011-04-03,22.5,95.0
2011-04-04,22.528,92.0
2011-04-05,22.87,95.0
2011-04-06,23.203,95.75
2011-04-07,23.25,94.8
2011-04-08,23.578,100.6
2011-04-09,24.275,
2011-04-10,24.763,
2011-04-11,25.251,
2011-04-12,25.74,
2011-04-13,26.228,
2011-04-14,26.602,114.0
2011-04-15,26.625,
2011-04-16,26.625,109.0
2011-04-17,26.625,
2011-04-18,26.625,106.0
2011-04-19,26.629,106.0
2011-04-20,26.693,
2011-04-21,26.776,
2011-04-22,26.859,
2011-04-23,26.943,
2011-04-24,27.034,103.333333333333
2011-04-25,27.316,100.8
2011-04-26,27.0,97.25
2011-04-27,27.047,95.0
2011-04-28,27.234,93.25
2011-04-29,27.188,92.2
2011-04-30,27.117,90.6
2011-05-01,27.211,89.1428571428572
2011-05-02,27.375,87.1666666666667
2011-05-03,27.375,86.2
2011-05-04,27.07,83.1428571428572
2011-05-05,27.094,82.6
2011-05-06,27.75,82.75
2011-05-07,28.195,80.6666666666667
2011-05-08,28.945,80.0
2011-05-09,29.273,77.8
2011-05-10,30.0,78.0
2011-05-11,30.0,
2011-05-12,30.0,
2011-05-13,29.927,72.0
2011-05-14,29.708,
2011-05-15,29.486,
2011-05-16,29.214,60.0
2011-05-17,28.561,50.0
2011-05-18,27.408,46.0
2011-05-19,25.4,37.0
2011-05-20,23.395,29.5
2011-05-21,21.375,
2011-05-22,19.118,10.0
2011-05-23,16.362,1.85714285714286
2011-05-24,14.327,0.0
2011-05-25,12.328,0.0
2011-05-26,10.523,0.0
2011-05-27,8.555,0.0
2011-05-28,6.141,0.0
2011-05-29,3.609,0.0
2011-05-30,2.461,0.0
2011-05-31,2.766,0.0
2011-06-01,3.047,0.0
2011-06-02,3.0,0.0
2011-06-03,2.719,0.0
2011-06-04,2.625,0.0
2011-06-05,2.555,0.0
2011-06-06,2.156,0.0
2011-06-07,1.594,0.0
2011-06-08,1.172,0.0
2011-06-09,0.82,0.0
2011-06-10,0.258,0.0
2011-06-11,0.047,0.0
2011-06-12,0.0,0.0
2011-06-13,0.0,0.0
2011-06-14,0.0,0.0
2011-06-15,0.0,0.0
2011-06-16,0.0,0.0
2011-06-17,0.0,0.0
2011-06-18,0.0,0.0
2011-06-19,0.0,0.0
2011-06-20,0.0,0.0
2011-06-21,0.0,0.0
2011-06-22,0.0,0.0
2011-06-23,0.0,0.0
2011-06-24,0.0,0.0
2011-06-25,0.0,0.0
2011-06-26,0.0,0.0
2011-06-27,0.0,0.0
2011-06-28,0.0,0.0
2011-06-29,0.0,0.0
2011-06-30,0.0,0.0
2011-07-01,0.0,0.0
2011-07-02,0.0,0.0
2011-07-03,0.0,0.0
2011-07-04,0.0,0.0
2011-07-05,0.0,0.0
2011-07-06,0.0,0.0
2011-07-07,0.0,0.0
2011-07-08,0.0,0.0
2011-07-09,0.0,0.0
2011-07-10,0.0,0.0
2011-07-11,0.0,0.0
2011-07-12,0.0,0.0
2011-07-13,0.0,0.0
2011-07-14,0.0,0.0
2011-07-15,0.0,0.0
2011-07-16,0.0,0.0
2011-07-17,0.0,0.0
2011-07-18,0.0,0.0
2011-07-19,0.0,0.0
2011-07-20,0.0,0.0
2011-07-21,0.0,0.0
2011-07-22,0.0,0.0
2011-07-23,0.0,0.0
2011-07-24,0.0,0.0
2011-07-25,0.0,0.0
2011-07-26,0.0,0.0
2011-07-27,0.0,0.0
2011-07-28,0.0,0.0
2011-07-29,0.0,0.0
2011-07-30,0.0,0.0
2011-07-31,0.0,0.0
2011-08-01,0.0,0.0
2011-08-02,0.0,0.0
2011-08-03,0.0,0.0
2011-08-04,0.0,0.0
2011-08-05,0.0,0.0
2011-08-06,0.0,0.0
2011-08-07,0.0,0.0
2011-08-08,0.0,0.0
2011-08-09,0.0,0.0
2011-08-10,0.0,0.0
2011-08-11,0.0,0.0
2011-08-12,0.0,0.0
2011-08-13,0.0,0.0
2011-08-14,0.0,0.0
2011-08-15,0.0,0.0
2011-08-16,0.0,0.0
2011-08-17,0.0,0.0
2011-08-18,0.0,0.0
2011-08-19,0.0,0.0
2011-08-20,0.0,0.0
2011-08-21,0.0,0.0
2011-08-22,0.0,0.0
2011-08-23,0.0,0.0
2011-08-24,0.0,0.0
2011-08-25,0.0,0.0
2011-08-26,0.0,0.0
2011-08-27,0.0,0.0
2011-08-28,0.0,0.0
2011-08-29,0.0,0.0
2011-08-30,0.0,0.0
2011-08-31,0.0,0.0
2011-09-01,0.0,0.0
2011-09-02,0.0,0.0
2011-09-03,0.0,0.0
2011-09-04,0.0,0.0
2011-09-05,0.0,0.0
2011-09-06,0.0,0.0
2011-09-07,0.0,0.0
2011-09-08,0.0,0.0
2011-09-09,0.0,0.0
2011-09-10,0.0,0.0
2011-09-11,0.0,0.0
2011-09-12,0.0,0.0
2011-09-13,0.0,0.0
2011-09-14,0.0,0.0
2011-09-15,0.0,0.0
2011-09-16,0.0,
2011-09-17,0.0,
2011-09-18,0.0,
2011-09-19,0.0,
2011-09-20,0.0,
2011-09-21,0.0,
2011-09-22,0.0,
2011-09-23,0.0,
2011-09-24,0.0,
2011-09-25,0.0,
2011-09-26,0.0,
2011-09-27,0.0,
2011-09-28,0.0,
2011-09-29,0.0,
2011-09-30,0.0,
2011-10-01,0.0,
2011-10-02,0.0,
2011-10-03,0.0,
2011-10-04,0.0,
2011-10-05,0.0,
2011-10-06,0.0,
2011-10-07,0.0,
2011-10-08,0.0,
2011-10-09,0.146,
2011-10-10,0.37,
2011-10-11,0.522,
2011-10-12,0.783,
2011-10-13,1.039,
2011-10-14,1.125,
2011-10-15,1.125,
2011-10-16,1.312,
2011-10-17,1.5,
2011-10-18,1.734,
2011-10-19,2.531,43.5
2011-10-20,2.625,41.5
2011-10-21,2.625,39.6666666666667
2011-10-22,2.625,39.4
2011-10-23,2.906,41.0
2011-10-24,3.0,41.0
2011-10-25,3.0,38.0
2011-10-26,3.68,50.5
2011-10-27,4.453,55.25
2011-10-28,4.5,53.0
2011-10-29,4.5,51.5
2011-10-30,4.5,52.0
2011-10-31,4.523,52.0
2011-11-01,4.906,
2011-11-02,5.406,
2011-11-03,5.906,
2011-11-04,6.406,
2011-11-05,6.784,60.0
2011-11-06,6.918,
2011-11-07,7.045,
2011-11-08,7.173,
2011-11-09,7.301,
2011-11-10,7.428,
2011-11-11,7.5,70.5
2011-11-12,7.487,69.0
2011-11-13,7.278,
2011-11-14,7.0,67.0
2011-11-15,6.714,
2011-11-16,6.442,64.0
2011-11-17,6.375,64.0
2011-11-18,6.164,63.75
2011-11-19,5.906,62.0
2011-11-20,5.367,60.5
2011-11-21,5.32,63.0
2011-11-22,5.625,63.6666666666667
2011-11-23,5.883,63.4
2011-11-24,6.0,62.5
2011-11-25,6.0,61.5
2011-11-26,5.94,62.0
2011-11-27,5.804,
2011-11-28,5.675,
2011-11-29,5.871,
2011-11-30,6.228,
2011-12-01,6.585,
2011-12-02,6.942,
2011-12-03,7.299,
2011-12-04,7.828,
2011-12-05,8.578,
2011-12-06,9.0,83.0
2011-12-07,9.055,83.0
2011-12-08,9.18,
2011-12-09,9.305,
2011-12-10,9.441,83.0
2011-12-11,9.591,
2011-12-12,9.82,91.3333333333333
2011-12-13,10.383,90.75
2011-12-14,10.453,91.3333333333333
2011-12-15,10.296,90.0
2011-12-16,10.688,
2011-12-17,11.079,98.0
2011-12-18,11.25,96.0
2011-12-19,11.38,
2011-12-20,11.683,
2011-12-21,12.0,
2011-12-22,12.371,
2011-12-23,13.125,
2011-12-24,13.832,
2011-12-25,13.875,
2011-12-26,13.915,
2011-12-27,14.21,
2011-12-28,14.25,
2011-12-29,14.25,
2011-12-30,14.25,
2011-12-31,14.25,
2012-01-01,14.296,
2012-01-02,14.482,
2012-01-03,14.678,
2012-01-04,14.874,
2012-01-05,15.069,
2012-01-06,15.265,
2012-01-07,15.563,106.0
2012-01-08,15.992,113.0
2012-01-09,16.422,119.0
2012-01-10,16.5,114.166666666667
2012-01-11,16.547,114.666666666667
2012-01-12,16.939,113.0
2012-01-13,17.42,116.0
2012-01-14,17.438,117.666666666667
2012-01-15,17.25,116.25
2012-01-16,17.25,114.5
2012-01-17,17.25,114.0
2012-01-18,17.25,
2012-01-19,17.25,112.0
2012-01-20,17.273,111.333333333333
2012-01-21,17.578,110.0
2012-01-22,17.953,110.285714285714
2012-01-23,18.0,107.0
2012-01-24,18.234,111.0
2012-01-25,18.375,112.5
2012-01-26,18.75,116.125
2012-01-27,18.75,116.857142857143
2012-01-28,18.914,118.25
2012-01-29,19.125,118.0
2012-01-30,19.125,117.285714285714
2012-01-31,19.266,116.666666666667
2012-02-01,19.668,114.2
2012-02-02,20.034,
2012-02-03,20.369,113.0
2012-02-04,20.617,114.0
2012-02-05,20.328,113.0
2012-02-06,20.25,112.833333333333
2012-02-07,20.25,112.666666666667
2012-02-08,20.258,112.4
2012-02-09,20.547,111.5
2012-02-10,20.628,112.0
2012-02-11,20.74,
2012-02-12,20.906,
2012-02-13,21.38,119.0
2012-02-14,21.582,
2012-02-15,21.725,113.0
2012-02-16,21.797,116.125
2012-02-17,22.125,121.0
2012-02-18,22.125,120.333333333333
2012-02-19,22.125,120.333333333333
2012-02-20,22.125,115.0
2012-02-21,22.172,116.0
2012-02-22,22.609,129.0
2012-02-23,22.836,124.0
2012-02-24,22.875,123.0
2012-02-25,22.875,
2012-02-26,22.892,120.0
2012-02-27,23.045,
2012-02-28,23.227,
2012-02-29,23.409,
2012-03-01,23.591,117.0
2012-03-02,23.777,
2012-03-03,23.966,119.0
2012-03-04,24.165,
2012-03-05,24.369,
2012-03-06,24.572,
2012-03-07,24.775,
2012-03-08,24.979,
2012-03-09,25.182,
2012-03-10,25.386,
2012-03-11,25.5,126.0
2012-03-12,25.5,
2012-03-13,25.5,123.333333333333
2012-03-14,25.547,122.2
2012-03-15,25.875,121.5
2012-03-16,25.906,122.0
2012-03-17,26.03,
2012-03-18,26.16,
2012-03-19,26.248,120.5
2012-03-20,26.25,
2012-03-21,26.25,
2012-03-22,26.25,
2012-03-23,26.25,118.5
2012-03-24,26.25,118.375
2012-03-25,26.344,119.5
2012-03-26,26.625,119.25
2012-03-27,26.625,
2012-03-28,26.672,118.0
2012-03-29,27.0,118.666666666667
2012-03-30,27.0,118.25
2012-03-31,27.047,117.5
2012-04-01,27.286,118.0
2012-04-02,27.043,117.5
2012-04-03,27.0,118.5
2012-04-04,27.0,117.666666666667
2012-04-05,27.281,117.571428571429
2012-04-06,27.375,117.375
2012-04-07,27.375,116.125
2012-04-08,27.375,115.25
2012-04-09,27.516,113.125
2012-04-10,27.562,111.5
2012-04-11,27.562,111.75
2012-04-12,27.609,111.571428571429
2012-04-13,27.562,110.875
2012-04-14,27.75,110.0
2012-04-15,27.633,109.142857142857
2012-04-16,27.562,108.666666666667
2012-04-17,27.516,107.875
2012-04-18,27.562,106.375
2012-04-19,27.586,105.142857142857
2012-04-20,27.562,103.25
2012-04-21,27.75,101.714285714286
2012-04-22,27.75,100.25
2012-04-23,27.562,99.75
2012-04-24,27.234,98.25
2012-04-25,27.375,96.4
2012-04-26,27.258,95.4285714285714
2012-04-27,27.445,94.2857142857143
2012-04-28,27.984,98.8333333333333
2012-04-29,28.125,96.875
2012-04-30,28.125,93.75
2012-05-01,28.219,91.0
2012-05-02,28.828,91.125
2012-05-03,29.25,89.7142857142857
2012-05-04,29.203,88.5
2012-05-05,29.297,86.375
2012-05-06,29.344,84.125
2012-05-07,29.25,82.0
2012-05-08,28.594,79.6666666666667
2012-05-09,28.5,77.0
2012-05-10,28.5,78.2857142857143
2012-05-11,28.5,77.5
2012-05-12,27.797,73.875
2012-05-13,26.695,69.5714285714286
2012-05-14,25.594,65.375
2012-05-15,24.844,67.0
2012-05-16,23.766,61.3333333333333
2012-05-17,22.734,59.875
2012-05-18,22.078,58.1666666666667
2012-05-19,21.516,55.625
2012-05-20,20.766,53.8571428571429
2012-05-21,19.828,51.0
2012-05-22,18.398,47.0
2012-05-23,16.594,41.0
2012-05-24,14.625,35.8571428571429
2012-05-25,12.492,31.2857142857143
2012-05-26,10.219,11.375
2012-05-27,7.875,0.0
2012-05-28,5.859,0.0
2012-05-29,3.609,0.0
2012-05-30,1.43,0.0
2012-05-31,0.234,0.0
2012-06-01,0.0,0.0
2012-06-02,0.0,0.0
2012-06-03,0.0,0.0
2012-06-04,0.0,0.0
2012-06-05,0.0,0.0
2012-06-06,0.0,0.0
2012-06-07,0.0,0.0
2012-06-08,0.0,0.0
2012-06-09,0.0,0.0
2012-06-10,0.0,0.0
2012-06-11,0.0,0.0
2012-06-12,0.0,0.0
2012-06-13,0.0,0.0
2012-06-14,0.0,0.0
2012-06-15,0.0,0.0
2012-06-16,0.0,0.0
2012-06-17,0.0,0.0
2012-06-18,0.0,0.0
2012-06-19,0.0,0.0
2012-06-20,0.0,0.0
2012-06-21,0.0,0.0
2012-06-22,0.0,0.0
2012-06-23,0.0,0.0
2012-06-24,0.0,0.0
2012-06-25,0.0,0.0
2012-06-26,0.0,0.0
2012-06-27,0.0,0.0
2012-06-28,0.0,0.0
2012-06-29,0.0,0.0
2012-06-30,0.0,0.0
2012-07-01,0.0,0.0
2012-07-02,0.0,0.0
2012-07-03,0.0,0.0
2012-07-04,0.0,0.0
2012-07-05,0.0,0.0
2012-07-06,0.0,0.0
2012-07-07,0.0,0.0
2012-07-08,0.0,0.0
2012-07-09,0.0,0.0
2012-07-10,0.0,0.0
2012-07-11,0.0,0.0
2012-07-12,0.0,0.0
2012-07-13,0.0,0.0
2012-07-14,0.0,0.0
2012-07-15,0.0,0.0
2012-07-16,0.0,0.0
2012-07-17,0.0,0.0
2012-07-18,0.0,0.0
2012-07-19,0.0,0.0
2012-07-20,0.0,0.0
2012-07-21,0.0,0.0
2012-07-22,0.0,0.0
2012-07-23,0.0,0.0
2012-07-24,0.0,0.0
2012-07-25,0.0,0.0
2012-07-26,0.0,0.0
2012-07-27,0.0,0.0
2012-07-28,0.0,0.0
2012-07-29,0.0,0.0
2012-07-30,0.0,0.0
2012-07-31,0.0,0.0
2012-08-01,0.0,0.0
2012-08-02,0.0,0.0
2012-08-03,0.0,0.0
2012-08-04,0.0,0.0
2012-08-05,0.0,0.0
2012-08-06,0.0,0.0
2012-08-07,0.0,0.0
2012-08-08,0.0,0.0
2012-08-09,0.0,0.0
2012-08-10,0.0,0.0
2012-08-11,0.0,0.0
2012-08-12,0.0,0.0
2012-08-13,0.0,0.0
2012-08-14,0.0,0.0
2012-08-15,0.0,0.0
2012-08-16,0.0,0.0
2012-08-17,0.0,0.0
2012-08-18,0.0,0.0
2012-08-19,0.0,0.0
2012-08-20,0.0,0.0
2012-08-21,0.0,0.0
2012-08-22,0.0,0.0
2012-08-23,0.0,0.0
2012-08-24,0.0,0.0
2012-08-25,0.0,0.0
2012-08-26,0.0,0.0
2012-08-27,0.0,0.0
2012-08-28,0.0,0.0
2012-08-29,0.0,0.0
2012-08-30,0.0,0.0
2012-08-31,0.0,0.0
2012-09-01,0.0,0.0
2012-09-02,0.0,0.0
2012-09-03,0.0,0.0
2012-09-04,0.0,0.0
2012-09-05,0.0,0.0
2012-09-06,0.0,0.0
2012-09-07,0.0,0.0
2012-09-08,0.0,0.0
2012-09-09,0.0,0.0
2012-09-10,0.0,0.0
2012-09-11,0.0,0.0
2012-09-12,0.0,0.0
2012-09-13,0.0,0.0
2012-09-14,0.0,0.0
2012-09-15,0.0,0.0
2012-09-16,0.0,0.0
2012-09-17,0.0,0.0
2012-09-18,0.0,0.0
2012-09-19,0.0,0.0
2012-09-20,0.0,0.0
2012-09-21,0.0,0.0
2012-09-22,0.0,0.0
2012-09-23,0.0,0.0
2012-09-24,0.0,0.0
2012-09-25,0.0,0.0
2012-09-26,0.0,0.0
2012-09-27,0.0,0.0
2012-09-28,0.0,0.0
2012-09-29,0.0,0.0
2012-09-30,0.0,0.0
2012-10-01,0.0,0.0
2012-10-02,0.0,0.0
2012-10-03,0.0,0.0
2012-10-04,0.0,0.0
2012-10-05,0.0,0.0
2012-10-06,0.0,0.0
2012-10-07,0.0,0.0
2012-10-08,0.0,0.0
2012-10-09,0.0,0.0
2012-10-10,0.0,0.0
2012-10-11,0.0,0.0
2012-10-12,0.0,0.0
2012-10-13,0.0,0.0
2012-10-14,0.0,0.0
2012-10-15,0.001,0.0
2012-10-16,0.049,0.0
2012-10-17,0.121,1.83333333333333
2012-10-18,0.192,3.0
2012-10-19,0.263,7.16666666666667
2012-10-20,0.335,5.66666666666667
2012-10-21,0.07,5.0
2012-10-22,0.0,4.16666666666667
2012-10-23,0.0,2.83333333333333
2012-10-24,0.0,3.33333333333333
2012-10-25,0.0,3.0
2012-10-26,0.0,3.75
2012-10-27,0.0,4.0
2012-10-28,0.0,4.0
2012-10-29,0.0,4.66666666666667
2012-10-30,0.0,5.0
2012-10-31,0.0,5.5
2012-11-01,0.0,5.0
2012-11-02,0.0,4.28571428571429
2012-11-03,0.375,4.75
2012-11-04,0.375,6.625
2012-11-05,0.703,8.66666666666667
2012-11-06,1.008,18.5714285714286
2012-11-07,1.125,19.0
2012-11-08,1.125,16.5
2012-11-09,1.125,14.5
2012-11-10,1.172,14.375
2012-11-11,1.5,18.875
2012-11-12,1.5,16.625
2012-11-13,1.5,15.5714285714286
2012-11-14,1.5,16.6
2012-11-15,1.5,16.375
2012-11-16,1.5,16.875
2012-11-17,1.5,16.875
2012-11-18,1.5,16.0
2012-11-19,1.5,16.125
2012-11-20,1.594,15.8571428571429
2012-11-21,1.781,15.5
2012-11-22,1.875,15.25
2012-11-23,1.875,15.5
2012-11-24,1.875,16.2
2012-11-25,1.875,16.4
2012-11-26,1.875,16.6666666666667
2012-11-27,1.875,15.0
2012-11-28,1.875,17.0
2012-11-29,1.875,16.0
2012-11-30,1.875,17.0
2012-12-01,1.875,
2012-12-02,1.875,
2012-12-03,1.891,
2012-12-04,2.234,15.0
2012-12-05,2.31,
2012-12-06,2.416,
2012-12-07,2.522,
2012-12-08,2.628,
2012-12-09,2.735,
2012-12-10,2.841,
2012-12-11,2.947,
2012-12-12,3.053,
2012-12-13,3.159,
2012-12-14,3.265,
2012-12-15,3.372,
2012-12-16,3.478,
2012-12-17,3.584,
2012-12-18,3.69,
2012-12-19,3.796,
2012-12-20,3.903,
2012-12-21,4.009,
2012-12-22,4.115,
2012-12-23,4.221,
2012-12-24,4.327,
2012-12-25,4.434,
2012-12-26,4.54,
2012-12-27,4.646,
2012-12-28,4.752,
2012-12-29,4.858,
2012-12-30,4.965,
2012-12-31,5.071,
2013-01-01,5.177,
2013-01-02,5.483,49.6
2013-01-03,5.391,48.625
2013-01-04,5.25,44.5
2013-01-05,5.25,
2013-01-06,5.531,
2013-01-07,6.0,51.0
2013-01-08,6.0,
2013-01-09,6.328,
2013-01-10,6.0,
2013-01-11,6.0,
2013-01-12,6.375,
2013-01-13,6.562,
2013-01-14,7.781,
2013-01-15,9.0,65.0
2013-01-16,9.0,66.375
2013-01-17,9.0,66.0
2013-01-18,9.0,64.0
2013-01-19,8.672,63.125
2013-01-20,8.719,61.625
2013-01-21,9.516,69.875
2013-01-22,9.75,70.0
2013-01-23,9.797,71.5
2013-01-24,10.125,74.25
2013-01-25,10.5,76.5
2013-01-26,11.156,83.8571428571429
2013-01-27,11.25,81.75
2013-01-28,11.25,79.5
2013-01-29,11.25,78.125
2013-01-30,11.25,76.625
2013-01-31,11.484,75.875
2013-02-01,12.234,80.125
2013-02-02,12.375,79.125
2013-02-03,12.422,79.0
2013-02-04,12.797,
2013-02-05,13.125,
2013-02-06,13.125,78.5
2013-02-07,13.125,80.0
2013-02-08,13.359,82.5
2013-02-09,13.5,84.125
2013-02-10,13.875,85.1428571428571
2013-02-11,14.344,86.75
2013-02-12,14.625,84.875
2013-02-13,14.625,85.375
2013-02-14,14.484,84.125
2013-02-15,14.719,87.25
2013-02-16,15.0,87.5
2013-02-17,15.0,86.75
2013-02-18,15.375,88.125
2013-02-19,15.375,87.25
2013-02-20,15.422,87.25
2013-02-21,16.031,88.5
2013-02-22,16.312,91.375
2013-02-23,16.5,90.25
2013-02-24,16.734,90.5
2013-02-25,16.875,88.0
2013-02-26,16.875,85.875
2013-02-27,16.875,84.75
2013-02-28,16.875,85.375
2013-03-01,17.203,84.625
2013-03-02,17.25,85.0
2013-03-03,17.25,82.75
2013-03-04,17.25,82.875
2013-03-05,17.25,82.125
2013-03-06,17.25,83.125
2013-03-07,17.25,83.375
2013-03-08,17.25,83.375
2013-03-09,17.344,83.125
2013-03-10,17.625,82.5
2013-03-11,17.625,83.625
2013-03-12,17.578,84.625
2013-03-13,17.25,84.1428571428572
2013-03-14,17.25,83.4285714285714
2013-03-15,17.25,83.0
2013-03-16,17.297,83.0
2013-03-17,17.484,82.25
2013-03-18,17.438,82.5
2013-03-19,17.344,82.0
2013-03-20,17.25,81.625
2013-03-21,17.25,81.625
2013-03-22,17.25,81.75
2013-03-23,17.578,81.625
2013-03-24,17.625,81.75
2013-03-25,17.719,81.6666666666667
2013-03-26,18.211,85.8
2013-03-27,18.375,89.5
2013-03-28,18.375,86.625
2013-03-29,18.375,85.875
2013-03-30,18.656,86.625
2013-03-31,18.75,87.0
2013-04-01,18.797,86.625
2013-04-02,18.75,85.25
2013-04-03,18.75,84.625
2013-04-04,18.75,84.125
2013-04-05,18.656,84.625
2013-04-06,18.609,84.75
2013-04-07,18.844,84.875
2013-04-08,19.125,83.875
2013-04-09,19.125,82.25
2013-04-10,19.5,85.25
2013-04-11,19.547,88.0
2013-04-12,19.594,87.5
2013-04-13,19.5,87.125
2013-04-14,19.5,86.875
2013-04-15,19.5,86.5
2013-04-16,19.734,85.875
2013-04-17,19.875,85.375
2013-04-18,19.875,84.625
2013-04-19,19.734,84.5
2013-04-20,19.688,84.25
2013-04-21,19.781,83.75
2013-04-22,19.875,83.0
2013-04-23,19.875,82.125
2013-04-24,20.016,84.5
2013-04-25,20.25,86.375
2013-04-26,20.25,85.875
2013-04-27,20.25,85.25
2013-04-28,20.25,84.875
2013-04-29,20.156,85.4
2013-04-30,,
2013-05-01,,
2013-05-02,,
2013-05-03,,
2013-05-04,,
2013-05-05,,
2013-05-06,,
2013-05-07,,
2013-05-08,,
2013-05-09,,
2013-05-10,,
2013-05-11,,
2013-05-12,,
2013-05-13,,
2013-05-14,,
2013-05-15,,
2013-05-16,,
2013-05-17,,
2013-05-18,,
2013-05-19,,
2013-05-20,,
2013-05-21,,
2013-05-22,,
2013-05-23,,
2013-05-24,,
2013-05-25,,
2013-05-26,,
2013-05-27,,
2013-05-28,,
2013-05-29,,
2013-05-30,,
2013-05-31,,
2013-06-01,,
2013-06-02,,
2013-06-03,,
2013-06-04,,
2013-06-05,,
2013-06-06,,
2013-06-07,,
2013-06-08,,
2013-06-09,,
2013-06-10,,
2013-06-11,,
2013-06-12,,
2013-06-13,,
2013-06-14,,
2013-06-15,,
2013-06-16,,
2013-06-17,,
2013-06-18,,
2013-06-19,,
2013-06-20,,
2013-06-21,,
2013-06-22,,
2013-06-23,,
2013-06-24,,
2013-06-25,,
2013-06-26,,
2013-06-27,,
2013-06-28,,
2013-06-29,,
2013-06-30,,
2013-07-01,,
2013-07-02,,
2013-07-03,,
2013-07-04,,
2013-07-05,,
2013-07-06,,
2013-07-07,,
2013-07-08,,
2013-07-09,,
2013-07-10,,
2013-07-11,,
2013-07-12,,
2013-07-13,,
2013-07-14,,
2013-07-15,,
2013-07-16,,
2013-07-17,,
2013-07-18,,
2013-07-19,,
2013-07-20,,
2013-07-21,,
2013-07-22,,
2013-07-23,,
2013-07-24,,
2013-07-25,,
2013-07-26,,
2013-07-27,,
2013-07-28,,
2013-07-29,,
2013-07-30,,
2013-07-31,,
2013-08-01,,
2013-08-02,,
2013-08-03,,
2013-08-04,,
2013-08-05,,
2013-08-06,,
2013-08-07,,
2013-08-08,,
2013-08-09,,
2013-08-10,,
2013-08-11,,
2013-08-12,,
2013-08-13,,
2013-08-14,,
2013-08-15,,
2013-08-16,,
2013-08-17,,
2013-08-18,,
2013-08-19,,
2013-08-20,,
2013-08-21,,
2013-08-22,,
2013-08-23,,
2013-08-24,,
2013-08-25,,
2013-08-26,,
2013-08-27,,
2013-08-28,,
2013-08-29,,
2013-08-30,,
2013-08-31,,
2013-09-01,,
2013-09-02,,
2013-09-03,,
2013-09-04,,
2013-09-05,,
2013-09-06,,
2013-09-07,,
2013-09-08,,
2013-09-09,,
2013-09-10,,
2013-09-11,,
2013-09-12,,
2013-09-13,,
2013-09-14,,
2013-09-15,,
2013-09-16,,
2013-09-17,,
2013-09-18,,
2013-09-19,,
2013-09-20,,
2013-09-21,,
2013-09-22,,
2013-09-23,,
2013-09-24,,
2013-09-25,,
2013-09-26,,
2013-09-27,,
2013-09-28,,
2013-09-29,,
2013-09-30,,
2013-10-01,,
2013-10-02,,
2013-10-03,,
2013-10-04,,
2013-10-05,,
2013-10-06,,
2013-10-07,,
2013-10-08,,
2013-10-09,,
2013-10-10,1.473,15.3059858062564
2013-10-11,1.409,
2013-10-12,1.336,
2013-10-13,1.264,
2013-10-14,1.191,
2013-10-15,1.127,9.65293872240952
2013-10-16,1.1,8.65383668033161
2013-10-17,0.75,9.37807246129805
2013-10-18,0.75,8.62705702361317
2013-10-19,0.8,7.44872286060779
2013-10-20,0.7,7.44200713899677
2013-10-21,0.05,10.7319922846948
2013-10-22,0.0,11.4279349846831
2013-10-23,0.0,12.7943028791789
2013-10-24,0.4,16.2872122388877
2013-10-25,0.438,16.6688792691108
2013-10-26,0.7,17.6312342076923
2013-10-27,0.55,17.6949026044126
2013-10-28,0.4,15.6461531889084
2013-10-29,1.462,12.6591058460404
2013-10-30,1.9,15.0683172094632
2013-10-31,1.9,16.3159520744984
2013-11-01,1.9,20.8765790500208
2013-11-02,1.9,23.4578116231873
2013-11-03,1.9,23.806333920738
2013-11-04,1.9,24.6551958393135
2013-11-05,1.7,26.4117808891533
2013-11-06,1.35,27.5063300630958
2013-11-07,0.639,32.1440860063117
2013-11-08,0.464,36.257039940874
2013-11-09,0.0,37.2710956146118
2013-11-10,0.0,33.2939366411
2013-11-11,0.0,27.6179437683726
2013-11-12,0.35,36.2548135177523
2013-11-13,0.4,40.5484084354102
2013-11-14,0.775,43.5767202164222
2013-11-15,1.1,44.1290691479647
2013-11-16,1.1,49.6438642266135
2013-11-17,0.8,50.8598476742147
2013-11-18,0.7,51.3451090185025
2013-11-19,0.7,52.5267317691911
2013-11-20,0.7,53.8529560018052
2013-11-21,0.7,53.8915290865699
2013-11-22,1.05,
2013-11-23,1.788,
2013-11-24,2.2,
2013-11-25,2.2,
2013-11-26,2.051,
2013-11-27,2.2,
2013-11-28,2.7,
2013-11-29,3.55,
2013-11-30,3.4,66.5603433093411
2013-12-01,3.4,66.0820875722546
2013-12-02,3.4,64.494005670996
2013-12-03,3.4,61.55020809052
2013-12-04,3.55,58.4434932542886
2013-12-05,3.7,58.0887445815668
2013-12-06,3.7,56.5596820581685
2013-12-07,4.0,53.9042131745417
2013-12-08,4.5,
2013-12-09,4.9,
2013-12-10,4.9,
2013-12-11,4.9,
2013-12-12,4.9,
2013-12-13,4.9,
2013-12-14,5.237,
2013-12-15,6.1,
2013-12-16,6.4,
2013-12-17,6.4,
2013-12-18,6.4,
2013-12-19,6.4,
2013-12-20,6.4,
2013-12-21,6.4,
2013-12-22,6.65,
2013-12-23,7.5,
2013-12-24,7.9,
2013-12-25,7.55,
2013-12-26,7.5,
2013-12-27,7.5,
2013-12-28,7.5,
2013-12-29,7.65,
2013-12-30,7.9,
2013-12-31,7.9,
2014-01-01,8.025,
2014-01-02,9.412,
2014-01-03,9.696,
2014-01-04,9.4,
2014-01-05,9.637,
2014-01-06,10.45,
2014-01-07,10.725,
2014-01-08,11.05,
2014-01-09,11.2,
2014-01-10,11.2,
2014-01-11,11.2,
2014-01-12,11.125,
2014-01-13,10.9,
2014-01-14,11.312,
2014-01-15,12.4,
2014-01-16,13.525,
2014-01-17,15.0,
2014-01-18,15.05,
2014-01-19,15.4,
2014-01-20,15.4,
2014-01-21,15.4,
2014-01-22,15.4,
2014-01-23,15.588,
2014-01-24,16.05,
2014-01-25,16.1,
2014-01-26,16.1,
2014-01-27,16.1,
2014-01-28,16.1,
2014-01-29,16.1,
2014-01-30,16.1,
2014-01-31,16.1,
2014-02-01,16.1,
2014-02-02,16.1,
2014-02-03,16.1,
2014-02-04,16.1,
2014-02-05,16.1,
2014-02-06,16.1,
2014-02-07,16.1,
2014-02-08,16.1,
2014-02-09,16.1,90.8936745491734
2014-02-10,16.1,92.7306962141756
2014-02-11,16.1,92.4652194434261
2014-02-12,16.1,93.2116530324388
2014-02-13,16.1,94.8388813821468
2014-02-14,15.7,
2014-02-15,16.1,
2014-02-16,16.4,
2014-02-17,16.75,
2014-02-18,16.9,
2014-02-19,16.9,
2014-02-20,16.9,87.9771371299226
2014-02-21,16.9,90.0900579429449
2014-02-22,16.9,91.3447319214088
2014-02-23,16.9,90.6146667760204
2014-02-24,16.9,86.4609414875105
2014-02-25,16.9,84.500776670433
2014-02-26,16.9,84.6538850659958
2014-02-27,16.9,
2014-02-28,17.0,
2014-03-01,17.3,85.3208903024575
2014-03-02,17.3,83.8191959226757
2014-03-03,17.3,86.0168318945604
2014-03-04,17.3,84.8959844156096
2014-03-05,17.3,86.7940668698466
2014-03-06,16.901,88.3366431413331
2014-03-07,17.099,87.5490811615585
2014-03-08,17.294,
2014-03-09,16.9,
2014-03-10,16.903,
2014-03-11,17.413,
2014-03-12,17.85,
2014-03-13,18.0,
2014-03-14,18.25,
2014-03-15,18.4,
2014-03-16,18.4,
2014-03-17,18.4,
2014-03-18,18.4,
2014-03-19,18.4,
2014-03-20,18.4,87.5912556896907
2014-03-21,18.4,86.8474900479763
2014-03-22,18.4,87.8622746904889
2014-03-23,18.4,86.3891133455276
2014-03-24,18.4,87.2560367085275
2014-03-25,18.4,85.2005123097179
2014-03-26,18.4,85.0398711820607
2014-03-27,18.4,83.233253677805
2014-03-28,18.4,83.7843345480332
2014-03-29,18.4,83.1602927508611
2014-03-30,18.4,82.1208839823752
2014-03-31,18.4,83.5964201991295
2014-04-01,18.4,86.5767395195168
2014-04-02,18.4,89.1588397552007
2014-04-03,18.4,88.3507938704437
2014-04-04,18.4,87.5909648019554
2014-04-05,18.4,87.0283818813569
2014-04-06,18.4,85.56845174988
2014-04-07,18.4,80.6398730365731
2014-04-08,18.863,
2014-04-09,19.3,100.089686849146
2014-04-10,19.5,102.132649024359
2014-04-11,19.6,100.495424310518
2014-04-12,19.85,96.8604534381595
2014-04-13,19.9,92.6902006850018
2014-04-14,19.9,89.0137188151632
2014-04-15,19.9,85.7190596577242
2014-04-16,19.9,84.2634400275813
2014-04-17,20.012,85.2710682664953
2014-04-18,20.2,84.8791006525994
2014-04-19,20.6,82.4711806800179
2014-04-20,20.6,81.0371585257939
2014-04-21,20.65,80.0615249064981
2014-04-22,20.6,79.4061728724894
2014-04-23,20.7,78.3777830514836
2014-04-24,20.85,75.8191776825673
2014-04-25,21.0,75.5984899010311
2014-04-26,21.0,73.8689519056651
2014-04-27,20.95,73.1157385839037
2014-04-28,21.1,69.8945724214836
2014-04-29,21.4,66.4985538201186
2014-04-30,21.4,60.3549306421765
2014-05-01,21.25,55.222580435554
2014-05-02,21.25,52.4671572497933
2014-05-03,21.0,47.9093848668022
2014-05-04,20.6,44.1705177841868
2014-05-05,19.688,38.4969520964741
2014-05-06,18.413,32.6287905111711
2014-05-07,17.075,27.0473816959723
2014-05-08,15.588,22.7690035596902
2014-05-09,14.175,17.9521342409777
2014-05-10,12.438,13.5636013225198
2014-05-11,10.912,7.9518062363896
2014-05-12,9.562,0.0
2014-05-13,8.037,0.0
2014-05-14,6.037,0.0
2014-05-15,4.3,0.0
2014-05-16,2.259,0.0
2014-05-17,0.9,0.0
2014-05-18,0.8,0.0
2014-05-19,1.1,0.0
2014-05-20,1.1,0.0
2014-05-21,1.5,0.0
2014-05-22,1.5,0.0
2014-05-23,1.5,0.0
2014-05-24,1.55,0.0
2014-05-25,1.9,0.0
2014-05-26,1.938,0.0
2014-05-27,2.125,0.0
2014-05-28,2.2,0.0
2014-05-29,2.05,0.0
2014-05-30,1.938,0.0
2014-05-31,1.9,0.0
2014-06-01,1.6,0.0
2014-06-02,1.2,0.0
2014-06-03,0.8,0.0
2014-06-04,0.7,0.0
2014-06-05,0.475,0.0
2014-06-06,0.4,0.0
2014-06-07,0.1,0.0
2014-06-08,0.0,0.0
2014-06-09,0.0,0.0
2014-06-10,0.0,0.0
2014-06-11,0.0,0.0
2014-06-12,0.0,0.0
2014-06-13,0.0,0.0
2014-06-14,0.0,0.0
2014-06-15,0.0,0.0
2014-06-16,0.0,0.0
2014-06-17,0.0,0.0
2014-06-18,0.0,0.0
2014-06-19,0.0,0.0
2014-06-20,0.0,0.0
2014-06-21,0.0,0.0
2014-06-22,0.0,0.0
2014-06-23,0.0,0.0
2014-06-24,0.0,0.0
2014-06-25,0.0,0.0
2014-06-26,0.0,0.0
2014-06-27,0.0,0.0
2014-06-28,0.0,0.0
2014-06-29,0.0,0.0
2014-06-30,0.0,0.0
2014-07-01,0.0,0.0
2014-07-02,0.0,0.0
2014-07-03,0.0,0.0
2014-07-04,0.0,0.0
2014-07-05,0.0,0.0
2014-07-06,0.0,0.0
2014-07-07,0.0,0.0
2014-07-08,0.0,0.0
2014-07-09,0.0,0.0
2014-07-10,0.0,0.0
2014-07-11,0.0,0.0
2014-07-12,0.0,0.0
2014-07-13,0.0,0.0
2014-07-14,0.0,0.0
2014-07-15,0.0,0.0
2014-07-16,0.0,0.0
2014-07-17,0.0,0.0
2014-07-18,0.0,0.0
2014-07-19,0.0,0.0
2014-07-20,0.0,0.0
2014-07-21,0.0,0.0
2014-07-22,0.0,0.0
2014-07-23,0.0,0.0
2014-07-24,0.0,0.0
2014-07-25,0.0,0.0
2014-07-26,0.0,0.0
2014-07-27,0.0,0.0
2014-07-28,0.0,0.0
2014-07-29,0.0,0.0
2014-07-30,0.0,0.0
2014-07-31,0.0,0.0
2014-08-01,0.0,0.0
2014-08-02,0.0,0.0
2014-08-03,0.0,0.0
2014-08-04,0.0,0.0
2014-08-05,0.0,0.0
2014-08-06,0.0,0.0
2014-08-07,0.0,0.0
2014-08-08,0.0,0.0
2014-08-09,0.0,0.0
2014-08-10,0.0,0.0
2014-08-11,0.0,0.0
2014-08-12,0.0,0.0
2014-08-13,0.0,0.0
2014-08-14,0.0,0.0
2014-08-15,0.0,0.0
2014-08-16,0.0,0.0
2014-08-17,0.0,0.0
2014-08-18,0.0,0.0
2014-08-19,0.0,0.0
2014-08-20,0.0,0.0
2014-08-21,0.0,0.0
2014-08-22,0.0,0.0
2014-08-23,0.0,0.0
2014-08-24,0.0,0.0
2014-08-25,0.0,0.0
2014-08-26,0.0,0.0
2014-08-27,0.0,0.0
2014-08-28,0.0,0.0
2014-08-29,0.0,0.0
2014-08-30,0.0,0.0
2014-08-31,0.0,0.0
2014-09-01,0.0,0.0
2014-09-02,0.0,0.0
2014-09-03,0.0,0.0
2014-09-04,0.0,0.0
2014-09-05,0.0,0.0
2014-09-06,0.0,0.0
2014-09-07,0.0,0.0
2014-09-08,0.0,0.0
2014-09-09,0.0,0.0
2014-09-10,0.0,0.0
2014-09-11,,0.0
2014-09-12,,0.0
2014-09-13,,0.0
2014-09-14,,0.0
2014-09-15,,0.0
2014-09-16,,0.0
2014-09-17,,0.0
2014-09-18,,0.0
2014-09-19,,0.0
2014-09-20,,0.0
2014-09-21,,0.0
2014-09-22,,0.0
2014-09-23,,0.0
2014-09-24,,0.0
2014-09-25,,0.0
2014-09-26,,0.0
2014-09-27,,0.0
2014-09-28,,0.0
2014-09-29,,0.0
2014-09-30,,0.0
2014-10-01,,0.0
2014-10-02,,0.0
2014-10-03,,0.093868421105995
2014-10-04,,2.06413204584025
2014-10-05,,0.0
2014-10-06,,0.0
2014-10-07,,0.0
2014-10-08,,1.8120248777524
2014-10-09,,1.31802673885585
2014-10-10,,2.15067890329322
2014-10-11,,0.380114548559433
2014-10-12,,
2014-10-13,,
2014-10-14,,
2014-10-15,,
2014-10-16,1.0,0.275574768759391
2014-10-17,1.0,0.634630077053735
2014-10-18,1.0,0.664119560179067
2014-10-19,1.0,0.643670511865423
2014-10-20,1.116,1.37162541409812
2014-10-21,1.225,2.98174899801224
2014-10-22,1.288,3.83169037716166
2014-10-23,1.288,2.37795951476958
2014-10-24,1.313,5.91344509865291
2014-10-25,1.388,9.73735837156332
2014-10-26,1.388,10.3428820922037
2014-10-27,1.438,10.5836428978206
2014-10-28,1.476,9.96629491477788
2014-10-29,1.388,8.73135578419059
2014-10-30,1.388,7.88613093409246
2014-10-31,1.563,12.569722864948
2014-11-01,1.689,17.7378945280534
2014-11-02,1.976,21.0921356486818
2014-11-03,2.089,21.7565442861175
2014-11-04,2.089,20.183176785439
2014-11-05,2.089,17.6353389168387
2014-11-06,2.089,18.759776250963
2014-11-07,1.964,17.0278576866252
2014-11-08,1.889,15.6558079656467
2014-11-09,1.926,16.8056672733634
2014-11-10,1.939,14.4736882624684
2014-11-11,1.889,14.1552860904649
2014-11-12,1.726,11.8565477358936
2014-11-13,1.601,10.0011382714919
2014-11-14,1.588,8.29316510354686
2014-11-15,1.526,
2014-11-16,1.488,
2014-11-17,1.513,15.2494601428759
2014-11-18,1.588,15.3450990016905
2014-11-19,1.689,
2014-11-20,1.701,
2014-11-21,1.563,
2014-11-22,1.488,14.8559308972193
2014-11-23,1.488,
2014-11-24,1.488,
2014-11-25,1.526,
2014-11-26,1.67,
2014-11-27,1.588,
2014-11-28,1.588,
2014-11-29,1.551,
2014-11-30,1.526,
2014-12-01,1.588,
2014-12-02,1.814,
2014-12-03,2.515,
2014-12-04,2.69,
2014-12-05,2.69,
2014-12-06,2.765,
2014-12-07,3.028,
2014-12-08,3.316,
2014-12-09,3.478,
2014-12-10,3.491,
2014-12-11,3.503,
2014-12-12,3.741,
2014-12-13,4.041,
2014-12-14,4.091,
2014-12-15,4.329,
2014-12-16,4.492,
2014-12-17,4.655,
2014-12-18,4.893,
2014-12-19,4.893,
2014-12-20,4.893,
2014-12-21,4.893,
2014-12-22,4.93,
2014-12-23,5.08,
2014-12-24,5.093,
2014-12-25,5.093,
2014-12-26,5.093,
2014-12-27,5.205,
2014-12-28,5.293,
2014-12-29,5.293,
2014-12-30,5.343,
2014-12-31,5.543,
2015-01-01,5.593,
2015-01-02,5.593,
2015-01-03,5.593,
2015-01-04,5.593,
2015-01-05,5.593,
2015-01-06,5.593,
2015-01-07,5.593,
2015-01-08,5.593,
2015-01-09,5.593,
2015-01-10,5.681,
2015-01-11,5.869,
2015-01-12,6.232,
2015-01-13,6.332,
2015-01-14,6.77,
2015-01-15,6.983,
2015-01-16,8.434,
2015-01-17,9.336,60.8770724035413
2015-01-18,10.149,70.2695099970682
2015-01-19,10.199,66.8693665649118
2015-01-20,10.137,61.7109795597476
2015-01-21,10.787,72.9496994939606
2015-01-22,11.0,72.5885946387261
2015-01-23,11.351,72.5095644386304
2015-01-24,12.001,76.1230816734608
2015-01-25,12.389,79.0341569508852
2015-01-26,12.99,87.3915444789272
2015-01-27,13.003,82.924467918414
2015-01-28,13.003,78.7291790143288
2015-01-29,13.003,74.0006375095259
2015-01-30,13.003,71.9203837129745
2015-01-31,13.003,
2015-02-01,13.003,
2015-02-02,13.003,
2015-02-03,13.003,
2015-02-04,13.003,
2015-02-05,13.003,
2015-02-06,13.003,
2015-02-07,13.003,
2015-02-08,12.978,
2015-02-09,12.965,
2015-02-10,12.99,62.7586661895894
2015-02-11,13.078,65.7444656566426
2015-02-12,13.503,69.4186164181762
2015-02-13,13.779,69.5009087918044
2015-02-14,14.179,71.304812801894
2015-02-15,14.504,74.0286058695414
2015-02-16,14.542,71.8901196592666
2015-02-17,14.817,75.3503710110772
2015-02-18,14.93,74.0852223859636
2015-02-19,15.055,74.3368912247436
2015-02-20,15.293,76.656360392415
2015-02-21,15.343,74.3022849002229
2015-02-22,15.406,73.8055724045648
2015-02-23,15.643,74.8676865744027
2015-02-24,16.13,76.3616912180056
2015-02-25,16.3,76.0234952026784
2015-02-26,16.3,74.5338265347904
2015-02-27,16.4,74.9195092911824
2015-02-28,16.4,75.990855999879
2015-03-01,16.55,77.5048386024657
2015-03-02,16.8,74.8857932941367
2015-03-03,16.775,74.0350093664103
2015-03-04,16.825,77.8084568903871
2015-03-05,17.125,78.3429361075302
2015-03-06,17.4,79.0076899886606
2015-03-07,17.938,85.5846330566411
2015-03-08,18.887,92.5010244260131
2015-03-09,19.2,93.3011847873172
2015-03-10,19.2,90.6496954832992
2015-03-11,19.2,89.4311640796344
2015-03-12,19.2,91.2616419091532
2015-03-13,19.975,99.9792040504092
2015-03-14,20.669,101.812507416437
2015-03-15,20.65,98.2262217488751
2015-03-16,20.7,95.1042807874718
2015-03-17,20.812,93.3984338962784
2015-03-18,21.1,91.8565720273271
2015-03-19,21.113,90.7278251613067
2015-03-20,21.188,89.9982266782489
2015-03-21,21.2,89.3911356880812
2015-03-22,21.212,88.8819187701812
2015-03-23,21.775,97.323796294841
2015-03-24,22.125,97.6131318297006
2015-03-25,22.2,96.0581236420308
2015-03-26,22.2,94.1954914158271
2015-03-27,22.312,91.6776883044033
2015-03-28,22.512,90.9290693924792
2015-03-29,22.6,91.5247194695586
2015-03-30,22.762,92.1752481610178
2015-03-31,22.913,90.6767747991897
2015-04-01,23.0,90.3333901478974
2015-04-02,23.0,90.0210274292772
2015-04-03,23.0,88.5565876163251
2015-04-04,23.0,88.0040057076266
2015-04-05,23.012,89.0446453726977
2015-04-06,23.312,95.9152100402438
2015-04-07,23.625,94.9680859855881
2015-04-08,23.75,91.0764096746964
2015-04-09,23.887,88.0799612938942
2015-04-10,24.15,88.3733956407532
2015-04-11,24.337,87.8535501339316
2015-04-12,24.4,87.2164377611849
2015-04-13,24.4,85.313212490405
2015-04-14,24.413,85.2459218043413
2015-04-15,24.45,84.6405396418373
2015-04-16,24.512,85.1149245620003
2015-04-17,24.625,84.4412616753004
2015-04-18,24.725,83.7400418309075
2015-04-19,24.812,82.6740942056045
2015-04-20,24.925,78.9638543386766
2015-04-21,24.975,78.3124496574726
2015-04-22,25.3,78.2974921354336
2015-04-23,25.325,77.4731053089085
2015-04-24,25.363,77.2080583113782
2015-04-25,25.413,76.1747868459275
2015-04-26,25.587,74.4857824907813
2015-04-27,25.938,72.7677459467613
2015-04-28,26.163,72.199633798127
2015-04-29,26.35,72.2351249507131
2015-04-30,26.7,71.392912410596
2015-05-01,26.7,70.9337456560239
2015-05-02,26.688,70.4837930395101
2015-05-03,26.65,69.4901771345314
2015-05-04,26.725,69.3433029031034
2015-05-05,26.675,68.5365581156742
2015-05-06,26.675,67.1384965440235
2015-05-07,26.738,65.7497994949891
2015-05-08,27.062,61.9148328225784
2015-05-09,26.887,58.7304097531288
2015-05-10,25.988,53.8891638449079
2015-05-11,24.038,48.1751143208665
2015-05-12,22.35,42.9033802017639
2015-05-13,21.05,38.2099727964379
2015-05-14,19.275,31.9448499399684
2015-05-15,17.238,25.8144307612927
2015-05-16,15.037,20.0905768365486
2015-05-17,12.75,12.4392327640209
2015-05-18,10.55,5.01015424894804
2015-05-19,7.638,0.0
2015-05-20,5.312,0.0
2015-05-21,4.225,0.0
2015-05-22,4.088,0.0
2015-05-23,4.075,0.0
2015-05-24,3.987,0.0
2015-05-25,3.712,0.0
2015-05-26,3.263,0.0
2015-05-27,2.825,0.0
2015-05-28,2.388,0.0
2015-05-29,1.775,0.0
2015-05-30,1.413,0.0
2015-05-31,1.025,0.0
2015-06-01,0.675,0.0
2015-06-02,0.487,0.0
2015-06-03,0.4,0.0
2015-06-04,0.263,0.0
2015-06-05,0.2,0.0
2015-06-06,0.1,0.0
2015-06-07,0.0,0.0
2015-06-08,0.0,0.0
2015-06-09,0.0,0.0
2015-06-10,0.0,0.0
2015-06-11,0.0,0.0
2015-06-12,0.0,0.0
2015-06-13,0.0,0.0
2015-06-14,0.0,0.0
2015-06-15,0.0,0.0
2015-06-16,0.0,0.0
2015-06-17,0.0,0.0
2015-06-18,0.0,0.0
2015-06-19,0.0,0.0
2015-06-20,0.0,0.0
2015-06-21,0.0,0.0
2015-06-22,0.0,0.0
2015-06-23,0.0,0.0
2015-06-24,0.0,0.0
2015-06-25,0.0,0.0
2015-06-26,0.0,0.0
2015-06-27,0.0,0.0
2015-06-28,0.0,0.0
2015-06-29,0.0,0.0
2015-06-30,0.0,0.0
2015-07-01,0.0,0.0
2015-07-02,0.0,0.0
2015-07-03,0.0,0.0
2015-07-04,0.0,0.0
2015-07-05,0.0,0.0
2015-07-06,0.0,0.0
2015-07-07,0.0,0.0
2015-07-08,0.0,0.0
2015-07-09,0.0,0.0
2015-07-10,0.0,0.0
2015-07-11,0.0,0.0
2015-07-12,0.0,0.0
2015-07-13,0.0,0.0
2015-07-14,0.0,0.0
2015-07-15,0.0,0.0
2015-07-16,0.0,0.0
2015-07-17,0.0,0.0
2015-07-18,0.0,0.0
2015-07-19,0.0,0.0
2015-07-20,0.0,0.0
2015-07-21,0.0,0.0
2015-07-22,0.0,0.0
2015-07-23,0.0,0.0
2015-07-24,0.0,0.0
2015-07-25,0.0,0.0
2015-07-26,0.0,0.0
2015-07-27,0.0,0.0
2015-07-28,0.0,0.0
2015-07-29,0.0,0.0
2015-07-30,0.0,0.0
2015-07-31,0.0,0.0
2015-08-01,0.0,0.0
2015-08-02,0.0,0.0
2015-08-03,0.0,0.0
2015-08-04,0.0,0.0
2015-08-05,0.0,0.0
2015-08-06,0.0,0.0
2015-08-07,0.0,0.0
2015-08-08,0.0,0.0
2015-08-09,0.0,0.0
2015-08-10,0.0,0.0
2015-08-11,0.0,0.0
2015-08-12,0.0,0.0
2015-08-13,0.0,0.0
2015-08-14,0.0,0.0
2015-08-15,0.0,0.0
2015-08-16,0.0,0.0
2015-08-17,0.0,0.0
2015-08-18,0.0,0.0
2015-08-19,0.0,0.0
2015-08-20,0.0,0.0
2015-08-21,0.0,0.0
2015-08-22,0.0,0.0
2015-08-23,0.0,0.0
2015-08-24,0.0,0.0
2015-08-25,0.0,0.0
2015-08-26,0.0,0.0
2015-08-27,0.0,0.0
2015-08-28,0.0,0.0
2015-08-29,0.0,0.0
2015-08-30,0.0,0.0
2015-08-31,0.0,0.0
2015-09-01,0.0,0.0
2015-09-02,0.0,0.0
2015-09-03,0.0,0.0
2015-09-04,0.0,0.0
2015-09-05,0.0,0.0
2015-09-06,0.0,0.0
2015-09-07,0.0,0.0
2015-09-08,0.0,0.0
2015-09-09,0.0,0.0
2015-09-10,0.0,0.0
2015-09-11,0.0,0.0
2015-09-12,0.0,0.0
2015-09-13,0.0,0.0
2015-09-14,0.0,0.0
2015-09-15,0.0,0.0
2015-09-16,0.0,0.0
2015-09-17,0.0,0.0
2015-09-18,0.0,0.0
2015-09-19,0.0,0.0
2015-09-20,0.0,0.0
2015-09-21,0.0,0.0
2015-09-22,0.0,0.0
2015-09-23,0.0,0.0
2015-09-24,0.0,0.0
2015-09-25,0.0,0.0
2015-09-26,0.0,1.7139040916319
2015-09-27,0.0,2.43698301765456
2015-09-28,0.1,2.83572921729821
2015-09-29,0.15,
2015-09-30,0.1,
2015-10-01,0.188,7.53027267773912
2015-10-02,0.113,4.22677608845019
2015-10-03,0.1,2.91886453880034
2015-10-04,0.325,7.4839995642232
2015-10-05,0.5,7.75453093383921
2015-10-06,0.537,7.44004759307591
2015-10-07,0.6,6.4414908356394
2015-10-08,0.6,6.24578093615046
2015-10-09,0.662,6.5391276623342
2015-10-10,0.863,7.56790988296685
2015-10-11,1.012,8.01184011307796
2015-10-12,1.113,7.24567666616936
2015-10-13,1.225,6.70547897178376
2015-10-14,1.4,6.50184473621113
2015-10-15,1.4,6.16915092456277
2015-10-16,1.425,6.30007918468053
2015-10-17,1.8,6.56791944864011
2015-10-18,1.863,4.4293297234245
2015-10-19,1.613,3.03359879657898
2015-10-20,1.387,2.14603977530756
2015-10-21,1.2,2.65446045866842
2015-10-22,1.175,2.65082788577406
2015-10-23,1.2,4.50215054269274
2015-10-24,1.2,4.70883479993572
2015-10-25,1.2,4.55226975990036
2015-10-26,1.2,5.57331983001889
2015-10-27,1.2,5.75490300475732
2015-10-28,1.163,5.78703829389641
2015-10-29,1.312,11.0935651863156
2015-10-30,1.8,16.9288466523036
2015-10-31,1.8,15.1454002053178
2015-11-01,1.8,14.5502110683976
2015-11-02,1.688,13.7138496068953
2015-11-03,1.4,12.1384247915968
2015-11-04,0.95,13.2078774525068
2015-11-05,0.9,12.9157527706155
2015-11-06,0.912,14.9941721764907
2015-11-07,1.0,18.5148861887485
2015-11-08,1.0,21.1130504367231
2015-11-09,1.087,22.9570673677122
2015-11-10,1.488,29.4682309313108
2015-11-11,1.5,26.3106704494163
2015-11-12,1.5,24.33398078267
2015-11-13,1.5,23.7923695672436
2015-11-14,1.5,27.4928212895267
2015-11-15,1.5,25.4931950869125
2015-11-16,1.5,24.9327530488247
2015-11-17,1.413,23.4769986212717
2015-11-18,1.3,23.797172037757
2015-11-19,1.212,24.1919772240935
2015-11-20,1.225,31.9821662945403
2015-11-21,1.488,36.447656558863
2015-11-22,1.788,36.5098755492372
2015-11-23,1.9,36.0548418751161
2015-11-24,1.9,34.6488854216412
2015-11-25,1.9,32.7983724326149
2015-11-26,1.95,30.8426252437824
2015-11-27,2.0,
2015-11-28,2.175,
2015-11-29,2.788,
2015-11-30,4.737,57.6204202575498
2015-12-01,5.1,56.8961244425637
2015-12-02,5.25,56.0487721054004
2015-12-03,5.4,56.9642966881102
2015-12-04,5.4,53.0329674076853
2015-12-05,5.4,49.460208902149
2015-12-06,5.4,49.0199257657375
2015-12-07,5.4,50.2127095657634
2015-12-08,5.4,53.0667967573113
2015-12-09,5.425,50.3852969239905
2015-12-10,5.5,46.9524581505232
2015-12-11,5.5,46.4162343977157
2015-12-12,5.5,45.8995484052085
2015-12-13,5.5,45.9087422909726
2015-12-14,5.5,45.9287127191546
2015-12-15,5.5,46.5886310527317
2015-12-16,5.5,46.4294908544226
2015-12-17,5.5,45.2072923850345
2015-12-18,5.5,45.5517966087399
2015-12-19,5.5,45.1316468957313
2015-12-20,5.5,45.3672510580023
2015-12-21,5.5,44.5269304813562
2015-12-22,5.5,44.1351013566351
2015-12-23,5.688,47.5167689015705
2015-12-24,5.713,47.3463940572842
2015-12-25,5.7,46.5901109543574
2015-12-26,5.7,46.0935225867716
2015-12-27,5.838,46.1753612290011
2015-12-28,6.1,45.5888095614297
2015-12-29,6.65,50.2250975927696
2015-12-30,6.912,47.5016578824826
2015-12-31,7.112,47.9886215230991
2016-01-01,7.7,55.2903373519406
2016-01-02,7.862,54.2481714225121
2016-01-03,7.9,54.6841531242799
2016-01-04,7.9,53.2662147728338
2016-01-05,7.9,51.2245538376329
2016-01-06,7.9,49.1013204356419
2016-01-07,7.9,49.1482066013131
2016-01-08,7.9,48.199780971098
2016-01-09,8.2,48.5956887105515
2016-01-10,8.787,58.7606915303926
2016-01-11,8.812,
2016-01-12,9.488,62.086722634385
2016-01-13,9.9,65.8503176372645
2016-01-14,9.938,64.8390720894631
2016-01-15,10.1,
2016-01-16,10.2,
2016-01-17,10.2,
2016-01-18,10.2,59.6686714990162
2016-01-19,10.262,64.3654020305003
2016-01-20,10.5,67.7036952896659
2016-01-21,10.6,67.5803484932768
2016-01-22,10.662,66.3727234071981
2016-01-23,10.988,67.3609303226229
2016-01-24,11.15,67.0537511550577
2016-01-25,11.238,66.2533831537318
2016-01-26,11.475,67.393844162267
2016-01-27,11.887,68.9655894280913
2016-01-28,12.0,66.3997004332886
2016-01-29,12.05,65.1367773061783
2016-01-30,12.175,66.9100017274946
2016-01-31,12.2,63.8017578588827
2016-02-01,12.2,67.7332902159992
2016-02-02,12.2,66.8373851058965
2016-02-03,12.15,65.9509597878102
2016-02-04,12.162,64.1447121505415
2016-02-05,12.275,62.5415142202533
2016-02-06,12.438,66.7472636977795
2016-02-07,12.5,63.2110098249419
2016-02-08,12.525,61.9747483812013
2016-02-09,12.6,
2016-02-10,12.613,63.1670500183883
2016-02-11,12.963,
2016-02-12,13.2,
2016-02-13,13.25,
2016-02-14,13.4,
2016-02-15,13.4,
2016-02-16,13.5,
2016-02-17,13.483,
2016-02-18,13.425,
2016-02-19,13.4,
2016-02-20,13.463,
2016-02-21,13.512,
2016-02-22,13.625,
2016-02-23,13.7,
2016-02-24,13.725,
2016-02-25,13.887,
2016-02-26,14.113,
2016-02-27,14.425,
2016-02-28,14.6,
2016-02-29,14.688,
2016-03-01,14.875,
2016-03-02,14.9,
2016-03-03,14.9,
2016-03-04,14.9,
2016-03-05,14.9,
2016-03-06,14.9,
2016-03-07,14.9,77.1966228510573
2016-03-08,14.9,76.8343090939966
2016-03-09,15.0,76.5399318821985
2016-03-10,15.1,77.692110899055
2016-03-11,15.1,76.6114826185056
2016-03-12,15.2,75.9535078867572
2016-03-13,15.2,75.9124994605009
2016-03-14,15.2,73.76798510922
2016-03-15,15.2,73.362270291645
2016-03-16,15.312,75.2337276211106
2016-03-17,15.4,73.6343158411794
2016-03-18,15.4,74.4213351597652
2016-03-19,15.4,74.6095283793197
2016-03-20,15.412,74.2840880646953
2016-03-21,15.5,73.4043364467606
2016-03-22,15.5,73.4385009670145
2016-03-23,15.5,73.0207234950499
2016-03-24,15.5,72.780634782253
2016-03-25,15.527,71.4948580642
2016-03-26,15.586,71.1038237078882
2016-03-27,15.7,68.9587226220044
2016-03-28,15.9,72.597734406663
2016-03-29,16.288,72.379300519193
2016-03-30,16.438,68.6012770488054
2016-03-31,16.525,64.1281779842442
2016-04-01,16.512,59.6019144587828
2016-04-02,16.525,57.931017348561
2016-04-03,16.6,57.4288606807111
2016-04-04,16.575,57.4484311137645
2016-04-05,16.525,57.9141811726835
2016-04-06,16.525,57.360635395143
2016-04-07,16.6,57.2181303022478
2016-04-08,16.95,59.9104050404717
2016-04-09,17.512,59.9382018343585
2016-04-10,17.613,59.0628365019125
2016-04-11,17.95,58.4021822882861
2016-04-12,18.4,58.7875591769066
2016-04-13,18.4,58.7715453786148
2016-04-14,18.35,58.3977571120682
2016-04-15,18.26,57.8318900472122
2016-04-16,,
2016-04-17,18.8,
2016-04-18,,
2016-04-19,,
2016-04-20,,
2016-04-21,,
2016-04-22,,
2016-04-23,,
2016-04-24,,
2016-04-25,,
2016-04-26,,
2016-04-27,,
2016-04-28,,
2016-04-29,,
2016-04-30,,
2016-05-01,,
2016-05-02,,
2016-05-03,,
2016-05-04,,
2016-05-05,,
2016-05-06,,
2016-05-07,,
2016-05-08,,
2016-05-09,,
2016-05-10,,
2016-05-11,,
2016-05-12,,
2016-05-13,,
2016-05-14,,
2016-05-15,,
2016-05-16,,
2016-05-17,,
2016-05-18,,
2016-05-19,,
2016-05-20,,
2016-05-21,,
2016-05-22,,
2016-05-23,,
2016-05-24,,
2016-05-25,,
2016-05-26,,
2016-05-27,,
2016-05-28,,
2016-05-29,,
2016-05-30,,
2016-05-31,,
2016-06-01,,
2016-06-02,,
2016-06-03,,
2016-06-04,,
2016-06-05,,
2016-06-06,,
2016-06-07,,
2016-06-08,,
2016-06-09,,
2016-06-10,,
2016-06-11,,
2016-06-12,,
2016-06-13,,
2016-06-14,,
2016-06-15,,
2016-06-16,,
2016-06-17,,
2016-06-18,,
2016-06-19,,
2016-06-20,,
2016-06-21,,
2016-06-22,,
2016-06-23,,
2016-06-24,,
2016-06-25,,
2016-06-26,,
2016-06-27,,
2016-06-28,,
2016-06-29,,
2016-06-30,,
2016-07-01,,
2016-07-02,,
2016-07-03,,
2016-07-04,,
2016-07-05,,
2016-07-06,,
2016-07-07,,
2016-07-08,,
2016-07-09,,
2016-07-10,,
2016-07-11,,
2016-07-12,,
2016-07-13,,
2016-07-14,,
2016-07-15,,
2016-07-16,,
2016-07-17,,
2016-07-18,,
2016-07-19,,
2016-07-20,,
2016-07-21,,
2016-07-22,,
2016-07-23,,
2016-07-24,,
2016-07-25,,
2016-07-26,,
2016-07-27,,
2016-07-28,,
2016-07-29,,
2016-07-30,,
2016-07-31,,
2016-08-01,,
2016-08-02,,
2016-08-03,,
2016-08-04,,
2016-08-05,,
2016-08-06,,
2016-08-07,,
2016-08-08,,
2016-08-09,,
2016-08-10,,
2016-08-11,,
2016-08-12,,
2016-08-13,,
2016-08-14,,
2016-08-15,,
2016-08-16,,
2016-08-17,,
2016-08-18,,
2016-08-19,,
2016-08-20,,
2016-08-21,,
2016-08-22,,
2016-08-23,,
2016-08-24,,
2016-08-25,,
2016-08-26,,
2016-08-27,,
2016-08-28,,
2016-08-29,,
2016-08-30,,
2016-08-31,,
2016-09-01,,
2016-09-02,,
2016-09-03,,
2016-09-04,,
2016-09-05,,
2016-09-06,,
2016-09-07,,
2016-09-08,,
2016-09-09,,
2016-09-10,,
2016-09-11,,
2016-09-12,,
2016-09-13,,
2016-09-14,,0.0
2016-09-15,,0.0
2016-09-16,,0.0
2016-09-17,,0.0
2016-09-18,,0.0
2016-09-19,,0.0
2016-09-20,,0.0
2016-09-21,,0.0
2016-09-22,,0.0
2016-09-23,,0.0
2016-09-24,,0.0
2016-09-25,,0.0
2016-09-26,,0.0
2016-09-27,,0.0
2016-09-28,,0.0
2016-09-29,,0.0
2016-09-30,,0.0
2016-10-01,,0.0
2016-10-02,,0.0
2016-10-03,,0.0
2016-10-04,,0.0
2016-10-05,,0.0
2016-10-06,,0.0
2016-10-07,,0.0
2016-10-08,,0.0
2016-10-09,0.05,0.0
2016-10-10,0.087,0.0
2016-10-11,0.113,0.0
2016-10-12,0.188,0.0
2016-10-13,0.2,0.0
2016-10-14,0.2,0.0
2016-10-15,0.2,0.0
2016-10-16,0.125,0.0
2016-10-17,0.1,0.0
2016-10-18,0.188,2.24690041916399
2016-10-19,0.225,2.36845229770267
2016-10-20,0.4,3.00217215115011
2016-10-21,0.4,2.89073382965196
2016-10-22,0.4,2.74507353579914
2016-10-23,0.4,3.87040306835942
2016-10-24,0.725,8.93871920637235
2016-10-25,0.8,8.72099017263516
2016-10-26,0.8,7.31740486561206
2016-10-27,0.8,7.14246016263066
2016-10-28,0.8,7.66155994659388
2016-10-29,0.8,6.79843433736355
2016-10-30,0.8,6.53094680555772
2016-10-31,0.8,5.83373319058634
2016-11-01,0.8,6.15214707356273
2016-11-02,0.8,6.46308843468933
2016-11-03,0.8,6.77388988629981
2016-11-04,0.938,11.9080099625071
2016-11-05,1.475,16.2003446733137
2016-11-06,1.988,19.6338086752459
2016-11-07,1.962,18.0323417870786
2016-11-08,2.025,17.3117933461544
2016-11-09,2.188,17.5621911082635
2016-11-10,2.2,17.2071966854444
2016-11-11,2.487,18.0126210024043
2016-11-12,2.925,20.8175065850106
2016-11-13,3.0,20.293537811537
2016-11-14,3.0,20.6033967818772
2016-11-15,3.0,20.6259199644232
2016-11-16,3.0,21.1287465660509
2016-11-17,3.0,20.5562190746116
2016-11-18,3.0,20.4992004166661
2016-11-19,3.0,20.083751855315
2016-11-20,3.0,20.290683392836
2016-11-21,3.0,20.3794923119601
2016-11-22,3.0,20.6047808031571
2016-11-23,2.987,20.4296274518557
2016-11-24,2.975,20.8652950986415
2016-11-25,3.0,21.4837304327053
2016-11-26,3.0,22.2369450708429
2016-11-27,3.15,25.4955625276343
2016-11-28,3.35,25.7622958821484
2016-11-29,3.487,28.3516645134666
2016-11-30,4.362,37.0953941176618
2016-12-01,4.8,37.1193058456122
2016-12-02,4.888,34.9597896504025
2016-12-03,4.95,36.8344763133054
2016-12-04,5.0,36.9775271629336
2016-12-05,5.0,36.3592959404365
2016-12-06,5.006,35.9330934397226
2016-12-07,5.1,35.0721870335282
2016-12-08,5.1,34.6509415601968
2016-12-09,5.1,34.5369629932691
2016-12-10,5.1,34.4047637641861
2016-12-11,5.037,34.315952402681
2016-12-12,5.0,34.1581746407203
2016-12-13,5.0,34.2189090473703
2016-12-14,5.075,34.2966262373633
2016-12-15,5.1,34.0507387138619
2016-12-16,5.062,35.1895215290199
2016-12-17,5.2,37.019655472812
2016-12-18,5.537,39.1385920521356
2016-12-19,5.825,43.9011838810194
2016-12-20,6.112,46.9847355373252
2016-12-21,6.275,44.2599311732447
2016-12-22,6.3,41.2177567408975
2016-12-23,6.3,39.9054388242184
2016-12-24,6.3,40.5355409016168
2016-12-25,6.3,39.463729878961
2016-12-26,6.3,
2016-12-27,6.375,
2016-12-28,6.45,
2016-12-29,6.675,
2016-12-30,7.05,
2016-12-31,7.463,
2017-01-01,7.7,
2017-01-02,7.8,
2017-01-03,7.8,
2017-01-04,7.8,
2017-01-05,7.8,
2017-01-06,7.8,
2017-01-07,7.8,
2017-01-08,7.8,
2017-01-09,7.8,
2017-01-10,7.8,
2017-01-11,7.838,
2017-01-12,7.963,
2017-01-13,8.162,
2017-01-14,8.725,45.9369971417405
2017-01-15,9.012,47.0527708029053
2017-01-16,9.775,53.5108773140189
2017-01-17,10.45,58.9577328475737
2017-01-18,10.5,59.7572435790051
2017-01-19,10.575,58.9919787760945
2017-01-20,10.7,60.004580892697
2017-01-21,10.7,57.9518169629091
2017-01-22,10.738,57.2348364560285
2017-01-23,10.912,56.1250263141195
2017-01-24,11.137,55.614729493971
2017-01-25,11.887,63.9817013556533
2017-01-26,12.2,64.7301663118757
2017-01-27,12.238,64.2624770163846
2017-01-28,12.4,63.3485419043758
2017-01-29,13.363,73.740952119396
2017-01-30,13.662,75.047582861577
2017-01-31,13.6,71.4300834495035
2017-02-01,13.6,69.2612261333013
2017-02-02,13.6,66.7443993517581
2017-02-03,13.6,65.8683245274593
2017-02-04,13.6,65.4867276859975
2017-02-05,13.6,63.5244438646086
2017-02-06,13.6,63.051106131636
2017-02-07,13.6,62.1233503358937
2017-02-08,13.662,63.0768551658347
2017-02-09,13.787,64.276318846624
2017-02-10,13.912,64.4754571745922
2017-02-11,14.188,66.5910137416549
2017-02-12,15.25,80.2253508536918
2017-02-13,15.7,78.9723414800771
2017-02-14,16.062,77.8312082728324
2017-02-15,16.225,74.4681445551634
2017-02-16,16.3,72.6557988085248
2017-02-17,16.3,71.4345461441404
2017-02-18,16.3,70.9954918082464
2017-02-19,16.3,70.7900459415225
2017-02-20,16.3,69.8900522770513
2017-02-21,16.3,70.3517499833796
2017-02-22,16.3,69.2998126887463
2017-02-23,16.3,70.2267070143123
2017-02-24,16.363,72.5420556501443
2017-02-25,16.625,76.1372002251485
2017-02-26,16.887,76.0476801291233
2017-02-27,17.038,77.382883132317
2017-02-28,17.2,78.4847805277941
2017-03-01,17.175,76.6808273259896
2017-03-02,17.163,75.1095202179409
2017-03-03,17.2,74.1043760235769
2017-03-04,17.175,73.5678063808751
2017-03-05,17.175,73.0850699508255
2017-03-06,17.113,72.351128856432
2017-03-07,17.106,73.1646221750721
2017-03-08,17.2,73.2589048052433
2017-03-09,17.2,73.8161351732596
2017-03-10,17.212,74.122166617183
2017-03-11,17.244,73.6151808690573
2017-03-12,17.288,73.2894438781955
2017-03-13,17.312,74.8305539259706
2017-03-14,17.425,75.3291436598797
2017-03-15,17.5,75.8830717487068
2017-03-16,17.538,75.5947922359136
2017-03-17,17.688,75.4937975801698
2017-03-18,17.7,75.5389151924546
2017-03-19,17.7,75.2526090731281
2017-03-20,17.8,76.5584083972097
2017-03-21,18.325,80.6490584813908
2017-03-22,18.5,79.6656068158848
2017-03-23,18.5,78.8102183232729
2017-03-24,18.55,78.5534817973384
2017-03-25,18.7,78.9989786717674
2017-03-26,18.7,79.0617968733432
2017-03-27,18.738,77.8321945947733
2017-03-28,18.875,79.0667744110693
2017-03-29,19.262,81.5130274552849
2017-03-30,19.475,81.4887530735282
2017-03-31,19.75,82.0160077992547
2017-04-01,19.938,80.9824803143302
2017-04-02,20.137,78.9976637806891
2017-04-03,20.3,78.9917045783738
2017-04-04,20.3,78.5554735090006
2017-04-05,20.3,78.6648239097859
2017-04-06,20.637,83.3683345983439
2017-04-07,21.4,91.3257672316757
2017-04-08,21.637,90.4853870249231
2017-04-09,21.8,86.7524930958489
2017-04-10,21.837,83.1704535500408
2017-04-11,21.9,79.404646593334
2017-04-12,21.9,77.8424778964329
2017-04-13,22.163,81.2582942501846
2017-04-14,22.4,81.6554356958898
2017-04-15,22.4,79.2939154690332
2017-04-16,22.4,79.2100439897812
2017-04-17,22.438,79.7309349908786
2017-04-18,22.55,79.5061150515602
2017-04-19,22.738,79.323904435311
2017-04-20,22.8,79.2568009074573
2017-04-21,22.837,79.142654261723
2017-04-22,22.938,78.8100987601774
2017-04-23,23.038,78.3569997673869
2017-04-24,23.175,77.9981996953551
2017-04-25,23.3,76.6621777818058
2017-04-26,23.312,74.8881799893287
2017-04-27,23.45,72.6007463086299
2017-04-28,23.7,69.0152595265042
2017-04-29,23.7,62.11258485812
2017-04-30,23.688,55.7551301184265
2017-05-01,23.688,52.8829167371381
2017-05-02,23.663,49.7580730847761
2017-05-03,23.7,49.6983758826
2017-05-04,23.712,48.7083302920592
2017-05-05,23.7,47.834495172536
2017-05-06,23.7,45.9691725211776
2017-05-07,23.387,43.3166158430403
2017-05-08,23.038,40.2077200181108
2017-05-09,22.7,37.941588289363
2017-05-10,22.012,34.2390425725351
2017-05-11,21.4,31.5493567788264
2017-05-12,20.512,28.621053070117
2017-05-13,19.05,23.2967434019035
2017-05-14,17.712,19.6881119595912
2017-05-15,16.3,16.1519094378286
2017-05-16,14.75,12.4911618149973
2017-05-17,13.0,8.76465093735215
2017-05-18,10.45,2.39428728037672
2017-05-19,8.525,
2017-05-20,6.8,0.426252454086011
2017-05-21,4.438,1.08427226704092
2017-05-22,2.675,1.93233957862529
2017-05-23,2.35,2.69948589702978
2017-05-24,2.737,4.09290470085783
2017-05-25,3.388,4.65488382400251
2017-05-26,3.9,6.09120051643597
2017-05-27,3.925,6.2414552246206
2017-05-28,4.037,5.95091657339243
2017-05-29,4.237,5.562222198618
2017-05-30,4.287,5.14345886967149
2017-05-31,4.25,4.3945864674219
2017-06-01,4.2,3.69503950493876
2017-06-02,4.1,3.03235271377729
2017-06-03,3.825,2.26354101270321
2017-06-04,3.35,1.80196905626989
2017-06-05,3.013,1.23770035029033
2017-06-06,2.5,0.0597284403217974
2017-06-07,2.2,0.0
2017-06-08,2.013,0.0
2017-06-09,1.788,0.0
2017-06-10,1.325,0.0
2017-06-11,0.938,0.0
2017-06-12,0.675,0.0
2017-06-13,0.5,0.0
2017-06-14,0.188,0.0
2017-06-15,0.0,0.0
2017-06-16,0.0,0.0
2017-06-17,0.0,0.0
2017-06-18,0.0,0.0
2017-06-19,0.0,0.0
2017-06-20,0.0,0.0
2017-06-21,0.0,0.0
2017-06-22,0.0,0.0
2017-06-23,0.0,0.0
2017-06-24,0.0,0.0
2017-06-25,0.0,0.0
2017-06-26,0.0,0.0
2017-06-27,0.0,0.0
2017-06-28,0.0,0.0
2017-06-29,0.0,0.0
2017-06-30,0.0,0.0
2017-07-01,0.0,0.0
2017-07-02,0.0,0.0
2017-07-03,0.0,0.0
2017-07-04,0.0,0.0
2017-07-05,0.0,0.0
2017-07-06,0.0,0.0
2017-07-07,0.0,0.0
2017-07-08,0.0,0.0
2017-07-09,0.0,0.0
2017-07-10,0.0,0.0
2017-07-11,0.0,0.0
2017-07-12,0.0,0.0
2017-07-13,0.0,0.0
2017-07-14,0.0,0.0
2017-07-15,0.0,0.0
2017-07-16,0.0,0.0
2017-07-17,0.0,0.0
2017-07-18,0.0,0.0
2017-07-19,0.0,0.0
2017-07-20,0.0,0.0
2017-07-21,0.0,0.0
2017-07-22,0.0,0.0
2017-07-23,0.0,0.0
2017-07-24,0.0,0.0
2017-07-25,0.0,0.0
2017-07-26,0.0,0.0
2017-07-27,0.0,0.0
2017-07-28,0.0,0.0
2017-07-29,0.0,0.0
2017-07-30,0.0,0.0
2017-07-31,0.0,0.0
2017-08-01,0.0,0.0
2017-08-02,0.0,0.0
2017-08-03,0.0,0.0
2017-08-04,0.0,0.0
2017-08-05,0.0,0.0
2017-08-06,0.0,0.0
2017-08-07,0.0,0.0
2017-08-08,0.0,0.0
2017-08-09,0.0,0.0
2017-08-10,0.0,0.0
2017-08-11,0.0,0.0
2017-08-12,0.0,0.0
2017-08-13,0.0,0.0
2017-08-14,0.0,0.0
2017-08-15,0.0,0.0
2017-08-16,0.0,0.0
2017-08-17,0.0,0.0
2017-08-18,0.0,0.0
2017-08-19,0.0,0.0
2017-08-20,0.0,0.0
2017-08-21,0.0,0.0
2017-08-22,0.0,0.0
2017-08-23,0.0,0.0
2017-08-24,0.0,0.0
2017-08-25,0.0,0.0
2017-08-26,0.0,0.0
2017-08-27,0.0,0.0
2017-08-28,0.0,0.0
2017-08-29,0.0,0.0
2017-08-30,0.0,0.0
2017-08-31,0.0,0.0
2017-09-01,0.0,0.0
2017-09-02,0.0,0.0
2017-09-03,0.0,0.0
2017-09-04,0.0,0.0
2017-09-05,0.0,0.0
2017-09-06,0.0,0.0
2017-09-07,0.0,0.0
2017-09-08,0.0,0.0
2017-09-09,0.0,0.0
2017-09-10,0.0,0.0
2017-09-11,0.0,0.0
2017-09-12,0.0,0.0
2017-09-13,0.0,0.0
2017-09-14,0.0,0.0
2017-09-15,0.0,0.0
2017-09-16,0.0,0.0
2017-09-17,0.0,0.0
2017-09-18,0.0,0.0
2017-09-19,0.0,0.0
2017-09-20,0.0,0.0
2017-09-21,0.0,0.0
2017-09-22,0.0,0.0
2017-09-23,0.0,0.0
2017-09-24,0.0,0.0
2017-09-25,0.0,0.0
2017-09-26,0.0,0.0
2017-09-27,0.0,0.0
2017-09-28,0.0,0.0
2017-09-29,0.0,0.0
2017-09-30,0.0,0.0
2017-10-01,0.0,0.0
2017-10-02,0.0,0.0
2017-10-03,0.0,0.0
2017-10-04,0.0,0.0
2017-10-05,0.0,0.0
2017-10-06,0.0,0.0
2017-10-07,0.0,0.0
2017-10-08,0.0,0.024286486848581
2017-10-09,0.0,1.59400570085709
2017-10-10,0.0,2.92906861123551
2017-10-11,0.0,7.52292403661806
2017-10-12,0.0,7.27207354963044
2017-10-13,0.0,5.77876357362852
2017-10-14,0.0,5.81750651753315
2017-10-15,0.013,5.25840975422489
2017-10-16,0.075,7.02342517369952
2017-10-17,0.1,7.06335946963765
2017-10-18,0.087,6.94631156203118
2017-10-19,0.1,7.86564159099471
2017-10-20,0.1,7.3778364650764
2017-10-21,0.85,18.8882599468589
2017-10-22,1.1,19.4932063935901
2017-10-23,1.1,16.5457041836606
2017-10-24,1.1,14.7354160853813
2017-10-25,1.1,14.7848213134496
2017-10-26,1.1,14.4809233564486
2017-10-27,1.387,17.752809343877
2017-10-28,2.163,18.8549645593095
2017-10-29,2.2,18.2747565771595
2017-10-30,2.312,20.6269385137012
2017-10-31,2.9,24.4979047280125
2017-11-01,2.9,23.5714105848244
2017-11-02,2.862,22.6998420459786
2017-11-03,2.8,23.0899028944497
2017-11-04,2.8,23.8162421706424
2017-11-05,2.725,22.1677152435197
2017-11-06,2.612,24.307753682472
2017-11-07,2.263,23.9534956031549
2017-11-08,2.044,23.2960916695298
2017-11-09,2.0,23.5767164736119
2017-11-10,2.025,24.1286553101338
2017-11-11,2.087,23.1949918202353
2017-11-12,2.038,23.1610331423571
2017-11-13,2.062,23.8163175900803
2017-11-14,2.1,22.5500310939199
2017-11-15,2.1,22.6178504033868
2017-11-16,2.1,21.5800009749301
2017-11-17,2.1,24.4106189139416
2017-11-18,2.188,25.7670063487286
2017-11-19,2.188,26.126545445007
2017-11-20,2.175,25.7045063233937
2017-11-21,2.125,25.6158079556171
2017-11-22,2.138,25.5510550524004
2017-11-23,2.288,27.2440355898508
2017-11-24,2.525,27.2212994245635
2017-11-25,2.712,27.2089568657149
2017-11-26,3.0,25.5399119797259
2017-11-27,3.275,26.4787025987234
2017-11-28,3.438,27.7177998133048
2017-11-29,3.538,27.3119935307641
2017-11-30,3.975,35.382587474842
2017-12-01,4.138,36.941217918026
2017-12-02,4.35,36.9622338277843
2017-12-03,4.425,35.1347771062506
2017-12-04,4.737,37.7510825650906
2017-12-05,5.3,40.1041417758174
2017-12-06,5.7,41.8355225704042
2017-12-07,6.188,43.1409369212055
2017-12-08,6.6,43.44737267566
2017-12-09,6.75,43.0718076838848
2017-12-10,7.213,43.7475393576139
2017-12-11,7.525,45.2373909610813
2017-12-12,7.612,45.5567417387892
2017-12-13,7.8,48.9394392329544
2017-12-14,7.912,50.004028047992
2017-12-15,8.562,54.2307353431346
2017-12-16,8.713,55.2523588749676
2017-12-17,8.963,58.2300214327709
2017-12-18,8.912,57.6694995038283
2017-12-19,8.925,58.2171898233051
2017-12-20,9.037,57.3725339559105
2017-12-21,9.1,58.6074201100291
2017-12-22,9.1,57.579749665783
2017-12-23,9.1,56.665624977326
2017-12-24,9.1,56.2179935006234
2017-12-25,9.188,55.6779523671956
2017-12-26,9.2,55.6857410715179
2017-12-27,9.113,55.2432472444105
2017-12-28,9.1,54.2627889897827
2017-12-29,9.175,53.8356688665494
2017-12-30,9.1,54.125643546514
2017-12-31,9.1,54.1270028109846
2018-01-01,9.2,55.6467160494729
2018-01-02,9.662,58.4756590336424
2018-01-03,9.938,59.2801333251051
2018-01-04,10.363,61.3926116049272
2018-01-05,10.4,60.9272267111959
2018-01-06,10.45,62.8719847957907
2018-01-07,10.588,65.4740721612777
2018-01-08,10.6,63.5666753187354
2018-01-09,10.6,62.764533311367
2018-01-10,10.6,61.0694490997175
2018-01-11,10.6,60.3570157885463
2018-01-12,10.6,59.9723647579641
2018-01-13,10.6,60.5613762739786
2018-01-14,10.863,58.777037118992
2018-01-15,11.225,54.6953910309647
2018-01-16,11.3,54.3904479635328
2018-01-17,11.3,54.0060098776767
2018-01-18,11.3,54.4651480890796
2018-01-19,11.3,54.1374438530824
2018-01-20,11.3,53.8478494900365
2018-01-21,11.3,53.1726538617802
2018-01-22,11.3,53.4704398169508
2018-01-23,11.3,53.7808056803987
2018-01-24,11.3,53.3393346612646
2018-01-25,11.3,52.9720571984851
2018-01-26,11.3,52.7560757707715
2018-01-27,11.3,53.2247424461138
2018-01-28,11.3,53.6061664741464
2018-01-29,11.3,53.8157494588149
2018-01-30,11.3,53.8519932821654
2018-01-31,11.3,54.7343846992011
2018-02-01,11.3,54.4499679484167
2018-02-02,11.3,54.8929221478295
2018-02-03,11.3,54.7641452759279
2018-02-04,11.3,55.2841717646081
2018-02-05,11.3,55.1714694570976
2018-02-06,11.3,54.2160483800248
2018-02-07,11.3,54.3501370537124
2018-02-08,11.3,54.25677403453
2018-02-09,11.3,54.2684799614082
2018-02-10,11.3,54.142542272867
2018-02-11,11.3,53.7588898890694
2018-02-12,11.425,59.2960819207169
2018-02-13,12.125,68.9949470437353
2018-02-14,12.3,66.8508283133116
2018-02-15,12.35,65.7696941731669
2018-02-16,12.537,64.6353422343438
2018-02-17,12.6,63.8797041335337
2018-02-18,12.6,63.2281453178781
2018-02-19,12.625,62.0502557223115
2018-02-20,12.713,63.8691226093884
2018-02-21,12.95,67.0411555116161
2018-02-22,13.262,68.6290543256438
2018-02-23,13.688,71.8387243079969
2018-02-24,13.812,71.4791787698899
2018-02-25,13.9,70.7703412111439
2018-02-26,14.0,70.656530635462
2018-02-27,14.213,72.2841807367016
2018-02-28,14.588,73.8365626517076
2018-03-01,14.613,72.7966791958048
2018-03-02,14.6,72.6476781778199
2018-03-03,14.625,72.1200469815296
2018-03-04,14.875,73.9759923810119
2018-03-05,15.1,74.2715892927411
2018-03-06,15.125,73.9870195965872
2018-03-07,15.225,73.6064056894868
2018-03-08,15.3,73.0870676427652
2018-03-09,15.3,72.6760529691466
2018-03-10,15.575,74.1615372032795
2018-03-11,15.713,74.4709983621751
2018-03-12,15.8,74.132076429783
2018-03-13,15.988,75.9704382389704
2018-03-14,16.288,75.7216611882489
2018-03-15,16.4,75.1478102308559
2018-03-16,16.4,74.7232780487242
2018-03-17,16.488,74.5076716751703
2018-03-18,16.5,74.2241163690812
2018-03-19,16.5,74.3729147980282
2018-03-20,16.5,74.5322569590337
2018-03-21,16.5,74.8346147390379
2018-03-22,16.462,74.8038632698712
2018-03-23,16.462,74.9973150334419
2018-03-24,16.431,75.0006780675627
2018-03-25,16.4,74.6411819886732
2018-03-26,16.4,74.3726571774251
2018-03-27,16.413,74.5049332062592
2018-03-28,16.488,74.3038728029061
2018-03-29,16.5,73.8365720035813
2018-03-30,16.512,74.2762530774241
2018-03-31,16.562,74.1589871532436
2018-04-01,16.6,73.8164891054036
2018-04-02,16.6,73.1695762779702
2018-04-03,16.6,73.5370069201516
2018-04-04,16.6,
2018-04-05,16.6,73.4892801769652
2018-04-06,16.65,73.5247943312555
2018-04-07,16.7,74.2918250083379
2018-04-08,16.7,74.1605966765208
2018-04-09,16.712,73.5127542906741
2018-04-10,16.8,73.5786682327119
2018-04-11,16.8,73.0221232202608
2018-04-12,16.812,71.9456343375052
2018-04-13,17.0,71.6913114537671
2018-04-14,17.012,72.7933247342657
2018-04-15,17.1,74.1419353538006
2018-04-16,17.05,72.9631017890599
2018-04-17,17.087,72.8035333829327
2018-04-18,17.1,72.1800591671104
2018-04-19,17.2,71.6792198128912
2018-04-20,17.3,77.4424503761889
2018-04-21,17.6,76.0593505178286
2018-04-22,17.613,76.5452033628313
2018-04-23,17.725,75.5674893153573
2018-04-24,18.0,75.5754414756013
2018-04-25,18.2,73.6031846759968
2018-04-26,18.288,72.0781806255709
2018-04-27,18.337,72.1012365048992
2018-04-28,18.525,71.3747194371743
2018-04-29,18.8,71.3715791551444
2018-04-30,18.837,73.0662060654917
2018-05-01,19.1,72.6262841633809
2018-05-02,19.863,76.9948432231904
2018-05-03,20.613,78.2934826174141
2018-05-04,20.725,75.9411620800764
2018-05-05,20.812,72.3120700965082
2018-05-06,20.925,68.0086178882069
2018-05-07,21.025,65.9592242049134
2018-05-08,21.1,64.1646971453453
2018-05-09,21.1,59.4375389958065
2018-05-10,20.962,52.8127450041198
2018-05-11,20.113,47.1479116280852
2018-05-12,18.625,42.5191331956057
2018-05-13,17.525,38.9753675038514
2018-05-14,16.587,34.0024131846678
2018-05-15,15.863,33.4054471998285
2018-05-16,15.488,29.0909586296948
2018-05-17,14.0,24.710722674042
2018-05-18,12.463,19.2550871356554
2018-05-19,9.975,12.0395387467924
2018-05-20,7.588,3.55322214890499
2018-05-21,4.925,0.0
2018-05-22,2.8,0.0
2018-05-23,1.688,0.0
2018-05-24,1.538,0.0
2018-05-25,1.637,0.0
2018-05-26,1.938,0.0
2018-05-27,2.175,0.0
2018-05-28,2.3,0.0
2018-05-29,2.3,0.0
2018-05-30,2.413,0.0
2018-05-31,2.513,0.0
2018-06-01,2.562,0.0
2018-06-02,2.55,0.0
2018-06-03,2.525,0.0
2018-06-04,2.5,0.0
2018-06-05,2.312,0.0
2018-06-06,2.0,0.0
2018-06-07,1.675,0.0
2018-06-08,1.488,0.0
2018-06-09,1.2,0.0
2018-06-10,0.912,0.0
2018-06-11,0.75,0.0
2018-06-12,0.588,0.0
2018-06-13,0.287,0.0
2018-06-14,0.138,0.0
2018-06-15,0.037,0.0
2018-06-16,0.0,0.0
2018-06-17,0.0,0.0
2018-06-18,0.0,0.0
2018-06-19,0.0,0.0
2018-06-20,0.0,0.0
2018-06-21,0.0,0.0
2018-06-22,0.0,0.0
2018-06-23,0.0,0.0
2018-06-24,0.0,0.0
2018-06-25,0.0,0.0
2018-06-26,0.0,0.0
2018-06-27,0.0,0.0
2018-06-28,0.0,0.0
2018-06-29,0.0,0.0
2018-06-30,0.0,0.0
2018-07-01,0.0,0.0
2018-07-02,0.0,0.0
2018-07-03,0.0,0.0
2018-07-04,0.0,0.0
2018-07-05,0.0,0.0
2018-07-06,0.0,0.0
2018-07-07,0.0,0.0
2018-07-08,0.0,0.0
2018-07-09,0.0,0.0
2018-07-10,0.0,0.0
2018-07-11,0.0,0.0
2018-07-12,0.0,0.0
2018-07-13,0.0,0.0
2018-07-14,0.0,0.0
2018-07-15,0.0,0.0
2018-07-16,0.0,0.0
2018-07-17,0.0,0.0
2018-07-18,0.0,0.0
2018-07-19,0.0,0.0
2018-07-20,0.0,0.0
2018-07-21,0.0,0.0
2018-07-22,0.0,0.0
2018-07-23,0.0,0.0
2018-07-24,0.0,0.0
2018-07-25,0.0,0.0
2018-07-26,0.0,0.0
2018-07-27,0.0,0.0
2018-07-28,0.0,0.0
2018-07-29,0.0,0.0
2018-07-30,0.0,0.0
2018-07-31,0.0,0.0
2018-08-01,0.0,0.0
2018-08-02,0.0,0.0
2018-08-03,0.0,0.0
2018-08-04,0.0,0.0
2018-08-05,0.0,0.0
2018-08-06,0.0,0.0
2018-08-07,0.0,0.0
2018-08-08,0.0,0.0
2018-08-09,0.0,0.0
2018-08-10,0.0,0.0
2018-08-11,0.0,0.0
2018-08-12,0.0,0.0
2018-08-13,0.0,0.0
2018-08-14,0.0,0.0
2018-08-15,0.0,0.0
2018-08-16,0.0,0.0
2018-08-17,0.0,0.0
2018-08-18,0.0,0.0
2018-08-19,0.0,0.0
2018-08-20,0.0,0.0
2018-08-21,0.0,0.0
2018-08-22,0.0,0.0
2018-08-23,0.0,0.0
2018-08-24,0.0,0.0
2018-08-25,0.0,0.0
2018-08-26,0.0,0.0
2018-08-27,0.0,0.0
2018-08-28,0.0,0.0
2018-08-29,0.0,0.0
2018-08-30,0.0,0.0
2018-08-31,0.0,0.0
2018-09-01,0.0,0.0
2018-09-02,0.0,0.0
2018-09-03,0.0,0.0
2018-09-04,0.0,0.0
2018-09-05,0.0,0.0
2018-09-06,0.0,0.0
2018-09-07,0.0,0.0
2018-09-08,0.0,0.0
2018-09-09,0.0,0.0
2018-09-10,0.0,0.0
2018-09-11,0.0,0.0
2018-09-12,0.0,0.0
2018-09-13,0.0,0.0
2018-09-14,0.0,0.0
2018-09-15,0.0,0.0
2018-09-16,0.0,0.0
2018-09-17,0.0,0.0
2018-09-18,0.0,0.0
2018-09-19,0.0,0.0
2018-09-20,0.0,0.0
2018-09-21,0.0,0.0
2018-09-22,0.0,0.0
2018-09-23,0.0,0.0
2018-09-24,0.0,0.0
2018-09-25,0.0,0.0
2018-09-26,0.0,0.0
2018-09-27,0.0,0.0
2018-09-28,0.0,0.0
2018-09-29,0.0,0.0
2018-09-30,0.0,0.0
2018-10-01,0.0,0.0
2018-10-02,0.0,0.0
2018-10-03,0.0,0.0
2018-10-04,0.0,0.0
2018-10-05,0.0,0.0
2018-10-06,0.138,0.0
2018-10-07,0.3,0.0
2018-10-08,0.463,2.41350575523924
2018-10-09,0.613,1.38062674767843
2018-10-10,0.7,0.546811011675388
2018-10-11,1.038,5.02715028385982
2018-10-12,1.825,8.22664162263968
2018-10-13,2.0,6.7201390946877
2018-10-14,2.938,10.3185638142479
2018-10-15,3.3,9.3348613305744
2018-10-16,3.45,9.23070864845266
2018-10-17,3.638,8.14985257908816
2018-10-18,3.7,7.29298137368841
2018-10-19,3.862,8.73018840810206
2018-10-20,4.513,12.5964279071467
2018-10-21,4.9,11.8174615661684
2018-10-22,5.162,11.6831801664711
2018-10-23,5.2,11.1045068113005
2018-10-24,5.213,10.4566528095764
2018-10-25,5.275,10.5307305843192
2018-10-26,5.3,10.3543183376449
2018-10-27,5.3,10.6144481055157
2018-10-28,5.3,9.67574759373084
2018-10-29,5.3,8.51702690349906
2018-10-30,5.3,9.07120544735508
2018-10-31,5.3,11.6341987375855
2018-11-01,5.2,14.3652250229721
2018-11-02,4.975,13.1681751754373
2018-11-03,4.55,11.2207212178328
2018-11-04,4.3,10.550653130292
2018-11-05,4.2,9.52815052650104
2018-11-06,4.2,10.3834666048078
2018-11-07,4.3,10.6336378923056
2018-11-08,4.562,12.3312033051625
2018-11-09,4.963,15.3720599793674
2018-11-10,5.225,18.6154733570398
2018-11-11,5.3,18.7819912856315
2018-11-12,5.7,20.0654404307553
2018-11-13,6.025,22.3645585535873
2018-11-14,6.1,23.6195629836501
2018-11-15,6.1,21.6462417774286
2018-11-16,6.1,19.7778170666039
2018-11-17,6.162,20.198779623077
2018-11-18,6.487,23.639765539908
2018-11-19,6.787,22.9985832256353
2018-11-20,6.963,24.0984283385328
2018-11-21,7.275,25.6196159532278
2018-11-22,7.412,28.2033413782107
2018-11-23,7.5,30.8864132962154
2018-11-24,7.5,30.6097807889205
2018-11-25,7.562,29.3354079356375
2018-11-26,7.725,30.1459311051325
2018-11-27,7.963,30.5140721119005
2018-11-28,8.0,29.3750756928423
2018-11-29,8.0,29.0334807057941
2018-11-30,8.0,28.1963594518116
2018-12-01,8.0,27.5009382637033
2018-12-02,8.0,26.8113156805448
2018-12-03,8.0,27.2723826097444
2018-12-04,8.062,31.3074521249164
2018-12-05,8.1,31.8403384601283
2018-12-06,8.125,30.7185202974709
2018-12-07,8.3,29.9324093428678
2018-12-08,8.3,29.9761085270417
2018-12-09,8.375,29.9304077235006
2018-12-10,8.8,36.8412089098858
2018-12-11,8.975,37.1697982553011
2018-12-12,9.0,36.2666462454407
2018-12-13,9.0,35.3861472664544
2018-12-14,9.0,34.9406442792309
2018-12-15,9.0,34.4937147625967
2018-12-16,9.037,35.363177789979
2018-12-17,9.1,34.1687887269783
2018-12-18,9.175,33.6132315752497
2018-12-19,9.275,35.0492846195768
2018-12-20,9.4,34.2660024933219
2018-12-21,9.4,34.6886826267014
2018-12-22,9.4,33.5501208115012
2018-12-23,9.4,33.3920831239703
2018-12-24,9.4,35.78845368821
2018-12-25,9.4,35.5510656834139
2018-12-26,9.4,34.2322032643201
2018-12-27,9.4,32.6021916586933
2018-12-28,9.4,35.6839247094319
2018-12-29,9.488,37.09901417627
2018-12-30,9.5,37.8337335048736
2018-12-31,9.613,39.632360469413
2019-01-01,10.262,45.8358356084432
2019-01-02,11.363,53.8468187083546
2019-01-03,11.4,51.767002814821
2019-01-04,11.4,50.2752624056866
2019-01-05,11.4,50.006848327627
2019-01-06,11.4,48.7690297559259
2019-01-07,11.4,
2019-01-08,11.4,48.7704852667408
2019-01-09,11.4,48.5630547234533
2019-01-10,11.412,47.1758025758077
2019-01-11,11.537,46.2210065101939
2019-01-12,11.6,46.4807004262283
2019-01-13,11.6,45.9725911089437
2019-01-14,11.7,46.3947802448853
2019-01-15,11.713,46.4261289794433
2019-01-16,12.1,49.0425483281908
2019-01-17,12.488,48.0307989993125
2019-01-18,12.5,51.0240130150404
2019-01-19,12.5,51.5898412541563
2019-01-20,12.5,51.7226339690837
2019-01-21,12.5,51.4558921530335
2019-01-22,12.5,49.6219765964245
2019-01-23,12.5,49.4996366817324
2019-01-24,12.613,51.9328078004108
2019-01-25,13.012,51.875625104792
2019-01-26,13.588,56.0970506237142
2019-01-27,13.588,54.5573781909641
2019-01-28,13.525,55.3644473678798
2019-01-29,13.613,56.1731552154381
2019-01-30,14.53,64.4335636723344
2019-01-31,14.6,65.1946755083754
2019-02-01,14.6,64.1351013642154
2019-02-02,14.575,60.9252222889117
2019-02-03,14.562,61.6409216479751
2019-02-04,14.588,62.5049278382124
2019-02-05,14.63,63.2414599895893
2019-02-06,14.71,62.2859016507752
2019-02-07,14.8,62.503017241222
2019-02-08,14.825,61.8852162052858
2019-02-09,15.04,62.0500713494206
2019-02-10,15.1,63.3228364902012
2019-02-11,15.1,61.8104495217776
2019-02-12,15.122,63.3817095004021
2019-02-13,15.2,65.1554570677851
2019-02-14,15.279,64.5648301817161
2019-02-15,15.3,64.8630040963999
2019-02-16,15.3,64.0530017695406
2019-02-17,15.3,63.9249918729681
2019-02-18,15.438,64.3602598423588
2019-02-19,15.875,63.7867356196768
2019-02-20,16.07,
2019-02-21,16.195,
2019-02-22,16.2,
2019-02-23,16.2,
2019-02-24,16.2,
2019-02-25,16.288,
2019-02-26,16.3,64.6263170750494
2019-02-27,16.4,65.6601246868185
2019-02-28,16.494,65.9253472044228
2019-03-01,16.5,65.9595078287805
2019-03-02,16.512,65.4555951545866
2019-03-03,16.525,64.0381614199945
2019-03-04,16.512,63.5786865979824
2019-03-05,16.587,63.683924743005
2019-03-06,16.6,63.3256125202741
2019-03-07,16.6,63.6753643411978
2019-03-08,16.6,63.3873865555075
2019-03-09,16.688,63.2262347617253
2019-03-10,16.725,62.4891619461504
2019-03-11,16.863,60.8101776985256
2019-03-12,17.0,61.0294465751402
2019-03-13,17.012,61.3838161302047
2019-03-14,17.1,61.6157226156418
2019-03-15,17.113,61.7576787130144
2019-03-16,17.2,61.2356969915486
2019-03-17,17.275,60.7404194671973
2019-03-18,17.438,60.3681577711455
2019-03-19,17.5,54.9861708195316
2019-03-20,17.488,49.6750925239932
2019-03-21,17.5,47.744696282393
2019-03-22,17.475,44.0247196195779
2019-03-23,17.45,41.4405586062529
2019-03-24,17.462,40.3329056557413
2019-03-25,17.4,40.2923720311523
2019-03-26,17.413,40.0304975249734
2019-03-27,17.462,40.1310053446931
2019-03-28,17.488,39.1295779710272
2019-03-29,17.5,38.781906900033
2019-03-30,17.5,39.081408785563
2019-03-31,17.525,39.3504067021851
2019-04-01,17.637,38.9226508526734
2019-04-02,17.7,39.0658985748767
2019-04-03,17.5,37.8102298529175
2019-04-04,17.375,37.3214640624928
2019-04-05,17.375,37.2796956970085
2019-04-06,17.538,37.9466961060002
2019-04-07,17.575,37.632959667443
2019-04-08,17.637,37.6192300203587
2019-04-09,17.637,37.3032049415582
2019-04-10,17.65,37.6373892215305
2019-04-11,17.7,37.9270216235886
2019-04-12,17.7,37.5735484135825
2019-04-13,17.7,38.029309305951
2019-04-14,17.7,38.4459333413636
2019-04-15,17.812,41.3336896529528
2019-04-16,17.95,40.7609026946407
2019-04-17,18.137,39.4234337964264
2019-04-18,18.3,39.3568225205845
2019-04-19,18.3,38.3184775015085
2019-04-20,18.4,38.0905670553408
2019-04-21,18.525,37.4073724379517
2019-04-22,18.6,37.5144628841669
2019-04-23,18.653,39.4002611118689
2019-04-24,18.8,41.1724028727435
2019-04-25,18.9,43.2937879034086
2019-04-26,18.913,42.4705390074504
2019-04-27,19.075,42.5144882136151
2019-04-28,19.325,42.7876705263448
2019-04-29,19.475,41.4873430009102
2019-04-30,19.637,40.4526318129825
2019-05-01,19.7,39.0996403991351
2019-05-02,19.7,38.8755303195499
2019-05-03,19.712,38.5860179790685
2019-05-04,19.762,38.8815196489639
2019-05-05,19.8,38.9398382202974
2019-05-06,19.9,39.3608261064114
2019-05-07,19.9,36.3488752842809
2019-05-08,20.062,33.1543731314634
2019-05-09,19.3,30.1272858825134
2019-05-10,17.45,27.6104216138593
2019-05-11,16.087,24.1314876249677
2019-05-12,14.387,20.796712331857
2019-05-13,13.363,18.8484844421513
2019-05-14,12.287,14.9569412639184
2019-05-15,10.812,11.4216945862745
2019-05-16,9.25,7.91619464118803
2019-05-17,7.838,2.7019863171308
2019-05-18,6.088,0.0
2019-05-19,4.65,0.0
2019-05-20,3.487,0.0
2019-05-21,3.163,0.0
2019-05-22,3.138,0.0
2019-05-23,3.2,0.0
2019-05-24,3.3,0.0
2019-05-25,3.375,0.0
2019-05-26,3.4,0.0
2019-05-27,3.4,0.0
2019-05-28,3.438,0.0
2019-05-29,3.362,0.0
2019-05-30,3.225,0.0
2019-05-31,3.05,0.0
2019-06-01,2.75,0.0
2019-06-02,2.425,0.0
2019-06-03,2.025,0.0
2019-06-04,1.65,0.0
2019-06-05,1.325,0.0
2019-06-06,1.012,0.0
2019-06-07,0.825,0.0
2019-06-08,0.588,0.0
2019-06-09,0.475,0.0
2019-06-10,0.312,0.0
2019-06-11,0.163,0.0
2019-06-12,0.1,0.0
2019-06-13,0.062,0.0
2019-06-14,0.0,0.0
2019-06-15,0.0,0.0
2019-06-16,0.0,0.0
2019-06-17,0.0,0.0
2019-06-18,0.0,0.0
2019-06-19,0.0,0.0
2019-06-20,0.0,0.0
2019-06-21,0.0,0.0
2019-06-22,0.0,0.0
2019-06-23,0.0,0.0
2019-06-24,0.0,0.0
2019-06-25,0.0,0.0
2019-06-26,0.0,0.0
2019-06-27,0.0,0.0
2019-06-28,0.0,0.0
2019-06-29,0.0,0.0
2019-06-30,0.0,0.0
2019-07-01,0.0,0.0
2019-07-02,0.0,0.0
2019-07-03,0.0,0.0
2019-07-04,0.0,0.0
2019-07-05,0.0,0.0
2019-07-06,0.0,0.0
2019-07-07,0.0,0.0
2019-07-08,0.0,0.0
2019-07-09,0.0,0.0
2019-07-10,0.0,0.0
2019-07-11,0.0,0.0
2019-07-12,0.0,0.0
2019-07-13,0.0,0.0
2019-07-14,0.0,0.0
2019-07-15,0.0,0.0
2019-07-16,0.0,0.0
2019-07-17,0.0,0.0
2019-07-18,0.0,0.0
2019-07-19,0.0,0.0
2019-07-20,0.0,0.0
2019-07-21,0.0,0.0
2019-07-22,0.0,0.0
2019-07-23,0.0,0.0
2019-07-24,0.0,0.0
2019-07-25,0.0,0.0
2019-07-26,0.0,0.0
2019-07-27,0.0,0.0
2019-07-28,0.0,0.0
2019-07-29,0.0,0.0
2019-07-30,0.0,0.0
2019-07-31,0.0,0.0
2019-08-01,0.0,0.0
2019-08-02,0.0,0.0
2019-08-03,0.0,0.0
2019-08-04,0.0,0.0
2019-08-05,0.0,0.0
2019-08-06,0.0,0.0
2019-08-07,0.0,0.0
2019-08-08,0.0,0.0
2019-08-09,0.0,0.0
2019-08-10,0.0,0.0
2019-08-11,0.0,0.0
2019-08-12,0.0,0.0
2019-08-13,0.0,0.0
2019-08-14,0.0,0.0
2019-08-15,0.0,0.0
2019-08-16,0.0,0.0
2019-08-17,0.0,0.0
2019-08-18,0.0,0.0
2019-08-19,0.0,0.0
2019-08-20,0.0,0.0
2019-08-21,0.0,0.0
2019-08-22,0.0,0.0
2019-08-23,0.0,0.0
2019-08-24,0.0,0.0
2019-08-25,0.0,0.0
2019-08-26,0.0,0.0
2019-08-27,0.0,0.0
2019-08-28,0.0,0.0
2019-08-29,0.0,0.0
2019-08-30,0.0,0.0
2019-08-31,0.0,0.0
2019-09-01,0.0,0.0
2019-09-02,0.0,0.0
2019-09-03,0.0,0.0
2019-09-04,0.0,0.0
2019-09-05,0.0,0.0
2019-09-06,0.0,0.0
2019-09-07,0.0,0.0
2019-09-08,0.0,0.0
2019-09-09,0.0,0.0
2019-09-10,0.0,0.0
2019-09-11,0.0,0.0
2019-09-12,0.0,0.0
2019-09-13,0.0,0.0
2019-09-14,0.0,0.0
2019-09-15,0.0,0.0
2019-09-16,0.0,0.0
2019-09-17,0.0,0.0
2019-09-18,0.0,0.0
2019-09-19,0.0,0.0
2019-09-20,0.0,0.0
2019-09-21,0.0,0.0
2019-09-22,0.0,0.0
2019-09-23,0.0,0.0
2019-09-24,0.0,0.0
2019-09-25,0.0,0.0
2019-09-26,0.0,0.0
2019-09-27,0.0,0.0
2019-09-28,0.0,0.0
2019-09-29,0.0,0.0
2019-09-30,0.0,0.0
2019-10-01,0.0,0.0
2019-10-02,0.0,0.0
2019-10-03,0.0,0.0
2019-10-04,0.0,0.0
2019-10-05,0.0,4.79540943589878
2019-10-06,0.0,6.26998068962865
2019-10-07,0.0,5.2629536813883
2019-10-08,0.0,5.12459096296761
2019-10-09,0.0,6.84967604411828
2019-10-10,0.037,6.09228594386197
2019-10-11,0.188,8.84676107824092
2019-10-12,0.7,14.6147982560596
2019-10-13,1.0,14.9582596941849
2019-10-14,1.0,14.5339468541268
2019-10-15,1.0,13.8974158164663
2019-10-16,1.0,13.3913020393669
2019-10-17,1.0,13.344295132854
2019-10-18,1.012,13.8156725252596
2019-10-19,1.1,14.3448495516244
2019-10-20,1.25,17.2270106547126
2019-10-21,1.363,17.951864451891
2019-10-22,1.413,16.9553152249624
2019-10-23,1.575,17.2472312651854
2019-10-24,3.4,37.8344184405646
2019-10-25,3.9,35.5143006555821
2019-10-26,3.975,33.3959635292551
2019-10-27,4.1,31.7020491912249
2019-10-28,4.537,33.5217752174181
2019-10-29,4.9,33.2395315596001
2019-10-30,5.325,36.3403032299087
2019-10-31,5.562,38.7538538393521
2019-11-01,5.7,37.5824324314723
2019-11-02,5.85,40.7349008614352
2019-11-03,5.9,39.5288353902695
2019-11-04,5.9,39.8099947786257
2019-11-05,5.85,38.0870688652772
2019-11-06,5.8,36.5929874759242
2019-11-07,5.8,38.255055524018
2019-11-08,5.8,40.1064469257472
2019-11-09,5.763,38.7894067224683
2019-11-10,5.662,37.362110066233
2019-11-11,5.537,36.3279159589331
2019-11-12,5.4,37.6306963270921
2019-11-13,5.3,37.8716548925326
2019-11-14,5.312,38.9866631336757
2019-11-15,5.825,50.5232245293834
2019-11-16,6.713,54.6455907983183
2019-11-17,7.287,54.1039523384497
2019-11-18,7.487,56.6005767962303
2019-11-19,7.612,57.6628349556929
2019-11-20,8.35,61.2397554697346
2019-11-21,9.562,58.2464996447155
2019-11-22,9.825,58.0608261997903
2019-11-23,10.275,60.7164494231655
2019-11-24,10.425,59.5420810656496
2019-11-25,10.537,62.2585126491506
2019-11-26,10.6,63.1703502184371
2019-11-27,10.6,61.7330693718142
2019-11-28,10.637,59.6853216836052
2019-11-29,10.713,59.9732654122032
2019-11-30,10.8,60.2760092686456
2019-12-01,10.838,59.9409071015213
2019-12-02,11.0,61.2735655282609
2019-12-03,11.137,63.4561144548457
2019-12-04,11.2,63.5597795419424
2019-12-05,11.2,63.606183291721
2019-12-06,11.2,62.801434844615
2019-12-07,11.15,63.7172970860247
2019-12-08,11.1,62.0441368341471
2019-12-09,11.1,60.0566048198967
2019-12-10,11.175,59.1601642152573
2019-12-11,11.2,59.4835536861963
2019-12-12,11.2,59.1592938478405
2019-12-13,11.2,56.3939652853445
2019-12-14,11.2,60.2230243251299
2019-12-15,11.3,59.0491133075263
2019-12-16,11.3,60.268092156848
2019-12-17,11.3,60.1754662762021
2019-12-18,11.3,61.3781596577983
2019-12-19,11.363,61.8686706213472
2019-12-20,11.55,66.6657400456375
2019-12-21,11.787,
2019-12-22,11.7,
2019-12-23,11.938,
2019-12-24,12.625,70.2066231869687
2019-12-25,13.012,76.1276620418903
2019-12-26,13.338,77.2756985566452
2019-12-27,13.725,84.5054044156883
2019-12-28,14.188,86.9438948974429
2019-12-29,14.75,88.6570662438124
2019-12-30,15.062,86.0644949034694
2019-12-31,15.287,81.7893499545276
2020-01-01,15.3,81.683909360037
2020-01-02,15.375,81.4168546954896
2020-01-03,15.4,81.3484807746896
2020-01-04,15.4,81.0932694186183
2020-01-05,15.363,79.8481302449589
2020-01-06,15.338,80.0291442482894
2020-01-07,15.4,78.2100767837079
2020-01-08,15.4,78.7215908549127
2020-01-09,15.387,
2020-01-10,15.537,
2020-01-11,15.6,
2020-01-12,15.562,
2020-01-13,15.5,
2020-01-14,15.6,
2020-01-15,15.662,
2020-01-16,15.637,
2020-01-17,15.6,
2020-01-18,15.525,78.002142552421
2020-01-19,16.1,78.21169816323
2020-01-20,16.8,77.5372909507314
2020-01-21,16.938,73.3823667782717
2020-01-22,17.062,
2020-01-23,17.225,
2020-01-24,17.525,
2020-01-25,18.025,
2020-01-26,18.238,
2020-01-27,18.575,
2020-01-28,18.738,
2020-01-29,19.075,
2020-01-30,19.488,
2020-01-31,19.5,
2020-02-01,19.55,
2020-02-02,19.5,
2020-02-03,19.512,
2020-02-04,19.625,
2020-02-05,19.863,
2020-02-06,20.038,
2020-02-07,20.288,
2020-02-08,20.4,
2020-02-09,20.675,
2020-02-10,20.837,
2020-02-11,20.9,
2020-02-12,20.9,
2020-02-13,21.106,
2020-02-14,21.2,
2020-02-15,21.2,
2020-02-16,21.2,
2020-02-17,21.2,
2020-02-18,21.4,
2020-02-19,21.85,
2020-02-20,22.337,
2020-02-21,22.575,
2020-02-22,22.962,
2020-02-23,23.275,
2020-02-24,23.312,
2020-02-25,23.4,
2020-02-26,23.462,88.8158009025907
2020-02-27,23.925,94.3041347911934
2020-02-28,24.188,94.8181702287864
2020-02-29,24.306,93.9324324532054
2020-03-01,24.425,91.188942819775
2020-03-02,24.75,93.3479077306579
2020-03-03,25.212,95.346047456475
2020-03-04,25.325,91.6793640620657
2020-03-05,25.425,94.4382750492695
2020-03-06,25.488,92.6885704375041
2020-03-07,25.5,92.5214014209417
2020-03-08,25.512,93.0958837329083
2020-03-09,25.725,91.2525193258053
2020-03-10,25.8,92.2815314113416
2020-03-11,25.887,92.6908102717635
2020-03-12,25.875,
2020-03-13,25.9,90.225567337969
2020-03-14,25.9,88.74158070565
2020-03-15,26.012,92.6092644420468
2020-03-16,26.113,93.3178347998208
2020-03-17,26.2,96.5687427137424
2020-03-18,26.212,98.7185781238675
2020-03-19,26.3,100.170610602901
2020-03-20,26.3,90.9087935268265
2020-03-21,26.462,92.4598103121145
2020-03-22,26.6,95.0160648079324
2020-03-23,26.725,96.1215915730511
2020-03-24,26.8,96.937312310131
2020-03-25,26.975,103.705114152921
2020-03-26,27.637,109.053348648917
2020-03-27,27.9,98.8881312725053
2020-03-28,27.9,99.4263543149702
2020-03-29,27.9,100.297282656158
2020-03-30,27.969,103.534419634409
2020-03-31,28.038,101.757530487486
2020-04-01,28.212,102.835857236637
2020-04-02,28.312,102.679577965348
2020-04-03,28.4,97.146981530809
2020-04-04,28.5,96.9643020943883
2020-04-05,28.5,101.058961137432
2020-04-06,28.5,95.3562427523749
2020-04-07,28.7,95.5826280557027
2020-04-08,28.7,95.9251381581467
2020-04-09,28.725,98.4105488595879
2020-04-10,28.8,101.689667411414
2020-04-11,28.875,100.373632394319
2020-04-12,29.0,100.147686848641
2020-04-13,29.0,102.350116501426
2020-04-14,29.2,99.7462316243403
2020-04-15,29.488,97.6000484785047
2020-04-16,29.025,95.6352552725853
2020-04-17,29.05,91.6198755972601
2020-04-18,28.9,89.4776607058411
2020-04-19,28.775,85.7722719501114
2020-04-20,27.6,79.441554977499
2020-04-21,28.288,75.9738109295739
2020-04-22,29.312,72.7231123833495
2020-04-23,29.5,70.6185156618453
2020-04-24,29.5,70.896442806364
2020-04-25,29.25,69.0328135706793
2020-04-26,29.113,68.8311129568634
2020-04-27,29.1,69.349973874215
2020-04-28,29.525,72.2259128557033
2020-04-29,29.863,70.1878169016766
2020-04-30,30.0,68.9674894409473
2020-05-01,30.325,71.2404220030162
2020-05-02,30.5,70.8702697831686
2020-05-03,30.5,69.1934182465824
2020-05-04,30.5,66.7751259693416
2020-05-05,30.137,64.1988919950236
2020-05-06,29.375,61.8808183890253
2020-05-07,28.1,57.9109609898061
2020-05-08,27.0,54.7771073673761
2020-05-09,25.387,49.061511415735
2020-05-10,23.9,43.8858463914122
2020-05-11,21.988,39.6696215401357
2020-05-12,20.125,34.2274424815625
2020-05-13,18.562,30.5743800767114
2020-05-14,17.55,29.3906992683992
2020-05-15,16.663,25.4440636426981
2020-05-16,15.65,22.04915371567
2020-05-17,14.363,19.9672269784636
2020-05-18,13.675,18.1120430221414
2020-05-19,12.938,13.9797503344868
2020-05-20,12.137,8.9396910052829
2020-05-21,10.838,5.37784798795483
2020-05-22,8.85,0.0
2020-05-23,6.263,0.0
2020-05-24,3.062,0.0
2020-05-25,1.462,0.0
2020-05-26,1.4,0.0
2020-05-27,1.462,0.0
2020-05-28,1.45,0.0
2020-05-29,1.438,0.0
2020-05-30,1.262,0.0
2020-05-31,0.938,0.0
2020-06-01,0.463,0.0
2020-06-02,0.075,0.0
2020-06-03,0.0,0.0
2020-06-04,0.0,0.0
2020-06-05,0.0,0.0
2020-06-06,0.0,0.0
2020-06-07,0.0,0.0
2020-06-08,0.0,0.0
2020-06-09,0.0,0.0
2020-06-10,0.0,0.0
2020-06-11,0.0,0.0
2020-06-12,0.0,0.0
2020-06-13,0.0,0.0
2020-06-14,0.0,0.0
2020-06-15,0.0,0.0
2020-06-16,0.0,0.0
2020-06-17,0.0,0.0
2020-06-18,0.0,0.0
2020-06-19,0.0,0.0
2020-06-20,0.0,0.0
2020-06-21,0.0,0.0
2020-06-22,0.0,0.0
2020-06-23,0.0,0.0
2020-06-24,0.0,0.0
2020-06-25,0.0,0.0
2020-06-26,0.0,0.0
2020-06-27,0.0,0.0
2020-06-28,0.0,0.0
2020-06-29,0.0,0.0
2020-06-30,0.0,0.0
2020-07-01,0.0,0.0
2020-07-02,0.0,0.0
2020-07-03,0.0,0.0
2020-07-04,0.0,0.0
2020-07-05,0.0,0.0
2020-07-06,0.0,0.0
2020-07-07,0.0,0.0
2020-07-08,0.0,0.0
2020-07-09,0.0,0.0
2020-07-10,0.0,0.0
2020-07-11,0.0,0.0
2020-07-12,0.0,0.0
2020-07-13,0.0,0.0
2020-07-14,0.0,0.0
2020-07-15,0.0,0.0
2020-07-16,0.0,0.0
2020-07-17,0.0,0.0
2020-07-18,0.0,0.0
2020-07-19,0.0,0.0
2020-07-20,0.0,0.0
2020-07-21,0.0,0.0
2020-07-22,0.0,0.0
2020-07-23,0.0,0.0
2020-07-24,0.0,0.0
2020-07-25,0.0,0.0
2020-07-26,0.0,0.0
2020-07-27,0.0,0.0
2020-07-28,0.0,0.0
2020-07-29,0.0,0.0
2020-07-30,0.0,0.0
2020-07-31,0.0,0.0
2020-08-01,0.0,0.0
2020-08-02,0.0,0.0
2020-08-03,0.0,0.0
2020-08-04,0.0,0.0
2020-08-05,0.0,0.0
2020-08-06,0.0,0.0
2020-08-07,0.0,0.0
2020-08-08,0.0,0.0
2020-08-09,0.0,0.0
2020-08-10,0.0,0.0
2020-08-11,0.0,0.0
2020-08-12,0.0,0.0
2020-08-13,0.0,0.0
2020-08-14,0.0,0.0
2020-08-15,0.0,0.0
2020-08-16,0.0,0.0
2020-08-17,0.0,0.0
2020-08-18,0.0,0.0
2020-08-19,0.0,0.0
2020-08-20,0.0,0.0
2020-08-21,0.0,0.0
2020-08-22,0.0,0.0
2020-08-23,0.0,0.0
2020-08-24,0.0,0.0
2020-08-25,0.0,0.0
2020-08-26,0.0,0.0
2020-08-27,0.0,0.0
2020-08-28,0.0,0.0
2020-08-29,0.0,0.0
2020-08-30,0.0,0.0
2020-08-31,0.0,0.0
2020-09-01,0.0,0.0
2020-09-02,0.0,0.0
2020-09-03,0.0,0.0
2020-09-04,0.0,0.0
2020-09-05,0.0,0.0
2020-09-06,0.0,0.0
2020-09-07,0.0,0.0
2020-09-08,0.0,0.0
2020-09-09,0.0,0.0
2020-09-10,0.0,0.0
2020-09-11,0.0,0.0
2020-09-12,0.0,0.0
2020-09-13,0.0,0.0
2020-09-14,0.0,0.0
2020-09-15,0.0,0.0
2020-09-16,0.0,0.0
2020-09-17,0.0,0.0
2020-09-18,0.0,0.0
2020-09-19,0.0,0.0
2020-09-20,0.0,0.0
2020-09-21,0.0,0.0
2020-09-22,0.0,0.0
2020-09-23,0.0,0.0
2020-09-24,0.0,0.0
2020-09-25,0.0,0.0
2020-09-26,0.0,0.0
2020-09-27,0.0,0.0
2020-09-28,0.0,0.0
2020-09-29,0.0,0.0
2020-09-30,0.0,0.0
2020-10-01,0.0,0.0
2020-10-02,0.0,0.0
2020-10-03,0.0,0.0
2020-10-04,0.0,0.0
2020-10-05,0.0,0.0
2020-10-06,0.0,0.0
2020-10-07,0.0,0.0
2020-10-08,0.0,0.0
2020-10-09,0.0,0.0
2020-10-10,0.0,0.452373711579561
2020-10-11,0.0,4.05280370278769
2020-10-12,0.0,4.27669276007637
2020-10-13,0.0,5.09097444418615
2020-10-14,0.0,4.99757050525115
2020-10-15,0.0,3.74438252356639
2020-10-16,0.0,10.3352281558436
2020-10-17,0.0,9.53012856336059
2020-10-18,0.0,9.15375598198364
2020-10-19,0.0,8.36514818770614
2020-10-20,0.0,7.58290409331355
2020-10-21,0.0,7.11328673048672
2020-10-22,0.0,7.80460485204113
2020-10-23,0.0,8.11682610842414
2020-10-24,0.0,8.03416236251318
2020-10-25,0.0,8.53003186891002
2020-10-26,0.075,17.6301882423453
2020-10-27,0.762,30.9161744342497
2020-10-28,0.8,29.0331085323722
2020-10-29,0.8,29.608967181915
2020-10-30,0.8,28.8450156212747
2020-10-31,0.8,28.0423280242472
2020-11-01,0.8,26.7818884835209
2020-11-02,0.8,27.2922635739139
2020-11-03,0.8,26.8447014281562
2020-11-04,0.8,27.2887384063685
2020-11-05,0.8,27.0152806962801
2020-11-06,0.8,27.4174316524262
2020-11-07,0.8,27.8178745254215
2020-11-08,0.8,26.3366735521602
2020-11-09,1.375,32.9863521407349
2020-11-10,1.7,32.8369060531844
2020-11-11,1.7,33.1399839069648
2020-11-12,1.887,34.0948710776523
2020-11-13,2.0,34.6239807987958
2020-11-14,2.038,35.6665417104757
2020-11-15,2.1,34.7476910426415
2020-11-16,2.1,34.2539898541373
2020-11-17,2.1,33.5866498338541
2020-11-18,2.1,31.0658136892579
2020-11-19,2.1,29.0302395880487
2020-11-20,2.1,29.3564868453333
2020-11-21,2.112,29.7404609375896
2020-11-22,2.288,
2020-11-23,2.462,30.8100721740739
2020-11-24,2.6,31.6214120025428
2020-11-25,2.788,35.528125913541
2020-11-26,3.062,37.9720705615077
2020-11-27,3.3,39.1970980923933
2020-11-28,3.413,37.035654179428
2020-11-29,3.862,44.1191010633308
2020-11-30,4.088,43.463535883686
2020-12-01,4.55,49.236717604038
2020-12-02,5.638,50.3553943484654
2020-12-03,5.975,43.1220167018806
2020-12-04,6.088,43.3403324484034
2020-12-05,6.925,53.6422892500205
2020-12-06,7.062,54.2867543338363
2020-12-07,7.688,57.6762256663236
2020-12-08,8.312,62.1799199231043
2020-12-09,8.4,58.6664262268349
2020-12-10,8.4,60.1874259695063
2020-12-11,8.787,60.8365560394354
2020-12-12,8.9,58.8446560874281
2020-12-13,8.9,57.7562248651145
2020-12-14,8.9,56.4471940718849
2020-12-15,8.9,55.0029552936655
2020-12-16,8.9,54.3159096275756
2020-12-17,8.9,53.8194869949737
2020-12-18,8.9,54.3207524853631
2020-12-19,8.9,55.4872247107339
2020-12-20,9.148,56.5088557639458
2020-12-21,9.496,57.983174108973
2020-12-22,9.5,56.8410069369942
2020-12-23,9.713,57.2714620468734
2020-12-24,10.188,60.5359323923388
2020-12-25,10.2,58.432751179666
2020-12-26,10.2,
2020-12-27,10.213,
2020-12-28,10.287,
2020-12-29,10.35,
2020-12-30,10.525,
2020-12-31,10.6,
2021-01-01,10.633,
2021-01-02,10.688,
2021-01-03,11.0,
2021-01-04,11.111,
2021-01-05,11.275,
2021-01-06,11.488,
2021-01-07,11.7,
2021-01-08,11.7,
2021-01-09,11.787,
2021-01-10,11.9,
2021-01-11,11.938,
2021-01-12,12.0,
2021-01-13,12.025,
2021-01-14,12.1,
2021-01-15,12.238,
2021-01-16,12.637,
2021-01-17,12.7,
2021-01-18,12.7,
2021-01-19,13.05,
2021-01-20,13.2,
2021-01-21,13.2,
2021-01-22,13.2,
2021-01-23,13.2,66.8917181165402
2021-01-24,13.2,66.018118179389
2021-01-25,13.344,68.3678975628122
2021-01-26,13.5,68.8990179459137
2021-01-27,13.5,67.5973151608908
2021-01-28,13.5,67.4452691572952
2021-01-29,13.5,67.6700424889534
2021-01-30,13.562,67.727883910318
2021-01-31,13.75,67.7250256748205
2021-02-01,14.1,70.9650128898333
2021-02-02,14.1,70.9202788681067
2021-02-03,14.113,71.3435231917417
2021-02-04,14.2,71.6789201572196
2021-02-05,14.2,71.6216685670861
2021-02-06,14.4,71.3638845826643
2021-02-07,14.525,71.2649365895013
2021-02-08,14.6,70.9194570297221
2021-02-09,14.688,70.5704520272812
2021-02-10,14.675,70.5904205554312
2021-02-11,14.575,70.4703958345638
2021-02-12,14.744,70.3797354011968
2021-02-13,14.894,69.6182342269787
2021-02-14,14.925,67.7529569767133
2021-02-15,15.0,67.6215727526134
2021-02-16,15.0,67.7708935752092
2021-02-17,15.125,67.8865301052194
2021-02-18,15.4,68.6472059802458
2021-02-19,15.675,72.8766129044093
2021-02-20,16.062,79.3399267582566
2021-02-21,16.288,78.675771843744
2021-02-22,16.306,76.9851337686126
2021-02-23,16.4,76.7891301019783
2021-02-24,16.519,76.1713644171448
2021-02-25,16.725,76.8248879038657
2021-02-26,16.925,78.2534712283669
2021-02-27,17.15,79.5779827847861
2021-02-28,17.325,79.7558495045826
2021-03-01,17.525,80.6172087054884
2021-03-02,17.887,84.2050769174294
2021-03-03,18.275,84.1374262207581
2021-03-04,18.4,83.9699640504229
2021-03-05,18.488,83.189774732789
2021-03-06,18.625,87.0858101265673
2021-03-07,18.8,86.6628221873848
2021-03-08,18.8,85.0846979496911
2021-03-09,18.8,83.8640315375858
2021-03-10,18.8,83.4791371864366
2021-03-11,18.875,87.7243782612445
2021-03-12,19.188,88.1331055016944
2021-03-13,19.2,86.3269615699412
2021-03-14,19.262,85.8901710346497
2021-03-15,19.288,86.0911559971826
2021-03-16,19.3,86.0158936353287
2021-03-17,19.375,87.9645357420367
2021-03-18,19.525,92.5447927345932
2021-03-19,20.163,97.842386701973
2021-03-20,20.325,94.4935765998106
2021-03-21,20.413,92.6888969743221
2021-03-22,20.512,91.5600941561126
2021-03-23,20.587,90.8012873725276
2021-03-24,20.6,90.2632634380165
2021-03-25,20.613,89.9221142422606
2021-03-26,20.7,90.1906197743487
2021-03-27,20.725,93.988767463005
2021-03-28,20.8,92.8379708626962
2021-03-29,20.8,92.0322634012772
2021-03-30,20.9,93.6100321286284
2021-03-31,21.65,96.8461108186001
2021-04-01,22.262,102.94288569671
2021-04-02,22.812,102.43914576416
2021-04-03,23.012,100.29137643909
2021-04-04,23.275,106.86246056994
2021-04-05,23.938,112.548970789888
2021-04-06,24.425,109.364170495627
2021-04-07,24.514,106.742303999539
2021-04-08,24.6,105.101856123038
2021-04-09,24.6,103.560362197368
2021-04-10,24.6,103.362420399853
2021-04-11,24.6,102.224558429369
2021-04-12,24.7,103.224920925557
2021-04-13,24.75,101.347550104097
2021-04-14,24.8,99.3962102436758
2021-04-15,24.837,94.8083566437522
2021-04-16,24.9,91.1764547628169
2021-04-17,24.85,88.6627857200566
2021-04-18,24.587,86.094347193282
2021-04-19,23.887,84.0413654623978
2021-04-20,22.825,81.5670670544186
2021-04-21,22.275,78.539886927451
2021-04-22,21.863,77.0649512433984
2021-04-23,21.675,76.2940577363578
2021-04-24,21.812,74.7665966864442
2021-04-25,22.387,72.8116922834553
2021-04-26,22.975,70.614611110286
2021-04-27,22.837,70.8446832461069
2021-04-28,22.663,70.2845835439287
2021-04-29,22.913,69.6484744541791
2021-04-30,23.312,68.3723976387298
2021-05-01,24.075,65.6892069613344
2021-05-02,24.65,63.8370975978687
2021-05-03,24.712,62.8481875960313
2021-05-04,24.725,61.8634781077163
2021-05-05,24.8,59.2452239659356
2021-05-06,24.8,55.676354716559
2021-05-07,24.7,51.095405459176
2021-05-08,23.9,47.384373692773
2021-05-09,22.562,42.4242258004421
2021-05-10,21.262,38.6781067582941
2021-05-11,20.062,34.8953435463224
2021-05-12,18.863,29.5556747992468
2021-05-13,17.788,24.9111027722388
2021-05-14,17.212,21.9468643302327
2021-05-15,16.275,18.3958958383026
2021-05-16,14.863,14.8969549800052
2021-05-17,13.85,11.223017002032
2021-05-18,12.5,7.47280136249903
2021-05-19,10.688,2.4596935432474
2021-05-20,8.387,0.0
2021-05-21,6.35,0.0
2021-05-22,4.15,0.0
2021-05-23,2.263,0.0
2021-05-24,1.738,0.0
2021-05-25,1.7,0.0
2021-05-26,1.7,0.182371635935802
2021-05-27,1.7,0.512552624071901
2021-05-28,1.7,0.837272616477101
2021-05-29,1.7,1.17276642555696
2021-05-30,1.7,1.42983621873678
2021-05-31,1.7,2.08965915752481
2021-06-01,1.7,3.40161439768887
2021-06-02,1.7,4.14258489211737
2021-06-03,1.7,4.95506073243277
2021-06-04,1.475,4.98949749202819
2021-06-05,1.038,5.06794299818645
2021-06-06,0.713,4.53117875257062
2021-06-07,0.487,4.52894669453995
2021-06-08,0.263,4.86443758279628
2021-06-09,0.087,4.2017720345181
2021-06-10,,3.3720087357392
2021-06-11,,1.45400178514079
2021-06-12,,0.0743535634370574
2021-06-13,,0.0
2021-06-14,,0.0
2021-06-15,,0.0
2021-06-16,,0.0
2021-06-17,,0.0
2021-06-18,,0.0
2021-06-19,,0.0
2021-06-20,,0.0
2021-06-21,,0.0
2021-06-22,,0.0
2021-06-23,,0.0
2021-06-24,,0.0
2021-06-25,,0.0
2021-06-26,,0.0
2021-06-27,,0.0
2021-06-28,,0.0
2021-06-29,,0.0
2021-06-30,,0.0
2021-07-01,,0.0
2021-07-02,,0.0
2021-07-03,,0.0
2021-07-04,,0.0
2021-07-05,,0.0
2021-07-06,,0.0
2021-07-07,,0.0
2021-07-08,,0.0
2021-07-09,,0.0
2021-07-10,,0.0
2021-07-11,,0.0
2021-07-12,,0.0
2021-07-13,,0.0
2021-07-14,,0.0
2021-07-15,,0.0
2021-07-16,,0.0
2021-07-17,,0.0
2021-07-18,,0.0
2021-07-19,,0.0
2021-07-20,,0.0
2021-07-21,,0.0
2021-07-22,,0.0
2021-07-23,,0.0
2021-07-24,,0.0
2021-07-25,,0.0
2021-07-26,,0.0
2021-07-27,,0.0
2021-07-28,,0.0
2021-07-29,,0.0
2021-07-30,,0.0
2021-07-31,,0.0
2021-08-01,,0.0
2021-08-02,,0.0
2021-08-03,,0.0
2021-08-04,,0.0
2021-08-05,,0.0
2021-08-06,,0.0
2021-08-07,,0.0
2021-08-08,,0.0
2021-08-09,,0.0
2021-08-10,,0.0
2021-08-11,,0.0
2021-08-12,,0.0
2021-08-13,,0.0
2021-08-14,,0.0
2021-08-15,,0.0
2021-08-16,,0.0
2021-08-17,,0.0
2021-08-18,,0.0
2021-08-19,,0.0
2021-08-20,,0.0
2021-08-21,,0.0
2021-08-22,,0.0
2021-08-23,,0.0
2021-08-24,,0.0
2021-08-25,,0.0
2021-08-26,,0.0
2021-08-27,,0.0
2021-08-28,,0.0
2021-08-29,,0.0
2021-08-30,,0.0
2021-08-31,,0.0
2021-09-01,,0.0
2021-09-02,,0.0
2021-09-03,,0.0
2021-09-04,,0.0
2021-09-05,,0.0
2021-09-06,,0.0
2021-09-07,,0.0
2021-09-08,,0.0
2021-09-09,,0.0
2021-09-10,,0.0
2021-09-11,,0.0
2021-09-12,,0.0
2021-09-13,,0.0
2021-09-14,,0.0
2021-09-15,,0.0
2021-09-16,,0.0
2021-09-17,,0.0
2021-09-18,,0.0
2021-09-19,,0.0
2021-09-20,,0.0
2021-09-21,,0.0
2021-09-22,,0.0
2021-09-23,,0.0
2021-09-24,,0.0
2021-09-25,,0.0
2021-09-26,,0.0
2021-09-27,,0.0
2021-09-28,0.15,6.60775443556794
2021-09-29,0.287,6.59263382477606
2021-09-30,0.237,4.56952410734307
2021-10-01,0.3,2.53930168475483
2021-10-02,0.287,1.36130200518003
2021-10-03,0.287,4.2965910822837
2021-10-04,0.3,4.48920230055679
2021-10-05,0.275,4.05654257764463
2021-10-06,0.3,4.09916255929988
2021-10-07,0.275,4.03489218725373
2021-10-08,0.3,5.28788895849757
2021-10-09,0.65,10.1548659034604
2021-10-10,0.9,9.71890090788219
2021-10-11,0.925,11.7062830866029
2021-10-12,1.025,11.1159294072498
2021-10-13,1.462,15.7043520395593
2021-10-14,1.8,18.1930282518914
2021-10-15,2.288,22.3366988678347
2021-10-16,2.625,24.7405035344918
2021-10-17,2.7,21.6647766336535
2021-10-18,2.7,18.5378014458083
2021-10-19,2.7,18.1789980922755
2021-10-20,2.7,16.937068568907
2021-10-21,2.7,16.433941260678
2021-10-22,2.712,15.8746630371524
2021-10-23,2.8,13.3468764263799
2021-10-24,2.8,13.0752513443825
2021-10-25,2.8,13.167396066771
2021-10-26,2.8,12.9308757567059
2021-10-27,2.8,12.9099151490769
2021-10-28,2.825,14.8873844407338
2021-10-29,3.0,17.0023509019262
2021-10-30,3.0,16.4032486077799
2021-10-31,3.0,15.5979009861786
2021-11-01,2.95,15.3194156969305
2021-11-02,2.85,14.8845138692595
2021-11-03,2.587,15.1508630266823
2021-11-04,2.487,15.3428543147558
2021-11-05,2.288,15.1829235619241
2021-11-06,2.125,14.4734262281178
2021-11-07,2.0,15.0663482344023
2021-11-08,1.825,16.0712899240363
2021-11-09,1.488,15.6555787701385
2021-11-10,1.238,15.6911521990161
2021-11-11,1.025,15.8779633545548
2021-11-12,0.8,15.682111031712
2021-11-13,0.812,20.4514188613618
2021-11-14,0.863,24.4888626578716
2021-11-15,0.8,23.4743949216954
2021-11-16,0.8,23.2714685939978
2021-11-17,0.812,23.632462502483
2021-11-18,0.988,26.1896169644528
2021-11-19,1.029,26.4093264474905
2021-11-20,1.0,25.5365282008131
2021-11-21,1.012,25.8101928118685
2021-11-22,1.163,26.1725686439024
2021-11-23,1.3,26.8763940614263
2021-11-24,1.312,26.725875215682
2021-11-25,1.538,29.3452706193808
2021-11-26,1.857,34.9653597670133
2021-11-27,2.0,35.0373347640122
2021-11-28,2.129,34.6887706503555
2021-11-29,2.2,34.8661538178769
2021-11-30,2.263,34.1119895240198
2021-12-01,2.486,33.5527175672121
2021-12-02,2.714,34.1377684188755
2021-12-03,2.9,35.1605552910465
2021-12-04,3.075,34.6338349381538
2021-12-05,3.263,34.4632321637987
2021-12-06,3.2,34.8949419638562
2021-12-07,3.562,35.5431239675615
2021-12-08,3.929,37.7902937400425
2021-12-09,4.071,37.9331839638023
2021-12-10,4.175,37.5933703796834
2021-12-11,4.537,38.3604510197596
2021-12-12,4.686,38.8793373473769
2021-12-13,4.688,38.3969471247467
2021-12-14,4.671,38.3331905074259
2021-12-15,4.814,38.8765613171358
2021-12-16,4.975,38.850038886633
2021-12-17,5.125,39.187214526754
2021-12-18,5.0,39.2712089117054
2021-12-19,5.175,39.9793438984924
2021-12-20,5.412,41.410262344209
2021-12-21,5.667,44.6180006780937
2021-12-22,5.8,44.4241193448454
2021-12-23,5.8,44.1507928713411
2021-12-24,5.8,44.0939474215483
2021-12-25,6.062,43.749850321289
2021-12-26,6.175,44.6438117282575
2021-12-27,6.188,54.686681369677
2021-12-28,6.812,55.212783770241
2021-12-29,7.383,57.9633983297422
2021-12-30,7.8,58.2922856110865
2021-12-31,7.8,57.3964297458407
2022-01-01,7.862,56.7954814332762
2022-01-02,7.85,56.1594515340589
2022-01-03,7.862,55.2845350555717
2022-01-04,7.9,54.6789206793069
2022-01-05,7.9,54.0454649999509
2022-01-06,7.9,54.4372993139513
2022-01-07,7.9,53.9384558009463
2022-01-08,7.888,53.5728244601072
2022-01-09,7.8,53.9022803315509
2022-01-10,7.825,58.3017496571898
2022-01-11,8.275,62.0845610155668
2022-01-12,8.963,67.4030996646417
2022-01-13,9.0,65.5509195373652
2022-01-14,9.575,71.0055787435732
2022-01-15,9.8,68.58440430587
2022-01-16,9.8,66.3429454370939
2022-01-17,9.8,65.0874568244529
2022-01-18,9.8,64.3437724623438
2022-01-19,9.8,61.918601871591
2022-01-20,9.8,64.7987484461443
2022-01-21,9.8,66.2780963722847
2022-01-22,9.938,66.640563115611
2022-01-23,10.262,64.8720521412842
2022-01-24,10.4,63.3394354864142
2022-01-25,10.5,62.6733581448543
2022-01-26,10.65,62.9990376747251
2022-01-27,10.713,64.3534310922539
2022-01-28,11.262,69.8993102605501
2022-01-29,12.075,77.2663643403029
2022-01-30,12.3,76.348127345125
2022-01-31,12.3,74.7660222752032
2022-02-01,12.438,70.9957816232803
2022-02-02,12.525,71.4040850513242
2022-02-03,12.537,70.6253694346706
2022-02-04,12.488,69.3615432702726
2022-02-05,12.643,71.1256226124237
2022-02-06,12.963,82.0753235127804
2022-02-07,14.812,124.262827660111
2022-02-08,15.688,123.502102578137
2022-02-09,16.5,123.045021161732
2022-02-10,17.6,122.289052512256
2022-02-11,17.9,118.467235621982
2022-02-12,18.087,116.914502784979
2022-02-13,18.712,118.482303510477
2022-02-14,19.087,117.84994426114
2022-02-15,19.3,115.83460798557
2022-02-16,19.312,112.243328756854
2022-02-17,19.657,109.690660412929
2022-02-18,19.863,109.983291650865
2022-02-19,20.325,112.992018847654
2022-02-20,20.4,108.788510503597
2022-02-21,20.386,106.534967090626
2022-02-22,20.525,105.541617566918
2022-02-23,21.038,109.567013811826
2022-02-24,21.225,107.486419824921
2022-02-25,21.45,106.04732862054
2022-02-26,21.625,104.708137352984
2022-02-27,21.7,103.203767337099
2022-02-28,21.7,102.209646326315
2022-03-01,21.788,101.674855437631
2022-03-02,21.825,98.4944382108372
2022-03-03,21.9,97.8975614490626
2022-03-04,22.0,97.9278727113078
2022-03-05,22.0,97.6040175345462
2022-03-06,22.262,102.175558916908
2022-03-07,22.825,105.913322612664
2022-03-08,22.913,104.326637817248
2022-03-09,23.0,103.157784987272
2022-03-10,23.025,102.406972847805
2022-03-11,23.212,101.800648904402
2022-03-12,23.3,101.618559293866
2022-03-13,23.257,101.069277167341
2022-03-14,23.275,100.475626806352
2022-03-15,23.3,100.279349977847
2022-03-16,23.488,102.790558185249
2022-03-17,24.062,110.710940059036
2022-03-18,24.562,110.113314878834
2022-03-19,24.725,109.289060132853
2022-03-20,24.8,109.278558577978
2022-03-21,24.8,109.105324560598
2022-03-22,24.812,109.190895289614
2022-03-23,25.2,114.888026942882
2022-03-24,25.512,114.035301855287
2022-03-25,25.625,112.534951103876
2022-03-26,25.712,111.009225086677
2022-03-27,25.812,110.437274133422
2022-03-28,25.9,109.311136799772
2022-03-29,25.925,110.995698351828
2022-03-30,26.113,111.566016319056
2022-03-31,26.2,112.483621000493
2022-04-01,26.2,111.003528459122
2022-04-02,26.212,109.693470016041
2022-04-03,26.3,109.49972703692
2022-04-04,26.512,111.701217384714
2022-04-05,26.725,109.624914069081
2022-04-06,26.875,108.788406920979
2022-04-07,27.0,106.836687985024
2022-04-08,27.0,106.496873548289
2022-04-09,27.012,106.294752704664
2022-04-10,27.1,106.255508570001
2022-04-11,27.012,105.537015068028
2022-04-12,27.029,105.035730483609
2022-04-13,27.075,104.35965929686
2022-04-14,27.1,103.78335772395
2022-04-15,27.1,103.384077103529
2022-04-16,27.1,103.19093324328
2022-04-17,27.1,102.829683260313
2022-04-18,27.125,101.953543622327
2022-04-19,27.2,101.218065421446
2022-04-20,27.212,100.822267398441
2022-04-21,27.3,100.476830242672
2022-04-22,27.3,100.429380495608
2022-04-23,27.337,98.9103801446502
2022-04-24,27.1,95.8904260125062
2022-04-25,27.012,92.9857234742989
2022-04-26,26.337,90.589359979787
2022-04-27,26.238,88.9136413644894
2022-04-28,26.413,87.2360628324821
2022-04-29,26.438,85.7121845416351
2022-04-30,26.65,84.2999573026036
2022-05-01,26.788,81.9087274433155
2022-05-02,26.988,77.135299025169
2022-05-03,26.538,71.7052391253834
2022-05-04,26.375,70.5292935953533
2022-05-05,26.488,69.5346280793085
2022-05-06,26.625,69.1492156814356
2022-05-07,26.725,67.3989908004335
2022-05-08,26.462,64.7676849186215
2022-05-09,26.038,62.4064928164275
2022-05-10,25.413,60.2604037091196
2022-05-11,24.887,58.9124428859957
2022-05-12,24.975,58.6064466543266
2022-05-13,24.8,57.3282454301188
2022-05-14,24.386,54.9511282084441
2022-05-15,23.538,51.6465869913032
2022-05-16,21.95,47.4889024180826
2022-05-17,20.525,43.9166428295903
2022-05-18,19.8,42.7612074113871
2022-05-19,18.575,39.0150315157708
2022-05-20,17.387,36.3218850013761
2022-05-21,15.7,32.4902489361862
2022-05-22,13.588,29.0606418115345
2022-05-23,12.35,27.0824031644695
2022-05-24,11.938,25.1676207037609
2022-05-25,11.137,23.1743771864058
2022-05-26,10.125,20.7286058608344
2022-05-27,8.875,17.4369740357972
2022-05-28,7.675,14.2066676494496
2022-05-29,5.737,7.44844457961816
2022-05-30,3.55,1.5476380324822
2022-05-31,2.6,0.0
2022-06-01,2.5,0.0
2022-06-02,2.525,0.0
2022-06-03,2.45,0.0
2022-06-04,2.362,0.0
2022-06-05,2.188,0.0
2022-06-06,1.875,0.0
2022-06-07,1.4,0.0
2022-06-08,0.875,0.0
2022-06-09,0.487,0.0
2022-06-10,0.325,0.0
2022-06-11,0.263,0.0
2022-06-12,0.087,0.0
2022-06-13,0.0,0.0
2022-06-14,0.0,0.0
2022-06-15,0.0,0.0
2022-06-16,0.0,0.0
2022-06-17,0.0,0.0
2022-06-18,0.0,0.0
2022-06-19,0.0,0.0
2022-06-20,0.0,0.0
2022-06-21,0.0,0.0
2022-06-22,0.0,0.0
2022-06-23,0.0,0.0
2022-06-24,0.0,0.0
2022-06-25,0.0,0.0
2022-06-26,0.0,0.0
2022-06-27,0.0,0.0
2022-06-28,0.0,0.0
2022-06-29,0.0,0.0
2022-06-30,0.0,0.0
2022-07-01,0.0,0.0
2022-07-02,0.0,0.0
2022-07-03,0.0,0.0
2022-07-04,0.0,0.0
2022-07-05,0.0,0.0
2022-07-06,0.0,0.0
2022-07-07,0.0,0.0
2022-07-08,0.0,0.0
2022-07-09,0.0,0.0
2022-07-10,0.0,0.0
2022-07-11,0.0,0.0
2022-07-12,0.0,0.0
2022-07-13,0.0,0.0
2022-07-14,0.0,0.0
2022-07-15,0.0,0.0
2022-07-16,0.0,0.0
2022-07-17,0.0,0.0
2022-07-18,0.0,0.0
2022-07-19,0.0,0.0
2022-07-20,0.0,0.0
2022-07-21,0.0,0.0
2022-07-22,0.0,0.0
2022-07-23,0.0,0.0
2022-07-24,0.0,0.0
2022-07-25,0.0,0.0
2022-07-26,0.0,0.0
2022-07-27,0.0,0.0
2022-07-28,0.0,0.0
2022-07-29,0.0,0.0
2022-07-30,0.0,0.0
2022-07-31,0.0,0.0
2022-08-01,0.0,0.0
2022-08-02,0.0,0.0
2022-08-03,0.0,0.0
2022-08-04,0.0,0.0
2022-08-05,0.0,0.0
2022-08-06,0.0,0.0
2022-08-07,0.0,0.0
2022-08-08,0.0,0.0
2022-08-09,0.0,0.0
2022-08-10,0.0,0.0
2022-08-11,0.0,0.0
2022-08-12,0.0,0.0
2022-08-13,0.0,0.0
2022-08-14,0.0,0.0
2022-08-15,0.0,0.0
2022-08-16,0.0,0.0
2022-08-17,0.0,0.0
2022-08-18,0.0,0.0
2022-08-19,0.0,0.0
2022-08-20,0.0,0.0
2022-08-21,0.0,0.0
2022-08-22,0.0,0.0
2022-08-23,0.0,0.0
2022-08-24,0.0,0.0
2022-08-25,0.0,0.0
2022-08-26,0.0,0.0
2022-08-27,0.0,0.0
2022-08-28,0.0,0.0
2022-08-29,0.0,0.0
2022-08-30,0.0,0.0
2022-08-31,0.0,0.0
2022-09-01,0.0,0.0
2022-09-02,0.0,0.0
2022-09-03,0.0,0.0
2022-09-04,0.0,0.0
2022-09-05,0.0,0.0
2022-09-06,0.0,0.0
2022-09-07,0.0,0.0
2022-09-08,0.0,0.0
2022-09-09,0.0,0.0
2022-09-10,0.0,0.0
2022-09-11,0.0,0.0
2022-09-12,0.0,0.0
2022-09-13,0.0,0.0
2022-09-14,0.0,0.0
2022-09-15,0.0,0.0
2022-09-16,0.0,0.0
2022-09-17,0.0,0.0
2022-09-18,0.0,0.0
2022-09-19,0.0,0.0
2022-09-20,0.0,0.0
2022-09-21,0.0,0.0
2022-09-22,0.0,0.0
2022-09-23,0.0,0.0
2022-09-24,0.0,0.0
2022-09-25,0.0,0.0
2022-09-26,0.0,0.0
2022-09-27,0.0,0.0
2022-09-28,0.0,0.0
2022-09-29,0.0,0.0
2022-09-30,0.0,0.0
2022-10-01,0.0,0.0
2022-10-02,0.0,0.0
2022-10-03,0.0,0.0
2022-10-04,0.0,0.0
2022-10-05,0.0,0.0
2022-10-06,0.0,0.0
2022-10-07,0.0,0.0
2022-10-08,0.0,0.0
2022-10-09,0.0,0.0
2022-10-10,0.125,1.28809764102704
2022-10-11,0.2,1.38382776029509
2022-10-12,0.275,3.85510830023705
2022-10-13,1.575,13.9334302039054
2022-10-14,2.275,21.1280028513142
2022-10-15,2.212,18.9972418737081
2022-10-16,2.312,16.9604200272797
2022-10-17,2.375,10.9210672992628
2022-10-18,2.225,7.58160096646359
2022-10-19,2.163,6.32318839166171
2022-10-20,1.975,3.64179713598191
2022-10-21,1.887,3.53505554294625
2022-10-22,1.65,4.74281054737101
2022-10-23,1.5,4.53097641699934
2022-10-24,1.45,5.23318765067301
2022-10-25,1.05,5.6583719399933
2022-10-26,1.0,5.91054392492685
2022-10-27,1.0,7.81241894206105
2022-10-28,1.012,7.51046497377639
2022-10-29,1.0,7.38344317336556
2022-10-30,1.0,7.44264900395977
2022-10-31,1.0,8.92417666829918
2022-11-01,0.863,8.4596717540303
2022-11-02,0.8,8.55927348217269
2022-11-03,0.8,10.0978050100225
2022-11-04,0.787,11.0663482397927
2022-11-05,0.55,10.938693286709
2022-11-06,0.425,10.6277616365307
2022-11-07,0.3,10.4028641748374
2022-11-08,0.312,10.8343981416063
2022-11-09,0.4,11.1024987068378
2022-11-10,0.475,11.3793305674338
2022-11-11,0.975,16.3310186628673
2022-11-12,1.188,16.329032596921
2022-11-13,1.363,15.6959857702865
2022-11-14,1.512,15.6716209815415
2022-11-15,1.7,15.738081020692
2022-11-16,1.7,15.4414595123315
2022-11-17,1.7,13.6926075473904
2022-11-18,1.663,13.959596990249
2022-11-19,1.613,15.2868698443772
2022-11-20,1.712,14.8706549751876
2022-11-21,1.9,14.5426053673259
2022-11-22,2.45,24.0779499766584
2022-11-23,2.975,26.7313644193371
2022-11-24,3.038,26.4942186917617
2022-11-25,3.288,28.013430194607
2022-11-26,3.4,28.1894019083126
2022-11-27,3.4,27.6412298072435
2022-11-28,3.475,28.3625898447126
2022-11-29,3.5,27.5288591352154
2022-11-30,3.688,27.9701633328969
2022-12-01,3.7,27.9019448112166
2022-12-02,3.7,28.2396335772175
2022-12-03,3.95,31.0188581621976
2022-12-04,4.575,32.4315225781512
2022-12-05,4.7,31.0621587732969
2022-12-06,4.875,31.3537315512472
2022-12-07,5.3,32.8226503593883
2022-12-08,5.388,33.2057074401747
2022-12-09,5.888,38.0896941708638
2022-12-10,6.1,37.9764433474845
2022-12-11,6.1,36.3356100340245
2022-12-12,6.15,39.9278205953628
2022-12-13,6.963,50.1585897192328
2022-12-14,7.263,50.0359355093835
2022-12-15,7.638,51.4809277484507
2022-12-16,8.0,49.4443680854948
2022-12-17,8.0,48.0051636004718
2022-12-18,8.312,46.7344316821483
2022-12-19,8.65,45.9512744687023
2022-12-20,8.7,45.5325824975537
2022-12-21,8.7,45.271369938012
2022-12-22,8.662,45.1143341857288
2022-12-23,8.613,44.8700314636111
2022-12-24,8.4,44.8700983527095
2022-12-25,8.15,44.7925137854873
2022-12-26,8.262,45.9642213584248
2022-12-27,8.575,46.4050805951753
2022-12-28,8.613,
2022-12-29,8.7,
2022-12-30,8.7,
2022-12-31,8.7,
2023-01-01,8.775,44.7011536489608
2023-01-02,8.863,46.2667209971034
2023-01-03,8.9,47.0089037088796
2023-01-04,8.975,47.0706171033773
2023-01-05,8.975,46.8520559838918
2023-01-06,9.0,49.4502011485196
2023-01-07,9.0,49.1413343717448
2023-01-08,9.037,48.3167501864329
2023-01-09,9.287,48.4573787054639
2023-01-10,9.4,48.2114165845983
2023-01-11,9.4,47.4661118627736
2023-01-12,9.4,48.7721120155932
2023-01-13,9.5,48.7111886300593
2023-01-14,9.5,47.7242036356329
2023-01-15,9.575,46.9438307582771
2023-01-16,9.6,47.9694084379763
2023-01-17,9.7,48.918580154611
2023-01-18,9.762,48.4648111289195
2023-01-19,9.8,46.2974587675616
2023-01-20,9.838,50.8745732683411
2023-01-21,10.3,57.1460100530301
2023-01-22,11.213,65.362410049921
2023-01-23,11.575,66.4667671875745
2023-01-24,11.787,63.9700003379864
2023-01-25,11.9,63.2411605139031
2023-01-26,12.912,69.7096295895063
2023-01-27,13.2,65.1848618017463
2023-01-28,13.2,61.7352544784287
2023-01-29,13.2,61.340155640612
2023-01-30,13.225,
2023-01-31,13.3,
2023-02-01,13.3,
2023-02-02,13.287,
2023-02-03,13.3,
2023-02-04,13.4,
2023-02-05,13.5,
2023-02-06,13.55,
2023-02-07,13.887,
2023-02-08,14.075,
2023-02-09,14.2,
2023-02-10,14.2,
2023-02-11,14.225,
2023-02-12,14.35,
2023-02-13,14.5,
2023-02-14,14.406,
2023-02-15,14.5,
2023-02-16,14.5,
2023-02-17,14.512,
2023-02-18,14.6,
2023-02-19,14.662,
2023-02-20,14.7,
2023-02-21,14.713,
2023-02-22,14.738,
2023-02-23,14.7,
2023-02-24,14.85,
2023-02-25,15.088,
2023-02-26,15.213,
2023-02-27,15.306,
2023-02-28,15.4,
2023-03-01,15.444,80.7854886870052
2023-03-02,15.544,79.0309442879754
2023-03-03,15.613,79.8839054033519
2023-03-04,15.7,80.3834656941839
2023-03-05,15.7,80.1080010336741
2023-03-06,15.706,79.4518945965299
2023-03-07,15.787,79.0146087268402
2023-03-08,15.8,78.7564330748052
2023-03-09,15.8,79.1080915718929
2023-03-10,15.812,78.8335177255927
2023-03-11,15.887,77.970229884988
2023-03-12,15.912,78.4520442512959
2023-03-13,15.944,77.2229648462129
2023-03-14,16.0,77.5564554863137
2023-03-15,16.012,76.1248569869538
2023-03-16,16.1,73.2011981736777
2023-03-17,17.0,82.2979178237062
2023-03-18,17.744,81.7902321918687
2023-03-19,17.9,81.3379406460867
2023-03-20,18.0,79.9655624292379
2023-03-21,18.0,79.1823882452209
2023-03-22,18.0,78.485934796191
2023-03-23,18.0,78.2052856831078
2023-03-24,18.012,77.1795059949272
2023-03-25,18.125,78.8465107374355
2023-03-26,18.2,78.2909300310611
2023-03-27,18.288,78.135455579613
2023-03-28,18.3,77.4357593780739
2023-03-29,18.35,77.0194036898858
2023-03-30,18.387,76.7313155438184
2023-03-31,18.4,76.3139682287941
2023-04-01,18.438,76.6096180453457
2023-04-02,18.613,82.4294212131969
2023-04-03,18.712,81.0960383701615
2023-04-04,18.8,79.9044055942545
2023-04-05,18.8,78.5709406633022
2023-04-06,18.825,79.0656497355758
2023-04-07,19.275,82.6399384054223
2023-04-08,19.65,80.7322478160631
2023-04-09,19.8,78.7463229155082
2023-04-10,19.913,79.2331684438426
2023-04-11,20.363,82.6267791867872
2023-04-12,20.512,80.6080988505457
2023-04-13,20.6,80.0210795247414
2023-04-14,20.6,80.5025591106543
2023-04-15,20.788,81.4527204113841
2023-04-16,20.8,81.2871704565275
2023-04-17,20.9,80.0212889888975
2023-04-18,20.9,77.9361053845373
2023-04-19,20.875,76.8439003665062
2023-04-20,20.738,75.013118457753
2023-04-21,20.688,73.955534430495
2023-04-22,20.837,72.8752799297993
2023-04-23,20.775,72.3647535556391
2023-04-24,20.65,72.6389437165129
2023-04-25,20.712,75.7381979267098
2023-04-26,20.95,75.0672148359757
2023-04-27,21.312,77.4635180374478
2023-04-28,21.837,74.4339706614637
2023-04-29,22.1,72.5069585960455
2023-04-30,21.85,68.8895839541477
2023-05-01,21.675,60.8296377570202
2023-05-02,21.312,53.3002367322917
2023-05-03,21.087,48.3687903862544
2023-05-04,20.413,45.0268484228977
2023-05-05,20.043,41.788219374702
2023-05-06,19.275,39.3784108646131
2023-05-07,18.613,37.7550323268809
2023-05-08,17.988,35.8232172654379
2023-05-09,17.137,33.0987521721126
2023-05-10,15.65,29.8674733911867
2023-05-11,13.475,25.7567816511442
2023-05-12,11.7,20.5455247814968
2023-05-13,9.963,15.8022734726088
2023-05-14,7.675,11.112173965849
2023-05-15,5.625,4.89401783311562
2023-05-16,3.513,1.84546107735252
2023-05-17,2.925,1.45436169374511
2023-05-18,2.938,1.40084106836854
2023-05-19,3.263,1.93660939897782
2023-05-20,3.45,1.8343096072897
2023-05-21,3.487,2.09447956574349
2023-05-22,3.4,2.0932370020153
2023-05-23,3.125,2.04846387544802
2023-05-24,2.788,1.67797974184519
2023-05-25,2.638,1.87084763879415
2023-05-26,2.4,1.61585919564212
2023-05-27,1.771,1.74349386557814
2023-05-28,1.225,1.66017172530156
2023-05-29,1.167,1.57237241735729
2023-05-30,0.9,1.39831328739943
2023-05-31,0.762,1.25311460713797
2023-06-01,0.625,1.17555573704159
2023-06-02,0.45,0.926645028312294
2023-06-03,0.338,0.898113760308533
2023-06-04,0.263,0.430877970280754
2023-06-05,0.25,0.725787103294743
2023-06-06,0.2,0.611603178643361
2023-06-07,0.071,0.0278100934560996
2023-06-08,0.0,0.0
2023-06-09,0.0,0.0
2023-06-10,0.0,0.0
2023-06-11,0.0,0.0
2023-06-12,0.0,0.0
2023-06-13,0.0,0.0
2023-06-14,0.0,0.0
2023-06-15,0.0,0.0
2023-06-16,0.0,0.0
2023-06-17,0.0,0.0
2023-06-18,0.0,0.0
2023-06-19,0.0,0.0
2023-06-20,0.0,0.0
2023-06-21,0.0,0.0
2023-06-22,0.0,0.0
2023-06-23,0.0,0.0
2023-06-24,0.0,0.0
2023-06-25,0.0,0.0
2023-06-26,0.0,0.0
2023-06-27,0.0,0.0
2023-06-28,0.0,0.0
2023-06-29,0.0,0.0
2023-06-30,0.0,0.0
2023-07-01,0.0,0.0
2023-07-02,0.0,0.0
2023-07-03,0.0,0.0
2023-07-04,0.0,0.0
2023-07-05,0.0,0.0
2023-07-06,0.0,0.0
2023-07-07,0.0,0.0
2023-07-08,0.0,0.0
2023-07-09,0.0,0.0
2023-07-10,0.0,0.0
2023-07-11,0.0,0.0
2023-07-12,0.0,0.0
2023-07-13,0.0,0.0
2023-07-14,0.0,0.0
2023-07-15,0.0,0.0
2023-07-16,0.0,0.0
2023-07-17,0.0,0.0
2023-07-18,0.0,0.0
2023-07-19,0.0,0.0
2023-07-20,0.0,0.0
2023-07-21,0.0,0.0
2023-07-22,0.0,0.0
2023-07-23,0.0,0.0
2023-07-24,0.0,0.0
2023-07-25,0.0,0.0
2023-07-26,0.0,0.0
2023-07-27,0.0,0.0
2023-07-28,0.0,0.0
2023-07-29,0.0,0.0
2023-07-30,0.0,0.0
2023-07-31,0.0,0.0
2023-08-01,0.0,0.0
2023-08-02,0.0,0.0
2023-08-03,0.0,0.0
2023-08-04,0.0,0.0
2023-08-05,0.0,0.0
2023-08-06,0.0,0.0
2023-08-07,0.0,0.0
2023-08-08,0.0,0.0
2023-08-09,0.0,0.0
2023-08-10,0.0,0.0
2023-08-11,0.0,0.0
2023-08-12,0.0,0.0
2023-08-13,0.0,0.0
2023-08-14,0.0,0.0
2023-08-15,0.0,0.0
2023-08-16,0.0,0.0
2023-08-17,0.0,0.0
2023-08-18,0.0,0.0
2023-08-19,0.0,0.0
2023-08-20,0.0,0.0
2023-08-21,0.0,0.0
2023-08-22,0.0,0.0
2023-08-23,0.0,0.0
2023-08-24,0.0,0.0
2023-08-25,0.0,0.0
2023-08-26,0.0,0.0
2023-08-27,0.0,0.0
2023-08-28,0.0,0.0
2023-08-29,0.0,0.0
2023-08-30,0.0,0.0
2023-08-31,0.0,0.0
2023-09-01,0.0,0.0
2023-09-02,0.0,0.0
2023-09-03,0.0,0.0
2023-09-04,0.0,0.0
2023-09-05,0.0,0.0
2023-09-06,0.0,0.0
2023-09-07,0.0,0.0
2023-09-08,0.0,0.0
2023-09-09,0.0,0.0
2023-09-10,0.0,0.0
2023-09-11,0.0,0.0
2023-09-12,0.0,0.0
2023-09-13,0.0,0.0
2023-09-14,0.0,0.0
2023-09-15,0.0,0.0
2023-09-16,0.0,0.0
2023-09-17,0.0,0.0
2023-09-18,0.0,0.0
2023-09-19,0.0,0.0
2023-09-20,0.0,0.0
2023-09-21,0.0,0.0
2023-09-22,0.0,0.0
2023-09-23,0.0,0.0
2023-09-24,0.0,0.0
2023-09-25,0.0,0.0
2023-09-26,0.0,0.0
2023-09-27,0.0,0.0
2023-09-28,0.0,0.0
2023-09-29,0.0,0.0
2023-09-30,0.0,0.0
2023-10-01,0.025,0.310619897128388
2023-10-02,0.125,0.766820018946169
2023-10-03,0.138,1.04089647529187
2023-10-04,0.138,1.66296618758951
2023-10-05,0.0,2.19496361104659
2023-10-06,0.787,6.47682680041542
2023-10-07,1.325,6.01273583916818
2023-10-08,1.337,3.96462567974754
2023-10-09,1.15,2.57427291960068
2023-10-10,0.475,1.28425160012948
2023-10-11,0.075,0.991897071713574
2023-10-12,0.075,0.570969111781821
2023-10-13,0.113,0.678772012221828
2023-10-14,0.025,0.506079247744495
2023-10-15,0.013,0.531005783164574
2023-10-16,0.0,0.568741134079584
2023-10-17,0.05,0.518728081109575
2023-10-18,0.087,0.57207029310835
2023-10-19,0.45,4.33571891420333
2023-10-20,0.833,7.16361396166986
2023-10-21,0.087,7.81181163781649
2023-10-22,0.013,8.07212172720303
2023-10-23,0.25,7.85911091117833
2023-10-24,0.0,7.74490027103026
2023-10-25,0.087,7.630878339505
2023-10-26,0.1,7.6013535096689
2023-10-27,0.163,7.58504490801703
2023-10-28,0.222,7.23380976235189
2023-10-29,0.212,6.77790170815145
2023-10-30,0.225,6.64226010815198
2023-10-31,0.3,6.93870218973631
2023-11-01,0.4,7.17137476945677
2023-11-02,0.425,7.38362492263972
2023-11-03,0.55,8.84288917160774
2023-11-04,0.6,10.1068334534453
2023-11-05,0.55,9.55425980286558
2023-11-06,0.6,9.49537924834734
2023-11-07,0.675,11.2000527580572
2023-11-08,0.8,11.9004773705398
2023-11-09,0.812,11.7421963511317
2023-11-10,0.95,11.0215346279343
2023-11-11,0.95,10.6552742698563
2023-11-12,0.9,10.9846368410186
2023-11-13,0.9,10.8017072839135
2023-11-14,0.988,13.7004576558762
2023-11-15,1.0,13.7751991574469
2023-11-16,1.2,18.4045302030809
2023-11-17,1.425,21.5999442213189
2023-11-18,1.525,20.6840278587501
2023-11-19,1.675,22.3450002438522
2023-11-20,1.7,21.4424841111582
2023-11-21,1.7,20.633150635843
2023-11-22,1.712,19.6365108727119
2023-11-23,1.9,21.1119859308813
2023-11-24,2.337,23.344573097894
2023-11-25,2.4,23.4518570223203
2023-11-26,2.487,21.8496798640452
2023-11-27,2.8,26.4665176809214
2023-11-28,3.112,31.6144918382811
2023-11-29,3.237,30.7631869514316
2023-11-30,3.3,28.9503413263648
2023-12-01,3.3,
2023-12-02,3.3,
2023-12-03,3.3,
2023-12-04,3.3,26.4449465498283
2023-12-05,3.375,
2023-12-06,3.65,
2023-12-07,3.913,
2023-12-08,4.112,
2023-12-09,4.422,
2023-12-10,4.5,
2023-12-11,4.5,
2023-12-12,4.537,
2023-12-13,4.85,43.6548532447929
2023-12-14,5.213,45.1408112096695
2023-12-15,5.737,54.4527490077038
2023-12-16,6.037,55.6872263528133
2023-12-17,6.25,53.7508784919226
2023-12-18,6.737,60.0098819329124
2023-12-19,6.825,54.3984411781752
2023-12-20,6.9,50.8261964634895
2023-12-21,7.0,49.8444842005192
2023-12-22,7.037,50.6321421092209
2023-12-23,7.1,48.1820579622281
2023-12-24,7.237,48.0131651257336
2023-12-25,7.3,46.9341335315479
2023-12-26,7.438,46.0260230088088
2023-12-27,7.862,
2023-12-28,7.95,
2023-12-29,8.0,
2023-12-30,8.137,55.4491631351849
2023-12-31,8.45,57.2418687060739
2024-01-01,8.5,55.8120428509237
2024-01-02,8.5,55.0195795156045
2024-01-03,8.5,53.4013647854627
2024-01-04,8.5,54.9323572117453
2024-01-05,8.625,56.1211605249294
2024-01-06,8.7,56.4833312847733
2024-01-07,8.8,57.36417417183
2024-01-08,8.8,57.3172293378987
2024-01-09,8.8,56.0998752035887
2024-01-10,8.95,55.4765504348001
2024-01-11,9.287,54.9872005350971
2024-01-12,9.45,53.8596047080528
2024-01-13,9.537,54.3553526890255
2024-01-14,9.463,54.1203269030897
2024-01-15,9.312,51.340588498046
2024-01-16,9.287,55.2983349793628
2024-01-17,9.378,57.1522372505401
2024-01-18,9.496,57.3984427061294
2024-01-19,9.5,57.5942349570949
2024-01-20,9.562,56.653324664345
2024-01-21,9.637,58.1759336671561
2024-01-22,9.7,58.0224830637663
2024-01-23,9.775,57.5618093163098
2024-01-24,9.887,57.5598356093873
2024-01-25,9.812,57.6408511994035
2024-01-26,9.8,58.2661758256348
2024-01-27,10.55,69.8661527444812
2024-01-28,11.938,78.4164557182946
2024-01-29,12.475,75.7877843512116
2024-01-30,12.787,72.5438188367763
2024-01-31,13.088,70.9785700846676
2024-02-01,13.125,71.8117849796959
2024-02-02,13.464,78.9162098504101
2024-02-03,13.75,78.8164931659737
2024-02-04,14.137,77.7121555451915
2024-02-05,14.2,77.0142652866476
2024-02-06,14.2,75.3683185126405
2024-02-07,14.213,76.814323591988
2024-02-08,14.3,76.2328864349998
2024-02-09,14.3,75.5232528659731
2024-02-10,14.713,82.1670965009795
2024-02-11,15.225,84.1258034038739
2024-02-12,15.3,81.2093006195623
2024-02-13,15.3,79.8851918268691
2024-02-14,15.312,78.5670335484492
2024-02-15,15.4,77.1451020548775
2024-02-16,15.4,76.3568801527621
2024-02-17,15.4,76.6945770927302
2024-02-18,15.4,75.6650489681865
2024-02-19,15.412,76.0445907946674
2024-02-20,15.589,78.7274572683986
2024-02-21,15.738,78.3355728328376
2024-02-22,15.812,78.9684714144544
2024-02-23,16.6,90.0484510075182
2024-02-24,17.012,88.8536883189607
2024-02-25,17.1,87.144737574301
2024-02-26,17.1,85.7158815983558
2024-02-27,17.133,84.6468875202659
2024-02-28,17.2,83.6671371203705
2024-02-29,17.211,83.9272297020252
2024-03-01,17.3,83.8435663607035
2024-03-02,17.3,83.3938388925082
2024-03-03,17.44,82.8041421554233
2024-03-04,17.522,82.6907304421502
2024-03-05,17.6,83.0216400390677
2024-03-06,17.6,81.2150255426617
2024-03-07,17.688,81.7225923336274
2024-03-08,17.913,83.6763045157159
2024-03-09,18.0,83.0130759564308
2024-03-10,18.1,83.6794870987993
2024-03-11,18.1,85.4582535631581
2024-03-12,18.125,85.0352714699895
2024-03-13,18.25,89.220515044243
2024-03-14,18.538,90.4241523218525
2024-03-15,18.778,93.4840796954669
2024-03-16,18.887,92.7445560434966
2024-03-17,19.125,91.0756824187247
2024-03-18,19.288,89.2251262477394
2024-03-19,19.325,88.6010271396136
2024-03-20,19.512,88.0260360198525
2024-03-21,19.6,87.8310658222517
2024-03-22,19.6,87.7554165957188
2024-03-23,19.7,87.5730482168197
2024-03-24,19.756,87.1689401052625
2024-03-25,19.812,85.5395971811422
2024-03-26,19.9,83.4734316996516
2024-03-27,19.9,82.7895161044973
2024-03-28,19.9,82.6268509019013
2024-03-29,19.913,81.6609651069829
2024-03-30,19.975,79.8215897553769
2024-03-31,20.0,82.0272838398865
2024-04-01,20.1,85.6058294461652
2024-04-02,20.311,85.0646634094837
2024-04-03,20.4,84.6130342162927
2024-04-04,20.4,83.3813878594241
2024-04-05,20.413,83.4450771980035
2024-04-06,20.5,81.9915548425795
2024-04-07,20.589,84.0985340878684
2024-04-08,20.7,83.560472034944
2024-04-09,20.788,83.3296635435322
2024-04-10,20.9,83.1800882344797
2024-04-11,21.0,84.1700339689714
2024-04-12,21.075,81.9159430499576
2024-04-13,21.1,81.4004795415176
2024-04-14,21.211,82.325121914017
2024-04-15,21.312,82.0479054616988
2024-04-16,21.4,81.4538261478226
2024-04-17,21.5,79.186822580773
2024-04-18,21.675,78.0356683980724
2024-04-19,21.688,75.3609022317565
2024-04-20,21.656,72.4385359186808
2024-04-21,21.613,68.8147566288719
2024-04-22,21.544,65.1925522923059
2024-04-23,21.525,61.6422237701705
2024-04-24,21.5,57.9315164602346
2024-04-25,21.175,54.1032607473112
2024-04-26,21.012,51.8159314866021
2024-04-27,20.938,49.9507618485585
2024-04-28,20.9,48.6202040326848
2024-04-29,20.738,46.4741889422543
2024-04-30,20.4,44.924037748765
2024-05-01,19.988,42.9641229702831
2024-05-02,19.262,40.7558030332706
2024-05-03,18.444,39.3496885564424
2024-05-04,17.137,34.9930240142604
2024-05-05,15.387,31.3301761803076
2024-05-06,13.338,28.3215657739585
2024-05-07,12.238,26.545461345542
2024-05-08,12.088,26.0518574912204
2024-05-09,11.489,23.2976072751333
2024-05-10,11.2,23.1658536638345
2024-05-11,11.012,22.7887943690079
2024-05-12,10.262,21.710564535064
2024-05-13,9.762,23.4373448679553
2024-05-14,9.912,21.5452605481077
2024-05-15,9.287,20.0904464083274
2024-05-16,7.888,16.9602586539377
2024-05-17,6.188,13.4013414598638
2024-05-18,3.944,8.90361747660998
2024-05-19,2.7,4.41767270532526
2024-05-20,2.4,2.81589310419914
2024-05-21,2.4,1.51726700594613
2024-05-22,2.5,0.0
2024-05-23,2.75,0.0
2024-05-24,2.862,0.0
2024-05-25,2.9,0.0
2024-05-26,2.737,0.0
2024-05-27,2.475,0.0
2024-05-28,2.211,0.0
2024-05-29,1.875,0.0
2024-05-30,1.5,0.0
2024-05-31,1.137,0.0
2024-06-01,0.875,0.0
2024-06-02,0.675,0.0
2024-06-03,0.463,0.0
2024-06-04,0.263,0.0
2024-06-05,0.2,0.0
2024-06-06,0.138,0.0
2024-06-07,0.089,0.0
2024-06-08,0.05,0.0
2024-06-09,0.013,0.0
2024-06-10,0.0,0.0
2024-06-11,0.0,0.0
2024-06-12,0.0,0.0
2024-06-13,0.0,0.0
2024-06-14,0.0,0.0
2024-06-15,0.0,0.0
2024-06-16,0.0,0.0
2024-06-17,0.0,0.0
2024-06-18,0.0,0.0
2024-06-19,0.0,0.0
2024-06-20,0.0,0.0
2024-06-21,0.0,0.0
2024-06-22,0.0,0.0
2024-06-23,0.0,0.0
2024-06-24,0.0,0.0
2024-06-25,0.0,0.0
2024-06-26,0.0,0.0
2024-06-27,0.0,0.0
2024-06-28,0.0,0.0
2024-06-29,0.0,0.0
2024-06-30,0.0,0.0
2024-07-01,0.0,0.0
2024-07-02,0.0,0.0
2024-07-03,0.0,0.0
2024-07-04,0.0,0.0
2024-07-05,0.0,0.0
2024-07-06,0.0,0.0
2024-07-07,0.0,0.0
2024-07-08,0.0,0.0
2024-07-09,0.0,0.0
2024-07-10,0.0,0.0
2024-07-11,0.0,0.0
2024-07-12,0.0,0.0
2024-07-13,0.0,0.0
2024-07-14,0.0,0.0
2024-07-15,0.0,0.0
2024-07-16,0.0,0.0
2024-07-17,0.0,0.0
2024-07-18,0.0,0.0
2024-07-19,0.0,0.0
2024-07-20,0.0,0.0
2024-07-21,0.0,0.0
2024-07-22,0.0,0.0
2024-07-23,0.0,0.0
2024-07-24,0.0,0.0
2024-07-25,0.0,0.0
2024-07-26,0.0,0.0
2024-07-27,0.0,0.0
2024-07-28,0.0,0.0
2024-07-29,0.0,0.0
2024-07-30,0.0,0.0
2024-07-31,0.0,0.0
2024-08-01,0.0,0.0
2024-08-02,0.0,0.0
2024-08-03,0.0,0.0
2024-08-04,0.0,0.0
2024-08-05,0.0,0.0
2024-08-06,0.0,0.0
2024-08-07,0.0,0.0
2024-08-08,0.0,0.0
2024-08-09,0.0,0.0
2024-08-10,0.0,0.0
2024-08-11,0.0,0.0
2024-08-12,0.0,0.0
2024-08-13,0.0,0.0
2024-08-14,0.0,0.0
2024-08-15,0.0,0.0
2024-08-16,0.0,0.0
2024-08-17,0.0,0.0
2024-08-18,0.0,0.0
2024-08-19,0.0,0.0
2024-08-20,0.0,0.0
2024-08-21,0.0,0.0
2024-08-22,0.0,0.0
2024-08-23,0.0,0.0
2024-08-24,0.0,0.0
2024-08-25,0.0,0.0
2024-08-26,0.0,0.0
2024-08-27,0.0,0.0
2024-08-28,0.0,0.0
2024-08-29,0.0,0.0
2024-08-30,0.0,0.0
2024-08-31,0.0,0.0
2024-09-01,0.0,0.0
2024-09-02,0.0,0.0
2024-09-03,0.0,0.0
2024-09-04,0.0,0.0
2024-09-05,0.0,0.0
2024-09-06,0.0,0.0
2024-09-07,0.0,0.0
2024-09-08,0.0,0.0
2024-09-09,0.0,0.0
2024-09-10,0.0,0.0
2024-09-11,0.0,0.0
2024-09-12,0.0,0.0
2024-09-13,0.0,0.0
2024-09-14,0.0,0.0
2024-09-15,0.0,0.0
2024-09-16,0.0,0.0
2024-09-17,0.0,0.0
2024-09-18,0.0,0.0
2024-09-19,0.0,0.0
2024-09-20,0.0,0.0
2024-09-21,0.0,0.0
2024-09-22,0.0,0.0
2024-09-23,0.0,0.0
2024-09-24,0.0,0.0
2024-09-25,0.0,0.0
2024-09-26,0.0,0.0
2024-09-27,0.0,0.0
2024-09-28,0.0,0.0
2024-09-29,0.0,0.0
2024-09-30,0.0,0.0
2024-10-01,0.0,0.0
2024-10-02,0.0,0.0218395199938186
2024-10-03,0.0,1.77249069458371
2024-10-04,0.0,1.76085671581506
2024-10-05,0.013,1.82413353549258
2024-10-06,0.075,1.62190903347894
2024-10-07,0.1,1.71036670295075
2024-10-08,0.38,2.37350319393749
2024-10-09,0.688,2.76482626426701
2024-10-10,1.213,6.33010943097162
2024-10-11,1.333,5.76218070808369
2024-10-12,1.328,5.47835651255902
2024-10-13,1.249,3.16435024040263
2024-10-14,1.193,2.20029361024604
2024-10-15,1.163,2.40399287611873
2024-10-16,1.374,3.48387957251325
2024-10-17,2.07,5.63075925889946
2024-10-18,2.15,5.48527117565048
2024-10-19,2.26,4.86666506588743
2024-10-20,2.251,4.76800566417913
2024-10-21,2.311,6.68647217222446
2024-10-22,2.744,17.2038007592594
2024-10-23,3.474,25.137373235076
2024-10-24,3.674,26.6338962785154
2024-10-25,3.837,23.8588070386263
2024-10-26,4.0,21.365761345632
2024-10-27,4.075,21.9251146551196
2024-10-28,4.112,21.1666636312584
2024-10-29,4.2,20.5740150119881
2024-10-30,4.237,22.712117133265
2024-10-31,4.362,29.5582796462166
2024-11-01,4.513,27.1710259459593
2024-11-02,4.65,24.9721356377934
2024-11-03,4.7,23.5934789384165
2024-11-04,4.763,29.7487453693004
2024-11-05,4.875,29.40582332789
2024-11-06,4.987,37.7018476414394
2024-11-07,5.1,33.9150127235849
2024-11-08,5.213,44.2268669318866
2024-11-09,5.425,48.9597144991245
2024-11-10,5.625,43.3204210168174
2024-11-11,5.763,40.0122287617107
2024-11-12,5.8,40.407898144636
2024-11-13,5.812,38.5331583149151
2024-11-14,5.9,38.2108033180689
2024-11-15,5.95,37.3328768901949
2024-11-16,6.088,36.7975019253213
2024-11-17,6.1,34.8456821728772
2024-11-18,6.1,35.0206140800095
2024-11-19,6.1,30.7840244111335
2024-11-20,6.15,30.8368827473026
2024-11-21,6.2,33.8124672574671
2024-11-22,6.2,34.3595266497466
2024-11-23,6.2,33.6471713996519
2024-11-24,6.2,34.0212228747506
2024-11-25,6.225,36.0229397343018
2024-11-26,6.3,39.3437739158385
2024-11-27,6.3,38.5857412612988
2024-11-28,6.3,38.3800130533452
2024-11-29,6.3,37.7983664345901
2024-11-30,6.525,37.49293031796
2024-12-01,6.6,37.4821839788618
2024-12-02,6.575,36.7223796592169
2024-12-03,6.6,35.8025593660872
2024-12-04,6.75,
2024-12-05,7.312,44.4475350836348
2024-12-06,7.9,45.3321362411574
2024-12-07,8.325,47.5155829021434
2024-12-08,8.738,46.9347984683132
2024-12-09,8.938,45.8371800499222
2024-12-10,9.137,48.1622117045487
2024-12-11,9.338,48.7585880495076
2024-12-12,9.488,49.8725804973743
2024-12-13,9.613,56.0000171702461
2024-12-14,9.729,62.2333203063902
2024-12-15,9.843,60.5403038911378
2024-12-16,9.988,58.8817517439035
2024-12-17,10.025,57.4566694497314
2024-12-18,10.1,56.8264907895743
2024-12-19,10.137,55.6076923387403
2024-12-20,10.387,56.6973515167119
2024-12-21,10.65,56.3858989573348
2024-12-22,10.912,55.4485004924043
2024-12-23,11.125,58.2803490331278
2024-12-24,11.363,62.6777644643528
2024-12-25,11.637,67.8301476815998
2024-12-26,11.85,64.733201323934
2024-12-27,12.137,64.9130700530525
2024-12-28,12.363,64.2075578945264
2024-12-29,12.5,64.680950366305
2024-12-30,12.5,63.348719226882
2024-12-31,12.5,62.0682544104328
2025-01-01,12.5,61.5839947632198
2025-01-02,12.562,61.4161299283633
2025-01-03,12.775,61.2758513152816
2025-01-04,12.975,60.9672039645218
2025-01-05,13.0,61.5212784876874
2025-01-06,12.95,64.6034464693777
2025-01-07,13.088,64.5397123915455
2025-01-08,13.412,69.9060811255429
2025-01-09,13.613,69.4926587476184
2025-01-10,13.95,72.1193906780879
2025-01-11,14.15,72.2962592584043
2025-01-12,14.4,74.8943498344165
2025-01-13,14.625,73.6415799597373
2025-01-14,14.838,75.4023615884705
2025-01-15,15.075,75.9453704529381
2025-01-16,15.1,74.4936539149929
2025-01-17,15.1,72.6011330186357
2025-01-18,15.162,73.2442050689917
2025-01-19,15.312,73.3169325638041
2025-01-20,15.512,74.775030831911
2025-01-21,15.688,76.0102808401007
2025-01-22,15.863,76.4263741476713
2025-01-23,16.062,77.8844403341643
2025-01-24,16.2,77.06150646474
2025-01-25,16.375,80.1508511609736
2025-01-26,16.675,82.4979904964061
2025-01-27,17.012,83.8393704976181
2025-01-28,17.2,88.6562603749296
2025-01-29,17.312,86.9430819451066
2025-01-30,17.5,82.4379433887566
2025-01-31,17.5,82.0239979232269
2025-02-01,17.857,80.12839247254
2025-02-02,18.137,81.1732994720836
2025-02-03,18.175,80.6131678161587
2025-02-04,18.1,82.7215187772702
2025-02-05,18.0,80.8379684617944
2025-02-06,18.0,78.7519740736433
2025-02-07,18.0,82.4535817693424
2025-02-08,18.014,82.6157227839958
2025-02-09,18.163,81.5322928151359
2025-02-10,18.229,80.5180347249032
2025-02-11,18.2,80.5825188364235
2025-02-12,18.25,80.9823015888576
2025-02-13,18.429,81.6132982551325
2025-02-14,18.529,81.3918553511337
2025-02-15,18.771,81.4840982001398
2025-02-16,19.0,80.8284991218896
2025-02-17,19.2,80.4894319715488
2025-02-18,19.414,80.5439797510237
2025-02-19,19.575,80.8039699124517
2025-02-20,19.775,83.7852615128063
2025-02-21,19.986,84.571739203975
2025-02-22,20.113,84.6974278192207
2025-02-23,20.35,84.6393333445247
2025-02-24,20.562,92.4263828045883
2025-02-25,20.762,100.401374562583
2025-02-26,20.962,99.0672302669559
2025-02-27,21.163,100.007366481486
2025-02-28,21.45,101.093649788132
2025-03-01,21.675,98.2393209407975
2025-03-02,21.913,96.4130025123077
2025-03-03,22.143,95.9654201819513
2025-03-04,22.3,94.971307807237
2025-03-05,22.375,93.556212123004
2025-03-06,22.5,92.9387195524563
2025-03-07,22.6,95.8396328362584
2025-03-08,22.786,97.063332775901
2025-03-09,22.8,95.1050514603028
2025-03-10,22.812,93.1284843255032
2025-03-11,22.9,92.3724857653775
2025-03-12,22.986,92.0272171960102
2025-03-13,23.017,91.6214657168706
2025-03-14,23.1,91.1159986335219
2025-03-15,23.1,90.9578854483426
2025-03-16,23.1,90.6492106197098
2025-03-17,23.1,90.3721232163655
2025-03-18,23.1,90.2760280806373
2025-03-19,23.2,90.1796119186363
2025-03-20,23.3,89.8108190712541
2025-03-21,23.375,88.1475291958463
2025-03-22,23.413,88.5359403831651
2025-03-23,23.512,94.4972558160112
2025-03-24,23.6,92.9554036446468
2025-03-25,23.7,92.9204417501141
2025-03-26,23.8,91.8001933635276
2025-03-27,23.812,91.4831638026897
2025-03-28,23.9,90.7925456987804
2025-03-29,24.0,89.7722393621829
2025-03-30,24.1,89.726578413881
2025-03-31,24.114,89.3646262720622
2025-04-01,24.2,91.0587996656538
2025-04-02,24.2,94.1647915818248
2025-04-03,24.312,91.5970202617565
2025-04-04,24.413,87.791992572999
2025-04-05,24.5,84.9679384891603
2025-04-06,24.5,82.1239189393642
2025-04-07,24.5,80.1421967056957
2025-04-08,24.5,79.413804884068
2025-04-09,24.5,79.6908099854778
2025-04-10,24.6,78.8785703222273
2025-04-11,24.6,78.2239316614196
2025-04-12,24.95,82.027167124897
2025-04-13,25.05,81.0891541096997
2025-04-14,25.113,80.5126053804284
2025-04-15,25.194,79.7617121111991
2025-04-16,25.2,79.5896922715529
2025-04-17,25.2,78.3949030827198
2025-04-18,25.488,77.8528859946228
2025-04-19,26.05,81.4884676066183
2025-04-20,26.087,77.1606498273351
2025-04-21,26.212,77.7904445634345
2025-04-22,26.212,77.5185948088227
2025-04-23,26.206,77.0963775754475
2025-04-24,26.3,76.9609957830999
2025-04-25,27.0,82.123352192093
2025-04-26,28.087,89.0848868920675
2025-04-27,28.075,84.7861568829588
2025-04-28,28.025,79.8966313435217
2025-04-29,28.462,78.7558746236914
2025-04-30,28.988,77.0133994785425
2025-05-01,29.062,74.2559843272819
2025-05-02,29.15,69.1529218192263
2025-05-03,29.675,65.1576464398179
2025-05-04,29.738,62.6775656354135
2025-05-05,29.762,59.97707269088
2025-05-06,30.025,58.1407671896537
2025-05-07,30.1,57.4760752901524
2025-05-08,30.125,56.0318475710828
2025-05-09,30.7,58.635367397023
2025-05-10,30.988,57.4215375216192
2025-05-11,31.425,57.9746591419527
2025-05-12,31.7,57.5799511048805
2025-05-13,31.7,57.0353433444228
2025-05-14,31.775,56.3611214220088
2025-05-15,31.525,57.9829108717304
2025-05-16,30.563,53.7466751841072
2025-05-17,28.592,49.3794065339493
2025-05-18,25.861,44.8863595059343
2025-05-19,23.142,41.5159505286251
2025-05-20,20.952,38.9748558878027
2025-05-21,18.741,35.5225913344252
2025-05-22,17.044,32.0174359229346
2025-05-23,15.543,29.4509582351557
2025-05-24,13.896,26.7861515147829
2025-05-25,11.807,22.1875588324491
2025-05-26,9.922,16.5795182558855
2025-05-27,7.853,12.1402438548325
2025-05-28,5.205,7.85134342967938
2025-05-29,2.377,3.88396525060999
2025-05-30,1.791,2.47040428073412
2025-05-31,0.166,0.0
2025-06-01,0.0,0.0
2025-06-02,0.0,0.0
2025-06-03,0.0,0.0
2025-06-04,0.0,0.0
2025-06-05,0.0,0.0
2025-06-06,0.0,0.0
2025-06-07,0.0,0.0
2025-06-08,0.0,0.0
2025-06-09,0.0,0.0
2025-06-10,0.0,0.0
2025-06-11,0.0,0.0
2025-06-12,0.0,0.0
2025-06-13,0.0,0.0
2025-06-14,0.0,0.0
2025-06-15,0.0,0.0
2025-06-16,0.0,0.0
2025-06-17,0.0,0.0
2025-06-18,0.0,0.0
2025-06-19,0.0,0.0
2025-06-20,0.0,0.0
2025-06-21,0.0,0.0
2025-06-22,0.0,0.0
2025-06-23,0.0,0.0
2025-06-24,0.0,0.0
2025-06-25,0.0,0.0
2025-06-26,0.0,0.0
2025-06-27,0.0,0.0
2025-06-28,0.0,0.0
2025-06-29,0.0,0.0
2025-06-30,0.0,0.0
2025-07-01,0.0,0.0
2025-07-02,0.0,0.0
2025-07-03,0.0,0.0
2025-07-04,0.0,0.0
2025-07-05,0.0,0.0
2025-07-06,0.0,0.0
2025-07-07,0.0,0.0
2025-07-08,0.0,0.0
2025-07-09,0.0,0.0
2025-07-10,0.0,0.0
2025-07-11,0.0,0.0
2025-07-12,0.0,0.0
2025-07-13,0.0,0.0
2025-07-14,0.0,0.0
2025-07-15,0.0,0.0
2025-07-16,0.0,0.0
2025-07-17,0.0,0.0
2025-07-18,0.0,0.0
2025-07-19,0.0,0.0
2025-07-20,0.0,0.0
2025-07-21,0.0,0.0
2025-07-22,0.0,0.0
2025-07-23,0.0,0.0
2025-07-24,0.0,0.0
2025-07-25,0.0,0.0
2025-07-26,0.0,0.0
2025-07-27,0.0,0.0
2025-07-28,0.0,0.0
2025-07-29,0.0,0.0
2025-07-30,0.0,0.0
2025-07-31,0.0,0.0
2025-08-01,0.0,0.0
2025-08-02,0.0,0.0
2025-08-03,0.0,0.0
2025-08-04,0.0,0.0
2025-08-05,0.0,0.0
2025-08-06,0.0,0.0
2025-08-07,0.0,0.0
2025-08-08,0.0,0.0
2025-08-09,0.0,0.0
2025-08-10,0.0,0.0
2025-08-11,0.0,0.0
2025-08-12,0.0,0.0
2025-08-13,0.0,0.0
2025-08-14,0.0,0.0
2025-08-15,0.0,0.0
2025-08-16,0.0,0.0
2025-08-17,0.0,0.0
2025-08-18,0.0,0.0
2025-08-19,0.0,0.0
2025-08-20,0.0,0.0
2025-08-21,0.0,0.0
2025-08-22,0.0,0.0
2025-08-23,0.0,0.0
2025-08-24,0.0,0.0
2025-08-25,0.0,0.0
2025-08-26,0.0,0.0
2025-08-27,0.0,0.0
2025-08-28,0.0,0.0
2025-08-29,0.0,0.0
2025-08-30,0.0,0.0
2025-08-31,0.0,0.0
2025-09-01,0.0,0.0
2025-09-02,0.0,0.0
2025-09-03,0.0,0.0
2025-09-04,0.0,0.0
2025-09-05,0.0,0.0
2025-09-06,0.0,0.0
2025-09-07,0.0,0.0
2025-09-08,0.0,0.0
2025-09-09,0.0,0.0
2025-09-10,0.0,0.0
2025-09-11,0.0,0.0
2025-09-12,0.0,0.0
2025-09-13,0.0,0.0
2025-09-14,0.0,0.0
2025-09-15,0.0,0.0
2025-09-16,0.0,0.0
2025-09-17,0.0,0.0
2025-09-18,0.0,0.0
2025-09-19,0.0,0.0
2025-09-20,0.0,0.0
2025-09-21,0.0,0.0
2025-09-22,0.0,0.0
2025-09-23,0.0,0.0
2025-09-24,0.0,0.0
2025-09-25,0.0,0.0
2025-09-26,0.0,0.0
2025-09-27,0.0,0.0
2025-09-28,0.0,0.0
2025-09-29,0.0,0.0
2025-09-30,0.0,0.0
2025-10-01,0.0,0.0
2025-10-02,0.0,0.0
2025-10-03,0.0,0.0
2025-10-04,0.0,0.0
2025-10-05,0.0,0.0
2025-10-06,0.0,0.0
2025-10-07,0.0,0.0
2025-10-08,0.0,0.0
2025-10-09,0.0,0.0
2025-10-10,0.0,0.0
2025-10-11,0.0,0.0
2025-10-12,0.0,0.0
2025-10-13,0.0,0.0
2025-10-14,0.0,0.0
2025-10-15,0.0,0.0
2025-10-16,0.412,2.02977341083097
2025-10-17,1.025,4.22605885018159
2025-10-18,1.2,3.51907527595555
2025-10-19,1.2,3.76228927670078
2025-10-20,1.188,3.86241292569472
2025-10-21,1.188,4.01004315907097
2025-10-22,1.175,4.13134386934763
2025-10-23,1.188,3.96207743483562
2025-10-24,1.288,4.01298031610964
2025-10-25,1.3,4.33929036364973
2025-10-26,1.325,4.69058940170014
2025-10-27,1.387,5.34345297933618
2025-10-28,1.45,5.42811694402804
2025-10-29,1.512,6.36863459153015
2025-10-30,1.413,7.03274322073599
2025-10-31,1.387,7.17920480478332
2025-11-01,1.5,7.73895731057825
2025-11-02,1.587,8.27237496181853
2025-11-03,1.65,8.89212279061717
2025-11-04,1.812,10.6071501904728
2025-11-05,1.825,9.80090581238903
2025-11-06,1.8,10.0856941316901
2025-11-07,1.875,9.76383298341776
2025-11-08,1.938,10.8456014039246
2025-11-09,2.125,11.3152084908809
2025-11-10,2.587,15.7978870323972
2025-11-11,2.725,15.3852986144405
2025-11-12,2.8,16.7167867911463
2025-11-13,2.931,17.8106396653664
2025-11-14,3.025,14.9709415132284
2025-11-15,3.087,15.0024852188281
2025-11-16,2.962,14.9209512997773
2025-11-17,2.888,13.9118839575424
2025-11-18,2.95,16.3763458708733
2025-11-19,3.013,18.1028337987927
2025-11-20,3.25,19.7765785627025
2025-11-21,3.725,26.7474066698214
2025-11-22,3.9,26.8043258115233
2025-11-23,3.987,25.480434467743
2025-11-24,4.025,23.7202518344746
2025-11-25,4.062,22.3745454558497
2025-11-26,4.075,21.5580015512422
2025-11-27,4.131,20.8938935158599
2025-11-28,4.275,20.7379010089202
2025-11-29,4.213,21.9937774869396
2025-11-30,4.088,21.0860036597107
2025-12-01,4.112,22.3499521300723
2025-12-02,4.263,22.4393046362513
2025-12-03,4.713,29.9863237800024
2025-12-04,4.975,30.7289658723479
2025-12-05,5.325,29.9471602864806
2025-12-06,5.312,30.0480222253197
2025-12-07,5.362,30.9405894346552
2025-12-08,5.562,30.7559269971426
2025-12-09,5.65,30.5661813884975
2025-12-10,5.35,30.3842348539039
2025-12-11,5.275,30.2840947601743
2025-12-12,5.338,31.2575592590596
2025-12-13,5.9,31.6134252201099
2025-12-14,5.85,31.5262575988758
2025-12-15,5.763,31.2606546042895
2025-12-16,5.812,31.0046632650735
2025-12-17,5.875,31.1655520008389
2025-12-18,5.725,31.0304504990641
2025-12-19,5.612,30.8172680787754
2025-12-20,5.575,30.8158587227255
2025-12-21,5.513,30.6406173012954
2025-12-22,5.575,31.1081757669654
2025-12-23,5.537,30.9684379625057
2025-12-24,5.5,31.2498154442263
2025-12-25,5.963,32.5791459847019
2025-12-26,5.938,31.9302138584754
2025-12-27,5.987,32.3508541952026
2025-12-28,5.925,34.0780798472074
2025-12-29,6.162,36.1901833795886
2025-12-30,6.35,38.0352437719899
2025-12-31,6.506,40.3221814245843
2026-01-01,6.875,42.5737561689668
2026-01-02,7.013,42.265857335495
2026-01-03,7.338,41.5692491131877
2026-01-04,7.2,41.5461819824075
2026-01-05,7.3,41.1943340903676
2026-01-06,7.3,41.263136106008
2026-01-07,7.1,41.3616274425557
2026-01-08,7.213,42.4506317362131
2026-01-09,7.438,42.6953464289508
2026-01-10,7.8,51.6500230871349
2026-01-11,8.137,58.8842476779073
2026-01-12,8.325,57.7429727606824
2026-01-13,8.575,57.5979062999429
2026-01-14,9.775,79.4748441399832
2026-01-15,10.625,91.3717600208922
2026-01-16,10.938,85.8154501185167
2026-01-17,11.325,83.1748394901928
2026-01-18,11.4,79.4151017643501
2026-01-19,11.4,75.9984306290799
2026-01-20,11.4,73.2561580878668
2026-01-21,11.4,71.422266336566
2026-01-22,11.4,68.9360814053838
2026-01-23,11.4,66.1014356439625
2026-01-24,11.4,66.5614599498012
2026-01-25,11.4,67.8588935673467
2026-01-26,11.488,68.3769834841263
2026-01-27,11.787,69.1143183016927
2026-01-28,12.238,70.1898317057698
2026-01-29,12.438,69.2309094619871
2026-01-30,12.6,68.1972632306498
2026-01-31,12.6,68.0350238721453
2026-02-01,12.625,67.294078621135
2026-02-02,12.7,66.5669563306469
2026-02-03,12.713,66.4980660002407
2026-02-04,13.938,82.3317238201862
2026-02-05,14.35,82.7829515944627
2026-02-06,14.575,81.1266419588355
2026-02-07,14.8,80.1303456592321
2026-02-08,15.131,83.9828878674412
2026-02-09,15.406,83.4117455807078
2026-02-10,15.644,84.0145802035273
2026-02-11,15.938,85.2298095386594
2026-02-12,16.375,83.6365083686993
2026-02-13,16.462,83.3663075412338
2026-02-14,16.788,84.0682226110705
2026-02-15,16.975,84.550230195311
2026-02-16,17.188,84.5800280675627
2026-02-17,17.25,81.8417567842776
2026-02-18,17.444,81.3668798756394
2026-02-19,17.4,82.7130631973995
2026-02-20,17.4,82.7701085167436
2026-02-21,17.4,82.4343621825835
2026-02-22,17.538,81.8574663035235
2026-02-23,17.6,82.3686022691453
2026-02-24,17.875,84.4728628765823
2026-02-25,18.225,85.3095069500651
2026-02-26,18.3,86.3540630949863
2026-02-27,18.462,85.7077770877596
2026-02-28,18.825,84.9462816765779
2026-03-01,18.975,84.0988874203108
2026-03-02,19.087,83.7279173219036
2026-03-03,19.069,84.194847246466
2026-03-04,18.913,85.0894778006343
2026-03-05,18.887,85.5784052339965
2026-03-06,18.9,85.6210197320602
2026-03-07,19.212,94.8290879886222
2026-03-08,19.5,96.5313674431506
2026-03-09,19.587,96.6331326987372
2026-03-10,19.6,94.9687240210578
2026-03-11,19.656,93.5879833103981
2026-03-12,19.887,92.3181481215038
2026-03-13,20.075,91.5679124537466
2026-03-14,20.1,90.6809568782182
2026-03-15,20.125,89.9635553775425
2026-03-16,20.2,89.7561510831938
2026-03-17,20.2,89.5548684608336
2026-03-18,20.212,90.0394786740559
2026-03-19,20.3,89.5340379412883
2026-03-20,20.356,90.0478826653874
2026-03-21,20.575,89.7727372685959
2026-03-22,20.625,90.0925346907554
2026-03-23,20.7,89.6091924478245
2026-03-24,20.738,89.4244356131119
2026-03-25,20.8,88.9302895844446
2026-03-26,20.837,88.5268223386829
2026-03-27,20.913,88.2767096068979
2026-03-28,21.0,87.9120872393775
2026-03-29,21.031,87.6712274253722
2026-03-30,21.113,87.3222329641645
2026-03-31,21.212,87.2351688390442
2026-04-01,21.312,87.0273307948013
2026-04-02,21.4,86.7340413025954
2026-04-03,21.5,86.6128653333892
2026-04-04,21.538,86.2760577605687
2026-04-05,21.625,85.8168074543405
2026-04-06,21.7,85.480407185351
2026-04-07,21.788,87.0297175219343
2026-04-08,21.925,87.5401302641584
2026-04-09,22.175,89.0174497572156
2026-04-10,22.337,87.3714172222197
2026-04-11,22.4,87.0087800510125
2026-04-12,22.413,85.9345944202343
2026-04-13,22.5,85.3566175602436
2026-04-14,22.5,85.0365658533441
2026-04-15,22.5,85.7734287788404
2026-04-16,22.5,87.4492095483354
2026-04-17,22.6,87.6350153362841
2026-04-18,23.012,92.2095667838798
2026-04-19,23.988,98.7870347462096
2026-04-20,24.788,104.895194831785
2026-04-21,25.3,102.307173612477
2026-04-22,25.762,107.878997571172
2026-04-23,26.1,105.65565280202
2026-04-24,26.175,103.778367417006
2026-04-25,25.25,98.0734526423367
2026-04-26,25.2,92.5811888245301
2026-04-27,25.113,88.3440682739252
2026-04-28,24.913,84.8138891633299
2026-04-29,24.55,78.2776438322736
2026-04-30,24.663,70.771032955774
2026-05-01,24.613,63.5697888283163
2026-05-02,24.587,57.9368353998383
2026-05-03,24.613,53.6608708958643
2026-05-04,24.512,49.1869319484522
2026-05-05,23.9,44.8420025546275
2026-05-06,22.613,39.5402082013414
2026-05-07,22.137,44.5545892794361
2026-05-08,22.45,40.3016060935744
2026-05-09,21.8,35.7767159533461
2026-05-10,20.45,32.7558311233036
2026-05-11,19.363,30.7455341273821
2026-05-12,18.25,28.1270669685046
2026-05-13,17.087,26.1502545585831
2026-05-14,15.775,24.3731780569936
2026-05-15,14.812,23.2962029537677
2026-05-16,13.15,20.2039739964248
2026-05-17,11.312,16.3040882754175
2026-05-18,9.312,11.1458906793304
2026-05-19,8.075,7.78264818836028
2026-05-20,6.225,2.8717687999284
2026-05-21,4.037,0.16454128694145
2026-05-22,3.0,
2026-05-23,2.825,
2026-05-24,2.862,
2026-05-25,2.913,
2026-05-26,3.1,
2026-05-27,3.5,
2026-05-28,3.5,
2026-05-29,3.5,
2026-05-30,3.525,
2026-05-31,3.587,
2026-06-01,3.6,
2026-06-02,3.562,
2026-06-03,3.475,
2026-06-04,3.1,
2026-06-05,2.612,
2026-06-06,2.15,
2026-06-07,1.788,
2026-06-08,1.443,
2026-06-09,1.1,
2026-06-10,0.863,
2026-06-11,0.8,
2026-06-12,0.688,
2026-06-13,0.575,
2026-06-14,0.537,
2026-06-15,0.5,0.0408371168502306
2026-06-16,0.5,0.253415786111361
2026-06-17,0.5,0.285367090989837
2026-06-18,0.5,0.128341842501335
2026-06-19,0.487,
2026-06-20,0.45,0.0512087310875202
2026-06-21,0.412,0.0401591208533425
2026-06-22,0.425,
2026-06-23,0.412,
2026-06-24,0.412,
2026-06-25,0.4,
2026-06-26,0.4,
2026-06-27,0.4,0.0444771051965844
2026-06-28,0.425,0.0357470344610711
2026-06-29,0.425,0.171829619682711
2026-06-30,0.4,0.0931826757118586
2026-07-01,0.4,0.17685996936379
2026-07-02,0.4,0.0928574820711248
2026-07-03,0.4,0.162221337814446
2026-07-04,0.4,0.00856252283528747
2026-07-05,0.4,
2026-07-06,0.412,
2026-07-07,0.412,
2026-07-08,0.4,0.0654221072551309
2026-07-09,0.4,0.162957993870446
2026-07-10,0.4,0.0231510477758654
2026-07-11,0.412,
2026-07-12,0.4,
2026-07-13,0.412,0.30621705244733
2026-07-14,0.4,0.182528071083038
2026-07-15,0.4,0.0574899759765195
2026-07-16,0.4,0.65323122004391
2026-07-17,0.4,0.540055819434134
2026-07-18,0.4,0.686485452267363
2026-07-19,0.4,0.573782602314694
2026-07-20,0.4,0.467611830671277
2026-07-21,0.4,0.459444927760959
2026-07-22,0.412,0.570672795469776
2026-07-23,0.4,0.767709592577017
2026-07-24,0.4,0.842745165638444
2026-07-25,0.4,0.66188866546252
2026-07-26,0.4,0.618785853210667
2026-07-27,0.4,0.439424861864765
2026-07-28,0.4,0.578441245704369
2026-07-29,0.4,0.597054445521142
2026-07-30,0.4,0.537241534317754
2026-07-31,0.4,0.781418441474084
2026-08-01,0.4,0.492870589896477
2026-08-02,0.4,0.42666674943052
2026-08-03,0.4,0.532449116059574
2026-08-04,0.4,0.669311776168744
2026-08-05,0.4,0.634861906299648
2026-08-06,0.4,0.51783800151037
2026-08-07,0.4,0.623224950306021
2026-08-08,0.4,0.614744430391379
2026-08-09,0.4,0.566133288180552
2026-08-10,0.4,0.733721452438793
2026-08-11,0.4,0.443248030150663
2026-08-12,0.4,0.448949332765334
