date,wteq_cm,snwd_cm
2006-10-01,,0.0
2006-10-02,,0.0
2006-10-03,,0.0
2006-10-04,,0.0
2006-10-05,,2.54
2006-10-06,,2.54
2006-10-07,,2.54
2006-10-08,,2.54
2006-10-09,,0.0
2006-10-10,,0.0
2006-10-11,,0.0
2006-10-12,,5.08
2006-10-13,,12.7
2006-10-14,,10.16
2006-10-15,,10.16
2006-10-16,,7.62
2006-10-17,,7.62
2006-10-18,,7.62
2006-10-19,,7.62
2006-10-20,,7.62
2006-10-21,,7.62
2006-10-22,,7.62
2006-10-23,,12.7
2006-10-24,,12.7
2006-10-25,,10.16
2006-10-26,,10.16
2006-10-29,,15.24
2006-10-30,,20.32
2006-10-31,,25.4
2006-11-01,,27.94
2006-11-03,,22.86
2006-11-04,,22.86
2006-11-05,,22.86
2006-11-06,,22.86
2006-11-07,,22.86
2006-11-08,,22.86
2006-11-09,,22.86
2006-11-10,,22.86
2006-11-12,,22.86
2006-11-13,,20.32
2006-11-14,,22.86
2006-11-15,,22.86
2006-11-16,,22.86
2006-11-17,,20.32
2006-11-18,,20.32
2006-11-19,,20.32
2006-11-20,,20.32
2006-11-21,,20.32
2006-11-22,,20.32
2006-11-24,,20.32
2006-11-25,,20.32
2006-11-26,,20.32
2006-11-27,,20.32
2006-11-28,,20.32
2006-11-29,,20.32
2006-12-01,,22.86
2006-12-02,,22.86
2006-12-03,,22.86
2006-12-04,,22.86
2006-12-05,,25.4
2006-12-06,,27.94
2006-12-07,,27.94
2006-12-08,,25.4
2006-12-09,,25.4
2006-12-10,,25.4
2006-12-11,,25.4
2006-12-12,,25.4
2006-12-16,,25.4
2006-12-17,,25.4
2006-12-18,,25.4
2006-12-19,,25.4
2006-12-21,,27.94
2006-12-22,,27.94
2006-12-23,,27.94
2006-12-25,,30.48
2006-12-26,,30.48
2006-12-27,,30.48
2006-12-28,,33.02
2006-12-29,,30.48
2006-12-30,,30.48
2006-12-31,,35.56
2007-01-01,,38.1
2007-01-02,,35.56
2007-01-04,,33.02
2007-01-05,,33.02
2007-01-06,,33.02
2007-01-07,,33.02
2007-01-08,,33.02
2007-01-09,,35.56
2007-01-10,,35.56
2007-01-11,,35.56
2007-01-12,,35.56
2007-01-13,,35.56
2007-01-14,,35.56
2007-01-15,,38.1
2007-01-16,,38.1
2007-01-17,,38.1
2007-01-18,,38.1
2007-01-19,,38.1
2007-01-20,,38.1
2007-01-21,,38.1
2007-01-22,,38.1
2007-01-23,,40.64
2007-01-24,,40.64
2007-01-25,,40.64
2007-01-26,,40.64
2007-01-27,,40.64
2007-01-28,,40.64
2007-01-29,,40.64
2007-01-30,,40.64
2007-01-31,,40.64
2007-02-01,,40.64
2007-02-02,,40.64
2007-02-03,,40.64
2007-02-04,,38.1
2007-02-05,,40.64
2007-02-06,,38.1
2007-02-07,,38.1
2007-02-08,,38.1
2007-02-09,,38.1
2007-02-10,,38.1
2007-02-11,,38.1
2007-02-12,,38.1
2007-02-13,,38.1
2007-02-14,,38.1
2007-02-15,,38.1
2007-02-16,,38.1
2007-02-17,,38.1
2007-02-18,,38.1
2007-02-19,,38.1
2007-02-20,,38.1
2007-02-21,,38.1
2007-02-22,,38.1
2007-02-23,,38.1
2007-02-24,,38.1
2007-02-25,,38.1
2007-02-26,,40.64
2007-02-27,,40.64
2007-02-28,,40.64
2007-03-01,,40.64
2007-03-02,,40.64
2007-03-03,,40.64
2007-03-04,,40.64
2007-03-05,,40.64
2007-03-06,,38.1
2007-03-07,,38.1
2007-03-08,,40.64
2007-03-09,,38.1
2007-03-10,,38.1
2007-03-11,,38.1
2007-03-12,,38.1
2007-03-15,,40.64
2007-03-16,,40.64
2007-03-17,,38.1
2007-03-18,,38.1
2007-03-19,,38.1
2007-03-20,,38.1
2007-03-21,,38.1
2007-03-22,,40.64
2007-03-23,,40.64
2007-03-24,,40.64
2007-03-25,,40.64
2007-03-26,,40.64
2007-03-27,,40.64
2007-03-28,,40.64
2007-03-29,,40.64
2007-03-30,,43.18
2007-03-31,,43.18
2007-04-01,,40.64
2007-04-02,,40.64
2007-04-03,,40.64
2007-04-04,,40.64
2007-04-05,,40.64
2007-04-06,,40.64
2007-04-07,,40.64
2007-04-08,,38.1
2007-04-09,,38.1
2007-04-10,,38.1
2007-04-11,,38.1
2007-04-12,,35.56
2007-04-13,,35.56
2007-04-14,,35.56
2007-04-15,,35.56
2007-04-16,,33.02
2007-04-17,,33.02
2007-04-18,,30.48
2007-04-19,,27.94
2007-04-20,,25.4
2007-04-21,,25.4
2007-04-22,,22.86
2007-04-23,,22.86
2007-04-24,,22.86
2007-04-25,,20.32
2007-04-26,,20.32
2007-04-27,,17.78
2007-04-28,,17.78
2007-04-29,,17.78
2007-04-30,,15.24
2007-05-01,,15.24
2007-05-02,,12.7
2007-05-03,,12.7
2007-05-04,,10.16
2007-05-05,,5.08
2007-05-06,,0.0
2007-05-07,,0.0
2007-05-08,,0.0
2007-05-09,,0.0
2007-05-10,,0.0
2007-05-11,,0.0
2007-05-12,,0.0
2007-05-13,,0.0
2007-05-14,,0.0
2007-05-15,,0.0
2007-05-16,,0.0
2007-05-17,,0.0
2007-05-18,,0.0
2007-05-19,,0.0
2007-05-20,,0.0
2007-05-21,,0.0
2007-05-22,,0.0
2007-05-23,,0.0
2007-05-24,,0.0
2007-05-25,,0.0
2007-05-26,,0.0
2007-05-27,,0.0
2007-05-28,,0.0
2007-05-29,,0.0
2007-05-30,,0.0
2007-05-31,,0.0
2007-06-01,,0.0
2007-06-02,,0.0
2007-06-03,,0.0
2007-06-04,,0.0
2007-06-05,,0.0
2007-06-06,,0.0
2007-06-07,,0.0
2007-06-08,,0.0
2007-06-09,,0.0
2007-06-10,,0.0
2007-06-11,,0.0
2007-06-12,,0.0
2007-06-13,,0.0
2007-06-14,,0.0
2007-06-15,,0.0
2007-06-16,,0.0
2007-06-17,,0.0
2007-06-18,,0.0
2007-06-19,,0.0
2007-06-20,,0.0
2007-06-21,,0.0
2007-06-22,,0.0
2007-06-23,,0.0
2007-06-24,,0.0
2007-06-25,,0.0
2007-06-26,,0.0
2007-06-27,,0.0
2007-06-28,,0.0
2007-06-29,,0.0
2007-06-30,,0.0
2007-07-01,,0.0
2007-07-02,,0.0
2007-07-03,,0.0
2007-07-04,,0.0
2007-07-05,,0.0
2007-07-06,,0.0
2007-07-07,,0.0
2007-07-08,,0.0
2007-07-09,,0.0
2007-07-10,,0.0
2007-07-11,,0.0
2007-07-12,,0.0
2007-07-13,,0.0
2007-07-14,,0.0
2007-07-15,,0.0
2007-07-16,,0.0
2007-07-17,,0.0
2007-07-18,,0.0
2007-07-19,,0.0
2007-07-20,,0.0
2007-07-21,,0.0
2007-07-22,,0.0
2007-07-23,,0.0
2007-07-24,,0.0
2007-07-25,,0.0
2007-07-26,,0.0
2007-07-27,,0.0
2007-07-28,,0.0
2007-07-29,,0.0
2007-07-30,,0.0
2007-07-31,,0.0
2007-08-01,,0.0
2007-08-02,,0.0
2007-08-03,,0.0
2007-08-04,,0.0
2007-08-05,,0.0
2007-08-06,,0.0
2007-08-07,,0.0
2007-08-08,,0.0
2007-08-09,,0.0
2007-08-10,,0.0
2007-08-11,,0.0
2007-08-12,,0.0
2007-08-13,,0.0
2007-08-14,,0.0
2007-08-15,,0.0
2007-08-16,,0.0
2007-08-17,,0.0
2007-08-18,,0.0
2007-08-19,,0.0
2007-08-20,,0.0
2007-08-21,,0.0
2007-08-22,,0.0
2007-08-23,,0.0
2007-08-24,,0.0
2007-08-25,,0.0
2007-08-26,,0.0
2007-08-27,,0.0
2007-08-28,,0.0
2007-08-29,,0.0
2007-08-30,,0.0
2007-08-31,,0.0
2007-09-01,,0.0
2007-09-02,,0.0
2007-09-03,,0.0
2007-09-04,,0.0
2007-09-05,,0.0
2007-09-06,,0.0
2007-09-07,,0.0
2007-09-08,,0.0
2007-09-09,,0.0
2007-09-10,,0.0
2007-09-11,,0.0
2007-09-12,,0.0
2007-09-13,,0.0
2007-09-14,,0.0
2007-09-15,,0.0
2007-09-16,,0.0
2007-09-17,,0.0
2007-09-18,,0.0
2007-09-19,,0.0
2007-09-20,,0.0
2007-09-21,,0.0
2007-09-22,,0.0
2007-09-23,,0.0
2007-09-24,,0.0
2007-09-25,,0.0
2007-09-26,,0.0
2007-09-27,,0.0
2007-09-28,,0.0
2007-09-29,,0.0
2007-09-30,,0.0
2007-10-01,,0.0
2007-10-02,,0.0
2007-10-03,,0.0
2007-10-04,,0.0
2007-10-05,,0.0
2007-10-06,,0.0
2007-10-07,,0.0
2007-10-08,,0.0
2007-10-09,,0.0
2007-10-10,,0.0
2007-10-11,,0.0
2007-10-12,,0.0
2007-10-13,,0.0
2007-10-14,,0.0
2007-10-15,,0.0
2007-10-16,,0.0
2007-10-17,,0.0
2007-10-18,,0.0
2007-10-19,,0.0
2007-10-20,,10.16
2007-10-21,,10.16
2007-10-22,,10.16
2007-10-23,,10.16
2007-10-24,,10.16
2007-10-25,,15.24
2007-10-26,,15.24
2007-10-27,,15.24
2007-10-28,,15.24
2007-10-29,,12.7
2007-10-30,,12.7
2007-10-31,,12.7
2007-11-01,,12.7
2007-11-02,,12.7
2007-11-03,,12.7
2007-11-04,,15.24
2007-11-05,,15.24
2007-11-06,,15.24
2007-11-07,,15.24
2007-11-08,,15.24
2007-11-09,,15.24
2007-11-10,,15.24
2007-11-11,,15.24
2007-11-12,,12.7
2007-11-13,,12.7
2007-11-14,,15.24
2007-11-15,,15.24
2007-11-16,,15.24
2007-11-17,,15.24
2007-11-18,,15.24
2007-11-19,,15.24
2007-11-20,,15.24
2007-11-21,,15.24
2007-11-22,,15.24
2007-11-23,,15.24
2007-11-24,,15.24
2007-11-25,,15.24
2007-11-26,,15.24
2007-11-27,,15.24
2007-11-28,,15.24
2007-11-29,,15.24
2007-11-30,,15.24
2007-12-01,,15.24
2007-12-02,,15.24
2007-12-03,,15.24
2007-12-04,,15.24
2007-12-05,,15.24
2007-12-06,,15.24
2007-12-07,,15.24
2007-12-08,,17.78
2007-12-09,,17.78
2007-12-10,,22.86
2007-12-11,,20.32
2007-12-12,,22.86
2007-12-13,,22.86
2007-12-14,,22.86
2007-12-15,,22.86
2007-12-16,,25.4
2007-12-17,,25.4
2007-12-18,,22.86
2007-12-19,,22.86
2007-12-20,,22.86
2007-12-21,,22.86
2007-12-22,,22.86
2007-12-23,,22.86
2007-12-24,,22.86
2007-12-25,,25.4
2007-12-26,,25.4
2007-12-27,,25.4
2007-12-28,,22.86
2007-12-29,,25.4
2007-12-30,,25.4
2007-12-31,,25.4
2008-01-01,,25.4
2008-01-02,,25.4
2008-01-03,,25.4
2008-01-04,,25.4
2008-01-05,,25.4
2008-01-06,,25.4
2008-01-07,,25.4
2008-01-08,,25.4
2008-01-09,,25.4
2008-01-10,,25.4
2008-01-11,,27.94
2008-01-12,,27.94
2008-01-13,,27.94
2008-01-14,,30.48
2008-01-15,,27.94
2008-01-16,,30.48
2008-01-17,,38.1
2008-01-18,,45.72
2008-01-19,,45.72
2008-01-20,,43.18
2008-01-21,,48.26
2008-01-22,,48.26
2008-01-23,,48.26
2008-01-24,,45.72
2008-01-25,,45.72
2008-01-26,,45.72
2008-01-27,,43.18
2008-01-28,,43.18
2008-01-29,,43.18
2008-01-30,,43.18
2008-01-31,,43.18
2008-02-01,,43.18
2008-02-02,,43.18
2008-02-03,,43.18
2008-02-04,,43.18
2008-02-05,,40.64
2008-02-06,,40.64
2008-02-07,,40.64
2008-02-08,,40.64
2008-02-09,,40.64
2008-02-10,,43.18
2008-02-11,,43.18
2008-02-12,,43.18
2008-02-13,,43.18
2008-02-14,,43.18
2008-02-15,,43.18
2008-02-16,,43.18
2008-02-17,,43.18
2008-02-18,,43.18
2008-02-19,,43.18
2008-02-20,,43.18
2008-02-21,,40.64
2008-02-22,,40.64
2008-02-23,,40.64
2008-02-24,,40.64
2008-02-25,,40.64
2008-02-26,,40.64
2008-02-27,,40.64
2008-02-28,,40.64
2008-02-29,,40.64
2008-03-01,,33.02
2008-03-02,,30.48
2008-03-03,,30.48
2008-03-04,,30.48
2008-03-05,,30.48
2008-03-06,,30.48
2008-03-07,,30.48
2008-03-08,,30.48
2008-03-09,,30.48
2008-03-10,,30.48
2008-03-11,,30.48
2008-03-12,,30.48
2008-03-13,,30.48
2008-03-14,,30.48
2008-03-15,,33.02
2008-03-16,,33.02
2008-03-17,,33.02
2008-03-18,,33.02
2008-03-19,,30.48
2008-03-20,,30.48
2008-03-21,,30.48
2008-03-22,,30.48
2008-03-23,,30.48
2008-03-24,,30.48
2008-03-25,,33.02
2008-03-26,,30.48
2008-03-27,,33.02
2008-03-28,,30.48
2008-03-29,,33.02
2008-03-30,,33.02
2008-03-31,,33.02
2008-04-01,,35.56
2008-04-02,,38.1
2008-04-03,,35.56
2008-04-04,,35.56
2008-04-05,,35.56
2008-04-06,,38.1
2008-04-07,,40.64
2008-04-08,,43.18
2008-04-09,,43.18
2008-04-10,,43.18
2008-04-11,,43.18
2008-04-12,,43.18
2008-04-13,,43.18
2008-04-14,,45.72
2008-04-15,,53.34
2008-04-16,,50.8
2008-04-17,,50.8
2008-04-18,,50.8
2008-04-19,,55.88
2008-04-20,,50.8
2008-04-21,,43.18
2008-04-22,,40.64
2008-04-23,,38.1
2008-04-24,,38.1
2008-04-25,,35.56
2008-04-26,,43.18
2008-04-27,,40.64
2008-04-28,,38.1
2008-04-29,,35.56
2008-04-30,,35.56
2008-05-01,,40.64
2008-05-02,,38.1
2008-05-03,,35.56
2008-05-04,,33.02
2008-05-05,,30.48
2008-05-06,,27.94
2008-05-07,,25.4
2008-05-08,,22.86
2008-05-09,,22.86
2008-05-10,,20.32
2008-05-11,,15.24
2008-05-12,,2.54
2008-05-13,,0.0
2008-05-14,,0.0
2008-05-15,,0.0
2008-05-16,,0.0
2008-05-17,,2.54
2008-05-18,,0.0
2008-05-19,,0.0
2008-05-20,,0.0
2008-05-21,,0.0
2008-05-22,,0.0
2008-05-23,,0.0
2008-05-24,,0.0
2008-05-25,,0.0
2008-05-26,,0.0
2008-05-27,,0.0
2008-05-28,,0.0
2008-05-29,,0.0
2008-05-30,,0.0
2008-05-31,,0.0
2008-06-01,,0.0
2008-06-02,,0.0
2008-06-03,,0.0
2008-06-04,,0.0
2008-06-05,,0.0
2008-06-06,,0.0
2008-06-07,,0.0
2008-06-08,,0.0
2008-06-09,,0.0
2008-06-10,,0.0
2008-06-11,,0.0
2008-06-12,,0.0
2008-06-13,,0.0
2008-06-14,,0.0
2008-06-15,,0.0
2008-06-16,,0.0
2008-06-17,,0.0
2008-06-18,,0.0
2008-06-19,,0.0
2008-06-20,,0.0
2008-06-21,,0.0
2008-06-22,,0.0
2008-06-23,,0.0
2008-06-24,,0.0
2008-06-25,,0.0
2008-06-26,,0.0
2008-06-27,,0.0
2008-06-28,,0.0
2008-06-29,,0.0
2008-06-30,,0.0
2008-07-01,,0.0
2008-07-02,,0.0
2008-07-03,,0.0
2008-07-04,,0.0
2008-07-05,,0.0
2008-07-06,,0.0
2008-07-07,,0.0
2008-07-08,,0.0
2008-07-09,,0.0
2008-07-10,,0.0
2008-07-11,,0.0
2008-07-12,,0.0
2008-07-13,,0.0
2008-07-14,,0.0
2008-07-15,,0.0
2008-07-16,,0.0
2008-07-17,,0.0
2008-07-18,,0.0
2008-07-19,,0.0
2008-07-20,,0.0
2008-07-21,,0.0
2008-07-22,,0.0
2008-07-23,,0.0
2008-07-24,,0.0
2008-07-25,,0.0
2008-07-26,,0.0
2008-07-27,,0.0
2008-07-28,,0.0
2008-07-29,,0.0
2008-07-30,,0.0
2008-07-31,,0.0
2008-08-01,,0.0
2008-08-02,,0.0
2008-08-03,,0.0
2008-08-04,,0.0
2008-08-05,,0.0
2008-08-06,,0.0
2008-08-07,,0.0
2008-08-08,,0.0
2008-08-09,,0.0
2008-08-10,,0.0
2008-08-11,,0.0
2008-08-12,,0.0
2008-08-13,,0.0
2008-08-14,,0.0
2008-08-15,,0.0
2008-08-16,,0.0
2008-08-17,,0.0
2008-08-18,,0.0
2008-08-19,,0.0
2008-08-20,,0.0
2008-08-21,,0.0
2008-08-22,,0.0
2008-08-23,,0.0
2008-08-24,,0.0
2008-08-25,,0.0
2008-08-26,,0.0
2008-08-27,,0.0
2008-08-28,,0.0
2008-08-29,,0.0
2008-08-30,,0.0
2008-08-31,,0.0
2008-09-01,,0.0
2008-09-02,,0.0
2008-09-03,,0.0
2008-09-04,,0.0
2008-09-05,,0.0
2008-09-06,,0.0
2008-09-07,,0.0
2008-09-08,,0.0
2008-09-09,,0.0
2008-09-10,,0.0
2008-09-11,,0.0
2008-09-12,,0.0
2008-09-13,,0.0
2008-09-14,,0.0
2008-09-15,,0.0
2008-09-16,,0.0
2008-09-17,,0.0
2008-09-18,,0.0
2008-09-19,,0.0
2008-09-20,,0.0
2008-09-21,,0.0
2008-09-22,,0.0
2008-09-23,,0.0
2008-09-24,,0.0
2008-09-25,,0.0
2008-09-26,,0.0
2008-09-27,,0.0
2008-09-28,,5.08
2008-09-29,,2.54
2008-09-30,,2.54
2008-10-01,,5.08
2008-10-02,,5.08
2008-10-03,,5.08
2008-10-04,,10.16
2008-10-05,,10.16
2008-10-06,,10.16
2008-10-07,,10.16
2008-10-08,,10.16
2008-10-09,,10.16
2008-10-10,,10.16
2008-10-11,,7.62
2008-10-12,,7.62
2008-10-13,,15.24
2008-10-14,,12.7
2008-10-15,,12.7
2008-10-16,,12.7
2008-10-17,,12.7
2008-10-18,,12.7
2008-10-19,,12.7
2008-10-20,,12.7
2008-10-21,,12.7
2008-10-22,,12.7
2008-10-23,,25.4
2008-10-24,,22.86
2008-10-25,,22.86
2008-10-26,,22.86
2008-10-27,,22.86
2008-10-28,,22.86
2008-10-29,,20.32
2008-10-30,,22.86
2008-10-31,,20.32
2008-11-01,,20.32
2008-11-02,,20.32
2008-11-03,,22.86
2008-11-04,,22.86
2008-11-05,,22.86
2008-11-06,,22.86
2008-11-07,,22.86
2008-11-08,,20.32
2008-11-09,,22.86
2008-11-10,,22.86
2008-11-11,,22.86
2008-11-12,,22.86
2008-11-13,,25.4
2008-11-14,,22.86
2008-11-15,,22.86
2008-11-16,,30.48
2008-11-17,,30.48
2008-11-18,,30.48
2008-11-19,,33.02
2008-11-20,,30.48
2008-11-21,,30.48
2008-11-22,,27.94
2008-11-23,,27.94
2008-11-24,,27.94
2008-11-25,,27.94
2008-11-26,,27.94
2008-11-27,,27.94
2008-11-28,,30.48
2008-11-29,,30.48
2008-11-30,,27.94
2008-12-01,,30.48
2008-12-02,,30.48
2008-12-03,,30.48
2008-12-04,,30.48
2008-12-05,,30.48
2008-12-06,,30.48
2008-12-07,,35.56
2008-12-08,,35.56
2008-12-09,,35.56
2008-12-10,,22.86
2008-12-11,,22.86
2008-12-12,,22.86
2008-12-13,,22.86
2008-12-14,,22.86
2008-12-15,,25.4
2008-12-16,,27.94
2008-12-17,,30.48
2008-12-18,,27.94
2008-12-19,,27.94
2008-12-20,,27.94
2008-12-21,,27.94
2008-12-22,,27.94
2008-12-23,,25.4
2008-12-24,,25.4
2008-12-25,,33.02
2008-12-26,,33.02
2008-12-27,,33.02
2008-12-28,,30.48
2008-12-29,,30.48
2008-12-30,,30.48
2008-12-31,,30.48
2009-01-01,,27.94
2009-01-02,,27.94
2009-01-03,,27.94
2009-01-04,,25.4
2009-01-05,,22.86
2009-01-06,,22.86
2009-01-07,,22.86
2009-01-08,,22.86
2009-01-09,,22.86
2009-01-10,,22.86
2009-01-11,,22.86
2009-01-12,,22.86
2009-01-13,,22.86
2009-01-14,,22.86
2009-01-15,,22.86
2009-01-16,,22.86
2009-01-17,,22.86
2009-01-18,,22.86
2009-01-19,,22.86
2009-01-20,,25.4
2009-01-21,,33.02
2009-01-22,,30.48
2009-01-23,,30.48
2009-01-24,,30.48
2009-01-25,,30.48
2009-01-26,,30.48
2009-01-27,,35.56
2009-01-28,,35.56
2009-01-29,,35.56
2009-01-30,,35.56
2009-01-31,,35.56
2009-02-01,,35.56
2009-02-02,,35.56
2009-02-03,,33.02
2009-02-04,,35.56
2009-02-05,,35.56
2009-02-06,,35.56
2009-02-07,,38.1
2009-02-08,,35.56
2009-02-09,,33.02
2009-02-10,,38.1
2009-02-11,,35.56
2009-02-12,,35.56
2009-02-13,,35.56
2009-02-14,,35.56
2009-02-15,,35.56
2009-02-16,,35.56
2009-02-17,,35.56
2009-02-18,,40.64
2009-02-19,,40.64
2009-02-20,,53.34
2009-02-21,,63.5
2009-02-22,,58.42
2009-02-23,,55.88
2009-02-24,,53.34
2009-02-25,,53.34
2009-02-26,,50.8
2009-02-27,,55.88
2009-02-28,,55.88
2009-03-01,,63.5
2009-03-02,,60.96
2009-03-03,,58.42
2009-03-04,,58.42
2009-03-05,,55.88
2009-03-06,,68.58
2009-03-07,,71.12
2009-03-08,,68.58
2009-03-09,,66.04
2009-03-10,,66.04
2009-03-11,,63.5
2009-03-12,,63.5
2009-03-13,,63.5
2009-03-14,,63.5
2009-03-15,,63.5
2009-03-16,,63.5
2009-03-17,,58.42
2009-03-18,,58.42
2009-03-19,,58.42
2009-03-20,,58.42
2009-03-21,,58.42
2009-03-22,,58.42
2009-03-23,,55.88
2009-03-24,,55.88
2009-03-25,,55.88
2009-03-26,,55.88
2009-03-27,,55.88
2009-03-28,,58.42
2009-03-29,,63.5
2009-03-30,,60.96
2009-03-31,,60.96
2009-04-01,,66.04
2009-04-02,,68.58
2009-04-03,,63.5
2009-04-04,,63.5
2009-04-05,,60.96
2009-04-06,,60.96
2009-04-07,,60.96
2009-04-08,,60.96
2009-04-09,,60.96
2009-04-10,,60.96
2009-04-11,,58.42
2009-04-12,,58.42
2009-04-13,,58.42
2009-04-14,,55.88
2009-04-15,,58.42
2009-04-16,,58.42
2009-04-17,,58.42
2009-04-18,,58.42
2009-04-19,,58.42
2009-04-20,,55.88
2009-04-21,,55.88
2009-04-22,,55.88
2009-04-23,,55.88
2009-04-24,,60.96
2009-04-25,,66.04
2009-04-26,,63.5
2009-04-27,,58.42
2009-04-28,,53.34
2009-04-29,,45.72
2009-04-30,,38.1
2009-05-01,,30.48
2009-05-02,,25.4
2009-05-03,,17.78
2009-05-04,,12.7
2009-05-05,,2.54
2009-05-06,,2.54
2009-05-07,,0.0
2009-05-08,,0.0
2009-05-09,,0.0
2009-05-10,,0.0
2009-05-11,,0.0
2009-05-12,,0.0
2009-05-13,,0.0
2009-05-14,,0.0
2009-05-15,,0.0
2009-05-16,,0.0
2009-05-17,,0.0
2009-05-18,,0.0
2009-05-19,,0.0
2009-05-20,,0.0
2009-05-21,,0.0
2009-05-22,,0.0
2009-05-23,,0.0
2009-05-24,,0.0
2009-05-25,,0.0
2009-05-26,,0.0
2009-05-27,,0.0
2009-05-28,,0.0
2009-05-29,,0.0
2009-05-30,,0.0
2009-05-31,,0.0
2009-06-01,,0.0
2009-06-02,,0.0
2009-06-03,,0.0
2009-06-04,,0.0
2009-06-05,,0.0
2009-06-06,,0.0
2009-06-07,,0.0
2009-06-08,,0.0
2009-06-09,,0.0
2009-06-10,,0.0
2009-06-11,,0.0
2009-06-12,,0.0
2009-06-13,,0.0
2009-06-14,,0.0
2009-06-15,,0.0
2009-06-16,,0.0
2009-06-17,,0.0
2009-06-18,,0.0
2009-06-19,,0.0
2009-06-20,,0.0
2009-06-21,,0.0
2009-06-22,,0.0
2009-06-23,,0.0
2009-06-24,,0.0
2009-06-25,,0.0
2009-06-26,,0.0
2009-06-27,,0.0
2009-06-28,,0.0
2009-06-29,,0.0
2009-06-30,,0.0
2009-07-01,,0.0
2009-07-02,,0.0
2009-07-03,,0.0
2009-07-04,,0.0
2009-07-05,,0.0
2009-07-06,,0.0
2009-07-07,,0.0
2009-07-08,,0.0
2009-07-09,,0.0
2009-07-10,,0.0
2009-07-11,,0.0
2009-07-12,,0.0
2009-07-13,,0.0
2009-07-14,,0.0
2009-07-15,,0.0
2009-07-16,,0.0
2009-07-17,,0.0
2009-07-18,,0.0
2009-07-19,,0.0
2009-07-20,,0.0
2009-07-21,,0.0
2009-07-22,,0.0
2009-07-23,,0.0
2009-07-24,,0.0
2009-07-25,,0.0
2009-07-26,,0.0
2009-07-27,,0.0
2009-07-28,,0.0
2009-07-29,,0.0
2009-07-30,,0.0
2009-07-31,,0.0
2009-08-01,,0.0
2009-08-02,,0.0
2009-08-03,,0.0
2009-08-04,,0.0
2009-08-05,,0.0
2009-08-06,,0.0
2009-08-07,,0.0
2009-08-08,,0.0
2009-08-09,,0.0
2009-08-10,,0.0
2009-08-11,,0.0
2009-08-12,,0.0
2009-08-13,,0.0
2009-08-14,,0.0
2009-08-15,,0.0
2009-08-16,,0.0
2009-08-17,,0.0
2009-08-18,,0.0
2009-08-19,,0.0
2009-08-20,,0.0
2009-08-21,,0.0
2009-08-22,,0.0
2009-08-23,,0.0
2009-08-24,,0.0
2009-08-25,,0.0
2009-08-26,,0.0
2009-08-27,,0.0
2009-08-28,,0.0
2009-08-29,,0.0
2009-08-30,,0.0
2009-08-31,,0.0
2009-09-01,,0.0
2009-09-02,,0.0
2009-09-03,,0.0
2009-09-04,,0.0
2009-09-05,,0.0
2009-09-06,,0.0
2009-09-07,,0.0
2009-09-08,,0.0
2009-09-09,,0.0
2009-09-10,,0.0
2009-09-11,,0.0
2009-09-12,,0.0
2009-09-13,,0.0
2009-09-14,,0.0
2009-09-15,,0.0
2009-09-16,,0.0
2009-09-17,,0.0
2009-09-18,,0.0
2009-09-19,,0.0
2009-09-20,,0.0
2009-09-21,,0.0
2009-09-22,,2.54
2009-09-23,,2.54
2009-09-24,,5.08
2009-09-25,,2.54
2009-09-26,,5.08
2009-09-27,,7.62
2009-09-28,,12.7
2009-09-29,,12.7
2009-09-30,,12.7
2009-10-01,,10.16
2009-10-02,,10.16
2009-10-03,,10.16
2009-10-04,,10.16
2009-10-05,,10.16
2009-10-06,,7.62
2009-10-07,,10.16
2009-10-08,,7.62
2009-10-09,,7.62
2009-10-10,,5.08
2009-10-11,,5.08
2009-10-12,,2.54
2009-10-13,,2.54
2009-10-14,,0.0
2009-10-15,,0.0
2009-10-16,,0.0
2009-10-17,,0.0
2009-10-18,,0.0
2009-10-19,,0.0
2009-10-20,,2.54
2009-10-21,,2.54
2009-10-22,,5.08
2009-10-23,,5.08
2009-10-24,,2.54
2009-10-25,,2.54
2009-10-26,,2.54
2009-10-27,,7.62
2009-10-28,,10.16
2009-10-29,,10.16
2009-10-30,,10.16
2009-10-31,,10.16
2009-11-01,,10.16
2009-11-02,,10.16
2009-11-03,,10.16
2009-11-04,,10.16
2009-11-05,,10.16
2009-11-06,,10.16
2009-11-07,,10.16
2009-11-08,,10.16
2009-11-09,,10.16
2009-11-10,,12.7
2009-11-11,,12.7
2009-11-12,,25.4
2009-11-13,,38.1
2009-11-14,,38.1
2009-11-15,,33.02
2009-11-16,,30.48
2009-11-17,,27.94
2009-11-18,,25.4
2009-11-19,,25.4
2009-11-20,,27.94
2009-11-21,,27.94
2009-11-22,,25.4
2009-11-23,,27.94
2009-11-24,,27.94
2009-11-25,,25.4
2009-11-26,,25.4
2009-11-27,,25.4
2009-11-28,,25.4
2009-11-29,,25.4
2009-11-30,,25.4
2009-12-01,,25.4
2009-12-02,,25.4
2009-12-03,,27.94
2009-12-04,,27.94
2009-12-05,,27.94
2009-12-06,,27.94
2009-12-07,,27.94
2009-12-08,,25.4
2009-12-09,,25.4
2009-12-10,,25.4
2009-12-11,,25.4
2009-12-12,,25.4
2009-12-13,,25.4
2009-12-14,,25.4
2009-12-15,,30.48
2009-12-16,,27.94
2009-12-17,,27.94
2009-12-18,,30.48
2009-12-19,,35.56
2009-12-20,,35.56
2009-12-21,,33.02
2009-12-22,,33.02
2009-12-23,,33.02
2009-12-24,,30.48
2009-12-25,,30.48
2009-12-26,,30.48
2009-12-27,,30.48
2009-12-28,,33.02
2009-12-29,,30.48
2009-12-30,,33.02
2009-12-31,,30.48
2010-01-01,,30.48
2010-01-02,,30.48
2010-01-03,,30.48
2010-01-04,,30.48
2010-01-05,,30.48
2010-01-06,,30.48
2010-01-07,,30.48
2010-01-08,,30.48
2010-01-09,,30.48
2010-01-10,,30.48
2010-01-11,,30.48
2010-01-12,,30.48
2010-01-13,,30.48
2010-01-14,,30.48
2010-01-15,,30.48
2010-01-16,,30.48
2010-01-17,,30.48
2010-01-18,,30.48
2010-01-19,,30.48
2010-01-20,,30.48
2010-01-21,,30.48
2010-01-22,,30.48
2010-01-23,,30.48
2010-01-24,,33.02
2010-01-25,,33.02
2010-01-26,,33.02
2010-01-27,,33.02
2010-01-28,,33.02
2010-01-29,,33.02
2010-01-30,,33.02
2010-01-31,,33.02
2010-02-01,,33.02
2010-02-02,,33.02
2010-02-03,,33.02
2010-02-04,,33.02
2010-02-05,,33.02
2010-02-06,,33.02
2010-02-07,,33.02
2010-02-08,,35.56
2010-02-09,,38.1
2010-02-10,,38.1
2010-02-11,,35.56
2010-02-12,,35.56
2010-02-13,,35.56
2010-02-14,,35.56
2010-02-15,,35.56
2010-02-16,,35.56
2010-02-17,,35.56
2010-02-18,,35.56
2010-02-19,,35.56
2010-02-20,,35.56
2010-02-21,,35.56
2010-02-22,,35.56
2010-02-23,,35.56
2010-02-24,,35.56
2010-02-25,,35.56
2010-02-26,,38.1
2010-02-27,,38.1
2010-02-28,,38.1
2010-03-01,,38.1
2010-03-02,,38.1
2010-03-03,,38.1
2010-03-04,,38.1
2010-03-05,,38.1
2010-03-06,,38.1
2010-03-07,,38.1
2010-03-08,,40.64
2010-03-09,,40.64
2010-03-10,,43.18
2010-03-11,,43.18
2010-03-12,,43.18
2010-03-13,,43.18
2010-03-14,,43.18
2010-03-15,,43.18
2010-03-16,,43.18
2010-03-17,,43.18
2010-03-18,,43.18
2010-03-19,,43.18
2010-03-20,,43.18
2010-03-21,,43.18
2010-03-22,,40.64
2010-03-23,,40.64
2010-03-24,,38.1
2010-03-25,,38.1
2010-03-26,,38.1
2010-03-27,,38.1
2010-03-28,,38.1
2010-03-29,,35.56
2010-03-30,,35.56
2010-03-31,,35.56
2010-04-01,,35.56
2010-04-02,,35.56
2010-04-03,,35.56
2010-04-04,,35.56
2010-04-05,,35.56
2010-04-06,,35.56
2010-04-07,,35.56
2010-04-08,,35.56
2010-04-09,,38.1
2010-04-10,,38.1
2010-04-11,,35.56
2010-04-12,,35.56
2010-04-13,,35.56
2010-04-14,,40.64
2010-04-15,,40.64
2010-04-16,,40.64
2010-04-17,,40.64
2010-04-18,,35.56
2010-04-19,,30.48
2010-04-20,,25.4
2010-04-21,,20.32
2010-04-22,,20.32
2010-04-23,,17.78
2010-04-24,,17.78
2010-04-25,,15.24
2010-04-26,,12.7
2010-04-27,,5.08
2010-04-28,,0.0
2010-04-29,,0.0
2010-04-30,,0.0
2010-05-01,,0.0
2010-05-02,,0.0
2010-05-03,,0.0
2010-05-04,,0.0
2010-05-05,,0.0
2010-05-06,,0.0
2010-05-07,,0.0
2010-05-08,,0.0
2010-05-09,,0.0
2010-05-10,,0.0
2010-05-11,,0.0
2010-05-12,,0.0
2010-05-13,,0.0
2010-05-14,,0.0
2010-05-15,,0.0
2010-05-16,,0.0
2010-05-17,,0.0
2010-05-18,,0.0
2010-05-19,,0.0
2010-05-20,,0.0
2010-05-21,,0.0
2010-05-22,,0.0
2010-05-23,,0.0
2010-05-24,,0.0
2010-05-25,,0.0
2010-05-26,,0.0
2010-05-27,,0.0
2010-05-28,,0.0
2010-05-29,,0.0
2010-05-30,,0.0
2010-05-31,,0.0
2010-06-01,,0.0
2010-06-02,,0.0
2010-06-03,,0.0
2010-06-04,,0.0
2010-06-05,,0.0
2010-06-06,,0.0
2010-06-07,,0.0
2010-06-08,,0.0
2010-06-09,,0.0
2010-06-10,,0.0
2010-06-11,,0.0
2010-06-12,,0.0
2010-06-13,,0.0
2010-06-14,,0.0
2010-06-15,,0.0
2010-06-16,,0.0
2010-06-17,,0.0
2010-06-18,,0.0
2010-06-19,,0.0
2010-06-20,,0.0
2010-06-21,,0.0
2010-06-22,,0.0
2010-06-23,,0.0
2010-06-24,,0.0
2010-06-25,,0.0
2010-06-26,,0.0
2010-06-27,,0.0
2010-06-28,,0.0
2010-06-29,,0.0
2010-06-30,,0.0
2010-07-01,,0.0
2010-07-02,,0.0
2010-07-03,,0.0
2010-07-04,,0.0
2010-07-05,,0.0
2010-07-06,,0.0
2010-07-07,,0.0
2010-07-08,,0.0
2010-07-09,,0.0
2010-07-10,,0.0
2010-07-11,,0.0
2010-07-12,,0.0
2010-07-13,,0.0
2010-07-14,,0.0
2010-07-15,,0.0
2010-07-16,,0.0
2010-07-17,,0.0
2010-07-18,,0.0
2010-07-19,,0.0
2010-07-20,,0.0
2010-07-21,,0.0
2010-07-22,,0.0
2010-07-23,,0.0
2010-07-24,,0.0
2010-07-25,,0.0
2010-07-26,,0.0
2010-07-27,,0.0
2010-07-28,,0.0
2010-07-29,,0.0
2010-07-30,,0.0
2010-07-31,,0.0
2010-08-01,,0.0
2010-08-02,,0.0
2010-08-03,,0.0
2010-08-04,,0.0
2010-08-05,,0.0
2010-08-06,,0.0
2010-08-07,,0.0
2010-08-08,,0.0
2010-08-09,,0.0
2010-08-10,,0.0
2010-08-11,,0.0
2010-08-12,,0.0
2010-08-13,,0.0
2010-08-14,,0.0
2010-08-15,,0.0
2010-08-16,,0.0
2010-08-17,,0.0
2010-08-18,,0.0
2010-08-19,,0.0
2010-08-20,,0.0
2010-08-21,,0.0
2010-08-22,,0.0
2010-08-23,,0.0
2010-08-24,,0.0
2010-08-25,,0.0
2010-08-26,,0.0
2010-08-27,,0.0
2010-08-28,,0.0
2010-08-29,,0.0
2010-08-30,,0.0
2010-08-31,,0.0
2010-09-01,,0.0
2010-09-02,,0.0
2010-09-03,,0.0
2010-09-04,,0.0
2010-09-05,,0.0
2010-09-06,,0.0
2010-09-07,,0.0
2010-09-08,,0.0
2010-09-09,,0.0
2010-09-10,,0.0
2010-09-11,,0.0
2010-09-12,,0.0
2010-09-13,,0.0
2010-09-14,,0.0
2010-09-15,,0.0
2010-09-16,,0.0
2010-09-17,,0.0
2010-09-18,,0.0
2010-09-19,,0.0
2010-09-20,,0.0
2010-09-21,,0.0
2010-09-22,,0.0
2010-09-23,,0.0
2010-09-24,,0.0
2010-09-25,,0.0
2010-09-26,,0.0
2010-09-27,,0.0
2010-09-28,,0.0
2010-09-29,,0.0
2010-09-30,,0.0
2010-10-01,,0.0
2010-10-02,,0.0
2010-10-03,,0.0
2010-10-04,,0.0
2010-10-05,,0.0
2010-10-06,,0.0
2010-10-07,,0.0
2010-10-08,,0.0
2010-10-09,,0.0
2010-10-10,,0.0
2010-10-11,,0.0
2010-10-12,,2.54
2010-10-13,,2.54
2010-10-14,,2.54
2010-10-15,,2.54
2010-10-16,,2.54
2010-10-17,,5.08
2010-10-18,,5.08
2010-10-19,,5.08
2010-10-20,,7.62
2010-10-21,,7.62
2010-10-22,,7.62
2010-10-23,,7.62
2010-10-24,,7.62
2010-10-25,,7.62
2010-10-26,,7.62
2010-10-27,,7.62
2010-10-28,,7.62
2010-10-29,,7.62
2010-10-30,,10.16
2010-10-31,,10.16
2010-11-01,,10.16
2010-11-02,,10.16
2010-11-03,,10.16
2010-11-04,,12.7
2010-11-05,,12.7
2010-11-06,,12.7
2010-11-07,,12.7
2010-11-08,,15.24
2010-11-09,,15.24
2010-11-10,,15.24
2010-11-11,,15.24
2010-11-12,,15.24
2010-11-13,,12.7
2010-11-14,,20.32
2010-11-15,,27.94
2010-11-16,,33.02
2010-11-17,,30.48
2010-11-18,,27.94
2010-11-19,,40.64
2010-11-20,,40.64
2010-11-21,,45.72
2010-11-22,,43.18
2010-11-23,,48.26
2010-11-24,,53.34
2010-11-25,,53.34
2010-11-26,,63.5
2010-11-27,,71.12
2010-11-28,,68.58
2010-11-29,,60.96
2010-11-30,,60.96
2010-12-01,,58.42
2010-12-02,,58.42
2010-12-03,,55.88
2010-12-04,,55.88
2010-12-05,,58.42
2010-12-06,,60.96
2010-12-07,,60.96
2010-12-08,,60.96
2010-12-09,,58.42
2010-12-10,,58.42
2010-12-11,,55.88
2010-12-12,,55.88
2010-12-13,,55.88
2010-12-14,,55.88
2010-12-15,,53.34
2010-12-16,,53.34
2010-12-17,,53.34
2010-12-18,,53.34
2010-12-19,,53.34
2010-12-20,,53.34
2010-12-21,,53.34
2010-12-22,,53.34
2010-12-23,,50.8
2010-12-24,,53.34
2010-12-25,,53.34
2010-12-26,,53.34
2010-12-27,,53.34
2010-12-28,,53.34
2010-12-29,,53.34
2010-12-30,,53.34
2010-12-31,,53.34
2011-01-01,,58.42
2011-01-02,,58.42
2011-01-03,,58.42
2011-01-04,,58.42
2011-01-05,,60.96
2011-01-06,,58.42
2011-01-07,,78.74
2011-01-08,,73.66
2011-01-09,,73.66
2011-01-10,,71.12
2011-01-11,,68.58
2011-01-12,,68.58
2011-01-13,,66.04
2011-01-14,,63.5
2011-01-15,,53.34
2011-01-16,,53.34
2011-01-17,,53.34
2011-01-18,,53.34
2011-01-19,,53.34
2011-01-20,,53.34
2011-01-21,,53.34
2011-01-22,,53.34
2011-01-23,,53.34
2011-01-24,,55.88
2011-01-25,,55.88
2011-01-26,,55.88
2011-01-27,,55.88
2011-01-28,,55.88
2011-01-29,,55.88
2011-01-30,,55.88
2011-01-31,,55.88
2011-02-01,,55.88
2011-02-02,,55.88
2011-02-03,,55.88
2011-02-04,,60.96
2011-02-05,,60.96
2011-02-06,,60.96
2011-02-07,,60.96
2011-02-08,,60.96
2011-02-09,,60.96
2011-02-10,,63.5
2011-02-11,,66.04
2011-02-12,,66.04
2011-02-13,,66.04
2011-02-14,,66.04
2011-02-15,,63.5
2011-02-16,,63.5
2011-02-17,,63.5
2011-02-18,,66.04
2011-02-19,,78.74
2011-02-20,,76.2
2011-02-21,,88.9
2011-02-22,,109.22
2011-02-23,,101.6
2011-02-24,,96.52
2011-02-25,,91.44
2011-02-26,,96.52
2011-02-27,,73.66
2011-02-28,,78.74
2011-03-01,,86.36
2011-03-02,,83.82
2011-03-03,,86.36
2011-03-04,,81.28
2011-03-05,,81.28
2011-03-06,,81.28
2011-03-07,,81.28
2011-03-08,,81.28
2011-03-09,,78.74
2011-03-10,,78.74
2011-03-11,,76.2
2011-03-12,,76.2
2011-03-13,,76.2
2011-03-14,,76.2
2011-03-15,,76.2
2011-03-16,,76.2
2011-03-17,,76.2
2011-03-18,,76.2
2011-03-19,,76.2
2011-03-20,,76.2
2011-03-21,,76.2
2011-03-22,,76.2
2011-03-23,,76.2
2011-03-24,,73.66
2011-03-25,,73.66
2011-03-26,,73.66
2011-03-27,,73.66
2011-03-28,,71.12
2011-03-29,,78.74
2011-03-30,,73.66
2011-03-31,,73.66
2011-04-01,,76.2
2011-04-02,,76.2
2011-04-03,,76.2
2011-04-04,,73.66
2011-04-05,,71.12
2011-04-06,,73.66
2011-04-07,,76.2
2011-04-08,,78.74
2011-04-09,,78.74
2011-04-10,,78.74
2011-04-11,,78.74
2011-04-12,,78.74
2011-04-13,,78.74
2011-04-14,,78.74
2011-04-15,,78.74
2011-04-16,,78.74
2011-04-17,,78.74
2011-04-18,,78.74
2011-04-19,,76.2
2011-04-20,,76.2
2011-04-21,,76.2
2011-04-22,,76.2
2011-04-23,,73.66
2011-04-24,,71.12
2011-04-25,,66.04
2011-04-26,,63.5
2011-04-27,,55.88
2011-04-28,,53.34
2011-04-29,,50.8
2011-04-30,,43.18
2011-05-01,,38.1
2011-05-02,,35.56
2011-05-03,,33.02
2011-05-04,,33.02
2011-05-05,,33.02
2011-05-06,,30.48
2011-05-07,,30.48
2011-05-08,,27.94
2011-05-09,,27.94
2011-05-10,,22.86
2011-05-11,,22.86
2011-05-12,,22.86
2011-05-13,,20.32
2011-05-14,,17.78
2011-05-15,,12.7
2011-05-16,,7.62
2011-05-17,,0.0
2011-05-18,,0.0
2011-05-19,,0.0
2011-05-20,,0.0
2011-05-21,,0.0
2011-05-22,,0.0
2011-05-23,,0.0
2011-05-24,,0.0
2011-05-25,,0.0
2011-05-26,,0.0
2011-05-27,,0.0
2011-05-28,,0.0
2011-05-29,,0.0
2011-05-30,,0.0
2011-05-31,,0.0
2011-06-01,,0.0
2011-06-02,,0.0
2011-06-03,,0.0
2011-06-04,,0.0
2011-06-05,,0.0
2011-06-06,,0.0
2011-06-07,,0.0
2011-06-08,,0.0
2011-06-09,,0.0
2011-06-10,,0.0
2011-06-11,,0.0
2011-06-12,,0.0
2011-06-13,,0.0
2011-06-14,,0.0
2011-06-15,,0.0
2011-06-16,,0.0
2011-06-17,,0.0
2011-06-18,,0.0
2011-06-19,,0.0
2011-06-20,,0.0
2011-06-21,,0.0
2011-06-22,,0.0
2011-06-23,,0.0
2011-06-24,,0.0
2011-06-25,,0.0
2011-06-26,,0.0
2011-06-27,,0.0
2011-06-28,,0.0
2011-06-29,,0.0
2011-06-30,,0.0
2011-07-01,,0.0
2011-07-02,,0.0
2011-07-03,,0.0
2011-07-04,,0.0
2011-07-05,,0.0
2011-07-06,,0.0
2011-07-07,,0.0
2011-07-08,,0.0
2011-07-09,,0.0
2011-07-10,,0.0
2011-07-11,,0.0
2011-07-12,,0.0
2011-07-13,,0.0
2011-07-14,,0.0
2011-07-15,,0.0
2011-07-16,,0.0
2011-07-17,,0.0
2011-07-18,,0.0
2011-07-19,,0.0
2011-07-20,,0.0
2011-07-21,,0.0
2011-07-22,,0.0
2011-07-23,,0.0
2011-07-24,,0.0
2011-07-25,,0.0
2011-07-26,,0.0
2011-07-27,,0.0
2011-07-28,,0.0
2011-07-29,,0.0
2011-07-30,,0.0
2011-07-31,,0.0
2011-08-01,,0.0
2011-08-02,,0.0
2011-08-03,,0.0
2011-08-04,,0.0
2011-08-05,,0.0
2011-08-06,,0.0
2011-08-07,,0.0
2011-08-08,,0.0
2011-08-09,,0.0
2011-08-10,,0.0
2011-08-11,,0.0
2011-08-12,,0.0
2011-08-13,,0.0
2011-08-14,,0.0
2011-08-15,,0.0
2011-08-16,,0.0
2011-08-17,,0.0
2011-08-18,,0.0
2011-08-19,,0.0
2011-08-20,,0.0
2011-08-21,,0.0
2011-08-22,,0.0
2011-08-23,,0.0
2011-08-24,,0.0
2011-08-25,,0.0
2011-08-26,,0.0
2011-08-27,,0.0
2011-08-28,,0.0
2011-08-29,,0.0
2011-08-30,,0.0
2011-08-31,,0.0
2011-09-01,,0.0
2011-09-02,,0.0
2011-09-03,,0.0
2011-09-04,,0.0
2011-09-05,,0.0
2011-09-06,,0.0
2011-09-07,,0.0
2011-09-08,,0.0
2011-09-09,,0.0
2011-09-10,,0.0
2011-09-11,,0.0
2011-09-12,,0.0
2011-09-13,,0.0
2011-09-14,,0.0
2011-09-15,,0.0
2011-09-16,,0.0
2011-09-17,,0.0
2011-09-18,,0.0
2011-09-19,,0.0
2011-09-20,,0.0
2011-09-21,,0.0
2011-09-22,,0.0
2011-09-23,,0.0
2011-09-24,,0.0
2011-09-25,,0.0
2011-09-26,,0.0
2011-09-27,,0.0
2011-09-28,,0.0
2011-09-29,,0.0
2011-09-30,,0.0
2011-10-01,,0.0
2011-10-02,,0.0
2011-10-03,,0.0
2011-10-04,,5.08
2011-10-05,,5.08
2011-10-06,,2.54
2011-10-07,,0.0
2011-10-08,,0.0
2011-10-09,,0.0
2011-10-10,,0.0
2011-10-11,,0.0
2011-10-12,,0.0
2011-10-13,,0.0
2011-10-14,,0.0
2011-10-15,,0.0
2011-10-16,,0.0
2011-10-17,,2.54
2011-10-18,,2.54
2011-10-19,,7.62
2011-10-20,,5.08
2011-10-21,,2.54
2011-10-22,,2.54
2011-10-23,,2.54
2011-10-24,,5.08
2011-10-25,,7.62
2011-10-26,,5.08
2011-10-27,,10.16
2011-10-28,,10.16
2011-10-29,,10.16
2011-10-30,,10.16
2011-10-31,,10.16
2011-11-01,,10.16
2011-11-02,,10.16
2011-11-03,,12.7
2011-11-04,,12.7
2011-11-05,,22.86
2011-11-06,,20.32
2011-11-07,,22.86
2011-11-08,,25.4
2011-11-09,,25.4
2011-11-10,,22.86
2011-11-11,,25.4
2011-11-12,,27.94
2011-11-13,,25.4
2011-11-14,,27.94
2011-11-15,,27.94
2011-11-16,,25.4
2011-11-17,,27.94
2011-11-18,,25.4
2011-11-19,,25.4
2011-11-20,,25.4
2011-11-21,,25.4
2011-11-22,,25.4
2011-11-23,,25.4
2011-11-24,,25.4
2011-11-25,,25.4
2011-11-26,,25.4
2011-11-27,,22.86
2011-11-28,,22.86
2011-11-29,,22.86
2011-11-30,,25.4
2011-12-01,,25.4
2011-12-02,,25.4
2011-12-03,,40.64
2011-12-04,,38.1
2011-12-05,,43.18
2011-12-06,,45.72
2011-12-07,,43.18
2011-12-08,,40.64
2011-12-09,,40.64
2011-12-10,,48.26
2011-12-11,,48.26
2011-12-12,,50.8
2011-12-13,,53.34
2011-12-14,,53.34
2011-12-15,,53.34
2011-12-16,,50.8
2011-12-17,,50.8
2011-12-18,,48.26
2011-12-19,,48.26
2011-12-20,,50.8
2011-12-21,,50.8
2011-12-22,,53.34
2011-12-23,,50.8
2011-12-24,,53.34
2011-12-25,,50.8
2011-12-26,,50.8
2011-12-27,,45.72
2011-12-28,,45.72
2011-12-29,,45.72
2011-12-30,,48.26
2011-12-31,,48.26
2012-01-01,,48.26
2012-01-02,,48.26
2012-01-03,,50.8
2012-01-04,,48.26
2012-01-05,,48.26
2012-01-06,,53.34
2012-01-07,,60.96
2012-01-08,,58.42
2012-01-09,,60.96
2012-01-10,,60.96
2012-01-11,,58.42
2012-01-12,,58.42
2012-01-13,,58.42
2012-01-14,,58.42
2012-01-15,,58.42
2012-01-16,,58.42
2012-01-17,,58.42
2012-01-18,,58.42
2012-01-19,,58.42
2012-01-20,,58.42
2012-01-21,,58.42
2012-01-22,,55.88
2012-01-23,,48.26
2012-01-24,,45.72
2012-01-25,,45.72
2012-01-26,,45.72
2012-01-27,,45.72
2012-01-28,,45.72
2012-01-29,,45.72
2012-01-30,,45.72
2012-01-31,,48.26
2012-02-01,,48.26
2012-02-02,,48.26
2012-02-03,,45.72
2012-02-04,,50.8
2012-02-05,,50.8
2012-02-06,,50.8
2012-02-07,,50.8
2012-02-08,,50.8
2012-02-09,,50.8
2012-02-10,,50.8
2012-02-11,,50.8
2012-02-12,,50.8
2012-02-13,,50.8
2012-02-14,,50.8
2012-02-15,,50.8
2012-02-16,,50.8
2012-02-17,,50.8
2012-02-18,,50.8
2012-02-19,,50.8
2012-02-20,,50.8
2012-02-21,,50.8
2012-02-22,,50.8
2012-02-23,,60.96
2012-02-24,,71.12
2012-02-25,,66.04
2012-02-26,,63.5
2012-02-27,,63.5
2012-02-28,,66.04
2012-02-29,,63.5
2012-03-01,,63.5
2012-03-02,,60.96
2012-03-03,,60.96
2012-03-04,,60.96
2012-03-05,,60.96
2012-03-06,,63.5
2012-03-07,,86.36
2012-03-08,,96.52
2012-03-09,,76.2
2012-03-10,,68.58
2012-03-11,,68.58
2012-03-12,,68.58
2012-03-13,,68.58
2012-03-14,,66.04
2012-03-15,,66.04
2012-03-16,,66.04
2012-03-17,,66.04
2012-03-18,,66.04
2012-03-19,,66.04
2012-03-20,,66.04
2012-03-21,,66.04
2012-03-22,,66.04
2012-03-23,,66.04
2012-03-24,,66.04
2012-03-25,,66.04
2012-03-26,,66.04
2012-03-27,,66.04
2012-03-28,,66.04
2012-03-29,,66.04
2012-03-30,,66.04
2012-03-31,,63.5
2012-04-01,,63.5
2012-04-02,,63.5
2012-04-03,,63.5
2012-04-04,,63.5
2012-04-05,,63.5
2012-04-06,,63.5
2012-04-07,,63.5
2012-04-08,,63.5
2012-04-09,,60.96
2012-04-10,,60.96
2012-04-11,,60.96
2012-04-12,,60.96
2012-04-13,,58.42
2012-04-14,,55.88
2012-04-15,,53.34
2012-04-16,,50.8
2012-04-17,,45.72
2012-04-18,,40.64
2012-04-19,,35.56
2012-04-20,,30.48
2012-04-21,,27.94
2012-04-22,,25.4
2012-04-23,,22.86
2012-04-24,,20.32
2012-04-25,,17.78
2012-04-26,,15.24
2012-04-27,,12.7
2012-04-28,,10.16
2012-04-29,,7.62
2012-04-30,,5.08
2012-05-01,,0.0
2012-05-02,,0.0
2012-05-03,,0.0
2012-05-04,,0.0
2012-05-05,,0.0
2012-05-06,,0.0
2012-05-07,,0.0
2012-05-08,,0.0
2012-05-09,,0.0
2012-05-10,,0.0
2012-05-11,,0.0
2012-05-12,,0.0
2012-05-13,,0.0
2012-05-14,,0.0
2012-05-15,,0.0
2012-05-16,,0.0
2012-05-17,,0.0
2012-05-18,,0.0
2012-05-19,,0.0
2012-05-20,,0.0
2012-05-21,,0.0
2012-05-22,,0.0
2012-05-23,,0.0
2012-05-24,,0.0
2012-05-25,,0.0
2012-05-26,,0.0
2012-05-27,,0.0
2012-05-28,,0.0
2012-05-29,,0.0
2012-05-30,,0.0
2012-05-31,,0.0
2012-06-01,,0.0
2012-06-02,,0.0
2012-06-03,,0.0
2012-06-04,,0.0
2012-06-05,,0.0
2012-06-06,,0.0
2012-06-07,,0.0
2012-06-08,,0.0
2012-06-09,,0.0
2012-06-10,,0.0
2012-06-11,,0.0
2012-06-12,,0.0
2012-06-13,,0.0
2012-06-14,,0.0
2012-06-15,,0.0
2012-06-16,,0.0
2012-06-17,,0.0
2012-06-18,,0.0
2012-06-19,,0.0
2012-06-20,,0.0
2012-06-21,,0.0
2012-06-22,,0.0
2012-06-23,,0.0
2012-06-24,,0.0
2012-06-25,,0.0
2012-06-26,,0.0
2012-06-27,,0.0
2012-06-28,,0.0
2012-06-29,,0.0
2012-06-30,,0.0
2012-07-01,,0.0
2012-07-02,,0.0
2012-07-03,,0.0
2012-07-04,,0.0
2012-07-05,,0.0
2012-07-06,,0.0
2012-07-07,,0.0
2012-07-08,,0.0
2012-07-09,,0.0
2012-07-10,,0.0
2012-07-11,,0.0
2012-07-12,,0.0
2012-07-13,,0.0
2012-07-14,,0.0
2012-07-15,,0.0
2012-07-16,,0.0
2012-07-17,,0.0
2012-07-18,,0.0
2012-07-19,,0.0
2012-07-20,,0.0
2012-07-21,,0.0
2012-07-22,,0.0
2012-07-23,,0.0
2012-07-24,,0.0
2012-07-25,,0.0
2012-07-26,,0.0
2012-07-27,,0.0
2012-07-28,,0.0
2012-07-29,,0.0
2012-07-30,,0.0
2012-07-31,,0.0
2012-08-01,,0.0
2012-08-02,,0.0
2012-08-03,,0.0
2012-08-04,,0.0
2012-08-05,,0.0
2012-08-06,,0.0
2012-08-07,,0.0
2012-08-08,,0.0
2012-08-09,,0.0
2012-08-10,,0.0
2012-08-11,,0.0
2012-08-12,,0.0
2012-08-13,,0.0
2012-08-14,,0.0
2012-08-15,,0.0
2012-08-16,,0.0
2012-08-17,,0.0
2012-08-18,,0.0
2012-08-19,,0.0
2012-08-20,,0.0
2012-08-21,,0.0
2012-08-22,,0.0
2012-08-23,,0.0
2012-08-24,,0.0
2012-08-25,,0.0
2012-08-26,,0.0
2012-08-27,,0.0
2012-08-28,,0.0
2012-08-29,,0.0
2012-08-30,,0.0
2012-08-31,,0.0
2012-09-01,,0.0
2012-09-02,,0.0
2012-09-03,,0.0
2012-09-04,,0.0
2012-09-05,,0.0
2012-09-06,,0.0
2012-09-07,,0.0
2012-09-08,,0.0
2012-09-09,,0.0
2012-09-10,,0.0
2012-09-11,,0.0
2012-09-12,,0.0
2012-09-13,,0.0
2012-09-14,,0.0
2012-09-15,,0.0
2012-09-16,,0.0
2012-09-17,,0.0
2012-09-18,,0.0
2012-09-19,,0.0
2012-09-20,,0.0
2012-09-21,,0.0
2012-09-22,,0.0
2012-09-23,,0.0
2012-09-24,,0.0
2012-09-25,,0.0
2012-09-26,,0.0
2012-09-27,,0.0
2012-09-28,,0.0
2012-09-29,,0.0
2012-09-30,,0.0
2012-10-01,,0.0
2012-10-02,,0.0
2012-10-03,,0.0
2012-10-04,,0.0
2012-10-05,,0.0
2012-10-06,,0.0
2012-10-07,,0.0
2012-10-08,,0.0
2012-10-09,,7.62
2012-10-10,,7.62
2012-10-11,,5.08
2012-10-12,,5.08
2012-10-13,,7.62
2012-10-14,,7.62
2012-10-15,,5.08
2012-10-16,,12.7
2012-10-17,,15.24
2012-10-18,,15.24
2012-10-19,,15.24
2012-10-20,,15.24
2012-10-21,,15.24
2012-10-22,,12.7
2012-10-23,,12.7
2012-10-24,,12.7
2012-10-25,,12.7
2012-10-26,,12.7
2012-10-27,,12.7
2012-10-28,,12.7
2012-10-29,,12.7
2012-10-30,,17.78
2012-10-31,,17.78
2012-11-01,,17.78
2012-11-02,,15.24
2012-11-03,,17.78
2012-11-04,,17.78
2012-11-05,,17.78
2012-11-06,,17.78
2012-11-07,,15.24
2012-11-08,,15.24
2012-11-09,,17.78
2012-11-10,,17.78
2012-11-11,,20.32
2012-11-12,,20.32
2012-11-13,,20.32
2012-11-14,,20.32
2012-11-15,,15.24
2012-11-16,,12.7
2012-11-17,,12.7
2012-11-18,,12.7
2012-11-19,,12.7
2012-11-20,,12.7
2012-11-21,,12.7
2012-11-22,,12.7
2012-11-23,,12.7
2012-11-24,,12.7
2012-11-25,,12.7
2012-11-26,,12.7
2012-11-27,,12.7
2012-11-28,,12.7
2012-11-29,,12.7
2012-11-30,,12.7
2012-12-01,,12.7
2012-12-02,,12.7
2012-12-03,,12.7
2012-12-04,,12.7
2012-12-05,,12.7
2012-12-06,,12.7
2012-12-07,,12.7
2012-12-08,,12.7
2012-12-09,,12.7
2012-12-10,,15.24
2012-12-11,,17.78
2012-12-12,,22.86
2012-12-13,,35.56
2012-12-14,,45.72
2012-12-15,,43.18
2012-12-16,,43.18
2012-12-17,,40.64
2012-12-18,,40.64
2012-12-19,,38.1
2012-12-20,,38.1
2012-12-21,,35.56
2012-12-22,,35.56
2012-12-23,,35.56
2012-12-24,,35.56
2012-12-25,,35.56
2012-12-26,,35.56
2012-12-27,,35.56
2012-12-28,,35.56
2012-12-29,,35.56
2012-12-30,,35.56
2012-12-31,,35.56
2013-01-01,,33.02
2013-01-02,,33.02
2013-01-03,,33.02
2013-01-04,,33.02
2013-01-05,,33.02
2013-01-06,,33.02
2013-01-07,,33.02
2013-01-08,,33.02
2013-01-09,,33.02
2013-01-10,,33.02
2013-01-11,,40.64
2013-01-12,,43.18
2013-01-13,,43.18
2013-01-14,,45.72
2013-01-15,,50.8
2013-01-16,,53.34
2013-01-17,,50.8
2013-01-18,,50.8
2013-01-19,,48.26
2013-01-20,,48.26
2013-01-21,,50.8
2013-01-22,,50.8
2013-01-23,,48.26
2013-01-24,,48.26
2013-01-25,,48.26
2013-01-26,,45.72
2013-01-27,,48.26
2013-01-28,,45.72
2013-01-29,,48.26
2013-01-30,,48.26
2013-01-31,,48.26
2013-02-01,,50.8
2013-02-02,,50.8
2013-02-03,,50.8
2013-02-04,,50.8
2013-02-05,,53.34
2013-02-06,,53.34
2013-02-07,,55.88
2013-02-08,,55.88
2013-02-09,,60.96
2013-02-10,,60.96
2013-02-11,,63.5
2013-02-12,,63.5
2013-02-13,,60.96
2013-02-14,,60.96
2013-02-15,,60.96
2013-02-16,,66.04
2013-02-17,,63.5
2013-02-18,,66.04
2013-02-19,,66.04
2013-02-20,,66.04
2013-02-21,,63.5
2013-02-22,,63.5
2013-02-23,,66.04
2013-02-24,,66.04
2013-02-25,,66.04
2013-02-26,,66.04
2013-02-27,,63.5
2013-02-28,,63.5
2013-03-01,,63.5
2013-03-02,,66.04
2013-03-03,,66.04
2013-03-04,,66.04
2013-03-05,,66.04
2013-03-06,,63.5
2013-03-07,,63.5
2013-03-08,,63.5
2013-03-09,,63.5
2013-03-10,,63.5
2013-03-11,,66.04
2013-03-12,,63.5
2013-03-13,,63.5
2013-03-14,,50.8
2013-03-15,,50.8
2013-03-16,,50.8
2013-03-17,,50.8
2013-03-18,,50.8
2013-03-19,,50.8
2013-03-20,,50.8
2013-03-21,,50.8
2013-03-22,,53.34
2013-03-23,,53.34
2013-03-24,,58.42
2013-03-25,,60.96
2013-03-26,,66.04
2013-03-27,,63.5
2013-03-28,,63.5
2013-03-29,,63.5
2013-03-30,,63.5
2013-03-31,,60.96
2013-04-01,,60.96
2013-04-02,,60.96
2013-04-03,,60.96
2013-04-04,,58.42
2013-04-05,,58.42
2013-04-06,,50.8
2013-04-07,,50.8
2013-04-08,,53.34
2013-04-09,,55.88
2013-04-10,,60.96
2013-04-11,,58.42
2013-04-12,,58.42
2013-04-13,,58.42
2013-04-14,,58.42
2013-04-15,,58.42
2013-04-16,,58.42
2013-04-17,,58.42
2013-04-18,,55.88
2013-04-19,,55.88
2013-04-20,,55.88
2013-04-21,,55.88
2013-04-22,,55.88
2013-04-23,,53.34
2013-04-24,,53.34
2013-04-25,,60.96
2013-04-26,,58.42
2013-04-27,,58.42
2013-04-28,,58.42
2013-04-29,,58.42
2013-04-30,,66.04
2013-05-01,,63.5
2013-05-02,,63.5
2013-05-03,,60.96
2013-05-04,,63.5
2013-05-05,,63.5
2013-05-06,,60.96
2013-05-07,,60.96
2013-05-08,,60.96
2013-05-09,,58.42
2013-05-10,,53.34
2013-05-11,,43.18
2013-05-12,,33.02
2013-05-13,,27.94
2013-05-14,,27.94
2013-05-15,,27.94
2013-05-16,,27.94
2013-05-17,,27.94
2013-05-18,,27.94
2013-05-19,,27.94
2013-05-20,,27.94
2013-05-21,,25.4
2013-05-22,,22.86
2013-05-23,,17.78
2013-05-24,,12.7
2013-05-25,,0.0
2013-05-26,,0.0
2013-05-27,,0.0
2013-05-28,,0.0
2013-05-29,,0.0
2013-05-30,,0.0
2013-05-31,,0.0
2013-06-01,,0.0
2013-06-02,,0.0
2013-06-03,,0.0
2013-06-04,,0.0
2013-06-05,,0.0
2013-06-06,,0.0
2013-06-07,,0.0
2013-06-08,,0.0
2013-06-09,,0.0
2013-06-10,,0.0
2013-06-11,,0.0
2013-06-12,,0.0
2013-06-13,,0.0
2013-06-14,,0.0
2013-06-15,,0.0
2013-06-16,,0.0
2013-06-17,,0.0
2013-06-18,,0.0
2013-06-19,,0.0
2013-06-20,,0.0
2013-06-21,,0.0
2013-06-22,,0.0
2013-06-23,,0.0
2013-06-24,,0.0
2013-06-25,,0.0
2013-06-26,,0.0
2013-06-27,,0.0
2013-06-28,,0.0
2013-06-29,,0.0
2013-06-30,,0.0
2013-07-01,,0.0
2013-07-02,,0.0
2013-07-03,,0.0
2013-07-04,,0.0
2013-07-05,,0.0
2013-07-06,,0.0
2013-07-07,,0.0
2013-07-08,,0.0
2013-07-09,,0.0
2013-07-10,,0.0
2013-07-11,,0.0
2013-07-12,,0.0
2013-07-13,,0.0
2013-07-14,,0.0
2013-07-15,,0.0
2013-07-16,,0.0
2013-07-17,,0.0
2013-07-18,,0.0
2013-07-19,,0.0
2013-07-20,,0.0
2013-07-21,,0.0
2013-07-22,,0.0
2013-07-23,,0.0
2013-07-24,,0.0
2013-07-25,,0.0
2013-07-26,,0.0
2013-07-27,,0.0
2013-07-28,,0.0
2013-07-29,,0.0
2013-07-30,,0.0
2013-07-31,,0.0
2013-08-01,,0.0
2013-08-02,,0.0
2013-08-03,,0.0
2013-08-04,,0.0
2013-08-05,,0.0
2013-08-06,,0.0
2013-08-07,,0.0
2013-08-08,,0.0
2013-08-09,,0.0
2013-08-10,,0.0
2013-08-11,,0.0
2013-08-12,,0.0
2013-08-13,,0.0
2013-08-14,,0.0
2013-08-15,,0.0
2013-08-16,,0.0
2013-08-17,,0.0
2013-08-18,,0.0
2013-08-19,,0.0
2013-08-20,,0.0
2013-08-21,,0.0
2013-08-22,,0.0
2013-08-23,,0.0
2013-08-24,,0.0
2013-08-25,,0.0
2013-08-26,,0.0
2013-08-27,,0.0
2013-08-28,,0.0
2013-08-29,,0.0
2013-08-30,,0.0
2013-08-31,,0.0
2013-09-01,,0.0
2013-09-02,,0.0
2013-09-03,,0.0
2013-09-04,,0.0
2013-09-05,,0.0
2013-09-06,,0.0
2013-09-07,,0.0
2013-09-08,,0.0
2013-09-09,,0.0
2013-09-10,,0.0
2013-09-11,,0.0
2013-09-12,,0.0
2013-09-13,,0.0
2013-09-14,,0.0
2013-09-15,,0.0
2013-09-16,,0.0
2013-09-17,,0.0
2013-09-18,,0.0
2013-09-19,,0.0
2013-09-20,,0.0
2013-09-21,,0.0
2013-09-22,,0.0
2013-09-23,,0.0
2013-09-24,,2.54
2013-09-25,,2.54
2013-09-26,,0.0
2013-09-27,,0.0
2013-09-28,,0.0
2013-09-29,,0.0
2013-09-30,,0.0
2013-10-01,,0.0
2013-10-02,,0.0
2013-10-03,,0.0
2013-10-04,,0.0
2013-10-05,,0.0
2013-10-06,,0.0
2013-10-07,,0.0
2013-10-08,,0.0
2013-10-09,,0.0
2013-10-10,,12.7
2013-10-11,,12.7
2013-10-12,,12.7
2013-10-13,,10.16
2013-10-14,,10.16
2013-10-15,,10.16
2013-10-16,,7.62
2013-10-17,,7.62
2013-10-18,,5.08
2013-10-19,,5.08
2013-10-20,,5.08
2013-10-21,,5.08
2013-10-22,,5.08
2013-10-23,,5.08
2013-10-24,,5.08
2013-10-25,,5.08
2013-10-26,,5.08
2013-10-27,,5.08
2013-10-28,,5.08
2013-10-29,,2.54
2013-10-30,,12.7
2013-10-31,,10.16
2013-11-01,,12.7
2013-11-02,,12.7
2013-11-03,,12.7
2013-11-04,,12.7
2013-11-05,,12.7
2013-11-06,,15.24
2013-11-07,,15.24
2013-11-08,,15.24
2013-11-09,,15.24
2013-11-10,,30.48
2013-11-11,,43.18
2013-11-12,,38.1
2013-11-13,,38.1
2013-11-14,,50.8
2013-11-15,,53.34
2013-11-16,,50.8
2013-11-17,,48.26
2013-11-18,,48.26
2013-11-19,,48.26
2013-11-20,,45.72
2013-11-21,,45.72
2013-11-22,,45.72
2013-11-23,,43.18
2013-11-24,,43.18
2013-11-25,,45.72
2013-11-26,,48.26
2013-11-27,,48.26
2013-11-28,,53.34
2013-11-29,,53.34
2013-11-30,,53.34
2013-12-01,,53.34
2013-12-02,,50.8
2013-12-03,,50.8
2013-12-04,,50.8
2013-12-05,,50.8
2013-12-06,,50.8
2013-12-07,,48.26
2013-12-08,,48.26
2013-12-09,,48.26
2013-12-10,,53.34
2013-12-11,,48.26
2013-12-12,,48.26
2013-12-13,,48.26
2013-12-14,,48.26
2013-12-15,,48.26
2013-12-16,,50.8
2013-12-17,,50.8
2013-12-18,,50.8
2013-12-19,,53.34
2013-12-20,,53.34
2013-12-21,,53.34
2013-12-22,,55.88
2013-12-23,,60.96
2013-12-24,,60.96
2013-12-25,,60.96
2013-12-26,,58.42
2013-12-27,,60.96
2013-12-28,,60.96
2013-12-29,,60.96
2013-12-30,,60.96
2013-12-31,,60.96
2014-01-01,,60.96
2014-01-02,,60.96
2014-01-03,,58.42
2014-01-04,,58.42
2014-01-05,,60.96
2014-01-06,,60.96
2014-01-07,,60.96
2014-01-08,,60.96
2014-01-09,,60.96
2014-01-10,,60.96
2014-01-11,,60.96
2014-01-12,,60.96
2014-01-13,,60.96
2014-01-14,,63.5
2014-01-15,,63.5
2014-01-16,,71.12
2014-01-17,,73.66
2014-01-18,,71.12
2014-01-19,,71.12
2014-01-20,,71.12
2014-01-21,,68.58
2014-01-22,,68.58
2014-01-23,,68.58
2014-01-24,,66.04
2014-01-25,,63.5
2014-01-26,,63.5
2014-01-27,,63.5
2014-01-28,,63.5
2014-01-29,,63.5
2014-01-30,,63.5
2014-01-31,,60.96
2014-02-01,,63.5
2014-02-02,,60.96
2014-02-03,,63.5
2014-02-04,,63.5
2014-02-05,,63.5
2014-02-06,,63.5
2014-02-07,,71.12
2014-02-08,,66.04
2014-02-09,,66.04
2014-02-10,,66.04
2014-02-11,,63.5
2014-02-12,,63.5
2014-02-13,,63.5
2014-02-14,,60.96
2014-02-15,,60.96
2014-02-16,,60.96
2014-02-17,,63.5
2014-02-18,,63.5
2014-02-19,,60.96
2014-02-20,,60.96
2014-02-21,,60.96
2014-02-22,,60.96
2014-02-23,,60.96
2014-02-24,,60.96
2014-02-25,,60.96
2014-02-26,,60.96
2014-02-27,,60.96
2014-02-28,,60.96
2014-03-01,,60.96
2014-03-02,,60.96
2014-03-03,,60.96
2014-03-04,,60.96
2014-03-05,,60.96
2014-03-06,,63.5
2014-03-07,,63.5
2014-03-08,,63.5
2014-03-09,,63.5
2014-03-10,,63.5
2014-03-11,,63.5
2014-03-12,,63.5
2014-03-13,,63.5
2014-03-14,,63.5
2014-03-15,,63.5
2014-03-16,,63.5
2014-03-17,,63.5
2014-03-18,,63.5
2014-03-19,,63.5
2014-03-20,,68.58
2014-03-21,,66.04
2014-03-22,,66.04
2014-03-23,,66.04
2014-03-24,,63.5
2014-03-25,,63.5
2014-03-26,,63.5
2014-03-27,,63.5
2014-03-28,,63.5
2014-03-29,,63.5
2014-03-30,,63.5
2014-03-31,,63.5
2014-04-01,,63.5
2014-04-02,,63.5
2014-04-03,,63.5
2014-04-04,,63.5
2014-04-05,,63.5
2014-04-06,,63.5
2014-04-07,,68.58
2014-04-08,,76.2
2014-04-09,,73.66
2014-04-10,,73.66
2014-04-11,,73.66
2014-04-12,,73.66
2014-04-13,,71.12
2014-04-14,,68.58
2014-04-15,,66.04
2014-04-16,,66.04
2014-04-17,,63.5
2014-04-18,,60.96
2014-04-19,,58.42
2014-04-20,,55.88
2014-04-21,,53.34
2014-04-22,,48.26
2014-04-23,,43.18
2014-04-24,,40.64
2014-04-25,,40.64
2014-04-26,,38.1
2014-04-27,,35.56
2014-04-28,,30.48
2014-04-29,,30.48
2014-04-30,,25.4
2014-05-01,,25.4
2014-05-02,,20.32
2014-05-03,,15.24
2014-05-04,,10.16
2014-05-05,,2.54
2014-05-06,,0.0
2014-05-07,,0.0
2014-05-08,,0.0
2014-05-09,,0.0
2014-05-10,,0.0
2014-05-11,,0.0
2014-05-12,,0.0
2014-05-13,,0.0
2014-05-14,,0.0
2014-05-15,,0.0
2014-05-16,,0.0
2014-05-17,,0.0
2014-05-18,,0.0
2014-05-19,,0.0
2014-05-20,,0.0
2014-05-21,,0.0
2014-05-22,,0.0
2014-05-23,,0.0
2014-05-24,,0.0
2014-05-25,,0.0
2014-05-26,,0.0
2014-05-27,,0.0
2014-05-28,,0.0
2014-05-29,,0.0
2014-05-30,,0.0
2014-05-31,,0.0
2014-06-01,,0.0
2014-06-02,,0.0
2014-06-03,,0.0
2014-06-04,,0.0
2014-06-05,,0.0
2014-06-06,,0.0
2014-06-07,,0.0
2014-06-08,,0.0
2014-06-09,,0.0
2014-06-10,,0.0
2014-06-11,,0.0
2014-06-12,,0.0
2014-06-13,,0.0
2014-06-14,,0.0
2014-06-15,,0.0
2014-06-16,,0.0
2014-06-17,,0.0
2014-06-18,,0.0
2014-06-19,,0.0
2014-06-20,,0.0
2014-06-21,,0.0
2014-06-22,,0.0
2014-06-23,,0.0
2014-06-24,,0.0
2014-06-25,,0.0
2014-06-26,,0.0
2014-06-27,,0.0
2014-06-28,,0.0
2014-06-29,,0.0
2014-06-30,,0.0
2014-07-01,,0.0
2014-07-02,,0.0
2014-07-03,,0.0
2014-07-04,,0.0
2014-07-05,,0.0
2014-07-06,,0.0
2014-07-07,,0.0
2014-07-08,,0.0
2014-07-09,,0.0
2014-07-10,,0.0
2014-07-11,,0.0
2014-07-12,,0.0
2014-07-13,,0.0
2014-07-14,,0.0
2014-07-15,,0.0
2014-07-16,,0.0
2014-07-17,,0.0
2014-07-18,,0.0
2014-07-19,,0.0
2014-07-20,,0.0
2014-07-21,,0.0
2014-07-22,,0.0
2014-07-23,,0.0
2014-07-24,,0.0
2014-07-25,,0.0
2014-07-26,,0.0
2014-07-27,,0.0
2014-07-28,,0.0
2014-07-29,,0.0
2014-07-30,,0.0
2014-07-31,,0.0
2014-08-01,,0.0
2014-08-02,,0.0
2014-08-03,,0.0
2014-08-04,,0.0
2014-08-05,,0.0
2014-08-06,,0.0
2014-08-07,,0.0
2014-08-08,,0.0
2014-08-09,,0.0
2014-08-10,,0.0
2014-08-11,,0.0
2014-08-12,,0.0
2014-08-13,,0.0
2014-08-14,,0.0
2014-08-15,,0.0
2014-08-16,,0.0
2014-08-17,,0.0
2014-08-18,,0.0
2014-08-19,,0.0
2014-08-20,,0.0
2014-08-21,,0.0
2014-08-22,,0.0
2014-08-23,,0.0
2014-08-24,,0.0
2014-08-25,,0.0
2014-08-26,,0.0
2014-08-27,,0.0
2014-08-28,,0.0
2014-08-29,,0.0
2014-08-30,,0.0
2014-08-31,,0.0
2014-09-01,,0.0
2014-09-02,,0.0
2014-09-03,,0.0
2014-09-04,,0.0
2014-09-05,,0.0
2014-09-06,,0.0
2014-09-07,,0.0
2014-09-08,,0.0
2014-09-09,,0.0
2014-09-10,,0.0
2014-09-11,,0.0
2014-09-12,,0.0
2014-09-13,,0.0
2014-09-14,,0.0
2014-09-15,,0.0
2014-09-16,,0.0
2014-09-17,,0.0
2014-09-18,,0.0
2014-09-19,,0.0
2014-09-20,,0.0
2014-09-21,,0.0
2014-09-22,,0.0
2014-09-23,,0.0
2014-09-24,,0.0
2014-09-25,,0.0
2014-09-26,,0.0
2014-09-27,,0.0
2014-09-28,,0.0
2014-09-29,,0.0
2014-09-30,,5.08
2014-10-01,,12.7
2014-10-02,,10.16
2014-10-03,,10.16
2014-10-04,,10.16
2014-10-05,,12.7
2014-10-06,,15.24
2014-10-07,,20.32
2014-10-08,,17.78
2014-10-09,,17.78
2014-10-10,,17.78
2014-10-11,,17.78
2014-10-12,,17.78
2014-10-13,,17.78
2014-10-14,,17.78
2014-10-15,,17.78
2014-10-16,,17.78
2014-10-17,,15.24
2014-10-18,,15.24
2014-10-19,,15.24
2014-10-20,,17.78
2014-10-21,,17.78
2014-10-22,,17.78
2014-10-23,,17.78
2014-10-24,,15.24
2014-10-25,,17.78
2014-10-26,,17.78
2014-10-27,,17.78
2014-10-28,,17.78
2014-10-29,,17.78
2014-10-30,,17.78
2014-10-31,,17.78
2014-11-01,,17.78
2014-11-02,,20.32
2014-11-03,,17.78
2014-11-04,,17.78
2014-11-05,,17.78
2014-11-06,,17.78
2014-11-07,,17.78
2014-11-08,,17.78
2014-11-09,,17.78
2014-11-10,,20.32
2014-11-11,,17.78
2014-11-12,,20.32
2014-11-13,,17.78
2014-11-14,,17.78
2014-11-15,,17.78
2014-11-16,,17.78
2014-11-17,,17.78
2014-11-18,,17.78
2014-11-19,,20.32
2014-11-20,,17.78
2014-11-21,,20.32
2014-11-22,,17.78
2014-11-23,,17.78
2014-11-24,,17.78
2014-11-25,,17.78
2014-11-26,,27.94
2014-11-27,,25.4
2014-11-28,,22.86
2014-11-29,,25.4
2014-11-30,,25.4
2014-12-01,,30.48
2014-12-02,,30.48
2014-12-03,,38.1
2014-12-04,,40.64
2014-12-05,,38.1
2014-12-06,,40.64
2014-12-07,,38.1
2014-12-08,,38.1
2014-12-09,,38.1
2014-12-10,,38.1
2014-12-11,,38.1
2014-12-12,,38.1
2014-12-13,,35.56
2014-12-14,,38.1
2014-12-15,,38.1
2014-12-16,,38.1
2014-12-17,,35.56
2014-12-18,,38.1
2014-12-19,,38.1
2014-12-20,,38.1
2014-12-21,,38.1
2014-12-22,,35.56
2014-12-23,,35.56
2014-12-24,,35.56
2014-12-25,,35.56
2014-12-26,,38.1
2014-12-27,,45.72
2014-12-28,,45.72
2014-12-29,,45.72
2014-12-30,,43.18
2014-12-31,,43.18
2015-01-01,,50.8
2015-01-02,,50.8
2015-01-03,,50.8
2015-01-04,,48.26
2015-01-05,,48.26
2015-01-06,,48.26
2015-01-07,,45.72
2015-01-08,,43.18
2015-01-09,,43.18
2015-01-10,,43.18
2015-01-11,,43.18
2015-01-12,,43.18
2015-01-13,,43.18
2015-01-14,,43.18
2015-01-15,,45.72
2015-01-16,,45.72
2015-01-17,,43.18
2015-01-18,,43.18
2015-01-19,,45.72
2015-01-20,,43.18
2015-01-21,,43.18
2015-01-22,,43.18
2015-01-23,,45.72
2015-01-24,,48.26
2015-01-25,,50.8
2015-01-26,,50.8
2015-01-27,,50.8
2015-01-28,,50.8
2015-01-29,,48.26
2015-01-30,,48.26
2015-01-31,,48.26
2015-02-01,,48.26
2015-02-02,,50.8
2015-02-03,,50.8
2015-02-04,,50.8
2015-02-05,,48.26
2015-02-06,,48.26
2015-02-07,,50.8
2015-02-08,,43.18
2015-02-09,,43.18
2015-02-10,,43.18
2015-02-11,,43.18
2015-02-12,,43.18
2015-02-13,,43.18
2015-02-14,,43.18
2015-02-15,,43.18
2015-02-16,,43.18
2015-02-17,,43.18
2015-02-18,,43.18
2015-02-19,,43.18
2015-02-20,,43.18
2015-02-21,,43.18
2015-02-22,,45.72
2015-02-23,,50.8
2015-02-24,,55.88
2015-02-25,,55.88
2015-02-26,,55.88
2015-02-27,,55.88
2015-02-28,,55.88
2015-03-01,,58.42
2015-03-02,,58.42
2015-03-03,,58.42
2015-03-04,,66.04
2015-03-05,,73.66
2015-03-06,,86.36
2015-03-07,,88.9
2015-03-08,,99.06
2015-03-09,,99.06
2015-03-10,,96.52
2015-03-11,,93.98
2015-03-12,,91.44
2015-03-13,,88.9
2015-03-14,,88.9
2015-03-15,,86.36
2015-03-16,,86.36
2015-03-17,,86.36
2015-03-18,,86.36
2015-03-19,,86.36
2015-03-20,,83.82
2015-03-21,,83.82
2015-03-22,,81.28
2015-03-23,,81.28
2015-03-24,,81.28
2015-03-25,,78.74
2015-03-26,,78.74
2015-03-27,,78.74
2015-03-28,,76.2
2015-03-29,,76.2
2015-03-30,,76.2
2015-03-31,,76.2
2015-04-01,,73.66
2015-04-02,,78.74
2015-04-03,,78.74
2015-04-04,,78.74
2015-04-05,,76.2
2015-04-06,,78.74
2015-04-07,,78.74
2015-04-08,,76.2
2015-04-09,,73.66
2015-04-10,,73.66
2015-04-11,,73.66
2015-04-12,,78.74
2015-04-13,,78.74
2015-04-14,,76.2
2015-04-15,,76.2
2015-04-16,,76.2
2015-04-17,,73.66
2015-04-18,,73.66
2015-04-19,,73.66
2015-04-20,,68.58
2015-04-21,,68.58
2015-04-22,,71.12
2015-04-23,,71.12
2015-04-24,,71.12
2015-04-25,,68.58
2015-04-26,,68.58
2015-04-27,,63.5
2015-04-28,,58.42
2015-04-29,,55.88
2015-04-30,,53.34
2015-05-01,,50.8
2015-05-02,,50.8
2015-05-03,,45.72
2015-05-04,,45.72
2015-05-05,,43.18
2015-05-06,,40.64
2015-05-07,,38.1
2015-05-08,,35.56
2015-05-09,,33.02
2015-05-10,,27.94
2015-05-11,,22.86
2015-05-12,,17.78
2015-05-13,,15.24
2015-05-14,,7.62
2015-05-15,,0.0
2015-05-16,,0.0
2015-05-17,,0.0
2015-05-18,,0.0
2015-05-19,,0.0
2015-05-20,,0.0
2015-05-21,,0.0
2015-05-22,,0.0
2015-05-23,,0.0
2015-05-24,,0.0
2015-05-25,,0.0
2015-05-26,,0.0
2015-05-27,,0.0
2015-05-28,,0.0
2015-05-29,,0.0
2015-05-30,,0.0
2015-05-31,,0.0
2015-06-01,,0.0
2015-06-02,,0.0
2015-06-03,,0.0
2015-06-04,,0.0
2015-06-05,,0.0
2015-06-06,,0.0
2015-06-07,,0.0
2015-06-08,,0.0
2015-06-09,,0.0
2015-06-10,,0.0
2015-06-11,,0.0
2015-06-12,,0.0
2015-06-13,,0.0
2015-06-14,,0.0
2015-06-15,,0.0
2015-06-16,,0.0
2015-06-17,,0.0
2015-06-18,,0.0
2015-06-19,,0.0
2015-06-20,,0.0
2015-06-21,,0.0
2015-06-22,,0.0
2015-06-23,,0.0
2015-06-24,,0.0
2015-06-25,,0.0
2015-06-26,,0.0
2015-06-27,,0.0
2015-06-28,,0.0
2015-06-29,,0.0
2015-06-30,,0.0
2015-07-01,,0.0
2015-07-02,,0.0
2015-07-03,,0.0
2015-07-04,,0.0
2015-07-05,,0.0
2015-07-06,,0.0
2015-07-07,,0.0
2015-07-08,,0.0
2015-07-09,,0.0
2015-07-10,,0.0
2015-07-11,,0.0
2015-07-12,,0.0
2015-07-13,,0.0
2015-07-14,,0.0
2015-07-15,,0.0
2015-07-16,,0.0
2015-07-17,,0.0
2015-07-18,,0.0
2015-07-19,,0.0
2015-07-20,,0.0
2015-07-21,,0.0
2015-07-22,,0.0
2015-07-23,,0.0
2015-07-24,,0.0
2015-07-25,,0.0
2015-07-26,,0.0
2015-07-27,,0.0
2015-07-28,,0.0
2015-07-29,,0.0
2015-07-30,,0.0
2015-07-31,,0.0
2015-08-01,,0.0
2015-08-02,,0.0
2015-08-03,,0.0
2015-08-04,,0.0
2015-08-05,,0.0
2015-08-06,,0.0
2015-08-07,,0.0
2015-08-08,,0.0
2015-08-09,,0.0
2015-08-10,,0.0
2015-08-11,,0.0
2015-08-12,,0.0
2015-08-13,,0.0
2015-08-14,,0.0
2015-08-15,,0.0
2015-08-16,,0.0
2015-08-17,,0.0
2015-08-18,,0.0
2015-08-19,,0.0
2015-08-20,,0.0
2015-08-21,,0.0
2015-08-22,,0.0
2015-08-23,,0.0
2015-08-24,,0.0
2015-08-25,,0.0
2015-08-26,,0.0
2015-08-27,,0.0
2015-08-28,,0.0
2015-08-29,,0.0
2015-08-30,,0.0
2015-08-31,,0.0
2015-09-01,,0.0
2015-09-02,,0.0
2015-09-03,,0.0
2015-09-04,,0.0
2015-09-05,,0.0
2015-09-06,,0.0
2015-09-07,,0.0
2015-09-08,,0.0
2015-09-09,,0.0
2015-09-10,,0.0
2015-09-11,,0.0
2015-09-12,,0.0
2015-09-13,,0.0
2015-09-14,,5.08
2015-09-15,,5.08
2015-09-16,,2.54
2015-09-17,,2.54
2015-09-18,,0.0
2015-09-19,,0.0
2015-09-20,,0.0
2015-09-21,,0.0
2015-09-22,,0.0
2015-09-23,,0.0
2015-09-24,,0.0
2015-09-25,,0.0
2015-09-26,,17.78
2015-09-27,,12.7
2015-09-28,,10.16
2015-09-29,,5.08
2015-09-30,,27.94
2015-10-01,,33.02
2015-10-02,,27.94
2015-10-03,,27.94
2015-10-04,,27.94
2015-10-05,,27.94
2015-10-06,,25.4
2015-10-07,,25.4
2015-10-08,,25.4
2015-10-09,,22.86
2015-10-10,,22.86
2015-10-11,,22.86
2015-10-12,,22.86
2015-10-13,,22.86
2015-10-14,,22.86
2015-10-15,,27.94
2015-10-16,,25.4
2015-10-17,,25.4
2015-10-18,,30.48
2015-10-19,,27.94
2015-10-20,,27.94
2015-10-21,,27.94
2015-10-22,,27.94
2015-10-23,,27.94
2015-10-24,,27.94
2015-10-25,,27.94
2015-10-26,,27.94
2015-10-27,,27.94
2015-10-28,,27.94
2015-10-29,,27.94
2015-10-30,,27.94
2015-10-31,,33.02
2015-11-01,,33.02
2015-11-02,,33.02
2015-11-03,,35.56
2015-11-04,,35.56
2015-11-05,,35.56
2015-11-06,,35.56
2015-11-07,,38.1
2015-11-08,,40.64
2015-11-09,,40.64
2015-11-10,,45.72
2015-11-11,,43.18
2015-11-12,,45.72
2015-11-13,,45.72
2015-11-14,,45.72
2015-11-15,,45.72
2015-11-16,,45.72
2015-11-17,,45.72
2015-11-18,,45.72
2015-11-19,,45.72
2015-11-20,,45.72
2015-11-21,,45.72
2015-11-22,,66.04
2015-11-23,,63.5
2015-11-24,,63.5
2015-11-25,,68.58
2015-11-26,,71.12
2015-11-27,,76.2
2015-11-28,,73.66
2015-11-29,,71.12
2015-11-30,,68.58
2015-12-01,,66.04
2015-12-02,,66.04
2015-12-03,,63.5
2015-12-04,,63.5
2015-12-05,,66.04
2015-12-06,,63.5
2015-12-07,,63.5
2015-12-08,,63.5
2015-12-09,,63.5
2015-12-10,,63.5
2015-12-11,,60.96
2015-12-12,,63.5
2015-12-13,,63.5
2015-12-14,,60.96
2015-12-15,,60.96
2015-12-16,,60.96
2015-12-17,,63.5
2015-12-18,,63.5
2015-12-19,,63.5
2015-12-20,,63.5
2015-12-21,,63.5
2015-12-22,,60.96
2015-12-23,,63.5
2015-12-24,,63.5
2015-12-25,,63.5
2015-12-26,,63.5
2015-12-27,,63.5
2015-12-28,,63.5
2015-12-29,,63.5
2015-12-30,,63.5
2015-12-31,,63.5
2016-01-01,,63.5
2016-01-02,,63.5
2016-01-03,,60.96
2016-01-04,,60.96
2016-01-05,,60.96
2016-01-06,,60.96
2016-01-07,,60.96
2016-01-08,,60.96
2016-01-09,,60.96
2016-01-10,,60.96
2016-01-11,,60.96
2016-01-12,,60.96
2016-01-13,,60.96
2016-01-14,,60.96
2016-01-15,,60.96
2016-01-16,,60.96
2016-01-17,,60.96
2016-01-18,,60.96
2016-01-19,,60.96
2016-01-20,,60.96
2016-01-21,,60.96
2016-01-22,,60.96
2016-01-23,,60.96
2016-01-24,,60.96
2016-01-25,,60.96
2016-01-26,,60.96
2016-01-27,,60.96
2016-01-28,,60.96
2016-01-29,,60.96
2016-01-30,,60.96
2016-01-31,,60.96
2016-02-01,,60.96
2016-02-02,,60.96
2016-02-03,,60.96
2016-02-04,,60.96
2016-02-05,,60.96
2016-02-06,,60.96
2016-02-07,,63.5
2016-02-08,,63.5
2016-02-09,,60.96
2016-02-10,,60.96
2016-02-11,,60.96
2016-02-12,,63.5
2016-02-13,,63.5
2016-02-14,,63.5
2016-02-15,,63.5
2016-02-16,,63.5
2016-02-17,,60.96
2016-02-18,,60.96
2016-02-19,,63.5
2016-02-20,,60.96
2016-02-21,,63.5
2016-02-22,,63.5
2016-02-23,,63.5
2016-02-24,,63.5
2016-02-25,,63.5
2016-02-26,,63.5
2016-02-27,,63.5
2016-02-28,,63.5
2016-02-29,,63.5
2016-03-01,,63.5
2016-03-02,,63.5
2016-03-03,,60.96
2016-03-04,,63.5
2016-03-05,,63.5
2016-03-06,,63.5
2016-03-07,,63.5
2016-03-08,,60.96
2016-03-09,,63.5
2016-03-10,,63.5
2016-03-11,,60.96
2016-03-12,,60.96
2016-03-13,,60.96
2016-03-14,,60.96
2016-03-15,,63.5
2016-03-16,,63.5
2016-03-17,,66.04
2016-03-18,,66.04
2016-03-19,,66.04
2016-03-20,,63.5
2016-03-21,,60.96
2016-03-22,,60.96
2016-03-23,,60.96
2016-03-24,,60.96
2016-03-25,,60.96
2016-03-26,,60.96
2016-03-27,,60.96
2016-03-28,,63.5
2016-03-29,,63.5
2016-03-30,,71.12
2016-03-31,,68.58
2016-04-01,,71.12
2016-04-02,,68.58
2016-04-03,,73.66
2016-04-04,,78.74
2016-04-05,,78.74
2016-04-06,,76.2
2016-04-07,,76.2
2016-04-08,,76.2
2016-04-09,,76.2
2016-04-10,,76.2
2016-04-11,,73.66
2016-04-12,,71.12
2016-04-13,,68.58
2016-04-14,,68.58
2016-04-15,,68.58
2016-04-16,,68.58
2016-04-17,,68.58
2016-04-18,,68.58
2016-04-19,,66.04
2016-04-20,,63.5
2016-04-21,,60.96
2016-04-22,,58.42
2016-04-23,,55.88
2016-04-24,,45.72
2016-04-25,,40.64
2016-04-26,,33.02
2016-04-27,,25.4
2016-04-28,,20.32
2016-04-29,,17.78
2016-04-30,,17.78
2016-05-01,,15.24
2016-05-02,,10.16
2016-05-03,,5.08
2016-05-04,,0.0
2016-05-05,,0.0
2016-05-06,,0.0
2016-05-07,,0.0
2016-05-08,,0.0
2016-05-09,,0.0
2016-05-10,,0.0
2016-05-11,,0.0
2016-05-12,,0.0
2016-05-13,,0.0
2016-05-14,,0.0
2016-05-15,,0.0
2016-05-16,,0.0
2016-05-17,,0.0
2016-05-18,,0.0
2016-05-19,,0.0
2016-05-20,,0.0
2016-05-21,,0.0
2016-05-22,,0.0
2016-05-23,,0.0
2016-05-24,,0.0
2016-05-25,,0.0
2016-05-26,,0.0
2016-05-27,,0.0
2016-05-28,,0.0
2016-05-29,,0.0
2016-05-30,,0.0
2016-05-31,,0.0
2016-06-01,,0.0
2016-06-02,,0.0
2016-06-03,,0.0
2016-06-04,,0.0
2016-06-05,,0.0
2016-06-06,,0.0
2016-06-07,,0.0
2016-06-08,,0.0
2016-06-09,,0.0
2016-06-10,,0.0
2016-06-11,,0.0
2016-06-12,,0.0
2016-06-13,,0.0
2016-06-14,,0.0
2016-06-15,,0.0
2016-06-16,,0.0
2016-06-17,,0.0
2016-06-18,,0.0
2016-06-19,,0.0
2016-06-20,,0.0
2016-06-21,,0.0
2016-06-22,,0.0
2016-06-23,,0.0
2016-06-24,,0.0
2016-06-25,,0.0
2016-06-26,,0.0
2016-06-27,,0.0
2016-06-28,,0.0
2016-06-29,,0.0
2016-06-30,,0.0
2016-07-01,,0.0
2016-07-02,,0.0
2016-07-03,,0.0
2016-07-04,,0.0
2016-07-05,,0.0
2016-07-06,,0.0
2016-07-07,,0.0
2016-07-08,,0.0
2016-07-09,,0.0
2016-07-10,,0.0
2016-07-11,,0.0
2016-07-12,,0.0
2016-07-13,,0.0
2016-07-14,,0.0
2016-07-15,,0.0
2016-07-16,,0.0
2016-07-17,,0.0
2016-07-18,,0.0
2016-07-19,,0.0
2016-07-20,,0.0
2016-07-21,,0.0
2016-07-22,,0.0
2016-07-23,,0.0
2016-07-24,,0.0
2016-07-25,,0.0
2016-07-26,,0.0
2016-07-27,,0.0
2016-07-28,,0.0
2016-07-29,,0.0
2016-07-30,,0.0
2016-07-31,,0.0
2016-08-01,,0.0
2016-08-02,,0.0
2016-08-03,,0.0
2016-08-04,,0.0
2016-08-05,,0.0
2016-08-06,,0.0
2016-08-07,,0.0
2016-08-08,,0.0
2016-08-09,,0.0
2016-08-10,,0.0
2016-08-11,,0.0
2016-08-12,,0.0
2016-08-13,,0.0
2016-08-14,,0.0
2016-08-15,,0.0
2016-08-16,,0.0
2016-08-17,,0.0
2016-08-18,,0.0
2016-08-19,,0.0
2016-08-20,,0.0
2016-08-21,,0.0
2016-08-22,,0.0
2016-08-23,,0.0
2016-08-24,,0.0
2016-08-25,,0.0
2016-08-26,,0.0
2016-08-27,,0.0
2016-08-28,,0.0
2016-08-29,,0.0
2016-08-30,,0.0
2016-08-31,,0.0
2016-09-01,,0.0
2016-09-02,,0.0
2016-09-03,,0.0
2016-09-04,,0.0
2016-09-05,,0.0
2016-09-06,,0.0
2016-09-07,,0.0
2016-09-08,,0.0
2016-09-09,,0.0
2016-09-10,,0.0
2016-09-11,,0.0
2016-09-12,,0.0
2016-09-13,,0.0
2016-09-14,,0.0
2016-09-15,,0.0
2016-09-16,,0.0
2016-09-17,,0.0
2016-09-18,,0.0
2016-09-19,,0.0
2016-09-20,,0.0
2016-09-21,,0.0
2016-09-22,,0.0
2016-09-23,,0.0
2016-09-24,,0.0
2016-09-25,,0.0
2016-09-26,,0.0
2016-09-27,,2.54
2016-09-28,,2.54
2016-09-29,,7.62
2016-09-30,,5.08
2016-10-01,,5.08
2016-10-02,,2.54
2016-10-03,,2.54
2016-10-04,,2.54
2016-10-05,,2.54
2016-10-06,,2.54
2016-10-07,,2.54
2016-10-08,,5.08
2016-10-09,,2.54
2016-10-10,,2.54
2016-10-11,,2.54
2016-10-12,,2.54
2016-10-13,,2.54
2016-10-14,,2.54
2016-10-15,,2.54
2016-10-16,,2.54
2016-10-17,,2.54
2016-10-18,,2.54
2016-10-19,,2.54
2016-10-20,,2.54
2016-10-21,,2.54
2016-10-22,,2.54
2016-10-23,,2.54
2016-10-24,,2.54
2016-10-25,,2.54
2016-10-26,,2.54
2016-10-27,,2.54
2016-10-28,,2.54
2016-10-29,,2.54
2016-10-30,,5.08
2016-10-31,,2.54
2016-11-01,,2.54
2016-11-02,,2.54
2016-11-03,,2.54
2016-11-04,,2.54
2016-11-05,,5.08
2016-11-06,,5.08
2016-11-07,,7.62
2016-11-08,,5.08
2016-11-09,,5.08
2016-11-10,,5.08
2016-11-11,,5.08
2016-11-12,,5.08
2016-11-13,,5.08
2016-11-14,,5.08
2016-11-15,,7.62
2016-11-16,,7.62
2016-11-17,,7.62
2016-11-18,,7.62
2016-11-19,,5.08
2016-11-20,,5.08
2016-11-21,,5.08
2016-11-22,,7.62
2016-11-23,,7.62
2016-11-24,,7.62
2016-11-25,,7.62
2016-11-26,,7.62
2016-11-27,,7.62
2016-11-28,,12.7
2016-11-29,,12.7
2016-11-30,,12.7
2016-12-01,,10.16
2016-12-02,,12.7
2016-12-03,,17.78
2016-12-04,,17.78
2016-12-05,,17.78
2016-12-06,,17.78
2016-12-07,,15.24
2016-12-08,,15.24
2016-12-09,,15.24
2016-12-10,,15.24
2016-12-11,,15.24
2016-12-12,,15.24
2016-12-13,,15.24
2016-12-14,,15.24
2016-12-15,,15.24
2016-12-16,,17.78
2016-12-17,,17.78
2016-12-18,,17.78
2016-12-19,,17.78
2016-12-20,,17.78
2016-12-21,,17.78
2016-12-22,,22.86
2016-12-23,,20.32
2016-12-24,,38.1
2016-12-25,,33.02
2016-12-26,,27.94
2016-12-27,,25.4
2016-12-28,,25.4
2016-12-29,,30.48
2016-12-30,,40.64
2016-12-31,,45.72
2017-01-01,,50.8
2017-01-02,,48.26
2017-01-03,,45.72
2017-01-04,,45.72
2017-01-05,,45.72
2017-01-06,,60.96
2017-01-07,,55.88
2017-01-08,,53.34
2017-01-09,,50.8
2017-01-10,,48.26
2017-01-11,,48.26
2017-01-12,,45.72
2017-01-13,,48.26
2017-01-14,,48.26
2017-01-15,,50.8
2017-01-16,,50.8
2017-01-17,,55.88
2017-01-18,,55.88
2017-01-19,,55.88
2017-01-20,,55.88
2017-01-21,,55.88
2017-01-22,,55.88
2017-01-23,,55.88
2017-01-24,,55.88
2017-01-25,,53.34
2017-01-26,,53.34
2017-01-27,,53.34
2017-01-28,,53.34
2017-01-29,,55.88
2017-01-30,,55.88
2017-01-31,,58.42
2017-02-01,,55.88
2017-02-02,,55.88
2017-02-03,,55.88
2017-02-04,,53.34
2017-02-05,,53.34
2017-02-06,,53.34
2017-02-07,,53.34
2017-02-08,,53.34
2017-02-09,,60.96
2017-02-10,,58.42
2017-02-11,,58.42
2017-02-12,,55.88
2017-02-13,,55.88
2017-02-14,,55.88
2017-02-15,,55.88
2017-02-16,,60.96
2017-02-17,,60.96
2017-02-18,,60.96
2017-02-19,,60.96
2017-02-20,,58.42
2017-02-21,,58.42
2017-02-22,,60.96
2017-02-23,,68.58
2017-02-24,,68.58
2017-02-25,,76.2
2017-02-26,,86.36
2017-02-27,,93.98
2017-02-28,,88.9
2017-03-01,,83.82
2017-03-02,,81.28
2017-03-03,,81.28
2017-03-04,,81.28
2017-03-05,,81.28
2017-03-06,,81.28
2017-03-07,,78.74
2017-03-08,,78.74
2017-03-09,,78.74
2017-03-10,,78.74
2017-03-11,,78.74
2017-03-12,,78.74
2017-03-13,,78.74
2017-03-14,,78.74
2017-03-15,,76.2
2017-03-16,,76.2
2017-03-17,,76.2
2017-03-18,,76.2
2017-03-19,,76.2
2017-03-20,,76.2
2017-03-21,,76.2
2017-03-22,,76.2
2017-03-23,,76.2
2017-03-24,,76.2
2017-03-25,,76.2
2017-03-26,,76.2
2017-03-27,,76.2
2017-03-28,,76.2
2017-03-29,,76.2
2017-03-30,,73.66
2017-03-31,,76.2
2017-04-01,,76.2
2017-04-02,,73.66
2017-04-03,,76.2
2017-04-04,,73.66
2017-04-05,,73.66
2017-04-06,,71.12
2017-04-07,,73.66
2017-04-08,,71.12
2017-04-09,,71.12
2017-04-10,,71.12
2017-04-11,,71.12
2017-04-12,,71.12
2017-04-13,,71.12
2017-04-14,,68.58
2017-04-15,,68.58
2017-04-16,,68.58
2017-04-17,,68.58
2017-04-18,,68.58
2017-04-19,,68.58
2017-04-20,,68.58
2017-04-21,,66.04
2017-04-22,,66.04
2017-04-23,,66.04
2017-04-24,,63.5
2017-04-25,,60.96
2017-04-26,,55.88
2017-04-27,,53.34
2017-04-28,,50.8
2017-04-29,,45.72
2017-04-30,,43.18
2017-05-01,,38.1
2017-05-02,,35.56
2017-05-03,,33.02
2017-05-04,,30.48
2017-05-05,,27.94
2017-05-06,,25.4
2017-05-07,,22.86
2017-05-08,,17.78
2017-05-09,,12.7
2017-05-10,,5.08
2017-05-11,,2.54
2017-05-12,,2.54
2017-05-13,,0.0
2017-05-14,,0.0
2017-05-15,,0.0
2017-05-16,,0.0
2017-05-17,,0.0
2017-05-18,,0.0
2017-05-19,,0.0
2017-05-20,,0.0
2017-05-21,,0.0
2017-05-22,,0.0
2017-05-23,,0.0
2017-05-24,,0.0
2017-05-25,,0.0
2017-05-26,,0.0
2017-05-27,,0.0
2017-05-28,,0.0
2017-05-29,,0.0
2017-05-30,,0.0
2017-05-31,,0.0
2017-06-01,,0.0
2017-06-02,,0.0
2017-06-03,,0.0
2017-06-04,,0.0
2017-06-05,,0.0
2017-06-06,,0.0
2017-06-07,,0.0
2017-06-08,,0.0
2017-06-09,,0.0
2017-06-10,,0.0
2017-06-11,,0.0
2017-06-12,,0.0
2017-06-13,,0.0
2017-06-14,,0.0
2017-06-15,,0.0
2017-06-16,,0.0
2017-06-17,,0.0
2017-06-18,,0.0
2017-06-19,,0.0
2017-06-20,,0.0
2017-06-21,,0.0
2017-06-22,,0.0
2017-06-23,,0.0
2017-06-24,,0.0
2017-06-25,,0.0
2017-06-26,,0.0
2017-06-27,,0.0
2017-06-28,,0.0
2017-06-29,,0.0
2017-06-30,,0.0
2017-07-01,,0.0
2017-07-02,,0.0
2017-07-03,,0.0
2017-07-04,,0.0
2017-07-05,,0.0
2017-07-06,,0.0
2017-07-07,,0.0
2017-07-08,,0.0
2017-07-09,,0.0
2017-07-10,,0.0
2017-07-11,,0.0
2017-07-12,,0.0
2017-07-13,,0.0
2017-07-14,,0.0
2017-07-15,,0.0
2017-07-16,,0.0
2017-07-17,,0.0
2017-07-18,,0.0
2017-07-19,,0.0
2017-07-20,,0.0
2017-07-21,,0.0
2017-07-22,,0.0
2017-07-23,,0.0
2017-07-24,,0.0
2017-07-25,,0.0
2017-07-26,,0.0
2017-07-27,,0.0
2017-07-28,,0.0
2017-07-29,,0.0
2017-07-30,,0.0
2017-07-31,,0.0
2017-08-01,,0.0
2017-08-02,,0.0
2017-08-03,,0.0
2017-08-04,,0.0
2017-08-05,,0.0
2017-08-06,,0.0
2017-08-07,,0.0
2017-08-08,,0.0
2017-08-09,,0.0
2017-08-10,,0.0
2017-08-11,,0.0
2017-08-12,,0.0
2017-08-13,,0.0
2017-08-14,,0.0
2017-08-15,,0.0
2017-08-16,,0.0
2017-08-17,,0.0
2017-08-18,,0.0
2017-08-19,,0.0
2017-08-20,,0.0
2017-08-21,,0.0
2017-08-22,,0.0
2017-08-23,,0.0
2017-08-24,,0.0
2017-08-25,,0.0
2017-08-26,,0.0
2017-08-27,,0.0
2017-08-28,,0.0
2017-08-29,,0.0
2017-08-30,,0.0
2017-08-31,,0.0
2017-09-01,,0.0
2017-09-02,,0.0
2017-09-03,,0.0
2017-09-04,,0.0
2017-09-05,,0.0
2017-09-06,,0.0
2017-09-07,,0.0
2017-09-08,,0.0
2017-09-09,,0.0
2017-09-10,,0.0
2017-09-11,,0.0
2017-09-12,,0.0
2017-09-13,,0.0
2017-09-14,,0.0
2017-09-15,,0.0
2017-09-16,,0.0
2017-09-17,,0.0
2017-09-18,,0.0
2017-09-19,,0.0
2017-09-20,,0.0
2017-09-21,,0.0
2017-09-22,,0.0
2017-09-23,,0.0
2017-09-24,,0.0
2017-09-25,,0.0
2017-09-26,,0.0
2017-09-27,,0.0
2017-09-28,,0.0
2017-09-29,,0.0
2017-09-30,,2.54
2017-10-01,,12.7
2017-10-02,,7.62
2017-10-03,,5.08
2017-10-04,,2.54
2017-10-05,,2.54
2017-10-06,,2.54
2017-10-07,,2.54
2017-10-08,,2.54
2017-10-09,,0.0
2017-10-10,,7.62
2017-10-11,,27.94
2017-10-12,,33.02
2017-10-13,,33.02
2017-10-14,,38.1
2017-10-15,,38.1
2017-10-16,,35.56
2017-10-17,,35.56
2017-10-18,,40.64
2017-10-19,,40.64
2017-10-20,,40.64
2017-10-21,,40.64
2017-10-22,,38.1
2017-10-23,,38.1
2017-10-24,,38.1
2017-10-25,,38.1
2017-10-26,,38.1
2017-10-27,,35.56
2017-10-28,,43.18
2017-10-29,,43.18
2017-10-30,,43.18
2017-10-31,,48.26
2017-11-01,,45.72
2017-11-02,,45.72
2017-11-03,,45.72
2017-11-04,,48.26
2017-11-05,,48.26
2017-11-06,,53.34
2017-11-07,,50.8
2017-11-08,,50.8
2017-11-09,,50.8
2017-11-10,,55.88
2017-11-11,,60.96
2017-11-12,,55.88
2017-11-13,,66.04
2017-11-14,,68.58
2017-11-15,,66.04
2017-11-16,,63.5
2017-11-17,,66.04
2017-11-18,,66.04
2017-11-19,,66.04
2017-11-20,,63.5
2017-11-21,,60.96
2017-11-22,,68.58
2017-11-23,,76.2
2017-11-24,,73.66
2017-11-25,,71.12
2017-11-26,,68.58
2017-11-27,,66.04
2017-11-28,,66.04
2017-11-29,,63.5
2017-11-30,,63.5
2017-12-01,,60.96
2017-12-02,,60.96
2017-12-03,,60.96
2017-12-04,,63.5
2017-12-05,,63.5
2017-12-06,,60.96
2017-12-07,,68.58
2017-12-08,,68.58
2017-12-09,,66.04
2017-12-10,,66.04
2017-12-11,,66.04
2017-12-12,,66.04
2017-12-13,,66.04
2017-12-14,,63.5
2017-12-15,,63.5
2017-12-16,,66.04
2017-12-17,,66.04
2017-12-18,,66.04
2017-12-19,,66.04
2017-12-20,,73.66
2017-12-21,,78.74
2017-12-22,,78.74
2017-12-23,,76.2
2017-12-24,,76.2
2017-12-25,,73.66
2017-12-26,,73.66
2017-12-27,,73.66
2017-12-28,,73.66
2017-12-29,,73.66
2017-12-30,,73.66
2017-12-31,,73.66
2018-01-01,,73.66
2018-01-02,,71.12
2018-01-03,,71.12
2018-01-04,,71.12
2018-01-05,,71.12
2018-01-06,,71.12
2018-01-07,,71.12
2018-01-08,,71.12
2018-01-09,,71.12
2018-01-10,,71.12
2018-01-11,,71.12
2018-01-12,,71.12
2018-01-13,,71.12
2018-01-14,,71.12
2018-01-15,,71.12
2018-01-16,,71.12
2018-01-17,,71.12
2018-01-18,,81.28
2018-01-19,,78.74
2018-01-20,,81.28
2018-01-21,,83.82
2018-01-22,,81.28
2018-01-23,,83.82
2018-01-24,,86.36
2018-01-25,,88.9
2018-01-26,,88.9
2018-01-27,,88.9
2018-01-28,,86.36
2018-01-29,,86.36
2018-01-30,,86.36
2018-01-31,,86.36
2018-02-01,,83.82
2018-02-02,,83.82
2018-02-03,,83.82
2018-02-04,,83.82
2018-02-05,,83.82
2018-02-06,,83.82
2018-02-07,,81.28
2018-02-08,,81.28
2018-02-09,,78.74
2018-02-10,,81.28
2018-02-11,,81.28
2018-02-12,,81.28
2018-02-13,,88.9
2018-02-14,,91.44
2018-02-15,,101.6
2018-02-16,,104.14
2018-02-17,,101.6
2018-02-18,,101.6
2018-02-19,,99.06
2018-02-20,,99.06
2018-02-21,,101.6
2018-02-22,,101.6
2018-02-23,,121.92
2018-02-24,,127.0
2018-02-25,,121.92
2018-02-26,,119.38
2018-02-27,,134.62
2018-02-28,,132.08
2018-03-01,,129.54
2018-03-02,,127.0
2018-03-03,,124.46
2018-03-04,,124.46
2018-03-05,,121.92
2018-03-06,,132.08
2018-03-07,,132.08
2018-03-08,,132.08
2018-03-09,,129.54
2018-03-10,,129.54
2018-03-11,,127.0
2018-03-12,,127.0
2018-03-13,,124.46
2018-03-14,,121.92
2018-03-15,,124.46
2018-03-16,,124.46
2018-03-17,,127.0
2018-03-18,,127.0
2018-03-19,,129.54
2018-03-20,,134.62
2018-03-21,,132.08
2018-03-22,,129.54
2018-03-23,,127.0
2018-03-24,,124.46
2018-03-25,,124.46
2018-03-26,,121.92
2018-03-27,,121.92
2018-03-28,,119.38
2018-03-29,,119.38
2018-03-30,,119.38
2018-03-31,,119.38
2018-04-01,,124.46
2018-04-02,,124.46
2018-04-03,,121.92
2018-04-04,,114.3
2018-04-05,,109.22
2018-04-06,,109.22
2018-04-07,,106.68
2018-04-08,,106.68
2018-04-09,,106.68
2018-04-10,,106.68
2018-04-11,,106.68
2018-04-12,,104.14
2018-04-13,,104.14
2018-04-14,,104.14
2018-04-15,,104.14
2018-04-16,,104.14
2018-04-17,,104.14
2018-04-18,,101.6
2018-04-19,,101.6
2018-04-20,,101.6
2018-04-21,,104.14
2018-04-22,,101.6
2018-04-23,,104.14
2018-04-24,,101.6
2018-04-25,,101.6
2018-04-26,,101.6
2018-04-27,,99.06
2018-04-28,,99.06
2018-04-29,,99.06
2018-04-30,,101.6
2018-05-01,,109.22
2018-05-02,,109.22
2018-05-03,,109.22
2018-05-04,,106.68
2018-05-05,,104.14
2018-05-06,,101.6
2018-05-07,,101.6
2018-05-08,,101.6
2018-05-09,,99.06
2018-05-10,,93.98
2018-05-11,,86.36
2018-05-12,,81.28
2018-05-13,,78.74
2018-05-14,,73.66
2018-05-15,,66.04
2018-05-16,,60.96
2018-05-17,,58.42
2018-05-18,,53.34
2018-05-19,,43.18
2018-05-20,,38.1
2018-05-21,,22.86
2018-05-22,,15.24
2018-05-23,,7.62
2018-05-24,,0.0
2018-05-25,,0.0
2018-05-26,,0.0
2018-05-27,,0.0
2018-05-28,,0.0
2018-05-29,,0.0
2018-05-30,,0.0
2018-05-31,,0.0
2018-06-01,,0.0
2018-06-02,,0.0
2018-06-03,,0.0
2018-06-04,,0.0
2018-06-05,,0.0
2018-06-06,,0.0
2018-06-07,,0.0
2018-06-08,,0.0
2018-06-09,,0.0
2018-06-10,,0.0
2018-06-11,,0.0
2018-06-12,,0.0
2018-06-13,,0.0
2018-06-14,,0.0
2018-06-15,,0.0
2018-06-16,,0.0
2018-06-17,,0.0
2018-06-18,,0.0
2018-06-19,,0.0
2018-06-20,,0.0
2018-06-21,,0.0
2018-06-22,,0.0
2018-06-23,,0.0
2018-06-24,,0.0
2018-06-25,,0.0
2018-06-26,,0.0
2018-06-27,,0.0
2018-06-28,,0.0
2018-06-29,,0.0
2018-06-30,,0.0
2018-07-01,,0.0
2018-07-02,,0.0
2018-07-03,,0.0
2018-07-04,,0.0
2018-07-05,,0.0
2018-07-06,,0.0
2018-07-07,,0.0
2018-07-08,,0.0
2018-07-09,,0.0
2018-07-10,,0.0
2018-07-11,,0.0
2018-07-12,,0.0
2018-07-13,,0.0
2018-07-14,,0.0
2018-07-15,,0.0
2018-07-16,,0.0
2018-07-17,,0.0
2018-07-18,,0.0
2018-07-19,,0.0
2018-07-20,,0.0
2018-07-21,,0.0
2018-07-22,,0.0
2018-07-23,,0.0
2018-07-24,,0.0
2018-07-25,,0.0
2018-07-26,,0.0
2018-07-27,,0.0
2018-07-28,,0.0
2018-07-29,,0.0
2018-07-30,,0.0
2018-07-31,,0.0
2018-08-01,,0.0
2018-08-02,,0.0
2018-08-03,,0.0
2018-08-04,,0.0
2018-08-05,,0.0
2018-08-06,,0.0
2018-08-07,,0.0
2018-08-08,,0.0
2018-08-09,,0.0
2018-08-10,,0.0
2018-08-11,,0.0
2018-08-12,,0.0
2018-08-13,,0.0
2018-08-14,,0.0
2018-08-15,,0.0
2018-08-16,,0.0
2018-08-17,,0.0
2018-08-18,,0.0
2018-08-19,,0.0
2018-08-20,,0.0
2018-08-21,,0.0
2018-08-22,,0.0
2018-08-23,,0.0
2018-08-24,,0.0
2018-08-25,,0.0
2018-08-26,,0.0
2018-08-27,,0.0
2018-08-28,,0.0
2018-08-29,,0.0
2018-08-30,,0.0
2018-08-31,,0.0
2018-09-01,,0.0
2018-09-02,,0.0
2018-09-03,,0.0
2018-09-04,,0.0
2018-09-05,,0.0
2018-09-06,,0.0
2018-09-07,,0.0
2018-09-08,,0.0
2018-09-09,,0.0
2018-09-10,,0.0
2018-09-11,,0.0
2018-09-12,,0.0
2018-09-13,,0.0
2018-09-14,,0.0
2018-09-15,,0.0
2018-09-16,,0.0
2018-09-17,,0.0
2018-09-18,,0.0
2018-09-19,,0.0
2018-09-20,,0.0
2018-09-21,,0.0
2018-09-22,,0.0
2018-09-23,,5.08
2018-09-24,,0.0
2018-09-25,,0.0
2018-09-26,,0.0
2018-09-27,,0.0
2018-09-28,,0.0
2018-09-29,,0.0
2018-09-30,,0.0
2018-10-01,,0.0
2018-10-02,,0.0
2018-10-03,,0.0
2018-10-04,,0.0
2018-10-05,,0.0
2018-10-06,,0.0
2018-10-07,,0.0
2018-10-08,,0.0
2018-10-09,,0.0
2018-10-10,,0.0
2018-10-11,,0.0
2018-10-12,,5.08
2018-10-13,,5.08
2018-10-14,,5.08
2018-10-15,,7.62
2018-10-16,,5.08
2018-10-17,,2.54
2018-10-18,,2.54
2018-10-19,,2.54
2018-10-20,,2.54
2018-10-21,,7.62
2018-10-22,,7.62
2018-10-23,,7.62
2018-10-24,,5.08
2018-10-25,,5.08
2018-10-26,,5.08
2018-10-27,,2.54
2018-10-28,,5.08
2018-10-29,,5.08
2018-10-30,,7.62
2018-10-31,,7.62
2018-11-01,,7.62
2018-11-02,,7.62
2018-11-03,,7.62
2018-11-04,,7.62
2018-11-05,,7.62
2018-11-06,,7.62
2018-11-07,,7.62
2018-11-08,,7.62
2018-11-09,,7.62
2018-11-10,,10.16
2018-11-11,,15.24
2018-11-12,,12.7
2018-11-13,,15.24
2018-11-14,,17.78
2018-11-15,,17.78
2018-11-16,,17.78
2018-11-17,,17.78
2018-11-18,,17.78
2018-11-19,,17.78
2018-11-20,,17.78
2018-11-21,,17.78
2018-11-22,,17.78
2018-11-23,,17.78
2018-11-24,,17.78
2018-11-25,,17.78
2018-11-26,,20.32
2018-11-27,,17.78
2018-11-28,,17.78
2018-11-29,,17.78
2018-11-30,,17.78
2018-12-01,,17.78
2018-12-02,,17.78
2018-12-03,,20.32
2018-12-04,,25.4
2018-12-05,,22.86
2018-12-06,,22.86
2018-12-07,,22.86
2018-12-08,,22.86
2018-12-09,,22.86
2018-12-10,,25.4
2018-12-11,,25.4
2018-12-12,,27.94
2018-12-13,,27.94
2018-12-14,,27.94
2018-12-15,,27.94
2018-12-16,,27.94
2018-12-17,,27.94
2018-12-18,,33.02
2018-12-19,,30.48
2018-12-20,,33.02
2018-12-21,,30.48
2018-12-22,,27.94
2018-12-23,,30.48
2018-12-24,,30.48
2018-12-25,,30.48
2018-12-26,,30.48
2018-12-27,,30.48
2018-12-28,,30.48
2018-12-29,,27.94
2018-12-30,,27.94
2018-12-31,,30.48
2019-01-01,,30.48
2019-01-02,,30.48
2019-01-03,,38.1
2019-01-04,,38.1
2019-01-05,,35.56
2019-01-06,,35.56
2019-01-07,,35.56
2019-01-08,,35.56
2019-01-09,,35.56
2019-01-10,,35.56
2019-01-11,,35.56
2019-01-12,,35.56
2019-01-13,,38.1
2019-01-14,,38.1
2019-01-15,,35.56
2019-01-16,,35.56
2019-01-17,,35.56
2019-01-18,,33.02
2019-01-19,,33.02
2019-01-20,,33.02
2019-01-21,,33.02
2019-01-22,,33.02
2019-01-23,,38.1
2019-01-24,,35.56
2019-01-25,,35.56
2019-01-26,,43.18
2019-01-27,,45.72
2019-01-28,,43.18
2019-01-29,,43.18
2019-01-30,,43.18
2019-01-31,,40.64
2019-02-01,,40.64
2019-02-02,,40.64
2019-02-03,,40.64
2019-02-04,,43.18
2019-02-05,,45.72
2019-02-06,,48.26
2019-02-07,,45.72
2019-02-08,,45.72
2019-02-09,,50.8
2019-02-10,,48.26
2019-02-11,,48.26
2019-02-12,,48.26
2019-02-13,,76.2
2019-02-14,,73.66
2019-02-15,,68.58
2019-02-16,,66.04
2019-02-17,,63.5
2019-02-18,,66.04
2019-02-19,,73.66
2019-02-20,,78.74
2019-02-21,,76.2
2019-02-22,,73.66
2019-02-23,,71.12
2019-02-24,,71.12
2019-02-25,,68.58
2019-02-26,,66.04
2019-02-27,,66.04
2019-02-28,,66.04
2019-03-01,,63.5
2019-03-02,,63.5
2019-03-03,,63.5
2019-03-04,,63.5
2019-03-05,,63.5
2019-03-06,,63.5
2019-03-07,,63.5
2019-03-08,,63.5
2019-03-09,,63.5
2019-03-10,,63.5
2019-03-11,,63.5
2019-03-12,,60.96
2019-03-13,,66.04
2019-03-14,,63.5
2019-03-15,,63.5
2019-03-16,,63.5
2019-03-17,,60.96
2019-03-18,,60.96
2019-03-19,,60.96
2019-03-20,,60.96
2019-03-21,,60.96
2019-03-22,,58.42
2019-03-23,,55.88
2019-03-24,,55.88
2019-03-25,,53.34
2019-03-26,,66.04
2019-03-27,,63.5
2019-03-28,,66.04
2019-03-29,,66.04
2019-03-30,,66.04
2019-03-31,,66.04
2019-04-01,,66.04
2019-04-02,,63.5
2019-04-03,,63.5
2019-04-04,,63.5
2019-04-05,,63.5
2019-04-06,,63.5
2019-04-07,,63.5
2019-04-08,,63.5
2019-04-09,,60.96
2019-04-10,,58.42
2019-04-11,,58.42
2019-04-12,,55.88
2019-04-13,,55.88
2019-04-14,,55.88
2019-04-15,,55.88
2019-04-16,,55.88
2019-04-17,,55.88
2019-04-18,,55.88
2019-04-19,,58.42
2019-04-20,,60.96
2019-04-21,,60.96
2019-04-22,,58.42
2019-04-23,,55.88
2019-04-24,,71.12
2019-04-25,,68.58
2019-04-26,,68.58
2019-04-27,,66.04
2019-04-28,,66.04
2019-04-29,,63.5
2019-04-30,,60.96
2019-05-01,,58.42
2019-05-02,,53.34
2019-05-03,,53.34
2019-05-04,,53.34
2019-05-05,,53.34
2019-05-06,,50.8
2019-05-07,,50.8
2019-05-08,,48.26
2019-05-09,,45.72
2019-05-10,,40.64
2019-05-11,,35.56
2019-05-12,,33.02
2019-05-13,,25.4
2019-05-14,,17.78
2019-05-15,,10.16
2019-05-16,,2.54
2019-05-17,,0.0
2019-05-18,,0.0
2019-05-19,,0.0
2019-05-20,,0.0
2019-05-21,,0.0
2019-05-22,,0.0
2019-05-23,,0.0
2019-05-24,,0.0
2019-05-25,,0.0
2019-05-26,,0.0
2019-05-27,,0.0
2019-05-28,,0.0
2019-05-29,,0.0
2019-05-30,,0.0
2019-05-31,,0.0
2019-06-01,,0.0
2019-06-02,,0.0
2019-06-03,,0.0
2019-06-04,,0.0
2019-06-05,,0.0
2019-06-06,,0.0
2019-06-07,,0.0
2019-06-08,,0.0
2019-06-09,,0.0
2019-06-10,,0.0
2019-06-11,,0.0
2019-06-12,,0.0
2019-06-13,,0.0
2019-06-14,,0.0
2019-06-15,,0.0
2019-06-16,,0.0
2019-06-17,,0.0
2019-06-18,,0.0
2019-06-19,,0.0
2019-06-20,,0.0
2019-06-21,,0.0
2019-06-22,,0.0
2019-06-23,,0.0
2019-06-24,,0.0
2019-06-25,,0.0
2019-06-26,,0.0
2019-06-27,,0.0
2019-06-28,,0.0
2019-06-29,,0.0
2019-06-30,,0.0
2019-07-01,,0.0
2019-07-02,,0.0
2019-07-03,,0.0
2019-07-04,,0.0
2019-07-05,,0.0
2019-07-06,,0.0
2019-07-07,,0.0
2019-07-08,,0.0
2019-07-09,,0.0
2019-07-10,,0.0
2019-07-11,,0.0
2019-07-12,,0.0
2019-07-13,,0.0
2019-07-14,,0.0
2019-07-15,,0.0
2019-07-16,,0.0
2019-07-17,,0.0
2019-07-18,,0.0
2019-07-19,,0.0
2019-07-20,,0.0
2019-07-21,,0.0
2019-07-22,,0.0
2019-07-23,,0.0
2019-07-25,,0.0
2019-07-26,,0.0
2019-07-27,,0.0
2019-07-28,,0.0
2019-07-29,,0.0
2019-07-30,,0.0
2019-07-31,,0.0
2019-08-01,,0.0
2019-08-02,,0.0
2019-08-03,,0.0
2019-08-04,,0.0
2019-08-05,,0.0
2019-08-06,,0.0
2019-08-07,,0.0
2019-08-08,,0.0
2019-08-09,,0.0
2019-08-10,,0.0
2019-08-11,,0.0
2019-08-12,,0.0
2019-08-13,,0.0
2019-08-14,,0.0
2019-08-15,,0.0
2019-08-16,,0.0
2019-08-17,,0.0
2019-08-18,,0.0
2019-08-19,,0.0
2019-08-20,,0.0
2019-08-21,,0.0
2019-08-22,,0.0
2019-08-23,,0.0
2019-08-24,,0.0
2019-08-25,,0.0
2019-08-26,,0.0
2019-08-27,,0.0
2019-08-28,,0.0
2019-08-29,,0.0
2019-08-30,,0.0
2019-08-31,,0.0
2019-09-01,,0.0
2019-09-02,,0.0
2019-09-03,,0.0
2019-09-04,,0.0
2019-09-05,,0.0
2019-09-06,,0.0
2019-09-07,,0.0
2019-09-08,,0.0
2019-09-09,,0.0
2019-09-10,,0.0
2019-09-11,0.0,0.0
2019-09-12,0.0,0.0
2019-09-13,0.0,0.0
2019-09-14,0.0,0.0
2019-09-15,0.0,0.0
2019-09-16,0.0,0.0
2019-09-17,0.0,0.0
2019-09-18,0.0,0.0
2019-09-19,0.0,0.0
2019-09-20,0.0,0.0
2019-09-21,0.0,0.0
2019-09-22,0.0,0.0
2019-09-23,0.0,0.0
2019-09-24,0.0,0.0
2019-09-25,0.0,0.0
2019-09-26,0.0,0.0
2019-09-27,0.0,0.0
2019-09-28,0.0,0.0
2019-09-29,0.0,0.0
2019-09-30,0.0,0.0
2019-10-01,0.0,0.0
2019-10-02,0.0,0.0
2019-10-03,1.016,12.7
2019-10-04,1.524,15.24
2019-10-05,2.794,22.86
2019-10-06,4.064,33.02
2019-10-07,4.318,33.02
2019-10-08,4.318,30.48
2019-10-09,5.334,35.56
2019-10-10,6.604,40.64
2019-10-11,6.858,40.64
2019-10-12,6.858,38.1
2019-10-13,7.112,38.1
2019-10-14,7.112,35.56
2019-10-15,6.604,35.56
2019-10-16,6.604,35.56
2019-10-17,6.604,33.02
2019-10-18,6.604,33.02
2019-10-19,6.604,33.02
2019-10-20,6.604,33.02
2019-10-21,6.604,33.02
2019-10-22,6.604,33.02
2019-10-23,6.604,33.02
2019-10-24,6.604,35.56
2019-10-25,6.604,33.02
2019-10-26,7.366,40.64
2019-10-27,7.62,35.56
2019-10-28,7.62,35.56
2019-10-29,7.62,35.56
2019-10-30,7.62,33.02
2019-10-31,8.382,40.64
2019-11-01,8.382,40.64
2019-11-02,8.382,38.1
2019-11-03,8.382,38.1
2019-11-04,8.382,38.1
2019-11-05,8.382,38.1
2019-11-06,8.382,38.1
2019-11-07,9.652,50.8
2019-11-08,9.652,45.72
2019-11-09,9.652,45.72
2019-11-10,9.652,45.72
2019-11-11,9.652,45.72
2019-11-12,9.652,43.18
2019-11-13,9.652,40.64
2019-11-14,9.652,33.02
2019-11-15,9.652,35.56
2019-11-16,9.652,33.02
2019-11-17,9.652,33.02
2019-11-18,9.652,33.02
2019-11-19,9.652,33.02
2019-11-20,9.906,35.56
2019-11-21,10.414,43.18
2019-11-22,10.414,43.18
2019-11-23,10.414,43.18
2019-11-24,10.414,43.18
2019-11-25,10.414,43.18
2019-11-26,10.414,43.18
2019-11-27,10.668,45.72
2019-11-28,10.668,45.72
2019-11-29,11.684,55.88
2019-11-30,11.938,58.42
2019-12-01,11.938,55.88
2019-12-02,11.938,60.96
2019-12-03,11.938,58.42
2019-12-04,11.938,55.88
2019-12-05,11.938,53.34
2019-12-06,11.938,55.88
2019-12-07,11.938,55.88
2019-12-08,11.938,55.88
2019-12-09,11.938,55.88
2019-12-10,11.938,55.88
2019-12-11,11.938,55.88
2019-12-12,11.938,53.34
2019-12-13,11.938,53.34
2019-12-14,11.938,53.34
2019-12-15,11.938,53.34
2019-12-16,11.938,53.34
2019-12-17,11.938,53.34
2019-12-18,11.938,53.34
2019-12-19,11.938,53.34
2019-12-20,11.938,50.8
2019-12-21,12.192,53.34
2019-12-22,12.192,50.8
2019-12-23,12.192,53.34
2019-12-24,12.192,53.34
2019-12-25,12.192,53.34
2019-12-26,12.7,58.42
2019-12-27,12.7,58.42
2019-12-28,12.7,58.42
2019-12-29,12.7,58.42
2019-12-30,12.7,58.42
2019-12-31,12.7,58.42
2020-01-01,12.7,58.42
2020-01-02,12.7,58.42
2020-01-03,12.954,60.96
2020-01-04,12.954,60.96
2020-01-05,12.954,60.96
2020-01-06,12.954,60.96
2020-01-07,12.954,60.96
2020-01-08,12.954,58.42
2020-01-09,12.954,58.42
2020-01-10,12.954,58.42
2020-01-11,12.954,58.42
2020-01-12,12.954,58.42
2020-01-13,12.954,58.42
2020-01-14,13.462,60.96
2020-01-15,13.97,66.04
2020-01-16,13.97,66.04
2020-01-17,13.97,66.04
2020-01-18,13.97,63.5
2020-01-19,13.97,63.5
2020-01-20,13.97,63.5
2020-01-21,13.97,63.5
2020-01-22,13.97,60.96
2020-01-23,13.97,58.42
2020-01-24,14.224,60.96
2020-01-25,14.478,63.5
2020-01-26,14.478,63.5
2020-01-27,14.478,63.5
2020-01-28,14.478,66.04
2020-01-29,14.732,66.04
2020-01-30,14.732,66.04
2020-01-31,14.732,66.04
2020-02-01,14.986,68.58
2020-02-02,14.986,68.58
2020-02-03,14.986,68.58
2020-02-04,15.24,71.12
2020-02-05,15.494,73.66
2020-02-06,15.494,73.66
2020-02-07,15.748,78.74
2020-02-08,15.748,81.28
2020-02-09,15.748,81.28
2020-02-10,16.764,91.44
2020-02-11,16.764,91.44
2020-02-12,16.764,88.9
2020-02-13,16.764,88.9
2020-02-14,16.764,86.36
2020-02-15,16.764,83.82
2020-02-16,17.018,83.82
2020-02-17,17.018,83.82
2020-02-18,17.018,81.28
2020-02-19,17.272,81.28
2020-02-20,17.272,76.2
2020-02-21,17.272,81.28
2020-02-22,17.272,78.74
2020-02-23,17.78,83.82
2020-02-24,17.78,83.82
2020-02-25,17.78,83.82
2020-02-26,17.78,83.82
2020-02-27,17.78,83.82
2020-02-28,17.78,81.28
2020-02-29,17.78,81.28
2020-03-01,17.78,81.28
2020-03-02,18.034,83.82
2020-03-03,18.288,86.36
2020-03-04,18.288,83.82
2020-03-05,18.288,83.82
2020-03-06,18.288,83.82
2020-03-07,18.288,83.82
2020-03-08,18.542,86.36
2020-03-09,19.05,93.98
2020-03-10,19.304,96.52
2020-03-11,19.304,96.52
2020-03-12,19.304,96.52
2020-03-13,19.558,96.52
2020-03-14,19.558,93.98
2020-03-15,19.558,93.98
2020-03-16,19.558,93.98
2020-03-17,19.558,93.98
2020-03-18,19.558,91.44
2020-03-19,19.812,96.52
2020-03-20,19.812,96.52
2020-03-21,20.32,101.6
2020-03-22,21.082,109.22
2020-03-23,21.082,109.22
2020-03-24,22.352,127.0
2020-03-25,23.622,139.7
2020-03-26,24.892,147.32
2020-03-27,25.146,142.24
2020-03-28,25.146,137.16
2020-03-29,25.146,129.54
2020-03-30,25.146,116.84
2020-03-31,25.146,116.84
2020-04-01,25.146,114.3
2020-04-02,25.146,114.3
2020-04-03,25.146,114.3
2020-04-04,25.146,114.3
2020-04-05,25.4,119.38
2020-04-06,26.416,129.54
2020-04-07,27.432,139.7
2020-04-08,27.432,137.16
2020-04-09,27.432,137.16
2020-04-10,27.432,134.62
2020-04-11,28.194,142.24
2020-04-12,28.448,137.16
2020-04-13,28.702,137.16
2020-04-14,29.21,139.7
2020-04-15,29.464,134.62
2020-04-16,29.464,132.08
2020-04-17,29.464,124.46
2020-04-18,29.464,121.92
2020-04-19,29.718,114.3
2020-04-20,27.94,111.76
2020-04-21,26.162,106.68
2020-04-22,26.162,106.68
2020-04-23,25.908,104.14
2020-04-24,25.654,104.14
2020-04-25,25.654,101.6
2020-04-26,25.654,101.6
2020-04-27,25.654,101.6
2020-04-28,25.654,101.6
2020-04-29,25.654,101.6
2020-04-30,25.654,101.6
2020-05-01,25.654,101.6
2020-05-02,25.654,99.06
2020-05-03,25.654,99.06
2020-05-04,25.654,99.06
2020-05-05,25.146,93.98
2020-05-06,24.384,91.44
2020-05-07,23.876,86.36
2020-05-08,23.368,81.28
2020-05-09,22.098,73.66
2020-05-10,20.574,66.04
2020-05-11,18.034,60.96
2020-05-12,14.478,48.26
2020-05-13,11.938,43.18
2020-05-14,9.144,35.56
2020-05-15,7.874,30.48
2020-05-16,6.096,22.86
2020-05-17,4.826,17.78
2020-05-18,4.064,15.24
2020-05-19,1.778,5.08
2020-05-20,1.016,2.54
2020-05-21,0.0,0.0
2020-05-22,0.0,0.0
2020-05-23,0.0,0.0
2020-05-24,0.0,0.0
2020-05-25,0.0,0.0
2020-05-26,0.0,0.0
2020-05-27,0.0,0.0
2020-05-28,0.0,0.0
2020-05-29,0.0,0.0
2020-05-30,0.0,0.0
2020-05-31,0.0,0.0
2020-06-01,0.0,0.0
2020-06-02,0.0,0.0
2020-06-03,0.0,0.0
2020-06-04,0.0,0.0
2020-06-05,0.0,0.0
2020-06-06,0.0,0.0
2020-06-07,0.0,0.0
2020-06-08,0.0,0.0
2020-06-09,0.0,0.0
2020-06-10,0.0,0.0
2020-06-11,0.0,0.0
2020-06-12,0.0,0.0
2020-06-13,0.0,0.0
2020-06-14,0.0,0.0
2020-06-15,0.0,0.0
2020-06-16,0.0,0.0
2020-06-17,0.0,0.0
2020-06-18,0.0,0.0
2020-06-19,0.0,0.0
2020-06-20,0.0,0.0
2020-06-21,0.0,0.0
2020-06-22,0.0,0.0
2020-06-23,0.0,0.0
2020-06-24,0.0,0.0
2020-06-25,0.0,0.0
2020-06-26,0.0,0.0
2020-06-27,0.0,0.0
2020-06-28,0.0,0.0
2020-06-29,0.0,0.0
2020-06-30,0.0,0.0
2020-07-01,0.0,0.0
2020-07-02,0.0,0.0
2020-07-03,0.0,0.0
2020-07-04,0.0,0.0
2020-07-05,0.0,0.0
2020-07-06,0.0,0.0
2020-07-07,0.0,0.0
2020-07-08,0.0,0.0
2020-07-09,0.0,0.0
2020-07-10,0.0,0.0
2020-07-11,0.0,0.0
2020-07-12,0.0,0.0
2020-07-13,0.0,0.0
2020-07-14,0.0,0.0
2020-07-15,0.0,0.0
2020-07-16,0.0,0.0
2020-07-17,0.0,0.0
2020-07-18,0.0,0.0
2020-07-19,0.0,0.0
2020-07-20,0.0,0.0
2020-07-21,0.0,0.0
2020-07-22,0.0,0.0
2020-07-23,0.0,0.0
2020-07-24,0.0,0.0
2020-07-25,0.0,0.0
2020-07-26,0.0,0.0
2020-07-27,0.0,0.0
2020-07-28,0.0,0.0
2020-07-29,0.0,0.0
2020-07-30,0.0,0.0
2020-07-31,0.0,0.0
2020-08-01,0.0,0.0
2020-08-02,0.0,0.0
2020-08-03,0.0,0.0
2020-08-04,0.0,0.0
2020-08-05,0.0,0.0
2020-08-06,0.0,0.0
2020-08-07,0.0,0.0
2020-08-08,0.0,0.0
2020-08-09,0.0,0.0
2020-08-10,0.0,0.0
2020-08-11,0.0,0.0
2020-08-12,0.0,0.0
2020-08-13,0.0,0.0
2020-08-14,0.0,0.0
2020-08-15,0.0,0.0
2020-08-16,0.0,0.0
2020-08-17,0.0,0.0
2020-08-18,0.0,0.0
2020-08-19,0.0,0.0
2020-08-20,0.0,0.0
2020-08-21,0.0,0.0
2020-08-22,0.0,0.0
2020-08-23,0.0,0.0
2020-08-24,0.0,2.54
2020-08-25,0.0,0.0
2020-08-26,0.0,0.0
2020-08-27,0.0,0.0
2020-08-28,0.0,0.0
2020-08-29,0.0,0.0
2020-08-30,0.0,0.0
2020-08-31,0.0,0.0
2020-09-01,0.0,0.0
2020-09-02,0.0,0.0
2020-09-03,0.0,0.0
2020-09-04,0.0,0.0
2020-09-05,0.0,0.0
2020-09-06,0.0,0.0
2020-09-07,0.0,0.0
2020-09-08,0.0,0.0
2020-09-09,0.0,0.0
2020-09-10,0.0,0.0
2020-09-11,0.0,0.0
2020-09-12,0.0,0.0
2020-09-13,0.0,0.0
2020-09-14,0.0,0.0
2020-09-15,0.0,0.0
2020-09-16,0.0,0.0
2020-09-17,0.0,0.0
2020-09-18,0.0,0.0
2020-09-19,0.0,0.0
2020-09-20,0.0,0.0
2020-09-21,0.0,0.0
2020-09-22,0.0,0.0
2020-09-23,0.0,0.0
2020-09-24,0.0,0.0
2020-09-25,0.0,0.0
2020-09-26,0.0,0.0
2020-09-27,0.0,0.0
2020-09-28,0.0,0.0
2020-09-29,0.0,0.0
2020-09-30,0.0,0.0
2020-10-01,0.0,0.0
2020-10-02,0.0,0.0
2020-10-03,0.0,0.0
2020-10-04,0.0,0.0
2020-10-05,0.0,0.0
2020-10-06,0.0,0.0
2020-10-07,0.0,0.0
2020-10-08,0.0,0.0
2020-10-09,0.0,0.0
2020-10-10,0.0,0.0
2020-10-11,0.0,0.0
2020-10-12,0.0,0.0
2020-10-13,0.0,0.0
2020-10-14,0.0,0.0
2020-10-15,0.0,0.0
2020-10-16,0.0,0.0
2020-10-17,0.508,5.08
2020-10-18,0.508,5.08
2020-10-19,0.508,5.08
2020-10-20,0.508,5.08
2020-10-21,0.508,5.08
2020-10-22,0.508,5.08
2020-10-23,0.508,5.08
2020-10-24,0.508,5.08
2020-10-25,0.508,5.08
2020-10-26,0.508,5.08
2020-10-27,1.27,5.08
2020-10-28,1.27,7.62
2020-10-29,1.27,5.08
2020-10-30,1.27,7.62
2020-10-31,1.27,7.62
2020-11-01,1.27,7.62
2021-08-17,0.508,2.54
2021-08-18,0.508,2.54
2021-08-19,0.508,0.0
2021-08-20,0.508,0.0
2021-08-21,0.508,0.0
2021-08-22,0.508,0.0
2021-08-23,0.508,0.0
2021-08-24,0.254,0.0
2021-08-25,0.254,0.0
2021-08-26,0.254,0.0
2021-08-27,0.508,0.0
2021-08-28,0.508,0.0
2021-08-29,0.0,0.0
2021-08-30,0.0,0.0
2021-08-31,0.0,0.0
2021-09-01,0.0,0.0
2021-09-02,0.0,0.0
2021-09-03,0.0,0.0
2021-09-04,0.0,0.0
2021-09-05,0.0,0.0
2021-09-06,0.0,0.0
2021-09-07,0.0,0.0
2021-09-08,0.0,0.0
2021-09-09,0.0,0.0
2021-09-10,0.0,0.0
2021-09-11,0.0,0.0
2021-09-12,0.0,0.0
2021-09-13,0.0,0.0
2021-09-14,0.0,0.0
2021-09-15,0.0,0.0
2021-09-16,0.0,0.0
2021-09-17,0.0,0.0
2021-09-18,0.0,0.0
2021-09-19,0.0,0.0
2021-09-20,0.0,0.0
2021-09-21,0.508,5.08
2021-09-22,0.508,5.08
2021-09-23,0.508,5.08
2021-09-24,0.762,7.62
2021-09-25,1.27,10.16
2021-09-26,1.27,10.16
2021-09-27,1.27,10.16
2021-09-28,1.27,10.16
2021-09-29,1.27,7.62
2021-09-30,1.27,7.62
2021-10-01,0.508,7.62
2021-10-02,0.762,10.16
2021-10-03,0.762,10.16
2021-10-04,1.016,12.7
2021-10-05,1.016,12.7
2021-10-06,1.016,12.7
2021-10-07,1.016,12.7
2021-10-08,2.032,25.4
2021-10-09,2.032,22.86
2021-10-10,2.286,25.4
2021-10-11,2.54,27.94
2021-10-12,2.794,27.94
2021-10-13,2.794,25.4
2021-10-14,2.794,25.4
2021-10-15,2.794,25.4
2021-10-16,2.794,25.4
2021-10-17,2.794,25.4
2021-10-18,2.794,25.4
2021-10-19,2.794,25.4
2021-10-20,2.794,22.86
2021-10-21,2.794,22.86
2021-10-22,2.794,22.86
2021-10-23,2.794,22.86
2021-10-24,2.794,22.86
2021-10-25,2.794,22.86
2021-10-26,3.048,22.86
2021-10-27,3.048,22.86
2021-10-28,3.048,25.4
2021-10-29,3.048,22.86
2021-10-30,3.048,22.86
2021-10-31,3.048,22.86
2021-11-01,3.302,22.86
2021-11-02,3.302,22.86
2021-11-03,3.302,22.86
2021-11-04,3.81,27.94
2021-11-05,3.81,27.94
2021-11-06,4.064,27.94
2021-11-07,4.318,30.48
2021-11-08,4.572,33.02
2021-11-09,4.826,30.48
2021-11-10,5.08,30.48
2021-11-11,5.08,30.48
2021-11-12,5.08,30.48
2021-11-13,5.334,30.48
2021-11-14,5.334,30.48
2021-11-15,5.334,30.48
2021-11-16,5.334,30.48
2021-11-17,5.588,33.02
2021-11-18,5.588,30.48
2021-11-19,5.588,30.48
2021-11-20,5.588,30.48
2021-11-21,5.588,30.48
2021-11-22,5.588,30.48
2021-11-23,5.588,30.48
2021-11-24,5.588,30.48
2021-11-25,5.588,30.48
2021-11-26,5.588,30.48
2021-11-27,5.588,30.48
2021-11-28,5.588,30.48
2021-11-29,5.588,30.48
2021-11-30,5.588,30.48
2021-12-01,5.588,30.48
2021-12-02,5.842,33.02
2021-12-03,5.842,33.02
2021-12-04,5.842,33.02
2021-12-05,5.842,33.02
2021-12-06,5.842,33.02
2021-12-07,5.842,33.02
2021-12-08,6.35,40.64
2021-12-09,6.35,43.18
2021-12-10,6.604,45.72
2021-12-11,6.604,43.18
2021-12-12,6.604,43.18
2021-12-13,6.604,43.18
2021-12-14,6.604,40.64
2021-12-15,6.604,40.64
2021-12-16,6.604,40.64
2021-12-17,6.858,43.18
2021-12-18,7.62,55.88
2021-12-19,7.62,55.88
2021-12-20,8.89,66.04
2021-12-21,9.398,71.12
2021-12-22,9.652,71.12
2021-12-23,9.652,68.58
2021-12-24,9.906,68.58
2021-12-25,10.16,66.04
2021-12-26,10.668,73.66
2021-12-27,14.478,106.68
2021-12-28,15.748,104.14
2021-12-29,16.764,114.3
2021-12-30,18.542,127.0
2021-12-31,18.796,121.92
2022-01-01,18.796,116.84
2022-01-02,19.05,114.3
2022-01-03,18.542,104.14
2022-01-04,17.272,93.98
2022-01-05,17.272,91.44
2022-01-06,17.272,91.44
2022-01-07,17.526,91.44
2022-01-08,17.526,88.9
2022-01-09,17.526,88.9
2022-01-10,17.526,88.9
2022-01-11,17.526,88.9
2022-01-12,17.78,88.9
2022-01-13,17.78,88.9
2022-01-14,17.78,88.9
2022-01-15,17.78,86.36
2022-01-16,17.78,86.36
2022-01-17,17.78,86.36
2022-01-18,17.78,86.36
2022-01-19,17.78,86.36
2022-01-20,17.78,86.36
2022-01-21,18.034,86.36
2022-01-22,18.034,88.9
2022-01-23,18.034,86.36
2022-01-24,18.034,86.36
2022-01-25,18.034,86.36
2022-01-26,18.542,93.98
2022-01-27,18.542,93.98
2022-01-28,18.542,88.9
2022-01-29,18.542,86.36
2022-01-30,18.542,86.36
2022-01-31,18.542,86.36
2022-02-01,18.542,86.36
2022-02-02,18.796,86.36
2022-02-03,18.796,86.36
2022-02-04,17.78,73.66
2022-02-05,17.272,71.12
2022-02-06,17.526,76.2
2022-02-07,17.78,83.82
2022-02-08,18.034,86.36
2022-02-09,18.288,86.36
2022-02-10,18.288,88.9
2022-02-11,18.542,88.9
2022-02-12,18.542,86.36
2022-02-13,18.542,86.36
2022-02-14,19.05,93.98
2022-02-15,19.05,91.44
2022-02-16,19.05,91.44
2022-02-17,19.05,91.44
2022-02-18,19.05,86.36
2022-02-19,19.05,88.9
2022-02-20,19.05,88.9
2022-02-21,19.05,88.9
2022-02-22,19.304,88.9
2022-02-23,20.32,99.06
2022-02-24,20.32,99.06
2022-02-25,20.32,96.52
2022-02-26,20.32,96.52
2022-02-27,20.32,96.52
2022-02-28,20.574,96.52
2022-03-01,20.574,96.52
2022-03-02,20.574,96.52
2022-03-03,20.574,93.98
2022-03-04,20.574,93.98
2022-03-05,20.574,93.98
2022-03-06,20.574,93.98
2022-03-07,20.574,93.98
2022-03-08,20.574,93.98
2022-03-09,20.574,93.98
2022-03-10,20.828,93.98
2022-03-11,20.828,93.98
2022-03-12,20.828,93.98
2022-03-13,20.828,91.44
2022-03-14,20.828,91.44
2022-03-15,20.828,91.44
2022-03-16,21.082,91.44
2022-03-17,21.082,91.44
2022-03-18,21.082,91.44
2022-03-19,21.082,88.9
2022-03-20,21.082,88.9
2022-03-21,21.082,88.9
2022-03-22,21.082,88.9
2022-03-23,21.082,88.9
2022-03-24,21.336,88.9
2022-03-25,21.336,88.9
2022-03-26,21.336,88.9
2022-03-27,21.336,88.9
2022-03-28,21.336,88.9
2022-03-29,21.336,86.36
2022-03-30,21.336,86.36
2022-03-31,21.336,86.36
2022-04-01,21.336,86.36
2022-04-02,21.336,86.36
2022-04-03,21.336,88.9
2022-04-04,21.336,88.9
2022-04-05,21.336,88.9
2022-04-06,21.336,88.9
2022-04-07,21.336,88.9
2022-04-08,21.336,88.9
2022-04-09,21.336,91.44
2022-04-10,21.336,91.44
2022-04-11,21.336,91.44
2022-04-12,21.336,91.44
2022-04-13,21.336,88.9
2022-04-14,21.336,88.9
2022-04-15,21.336,88.9
2022-04-16,20.828,86.36
2022-04-17,20.828,86.36
2022-04-18,20.828,86.36
2022-04-19,20.828,86.36
2022-04-20,20.828,86.36
2022-04-21,20.574,83.82
2022-04-22,19.558,83.82
2022-04-23,18.796,81.28
2022-04-24,18.542,78.74
2022-04-25,17.78,76.2
2022-04-26,17.78,71.12
2022-04-27,17.78,66.04
2022-04-28,17.272,63.5
2022-04-29,16.764,58.42
2022-04-30,16.002,55.88
2022-05-01,15.24,53.34
2022-05-02,14.478,48.26
2022-05-03,13.97,45.72
2022-05-04,13.208,45.72
2022-05-05,12.446,40.64
2022-05-06,11.684,38.1
2022-05-07,11.176,35.56
2022-05-08,10.414,33.02
2022-05-09,10.414,33.02
2022-05-10,11.176,40.64
2022-05-11,11.43,38.1
2022-05-12,11.43,35.56
2022-05-13,12.192,43.18
2022-05-14,12.7,43.18
2022-05-15,12.446,40.64
2022-05-16,11.938,38.1
2022-05-17,11.684,38.1
2022-05-18,10.668,33.02
2022-05-19,9.398,30.48
2022-05-20,7.112,22.86
2022-05-21,4.572,15.24
2022-05-22,1.524,7.62
2022-05-23,0.0,0.0
2022-05-24,0.0,0.0
2022-05-25,0.0,0.0
2022-05-26,0.0,0.0
2022-05-27,0.0,0.0
2022-05-28,0.0,0.0
2022-05-29,0.0,0.0
2022-05-30,0.0,0.0
2022-05-31,0.0,0.0
2022-06-01,0.0,0.0
2022-06-02,0.0,0.0
2022-06-03,0.0,0.0
2022-06-04,0.0,0.0
2022-06-05,0.0,0.0
2022-06-06,0.0,0.0
2022-06-07,0.0,0.0
2022-06-08,0.0,0.0
2022-06-09,0.0,0.0
2022-06-10,0.0,0.0
2022-06-11,0.0,0.0
2022-06-12,0.0,0.0
2022-06-13,0.0,0.0
2022-06-14,0.0,0.0
2022-06-15,0.0,0.0
2022-06-16,0.0,0.0
2022-06-17,0.0,0.0
2022-06-18,0.0,0.0
2022-06-19,0.0,0.0
2022-06-20,0.0,0.0
2022-06-21,0.0,0.0
2022-06-22,0.0,0.0
2022-06-23,0.0,0.0
2022-06-24,0.0,0.0
2022-06-25,0.0,0.0
2022-06-26,0.0,0.0
2022-06-27,0.0,0.0
2022-06-28,0.0,0.0
2022-06-29,0.0,0.0
2022-06-30,0.0,0.0
2022-07-01,0.0,0.0
2022-07-02,0.0,0.0
2022-07-03,0.0,0.0
2022-07-04,0.0,0.0
2022-07-05,0.0,0.0
2022-07-06,0.0,0.0
2022-07-07,0.0,0.0
2022-07-08,0.0,0.0
2022-07-09,0.0,0.0
2022-07-10,0.0,0.0
2022-07-11,0.0,0.0
2022-07-12,0.0,0.0
2022-07-13,0.0,0.0
2022-07-14,0.0,0.0
2022-07-15,0.0,0.0
2022-07-16,0.0,0.0
2022-07-17,0.0,0.0
2022-07-18,0.0,0.0
2022-07-19,0.0,0.0
2022-07-20,0.0,0.0
2022-07-21,0.0,0.0
2022-07-22,0.0,0.0
2022-07-23,0.0,0.0
2022-07-24,0.0,0.0
2022-07-25,0.0,0.0
2022-07-26,0.0,0.0
2022-07-27,0.0,0.0
2022-07-28,0.0,0.0
2022-07-29,0.0,0.0
2022-07-30,0.0,0.0
2022-07-31,0.0,0.0
2022-08-01,0.0,0.0
2022-08-02,0.0,0.0
2022-08-03,0.0,0.0
2022-08-04,0.0,0.0
2022-08-05,0.0,0.0
2022-08-06,0.0,0.0
2022-08-07,0.0,0.0
2022-08-08,0.0,0.0
2022-08-09,0.0,0.0
2022-08-10,0.0,0.0
2022-08-11,0.0,0.0
2022-08-12,0.0,0.0
2022-08-13,0.0,0.0
2022-08-14,0.0,0.0
2022-08-15,0.0,0.0
2022-08-16,0.0,0.0
2022-08-17,0.0,0.0
2022-08-18,0.0,0.0
2022-08-19,0.0,0.0
2022-08-20,0.0,0.0
2022-08-21,0.0,0.0
2022-08-22,0.0,0.0
2022-08-23,0.0,0.0
2022-08-24,0.0,0.0
2022-08-25,0.0,0.0
2022-08-26,0.0,0.0
2022-08-27,0.0,0.0
2022-08-28,0.0,0.0
2022-08-29,0.0,0.0
2022-08-30,0.0,0.0
2022-08-31,0.0,0.0
2022-09-01,0.0,0.0
2022-09-02,0.0,0.0
2022-09-03,0.0,0.0
2022-09-04,0.0,0.0
2022-09-05,0.0,0.0
2022-09-06,0.0,0.0
2022-09-07,0.0,0.0
2022-09-08,0.0,0.0
2022-09-09,0.0,0.0
2022-09-10,0.0,0.0
2022-09-11,0.0,0.0
2022-09-12,0.0,0.0
2022-09-13,0.0,0.0
2022-09-14,0.0,0.0
2022-09-15,0.0,0.0
2022-09-16,0.0,0.0
2022-09-17,0.0,0.0
2022-09-18,0.0,0.0
2022-09-19,0.0,0.0
2022-09-20,0.0,0.0
2022-09-21,0.0,0.0
2022-09-22,0.0,0.0
2022-09-23,0.0,0.0
2022-09-24,0.0,0.0
2022-09-25,0.0,0.0
2022-09-26,0.0,0.0
2022-09-27,0.0,0.0
2022-09-28,0.0,0.0
2022-09-29,0.0,0.0
2022-09-30,0.0,0.0
2022-10-01,0.0,0.0
2022-10-02,0.0,0.0
2022-10-03,0.0,0.0
2022-10-04,0.0,0.0
2022-10-05,0.0,0.0
2022-10-06,0.0,0.0
2022-10-07,0.0,0.0
2022-10-08,0.254,2.54
2022-10-09,0.254,2.54
2022-10-10,1.27,7.62
2022-10-11,1.778,5.08
2022-10-12,1.27,10.16
2022-10-13,1.27,12.7
2022-10-14,1.27,10.16
2022-10-15,1.778,10.16
2022-10-16,1.778,10.16
2022-10-17,1.778,7.62
2022-10-18,1.778,7.62
2022-10-19,2.032,10.16
2022-10-20,2.032,7.62
2022-10-21,2.032,7.62
2022-10-22,2.54,15.24
2022-10-23,2.794,17.78
2022-10-24,2.794,15.24
2022-10-25,2.794,15.24
2022-10-26,2.794,17.78
2022-10-27,2.794,15.24
2022-10-28,2.794,15.24
2022-10-29,2.794,15.24
2022-10-30,2.794,15.24
2022-10-31,3.048,15.24
2022-11-01,3.302,15.24
2022-11-02,3.302,15.24
2022-11-03,3.302,15.24
2022-11-04,3.302,17.78
2022-11-05,3.302,17.78
2022-11-06,3.81,17.78
2022-11-07,3.81,20.32
2022-11-08,3.81,17.78
2022-11-09,3.81,20.32
2022-11-10,3.81,20.32
2022-11-11,3.81,22.86
2022-11-12,4.064,22.86
2022-11-13,4.064,20.32
2022-11-14,4.064,25.4
2022-11-15,5.08,35.56
2022-11-16,5.334,33.02
2022-11-17,5.588,33.02
2022-11-18,5.588,30.48
2022-11-19,5.588,30.48
2022-11-20,5.588,30.48
2022-11-21,5.588,27.94
2022-11-22,5.588,27.94
2022-11-23,5.588,27.94
2022-11-24,5.842,27.94
2022-11-25,5.842,27.94
2022-11-26,5.842,27.94
2022-11-27,5.842,30.48
2022-11-28,5.842,30.48
2022-11-29,5.842,30.48
2022-11-30,5.842,30.48
2022-12-01,6.096,33.02
2022-12-02,6.35,35.56
2022-12-03,6.858,38.1
2022-12-04,7.874,43.18
2022-12-05,7.874,45.72
2022-12-06,8.128,43.18
2022-12-07,8.128,43.18
2022-12-08,8.382,50.8
2022-12-09,8.89,55.88
2022-12-10,9.144,53.34
2022-12-11,9.144,53.34
2022-12-12,9.398,53.34
2022-12-13,9.652,58.42
2022-12-14,9.652,55.88
2022-12-15,10.16,60.96
2022-12-16,10.16,58.42
2022-12-17,10.16,55.88
2022-12-18,10.16,55.88
2022-12-19,10.16,55.88
2022-12-20,10.16,53.34
2022-12-21,10.414,53.34
2022-12-22,10.414,53.34
2022-12-23,10.414,53.34
2022-12-24,9.652,43.18
2022-12-25,9.144,35.56
2022-12-26,9.144,35.56
2022-12-27,8.89,35.56
2022-12-28,8.89,35.56
2022-12-29,8.89,38.1
2022-12-30,8.89,38.1
2022-12-31,8.89,35.56
2023-01-01,8.89,35.56
2023-01-02,8.89,35.56
2023-01-03,8.89,35.56
2023-01-04,8.89,35.56
2023-01-05,8.89,35.56
2023-01-06,8.89,35.56
2023-01-07,8.89,35.56
2023-01-08,8.89,35.56
2023-01-09,9.144,40.64
2023-01-10,9.144,38.1
2023-01-11,9.144,38.1
2023-01-12,9.144,38.1
2023-01-13,9.144,35.56
2023-01-14,9.144,35.56
2023-01-15,9.144,
2023-01-16,9.144,
2023-01-17,9.144,
2023-01-18,9.144,
2023-01-19,9.144,
2023-01-20,9.144,
2023-01-21,9.144,38.1
2023-01-22,9.144,40.64
2023-01-23,9.652,40.64
2023-01-24,10.16,45.72
2023-01-25,10.922,58.42
2023-01-26,11.176,58.42
2023-01-27,11.176,60.96
2023-01-28,11.176,58.42
2023-01-29,11.176,58.42
2023-01-30,11.176,58.42
2023-01-31,11.176,55.88
2023-02-01,11.176,55.88
2023-02-02,11.176,55.88
2023-02-03,11.43,55.88
2023-02-04,11.43,58.42
2023-02-05,11.43,58.42
2023-02-06,11.43,58.42
2023-02-07,11.43,55.88
2023-02-08,11.938,60.96
2023-02-09,11.938,60.96
2023-02-10,11.938,60.96
2023-02-11,11.938,60.96
2023-02-12,11.938,58.42
2023-02-13,11.938,58.42
2023-02-14,11.938,58.42
2023-02-15,11.938,58.42
2023-02-16,11.938,58.42
2023-02-17,11.938,58.42
2023-02-18,11.938,60.96
2023-02-19,11.938,58.42
2023-02-20,11.938,63.5
2023-02-21,11.938,63.5
2023-02-22,11.938,63.5
2023-02-23,11.938,63.5
2023-02-24,12.446,73.66
2023-02-25,12.7,78.74
2023-02-26,12.954,86.36
2023-02-27,12.954,81.28
2023-02-28,13.208,81.28
2023-03-01,13.208,78.74
2023-03-02,13.462,76.2
2023-03-03,13.462,76.2
2023-03-04,13.462,76.2
2023-03-05,13.716,73.66
2023-03-06,13.716,73.66
2023-03-07,13.716,71.12
2023-03-08,13.716,71.12
2023-03-09,13.97,76.2
2023-03-10,14.478,81.28
2023-03-11,14.478,78.74
2023-03-12,14.478,78.74
2023-03-13,14.478,76.2
2023-03-14,14.478,76.2
2023-03-15,14.478,73.66
2023-03-16,14.732,73.66
2023-03-17,14.986,73.66
2023-03-18,14.986,73.66
2023-03-19,14.986,71.12
2023-03-20,14.986,71.12
2023-03-21,14.986,71.12
2023-03-22,14.986,71.12
2023-03-23,14.986,71.12
2023-03-24,14.986,71.12
2023-03-25,14.986,73.66
2023-03-26,14.986,73.66
2023-03-27,14.986,71.12
2023-03-28,15.24,81.28
2023-03-29,15.24,81.28
2023-03-30,15.24,78.74
2023-03-31,15.24,78.74
2023-04-01,15.24,78.74
2023-04-02,15.24,76.2
2023-04-03,15.748,88.9
2023-04-04,15.748,86.36
2023-04-05,16.002,88.9
2023-04-06,16.764,99.06
2023-04-07,16.764,96.52
2023-04-08,16.764,93.98
2023-04-09,16.764,91.44
2023-04-10,17.018,91.44
2023-04-11,17.272,91.44
2023-04-12,17.272,88.9
2023-04-13,18.034,104.14
2023-04-14,18.288,101.6
2023-04-15,18.288,96.52
2023-04-16,18.542,96.52
2023-04-17,18.542,93.98
2023-04-18,18.542,93.98
2023-04-19,18.542,91.44
2023-04-20,18.542,88.9
2023-04-21,18.542,86.36
2023-04-22,18.796,88.9
2023-04-23,18.796,83.82
2023-04-24,19.05,86.36
2023-04-25,18.542,83.82
2023-04-26,18.796,83.82
2023-04-27,18.796,83.82
2023-04-28,18.796,81.28
2023-04-29,18.796,81.28
2023-04-30,18.796,76.2
2023-05-01,18.796,73.66
2023-05-02,18.796,71.12
2023-05-03,19.304,71.12
2023-05-04,18.796,66.04
2023-05-05,18.288,63.5
2023-05-06,17.526,58.42
2023-05-07,16.764,53.34
2023-05-08,16.256,48.26
2023-05-09,14.986,45.72
2023-05-10,14.478,45.72
2023-05-11,13.716,43.18
2023-05-12,12.7,38.1
2023-05-13,11.176,35.56
2023-05-14,9.906,30.48
2023-05-15,8.636,27.94
2023-05-16,7.366,22.86
2023-05-17,5.842,20.32
2023-05-18,4.064,12.7
2023-05-19,2.032,7.62
2023-05-20,0.0,0.0
2023-05-21,0.0,0.0
2023-05-22,0.0,0.0
2023-05-23,0.0,0.0
2023-05-24,0.0,0.0
2023-05-25,0.0,0.0
2023-05-26,0.0,0.0
2023-05-27,0.0,0.0
2023-05-28,0.0,0.0
2023-05-29,0.0,0.0
2023-05-30,0.0,0.0
2023-05-31,0.0,0.0
2023-06-01,0.0,0.0
2023-06-02,0.0,0.0
2023-06-03,0.0,0.0
2023-06-04,0.0,0.0
2023-06-05,0.0,0.0
2023-06-06,0.0,0.0
2023-06-07,0.0,0.0
2023-06-08,0.0,0.0
2023-06-09,0.0,0.0
2023-06-10,0.0,0.0
2023-06-11,0.0,0.0
2023-06-12,0.0,0.0
2023-06-13,0.0,0.0
2023-06-14,0.0,0.0
2023-06-15,0.0,0.0
2023-06-16,0.0,0.0
2023-06-17,0.0,0.0
2023-06-18,0.0,0.0
2023-06-19,0.0,0.0
2023-06-20,0.0,0.0
2023-06-21,0.0,0.0
2023-06-22,0.0,0.0
2023-06-23,0.0,0.0
2023-06-24,0.0,0.0
2023-06-25,0.0,0.0
2023-06-26,0.0,0.0
2023-06-27,0.0,0.0
2023-06-28,0.0,0.0
2023-06-29,0.0,0.0
2023-06-30,0.0,0.0
2023-07-01,0.0,0.0
2023-07-02,0.0,0.0
2023-07-03,0.0,0.0
2023-07-04,0.0,0.0
2023-07-05,0.0,0.0
2023-07-06,0.0,0.0
2023-07-07,0.0,0.0
2023-07-08,0.0,0.0
2023-07-09,0.0,0.0
2023-07-10,0.0,0.0
2023-07-11,0.0,0.0
2023-07-12,0.0,0.0
2023-07-13,0.0,0.0
2023-07-14,0.0,0.0
2023-07-15,0.0,0.0
2023-07-16,0.0,0.0
2023-07-17,0.0,0.0
2023-07-18,0.0,0.0
2023-07-19,0.0,0.0
2023-07-20,0.0,0.0
2023-07-21,0.0,0.0
2023-07-22,0.0,0.0
2023-07-23,0.0,0.0
2023-07-24,0.0,0.0
2023-07-25,0.0,0.0
2023-07-26,0.0,0.0
2023-07-27,0.0,0.0
2023-07-28,0.0,0.0
2023-07-29,0.0,0.0
2023-07-30,0.0,0.0
2023-07-31,0.0,0.0
2023-08-01,0.0,0.0
2023-08-02,0.0,0.0
2023-08-03,0.0,0.0
2023-08-04,0.0,0.0
2023-08-05,0.0,0.0
2023-08-06,0.0,0.0
2023-08-07,0.0,0.0
2023-08-08,0.0,0.0
2023-08-09,0.0,0.0
2023-08-10,0.0,0.0
2023-08-11,0.0,0.0
2023-08-12,0.0,0.0
2023-08-13,0.0,0.0
2023-08-14,0.0,0.0
2023-08-15,0.0,0.0
2023-08-16,0.0,0.0
2023-08-17,0.0,0.0
2023-08-18,0.0,0.0
2023-08-19,0.0,0.0
2023-08-20,0.0,0.0
2023-08-21,0.0,0.0
2023-08-22,0.0,0.0
2023-08-23,0.0,0.0
2023-08-24,0.0,0.0
2023-08-25,0.0,0.0
2023-08-26,0.0,0.0
2023-08-27,0.0,0.0
2023-08-28,0.0,0.0
2023-08-29,0.0,0.0
2023-08-30,0.0,0.0
2023-08-31,0.0,0.0
2023-09-01,0.0,0.0
2023-09-02,0.0,0.0
2023-09-03,0.0,0.0
2023-09-04,0.0,0.0
2023-09-05,0.0,0.0
2023-09-06,0.0,0.0
2023-09-07,0.0,0.0
2023-09-08,0.0,0.0
2023-09-09,0.0,0.0
2023-09-10,0.0,0.0
2023-09-11,0.0,0.0
2023-09-12,0.0,0.0
2023-09-13,0.0,0.0
2023-09-14,0.0,0.0
2023-09-15,0.0,0.0
2023-09-16,0.0,0.0
2023-09-17,0.0,0.0
2023-09-18,0.0,0.0
2023-09-19,0.0,0.0
2023-09-20,0.0,0.0
2023-09-21,0.0,0.0
2023-09-22,0.0,0.0
2023-09-23,0.0,0.0
2023-09-24,0.0,0.0
2023-09-25,0.0,0.0
2023-09-26,0.0,0.0
2023-09-27,0.0,0.0
2023-09-28,0.0,0.0
2023-09-29,0.0,0.0
2023-09-30,0.0,0.0
2023-10-01,0.0,0.0
2023-10-02,0.0,0.0
2023-10-03,0.508,2.54
2023-10-04,0.508,2.54
2023-10-05,0.508,2.54
2023-10-06,0.762,2.54
2023-10-07,1.016,10.16
2023-10-08,1.27,7.62
2023-10-09,1.27,7.62
2023-10-10,1.27,7.62
2023-10-11,1.27,7.62
2023-10-12,1.27,7.62
2023-10-13,1.27,7.62
2023-10-14,1.27,7.62
2023-10-15,1.27,2.54
2023-10-16,1.778,7.62
2023-10-17,1.778,7.62
2023-10-18,2.032,10.16
2023-10-19,2.032,10.16
2023-10-20,2.54,25.4
2023-10-21,2.54,17.78
2023-10-22,2.794,20.32
2023-10-23,2.794,25.4
2023-10-24,3.048,22.86
2023-10-25,3.048,20.32
2023-10-26,3.048,17.78
2023-10-27,3.048,17.78
2023-10-28,3.048,17.78
2023-10-29,3.048,17.78
2023-10-30,3.048,17.78
2023-10-31,3.048,17.78
2023-11-01,3.048,17.78
2023-11-02,3.048,17.78
2023-11-03,3.048,17.78
2023-11-04,3.048,17.78
2023-11-05,3.048,17.78
2023-11-06,3.048,17.78
2023-11-07,3.048,17.78
2023-11-08,3.048,17.78
2023-11-09,3.302,17.78
2023-11-10,3.302,17.78
2023-11-11,3.302,17.78
2023-11-12,3.302,17.78
2023-11-13,3.302,17.78
2023-11-14,4.064,25.4
2023-11-15,4.572,30.48
2023-11-16,4.826,27.94
2023-11-17,4.826,27.94
2023-11-18,4.826,33.02
2023-11-19,5.08,30.48
2023-11-20,5.588,35.56
2023-11-21,5.588,43.18
2023-11-22,5.588,38.1
2023-11-23,5.588,35.56
2023-11-24,5.588,33.02
2023-11-25,5.588,33.02
2023-11-26,5.588,30.48
2023-11-27,5.588,30.48
2023-11-28,6.096,35.56
2023-11-29,6.096,33.02
2023-11-30,6.096,33.02
2023-12-01,6.096,33.02
2023-12-02,6.096,33.02
2023-12-03,6.096,33.02
2023-12-04,6.096,30.48
2023-12-05,6.096,30.48
2023-12-06,6.096,30.48
2023-12-07,6.096,30.48
2023-12-08,6.096,30.48
2023-12-09,6.096,27.94
2023-12-10,6.096,30.48
2023-12-11,6.35,33.02
2023-12-12,6.858,38.1
2023-12-13,7.366,48.26
2023-12-14,7.62,55.88
2023-12-15,7.62,50.8
2023-12-16,8.128,50.8
2023-12-17,8.636,55.88
2023-12-18,8.636,53.34
2023-12-19,8.636,55.88
2023-12-20,8.89,53.34
2023-12-21,8.89,53.34
2023-12-22,8.89,53.34
2023-12-23,8.89,53.34
2023-12-24,8.89,50.8
2023-12-25,8.89,48.26
2023-12-26,8.89,48.26
2023-12-27,8.89,53.34
2023-12-28,8.89,50.8
2023-12-29,8.89,50.8
2023-12-30,8.89,50.8
2023-12-31,8.89,50.8
2024-01-01,8.89,48.26
2024-01-02,9.144,48.26
2024-01-03,9.144,48.26
2024-01-04,9.144,48.26
2024-01-05,8.382,40.64
2024-01-06,8.382,38.1
2024-01-07,8.382,40.64
2024-01-08,8.382,40.64
2024-01-09,8.89,45.72
2024-01-10,8.89,45.72
2024-01-11,8.89,45.72
2024-01-12,8.89,45.72
2024-01-13,8.89,45.72
2024-01-14,8.89,45.72
2024-01-15,9.398,50.8
2024-01-16,9.652,55.88
2024-01-17,10.16,60.96
2024-01-18,10.16,58.42
2024-01-19,10.16,55.88
2024-01-20,10.16,53.34
2024-01-21,10.16,55.88
2024-01-22,10.16,53.34
2024-01-23,10.16,53.34
2024-01-24,10.16,53.34
2024-01-25,10.16,50.8
2024-01-26,10.16,53.34
2024-01-27,10.16,50.8
2024-01-28,10.414,50.8
2024-01-29,10.668,55.88
2024-01-30,10.922,55.88
2024-01-31,10.922,55.88
2024-02-01,10.922,55.88
2024-02-02,10.922,55.88
2024-02-03,10.922,55.88
2024-02-04,10.922,58.42
2024-02-05,10.922,55.88
2024-02-06,10.922,55.88
2024-02-07,10.922,55.88
2024-02-08,10.922,55.88
2024-02-09,10.922,55.88
2024-02-10,10.668,55.88
2024-02-11,10.668,55.88
2024-02-12,10.668,55.88
2024-02-13,10.668,55.88
2024-02-14,10.668,55.88
2024-02-15,10.668,55.88
2024-02-16,10.668,55.88
2024-02-17,10.668,53.34
2024-02-18,10.668,53.34
2024-02-19,10.668,53.34
2024-02-20,10.668,53.34
2024-02-21,10.668,53.34
2024-02-22,11.43,60.96
2024-02-23,11.684,63.5
2024-02-24,11.684,63.5
2024-02-25,11.684,63.5
2024-02-26,11.684,60.96
2024-02-27,11.684,60.96
2024-02-28,11.938,60.96
2024-02-29,11.938,60.96
2024-03-01,12.192,60.96
2024-03-02,12.192,60.96
2024-03-03,12.192,60.96
2024-03-04,12.192,60.96
2024-03-05,12.192,60.96
2024-03-06,12.192,66.04
2024-03-07,12.446,66.04
2024-03-08,12.446,66.04
2024-03-09,12.446,66.04
2024-03-10,12.446,66.04
2024-03-11,12.446,66.04
2024-03-12,12.446,63.5
2024-03-13,12.446,63.5
2024-03-14,12.446,63.5
2024-03-15,12.7,66.04
2024-03-16,12.7,66.04
2024-03-17,12.7,66.04
2024-03-18,12.7,66.04
2024-03-19,12.7,66.04
2024-03-20,12.7,66.04
2024-03-21,12.446,66.04
2024-03-22,12.446,63.5
2024-03-23,12.192,63.5
2024-03-24,12.192,63.5
2024-03-25,12.192,60.96
2024-03-26,11.938,60.96
2024-03-27,11.938,60.96
2024-03-28,11.938,60.96
2024-03-29,11.938,60.96
2024-03-30,11.938,60.96
2024-03-31,11.938,60.96
2024-04-01,12.7,71.12
2024-04-02,12.954,71.12
2024-04-03,12.954,71.12
2024-04-04,13.462,76.2
2024-04-05,13.462,73.66
2024-04-06,13.462,71.12
2024-04-07,13.462,71.12
2024-04-08,13.462,71.12
2024-04-09,13.462,68.58
2024-04-10,13.462,68.58
2024-04-11,13.716,68.58
2024-04-12,13.716,68.58
2024-04-13,14.224,73.66
2024-04-14,14.224,73.66
2024-04-15,14.224,73.66
2024-04-16,14.224,71.12
2024-04-17,14.224,68.58
2024-04-18,14.224,68.58
2024-04-19,13.97,66.04
2024-04-20,13.462,60.96
2024-04-21,12.954,58.42
2024-04-22,11.938,55.88
2024-04-23,11.684,50.8
2024-04-24,11.938,43.18
2024-04-25,11.43,38.1
2024-04-26,10.668,35.56
2024-04-27,9.652,30.48
2024-04-28,8.89,27.94
2024-04-29,8.636,25.4
2024-04-30,7.874,25.4
2024-05-01,7.62,22.86
2024-05-02,7.366,22.86
2024-05-03,7.112,20.32
2024-05-04,6.604,17.78
2024-05-05,5.334,15.24
2024-05-06,4.572,12.7
2024-05-07,4.826,12.7
2024-05-08,4.064,10.16
2024-05-09,1.524,5.08
2024-05-10,0.0,0.0
2024-05-11,0.0,0.0
2024-05-12,0.0,0.0
2024-05-13,0.0,0.0
2024-05-14,0.0,0.0
2024-05-15,0.0,0.0
2024-05-16,0.0,0.0
2024-05-17,0.0,0.0
2024-05-18,0.0,0.0
2024-05-19,0.0,0.0
2024-05-20,0.0,0.0
2024-05-21,0.0,0.0
2024-05-22,0.0,0.0
2024-05-23,0.0,0.0
2024-05-24,0.0,0.0
2024-05-25,0.0,0.0
2024-05-26,0.0,0.0
2024-05-27,0.0,0.0
2024-05-28,0.0,0.0
2024-05-29,0.0,0.0
2024-05-30,0.0,0.0
2024-05-31,0.0,0.0
2024-06-01,0.0,0.0
2024-06-02,0.0,0.0
2024-06-03,0.0,0.0
2024-06-04,0.0,0.0
2024-06-05,0.0,0.0
2024-06-06,0.0,0.0
2024-06-07,0.0,0.0
2024-06-08,0.0,0.0
2024-06-09,0.0,0.0
2024-06-10,0.0,0.0
2024-06-11,0.0,0.0
2024-06-12,0.0,0.0
2024-06-13,0.0,0.0
2024-06-14,0.0,0.0
2024-06-15,0.0,0.0
2024-06-16,0.0,0.0
2024-06-17,0.0,0.0
2024-06-18,0.0,0.0
2024-06-19,0.0,0.0
2024-06-20,0.0,0.0
2024-06-21,0.0,0.0
2024-06-22,0.0,0.0
2024-06-23,0.0,0.0
2024-06-24,0.0,0.0
2024-06-25,0.0,0.0
2024-06-26,0.0,0.0
2024-06-27,0.0,0.0
2024-06-28,0.0,0.0
2024-06-29,0.0,0.0
2024-06-30,0.0,0.0
2024-07-01,0.0,0.0
2024-07-02,0.0,0.0
2024-07-03,0.0,0.0
2024-07-04,0.0,0.0
2024-07-05,0.0,0.0
2024-07-06,0.0,0.0
2024-07-07,0.0,0.0
2024-07-08,0.0,0.0
2024-07-09,0.0,0.0
2024-07-10,0.0,0.0
2024-07-11,0.0,0.0
2024-07-12,0.0,0.0
2024-07-13,0.0,0.0
2024-07-14,0.0,0.0
2024-07-15,0.0,0.0
2024-07-16,0.0,0.0
2024-07-17,0.0,0.0
2024-07-18,0.0,0.0
2024-07-19,0.0,0.0
2024-07-20,0.0,0.0
2024-07-21,0.0,0.0
2024-07-22,0.0,0.0
2024-07-23,0.0,0.0
2024-07-24,0.0,0.0
2024-07-25,0.0,0.0
2024-07-26,0.0,0.0
2024-07-27,0.0,0.0
2024-07-28,0.0,0.0
2024-07-29,0.0,0.0
2024-07-30,0.0,0.0
2024-07-31,0.0,0.0
2024-08-01,0.0,0.0
2024-08-02,0.0,0.0
2024-08-03,0.0,0.0
2024-08-04,0.0,0.0
2024-08-05,0.0,0.0
2024-08-06,0.0,0.0
2024-08-07,0.0,0.0
2024-08-08,0.0,0.0
2024-08-09,0.0,0.0
2024-08-10,0.0,0.0
2024-08-11,0.0,0.0
2024-08-12,0.0,0.0
2024-08-13,0.0,0.0
2024-08-14,0.0,0.0
2024-08-15,0.0,0.0
2024-08-16,0.0,0.0
2024-08-17,0.0,0.0
2024-08-18,0.0,0.0
2024-08-19,0.0,0.0
2024-08-20,0.0,0.0
2024-08-21,0.0,0.0
2024-08-22,0.0,0.0
2024-08-23,0.0,0.0
2024-08-24,0.0,0.0
2024-08-25,0.0,0.0
2024-08-26,0.0,0.0
2024-08-27,0.0,0.0
2024-08-28,0.0,0.0
2024-08-29,0.0,0.0
2024-08-30,0.0,0.0
2024-08-31,0.0,0.0
2024-09-01,0.0,0.0
2024-09-02,0.0,0.0
2024-09-03,0.0,0.0
2024-09-04,0.0,0.0
2024-09-05,0.0,0.0
2024-09-06,0.0,0.0
2024-09-07,0.0,0.0
2024-09-08,0.0,0.0
2024-09-09,0.0,0.0
2024-09-10,0.0,0.0
2024-09-11,0.0,0.0
2024-09-12,0.0,0.0
2024-09-13,0.0,
2024-09-14,0.0,0.0
2024-09-15,0.0,0.0
2024-09-16,0.0,0.0
2024-09-17,0.0,0.0
2024-09-18,0.0,0.0
2024-09-19,0.0,0.0
2024-09-20,0.0,0.0
2024-09-21,0.0,0.0
2024-09-22,0.0,0.0
2024-09-23,0.0,0.0
2024-09-24,0.0,0.0
2024-09-25,0.0,0.0
2024-09-26,0.0,0.0
2024-09-27,0.0,0.0
2024-09-28,0.0,0.0
2024-09-29,0.0,0.0
2024-09-30,0.0,0.0
2024-10-01,0.0,0.0
2024-10-02,0.0,0.0
2024-10-03,0.0,0.0
2024-10-04,0.0,0.0
2024-10-05,0.0,0.0
2024-10-06,0.0,0.0
2024-10-07,0.0,0.0
2024-10-08,0.0,0.0
2024-10-09,0.0,0.0
2024-10-10,0.0,0.0
2024-10-11,0.508,2.54
2024-10-12,0.508,2.54
2024-10-13,1.27,10.16
2024-10-14,2.286,22.86
2024-10-15,2.54,20.32
2024-10-16,2.794,22.86
2024-10-17,3.302,30.48
2024-10-18,3.556,25.4
2024-10-19,3.556,22.86
2024-10-20,3.556,22.86
2024-10-21,3.81,27.94
2024-10-22,6.096,53.34
2024-10-23,9.906,78.74
2024-10-24,10.922,78.74
2024-10-25,11.43,76.2
2024-10-26,11.684,71.12
2024-10-27,11.684,68.58
2024-10-28,11.684,66.04
2024-10-29,11.938,63.5
2024-10-30,11.938,60.96
2024-10-31,11.938,60.96
2024-11-01,11.938,60.96
2024-11-02,12.192,60.96
2024-11-03,12.192,60.96
2024-11-04,12.192,60.96
2024-11-05,12.192,60.96
2024-11-06,12.192,58.42
2024-11-07,12.192,58.42
2024-11-08,12.192,55.88
2024-11-09,12.446,58.42
2024-11-10,12.446,58.42
2024-11-11,12.446,58.42
2024-11-12,12.446,55.88
2024-11-13,12.446,55.88
2024-11-14,12.446,55.88
2024-11-15,12.7,55.88
2024-11-16,12.7,58.42
2024-11-17,12.954,60.96
2024-11-18,12.954,60.96
2024-11-19,12.954,55.88
2024-11-20,13.208,58.42
2024-11-21,13.208,58.42
2024-11-22,13.208,63.5
2024-11-23,13.208,60.96
2024-11-24,13.208,58.42
2024-11-25,13.462,66.04
2024-11-26,14.224,76.2
2024-11-27,14.478,76.2
2024-11-28,14.478,73.66
2024-11-29,14.478,73.66
2024-11-30,14.478,73.66
2024-12-01,14.478,73.66
2024-12-02,14.478,66.04
2024-12-03,14.478,63.5
2024-12-04,14.478,66.04
2024-12-05,14.478,66.04
2024-12-06,14.478,63.5
2024-12-07,14.478,63.5
2024-12-08,14.478,63.5
2024-12-09,14.478,63.5
2024-12-10,14.478,63.5
2024-12-11,14.478,63.5
2024-12-12,14.478,63.5
2024-12-13,14.478,63.5
2024-12-14,14.478,66.04
2024-12-15,14.478,60.96
2024-12-16,14.478,58.42
2024-12-17,14.478,58.42
2024-12-18,14.478,58.42
2024-12-19,14.478,55.88
2024-12-20,14.478,55.88
2024-12-21,14.732,58.42
2024-12-22,14.732,58.42
2024-12-23,14.732,58.42
2024-12-24,14.732,58.42
2024-12-25,14.732,58.42
2024-12-26,14.732,58.42
2024-12-27,14.732,60.96
2024-12-28,14.732,60.96
2024-12-29,14.732,58.42
2024-12-30,14.986,58.42
2024-12-31,15.24,60.96
2025-01-01,15.24,63.5
2025-01-02,15.24,63.5
2025-01-03,,
2025-01-04,15.24,55.88
2025-01-05,15.24,55.88
2025-01-06,15.24,55.88
2025-01-07,15.24,55.88
2025-01-08,14.986,63.5
2025-01-09,14.986,63.5
2025-01-10,14.986,63.5
2025-01-11,14.986,63.5
2025-01-12,14.986,63.5
2025-01-13,14.986,63.5
2025-01-14,14.986,63.5
2025-01-15,14.986,66.04
2025-01-16,14.986,63.5
2025-01-17,15.24,63.5
2025-01-18,15.494,63.5
2025-01-19,15.494,63.5
2025-01-20,15.494,63.5
2025-01-21,15.748,68.58
2025-01-22,15.748,68.58
2025-01-23,15.748,68.58
2025-01-24,15.748,71.12
2025-01-25,18.034,111.76
2025-01-26,20.32,149.86
2025-01-27,21.59,142.24
2025-01-28,21.844,137.16
2025-01-29,22.098,134.62
2025-01-30,22.352,134.62
2025-01-31,22.86,132.08
2025-02-01,22.86,129.54
2025-02-02,23.114,129.54
2025-02-03,23.368,127.0
2025-02-04,23.622,124.46
2025-02-05,23.876,121.92
2025-02-06,23.876,121.92
2025-02-07,24.13,124.46
2025-02-08,24.384,124.46
2025-02-09,24.638,121.92
2025-02-10,24.638,121.92
2025-02-11,24.638,119.38
2025-02-12,24.638,119.38
2025-02-13,24.638,116.84
2025-02-14,24.638,111.76
2025-02-15,24.638,111.76
2025-02-16,24.638,109.22
2025-02-17,24.638,109.22
2025-02-18,24.892,109.22
2025-02-19,24.892,109.22
2025-02-20,24.892,109.22
2025-02-21,24.892,106.68
2025-02-22,24.892,106.68
2025-02-23,24.892,106.68
2025-02-24,24.892,106.68
2025-02-25,24.892,106.68
2025-02-26,24.892,106.68
2025-02-27,24.892,106.68
2025-02-28,24.892,106.68
2025-03-01,24.892,99.06
2025-03-02,24.892,104.14
2025-03-03,24.892,99.06
2025-03-04,24.892,104.14
2025-03-05,24.892,101.6
2025-03-06,24.892,101.6
2025-03-07,24.892,99.06
2025-03-08,24.892,99.06
2025-03-09,24.892,96.52
2025-03-10,24.892,99.06
2025-03-11,24.892,96.52
2025-03-12,24.892,96.52
2025-03-13,24.892,96.52
2025-03-14,24.892,96.52
2025-03-15,24.892,93.98
2025-03-16,24.892,91.44
2025-03-17,24.892,91.44
2025-03-18,24.892,91.44
2025-03-19,25.146,93.98
2025-03-20,25.146,96.52
2025-03-21,25.146,96.52
2025-03-22,25.146,96.52
2025-03-23,25.146,96.52
2025-03-24,25.146,93.98
2025-03-25,25.146,93.98
2025-03-26,25.146,96.52
2025-03-27,25.146,96.52
2025-03-28,25.146,93.98
2025-03-29,25.146,91.44
2025-03-30,25.146,91.44
2025-03-31,25.146,96.52
2025-04-01,25.654,104.14
2025-04-02,27.686,129.54
2025-04-03,28.194,137.16
2025-04-04,28.194,132.08
2025-04-05,28.194,129.54
2025-04-06,28.194,124.46
2025-04-07,28.194,119.38
2025-04-08,28.194,119.38
2025-04-09,28.194,116.84
2025-04-10,28.194,119.38
2025-04-11,28.194,119.38
2025-04-12,28.448,124.46
2025-04-13,28.448,121.92
2025-04-14,28.448,119.38
2025-04-15,28.956,132.08
2025-04-16,29.21,124.46
2025-04-17,29.21,127.0
2025-04-18,29.21,121.92
2025-04-19,29.464,119.38
2025-04-20,29.464,116.84
2025-04-21,29.464,116.84
2025-04-22,29.464,116.84
2025-04-23,29.464,114.3
2025-04-24,29.464,111.76
2025-04-25,29.464,111.76
2025-04-26,29.464,111.76
2025-04-27,29.464,109.22
2025-04-28,29.464,106.68
2025-04-29,29.464,101.6
2025-04-30,29.464,101.6
2025-05-01,29.464,99.06
2025-05-02,29.464,91.44
2025-05-03,29.464,88.9
2025-05-04,29.464,88.9
2025-05-05,28.956,83.82
2025-05-06,28.448,83.82
2025-05-07,27.94,81.28
2025-05-08,27.432,78.74
2025-05-09,26.67,76.2
2025-05-10,25.908,73.66
2025-05-11,25.146,68.58
2025-05-12,24.892,68.58
2025-05-13,23.876,66.04
2025-05-14,23.368,63.5
2025-05-15,22.86,60.96
2025-05-16,22.098,60.96
2025-05-17,21.336,55.88
2025-05-18,20.32,55.88
2025-05-19,18.796,50.8
2025-05-20,17.78,48.26
2025-05-21,16.256,45.72
2025-05-22,13.97,38.1
2025-05-23,11.684,33.02
2025-05-24,8.89,22.86
2025-05-25,7.366,17.78
2025-05-26,4.826,10.16
2025-05-27,2.032,2.54
2025-05-28,0.0,0.0
2025-05-29,0.0,0.0
2025-05-30,0.0,0.0
2025-05-31,0.0,0.0
2025-06-01,0.0,0.0
2025-06-02,0.0,0.0
2025-06-03,0.0,0.0
2025-06-04,0.0,0.0
2025-06-05,0.0,0.0
2025-06-06,0.0,0.0
2025-06-07,0.0,0.0
2025-06-08,0.0,0.0
2025-06-09,0.0,0.0
2025-06-10,0.0,0.0
2025-06-11,0.0,0.0
2025-06-12,0.0,0.0
2025-06-13,0.0,0.0
2025-06-14,0.0,0.0
2025-06-15,0.0,0.0
2025-06-16,0.0,0.0
2025-06-17,0.0,0.0
2025-06-18,0.0,0.0
2025-06-19,0.0,0.0
2025-06-20,0.0,0.0
2025-06-21,0.0,0.0
2025-06-22,0.0,0.0
2025-06-23,0.0,0.0
2025-06-24,0.0,0.0
2025-06-25,0.0,0.0
2025-06-26,0.0,0.0
2025-06-27,0.0,0.0
2025-06-28,0.0,0.0
2025-06-29,0.0,0.0
2025-06-30,0.0,0.0
2025-07-01,0.0,0.0
2025-07-02,0.0,0.0
2025-07-03,0.0,0.0
2025-07-04,0.0,0.0
2025-07-05,0.0,0.0
2025-07-06,0.0,0.0
2025-07-07,0.0,0.0
2025-07-08,0.0,0.0
2025-07-09,0.0,0.0
2025-07-10,0.0,0.0
2025-07-11,0.0,0.0
2025-07-12,0.0,0.0
2025-07-13,0.0,0.0
2025-07-14,0.0,0.0
2025-07-15,0.0,0.0
2025-07-16,0.0,0.0
2025-07-17,0.0,0.0
2025-07-18,0.0,0.0
2025-07-19,0.0,2.54
2025-07-20,0.0,2.54
2025-07-21,0.0,2.54
2025-07-22,0.0,0.0
2025-07-23,0.0,0.0
2025-07-24,0.0,0.0
2025-07-25,0.0,0.0
2025-07-26,0.0,0.0
2025-07-27,0.0,0.0
2025-07-28,0.0,0.0
2025-07-29,0.0,0.0
2025-07-30,0.0,0.0
2025-07-31,0.0,0.0
2025-08-01,0.0,0.0
2025-08-02,0.0,0.0
2025-08-03,0.0,0.0
2025-08-04,0.0,0.0
2025-08-05,0.0,0.0
2025-08-06,0.0,0.0
2025-08-07,0.0,0.0
2025-08-08,0.0,0.0
2025-08-09,0.0,0.0
2025-08-10,0.0,0.0
2025-08-11,0.0,0.0
2025-08-12,0.0,0.0
2025-08-13,0.0,0.0
2025-08-14,0.0,0.0
2025-08-15,0.0,0.0
2025-08-16,0.0,0.0
2025-08-17,0.0,0.0
2025-08-18,0.0,0.0
2025-08-19,0.0,0.0
2025-08-20,0.0,0.0
2025-08-21,0.0,0.0
2025-08-22,0.0,0.0
2025-08-23,0.0,0.0
2025-08-24,0.0,0.0
2025-08-25,0.0,0.0
2025-08-26,0.0,0.0
2025-08-27,0.0,0.0
2025-08-28,0.0,0.0
2025-08-29,0.0,0.0
2025-08-30,0.0,0.0
2025-08-31,0.0,0.0
2025-09-01,0.0,0.0
2025-09-02,0.0,0.0
2025-09-03,0.0,0.0
2025-09-04,0.0,0.0
2025-09-05,0.0,0.0
2025-09-06,0.0,0.0
2025-09-07,0.0,0.0
2025-09-08,0.0,0.0
2025-09-09,0.0,0.0
2025-09-10,0.0,0.0
2025-09-11,0.0,0.0
2025-09-12,0.0,0.0
2025-09-13,0.0,0.0
2025-09-14,0.0,0.0
2025-09-15,0.0,0.0
2025-09-16,0.0,0.0
2025-09-17,0.0,0.0
2025-09-18,0.0,0.0
2025-09-19,0.0,0.0
2025-09-20,0.0,0.0
2025-09-21,0.0,0.0
2025-09-22,0.0,0.0
2025-09-23,0.0,0.0
2025-09-24,0.0,0.0
2025-09-25,0.0,0.0
2025-09-26,0.0,0.0
2025-09-27,0.0,0.0
2025-09-28,0.0,0.0
2025-09-29,0.0,0.0
2025-09-30,0.0,0.0
2025-10-01,0.0,0.0
2025-10-02,0.0,0.0
2025-10-03,1.27,7.62
2025-10-04,2.794,15.24
2025-10-05,2.794,15.24
2025-10-06,2.54,10.16
2025-10-07,2.286,5.08
2025-10-08,1.016,2.54
2025-10-09,0.0,0.0
2025-10-10,0.0,0.0
2025-10-11,0.762,5.08
2025-10-12,1.016,5.08
2025-10-13,1.27,5.08
2025-10-14,1.778,5.08
2025-10-15,1.778,5.08
2025-10-16,1.778,5.08
2025-10-17,1.778,5.08
2025-10-18,2.286,10.16
2025-10-19,2.286,5.08
2025-10-20,2.286,10.16
2025-10-21,2.286,5.08
2025-10-22,2.286,5.08
2025-10-23,2.286,5.08
2025-10-24,2.286,5.08
2025-10-25,2.286,5.08
2025-10-26,2.286,5.08
2025-10-27,2.286,5.08
2025-10-28,2.286,5.08
2025-10-29,2.286,5.08
2025-10-30,2.794,12.7
2025-10-31,2.794,12.7
2025-11-01,2.794,12.7
2025-11-02,2.794,7.62
2025-11-03,2.794,5.08
2025-11-04,2.794,5.08
2025-11-05,2.794,7.62
2025-11-06,2.794,10.16
2025-11-07,2.794,10.16
2025-11-08,2.794,10.16
2025-11-09,3.048,5.08
2025-11-10,3.302,5.08
2025-11-11,3.302,7.62
2025-11-12,3.302,5.08
2025-11-13,3.556,5.08
2025-11-14,3.556,5.08
2025-11-15,3.556,5.08
2025-11-16,3.81,5.08
2025-11-17,3.81,10.16
2025-11-18,3.81,10.16
2025-11-19,3.81,10.16
2025-11-20,3.81,12.7
2025-11-21,3.81,12.7
2025-11-22,3.81,12.7
2025-11-23,4.318,20.32
2025-11-24,4.318,15.24
2025-11-25,4.572,15.24
2025-11-26,4.572,20.32
2025-11-27,4.572,17.78
2025-11-28,4.572,25.4
2025-11-29,4.572,20.32
2025-11-30,4.572,22.86
2025-12-01,4.572,20.32
2025-12-02,4.572,20.32
2025-12-03,5.334,30.48
2025-12-04,5.334,25.4
2025-12-05,5.334,22.86
2025-12-06,5.334,20.32
2025-12-07,5.334,15.24
2025-12-08,5.334,17.78
2025-12-09,5.334,17.78
2025-12-10,5.334,20.32
2025-12-11,5.334,22.86
2025-12-12,5.334,22.86
2025-12-13,5.334,22.86
2025-12-14,5.334,22.86
2025-12-15,5.334,22.86
2025-12-16,5.334,22.86
2025-12-17,5.334,22.86
2025-12-18,5.334,22.86
2025-12-19,5.334,22.86
2025-12-20,5.334,22.86
2025-12-21,5.334,22.86
2025-12-22,5.334,22.86
2025-12-23,5.334,22.86
2025-12-24,5.334,22.86
2025-12-25,5.334,22.86
2025-12-26,5.334,22.86
2025-12-27,5.334,22.86
2025-12-28,5.334,22.86
2025-12-29,5.334,22.86
2025-12-30,5.588,27.94
2025-12-31,5.588,27.94
2026-01-01,6.096,33.02
2026-01-02,6.096,33.02
2026-01-03,6.096,33.02
2026-01-04,6.096,33.02
2026-01-05,6.096,33.02
2026-01-06,6.096,33.02
2026-01-07,6.096,33.02
2026-01-08,6.096,33.02
2026-01-09,6.096,35.56
2026-01-10,6.096,38.1
2026-01-11,6.096,38.1
2026-01-12,6.096,38.1
2026-01-13,6.096,38.1
2026-01-14,6.35,30.48
2026-01-15,6.35,30.48
2026-01-16,6.35,30.48
2026-01-17,6.35,30.48
2026-01-18,6.35,33.02
2026-01-19,6.35,33.02
2026-01-20,6.35,35.56
2026-01-21,6.35,25.4
2026-01-22,6.604,25.4
2026-01-23,6.604,25.4
2026-01-24,6.604,22.86
2026-01-25,6.604,22.86
2026-01-26,6.604,25.4
2026-01-27,6.604,22.86
2026-01-28,6.604,20.32
2026-01-29,6.604,33.02
2026-01-30,6.604,33.02
2026-01-31,6.604,27.94
2026-02-01,6.604,27.94
2026-02-02,6.858,30.48
2026-02-03,6.858,27.94
2026-02-04,6.858,27.94
2026-02-05,6.858,25.4
2026-02-06,6.858,25.4
2026-02-07,6.858,27.94
2026-02-08,7.112,27.94
2026-02-09,7.112,27.94
2026-02-10,7.112,27.94
2026-02-11,7.112,27.94
2026-02-12,7.112,27.94
2026-02-13,7.112,27.94
2026-02-14,7.112,27.94
2026-02-15,8.128,40.64
2026-02-16,8.382,43.18
2026-02-17,8.382,38.1
2026-02-18,8.382,40.64
2026-02-19,9.144,50.8
2026-02-20,9.398,53.34
2026-02-21,9.652,53.34
2026-02-22,9.652,53.34
2026-02-23,10.414,53.34
2026-02-24,11.684,73.66
2026-02-25,11.684,66.04
2026-02-26,11.684,71.12
2026-02-27,11.684,66.04
2026-02-28,11.684,66.04
2026-03-01,11.684,66.04
2026-03-02,11.684,66.04
2026-03-03,11.684,66.04
2026-03-04,11.684,63.5
2026-03-05,11.684,63.5
2026-03-06,11.684,63.5
2026-03-07,11.684,63.5
2026-03-08,11.684,58.42
2026-03-09,11.684,58.42
2026-03-10,11.684,58.42
2026-03-11,11.684,58.42
2026-03-12,11.684,58.42
2026-03-13,11.684,58.42
2026-03-14,11.684,58.42
2026-03-15,11.684,58.42
2026-03-16,11.684,55.88
2026-03-17,11.684,55.88
2026-03-18,11.684,55.88
2026-03-19,11.684,55.88
2026-03-20,11.684,53.34
2026-03-21,11.684,53.34
2026-03-22,11.684,53.34
2026-03-23,11.684,53.34
2026-03-24,11.684,53.34
2026-03-25,11.684,53.34
2026-03-26,11.684,53.34
2026-03-27,11.684,53.34
2026-03-28,11.684,53.34
2026-03-29,11.684,50.8
2026-03-30,11.684,50.8
2026-03-31,11.684,50.8
2026-04-01,11.684,50.8
2026-04-02,11.684,50.8
2026-04-03,11.684,50.8
2026-04-04,11.43,53.34
2026-04-05,11.43,53.34
2026-04-06,11.43,50.8
2026-04-07,11.43,50.8
2026-04-08,11.43,50.8
2026-04-09,11.43,48.26
2026-04-10,11.43,50.8
2026-04-11,11.43,55.88
2026-04-12,11.43,53.34
2026-04-13,11.43,55.88
2026-04-14,11.43,50.8
2026-04-15,11.684,50.8
2026-04-16,11.684,53.34
2026-04-17,11.938,53.34
2026-04-18,11.938,53.34
2026-04-19,12.192,58.42
2026-04-20,12.7,60.96
2026-04-21,12.954,66.04
2026-04-22,13.462,66.04
2026-04-23,13.462,71.12
2026-04-24,13.716,68.58
2026-04-25,13.208,60.96
2026-04-26,12.954,58.42
2026-04-27,11.176,50.8
2026-04-28,10.668,50.8
2026-04-29,11.938,50.8
2026-04-30,11.684,43.18
2026-05-01,11.684,43.18
2026-05-02,11.684,40.64
2026-05-03,11.684,33.02
2026-05-04,11.176,30.48
2026-05-05,10.16,27.94
2026-05-06,8.636,22.86
2026-05-07,8.89,22.86
2026-05-08,8.636,22.86
2026-05-09,8.128,20.32
2026-05-10,6.858,17.78
2026-05-11,5.334,12.7
2026-05-12,4.318,5.08
2026-05-13,2.54,5.08
2026-05-14,0.0,0.0
2026-05-15,0.0,0.0
2026-05-16,0.0,0.0
2026-05-17,0.0,0.0
2026-05-18,0.0,0.0
2026-05-19,0.0,0.0
2026-05-20,0.0,0.0
2026-05-21,0.0,0.0
2026-05-22,0.0,0.0
2026-05-23,0.0,0.0
2026-05-24,0.0,0.0
2026-05-25,0.0,0.0
2026-05-26,0.0,0.0
2026-05-27,0.0,0.0
2026-05-28,0.0,0.0
2026-05-29,0.0,0.0
2026-05-30,0.0,0.0
2026-05-31,0.0,0.0
2026-06-01,0.0,0.0
2026-06-02,0.0,0.0
2026-06-03,0.0,0.0
2026-06-04,0.0,0.0
2026-06-05,0.0,0.0
2026-06-06,0.0,0.0
2026-06-07,0.0,0.0
2026-06-08,0.0,0.0
2026-06-09,0.0,0.0
2026-06-10,0.0,0.0
2026-06-11,0.0,0.0
2026-06-12,0.0,0.0
2026-06-13,0.0,0.0
2026-06-14,0.0,0.0
2026-06-15,0.0,0.0
2026-06-16,0.0,0.0
2026-06-17,0.0,0.0
2026-06-18,0.0,0.0
2026-06-19,0.0,0.0
2026-06-20,0.0,0.0
2026-06-21,0.0,0.0
2026-06-22,0.0,0.0
2026-06-23,0.0,0.0
2026-06-24,0.0,0.0
2026-06-25,0.0,0.0
2026-06-26,0.0,0.0
2026-06-27,0.0,0.0
2026-06-28,0.0,0.0
2026-06-29,0.0,0.0
2026-06-30,0.0,0.0
2026-07-01,0.0,0.0
2026-07-02,0.0,0.0
2026-07-03,0.0,0.0
2026-07-04,0.0,0.0
2026-07-05,0.0,0.0
2026-07-06,0.0,0.0
2026-07-07,0.0,0.0
2026-07-08,0.0,0.0
2026-07-09,0.0,0.0
2026-07-10,0.0,0.0
2026-07-11,0.0,0.0
2026-07-12,0.0,0.0
2026-07-13,0.0,0.0
2026-07-14,0.0,0.0
2026-07-15,0.0,0.0
2026-07-16,0.0,0.0
2026-07-17,0.0,0.0
2026-07-18,0.0,0.0
2026-07-19,0.0,0.0
2026-07-20,0.0,0.0
2026-07-21,0.0,0.0
2026-07-22,0.0,0.0
2026-07-23,0.0,0.0
2026-07-24,0.0,0.0
2026-07-25,0.0,0.0
2026-07-26,0.0,0.0
2026-07-27,0.0,0.0
2026-07-28,0.0,0.0
2026-07-29,0.0,0.0
2026-07-30,0.0,0.0
2026-07-31,0.0,0.0
2026-08-01,0.0,0.0
2026-08-02,0.0,0.0
2026-08-03,0.0,0.0
2026-08-04,0.0,0.0
2026-08-05,0.0,0.0
2026-08-06,0.0,0.0
2026-08-07,0.0,0.0
2026-08-08,0.0,0.0
2026-08-09,0.0,0.0
2026-08-10,0.0,0.0
2026-08-11,0.0,0.0
2026-08-12,0.0,0.0
2026-08-13,0.0,0.0
2026-08-14,0.0,0.0
2026-08-15,0.0,0.0
2026-08-16,0.0,0.0
2026-08-17,0.0,0.0
2026-08-18,0.0,0.0
2026-08-19,0.0,0.0
2026-08-20,0.0,0.0
2026-08-21,0.0,0.0
2026-08-22,0.0,0.0
2026-08-23,0.254,0.0
2026-08-24,0.254,0.0
2026-08-25,0.0,0.0
