date,wteq_cm,snwd_cm
1992-10-15,0.0,
1992-10-16,0.045,
1992-10-17,0.089,
1992-10-18,0.134,
1992-10-19,0.179,
1992-10-20,0.223,
1992-10-21,0.245,
1992-10-22,0.268,
1992-10-23,0.29,
1992-10-24,0.312,
1992-10-25,0.335,
1992-10-26,0.402,
1992-10-27,0.469,
1992-10-28,0.536,
1992-10-29,0.603,
1992-10-30,0.669,
1992-10-31,0.762,
1992-11-01,0.855,
1992-11-02,0.948,
1992-11-03,1.041,
1992-11-04,1.134,
1992-11-05,1.227,
1992-11-06,1.406,
1992-11-07,1.584,
1992-11-08,1.763,
1992-11-09,1.941,
1992-11-10,2.12,
1992-11-11,2.321,
1992-11-12,2.522,
1992-11-13,2.723,
1992-11-14,2.923,
1992-11-15,3.124,
1992-11-16,3.325,
1992-11-17,3.526,
1992-11-18,3.727,
1992-11-19,3.928,
1992-11-20,4.128,
1992-11-21,4.195,
1992-11-22,4.262,
1992-11-23,4.329,
1992-11-24,4.396,
1992-11-25,4.463,
1992-11-26,4.552,
1992-11-27,4.642,
1992-11-28,4.731,
1992-11-29,4.82,
1992-11-30,4.909,
1992-12-01,5.066,
1992-12-02,5.222,
1992-12-03,5.378,
1992-12-04,5.534,
1992-12-05,5.691,
1992-12-06,5.691,
1992-12-07,5.691,
1992-12-08,5.691,
1992-12-09,5.691,
1992-12-10,5.691,
1992-12-11,5.691,
1992-12-12,5.691,
1992-12-13,5.691,
1992-12-14,5.691,
1992-12-15,5.691,
1992-12-16,5.713,
1992-12-17,5.735,
1992-12-18,5.757,
1992-12-19,5.78,
1992-12-20,5.802,
1992-12-21,5.824,
1992-12-22,5.847,
1992-12-23,5.869,
1992-12-24,5.891,
1992-12-25,5.914,
1992-12-26,6.271,
1992-12-27,6.628,
1992-12-28,6.985,
1992-12-29,7.342,
1992-12-30,7.699,
1992-12-31,7.755,
1993-01-01,7.811,
1993-01-02,7.866,
1993-01-03,7.922,
1993-01-04,7.978,
1993-01-05,8.034,
1993-01-06,8.056,
1993-01-07,8.078,
1993-01-08,8.101,
1993-01-09,8.123,
1993-01-10,8.145,
1993-01-11,8.145,
1993-01-12,8.145,
1993-01-13,8.145,
1993-01-14,8.145,
1993-01-15,8.145,
1993-01-16,8.19,
1993-01-17,8.235,
1993-01-18,8.279,
1993-01-19,8.324,
1993-01-20,8.368,
1993-01-21,8.48,
1993-01-22,8.592,
1993-01-23,8.703,
1993-01-24,8.815,
1993-01-25,8.926,
1993-01-26,9.105,
1993-01-27,9.283,
1993-01-28,9.462,
1993-01-29,9.64,
1993-01-30,9.819,
1993-01-31,10.135,
1993-02-01,10.451,
1993-02-02,10.767,
1993-02-03,11.084,
1993-02-04,11.4,
1993-02-05,11.716,
1993-02-06,11.671,
1993-02-07,11.627,
1993-02-08,11.582,
1993-02-09,11.537,
1993-02-10,11.493,
1993-02-11,11.448,
1993-02-12,11.403,
1993-02-13,11.359,
1993-02-14,11.314,
1993-02-15,11.27,
1993-02-16,11.203,
1993-02-17,11.136,
1993-02-18,11.069,
1993-02-19,11.002,
1993-02-20,10.935,
1993-02-21,10.89,
1993-02-22,10.846,
1993-02-23,10.801,
1993-02-24,10.756,
1993-02-25,10.712,
1993-02-26,11.084,
1993-02-27,11.455,
1993-02-28,11.827,
1993-03-01,11.827,
1993-03-02,11.827,
1993-03-03,11.827,
1993-03-04,11.827,
1993-03-05,11.827,
1993-03-06,11.716,
1993-03-07,11.604,
1993-03-08,11.493,
1993-03-09,11.381,
1993-03-10,11.27,
1993-03-11,11.426,
1993-03-12,11.582,
1993-03-13,11.738,
1993-03-14,11.894,
1993-03-15,12.051,
1993-03-16,11.917,
1993-03-17,11.783,
1993-03-18,11.649,
1993-03-19,11.515,
1993-03-20,11.381,
1993-03-21,11.359,
1993-03-22,11.336,
1993-03-23,11.314,
1993-03-24,11.292,
1993-03-25,11.27,
1993-03-26,11.27,
1993-03-27,11.27,
1993-03-28,11.27,
1993-03-29,11.27,
1993-03-30,11.27,
1993-03-31,11.139,
1993-04-01,11.009,
1993-04-02,10.879,
1993-04-03,10.749,
1993-04-04,10.619,
1993-04-05,10.488,
1993-04-06,10.466,
1993-04-07,10.444,
1993-04-08,10.421,
1993-04-09,10.399,
1993-04-10,10.377,
1993-04-11,10.377,
1993-04-12,10.377,
1993-04-13,10.377,
1993-04-14,10.377,
1993-04-15,10.377,
1993-04-16,9.797,
1993-04-17,9.216,
1993-04-18,8.636,
1993-04-19,8.056,
1993-04-20,7.476,
1993-04-21,7.007,
1993-04-22,6.539,
1993-04-23,6.07,
1993-04-24,5.601,
1993-04-25,5.133,
1993-04-26,4.776,
1993-04-27,4.419,
1993-04-28,4.061,
1993-04-29,3.704,
1993-04-30,3.347,
1993-05-01,3.057,
1993-05-02,2.767,
1993-05-03,2.477,
1993-05-04,2.187,
1993-05-05,1.897,
1993-05-06,1.607,
1993-05-07,1.317,
1993-05-08,1.027,
1993-05-09,0.736,
1993-05-10,0.446,
1993-05-11,0.357,
1993-05-12,0.268,
1993-05-13,0.179,
1993-05-14,0.089,
1993-05-15,0.0,
1993-05-16,0.0,
1993-05-17,0.0,
1993-05-18,0.0,
1993-05-19,0.0,
1993-05-20,0.0,
1993-05-21,0.0,
1993-05-22,0.0,
1993-05-23,0.0,
1993-05-24,0.0,
1993-05-25,0.0,
1993-05-26,0.0,
1993-05-27,0.0,
1993-05-28,0.0,
1993-05-29,0.0,
1993-05-30,0.0,
1993-05-31,0.0,
1993-06-01,0.0,
1993-06-02,0.0,
1993-06-03,0.0,
1993-06-04,0.0,
1993-06-05,0.0,
1993-06-06,0.0,
1993-06-07,0.0,
1993-06-08,0.0,
1993-06-09,0.0,
1993-06-10,0.0,
1993-06-11,0.0,
1993-06-12,0.0,
1993-06-13,0.0,
1993-06-14,0.0,
1993-06-15,0.0,
1993-06-16,0.0,
1993-06-17,0.0,
1993-06-18,0.0,
1993-06-19,0.0,
1993-06-20,0.0,
1993-06-21,0.0,
1993-06-22,0.0,
1993-06-23,0.0,
1993-06-24,0.0,
1993-06-25,0.0,
1993-06-26,0.0,
1993-06-27,0.0,
1993-06-28,0.0,
1993-06-29,0.0,
1993-06-30,0.0,
1993-07-01,0.0,
1993-07-02,0.0,
1993-07-03,0.0,
1993-07-04,0.0,
1993-07-05,0.0,
1993-07-06,0.0,
1993-07-07,0.0,
1993-07-08,0.0,
1993-07-09,0.0,
1993-07-10,0.0,
1993-07-11,0.0,
1993-07-12,0.0,
1993-07-13,0.0,
1993-07-14,0.0,
1993-07-15,0.0,
1993-07-16,0.0,
1993-07-17,0.0,
1993-07-18,0.0,
1993-07-19,0.0,
1993-07-20,0.0,
1993-07-21,0.0,
1993-07-22,0.0,
1993-07-23,0.0,
1993-07-24,0.0,
1993-07-25,0.0,
1993-07-26,0.0,
1993-07-27,0.0,
1993-07-28,0.0,
1993-07-29,0.0,
1993-07-30,0.0,
1993-07-31,0.0,
1993-08-01,0.0,
1993-08-02,0.0,
1993-08-03,0.0,
1993-08-04,0.0,
1993-08-05,0.0,
1993-08-06,0.0,
1993-08-07,0.0,
1993-08-08,0.0,
1993-08-09,0.0,
1993-08-10,0.0,
1993-08-11,0.0,
1993-08-12,0.0,
1993-08-13,0.0,
1993-08-14,0.0,
1993-08-15,0.0,
1993-08-16,0.0,
1993-08-17,0.0,
1993-08-18,0.0,
1993-08-19,0.0,
1993-08-20,0.0,
1993-08-21,0.0,
1993-08-22,0.0,
1993-08-23,0.0,
1993-08-24,0.0,
1993-08-25,0.0,
1993-08-26,0.0,
1993-08-27,0.0,
1993-08-28,0.0,
1993-08-29,0.0,
1993-08-30,0.0,
1993-08-31,0.0,
1993-09-01,0.0,
1993-09-02,0.0,
1993-09-03,0.0,
1993-09-04,0.0,
1993-09-05,0.0,
1993-09-06,0.0,
1993-09-07,0.0,
1993-09-08,0.0,
1993-09-09,0.0,
1993-09-10,0.0,
1993-09-11,0.0,
1993-09-12,0.0,
1993-09-13,0.0,
1993-09-14,0.0,
1993-09-15,0.0,
1993-09-16,0.0,
1993-09-17,0.0,
1993-09-18,0.0,
1993-09-19,0.0,
1993-09-20,0.0,
1993-09-21,0.0,
1993-09-22,0.0,
1993-09-23,0.0,
1993-09-24,0.0,
1993-09-25,0.0,
1993-09-26,0.0,
1993-09-27,0.0,
1993-09-28,0.0,
1993-09-29,0.0,
1993-09-30,0.0,
1993-10-01,0.0,
1993-10-02,0.0,
1993-10-03,0.0,
1993-10-04,0.0,
1993-10-05,0.0,
1993-10-06,0.022,
1993-10-07,0.045,
1993-10-08,0.067,
1993-10-09,0.089,
1993-10-10,0.112,
1993-10-11,0.112,
1993-10-12,0.112,
1993-10-13,0.112,
1993-10-14,0.112,
1993-10-15,0.112,
1993-10-16,0.112,
1993-10-17,0.112,
1993-10-18,0.112,
1993-10-19,0.112,
1993-10-20,0.112,
1993-10-21,0.179,
1993-10-22,0.245,
1993-10-23,0.312,
1993-10-24,0.379,
1993-10-25,0.446,
1993-10-26,0.714,
1993-10-27,0.982,
1993-10-28,1.25,
1993-10-29,1.517,
1993-10-30,1.785,
1993-10-31,1.99,
1993-11-01,2.194,
1993-11-02,2.399,
1993-11-03,2.604,
1993-11-04,2.808,
1993-11-05,3.013,
1993-11-06,3.124,
1993-11-07,3.236,
1993-11-08,3.347,
1993-11-09,3.459,
1993-11-10,3.571,
1993-11-11,4.106,
1993-11-12,4.642,
1993-11-13,5.177,
1993-11-14,5.713,
1993-11-15,6.248,
1993-11-16,6.605,
1993-11-17,6.963,
1993-11-18,7.32,
1993-11-19,7.677,
1993-11-20,8.034,
1993-11-21,8.19,
1993-11-22,8.346,
1993-11-23,8.502,
1993-11-24,8.659,
1993-11-25,8.815,
1993-11-26,8.993,
1993-11-27,9.172,
1993-11-28,9.35,
1993-11-29,9.529,
1993-11-30,9.707,
1993-12-01,9.752,
1993-12-02,9.797,
1993-12-03,9.841,
1993-12-04,9.886,
1993-12-05,9.931,
1993-12-06,9.931,
1993-12-07,9.931,
1993-12-08,9.931,
1993-12-09,9.931,
1993-12-10,9.931,
1993-12-11,9.931,
1993-12-12,9.931,
1993-12-13,9.931,
1993-12-14,9.931,
1993-12-15,9.931,
1993-12-16,10.221,
1993-12-17,10.511,
1993-12-18,10.801,
1993-12-19,11.091,
1993-12-20,11.381,
1993-12-21,11.582,
1993-12-22,11.783,
1993-12-23,11.984,
1993-12-24,12.184,
1993-12-25,12.385,
1993-12-26,12.765,
1993-12-27,13.144,
1993-12-28,13.523,
1993-12-29,13.903,
1993-12-30,14.282,
1993-12-31,14.338,
1994-01-01,14.394,
1994-01-02,14.45,
1994-01-03,14.505,
1994-01-04,14.561,
1994-01-05,14.617,
1994-01-06,14.684,
1994-01-07,14.751,
1994-01-08,14.818,
1994-01-09,14.885,
1994-01-10,14.952,
1994-01-11,15.019,
1994-01-12,15.086,
1994-01-13,15.152,
1994-01-14,15.219,
1994-01-15,15.286,
1994-01-16,15.331,
1994-01-17,15.376,
1994-01-18,15.42,
1994-01-19,15.465,
1994-01-20,15.51,
1994-01-21,15.554,
1994-01-22,15.599,
1994-01-23,15.643,
1994-01-24,15.688,
1994-01-25,15.733,
1994-01-26,15.8,
1994-01-27,15.867,
1994-01-28,15.934,
1994-01-29,16.0,
1994-01-30,16.067,
1994-01-31,16.16,
1994-02-01,16.253,
1994-02-02,16.346,
1994-02-03,16.439,
1994-02-04,16.532,
1994-02-05,16.625,
1994-02-06,16.692,
1994-02-07,16.759,
1994-02-08,16.826,
1994-02-09,16.893,
1994-02-10,16.96,
1994-02-11,17.005,
1994-02-12,17.049,
1994-02-13,17.094,
1994-02-14,17.139,
1994-02-15,17.183,
1994-02-16,17.228,
1994-02-17,17.272,
1994-02-18,17.317,
1994-02-19,17.362,
1994-02-20,17.406,
1994-02-21,17.473,
1994-02-22,17.54,
1994-02-23,17.607,
1994-02-24,17.674,
1994-02-25,17.741,
1994-02-26,17.853,
1994-02-27,17.964,
1994-02-28,18.076,
1994-03-01,18.12,
1994-03-02,18.165,
1994-03-03,18.21,
1994-03-04,18.254,
1994-03-05,18.299,
1994-03-06,18.344,
1994-03-07,18.388,
1994-03-08,18.433,
1994-03-09,18.478,
1994-03-10,18.522,
1994-03-11,18.567,
1994-03-12,18.611,
1994-03-13,18.656,
1994-03-14,18.701,
1994-03-15,18.745,
1994-03-16,18.745,
1994-03-17,18.745,
1994-03-18,18.745,
1994-03-19,18.745,
1994-03-20,18.745,
1994-03-21,18.723,
1994-03-22,18.701,
1994-03-23,18.678,
1994-03-24,18.656,
1994-03-25,18.634,
1994-03-26,18.611,
1994-03-27,18.589,
1994-03-28,18.567,
1994-03-29,18.544,
1994-03-30,18.522,
1994-03-31,18.318,
1994-04-01,18.113,
1994-04-02,17.908,
1994-04-03,17.704,
1994-04-04,17.499,
1994-04-05,17.295,
1994-04-06,17.072,
1994-04-07,16.848,
1994-04-08,16.625,
1994-04-09,16.402,
1994-04-10,16.179,
1994-04-11,15.956,
1994-04-12,15.733,
1994-04-13,15.51,
1994-04-14,15.286,
1994-04-15,15.063,
1994-04-16,14.84,
1994-04-17,14.617,
1994-04-18,14.394,
1994-04-19,14.171,
1994-04-20,13.947,
1994-04-21,13.724,
1994-04-22,13.501,
1994-04-23,13.278,
1994-04-24,13.055,
1994-04-25,12.832,
1994-04-26,,
1994-04-27,,
1994-04-28,,
1994-04-29,,
1994-04-30,,
1994-05-01,,
1994-05-02,,
1994-05-03,,
1994-05-04,,
1994-05-05,,
1994-05-06,,
1994-05-07,,
1994-05-08,,
1994-05-09,,
1994-05-10,,
1994-05-11,,
1994-05-12,,
1994-05-13,,
1994-05-14,,
1994-05-15,,
1994-05-16,,
1994-05-17,,
1994-05-18,,
1994-05-19,,
1994-05-20,,
1994-05-21,,
1994-05-22,,
1994-05-23,,
1994-05-24,,
1994-05-25,,
1994-05-26,,
1994-05-27,,
1994-05-28,,
1994-05-29,,
1994-05-30,,
1994-05-31,,
1994-06-01,,
1994-06-02,,
1994-06-03,,
1994-06-04,,
1994-06-05,,
1994-06-06,,
1994-06-07,,
1994-06-08,,
1994-06-09,,
1994-06-10,,
1994-06-11,,
1994-06-12,,
1994-06-13,,
1994-06-14,,
1994-06-15,,
1994-06-16,,
1994-06-17,,
1994-06-18,,
1994-06-19,,
1994-06-20,,
1994-06-21,,
1994-06-22,,
1994-06-23,,
1994-06-24,,
1994-06-25,,
1994-06-26,,
1994-06-27,,
1994-06-28,,
1994-06-29,,
1994-06-30,,
1994-07-01,,
1994-07-02,,
1994-07-03,,
1994-07-04,,
1994-07-05,,
1994-07-06,,
1994-07-07,,
1994-07-08,,
1994-07-09,,
1994-07-10,,
1994-07-11,,
1994-07-12,,
1994-07-13,,
1994-07-14,,
1994-07-15,,
1994-07-16,,
1994-07-17,,
1994-07-18,,
1994-07-19,,
1994-07-20,,
1994-07-21,,
1994-07-22,,
1994-07-23,,
1994-07-24,,
1994-07-25,,
1994-07-26,,
1994-07-27,,
1994-07-28,,
1994-07-29,,
1994-07-30,,
1994-07-31,,
1994-08-01,,
1994-08-02,,
1994-08-03,,
1994-08-04,,
1994-08-05,,
1994-08-06,,
1994-08-07,,
1994-08-08,,
1994-08-09,,
1994-08-10,,
1994-08-11,,
1994-08-12,,
1994-08-13,,
1994-08-14,,
1994-08-15,,
1994-08-16,,
1994-08-17,,
1994-08-18,,
1994-08-19,,
1994-08-20,,
1994-08-21,,
1994-08-22,,
1994-08-23,,
1994-08-24,,
1994-08-25,,
1994-08-26,,
1994-08-27,,
1994-08-28,,
1994-08-29,,
1994-08-30,,
1994-08-31,,
1994-09-01,,
1994-09-02,,
1994-09-03,,
1994-09-04,,
1994-09-05,,
1994-09-06,,
1994-09-07,,
1994-09-08,,
1994-09-09,,
1994-09-10,,
1994-09-11,,
1994-09-12,,
1994-09-13,,
1994-09-14,,
1994-09-15,,
1994-09-16,,
1994-09-17,,
1994-09-18,,
1994-09-19,,
1994-09-20,,
1994-09-21,,
1994-09-22,,
1994-09-23,,
1994-09-24,,
1994-09-25,,
1994-09-26,,
1994-09-27,,
1994-09-28,,
1994-09-29,,
1994-09-30,,
1994-10-01,,
1994-10-02,,
1994-10-03,,
1994-10-04,,
1994-10-05,0.0,
1994-10-06,0.0,
1994-10-07,0.0,
1994-10-08,0.0,
1994-10-09,0.0,
1994-10-10,0.0,
1994-10-11,0.0,
1994-10-12,0.0,
1994-10-13,0.0,
1994-10-14,0.0,
1994-10-15,0.0,
1994-10-16,0.0,
1994-10-17,0.0,
1994-10-18,0.0,
1994-10-19,0.0,
1994-10-20,0.0,
1994-10-21,0.0,
1994-10-22,0.0,
1994-10-23,0.0,
1994-10-24,0.0,
1994-10-25,0.0,
1994-10-26,0.045,
1994-10-27,0.089,
1994-10-28,0.134,
1994-10-29,0.179,
1994-10-30,0.223,
1994-10-31,0.335,
1994-11-01,0.446,
1994-11-02,0.558,
1994-11-03,0.669,
1994-11-04,0.781,
1994-11-05,0.893,
1994-11-06,1.071,
1994-11-07,1.25,
1994-11-08,1.428,
1994-11-09,1.607,
1994-11-10,1.785,
1994-11-11,1.964,
1994-11-12,2.142,
1994-11-13,2.321,
1994-11-14,2.499,
1994-11-15,2.678,
1994-11-16,2.789,
1994-11-17,2.901,
1994-11-18,3.013,
1994-11-19,3.124,
1994-11-20,3.236,
1994-11-21,3.526,
1994-11-22,3.816,
1994-11-23,4.106,
1994-11-24,4.396,
1994-11-25,4.686,
1994-11-26,4.686,
1994-11-27,4.686,
1994-11-28,4.686,
1994-11-29,4.686,
1994-11-30,4.686,
1994-12-01,4.753,
1994-12-02,4.82,
1994-12-03,4.887,
1994-12-04,4.954,
1994-12-05,5.021,
1994-12-06,5.043,
1994-12-07,5.066,
1994-12-08,5.088,
1994-12-09,5.11,
1994-12-10,5.133,
1994-12-11,5.222,
1994-12-12,5.311,
1994-12-13,5.4,
1994-12-14,5.49,
1994-12-15,5.579,
1994-12-16,5.579,
1994-12-17,5.579,
1994-12-18,5.579,
1994-12-19,5.579,
1994-12-20,5.579,
1994-12-21,5.691,
1994-12-22,5.802,
1994-12-23,5.914,
1994-12-24,6.025,
1994-12-25,6.137,
1994-12-26,6.248,
1994-12-27,6.36,
1994-12-28,6.472,
1994-12-29,6.583,
1994-12-30,6.695,
1994-12-31,6.788,
1995-01-01,6.881,
1995-01-02,6.974,
1995-01-03,7.067,
1995-01-04,7.16,
1995-01-05,7.253,
1995-01-06,7.297,
1995-01-07,7.342,
1995-01-08,7.387,
1995-01-09,7.431,
1995-01-10,7.476,
1995-01-11,7.543,
1995-01-12,7.61,
1995-01-13,7.677,
1995-01-14,7.744,
1995-01-15,7.811,
1995-01-16,7.877,
1995-01-17,7.944,
1995-01-18,8.011,
1995-01-19,8.078,
1995-01-20,8.145,
1995-01-21,8.145,
1995-01-22,8.145,
1995-01-23,8.145,
1995-01-24,8.145,
1995-01-25,8.145,
1995-01-26,8.168,
1995-01-27,8.19,
1995-01-28,8.212,
1995-01-29,8.235,
1995-01-30,8.257,
1995-01-31,8.461,
1995-02-01,8.666,
1995-02-02,8.871,
1995-02-03,9.075,
1995-02-04,9.28,
1995-02-05,9.484,
1995-02-06,9.484,
1995-02-07,9.484,
1995-02-08,9.484,
1995-02-09,9.484,
1995-02-10,9.484,
1995-02-11,9.484,
1995-02-12,9.484,
1995-02-13,9.484,
1995-02-14,9.484,
1995-02-15,9.484,
1995-02-16,9.596,
1995-02-17,9.707,
1995-02-18,9.819,
1995-02-19,9.931,
1995-02-20,10.042,
1995-02-21,10.31,
1995-02-22,10.578,
1995-02-23,10.846,
1995-02-24,11.113,
1995-02-25,11.381,
1995-02-26,11.493,
1995-02-27,11.604,
1995-02-28,11.716,
1995-03-01,11.738,
1995-03-02,11.76,
1995-03-03,11.783,
1995-03-04,11.805,
1995-03-05,11.827,
1995-03-06,11.85,
1995-03-07,11.872,
1995-03-08,11.894,
1995-03-09,11.917,
1995-03-10,11.939,
1995-03-11,12.318,
1995-03-12,12.698,
1995-03-13,13.077,
1995-03-14,13.456,
1995-03-15,13.836,
1995-03-16,13.97,
1995-03-17,14.104,
1995-03-18,14.238,
1995-03-19,14.371,
1995-03-20,14.505,
1995-03-21,14.528,
1995-03-22,14.55,
1995-03-23,14.572,
1995-03-24,14.595,
1995-03-25,14.617,
1995-03-26,14.862,
1995-03-27,15.108,
1995-03-28,15.353,
1995-03-29,15.599,
1995-03-30,15.844,
1995-03-31,15.863,
1995-04-01,15.881,
1995-04-02,15.9,
1995-04-03,15.919,
1995-04-04,15.937,
1995-04-05,15.956,
1995-04-06,15.956,
1995-04-07,15.956,
1995-04-08,15.956,
1995-04-09,15.956,
1995-04-10,15.956,
1995-04-11,15.956,
1995-04-12,15.956,
1995-04-13,15.956,
1995-04-14,15.956,
1995-04-15,15.956,
1995-04-16,15.978,
1995-04-17,16.0,
1995-04-18,16.023,
1995-04-19,16.045,
1995-04-20,16.067,
1995-04-21,16.067,
1995-04-22,16.067,
1995-04-23,16.067,
1995-04-24,16.067,
1995-04-25,16.067,
1995-04-26,14.282,
1995-04-27,12.497,
1995-04-28,10.712,
1995-04-29,8.926,
1995-04-30,7.141,
1995-05-01,6.784,
1995-05-02,6.427,
1995-05-03,6.07,
1995-05-04,5.713,
1995-05-05,5.356,
1995-05-06,4.82,
1995-05-07,4.285,
1995-05-08,3.749,
1995-05-09,3.213,
1995-05-10,2.678,
1995-05-11,2.41,
1995-05-12,2.142,
1995-05-13,1.875,
1995-05-14,1.607,
1995-05-15,1.339,
1995-05-16,1.071,
1995-05-17,0.803,
1995-05-18,0.536,
1995-05-19,0.268,
1995-05-20,0.0,
1995-05-21,0.0,
1995-05-22,0.0,
1995-05-23,0.0,
1995-05-24,0.0,
1995-05-25,0.0,
1995-05-26,0.0,
1995-05-27,0.0,
1995-05-28,0.0,
1995-05-29,0.0,
1995-05-30,0.0,
1995-05-31,0.0,
1995-06-01,0.0,
1995-06-02,0.0,
1995-06-03,0.0,
1995-06-04,0.0,
1995-06-05,0.0,
1995-06-06,0.0,
1995-06-07,0.0,
1995-06-08,0.0,
1995-06-09,0.0,
1995-06-10,0.0,
1995-06-11,0.0,
1995-06-12,0.0,
1995-06-13,0.0,
1995-06-14,0.0,
1995-06-15,0.0,
1995-06-16,0.0,
1995-06-17,0.0,
1995-06-18,0.0,
1995-06-19,0.0,
1995-06-20,0.0,
1995-06-21,0.0,
1995-06-22,0.0,
1995-06-23,0.0,
1995-06-24,0.0,
1995-06-25,0.0,
1995-06-26,0.0,
1995-06-27,0.0,
1995-06-28,0.0,
1995-06-29,0.0,
1995-06-30,0.0,
1995-07-01,0.0,
1995-07-02,0.0,
1995-07-03,0.0,
1995-07-04,0.0,
1995-07-05,0.0,
1995-07-06,0.0,
1995-07-07,0.0,
1995-07-08,0.0,
1995-07-09,0.0,
1995-07-10,0.0,
1995-07-11,0.0,
1995-07-12,0.0,
1995-07-13,0.0,
1995-07-14,0.0,
1995-07-15,0.0,
1995-07-16,0.0,
1995-07-17,0.0,
1995-07-18,0.0,
1995-07-19,0.0,
1995-07-20,0.0,
1995-07-21,0.0,
1995-07-22,0.0,
1995-07-23,0.0,
1995-07-24,0.0,
1995-07-25,0.0,
1995-07-26,0.0,
1995-07-27,0.0,
1995-07-28,0.0,
1995-07-29,0.0,
1995-07-30,0.0,
1995-07-31,0.0,
1995-08-01,0.0,
1995-08-02,0.0,
1995-08-03,0.0,
1995-08-04,0.0,
1995-08-05,0.0,
1995-08-06,0.0,
1995-08-07,0.0,
1995-08-08,0.0,
1995-08-09,0.0,
1995-08-10,0.0,
1995-08-11,0.0,
1995-08-12,0.0,
1995-08-13,0.0,
1995-08-14,0.0,
1995-08-15,0.0,
1995-08-16,0.0,
1995-08-17,0.0,
1995-08-18,0.0,
1995-08-19,0.0,
1995-08-20,0.0,
1995-08-21,0.0,
1995-08-22,0.0,
1995-08-23,0.0,
1995-08-24,0.0,
1995-08-25,0.0,
1995-08-26,0.0,
1995-08-27,0.0,
1995-08-28,0.0,
1995-08-29,0.0,
1995-08-30,0.0,
1995-08-31,0.0,
1995-09-01,0.0,
1995-09-02,0.0,
1995-09-03,0.0,
1995-09-04,0.0,
1995-09-05,0.0,
1995-09-06,0.0,
1995-09-07,0.0,
1995-09-08,0.0,
1995-09-09,0.0,
1995-09-10,0.0,
1995-09-11,0.0,
1995-09-12,0.0,
1995-09-13,0.0,
1995-09-14,0.0,
1995-09-15,0.0,
1995-09-16,0.0,
1995-09-17,0.0,
1995-09-18,0.0,
1995-09-19,0.0,
1995-09-20,0.0,
1995-09-21,0.0,
1995-09-22,0.0,
1995-09-23,0.0,
1995-09-24,0.0,
1995-09-25,0.0,
1995-09-26,0.0,
1995-09-27,0.0,
1995-09-28,0.0,
1995-09-29,0.0,
1995-09-30,0.0,
1995-10-01,0.0,
1995-10-02,0.0,
1995-10-03,0.0,
1995-10-04,0.0,
1995-10-05,0.0,
1995-10-06,0.0,
1995-10-07,0.0,
1995-10-08,0.0,
1995-10-09,0.0,
1995-10-10,0.0,
1995-10-11,0.067,
1995-10-12,0.134,
1995-10-13,0.201,
1995-10-14,0.268,
1995-10-15,0.335,
1995-10-16,0.357,
1995-10-17,0.379,
1995-10-18,0.402,
1995-10-19,0.424,
1995-10-20,0.446,
1995-10-21,0.491,
1995-10-22,0.536,
1995-10-23,0.58,
1995-10-24,0.625,
1995-10-25,0.669,
1995-10-26,0.893,
1995-10-27,1.116,
1995-10-28,1.339,
1995-10-29,1.562,
1995-10-30,1.785,
1995-10-31,1.785,
1995-11-01,1.785,
1995-11-02,1.785,
1995-11-03,1.785,
1995-11-04,1.785,
1995-11-05,1.785,
1995-11-06,1.875,
1995-11-07,1.964,
1995-11-08,2.053,
1995-11-09,2.142,
1995-11-10,2.232,
1995-11-11,2.232,
1995-11-12,2.232,
1995-11-13,2.232,
1995-11-14,2.232,
1995-11-15,2.232,
1995-11-16,2.455,
1995-11-17,2.678,
1995-11-18,2.901,
1995-11-19,3.124,
1995-11-20,3.347,
1995-11-21,3.526,
1995-11-22,3.704,
1995-11-23,3.883,
1995-11-24,4.061,
1995-11-25,4.24,
1995-11-26,4.419,
1995-11-27,4.597,
1995-11-28,4.776,
1995-11-29,4.954,
1995-11-30,5.133,
1995-12-01,5.311,
1995-12-02,5.49,
1995-12-03,5.668,
1995-12-04,5.847,
1995-12-05,6.025,
1995-12-06,6.025,
1995-12-07,6.025,
1995-12-08,6.025,
1995-12-09,6.025,
1995-12-10,6.025,
1995-12-11,6.115,
1995-12-12,6.204,
1995-12-13,6.293,
1995-12-14,6.382,
1995-12-15,6.472,
1995-12-16,6.717,
1995-12-17,6.963,
1995-12-18,7.208,
1995-12-19,7.453,
1995-12-20,7.699,
1995-12-21,7.811,
1995-12-22,7.922,
1995-12-23,8.034,
1995-12-24,8.145,
1995-12-25,8.257,
1995-12-26,8.48,
1995-12-27,8.703,
1995-12-28,8.926,
1995-12-29,9.149,
1995-12-30,9.373,
1995-12-31,9.503,
1996-01-01,9.633,
1996-01-02,9.763,
1996-01-03,9.893,
1996-01-04,10.024,
1996-01-05,10.154,
1996-01-06,10.533,
1996-01-07,10.912,
1996-01-08,11.292,
1996-01-09,11.671,
1996-01-10,12.051,
1996-01-11,12.229,
1996-01-12,12.408,
1996-01-13,12.586,
1996-01-14,12.765,
1996-01-15,12.943,
1996-01-16,12.943,
1996-01-17,12.943,
1996-01-18,12.943,
1996-01-19,12.943,
1996-01-20,12.943,
1996-01-21,13.032,
1996-01-22,13.122,
1996-01-23,13.211,
1996-01-24,13.3,
1996-01-25,13.39,
1996-01-26,13.501,
1996-01-27,13.613,
1996-01-28,13.724,
1996-01-29,13.836,
1996-01-30,13.947,
1996-01-31,13.947,
1996-02-01,13.947,
1996-02-02,13.947,
1996-02-03,13.947,
1996-02-04,13.947,
1996-02-05,13.947,
1996-02-06,13.97,
1996-02-07,13.992,
1996-02-08,14.014,
1996-02-09,14.037,
1996-02-10,14.059,
1996-02-11,14.104,
1996-02-12,14.148,
1996-02-13,14.193,
1996-02-14,14.238,
1996-02-15,14.282,
1996-02-16,14.595,
1996-02-17,14.907,
1996-02-18,15.219,
1996-02-19,15.532,
1996-02-20,15.844,
1996-02-21,16.268,
1996-02-22,16.692,
1996-02-23,17.116,
1996-02-24,17.54,
1996-02-25,17.964,
1996-02-26,17.964,
1996-02-27,17.964,
1996-02-28,17.964,
1996-02-29,17.555,
1996-03-01,17.146,
1996-03-02,16.737,
1996-03-03,16.328,
1996-03-04,15.919,
1996-03-05,15.51,
1996-03-06,15.666,
1996-03-07,15.822,
1996-03-08,15.978,
1996-03-09,16.134,
1996-03-10,16.291,
1996-03-11,16.804,
1996-03-12,17.317,
1996-03-13,17.83,
1996-03-14,18.344,
1996-03-15,18.857,
1996-03-16,18.991,
1996-03-17,19.125,
1996-03-18,19.259,
1996-03-19,19.392,
1996-03-20,19.526,
1996-03-21,19.526,
1996-03-22,19.526,
1996-03-23,19.526,
1996-03-24,19.526,
1996-03-25,19.526,
1996-03-26,19.526,
1996-03-27,19.526,
1996-03-28,19.526,
1996-03-29,19.526,
1996-03-30,19.526,
1996-03-31,19.526,
1996-04-01,19.526,
1996-04-02,19.526,
1996-04-03,19.526,
1996-04-04,19.526,
1996-04-05,19.526,
1996-04-06,19.616,
1996-04-07,19.705,
1996-04-08,19.794,
1996-04-09,19.883,
1996-04-10,19.973,
1996-04-11,19.995,
1996-04-12,20.017,
1996-04-13,20.04,
1996-04-14,20.062,
1996-04-15,20.084,
1996-04-16,20.084,
1996-04-17,20.084,
1996-04-18,20.084,
1996-04-19,20.084,
1996-04-20,20.084,
1996-04-21,19.861,
1996-04-22,19.638,
1996-04-23,19.415,
1996-04-24,19.192,
1996-04-25,18.968,
1996-04-26,18.031,
1996-04-27,17.094,
1996-04-28,16.157,
1996-04-29,15.219,
1996-04-30,14.282,
1996-05-01,12.832,
1996-05-02,11.381,
1996-05-03,9.931,
1996-05-04,8.48,
1996-05-05,7.029,
1996-05-06,6.07,
1996-05-07,5.11,
1996-05-08,4.151,
1996-05-09,3.191,
1996-05-10,2.232,
1996-05-11,1.785,
1996-05-12,1.339,
1996-05-13,0.893,
1996-05-14,0.446,
1996-05-15,0.0,
1996-05-16,0.0,
1996-05-17,0.0,
1996-05-18,0.0,
1996-05-19,0.0,
1996-05-20,0.0,
1996-05-21,0.0,
1996-05-22,0.0,
1996-05-23,0.0,
1996-05-24,0.0,
1996-05-25,0.0,
1996-05-26,0.0,
1996-05-27,0.0,
1996-05-28,0.0,
1996-05-29,0.0,
1996-05-30,0.0,
1996-05-31,0.0,
1996-06-01,0.0,
1996-06-02,0.0,
1996-06-03,0.0,
1996-06-04,0.0,
1996-06-05,0.0,
1996-06-06,0.0,
1996-06-07,0.0,
1996-06-08,0.0,
1996-06-09,0.0,
1996-06-10,0.0,
1996-06-11,0.0,
1996-06-12,0.0,
1996-06-13,0.0,
1996-06-14,0.0,
1996-06-15,0.0,
1996-06-16,0.0,
1996-06-17,0.0,
1996-06-18,0.0,
1996-06-19,0.0,
1996-06-20,0.0,
1996-06-21,0.0,
1996-06-22,0.0,
1996-06-23,0.0,
1996-06-24,0.0,
1996-06-25,0.0,
1996-06-26,0.0,
1996-06-27,0.0,
1996-06-28,0.0,
1996-06-29,0.0,
1996-06-30,0.0,
1996-07-01,0.0,
1996-07-02,0.0,
1996-07-03,0.0,
1996-07-04,0.0,
1996-07-05,0.0,
1996-07-06,0.0,
1996-07-07,0.0,
1996-07-08,0.0,
1996-07-09,0.0,
1996-07-10,0.0,
1996-07-11,0.0,
1996-07-12,0.0,
1996-07-13,0.0,
1996-07-14,0.0,
1996-07-15,0.0,
1996-07-16,0.0,
1996-07-17,0.0,
1996-07-18,0.0,
1996-07-19,0.0,
1996-07-20,0.0,
1996-07-21,0.0,
1996-07-22,0.0,
1996-07-23,0.0,
1996-07-24,0.0,
1996-07-25,0.0,
1996-07-26,0.0,
1996-07-27,0.0,
1996-07-28,0.0,
1996-07-29,0.0,
1996-07-30,0.0,
1996-07-31,0.0,
1996-08-01,0.0,
1996-08-02,0.0,
1996-08-03,0.0,
1996-08-04,0.0,
1996-08-05,0.0,
1996-08-06,0.0,
1996-08-07,0.0,
1996-08-08,0.0,
1996-08-09,0.0,
1996-08-10,0.0,
1996-08-11,0.0,
1996-08-12,0.0,
1996-08-13,0.0,
1996-08-14,0.0,
1996-08-15,0.0,
1996-08-16,0.0,
1996-08-17,0.0,
1996-08-18,0.0,
1996-08-19,0.0,
1996-08-20,0.0,
1996-08-21,0.0,
1996-08-22,0.0,
1996-08-23,0.0,
1996-08-24,0.0,
1996-08-25,0.0,
1996-08-26,0.0,
1996-08-27,0.0,
1996-08-28,0.0,
1996-08-29,0.0,
1996-08-30,0.0,
1996-08-31,0.0,
1996-09-01,0.0,
1996-09-02,0.0,
1996-09-03,0.0,
1996-09-04,0.0,
1996-09-05,0.0,
1996-09-06,0.0,
1996-09-07,0.0,
1996-09-08,0.0,
1996-09-09,0.0,
1996-09-10,0.0,
1996-09-11,0.0,
1996-09-12,0.0,
1996-09-13,0.0,
1996-09-14,0.0,
1996-09-15,0.0,
1996-09-16,0.0,
1996-09-17,0.0,
1996-09-18,0.0,
1996-09-19,0.0,
1996-09-20,0.0,
1996-09-21,0.0,
1996-09-22,0.0,
1996-09-23,0.0,
1996-09-24,0.0,
1996-09-25,0.0,
1996-09-26,0.0,
1996-09-27,0.0,
1996-09-28,0.0,
1996-09-29,0.0,
1996-09-30,0.0,
1996-10-01,0.022,
1996-10-02,0.045,
1996-10-03,0.067,
1996-10-04,0.089,
1996-10-05,0.112,
1996-10-06,0.089,
1996-10-07,0.067,
1996-10-08,0.045,
1996-10-09,0.022,
1996-10-10,0.0,
1996-10-11,0.0,
1996-10-12,0.0,
1996-10-13,0.0,
1996-10-14,0.0,
1996-10-15,0.0,
1996-10-16,0.089,
1996-10-17,0.179,
1996-10-18,0.268,
1996-10-19,0.357,
1996-10-20,0.446,
1996-10-21,0.446,
1996-10-22,0.446,
1996-10-23,0.446,
1996-10-24,0.446,
1996-10-25,0.446,
1996-10-26,0.87,
1996-10-27,1.294,
1996-10-28,1.718,
1996-10-29,2.142,
1996-10-30,2.566,
1996-10-31,2.641,
1996-11-01,2.715,
1996-11-02,2.789,
1996-11-03,2.864,
1996-11-04,2.938,
1996-11-05,3.013,
1996-11-06,3.258,
1996-11-07,3.504,
1996-11-08,3.749,
1996-11-09,3.995,
1996-11-10,4.24,
1996-11-11,4.24,
1996-11-12,4.24,
1996-11-13,4.24,
1996-11-14,4.24,
1996-11-15,4.24,
1996-11-16,4.24,
1996-11-17,4.24,
1996-11-18,4.24,
1996-11-19,4.24,
1996-11-20,4.24,
1996-11-21,4.24,
1996-11-22,4.24,
1996-11-23,4.24,
1996-11-24,4.24,
1996-11-25,4.24,
1996-11-26,4.24,
1996-11-27,4.24,
1996-11-28,4.24,
1996-11-29,4.24,
1996-11-30,4.24,
1996-12-01,4.463,
1996-12-02,4.686,
1996-12-03,4.909,
1996-12-04,5.133,
1996-12-05,5.356,
1996-12-06,5.534,
1996-12-07,5.713,
1996-12-08,5.891,
1996-12-09,6.07,
1996-12-10,6.248,
1996-12-11,6.248,
1996-12-12,6.248,
1996-12-13,6.248,
1996-12-14,6.248,
1996-12-15,6.248,
1996-12-16,6.561,
1996-12-17,6.873,
1996-12-18,7.186,
1996-12-19,7.498,
1996-12-20,7.811,
1996-12-21,7.877,
1996-12-22,7.944,
1996-12-23,8.011,
1996-12-24,8.078,
1996-12-25,8.145,
1996-12-26,8.145,
1996-12-27,8.145,
1996-12-28,8.145,
1996-12-29,8.145,
1996-12-30,8.145,
1996-12-31,8.164,
1997-01-01,8.182,
1997-01-02,8.201,
1997-01-03,8.22,
1997-01-04,8.238,
1997-01-05,8.257,
1997-01-06,8.525,
1997-01-07,8.792,
1997-01-08,9.06,
1997-01-09,9.328,
1997-01-10,9.596,
1997-01-11,9.618,
1997-01-12,9.64,
1997-01-13,9.663,
1997-01-14,9.685,
1997-01-15,9.707,
1997-01-16,9.707,
1997-01-17,9.707,
1997-01-18,9.707,
1997-01-19,9.707,
1997-01-20,9.707,
1997-01-21,9.707,
1997-01-22,9.707,
1997-01-23,9.707,
1997-01-24,9.707,
1997-01-25,9.707,
1997-01-26,9.707,
1997-01-27,9.707,
1997-01-28,9.707,
1997-01-29,9.707,
1997-01-30,9.707,
1997-01-31,9.707,
1997-02-01,9.707,
1997-02-02,9.707,
1997-02-03,9.707,
1997-02-04,9.707,
1997-02-05,9.707,
1997-02-06,9.864,
1997-02-07,10.02,
1997-02-08,10.176,
1997-02-09,10.332,
1997-02-10,10.488,
1997-02-11,10.488,
1997-02-12,10.488,
1997-02-13,10.488,
1997-02-14,10.488,
1997-02-15,10.488,
1997-02-16,10.488,
1997-02-17,10.488,
1997-02-18,10.488,
1997-02-19,10.488,
1997-02-20,10.488,
1997-02-21,10.689,
1997-02-22,10.89,
1997-02-23,11.091,
1997-02-24,11.292,
1997-02-25,11.493,
1997-02-26,11.493,
1997-02-27,11.493,
1997-02-28,11.493,
1997-03-01,11.671,
1997-03-02,11.85,
1997-03-03,12.028,
1997-03-04,12.207,
1997-03-05,12.385,
1997-03-06,12.385,
1997-03-07,12.385,
1997-03-08,12.385,
1997-03-09,12.385,
1997-03-10,12.385,
1997-03-11,12.385,
1997-03-12,12.385,
1997-03-13,12.385,
1997-03-14,12.385,
1997-03-15,12.385,
1997-03-16,12.385,
1997-03-17,12.385,
1997-03-18,12.385,
1997-03-19,12.385,
1997-03-20,12.385,
1997-03-21,12.385,
1997-03-22,12.385,
1997-03-23,12.385,
1997-03-24,12.385,
1997-03-25,12.385,
1997-03-26,12.542,
1997-03-27,12.698,
1997-03-28,12.854,
1997-03-29,13.01,
1997-03-30,13.166,
1997-03-31,13.575,
1997-04-01,13.985,
1997-04-02,14.394,
1997-04-03,14.803,
1997-04-04,15.212,
1997-04-05,15.621,
1997-04-06,15.621,
1997-04-07,15.621,
1997-04-08,15.621,
1997-04-09,15.621,
1997-04-10,15.621,
1997-04-11,15.51,
1997-04-12,15.398,
1997-04-13,15.286,
1997-04-14,15.175,
1997-04-15,15.063,
1997-04-16,15.019,
1997-04-17,14.974,
1997-04-18,14.929,
1997-04-19,14.885,
1997-04-20,14.84,
1997-04-21,14.371,
1997-04-22,13.903,
1997-04-23,13.434,
1997-04-24,12.966,
1997-04-25,12.497,
1997-04-26,10.89,
1997-04-27,9.283,
1997-04-28,7.677,
1997-04-29,6.07,
1997-04-30,4.463,
1997-05-01,3.571,
1997-05-02,2.678,
1997-05-03,1.785,
1997-05-04,0.893,
1997-05-05,0.0,
1997-05-06,0.0,
1997-05-07,0.0,
1997-05-08,0.0,
1997-05-09,0.0,
1997-05-10,0.0,
1997-05-11,0.0,
1997-05-12,0.0,
1997-05-13,0.0,
1997-05-14,0.0,
1997-05-15,0.0,
1997-05-16,0.0,
1997-05-17,0.0,
1997-05-18,0.0,
1997-05-19,0.0,
1997-05-20,0.0,
1997-05-21,0.0,
1997-05-22,0.0,
1997-05-23,0.0,
1997-05-24,0.0,
1997-05-25,0.0,
1997-05-26,0.0,
1997-05-27,0.0,
1997-05-28,0.0,
1997-05-29,0.0,
1997-05-30,0.0,
1997-05-31,0.0,
1997-06-01,0.0,
1997-06-02,0.0,
1997-06-03,0.0,
1997-06-04,0.0,
1997-06-05,0.0,
1997-06-06,0.0,
1997-06-07,0.0,
1997-06-08,0.0,
1997-06-09,0.0,
1997-06-10,0.0,
1997-06-11,0.0,
1997-06-12,0.0,
1997-06-13,0.0,
1997-06-14,0.0,
1997-06-15,0.0,
1997-06-16,0.0,
1997-06-17,0.0,
1997-06-18,0.0,
1997-06-19,0.0,
1997-06-20,0.0,
1997-06-21,0.0,
1997-06-22,0.0,
1997-06-23,0.0,
1997-06-24,0.0,
1997-06-25,0.0,
1997-06-26,0.0,
1997-06-27,0.0,
1997-06-28,0.0,
1997-06-29,0.0,
1997-06-30,0.0,
1997-07-01,0.0,
1997-07-02,0.0,
1997-07-03,0.0,
1997-07-04,0.0,
1997-07-05,0.0,
1997-07-06,0.0,
1997-07-07,0.0,
1997-07-08,0.0,
1997-07-09,0.0,
1997-07-10,0.0,
1997-07-11,0.0,
1997-07-12,0.0,
1997-07-13,0.0,
1997-07-14,0.0,
1997-07-15,0.0,
1997-07-16,0.0,
1997-07-17,0.0,
1997-07-18,0.0,
1997-07-19,0.0,
1997-07-20,0.0,
1997-07-21,0.0,
1997-07-22,0.0,
1997-07-23,0.0,
1997-07-24,0.0,
1997-07-25,0.0,
1997-07-26,0.0,
1997-07-27,0.0,
1997-07-28,0.0,
1997-07-29,0.0,
1997-07-30,0.0,
1997-07-31,0.0,
1997-08-01,0.0,
1997-08-02,0.0,
1997-08-03,0.0,
1997-08-04,0.0,
1997-08-05,0.0,
1997-08-06,0.0,
1997-08-07,0.0,
1997-08-08,0.0,
1997-08-09,0.0,
1997-08-10,0.0,
1997-08-11,0.0,
1997-08-12,0.0,
1997-08-13,0.0,
1997-08-14,0.0,
1997-08-15,0.0,
1997-08-16,0.0,
1997-08-17,0.0,
1997-08-18,0.0,
1997-08-19,0.0,
1997-08-20,0.0,
1997-08-21,0.0,
1997-08-22,0.0,
1997-08-23,0.0,
1997-08-24,0.0,
1997-08-25,0.0,
1997-08-26,0.0,
1997-08-27,0.0,
1997-08-28,0.0,
1997-08-29,0.0,
1997-08-30,0.0,
1997-08-31,0.0,
1997-09-01,0.0,
1997-09-02,0.0,
1997-09-03,0.0,
1997-09-04,0.0,
1997-09-05,0.0,
1997-09-06,0.0,
1997-09-07,0.0,
1997-09-08,0.0,
1997-09-09,0.0,
1997-09-10,0.0,
1997-09-11,0.0,
1997-09-12,0.0,
1997-09-13,0.0,
1997-09-14,0.0,
1997-09-15,0.0,
1997-09-16,0.0,
1997-09-17,0.0,
1997-09-18,0.0,
1997-09-19,0.0,
1997-09-20,0.0,
1997-09-21,0.0,
1997-09-22,0.0,
1997-09-23,0.0,
1997-09-24,0.0,
1997-09-25,0.0,
1997-09-26,0.0,
1997-09-27,0.0,
1997-09-28,0.0,
1997-09-29,0.0,
1997-09-30,0.0,
1997-10-01,0.0,
1997-10-02,0.0,
1997-10-03,0.0,
1997-10-04,0.0,
1997-10-05,0.0,
1997-10-06,0.0,
1997-10-07,0.0,
1997-10-08,0.0,
1997-10-09,0.0,
1997-10-10,0.0,
1997-10-11,0.179,
1997-10-12,0.357,
1997-10-13,0.536,
1997-10-14,0.714,
1997-10-15,0.893,
1997-10-16,1.16,
1997-10-17,1.428,
1997-10-18,1.696,
1997-10-19,1.964,
1997-10-20,2.232,
1997-10-21,2.365,
1997-10-22,2.499,
1997-10-23,2.633,
1997-10-24,2.767,
1997-10-25,2.901,
1997-10-26,3.08,
1997-10-27,3.258,
1997-10-28,3.437,
1997-10-29,3.615,
1997-10-30,3.794,
1997-10-31,3.961,
1997-11-01,4.128,
1997-11-02,4.296,
1997-11-03,4.463,
1997-11-04,4.631,
1997-11-05,4.798,
1997-11-06,4.887,
1997-11-07,4.976,
1997-11-08,5.066,
1997-11-09,5.155,
1997-11-10,5.244,
1997-11-11,5.244,
1997-11-12,5.244,
1997-11-13,5.244,
1997-11-14,5.244,
1997-11-15,5.244,
1997-11-16,5.244,
1997-11-17,5.244,
1997-11-18,5.244,
1997-11-19,5.244,
1997-11-20,5.244,
1997-11-21,5.333,
1997-11-22,5.423,
1997-11-23,5.512,
1997-11-24,5.601,
1997-11-25,5.691,
1997-11-26,5.691,
1997-11-27,5.691,
1997-11-28,5.691,
1997-11-29,5.691,
1997-11-30,5.691,
1997-12-01,5.713,
1997-12-02,5.735,
1997-12-03,5.757,
1997-12-04,5.78,
1997-12-05,5.802,
1997-12-06,5.802,
1997-12-07,5.802,
1997-12-08,5.802,
1997-12-09,5.802,
1997-12-10,5.802,
1997-12-11,6.248,
1997-12-12,6.695,
1997-12-13,7.141,
1997-12-14,7.587,
1997-12-15,8.034,
1997-12-16,8.034,
1997-12-17,8.034,
1997-12-18,8.034,
1997-12-19,8.034,
1997-12-20,8.034,
1997-12-21,8.168,
1997-12-22,8.301,
1997-12-23,8.435,
1997-12-24,8.569,
1997-12-25,8.703,
1997-12-26,8.837,
1997-12-27,8.971,
1997-12-28,9.105,
1997-12-29,9.239,
1997-12-30,9.373,
1997-12-31,9.484,
1998-01-01,9.596,
1998-01-02,9.707,
1998-01-03,9.819,
1998-01-04,9.931,
1998-01-05,10.042,
1998-01-06,10.176,
1998-01-07,10.31,
1998-01-08,10.444,
1998-01-09,10.578,
1998-01-10,10.712,
1998-01-11,10.846,
1998-01-12,10.979,
1998-01-13,11.113,
1998-01-14,11.247,
1998-01-15,11.381,
1998-01-16,11.515,
1998-01-17,11.649,
1998-01-18,11.783,
1998-01-19,11.917,
1998-01-20,12.051,
1998-01-21,12.184,
1998-01-22,12.318,
1998-01-23,12.452,
1998-01-24,12.586,
1998-01-25,12.72,
1998-01-26,12.854,
1998-01-27,12.988,
1998-01-28,13.122,
1998-01-29,13.256,
1998-01-30,13.39,
1998-01-31,13.501,
1998-02-01,13.613,
1998-02-02,13.724,
1998-02-03,13.836,
1998-02-04,13.947,
1998-02-05,14.059,
1998-02-06,14.193,
1998-02-07,14.327,
1998-02-08,14.461,
1998-02-09,14.595,
1998-02-10,14.728,
1998-02-11,14.795,
1998-02-12,14.862,
1998-02-13,14.929,
1998-02-14,14.996,
1998-02-15,15.063,
1998-02-16,15.108,
1998-02-17,15.152,
1998-02-18,15.197,
1998-02-19,15.242,
1998-02-20,15.286,
1998-02-21,15.309,
1998-02-22,15.331,
1998-02-23,15.353,
1998-02-24,15.376,
1998-02-25,15.398,
1998-02-26,15.435,
1998-02-27,15.472,
1998-02-28,15.51,
1998-03-01,15.51,
1998-03-02,15.51,
1998-03-03,15.51,
1998-03-04,15.51,
1998-03-05,15.51,
1998-03-06,15.51,
1998-03-07,15.51,
1998-03-08,15.51,
1998-03-09,15.51,
1998-03-10,15.51,
1998-03-11,15.643,
1998-03-12,15.777,
1998-03-13,15.911,
1998-03-14,16.045,
1998-03-15,16.179,
1998-03-16,16.246,
1998-03-17,16.313,
1998-03-18,16.38,
1998-03-19,16.447,
1998-03-20,16.514,
1998-03-21,16.558,
1998-03-22,16.603,
1998-03-23,16.648,
1998-03-24,16.692,
1998-03-25,16.737,
1998-03-26,16.804,
1998-03-27,16.871,
1998-03-28,16.938,
1998-03-29,17.005,
1998-03-30,17.072,
1998-03-31,17.127,
1998-04-01,17.183,
1998-04-02,17.239,
1998-04-03,17.295,
1998-04-04,17.351,
1998-04-05,17.406,
1998-04-06,17.406,
1998-04-07,17.406,
1998-04-08,17.406,
1998-04-09,17.406,
1998-04-10,17.406,
1998-04-11,17.406,
1998-04-12,17.406,
1998-04-13,17.406,
1998-04-14,17.406,
1998-04-15,17.406,
1998-04-16,16.893,
1998-04-17,16.38,
1998-04-18,15.867,
1998-04-19,15.353,
1998-04-20,14.84,
1998-04-21,14.126,
1998-04-22,13.412,
1998-04-23,12.698,
1998-04-24,11.984,
1998-04-25,11.27,
1998-04-26,10.109,
1998-04-27,8.949,
1998-04-28,7.788,
1998-04-29,6.628,
1998-04-30,5.467,
1998-05-01,4.374,
1998-05-02,3.28,
1998-05-03,2.187,
1998-05-04,1.093,
1998-05-05,0.0,
1998-05-06,0.0,
1998-05-07,0.0,
1998-05-08,0.0,
1998-05-09,0.0,
1998-05-10,0.0,
1998-05-11,0.0,
1998-05-12,0.0,
1998-05-13,0.0,
1998-05-14,0.0,
1998-05-15,0.0,
1998-05-16,0.0,
1998-05-17,0.0,
1998-05-18,0.0,
1998-05-19,0.0,
1998-05-20,0.0,
1998-05-21,0.0,
1998-05-22,0.0,
1998-05-23,0.0,
1998-05-24,0.0,
1998-05-25,0.0,
1998-05-26,0.0,
1998-05-27,0.0,
1998-05-28,0.0,
1998-05-29,0.0,
1998-05-30,0.0,
1998-05-31,0.0,
1998-06-01,0.0,
1998-06-02,0.0,
1998-06-03,0.0,
1998-06-04,0.0,
1998-06-05,0.0,
1998-06-06,0.0,
1998-06-07,0.0,
1998-06-08,0.0,
1998-06-09,0.0,
1998-06-10,0.0,
1998-06-11,0.0,
1998-06-12,0.0,
1998-06-13,0.0,
1998-06-14,0.0,
1998-06-15,0.0,
1998-06-16,0.0,
1998-06-17,0.0,
1998-06-18,0.0,
1998-06-19,0.0,
1998-06-20,0.0,
1998-06-21,0.0,
1998-06-22,0.0,
1998-06-23,0.0,
1998-06-24,0.0,
1998-06-25,0.0,
1998-06-26,0.0,
1998-06-27,0.0,
1998-06-28,0.0,
1998-06-29,0.0,
1998-06-30,0.0,
1998-07-01,0.0,
1998-07-02,0.0,
1998-07-03,0.0,
1998-07-04,0.0,
1998-07-05,0.0,
1998-07-06,0.0,
1998-07-07,0.0,
1998-07-08,0.0,
1998-07-09,0.0,
1998-07-10,0.0,
1998-07-11,0.0,
1998-07-12,0.0,
1998-07-13,0.0,
1998-07-14,0.0,
1998-07-15,0.0,
1998-07-16,0.0,
1998-07-17,0.0,
1998-07-18,0.0,
1998-07-19,0.0,
1998-07-20,0.0,
1998-07-21,0.0,
1998-07-22,0.0,
1998-07-23,0.0,
1998-07-24,0.0,
1998-07-25,0.0,
1998-07-26,0.0,
1998-07-27,0.0,
1998-07-28,0.0,
1998-07-29,0.0,
1998-07-30,0.0,
1998-07-31,0.0,
1998-08-01,0.0,
1998-08-02,0.0,
1998-08-03,0.0,
1998-08-04,0.0,
1998-08-05,0.0,
1998-08-06,0.0,
1998-08-07,0.0,
1998-08-08,0.0,
1998-08-09,0.0,
1998-08-10,0.0,
1998-08-11,0.0,
1998-08-12,0.0,
1998-08-13,0.0,
1998-08-14,0.0,
1998-08-15,0.0,
1998-08-16,0.0,
1998-08-17,0.0,
1998-08-18,0.0,
1998-08-19,0.0,
1998-08-20,0.0,
1998-08-21,0.0,
1998-08-22,0.0,
1998-08-23,0.0,
1998-08-24,0.0,
1998-08-25,0.0,
1998-08-26,0.0,
1998-08-27,0.0,
1998-08-28,0.0,
1998-08-29,0.0,
1998-08-30,0.0,
1998-08-31,0.0,
1998-09-01,0.0,
1998-09-02,0.0,
1998-09-03,0.0,
1998-09-04,0.0,
1998-09-05,0.0,
1998-09-06,0.0,
1998-09-07,0.0,
1998-09-08,0.0,
1998-09-09,0.0,
1998-09-10,0.0,
1998-09-11,0.0,
1998-09-12,0.0,
1998-09-13,0.0,
1998-09-14,0.0,
1998-09-15,0.0,
1998-09-16,0.0,
1998-09-17,0.0,
1998-09-18,0.0,
1998-09-19,0.0,
1998-09-20,0.0,
1998-09-21,0.0,
1998-09-22,0.0,
1998-09-23,0.0,
1998-09-24,0.0,
1998-09-25,0.0,
1998-09-26,0.0,
1998-09-27,0.0,
1998-09-28,0.0,
1998-09-29,0.0,
1998-09-30,0.0,
1998-10-01,0.0,
1998-10-02,0.0,
1998-10-03,0.0,
1998-10-04,0.0,
1998-10-05,0.0,
1998-10-06,0.0,
1998-10-07,0.0,
1998-10-08,0.0,
1998-10-09,0.0,
1998-10-10,0.0,
1998-10-11,0.0,
1998-10-12,0.0,
1998-10-13,0.0,
1998-10-14,0.0,
1998-10-15,0.0,
1998-10-16,0.0,
1998-10-17,0.0,
1998-10-18,0.0,
1998-10-19,0.0,
1998-10-20,0.0,
1998-10-21,0.0,
1998-10-22,0.0,
1998-10-23,0.0,
1998-10-24,0.0,
1998-10-25,0.0,
1998-10-26,0.357,
1998-10-27,0.714,
1998-10-28,1.071,
1998-10-29,1.428,
1998-10-30,1.785,
1998-10-31,1.841,
1998-11-01,1.897,
1998-11-02,1.953,
1998-11-03,2.008,
1998-11-04,2.064,
1998-11-05,2.12,
1998-11-06,2.209,
1998-11-07,2.299,
1998-11-08,2.388,
1998-11-09,2.477,
1998-11-10,2.566,
1998-11-11,2.566,
1998-11-12,2.566,
1998-11-13,2.566,
1998-11-14,2.566,
1998-11-15,2.566,
1998-11-16,2.566,
1998-11-17,2.566,
1998-11-18,2.566,
1998-11-19,2.566,
1998-11-20,2.566,
1998-11-21,2.566,
1998-11-22,2.566,
1998-11-23,2.566,
1998-11-24,2.566,
1998-11-25,2.566,
1998-11-26,2.7,
1998-11-27,2.834,
1998-11-28,2.968,
1998-11-29,3.102,
1998-11-30,3.236,
1998-12-01,3.236,
1998-12-02,3.236,
1998-12-03,3.236,
1998-12-04,3.236,
1998-12-05,3.236,
1998-12-06,3.414,
1998-12-07,3.593,
1998-12-08,3.771,
1998-12-09,3.95,
1998-12-10,4.128,
1998-12-11,4.262,
1998-12-12,4.396,
1998-12-13,4.53,
1998-12-14,4.664,
1998-12-15,4.798,
1998-12-16,4.976,
1998-12-17,5.155,
1998-12-18,5.333,
1998-12-19,5.512,
1998-12-20,5.691,
1998-12-21,5.802,
1998-12-22,5.914,
1998-12-23,6.025,
1998-12-24,6.137,
1998-12-25,6.248,
1998-12-26,6.248,
1998-12-27,6.248,
1998-12-28,6.248,
1998-12-29,6.248,
1998-12-30,6.248,
1998-12-31,6.379,
1999-01-01,6.509,
1999-01-02,6.639,
1999-01-03,6.769,
1999-01-04,6.899,
1999-01-05,7.029,
1999-01-06,7.208,
1999-01-07,7.387,
1999-01-08,7.565,
1999-01-09,7.744,
1999-01-10,7.922,
1999-01-11,7.967,
1999-01-12,8.011,
1999-01-13,8.056,
1999-01-14,8.101,
1999-01-15,8.145,
1999-01-16,8.413,
1999-01-17,8.681,
1999-01-18,8.949,
1999-01-19,9.216,
1999-01-20,9.484,
1999-01-21,9.484,
1999-01-22,9.484,
1999-01-23,9.484,
1999-01-24,9.484,
1999-01-25,9.484,
1999-01-26,9.507,
1999-01-27,9.529,
1999-01-28,9.551,
1999-01-29,9.573,
1999-01-30,9.596,
1999-01-31,9.596,
1999-02-01,9.596,
1999-02-02,9.596,
1999-02-03,9.596,
1999-02-04,9.596,
1999-02-05,9.596,
1999-02-06,9.618,
1999-02-07,9.64,
1999-02-08,9.663,
1999-02-09,9.685,
1999-02-10,9.707,
1999-02-11,9.953,
1999-02-12,10.198,
1999-02-13,10.444,
1999-02-14,10.689,
1999-02-15,10.935,
1999-02-16,11.024,
1999-02-17,11.113,
1999-02-18,11.203,
1999-02-19,11.292,
1999-02-20,11.381,
1999-02-21,11.381,
1999-02-22,11.381,
1999-02-23,11.381,
1999-02-24,11.381,
1999-02-25,11.381,
1999-02-26,11.641,
1999-02-27,11.902,
1999-02-28,12.162,
1999-03-01,12.162,
1999-03-02,12.162,
1999-03-03,12.162,
1999-03-04,12.162,
1999-03-05,12.162,
1999-03-06,12.229,
1999-03-07,12.296,
1999-03-08,12.363,
1999-03-09,12.43,
1999-03-10,12.497,
1999-03-11,12.542,
1999-03-12,12.586,
1999-03-13,12.631,
1999-03-14,12.675,
1999-03-15,12.72,
1999-03-16,12.72,
1999-03-17,12.72,
1999-03-18,12.72,
1999-03-19,12.72,
1999-03-20,12.72,
1999-03-21,12.765,
1999-03-22,12.809,
1999-03-23,12.854,
1999-03-24,12.899,
1999-03-25,12.943,
1999-03-26,13.01,
1999-03-27,13.077,
1999-03-28,13.144,
1999-03-29,13.211,
1999-03-30,13.278,
1999-03-31,13.352,
1999-04-01,13.427,
1999-04-02,13.501,
1999-04-03,13.575,
1999-04-04,13.65,
1999-04-05,13.724,
1999-04-06,13.769,
1999-04-07,13.814,
1999-04-08,13.858,
1999-04-09,13.903,
1999-04-10,13.947,
1999-04-11,13.947,
1999-04-12,13.947,
1999-04-13,13.947,
1999-04-14,13.947,
1999-04-15,13.947,
1999-04-16,13.724,
1999-04-17,13.501,
1999-04-18,13.278,
1999-04-19,13.055,
1999-04-20,12.832,
1999-04-21,11.493,
1999-04-22,10.154,
1999-04-23,8.815,
1999-04-24,7.476,
1999-04-25,6.137,
1999-04-26,6.516,
1999-04-27,6.896,
1999-04-28,7.275,
1999-04-29,7.654,
1999-04-30,8.034,
1999-05-01,7.096,
1999-05-02,6.159,
1999-05-03,5.222,
1999-05-04,4.285,
1999-05-05,3.347,
1999-05-06,2.678,
1999-05-07,2.008,
1999-05-08,1.339,
1999-05-09,0.669,
1999-05-10,0.0,
1999-05-11,0.0,
1999-05-12,0.0,
1999-05-13,0.0,
1999-05-14,0.0,
1999-05-15,0.0,
1999-05-16,0.0,
1999-05-17,0.0,
1999-05-18,0.0,
1999-05-19,0.0,
1999-05-20,0.0,
1999-05-21,0.0,
1999-05-22,0.0,
1999-05-23,0.0,
1999-05-24,0.0,
1999-05-25,0.0,
1999-05-26,0.0,
1999-05-27,0.0,
1999-05-28,0.0,
1999-05-29,0.0,
1999-05-30,0.0,
1999-05-31,0.0,
1999-06-01,0.0,
1999-06-02,0.0,
1999-06-03,0.0,
1999-06-04,0.0,
1999-06-05,0.0,
1999-06-06,0.0,
1999-06-07,0.0,
1999-06-08,0.0,
1999-06-09,0.0,
1999-06-10,0.0,
1999-06-11,0.0,
1999-06-12,0.0,
1999-06-13,0.0,
1999-06-14,0.0,
1999-06-15,0.0,
1999-06-16,0.0,
1999-06-17,0.0,
1999-06-18,0.0,
1999-06-19,0.0,
1999-06-20,0.0,
1999-06-21,0.0,
1999-06-22,0.0,
1999-06-23,0.0,
1999-06-24,0.0,
1999-06-25,0.0,
1999-06-26,0.0,
1999-06-27,0.0,
1999-06-28,0.0,
1999-06-29,0.0,
1999-06-30,0.0,
1999-07-01,0.0,
1999-07-02,0.0,
1999-07-03,0.0,
1999-07-04,0.0,
1999-07-05,0.0,
1999-07-06,0.0,
1999-07-07,0.0,
1999-07-08,0.0,
1999-07-09,0.0,
1999-07-10,0.0,
1999-07-11,0.0,
1999-07-12,0.0,
1999-07-13,0.0,
1999-07-14,0.0,
1999-07-15,0.0,
1999-07-16,0.0,
1999-07-17,0.0,
1999-07-18,0.0,
1999-07-19,0.0,
1999-07-20,0.0,
1999-07-21,0.0,
1999-07-22,0.0,
1999-07-23,0.0,
1999-07-24,0.0,
1999-07-25,0.0,
1999-07-26,0.0,
1999-07-27,0.0,
1999-07-28,0.0,
1999-07-29,0.0,
1999-07-30,0.0,
1999-07-31,0.0,
1999-08-01,0.0,
1999-08-02,0.0,
1999-08-03,0.0,
1999-08-04,0.0,
1999-08-05,0.0,
1999-08-06,0.0,
1999-08-07,0.0,
1999-08-08,0.0,
1999-08-09,0.0,
1999-08-10,0.0,
1999-08-11,0.0,
1999-08-12,0.0,
1999-08-13,0.0,
1999-08-14,0.0,
1999-08-15,0.0,
1999-08-16,0.0,
1999-08-17,0.0,
1999-08-18,0.0,
1999-08-19,0.0,
1999-08-20,0.0,
1999-08-21,0.0,
1999-08-22,0.0,
1999-08-23,0.0,
1999-08-24,0.0,
1999-08-25,0.0,
1999-08-26,0.0,
1999-08-27,0.0,
1999-08-28,0.0,
1999-08-29,0.0,
1999-08-30,0.0,
1999-08-31,0.0,
1999-09-01,0.0,
1999-09-02,0.0,
1999-09-03,0.0,
1999-09-04,0.0,
1999-09-05,0.0,
1999-09-06,0.0,
1999-09-07,0.0,
1999-09-08,0.0,
1999-09-09,0.0,
1999-09-10,0.0,
1999-09-11,0.0,
1999-09-12,0.0,
1999-09-13,0.0,
1999-09-14,0.0,
1999-09-15,0.0,
1999-09-16,0.0,
1999-09-17,0.0,
1999-09-18,0.0,
1999-09-19,0.0,
1999-09-20,0.0,
1999-09-21,0.0,
1999-09-22,0.0,
1999-09-23,0.0,
1999-09-24,0.0,
1999-09-25,0.0,
1999-09-26,0.0,
1999-09-27,0.0,
1999-09-28,0.0,
1999-09-29,0.0,
1999-09-30,0.0,
1999-10-01,0.0,
1999-10-02,0.0,
1999-10-03,0.0,
1999-10-04,0.0,
1999-10-05,0.0,
1999-10-06,0.335,
1999-10-07,0.669,
1999-10-08,1.004,
1999-10-09,1.339,
1999-10-10,1.674,
1999-10-11,1.562,
1999-10-12,1.451,
1999-10-13,1.339,
1999-10-14,1.227,
1999-10-15,1.116,
1999-10-16,1.116,
1999-10-17,1.116,
1999-10-18,1.116,
1999-10-19,1.116,
1999-10-20,1.116,
1999-10-21,1.227,
1999-10-22,1.339,
1999-10-23,1.451,
1999-10-24,1.562,
1999-10-25,1.674,
1999-10-26,1.674,
1999-10-27,1.674,
1999-10-28,1.674,
1999-10-29,1.674,
1999-10-30,1.674,
1999-10-31,1.674,
1999-11-01,1.674,
1999-11-02,1.674,
1999-11-03,1.674,
1999-11-04,1.674,
1999-11-05,1.674,
1999-11-06,1.674,
1999-11-07,1.674,
1999-11-08,1.674,
1999-11-09,1.674,
1999-11-10,1.674,
1999-11-11,1.584,
1999-11-12,1.495,
1999-11-13,1.406,
1999-11-14,1.317,
1999-11-15,1.227,
1999-11-16,1.317,
1999-11-17,1.406,
1999-11-18,1.495,
1999-11-19,1.584,
1999-11-20,1.674,
1999-11-21,1.674,
1999-11-22,1.674,
1999-11-23,1.674,
1999-11-24,1.674,
1999-11-25,1.674,
1999-11-26,1.763,
1999-11-27,1.852,
1999-11-28,1.941,
1999-11-29,2.031,
1999-11-30,2.12,
1999-12-01,2.276,
1999-12-02,2.432,
1999-12-03,2.589,
1999-12-04,2.745,
1999-12-05,2.901,
1999-12-06,3.08,
1999-12-07,3.258,
1999-12-08,3.437,
1999-12-09,3.615,
1999-12-10,3.794,
1999-12-11,3.883,
1999-12-12,3.972,
1999-12-13,4.061,
1999-12-14,4.151,
1999-12-15,4.24,
1999-12-16,4.642,
1999-12-17,5.043,
1999-12-18,5.445,
1999-12-19,5.847,
1999-12-20,6.248,
1999-12-21,6.338,
1999-12-22,6.427,
1999-12-23,6.516,
1999-12-24,6.605,
1999-12-25,6.695,
1999-12-26,7.029,
1999-12-27,7.364,
1999-12-28,7.699,
1999-12-29,8.034,
1999-12-30,8.368,
1999-12-31,8.424,
2000-01-01,8.48,
2000-01-02,8.536,
2000-01-03,8.592,
2000-01-04,8.647,
2000-01-05,8.703,
2000-01-06,8.792,
2000-01-07,8.882,
2000-01-08,8.971,
2000-01-09,9.06,
2000-01-10,9.149,
2000-01-11,9.06,
2000-01-12,8.971,
2000-01-13,8.882,
2000-01-14,8.792,
2000-01-15,8.703,
2000-01-16,8.792,
2000-01-17,8.882,
2000-01-18,8.971,
2000-01-19,9.06,
2000-01-20,9.149,
2000-01-21,9.239,
2000-01-22,9.328,
2000-01-23,9.417,
2000-01-24,9.507,
2000-01-25,9.596,
2000-01-26,9.841,
2000-01-27,10.087,
2000-01-28,10.332,
2000-01-29,10.578,
2000-01-30,10.823,
2000-01-31,10.767,
2000-02-01,10.712,
2000-02-02,10.656,
2000-02-03,10.6,
2000-02-04,10.544,
2000-02-05,10.488,
2000-02-06,10.399,
2000-02-07,10.31,
2000-02-08,10.221,
2000-02-09,10.131,
2000-02-10,10.042,
2000-02-11,10.131,
2000-02-12,10.221,
2000-02-13,10.31,
2000-02-14,10.399,
2000-02-15,10.488,
2000-02-16,10.734,
2000-02-17,10.979,
2000-02-18,11.225,
2000-02-19,11.47,
2000-02-20,11.716,
2000-02-21,11.805,
2000-02-22,11.894,
2000-02-23,11.984,
2000-02-24,12.073,
2000-02-25,12.162,
2000-02-26,12.162,
2000-02-27,12.162,
2000-02-28,12.162,
2000-02-29,12.162,
2000-03-01,12.162,
2000-03-02,12.162,
2000-03-03,12.162,
2000-03-04,12.162,
2000-03-05,12.162,
2000-03-06,12.162,
2000-03-07,12.162,
2000-03-08,12.162,
2000-03-09,12.162,
2000-03-10,12.162,
2000-03-11,12.162,
2000-03-12,12.162,
2000-03-13,12.162,
2000-03-14,12.162,
2000-03-15,12.162,
2000-03-16,12.318,
2000-03-17,12.475,
2000-03-18,12.631,
2000-03-19,12.787,
2000-03-20,12.943,
2000-03-21,13.032,
2000-03-22,13.122,
2000-03-23,13.211,
2000-03-24,13.3,
2000-03-25,13.39,
2000-03-26,13.568,
2000-03-27,13.747,
2000-03-28,13.925,
2000-03-29,14.104,
2000-03-30,14.282,
2000-03-31,14.412,
2000-04-01,14.542,
2000-04-02,14.673,
2000-04-03,14.803,
2000-04-04,14.933,
2000-04-05,15.063,
2000-04-06,15.063,
2000-04-07,15.063,
2000-04-08,15.063,
2000-04-09,15.063,
2000-04-10,15.063,
2000-04-11,14.974,
2000-04-12,14.885,
2000-04-13,14.795,
2000-04-14,14.706,
2000-04-15,14.617,
2000-04-16,14.617,
2000-04-17,14.617,
2000-04-18,14.617,
2000-04-19,14.617,
2000-04-20,14.617,
2000-04-21,14.193,
2000-04-22,13.769,
2000-04-23,13.345,
2000-04-24,12.921,
2000-04-25,12.497,
2000-04-26,11.582,
2000-04-27,10.667,
2000-04-28,9.752,
2000-04-29,8.837,
2000-04-30,7.922,
2000-05-01,6.561,
2000-05-02,5.2,
2000-05-03,3.838,
2000-05-04,2.477,
2000-05-05,1.116,
2000-05-06,0.893,
2000-05-07,0.669,
2000-05-08,0.446,
2000-05-09,0.223,
2000-05-10,0.0,
2000-05-11,0.0,
2000-05-12,0.0,
2000-05-13,0.0,
2000-05-14,0.0,
2000-05-15,0.0,
2000-05-16,0.0,
2000-05-17,0.0,
2000-05-18,0.0,
2000-05-19,0.0,
2000-05-20,0.0,
2000-05-21,0.0,
2000-05-22,0.0,
2000-05-23,0.0,
2000-05-24,0.0,
2000-05-25,0.0,
2000-05-26,0.0,
2000-05-27,0.0,
2000-05-28,0.0,
2000-05-29,0.0,
2000-05-30,0.0,
2000-05-31,0.0,
2000-06-01,0.0,
2000-06-02,0.0,
2000-06-03,0.0,
2000-06-04,0.0,
2000-06-05,0.0,
2000-06-06,0.0,
2000-06-07,0.0,
2000-06-08,0.0,
2000-06-09,0.0,
2000-06-10,0.0,
2000-06-11,0.0,
2000-06-12,0.0,
2000-06-13,0.0,
2000-06-14,0.0,
2000-06-15,0.0,
2000-06-16,0.0,
2000-06-17,0.0,
2000-06-18,0.0,
2000-06-19,0.0,
2000-06-20,0.0,
2000-06-21,0.0,
2000-06-22,0.0,
2000-06-23,0.0,
2000-06-24,0.0,
2000-06-25,0.0,
2000-06-26,0.0,
2000-06-27,0.0,
2000-06-28,0.0,
2000-06-29,0.0,
2000-06-30,0.0,
2000-07-01,0.0,
2000-07-02,0.0,
2000-07-03,0.0,
2000-07-04,0.0,
2000-07-05,0.0,
2000-07-06,0.0,
2000-07-07,0.0,
2000-07-08,0.0,
2000-07-09,0.0,
2000-07-10,0.0,
2000-07-11,0.0,
2000-07-12,0.0,
2000-07-13,0.0,
2000-07-14,0.0,
2000-07-15,0.0,
2000-07-16,0.0,
2000-07-17,0.0,
2000-07-18,0.0,
2000-07-19,0.0,
2000-07-20,0.0,
2000-07-21,0.0,
2000-07-22,0.0,
2000-07-23,0.0,
2000-07-24,0.0,
2000-07-25,0.0,
2000-07-26,0.0,
2000-07-27,0.0,
2000-07-28,0.0,
2000-07-29,0.0,
2000-07-30,0.0,
2000-07-31,0.0,
2000-08-01,0.0,
2000-08-02,0.0,
2000-08-03,0.0,
2000-08-04,0.0,
2000-08-05,0.0,
2000-08-06,0.0,
2000-08-07,0.0,
2000-08-08,0.0,
2000-08-09,0.0,
2000-08-10,0.0,
2000-08-11,0.0,
2000-08-12,0.0,
2000-08-13,0.0,
2000-08-14,0.0,
2000-08-15,0.0,
2000-08-16,0.0,
2000-08-17,0.0,
2000-08-18,0.0,
2000-08-19,0.0,
2000-08-20,0.0,
2000-08-21,0.0,
2000-08-22,0.0,
2000-08-23,0.0,
2000-08-24,0.0,
2000-08-25,0.0,
2000-08-26,0.0,
2000-08-27,0.0,
2000-08-28,0.0,
2000-08-29,0.0,
2000-08-30,0.0,
2000-08-31,0.0,
2000-09-01,0.0,
2000-09-02,0.0,
2000-09-03,0.0,
2000-09-04,0.0,
2000-09-05,0.0,
2000-09-06,0.0,
2000-09-07,0.0,
2000-09-08,0.0,
2000-09-09,0.0,
2000-09-10,0.0,
2000-09-11,0.0,
2000-09-12,0.0,
2000-09-13,0.0,
2000-09-14,0.0,
2000-09-15,0.0,
2000-09-16,0.0,
2000-09-17,0.0,
2000-09-18,0.0,
2000-09-19,0.0,
2000-09-20,0.0,
2000-09-21,0.0,
2000-09-22,0.0,
2000-09-23,0.0,
2000-09-24,0.0,
2000-09-25,0.0,
2000-09-26,0.0,
2000-09-27,0.0,
2000-09-28,0.0,
2000-09-29,0.0,
2000-09-30,0.0,
2000-10-01,0.0,
2000-10-02,0.0,
2000-10-03,0.0,
2000-10-04,0.0,
2000-10-05,0.0,
2000-10-06,0.0,
2000-10-07,0.0,
2000-10-08,0.0,
2000-10-09,0.0,
2000-10-10,0.0,
2000-10-11,0.0,
2000-10-12,0.0,
2000-10-13,0.0,
2000-10-14,0.0,
2000-10-15,0.0,
2000-10-16,0.089,
2000-10-17,0.179,
2000-10-18,0.268,
2000-10-19,0.357,
2000-10-20,0.446,
2000-10-21,0.536,
2000-10-22,0.625,
2000-10-23,0.714,
2000-10-24,0.803,
2000-10-25,0.893,
2000-10-26,0.714,
2000-10-27,0.536,
2000-10-28,0.357,
2000-10-29,0.179,
2000-10-30,0.0,
2000-10-31,0.149,
2000-11-01,0.298,
2000-11-02,0.446,
2000-11-03,0.595,
2000-11-04,0.744,
2000-11-05,0.893,
2000-11-06,0.893,
2000-11-07,0.893,
2000-11-08,0.893,
2000-11-09,0.893,
2000-11-10,0.893,
2000-11-11,1.049,
2000-11-12,1.205,
2000-11-13,1.361,
2000-11-14,1.517,
2000-11-15,1.674,
2000-11-16,1.83,
2000-11-17,1.986,
2000-11-18,2.142,
2000-11-19,2.299,
2000-11-20,2.455,
2000-11-21,2.812,
2000-11-22,3.169,
2000-11-23,3.526,
2000-11-24,3.883,
2000-11-25,4.24,
2000-11-26,4.24,
2000-11-27,4.24,
2000-11-28,4.24,
2000-11-29,4.24,
2000-11-30,4.24,
2000-12-01,4.396,
2000-12-02,4.552,
2000-12-03,4.709,
2000-12-04,4.865,
2000-12-05,5.021,
2000-12-06,5.11,
2000-12-07,5.2,
2000-12-08,5.289,
2000-12-09,5.378,
2000-12-10,5.467,
2000-12-11,5.467,
2000-12-12,5.467,
2000-12-13,5.467,
2000-12-14,5.467,
2000-12-15,5.467,
2000-12-16,5.624,
2000-12-17,5.78,
2000-12-18,5.936,
2000-12-19,6.092,
2000-12-20,6.248,
2000-12-21,6.248,
2000-12-22,6.248,
2000-12-23,6.248,
2000-12-24,6.248,
2000-12-25,6.248,
2000-12-26,6.338,
2000-12-27,6.427,
2000-12-28,6.516,
2000-12-29,6.605,
2000-12-30,6.695,
2000-12-31,6.974,
2001-01-01,7.253,
2001-01-02,7.532,
2001-01-03,7.811,
2001-01-04,8.089,
2001-01-05,8.368,
2001-01-06,8.368,
2001-01-07,8.368,
2001-01-08,8.368,
2001-01-09,8.368,
2001-01-10,8.368,
2001-01-11,8.458,
2001-01-12,8.547,
2001-01-13,8.636,
2001-01-14,8.725,
2001-01-15,8.815,
2001-01-16,8.882,
2001-01-17,8.949,
2001-01-18,9.016,
2001-01-19,9.083,
2001-01-20,9.149,
2001-01-21,9.149,
2001-01-22,9.149,
2001-01-23,9.149,
2001-01-24,9.149,
2001-01-25,9.149,
2001-01-26,9.417,
2001-01-27,9.685,
2001-01-28,9.953,
2001-01-29,10.221,
2001-01-30,10.488,
2001-01-31,10.693,
2001-02-01,10.898,
2001-02-02,11.102,
2001-02-03,11.307,
2001-02-04,11.511,
2001-02-05,11.716,
2001-02-06,11.716,
2001-02-07,11.716,
2001-02-08,11.716,
2001-02-09,11.716,
2001-02-10,11.716,
2001-02-11,11.805,
2001-02-12,11.894,
2001-02-13,11.984,
2001-02-14,12.073,
2001-02-15,12.162,
2001-02-16,12.162,
2001-02-17,12.162,
2001-02-18,12.162,
2001-02-19,12.162,
2001-02-20,12.162,
2001-02-21,12.162,
2001-02-22,12.162,
2001-02-23,12.162,
2001-02-24,12.162,
2001-02-25,12.162,
2001-02-26,12.237,
2001-02-27,12.311,
2001-02-28,12.385,
2001-03-01,12.385,
2001-03-02,12.385,
2001-03-03,12.385,
2001-03-04,12.385,
2001-03-05,12.385,
2001-03-06,12.608,
2001-03-07,12.832,
2001-03-08,13.055,
2001-03-09,13.278,
2001-03-10,13.501,
2001-03-11,13.501,
2001-03-12,13.501,
2001-03-13,13.501,
2001-03-14,13.501,
2001-03-15,13.501,
2001-03-16,13.501,
2001-03-17,13.501,
2001-03-18,13.501,
2001-03-19,13.501,
2001-03-20,13.501,
2001-03-21,13.501,
2001-03-22,13.501,
2001-03-23,13.501,
2001-03-24,13.501,
2001-03-25,13.501,
2001-03-26,13.635,
2001-03-27,13.769,
2001-03-28,13.903,
2001-03-29,14.037,
2001-03-30,14.171,
2001-03-31,14.189,
2001-04-01,14.208,
2001-04-02,14.226,
2001-04-03,14.245,
2001-04-04,14.264,
2001-04-05,14.282,
2001-04-06,14.416,
2001-04-07,14.55,
2001-04-08,14.684,
2001-04-09,14.818,
2001-04-10,14.952,
2001-04-11,15.019,
2001-04-12,15.086,
2001-04-13,15.152,
2001-04-14,15.219,
2001-04-15,15.286,
2001-04-16,14.795,
2001-04-17,14.304,
2001-04-18,13.814,
2001-04-19,13.323,
2001-04-20,12.832,
2001-04-21,12.608,
2001-04-22,12.385,
2001-04-23,12.162,
2001-04-24,11.939,
2001-04-25,11.716,
2001-04-26,11.002,
2001-04-27,10.288,
2001-04-28,9.573,
2001-04-29,8.859,
2001-04-30,8.145,
2001-05-01,,
2001-05-02,,
2001-05-03,,
2001-05-04,,
2001-05-05,,
2001-05-06,,
2001-05-07,,
2001-05-08,,
2001-05-09,,
2001-05-10,,
2001-05-11,,
2001-05-12,,
2001-05-13,,
2001-05-14,,
2001-05-15,,
2001-05-16,,
2001-05-17,,
2001-05-18,,
2001-05-19,,
2001-05-20,,
2001-05-21,,
2001-05-22,,
2001-05-23,,
2001-05-24,,
2001-05-25,,
2001-05-26,,
2001-05-27,,
2001-05-28,,
2001-05-29,,
2001-05-30,,
2001-05-31,,
2001-06-01,,
2001-06-02,,
2001-06-03,,
2001-06-04,,
2001-06-05,,
2001-06-06,,
2001-06-07,,
2001-06-08,,
2001-06-09,,
2001-06-10,,
2001-06-11,,
2001-06-12,,
2001-06-13,,
2001-06-14,,
2001-06-15,,
2001-06-16,,
2001-06-17,,
2001-06-18,,
2001-06-19,,
2001-06-20,,
2001-06-21,,
2001-06-22,,
2001-06-23,,
2001-06-24,,
2001-06-25,,
2001-06-26,,
2001-06-27,,
2001-06-28,,
2001-06-29,,
2001-06-30,,
2001-07-01,,
2001-07-02,,
2001-07-03,,
2001-07-04,,
2001-07-05,,
2001-07-06,,
2001-07-07,,
2001-07-08,,
2001-07-09,,
2001-07-10,,
2001-07-11,,
2001-07-12,,
2001-07-13,,
2001-07-14,,
2001-07-15,,
2001-07-16,,
2001-07-17,,
2001-07-18,,
2001-07-19,,
2001-07-20,,
2001-07-21,,
2001-07-22,,
2001-07-23,,
2001-07-24,,
2001-07-25,,
2001-07-26,,
2001-07-27,,
2001-07-28,,
2001-07-29,,
2001-07-30,,
2001-07-31,,
2001-08-01,,
2001-08-02,,
2001-08-03,,
2001-08-04,,
2001-08-05,,
2001-08-06,,
2001-08-07,,
2001-08-08,,
2001-08-09,,
2001-08-10,,
2001-08-11,,
2001-08-12,,
2001-08-13,,
2001-08-14,,
2001-08-15,,
2001-08-16,,
2001-08-17,,
2001-08-18,,
2001-08-19,,
2001-08-20,,
2001-08-21,,
2001-08-22,,
2001-08-23,,
2001-08-24,,
2001-08-25,,
2001-08-26,,
2001-08-27,,
2001-08-28,,
2001-08-29,,
2001-08-30,,
2001-08-31,,
2001-09-01,,
2001-09-02,,
2001-09-03,,
2001-09-04,,
2001-09-05,,
2001-09-06,,
2001-09-07,,
2001-09-08,,
2001-09-09,,
2001-09-10,,
2001-09-11,,
2001-09-12,,
2001-09-13,,
2001-09-14,,
2001-09-15,,
2001-09-16,,
2001-09-17,,
2001-09-18,,
2001-09-19,,
2001-09-20,,
2001-09-21,,
2001-09-22,,
2001-09-23,,
2001-09-24,,
2001-09-25,,
2001-09-26,,
2001-09-27,,
2001-09-28,,
2001-09-29,,
2001-09-30,,
2001-10-01,,
2001-10-02,,
2001-10-03,,
2001-10-04,,
2001-10-05,,
2001-10-06,,
2001-10-07,,
2001-10-08,,
2001-10-09,,
2001-10-10,,
2001-10-11,,
2001-10-12,,
2001-10-13,,
2001-10-14,,
2001-10-15,0.0,
2001-10-16,0.58,
2001-10-17,1.16,
2001-10-18,1.741,
2001-10-19,2.321,
2001-10-20,2.901,
2001-10-21,2.901,
2001-10-22,2.901,
2001-10-23,2.901,
2001-10-24,2.901,
2001-10-25,2.901,
2001-10-26,3.08,
2001-10-27,3.258,
2001-10-28,3.437,
2001-10-29,3.615,
2001-10-30,3.794,
2001-10-31,3.849,
2001-11-01,3.905,
2001-11-02,3.961,
2001-11-03,4.017,
2001-11-04,4.073,
2001-11-05,4.128,
2001-11-06,4.307,
2001-11-07,4.485,
2001-11-08,4.664,
2001-11-09,4.843,
2001-11-10,5.021,
2001-11-11,5.11,
2001-11-12,5.2,
2001-11-13,5.289,
2001-11-14,5.378,
2001-11-15,5.467,
2001-11-16,5.713,
2001-11-17,5.958,
2001-11-18,6.204,
2001-11-19,6.449,
2001-11-20,6.695,
2001-11-21,6.784,
2001-11-22,6.873,
2001-11-23,6.963,
2001-11-24,7.052,
2001-11-25,7.141,
2001-11-26,7.141,
2001-11-27,7.141,
2001-11-28,7.141,
2001-11-29,7.141,
2001-11-30,7.141,
2001-12-01,7.297,
2001-12-02,7.453,
2001-12-03,7.61,
2001-12-04,7.766,
2001-12-05,7.922,
2001-12-06,8.435,
2001-12-07,8.949,
2001-12-08,9.462,
2001-12-09,9.975,
2001-12-10,10.488,
2001-12-11,10.645,
2001-12-12,10.801,
2001-12-13,10.957,
2001-12-14,11.113,
2001-12-15,11.27,
2001-12-16,11.359,
2001-12-17,11.448,
2001-12-18,11.537,
2001-12-19,11.627,
2001-12-20,11.716,
2001-12-21,11.961,
2001-12-22,12.207,
2001-12-23,12.452,
2001-12-24,12.698,
2001-12-25,12.943,
2001-12-26,12.943,
2001-12-27,12.943,
2001-12-28,12.943,
2001-12-29,12.943,
2001-12-30,12.943,
2001-12-31,12.943,
2002-01-01,12.943,
2002-01-02,12.943,
2002-01-03,12.943,
2002-01-04,12.943,
2002-01-05,12.943,
2002-01-06,13.032,
2002-01-07,13.122,
2002-01-08,13.211,
2002-01-09,13.3,
2002-01-10,13.39,
2002-01-11,13.39,
2002-01-12,13.39,
2002-01-13,13.39,
2002-01-14,13.39,
2002-01-15,13.39,
2002-01-16,13.479,
2002-01-17,13.568,
2002-01-18,13.657,
2002-01-19,13.747,
2002-01-20,13.836,
2002-01-21,13.836,
2002-01-22,13.836,
2002-01-23,13.836,
2002-01-24,13.836,
2002-01-25,13.836,
2002-01-26,13.992,
2002-01-27,14.148,
2002-01-28,14.304,
2002-01-29,14.461,
2002-01-30,14.617,
2002-01-31,14.821,
2002-02-01,15.026,
2002-02-02,15.231,
2002-02-03,15.435,
2002-02-04,15.64,
2002-02-05,15.844,
2002-02-06,15.844,
2002-02-07,15.844,
2002-02-08,15.844,
2002-02-09,15.844,
2002-02-10,15.844,
2002-02-11,16.447,
2002-02-12,17.049,
2002-02-13,17.652,
2002-02-14,18.254,
2002-02-15,18.857,
2002-02-16,18.857,
2002-02-17,18.857,
2002-02-18,18.857,
2002-02-19,18.857,
2002-02-20,18.857,
2002-02-21,18.857,
2002-02-22,18.857,
2002-02-23,18.857,
2002-02-24,18.857,
2002-02-25,18.857,
2002-02-26,19.117,
2002-02-27,19.378,
2002-02-28,19.638,
2002-03-01,19.973,
2002-03-02,20.307,
2002-03-03,20.642,
2002-03-04,20.977,
2002-03-05,21.312,
2002-03-06,21.312,
2002-03-07,21.312,
2002-03-08,21.312,
2002-03-09,21.312,
2002-03-10,21.312,
2002-03-11,21.312,
2002-03-12,21.312,
2002-03-13,21.312,
2002-03-14,21.312,
2002-03-15,21.312,
2002-03-16,21.312,
2002-03-17,21.312,
2002-03-18,21.312,
2002-03-19,21.312,
2002-03-20,21.312,
2002-03-21,21.49,
2002-03-22,21.669,
2002-03-23,21.847,
2002-03-24,22.026,
2002-03-25,22.204,
2002-03-26,22.36,
2002-03-27,22.517,
2002-03-28,22.673,
2002-03-29,22.829,
2002-03-30,22.985,
2002-03-31,22.985,
2002-04-01,22.985,
2002-04-02,22.985,
2002-04-03,22.985,
2002-04-04,22.985,
2002-04-05,22.985,
2002-04-06,22.985,
2002-04-07,22.985,
2002-04-08,22.985,
2002-04-09,22.985,
2002-04-10,22.985,
2002-04-11,23.075,
2002-04-12,23.164,
2002-04-13,23.253,
2002-04-14,23.342,
2002-04-15,23.432,
2002-04-16,23.521,
2002-04-17,23.61,
2002-04-18,23.699,
2002-04-19,23.789,
2002-04-20,23.878,
2002-04-21,23.878,
2002-04-22,23.878,
2002-04-23,23.878,
2002-04-24,23.878,
2002-04-25,23.878,
2002-04-26,22.941,
2002-04-27,22.003,
2002-04-28,21.066,
2002-04-29,20.129,
2002-04-30,19.192,
2002-05-01,18.277,
2002-05-02,17.362,
2002-05-03,16.447,
2002-05-04,15.532,
2002-05-05,14.617,
2002-05-06,13.947,
2002-05-07,13.278,
2002-05-08,12.608,
2002-05-09,11.939,
2002-05-10,11.27,
2002-05-11,9.261,
2002-05-12,7.253,
2002-05-13,5.244,
2002-05-14,3.236,
2002-05-15,1.227,
2002-05-16,0.982,
2002-05-17,0.736,
2002-05-18,0.491,
2002-05-19,0.245,
2002-05-20,0.0,
2002-05-21,,
2002-05-22,,
2002-05-23,,
2002-05-24,,
2002-05-25,,
2002-05-26,,
2002-05-27,,
2002-05-28,,
2002-05-29,,
2002-05-30,,
2002-05-31,,
2002-06-01,,
2002-06-02,,
2002-06-03,,
2002-06-04,,
2002-06-05,,
2002-06-06,,
2002-06-07,,
2002-06-08,,
2002-06-09,,
2002-06-10,,
2002-06-11,,
2002-06-12,,
2002-06-13,,
2002-06-14,,
2002-06-15,,
2002-06-16,,
2002-06-17,,
2002-06-18,,
2002-06-19,,
2002-06-20,,
2002-06-21,,
2002-06-22,,
2002-06-23,,
2002-06-24,,
2002-06-25,,
2002-06-26,,
2002-06-27,,
2002-06-28,,
2002-06-29,,
2002-06-30,,
2002-07-01,,
2002-07-02,,
2002-07-03,,
2002-07-04,,
2002-07-05,,
2002-07-06,,
2002-07-07,,
2002-07-08,,
2002-07-09,,
2002-07-10,,
2002-07-11,,
2002-07-12,,
2002-07-13,,
2002-07-14,,
2002-07-15,,
2002-07-16,,
2002-07-17,,
2002-07-18,,
2002-07-19,,
2002-07-20,,
2002-07-21,,
2002-07-22,,
2002-07-23,,
2002-07-24,,
2002-07-25,,
2002-07-26,,
2002-07-27,,
2002-07-28,,
2002-07-29,,
2002-07-30,,
2002-07-31,,
2002-08-01,,
2002-08-02,,
2002-08-03,,
2002-08-04,,
2002-08-05,,
2002-08-06,,
2002-08-07,,
2002-08-08,,
2002-08-09,,
2002-08-10,,
2002-08-11,,
2002-08-12,,
2002-08-13,,
2002-08-14,,
2002-08-15,,
2002-08-16,,
2002-08-17,,
2002-08-18,,
2002-08-19,,
2002-08-20,,
2002-08-21,,
2002-08-22,,
2002-08-23,,
2002-08-24,,
2002-08-25,,
2002-08-26,,
2002-08-27,,
2002-08-28,,
2002-08-29,,
2002-08-30,,
2002-08-31,,
2002-09-01,,
2002-09-02,,
2002-09-03,,
2002-09-04,,
2002-09-05,,
2002-09-06,,
2002-09-07,,
2002-09-08,,
2002-09-09,,
2002-09-10,,
2002-09-11,,
2002-09-12,,
2002-09-13,,
2002-09-14,,
2002-09-15,,
2002-09-16,,
2002-09-17,,
2002-09-18,,
2002-09-19,,
2002-09-20,,
2002-09-21,,
2002-09-22,,
2002-09-23,,
2002-09-24,,
2002-09-25,,
2002-09-26,,
2002-09-27,,
2002-09-28,,
2002-09-29,,
2002-09-30,,
2002-10-01,,
2002-10-02,,
2002-10-03,,
2002-10-04,,
2002-10-05,,
2002-10-06,,
2002-10-07,,
2002-10-08,,
2002-10-09,,
2002-10-10,,
2002-10-11,,
2002-10-12,,
2002-10-13,,
2002-10-14,,
2002-10-15,,
2002-10-16,,
2002-10-17,,
2002-10-18,,
2002-10-19,,
2002-10-20,,
2002-10-21,,
2002-10-22,,
2002-10-23,,
2002-10-24,,
2002-10-25,,
2002-10-26,,
2002-10-27,,
2002-10-28,,
2002-10-29,,
2002-10-30,,
2002-10-31,,
2002-11-01,,
2002-11-02,,
2002-11-03,,
2002-11-04,,
2002-11-05,,
2002-11-06,,
2002-11-07,,
2002-11-08,,
2002-11-09,,
2002-11-10,,
2002-11-11,,
2002-11-12,,
2002-11-13,,
2002-11-14,,
2002-11-15,,
2002-11-16,,
2002-11-17,,
2002-11-18,,
2002-11-19,,
2002-11-20,,
2002-11-21,,
2002-11-22,,
2002-11-23,,
2002-11-24,,
2002-11-25,,
2002-11-26,,
2002-11-27,,
2002-11-28,,
2002-11-29,,
2002-11-30,,
2002-12-01,,
2002-12-02,,
2002-12-03,,
2002-12-04,,
2002-12-05,,
2002-12-06,,
2002-12-07,,
2002-12-08,,
2002-12-09,,
2002-12-10,,
2002-12-11,,
2002-12-12,,
2002-12-13,,
2002-12-14,,
2002-12-15,,
2002-12-16,,
2002-12-17,,
2002-12-18,,
2002-12-19,,
2002-12-20,,
2002-12-21,,
2002-12-22,,
2002-12-23,,
2002-12-24,,
2002-12-25,,
2002-12-26,,
2002-12-27,,
2002-12-28,,
2002-12-29,,
2002-12-30,,
2002-12-31,,
2003-01-01,,
2003-01-02,,
2003-01-03,,
2003-01-04,,
2003-01-05,,
2003-01-06,,
2003-01-07,,
2003-01-08,,
2003-01-09,,
2003-01-10,,
2003-01-11,,
2003-01-12,,
2003-01-13,,
2003-01-14,,
2003-01-15,,
2003-01-16,,
2003-01-17,,
2003-01-18,,
2003-01-19,,
2003-01-20,,
2003-01-21,,
2003-01-22,,
2003-01-23,,
2003-01-24,,
2003-01-25,,
2003-01-26,,
2003-01-27,,
2003-01-28,,
2003-01-29,,
2003-01-30,,
2003-01-31,,
2003-02-01,,
2003-02-02,,
2003-02-03,,
2003-02-04,,
2003-02-05,,
2003-02-06,,
2003-02-07,,
2003-02-08,,
2003-02-09,,
2003-02-10,,
2003-02-11,,
2003-02-12,,
2003-02-13,,
2003-02-14,,
2003-02-15,,
2003-02-16,,
2003-02-17,,
2003-02-18,,
2003-02-19,,
2003-02-20,,
2003-02-21,,
2003-02-22,,
2003-02-23,,
2003-02-24,,
2003-02-25,,
2003-02-26,,
2003-02-27,,
2003-02-28,,
2003-03-01,,
2003-03-02,,
2003-03-03,,
2003-03-04,,
2003-03-05,,
2003-03-06,,
2003-03-07,,
2003-03-08,,
2003-03-09,,
2003-03-10,,
2003-03-11,,
2003-03-12,,
2003-03-13,,
2003-03-14,,
2003-03-15,,
2003-03-16,,
2003-03-17,,
2003-03-18,,
2003-03-19,,
2003-03-20,,
2003-03-21,,
2003-03-22,,
2003-03-23,,
2003-03-24,,
2003-03-25,,
2003-03-26,,
2003-03-27,,
2003-03-28,,
2003-03-29,,
2003-03-30,,
2003-03-31,,
2003-04-01,,
2003-04-02,,
2003-04-03,,
2003-04-04,,
2003-04-05,,
2003-04-06,,
2003-04-07,,
2003-04-08,,
2003-04-09,,
2003-04-10,,
2003-04-11,,
2003-04-12,,
2003-04-13,,
2003-04-14,,
2003-04-15,,
2003-04-16,,
2003-04-17,,
2003-04-18,,
2003-04-19,,
2003-04-20,,
2003-04-21,,
2003-04-22,,
2003-04-23,,
2003-04-24,,
2003-04-25,,
2003-04-26,,
2003-04-27,,
2003-04-28,,
2003-04-29,,
2003-04-30,,
2003-05-01,,
2003-05-02,,
2003-05-03,,
2003-05-04,,
2003-05-05,,
2003-05-06,,
2003-05-07,,
2003-05-08,,
2003-05-09,,
2003-05-10,,
2003-05-11,,
2003-05-12,,
2003-05-13,,
2003-05-14,,
2003-05-15,,
2003-05-16,,
2003-05-17,,
2003-05-18,,
2003-05-19,,
2003-05-20,,
2003-05-21,,
2003-05-22,,
2003-05-23,,
2003-05-24,,
2003-05-25,,
2003-05-26,,
2003-05-27,,
2003-05-28,,
2003-05-29,,
2003-05-30,,
2003-05-31,,
2003-06-01,,
2003-06-02,,
2003-06-03,,
2003-06-04,,
2003-06-05,,
2003-06-06,,
2003-06-07,,
2003-06-08,,
2003-06-09,,
2003-06-10,,
2003-06-11,,
2003-06-12,,
2003-06-13,,
2003-06-14,,
2003-06-15,,
2003-06-16,,
2003-06-17,,
2003-06-18,,
2003-06-19,,
2003-06-20,,
2003-06-21,,
2003-06-22,,
2003-06-23,,
2003-06-24,,
2003-06-25,,
2003-06-26,,
2003-06-27,,
2003-06-28,,
2003-06-29,,
2003-06-30,,
2003-07-01,,
2003-07-02,,
2003-07-03,,
2003-07-04,,
2003-07-05,,
2003-07-06,,
2003-07-07,,
2003-07-08,,
2003-07-09,,
2003-07-10,,
2003-07-11,,
2003-07-12,,
2003-07-13,,
2003-07-14,,
2003-07-15,,
2003-07-16,,
2003-07-17,,
2003-07-18,,
2003-07-19,,
2003-07-20,,
2003-07-21,,
2003-07-22,,
2003-07-23,,
2003-07-24,,
2003-07-25,,
2003-07-26,,
2003-07-27,,
2003-07-28,,
2003-07-29,,
2003-07-30,,
2003-07-31,,
2003-08-01,,
2003-08-02,,
2003-08-03,,
2003-08-04,,
2003-08-05,,
2003-08-06,,
2003-08-07,,
2003-08-08,,
2003-08-09,,
2003-08-10,,
2003-08-11,,
2003-08-12,,
2003-08-13,,
2003-08-14,,
2003-08-15,,
2003-08-16,,
2003-08-17,,
2003-08-18,,
2003-08-19,,
2003-08-20,,
2003-08-21,,
2003-08-22,,
2003-08-23,,
2003-08-24,,
2003-08-25,,
2003-08-26,,
2003-08-27,,
2003-08-28,,
2003-08-29,,
2003-08-30,,
2003-08-31,,
2003-09-01,,
2003-09-02,,
2003-09-03,,
2003-09-04,,
2003-09-05,,
2003-09-06,,
2003-09-07,,
2003-09-08,,
2003-09-09,,
2003-09-10,,
2003-09-11,,
2003-09-12,,
2003-09-13,,
2003-09-14,,
2003-09-15,,
2003-09-16,,
2003-09-17,,
2003-09-18,,
2003-09-19,,
2003-09-20,,
2003-09-21,,
2003-09-22,,
2003-09-23,,
2003-09-24,,
2003-09-25,,
2003-09-26,,
2003-09-27,,
2003-09-28,,
2003-09-29,,
2003-09-30,,
2003-10-01,,
2003-10-02,,
2003-10-03,,
2003-10-04,,
2003-10-05,,
2003-10-06,,
2003-10-07,,
2003-10-08,,
2003-10-09,,
2003-10-10,,
2003-10-11,,
2003-10-12,,
2003-10-13,,
2003-10-14,,
2003-10-15,,
2003-10-16,,
2003-10-17,,
2003-10-18,,
2003-10-19,,
2003-10-20,,
2003-10-21,,
2003-10-22,,
2003-10-23,,
2003-10-24,,
2003-10-25,,
2003-10-26,,
2003-10-27,,
2003-10-28,,
2003-10-29,,
2003-10-30,,
2003-10-31,,
2003-11-01,,
2003-11-02,,
2003-11-03,,
2003-11-04,,
2003-11-05,,
2003-11-06,,
2003-11-07,,
2003-11-08,,
2003-11-09,,
2003-11-10,,
2003-11-11,,
2003-11-12,,
2003-11-13,,
2003-11-14,,
2003-11-15,,
2003-11-16,,
2003-11-17,,
2003-11-18,,
2003-11-19,,
2003-11-20,,
2003-11-21,,
2003-11-22,,
2003-11-23,,
2003-11-24,,
2003-11-25,,
2003-11-26,,
2003-11-27,,
2003-11-28,,
2003-11-29,,
2003-11-30,,
2003-12-01,,
2003-12-02,,
2003-12-03,,
2003-12-04,,
2003-12-05,,
2003-12-06,,
2003-12-07,,
2003-12-08,,
2003-12-09,,
2003-12-10,,
2003-12-11,,
2003-12-12,,
2003-12-13,,
2003-12-14,,
2003-12-15,,
2003-12-16,,
2003-12-17,,
2003-12-18,,
2003-12-19,,
2003-12-20,,
2003-12-21,,
2003-12-22,,
2003-12-23,,
2003-12-24,,
2003-12-25,,
2003-12-26,,
2003-12-27,,
2003-12-28,,
2003-12-29,,
2003-12-30,,
2003-12-31,,
2004-01-01,,
2004-01-02,,
2004-01-03,,
2004-01-04,,
2004-01-05,,
2004-01-06,,
2004-01-07,,
2004-01-08,,
2004-01-09,,
2004-01-10,,
2004-01-11,,
2004-01-12,,
2004-01-13,,
2004-01-14,,
2004-01-15,,
2004-01-16,,
2004-01-17,,
2004-01-18,,
2004-01-19,,
2004-01-20,,
2004-01-21,,
2004-01-22,,
2004-01-23,,
2004-01-24,,
2004-01-25,,
2004-01-26,,
2004-01-27,,
2004-01-28,,
2004-01-29,,
2004-01-30,,
2004-01-31,,
2004-02-01,,
2004-02-02,,
2004-02-03,,
2004-02-04,,
2004-02-05,,
2004-02-06,,
2004-02-07,,
2004-02-08,,
2004-02-09,,
2004-02-10,,
2004-02-11,,
2004-02-12,,
2004-02-13,,
2004-02-14,,
2004-02-15,,
2004-02-16,,
2004-02-17,,
2004-02-18,,
2004-02-19,,
2004-02-20,,
2004-02-21,,
2004-02-22,,
2004-02-23,,
2004-02-24,,
2004-02-25,,
2004-02-26,,
2004-02-27,,
2004-02-28,,
2004-02-29,,
2004-03-01,,
2004-03-02,,
2004-03-03,,
2004-03-04,,
2004-03-05,,
2004-03-06,,
2004-03-07,,
2004-03-08,,
2004-03-09,,
2004-03-10,,
2004-03-11,,
2004-03-12,,
2004-03-13,,
2004-03-14,,
2004-03-15,,
2004-03-16,,
2004-03-17,,
2004-03-18,,
2004-03-19,,
2004-03-20,,
2004-03-21,,
2004-03-22,,
2004-03-23,,
2004-03-24,,
2004-03-25,,
2004-03-26,,
2004-03-27,,
2004-03-28,,
2004-03-29,,
2004-03-30,,
2004-03-31,,
2004-04-01,,
2004-04-02,,
2004-04-03,,
2004-04-04,,
2004-04-05,,
2004-04-06,,
2004-04-07,,
2004-04-08,,
2004-04-09,,
2004-04-10,,
2004-04-11,,
2004-04-12,,
2004-04-13,,
2004-04-14,,
2004-04-15,,
2004-04-16,,
2004-04-17,,
2004-04-18,,
2004-04-19,,
2004-04-20,,
2004-04-21,,
2004-04-22,,
2004-04-23,,
2004-04-24,,
2004-04-25,,
2004-04-26,,
2004-04-27,,
2004-04-28,,
2004-04-29,,
2004-04-30,,
2004-05-01,,
2004-05-02,,
2004-05-03,,
2004-05-04,,
2004-05-05,,
2004-05-06,,
2004-05-07,,
2004-05-08,,
2004-05-09,,
2004-05-10,,
2004-05-11,,
2004-05-12,,
2004-05-13,,
2004-05-14,,
2004-05-15,,
2004-05-16,,
2004-05-17,,
2004-05-18,,
2004-05-19,,
2004-05-20,,
2004-05-21,,
2004-05-22,,
2004-05-23,,
2004-05-24,,
2004-05-25,,
2004-05-26,,
2004-05-27,,
2004-05-28,,
2004-05-29,,
2004-05-30,,
2004-05-31,,
2004-06-01,,
2004-06-02,,
2004-06-03,,
2004-06-04,,
2004-06-05,,
2004-06-06,,
2004-06-07,,
2004-06-08,,
2004-06-09,,
2004-06-10,,
2004-06-11,,
2004-06-12,,
2004-06-13,,
2004-06-14,,
2004-06-15,,
2004-06-16,,
2004-06-17,,
2004-06-18,,
2004-06-19,,
2004-06-20,,
2004-06-21,,
2004-06-22,,
2004-06-23,,
2004-06-24,,
2004-06-25,,
2004-06-26,,
2004-06-27,,
2004-06-28,,
2004-06-29,,
2004-06-30,,
2004-07-01,,
2004-07-02,,
2004-07-03,,
2004-07-04,,
2004-07-05,,
2004-07-06,,
2004-07-07,,
2004-07-08,,
2004-07-09,,
2004-07-10,,
2004-07-11,,
2004-07-12,,
2004-07-13,,
2004-07-14,,
2004-07-15,,
2004-07-16,,
2004-07-17,,
2004-07-18,,
2004-07-19,,
2004-07-20,,
2004-07-21,,
2004-07-22,,
2004-07-23,,
2004-07-24,,
2004-07-25,,
2004-07-26,,
2004-07-27,,
2004-07-28,,
2004-07-29,,
2004-07-30,,
2004-07-31,,
2004-08-01,,
2004-08-02,,
2004-08-03,,
2004-08-04,,
2004-08-05,,
2004-08-06,,
2004-08-07,,
2004-08-08,,
2004-08-09,,
2004-08-10,,
2004-08-11,,
2004-08-12,,
2004-08-13,,
2004-08-14,,
2004-08-15,,
2004-08-16,,
2004-08-17,,
2004-08-18,,
2004-08-19,,
2004-08-20,,
2004-08-21,,
2004-08-22,,
2004-08-23,,
2004-08-24,,
2004-08-25,,
2004-08-26,,
2004-08-27,,
2004-08-28,,
2004-08-29,,
2004-08-30,,
2004-08-31,,
2004-09-01,,
2004-09-02,,
2004-09-03,,
2004-09-04,,
2004-09-05,,
2004-09-06,,
2004-09-07,,
2004-09-08,,
2004-09-09,,
2004-09-10,,
2004-09-11,,
2004-09-12,,
2004-09-13,,
2004-09-14,,
2004-09-15,,
2004-09-16,,
2004-09-17,,
2004-09-18,,
2004-09-19,,
2004-09-20,,
2004-09-21,,
2004-09-22,,
2004-09-23,,
2004-09-24,,
2004-09-25,,
2004-09-26,,
2004-09-27,,
2004-09-28,,
2004-09-29,,
2004-09-30,,
2004-10-01,,
2004-10-02,,
2004-10-03,,
2004-10-04,,
2004-10-05,,
2004-10-06,,
2004-10-07,,
2004-10-08,,
2004-10-09,,
2004-10-10,,
2004-10-11,,
2004-10-12,,
2004-10-13,,
2004-10-14,,
2004-10-15,,
2004-10-16,,
2004-10-17,,
2004-10-18,,
2004-10-19,,
2004-10-20,,
2004-10-21,,
2004-10-22,,
2004-10-23,,
2004-10-24,,
2004-10-25,,
2004-10-26,,
2004-10-27,,
2004-10-28,,
2004-10-29,,
2004-10-30,,
2004-10-31,,
2004-11-01,,
2004-11-02,,
2004-11-03,,
2004-11-04,,
2004-11-05,,
2004-11-06,,
2004-11-07,,
2004-11-08,,
2004-11-09,,
2004-11-10,,
2004-11-11,,
2004-11-12,,
2004-11-13,,
2004-11-14,,
2004-11-15,,
2004-11-16,,
2004-11-17,,
2004-11-18,,
2004-11-19,,
2004-11-20,,
2004-11-21,,
2004-11-22,,
2004-11-23,,
2004-11-24,,
2004-11-25,,
2004-11-26,,
2004-11-27,,
2004-11-28,,
2004-11-29,,
2004-11-30,,
2004-12-01,,
2004-12-02,,
2004-12-03,,
2004-12-04,,
2004-12-05,,
2004-12-06,,
2004-12-07,,
2004-12-08,,
2004-12-09,,
2004-12-10,,
2004-12-11,,
2004-12-12,,
2004-12-13,,
2004-12-14,,
2004-12-15,,
2004-12-16,,
2004-12-17,,
2004-12-18,,
2004-12-19,,
2004-12-20,,
2004-12-21,,
2004-12-22,,
2004-12-23,,
2004-12-24,,
2004-12-25,,
2004-12-26,,
2004-12-27,,
2004-12-28,,
2004-12-29,,
2004-12-30,,
2004-12-31,,
2005-01-01,,
2005-01-02,,
2005-01-03,,
2005-01-04,,
2005-01-05,,
2005-01-06,,
2005-01-07,,
2005-01-08,,
2005-01-09,,
2005-01-10,,
2005-01-11,,
2005-01-12,,
2005-01-13,,
2005-01-14,,
2005-01-15,,
2005-01-16,,
2005-01-17,,
2005-01-18,,
2005-01-19,,
2005-01-20,,
2005-01-21,,
2005-01-22,,
2005-01-23,,
2005-01-24,,
2005-01-25,,
2005-01-26,,
2005-01-27,,
2005-01-28,,
2005-01-29,,
2005-01-30,,
2005-01-31,,
2005-02-01,,
2005-02-02,,
2005-02-03,,
2005-02-04,,
2005-02-05,,
2005-02-06,,
2005-02-07,,
2005-02-08,,
2005-02-09,,
2005-02-10,,
2005-02-11,,
2005-02-12,,
2005-02-13,,
2005-02-14,,
2005-02-15,,
2005-02-16,,
2005-02-17,,
2005-02-18,,
2005-02-19,,
2005-02-20,,
2005-02-21,,
2005-02-22,,
2005-02-23,,
2005-02-24,,
2005-02-25,,
2005-02-26,,
2005-02-27,,
2005-02-28,,
2005-03-01,,
2005-03-02,,
2005-03-03,,
2005-03-04,,
2005-03-05,,
2005-03-06,,
2005-03-07,,
2005-03-08,,
2005-03-09,,
2005-03-10,,
2005-03-11,,
2005-03-12,,
2005-03-13,,
2005-03-14,,
2005-03-15,,
2005-03-16,,
2005-03-17,,
2005-03-18,,
2005-03-19,,
2005-03-20,,
2005-03-21,,
2005-03-22,,
2005-03-23,,
2005-03-24,,
2005-03-25,,
2005-03-26,,
2005-03-27,,
2005-03-28,,
2005-03-29,,
2005-03-30,,
2005-03-31,,
2005-04-01,,
2005-04-02,,
2005-04-03,,
2005-04-04,,
2005-04-05,,
2005-04-06,,
2005-04-07,,
2005-04-08,,
2005-04-09,,
2005-04-10,,
2005-04-11,,
2005-04-12,,
2005-04-13,,
2005-04-14,,
2005-04-15,,
2005-04-16,,
2005-04-17,,
2005-04-18,,
2005-04-19,,
2005-04-20,,
2005-04-21,,
2005-04-22,,
2005-04-23,,
2005-04-24,,
2005-04-25,,
2005-04-26,,
2005-04-27,,
2005-04-28,,
2005-04-29,,
2005-04-30,,
2005-05-01,,
2005-05-02,,
2005-05-03,,
2005-05-04,,
2005-05-05,,
2005-05-06,,
2005-05-07,,
2005-05-08,,
2005-05-09,,
2005-05-10,,
2005-05-11,,
2005-05-12,,
2005-05-13,,
2005-05-14,,
2005-05-15,,
2005-05-16,,
2005-05-17,,
2005-05-18,,
2005-05-19,,
2005-05-20,,
2005-05-21,,
2005-05-22,,
2005-05-23,,
2005-05-24,,
2005-05-25,,
2005-05-26,,
2005-05-27,,
2005-05-28,,
2005-05-29,,
2005-05-30,,
2005-05-31,,
2005-06-01,,
2005-06-02,,
2005-06-03,,
2005-06-04,,
2005-06-05,,
2005-06-06,,
2005-06-07,,
2005-06-08,,
2005-06-09,,
2005-06-10,,
2005-06-11,,
2005-06-12,,
2005-06-13,,
2005-06-14,,
2005-06-15,,
2005-06-16,,
2005-06-17,,
2005-06-18,,
2005-06-19,,
2005-06-20,,
2005-06-21,,
2005-06-22,,
2005-06-23,,
2005-06-24,,
2005-06-25,,
2005-06-26,,
2005-06-27,,
2005-06-28,,
2005-06-29,,
2005-06-30,,
2005-07-01,,
2005-07-02,,
2005-07-03,,
2005-07-04,,
2005-07-05,,
2005-07-06,,
2005-07-07,,
2005-07-08,,
2005-07-09,,
2005-07-10,,
2005-07-11,,
2005-07-12,,
2005-07-13,,
2005-07-14,,
2005-07-15,,
2005-07-16,,
2005-07-17,,
2005-07-18,,
2005-07-19,,
2005-07-20,,
2005-07-21,,
2005-07-22,,
2005-07-23,,
2005-07-24,,
2005-07-25,,
2005-07-26,,
2005-07-27,,
2005-07-28,,
2005-07-29,,
2005-07-30,,
2005-07-31,,
2005-08-01,,
2005-08-02,,
2005-08-03,,
2005-08-04,,
2005-08-05,,
2005-08-06,,
2005-08-07,,
2005-08-08,,
2005-08-09,,
2005-08-10,,
2005-08-11,,
2005-08-12,,
2005-08-13,,
2005-08-14,,
2005-08-15,,
2005-08-16,,
2005-08-17,,
2005-08-18,,
2005-08-19,,
2005-08-20,,
2005-08-21,,
2005-08-22,,
2005-08-23,,
2005-08-24,,
2005-08-25,,
2005-08-26,,
2005-08-27,,
2005-08-28,,
2005-08-29,,
2005-08-30,,
2005-08-31,,
2005-09-01,,
2005-09-02,,
2005-09-03,,
2005-09-04,,
2005-09-05,,
2005-09-06,,
2005-09-07,,
2005-09-08,,
2005-09-09,,
2005-09-10,,
2005-09-11,,
2005-09-12,,
2005-09-13,,
2005-09-14,,
2005-09-15,,
2005-09-16,,
2005-09-17,,
2005-09-18,,
2005-09-19,,
2005-09-20,,
2005-09-21,,
2005-09-22,,
2005-09-23,,
2005-09-24,,
2005-09-25,,
2005-09-26,,
2005-09-27,,
2005-09-28,,
2005-09-29,,
2005-09-30,,
2005-10-01,,
2005-10-02,,
2005-10-03,,
2005-10-04,,
2005-10-05,,
2005-10-06,,
2005-10-07,,
2005-10-08,,
2005-10-09,,
2005-10-10,,
2005-10-11,,
2005-10-12,,
2005-10-13,,
2005-10-14,,
2005-10-15,,
2005-10-16,,
2005-10-17,,
2005-10-18,,
2005-10-19,,
2005-10-20,,
2005-10-21,,
2005-10-22,,
2005-10-23,,
2005-10-24,,
2005-10-25,,
2005-10-26,,
2005-10-27,,
2005-10-28,,
2005-10-29,,
2005-10-30,,
2005-10-31,,
2005-11-01,,
2005-11-02,,
2005-11-03,,
2005-11-04,,
2005-11-05,,
2005-11-06,,
2005-11-07,,
2005-11-08,,
2005-11-09,,
2005-11-10,,
2005-11-11,,
2005-11-12,,
2005-11-13,,
2005-11-14,,
2005-11-15,,
2005-11-16,,
2005-11-17,,
2005-11-18,,
2005-11-19,,
2005-11-20,,
2005-11-21,,
2005-11-22,,
2005-11-23,,
2005-11-24,,
2005-11-25,,
2005-11-26,,
2005-11-27,,
2005-11-28,,
2005-11-29,,
2005-11-30,,
2005-12-01,,
2005-12-02,,
2005-12-03,,
2005-12-04,,
2005-12-05,,
2005-12-06,,
2005-12-07,,
2005-12-08,,
2005-12-09,,
2005-12-10,,
2005-12-11,,
2005-12-12,,
2005-12-13,,
2005-12-14,,
2005-12-15,,
2005-12-16,,
2005-12-17,,
2005-12-18,,
2005-12-19,,
2005-12-20,,
2005-12-21,,
2005-12-22,,
2005-12-23,,
2005-12-24,,
2005-12-25,,
2005-12-26,,
2005-12-27,,
2005-12-28,,
2005-12-29,,
2005-12-30,,
2005-12-31,,
2006-01-01,,
2006-01-02,,
2006-01-03,,
2006-01-04,,
2006-01-05,,
2006-01-06,,
2006-01-07,,
2006-01-08,,
2006-01-09,,
2006-01-10,,
2006-01-11,,
2006-01-12,,
2006-01-13,,
2006-01-14,,
2006-01-15,,
2006-01-16,,
2006-01-17,,
2006-01-18,,
2006-01-19,,
2006-01-20,,
2006-01-21,,
2006-01-22,,
2006-01-23,,
2006-01-24,,
2006-01-25,,
2006-01-26,,
2006-01-27,,
2006-01-28,,
2006-01-29,,
2006-01-30,,
2006-01-31,,
2006-02-01,,
2006-02-02,,
2006-02-03,,
2006-02-04,,
2006-02-05,,
2006-02-06,,
2006-02-07,,
2006-02-08,,
2006-02-09,,
2006-02-10,,
2006-02-11,,
2006-02-12,,
2006-02-13,,
2006-02-14,,
2006-02-15,,
2006-02-16,,
2006-02-17,,
2006-02-18,,
2006-02-19,,
2006-02-20,,
2006-02-21,,
2006-02-22,,
2006-02-23,,
2006-02-24,,
2006-02-25,,
2006-02-26,,
2006-02-27,,
2006-02-28,,
2006-03-01,,
2006-03-02,,
2006-03-03,,
2006-03-04,,
2006-03-05,,
2006-03-06,,
2006-03-07,,
2006-03-08,,
2006-03-09,,
2006-03-10,,
2006-03-11,,
2006-03-12,,
2006-03-13,,
2006-03-14,,
2006-03-15,,
2006-03-16,,
2006-03-17,,
2006-03-18,,
2006-03-19,,
2006-03-20,,
2006-03-21,,
2006-03-22,,
2006-03-23,,
2006-03-24,,
2006-03-25,,
2006-03-26,,
2006-03-27,,
2006-03-28,,
2006-03-29,,
2006-03-30,,
2006-03-31,,
2006-04-01,,
2006-04-02,,
2006-04-03,,
2006-04-04,,
2006-04-05,,
2006-04-06,,
2006-04-07,,
2006-04-08,,
2006-04-09,,
2006-04-10,,
2006-04-11,,
2006-04-12,,
2006-04-13,,
2006-04-14,,
2006-04-15,,
2006-04-16,,
2006-04-17,,
2006-04-18,,
2006-04-19,,
2006-04-20,,
2006-04-21,,
2006-04-22,,
2006-04-23,,
2006-04-24,,
2006-04-25,,
2006-04-26,,
2006-04-27,,
2006-04-28,,
2006-04-29,,
2006-04-30,,
2006-05-01,,
2006-05-02,,
2006-05-03,,
2006-05-04,,
2006-05-05,,
2006-05-06,,
2006-05-07,,
2006-05-08,,
2006-05-09,,
2006-05-10,,
2006-05-11,,
2006-05-12,,
2006-05-13,,
2006-05-14,,
2006-05-15,,
2006-05-16,,
2006-05-17,,
2006-05-18,,
2006-05-19,,
2006-05-20,,
2006-05-21,,
2006-05-22,,
2006-05-23,,
2006-05-24,,
2006-05-25,,
2006-05-26,,
2006-05-27,,
2006-05-28,,
2006-05-29,,
2006-05-30,,
2006-05-31,,
2006-06-01,,
2006-06-02,,
2006-06-03,,
2006-06-04,,
2006-06-05,,
2006-06-06,,
2006-06-07,,
2006-06-08,,
2006-06-09,,
2006-06-10,,
2006-06-11,,
2006-06-12,,
2006-06-13,,
2006-06-14,,
2006-06-15,,
2006-06-16,,
2006-06-17,,
2006-06-18,,
2006-06-19,,
2006-06-20,,
2006-06-21,,
2006-06-22,,
2006-06-23,,
2006-06-24,,
2006-06-25,,
2006-06-26,,
2006-06-27,,
2006-06-28,,
2006-06-29,,
2006-06-30,,
2006-07-01,,
2006-07-02,,
2006-07-03,,
2006-07-04,,
2006-07-05,,
2006-07-06,,
2006-07-07,,
2006-07-08,,
2006-07-09,,
2006-07-10,,
2006-07-11,,
2006-07-12,,
2006-07-13,,
2006-07-14,,
2006-07-15,,
2006-07-16,,
2006-07-17,,
2006-07-18,,
2006-07-19,,
2006-07-20,,
2006-07-21,,
2006-07-22,,
2006-07-23,,
2006-07-24,,
2006-07-25,,
2006-07-26,,
2006-07-27,,
2006-07-28,,
2006-07-29,,
2006-07-30,,
2006-07-31,,
2006-08-01,,
2006-08-02,,
2006-08-03,,
2006-08-04,,
2006-08-05,,
2006-08-06,,
2006-08-07,,
2006-08-08,,
2006-08-09,,
2006-08-10,,
2006-08-11,,
2006-08-12,,
2006-08-13,,
2006-08-14,,
2006-08-15,,
2006-08-16,,
2006-08-17,,
2006-08-18,,
2006-08-19,,
2006-08-20,,
2006-08-21,,
2006-08-22,,
2006-08-23,,
2006-08-24,,
2006-08-25,,
2006-08-26,,
2006-08-27,,
2006-08-28,,
2006-08-29,,
2006-08-30,,
2006-08-31,,
2006-09-01,,
2006-09-02,,
2006-09-03,,
2006-09-04,,
2006-09-05,,
2006-09-06,,
2006-09-07,,
2006-09-08,,
2006-09-09,,
2006-09-10,,
2006-09-11,,
2006-09-12,,
2006-09-13,,
2006-09-14,,
2006-09-15,,
2006-09-16,,
2006-09-17,,
2006-09-18,,
2006-09-19,,
2006-09-20,,
2006-09-21,,
2006-09-22,,
2006-09-23,,
2006-09-24,,
2006-09-25,,
2006-09-26,,
2006-09-27,,
2006-09-28,,
2006-09-29,,
2006-09-30,,
2006-10-01,,
2006-10-02,,
2006-10-03,,
2006-10-04,,
2006-10-05,,
2006-10-06,,
2006-10-07,,
2006-10-08,,
2006-10-09,,
2006-10-10,,
2006-10-11,,
2006-10-12,,
2006-10-13,,
2006-10-14,,
2006-10-15,,
2006-10-16,,
2006-10-17,,
2006-10-18,,
2006-10-19,,
2006-10-20,,
2006-10-21,,
2006-10-22,,
2006-10-23,,
2006-10-24,,
2006-10-25,,
2006-10-26,,
2006-10-27,,
2006-10-28,,
2006-10-29,,
2006-10-30,,
2006-10-31,,
2006-11-01,,
2006-11-02,,
2006-11-03,,
2006-11-04,,
2006-11-05,,
2006-11-06,,
2006-11-07,,
2006-11-08,,
2006-11-09,,
2006-11-10,,
2006-11-11,,
2006-11-12,,
2006-11-13,,
2006-11-14,,
2006-11-15,,
2006-11-16,,
2006-11-17,,
2006-11-18,,
2006-11-19,,
2006-11-20,,
2006-11-21,,
2006-11-22,,
2006-11-23,,
2006-11-24,,
2006-11-25,,
2006-11-26,,
2006-11-27,,
2006-11-28,,
2006-11-29,,
2006-11-30,,
2006-12-01,,
2006-12-02,,
2006-12-03,,
2006-12-04,,
2006-12-05,,
2006-12-06,,
2006-12-07,,
2006-12-08,,
2006-12-09,,
2006-12-10,,
2006-12-11,,
2006-12-12,,
2006-12-13,,
2006-12-14,,
2006-12-15,,
2006-12-16,,
2006-12-17,,
2006-12-18,,
2006-12-19,,
2006-12-20,,
2006-12-21,,
2006-12-22,,
2006-12-23,,
2006-12-24,,
2006-12-25,,
2006-12-26,,
2006-12-27,,
2006-12-28,,
2006-12-29,,
2006-12-30,,
2006-12-31,,
2007-01-01,,
2007-01-02,,
2007-01-03,,
2007-01-04,,
2007-01-05,,
2007-01-06,,
2007-01-07,,
2007-01-08,,
2007-01-09,,
2007-01-10,,
2007-01-11,,
2007-01-12,,
2007-01-13,,
2007-01-14,,
2007-01-15,,
2007-01-16,,
2007-01-17,,
2007-01-18,,
2007-01-19,,
2007-01-20,,
2007-01-21,,
2007-01-22,,
2007-01-23,,
2007-01-24,,
2007-01-25,,
2007-01-26,,
2007-01-27,,
2007-01-28,,
2007-01-29,,
2007-01-30,,
2007-01-31,,
2007-02-01,,
2007-02-02,,
2007-02-03,,
2007-02-04,,
2007-02-05,,
2007-02-06,,
2007-02-07,,
2007-02-08,,
2007-02-09,,
2007-02-10,,
2007-02-11,,
2007-02-12,,
2007-02-13,,
2007-02-14,,
2007-02-15,,
2007-02-16,,
2007-02-17,,
2007-02-18,,
2007-02-19,,
2007-02-20,,
2007-02-21,,
2007-02-22,,
2007-02-23,,
2007-02-24,,
2007-02-25,,
2007-02-26,,
2007-02-27,,
2007-02-28,,
2007-03-01,,
2007-03-02,,
2007-03-03,,
2007-03-04,,
2007-03-05,,
2007-03-06,,
2007-03-07,,
2007-03-08,,
2007-03-09,,
2007-03-10,,
2007-03-11,,
2007-03-12,,
2007-03-13,,
2007-03-14,,
2007-03-15,,
2007-03-16,,
2007-03-17,,
2007-03-18,,
2007-03-19,,
2007-03-20,,
2007-03-21,,
2007-03-22,,
2007-03-23,,
2007-03-24,,
2007-03-25,,
2007-03-26,,
2007-03-27,,
2007-03-28,,
2007-03-29,,
2007-03-30,,
2007-03-31,,
2007-04-01,,
2007-04-02,,
2007-04-03,,
2007-04-04,,
2007-04-05,,
2007-04-06,,
2007-04-07,,
2007-04-08,,
2007-04-09,,
2007-04-10,,
2007-04-11,,
2007-04-12,,
2007-04-13,,
2007-04-14,,
2007-04-15,,
2007-04-16,,
2007-04-17,,
2007-04-18,,
2007-04-19,,
2007-04-20,,
2007-04-21,,
2007-04-22,,
2007-04-23,,
2007-04-24,,
2007-04-25,,
2007-04-26,,
2007-04-27,,
2007-04-28,,
2007-04-29,,
2007-04-30,,
2007-05-01,,
2007-05-02,,
2007-05-03,,
2007-05-04,,
2007-05-05,,
2007-05-06,,
2007-05-07,,
2007-05-08,,
2007-05-09,,
2007-05-10,,
2007-05-11,,
2007-05-12,,
2007-05-13,,
2007-05-14,,
2007-05-15,,
2007-05-16,,
2007-05-17,,
2007-05-18,,
2007-05-19,,
2007-05-20,,
2007-05-21,,
2007-05-22,,
2007-05-23,,
2007-05-24,,
2007-05-25,,
2007-05-26,,
2007-05-27,,
2007-05-28,,
2007-05-29,,
2007-05-30,,
2007-05-31,,
2007-06-01,,
2007-06-02,,
2007-06-03,,
2007-06-04,,
2007-06-05,,
2007-06-06,,
2007-06-07,,
2007-06-08,,
2007-06-09,,
2007-06-10,,
2007-06-11,,
2007-06-12,,
2007-06-13,,
2007-06-14,,
2007-06-15,,
2007-06-16,,
2007-06-17,,
2007-06-18,,
2007-06-19,,
2007-06-20,,
2007-06-21,,
2007-06-22,,
2007-06-23,,
2007-06-24,,
2007-06-25,,
2007-06-26,,
2007-06-27,,
2007-06-28,,
2007-06-29,,
2007-06-30,,
2007-07-01,,
2007-07-02,,
2007-07-03,,
2007-07-04,,
2007-07-05,,
2007-07-06,,
2007-07-07,,
2007-07-08,,
2007-07-09,,
2007-07-10,,
2007-07-11,,
2007-07-12,,
2007-07-13,,
2007-07-14,,
2007-07-15,,
2007-07-16,,
2007-07-17,,
2007-07-18,,
2007-07-19,,
2007-07-20,,
2007-07-21,,
2007-07-22,,
2007-07-23,,
2007-07-24,,
2007-07-25,,
2007-07-26,,
2007-07-27,,
2007-07-28,,
2007-07-29,,
2007-07-30,,
2007-07-31,,
2007-08-01,,
2007-08-02,,
2007-08-03,,
2007-08-04,,
2007-08-05,,
2007-08-06,,
2007-08-07,,
2007-08-08,,
2007-08-09,,
2007-08-10,,
2007-08-11,,
2007-08-12,,
2007-08-13,,
2007-08-14,,
2007-08-15,,
2007-08-16,,
2007-08-17,,
2007-08-18,,
2007-08-19,,
2007-08-20,,
2007-08-21,,
2007-08-22,,
2007-08-23,,
2007-08-24,,
2007-08-25,,
2007-08-26,,
2007-08-27,,
2007-08-28,,
2007-08-29,,
2007-08-30,,
2007-08-31,,
2007-09-01,,
2007-09-02,,
2007-09-03,,
2007-09-04,,
2007-09-05,,
2007-09-06,,
2007-09-07,,
2007-09-08,,
2007-09-09,,
2007-09-10,,
2007-09-11,,
2007-09-12,,
2007-09-13,,
2007-09-14,,
2007-09-15,,
2007-09-16,,
2007-09-17,,
2007-09-18,,
2007-09-19,,
2007-09-20,,
2007-09-21,,
2007-09-22,,
2007-09-23,,
2007-09-24,,
2007-09-25,,
2007-09-26,,
2007-09-27,,
2007-09-28,,
2007-09-29,,
2007-09-30,,
2007-10-01,,
2007-10-02,,
2007-10-03,,
2007-10-04,,
2007-10-05,,
2007-10-06,,
2007-10-07,,
2007-10-08,,
2007-10-09,,
2007-10-10,,
2007-10-11,,
2007-10-12,,
2007-10-13,,
2007-10-14,,
2007-10-15,,
2007-10-16,,
2007-10-17,,
2007-10-18,,
2007-10-19,,
2007-10-20,,
2007-10-21,,
2007-10-22,,
2007-10-23,,
2007-10-24,,
2007-10-25,,
2007-10-26,,
2007-10-27,,
2007-10-28,,
2007-10-29,,
2007-10-30,,
2007-10-31,,
2007-11-01,,
2007-11-02,,
2007-11-03,,
2007-11-04,,
2007-11-05,,
2007-11-06,,
2007-11-07,,
2007-11-08,,
2007-11-09,,
2007-11-10,,
2007-11-11,,
2007-11-12,,
2007-11-13,,
2007-11-14,,
2007-11-15,,
2007-11-16,,
2007-11-17,,
2007-11-18,,
2007-11-19,,
2007-11-20,,
2007-11-21,,
2007-11-22,,
2007-11-23,,
2007-11-24,,
2007-11-25,,
2007-11-26,,
2007-11-27,,
2007-11-28,,
2007-11-29,,
2007-11-30,,
2007-12-01,,
2007-12-02,,
2007-12-03,,
2007-12-04,,
2007-12-05,,
2007-12-06,,
2007-12-07,,
2007-12-08,,
2007-12-09,,
2007-12-10,,
2007-12-11,,
2007-12-12,,
2007-12-13,,
2007-12-14,,
2007-12-15,,
2007-12-16,,
2007-12-17,,
2007-12-18,,
2007-12-19,,
2007-12-20,,
2007-12-21,,
2007-12-22,,
2007-12-23,,
2007-12-24,,
2007-12-25,,
2007-12-26,,
2007-12-27,,
2007-12-28,,
2007-12-29,,
2007-12-30,,
2007-12-31,,
2008-01-01,,
2008-01-02,,
2008-01-03,,
2008-01-04,,
2008-01-05,,
2008-01-06,,
2008-01-07,,
2008-01-08,,
2008-01-09,,
2008-01-10,,
2008-01-11,,
2008-01-12,,
2008-01-13,,
2008-01-14,,
2008-01-15,,
2008-01-16,,
2008-01-17,,
2008-01-18,,
2008-01-19,,
2008-01-20,,
2008-01-21,,
2008-01-22,,
2008-01-23,,
2008-01-24,,
2008-01-25,,
2008-01-26,,
2008-01-27,,
2008-01-28,,
2008-01-29,,
2008-01-30,,
2008-01-31,,
2008-02-01,,
2008-02-02,,
2008-02-03,,
2008-02-04,,
2008-02-05,,
2008-02-06,,
2008-02-07,,
2008-02-08,,
2008-02-09,,
2008-02-10,,
2008-02-11,,
2008-02-12,,
2008-02-13,,
2008-02-14,,
2008-02-15,,
2008-02-16,,
2008-02-17,,
2008-02-18,,
2008-02-19,,
2008-02-20,,
2008-02-21,,
2008-02-22,,
2008-02-23,,
2008-02-24,,
2008-02-25,,
2008-02-26,,
2008-02-27,,
2008-02-28,,
2008-02-29,,
2008-03-01,,
2008-03-02,,
2008-03-03,,
2008-03-04,,
2008-03-05,,
2008-03-06,,
2008-03-07,,
2008-03-08,,
2008-03-09,,
2008-03-10,,
2008-03-11,,
2008-03-12,,
2008-03-13,,
2008-03-14,,
2008-03-15,,
2008-03-16,,
2008-03-17,,
2008-03-18,,
2008-03-19,,
2008-03-20,,
2008-03-21,,
2008-03-22,,
2008-03-23,,
2008-03-24,,
2008-03-25,,
2008-03-26,,
2008-03-27,,
2008-03-28,,
2008-03-29,,
2008-03-30,,
2008-03-31,,
2008-04-01,,
2008-04-02,,
2008-04-03,,
2008-04-04,,
2008-04-05,,
2008-04-06,,
2008-04-07,,
2008-04-08,,
2008-04-09,,
2008-04-10,,
2008-04-11,,
2008-04-12,,
2008-04-13,,
2008-04-14,,
2008-04-15,,
2008-04-16,,
2008-04-17,,
2008-04-18,,
2008-04-19,,
2008-04-20,,
2008-04-21,,
2008-04-22,,
2008-04-23,,
2008-04-24,,
2008-04-25,,
2008-04-26,,
2008-04-27,,
2008-04-28,,
2008-04-29,,
2008-04-30,,
2008-05-01,,
2008-05-02,,
2008-05-03,,
2008-05-04,,
2008-05-05,,
2008-05-06,,
2008-05-07,,
2008-05-08,,
2008-05-09,,
2008-05-10,,
2008-05-11,,
2008-05-12,,
2008-05-13,,
2008-05-14,,
2008-05-15,,
2008-05-16,,
2008-05-17,,
2008-05-18,,
2008-05-19,,
2008-05-20,,
2008-05-21,,
2008-05-22,,
2008-05-23,,
2008-05-24,,
2008-05-25,,
2008-05-26,,
2008-05-27,,
2008-05-28,,
2008-05-29,,
2008-05-30,,
2008-05-31,,
2008-06-01,,
2008-06-02,,
2008-06-03,,
2008-06-04,,
2008-06-05,,
2008-06-06,,
2008-06-07,,
2008-06-08,,
2008-06-09,,
2008-06-10,,
2008-06-11,,
2008-06-12,,
2008-06-13,,
2008-06-14,,
2008-06-15,,
2008-06-16,,
2008-06-17,,
2008-06-18,,
2008-06-19,,
2008-06-20,,
2008-06-21,,
2008-06-22,,
2008-06-23,,
2008-06-24,,
2008-06-25,,
2008-06-26,,
2008-06-27,,
2008-06-28,,
2008-06-29,,
2008-06-30,,
2008-07-01,,
2008-07-02,,
2008-07-03,,
2008-07-04,,
2008-07-05,,
2008-07-06,,
2008-07-07,,
2008-07-08,,
2008-07-09,,
2008-07-10,,
2008-07-11,,
2008-07-12,,
2008-07-13,,
2008-07-14,,
2008-07-15,,
2008-07-16,,
2008-07-17,,
2008-07-18,,
2008-07-19,,
2008-07-20,,
2008-07-21,,
2008-07-22,,
2008-07-23,,
2008-07-24,,
2008-07-25,,
2008-07-26,,
2008-07-27,,
2008-07-28,,
2008-07-29,,
2008-07-30,,
2008-07-31,,
2008-08-01,,
2008-08-02,,
2008-08-03,,
2008-08-04,,
2008-08-05,,
2008-08-06,,
2008-08-07,,
2008-08-08,,
2008-08-09,,
2008-08-10,,
2008-08-11,,
2008-08-12,,
2008-08-13,,
2008-08-14,,
2008-08-15,,
2008-08-16,,
2008-08-17,,
2008-08-18,,
2008-08-19,,
2008-08-20,,
2008-08-21,,
2008-08-22,,
2008-08-23,,
2008-08-24,,
2008-08-25,,
2008-08-26,,
2008-08-27,,
2008-08-28,,
2008-08-29,,
2008-08-30,,
2008-08-31,,
2008-09-01,,
2008-09-02,,
2008-09-03,,
2008-09-04,,
2008-09-05,,
2008-09-06,,
2008-09-07,,
2008-09-08,,
2008-09-09,,
2008-09-10,,
2008-09-11,,
2008-09-12,,
2008-09-13,,
2008-09-14,,
2008-09-15,,
2008-09-16,,
2008-09-17,,
2008-09-18,,
2008-09-19,,
2008-09-20,,
2008-09-21,,
2008-09-22,,
2008-09-23,,
2008-09-24,,
2008-09-25,,
2008-09-26,,
2008-09-27,,
2008-09-28,,
2008-09-29,,
2008-09-30,,
2008-10-01,,
2008-10-02,,
2008-10-03,,
2008-10-04,,
2008-10-05,,
2008-10-06,,
2008-10-07,,
2008-10-08,,
2008-10-09,,
2008-10-10,,
2008-10-11,,
2008-10-12,,
2008-10-13,,
2008-10-14,,
2008-10-15,,
2008-10-16,,
2008-10-17,,
2008-10-18,,
2008-10-19,,
2008-10-20,,
2008-10-21,,
2008-10-22,,
2008-10-23,,
2008-10-24,,
2008-10-25,,
2008-10-26,,
2008-10-27,,
2008-10-28,,
2008-10-29,,
2008-10-30,,
2008-10-31,,
2008-11-01,,
2008-11-02,,
2008-11-03,,
2008-11-04,,
2008-11-05,,
2008-11-06,,
2008-11-07,,
2008-11-08,,
2008-11-09,,
2008-11-10,,
2008-11-11,,
2008-11-12,,
2008-11-13,,
2008-11-14,,
2008-11-15,,
2008-11-16,,
2008-11-17,,
2008-11-18,,
2008-11-19,,
2008-11-20,,
2008-11-21,,
2008-11-22,,
2008-11-23,,
2008-11-24,,
2008-11-25,,
2008-11-26,,
2008-11-27,,
2008-11-28,,
2008-11-29,,
2008-11-30,,
2008-12-01,,
2008-12-02,,
2008-12-03,,
2008-12-04,,
2008-12-05,,
2008-12-06,,
2008-12-07,,
2008-12-08,,
2008-12-09,,
2008-12-10,,
2008-12-11,,
2008-12-12,,
2008-12-13,,
2008-12-14,,
2008-12-15,,
2008-12-16,,
2008-12-17,,
2008-12-18,,
2008-12-19,,
2008-12-20,,
2008-12-21,,
2008-12-22,,
2008-12-23,,
2008-12-24,,
2008-12-25,,
2008-12-26,,
2008-12-27,,
2008-12-28,,
2008-12-29,,
2008-12-30,,
2008-12-31,,
2009-01-01,,
2009-01-02,,
2009-01-03,,
2009-01-04,,
2009-01-05,,
2009-01-06,,
2009-01-07,,
2009-01-08,,
2009-01-09,,
2009-01-10,,
2009-01-11,,
2009-01-12,,
2009-01-13,,
2009-01-14,,
2009-01-15,,
2009-01-16,,
2009-01-17,,
2009-01-18,,
2009-01-19,,
2009-01-20,,
2009-01-21,,
2009-01-22,,
2009-01-23,,
2009-01-24,,
2009-01-25,,
2009-01-26,,
2009-01-27,,
2009-01-28,,
2009-01-29,,
2009-01-30,,
2009-01-31,,
2009-02-01,,
2009-02-02,,
2009-02-03,,
2009-02-04,,
2009-02-05,,
2009-02-06,,
2009-02-07,,
2009-02-08,,
2009-02-09,,
2009-02-10,,
2009-02-11,,
2009-02-12,,
2009-02-13,,
2009-02-14,,
2009-02-15,,
2009-02-16,,
2009-02-17,,
2009-02-18,,
2009-02-19,,
2009-02-20,,
2009-02-21,,
2009-02-22,,
2009-02-23,,
2009-02-24,,
2009-02-25,,
2009-02-26,,
2009-02-27,,
2009-02-28,,
2009-03-01,,
2009-03-02,,
2009-03-03,,
2009-03-04,,
2009-03-05,,
2009-03-06,,
2009-03-07,,
2009-03-08,,
2009-03-09,,
2009-03-10,,
2009-03-11,,
2009-03-12,,
2009-03-13,,
2009-03-14,,
2009-03-15,,
2009-03-16,,
2009-03-17,,
2009-03-18,,
2009-03-19,,
2009-03-20,,
2009-03-21,,
2009-03-22,,
2009-03-23,,
2009-03-24,,
2009-03-25,,
2009-03-26,,
2009-03-27,,
2009-03-28,,
2009-03-29,,
2009-03-30,,
2009-03-31,,
2009-04-01,,
2009-04-02,,
2009-04-03,,
2009-04-04,,
2009-04-05,,
2009-04-06,,
2009-04-07,,
2009-04-08,,
2009-04-09,,
2009-04-10,,
2009-04-11,,
2009-04-12,,
2009-04-13,,
2009-04-14,,
2009-04-15,,
2009-04-16,,
2009-04-17,,
2009-04-18,,
2009-04-19,,
2009-04-20,,
2009-04-21,,
2009-04-22,,
2009-04-23,,
2009-04-24,,
2009-04-25,,
2009-04-26,,
2009-04-27,,
2009-04-28,,
2009-04-29,,
2009-04-30,,
2009-05-01,,
2009-05-02,,
2009-05-03,,
2009-05-04,,
2009-05-05,,
2009-05-06,,
2009-05-07,,
2009-05-08,,
2009-05-09,,
2009-05-10,,
2009-05-11,,
2009-05-12,,
2009-05-13,,
2009-05-14,,
2009-05-15,,
2009-05-16,,
2009-05-17,,
2009-05-18,,
2009-05-19,,
2009-05-20,,
2009-05-21,,
2009-05-22,,
2009-05-23,,
2009-05-24,,
2009-05-25,,
2009-05-26,,
2009-05-27,,
2009-05-28,,
2009-05-29,,
2009-05-30,,
2009-05-31,,
2009-06-01,,
2009-06-02,,
2009-06-03,,
2009-06-04,,
2009-06-05,,
2009-06-06,,
2009-06-07,,
2009-06-08,,
2009-06-09,,
2009-06-10,,
2009-06-11,,
2009-06-12,,
2009-06-13,,
2009-06-14,,
2009-06-15,,
2009-06-16,,
2009-06-17,,
2009-06-18,,
2009-06-19,,
2009-06-20,,
2009-06-21,,
2009-06-22,,
2009-06-23,,
2009-06-24,,
2009-06-25,,
2009-06-26,,
2009-06-27,,
2009-06-28,,
2009-06-29,,
2009-06-30,,
2009-07-01,,
2009-07-02,,
2009-07-03,,
2009-07-04,,
2009-07-05,,
2009-07-06,,
2009-07-07,,
2009-07-08,,
2009-07-09,,
2009-07-10,,
2009-07-11,,
2009-07-12,,
2009-07-13,,
2009-07-14,,
2009-07-15,,
2009-07-16,,
2009-07-17,,
2009-07-18,,
2009-07-19,,
2009-07-20,,
2009-07-21,,
2009-07-22,,
2009-07-23,,
2009-07-24,,
2009-07-25,,
2009-07-26,,
2009-07-27,,
2009-07-28,,
2009-07-29,,
2009-07-30,,
2009-07-31,,
2009-08-01,,
2009-08-02,,
2009-08-03,,
2009-08-04,,
2009-08-05,,
2009-08-06,,
2009-08-07,,
2009-08-08,,
2009-08-09,,
2009-08-10,,
2009-08-11,,
2009-08-12,,
2009-08-13,,
2009-08-14,,
2009-08-15,,
2009-08-16,,
2009-08-17,,
2009-08-18,,
2009-08-19,,
2009-08-20,,
2009-08-21,,
2009-08-22,,
2009-08-23,,
2009-08-24,,
2009-08-25,,
2009-08-26,,
2009-08-27,,
2009-08-28,,
2009-08-29,,
2009-08-30,,
2009-08-31,,
2009-09-01,,
2009-09-02,,
2009-09-03,,
2009-09-04,,
2009-09-05,,
2009-09-06,,
2009-09-07,,
2009-09-08,,
2009-09-09,,
2009-09-10,,
2009-09-11,,
2009-09-12,,
2009-09-13,,
2009-09-14,,
2009-09-15,,
2009-09-16,,
2009-09-17,,
2009-09-18,,
2009-09-19,,
2009-09-20,,
2009-09-21,,
2009-09-22,,
2009-09-23,,
2009-09-24,,
2009-09-25,,
2009-09-26,,
2009-09-27,,
2009-09-28,,
2009-09-29,,
2009-09-30,,
2009-10-01,,
2009-10-02,,
2009-10-03,,
2009-10-04,,
2009-10-05,,
2009-10-06,,
2009-10-07,,
2009-10-08,,
2009-10-09,,
2009-10-10,,
2009-10-11,,
2009-10-12,,
2009-10-13,,
2009-10-14,,
2009-10-15,,
2009-10-16,,
2009-10-17,,
2009-10-18,,
2009-10-19,,
2009-10-20,,
2009-10-21,,
2009-10-22,,
2009-10-23,,
2009-10-24,,
2009-10-25,,
2009-10-26,,
2009-10-27,,
2009-10-28,,
2009-10-29,,
2009-10-30,,
2009-10-31,,
2009-11-01,,
2009-11-02,,
2009-11-03,,
2009-11-04,,
2009-11-05,,
2009-11-06,,
2009-11-07,,
2009-11-08,,
2009-11-09,,
2009-11-10,,
2009-11-11,,
2009-11-12,,
2009-11-13,,
2009-11-14,,
2009-11-15,,
2009-11-16,,
2009-11-17,,
2009-11-18,,
2009-11-19,,
2009-11-20,,
2009-11-21,,
2009-11-22,,
2009-11-23,,
2009-11-24,,
2009-11-25,,
2009-11-26,,
2009-11-27,,
2009-11-28,,
2009-11-29,,
2009-11-30,,
2009-12-01,,
2009-12-02,,
2009-12-03,,
2009-12-04,,
2009-12-05,,
2009-12-06,,
2009-12-07,,
2009-12-08,,
2009-12-09,,
2009-12-10,,
2009-12-11,,
2009-12-12,,
2009-12-13,,
2009-12-14,,
2009-12-15,,
2009-12-16,,
2009-12-17,,
2009-12-18,,
2009-12-19,,
2009-12-20,,
2009-12-21,,
2009-12-22,,
2009-12-23,,
2009-12-24,,
2009-12-25,,
2009-12-26,,
2009-12-27,,
2009-12-28,,
2009-12-29,,
2009-12-30,,
2009-12-31,,
2010-01-01,,
2010-01-02,,
2010-01-03,,
2010-01-04,,
2010-01-05,,
2010-01-06,,
2010-01-07,,
2010-01-08,,
2010-01-09,,
2010-01-10,,
2010-01-11,,
2010-01-12,,
2010-01-13,,
2010-01-14,,
2010-01-15,,
2010-01-16,,
2010-01-17,,
2010-01-18,,
2010-01-19,,
2010-01-20,,
2010-01-21,,
2010-01-22,,
2010-01-23,,
2010-01-24,,
2010-01-25,,
2010-01-26,,
2010-01-27,,
2010-01-28,,
2010-01-29,,
2010-01-30,,
2010-01-31,,
2010-02-01,,
2010-02-02,,
2010-02-03,,
2010-02-04,,
2010-02-05,,
2010-02-06,,
2010-02-07,,
2010-02-08,,
2010-02-09,,
2010-02-10,,
2010-02-11,,
2010-02-12,,
2010-02-13,,
2010-02-14,,
2010-02-15,,
2010-02-16,,
2010-02-17,,
2010-02-18,,
2010-02-19,,
2010-02-20,,
2010-02-21,,
2010-02-22,,
2010-02-23,,
2010-02-24,,
2010-02-25,,
2010-02-26,,
2010-02-27,,
2010-02-28,,
2010-03-01,,
2010-03-02,,
2010-03-03,,
2010-03-04,,
2010-03-05,,
2010-03-06,,
2010-03-07,,
2010-03-08,,
2010-03-09,,
2010-03-10,,
2010-03-11,,
2010-03-12,,
2010-03-13,,
2010-03-14,,
2010-03-15,,
2010-03-16,,
2010-03-17,,
2010-03-18,,
2010-03-19,,
2010-03-20,,
2010-03-21,,
2010-03-22,,
2010-03-23,,
2010-03-24,,
2010-03-25,,
2010-03-26,,
2010-03-27,,
2010-03-28,,
2010-03-29,,
2010-03-30,,
2010-03-31,,
2010-04-01,,
2010-04-02,,
2010-04-03,,
2010-04-04,,
2010-04-05,,
2010-04-06,,
2010-04-07,,
2010-04-08,,
2010-04-09,,
2010-04-10,,
2010-04-11,,
2010-04-12,,
2010-04-13,,
2010-04-14,,
2010-04-15,,
2010-04-16,,
2010-04-17,,
2010-04-18,,
2010-04-19,,
2010-04-20,,
2010-04-21,,
2010-04-22,,
2010-04-23,,
2010-04-24,,
2010-04-25,,
2010-04-26,,
2010-04-27,,
2010-04-28,,
2010-04-29,,
2010-04-30,,
2010-05-01,,
2010-05-02,,
2010-05-03,,
2010-05-04,,
2010-05-05,,
2010-05-06,,
2010-05-07,,
2010-05-08,,
2010-05-09,,
2010-05-10,,
2010-05-11,,
2010-05-12,,
2010-05-13,,
2010-05-14,,
2010-05-15,,
2010-05-16,,
2010-05-17,,
2010-05-18,,
2010-05-19,,
2010-05-20,,
2010-05-21,,
2010-05-22,,
2010-05-23,,
2010-05-24,,
2010-05-25,,
2010-05-26,,
2010-05-27,,
2010-05-28,,
2010-05-29,,
2010-05-30,,
2010-05-31,,
2010-06-01,,
2010-06-02,,
2010-06-03,,
2010-06-04,,
2010-06-05,,
2010-06-06,,
2010-06-07,,
2010-06-08,,
2010-06-09,,
2010-06-10,,
2010-06-11,,
2010-06-12,,
2010-06-13,,
2010-06-14,,
2010-06-15,,
2010-06-16,,
2010-06-17,,
2010-06-18,,
2010-06-19,,
2010-06-20,,
2010-06-21,,
2010-06-22,,
2010-06-23,,
2010-06-24,,
2010-06-25,,
2010-06-26,,
2010-06-27,,
2010-06-28,,
2010-06-29,,
2010-06-30,,
2010-07-01,,
2010-07-02,,
2010-07-03,,
2010-07-04,,
2010-07-05,,
2010-07-06,,
2010-07-07,,
2010-07-08,,
2010-07-09,,
2010-07-10,,
2010-07-11,,
2010-07-12,,
2010-07-13,,
2010-07-14,,
2010-07-15,,
2010-07-16,,
2010-07-17,,
2010-07-18,,
2010-07-19,,
2010-07-20,,
2010-07-21,,
2010-07-22,,
2010-07-23,,
2010-07-24,,
2010-07-25,,
2010-07-26,,
2010-07-27,,
2010-07-28,,
2010-07-29,,
2010-07-30,,
2010-07-31,,
2010-08-01,,
2010-08-02,,
2010-08-03,,
2010-08-04,,
2010-08-05,,
2010-08-06,,
2010-08-07,,
2010-08-08,,
2010-08-09,,
2010-08-10,,
2010-08-11,,
2010-08-12,,
2010-08-13,,
2010-08-14,,
2010-08-15,,
2010-08-16,,
2010-08-17,,
2010-08-18,,
2010-08-19,,
2010-08-20,,
2010-08-21,,
2010-08-22,,
2010-08-23,,
2010-08-24,,
2010-08-25,,
2010-08-26,,
2010-08-27,,
2010-08-28,,
2010-08-29,,
2010-08-30,,
2010-08-31,,
2010-09-01,,
2010-09-02,,
2010-09-03,,
2010-09-04,,
2010-09-05,,
2010-09-06,,
2010-09-07,,
2010-09-08,,
2010-09-09,,
2010-09-10,,
2010-09-11,,
2010-09-12,,
2010-09-13,,
2010-09-14,,
2010-09-15,,
2010-09-16,,
2010-09-17,,
2010-09-18,,
2010-09-19,,
2010-09-20,,
2010-09-21,,
2010-09-22,,
2010-09-23,,
2010-09-24,,
2010-09-25,,
2010-09-26,,
2010-09-27,,
2010-09-28,,
2010-09-29,,
2010-09-30,,
2010-10-01,,
2010-10-02,,
2010-10-03,,
2010-10-04,,
2010-10-05,,
2010-10-06,,
2010-10-07,,
2010-10-08,,
2010-10-09,,
2010-10-10,,
2010-10-11,,
2010-10-12,,
2010-10-13,,
2010-10-14,,
2010-10-15,,
2010-10-16,,
2010-10-17,,
2010-10-18,,
2010-10-19,,
2010-10-20,,
2010-10-21,,
2010-10-22,,
2010-10-23,,
2010-10-24,,
2010-10-25,,
2010-10-26,,
2010-10-27,,
2010-10-28,,
2010-10-29,,
2010-10-30,,
2010-10-31,,
2010-11-01,,
2010-11-02,,
2010-11-03,,
2010-11-04,,
2010-11-05,,
2010-11-06,,
2010-11-07,,
2010-11-08,,
2010-11-09,,
2010-11-10,,
2010-11-11,,
2010-11-12,,
2010-11-13,,
2010-11-14,,
2010-11-15,,
2010-11-16,,
2010-11-17,,
2010-11-18,,
2010-11-19,,
2010-11-20,,
2010-11-21,,
2010-11-22,,
2010-11-23,,
2010-11-24,,
2010-11-25,,
2010-11-26,,
2010-11-27,,
2010-11-28,,
2010-11-29,,
2010-11-30,,
2010-12-01,,
2010-12-02,,
2010-12-03,,
2010-12-04,,
2010-12-05,,
2010-12-06,,
2010-12-07,,
2010-12-08,,
2010-12-09,,
2010-12-10,,
2010-12-11,,
2010-12-12,,
2010-12-13,,
2010-12-14,,
2010-12-15,,
2010-12-16,,
2010-12-17,,
2010-12-18,,
2010-12-19,,
2010-12-20,,
2010-12-21,,
2010-12-22,,
2010-12-23,,
2010-12-24,,
2010-12-25,,
2010-12-26,,
2010-12-27,,
2010-12-28,,
2010-12-29,,
2010-12-30,,
2010-12-31,,
2011-01-01,,
2011-01-02,,
2011-01-03,,
2011-01-04,,
2011-01-05,,
2011-01-06,,
2011-01-07,,
2011-01-08,,
2011-01-09,,
2011-01-10,,
2011-01-11,,
2011-01-12,,
2011-01-13,,
2011-01-14,,
2011-01-15,,
2011-01-16,,
2011-01-17,,
2011-01-18,,
2011-01-19,,
2011-01-20,,
2011-01-21,,
2011-01-22,,
2011-01-23,,
2011-01-24,,
2011-01-25,,
2011-01-26,,
2011-01-27,,
2011-01-28,,
2011-01-29,,
2011-01-30,,
2011-01-31,,
2011-02-01,,
2011-02-02,,
2011-02-03,,
2011-02-04,,
2011-02-05,,
2011-02-06,,
2011-02-07,,
2011-02-08,,
2011-02-09,,
2011-02-10,,
2011-02-11,,
2011-02-12,,
2011-02-13,,
2011-02-14,,
2011-02-15,,
2011-02-16,,
2011-02-17,,
2011-02-18,,
2011-02-19,,
2011-02-20,,
2011-02-21,,
2011-02-22,,
2011-02-23,,
2011-02-24,,
2011-02-25,,
2011-02-26,,
2011-02-27,,
2011-02-28,,
2011-03-01,,
2011-03-02,,
2011-03-03,,
2011-03-04,,
2011-03-05,,
2011-03-06,,
2011-03-07,,
2011-03-08,,
2011-03-09,,
2011-03-10,,
2011-03-11,,
2011-03-12,,
2011-03-13,,
2011-03-14,,
2011-03-15,,
2011-03-16,,
2011-03-17,,
2011-03-18,,
2011-03-19,,
2011-03-20,,
2011-03-21,,
2011-03-22,,
2011-03-23,,
2011-03-24,,
2011-03-25,,
2011-03-26,,
2011-03-27,,
2011-03-28,,
2011-03-29,,
2011-03-30,,
2011-03-31,,
2011-04-01,,
2011-04-02,,
2011-04-03,,
2011-04-04,,
2011-04-05,,
2011-04-06,,
2011-04-07,,
2011-04-08,,
2011-04-09,,
2011-04-10,,
2011-04-11,,
2011-04-12,,
2011-04-13,,
2011-04-14,,
2011-04-15,,
2011-04-16,,
2011-04-17,,
2011-04-18,,
2011-04-19,,
2011-04-20,,
2011-04-21,,
2011-04-22,,
2011-04-23,,
2011-04-24,,
2011-04-25,,
2011-04-26,,
2011-04-27,,
2011-04-28,,
2011-04-29,,
2011-04-30,,
2011-05-01,,
2011-05-02,,
2011-05-03,,
2011-05-04,,
2011-05-05,,
2011-05-06,,
2011-05-07,,
2011-05-08,,
2011-05-09,,
2011-05-10,,
2011-05-11,,
2011-05-12,,
2011-05-13,,
2011-05-14,,
2011-05-15,,
2011-05-16,,
2011-05-17,,
2011-05-18,,
2011-05-19,,
2011-05-20,,
2011-05-21,,
2011-05-22,,
2011-05-23,,
2011-05-24,,
2011-05-25,,
2011-05-26,,
2011-05-27,,
2011-05-28,,
2011-05-29,,
2011-05-30,,
2011-05-31,,
2011-06-01,,
2011-06-02,,
2011-06-03,,
2011-06-04,,
2011-06-05,,
2011-06-06,,
2011-06-07,,
2011-06-08,,
2011-06-09,,
2011-06-10,,
2011-06-11,,
2011-06-12,,
2011-06-13,,
2011-06-14,,
2011-06-15,,
2011-06-16,,
2011-06-17,,
2011-06-18,,
2011-06-19,,
2011-06-20,,
2011-06-21,,
2011-06-22,,
2011-06-23,,
2011-06-24,,
2011-06-25,,
2011-06-26,,
2011-06-27,,
2011-06-28,,
2011-06-29,,
2011-06-30,,
2011-07-01,,
2011-07-02,,
2011-07-03,,
2011-07-04,,
2011-07-05,,
2011-07-06,,
2011-07-07,,
2011-07-08,,
2011-07-09,,
2011-07-10,,
2011-07-11,,
2011-07-12,,
2011-07-13,,
2011-07-14,,
2011-07-15,,
2011-07-16,,
2011-07-17,,
2011-07-18,,
2011-07-19,,
2011-07-20,,
2011-07-21,,
2011-07-22,,
2011-07-23,,
2011-07-24,,
2011-07-25,,
2011-07-26,,
2011-07-27,,
2011-07-28,,
2011-07-29,,
2011-07-30,,
2011-07-31,,
2011-08-01,,
2011-08-02,,
2011-08-03,,
2011-08-04,,
2011-08-05,,
2011-08-06,,
2011-08-07,,
2011-08-08,,
2011-08-09,,
2011-08-10,,
2011-08-11,,
2011-08-12,,
2011-08-13,,
2011-08-14,,
2011-08-15,,
2011-08-16,,
2011-08-17,,
2011-08-18,,
2011-08-19,,
2011-08-20,,
2011-08-21,,
2011-08-22,,
2011-08-23,,
2011-08-24,,
2011-08-25,,
2011-08-26,,
2011-08-27,,
2011-08-28,,
2011-08-29,,
2011-08-30,,
2011-08-31,,
2011-09-01,,
2011-09-02,,
2011-09-03,,
2011-09-04,,
2011-09-05,,
2011-09-06,,
2011-09-07,,
2011-09-08,,
2011-09-09,,
2011-09-10,,
2011-09-11,,
2011-09-12,,
2011-09-13,,
2011-09-14,,
2011-09-15,,
2011-09-16,,
2011-09-17,,
2011-09-18,,
2011-09-19,,
2011-09-20,,
2011-09-21,,
2011-09-22,,
2011-09-23,,
2011-09-24,,
2011-09-25,,
2011-09-26,,
2011-09-27,,
2011-09-28,,
2011-09-29,,
2011-09-30,,
2011-10-01,,
2011-10-02,,
2011-10-03,,
2011-10-04,,
2011-10-05,,
2011-10-06,,
2011-10-07,,
2011-10-08,,
2011-10-09,,
2011-10-10,,
2011-10-11,,
2011-10-12,,
2011-10-13,,
2011-10-14,,
2011-10-15,,
2011-10-16,,
2011-10-17,,
2011-10-18,,
2011-10-19,,
2011-10-20,,
2011-10-21,,
2011-10-22,,
2011-10-23,,
2011-10-24,,
2011-10-25,,
2011-10-26,,
2011-10-27,,
2011-10-28,,
2011-10-29,,
2011-10-30,,
2011-10-31,,
2011-11-01,,
2011-11-02,,
2011-11-03,,
2011-11-04,,
2011-11-05,,
2011-11-06,,
2011-11-07,,
2011-11-08,,
2011-11-09,,
2011-11-10,,
2011-11-11,,
2011-11-12,,
2011-11-13,,
2011-11-14,,
2011-11-15,,
2011-11-16,,
2011-11-17,,
2011-11-18,,
2011-11-19,,
2011-11-20,,
2011-11-21,,
2011-11-22,,
2011-11-23,,
2011-11-24,,
2011-11-25,,
2011-11-26,,
2011-11-27,,
2011-11-28,,
2011-11-29,,
2011-11-30,,
2011-12-01,,
2011-12-02,,
2011-12-03,,
2011-12-04,,
2011-12-05,,
2011-12-06,,
2011-12-07,,
2011-12-08,,
2011-12-09,,
2011-12-10,,
2011-12-11,,
2011-12-12,,
2011-12-13,,
2011-12-14,,
2011-12-15,,
2011-12-16,,
2011-12-17,,
2011-12-18,,
2011-12-19,,
2011-12-20,,
2011-12-21,,
2011-12-22,,
2011-12-23,,
2011-12-24,,
2011-12-25,,
2011-12-26,,
2011-12-27,,
2011-12-28,,
2011-12-29,,
2011-12-30,,
2011-12-31,,
2012-01-01,,
2012-01-02,,
2012-01-03,,
2012-01-04,,
2012-01-05,,
2012-01-06,,
2012-01-07,,
2012-01-08,,
2012-01-09,,
2012-01-10,,
2012-01-11,,
2012-01-12,,
2012-01-13,,
2012-01-14,,
2012-01-15,,
2012-01-16,,
2012-01-17,,
2012-01-18,,
2012-01-19,,
2012-01-20,,
2012-01-21,,
2012-01-22,,
2012-01-23,,
2012-01-24,,
2012-01-25,,
2012-01-26,,
2012-01-27,,
2012-01-28,,
2012-01-29,,
2012-01-30,,
2012-01-31,,
2012-02-01,,
2012-02-02,,
2012-02-03,,
2012-02-04,,
2012-02-05,,
2012-02-06,,
2012-02-07,,
2012-02-08,,
2012-02-09,,
2012-02-10,,
2012-02-11,,
2012-02-12,,
2012-02-13,,
2012-02-14,,
2012-02-15,,
2012-02-16,,
2012-02-17,,
2012-02-18,,
2012-02-19,,
2012-02-20,,
2012-02-21,,
2012-02-22,,
2012-02-23,,
2012-02-24,,
2012-02-25,,
2012-02-26,,
2012-02-27,,
2012-02-28,,
2012-02-29,,
2012-03-01,,
2012-03-02,,
2012-03-03,,
2012-03-04,,
2012-03-05,,
2012-03-06,,
2012-03-07,,
2012-03-08,,
2012-03-09,,
2012-03-10,,
2012-03-11,,
2012-03-12,,
2012-03-13,,
2012-03-14,,
2012-03-15,,
2012-03-16,,
2012-03-17,,
2012-03-18,,
2012-03-19,,
2012-03-20,,
2012-03-21,,
2012-03-22,,
2012-03-23,,
2012-03-24,,
2012-03-25,,
2012-03-26,,
2012-03-27,,
2012-03-28,,
2012-03-29,,
2012-03-30,,
2012-03-31,,
2012-04-01,,
2012-04-02,,
2012-04-03,,
2012-04-04,,
2012-04-05,,
2012-04-06,,
2012-04-07,,
2012-04-08,,
2012-04-09,,
2012-04-10,,
2012-04-11,,
2012-04-12,,
2012-04-13,,
2012-04-14,,
2012-04-15,,
2012-04-16,,
2012-04-17,,
2012-04-18,,
2012-04-19,,
2012-04-20,,
2012-04-21,,
2012-04-22,,
2012-04-23,,
2012-04-24,,
2012-04-25,,
2012-04-26,,
2012-04-27,,
2012-04-28,,
2012-04-29,,
2012-04-30,,
2012-05-01,,
2012-05-02,,
2012-05-03,,
2012-05-04,,
2012-05-05,,
2012-05-06,,
2012-05-07,,
2012-05-08,,
2012-05-09,,
2012-05-10,,
2012-05-11,,
2012-05-12,,
2012-05-13,,
2012-05-14,,
2012-05-15,,
2012-05-16,,
2012-05-17,,
2012-05-18,,
2012-05-19,,
2012-05-20,,
2012-05-21,,
2012-05-22,,
2012-05-23,,
2012-05-24,,
2012-05-25,,
2012-05-26,,
2012-05-27,,
2012-05-28,,
2012-05-29,,
2012-05-30,,
2012-05-31,,
2012-06-01,,
2012-06-02,,
2012-06-03,,
2012-06-04,,
2012-06-05,,
2012-06-06,,
2012-06-07,,
2012-06-08,,
2012-06-09,,
2012-06-10,,
2012-06-11,,
2012-06-12,,
2012-06-13,,
2012-06-14,,
2012-06-15,,
2012-06-16,,
2012-06-17,,
2012-06-18,,
2012-06-19,,
2012-06-20,,
2012-06-21,,
2012-06-22,,
2012-06-23,,
2012-06-24,,
2012-06-25,,
2012-06-26,,
2012-06-27,,
2012-06-28,,
2012-06-29,,
2012-06-30,,
2012-07-01,,
2012-07-02,,
2012-07-03,,
2012-07-04,,
2012-07-05,,
2012-07-06,,
2012-07-07,,
2012-07-08,,
2012-07-09,,
2012-07-10,,
2012-07-11,,
2012-07-12,,
2012-07-13,,
2012-07-14,,
2012-07-15,,
2012-07-16,,
2012-07-17,,
2012-07-18,,
2012-07-19,,
2012-07-20,,
2012-07-21,,
2012-07-22,,
2012-07-23,,
2012-07-24,,
2012-07-25,,
2012-07-26,,
2012-07-27,,
2012-07-28,,
2012-07-29,,
2012-07-30,,
2012-07-31,,
2012-08-01,,
2012-08-02,,
2012-08-03,,
2012-08-04,,
2012-08-05,,
2012-08-06,,
2012-08-07,,
2012-08-08,,
2012-08-09,,
2012-08-10,,
2012-08-11,,
2012-08-12,,
2012-08-13,,
2012-08-14,,
2012-08-15,,
2012-08-16,,
2012-08-17,,
2012-08-18,,
2012-08-19,,
2012-08-20,,
2012-08-21,,
2012-08-22,,
2012-08-23,,
2012-08-24,,
2012-08-25,,
2012-08-26,,
2012-08-27,,
2012-08-28,,
2012-08-29,,
2012-08-30,,
2012-08-31,,
2012-09-01,,
2012-09-02,,
2012-09-03,,
2012-09-04,,
2012-09-05,,
2012-09-06,,
2012-09-07,,
2012-09-08,,
2012-09-09,,
2012-09-10,,
2012-09-11,,
2012-09-12,,
2012-09-13,,
2012-09-14,,
2012-09-15,,
2012-09-16,,
2012-09-17,,
2012-09-18,,
2012-09-19,,
2012-09-20,,
2012-09-21,,
2012-09-22,,
2012-09-23,,
2012-09-24,,
2012-09-25,,
2012-09-26,,
2012-09-27,,
2012-09-28,,
2012-09-29,,
2012-09-30,,
2012-10-01,,
2012-10-02,,
2012-10-03,,
2012-10-04,,
2012-10-05,,
2012-10-06,,
2012-10-07,,
2012-10-08,,
2012-10-09,,
2012-10-10,,
2012-10-11,,
2012-10-12,,
2012-10-13,,
2012-10-14,,
2012-10-15,,
2012-10-16,,
2012-10-17,,
2012-10-18,,
2012-10-19,,
2012-10-20,,
2012-10-21,,
2012-10-22,,
2012-10-23,,
2012-10-24,,
2012-10-25,,
2012-10-26,,
2012-10-27,,
2012-10-28,,
2012-10-29,,
2012-10-30,,
2012-10-31,,
2012-11-01,,
2012-11-02,,
2012-11-03,,
2012-11-04,,
2012-11-05,,
2012-11-06,,
2012-11-07,,
2012-11-08,,
2012-11-09,,
2012-11-10,,
2012-11-11,,
2012-11-12,,
2012-11-13,,
2012-11-14,,
2012-11-15,,
2012-11-16,,
2012-11-17,,
2012-11-18,,
2012-11-19,,
2012-11-20,,
2012-11-21,,
2012-11-22,,
2012-11-23,,
2012-11-24,,
2012-11-25,,
2012-11-26,,
2012-11-27,,
2012-11-28,,
2012-11-29,,
2012-11-30,,
2012-12-01,,
2012-12-02,,
2012-12-03,,
2012-12-04,,
2012-12-05,,
2012-12-06,,
2012-12-07,,
2012-12-08,,
2012-12-09,,
2012-12-10,,
2012-12-11,,
2012-12-12,,
2012-12-13,,
2012-12-14,,
2012-12-15,,
2012-12-16,,
2012-12-17,,
2012-12-18,,
2012-12-19,,
2012-12-20,,
2012-12-21,,
2012-12-22,,
2012-12-23,,
2012-12-24,,
2012-12-25,,
2012-12-26,,
2012-12-27,,
2012-12-28,,
2012-12-29,,
2012-12-30,,
2012-12-31,,
2013-01-01,,
2013-01-02,,
2013-01-03,,
2013-01-04,,
2013-01-05,,
2013-01-06,,
2013-01-07,,
2013-01-08,,
2013-01-09,,
2013-01-10,,
2013-01-11,,
2013-01-12,,
2013-01-13,,
2013-01-14,,
2013-01-15,,
2013-01-16,,
2013-01-17,,
2013-01-18,,
2013-01-19,,
2013-01-20,,
2013-01-21,,
2013-01-22,,
2013-01-23,,
2013-01-24,,
2013-01-25,,
2013-01-26,,
2013-01-27,,
2013-01-28,,
2013-01-29,,
2013-01-30,,
2013-01-31,,
2013-02-01,,
2013-02-02,,
2013-02-03,,
2013-02-04,,
2013-02-05,,
2013-02-06,,
2013-02-07,,
2013-02-08,,
2013-02-09,,
2013-02-10,,
2013-02-11,,
2013-02-12,,
2013-02-13,,
2013-02-14,,
2013-02-15,,
2013-02-16,,
2013-02-17,,
2013-02-18,,
2013-02-19,,
2013-02-20,,
2013-02-21,,
2013-02-22,,
2013-02-23,,
2013-02-24,,
2013-02-25,,
2013-02-26,,
2013-02-27,,
2013-02-28,,
2013-03-01,,
2013-03-02,,
2013-03-03,,
2013-03-04,,
2013-03-05,,
2013-03-06,,
2013-03-07,,
2013-03-08,,
2013-03-09,,
2013-03-10,,
2013-03-11,,
2013-03-12,,
2013-03-13,,
2013-03-14,,
2013-03-15,,
2013-03-16,,
2013-03-17,,
2013-03-18,,
2013-03-19,,
2013-03-20,,
2013-03-21,,
2013-03-22,,
2013-03-23,,
2013-03-24,,
2013-03-25,,
2013-03-26,,
2013-03-27,,
2013-03-28,,
2013-03-29,,
2013-03-30,,
2013-03-31,,
2013-04-01,,
2013-04-02,,
2013-04-03,,
2013-04-04,,
2013-04-05,,
2013-04-06,,
2013-04-07,,
2013-04-08,,
2013-04-09,,
2013-04-10,,
2013-04-11,,
2013-04-12,,
2013-04-13,,
2013-04-14,,
2013-04-15,,
2013-04-16,,
2013-04-17,,
2013-04-18,,
2013-04-19,,
2013-04-20,,
2013-04-21,,
2013-04-22,,
2013-04-23,,
2013-04-24,,
2013-04-25,,
2013-04-26,,
2013-04-27,,
2013-04-28,,
2013-04-29,,
2013-04-30,,
2013-05-01,,
2013-05-02,,
2013-05-03,,
2013-05-04,,
2013-05-05,,
2013-05-06,,
2013-05-07,,
2013-05-08,,
2013-05-09,,
2013-05-10,,
2013-05-11,,
2013-05-12,,
2013-05-13,,
2013-05-14,,
2013-05-15,,
2013-05-16,,
2013-05-17,,
2013-05-18,,
2013-05-19,,
2013-05-20,,
2013-05-21,,
2013-05-22,,
2013-05-23,,
2013-05-24,,
2013-05-25,,
2013-05-26,,
2013-05-27,,
2013-05-28,,
2013-05-29,,
2013-05-30,,
2013-05-31,,
2013-06-01,,
2013-06-02,,
2013-06-03,,
2013-06-04,,
2013-06-05,,
2013-06-06,,
2013-06-07,,
2013-06-08,,
2013-06-09,,
2013-06-10,,
2013-06-11,,
2013-06-12,,
2013-06-13,,
2013-06-14,,
2013-06-15,,
2013-06-16,,
2013-06-17,,
2013-06-18,,
2013-06-19,,
2013-06-20,,
2013-06-21,,
2013-06-22,,
2013-06-23,,
2013-06-24,,
2013-06-25,,
2013-06-26,,
2013-06-27,,
2013-06-28,,
2013-06-29,,
2013-06-30,,
2013-07-01,,
2013-07-02,,
2013-07-03,,
2013-07-04,,
2013-07-05,,
2013-07-06,,
2013-07-07,,
2013-07-08,,
2013-07-09,,
2013-07-10,,
2013-07-11,,
2013-07-12,,
2013-07-13,,
2013-07-14,,
2013-07-15,,
2013-07-16,,
2013-07-17,,
2013-07-18,,
2013-07-19,,
2013-07-20,,
2013-07-21,,
2013-07-22,,
2013-07-23,,
2013-07-24,,
2013-07-25,,
2013-07-26,,
2013-07-27,,
2013-07-28,,
2013-07-29,,
2013-07-30,,
2013-07-31,,
2013-08-01,,
2013-08-02,,
2013-08-03,,
2013-08-04,,
2013-08-05,,
2013-08-06,,
2013-08-07,,
2013-08-08,,
2013-08-09,,
2013-08-10,,
2013-08-11,,
2013-08-12,,
2013-08-13,,
2013-08-14,,
2013-08-15,,
2013-08-16,,
2013-08-17,,
2013-08-18,,
2013-08-19,,
2013-08-20,,
2013-08-21,,
2013-08-22,,
2013-08-23,,
2013-08-24,,
2013-08-25,,
2013-08-26,,
2013-08-27,,
2013-08-28,,
2013-08-29,,
2013-08-30,,
2013-08-31,,
2013-09-01,,
2013-09-02,,
2013-09-03,,
2013-09-04,,
2013-09-05,,
2013-09-06,,
2013-09-07,,
2013-09-08,,
2013-09-09,,
2013-09-10,,
2013-09-11,,
2013-09-12,,
2013-09-13,,
2013-09-14,,
2013-09-15,,
2013-09-16,,
2013-09-17,,
2013-09-18,,
2013-09-19,,
2013-09-20,,
2013-09-21,,
2013-09-22,,
2013-09-23,,
2013-09-24,,
2013-09-25,,
2013-09-26,,
2013-09-27,,
2013-09-28,,
2013-09-29,,
2013-09-30,,
2013-10-01,,
2013-10-02,,
2013-10-03,,
2013-10-04,,
2013-10-05,,
2013-10-06,,
2013-10-07,,
2013-10-08,,
2013-10-09,,
2013-10-10,,
2013-10-11,,
2013-10-12,,
2013-10-13,,
2013-10-14,,
2013-10-15,,
2013-10-16,,
2013-10-17,,
2013-10-18,,
2013-10-19,,
2013-10-20,,
2013-10-21,,
2013-10-22,,
2013-10-23,,
2013-10-24,,
2013-10-25,,
2013-10-26,,
2013-10-27,,
2013-10-28,,
2013-10-29,,
2013-10-30,,
2013-10-31,,
2013-11-01,,
2013-11-02,,
2013-11-03,,
2013-11-04,,
2013-11-05,,
2013-11-06,,
2013-11-07,,
2013-11-08,,
2013-11-09,,
2013-11-10,,
2013-11-11,,
2013-11-12,,
2013-11-13,,
2013-11-14,,
2013-11-15,,
2013-11-16,,
2013-11-17,,
2013-11-18,,
2013-11-19,,
2013-11-20,,
2013-11-21,,
2013-11-22,,
2013-11-23,,
2013-11-24,,
2013-11-25,,
2013-11-26,,
2013-11-27,,
2013-11-28,,
2013-11-29,,
2013-11-30,,
2013-12-01,,
2013-12-02,,
2013-12-03,,
2013-12-04,,
2013-12-05,,
2013-12-06,,
2013-12-07,,
2013-12-08,,
2013-12-09,,
2013-12-10,,
2013-12-11,,
2013-12-12,,
2013-12-13,,
2013-12-14,,
2013-12-15,,
2013-12-16,,
2013-12-17,,
2013-12-18,,
2013-12-19,,
2013-12-20,,
2013-12-21,,
2013-12-22,,
2013-12-23,,
2013-12-24,,
2013-12-25,,
2013-12-26,,
2013-12-27,,
2013-12-28,,
2013-12-29,,
2013-12-30,,
2013-12-31,,
2014-01-01,,
2014-01-02,,
2014-01-03,,
2014-01-04,,
2014-01-05,,
2014-01-06,,
2014-01-07,,
2014-01-08,,
2014-01-09,,
2014-01-10,,
2014-01-11,,
2014-01-12,,
2014-01-13,,
2014-01-14,,
2014-01-15,,
2014-01-16,,
2014-01-17,,
2014-01-18,,
2014-01-19,,
2014-01-20,,
2014-01-21,,
2014-01-22,,
2014-01-23,,
2014-01-24,,
2014-01-25,,
2014-01-26,,
2014-01-27,,
2014-01-28,,
2014-01-29,,
2014-01-30,,
2014-01-31,,
2014-02-01,,
2014-02-02,,
2014-02-03,,
2014-02-04,,
2014-02-05,,
2014-02-06,,
2014-02-07,,
2014-02-08,,
2014-02-09,,
2014-02-10,,
2014-02-11,,
2014-02-12,,
2014-02-13,,
2014-02-14,,
2014-02-15,,
2014-02-16,,
2014-02-17,,
2014-02-18,,
2014-02-19,,
2014-02-20,,
2014-02-21,,
2014-02-22,,
2014-02-23,,
2014-02-24,,
2014-02-25,,
2014-02-26,,
2014-02-27,,
2014-02-28,,
2014-03-01,,
2014-03-02,,
2014-03-03,,
2014-03-04,,
2014-03-05,,
2014-03-06,,
2014-03-07,,
2014-03-08,,
2014-03-09,,
2014-03-10,,
2014-03-11,,
2014-03-12,,
2014-03-13,,
2014-03-14,,
2014-03-15,,
2014-03-16,,
2014-03-17,,
2014-03-18,,
2014-03-19,,
2014-03-20,,
2014-03-21,,
2014-03-22,,
2014-03-23,,
2014-03-24,,
2014-03-25,,
2014-03-26,,
2014-03-27,,
2014-03-28,,
2014-03-29,,
2014-03-30,,
2014-03-31,,
2014-04-01,,
2014-04-02,,
2014-04-03,,
2014-04-04,,
2014-04-05,,
2014-04-06,,
2014-04-07,,
2014-04-08,,
2014-04-09,,
2014-04-10,,
2014-04-11,,
2014-04-12,,
2014-04-13,,
2014-04-14,,
2014-04-15,,
2014-04-16,,
2014-04-17,,
2014-04-18,,
2014-04-19,,
2014-04-20,,
2014-04-21,,
2014-04-22,,
2014-04-23,,
2014-04-24,,
2014-04-25,,
2014-04-26,,
2014-04-27,,
2014-04-28,,
2014-04-29,,
2014-04-30,,
2014-05-01,,
2014-05-02,,
2014-05-03,,
2014-05-04,,
2014-05-05,,
2014-05-06,,
2014-05-07,,
2014-05-08,,
2014-05-09,,
2014-05-10,,
2014-05-11,,
2014-05-12,,
2014-05-13,,
2014-05-14,,
2014-05-15,,
2014-05-16,,
2014-05-17,,
2014-05-18,,
2014-05-19,,
2014-05-20,,
2014-05-21,,
2014-05-22,,
2014-05-23,,
2014-05-24,,
2014-05-25,,
2014-05-26,,
2014-05-27,,
2014-05-28,,
2014-05-29,,
2014-05-30,,
2014-05-31,,
2014-06-01,,
2014-06-02,,
2014-06-03,,
2014-06-04,,
2014-06-05,,
2014-06-06,,
2014-06-07,,
2014-06-08,,
2014-06-09,,
2014-06-10,,
2014-06-11,,
2014-06-12,,
2014-06-13,,
2014-06-14,,
2014-06-15,,
2014-06-16,,
2014-06-17,,
2014-06-18,,
2014-06-19,,
2014-06-20,,
2014-06-21,,
2014-06-22,,
2014-06-23,,
2014-06-24,,
2014-06-25,,
2014-06-26,,
2014-06-27,,
2014-06-28,,
2014-06-29,,
2014-06-30,,
2014-07-01,,
2014-07-02,,
2014-07-03,,
2014-07-04,,
2014-07-05,,
2014-07-06,,
2014-07-07,,
2014-07-08,,
2014-07-09,,
2014-07-10,,
2014-07-11,,
2014-07-12,,
2014-07-13,,
2014-07-14,,
2014-07-15,,
2014-07-16,,
2014-07-17,,
2014-07-18,,
2014-07-19,,
2014-07-20,,
2014-07-21,,
2014-07-22,,
2014-07-23,,
2014-07-24,,
2014-07-25,,
2014-07-26,,
2014-07-27,,
2014-07-28,,
2014-07-29,,
2014-07-30,,
2014-07-31,,
2014-08-01,,
2014-08-02,,
2014-08-03,,
2014-08-04,,
2014-08-05,,
2014-08-06,,
2014-08-07,,
2014-08-08,,
2014-08-09,,
2014-08-10,,
2014-08-11,,
2014-08-12,,
2014-08-13,,
2014-08-14,,
2014-08-15,,
2014-08-16,,
2014-08-17,,
2014-08-18,,
2014-08-19,,
2014-08-20,,
2014-08-21,,
2014-08-22,,
2014-08-23,,
2014-08-24,,
2014-08-25,,
2014-08-26,,
2014-08-27,,
2014-08-28,,
2014-08-29,,
2014-08-30,,
2014-08-31,,
2014-09-01,,
2014-09-02,,
2014-09-03,,
2014-09-04,,
2014-09-05,,
2014-09-06,,
2014-09-07,,
2014-09-08,,
2014-09-09,,
2014-09-10,,
2014-09-11,,
2014-09-12,,
2014-09-13,,
2014-09-14,,
2014-09-15,,
2014-09-16,,
2014-09-17,,
2014-09-18,,
2014-09-19,,
2014-09-20,,
2014-09-21,,
2014-09-22,,
2014-09-23,,
2014-09-24,,
2014-09-25,,
2014-09-26,,
2014-09-27,,
2014-09-28,,
2014-09-29,,
2014-09-30,,
2014-10-01,,
2014-10-02,,
2014-10-03,,
2014-10-04,,
2014-10-05,,
2014-10-06,,
2014-10-07,,
2014-10-08,,
2014-10-09,,
2014-10-10,,
2014-10-11,,
2014-10-12,,
2014-10-13,,
2014-10-14,,
2014-10-15,,
2014-10-16,,
2014-10-17,,
2014-10-18,,
2014-10-19,,
2014-10-20,,
2014-10-21,,
2014-10-22,,
2014-10-23,,
2014-10-24,,
2014-10-25,,
2014-10-26,,
2014-10-27,,
2014-10-28,,
2014-10-29,,
2014-10-30,,
2014-10-31,,
2014-11-01,,
2014-11-02,,
2014-11-03,,
2014-11-04,,
2014-11-05,,
2014-11-06,,
2014-11-07,,
2014-11-08,,
2014-11-09,,
2014-11-10,,
2014-11-11,,
2014-11-12,,
2014-11-13,,
2014-11-14,,
2014-11-15,,
2014-11-16,,
2014-11-17,,
2014-11-18,,
2014-11-19,,
2014-11-20,,
2014-11-21,,
2014-11-22,,
2014-11-23,,
2014-11-24,,
2014-11-25,,
2014-11-26,,
2014-11-27,,
2014-11-28,,
2014-11-29,,
2014-11-30,,
2014-12-01,,
2014-12-02,,
2014-12-03,,
2014-12-04,,
2014-12-05,,
2014-12-06,,
2014-12-07,,
2014-12-08,,
2014-12-09,,
2014-12-10,,
2014-12-11,,
2014-12-12,,
2014-12-13,,
2014-12-14,,
2014-12-15,,
2014-12-16,,
2014-12-17,,
2014-12-18,,
2014-12-19,,
2014-12-20,,
2014-12-21,,
2014-12-22,,
2014-12-23,,
2014-12-24,,
2014-12-25,,
2014-12-26,,
2014-12-27,,
2014-12-28,,
2014-12-29,,
2014-12-30,,
2014-12-31,,
2015-01-01,,
2015-01-02,,
2015-01-03,,
2015-01-04,,
2015-01-05,,
2015-01-06,,
2015-01-07,,
2015-01-08,,
2015-01-09,,
2015-01-10,,
2015-01-11,,
2015-01-12,,
2015-01-13,,
2015-01-14,,
2015-01-15,,
2015-01-16,,
2015-01-17,,
2015-01-18,,
2015-01-19,,
2015-01-20,,
2015-01-21,,
2015-01-22,,
2015-01-23,,
2015-01-24,,
2015-01-25,,
2015-01-26,,
2015-01-27,,
2015-01-28,,
2015-01-29,,
2015-01-30,,
2015-01-31,,
2015-02-01,,
2015-02-02,,
2015-02-03,,
2015-02-04,,
2015-02-05,,
2015-02-06,,
2015-02-07,,
2015-02-08,,
2015-02-09,,
2015-02-10,,
2015-02-11,,
2015-02-12,,
2015-02-13,,
2015-02-14,,
2015-02-15,,
2015-02-16,,
2015-02-17,,
2015-02-18,,
2015-02-19,,
2015-02-20,,
2015-02-21,,
2015-02-22,,
2015-02-23,,
2015-02-24,,
2015-02-25,,
2015-02-26,,
2015-02-27,,
2015-02-28,,
2015-03-01,,
2015-03-02,,
2015-03-03,,
2015-03-04,,
2015-03-05,,
2015-03-06,,
2015-03-07,,
2015-03-08,,
2015-03-09,,
2015-03-10,,
2015-03-11,,
2015-03-12,,
2015-03-13,,
2015-03-14,,
2015-03-15,,
2015-03-16,,
2015-03-17,,
2015-03-18,,
2015-03-19,,
2015-03-20,,
2015-03-21,,
2015-03-22,,
2015-03-23,,
2015-03-24,,
2015-03-25,,
2015-03-26,,
2015-03-27,,
2015-03-28,,
2015-03-29,,
2015-03-30,,
2015-03-31,,
2015-04-01,,
2015-04-02,,
2015-04-03,,
2015-04-04,,
2015-04-05,,
2015-04-06,,
2015-04-07,,
2015-04-08,,
2015-04-09,,
2015-04-10,,
2015-04-11,,
2015-04-12,,
2015-04-13,,
2015-04-14,,
2015-04-15,,
2015-04-16,,
2015-04-17,,
2015-04-18,,
2015-04-19,,
2015-04-20,,
2015-04-21,,
2015-04-22,,
2015-04-23,,
2015-04-24,,
2015-04-25,,
2015-04-26,,
2015-04-27,,
2015-04-28,,
2015-04-29,,
2015-04-30,,
2015-05-01,,
2015-05-02,,
2015-05-03,,
2015-05-04,,
2015-05-05,,
2015-05-06,,
2015-05-07,,
2015-05-08,,
2015-05-09,,
2015-05-10,,
2015-05-11,,
2015-05-12,,
2015-05-13,,
2015-05-14,,
2015-05-15,,
2015-05-16,,
2015-05-17,,
2015-05-18,,
2015-05-19,,
2015-05-20,,
2015-05-21,,
2015-05-22,,
2015-05-23,,
2015-05-24,,
2015-05-25,,
2015-05-26,,
2015-05-27,,
2015-05-28,,
2015-05-29,,
2015-05-30,,
2015-05-31,,
2015-06-01,,
2015-06-02,,
2015-06-03,,
2015-06-04,,
2015-06-05,,
2015-06-06,,
2015-06-07,,
2015-06-08,,
2015-06-09,,
2015-06-10,,
2015-06-11,,
2015-06-12,,
2015-06-13,,
2015-06-14,,
2015-06-15,,
2015-06-16,,
2015-06-17,,
2015-06-18,,
2015-06-19,,
2015-06-20,,
2015-06-21,,
2015-06-22,,
2015-06-23,,
2015-06-24,,
2015-06-25,,
2015-06-26,,
2015-06-27,,
2015-06-28,,
2015-06-29,,
2015-06-30,,
2015-07-01,,
2015-07-02,,
2015-07-03,,
2015-07-04,,
2015-07-05,,
2015-07-06,,
2015-07-07,,
2015-07-08,,
2015-07-09,,
2015-07-10,,
2015-07-11,,
2015-07-12,,
2015-07-13,,
2015-07-14,,
2015-07-15,,
2015-07-16,,
2015-07-17,,
2015-07-18,,
2015-07-19,,
2015-07-20,,
2015-07-21,,
2015-07-22,,
2015-07-23,,
2015-07-24,,
2015-07-25,,
2015-07-26,,
2015-07-27,,
2015-07-28,,
2015-07-29,,
2015-07-30,,
2015-07-31,,
2015-08-01,,
2015-08-02,,
2015-08-03,,
2015-08-04,,
2015-08-05,,
2015-08-06,,
2015-08-07,,
2015-08-08,,
2015-08-09,,
2015-08-10,,
2015-08-11,,
2015-08-12,,
2015-08-13,,
2015-08-14,,
2015-08-15,,
2015-08-16,,
2015-08-17,,
2015-08-18,,
2015-08-19,,
2015-08-20,,
2015-08-21,,
2015-08-22,,
2015-08-23,,
2015-08-24,,
2015-08-25,,
2015-08-26,,
2015-08-27,,
2015-08-28,,
2015-08-29,,
2015-08-30,,
2015-08-31,,
2015-09-01,,
2015-09-02,,
2015-09-03,,
2015-09-04,,
2015-09-05,,
2015-09-06,,
2015-09-07,,
2015-09-08,,
2015-09-09,,
2015-09-10,,
2015-09-11,,
2015-09-12,,
2015-09-13,,
2015-09-14,,
2015-09-15,,
2015-09-16,,
2015-09-17,,
2015-09-18,,
2015-09-19,,
2015-09-20,,
2015-09-21,,
2015-09-22,,
2015-09-23,,
2015-09-24,,
2015-09-25,,
2015-09-26,,
2015-09-27,,
2015-09-28,,
2015-09-29,,
2015-09-30,,
2015-10-01,,
2015-10-02,,
2015-10-03,,
2015-10-04,,
2015-10-05,,
2015-10-06,,
2015-10-07,,
2015-10-08,,
2015-10-09,,
2015-10-10,,
2015-10-11,,
2015-10-12,,
2015-10-13,,
2015-10-14,,
2015-10-15,,
2015-10-16,,
2015-10-17,,
2015-10-18,,
2015-10-19,,
2015-10-20,,
2015-10-21,,
2015-10-22,,
2015-10-23,,
2015-10-24,,
2015-10-25,,
2015-10-26,,
2015-10-27,,
2015-10-28,,
2015-10-29,,
2015-10-30,,
2015-10-31,,
2015-11-01,,
2015-11-02,,
2015-11-03,,
2015-11-04,,
2015-11-05,,
2015-11-06,,
2015-11-07,,
2015-11-08,,
2015-11-09,,
2015-11-10,,
2015-11-11,,
2015-11-12,,
2015-11-13,,
2015-11-14,,
2015-11-15,,
2015-11-16,,
2015-11-17,,
2015-11-18,,
2015-11-19,,
2015-11-20,,
2015-11-21,,
2015-11-22,,
2015-11-23,,
2015-11-24,,
2015-11-25,,
2015-11-26,,
2015-11-27,,
2015-11-28,,
2015-11-29,,
2015-11-30,,
2015-12-01,,
2015-12-02,,
2015-12-03,,
2015-12-04,,
2015-12-05,,
2015-12-06,,
2015-12-07,,
2015-12-08,,
2015-12-09,,
2015-12-10,,
2015-12-11,,
2015-12-12,,
2015-12-13,,
2015-12-14,,
2015-12-15,,
2015-12-16,,
2015-12-17,,
2015-12-18,,
2015-12-19,,
2015-12-20,,
2015-12-21,,
2015-12-22,,
2015-12-23,,
2015-12-24,,
2015-12-25,,
2015-12-26,,
2015-12-27,,
2015-12-28,,
2015-12-29,,
2015-12-30,,
2015-12-31,,
2016-01-01,,
2016-01-02,,
2016-01-03,,
2016-01-04,,
2016-01-05,,
2016-01-06,,
2016-01-07,,
2016-01-08,,
2016-01-09,,
2016-01-10,,
2016-01-11,,
2016-01-12,,
2016-01-13,,
2016-01-14,,
2016-01-15,,
2016-01-16,,
2016-01-17,,
2016-01-18,,
2016-01-19,,
2016-01-20,,
2016-01-21,,
2016-01-22,,
2016-01-23,,
2016-01-24,,
2016-01-25,,
2016-01-26,,
2016-01-27,,
2016-01-28,,
2016-01-29,,
2016-01-30,,
2016-01-31,,
2016-02-01,,
2016-02-02,,
2016-02-03,,
2016-02-04,,
2016-02-05,,
2016-02-06,,
2016-02-07,,
2016-02-08,,
2016-02-09,,
2016-02-10,,
2016-02-11,,
2016-02-12,,
2016-02-13,,
2016-02-14,,
2016-02-15,,
2016-02-16,,
2016-02-17,,
2016-02-18,,
2016-02-19,,
2016-02-20,,
2016-02-21,,
2016-02-22,,
2016-02-23,,
2016-02-24,,
2016-02-25,,
2016-02-26,,
2016-02-27,,
2016-02-28,,
2016-02-29,,
2016-03-01,,
2016-03-02,,
2016-03-03,,
2016-03-04,,
2016-03-05,,
2016-03-06,,
2016-03-07,,
2016-03-08,,
2016-03-09,,
2016-03-10,,
2016-03-11,,
2016-03-12,,
2016-03-13,,
2016-03-14,,
2016-03-15,,
2016-03-16,,
2016-03-17,,
2016-03-18,,
2016-03-19,,
2016-03-20,,
2016-03-21,,
2016-03-22,,
2016-03-23,,
2016-03-24,,
2016-03-25,,
2016-03-26,,
2016-03-27,,
2016-03-28,,
2016-03-29,,
2016-03-30,,
2016-03-31,,
2016-04-01,,
2016-04-02,,
2016-04-03,,
2016-04-04,,
2016-04-05,,
2016-04-06,,
2016-04-07,,
2016-04-08,,
2016-04-09,,
2016-04-10,,
2016-04-11,,
2016-04-12,,
2016-04-13,,
2016-04-14,,
2016-04-15,,
2016-04-16,,
2016-04-17,,
2016-04-18,,
2016-04-19,,
2016-04-20,,
2016-04-21,,
2016-04-22,,
2016-04-23,,
2016-04-24,,
2016-04-25,,
2016-04-26,,
2016-04-27,,
2016-04-28,,
2016-04-29,,
2016-04-30,,
2016-05-01,,
2016-05-02,,
2016-05-03,,
2016-05-04,,
2016-05-05,,
2016-05-06,,
2016-05-07,,
2016-05-08,,
2016-05-09,,
2016-05-10,,
2016-05-11,,
2016-05-12,,
2016-05-13,,
2016-05-14,,
2016-05-15,,
2016-05-16,,
2016-05-17,,
2016-05-18,,
2016-05-19,,
2016-05-20,,
2016-05-21,,
2016-05-22,,
2016-05-23,,
2016-05-24,,
2016-05-25,,
2016-05-26,,
2016-05-27,,
2016-05-28,,
2016-05-29,,
2016-05-30,,
2016-05-31,,
2016-06-01,,
2016-06-02,,
2016-06-03,,
2016-06-04,,
2016-06-05,,
2016-06-06,,
2016-06-07,,
2016-06-08,,
2016-06-09,,
2016-06-10,,
2016-06-11,,
2016-06-12,,
2016-06-13,,
2016-06-14,,
2016-06-15,,
2016-06-16,,
2016-06-17,,
2016-06-18,,
2016-06-19,,
2016-06-20,,
2016-06-21,,
2016-06-22,,
2016-06-23,,
2016-06-24,,
2016-06-25,,
2016-06-26,,
2016-06-27,,
2016-06-28,,
2016-06-29,,
2016-06-30,,
2016-07-01,,
2016-07-02,,
2016-07-03,,
2016-07-04,,
2016-07-05,,
2016-07-06,,
2016-07-07,,
2016-07-08,,
2016-07-09,,
2016-07-10,,
2016-07-11,,
2016-07-12,,
2016-07-13,,
2016-07-14,,
2016-07-15,,
2016-07-16,,
2016-07-17,,
2016-07-18,,
2016-07-19,,
2016-07-20,,
2016-07-21,,
2016-07-22,,
2016-07-23,,
2016-07-24,,
2016-07-25,,
2016-07-26,,
2016-07-27,,
2016-07-28,,
2016-07-29,,
2016-07-30,,
2016-07-31,,
2016-08-01,,
2016-08-02,,
2016-08-03,,
2016-08-04,,
2016-08-05,,
2016-08-06,,
2016-08-07,,
2016-08-08,,
2016-08-09,,
2016-08-10,,
2016-08-11,,
2016-08-12,,
2016-08-13,,
2016-08-14,,
2016-08-15,,
2016-08-16,,
2016-08-17,,
2016-08-18,,
2016-08-19,,
2016-08-20,,
2016-08-21,,
2016-08-22,,
2016-08-23,,
2016-08-24,,
2016-08-25,,
2016-08-26,,
2016-08-27,,
2016-08-28,,
2016-08-29,,
2016-08-30,,
2016-08-31,,
2016-09-01,,
2016-09-02,,
2016-09-03,,
2016-09-04,,
2016-09-05,,
2016-09-06,,
2016-09-07,,
2016-09-08,,
2016-09-09,,
2016-09-10,,
2016-09-11,,
2016-09-12,,
2016-09-13,,
2016-09-14,,
2016-09-15,,
2016-09-16,,
2016-09-17,,
2016-09-18,,
2016-09-19,,
2016-09-20,,
2016-09-21,,
2016-09-22,,
2016-09-23,,
2016-09-24,,
2016-09-25,,
2016-09-26,,
2016-09-27,,
2016-09-28,,
2016-09-29,,
2016-09-30,,
2016-10-01,,
2016-10-02,,
2016-10-03,,
2016-10-04,,
2016-10-05,,
2016-10-06,,
2016-10-07,,
2016-10-08,,
2016-10-09,,
2016-10-10,,
2016-10-11,,
2016-10-12,,
2016-10-13,,
2016-10-14,,
2016-10-15,,
2016-10-16,,
2016-10-17,,
2016-10-18,,
2016-10-19,,
2016-10-20,,
2016-10-21,,
2016-10-22,,
2016-10-23,,
2016-10-24,,
2016-10-25,,
2016-10-26,,
2016-10-27,,
2016-10-28,,
2016-10-29,,
2016-10-30,,
2016-10-31,,
2016-11-01,,
2016-11-02,,
2016-11-03,,
2016-11-04,,
2016-11-05,,
2016-11-06,,
2016-11-07,,
2016-11-08,,
2016-11-09,,
2016-11-10,,
2016-11-11,,
2016-11-12,,
2016-11-13,,
2016-11-14,,
2016-11-15,,
2016-11-16,,
2016-11-17,,
2016-11-18,,
2016-11-19,,
2016-11-20,,
2016-11-21,,
2016-11-22,,
2016-11-23,,
2016-11-24,,
2016-11-25,,
2016-11-26,,
2016-11-27,,
2016-11-28,,
2016-11-29,,
2016-11-30,,
2016-12-01,,
2016-12-02,,
2016-12-03,,
2016-12-04,,
2016-12-05,,
2016-12-06,,
2016-12-07,,
2016-12-08,,
2016-12-09,,
2016-12-10,,
2016-12-11,,
2016-12-12,,
2016-12-13,,
2016-12-14,,
2016-12-15,,
2016-12-16,,
2016-12-17,,
2016-12-18,,
2016-12-19,,
2016-12-20,,
2016-12-21,,
2016-12-22,,
2016-12-23,,
2016-12-24,,
2016-12-25,,
2016-12-26,,
2016-12-27,,
2016-12-28,,
2016-12-29,,
2016-12-30,,
2016-12-31,,
2017-01-01,,
2017-01-02,,
2017-01-03,,
2017-01-04,,
2017-01-05,,
2017-01-06,,
2017-01-07,,
2017-01-08,,
2017-01-09,,
2017-01-10,,
2017-01-11,,
2017-01-12,,
2017-01-13,,
2017-01-14,,
2017-01-15,,
2017-01-16,,
2017-01-17,,
2017-01-18,,
2017-01-19,,
2017-01-20,,
2017-01-21,,
2017-01-22,,
2017-01-23,,
2017-01-24,,
2017-01-25,,
2017-01-26,,
2017-01-27,,
2017-01-28,,
2017-01-29,,
2017-01-30,,
2017-01-31,,
2017-02-01,,
2017-02-02,,
2017-02-03,,
2017-02-04,,
2017-02-05,,
2017-02-06,,
2017-02-07,,
2017-02-08,,
2017-02-09,,
2017-02-10,,
2017-02-11,,
2017-02-12,,
2017-02-13,,
2017-02-14,,
2017-02-15,,
2017-02-16,,
2017-02-17,,
2017-02-18,,
2017-02-19,,
2017-02-20,,
2017-02-21,,
2017-02-22,,
2017-02-23,,
2017-02-24,,
2017-02-25,,
2017-02-26,,
2017-02-27,,
2017-02-28,,
2017-03-01,,
2017-03-02,,
2017-03-03,,
2017-03-04,,
2017-03-05,,
2017-03-06,,
2017-03-07,,
2017-03-08,,
2017-03-09,,
2017-03-10,,
2017-03-11,,
2017-03-12,,
2017-03-13,,
2017-03-14,,
2017-03-15,,
2017-03-16,,
2017-03-17,,
2017-03-18,,
2017-03-19,,
2017-03-20,,
2017-03-21,,
2017-03-22,,
2017-03-23,,
2017-03-24,,
2017-03-25,,
2017-03-26,,
2017-03-27,,
2017-03-28,,
2017-03-29,,
2017-03-30,,
2017-03-31,,
2017-04-01,,
2017-04-02,,
2017-04-03,,
2017-04-04,,
2017-04-05,,
2017-04-06,,
2017-04-07,,
2017-04-08,,
2017-04-09,,
2017-04-10,,
2017-04-11,,
2017-04-12,,
2017-04-13,,
2017-04-14,,
2017-04-15,,
2017-04-16,,
2017-04-17,,
2017-04-18,,
2017-04-19,,
2017-04-20,,
2017-04-21,,
2017-04-22,,
2017-04-23,,
2017-04-24,,
2017-04-25,,
2017-04-26,,
2017-04-27,,
2017-04-28,,
2017-04-29,,
2017-04-30,,
2017-05-01,,
2017-05-02,,
2017-05-03,,
2017-05-04,,
2017-05-05,,
2017-05-06,,
2017-05-07,,
2017-05-08,,
2017-05-09,,
2017-05-10,,
2017-05-11,,
2017-05-12,,
2017-05-13,,
2017-05-14,,
2017-05-15,,
2017-05-16,,
2017-05-17,,
2017-05-18,,
2017-05-19,,
2017-05-20,,
2017-05-21,,
2017-05-22,,
2017-05-23,,
2017-05-24,,
2017-05-25,,
2017-05-26,,
2017-05-27,,
2017-05-28,,
2017-05-29,,
2017-05-30,,
2017-05-31,,
2017-06-01,,
2017-06-02,,
2017-06-03,,
2017-06-04,,
2017-06-05,,
2017-06-06,,
2017-06-07,,
2017-06-08,,
2017-06-09,,
2017-06-10,,
2017-06-11,,
2017-06-12,,
2017-06-13,,
2017-06-14,,
2017-06-15,,
2017-06-16,,
2017-06-17,,
2017-06-18,,
2017-06-19,,
2017-06-20,,
2017-06-21,,
2017-06-22,,
2017-06-23,,
2017-06-24,,
2017-06-25,,
2017-06-26,,
2017-06-27,,
2017-06-28,,
2017-06-29,,
2017-06-30,,
2017-07-01,,
2017-07-02,,
2017-07-03,,
2017-07-04,,
2017-07-05,,
2017-07-06,,
2017-07-07,,
2017-07-08,,
2017-07-09,,
2017-07-10,,
2017-07-11,,
2017-07-12,,
2017-07-13,,
2017-07-14,,
2017-07-15,,
2017-07-16,,
2017-07-17,,
2017-07-18,,
2017-07-19,,
2017-07-20,,
2017-07-21,,
2017-07-22,,
2017-07-23,,
2017-07-24,,
2017-07-25,,
2017-07-26,,
2017-07-27,,
2017-07-28,,
2017-07-29,,
2017-07-30,,
2017-07-31,,
2017-08-01,,
2017-08-02,,
2017-08-03,,
2017-08-04,,
2017-08-05,,
2017-08-06,,
2017-08-07,,
2017-08-08,,
2017-08-09,,
2017-08-10,,
2017-08-11,,
2017-08-12,,
2017-08-13,,
2017-08-14,,
2017-08-15,,
2017-08-16,,
2017-08-17,,
2017-08-18,,
2017-08-19,,
2017-08-20,,
2017-08-21,,
2017-08-22,,
2017-08-23,,
2017-08-24,,
2017-08-25,,
2017-08-26,,
2017-08-27,,
2017-08-28,,
2017-08-29,,
2017-08-30,,
2017-08-31,,
2017-09-01,,
2017-09-02,,
2017-09-03,,
2017-09-04,,
2017-09-05,,
2017-09-06,,
2017-09-07,,
2017-09-08,,
2017-09-09,,
2017-09-10,,
2017-09-11,,
2017-09-12,,
2017-09-13,,
2017-09-14,,
2017-09-15,,
2017-09-16,,
2017-09-17,,
2017-09-18,,
2017-09-19,,
2017-09-20,,
2017-09-21,,
2017-09-22,,
2017-09-23,,
2017-09-24,,
2017-09-25,,
2017-09-26,,
2017-09-27,,
2017-09-28,,
2017-09-29,,
2017-09-30,,
2017-10-01,,
2017-10-02,,
2017-10-03,,
2017-10-04,,
2017-10-05,,
2017-10-06,,0.0
2017-10-07,,0.0
2017-10-08,,0.0
2017-10-09,,0.0
2017-10-10,,0.0
2017-10-11,,0.0
2017-10-12,,0.0
2017-10-13,,0.569265736153735
2017-10-14,,0.95995657571844
2017-10-15,,2.98888493765654
2017-10-16,,6.21999321443693
2017-10-17,,8.78825976753566
2017-10-18,,8.61560489688638
2017-10-19,,7.6889304627458
2017-10-20,,7.77102790192598
2017-10-21,,7.50154555694167
2017-10-22,,7.49449714343599
2017-10-23,,7.00554459751971
2017-10-24,,8.18238769004265
2017-10-25,,7.20135968642254
2017-10-26,,8.55451136960616
2017-10-27,,19.2098600825593
2017-10-28,,17.9602467293248
2017-10-29,,16.7546127732688
2017-10-30,,19.9536526780108
2017-10-31,,22.8569414303216
2017-11-01,,21.4763933803654
2017-11-02,,21.2142392995414
2017-11-03,,21.6104035093904
2017-11-04,,21.4227670735961
2017-11-05,,21.5348627796272
2017-11-06,,22.078212277861
2017-11-07,,21.9146792907072
2017-11-08,,21.9708591622588
2017-11-09,,22.0937458810662
2017-11-10,,22.2061894475863
2017-11-11,,22.473811681157
2017-11-12,,22.4564914457295
2017-11-13,,22.303313742895
2017-11-14,,22.5479149544781
2017-11-15,,22.6631687244783
2017-11-16,,22.4206729661195
2017-11-17,,23.305607765744
2017-11-18,,24.3207687934492
2017-11-19,,24.915559548507
2017-11-20,,25.0986313116381
2017-11-21,,25.0709332508573
2017-11-22,,25.9078276189457
2017-11-23,,32.0555326875281
2017-11-24,,31.9401154618164
2017-11-25,,32.2528703009583
2017-11-26,,31.4800976459755
2017-11-27,,31.8193151523458
2017-11-28,,31.6669424376109
2017-11-29,,33.6165126201973
2017-11-30,,34.2371093376809
2017-12-01,,34.5165021225865
2017-12-02,,35.1215514287815
2017-12-03,,34.7403180957597
2017-12-04,,38.1829844836077
2017-12-05,,38.0921755562336
2017-12-06,,39.8017897684738
2017-12-07,,38.6395810258998
2017-12-08,,37.7381605294733
2017-12-09,,37.1834380824723
2017-12-10,,38.4462842710746
2017-12-11,,40.7290723206247
2017-12-12,,41.6000412152399
2017-12-13,,42.7474687319231
2017-12-14,,48.7991928716625
2017-12-15,,48.8152146550286
2017-12-16,,49.0007131141413
2017-12-17,,52.1352293191089
2017-12-18,,51.8081685227245
2017-12-19,,50.9683190783642
2017-12-20,,51.2187678125934
2017-12-21,,50.3693181152811
2017-12-22,,49.7408675056446
2017-12-23,,49.3233079166204
2017-12-24,,49.0781891387303
2017-12-25,,49.4580394466452
2017-12-26,,49.522550476453
2017-12-27,,49.4614242357052
2017-12-28,,49.2257385473437
2017-12-29,,49.8667008123609
2017-12-30,,49.2460938946771
2017-12-31,,49.9829118072279
2018-01-01,,48.150315810746
2018-01-02,,53.644490822903
2018-01-03,,54.5095990766679
2018-01-04,,54.8768906952346
2018-01-05,,61.5315008648963
2018-01-06,,68.4502525322139
2018-01-07,,72.4476711339309
2018-01-08,,73.5367372749154
2018-01-09,,71.4227007444596
2018-01-10,,70.891177731252
2018-01-11,,69.4305477353378
2018-01-12,,68.227180696402
2018-01-13,,69.8425447055079
2018-01-14,,72.237636946998
2018-01-15,,70.2699355625246
2018-01-16,,68.7216069035051
2018-01-17,,67.3697345710964
2018-01-18,,65.9211288888198
2018-01-19,,65.1256967592322
2018-01-20,,64.8079863064779
2018-01-21,,64.1121458991343
2018-01-22,,65.8994556005509
2018-01-23,,66.3542489845908
2018-01-24,,66.1029845931891
2018-01-25,,65.7670207746839
2018-01-26,,65.4687341565258
2018-01-27,,64.557154999119
2018-01-28,,64.2316970789065
2018-01-29,,66.0721996094194
2018-01-30,,67.866002715167
2018-01-31,,67.6994930002704
2018-02-01,,67.9036858987153
2018-02-02,,67.6045959469774
2018-02-03,,67.6338340334305
2018-02-04,,67.5059272755952
2018-02-05,,67.3610572463996
2018-02-06,,67.055883169682
2018-02-07,,66.9932540776375
2018-02-08,,66.9064667456425
2018-02-09,,66.9863199335899
2018-02-10,,66.777461712789
2018-02-11,,66.6552772561709
2018-02-12,,68.0703884476657
2018-02-13,,77.5647283510234
2018-02-14,,76.993583081424
2018-02-15,,76.183362659826
2018-02-16,,74.800720122826
2018-02-17,,73.6765448914263
2018-02-18,,73.0411622999105
2018-02-19,,72.475944001531
2018-02-20,,72.4320572233249
2018-02-21,,73.6854069628899
2018-02-22,,73.0609174109652
2018-02-23,,75.2356199203809
2018-02-24,,75.3645018930181
2018-02-25,,74.7768072871376
2018-02-26,,75.0700389020048
2018-02-27,,75.8351390607932
2018-02-28,,77.9153731602474
2018-03-01,,77.1022704856747
2018-03-02,,76.6450959263594
2018-03-03,,76.0198705505741
2018-03-04,,75.9097369198965
2018-03-05,,75.5639708895087
2018-03-06,,75.4234614392218
2018-03-07,,75.3439667333691
2018-03-08,,75.0406698717254
2018-03-09,,75.5187653114496
2018-03-10,,76.6779957012914
2018-03-11,,78.0711403129474
2018-03-12,,80.4562166318706
2018-03-13,,79.3129564529505
2018-03-14,,75.3313011781403
2018-03-15,,75.1834571796781
2018-03-16,,73.1017685730622
2018-03-17,,72.8038002053135
2018-03-18,,71.9267060264023
2018-03-19,,70.7030441471297
2018-03-20,,71.6570842704204
2018-03-21,,72.1479728453606
2018-03-22,,71.6467324659587
2018-03-23,,72.5158556496331
2018-03-24,,76.6654362578901
2018-03-25,,75.6107525220958
2018-03-26,,75.3394370973543
2018-03-27,,75.0955510753189
2018-03-28,,75.3593121183307
2018-03-29,,74.8350310400608
2018-03-30,,74.7344524557758
2018-03-31,,74.5889459435232
2018-04-01,,74.486033758863
2018-04-02,,74.3592623132038
2018-04-03,,74.416469757391
2018-04-04,,74.2599193419741
2018-04-05,,73.9274547114622
2018-04-06,,73.3556654468169
2018-04-07,,73.6487941046016
2018-04-08,,73.2832826159247
2018-04-09,,72.2634997691056
2018-04-10,,71.7953106284713
2018-04-11,,71.496264790756
2018-04-12,,70.7323627154457
2018-04-13,,68.6384758768173
2018-04-14,,65.766198245776
2018-04-15,,69.2198320803239
2018-04-16,,71.962862386503
2018-04-17,,71.4127340444978
2018-04-18,,70.7513270629354
2018-04-19,,71.9220778772454
2018-04-20,,69.7415101625173
2018-04-21,,68.6687353534339
2018-04-22,,67.6996832742162
2018-04-23,,66.0451278591135
2018-04-24,,62.9970797623822
2018-04-25,,58.2863653827376
2018-04-26,,51.6670836141969
2018-04-27,,46.8259453149465
2018-04-28,,43.0799895298908
2018-04-29,,39.5567935364561
2018-04-30,,35.9334092833768
2018-05-01,,31.7880608069054
2018-05-02,,27.5764589970967
2018-05-03,,24.5915560481948
2018-05-04,,22.7143676482821
2018-05-05,,18.7153952720344
2018-05-06,,12.4855454633447
2018-05-07,,8.50855100825635
2018-05-08,,2.91073738223596
2018-05-09,,0.0
2018-05-10,,0.0
2018-05-11,,0.0
2018-05-12,,0.0
2018-05-13,,0.0
2018-05-14,,0.0
2018-05-15,,0.0
2018-05-16,,0.0
2018-05-17,,0.0
2018-05-18,,0.0
2018-05-19,,0.0
2018-05-20,,0.0
2018-05-21,,0.0
2018-05-22,,0.0
2018-05-23,,0.0
2018-05-24,,0.0
2018-05-25,,0.0
2018-05-26,,0.0
2018-05-27,,0.0
2018-05-28,,0.0
2018-05-29,,0.0
2018-05-30,,0.0
2018-05-31,,0.0
2018-06-01,,0.0
2018-06-02,,0.0
2018-06-03,,0.0
2018-06-04,,0.0
2018-06-05,,0.0
2018-06-06,,0.0
2018-06-07,,0.0
2018-06-08,,0.0
2018-06-09,,0.0
2018-06-10,,0.0
2018-06-11,,0.0
2018-06-12,,0.0
2018-06-13,,0.0
2018-06-14,,0.0
2018-06-15,,0.0
2018-06-16,,0.0
2018-06-17,,0.0
2018-06-18,,0.0
2018-06-19,,0.0
2018-06-20,,0.0
2018-06-21,,0.0
2018-06-22,,0.0
2018-06-23,,0.0
2018-06-24,,0.0
2018-06-25,,0.0
2018-06-26,,0.0
2018-06-27,,0.0
2018-06-28,,0.0
2018-06-29,,0.0
2018-06-30,,0.0
2018-07-01,,0.0
2018-07-02,,0.0
2018-07-03,,0.0
2018-07-04,,0.0
2018-07-05,,0.0
2018-07-06,,0.0
2018-07-07,,0.0
2018-07-08,,0.0
2018-07-09,,0.0
2018-07-10,,0.0
2018-07-11,,0.0
2018-07-12,,0.0
2018-07-13,,0.0
2018-07-14,,0.0
2018-07-15,,0.0
2018-07-16,,0.0
2018-07-17,,0.0
2018-07-18,,0.0
2018-07-19,,0.0
2018-07-20,,0.0
2018-07-21,,0.0
2018-07-22,,0.0
2018-07-23,,0.0
2018-07-24,,0.0
2018-07-25,,0.0
2018-07-26,,0.0
2018-07-27,,0.0
2018-07-28,,0.0
2018-07-29,,0.0
2018-07-30,,0.0
2018-07-31,,0.0
2018-08-01,,0.0
2018-08-02,,0.0
2018-08-03,,0.0
2018-08-04,,0.0
2018-08-05,,0.0
2018-08-06,,0.0
2018-08-07,,0.0
2018-08-08,,0.0
2018-08-09,,0.0
2018-08-10,,0.0
2018-08-11,,0.0
2018-08-12,,0.0
2018-08-13,,0.0
2018-08-14,,0.0
2018-08-15,,0.0
2018-08-16,,0.0
2018-08-17,,0.0
2018-08-18,,0.0
2018-08-19,,0.0
2018-08-20,,0.0
2018-08-21,,0.0
2018-08-22,,0.0
2018-08-23,,0.0
2018-08-24,,0.0
2018-08-25,,0.0
2018-08-26,,0.0
2018-08-27,,0.0
2018-08-28,,0.0
2018-08-29,,0.0
2018-08-30,,0.0
2018-08-31,,0.0
2018-09-01,,0.0
2018-09-02,,0.0
2018-09-03,,0.0
2018-09-04,,0.0
2018-09-05,,0.0
2018-09-06,,0.0
2018-09-07,,0.0
2018-09-08,,0.0
2018-09-09,,0.0
2018-09-10,,0.0
2018-09-11,,0.0
2018-09-12,,0.0
2018-09-13,,0.0
2018-09-14,,0.0
2018-09-15,,0.0
2018-09-16,,0.0
2018-09-17,,0.0
2018-09-18,,0.0
2018-09-19,,0.0
2018-09-20,,0.0
2018-09-21,,0.0
2018-09-22,,0.0
2018-09-23,,0.0
2018-09-24,,0.0
2018-09-25,,0.0
2018-09-26,,0.0
2018-09-27,,0.0
2018-09-28,,0.0
2018-09-29,,0.0
2018-09-30,,0.0
2018-10-01,,0.0
2018-10-02,,0.0
2018-10-03,,0.0
2018-10-04,,0.0
2018-10-05,,0.0
2018-10-06,,1.46383162721736
2018-10-07,,5.75137709282137
2018-10-08,,9.34725149107204
2018-10-09,,12.8024858050704
2018-10-10,,11.2034860013915
2018-10-11,,15.1233599463248
2018-10-12,,13.5808396979106
2018-10-13,,12.3495383742194
2018-10-14,,11.7394655396768
2018-10-15,,10.1825742142778
2018-10-16,,8.65202157065075
2018-10-17,,8.08924651424142
2018-10-18,,7.22684140688573
2018-10-19,,7.13030783062288
2018-10-20,,7.22451128612687
2018-10-21,,7.03515744333881
2018-10-22,,7.0418704558522
2018-10-23,,6.75355689311052
2018-10-24,,6.74202832681133
2018-10-25,,6.665946184359
2018-10-26,,6.61098650109117
2018-10-27,,6.76115893213446
2018-10-28,,6.57968357602169
2018-10-29,,6.73151714583072
2018-10-30,,8.48519947146266
2018-10-31,,9.99075825627079
2018-11-01,,8.77222509602977
2018-11-02,,9.23482176160405
2018-11-03,,9.47818039738507
2018-11-04,,10.2987682829165
2018-11-05,,10.1414646130159
2018-11-06,,9.97953495757555
2018-11-07,,9.97511357930011
2018-11-08,,11.0864949469806
2018-11-09,,13.5523027890425
2018-11-10,,12.8101807220036
2018-11-11,,15.7646858179565
2018-11-12,,17.3972239193184
2018-11-13,,18.3397842798202
2018-11-14,,28.1150981197392
2018-11-15,,36.6229019264186
2018-11-16,,33.9950352987982
2018-11-17,,40.2229839272744
2018-11-18,,44.5774874905956
2018-11-19,,42.2759956615792
2018-11-20,,40.6899163446907
2018-11-21,,42.5366415540209
2018-11-22,,41.2700164838217
2018-11-23,,40.2737682539593
2018-11-24,,39.8780665441952
2018-11-25,,39.473957606503
2018-11-26,,39.8916149574415
2018-11-27,,39.5107486220419
2018-11-28,,38.5497988103869
2018-11-29,,37.668199472459
2018-11-30,,37.4429838821436
2018-12-01,,36.862010637307
2018-12-02,,36.7004371657649
2018-12-03,,36.9912261983024
2018-12-04,,37.6237548502517
2018-12-05,,37.7087933165609
2018-12-06,,38.0059320950607
2018-12-07,,37.166161208044
2018-12-08,,36.3948095737004
2018-12-09,,36.7802859702398
2018-12-10,,44.1212020364377
2018-12-11,,46.6857779026426
2018-12-12,,47.2986379420333
2018-12-13,,46.2466338265764
2018-12-14,,45.1680815267866
2018-12-15,,44.9905480461165
2018-12-16,,45.3916500872434
2018-12-17,,45.3409773807554
2018-12-18,,45.6405358403381
2018-12-19,,46.8028927051974
2018-12-20,,46.5068423136138
2018-12-21,,46.6837358979004
2018-12-22,,46.4244467127448
2018-12-23,,46.1373009974588
2018-12-24,,47.6835109125031
2018-12-25,,48.4694771282508
2018-12-26,,48.9207722480129
2018-12-27,,49.9873081742356
2018-12-28,,55.096165785916
2018-12-29,,53.6565318545608
2018-12-30,,53.2365239517516
2018-12-31,,56.1290430494384
2019-01-01,,63.1338256700422
2019-01-02,,64.5862197445878
2019-01-03,,62.822233522364
2019-01-04,,64.7012641691081
2019-01-05,,63.7267763514347
2019-01-06,,64.4668128279047
2019-01-07,,61.253021209694
2019-01-08,,61.8804351458437
2019-01-09,,59.9495340871925
2019-01-10,,63.5411344447421
2019-01-11,,69.4792572883633
2019-01-12,,70.782146810524
2019-01-13,,70.7187622402693
2019-01-14,,71.5464766035311
2019-01-15,,70.861332975015
2019-01-16,,70.4612712503185
2019-01-17,,69.0457372639163
2019-01-18,,68.0744729148213
2019-01-19,,69.4032568216305
2019-01-20,,69.3859314704482
2019-01-21,,68.4362428858325
2019-01-22,,66.4321721390513
2019-01-23,,67.605197081594
2019-01-24,,70.008918231869
2019-01-25,,71.1683511119335
2019-01-26,,73.1691355812841
2019-01-27,,72.9957593119735
2019-01-28,,72.4234703163588
2019-01-29,,75.942172804346
2019-01-30,,86.161347098529
2019-01-31,,87.6854442211534
2019-02-01,,86.3366733604919
2019-02-02,,85.2528949408637
2019-02-03,,84.2920763674075
2019-02-04,,83.792423518848
2019-02-05,,82.350374037839
2019-02-06,,80.8448391131527
2019-02-07,,79.7461462139466
2019-02-08,,79.0695184116648
2019-02-09,,78.4150159057331
2019-02-10,,78.8993158351063
2019-02-11,,78.5732856164159
2019-02-12,,78.5477424958067
2019-02-13,,79.1527455866561
2019-02-14,,78.9226345861323
2019-02-15,,78.6983303710652
2019-02-16,,78.5027110388588
2019-02-17,,78.5142523532946
2019-02-18,,78.1225872273307
2019-02-19,,80.3824881143292
2019-02-20,,78.6977122611233
2019-02-21,,79.6270432784387
2019-02-22,,79.0616037586853
2019-02-23,,78.5734442012821
2019-02-24,,78.4271913403751
2019-02-25,,78.0349739263741
2019-02-26,,77.8586745418232
2019-02-27,,77.5836401178106
2019-02-28,,77.3584238119267
2019-03-01,,78.5041822997014
2019-03-02,,77.9008663915977
2019-03-03,,77.6680873841468
2019-03-04,,77.1385467332005
2019-03-05,,77.0154237369366
2019-03-06,,76.414725240506
2019-03-07,,75.483821922678
2019-03-08,,77.5583018951988
2019-03-09,,80.6108910370908
2019-03-10,,80.4433921087873
2019-03-11,,79.7571265372339
2019-03-12,,83.0870111845561
2019-03-13,,83.2244078476796
2019-03-14,,83.4895972967472
2019-03-15,,81.4384714542092
2019-03-16,,79.9947476311754
2019-03-17,,79.8871867453971
2019-03-18,,76.1702281404139
2019-03-19,,72.2887831716023
2019-03-20,,70.7808245934163
2019-03-21,,69.0332837150049
2019-03-22,,67.0555938501743
2019-03-23,,64.8155896295081
2019-03-24,,61.8458146818853
2019-03-25,,60.0801039144539
2019-03-26,,59.8153414561651
2019-03-27,,58.217529433956
2019-03-28,,56.9077525705257
2019-03-29,,54.0308693403038
2019-03-30,,52.4373298618078
2019-03-31,,51.5590917026362
2019-04-01,,49.8939300903693
2019-04-02,,48.3799618632706
2019-04-03,,52.0138957700514
2019-04-04,,51.4705033276231
2019-04-05,,51.3089249054837
2019-04-06,,52.085321045115
2019-04-07,,52.3966185105764
2019-04-08,,50.7373805361183
2019-04-09,,49.0524639881917
2019-04-10,,47.5754826644212
2019-04-11,,46.6225405688704
2019-04-12,,46.0534094600788
2019-04-13,,45.2812048406355
2019-04-14,,44.1855880786281
2019-04-15,,42.9227242224459
2019-04-16,,43.2140096976251
2019-04-17,,45.0791153785645
2019-04-18,,42.6559928181473
2019-04-19,,41.5513550886674
2019-04-20,,41.1628144593027
2019-04-21,,40.5437170774144
2019-04-22,,39.0898628028038
2019-04-23,,37.8311257128541
2019-04-24,,37.4196678252654
2019-04-25,,37.2598124320755
2019-04-26,,36.3509562393908
2019-04-27,,35.4216953569701
2019-04-28,,34.4498406340372
2019-04-29,,33.007668555004
2019-04-30,,32.0209903990796
2019-05-01,,30.3578206041684
2019-05-02,,29.7815996813473
2019-05-03,,30.0297670443978
2019-05-04,,29.7208978161166
2019-05-05,,28.4653368050424
2019-05-06,,26.784988120603
2019-05-07,,24.2048047803104
2019-05-08,,19.8211001768864
2019-05-09,,13.1652736563498
2019-05-10,,6.39882278404697
2019-05-11,,1.68713709840035
2019-05-12,,0.0
2019-05-13,,0.0
2019-05-14,,0.0
2019-05-15,,0.0
2019-05-16,,0.0
2019-05-17,,0.0
2019-05-18,,0.0
2019-05-19,,0.0
2019-05-20,,0.0
2019-05-21,,0.0
2019-05-22,,0.0
2019-05-23,,0.0
2019-05-24,,0.0
2019-05-25,,0.0
2019-05-26,,0.0
2019-05-27,,0.0
2019-05-28,,0.0
2019-05-29,,0.0
2019-05-30,,0.0
2019-05-31,,0.0
2019-06-01,,0.0
2019-06-02,,0.0
2019-06-03,,0.0
2019-06-04,,0.0
2019-06-05,,0.0
2019-06-06,,0.0
2019-06-07,,0.0
2019-06-08,,0.0
2019-06-09,,0.0
2019-06-10,,0.0
2019-06-11,,0.0
2019-06-12,,0.0
2019-06-13,,0.0
2019-06-14,,0.0
2019-06-15,,0.0
2019-06-16,,0.0
2019-06-17,,0.0
2019-06-18,,0.0
2019-06-19,,0.0
2019-06-20,,0.0
2019-06-21,,0.0
2019-06-22,,0.0
2019-06-23,,0.0
2019-06-24,,0.0
2019-06-25,,0.0
2019-06-26,,0.0
2019-06-27,,0.0
2019-06-28,,0.0
2019-06-29,,0.0
2019-06-30,,0.0
2019-07-01,,0.0
2019-07-02,,0.0
2019-07-03,,0.0
2019-07-04,,0.0
2019-07-05,,0.0
2019-07-06,,0.0
2019-07-07,,0.0
2019-07-08,,0.0
2019-07-09,,0.0
2019-07-10,,0.0
2019-07-11,,0.0
2019-07-12,,0.0
2019-07-13,,0.0
2019-07-14,,0.0
2019-07-15,,0.0
2019-07-16,,0.0
2019-07-17,,0.0
2019-07-18,,0.0
2019-07-19,,0.0
2019-07-20,,0.0
2019-07-21,,0.0
2019-07-22,,0.0
2019-07-23,,0.0
2019-07-24,,0.0
2019-07-25,,0.0
2019-07-26,,0.0
2019-07-27,,0.0
2019-07-28,,0.0
2019-07-29,,0.0
2019-07-30,,0.0
2019-07-31,,0.0
2019-08-01,,0.0
2019-08-02,,0.0
2019-08-03,,0.0
2019-08-04,,0.0
2019-08-05,,0.0
2019-08-06,,0.0
2019-08-07,,0.0
2019-08-08,,0.0
2019-08-09,,0.0
2019-08-10,,0.0
2019-08-11,,0.0
2019-08-12,,0.0
2019-08-13,,0.0
2019-08-14,,0.0
2019-08-15,,0.0
2019-08-16,,0.0
2019-08-17,,0.0
2019-08-18,,0.0
2019-08-19,,0.0
2019-08-20,,0.0
2019-08-21,,0.0
2019-08-22,,0.0
2019-08-23,,0.0
2019-08-24,,0.0
2019-08-25,,0.0
2019-08-26,,0.0
2019-08-27,,0.0
2019-08-28,,0.0
2019-08-29,,0.0
2019-08-30,,0.0
2019-08-31,,0.0
2019-09-01,,0.0
2019-09-02,,0.0
2019-09-03,,0.0
2019-09-04,,0.0
2019-09-05,,0.0
2019-09-06,,0.0
2019-09-07,,0.0
2019-09-08,,0.0
2019-09-09,,0.0
2019-09-10,,0.0
2019-09-11,,0.0
2019-09-12,,0.0
2019-09-13,,0.0
2019-09-14,,0.0
2019-09-15,,0.0
2019-09-16,,0.0
2019-09-17,,0.0
2019-09-18,,0.0
2019-09-19,,0.0
2019-09-20,,0.0
2019-09-21,,0.0
2019-09-22,,0.0
2019-09-23,,0.0
2019-09-24,,0.0
2019-09-25,,0.0
2019-09-26,,0.0
2019-09-27,,0.0
2019-09-28,,0.0
2019-09-29,,0.0
2019-09-30,,0.0
2019-10-01,,0.0
2019-10-02,,0.0
2019-10-03,,0.0
2019-10-04,,0.0
2019-10-05,0.05,0.0
2019-10-06,0.615,7.73503047761655
2019-10-07,1.519,11.9244424445503
2019-10-08,1.333,7.57053684761715
2019-10-09,0.826,6.37939997946882
2019-10-10,1.311,5.84004499193307
2019-10-11,1.811,8.48739668513295
2019-10-12,2.556,8.92490263710394
2019-10-13,3.081,9.27826528257717
2019-10-14,3.133,9.97406378451299
2019-10-15,3.037,9.43349066260547
2019-10-16,3.274,11.9271333824552
2019-10-17,3.422,11.6242763660979
2019-10-18,3.778,12.5523429256971
2019-10-19,3.822,13.1852463713317
2019-10-20,3.7,12.3637780550285
2019-10-21,3.6,11.6240521740711
2019-10-22,3.1,11.2678203165595
2019-10-23,2.315,13.3591128403029
2019-10-24,4.33,16.8227787479133
2019-10-25,4.1,15.8215739966619
2019-10-26,3.296,15.7325630226141
2019-10-27,2.915,15.0233845985951
2019-10-28,3.467,15.3789637319028
2019-10-29,3.981,15.8817545366107
2019-10-30,4.4,15.8949012412733
2019-10-31,3.848,15.4481979976319
2019-11-01,3.578,15.6397130437184
2019-11-02,4.422,16.5797251528386
2019-11-03,4.759,17.2247549346667
2019-11-04,4.9,19.072744917797
2019-11-05,3.752,18.6665068160001
2019-11-06,3.674,16.0884158892476
2019-11-07,4.111,20.3249406809221
2019-11-08,4.963,27.1427816979031
2019-11-09,4.589,27.6861404614481
2019-11-10,4.552,26.5507982202649
2019-11-11,4.578,25.8228009184037
2019-11-12,4.885,26.8032654090434
2019-11-13,5.585,34.3383681201596
2019-11-14,6.33,40.7585388228069
2019-11-15,6.756,42.5190863378447
2019-11-16,7.207,44.9981875167733
2019-11-17,7.915,44.7982341751235
2019-11-18,8.722,46.5830731283293
2019-11-19,9.281,51.4385223461753
2019-11-20,9.556,52.5100026660945
2019-11-21,10.244,47.3618656498241
2019-11-22,10.648,45.443485946719
2019-11-23,10.5,47.9364526664758
2019-11-24,10.389,48.6805050366628
2019-11-25,10.556,46.7234520762872
2019-11-26,10.678,47.1619329592884
2019-11-27,10.478,46.4757505960191
2019-11-28,8.996,46.571791559898
2019-11-29,6.867,46.3697519406206
2019-11-30,6.949,46.1751859950194
2019-12-01,7.842,45.5428300507267
2019-12-02,8.58,51.1226996137095
2019-12-03,9.396,56.6955276912718
2019-12-04,9.693,56.0825594260552
2019-12-05,9.831,55.62591794469
2019-12-06,9.802,54.5130455137003
2019-12-07,9.521,53.8005359300914
2019-12-08,10.637,53.1385342686949
2019-12-09,11.756,52.3686629042443
2019-12-10,11.864,52.0630282811654
2019-12-11,11.772,54.0883578163261
2019-12-12,11.973,56.3510277388998
2019-12-13,12.252,55.6176738702822
2019-12-14,12.371,55.755439529762
2019-12-15,12.253,55.0153066304719
2019-12-16,11.958,54.4274008441149
2019-12-17,11.929,54.7077784243902
2019-12-18,12.122,64.5293436683858
2019-12-19,12.401,64.3045743070063
2019-12-20,12.643,63.1785172038777
2019-12-21,13.003,65.9922155210817
2019-12-22,13.285,68.3495336123704
2019-12-23,13.767,73.3002730702414
2019-12-24,14.398,75.9446539566279
2019-12-25,14.576,73.8255254645964
2019-12-26,14.825,73.5071757387361
2019-12-27,15.304,77.4363995710486
2019-12-28,15.79,80.5701842996629
2019-12-29,16.083,78.3582106362322
2019-12-30,16.432,79.5585764672423
2019-12-31,16.77,77.4735699504365
2020-01-01,16.963,76.7865360974074
2020-01-02,17.223,77.9947365020943
2020-01-03,17.372,77.2279817244093
2020-01-04,17.499,76.2487619048702
2020-01-05,17.581,75.3452857195808
2020-01-06,17.541,75.4758115902791
2020-01-07,17.45,76.2552753588204
2020-01-08,17.461,77.2778881471884
2020-01-09,17.629,77.8673928219823
2020-01-10,17.682,77.5456439309875
2020-01-11,17.712,77.1113956418331
2020-01-12,17.746,76.5886692638018
2020-01-13,17.862,76.4966655016476
2020-01-14,18.0,76.1901452384714
2020-01-15,18.2,76.2317612574352
2020-01-16,18.409,76.2818038163912
2020-01-17,18.635,76.2919302962216
2020-01-18,18.851,76.437765312194
2020-01-19,19.111,77.6427990614794
2020-01-20,19.293,78.3142681510595
2020-01-21,19.516,78.7446888978911
2020-01-22,19.691,81.0239716633669
2020-01-23,19.903,82.2615117663376
2020-01-24,20.167,83.4534878007982
2020-01-25,20.593,88.6096303794215
2020-01-26,21.072,89.9693489761358
2020-01-27,21.28,89.5856717766305
2020-01-28,21.448,89.7132629730576
2020-01-29,21.678,91.6092434049826
2020-01-30,21.96,93.7448332808149
2020-01-31,22.276,101.081093615815
2020-02-01,22.414,103.387504462415
2020-02-02,22.541,101.607940544867
2020-02-03,22.578,102.600126643036
2020-02-04,22.705,101.546935029519
2020-02-05,22.887,104.721628246378
2020-02-06,23.122,105.459178128647
2020-02-07,23.23,102.768153694773
2020-02-08,23.279,101.894106268525
2020-02-09,23.691,107.08897407436
2020-02-10,23.921,106.006607514672
2020-02-11,24.511,108.946652201002
2020-02-12,24.841,109.668220124672
2020-02-13,25.464,117.05974579497
2020-02-14,25.75,116.286561499033
2020-02-15,25.888,114.898287284217
2020-02-16,25.97,111.99258107316
2020-02-17,26.008,110.210951497546
2020-02-18,26.046,108.821111766312
2020-02-19,26.084,107.269927141153
2020-02-20,26.199,105.593178356703
2020-02-21,26.348,105.2684458714
2020-02-22,26.497,105.037060712012
2020-02-23,26.535,103.940371275051
2020-02-24,26.573,103.457429974531
2020-02-25,26.655,104.201276905176
2020-02-26,27.0,111.179061917006
2020-02-27,27.405,117.145671221668
2020-02-28,27.72,122.092490676672
2020-02-29,27.872,120.323767074083
2020-03-01,28.218,121.397491203452
2020-03-02,28.472,126.719776525156
2020-03-03,28.704,136.93097329453
2020-03-04,28.778,133.918864055383
2020-03-05,28.86,131.016664573777
2020-03-06,28.959,128.444949535058
2020-03-07,29.059,126.055551356993
2020-03-08,29.137,123.948934785763
2020-03-09,29.197,125.705619616359
2020-03-10,29.382,126.953745566732
2020-03-11,29.687,127.040374406645
2020-03-12,30.074,125.732165157834
2020-03-13,30.567,124.167853187906
2020-03-14,31.01,122.858650646056
2020-03-15,31.281,120.875117971231
2020-03-16,31.493,120.040574094502
2020-03-17,31.714,118.361143642418
2020-03-18,31.967,117.628972737891
2020-03-19,32.334,116.847017509647
2020-03-20,32.464,116.245050896196
2020-03-21,32.468,115.091234762719
2020-03-22,32.468,114.539448827787
2020-03-23,32.365,113.896063514685
2020-03-24,32.175,113.603520276035
2020-03-25,31.986,116.60292792606
2020-03-26,31.908,121.00482105669
2020-03-27,31.908,120.212462472885
2020-03-28,31.908,118.776645579905
2020-03-29,31.752,117.597564998715
2020-03-30,31.525,116.636361373549
2020-03-31,31.375,115.892023245336
2020-04-01,31.18,115.340546716233
2020-04-02,31.035,114.743166311497
2020-04-03,31.011,115.068693648145
2020-04-04,30.924,114.731983988094
2020-04-05,30.789,114.237079583628
2020-04-06,30.914,115.582547561451
2020-04-07,31.215,118.974141308459
2020-04-08,31.235,119.923414283512
2020-04-09,31.224,125.449294059815
2020-04-10,31.095,121.708979041782
2020-04-11,30.776,119.796528575455
2020-04-12,30.258,119.272053999263
2020-04-13,29.733,116.72116517347
2020-04-14,29.43,113.932655665788
2020-04-15,29.35,109.720873596131
2020-04-16,29.33,106.514159814458
2020-04-17,29.33,100.816010092449
2020-04-18,29.376,96.5638803529215
2020-04-19,29.554,91.273382676359
2020-04-20,29.802,83.7451818776451
2020-04-21,29.89,79.2539614307436
2020-04-22,29.89,75.2437160711414
2020-04-23,29.89,72.0924419661449
2020-04-24,29.89,69.6766820952139
2020-04-25,29.89,69.8511982571858
2020-04-26,29.89,71.3263820318333
2020-04-27,29.693,67.9961375544237
2020-04-28,29.202,66.2541260053532
2020-04-29,29.082,63.0320042537122
2020-04-30,28.782,59.16194736838
2020-05-01,28.469,56.477423786744
2020-05-02,28.069,53.3574208225229
2020-05-03,27.707,51.0289491296789
2020-05-04,27.257,48.5525757173473
2020-05-05,26.394,45.1714476401452
2020-05-06,24.833,40.5417522063029
2020-05-07,23.213,36.1284009286987
2020-05-08,21.67,31.8050787016452
2020-05-09,19.915,26.8595883817634
2020-05-10,18.235,22.5231257631328
2020-05-11,16.592,17.5308637563166
2020-05-12,14.712,12.0765722725574
2020-05-13,12.782,7.83369149119918
2020-05-14,11.652,5.13364241963557
2020-05-15,10.172,1.39395694461877
2020-05-16,7.954,0.0
2020-05-17,5.974,0.0
2020-05-18,4.432,0.0
2020-05-19,2.302,0.0
2020-05-20,0.709,0.0
2020-05-21,0.0,0.0
2020-05-22,0.0,0.0
2020-05-23,0.0,0.0
2020-05-24,0.0,0.0
2020-05-25,0.0,0.0
2020-05-26,0.0,0.0
2020-05-27,0.0,0.0
2020-05-28,0.0,0.0
2020-05-29,0.0,0.0
2020-05-30,0.0,0.0
2020-05-31,0.0,0.0
2020-06-01,0.0,0.0
2020-06-02,0.0,0.0
2020-06-03,0.0,0.0
2020-06-04,0.0,0.0
2020-06-05,0.0,0.0
2020-06-06,0.0,0.0
2020-06-07,0.0,0.0
2020-06-08,0.0,0.0
2020-06-09,0.0,0.0
2020-06-10,0.0,0.0
2020-06-11,0.0,0.0
2020-06-12,0.0,0.0
2020-06-13,0.0,0.0
2020-06-14,0.0,0.0
2020-06-15,0.0,0.0
2020-06-16,0.0,0.0
2020-06-17,0.0,0.0
2020-06-18,0.0,0.0
2020-06-19,0.0,0.0
2020-06-20,0.0,0.0
2020-06-21,0.0,0.0
2020-06-22,0.0,0.0
2020-06-23,0.0,0.0
2020-06-24,0.0,0.0
2020-06-25,0.0,0.0
2020-06-26,0.0,0.0
2020-06-27,0.0,0.0
2020-06-28,0.0,0.0
2020-06-29,0.0,0.0
2020-06-30,0.0,0.0
2020-07-01,0.0,0.0
2020-07-02,0.0,0.0
2020-07-03,0.0,0.0
2020-07-04,0.0,0.0
2020-07-05,0.0,0.0
2020-07-06,0.0,0.0
2020-07-07,0.0,0.0
2020-07-08,0.0,0.0
2020-07-09,0.0,0.0
2020-07-10,0.0,0.0
2020-07-11,0.0,0.0
2020-07-12,0.0,0.0
2020-07-13,0.0,0.0
2020-07-14,0.0,0.0
2020-07-15,0.0,0.0
2020-07-16,0.0,0.0
2020-07-17,0.0,0.0
2020-07-18,0.0,0.0
2020-07-19,0.0,0.0
2020-07-20,0.0,0.0
2020-07-21,0.0,0.0
2020-07-22,0.0,0.0
2020-07-23,0.0,0.0
2020-07-24,0.0,0.0
2020-07-25,0.0,0.0
2020-07-26,0.0,0.0
2020-07-27,0.0,0.0
2020-07-28,0.0,0.0
2020-07-29,0.0,0.0
2020-07-30,0.0,0.0
2020-07-31,0.0,0.0
2020-08-01,0.0,0.0
2020-08-02,0.0,0.0
2020-08-03,0.0,0.0
2020-08-04,0.0,0.0
2020-08-05,0.0,0.0
2020-08-06,0.0,0.0
2020-08-07,0.0,0.0
2020-08-08,0.0,0.0
2020-08-09,0.0,0.0
2020-08-10,0.0,0.0
2020-08-11,0.0,0.0
2020-08-12,0.0,0.0
2020-08-13,0.0,0.0
2020-08-14,0.0,0.0
2020-08-15,0.0,0.0
2020-08-16,0.0,0.0
2020-08-17,0.0,0.0
2020-08-18,0.0,0.0
2020-08-19,0.0,0.0
2020-08-20,0.0,0.0
2020-08-21,0.0,0.0
2020-08-22,0.0,0.0
2020-08-23,0.0,0.0
2020-08-24,0.0,0.0
2020-08-25,0.0,0.0
2020-08-26,0.0,0.0
2020-08-27,0.0,0.0
2020-08-28,0.0,0.0
2020-08-29,0.0,0.0
2020-08-30,0.0,0.0
2020-08-31,0.0,0.0
2020-09-01,0.0,0.0
2020-09-02,0.0,0.0
2020-09-03,0.0,0.0
2020-09-04,0.0,0.0
2020-09-05,0.0,0.0
2020-09-06,0.0,0.0
2020-09-07,0.0,0.0
2020-09-08,0.0,0.0
2020-09-09,0.0,0.0
2020-09-10,0.0,0.0
2020-09-11,0.0,0.0
2020-09-12,0.0,0.0
2020-09-13,0.0,0.0
2020-09-14,0.0,0.0
2020-09-15,0.0,0.0
2020-09-16,0.0,0.0
2020-09-17,0.0,0.0
2020-09-18,0.0,0.0
2020-09-19,0.0,0.0
2020-09-20,0.0,0.0
2020-09-21,0.0,0.0
2020-09-22,0.0,0.0
2020-09-23,0.0,0.0
2020-09-24,0.0,0.0
2020-09-25,0.0,0.0
2020-09-26,0.0,0.0
2020-09-27,0.0,0.0
2020-09-28,0.0,0.0
2020-09-29,0.0,0.0
2020-09-30,0.0,0.0
2020-10-01,0.0,0.0
2020-10-02,0.0,0.0
2020-10-03,0.0,0.0
2020-10-04,0.0,0.0
2020-10-05,0.0,0.0
2020-10-06,0.0,0.0
2020-10-07,0.0,0.0
2020-10-08,0.0,0.0
2020-10-09,0.0,0.0
2020-10-10,0.0,0.0
2020-10-11,0.0,0.0
2020-10-12,0.0,0.0
2020-10-13,0.0,0.0
2020-10-14,0.0,0.0
2020-10-15,0.0,0.0
2020-10-16,0.0,0.0
2020-10-17,0.0,0.0
2020-10-18,0.0,0.0
2020-10-19,0.0,0.0
2020-10-20,0.0,0.0
2020-10-21,0.0,0.0
2020-10-22,0.0,0.0
2020-10-23,0.0,0.0
2020-10-24,0.0,0.0
2020-10-25,0.0,0.0
2020-10-26,0.8,9.62520524666062
2020-10-27,1.675,17.9967150238422
2020-10-28,1.825,17.5028516743981
2020-10-29,1.95,18.6164188844769
2020-10-30,2.199,21.3026169114938
2020-10-31,3.085,32.7401191778391
2020-11-01,4.111,40.6206067980476
2020-11-02,5.386,48.5240964963903
2020-11-03,5.823,45.6674607307595
2020-11-04,6.074,44.5181473803048
2020-11-05,6.336,42.8933193968056
2020-11-06,6.524,40.5676674756224
2020-11-07,6.724,39.608964823339
2020-11-08,7.05,40.6287556769123
2020-11-09,7.562,46.4709582001483
2020-11-10,8.225,57.4651842570764
2020-11-11,8.35,55.8598684396575
2020-11-12,8.575,58.4962557737018
2020-11-13,8.6,54.9132810371743
2020-11-14,8.662,51.1481781663343
2020-11-15,8.7,50.0350624312262
2020-11-16,8.762,48.6647472121085
2020-11-17,8.8,47.1850880888368
2020-11-18,8.9,46.0014583245319
2020-11-19,8.9,45.0987314097969
2020-11-20,8.9,44.6116777093125
2020-11-21,8.9,44.345896447588
2020-11-22,8.975,45.1135574281052
2020-11-23,9.0,45.7182914899486
2020-11-24,9.039,47.9981222594288
2020-11-25,8.881,46.6904920016295
2020-11-26,9.194,49.1780277628861
2020-11-27,9.631,51.2195893710182
2020-11-28,9.731,51.3602978017029
2020-11-29,10.019,53.3582246316929
2020-11-30,10.206,53.127236142779
2020-12-01,10.794,60.2548433756784
2020-12-02,12.117,63.3429057433717
2020-12-03,12.363,58.3649603589874
2020-12-04,12.35,58.4966773068894
2020-12-05,12.588,60.4228178891137
2020-12-06,13.029,64.8754497049962
2020-12-07,13.44,61.8608178610371
2020-12-08,14.088,60.1361072272548
2020-12-09,14.262,58.9821089167702
2020-12-10,14.375,59.7204918645463
2020-12-11,14.463,60.6744642673233
2020-12-12,14.463,59.0641042716667
2020-12-13,14.675,59.5092285283185
2020-12-14,14.838,61.869709083502
2020-12-15,15.062,69.0231598448032
2020-12-16,15.162,69.9250724133212
2020-12-17,15.412,70.8923926624997
2020-12-18,15.85,76.7996655853337
2020-12-19,16.7,90.6943671523772
2020-12-20,17.375,99.7283517260254
2020-12-21,17.775,98.2802088773841
2020-12-22,17.9,96.9724504604785
2020-12-23,18.05,96.8467173614548
2020-12-24,18.188,94.0530807994367
2020-12-25,18.2,92.3081307784565
2020-12-26,18.2,91.2392394926353
2020-12-27,18.2,89.4286830660308
2020-12-28,18.238,87.9609472344992
2020-12-29,18.35,87.3138208965607
2020-12-30,18.4,86.7148236236242
2020-12-31,18.475,86.3654771704448
2021-01-01,18.538,85.9315125051042
2021-01-02,18.6,85.210483532547
2021-01-03,18.738,87.5647180437975
2021-01-04,18.863,89.095435756688
2021-01-05,18.95,88.9097375856145
2021-01-06,19.113,90.7088578950577
2021-01-07,19.062,88.8770032217037
2021-01-08,19.062,87.2501597999801
2021-01-09,19.2,87.1618620150038
2021-01-10,19.288,86.7047252657211
2021-01-11,19.325,86.6105910731593
2021-01-12,19.363,86.7324695492792
2021-01-13,19.55,88.6018065320243
2021-01-14,19.587,87.851073283788
2021-01-15,19.837,93.2941980531108
2021-01-16,20.137,96.0616331834865
2021-01-17,20.25,95.3482683771091
2021-01-18,20.413,94.2679666536978
2021-01-19,20.725,101.57319202556
2021-01-20,20.887,99.9546024642504
2021-01-21,20.95,97.4721473953594
2021-01-22,21.113,95.68941708008
2021-01-23,21.2,95.0225771503935
2021-01-24,21.15,94.4904802704723
2021-01-25,21.238,96.4560211811007
2021-01-26,21.438,95.1573700639873
2021-01-27,21.538,94.7652761105017
2021-01-28,21.6,94.5213169252091
2021-01-29,21.663,93.2636730870291
2021-01-30,21.788,93.3452408612667
2021-01-31,21.825,93.1867668370981
2021-02-01,21.925,93.777244995023
2021-02-02,22.038,93.7127693535935
2021-02-03,22.137,94.1978246553557
2021-02-04,22.225,94.6296695551089
2021-02-05,22.275,95.4948841765074
2021-02-06,22.288,94.9981662119256
2021-02-07,22.35,95.1905659336227
2021-02-08,22.45,95.382412146582
2021-02-09,22.425,95.3134664975891
2021-02-10,22.438,95.2866015985023
2021-02-11,22.512,95.037268882955
2021-02-12,22.525,94.9069025196249
2021-02-13,22.6,94.6883094976782
2021-02-14,22.788,94.6382433115524
2021-02-15,22.9,94.5449484686842
2021-02-16,23.0,94.5237861624088
2021-02-17,22.85,94.4081256897217
2021-02-18,22.788,94.5692067252948
2021-02-19,22.863,97.614113597631
2021-02-20,22.95,99.8814239333635
2021-02-21,23.113,104.515449376962
2021-02-22,23.25,107.899843439716
2021-02-23,23.45,106.709912381348
2021-02-24,23.587,106.226562377041
2021-02-25,23.6,105.752710657287
2021-02-26,23.587,107.746352360519
2021-02-27,23.725,106.358256886323
2021-02-28,23.913,109.623007142691
2021-03-01,24.188,120.969429122306
2021-03-02,24.637,124.927512655359
2021-03-03,24.825,121.425183835771
2021-03-04,24.9,119.858383468933
2021-03-05,25.025,118.587693937251
2021-03-06,25.038,117.53997979252
2021-03-07,25.087,117.888255523079
2021-03-08,25.3,116.065134256266
2021-03-09,25.275,115.343101967343
2021-03-10,25.312,114.566251534672
2021-03-11,25.375,116.360087894583
2021-03-12,25.363,115.656757244316
2021-03-13,25.4,115.132114485514
2021-03-14,25.488,115.430793185454
2021-03-15,25.525,115.088526928151
2021-03-16,25.613,120.214190707087
2021-03-17,25.75,124.855460639238
2021-03-18,25.875,125.526610858961
2021-03-19,25.95,123.110117161418
2021-03-20,26.05,121.345933576835
2021-03-21,26.038,121.2280480988
2021-03-22,26.038,120.493743392063
2021-03-23,26.038,120.152581343566
2021-03-24,26.012,119.891559562736
2021-03-25,25.938,118.13774681562
2021-03-26,26.05,117.880218112053
2021-03-27,26.1,118.679796460896
2021-03-28,26.137,120.077000159346
2021-03-29,26.087,118.933990960096
2021-03-30,26.038,118.73175890423
2021-03-31,26.175,121.219869808914
2021-04-01,26.3,122.292969935518
2021-04-02,26.3,122.368223122233
2021-04-03,26.288,121.205683709132
2021-04-04,26.188,120.031987717818
2021-04-05,26.163,119.624486733786
2021-04-06,26.188,118.274065527448
2021-04-07,26.238,118.015534330925
2021-04-08,26.25,118.108548687175
2021-04-09,26.25,118.612202556818
2021-04-10,26.238,119.601067705524
2021-04-11,26.55,118.889260092993
2021-04-12,26.5,118.599356877864
2021-04-13,26.512,118.463677778194
2021-04-14,26.337,114.25513021835
2021-04-15,26.312,108.577739772367
2021-04-16,26.615,103.557337337499
2021-04-17,26.529,97.7462267514981
2021-04-18,26.613,93.6475969771617
2021-04-19,26.35,89.6788186837738
2021-04-20,26.438,85.0875600578937
2021-04-21,26.837,81.2060965223578
2021-04-22,27.062,79.8066498921623
2021-04-23,26.863,78.8239748636673
2021-04-24,27.012,77.4330735880505
2021-04-25,26.825,74.8048106203089
2021-04-26,26.962,73.046527028168
2021-04-27,27.05,72.283863567758
2021-04-28,27.087,71.8742085223735
2021-04-29,26.962,71.8086544826976
2021-04-30,27.125,72.14722500181
2021-05-01,26.938,68.5748919874447
2021-05-02,27.025,65.1046599419178
2021-05-03,26.744,61.6951709535901
2021-05-04,26.657,58.7404681506923
2021-05-05,26.301,54.4756989691297
2021-05-06,25.083,49.6655481853943
2021-05-07,23.741,44.2163241185487
2021-05-08,23.36,40.4216881343718
2021-05-09,22.905,36.5437628470385
2021-05-10,22.837,32.2405882093928
2021-05-11,21.369,27.6532333857831
2021-05-12,20.401,23.0267661524159
2021-05-13,20.608,19.4367470165887
2021-05-14,18.353,16.8215176537536
2021-05-15,16.273,13.3645797850208
2021-05-16,14.48,8.2046085326018
2021-05-17,13.539,3.87849411720449
2021-05-18,10.389,0.879543855563544
2021-05-19,6.676,0.0
2021-05-20,2.925,0.0
2021-05-21,0.32,0.0
2021-05-22,0.0,0.0
2021-05-23,0.0,0.0
2021-05-24,0.0,0.0
2021-05-25,0.0,0.0
2021-05-26,0.0,0.0
2021-05-27,0.0,0.0
2021-05-28,0.0,0.0
2021-05-29,0.0,0.0
2021-05-30,0.0,0.0
2021-05-31,0.0,0.0
2021-06-01,0.0,0.0
2021-06-02,0.0,0.0
2021-06-03,0.0,0.0
2021-06-04,0.0,0.0
2021-06-05,0.0,0.0
2021-06-06,0.0,0.0
2021-06-07,0.0,0.0
2021-06-08,0.0,0.0
2021-06-09,0.0,0.0
2021-06-10,0.0,0.0
2021-06-11,0.0,0.0
2021-06-12,0.0,0.0
2021-06-13,0.0,0.0
2021-06-14,0.0,0.0
2021-06-15,0.0,0.0
2021-06-16,0.0,0.0
2021-06-17,0.0,0.0
2021-06-18,0.0,0.0
2021-06-19,0.0,0.0
2021-06-20,0.0,0.0
2021-06-21,0.0,0.0
2021-06-22,0.0,0.0
2021-06-23,0.0,0.0
2021-06-24,0.0,0.0
2021-06-25,0.0,0.0
2021-06-26,0.0,0.0
2021-06-27,0.0,0.0
2021-06-28,0.0,0.0
2021-06-29,0.0,0.0
2021-06-30,0.0,0.0
2021-07-01,0.0,0.0
2021-07-02,0.0,0.0
2021-07-03,0.0,0.0
2021-07-04,0.0,0.0
2021-07-05,0.0,0.0
2021-07-06,0.0,0.0
2021-07-07,0.0,0.0
2021-07-08,0.0,0.0
2021-07-09,0.0,0.0
2021-07-10,0.0,0.0
2021-07-11,0.0,0.0
2021-07-12,0.0,0.0
2021-07-13,0.0,0.0
2021-07-14,0.0,0.0
2021-07-15,0.0,0.0
2021-07-16,0.0,0.0
2021-07-17,0.0,0.0
2021-07-18,0.0,0.0
2021-07-19,0.0,0.0
2021-07-20,0.0,0.0
2021-07-21,0.0,0.0
2021-07-22,0.0,0.0
2021-07-23,0.0,0.0
2021-07-24,0.0,0.0
2021-07-25,0.0,0.0
2021-07-26,0.0,0.0
2021-07-27,0.0,0.0
2021-07-28,0.0,0.0
2021-07-29,0.0,0.0
2021-07-30,0.0,0.0
2021-07-31,0.0,0.0
2021-08-01,0.0,0.0
2021-08-02,0.0,0.0
2021-08-03,0.0,0.0
2021-08-04,0.0,0.0
2021-08-05,0.0,0.0
2021-08-06,0.0,0.0
2021-08-07,0.0,0.0
2021-08-08,0.0,0.0
2021-08-09,0.0,0.0
2021-08-10,0.0,0.0
2021-08-11,0.0,0.0
2021-08-12,0.0,0.0
2021-08-13,0.0,0.0
2021-08-14,0.0,0.0
2021-08-15,0.0,0.0
2021-08-16,0.0,0.0
2021-08-17,0.0,0.0
2021-08-18,0.0,0.0
2021-08-19,0.0,0.0
2021-08-20,0.0,0.0
2021-08-21,0.0,0.0
2021-08-22,0.0,0.0
2021-08-23,0.0,0.0
2021-08-24,0.0,0.0
2021-08-25,0.0,0.0
2021-08-26,0.0,0.0
2021-08-27,0.0,0.0
2021-08-28,0.0,0.0
2021-08-29,0.0,0.0
2021-08-30,0.0,0.0
2021-08-31,0.0,0.0
2021-09-01,0.0,0.0
2021-09-02,0.0,0.0
2021-09-03,0.0,0.0
2021-09-04,0.0,0.0
2021-09-05,0.0,0.0
2021-09-06,0.0,0.0
2021-09-07,0.0,0.0
2021-09-08,0.0,0.0
2021-09-09,0.0,0.0
2021-09-10,0.0,0.0
2021-09-11,0.0,0.0
2021-09-12,0.0,0.0
2021-09-13,0.0,0.0
2021-09-14,0.0,0.0
2021-09-15,0.0,0.0
2021-09-16,0.0,0.0
2021-09-17,0.0,0.0
2021-09-18,0.0,0.0
2021-09-19,0.0,0.0
2021-09-20,0.0,0.0
2021-09-21,0.0,0.0
2021-09-22,0.0,0.0
2021-09-23,0.075,0.0
2021-09-24,0.475,0.453351265477597
2021-09-25,0.175,0.0
2021-09-26,0.087,0.0
2021-09-27,0.15,0.0
2021-09-28,0.125,0.0
2021-09-29,0.0,0.0
2021-09-30,0.0,0.0
2021-10-01,0.0,0.0
2021-10-02,0.037,0.0
2021-10-03,0.025,0.0
2021-10-04,0.05,0.0
2021-10-05,0.05,0.0
2021-10-06,0.037,0.0
2021-10-07,0.013,0.0
2021-10-08,0.113,0.0
2021-10-09,0.338,0.0
2021-10-10,0.287,0.0
2021-10-11,0.212,0.0
2021-10-12,0.325,0.0
2021-10-13,0.812,1.60118424647107
2021-10-14,0.975,0.0919083692811711
2021-10-15,1.087,0.0
2021-10-16,1.1,0.0
2021-10-17,1.1,0.0
2021-10-18,1.1,0.0
2021-10-19,1.1,0.0
2021-10-20,1.1,0.0
2021-10-21,1.1,0.0
2021-10-22,1.1,0.0
2021-10-23,1.1,0.0
2021-10-24,1.1,0.0
2021-10-25,1.1,0.0
2021-10-26,1.1,0.0
2021-10-27,1.1,2.14105354942035
2021-10-28,1.1,4.67692380790787
2021-10-29,1.1,4.73062266525461
2021-10-30,1.1,4.47352813040105
2021-10-31,1.1,4.14726162850438
2021-11-01,1.1,4.12094615638143
2021-11-02,1.1,4.22780781842455
2021-11-03,1.1,4.69724557766023
2021-11-04,1.1,4.98259856645438
2021-11-05,1.1,5.65452028972918
2021-11-06,1.1,6.08725053210916
2021-11-07,1.1,9.20246381527042
2021-11-08,1.35,14.087396028802
2021-11-09,1.488,14.4667288210118
2021-11-10,1.575,15.22975751519
2021-11-11,1.775,14.4982692438753
2021-11-12,1.675,14.0499965783253
2021-11-13,1.837,15.243144838635
2021-11-14,2.15,14.8525067720893
2021-11-15,2.2,17.7152286821919
2021-11-16,2.325,18.0027365145228
2021-11-17,2.587,24.586750581167
2021-11-18,2.962,30.322262656157
2021-11-19,3.375,33.1968057243431
2021-11-20,3.663,30.8948519960841
2021-11-21,4.1,35.8340860663607
2021-11-22,4.375,42.2900561594814
2021-11-23,4.625,39.8168058070361
2021-11-24,4.85,38.6884567557149
2021-11-25,5.088,40.9693750818897
2021-11-26,5.338,38.1094826909849
2021-11-27,5.525,37.8337510776672
2021-11-28,5.725,37.9154416919251
2021-11-29,5.825,38.6131849502631
2021-11-30,6.013,37.4262848153108
2021-12-01,6.188,38.6996279479489
2021-12-02,6.3,39.0897202658902
2021-12-03,6.463,40.4881334066913
2021-12-04,6.675,40.1683343214392
2021-12-05,7.075,39.7130518467738
2021-12-06,7.3,39.7215099842669
2021-12-07,7.162,41.0993274499009
2021-12-08,7.05,44.3465979883565
2021-12-09,7.15,43.08165527139
2021-12-10,7.438,46.6839283021618
2021-12-11,7.487,48.8347523487994
2021-12-12,7.525,47.5901524897372
2021-12-13,7.7,46.961851751383
2021-12-14,7.963,46.1628341282701
2021-12-15,8.113,46.3107876887285
2021-12-16,8.2,46.849775529557
2021-12-17,8.287,45.6665193879342
2021-12-18,8.3,45.4745197862382
2021-12-19,8.412,45.2945101739044
2021-12-20,8.488,45.4656996573569
2021-12-21,8.312,47.5148172831301
2021-12-22,8.287,47.0812398281023
2021-12-23,8.488,45.573758589752
2021-12-24,8.762,46.2220621243888
2021-12-25,8.912,46.0794658617309
2021-12-26,9.037,46.4277520944081
2021-12-27,9.225,48.4423365006529
2021-12-28,9.088,48.5351502650897
2021-12-29,9.1,49.9941740871537
2021-12-30,9.1,49.5959778349748
2021-12-31,9.2,51.0847444761509
2022-01-01,9.35,53.3545217441152
2022-01-02,9.425,54.1112968867866
2022-01-03,9.55,54.0919230184283
2022-01-04,9.675,53.7857571709631
2022-01-05,9.988,53.6014388208754
2022-01-06,10.225,53.7308544302669
2022-01-07,10.3,54.0814216333629
2022-01-08,10.312,53.2161442513018
2022-01-09,10.537,55.1700453548308
2022-01-10,10.8,62.3559012664366
2022-01-11,10.825,69.1201964638926
2022-01-12,10.863,70.4308761770836
2022-01-13,10.8,68.604074582438
2022-01-14,10.912,70.914163553071
2022-01-15,11.137,74.0232781154709
2022-01-16,11.238,71.8570727419547
2022-01-17,11.325,72.1347108672346
2022-01-18,11.412,70.7464819646695
2022-01-19,11.512,69.4930656908213
2022-01-20,11.787,71.0302187827148
2022-01-21,12.062,73.6614012764996
2022-01-22,12.713,85.1217271663276
2022-01-23,13.0,83.8377033893033
2022-01-24,13.025,80.2083416710767
2022-01-25,13.175,80.6807897400497
2022-01-26,13.325,80.1206483999623
2022-01-27,13.475,80.7397451627046
2022-01-28,13.912,87.1848215279207
2022-01-29,14.35,90.5877179671057
2022-01-30,14.787,96.3042823793023
2022-01-31,14.963,93.9733618865611
2022-02-01,15.088,91.4954518531934
2022-02-02,15.238,89.8509783546981
2022-02-03,15.4,88.4461292804078
2022-02-04,16.012,97.7908240112262
2022-02-05,16.613,110.286693186613
2022-02-06,17.212,113.610840072715
2022-02-07,17.688,109.502678276524
2022-02-08,18.15,111.911308643462
2022-02-09,18.875,116.266754521322
2022-02-10,19.462,112.152649014383
2022-02-11,19.625,107.982090423405
2022-02-12,19.837,109.447860576396
2022-02-13,20.15,110.087240804146
2022-02-14,20.3,109.008879190584
2022-02-15,20.387,107.366133655879
2022-02-16,20.575,109.029605553579
2022-02-17,21.05,115.186635732061
2022-02-18,21.488,120.312972053152
2022-02-19,22.175,127.319307751478
2022-02-20,22.462,124.600246831553
2022-02-21,22.663,122.128830770734
2022-02-22,22.738,120.186893396159
2022-02-23,22.863,118.492812795159
2022-02-24,22.988,116.538469461113
2022-02-25,23.087,115.600802330005
2022-02-26,23.337,115.803794882281
2022-02-27,23.6,115.669160139907
2022-02-28,23.788,114.326223723703
2022-03-01,23.8,113.609237576334
2022-03-02,23.913,112.825400979568
2022-03-03,24.0,112.756786155467
2022-03-04,24.087,110.936328055593
2022-03-05,24.1,110.477427113085
2022-03-06,24.25,113.182234003331
2022-03-07,24.538,115.205875291706
2022-03-08,24.675,113.926210873541
2022-03-09,24.788,112.858827558745
2022-03-10,24.85,112.67935708493
2022-03-11,25.1,115.940386317308
2022-03-12,25.4,117.425456878716
2022-03-13,25.65,117.3231603538
2022-03-14,25.775,116.28134692952
2022-03-15,26.012,122.25759697151
2022-03-16,26.188,121.8624755477
2022-03-17,26.363,119.419750863783
2022-03-18,26.462,118.098703121521
2022-03-19,26.525,116.938021506723
2022-03-20,26.6,116.343732556323
2022-03-21,26.738,117.51482932729
2022-03-22,27.025,122.637560841911
2022-03-23,27.4,124.991408511886
2022-03-24,27.625,122.53094064553
2022-03-25,27.725,120.615047117793
2022-03-26,27.788,119.241626470821
2022-03-27,27.875,119.004548393797
2022-03-28,27.962,117.690866906327
2022-03-29,28.0,116.297065764565
2022-03-30,28.2,116.567707529846
2022-03-31,28.538,119.379932980386
2022-04-01,28.85,120.1826131541
2022-04-02,29.038,119.196074504868
2022-04-03,29.15,117.780805837914
2022-04-04,29.212,116.390752212073
2022-04-05,29.3,114.480241083255
2022-04-06,29.325,113.534653155881
2022-04-07,29.425,113.17223258812
2022-04-08,29.5,112.403842250857
2022-04-09,29.562,111.786081112326
2022-04-10,29.788,112.969093825519
2022-04-11,29.95,112.145615908355
2022-04-12,30.05,111.586961982094
2022-04-13,30.062,111.254145600597
2022-04-14,30.15,110.821158136794
2022-04-15,30.188,110.248562302945
2022-04-16,30.387,114.185647572757
2022-04-17,30.562,113.078627479771
2022-04-18,30.637,112.543924433011
2022-04-19,30.688,110.917243567817
2022-04-20,30.712,109.853291923253
2022-04-21,30.75,108.76340550492
2022-04-22,30.8,106.887977253263
2022-04-23,30.863,104.174858927176
2022-04-24,31.0,101.584247524223
2022-04-25,31.413,98.1938308698766
2022-04-26,31.075,94.648875892155
2022-04-27,31.276,92.3496604976688
2022-04-28,31.41,89.8248685280844
2022-04-29,31.636,86.7129138627864
2022-04-30,31.846,82.9603787574762
2022-05-01,31.625,79.3353503087854
2022-05-02,30.837,75.9261380337596
2022-05-03,29.475,71.1139542331777
2022-05-04,28.65,67.1410885715717
2022-05-05,28.175,64.4481326181921
2022-05-06,27.637,61.5235028230049
2022-05-07,27.075,58.6625213734725
2022-05-08,26.55,56.6604218706681
2022-05-09,26.1,54.3486387884246
2022-05-10,25.438,52.1839502857841
2022-05-11,24.75,50.0686912974135
2022-05-12,24.113,47.3989466978881
2022-05-13,23.312,43.415658683252
2022-05-14,21.863,40.542155049669
2022-05-15,22.062,43.0296818404547
2022-05-16,20.712,38.5104439469436
2022-05-17,21.35,38.9648361564594
2022-05-18,22.015,36.7759423979581
2022-05-19,21.285,33.8181477422234
2022-05-20,21.012,30.8737742500786
2022-05-21,18.875,26.5551447154331
2022-05-22,16.275,21.4864229599207
2022-05-23,15.287,14.6500631053148
2022-05-24,12.287,9.51633919535214
2022-05-25,10.938,4.03763106209383
2022-05-26,7.675,0.0
2022-05-27,5.938,0.0
2022-05-28,2.087,0.0
2022-05-29,0.188,0.0
2022-05-30,0.0,0.0
2022-05-31,0.0,0.0
2022-06-01,0.0,0.0
2022-06-02,0.0,0.0
2022-06-03,0.0,0.0
2022-06-04,0.0,0.0
2022-06-05,0.0,0.0
2022-06-06,0.0,0.0
2022-06-07,0.0,0.0
2022-06-08,0.0,0.0
2022-06-09,0.0,0.0
2022-06-10,0.0,0.0
2022-06-11,0.0,0.0
2022-06-12,0.0,0.0
2022-06-13,0.0,0.0
2022-06-14,0.0,0.0
2022-06-15,0.0,0.0
2022-06-16,0.0,0.0
2022-06-17,0.0,0.0
2022-06-18,0.0,0.0
2022-06-19,0.0,0.0
2022-06-20,0.0,0.0
2022-06-21,0.0,0.0
2022-06-22,0.0,0.0
2022-06-23,0.0,0.0
2022-06-24,0.0,0.0
2022-06-25,0.0,0.0
2022-06-26,0.0,0.0
2022-06-27,0.0,0.0
2022-06-28,0.0,0.0
2022-06-29,0.0,0.0
2022-06-30,0.0,0.0
2022-07-01,0.0,0.0
2022-07-02,0.0,0.0
2022-07-03,0.0,0.0
2022-07-04,0.0,0.0
2022-07-05,0.0,0.0
2022-07-06,0.0,0.0
2022-07-07,0.0,0.0
2022-07-08,0.0,0.0
2022-07-09,0.0,0.0
2022-07-10,0.0,0.0
2022-07-11,0.0,0.0
2022-07-12,0.0,0.0
2022-07-13,0.0,0.0
2022-07-14,0.0,0.0
2022-07-15,0.0,0.0
2022-07-16,0.0,0.0
2022-07-17,0.0,0.0
2022-07-18,0.0,0.0
2022-07-19,0.0,0.0
2022-07-20,0.0,0.0
2022-07-21,0.0,0.0
2022-07-22,0.0,0.0
2022-07-23,0.0,0.0
2022-07-24,0.0,0.0
2022-07-25,0.0,0.0
2022-07-26,0.0,0.0
2022-07-27,0.0,0.0
2022-07-28,0.0,0.0
2022-07-29,0.0,0.0
2022-07-30,0.0,0.0
2022-07-31,0.0,0.0
2022-08-01,0.0,0.0
2022-08-02,0.0,0.0
2022-08-03,0.0,0.0
2022-08-04,0.0,0.0
2022-08-05,0.0,0.0
2022-08-06,0.0,0.0
2022-08-07,0.0,0.0
2022-08-08,0.0,0.0
2022-08-09,0.0,0.0
2022-08-10,0.0,0.0
2022-08-11,0.0,0.0
2022-08-12,0.0,0.0
2022-08-13,0.0,0.0
2022-08-14,0.0,0.0
2022-08-15,0.0,0.0
2022-08-16,0.0,0.0
2022-08-17,0.0,0.0
2022-08-18,0.0,0.0
2022-08-19,0.0,0.0
2022-08-20,0.0,0.0
2022-08-21,0.0,0.0
2022-08-22,0.0,0.0
2022-08-23,0.0,0.0
2022-08-24,0.0,0.0
2022-08-25,0.0,0.0
2022-08-26,0.0,0.0
2022-08-27,0.0,0.0
2022-08-28,0.0,0.0
2022-08-29,0.0,0.0
2022-08-30,0.0,0.0
2022-08-31,0.0,0.0
2022-09-01,0.0,0.0
2022-09-02,0.0,0.0
2022-09-03,0.0,0.0
2022-09-04,0.0,0.0
2022-09-05,0.0,0.0
2022-09-06,0.0,0.0
2022-09-07,0.0,0.0
2022-09-08,0.0,0.0
2022-09-09,0.0,0.0
2022-09-10,0.0,0.0
2022-09-11,0.0,0.0
2022-09-12,0.0,0.0
2022-09-13,0.0,0.0
2022-09-14,0.0,0.0
2022-09-15,0.0,0.0
2022-09-16,0.0,0.0
2022-09-17,0.0,0.0
2022-09-18,0.0,0.0
2022-09-19,0.0,0.0
2022-09-20,0.0,0.0
2022-09-21,0.0,0.0
2022-09-22,0.0,0.0
2022-09-23,0.0,0.0
2022-09-24,0.0,0.0
2022-09-25,0.0,0.0
2022-09-26,0.0,0.0
2022-09-27,0.0,0.0
2022-09-28,0.0,0.0
2022-09-29,0.0,0.0
2022-09-30,0.0,0.0
2022-10-01,0.0,0.0
2022-10-02,0.0,0.0
2022-10-03,0.0,0.0
2022-10-04,0.0,0.0
2022-10-05,0.0,0.0
2022-10-06,0.0,0.0
2022-10-07,0.0,0.0
2022-10-08,0.0,0.0
2022-10-09,0.0,0.0
2022-10-10,0.0,0.0
2022-10-11,0.0,0.0
2022-10-12,0.0,0.0
2022-10-13,0.0,0.0
2022-10-14,0.0,0.0
2022-10-15,0.487,3.91071189915331
2022-10-16,1.125,7.2493682563277
2022-10-17,1.238,5.27337152720899
2022-10-18,1.25,3.80670767272456
2022-10-19,0.75,0.825760987913075
2022-10-20,0.037,0.0
2022-10-21,0.0,0.0
2022-10-22,0.062,1.13782909093212
2022-10-23,0.225,2.49908055458018
2022-10-24,0.075,1.76821234704262
2022-10-25,0.212,2.58866338622187
2022-10-26,0.375,4.88381118135001
2022-10-27,1.163,13.1020662482314
2022-10-28,1.637,16.727435110674
2022-10-29,1.775,15.1879241774188
2022-10-30,2.163,18.8952068091878
2022-10-31,2.938,25.271216160387
2022-11-01,3.688,28.9567241861684
2022-11-02,3.763,27.4192077684209
2022-11-03,4.188,31.7525180102403
2022-11-04,4.412,30.6308662866534
2022-11-05,4.3,28.3234006292358
2022-11-06,3.4,27.0321622637219
2022-11-07,4.0,26.425996390728
2022-11-08,4.0,26.0834763429413
2022-11-09,3.8,25.8188488373767
2022-11-10,3.888,25.8403262769206
2022-11-11,4.338,26.898985039921
2022-11-12,4.438,27.3613500971619
2022-11-13,4.662,30.1773902963012
2022-11-14,4.787,29.5208149532002
2022-11-15,4.85,28.3371939015558
2022-11-16,4.575,28.332350489035
2022-11-17,4.838,28.3486775882775
2022-11-18,4.7,28.3508324306761
2022-11-19,4.65,28.6812193253612
2022-11-20,4.8,28.9162175421348
2022-11-21,5.013,30.100750213128
2022-11-22,5.287,30.9874942883837
2022-11-23,5.287,30.6097729067877
2022-11-24,5.737,35.7659276644049
2022-11-25,6.162,37.5091721532964
2022-11-26,6.275,40.1902475061093
2022-11-27,6.3,39.9632183393425
2022-11-28,6.388,38.784027408691
2022-11-29,6.487,38.5516535727368
2022-11-30,6.362,39.6968901785267
2022-12-01,6.475,39.681784449847
2022-12-02,6.612,39.0839444767042
2022-12-03,6.725,37.5546529150267
2022-12-04,6.838,37.6707505193244
2022-12-05,6.938,36.415688978723
2022-12-06,7.05,40.0249022355738
2022-12-07,7.237,40.6151374283749
2022-12-08,7.4,41.0719859544254
2022-12-09,7.675,41.5561440126009
2022-12-10,7.8,40.9459114272917
2022-12-11,7.8,39.1689587756165
2022-12-12,7.925,40.2796885878448
2022-12-13,8.075,41.5654948333229
2022-12-14,8.238,42.4828856613366
2022-12-15,9.0,44.4395514772504
2022-12-16,9.65,46.6116116104616
2022-12-17,9.762,48.7836717436728
2022-12-18,9.875,51.2088236321206
2022-12-19,9.938,53.4074234001878
2022-12-20,10.0,52.218813061516
2022-12-21,10.062,51.2802192983896
2022-12-22,10.129,52.2622868408207
2022-12-23,10.238,53.6800688290145
2022-12-24,10.475,55.2929536270472
2022-12-25,10.675,56.9495971431514
2022-12-26,11.012,60.6364130126727
2022-12-27,11.1,60.4885874421103
2022-12-28,11.2,62.4280147760406
2022-12-29,11.2,56.9031733428811
2022-12-30,11.225,55.5490157236873
2022-12-31,11.3,58.1855311530124
2023-01-01,11.338,59.1856795458206
2023-01-02,11.488,59.9967297525261
2023-01-03,11.5,60.7793334424184
2023-01-04,11.5,59.2238484143337
2023-01-05,11.5,60.9789122999679
2023-01-06,11.512,59.0179785360477
2023-01-07,11.6,58.3874909117783
2023-01-08,11.6,56.875918247987
2023-01-09,11.6,54.0513591112592
2023-01-10,11.6,54.7469785516988
2023-01-11,11.7,59.4710842445384
2023-01-12,11.925,61.031502714803
2023-01-13,12.0,61.8823305557269
2023-01-14,12.0,61.2316259227765
2023-01-15,12.0,62.3623493440856
2023-01-16,12.037,60.4767220309184
2023-01-17,12.037,58.9674288035736
2023-01-18,12.137,59.174796906423
2023-01-19,12.387,63.5006416975189
2023-01-20,12.688,68.6435445875318
2023-01-21,13.075,71.2427488663018
2023-01-22,13.175,69.3789759287461
2023-01-23,13.3,70.6037908697563
2023-01-24,13.488,73.4632312833144
2023-01-25,13.863,74.3352805450902
2023-01-26,14.738,73.1403825681154
2023-01-27,14.412,72.0108575961635
2023-01-28,14.238,71.5122590401941
2023-01-29,14.162,71.3412919198423
2023-01-30,14.338,71.8191776840515
2023-01-31,14.5,72.4704103994464
2023-02-01,14.625,70.4686990300092
2023-02-02,14.613,73.6067931548005
2023-02-03,14.725,69.9662380533724
2023-02-04,14.738,72.4963630480702
2023-02-05,14.9,74.2466930739606
2023-02-06,15.175,80.5948123284322
2023-02-07,15.5,82.7621872937132
2023-02-08,15.6,82.2338894610228
2023-02-09,15.662,80.7117622395271
2023-02-10,15.812,81.3774613388426
2023-02-11,16.075,84.3641275522363
2023-02-12,16.3,84.3373429365434
2023-02-13,16.475,85.0890816958405
2023-02-14,16.613,84.6835331798129
2023-02-15,16.725,82.8877075892061
2023-02-16,16.988,89.9710172337067
2023-02-17,17.137,85.7686096360414
2023-02-18,17.2,84.2708607800797
2023-02-19,17.288,85.473003175542
2023-02-20,17.387,84.2494725193349
2023-02-21,17.413,81.2659641025795
2023-02-22,17.5,83.0480773549638
2023-02-23,17.613,81.749398009265
2023-02-24,17.6,82.5246516187203
2023-02-25,17.688,83.0009327817876
2023-02-26,17.7,84.0384053954921
2023-02-27,17.775,84.56747138645
2023-02-28,17.875,85.3970328924944
2023-03-01,17.962,86.6812359826742
2023-03-02,18.275,91.5759927965059
2023-03-03,18.45,90.8017470192718
2023-03-04,18.575,91.8800483608257
2023-03-05,18.675,91.1474724930488
2023-03-06,18.762,90.8135771521185
2023-03-07,18.8,90.0135083572696
2023-03-08,18.887,89.602787814418
2023-03-09,18.9,89.1507763330203
2023-03-10,18.938,88.8241684686934
2023-03-11,19.025,88.6280376199538
2023-03-12,19.038,
2023-03-13,19.062,
2023-03-14,19.0,
2023-03-15,19.025,
2023-03-16,19.262,
2023-03-17,19.337,90.7406160617412
2023-03-18,19.363,90.4375821712986
2023-03-19,19.4,90.1226763464116
2023-03-20,19.4,89.2870711996188
2023-03-21,19.4,88.7067049857999
2023-03-22,19.4,87.8927948868346
2023-03-23,19.414,87.2275903491228
2023-03-24,19.375,86.4756581812937
2023-03-25,19.375,87.0863605862785
2023-03-26,19.438,87.4205416408843
2023-03-27,19.5,87.4980747410325
2023-03-28,19.475,86.8092389888616
2023-03-29,19.5,86.3105503528254
2023-03-30,19.488,86.3452399099513
2023-03-31,19.5,86.0565444232077
2023-04-01,19.488,85.7236243800668
2023-04-02,19.475,85.3792233160661
2023-04-03,19.475,85.0373652187375
2023-04-04,19.55,84.8830233736724
2023-04-05,19.488,84.9195274120938
2023-04-06,19.45,83.9190046787211
2023-04-07,19.288,81.0776409670624
2023-04-08,17.962,78.2809466142098
2023-04-09,18.113,76.5420389706091
2023-04-10,18.312,75.4762691645427
2023-04-11,18.425,76.4397691554042
2023-04-12,18.462,75.1344802405782
2023-04-13,18.3,76.249424116626
2023-04-14,18.337,75.8972080846751
2023-04-15,18.312,75.8492063657831
2023-04-16,18.325,77.9678549724449
2023-04-17,18.363,75.6139887834585
2023-04-18,18.45,72.7741141548081
2023-04-19,18.613,70.2803819537289
2023-04-20,18.625,68.9383733122712
2023-04-21,18.587,67.1049953872261
2023-04-22,18.837,64.6875094326964
2023-04-23,18.671,62.2130015662791
2023-04-24,18.275,61.0475596880734
2023-04-25,18.15,59.5033146738873
2023-04-26,17.675,57.684925859461
2023-04-27,17.25,57.032323081159
2023-04-28,17.363,56.029213905671
2023-04-29,17.2,52.5902479132267
2023-04-30,16.837,48.6165829416605
2023-05-01,16.062,43.8190078171544
2023-05-02,15.062,39.8480505081247
2023-05-03,14.125,36.1021630592503
2023-05-04,13.262,31.4625980511831
2023-05-05,11.912,26.107516030154
2023-05-06,9.85,19.1590049633521
2023-05-07,8.225,13.6012331919429
2023-05-08,7.775,9.2288327908797
2023-05-09,5.8,4.206188073834
2023-05-10,3.125,0.716994187373865
2023-05-11,0.838,0.0
2023-05-12,0.0,0.0
2023-05-13,0.0,0.0
2023-05-14,0.0,0.0
2023-05-15,0.0,0.0
2023-05-16,0.0,0.0
2023-05-17,0.0,0.0
2023-05-18,0.0,0.0
2023-05-19,0.0,0.0
2023-05-20,0.0,0.0
2023-05-21,0.0,0.0
2023-05-22,0.0,0.0
2023-05-23,0.0,0.0
2023-05-24,0.0,0.0
2023-05-25,0.0,0.0
2023-05-26,0.0,0.0
2023-05-27,0.0,0.0
2023-05-28,0.0,0.0
2023-05-29,0.0,0.0
2023-05-30,0.0,0.0
2023-05-31,0.0,0.0
2023-06-01,0.0,0.0
2023-06-02,0.0,0.0
2023-06-03,0.0,0.0
2023-06-04,0.0,0.0
2023-06-05,0.0,0.0
2023-06-06,0.0,0.0
2023-06-07,0.0,0.0
2023-06-08,0.0,0.0
2023-06-09,0.0,0.0
2023-06-10,0.0,0.0
2023-06-11,0.0,0.0
2023-06-12,0.0,0.0
2023-06-13,0.0,0.0
2023-06-14,0.0,0.0
2023-06-15,0.0,0.0
2023-06-16,0.0,0.0
2023-06-17,0.0,0.0
2023-06-18,0.0,0.0
2023-06-19,0.0,0.0
2023-06-20,0.0,0.0
2023-06-21,0.0,0.0
2023-06-22,0.0,0.0
2023-06-23,0.0,0.0
2023-06-24,0.0,0.0
2023-06-25,0.0,0.0
2023-06-26,0.0,0.0
2023-06-27,0.0,0.0
2023-06-28,0.0,0.0
2023-06-29,0.0,0.0
2023-06-30,0.0,0.0
2023-07-01,0.0,0.0
2023-07-02,0.0,0.0
2023-07-03,0.0,0.0
2023-07-04,0.0,0.0
2023-07-05,0.0,0.0
2023-07-06,0.0,0.0
2023-07-07,0.0,0.0
2023-07-08,0.0,0.0
2023-07-09,0.0,0.0
2023-07-10,0.0,0.0
2023-07-11,0.0,0.0
2023-07-12,0.0,0.0
2023-07-13,0.0,0.0
2023-07-14,0.0,0.0
2023-07-15,0.0,0.0
2023-07-16,0.0,0.0
2023-07-17,0.0,0.0
2023-07-18,0.0,0.0
2023-07-19,0.0,0.0
2023-07-20,0.0,0.0
2023-07-21,0.0,0.0
2023-07-22,0.0,0.0
2023-07-23,0.0,0.0
2023-07-24,0.0,0.0
2023-07-25,0.0,0.0
2023-07-26,0.0,0.0
2023-07-27,0.0,0.0
2023-07-28,0.0,0.0
2023-07-29,0.0,0.0
2023-07-30,0.0,0.0
2023-07-31,0.0,0.0
2023-08-01,0.0,0.0
2023-08-02,0.0,0.0
2023-08-03,0.0,0.0
2023-08-04,0.0,0.0
2023-08-05,0.0,0.0
2023-08-06,0.0,0.0
2023-08-07,0.0,0.0
2023-08-08,0.0,0.0
2023-08-09,0.0,0.0
2023-08-10,0.0,0.0
2023-08-11,0.0,0.0
2023-08-12,0.0,0.0
2023-08-13,0.0,0.0
2023-08-14,0.0,0.0
2023-08-15,0.0,0.0
2023-08-16,0.0,0.0
2023-08-17,0.0,0.0
2023-08-18,0.0,0.0
2023-08-19,0.0,0.0
2023-08-20,0.0,0.0
2023-08-21,0.0,0.0
2023-08-22,0.0,0.0
2023-08-23,0.0,0.0
2023-08-24,0.0,0.0
2023-08-25,0.0,0.0
2023-08-26,0.0,0.0
2023-08-27,0.0,0.0
2023-08-28,0.0,0.0
2023-08-29,0.0,0.0
2023-08-30,0.0,0.0
2023-08-31,0.0,0.0
2023-09-01,0.0,0.0
2023-09-02,0.0,0.0
2023-09-03,0.0,0.0
2023-09-04,0.0,0.0
2023-09-05,0.0,0.0
2023-09-06,0.0,0.0
2023-09-07,0.0,0.0
2023-09-08,0.0,0.0
2023-09-09,0.0,0.0
2023-09-10,0.0,0.0
2023-09-11,0.0,0.0
2023-09-12,0.0,0.0
2023-09-13,0.0,0.0
2023-09-14,0.0,0.0
2023-09-15,0.0,0.0
2023-09-16,0.0,0.0
2023-09-17,0.0,0.0
2023-09-18,0.0,0.0
2023-09-19,0.0,0.0
2023-09-20,0.0,0.0
2023-09-21,0.0,0.0
2023-09-22,0.0,0.0
2023-09-23,0.0,0.0
2023-09-24,0.0,0.0
2023-09-25,0.0,0.0
2023-09-26,0.0,0.0
2023-09-27,0.0,0.0
2023-09-28,0.0,0.0
2023-09-29,0.0,0.0
2023-09-30,0.0,0.0
2023-10-01,0.0,0.0
2023-10-02,0.0,0.0
2023-10-03,0.0,0.0
2023-10-04,0.0,0.0
2023-10-05,0.225,1.97854172428886
2023-10-06,1.538,9.76896857292913
2023-10-07,1.675,6.99149948351355
2023-10-08,0.825,2.21949356187374
2023-10-09,0.062,0.35227579305295
2023-10-10,0.013,0.178652079480575
2023-10-11,0.013,0.424330319432901
2023-10-12,0.013,0.398569925116121
2023-10-13,0.013,0.131158414091125
2023-10-14,0.0,0.244700914321339
2023-10-15,0.0,0.418323930140602
2023-10-16,0.0,0.510961978600925
2023-10-17,0.05,0.662609943110915
2023-10-18,0.075,0.208064603352142
2023-10-19,0.075,
2023-10-20,0.0,
2023-10-21,0.0,0.62047146433266
2023-10-22,0.0,0.884097623453879
2023-10-23,0.0,1.04671649622575
2023-10-24,0.0,0.755554285052959
2023-10-25,0.0,0.873515178101162
2023-10-26,0.0,0.853907077442418
2023-10-27,0.0,0.99100257978176
2023-10-28,0.0,0.986897126738121
2023-10-29,0.0,1.08354525126055
2023-10-30,0.025,1.28786628735533
2023-10-31,0.025,1.2568798489913
2023-11-01,0.025,1.77197874733256
2023-11-02,0.025,1.7678330694592
2023-11-03,0.075,2.14009868446743
2023-11-04,0.287,3.61865271663623
2023-11-05,0.613,8.31578878315356
2023-11-06,0.9,11.1819503811371
2023-11-07,1.25,13.0706653347953
2023-11-08,1.4,12.5435195570101
2023-11-09,1.4,11.794937064734
2023-11-10,1.4,10.8926640562685
2023-11-11,1.55,11.8756339294986
2023-11-12,1.613,11.7477958369267
2023-11-13,1.663,12.3431053662937
2023-11-14,1.7,13.3871898002436
2023-11-15,1.7,12.7785192632561
2023-11-16,1.975,19.2624835913284
2023-11-17,2.1,18.2687921769979
2023-11-18,2.4,19.8596828950969
2023-11-19,2.6,20.941934516532
2023-11-20,2.6,20.1569846754938
2023-11-21,2.975,24.8765454996783
2023-11-22,3.2,26.2076448082456
2023-11-23,3.275,25.1717840581432
2023-11-24,3.4,24.0990555679519
2023-11-25,3.4,23.1376044919818
2023-11-26,3.462,23.3934985683301
2023-11-27,4.275,31.0179010518747
2023-11-28,4.575,31.5362991312855
2023-11-29,4.625,31.6214577923759
2023-11-30,4.7,29.7522547267161
2023-12-01,4.7,29.490902623202
2023-12-02,4.787,30.0497445880238
2023-12-03,4.85,30.2243145914449
2023-12-04,4.9,29.9329641572589
2023-12-05,5.15,33.5192133172614
2023-12-06,5.35,36.5482271483065
2023-12-07,5.425,37.4432979037366
2023-12-08,5.513,36.3031357240754
2023-12-09,5.625,37.2269744003604
2023-12-10,5.875,38.0642080511088
2023-12-11,6.013,38.6179420422015
2023-12-12,6.175,39.830968022109
2023-12-13,6.562,42.5181487980438
2023-12-14,6.638,41.3362629338402
2023-12-15,6.75,42.3621452986436
2023-12-16,6.9,42.7900186664497
2023-12-17,7.138,44.844545065061
2023-12-18,7.55,48.8340593789896
2023-12-19,7.638,47.5225607903376
2023-12-20,7.725,47.0858789725551
2023-12-21,7.9,48.6044379867327
2023-12-22,8.0,49.4266581351078
2023-12-23,8.088,48.0532770988898
2023-12-24,8.325,49.6470676751417
2023-12-25,8.4,48.4215959719422
2023-12-26,8.525,49.2127674989197
2023-12-27,8.762,51.9652750731459
2023-12-28,8.863,51.4962879679389
2023-12-29,9.037,50.8058518552942
2023-12-30,9.213,51.146074839658
2023-12-31,9.363,51.0035661175253
2024-01-01,9.4,51.8820888989896
2024-01-02,9.438,50.7367585639088
2024-01-03,9.562,56.1735285604382
2024-01-04,9.9,61.715847148895
2024-01-05,10.213,66.5374426049189
2024-01-06,10.338,64.837500262589
2024-01-07,10.4,62.1196945217324
2024-01-08,10.463,61.1750553111334
2024-01-09,10.613,60.5425091637867
2024-01-10,10.725,60.1483112742949
2024-01-11,10.8,59.4839078422217
2024-01-12,10.887,59.1559765248702
2024-01-13,10.912,58.8704212184953
2024-01-14,11.012,58.884877714849
2024-01-15,11.1,59.1982445396164
2024-01-16,11.137,58.3008443872413
2024-01-17,11.2,57.9978362528348
2024-01-18,11.275,57.5788332269304
2024-01-19,11.3,57.5314232440155
2024-01-20,11.312,57.2963772800221
2024-01-21,11.4,57.0935523444309
2024-01-22,11.537,57.7906637340997
2024-01-23,11.85,62.014300868144
2024-01-24,12.188,65.6132804596957
2024-01-25,12.375,66.9965105378361
2024-01-26,12.512,67.9495017315838
2024-01-27,13.088,78.1941592309841
2024-01-28,13.287,74.3124390206049
2024-01-29,13.775,80.0090366501039
2024-01-30,13.975,77.8773750768702
2024-01-31,14.113,76.716958536415
2024-02-01,14.375,79.2963945649573
2024-02-02,14.7,82.5545789604532
2024-02-03,15.075,86.0912939168401
2024-02-04,15.188,84.897213605812
2024-02-05,15.363,84.7451587885123
2024-02-06,15.562,84.430839966341
2024-02-07,15.688,83.599061130219
2024-02-08,15.762,82.3463601479931
2024-02-09,15.8,81.7489094806198
2024-02-10,16.012,86.7263320093081
2024-02-11,16.238,86.3164192240084
2024-02-12,16.337,86.255482152345
2024-02-13,16.4,84.6444883526972
2024-02-14,16.413,82.6791288915941
2024-02-15,16.5,81.7940543951855
2024-02-16,16.5,81.6307588956624
2024-02-17,16.562,81.3000380921735
2024-02-18,16.6,80.4934590141203
2024-02-19,16.663,80.6463011879883
2024-02-20,16.7,80.0648976826361
2024-02-21,16.725,79.7191029130984
2024-02-22,16.7,79.3504731198243
2024-02-23,16.812,79.8728818757598
2024-02-24,16.863,79.3266107645313
2024-02-25,16.863,79.1607942084512
2024-02-26,16.887,78.8486701489277
2024-02-27,16.9,78.9250323832985
2024-02-28,16.975,78.8126754895848
2024-02-29,17.113,78.9810981855211
2024-03-01,17.188,78.8583748526029
2024-03-02,17.275,78.6974846138486
2024-03-03,17.35,78.7335893384746
2024-03-04,17.4,78.6043832092347
2024-03-05,17.5,78.6059731633559
2024-03-06,17.6,78.3939188109239
2024-03-07,17.663,78.5252226257163
2024-03-08,17.75,78.4387048267383
2024-03-09,17.812,79.3469601944752
2024-03-10,17.825,79.4778548098357
2024-03-11,17.85,79.7467840146557
2024-03-12,17.9,80.0405501476338
2024-03-13,17.9,80.1484857464057
2024-03-14,18.062,81.8842913353023
2024-03-15,18.2,81.7783486160672
2024-03-16,18.375,83.5089015395432
2024-03-17,18.475,82.2947236890473
2024-03-18,18.363,80.8864671216777
2024-03-19,18.312,79.8430375648848
2024-03-20,18.262,79.5574395320177
2024-03-21,18.225,78.8635417398137
2024-03-22,18.2,78.2552515985237
2024-03-23,18.238,78.3425694009946
2024-03-24,18.3,78.2954923431597
2024-03-25,18.337,77.9936866295711
2024-03-26,18.337,77.5505248019297
2024-03-27,18.35,76.8693613366073
2024-03-28,18.375,76.5933865660569
2024-03-29,18.312,76.6815081032484
2024-03-30,18.288,76.0457687282348
2024-03-31,18.312,75.2060573533421
2024-04-01,18.337,75.580439071541
2024-04-02,18.363,77.0387087265666
2024-04-03,18.413,77.9566528479344
2024-04-04,18.438,78.4076634037314
2024-04-05,18.438,78.1139420992417
2024-04-06,18.45,78.2108235978753
2024-04-07,18.512,76.8142276089713
2024-04-08,18.512,76.8159843973145
2024-04-09,18.538,76.6457636652475
2024-04-10,18.55,76.1676633582743
2024-04-11,18.538,75.2193090367733
2024-04-12,18.525,73.7500125693792
2024-04-13,18.475,73.4980997332237
2024-04-14,18.5,73.0635919163435
2024-04-15,18.48,72.5189912016227
2024-04-16,18.425,70.8602692896927
2024-04-17,18.425,69.4258728514577
2024-04-18,18.475,66.3973970766129
2024-04-19,18.525,63.4906496044147
2024-04-20,18.188,58.9102285930957
2024-04-21,17.775,53.1467861611083
2024-04-22,17.425,48.6260437339779
2024-04-23,16.918,44.7084093488092
2024-04-24,16.255,41.8110288881129
2024-04-25,15.155,39.4567593183791
2024-04-26,13.992,37.4436686753314
2024-04-27,12.879,35.4289452889201
2024-04-28,11.767,33.7249450718679
2024-04-29,10.429,30.5169269598804
2024-04-30,9.229,27.5172122018432
2024-05-01,7.866,23.877745467233
2024-05-02,6.123,19.4560438678814
2024-05-03,4.653,15.5638737759876
2024-05-04,2.853,10.5137067706115
2024-05-05,0.665,3.8482682837374
2024-05-06,0.0,0.430942447639044
2024-05-07,0.0,0.0
2024-05-08,0.0,0.0
2024-05-09,0.0,0.0
2024-05-10,0.0,0.0
2024-05-11,0.0,0.0
2024-05-12,0.0,0.0
2024-05-13,0.0,0.0
2024-05-14,0.0,0.0
2024-05-15,0.0,0.0
2024-05-16,0.0,0.0
2024-05-17,0.0,0.0
2024-05-18,0.0,0.0
2024-05-19,0.0,0.0
2024-05-20,0.0,0.0
2024-05-21,0.0,0.0
2024-05-22,0.0,0.0
2024-05-23,0.0,0.0
2024-05-24,0.0,0.0
2024-05-25,0.0,0.0
2024-05-26,0.0,0.0
2024-05-27,0.0,0.0
2024-05-28,0.0,0.0
2024-05-29,0.0,0.0
2024-05-30,0.0,0.0
2024-05-31,0.0,0.0
2024-06-01,0.0,0.0
2024-06-02,0.0,0.0
2024-06-03,0.0,0.0
2024-06-04,0.0,0.0
2024-06-05,0.0,0.0
2024-06-06,0.0,0.0
2024-06-07,0.0,0.0
2024-06-08,0.0,0.0
2024-06-09,0.0,0.0
2024-06-10,0.0,0.0
2024-06-11,0.0,0.0
2024-06-12,0.0,0.0
2024-06-13,0.0,0.0
2024-06-14,0.0,0.0
2024-06-15,0.0,0.0
2024-06-16,0.0,0.0
2024-06-17,0.0,0.0
2024-06-18,0.0,0.0
2024-06-19,0.0,0.0
2024-06-20,0.0,0.0
2024-06-21,0.0,0.0
2024-06-22,0.0,0.0
2024-06-23,0.0,0.0
2024-06-24,0.0,0.0
2024-06-25,0.0,0.0
2024-06-26,0.0,0.0
2024-06-27,0.0,0.0
2024-06-28,0.0,0.0
2024-06-29,0.0,0.0
2024-06-30,0.0,0.0
2024-07-01,0.0,0.0
2024-07-02,0.0,0.0
2024-07-03,0.0,0.0
2024-07-04,0.0,0.0
2024-07-05,0.0,0.0
2024-07-06,0.0,0.0
2024-07-07,0.0,0.0
2024-07-08,0.0,0.0
2024-07-09,0.0,0.0
2024-07-10,0.0,0.0
2024-07-11,0.0,0.0
2024-07-12,0.0,0.0
2024-07-13,0.0,0.0
2024-07-14,0.0,0.0
2024-07-15,0.0,0.0
2024-07-16,0.0,0.0
2024-07-17,0.0,0.0
2024-07-18,0.0,0.0
2024-07-19,0.0,0.0
2024-07-20,0.0,0.0
2024-07-21,0.0,0.0
2024-07-22,0.0,0.0
2024-07-23,0.0,0.0
2024-07-24,0.0,0.0
2024-07-25,0.0,0.0
2024-07-26,0.0,0.0
2024-07-27,0.0,0.0
2024-07-28,0.0,0.0
2024-07-29,0.0,0.0
2024-07-30,0.0,0.0
2024-07-31,0.0,0.0
2024-08-01,0.0,0.0
2024-08-02,0.0,0.0
2024-08-03,0.0,0.0
2024-08-04,0.0,0.0
2024-08-05,0.0,0.0
2024-08-06,0.0,0.0
2024-08-07,0.0,0.0
2024-08-08,0.0,0.0
2024-08-09,0.0,0.0
2024-08-10,0.0,0.0
2024-08-11,0.0,0.0
2024-08-12,0.0,0.0
2024-08-13,0.0,0.0
2024-08-14,0.0,0.0
2024-08-15,0.0,0.0
2024-08-16,0.0,0.0
2024-08-17,0.0,0.0
2024-08-18,0.0,0.0
2024-08-19,0.0,0.0
2024-08-20,0.0,0.0
2024-08-21,0.0,0.0
2024-08-22,0.0,0.0
2024-08-23,0.0,0.0
2024-08-24,0.0,0.0
2024-08-25,0.0,0.0
2024-08-26,0.0,0.0
2024-08-27,0.0,0.0
2024-08-28,0.0,0.0
2024-08-29,0.0,0.0
2024-08-30,0.0,0.0
2024-08-31,0.0,0.0
2024-09-01,0.0,0.0
2024-09-02,0.0,0.0
2024-09-03,0.0,0.0
2024-09-04,0.0,0.0
2024-09-05,0.0,0.0
2024-09-06,0.0,0.0
2024-09-07,0.0,0.0
2024-09-08,0.0,0.0
2024-09-09,0.0,0.0
2024-09-10,0.0,0.0
2024-09-11,0.0,0.0
2024-09-12,0.0,0.0
2024-09-13,0.0,0.0
2024-09-14,0.0,0.0
2024-09-15,0.0,0.0
2024-09-16,0.0,0.0
2024-09-17,0.0,0.0
2024-09-18,0.0,0.0
2024-09-19,0.0,0.0
2024-09-20,0.0,0.0
2024-09-21,0.0,0.0
2024-09-22,0.0,0.0
2024-09-23,0.0,0.0
2024-09-24,0.0,0.0
2024-09-25,0.0,0.0
2024-09-26,0.013,0.0
2024-09-27,0.0,0.0
2024-09-28,0.0,0.0
2024-09-29,0.0,0.0
2024-09-30,0.013,0.0
2024-10-01,0.0,0.0
2024-10-02,0.0,0.0
2024-10-03,0.0,0.0
2024-10-04,0.013,0.0
2024-10-05,0.062,0.0
2024-10-06,0.175,0.0
2024-10-07,0.05,0.0
2024-10-08,0.0,0.0
2024-10-09,0.013,0.0
2024-10-10,0.0,0.0
2024-10-11,0.062,0.0
2024-10-12,0.05,0.0
2024-10-13,0.1,0.0
2024-10-14,0.0,0.0
2024-10-15,0.037,0.0
2024-10-16,0.0,0.0
2024-10-17,0.0,0.425044032510442
2024-10-18,0.037,1.21386267269213
2024-10-19,0.163,2.65641432306657
2024-10-20,0.324,3.36657071352585
2024-10-21,0.478,4.20008465261313
2024-10-22,0.591,5.4424810920748
2024-10-23,1.068,10.2116918577994
2024-10-24,1.201,9.50406381851624
2024-10-25,1.213,8.0181061686199
2024-10-26,1.278,8.50375741140349
2024-10-27,1.33,9.15884112114813
2024-10-28,1.339,9.02569774535192
2024-10-29,1.388,9.77924125286921
2024-10-30,1.679,11.4829371694594
2024-10-31,1.732,11.9629135133989
2024-11-01,1.74,11.4970442022042
2024-11-02,1.751,11.2172537483731
2024-11-03,1.898,12.3555793630396
2024-11-04,2.113,15.3461448525192
2024-11-05,2.213,17.0495828619874
2024-11-06,2.89,27.1745596415824
2024-11-07,3.081,24.8457009153735
2024-11-08,3.304,25.0540671503731
2024-11-09,3.333,22.8076124625921
2024-11-10,3.341,21.9747043033201
2024-11-11,3.341,20.9956843681741
2024-11-12,3.432,20.9412685650519
2024-11-13,3.477,19.6659747331049
2024-11-14,3.477,21.2365880802214
2024-11-15,3.611,24.0868971786381
2024-11-16,4.359,29.2880734308633
2024-11-17,4.605,30.5260091037864
2024-11-18,4.667,30.3022640959923
2024-11-19,4.686,29.2280015386684
2024-11-20,4.722,29.0959529384902
2024-11-21,4.856,28.2398557797867
2024-11-22,4.861,28.6270380888702
2024-11-23,4.855,28.8799831537267
2024-11-24,4.891,28.5539628781292
2024-11-25,4.952,28.6464388313655
2024-11-26,5.222,31.0829869149974
2024-11-27,5.376,31.4204527380875
2024-11-28,5.414,30.8831100382958
2024-11-29,5.619,30.7137675141544
2024-11-30,5.642,30.3955389029446
2024-12-01,5.64,31.4818787448394
2024-12-02,6.011,36.9263603525619
2024-12-03,6.286,38.3914955755176
2024-12-04,6.959,43.8573497158796
2024-12-05,7.249,43.4480479991102
2024-12-06,7.542,45.6839039536599
2024-12-07,7.787,46.2805935462533
2024-12-08,7.927,45.3151111177849
2024-12-09,7.938,44.7650966242246
2024-12-10,7.933,44.108154942737
2024-12-11,7.933,43.7860250327016
2024-12-12,7.95,42.7069502145849
2024-12-13,7.951,41.8631780955795
2024-12-14,7.934,41.82463038578
2024-12-15,8.092,43.2493491577781
2024-12-16,8.106,43.1284021450466
2024-12-17,8.111,42.9767965027048
2024-12-18,8.198,42.9308717049909
2024-12-19,8.209,42.9112466969545
2024-12-20,8.293,45.1110656958784
2024-12-21,8.315,44.9142856045519
2024-12-22,8.343,44.6706219505102
2024-12-23,8.381,45.5678734669056
2024-12-24,8.509,46.6019360409217
2024-12-25,8.52,47.0018739856973
2024-12-26,8.516,46.2301292003716
2024-12-27,8.525,46.2085566607601
2024-12-28,8.522,45.8400887101115
2024-12-29,8.688,46.6639362722579
2024-12-30,8.787,46.5628950117162
2024-12-31,8.803,46.5223944645573
2025-01-01,8.82,46.8249203480614
2025-01-02,8.918,46.552392386369
2025-01-03,8.935,46.6665257049402
2025-01-04,9.013,47.8590541596176
2025-01-05,9.034,49.0045157615698
2025-01-06,9.193,51.298733345001
2025-01-07,9.217,50.6275881224851
2025-01-08,9.31,50.0497881130901
2025-01-09,9.756,54.5991411757481
2025-01-10,11.088,63.5947114686061
2025-01-11,11.5,62.1821744167658
2025-01-12,11.5,60.433412282436
2025-01-13,11.613,59.9376118462497
2025-01-14,12.287,76.295436178689
2025-01-15,12.8,79.2441352389175
2025-01-16,12.9,77.0342019320709
2025-01-17,12.9,74.9209000274001
2025-01-18,12.912,73.0106807491354
2025-01-19,13.0,71.2291968474724
2025-01-20,13.012,70.4829033376108
2025-01-21,13.1,70.0200995143787
2025-01-22,13.113,69.4706586884638
2025-01-23,13.188,69.0352093709571
2025-01-24,13.2,67.6118799961047
2025-01-25,13.213,67.4105334339411
2025-01-26,13.225,66.6283270355358
2025-01-27,13.2,66.9002121811082
2025-01-28,13.2,66.4154100389415
2025-01-29,13.238,65.5083629896179
2025-01-30,13.287,65.2850001833539
2025-01-31,13.3,65.1191074281115
2025-02-01,13.325,64.9626776882102
2025-02-02,13.4,64.8719707278699
2025-02-03,13.425,65.1577729354292
2025-02-04,13.5,65.1978084873766
2025-02-05,13.6,65.3468480912437
2025-02-06,13.625,65.170735412039
2025-02-07,13.688,65.2111873899838
2025-02-08,13.7,65.1287355049097
2025-02-09,13.8,64.9630943236835
2025-02-10,13.8,64.9538149471201
2025-02-11,13.812,64.8710469079369
2025-02-12,13.887,65.6451918613205
2025-02-13,14.012,67.6880547043058
2025-02-14,14.1,67.4015926793608
2025-02-15,14.1,67.4859067825192
2025-02-16,14.1,67.5100263195013
2025-02-17,14.113,67.3793866872135
2025-02-18,14.113,67.7189843038592
2025-02-19,14.15,67.4099454583705
2025-02-20,14.312,69.0686160144385
2025-02-21,14.463,73.2677466415019
2025-02-22,14.5,72.077586465378
2025-02-23,14.613,73.4525020109499
2025-02-24,14.8,74.0674632482322
2025-02-25,15.05,75.9611919332646
2025-02-26,15.525,82.0502000910631
2025-02-27,16.3,88.1725713110076
2025-02-28,16.5,85.5718002486796
2025-03-01,16.587,85.2102126444019
2025-03-02,16.775,86.0621043826696
2025-03-03,16.812,85.8022170692943
2025-03-04,16.8,85.1524813616039
2025-03-05,16.812,83.4461312873688
2025-03-06,16.825,83.4157973788491
2025-03-07,16.95,84.6251708333291
2025-03-08,17.438,91.8067547561382
2025-03-09,17.6,92.6146121609785
2025-03-10,17.65,91.405164273048
2025-03-11,17.837,90.5860932760066
2025-03-12,17.825,88.9025501567388
2025-03-13,17.837,87.8180849402908
2025-03-14,17.812,86.9038956640123
2025-03-15,17.837,86.2461480915034
2025-03-16,17.85,85.9382273711101
2025-03-17,17.863,85.6871062174453
2025-03-18,18.1,87.7666584042226
2025-03-19,18.1,87.1319701112284
2025-03-20,18.1,86.5075489499077
2025-03-21,18.1,85.7484732745866
2025-03-22,18.125,85.2894900596953
2025-03-23,18.15,85.0208085749299
2025-03-24,18.387,87.1992340558366
2025-03-25,18.562,87.6765052693016
2025-03-26,18.575,86.0755613795867
2025-03-27,18.562,85.7574321977637
2025-03-28,18.562,85.3981510092147
2025-03-29,18.562,85.4711474991255
2025-03-30,18.55,85.687466863608
2025-03-31,18.8,86.9022416897183
2025-04-01,18.8,86.9040532840733
2025-04-02,18.887,87.1810264994262
2025-04-03,19.025,86.8092427922304
2025-04-04,19.038,85.1296438712515
2025-04-05,19.075,81.5144728663143
2025-04-06,19.113,76.8764731905824
2025-04-07,19.087,74.1942141675651
2025-04-08,19.017,75.1649035971803
2025-04-09,18.718,74.789759968553
2025-04-10,18.288,74.1021054027903
2025-04-11,17.808,74.2455567829589
2025-04-12,17.552,74.1286612286786
2025-04-13,17.335,72.867598270245
2025-04-14,17.029,71.4551613473714
2025-04-15,16.812,69.4855053309608
2025-04-16,16.569,67.5350861886727
2025-04-17,16.314,65.4435838540613
2025-04-18,16.059,62.1512502282358
2025-04-19,15.766,58.2853439381132
2025-04-20,15.748,55.4040019962591
2025-04-21,15.855,54.1447053502242
2025-04-22,15.563,53.9950055945891
2025-04-23,14.357,50.9827312764394
2025-04-24,13.977,48.0328830407998
2025-04-25,13.572,44.707322212618
2025-04-26,13.129,42.5068183023515
2025-04-27,12.674,40.522425533901
2025-04-28,12.131,37.693772146387
2025-04-29,11.301,34.4784015843983
2025-04-30,10.346,30.7118924155009
2025-05-01,9.591,27.9506552106405
2025-05-02,8.698,24.7612519452088
2025-05-03,7.455,20.2823571920942
2025-05-04,6.55,17.2233425929076
2025-05-05,5.55,14.91469118826
2025-05-06,4.7,12.2625316332121
2025-05-07,4.237,11.0640176705584
2025-05-08,3.138,7.71138536861623
2025-05-09,2.038,2.87007130309256
2025-05-10,1.137,0.267563747465424
2025-05-11,0.425,0.0
2025-05-12,0.0,0.0
2025-05-13,0.0,0.0
2025-05-14,0.0,0.0
2025-05-15,0.0,0.0
2025-05-16,0.0,0.0
2025-05-17,0.0,0.0
2025-05-18,0.0,0.0
2025-05-19,0.0,0.0
2025-05-20,0.0,0.0
2025-05-21,0.0,0.0
2025-05-22,0.0,0.0
2025-05-23,0.0,0.0
2025-05-24,0.0,0.0
2025-05-25,0.0,0.0
2025-05-26,0.0,0.0
2025-05-27,0.0,0.0
2025-05-28,0.0,0.0
2025-05-29,0.0,0.0
2025-05-30,0.0,0.0
2025-05-31,0.0,0.0
2025-06-01,0.0,0.0
2025-06-02,0.0,0.0
2025-06-03,0.0,0.0
2025-06-04,0.0,0.0
2025-06-05,0.0,0.0
2025-06-06,0.0,0.0
2025-06-07,0.0,0.0
2025-06-08,0.0,0.0
2025-06-09,0.0,0.0
2025-06-10,0.0,0.0
2025-06-11,0.0,0.0
2025-06-12,0.0,0.0
2025-06-13,0.0,0.0
2025-06-14,0.0,0.0
2025-06-15,0.0,0.0
2025-06-16,0.0,0.0
2025-06-17,0.0,0.0
2025-06-18,0.0,0.0
2025-06-19,0.0,0.0
2025-06-20,0.0,0.0
2025-06-21,0.0,0.0
2025-06-22,0.0,0.0
2025-06-23,0.0,0.0
2025-06-24,0.0,0.0
2025-06-25,0.0,0.0
2025-06-26,0.0,0.0
2025-06-27,0.0,0.0
2025-06-28,0.0,0.0
2025-06-29,0.0,0.0
2025-06-30,0.0,0.0
2025-07-01,0.0,0.0
2025-07-02,0.0,0.0
2025-07-03,0.0,0.0
2025-07-04,0.0,0.0
2025-07-05,0.0,0.0
2025-07-06,0.0,0.0
2025-07-07,0.0,0.0
2025-07-08,0.0,0.0
2025-07-09,0.0,0.0
2025-07-10,0.0,0.0
2025-07-11,0.0,0.0
2025-07-12,0.0,0.0
2025-07-13,0.0,0.0
2025-07-14,0.0,0.0
2025-07-15,0.0,0.0
2025-07-16,0.0,0.0
2025-07-17,0.0,0.0
2025-07-18,0.0,0.0
2025-07-19,0.0,0.0
2025-07-20,0.0,0.0
2025-07-21,0.0,0.0
2025-07-22,0.0,0.0
2025-07-23,0.0,0.0
2025-07-24,0.0,0.0
2025-07-25,0.0,0.0
2025-07-26,0.0,0.0
2025-07-27,0.0,0.0
2025-07-28,0.0,0.0
2025-07-29,0.0,0.0
2025-07-30,0.0,0.0
2025-07-31,0.0,0.0
2025-08-01,0.0,0.0
2025-08-02,0.0,0.0
2025-08-03,0.0,0.0
2025-08-04,0.0,0.0
2025-08-05,0.0,0.0
2025-08-06,0.0,0.0
2025-08-07,0.0,0.0
2025-08-08,0.0,0.0
2025-08-09,0.0,0.0
2025-08-10,0.0,0.0
2025-08-11,0.0,0.0
2025-08-12,0.0,0.0
2025-08-13,0.0,0.0
2025-08-14,0.0,0.0
2025-08-15,0.0,0.0
2025-08-16,0.0,0.0
2025-08-17,0.0,0.0
2025-08-18,0.0,0.0
2025-08-19,0.0,0.0
2025-08-20,0.0,0.0
2025-08-21,0.0,0.0
2025-08-22,0.0,0.0
2025-08-23,0.0,0.0
2025-08-24,0.0,0.0
2025-08-25,0.0,0.0
2025-08-26,0.0,0.0
2025-08-27,0.0,0.0
2025-08-28,0.0,0.0
2025-08-29,0.0,0.0
2025-08-30,0.0,0.0
2025-08-31,0.0,0.0
2025-09-01,0.0,0.0
2025-09-02,0.0,0.0
2025-09-03,0.0,0.0
2025-09-04,0.0,0.0
2025-09-05,0.0,0.0
2025-09-06,0.0,0.0
2025-09-07,0.0,0.0
2025-09-08,0.0,0.0
2025-09-09,0.0,0.0
2025-09-10,0.0,0.0
2025-09-11,0.0,0.0
2025-09-12,0.0,0.0
2025-09-13,0.0,0.0
2025-09-14,0.0,0.0
2025-09-15,0.0,0.0
2025-09-16,0.0,0.0
2025-09-17,0.0,0.0
2025-09-18,0.0,0.0
2025-09-19,0.0,0.0
2025-09-20,0.0,0.0
2025-09-21,0.0,0.0
2025-09-22,0.0,0.0
2025-09-23,0.0,0.0
2025-09-24,0.0,0.0
2025-09-25,0.0,0.0
2025-09-26,0.0,0.0
2025-09-27,0.0,0.0
2025-09-28,0.0,0.0
2025-09-29,0.0,0.0
2025-09-30,0.0,0.0
2025-10-01,0.0,0.0
2025-10-02,0.0,0.0
2025-10-03,0.0,0.0
2025-10-04,0.0,0.0
2025-10-05,0.0,0.0
2025-10-06,0.0,0.0
2025-10-07,0.0,0.0
2025-10-08,0.0,0.0
2025-10-09,0.0,0.0
2025-10-10,0.0,0.0
2025-10-11,0.0,0.0901541818928386
2025-10-12,0.0,0.0257247083921648
2025-10-13,0.062,0.255043146079437
2025-10-14,0.138,0.00311270240279882
2025-10-15,0.119,0.0
2025-10-16,0.575,3.12708871220962
2025-10-17,0.838,2.18588721727765
2025-10-18,0.85,1.37707649784959
2025-10-19,0.887,0.624657024759546
2025-10-20,0.988,1.62338681893907
2025-10-21,1.05,2.00378494100672
2025-10-22,1.163,1.55780195757607
2025-10-23,1.55,1.97925583612342
2025-10-24,1.95,3.42502535048607
2025-10-25,1.938,3.13988262416206
2025-10-26,1.938,3.27165995928981
2025-10-27,2.05,4.74730456141827
2025-10-28,2.05,4.23727717092427
2025-10-29,2.1,4.66363809936579
2025-10-30,2.15,5.51307078275363
2025-10-31,2.425,8.46086183242309
2025-11-01,2.712,9.47883734396973
2025-11-02,2.8,9.6177722657711
2025-11-03,2.862,9.17265736841502
2025-11-04,2.862,9.41719160733391
2025-11-05,2.888,9.1502161807814
2025-11-06,2.888,9.14245770295871
2025-11-07,2.9,9.65073350099775
2025-11-08,2.925,10.0937923519566
2025-11-09,3.35,14.7474354513449
2025-11-10,4.2,22.6658430592449
2025-11-11,4.406,23.3380091085805
2025-11-12,4.6,25.0821394465051
2025-11-13,4.688,24.4932417031238
2025-11-14,4.713,22.3716445034121
2025-11-15,4.85,24.8359706737668
2025-11-16,5.013,25.5845475972678
2025-11-17,5.088,24.3319763352855
2025-11-18,5.188,25.3275448553879
2025-11-19,5.3,24.0790498955052
2025-11-20,5.412,26.0695256484074
2025-11-21,5.713,28.169491401171
2025-11-22,5.787,27.430343801399
2025-11-23,5.912,26.7495114102409
2025-11-24,5.912,25.7545940298814
2025-11-25,6.0,26.7066230830632
2025-11-26,6.0,25.3498346042182
2025-11-27,5.987,24.9990855480554
2025-11-28,6.013,24.7984170423457
2025-11-29,6.1,25.1076524903574
2025-11-30,6.062,25.5078647958442
2025-12-01,6.1,27.0420323788141
2025-12-02,6.1,27.3484218703009
2025-12-03,6.225,27.7429952476162
2025-12-04,6.4,28.9914104131565
2025-12-05,6.638,30.1114865764081
2025-12-06,6.975,32.6152201340455
2025-12-07,7.425,37.5844119369195
2025-12-08,7.6,38.8920213275664
2025-12-09,7.7,38.7875611969237
2025-12-10,7.675,38.5170288660909
2025-12-11,7.6,38.410711116275
2025-12-12,7.562,38.3463155656713
2025-12-13,7.675,38.4439824613109
2025-12-14,7.9,40.0120226238304
2025-12-15,8.113,41.5482942203298
2025-12-16,8.275,42.112900742099
2025-12-17,8.3,41.763065238741
2025-12-18,8.3,41.537641850944
2025-12-19,8.225,41.4324142206811
2025-12-20,8.213,41.4826991880401
2025-12-21,8.2,41.271823232548
2025-12-22,8.188,41.3501311175001
2025-12-23,8.188,41.3162633084198
2025-12-24,8.175,41.258806393388
2025-12-25,8.225,41.6390055999646
2025-12-26,8.375,42.5100156874874
2025-12-27,8.463,43.2653169696774
2025-12-28,9.537,58.037909014461
2025-12-29,11.488,78.5550454572013
2025-12-30,12.113,79.9554641592282
2025-12-31,12.562,84.0339276087896
2026-01-01,12.725,81.2264061823825
2026-01-02,12.863,80.3839890555329
2026-01-03,12.925,78.0157187756541
2026-01-04,13.0,76.1552091043193
2026-01-05,13.062,75.3573276508386
2026-01-06,13.427,80.5810282241552
2026-01-07,14.5,85.9327146517263
2026-01-08,14.7,85.3146637139644
2026-01-09,15.012,84.7841573418828
2026-01-10,15.938,88.8185645761465
2026-01-11,16.062,86.0895292466338
2026-01-12,16.488,87.1366404459046
2026-01-13,16.788,85.0474766055605
2026-01-14,17.5,85.9356542401099
2026-01-15,17.75,82.8106696241831
2026-01-16,17.837,81.6505925111085
2026-01-17,17.887,81.3136425845105
2026-01-18,18.012,80.5761782786124
2026-01-19,18.062,79.6289031755481
2026-01-20,18.069,78.2541642376355
2026-01-21,18.087,77.5775427165921
2026-01-22,18.1,76.8963293156938
2026-01-23,18.1,76.822185459982
2026-01-24,18.113,76.6755016699378
2026-01-25,18.1,76.8160253031947
2026-01-26,18.357,82.0647456075794
2026-01-27,19.486,93.8176551124059
2026-01-28,19.895,94.2481652489728
2026-01-29,20.025,93.2307090032869
2026-01-30,20.175,91.6216239588832
2026-01-31,20.188,91.1241974665476
2026-02-01,20.238,90.9804146843562
2026-02-02,20.325,91.9826889411694
2026-02-03,20.613,92.7647937337387
2026-02-04,21.15,95.107654201177
2026-02-05,21.475,96.0472078333394
2026-02-06,21.5,94.2538230659808
2026-02-07,21.828,94.8899602018035
2026-02-08,22.771,102.649338175439
2026-02-09,23.751,113.453719040166
2026-02-10,24.743,124.951871715778
2026-02-11,25.533,122.117694568301
2026-02-12,25.9,119.187948655252
2026-02-13,26.163,119.727543108168
2026-02-14,26.188,117.597296033615
2026-02-15,26.3,114.945744166484
2026-02-16,26.325,114.964609839673
2026-02-17,26.4,111.15446561999
2026-02-18,26.4,109.821677912191
2026-02-19,26.4,108.359291515082
2026-02-20,26.4,107.659771955932
2026-02-21,26.387,105.408434999757
2026-02-22,26.4,104.753806571325
2026-02-23,26.462,104.553668758458
2026-02-24,26.475,104.563221696829
2026-02-25,26.762,106.036430758757
2026-02-26,26.875,106.346122273019
2026-02-27,26.812,105.865820467473
2026-02-28,26.837,105.994950972887
2026-03-01,27.0,105.239720020836
2026-03-02,27.0,104.605419354961
2026-03-03,27.0,102.930629854439
2026-03-04,27.175,108.802370416545
2026-03-05,27.587,113.435727449808
2026-03-06,27.9,114.195127783601
2026-03-07,28.488,121.564561952012
2026-03-08,28.663,120.206614331684
2026-03-09,28.9,121.321648858828
2026-03-10,29.087,120.443804442748
2026-03-11,29.125,119.411043773464
2026-03-12,29.25,118.408608201125
2026-03-13,29.212,117.394481421482
2026-03-14,29.2,116.581380727637
2026-03-15,29.15,116.160742878878
2026-03-16,29.2,115.236588746417
2026-03-17,29.2,114.98157312883
2026-03-18,29.288,115.984322196508
2026-03-19,29.5,117.409138578139
2026-03-20,29.725,117.073541577998
2026-03-21,29.7,115.458659417316
2026-03-22,29.712,115.290533858422
2026-03-23,29.712,114.669092580623
2026-03-24,29.712,113.676146080353
2026-03-25,29.712,113.671171911051
2026-03-26,29.688,113.204834787377
2026-03-27,29.637,113.248230742425
2026-03-28,29.637,112.471310784664
2026-03-29,29.637,112.20694000628
2026-03-30,29.625,111.552151714398
2026-03-31,29.587,110.20358863569
2026-04-01,29.587,109.636106614536
2026-04-02,29.55,109.733236478403
2026-04-03,29.55,109.752888287271
2026-04-04,29.55,109.345926510333
2026-04-05,29.587,108.572986898485
2026-04-06,29.663,107.731275192355
2026-04-07,29.812,108.274906670099
2026-04-08,29.875,107.664562739068
2026-04-09,29.875,105.896445721996
2026-04-10,29.9,104.100005872016
2026-04-11,29.875,103.619345635551
2026-04-12,29.875,103.533097422033
2026-04-13,29.887,102.816886634328
2026-04-14,29.938,101.656322197127
2026-04-15,29.962,100.722926138853
2026-04-16,29.962,100.412848996763
2026-04-17,29.962,99.9965946882674
2026-04-18,30.0,98.2506037996606
2026-04-19,29.834,95.9072014062581
2026-04-20,29.789,93.4332703204537
2026-04-21,29.487,90.7127098413042
2026-04-22,29.294,88.0434573805638
2026-04-23,28.943,87.3889342682607
2026-04-24,28.499,83.3767335243333
2026-04-25,27.917,78.1814555382414
2026-04-26,27.1,73.371522021383
2026-04-27,26.359,69.2200493611174
2026-04-28,25.408,64.910587969003
2026-04-29,23.359,60.760573581835
2026-04-30,20.546,55.2897357767017
2026-05-01,17.669,51.3792228133996
2026-05-02,15.641,48.3919176372169
2026-05-03,14.966,45.7860207664356
2026-05-04,14.213,42.589319863798
2026-05-05,13.537,39.3726871842307
2026-05-06,12.688,35.4269234153529
2026-05-07,11.7,31.3633464095927
2026-05-08,10.787,28.090958684406
2026-05-09,9.713,24.233519748113
2026-05-10,8.475,19.5890565499543
2026-05-11,7.0,13.5313961283958
2026-05-12,5.75,9.1306372419657
2026-05-13,4.3,5.35547242829698
2026-05-14,3.112,1.09266550076153
2026-05-15,1.512,0.271392660615252
2026-05-16,0.312,
2026-05-17,0.237,
2026-05-18,0.175,
2026-05-19,0.188,
2026-05-20,0.163,
2026-05-21,0.15,
2026-05-22,0.1,
2026-05-23,0.163,0.353645000197488
2026-05-24,0.188,0.107167126979892
2026-05-25,0.138,
2026-05-26,0.125,
2026-05-27,0.125,
2026-05-28,0.15,
2026-05-29,0.163,0.0413781988850559
2026-05-30,0.1,
2026-05-31,0.138,
2026-06-01,0.138,
2026-06-02,0.15,
2026-06-03,0.138,
2026-06-04,0.15,
2026-06-05,0.062,
2026-06-06,0.113,
2026-06-07,0.05,0.0385499724308076
2026-06-08,0.075,0.270772517219374
2026-06-09,0.087,
2026-06-10,0.113,1.30929152844863
2026-06-11,0.075,0.342100755694691
2026-06-12,0.1,0.252622284424525
2026-06-13,0.087,
2026-06-14,0.1,
2026-06-15,0.113,0.397563345229877
2026-06-16,0.138,0.409260088497209
2026-06-17,0.062,0.0167702386488315
2026-06-18,0.113,
2026-06-19,0.05,
2026-06-20,0.05,
2026-06-21,0.1,
2026-06-22,0.1,
2026-06-23,0.087,
2026-06-24,0.062,
2026-06-25,0.05,
2026-06-26,0.1,
2026-06-27,0.1,
2026-06-28,0.075,
2026-06-29,0.087,
2026-06-30,0.062,
2026-07-01,0.05,
2026-07-02,0.062,
2026-07-03,0.037,
2026-07-04,0.037,
2026-07-05,0.087,
2026-07-06,0.037,
2026-07-07,0.05,
2026-07-08,0.062,
2026-07-09,0.05,0.0517957914743867
2026-07-10,0.025,
2026-07-11,0.075,
2026-07-12,0.037,
2026-07-13,0.075,
2026-07-14,0.1,0.658168099635716
2026-07-15,0.062,1.20888897580665
2026-07-16,0.037,1.57225853669227
2026-07-17,0.075,2.08817879943556
2026-07-18,0.075,3.18874038140945
2026-07-19,0.075,2.45869401396882
2026-07-20,0.075,2.61396556329557
2026-07-21,0.05,2.49259678083552
2026-07-22,0.037,2.85503571271601
2026-07-23,0.025,2.0468000633572
2026-07-24,0.037,1.48927689501221
2026-07-25,0.05,3.01967891235572
2026-07-26,0.05,1.47698057581153
2026-07-27,0.013,1.66233393902201
2026-07-28,0.037,1.9895400044999
2026-07-29,0.02,1.39585542514082
2026-07-30,0.057,1.52438984486268
2026-07-31,0.188,2.41423717352935
2026-08-01,0.287,2.35056585143051
2026-08-02,0.562,2.38090185070127
2026-08-03,0.775,2.38229992907646
2026-08-04,0.887,2.44341199852846
2026-08-05,1.0,2.58613791647694
2026-08-06,1.3,2.49798202681103
2026-08-07,1.688,2.45767007067154
2026-08-08,2.188,2.52878156369345
2026-08-09,2.388,2.63969782305183
2026-08-10,2.66,2.69719938049941
