date,wteq_cm,snwd_cm
1983-01-01,,
1983-01-02,,
1983-01-03,,
1983-01-04,,
1983-01-05,,
1983-01-06,,
1983-01-07,,
1983-01-08,,
1983-01-09,,
1983-01-10,,
1983-01-11,,
1983-01-12,,
1983-01-13,,
1983-01-14,,
1983-01-15,,
1983-01-16,,
1983-01-17,,
1983-01-18,,
1983-01-19,,
1983-01-20,,
1983-01-21,,
1983-01-22,,
1983-01-23,,
1983-01-24,,
1983-01-25,,
1983-01-26,,
1983-01-27,,
1983-01-28,,
1983-01-29,,
1983-01-30,,
1983-01-31,,
1983-02-01,,
1983-02-02,,
1983-02-03,,
1983-02-04,,
1983-02-05,,
1983-02-06,,
1983-02-07,,
1983-02-08,,
1983-02-09,,
1983-02-10,,
1983-02-11,,
1983-02-12,,
1983-02-13,,
1983-02-14,,
1983-02-15,,
1983-02-16,,
1983-02-17,,
1983-02-18,,
1983-02-19,,
1983-02-20,,
1983-02-21,,
1983-02-22,,
1983-02-23,,
1983-02-24,,
1983-02-25,,
1983-02-26,,
1983-02-27,,
1983-02-28,,
1983-03-01,,
1983-03-02,,
1983-03-03,,
1983-03-04,,
1983-03-05,,
1983-03-06,,
1983-03-07,,
1983-03-08,,
1983-03-09,,
1983-03-10,,
1983-03-11,,
1983-03-12,,
1983-03-13,,
1983-03-14,,
1983-03-15,,
1983-03-16,,
1983-03-17,,
1983-03-18,,
1983-03-19,,
1983-03-20,,
1983-03-21,,
1983-03-22,,
1983-03-23,,
1983-03-24,,
1983-03-25,,
1983-03-26,,
1983-03-27,,
1983-03-28,,
1983-03-29,,
1983-03-30,,
1983-03-31,,
1983-04-01,,
1983-04-02,,
1983-04-03,,
1983-04-04,,
1983-04-05,,
1983-04-06,,
1983-04-07,,
1983-04-08,,
1983-04-09,,
1983-04-10,,
1983-04-11,,
1983-04-12,,
1983-04-13,,
1983-04-14,,
1983-04-15,,
1983-04-16,,
1983-04-17,,
1983-04-18,,
1983-04-19,,
1983-04-20,,
1983-04-21,,
1983-04-22,,
1983-04-23,,
1983-04-24,,
1983-04-25,,
1983-04-26,,
1983-04-27,,
1983-04-28,,
1983-04-29,,
1983-04-30,,
1983-05-01,,
1983-05-02,,
1983-05-03,,
1983-05-04,,
1983-05-05,,
1983-05-06,,
1983-05-07,,
1983-05-08,,
1983-05-09,,
1983-05-10,,
1983-05-11,,
1983-05-12,,
1983-05-13,,
1983-05-14,,
1983-05-15,,
1983-05-16,,
1983-05-17,,
1983-05-18,,
1983-05-19,,
1983-05-20,,
1983-05-21,,
1983-05-22,,
1983-05-23,,
1983-05-24,,
1983-05-25,,
1983-05-26,,
1983-05-27,,
1983-05-28,,
1983-05-29,,
1983-05-30,,
1983-05-31,,
1983-06-01,,
1983-06-02,,
1983-06-03,,
1983-06-04,,
1983-06-05,,
1983-06-06,,
1983-06-07,,
1983-06-08,,
1983-06-09,,
1983-06-10,,
1983-06-11,,
1983-06-12,,
1983-06-13,,
1983-06-14,,
1983-06-15,,
1983-06-16,,
1983-06-17,,
1983-06-18,,
1983-06-19,,
1983-06-20,,
1983-06-21,,
1983-06-22,,
1983-06-23,,
1983-06-24,,
1983-06-25,,
1983-06-26,,
1983-06-27,,
1983-06-28,,
1983-06-29,,
1983-06-30,,
1983-07-01,,
1983-07-02,,
1983-07-03,,
1983-07-04,,
1983-07-05,,
1983-07-06,,
1983-07-07,,
1983-07-08,,
1983-07-09,,
1983-07-10,,
1983-07-11,,
1983-07-12,,
1983-07-13,,
1983-07-14,,
1983-07-15,,
1983-07-16,,
1983-07-17,,
1983-07-18,,
1983-07-19,,
1983-07-20,,
1983-07-21,,
1983-07-22,,
1983-07-23,,
1983-07-24,,
1983-07-25,,
1983-07-26,,
1983-07-27,,
1983-07-28,,
1983-07-29,,
1983-07-30,,
1983-07-31,,
1983-08-01,,
1983-08-02,,
1983-08-03,,
1983-08-04,,
1983-08-05,,
1983-08-06,,
1983-08-07,,
1983-08-08,,
1983-08-09,,
1983-08-10,,
1983-08-11,,
1983-08-12,,
1983-08-13,,
1983-08-14,,
1983-08-15,,
1983-08-16,,
1983-08-17,,
1983-08-18,,
1983-08-19,,
1983-08-20,,
1983-08-21,,
1983-08-22,,
1983-08-23,,
1983-08-24,,
1983-08-25,,
1983-08-26,,
1983-08-27,,
1983-08-28,,
1983-08-29,,
1983-08-30,,
1983-08-31,,
1983-09-01,,
1983-09-02,,
1983-09-03,,
1983-09-04,,
1983-09-05,,
1983-09-06,,
1983-09-07,,
1983-09-08,,
1983-09-09,,
1983-09-10,,
1983-09-11,,
1983-09-12,,
1983-09-13,,
1983-09-14,,
1983-09-15,,
1983-09-16,,
1983-09-17,,
1983-09-18,,
1983-09-19,,
1983-09-20,,
1983-09-21,,
1983-09-22,,
1983-09-23,,
1983-09-24,,
1983-09-25,,
1983-09-26,,
1983-09-27,,
1983-09-28,,
1983-09-29,,
1983-09-30,,
1983-10-01,,
1983-10-02,,
1983-10-03,,
1983-10-04,,
1983-10-05,,
1983-10-06,,
1983-10-07,,
1983-10-08,,
1983-10-09,,
1983-10-10,,
1983-10-11,,
1983-10-12,,
1983-10-13,,
1983-10-14,,
1983-10-15,,
1983-10-16,,
1983-10-17,,
1983-10-18,,
1983-10-19,,
1983-10-20,,
1983-10-21,,
1983-10-22,,
1983-10-23,,
1983-10-24,,
1983-10-25,,
1983-10-26,,
1983-10-27,,
1983-10-28,,
1983-10-29,,
1983-10-30,,
1983-10-31,,
1983-11-01,,
1983-11-02,,
1983-11-03,,
1983-11-04,,
1983-11-05,,
1983-11-06,,
1983-11-07,,
1983-11-08,,
1983-11-09,,
1983-11-10,,
1983-11-11,,
1983-11-12,,
1983-11-13,,
1983-11-14,,
1983-11-15,,
1983-11-16,0.0,
1983-11-17,7.62,
1983-11-18,7.874,
1983-11-19,8.128,
1983-11-20,8.382,
1983-11-21,8.382,
1983-11-22,8.636,
1983-11-23,8.89,
1983-11-24,9.652,
1983-11-25,12.7,
1983-11-26,13.97,
1983-11-27,13.97,
1983-11-28,13.97,
1983-11-29,13.97,
1983-11-30,13.97,
1983-12-01,13.97,
1983-12-02,14.224,
1983-12-03,14.224,
1983-12-04,15.494,
1983-12-05,15.494,
1983-12-06,16.256,
1983-12-07,19.812,
1983-12-08,21.082,
1983-12-09,23.368,
1983-12-10,27.94,
1983-12-11,27.94,
1983-12-12,27.686,
1983-12-13,28.956,
1983-12-14,30.226,
1983-12-15,30.48,
1983-12-16,30.48,
1983-12-17,30.226,
1983-12-18,30.226,
1983-12-19,30.226,
1983-12-20,30.226,
1983-12-21,30.226,
1983-12-22,29.972,
1983-12-23,29.972,
1983-12-24,30.48,
1983-12-25,33.782,
1983-12-26,34.544,
1983-12-27,36.576,
1983-12-28,36.83,
1983-12-29,37.084,
1983-12-30,38.1,
1983-12-31,38.1,
1988-01-01,13.97,
1988-01-02,13.97,
1988-01-03,14.021,
1988-01-04,16.459,
1988-01-05,17.069,
1988-01-06,17.069,
1988-01-07,17.069,
1988-01-08,17.983,
1988-01-09,18.898,
1988-01-10,19.202,
1988-01-11,20.726,
1988-01-12,21.946,
1988-01-13,23.165,
1988-01-14,23.774,
1988-01-15,24.943,
1988-01-16,26.111,
1988-01-17,27.28,
1988-01-18,28.448,
1988-01-19,29.616,
1988-01-20,30.785,
1988-01-21,31.09,
1988-01-22,31.09,
1988-01-23,31.09,
1988-01-24,31.09,
1988-01-25,31.09,
1988-01-26,31.09,
1988-01-27,31.09,
1988-01-28,31.09,
1988-01-29,31.394,
1988-01-30,32.309,
1988-01-31,32.614,
1988-02-01,32.918,
1988-02-02,32.918,
1988-02-03,32.918,
1988-02-04,32.918,
1988-02-05,32.918,
1988-02-06,32.918,
1988-02-07,32.918,
1988-02-08,32.918,
1988-02-09,32.614,
1988-02-10,32.614,
1988-02-11,32.614,
1988-02-12,32.614,
1988-02-13,32.614,
1988-02-14,32.614,
1988-02-15,32.614,
1988-02-16,32.512,
1988-02-17,32.614,
1988-02-18,32.614,
1988-02-19,32.309,
1988-02-20,32.309,
1988-02-21,32.309,
1988-02-22,32.004,
1988-02-23,31.699,
1988-02-24,31.699,
1988-02-25,31.699,
1988-02-26,31.394,
1988-02-27,31.09,
1988-02-28,31.09,
1988-02-29,30.48,
1988-03-01,29.87,
1988-03-02,30.175,
1988-03-03,30.175,
1988-03-04,29.87,
1988-03-05,29.261,
1988-03-06,28.956,
1988-03-07,28.346,
1988-03-08,28.042,
1988-03-09,27.737,
1988-03-10,27.737,
1988-03-11,27.432,
1988-03-12,27.432,
1988-03-13,26.822,
1988-03-14,25.603,
1988-03-15,25.603,
1988-03-16,25.603,
1988-03-17,25.603,
1988-03-18,25.603,
1988-03-19,25.908,
1988-03-20,26.213,
1988-03-21,26.213,
1988-03-22,26.213,
1988-03-23,25.908,
1988-03-24,25.603,
1988-03-25,24.384,
1988-03-26,24.384,
1988-03-27,24.384,
1988-03-28,23.165,
1988-03-29,21.336,
1988-03-30,21.031,
1988-03-31,20.117,
1988-04-01,19.202,
1988-04-02,17.983,
1988-04-03,16.764,
1988-04-04,15.24,
1988-04-05,14.326,
1988-04-06,13.106,
1988-04-07,11.582,
1988-04-08,10.668,
1988-04-09,9.144,
1988-04-10,7.315,
1988-04-11,5.486,
1988-04-12,3.658,
1988-04-13,2.438,
1988-04-14,1.524,
1988-04-15,0.0,
1988-04-16,,
1988-04-17,,
1988-04-18,,
1988-04-19,,
1988-04-20,,
1988-04-21,,
1988-04-22,,
1988-04-23,,
1988-04-24,,
1988-04-25,,
1988-04-26,,
1988-04-27,,
1988-04-28,,
1988-04-29,,
1988-04-30,,
1988-05-01,,
1988-05-02,,
1988-05-03,,
1988-05-04,,
1988-05-05,,
1988-05-06,,
1988-05-07,,
1988-05-08,,
1988-05-09,,
1988-05-10,,
1988-05-11,,
1988-05-12,,
1988-05-13,,
1988-05-14,,
1988-05-15,,
1988-05-16,,
1988-05-17,,
1988-05-18,,
1988-05-19,,
1988-05-20,,
1988-05-21,,
1988-05-22,,
1988-05-23,,
1988-05-24,,
1988-05-25,,
1988-05-26,,
1988-05-27,,
1988-05-28,,
1988-05-29,,
1988-05-30,,
1988-05-31,,
1988-06-01,,
1988-06-02,,
1988-06-03,,
1988-06-04,,
1988-06-05,,
1988-06-06,,
1988-06-07,,
1988-06-08,,
1988-06-09,,
1988-06-10,,
1988-06-11,,
1988-06-12,,
1988-06-13,,
1988-06-14,,
1988-06-15,,
1988-06-16,,
1988-06-17,,
1988-06-18,,
1988-06-19,,
1988-06-20,,
1988-06-21,,
1988-06-22,,
1988-06-23,,
1988-06-24,,
1988-06-25,,
1988-06-26,,
1988-06-27,,
1988-06-28,,
1988-06-29,,
1988-06-30,,
1988-07-01,,
1988-07-02,,
1988-07-03,,
1988-07-04,,
1988-07-05,,
1988-07-06,,
1988-07-07,,
1988-07-08,,
1988-07-09,,
1988-07-10,,
1988-07-11,,
1988-07-12,,
1988-07-13,,
1988-07-14,,
1988-07-15,,
1988-07-16,,
1988-07-17,,
1988-07-18,,
1988-07-19,,
1988-07-20,,
1988-07-21,,
1988-07-22,,
1988-07-23,,
1988-07-24,,
1988-07-25,,
1988-07-26,,
1988-07-27,,
1988-07-28,,
1988-07-29,,
1988-07-30,,
1988-07-31,,
1988-08-01,,
1988-08-02,,
1988-08-03,,
1988-08-04,,
1988-08-05,,
1988-08-06,,
1988-08-07,,
1988-08-08,,
1988-08-09,,
1988-08-10,,
1988-08-11,,
1988-08-12,,
1988-08-13,,
1988-08-14,,
1988-08-15,,
1988-08-16,,
1988-08-17,,
1988-08-18,,
1988-08-19,,
1988-08-20,,
1988-08-21,,
1988-08-22,,
1988-08-23,,
1988-08-24,,
1988-08-25,,
1988-08-26,,
1988-08-27,,
1988-08-28,,
1988-08-29,,
1988-08-30,,
1988-08-31,,
1988-09-01,,
1988-09-02,,
1988-09-03,,
1988-09-04,,
1988-09-05,,
1988-09-06,,
1988-09-07,,
1988-09-08,,
1988-09-09,,
1988-09-10,,
1988-09-11,,
1988-09-12,,
1988-09-13,,
1988-09-14,,
1988-09-15,,
1988-09-16,,
1988-09-17,,
1988-09-18,,
1988-09-19,,
1988-09-20,,
1988-09-21,,
1988-09-22,,
1988-09-23,,
1988-09-24,,
1988-09-25,,
1988-09-26,,
1988-09-27,,
1988-09-28,,
1988-09-29,,
1988-09-30,,
1988-10-01,,
1988-10-02,,
1988-10-03,,
1988-10-04,,
1988-10-05,,
1988-10-06,,
1988-10-07,,
1988-10-08,,
1988-10-09,,
1988-10-10,,
1988-10-11,,
1988-10-12,,
1988-10-13,,
1988-10-14,,
1988-10-15,,
1988-10-16,,
1988-10-17,,
1988-10-18,,
1988-10-19,,
1988-10-20,,
1988-10-21,,
1988-10-22,,
1988-10-23,,
1988-10-24,,
1988-10-25,,
1988-10-26,,
1988-10-27,,
1988-10-28,,
1988-10-29,,
1988-10-30,,
1988-10-31,,
1988-11-01,,
1988-11-02,,
1988-11-03,,
1988-11-04,,
1988-11-05,,
1988-11-06,,
1988-11-07,,
1988-11-08,,
1988-11-09,,
1988-11-10,,
1988-11-11,0.0,
1988-11-12,2.134,
1988-11-13,1.524,
1988-11-14,3.353,
1988-11-15,3.353,
1988-11-16,3.353,
1988-11-17,5.486,
1988-11-18,6.706,
1988-11-19,6.706,
1988-11-20,6.706,
1988-11-21,6.706,
1988-11-22,9.449,
1988-11-23,11.278,
1988-11-24,11.582,
1988-11-25,12.802,
1988-11-26,14.021,
1988-11-27,14.021,
1988-11-28,14.021,
1988-11-29,14.021,
1988-11-30,14.021,
1988-12-01,13.411,
1988-12-02,13.411,
1988-12-03,13.411,
1988-12-04,13.411,
1988-12-05,13.411,
1988-12-06,13.411,
1988-12-07,13.411,
1988-12-08,13.411,
1988-12-09,13.411,
1988-12-10,13.411,
1988-12-11,13.411,
1988-12-12,13.411,
1988-12-13,13.411,
1988-12-14,13.411,
1988-12-15,13.411,
1988-12-16,13.411,
1988-12-17,13.411,
1988-12-18,13.411,
1988-12-19,13.411,
1988-12-20,13.106,
1988-12-21,14.935,
1988-12-22,18.898,
1988-12-23,21.336,
1988-12-24,21.946,
1988-12-25,23.165,
1988-12-26,23.165,
1988-12-27,23.165,
1988-12-28,24.079,
1988-12-29,24.079,
1988-12-30,24.384,
1988-12-31,24.384,
1989-01-01,,
1989-01-02,,
1989-01-03,,
1989-01-04,,
1989-01-05,,
1989-01-06,,
1989-01-07,,
1989-01-08,,
1989-01-09,,
1989-01-10,,
1989-01-11,,
1989-01-12,,
1989-01-13,,
1989-01-14,,
1989-01-15,,
1989-01-16,,
1989-01-17,,
1989-01-18,,
1989-01-19,,
1989-01-20,,
1989-01-21,,
1989-01-22,,
1989-01-23,,
1989-01-24,,
1989-01-25,,
1989-01-26,,
1989-01-27,,
1989-01-28,,
1989-01-29,,
1989-01-30,,
1989-01-31,,
1989-02-01,32.918,
1989-02-02,32.918,
1989-02-03,33.528,
1989-02-04,33.528,
1989-02-05,33.528,
1989-02-06,33.528,
1989-02-07,33.528,
1989-02-08,33.223,
1989-02-09,33.223,
1989-02-10,33.528,
1989-02-11,33.528,
1989-02-12,33.528,
1989-02-13,33.528,
1989-02-14,33.528,
1989-02-15,33.223,
1989-02-16,32.918,
1989-02-17,32.918,
1989-02-18,32.918,
1989-02-19,33.528,
1989-02-20,33.528,
1989-02-21,33.528,
1989-02-22,33.528,
1989-02-23,33.833,
1989-02-24,34.747,
1989-02-25,34.747,
1989-02-26,34.747,
1989-02-27,34.442,
1989-02-28,34.138,
1989-03-01,34.138,
1989-03-02,34.747,
1989-03-03,35.966,
1989-03-04,36.576,
1989-03-05,37.49,
1989-03-06,37.795,
1989-03-07,38.405,
1989-03-08,39.014,
1989-03-09,39.014,
1989-03-10,39.116,
1989-03-11,39.218,
1989-03-12,39.319,
1989-03-13,39.421,
1989-03-14,39.522,
1989-03-15,39.624,
1989-03-16,39.726,
1989-03-17,39.827,
1989-03-18,39.929,
1989-03-19,40.132,
1989-03-20,40.234,
1989-03-21,39.624,
1989-03-22,38.71,
1989-03-23,38.405,
1989-03-24,38.405,
1989-03-25,39.014,
1989-03-26,39.014,
1989-03-27,39.014,
1989-03-28,39.014,
1989-03-29,39.014,
1989-03-30,38.71,
1989-03-31,38.608,
1989-04-01,37.186,
1989-04-02,37.186,
1989-04-03,37.186,
1989-04-04,36.881,
1989-04-05,35.662,
1989-04-06,34.138,
1989-04-07,32.309,
1989-04-08,30.785,
1989-04-09,29.261,
1989-04-10,27.432,
1989-04-11,25.603,
1989-04-12,23.47,
1989-04-13,21.946,
1989-04-14,19.507,
1989-04-15,17.069,
1989-04-16,14.021,
1989-04-17,11.582,
1989-04-18,8.534,
1989-04-19,5.182,
1989-04-20,3.048,
1989-04-21,0.0,
1989-04-22,,
1989-04-23,,
1989-04-24,,
1989-04-25,,
1989-04-26,,
1989-04-27,,
1989-04-28,,
1989-04-29,,
1989-04-30,,
1989-05-01,,
1989-05-02,,
1989-05-03,,
1989-05-04,,
1989-05-05,,
1989-05-06,,
1989-05-07,,
1989-05-08,,
1989-05-09,,
1989-05-10,,
1989-05-11,,
1989-05-12,,
1989-05-13,,
1989-05-14,,
1989-05-15,,
1989-05-16,,
1989-05-17,,
1989-05-18,,
1989-05-19,,
1989-05-20,,
1989-05-21,,
1989-05-22,,
1989-05-23,,
1989-05-24,,
1989-05-25,,
1989-05-26,,
1989-05-27,,
1989-05-28,,
1989-05-29,,
1989-05-30,,
1989-05-31,,
1989-06-01,,
1989-06-02,,
1989-06-03,,
1989-06-04,,
1989-06-05,,
1989-06-06,,
1989-06-07,,
1989-06-08,,
1989-06-09,,
1989-06-10,,
1989-06-11,,
1989-06-12,,
1989-06-13,,
1989-06-14,,
1989-06-15,,
1989-06-16,,
1989-06-17,,
1989-06-18,,
1989-06-19,,
1989-06-20,,
1989-06-21,,
1989-06-22,,
1989-06-23,,
1989-06-24,,
1989-06-25,,
1989-06-26,,
1989-06-27,,
1989-06-28,,
1989-06-29,,
1989-06-30,,
1989-07-01,,
1989-07-02,,
1989-07-03,,
1989-07-04,,
1989-07-05,,
1989-07-06,,
1989-07-07,,
1989-07-08,,
1989-07-09,,
1989-07-10,,
1989-07-11,,
1989-07-12,,
1989-07-13,,
1989-07-14,,
1989-07-15,,
1989-07-16,,
1989-07-17,,
1989-07-18,,
1989-07-19,,
1989-07-20,,
1989-07-21,,
1989-07-22,,
1989-07-23,,
1989-07-24,,
1989-07-25,,
1989-07-26,,
1989-07-27,,
1989-07-28,,
1989-07-29,,
1989-07-30,,
1989-07-31,,
1989-08-01,,
1989-08-02,,
1989-08-03,,
1989-08-04,,
1989-08-05,,
1989-08-06,,
1989-08-07,,
1989-08-08,,
1989-08-09,,
1989-08-10,,
1989-08-11,,
1989-08-12,,
1989-08-13,,
1989-08-14,,
1989-08-15,,
1989-08-16,,
1989-08-17,,
1989-08-18,,
1989-08-19,,
1989-08-20,,
1989-08-21,,
1989-08-22,,
1989-08-23,,
1989-08-24,,
1989-08-25,,
1989-08-26,,
1989-08-27,,
1989-08-28,,
1989-08-29,,
1989-08-30,,
1989-08-31,,
1989-09-01,,
1989-09-02,,
1989-09-03,,
1989-09-04,,
1989-09-05,,
1989-09-06,,
1989-09-07,,
1989-09-08,,
1989-09-09,,
1989-09-10,,
1989-09-11,,
1989-09-12,,
1989-09-13,,
1989-09-14,,
1989-09-15,,
1989-09-16,,
1989-09-17,,
1989-09-18,,
1989-09-19,,
1989-09-20,,
1989-09-21,,
1989-09-22,,
1989-09-23,,
1989-09-24,,
1989-09-25,,
1989-09-26,,
1989-09-27,,
1989-09-28,,
1989-09-29,,
1989-09-30,,
1989-10-01,,
1989-10-02,,
1989-10-03,,
1989-10-04,,
1989-10-05,,
1989-10-06,,
1989-10-07,,
1989-10-08,,
1989-10-09,,
1989-10-10,,
1989-10-11,,
1989-10-12,,
1989-10-13,,
1989-10-14,,
1989-10-15,,
1989-10-16,,
1989-10-17,,
1989-10-18,,
1989-10-19,,
1989-10-20,,
1989-10-21,,
1989-10-22,,
1989-10-23,,
1989-10-24,,
1989-10-25,,
1989-10-26,,
1989-10-27,,
1989-10-28,,
1989-10-29,,
1989-10-30,,
1989-10-31,,
1989-11-01,,
1989-11-02,,
1989-11-03,,
1989-11-04,,
1989-11-05,,
1989-11-06,,
1989-11-07,,
1989-11-08,,
1989-11-09,,
1989-11-10,,
1989-11-11,,
1989-11-12,,
1989-11-13,,
1989-11-14,,
1989-11-15,,
1989-11-16,,
1989-11-17,,
1989-11-18,,
1989-11-19,,
1989-11-20,,
1989-11-21,,
1989-11-22,,
1989-11-23,,
1989-11-24,,
1989-11-25,0.0,
1989-11-26,3.048,
1989-11-27,3.962,
1989-11-28,3.962,
1989-11-29,3.962,
1989-11-30,3.962,
1989-12-01,3.962,
1989-12-02,3.962,
1989-12-03,3.962,
1989-12-04,3.962,
1989-12-05,3.962,
1989-12-06,4.089,
1989-12-07,4.216,
1989-12-08,4.318,
1989-12-09,4.445,
1989-12-10,4.572,
1989-12-11,4.547,
1989-12-12,4.547,
1989-12-13,4.521,
1989-12-14,4.521,
1989-12-15,4.496,
1989-12-16,4.496,
1989-12-17,4.47,
1989-12-18,4.445,
1989-12-19,4.445,
1989-12-20,4.42,
1989-12-21,4.42,
1989-12-22,4.394,
1989-12-23,4.394,
1989-12-24,4.369,
1989-12-25,4.343,
1989-12-26,4.343,
1989-12-27,4.318,
1989-12-28,4.318,
1989-12-29,4.293,
1989-12-30,4.293,
1989-12-31,4.267,
1990-01-01,4.267,
1990-01-02,5.182,
1990-01-03,5.08,
1990-01-04,5.08,
1990-01-05,5.486,
1990-01-06,5.486,
1990-01-07,6.706,
1990-01-08,11.684,
1990-01-09,12.192,
1990-01-10,12.192,
1990-01-11,12.192,
1990-01-12,12.192,
1990-01-13,12.802,
1990-01-14,14.021,
1990-01-15,14.021,
1990-01-16,14.021,
1990-01-17,14.021,
1990-01-18,13.564,
1990-01-19,13.106,
1990-01-20,12.649,
1990-01-21,12.192,
1990-01-22,11.735,
1990-01-23,11.278,
1990-01-24,10.82,
1990-01-25,10.363,
1990-01-26,10.363,
1990-01-27,11.278,
1990-01-28,11.582,
1990-01-29,11.887,
1990-01-30,12.802,
1990-01-31,14.63,
1990-02-01,16.154,
1990-02-02,18.288,
1990-02-03,18.898,
1990-02-04,20.117,
1990-02-05,20.422,
1990-02-06,21.336,
1990-02-07,21.844,
1990-02-08,22.352,
1990-02-09,22.352,
1990-02-10,22.352,
1990-02-11,22.352,
1990-02-12,22.352,
1990-02-13,22.352,
1990-02-14,22.555,
1990-02-15,22.555,
1990-02-16,23.165,
1990-02-17,24.994,
1990-02-18,26.213,
1990-02-19,26.213,
1990-02-20,26.213,
1990-02-21,26.213,
1990-02-22,25.908,
1990-02-23,25.603,
1990-02-24,25.603,
1990-02-25,25.298,
1990-02-26,25.298,
1990-02-27,25.298,
1990-02-28,25.298,
1990-03-01,25.298,
1990-03-02,24.994,
1990-03-03,25.349,
1990-03-04,25.705,
1990-03-05,26.06,
1990-03-06,26.416,
1990-03-07,27.127,
1990-03-08,27.178,
1990-03-09,27.432,
1990-03-10,27.432,
1990-03-11,28.956,
1990-03-12,29.261,
1990-03-13,29.87,
1990-03-14,30.175,
1990-03-15,31.09,
1990-03-16,31.394,
1990-03-17,31.013,
1990-03-18,30.632,
1990-03-19,30.251,
1990-03-20,29.845,
1990-03-21,29.464,
1990-03-22,29.083,
1990-03-23,28.702,
1990-03-24,27.762,
1990-03-25,26.822,
1990-03-26,26.416,
1990-03-27,25.603,
1990-03-28,24.994,
1990-03-29,24.079,
1990-03-30,23.47,
1990-03-31,22.86,
1990-04-01,21.946,
1990-04-02,20.726,
1990-04-03,19.507,
1990-04-04,17.983,
1990-04-05,16.764,
1990-04-06,15.24,
1990-04-07,13.106,
1990-04-08,12.192,
1990-04-09,9.754,
1990-04-10,7.925,
1990-04-11,6.096,
1990-04-12,3.658,
1990-04-13,3.048,
1990-04-14,0.0,
1990-04-15,,
1990-04-16,,
1990-04-17,,
1990-04-18,,
1990-04-19,,
1990-04-20,,
1990-04-21,,
1990-04-22,,
1990-04-23,,
1990-04-24,,
1990-04-25,,
1990-04-26,,
1990-04-27,,
1990-04-28,,
1990-04-29,,
1990-04-30,,
1990-05-01,,
1990-05-02,,
1990-05-03,,
1990-05-04,,
1990-05-05,,
1990-05-06,,
1990-05-07,,
1990-05-08,,
1990-05-09,,
1990-05-10,,
1990-05-11,,
1990-05-12,,
1990-05-13,,
1990-05-14,,
1990-05-15,,
1990-05-16,,
1990-05-17,,
1990-05-18,,
1990-05-19,,
1990-05-20,,
1990-05-21,,
1990-05-22,,
1990-05-23,,
1990-05-24,,
1990-05-25,,
1990-05-26,,
1990-05-27,,
1990-05-28,,
1990-05-29,,
1990-05-30,,
1990-05-31,,
1990-06-01,,
1990-06-02,,
1990-06-03,,
1990-06-04,,
1990-06-05,,
1990-06-06,,
1990-06-07,,
1990-06-08,,
1990-06-09,,
1990-06-10,,
1990-06-11,,
1990-06-12,,
1990-06-13,,
1990-06-14,,
1990-06-15,,
1990-06-16,,
1990-06-17,,
1990-06-18,,
1990-06-19,,
1990-06-20,,
1990-06-21,,
1990-06-22,,
1990-06-23,,
1990-06-24,,
1990-06-25,,
1990-06-26,,
1990-06-27,,
1990-06-28,,
1990-06-29,,
1990-06-30,,
1990-07-01,,
1990-07-02,,
1990-07-03,,
1990-07-04,,
1990-07-05,,
1990-07-06,,
1990-07-07,,
1990-07-08,,
1990-07-09,,
1990-07-10,,
1990-07-11,,
1990-07-12,,
1990-07-13,,
1990-07-14,,
1990-07-15,,
1990-07-16,,
1990-07-17,,
1990-07-18,,
1990-07-19,,
1990-07-20,,
1990-07-21,,
1990-07-22,,
1990-07-23,,
1990-07-24,,
1990-07-25,,
1990-07-26,,
1990-07-27,,
1990-07-28,,
1990-07-29,,
1990-07-30,,
1990-07-31,,
1990-08-01,,
1990-08-02,,
1990-08-03,,
1990-08-04,,
1990-08-05,,
1990-08-06,,
1990-08-07,,
1990-08-08,,
1990-08-09,,
1990-08-10,,
1990-08-11,,
1990-08-12,,
1990-08-13,,
1990-08-14,,
1990-08-15,,
1990-08-16,,
1990-08-17,,
1990-08-18,,
1990-08-19,,
1990-08-20,,
1990-08-21,,
1990-08-22,,
1990-08-23,,
1990-08-24,,
1990-08-25,,
1990-08-26,,
1990-08-27,,
1990-08-28,,
1990-08-29,,
1990-08-30,,
1990-08-31,,
1990-09-01,,
1990-09-02,,
1990-09-03,,
1990-09-04,,
1990-09-05,,
1990-09-06,,
1990-09-07,0.0,
1990-09-08,,
1990-09-09,,
1990-09-10,,
1990-09-11,,
1990-09-12,,
1990-09-13,,
1990-09-14,,
1990-09-15,,
1990-09-16,,
1990-09-17,,
1990-09-18,,
1990-09-19,,
1990-09-20,,
1990-09-21,,
1990-09-22,,
1990-09-23,,
1990-09-24,0.0,
1990-09-25,0.0,
1990-09-26,0.0,
1990-09-27,0.0,
1990-09-28,0.0,
1990-09-29,0.0,
1990-09-30,0.0,
1990-10-01,0.0,
1990-10-02,0.0,
1990-10-03,0.0,
1990-10-04,0.0,
1990-10-05,0.0,
1990-10-06,0.0,
1990-10-07,0.0,
1990-10-08,0.0,
1990-10-09,0.0,
1990-10-10,0.0,
1990-10-11,0.0,
1990-10-12,0.0,
1990-10-13,0.0,
1990-10-14,0.0,
1990-10-15,0.0,
1990-10-16,0.0,
1990-10-17,0.0,
1990-10-18,0.0,
1990-10-19,0.0,
1990-10-20,0.0,
1990-10-21,0.0,
1990-10-22,0.0,
1990-10-23,0.0,
1990-10-24,0.0,
1990-10-25,0.0,
1990-10-26,0.0,
1990-10-27,0.0,
1990-10-28,0.0,
1990-10-29,0.0,
1990-10-30,0.0,
1990-10-31,0.0,
1990-11-01,0.0,
1990-11-02,0.0,
1990-11-03,0.0,
1990-11-04,0.0,
1990-11-05,0.0,
1990-11-06,0.0,
1990-11-07,0.0,
1990-11-08,0.0,
1990-11-09,0.0,
1990-11-10,0.0,
1990-11-11,0.0,
1990-11-12,0.0,
1990-11-13,0.0,
1990-11-14,0.0,
1990-11-15,0.0,
1990-11-16,0.0,
1990-11-17,0.0,
1990-11-18,0.0,
1990-11-19,0.0,
1990-11-20,0.0,
1990-11-21,0.0,
1990-11-22,0.0,
1990-11-23,0.0,
1990-11-24,0.0,
1990-11-25,0.0,
1990-11-26,2.743,
1990-11-27,2.743,
1990-11-28,2.743,
1990-11-29,0.0,
1990-11-30,0.0,
1990-12-01,0.0,
1990-12-02,0.0,
1990-12-03,0.0,
1990-12-04,0.0,
1990-12-05,0.0,
1990-12-06,0.0,
1990-12-07,3.658,
1990-12-08,3.962,
1990-12-09,4.877,
1990-12-10,4.572,
1990-12-11,0.0,
1990-12-12,1.651,
1990-12-13,3.353,
1990-12-14,0.0,
1990-12-15,0.0,
1990-12-16,0.0,
1990-12-17,0.0,
1990-12-18,0.0,
1990-12-19,0.0,
1990-12-20,3.353,
1990-12-21,3.658,
1990-12-22,3.658,
1990-12-23,3.505,
1990-12-24,3.353,
1990-12-25,3.353,
1990-12-26,3.353,
1990-12-27,3.353,
1990-12-28,3.962,
1990-12-29,3.962,
1990-12-30,3.962,
1990-12-31,4.877,
1991-01-01,5.182,
1991-01-02,5.182,
1991-01-03,5.182,
1991-01-04,5.182,
1991-01-05,5.182,
1991-01-06,5.182,
1991-01-07,5.182,
1991-01-08,6.096,
1991-01-09,6.401,
1991-01-10,6.401,
1991-01-11,7.315,
1991-01-12,7.925,
1991-01-13,8.23,
1991-01-14,8.534,
1991-01-15,8.839,
1991-01-16,8.839,
1991-01-17,8.839,
1991-01-18,8.534,
1991-01-19,10.058,
1991-01-20,10.363,
1991-01-21,11.887,
1991-01-22,11.887,
1991-01-23,9.449,
1991-01-24,7.01,
1991-01-25,6.706,
1991-01-26,7.62,
1991-01-27,8.534,
1991-01-28,8.23,
1991-01-29,8.534,
1991-01-30,9.754,
1991-01-31,10.668,
1991-02-01,10.363,
1991-02-02,13.411,
1991-02-03,15.545,
1991-02-04,16.154,
1991-02-05,16.764,
1991-02-06,17.069,
1991-02-07,17.069,
1991-02-08,16.764,
1991-02-09,16.256,
1991-02-10,15.85,
1991-02-11,15.545,
1991-02-12,15.545,
1991-02-13,15.24,
1991-02-14,15.24,
1991-02-15,15.24,
1991-02-16,15.24,
1991-02-17,15.24,
1991-02-18,14.935,
1991-02-19,15.545,
1991-02-20,15.545,
1991-02-21,14.63,
1991-02-22,14.326,
1991-02-23,14.326,
1991-02-24,14.63,
1991-02-25,15.85,
1991-02-26,17.678,
1991-02-27,17.983,
1991-02-28,14.326,
1991-03-01,13.411,
1991-03-02,13.106,
1991-03-03,16.256,
1991-03-04,15.545,
1991-03-05,15.24,
1991-03-06,14.935,
1991-03-07,15.545,
1991-03-08,16.154,
1991-03-09,16.764,
1991-03-10,15.494,
1991-03-11,15.85,
1991-03-12,16.154,
1991-03-13,17.678,
1991-03-14,17.678,
1991-03-15,18.288,
1991-03-16,18.593,
1991-03-17,18.898,
1991-03-18,19.812,
1991-03-19,20.117,
1991-03-20,19.202,
1991-03-21,20.422,
1991-03-22,20.726,
1991-03-23,21.031,
1991-03-24,23.47,
1991-03-25,24.384,
1991-03-26,25.298,
1991-03-27,26.822,
1991-03-28,27.127,
1991-03-29,27.737,
1991-03-30,27.737,
1991-03-31,27.127,
1991-04-01,26.518,
1991-04-02,26.213,
1991-04-03,25.298,
1991-04-04,24.689,
1991-04-05,24.384,
1991-04-06,24.079,
1991-04-07,24.079,
1991-04-08,23.774,
1991-04-09,23.47,
1991-04-10,22.555,
1991-04-11,21.946,
1991-04-12,21.946,
1991-04-13,21.336,
1991-04-14,20.117,
1991-04-15,19.202,
1991-04-16,18.898,
1991-04-17,18.593,
1991-04-18,18.593,
1991-04-19,17.78,
1991-04-20,17.374,
1991-04-21,16.764,
1991-04-22,15.85,
1991-04-23,14.935,
1991-04-24,14.326,
1991-04-25,13.411,
1991-04-26,13.411,
1991-04-27,13.106,
1991-04-28,12.192,
1991-04-29,10.973,
1991-04-30,9.144,
1991-05-01,8.23,
1991-05-02,8.23,
1991-05-03,7.315,
1991-05-04,4.572,
1991-05-05,3.353,
1991-05-06,0.0,
1991-05-07,0.0,
1991-05-08,0.0,
1991-05-09,0.0,
1991-05-10,0.0,
1991-05-11,0.0,
1991-05-12,0.0,
1991-05-13,0.0,
1991-05-14,0.0,
1991-05-15,0.0,
1991-05-16,0.0,
1991-05-17,0.0,
1991-05-18,3.353,
1991-05-19,4.877,
1991-05-20,4.572,
1991-05-21,0.0,
1991-05-22,0.0,
1991-05-23,0.0,
1991-05-24,0.0,
1991-05-25,0.0,
1991-05-26,0.0,
1991-05-27,0.0,
1991-05-28,0.0,
1991-05-29,0.0,
1991-05-30,0.0,
1991-05-31,0.0,
1991-06-01,0.0,
1991-06-02,0.0,
1991-06-03,0.0,
1991-06-04,0.0,
1991-06-05,0.0,
1991-06-06,0.0,
1991-06-07,0.0,
1991-06-08,0.0,
1991-06-09,0.0,
1991-06-10,0.0,
1991-06-11,0.0,
1991-06-12,0.0,
1991-06-13,0.0,
1991-06-14,0.0,
1991-06-15,0.0,
1991-06-16,0.0,
1991-06-17,0.0,
1991-06-18,0.0,
1991-06-19,0.0,
1991-06-20,0.0,
1991-06-21,0.0,
1991-06-22,0.0,
1991-06-23,0.0,
1991-06-24,0.0,
1991-06-25,0.0,
1991-06-26,0.0,
1991-06-27,0.0,
1991-06-28,0.0,
1991-06-29,0.0,
1991-06-30,0.0,
1991-07-01,0.0,
1991-07-02,0.0,
1991-07-03,0.0,
1991-07-04,0.0,
1991-07-05,0.0,
1991-07-06,0.0,
1991-07-07,0.0,
1991-07-08,0.0,
1991-07-09,0.0,
1991-07-10,0.0,
1991-07-11,0.0,
1991-07-12,0.0,
1991-07-13,0.0,
1991-07-14,0.0,
1991-07-15,0.0,
1991-07-16,0.0,
1991-07-17,0.0,
1991-07-18,0.0,
1991-07-19,,
1991-07-20,0.0,
1991-07-21,0.0,
1991-07-22,0.0,
1991-07-23,0.0,
1991-07-24,0.0,
1991-07-25,,
1991-07-26,0.0,
1991-07-27,0.0,
1991-07-28,0.0,
1991-07-29,0.0,
1991-07-30,0.0,
1991-07-31,0.0,
1991-08-01,0.0,
1991-08-02,0.0,
1991-08-03,0.0,
1991-08-04,0.0,
1991-08-05,0.0,
1991-08-06,0.0,
1991-08-07,0.0,
1991-08-08,0.0,
1991-08-09,0.0,
1991-08-10,0.0,
1991-08-11,0.0,
1991-08-12,0.0,
1991-08-13,0.0,
1991-08-14,0.0,
1991-08-15,0.0,
1991-08-16,0.0,
1991-08-17,0.0,
1991-08-18,0.0,
1991-08-19,0.0,
1991-08-20,0.0,
1991-08-21,0.0,
1991-08-22,0.0,
1991-08-23,0.0,
1991-08-24,0.0,
1991-08-25,0.0,
1991-08-26,0.0,
1991-08-27,0.0,
1991-08-28,0.0,
1991-08-29,0.0,
1991-08-30,0.0,
1991-08-31,0.0,
1991-09-01,0.0,
1991-09-02,0.0,
1991-09-03,0.0,
1991-09-04,0.0,
1991-09-05,0.0,
1991-09-06,0.0,
1991-09-07,0.0,
1991-09-08,0.0,
1991-09-09,0.0,
1991-09-10,0.0,
1991-09-11,0.0,
1991-09-12,0.0,
1991-09-13,0.0,
1991-09-14,0.0,
1991-09-15,0.0,
1991-09-16,0.0,
1991-09-17,0.0,
1991-09-18,0.0,
1991-09-19,0.0,
1991-09-20,0.0,
1991-09-21,0.0,
1991-09-22,0.0,
1991-09-23,0.0,
1991-09-24,0.0,
1991-09-25,0.0,
1991-09-26,0.0,
1991-09-27,0.0,
1991-09-28,0.0,
1991-09-29,0.0,
1991-09-30,0.0,
1991-10-01,0.0,
1991-10-02,0.0,
1991-10-03,0.0,
1991-10-04,0.0,
1991-10-05,0.0,
1991-10-06,0.0,
1991-10-07,0.0,
1991-10-08,0.0,
1991-10-09,0.0,
1991-10-10,0.0,
1991-10-11,0.0,
1991-10-12,0.0,
1991-10-13,0.0,
1991-10-14,0.0,
1991-10-15,0.0,
1991-10-16,0.0,
1991-10-17,0.0,
1991-10-18,0.0,
1991-10-19,0.0,
1991-10-20,0.0,
1991-10-21,0.0,
1991-10-22,0.0,
1991-10-23,0.0,
1991-10-24,0.0,
1991-10-25,0.0,
1991-10-26,0.0,
1991-10-27,0.0,
1991-10-28,0.0,
1991-10-29,0.0,
1991-10-30,0.0,
1991-10-31,0.0,
1991-11-01,0.0,
1991-11-02,0.0,
1991-11-03,0.0,
1991-11-04,0.0,
1991-11-05,0.0,
1991-11-06,0.0,
1991-11-07,0.0,
1991-11-08,0.0,
1991-11-09,0.0,
1991-11-10,0.0,
1991-11-11,0.0,
1991-11-12,0.0,
1991-11-13,0.0,
1991-11-14,0.0,
1991-11-15,0.0,
1991-11-16,0.0,
1991-11-17,3.353,
1991-11-18,4.064,
1991-11-19,4.826,
1991-11-20,5.588,
1991-11-21,6.401,
1991-11-22,6.096,
1991-11-23,5.817,
1991-11-24,5.639,
1991-11-25,5.486,
1991-11-26,5.486,
1991-11-27,5.182,
1991-11-28,4.877,
1991-11-29,5.182,
1991-11-30,7.62,
1991-12-01,6.858,
1991-12-02,6.045,
1991-12-03,5.182,
1991-12-04,5.639,
1991-12-05,6.096,
1991-12-06,5.791,
1991-12-07,5.385,
1991-12-08,5.182,
1991-12-09,5.08,
1991-12-10,9.449,
1991-12-11,8.636,
1991-12-12,7.087,
1991-12-13,5.486,
1991-12-14,6.096,
1991-12-15,6.706,
1991-12-16,6.401,
1991-12-17,6.401,
1991-12-18,6.096,
1991-12-19,7.747,
1991-12-20,9.398,
1991-12-21,8.941,
1991-12-22,8.534,
1991-12-23,7.874,
1991-12-24,7.925,
1991-12-25,7.925,
1991-12-26,7.925,
1991-12-27,7.315,
1991-12-28,7.315,
1991-12-29,8.23,
1991-12-30,8.23,
1991-12-31,8.23,
1992-01-01,8.636,
1992-01-02,8.636,
1992-01-03,8.839,
1992-01-04,9.449,
1992-01-05,12.192,
1992-01-06,13.462,
1992-01-07,14.935,
1992-01-08,15.24,
1992-01-09,15.24,
1992-01-10,15.85,
1992-01-11,16.154,
1992-01-12,16.154,
1992-01-13,16.154,
1992-01-14,16.154,
1992-01-15,16.154,
1992-01-16,16.154,
1992-01-17,16.764,
1992-01-18,16.764,
1992-01-19,17.069,
1992-01-20,17.069,
1992-01-21,17.272,
1992-01-22,17.678,
1992-01-23,17.678,
1992-01-24,17.983,
1992-01-25,17.983,
1992-01-26,17.983,
1992-01-27,18.034,
1992-01-28,18.542,
1992-01-29,19.202,
1992-01-30,19.507,
1992-01-31,20.117,
1992-02-01,20.726,
1992-02-02,21.031,
1992-02-03,21.031,
1992-02-04,20.726,
1992-02-05,19.812,
1992-02-06,19.202,
1992-02-07,19.202,
1992-02-08,19.202,
1992-02-09,18.593,
1992-02-10,19.202,
1992-02-11,23.774,
1992-02-12,26.822,
1992-02-13,27.127,
1992-02-14,28.042,
1992-02-15,30.48,
1992-02-16,32.004,
1992-02-17,32.614,
1992-02-18,32.614,
1992-02-19,33.528,
1992-02-20,34.036,
1992-02-21,34.138,
1992-02-22,33.833,
1992-02-23,33.833,
1992-02-24,33.528,
1992-02-25,33.528,
1992-02-26,33.833,
1992-02-27,33.528,
1992-02-28,33.223,
1992-02-29,33.223,
1992-03-01,33.223,
1992-03-02,33.223,
1992-03-03,33.528,
1992-03-04,32.918,
1992-03-05,32.918,
1992-03-06,33.833,
1992-03-07,34.138,
1992-03-08,34.138,
1992-03-09,34.138,
1992-03-10,33.833,
1992-03-11,33.833,
1992-03-12,33.223,
1992-03-13,32.614,
1992-03-14,32.004,
1992-03-15,32.614,
1992-03-16,34.138,
1992-03-17,35.052,
1992-03-18,35.357,
1992-03-19,35.052,
1992-03-20,35.052,
1992-03-21,34.442,
1992-03-22,33.833,
1992-03-23,32.614,
1992-03-24,31.699,
1992-03-25,31.09,
1992-03-26,30.175,
1992-03-27,29.261,
1992-03-28,28.067,
1992-03-29,27.127,
1992-03-30,25.603,
1992-03-31,25.298,
1992-04-01,24.13,
1992-04-02,22.555,
1992-04-03,21.031,
1992-04-04,19.202,
1992-04-05,17.983,
1992-04-06,17.374,
1992-04-07,16.459,
1992-04-08,14.63,
1992-04-09,13.411,
1992-04-10,12.192,
1992-04-11,10.668,
1992-04-12,9.449,
1992-04-13,7.62,
1992-04-14,4.877,
1992-04-15,3.048,
1992-04-16,0.0,
1992-04-17,0.0,
1992-04-18,0.0,
1992-04-19,0.0,
1992-04-20,0.0,
1992-04-21,0.0,
1992-04-22,0.0,
1992-04-23,0.0,
1992-04-24,0.0,
1992-04-25,0.0,
1992-04-26,0.0,
1992-04-27,0.0,
1992-04-28,0.0,
1992-04-29,0.0,
1992-04-30,0.0,
1992-05-01,0.0,
1992-05-02,0.0,
1992-05-03,0.0,
1992-05-04,0.0,
1992-05-05,0.0,
1992-05-06,0.0,
1992-05-07,0.0,
1992-05-08,0.0,
1992-05-09,0.0,
1992-05-10,0.0,
1992-05-11,0.0,
1992-05-12,0.0,
1992-05-13,0.0,
1992-05-14,0.0,
1992-05-15,0.0,
1992-05-16,0.0,
1992-05-17,0.0,
1992-05-18,0.0,
1992-05-19,0.0,
1992-05-20,0.0,
1992-05-21,0.0,
1992-05-22,0.0,
1992-05-23,0.0,
1992-05-24,0.0,
1992-05-25,0.0,
1992-05-26,0.0,
1992-05-27,0.0,
1992-05-28,0.0,
1992-05-29,0.0,
1992-05-30,0.0,
1992-05-31,0.0,
1992-06-01,0.0,
1992-06-02,0.0,
1992-06-03,0.0,
1992-06-04,0.0,
1992-06-05,0.0,
1992-06-06,0.0,
1992-06-07,0.0,
1992-06-08,0.0,
1992-06-09,0.0,
1992-06-10,0.0,
1992-06-11,0.0,
1992-06-12,0.0,
1992-06-13,0.0,
1992-06-14,0.0,
1992-06-15,0.0,
1992-06-16,0.0,
1992-06-17,0.0,
1992-06-18,0.0,
1992-06-19,0.0,
1992-06-20,0.0,
1992-06-21,0.0,
1992-06-22,0.0,
1992-06-23,0.0,
1992-06-24,0.0,
1992-06-25,0.0,
1992-06-26,0.0,
1992-06-27,0.0,
1992-06-28,0.0,
1992-06-29,0.0,
1992-06-30,0.0,
1992-07-01,0.0,
1992-07-02,0.0,
1992-07-03,0.0,
1992-07-04,0.0,
1992-07-05,0.0,
1992-07-06,0.0,
1992-07-07,0.0,
1992-07-08,0.0,
1992-07-09,0.0,
1992-07-10,0.0,
1992-07-11,0.0,
1992-07-12,0.0,
1992-07-13,0.0,
1992-07-14,0.0,
1992-07-15,0.0,
1992-07-16,0.0,
1992-07-17,0.0,
1992-07-18,0.0,
1992-07-19,0.0,
1992-07-20,0.0,
1992-07-21,0.0,
1992-07-22,0.0,
1992-07-23,0.0,
1992-07-24,0.0,
1992-07-25,0.0,
1992-07-26,0.0,
1992-07-27,0.0,
1992-07-28,0.0,
1992-07-29,0.0,
1992-07-30,0.0,
1992-07-31,0.0,
1992-08-01,0.0,
1992-08-02,0.0,
1992-08-03,0.0,
1992-08-04,0.0,
1992-08-05,0.0,
1992-08-06,0.0,
1992-08-07,0.0,
1992-08-08,0.0,
1992-08-09,0.0,
1992-08-10,0.0,
1992-08-11,0.0,
1992-08-12,0.0,
1992-08-13,0.0,
1992-08-14,0.0,
1992-08-15,0.0,
1992-08-16,0.0,
1992-08-17,0.0,
1992-08-18,0.0,
1992-08-19,0.0,
1992-08-20,0.0,
1992-08-21,0.0,
1992-08-22,0.0,
1992-08-23,0.0,
1992-08-24,0.0,
1992-08-25,0.0,
1992-08-26,0.0,
1992-08-27,0.0,
1992-08-28,0.0,
1992-08-29,0.0,
1992-08-30,0.0,
1992-08-31,0.0,
1992-09-01,0.0,
1992-09-02,0.0,
1992-09-03,0.0,
1992-09-04,0.0,
1992-09-05,0.0,
1992-09-06,0.0,
1992-09-07,0.0,
1992-09-08,0.0,
1992-09-09,0.0,
1992-09-10,0.0,
1992-09-11,0.0,
1992-09-12,0.0,
1992-09-13,0.0,
1992-09-14,0.0,
1992-09-15,0.0,
1992-09-16,0.0,
1992-09-17,0.0,
1992-09-18,0.0,
1992-09-19,0.0,
1992-09-20,0.0,
1992-09-21,0.0,
1992-09-22,0.0,
1992-09-23,0.0,
1992-09-24,0.0,
1992-09-25,0.0,
1992-09-26,0.0,
1992-09-27,0.0,
1992-09-28,0.0,
1992-09-29,0.0,
1992-09-30,0.0,
1992-10-01,0.0,
1992-10-02,0.0,
1992-10-03,0.0,
1992-10-04,0.0,
1992-10-05,0.0,
1992-10-06,0.0,
1992-10-07,0.0,
1992-10-08,0.0,
1992-10-09,0.0,
1992-10-10,0.0,
1992-10-11,0.0,
1992-10-12,0.0,
1992-10-13,0.0,
1992-10-14,0.0,
1992-10-15,0.0,
1992-10-16,0.0,
1992-10-17,0.0,
1992-10-18,0.0,
1992-10-19,0.0,
1992-10-20,0.0,
1992-10-21,0.635,
1992-10-22,1.245,
1992-10-23,0.94,
1992-10-24,0.94,
1992-10-25,0.94,
1992-10-26,0.94,
1992-10-27,0.94,
1992-10-28,0.94,
1992-10-29,0.94,
1992-10-30,0.94,
1992-10-31,0.94,
1992-11-01,0.94,
1992-11-02,0.94,
1992-11-03,0.94,
1992-11-04,0.94,
1992-11-05,0.94,
1992-11-06,0.94,
1992-11-07,0.94,
1992-11-08,0.94,
1992-11-09,0.635,
1992-11-10,0.635,
1992-11-11,1.245,
1992-11-12,0.94,
1992-11-13,0.94,
1992-11-14,0.94,
1992-11-15,0.94,
1992-11-16,0.94,
1992-11-17,0.94,
1992-11-18,0.94,
1992-11-19,0.94,
1992-11-20,1.854,
1992-11-21,2.159,
1992-11-22,3.378,
1992-11-23,3.378,
1992-11-24,3.658,
1992-11-25,3.658,
1992-11-26,3.658,
1992-11-27,3.658,
1992-11-28,3.658,
1992-11-29,5.512,
1992-11-30,3.378,
1992-12-01,3.378,
1992-12-02,3.658,
1992-12-03,4.572,
1992-12-04,4.267,
1992-12-05,5.182,
1992-12-06,5.182,
1992-12-07,7.036,
1992-12-08,7.036,
1992-12-09,14.351,
1992-12-10,16.18,
1992-12-11,18.313,
1992-12-12,21.057,
1992-12-13,21.057,
1992-12-14,21.057,
1992-12-15,21.057,
1992-12-16,21.057,
1992-12-17,21.057,
1992-12-18,22.581,
1992-12-19,22.581,
1992-12-20,22.276,
1992-12-21,22.581,
1992-12-22,22.581,
1992-12-23,22.581,
1992-12-24,21.971,
1992-12-25,22.098,
1992-12-26,22.098,
1992-12-27,22.098,
1992-12-28,22.276,
1992-12-29,25.324,
1992-12-30,28.372,
1992-12-31,31.42,
1993-01-01,35.992,
1993-01-02,36.297,
1993-01-03,36.297,
1993-01-04,36.906,
1993-01-05,37.516,
1993-01-06,37.821,
1993-01-07,39.649,
1993-01-08,39.929,
1993-01-09,40.843,
1993-01-10,41.453,
1993-01-11,41.758,
1993-01-12,41.758,
1993-01-13,42.367,
1993-01-14,44.526,
1993-01-15,45.136,
1993-01-16,47.269,
1993-01-17,47.269,
1993-01-18,47.549,
1993-01-19,47.549,
1993-01-20,52.756,
1993-01-21,57.937,
1993-01-22,61.874,
1993-01-23,61.874,
1993-01-24,61.874,
1993-01-25,62.179,
1993-01-26,62.179,
1993-01-27,62.179,
1993-01-28,62.179,
1993-01-29,61.874,
1993-01-30,61.874,
1993-01-31,61.57,
1993-02-01,61.265,
1993-02-02,61.265,
1993-02-03,60.96,
1993-02-04,60.96,
1993-02-05,61.29,
1993-02-06,61.57,
1993-02-07,60.96,
1993-02-08,60.96,
1993-02-09,60.35,
1993-02-10,60.35,
1993-02-11,61.874,
1993-02-12,62.509,
1993-02-13,62.509,
1993-02-14,62.789,
1993-02-15,62.789,
1993-02-16,62.789,
1993-02-17,62.789,
1993-02-18,64.313,
1993-02-19,65.862,
1993-02-20,69.494,
1993-02-21,72.238,
1993-02-22,73.177,
1993-02-23,74.066,
1993-02-24,74.676,
1993-02-25,74.676,
1993-02-26,74.676,
1993-02-27,74.676,
1993-02-28,74.676,
1993-03-01,74.676,
1993-03-02,74.397,
1993-03-03,75.286,
1993-03-04,74.066,
1993-03-05,73.787,
1993-03-06,73.482,
1993-03-07,72.847,
1993-03-08,72.238,
1993-03-09,71.933,
1993-03-10,70.409,
1993-03-11,69.19,
1993-03-12,68.58,
1993-03-13,67.666,
1993-03-14,66.777,
1993-03-15,65.608,
1993-03-16,64.948,
1993-03-17,64.313,
1993-03-18,62.789,
1993-03-19,61.874,
1993-03-20,60.96,
1993-03-21,60.046,
1993-03-22,59.766,
1993-03-23,58.826,
1993-03-24,57.937,
1993-03-25,57.937,
1993-03-26,57.607,
1993-03-27,56.693,
1993-03-28,56.693,
1993-03-29,55.778,
1993-03-30,54.559,
1993-03-31,53.95,
1993-04-01,53.95,
1993-04-02,53.95,
1993-04-03,54.254,
1993-04-04,53.34,
1993-04-05,53.34,
1993-04-06,52.756,
1993-04-07,51.816,
1993-04-08,50.622,
1993-04-09,49.708,
1993-04-10,49.708,
1993-04-11,49.378,
1993-04-12,49.073,
1993-04-13,47.879,
1993-04-14,46.939,
1993-04-15,46.05,
1993-04-16,43.586,
1993-04-17,43.002,
1993-04-18,45.441,
1993-04-19,46.05,
1993-04-20,44.806,
1993-04-21,43.917,
1993-04-22,43.002,
1993-04-23,41.758,
1993-04-24,41.199,
1993-04-25,40.869,
1993-04-26,39.04,
1993-04-27,37.821,
1993-04-28,36.297,
1993-04-29,34.163,
1993-04-30,32.029,
1993-05-01,30.201,
1993-05-02,28.042,
1993-05-03,25.629,
1993-05-04,23.8,
1993-05-05,22.276,
1993-05-06,19.812,
1993-05-07,18.009,
1993-05-08,15.57,
1993-05-09,13.132,
1993-05-10,10.084,
1993-05-11,6.121,
1993-05-12,2.464,
1993-05-13,0.0,
1993-05-14,0.0,
1993-05-15,0.0,
1993-05-16,0.0,
1993-05-17,0.0,
1993-05-18,0.0,
1993-05-19,0.0,
1993-05-20,0.0,
1993-05-21,0.0,
1993-05-22,0.0,
1993-05-23,0.0,
1993-05-24,0.0,
1993-05-25,0.0,
1993-05-26,0.0,
1993-05-27,0.0,
1993-05-28,0.0,
1993-05-29,0.0,
1993-05-30,0.0,
1993-05-31,0.0,
1993-06-01,0.0,
1993-06-02,0.0,
1993-06-03,0.0,
1993-06-04,0.0,
1993-06-05,0.0,
1993-06-06,0.0,
1993-06-07,0.0,
1993-06-08,0.0,
1993-06-09,0.0,
1993-06-10,0.0,
1993-06-11,0.0,
1993-06-12,0.0,
1993-06-13,0.0,
1993-06-14,0.0,
1993-06-15,0.0,
1993-06-16,0.0,
1993-06-17,0.0,
1993-06-18,0.0,
1993-06-19,0.0,
1993-06-20,0.0,
1993-06-21,0.0,
1993-06-22,0.0,
1993-06-23,0.0,
1993-06-24,0.0,
1993-06-25,0.0,
1993-06-26,0.0,
1993-06-27,0.0,
1993-06-28,0.0,
1993-06-29,0.0,
1993-06-30,0.0,
1993-07-01,0.0,
1993-07-02,0.0,
1993-07-03,0.0,
1993-07-04,0.0,
1993-07-05,0.0,
1993-07-06,0.0,
1993-07-07,0.0,
1993-07-08,0.0,
1993-07-09,0.0,
1993-07-10,0.0,
1993-07-11,0.0,
1993-07-12,0.0,
1993-07-13,0.0,
1993-07-14,0.0,
1993-07-15,0.0,
1993-07-16,0.0,
1993-07-17,0.0,
1993-07-18,0.0,
1993-07-19,0.0,
1993-07-20,0.0,
1993-07-21,0.0,
1993-07-22,0.0,
1993-07-23,0.0,
1993-07-24,0.0,
1993-07-25,0.0,
1993-07-26,0.0,
1993-07-27,0.0,
1993-07-28,0.0,
1993-07-29,0.0,
1993-07-30,0.0,
1993-07-31,0.0,
1993-08-01,0.0,
1993-08-02,0.0,
1993-08-03,0.0,
1993-08-04,0.0,
1993-08-05,0.0,
1993-08-06,0.0,
1993-08-07,0.0,
1993-08-08,0.0,
1993-08-09,0.0,
1993-08-10,0.0,
1993-08-11,0.0,
1993-08-12,0.0,
1993-08-13,0.0,
1993-08-14,0.0,
1993-08-15,0.0,
1993-08-16,0.0,
1993-08-17,0.0,
1993-08-18,0.0,
1993-08-19,0.0,
1993-08-20,0.0,
1993-08-21,0.0,
1993-08-22,0.0,
1993-08-23,0.0,
1993-08-24,0.0,
1993-08-25,0.0,
1993-08-26,0.0,
1993-08-27,0.0,
1993-08-28,0.0,
1993-08-29,0.0,
1993-08-30,0.0,
1993-08-31,0.0,
1993-09-01,0.0,
1993-09-02,0.0,
1993-09-03,0.0,
1993-09-04,0.0,
1993-09-05,0.0,
1993-09-06,0.0,
1993-09-07,0.0,
1993-09-08,0.0,
1993-09-09,0.0,
1993-09-10,0.0,
1993-09-11,0.0,
1993-09-12,0.0,
1993-09-13,0.0,
1993-09-14,0.0,
1993-09-15,0.0,
1993-09-16,0.0,
1993-09-17,0.0,
1993-09-18,0.0,
1993-09-19,0.0,
1993-09-20,0.0,
1993-09-21,0.0,
1993-09-22,0.0,
1993-09-23,0.0,
1993-09-24,0.0,
1993-09-25,0.0,
1993-09-26,0.0,
1993-09-27,0.0,
1993-09-28,0.0,
1993-09-29,0.0,
1993-09-30,0.0,
1993-10-01,0.0,
1993-10-02,0.0,
1993-10-03,0.0,
1993-10-04,0.0,
1993-10-05,0.0,
1993-10-06,0.0,
1993-10-07,0.0,
1993-10-08,0.0,
1993-10-09,0.0,
1993-10-10,0.0,
1993-10-11,0.0,
1993-10-12,0.0,
1993-10-13,0.0,
1993-10-14,0.0,
1993-10-15,0.0,
1993-10-16,0.0,
1993-10-17,0.0,
1993-10-18,0.0,
1993-10-19,0.0,
1993-10-20,0.0,
1993-10-21,0.0,
1993-10-22,0.0,
1993-10-23,0.0,
1993-10-24,0.0,
1993-10-25,0.0,
1993-10-26,0.0,
1993-10-27,0.0,
1993-10-28,0.0,
1993-10-29,0.0,
1993-10-30,0.0,
1993-10-31,0.0,
1993-11-01,0.0,
1993-11-02,0.0,
1993-11-03,0.0,
1993-11-04,0.0,
1993-11-05,0.0,
1993-11-06,0.0,
1993-11-07,0.0,
1993-11-08,0.0,
1993-11-09,0.0,
1993-11-10,0.0,
1993-11-11,0.0,
1993-11-12,0.0,
1993-11-13,0.0,
1993-11-14,0.0,
1993-11-15,0.0,
1993-11-16,0.0,
1993-11-17,0.0,
1993-11-18,0.0,
1993-11-19,0.0,
1993-11-20,0.0,
1993-11-21,0.0,
1993-11-22,0.0,
1993-11-23,0.305,
1993-11-24,0.305,
1993-11-25,0.61,
1993-11-26,0.61,
1993-11-27,0.914,
1993-11-28,1.219,
1993-11-29,2.438,
1993-11-30,3.023,
1993-12-01,3.023,
1993-12-02,3.023,
1993-12-03,3.023,
1993-12-04,3.023,
1993-12-05,3.023,
1993-12-06,3.023,
1993-12-07,3.023,
1993-12-08,7.62,
1993-12-09,9.144,
1993-12-10,9.754,
1993-12-11,9.449,
1993-12-12,10.643,
1993-12-13,10.643,
1993-12-14,13.386,
1993-12-15,13.995,
1993-12-16,13.386,
1993-12-17,12.776,
1993-12-18,11.557,
1993-12-19,10.643,
1993-12-20,9.754,
1993-12-21,8.23,
1993-12-22,8.534,
1993-12-23,9.449,
1993-12-24,10.338,
1993-12-25,10.947,
1993-12-26,11.252,
1993-12-27,9.144,
1993-12-28,9.144,
1993-12-29,9.144,
1993-12-30,9.144,
1993-12-31,9.144,
1994-01-01,10.033,
1994-01-02,10.947,
1994-01-03,11.557,
1994-01-04,11.862,
1994-01-05,13.386,
1994-01-06,14.605,
1994-01-07,14.605,
1994-01-08,15.545,
1994-01-09,17.374,
1994-01-10,17.678,
1994-01-11,17.374,
1994-01-12,17.069,
1994-01-13,17.678,
1994-01-14,17.958,
1994-01-15,17.374,
1994-01-16,16.459,
1994-01-17,16.459,
1994-01-18,16.154,
1994-01-19,15.85,
1994-01-20,16.154,
1994-01-21,16.459,
1994-01-22,14.935,
1994-01-23,16.154,
1994-01-24,16.459,
1994-01-25,19.482,
1994-01-26,20.091,
1994-01-27,20.701,
1994-01-28,20.701,
1994-01-29,20.422,
1994-01-30,20.701,
1994-01-31,20.091,
1994-02-01,19.787,
1994-02-02,20.422,
1994-02-03,21.031,
1994-02-04,21.336,
1994-02-05,22.555,
1994-02-06,23.774,
1994-02-07,24.384,
1994-02-08,22.555,
1994-02-09,20.701,
1994-02-10,20.422,
1994-02-11,22.555,
1994-02-12,22.86,
1994-02-13,23.774,
1994-02-14,24.384,
1994-02-15,24.689,
1994-02-16,24.994,
1994-02-17,27.102,
1994-02-18,29.261,
1994-02-19,29.87,
1994-02-20,31.369,
1994-02-21,32.309,
1994-02-22,33.528,
1994-02-23,33.807,
1994-02-24,34.138,
1994-02-25,34.417,
1994-02-26,34.417,
1994-02-27,34.747,
1994-02-28,34.138,
1994-03-01,33.528,
1994-03-02,33.528,
1994-03-03,32.918,
1994-03-04,32.309,
1994-03-05,31.979,
1994-03-06,31.979,
1994-03-07,31.699,
1994-03-08,31.699,
1994-03-09,31.09,
1994-03-10,30.48,
1994-03-11,30.48,
1994-03-12,31.09,
1994-03-13,30.48,
1994-03-14,29.87,
1994-03-15,29.261,
1994-03-16,28.321,
1994-03-17,28.651,
1994-03-18,28.651,
1994-03-19,27.737,
1994-03-20,28.956,
1994-03-21,27.407,
1994-03-22,27.737,
1994-03-23,28.042,
1994-03-24,26.518,
1994-03-25,28.042,
1994-03-26,28.042,
1994-03-27,27.102,
1994-03-28,26.518,
1994-03-29,24.994,
1994-03-30,23.47,
1994-03-31,24.384,
1994-04-01,22.86,
1994-04-02,21.336,
1994-04-03,19.482,
1994-04-04,19.177,
1994-04-05,18.263,
1994-04-06,17.526,
1994-04-07,16.764,
1994-04-08,15.85,
1994-04-09,15.85,
1994-04-10,16.459,
1994-04-11,15.85,
1994-04-12,13.995,
1994-04-13,12.192,
1994-04-14,10.16,
1994-04-15,8.128,
1994-04-16,6.096,
1994-04-17,4.064,
1994-04-18,2.032,
1994-04-19,0.61,
1994-04-20,0.0,
1994-04-21,0.0,
1994-04-22,0.0,
1994-04-23,0.0,
1994-04-24,0.0,
1994-04-25,0.61,
1994-04-26,1.524,
1994-04-27,0.61,
1994-04-28,0.0,
1994-04-29,0.0,
1994-04-30,0.0,
1994-05-01,0.0,
1994-05-02,0.0,
1994-05-03,0.0,
1994-05-04,0.0,
1994-05-05,0.0,
1994-05-06,0.0,
1994-05-07,0.0,
1994-05-08,0.0,
1994-05-09,0.0,
1994-05-10,0.0,
1994-05-11,0.0,
1994-05-12,0.0,
1994-05-13,0.0,
1994-05-14,0.0,
1994-05-15,0.0,
1994-05-16,0.0,
1994-05-17,0.0,
1994-05-18,0.0,
1994-05-19,0.0,
1994-05-20,0.0,
1994-05-21,0.0,
1994-05-22,0.0,
1994-05-23,0.0,
1994-05-24,0.0,
1994-05-25,0.0,
1994-05-26,0.0,
1994-05-27,0.0,
1994-05-28,0.0,
1994-05-29,0.0,
1994-05-30,0.0,
1994-05-31,0.0,
1994-06-01,0.0,
1994-06-02,0.0,
1994-06-03,0.0,
1994-06-04,0.0,
1994-06-05,0.0,
1994-06-06,0.0,
1994-06-07,0.0,
1994-06-08,0.0,
1994-06-09,0.0,
1994-06-10,0.0,
1994-06-11,0.0,
1994-06-12,0.0,
1994-06-13,0.0,
1994-06-14,0.0,
1994-06-15,0.0,
1994-06-16,0.0,
1994-06-17,0.0,
1994-06-18,0.0,
1994-06-19,0.0,
1994-06-20,0.0,
1994-06-21,0.0,
1994-06-22,0.0,
1994-06-23,0.0,
1994-06-24,0.0,
1994-06-25,0.0,
1994-06-26,0.0,
1994-06-27,0.0,
1994-06-28,0.0,
1994-06-29,0.0,
1994-06-30,0.0,
1994-07-01,0.0,
1994-07-02,0.0,
1994-07-03,0.0,
1994-07-04,0.0,
1994-07-05,0.0,
1994-07-06,0.0,
1994-07-07,0.0,
1994-07-08,0.0,
1994-07-09,0.0,
1994-07-10,0.0,
1994-07-11,0.0,
1994-07-12,0.0,
1994-07-13,0.0,
1994-07-14,0.0,
1994-07-15,0.0,
1994-07-16,0.0,
1994-07-17,0.0,
1994-07-18,0.0,
1994-07-19,0.0,
1994-07-20,0.0,
1994-07-21,0.0,
1994-07-22,0.0,
1994-07-23,0.0,
1994-07-24,0.0,
1994-07-25,0.0,
1994-07-26,0.0,
1994-07-27,0.0,
1994-07-28,0.0,
1994-07-29,0.0,
1994-07-30,0.0,
1994-07-31,0.0,
1994-08-01,0.0,
1994-08-02,0.0,
1994-08-03,0.0,
1994-08-04,0.0,
1994-08-05,0.0,
1994-08-06,0.0,
1994-08-07,0.0,
1994-08-08,0.0,
1994-08-09,0.0,
1994-08-10,0.0,
1994-08-11,0.0,
1994-08-12,0.0,
1994-08-13,0.0,
1994-08-14,0.0,
1994-08-15,0.0,
1994-08-16,0.0,
1994-08-17,0.0,
1994-08-18,0.0,
1994-08-19,0.0,
1994-08-20,0.0,
1994-08-21,0.0,
1994-08-22,0.0,
1994-08-23,0.0,
1994-08-24,0.0,
1994-08-25,0.0,
1994-08-26,0.0,
1994-08-27,0.0,
1994-08-28,0.0,
1994-08-29,0.0,
1994-08-30,0.0,
1994-08-31,0.0,
1994-09-01,0.0,
1994-09-02,0.0,
1994-09-03,0.0,
1994-09-04,0.0,
1994-09-05,0.0,
1994-09-06,0.0,
1994-09-07,0.0,
1994-09-08,0.0,
1994-09-09,0.0,
1994-09-10,0.0,
1994-09-11,0.0,
1994-09-12,0.0,
1994-09-13,0.0,
1994-09-14,0.0,
1994-09-15,0.0,
1994-09-16,0.0,
1994-09-17,0.0,
1994-09-18,0.0,
1994-09-19,0.0,
1994-09-20,0.0,
1994-09-21,0.0,
1994-09-22,0.0,
1994-09-23,0.0,
1994-09-24,0.0,
1994-09-25,0.0,
1994-09-26,0.0,
1994-09-27,0.0,
1994-09-28,0.0,
1994-09-29,0.0,
1994-09-30,0.0,
1994-10-01,0.0,
1994-10-02,0.0,
1994-10-03,0.0,
1994-10-04,0.0,
1994-10-05,0.0,
1994-10-06,0.0,
1994-10-07,0.0,
1994-10-08,0.0,
1994-10-09,0.0,
1994-10-10,0.0,
1994-10-11,0.0,
1994-10-12,0.0,
1994-10-13,0.0,
1994-10-14,0.0,
1994-10-15,0.0,
1994-10-16,0.0,
1994-10-17,0.305,
1994-10-18,0.279,
1994-10-19,0.305,
1994-10-20,0.0,
1994-10-21,0.0,
1994-10-22,0.0,
1994-10-23,0.0,
1994-10-24,0.0,
1994-10-25,0.0,
1994-10-26,0.0,
1994-10-27,0.0,
1994-10-28,0.0,
1994-10-29,0.0,
1994-10-30,0.0,
1994-10-31,0.0,
1994-11-01,0.0,
1994-11-02,0.0,
1994-11-03,0.0,
1994-11-04,0.61,
1994-11-05,3.023,
1994-11-06,3.023,
1994-11-07,3.327,
1994-11-08,3.023,
1994-11-09,3.327,
1994-11-10,7.29,
1994-11-11,7.29,
1994-11-12,7.29,
1994-11-13,7.29,
1994-11-14,7.29,
1994-11-15,7.29,
1994-11-16,9.728,
1994-11-17,14.91,
1994-11-18,16.739,
1994-11-19,16.739,
1994-11-20,17.043,
1994-11-21,17.043,
1994-11-22,16.434,
1994-11-23,16.129,
1994-11-24,16.739,
1994-11-25,20.091,
1994-11-26,21.311,
1994-11-27,21.615,
1994-11-28,21.92,
1994-11-29,21.92,
1994-11-30,21.92,
1994-12-01,21.92,
1994-12-02,21.311,
1994-12-03,21.311,
1994-12-04,21.92,
1994-12-05,21.615,
1994-12-06,22.53,
1994-12-07,22.835,
1994-12-08,23.139,
1994-12-09,23.139,
1994-12-10,23.139,
1994-12-11,23.139,
1994-12-12,24.359,
1994-12-13,24.663,
1994-12-14,24.663,
1994-12-15,26.187,
1994-12-16,28.321,
1994-12-17,29.235,
1994-12-18,29.845,
1994-12-19,30.455,
1994-12-20,30.759,
1994-12-21,30.759,
1994-12-22,30.759,
1994-12-23,30.759,
1994-12-24,30.759,
1994-12-25,32.893,
1994-12-26,32.893,
1994-12-27,33.198,
1994-12-28,33.503,
1994-12-29,33.807,
1994-12-30,33.807,
1994-12-31,34.112,
1995-01-01,34.112,
1995-01-02,34.112,
1995-01-03,34.112,
1995-01-04,34.722,
1995-01-05,35.941,
1995-01-06,36.551,
1995-01-07,38.684,
1995-01-08,44.475,
1995-01-09,47.828,
1995-01-10,47.828,
1995-01-11,47.828,
1995-01-12,54.61,
1995-01-13,56.972,
1995-01-14,58.191,
1995-01-15,60.02,
1995-01-16,60.63,
1995-01-17,60.935,
1995-01-18,60.935,
1995-01-19,61.544,
1995-01-20,61.544,
1995-01-21,61.544,
1995-01-22,61.544,
1995-01-23,63.678,
1995-01-24,65.202,
1995-01-25,67.031,
1995-01-26,67.64,
1995-01-27,67.945,
1995-01-28,68.25,
1995-01-29,68.555,
1995-01-30,68.25,
1995-01-31,67.335,
1995-02-01,66.421,
1995-02-02,64.592,
1995-02-03,64.287,
1995-02-04,64.287,
1995-02-05,64.287,
1995-02-06,64.287,
1995-02-07,64.287,
1995-02-08,64.287,
1995-02-09,64.287,
1995-02-10,64.287,
1995-02-11,63.754,
1995-02-12,63.5,
1995-02-13,63.246,
1995-02-14,62.992,
1995-02-15,62.738,
1995-02-16,62.484,
1995-02-17,62.23,
1995-02-18,61.976,
1995-02-19,61.722,
1995-02-20,61.468,
1995-02-21,61.214,
1995-02-22,60.96,
1995-02-23,60.706,
1995-02-24,60.452,
1995-02-25,60.198,
1995-02-26,59.944,
1995-02-27,59.69,
1995-02-28,59.436,
1995-03-01,59.436,
1995-03-02,59.436,
1995-03-03,59.182,
1995-03-04,59.182,
1995-03-05,59.055,
1995-03-06,58.953,
1995-03-07,58.852,
1995-03-08,58.75,
1995-03-09,58.649,
1995-03-10,58.547,
1995-03-11,58.445,
1995-03-12,58.344,
1995-03-13,58.242,
1995-03-14,58.141,
1995-03-15,58.039,
1995-03-16,57.937,
1995-03-17,57.836,
1995-03-18,57.582,
1995-03-19,50.267,
1995-03-20,44.171,
1995-03-21,43.256,
1995-03-22,48.133,
1995-03-23,57.582,
1995-03-24,63.754,
1995-03-25,67.335,
1995-03-26,69.164,
1995-03-27,70.079,
1995-03-28,70.993,
1995-03-29,70.993,
1995-03-30,70.993,
1995-03-31,70.383,
1995-04-01,70.383,
1995-04-02,70.383,
1995-04-03,69.774,
1995-04-04,68.859,
1995-04-05,67.64,
1995-04-06,66.726,
1995-04-07,64.897,
1995-04-08,63.373,
1995-04-09,64.592,
1995-04-10,65.811,
1995-04-11,66.116,
1995-04-12,64.897,
1995-04-13,63.678,
1995-04-14,63.373,
1995-04-15,63.678,
1995-04-16,63.678,
1995-04-17,63.373,
1995-04-18,63.373,
1995-04-19,63.068,
1995-04-20,62.763,
1995-04-21,62.763,
1995-04-22,62.459,
1995-04-23,61.239,
1995-04-24,59.106,
1995-04-25,57.277,
1995-04-26,55.143,
1995-04-27,53.924,
1995-04-28,53.619,
1995-04-29,53.315,
1995-04-30,52.705,
1995-05-01,52.4,
1995-05-02,50.876,
1995-05-03,47.828,
1995-05-04,46.304,
1995-05-05,44.475,
1995-05-06,44.171,
1995-05-07,43.561,
1995-05-08,41.123,
1995-05-09,39.294,
1995-05-10,38.075,
1995-05-11,36.246,
1995-05-12,34.417,
1995-05-13,34.112,
1995-05-14,32.893,
1995-05-15,31.064,
1995-05-16,28.931,
1995-05-17,26.187,
1995-05-18,23.749,
1995-05-19,21.006,
1995-05-20,17.958,
1995-05-21,15.215,
1995-05-22,12.471,
1995-05-23,9.119,
1995-05-24,6.375,
1995-05-25,3.327,
1995-05-26,0.0,
1995-05-27,0.0,
1995-05-28,0.0,
1995-05-29,0.0,
1995-05-30,0.0,
1995-05-31,0.0,
1995-06-01,0.0,
1995-06-02,0.0,
1995-06-03,0.0,
1995-06-04,0.0,
1995-06-05,0.0,
1995-06-06,0.0,
1995-06-07,0.0,
1995-06-08,0.0,
1995-06-09,0.0,
1995-06-10,0.0,
1995-06-11,0.0,
1995-06-12,0.0,
1995-06-13,0.0,
1995-06-14,0.0,
1995-06-15,0.0,
1995-06-16,0.0,
1995-06-17,0.0,
1995-06-18,0.0,
1995-06-19,0.0,
1995-06-20,0.0,
1995-06-21,0.0,
1995-06-22,0.0,
1995-06-23,0.0,
1995-06-24,0.0,
1995-06-25,0.0,
1995-06-26,0.0,
1995-06-27,0.0,
1995-06-28,0.0,
1995-06-29,0.0,
1995-06-30,0.0,
1995-07-01,0.0,
1995-07-02,0.0,
1995-07-03,0.0,
1995-07-04,0.0,
1995-07-05,0.0,
1995-07-06,0.0,
1995-07-07,0.0,
1995-07-08,0.0,
1995-07-09,0.0,
1995-07-10,0.0,
1995-07-11,0.0,
1995-07-12,0.0,
1995-07-13,0.0,
1995-07-14,0.0,
1995-07-15,0.0,
1995-07-16,0.0,
1995-07-17,0.0,
1995-07-18,0.0,
1995-07-19,0.0,
1995-07-20,0.0,
1995-07-21,0.0,
1995-07-22,0.0,
1995-07-23,0.0,
1995-07-24,0.0,
1995-07-25,0.0,
1995-07-26,0.0,
1995-07-27,0.0,
1995-07-28,0.0,
1995-07-29,0.0,
1995-07-30,0.0,
1995-07-31,0.0,
1995-08-01,0.0,
1995-08-02,0.0,
1995-08-03,0.0,
1995-08-04,0.0,
1995-08-05,0.0,
1995-08-06,0.0,
1995-08-07,0.0,
1995-08-08,0.0,
1995-08-09,0.0,
1995-08-10,0.0,
1995-08-11,0.0,
1995-08-12,0.0,
1995-08-13,0.0,
1995-08-14,0.0,
1995-08-15,0.0,
1995-08-16,0.0,
1995-08-17,0.0,
1995-08-18,0.0,
1995-08-19,0.0,
1995-08-20,0.0,
1995-08-21,0.0,
1995-08-22,0.0,
1995-08-23,0.0,
1995-08-24,0.0,
1995-08-25,0.0,
1995-08-26,0.0,
1995-08-27,0.0,
1995-08-28,0.0,
1995-08-29,0.0,
1995-08-30,0.0,
1995-08-31,0.0,
1995-09-01,0.0,
1995-09-02,0.0,
1995-09-03,0.0,
1995-09-04,0.0,
1995-09-05,0.0,
1995-09-06,0.0,
1995-09-07,0.0,
1995-09-08,0.0,
1995-09-09,0.0,
1995-09-10,0.0,
1995-09-11,0.0,
1995-09-12,0.0,
1995-09-13,0.0,
1995-09-14,0.0,
1995-09-15,0.0,
1995-09-16,0.0,
1995-09-17,0.0,
1995-09-18,0.0,
1995-09-19,0.0,
1995-09-20,0.0,
1995-09-21,0.0,
1995-09-22,0.0,
1995-09-23,0.0,
1995-09-24,0.0,
1995-09-25,0.0,
1995-09-26,0.0,
1995-09-27,0.0,
1995-09-28,0.0,
1995-09-29,0.0,
1995-09-30,0.0,
1995-10-01,0.0,
1995-10-02,0.0,
1995-10-03,0.0,
1995-10-04,0.0,
1995-10-05,0.0,
1995-10-06,0.0,
1995-10-07,0.0,
1995-10-08,0.0,
1995-10-09,0.0,
1995-10-10,0.0,
1995-10-11,0.0,
1995-10-12,0.0,
1995-10-13,0.0,
1995-10-14,0.0,
1995-10-15,0.0,
1995-10-16,0.0,
1995-10-17,0.0,
1995-10-18,0.0,
1995-10-19,0.0,
1995-10-20,0.0,
1995-10-21,0.0,
1995-10-22,0.0,
1995-10-23,0.0,
1995-10-24,0.0,
1995-10-25,0.0,
1995-10-26,0.0,
1995-10-27,0.0,
1995-10-28,0.0,
1995-10-29,0.0,
1995-10-30,0.0,
1995-10-31,0.0,
1995-11-01,0.0,
1995-11-02,0.0,
1995-11-03,0.0,
1995-11-04,0.0,
1995-11-05,0.0,
1995-11-06,0.0,
1995-11-07,0.0,
1995-11-08,0.0,
1995-11-09,0.0,
1995-11-10,0.0,
1995-11-11,0.0,
1995-11-12,0.0,
1995-11-13,0.0,
1995-11-14,0.0,
1995-11-15,0.0,
1995-11-16,0.0,
1995-11-17,0.0,
1995-11-18,0.0,
1995-11-19,0.0,
1995-11-20,0.0,
1995-11-21,0.0,
1995-11-22,0.0,
1995-11-23,0.0,
1995-11-24,0.0,
1995-11-25,0.0,
1995-11-26,0.0,
1995-11-27,0.0,
1995-11-28,0.0,
1995-11-29,0.0,
1995-11-30,0.0,
1995-12-01,0.0,
1995-12-02,0.0,
1995-12-03,0.0,
1995-12-04,0.0,
1995-12-05,0.0,
1995-12-06,0.0,
1995-12-07,0.0,
1995-12-08,0.0,
1995-12-09,0.0,
1995-12-10,0.0,
1995-12-11,0.0,
1995-12-12,0.0,
1995-12-13,0.914,
1995-12-14,1.219,
1995-12-15,5.486,
1995-12-16,6.706,
1995-12-17,6.706,
1995-12-18,6.706,
1995-12-19,6.706,
1995-12-20,6.706,
1995-12-21,6.401,
1995-12-22,6.401,
1995-12-23,6.401,
1995-12-24,6.401,
1995-12-25,6.401,
1995-12-26,6.401,
1995-12-27,6.401,
1995-12-28,6.706,
1995-12-29,6.706,
1995-12-30,6.706,
1995-12-31,6.706,
1996-01-01,6.706,
1996-01-02,6.706,
1996-01-03,6.706,
1996-01-04,6.706,
1996-01-05,6.706,
1996-01-06,6.706,
1996-01-07,6.706,
1996-01-08,6.706,
1996-01-09,6.706,
1996-01-10,8.23,
1996-01-11,8.23,
1996-01-12,8.23,
1996-01-13,8.534,
1996-01-14,9.754,
1996-01-15,9.144,
1996-01-16,8.534,
1996-01-17,10.973,
1996-01-18,10.973,
1996-01-19,16.459,
1996-01-20,16.51,
1996-01-21,20.066,
1996-01-22,21.336,
1996-01-23,22.352,
1996-01-24,27.127,
1996-01-25,29.261,
1996-01-26,29.566,
1996-01-27,32.918,
1996-01-28,35.966,
1996-01-29,36.271,
1996-01-30,37.186,
1996-01-31,38.1,
1996-02-01,38.405,
1996-02-02,38.405,
1996-02-03,38.405,
1996-02-04,39.014,
1996-02-05,39.014,
1996-02-06,39.014,
1996-02-07,39.624,
1996-02-08,39.624,
1996-02-09,39.929,
1996-02-10,39.929,
1996-02-11,39.319,
1996-02-12,39.014,
1996-02-13,39.014,
1996-02-14,38.71,
1996-02-15,38.405,
1996-02-16,39.014,
1996-02-17,39.014,
1996-02-18,37.49,
1996-02-19,46.025,
1996-02-20,48.26,
1996-02-21,48.26,
1996-02-22,48.26,
1996-02-23,49.073,
1996-02-24,49.987,
1996-02-25,49.987,
1996-02-26,49.682,
1996-02-27,49.073,
1996-02-28,49.378,
1996-02-29,53.645,
1996-03-01,54.559,
1996-03-02,54.864,
1996-03-03,54.864,
1996-03-04,55.169,
1996-03-05,57.912,
1996-03-06,58.826,
1996-03-07,58.826,
1996-03-08,59.436,
1996-03-09,59.436,
1996-03-10,58.522,
1996-03-11,58.217,
1996-03-12,58.217,
1996-03-13,58.217,
1996-03-14,57.912,
1996-03-15,57.607,
1996-03-16,57.607,
1996-03-17,56.998,
1996-03-18,56.388,
1996-03-19,55.474,
1996-03-20,54.864,
1996-03-21,53.95,
1996-03-22,53.95,
1996-03-23,53.95,
1996-03-24,53.95,
1996-03-25,53.95,
1996-03-26,53.95,
1996-03-27,53.95,
1996-03-28,54.864,
1996-03-29,55.169,
1996-03-30,55.474,
1996-03-31,54.559,
1996-04-01,54.254,
1996-04-02,52.426,
1996-04-03,51.206,
1996-04-04,49.987,
1996-04-05,48.768,
1996-04-06,46.939,
1996-04-07,45.11,
1996-04-08,42.977,
1996-04-09,40.538,
1996-04-10,39.319,
1996-04-11,39.014,
1996-04-12,38.1,
1996-04-13,37.795,
1996-04-14,36.271,
1996-04-15,34.747,
1996-04-16,34.138,
1996-04-17,34.442,
1996-04-18,35.052,
1996-04-19,35.357,
1996-04-20,35.966,
1996-04-21,36.576,
1996-04-22,36.881,
1996-04-23,36.576,
1996-04-24,35.357,
1996-04-25,31.699,
1996-04-26,28.651,
1996-04-27,26.213,
1996-04-28,24.384,
1996-04-29,21.641,
1996-04-30,18.288,
1996-05-01,14.021,
1996-05-02,9.754,
1996-05-03,6.096,
1996-05-04,3.048,
1996-05-05,1.219,
1996-05-06,0.61,
1996-05-07,0.0,
1996-05-08,0.0,
1996-05-09,0.0,
1996-05-10,0.0,
1996-05-11,0.0,
1996-05-12,0.0,
1996-05-13,0.0,
1996-05-14,0.0,
1996-05-15,0.0,
1996-05-16,0.0,
1996-05-17,0.0,
1996-05-18,0.0,
1996-05-19,0.0,
1996-05-20,0.0,
1996-05-21,0.0,
1996-05-22,0.0,
1996-05-23,0.0,
1996-05-24,0.0,
1996-05-25,0.0,
1996-05-26,0.0,
1996-05-27,0.0,
1996-05-28,0.0,
1996-05-29,0.0,
1996-05-30,0.0,
1996-05-31,0.0,
1996-06-01,0.0,
1996-06-02,0.0,
1996-06-03,0.0,
1996-06-04,0.0,
1996-06-05,0.0,
1996-06-06,0.0,
1996-06-07,0.0,
1996-06-08,0.0,
1996-06-09,0.0,
1996-06-10,0.0,
1996-06-11,0.0,
1996-06-12,0.0,
1996-06-13,0.0,
1996-06-14,0.0,
1996-06-15,0.0,
1996-06-16,0.0,
1996-06-17,0.0,
1996-06-18,0.0,
1996-06-19,0.0,
1996-06-20,0.0,
1996-06-21,0.0,
1996-06-22,0.0,
1996-06-23,0.0,
1996-06-24,0.0,
1996-06-25,0.0,
1996-06-26,0.0,
1996-06-27,0.0,
1996-06-28,0.0,
1996-06-29,0.0,
1996-06-30,0.0,
1996-07-01,0.0,
1996-07-02,0.0,
1996-07-03,0.0,
1996-07-04,0.0,
1996-07-05,0.0,
1996-07-06,0.0,
1996-07-07,0.0,
1996-07-08,0.0,
1996-07-09,0.0,
1996-07-10,0.0,
1996-07-11,0.0,
1996-07-12,0.0,
1996-07-13,0.0,
1996-07-14,0.0,
1996-07-15,0.0,
1996-07-16,0.0,
1996-07-17,0.0,
1996-07-18,0.0,
1996-07-19,0.0,
1996-07-20,0.0,
1996-07-21,0.0,
1996-07-22,0.0,
1996-07-23,0.0,
1996-07-24,0.0,
1996-07-25,0.0,
1996-07-26,0.0,
1996-07-27,0.0,
1996-07-28,0.0,
1996-07-29,0.0,
1996-07-30,0.0,
1996-07-31,0.0,
1996-08-01,0.0,
1996-08-02,0.0,
1996-08-03,0.0,
1996-08-04,0.0,
1996-08-05,0.0,
1996-08-06,0.0,
1996-08-07,0.0,
1996-08-08,0.0,
1996-08-09,0.0,
1996-08-10,0.0,
1996-08-11,0.0,
1996-08-12,0.0,
1996-08-13,0.0,
1996-08-14,0.0,
1996-08-15,0.0,
1996-08-16,0.0,
1996-08-17,0.0,
1996-08-18,0.0,
1996-08-19,0.0,
1996-08-20,0.0,
1996-08-21,0.0,
1996-08-22,0.0,
1996-08-23,0.0,
1996-08-24,0.0,
1996-08-25,0.0,
1996-08-26,0.0,
1996-08-27,0.0,
1996-08-28,0.0,
1996-08-29,0.0,
1996-08-30,0.0,
1996-08-31,0.0,
1996-09-01,0.0,
1996-09-02,0.0,
1996-09-03,0.0,
1996-09-04,0.0,
1996-09-05,0.0,
1996-09-06,0.0,
1996-09-07,0.0,
1996-09-08,0.0,
1996-09-09,0.0,
1996-09-10,0.0,
1996-09-11,0.0,
1996-09-12,0.0,
1996-09-13,0.0,
1996-09-14,0.0,
1996-09-15,0.0,
1996-09-16,0.0,
1996-09-17,0.0,
1996-09-18,0.0,
1996-09-19,0.0,
1996-09-20,0.0,
1996-09-21,0.0,
1996-09-22,0.0,
1996-09-23,0.0,
1996-09-24,0.0,
1996-09-25,0.0,
1996-09-26,0.0,
1996-09-27,0.0,
1996-09-28,0.0,
1996-09-29,0.0,
1996-09-30,0.0,
1996-10-01,0.0,
1996-10-02,0.0,
1996-10-03,0.0,
1996-10-04,0.0,
1996-10-05,0.0,
1996-10-06,0.0,
1996-10-07,0.0,
1996-10-08,0.0,
1996-10-09,0.0,
1996-10-10,0.0,
1996-10-11,0.0,
1996-10-12,0.0,
1996-10-13,0.0,
1996-10-14,0.0,
1996-10-15,0.0,
1996-10-16,0.0,
1996-10-17,0.0,
1996-10-18,0.0,
1996-10-19,0.0,
1996-10-20,0.0,
1996-10-21,0.0,
1996-10-22,0.0,
1996-10-23,0.0,
1996-10-24,0.0,
1996-10-25,0.0,
1996-10-26,2.743,
1996-10-27,2.743,
1996-10-28,2.743,
1996-10-29,2.743,
1996-10-30,3.353,
1996-10-31,3.353,
1996-11-01,3.353,
1996-11-02,3.353,
1996-11-03,3.353,
1996-11-04,3.048,
1996-11-05,3.048,
1996-11-06,3.048,
1996-11-07,3.353,
1996-11-08,3.353,
1996-11-09,3.353,
1996-11-10,3.353,
1996-11-11,2.743,
1996-11-12,2.438,
1996-11-13,1.524,
1996-11-14,0.914,
1996-11-15,0.914,
1996-11-16,1.524,
1996-11-17,1.829,
1996-11-18,2.134,
1996-11-19,0.914,
1996-11-20,0.914,
1996-11-21,0.914,
1996-11-22,0.914,
1996-11-23,0.914,
1996-11-24,0.914,
1996-11-25,0.914,
1996-11-26,0.61,
1996-11-27,0.0,
1996-11-28,0.0,
1996-11-29,1.524,
1996-11-30,1.524,
1996-12-01,1.524,
1996-12-02,2.134,
1996-12-03,2.134,
1996-12-04,2.134,
1996-12-05,2.743,
1996-12-06,3.962,
1996-12-07,3.962,
1996-12-08,7.62,
1996-12-09,7.62,
1996-12-10,9.754,
1996-12-11,11.43,
1996-12-12,11.582,
1996-12-13,12.192,
1996-12-14,12.497,
1996-12-15,12.497,
1996-12-16,12.497,
1996-12-17,12.802,
1996-12-18,14.021,
1996-12-19,13.97,
1996-12-20,14.021,
1996-12-21,15.545,
1996-12-22,16.154,
1996-12-23,18.288,
1996-12-24,18.593,
1996-12-25,18.898,
1996-12-26,18.898,
1996-12-27,18.796,
1996-12-28,18.796,
1996-12-29,18.796,
1996-12-30,18.288,
1996-12-31,17.78,
1997-01-01,10.414,
1997-01-02,2.032,
1997-01-03,0.0,
1997-01-04,0.0,
1997-01-05,0.0,
1997-01-06,0.0,
1997-01-07,0.0,
1997-01-08,0.0,
1997-01-09,0.0,
1997-01-10,0.0,
1997-01-11,0.0,
1997-01-12,0.0,
1997-01-13,0.0,
1997-01-14,0.0,
1997-01-15,0.0,
1997-01-16,3.353,
1997-01-17,2.743,
1997-01-18,2.134,
1997-01-19,2.134,
1997-01-20,1.524,
1997-01-21,1.829,
1997-01-22,2.743,
1997-01-23,3.048,
1997-01-24,3.048,
1997-01-25,5.182,
1997-01-26,8.839,
1997-01-27,10.058,
1997-01-28,10.058,
1997-01-29,10.363,
1997-01-30,10.363,
1997-01-31,10.363,
1997-02-01,10.668,
1997-02-02,10.668,
1997-02-03,10.363,
1997-02-04,10.363,
1997-02-05,10.363,
1997-02-06,10.058,
1997-02-07,10.058,
1997-02-08,10.058,
1997-02-09,10.363,
1997-02-10,10.668,
1997-02-11,10.668,
1997-02-12,10.668,
1997-02-13,10.668,
1997-02-14,10.668,
1997-02-15,10.668,
1997-02-16,10.668,
1997-02-17,10.668,
1997-02-18,10.668,
1997-02-19,10.668,
1997-02-20,10.668,
1997-02-21,10.668,
1997-02-22,10.668,
1997-02-23,10.668,
1997-02-24,10.668,
1997-02-25,11.278,
1997-02-26,11.887,
1997-02-27,12.497,
1997-02-28,14.326,
1997-03-01,14.935,
1997-03-02,16.459,
1997-03-03,17.983,
1997-03-04,19.202,
1997-03-05,19.812,
1997-03-06,20.117,
1997-03-07,20.726,
1997-03-08,21.031,
1997-03-09,21.336,
1997-03-10,21.641,
1997-03-11,21.641,
1997-03-12,21.641,
1997-03-13,21.641,
1997-03-14,21.59,
1997-03-15,21.641,
1997-03-16,21.641,
1997-03-17,21.946,
1997-03-18,22.25,
1997-03-19,21.946,
1997-03-20,21.336,
1997-03-21,19.812,
1997-03-22,19.202,
1997-03-23,18.288,
1997-03-24,17.374,
1997-03-25,16.154,
1997-03-26,14.935,
1997-03-27,13.106,
1997-03-28,12.497,
1997-03-29,11.278,
1997-03-30,10.973,
1997-03-31,10.922,
1997-04-01,10.922,
1997-04-02,11.278,
1997-04-03,11.278,
1997-04-04,10.668,
1997-04-05,10.058,
1997-04-06,9.754,
1997-04-07,9.449,
1997-04-08,8.839,
1997-04-09,7.62,
1997-04-10,6.401,
1997-04-11,5.182,
1997-04-12,3.658,
1997-04-13,2.438,
1997-04-14,2.134,
1997-04-15,0.0,
1997-04-16,0.0,
1997-04-17,0.0,
1997-04-18,0.0,
1997-04-19,0.0,
1997-04-20,0.0,
1997-04-21,0.0,
1997-04-22,0.0,
1997-04-23,0.0,
1997-04-24,0.0,
1997-04-25,0.0,
1997-04-26,0.0,
1997-04-27,0.0,
1997-04-28,0.0,
1997-04-29,0.0,
1997-04-30,0.0,
1997-05-01,0.0,
1997-05-02,0.0,
1997-05-03,0.0,
1997-05-04,0.0,
1997-05-05,0.0,
1997-05-06,0.0,
1997-05-07,0.0,
1997-05-08,0.0,
1997-05-09,0.0,
1997-05-10,0.0,
1997-05-11,0.0,
1997-05-12,0.0,
1997-05-13,0.0,
1997-05-14,0.0,
1997-05-15,0.0,
1997-05-16,0.0,
1997-05-17,0.0,
1997-05-18,0.0,
1997-05-19,0.0,
1997-05-20,0.0,
1997-05-21,0.0,
1997-05-22,0.0,
1997-05-23,0.0,
1997-05-24,0.0,
1997-05-25,0.0,
1997-05-26,0.0,
1997-05-27,0.0,
1997-05-28,0.0,
1997-05-29,0.0,
1997-05-30,0.0,
1997-05-31,0.0,
1997-06-01,0.0,
1997-06-02,0.0,
1997-06-03,0.0,
1997-06-04,0.0,
1997-06-05,0.0,
1997-06-06,0.0,
1997-06-07,0.0,
1997-06-08,0.0,
1997-06-09,0.0,
1997-06-10,0.0,
1997-06-11,0.0,
1997-06-12,0.0,
1997-06-13,0.0,
1997-06-14,0.0,
1997-06-15,0.0,
1997-06-16,0.0,
1997-06-17,0.0,
1997-06-18,0.0,
1997-06-19,0.0,
1997-06-20,0.0,
1997-06-21,0.0,
1997-06-22,0.0,
1997-06-23,0.0,
1997-06-24,0.0,
1997-06-25,0.0,
1997-06-26,0.0,
1997-06-27,0.0,
1997-06-28,0.0,
1997-06-29,0.0,
1997-06-30,0.0,
1997-07-01,0.0,
1997-07-02,0.0,
1997-07-03,0.0,
1997-07-04,0.0,
1997-07-05,0.0,
1997-07-06,0.0,
1997-07-07,0.0,
1997-07-08,0.0,
1997-07-09,0.0,
1997-07-10,0.0,
1997-07-11,0.0,
1997-07-12,0.0,
1997-07-13,0.0,
1997-07-14,0.0,
1997-07-15,0.0,
1997-07-16,0.0,
1997-07-17,0.0,
1997-07-18,0.0,
1997-07-19,0.0,
1997-07-20,0.0,
1997-07-21,0.0,
1997-07-22,0.0,
1997-07-23,0.0,
1997-07-24,0.0,
1997-07-25,0.0,
1997-07-26,0.0,
1997-07-27,0.0,
1997-07-28,0.0,
1997-07-29,0.0,
1997-07-30,0.0,
1997-07-31,0.0,
1997-08-01,0.0,
1997-08-02,0.0,
1997-08-03,0.0,
1997-08-04,0.0,
1997-08-05,0.0,
1997-08-06,0.0,
1997-08-07,0.0,
1997-08-08,0.0,
1997-08-09,0.0,
1997-08-10,0.0,
1997-08-11,0.0,
1997-08-12,0.0,
1997-08-13,0.0,
1997-08-14,0.0,
1997-08-15,0.0,
1997-08-16,0.0,
1997-08-17,0.0,
1997-08-18,0.0,
1997-08-19,0.0,
1997-08-20,0.0,
1997-08-21,0.0,
1997-08-22,0.0,
1997-08-23,0.0,
1997-08-24,0.0,
1997-08-25,0.0,
1997-08-26,0.0,
1997-08-27,0.0,
1997-08-28,0.0,
1997-08-29,0.0,
1997-08-30,0.0,
1997-08-31,0.0,
1997-09-01,0.0,
1997-09-02,0.0,
1997-09-03,0.0,
1997-09-04,0.0,
1997-09-05,0.0,
1997-09-06,0.0,
1997-09-07,0.0,
1997-09-08,0.0,
1997-09-09,0.0,
1997-09-10,0.0,
1997-09-11,0.0,
1997-09-12,0.0,
1997-09-13,0.0,
1997-09-14,0.0,
1997-09-15,0.0,
1997-09-16,0.0,
1997-09-17,0.0,
1997-09-18,0.0,
1997-09-19,0.0,
1997-09-20,0.0,
1997-09-21,0.0,
1997-09-22,0.0,
1997-09-23,0.0,
1997-09-24,0.0,
1997-09-25,0.0,
1997-09-26,0.0,
1997-09-27,0.0,
1997-09-28,0.0,
1997-09-29,0.0,
1997-09-30,0.0,
1997-10-01,0.0,
1997-10-02,0.0,
1997-10-03,0.0,
1997-10-04,0.0,
1997-10-05,0.0,
1997-10-06,0.0,
1997-10-07,0.0,
1997-10-08,0.0,
1997-10-09,0.0,
1997-10-10,0.0,
1997-10-11,0.0,
1997-10-12,0.0,
1997-10-13,0.0,
1997-10-14,0.0,
1997-10-15,0.0,
1997-10-16,0.0,
1997-10-17,0.0,
1997-10-18,0.0,
1997-10-19,0.0,
1997-10-20,0.0,
1997-10-21,0.0,
1997-10-22,0.0,
1997-10-23,0.0,
1997-10-24,0.0,
1997-10-25,0.0,
1997-10-26,0.0,
1997-10-27,0.0,
1997-10-28,0.0,
1997-10-29,0.0,
1997-10-30,0.0,
1997-10-31,0.0,
1997-11-01,0.0,
1997-11-02,0.0,
1997-11-03,0.0,
1997-11-04,0.0,
1997-11-05,0.0,
1997-11-06,0.0,
1997-11-07,0.0,
1997-11-08,0.0,
1997-11-09,0.0,
1997-11-10,0.0,
1997-11-11,0.0,
1997-11-12,0.0,
1997-11-13,0.0,
1997-11-14,1.016,
1997-11-15,1.016,
1997-11-16,2.032,
1997-11-17,4.877,
1997-11-18,4.877,
1997-11-19,6.706,
1997-11-20,7.01,
1997-11-21,7.01,
1997-11-22,7.01,
1997-11-23,7.315,
1997-11-24,7.315,
1997-11-25,7.315,
1997-11-26,7.315,
1997-11-27,7.315,
1997-11-28,7.366,
1997-11-29,7.366,
1997-11-30,8.23,
1997-12-01,8.23,
1997-12-02,8.23,
1997-12-03,8.23,
1997-12-04,8.23,
1997-12-05,8.23,
1997-12-06,8.23,
1997-12-07,8.839,
1997-12-08,10.058,
1997-12-09,10.973,
1997-12-10,10.973,
1997-12-11,10.973,
1997-12-12,10.973,
1997-12-13,10.973,
1997-12-14,11.278,
1997-12-15,14.326,
1997-12-16,15.545,
1997-12-17,16.459,
1997-12-18,17.374,
1997-12-19,17.374,
1997-12-20,17.374,
1997-12-21,18.593,
1997-12-22,18.593,
1997-12-23,18.593,
1997-12-24,18.593,
1997-12-25,18.898,
1997-12-26,18.898,
1997-12-27,18.898,
1997-12-28,19.202,
1997-12-29,19.202,
1997-12-30,19.202,
1997-12-31,19.202,
1998-01-01,19.507,
1998-01-02,21.946,
1998-01-03,22.86,
1998-01-04,25.908,
1998-01-05,26.518,
1998-01-06,26.518,
1998-01-07,27.737,
1998-01-08,27.737,
1998-01-09,28.042,
1998-01-10,28.346,
1998-01-11,28.956,
1998-01-12,28.956,
1998-01-13,30.175,
1998-01-14,30.785,
1998-01-15,35.966,
1998-01-16,36.576,
1998-01-17,37.49,
1998-01-18,36.271,
1998-01-19,36.576,
1998-01-20,36.576,
1998-01-21,36.576,
1998-01-22,36.881,
1998-01-23,37.49,
1998-01-24,38.1,
1998-01-25,38.71,
1998-01-26,40.234,
1998-01-27,41.758,
1998-01-28,41.758,
1998-01-29,41.453,
1998-01-30,41.148,
1998-01-31,40.843,
1998-02-01,41.453,
1998-02-02,45.415,
1998-02-03,49.022,
1998-02-04,49.987,
1998-02-05,51.511,
1998-02-06,54.254,
1998-02-07,58.522,
1998-02-08,62.484,
1998-02-09,63.094,
1998-02-10,63.094,
1998-02-11,65.532,
1998-02-12,65.837,
1998-02-13,68.275,
1998-02-14,69.494,
1998-02-15,72.847,
1998-02-16,73.152,
1998-02-17,75.286,
1998-02-18,75.895,
1998-02-19,78.638,
1998-02-20,82.601,
1998-02-21,85.649,
1998-02-22,89.611,
1998-02-23,90.526,
1998-02-24,93.269,
1998-02-25,93.878,
1998-02-26,94.488,
1998-02-27,94.793,
1998-02-28,94.793,
1998-03-01,95.098,
1998-03-02,95.707,
1998-03-03,96.012,
1998-03-04,96.012,
1998-03-05,96.012,
1998-03-06,96.926,
1998-03-07,97.231,
1998-03-08,97.536,
1998-03-09,97.841,
1998-03-10,97.841,
1998-03-11,97.841,
1998-03-12,96.622,
1998-03-13,96.012,
1998-03-14,95.707,
1998-03-15,95.707,
1998-03-16,96.012,
1998-03-17,94.793,
1998-03-18,94.488,
1998-03-19,94.183,
1998-03-20,94.234,
1998-03-21,93.98,
1998-03-22,93.472,
1998-03-23,92.964,
1998-03-24,92.456,
1998-03-25,91.948,
1998-03-26,91.44,
1998-03-27,93.269,
1998-03-28,95.402,
1998-03-29,96.317,
1998-03-30,97.231,
1998-03-31,97.841,
1998-04-01,98.146,
1998-04-02,97.536,
1998-04-03,97.231,
1998-04-04,96.926,
1998-04-05,97.231,
1998-04-06,97.231,
1998-04-07,97.536,
1998-04-08,96.622,
1998-04-09,96.622,
1998-04-10,96.317,
1998-04-11,96.926,
1998-04-12,97.231,
1998-04-13,98.45,
1998-04-14,98.45,
1998-04-15,98.755,
1998-04-16,99.06,
1998-04-17,97.231,
1998-04-18,95.707,
1998-04-19,93.574,
1998-04-20,91.135,
1998-04-21,89.306,
1998-04-22,87.173,
1998-04-23,85.649,
1998-04-24,84.734,
1998-04-25,82.906,
1998-04-26,81.991,
1998-04-27,80.162,
1998-04-28,78.334,
1998-04-29,76.505,
1998-04-30,74.066,
1998-05-01,71.628,
1998-05-02,69.19,
1998-05-03,67.056,
1998-05-04,65.532,
1998-05-05,64.008,
1998-05-06,62.484,
1998-05-07,60.655,
1998-05-08,56.998,
1998-05-09,55.169,
1998-05-10,53.95,
1998-05-11,52.121,
1998-05-12,50.902,
1998-05-13,49.682,
1998-05-14,47.244,
1998-05-15,45.415,
1998-05-16,43.282,
1998-05-17,42.672,
1998-05-18,41.453,
1998-05-19,39.319,
1998-05-20,39.014,
1998-05-21,38.71,
1998-05-22,37.49,
1998-05-23,34.442,
1998-05-24,31.09,
1998-05-25,29.261,
1998-05-26,27.737,
1998-05-27,27.737,
1998-05-28,27.737,
1998-05-29,27.127,
1998-05-30,25.298,
1998-05-31,22.25,
1998-06-01,18.593,
1998-06-02,13.716,
1998-06-03,10.058,
1998-06-04,7.315,
1998-06-05,3.962,
1998-06-06,2.134,
1998-06-07,0.0,
1998-06-08,0.0,
1998-06-09,0.0,
1998-06-10,0.0,
1998-06-11,0.0,
1998-06-12,0.0,
1998-06-13,0.0,
1998-06-14,0.0,
1998-06-15,0.0,
1998-06-16,0.0,
1998-06-17,0.0,
1998-06-18,0.0,
1998-06-19,0.0,
1998-06-20,0.0,
1998-06-21,0.0,
1998-06-22,0.0,
1998-06-23,0.0,
1998-06-24,0.0,
1998-06-25,0.0,
1998-06-26,0.0,
1998-06-27,0.0,
1998-06-28,0.0,
1998-06-29,0.0,
1998-06-30,0.0,
1998-07-01,0.0,
1998-07-02,0.0,
1998-07-03,0.0,
1998-07-04,0.0,
1998-07-05,0.0,
1998-07-06,0.0,
1998-07-07,0.0,
1998-07-08,0.0,
1998-07-09,0.0,
1998-07-10,0.0,
1998-07-11,0.0,
1998-07-12,0.0,
1998-07-13,0.0,
1998-07-14,0.0,
1998-07-15,0.0,
1998-07-16,0.0,
1998-07-17,0.0,
1998-07-18,0.0,
1998-07-19,0.0,
1998-07-20,0.0,
1998-07-21,0.0,
1998-07-22,0.0,
1998-07-23,0.0,
1998-07-24,0.0,
1998-07-25,0.0,
1998-07-26,0.0,
1998-07-27,0.0,
1998-07-28,0.0,
1998-07-29,0.0,
1998-07-30,0.0,
1998-07-31,0.0,
1998-08-01,0.0,
1998-08-02,0.0,
1998-08-03,0.0,
1998-08-04,0.0,
1998-08-05,0.0,
1998-08-06,0.0,
1998-08-07,0.0,
1998-08-08,0.0,
1998-08-09,0.0,
1998-08-10,0.0,
1998-08-11,0.0,
1998-08-12,0.0,
1998-08-13,0.0,
1998-08-14,0.0,
1998-08-15,0.0,
1998-08-16,0.0,
1998-08-17,0.0,
1998-08-18,0.0,
1998-08-19,0.0,
1998-08-20,0.0,
1998-08-21,0.0,
1998-08-22,0.0,
1998-08-23,0.0,
1998-08-24,0.0,
1998-08-25,0.0,
1998-08-26,0.0,
1998-08-27,0.0,
1998-08-28,0.0,
1998-08-29,0.0,
1998-08-30,0.0,
1998-08-31,0.0,
1998-09-01,0.0,
1998-09-02,0.0,
1998-09-03,0.0,
1998-09-04,0.0,
1998-09-05,0.0,
1998-09-06,0.0,
1998-09-07,0.0,
1998-09-08,0.0,
1998-09-09,0.0,
1998-09-10,0.0,
1998-09-11,0.0,
1998-09-12,0.0,
1998-09-13,0.0,
1998-09-14,0.0,
1998-09-15,0.0,
1998-09-16,0.0,
1998-09-17,0.0,
1998-09-18,0.0,
1998-09-19,0.0,
1998-09-20,0.0,
1998-09-21,0.0,
1998-09-22,0.0,
1998-09-23,0.0,
1998-09-24,0.0,
1998-09-25,0.0,
1998-09-26,0.0,
1998-09-27,0.0,
1998-09-28,0.0,
1998-09-29,0.0,
1998-09-30,0.0,
1998-10-01,0.0,
1998-10-02,0.0,
1998-10-03,0.0,
1998-10-04,0.0,
1998-10-05,0.0,
1998-10-06,0.0,
1998-10-07,0.0,
1998-10-08,0.0,
1998-10-09,0.0,
1998-10-10,0.0,
1998-10-11,0.0,
1998-10-12,0.0,
1998-10-13,0.0,
1998-10-14,0.0,
1998-10-15,0.0,
1998-10-16,0.0,
1998-10-17,0.0,
1998-10-18,0.0,
1998-10-19,0.0,
1998-10-20,0.0,
1998-10-21,0.0,
1998-10-22,0.0,
1998-10-23,0.0,
1998-10-24,0.0,
1998-10-25,0.0,
1998-10-26,0.0,
1998-10-27,0.0,
1998-10-28,0.0,
1998-10-29,0.0,
1998-10-30,0.0,
1998-10-31,0.0,
1998-11-01,0.0,
1998-11-02,0.0,
1998-11-03,0.0,
1998-11-04,0.0,
1998-11-05,0.0,
1998-11-06,1.524,
1998-11-07,3.302,
1998-11-08,5.08,
1998-11-09,5.334,
1998-11-10,5.588,
1998-11-11,6.35,
1998-11-12,6.35,
1998-11-13,6.096,
1998-11-14,6.096,
1998-11-15,6.096,
1998-11-16,6.096,
1998-11-17,6.604,
1998-11-18,7.214,
1998-11-19,6.909,
1998-11-20,7.214,
1998-11-21,7.518,
1998-11-22,7.518,
1998-11-23,7.823,
1998-11-24,8.433,
1998-11-25,8.738,
1998-11-26,9.347,
1998-11-27,9.347,
1998-11-28,9.347,
1998-11-29,10.262,
1998-11-30,12.395,
1998-12-01,12.7,
1998-12-02,13.005,
1998-12-03,13.005,
1998-12-04,13.31,
1998-12-05,13.005,
1998-12-06,14.834,
1998-12-07,14.834,
1998-12-08,16.053,
1998-12-09,16.358,
1998-12-10,16.662,
1998-12-11,16.662,
1998-12-12,16.662,
1998-12-13,16.662,
1998-12-14,16.662,
1998-12-15,16.662,
1998-12-16,16.662,
1998-12-17,16.967,
1998-12-18,16.967,
1998-12-19,16.967,
1998-12-20,17.272,
1998-12-21,17.272,
1998-12-22,17.272,
1998-12-23,17.272,
1998-12-24,17.78,
1998-12-25,18.288,
1998-12-26,18.288,
1998-12-27,18.288,
1998-12-28,18.288,
1998-12-29,18.288,
1998-12-30,18.288,
1998-12-31,18.186,
1999-01-01,19.05,
1999-01-02,19.05,
1999-01-03,19.05,
1999-01-04,19.05,
1999-01-05,19.05,
1999-01-06,19.05,
1999-01-07,19.05,
1999-01-08,19.05,
1999-01-09,18.796,
1999-01-10,18.796,
1999-01-11,18.796,
1999-01-12,18.796,
1999-01-13,18.796,
1999-01-14,18.796,
1999-01-15,19.101,
1999-01-16,18.491,
1999-01-17,17.882,
1999-01-18,18.796,
1999-01-19,18.796,
1999-01-20,20.32,
1999-01-21,22.758,
1999-01-22,22.758,
1999-01-23,25.197,
1999-01-24,25.197,
1999-01-25,25.197,
1999-01-26,25.197,
1999-01-27,25.146,
1999-01-28,25.146,
1999-01-29,25.197,
1999-01-30,25.502,
1999-01-31,26.111,
1999-02-01,27.635,
1999-02-02,27.635,
1999-02-03,27.94,
1999-02-04,28.245,
1999-02-05,27.94,
1999-02-06,28.245,
1999-02-07,32.512,
1999-02-08,34.341,
1999-02-09,37.998,
1999-02-10,39.827,
1999-02-11,40.437,
1999-02-12,41.046,
1999-02-13,41.351,
1999-02-14,43.485,
1999-02-15,43.485,
1999-02-16,44.399,
1999-02-17,47.142,
1999-02-18,48.057,
1999-02-19,50.8,
1999-02-20,50.8,
1999-02-21,53.238,
1999-02-22,54.458,
1999-02-23,55.118,
1999-02-24,54.458,
1999-02-25,57.201,
1999-02-26,58.115,
1999-02-27,59.639,
1999-02-28,60.198,
1999-03-01,60.249,
1999-03-02,60.554,
1999-03-03,61.773,
1999-03-04,62.078,
1999-03-05,62.992,
1999-03-06,63.297,
1999-03-07,63.246,
1999-03-08,63.297,
1999-03-09,65.43,
1999-03-10,66.04,
1999-03-11,66.04,
1999-03-12,66.345,
1999-03-13,66.65,
1999-03-14,66.65,
1999-03-15,68.174,
1999-03-16,68.478,
1999-03-17,68.478,
1999-03-18,68.478,
1999-03-19,67.818,
1999-03-20,67.818,
1999-03-21,67.818,
1999-03-22,67.869,
1999-03-23,67.818,
1999-03-24,69.698,
1999-03-25,71.12,
1999-03-26,71.12,
1999-03-27,71.12,
1999-03-28,71.222,
1999-03-29,71.222,
1999-03-30,71.526,
1999-03-31,73.965,
1999-04-01,74.574,
1999-04-02,74.574,
1999-04-03,74.574,
1999-04-04,74.574,
1999-04-05,74.879,
1999-04-06,75.438,
1999-04-07,75.489,
1999-04-08,75.438,
1999-04-09,76.403,
1999-04-10,76.403,
1999-04-11,76.454,
1999-04-12,76.2,
1999-04-13,76.098,
1999-04-14,75.184,
1999-04-15,73.965,
1999-04-16,72.136,
1999-04-17,70.307,
1999-04-18,68.478,
1999-04-19,66.954,
1999-04-20,65.278,
1999-04-21,63.602,
1999-04-22,62.23,
1999-04-23,60.249,
1999-04-24,58.115,
1999-04-25,55.677,
1999-04-26,54.458,
1999-04-27,51.714,
1999-04-28,51.714,
1999-04-29,51.41,
1999-04-30,49.276,
1999-05-01,46.838,
1999-05-02,43.485,
1999-05-03,43.18,
1999-05-04,43.18,
1999-05-05,43.18,
1999-05-06,40.437,
1999-05-07,38.608,
1999-05-08,36.474,
1999-05-09,34.341,
1999-05-10,32.817,
1999-05-11,31.902,
1999-05-12,30.378,
1999-05-13,27.94,
1999-05-14,27.026,
1999-05-15,26.416,
1999-05-16,24.282,
1999-05-17,22.149,
1999-05-18,19.406,
1999-05-19,16.053,
1999-05-20,12.395,
1999-05-21,8.128,
1999-05-22,3.861,
1999-05-23,2.032,
1999-05-24,0.0,
1999-05-25,0.0,
1999-05-26,0.0,
1999-05-27,0.0,
1999-05-28,0.0,
1999-05-29,0.0,
1999-05-30,0.0,
1999-05-31,0.0,
1999-06-01,0.0,
1999-06-02,0.0,
1999-06-03,0.0,
1999-06-04,0.0,
1999-06-05,0.0,
1999-06-06,0.0,
1999-06-07,0.0,
1999-06-08,0.0,
1999-06-09,0.0,
1999-06-10,0.0,
1999-06-11,0.0,
1999-06-12,0.0,
1999-06-13,0.0,
1999-06-14,0.0,
1999-06-15,0.0,
1999-06-16,0.0,
1999-06-17,0.0,
1999-06-18,0.0,
1999-06-19,0.0,
1999-06-20,0.0,
1999-06-21,0.0,
1999-06-22,0.0,
1999-06-23,0.0,
1999-06-24,0.0,
1999-06-25,0.0,
1999-06-26,0.0,
1999-06-27,0.0,
1999-06-28,0.0,
1999-06-29,0.0,
1999-06-30,0.0,
1999-07-01,0.0,
1999-07-02,0.0,
1999-07-03,0.0,
1999-07-04,0.0,
1999-07-05,0.0,
1999-07-06,0.0,
1999-07-07,0.0,
1999-07-08,0.0,
1999-07-09,0.0,
1999-07-10,0.0,
1999-07-11,0.0,
1999-07-12,0.0,
1999-07-13,0.0,
1999-07-14,0.0,
1999-07-15,0.0,
1999-07-16,0.0,
1999-07-17,0.0,
1999-07-18,0.0,
1999-07-19,0.0,
1999-07-20,0.0,
1999-07-21,0.0,
1999-07-22,0.0,
1999-07-23,0.0,
1999-07-24,0.0,
1999-07-25,0.0,
1999-07-26,0.0,
1999-07-27,0.0,
1999-07-28,0.0,
1999-07-29,0.0,
1999-07-30,0.0,
1999-07-31,0.0,
1999-08-01,0.0,
1999-08-02,0.0,
1999-08-03,0.0,
1999-08-04,0.0,
1999-08-05,0.0,
1999-08-06,0.0,
1999-08-07,0.0,
1999-08-08,0.0,
1999-08-09,0.0,
1999-08-10,0.0,
1999-08-11,0.0,
1999-08-12,0.0,
1999-08-13,0.0,
1999-08-14,0.0,
1999-08-15,0.0,
1999-08-16,0.0,
1999-08-17,0.0,
1999-08-18,0.0,
1999-08-19,0.0,
1999-08-20,0.0,
1999-08-21,0.0,
1999-08-22,0.0,
1999-08-23,0.0,
1999-08-24,0.0,
1999-08-25,0.0,
1999-08-26,0.0,
1999-08-27,0.0,
1999-08-28,0.0,
1999-08-29,0.0,
1999-08-30,0.0,
1999-08-31,0.0,
1999-09-01,0.0,
1999-09-02,0.0,
1999-09-03,0.0,
1999-09-04,0.0,
1999-09-05,0.0,
1999-09-06,0.0,
1999-09-07,0.0,
1999-09-08,0.0,
1999-09-09,0.0,
1999-09-10,0.0,
1999-09-11,0.0,
1999-09-12,0.0,
1999-09-13,0.0,
1999-09-14,0.0,
1999-09-15,0.0,
1999-09-16,0.0,
1999-09-17,0.0,
1999-09-18,0.0,
1999-09-19,0.0,
1999-09-20,0.0,
1999-09-21,0.0,
1999-09-22,0.0,
1999-09-23,0.0,
1999-09-24,0.0,
1999-09-25,0.0,
1999-09-26,0.0,
1999-09-27,0.0,
1999-09-28,0.0,
1999-09-29,0.0,
1999-09-30,0.0,
1999-10-01,0.0,
1999-10-02,0.0,
1999-10-03,0.0,
1999-10-04,0.0,
1999-10-05,0.0,
1999-10-06,0.0,
1999-10-07,0.0,
1999-10-08,0.0,
1999-10-09,0.0,
1999-10-10,0.0,
1999-10-11,0.0,
1999-10-12,0.0,
1999-10-13,0.0,
1999-10-14,0.0,
1999-10-15,0.0,
1999-10-16,0.0,
1999-10-17,0.0,
1999-10-18,0.0,
1999-10-19,0.0,
1999-10-20,0.0,
1999-10-21,0.0,
1999-10-22,0.0,
1999-10-23,0.0,
1999-10-24,0.0,
1999-10-25,0.0,
1999-10-26,0.0,
1999-10-27,0.0,
1999-10-28,0.0,
1999-10-29,0.0,
1999-10-30,0.0,
1999-10-31,0.0,
1999-11-01,0.0,
1999-11-02,0.0,
1999-11-03,0.0,
1999-11-04,0.0,
1999-11-05,0.0,
1999-11-06,0.0,
1999-11-07,0.0,
1999-11-08,0.0,
1999-11-09,0.0,
1999-11-10,0.0,
1999-11-11,0.0,
1999-11-12,0.0,
1999-11-13,0.0,
1999-11-14,0.0,
1999-11-15,1.422,
1999-11-16,1.422,
1999-11-17,1.422,
1999-11-18,1.422,
1999-11-19,1.422,
1999-11-20,3.556,
1999-11-21,3.556,
1999-11-22,3.556,
1999-11-23,3.556,
1999-11-24,3.861,
1999-11-25,3.861,
1999-11-26,3.251,
1999-11-27,2.946,
1999-11-28,3.556,
1999-11-29,3.556,
1999-11-30,3.81,
1999-12-01,4.775,
1999-12-02,4.775,
1999-12-03,5.385,
1999-12-04,5.385,
1999-12-05,5.385,
1999-12-06,5.385,
1999-12-07,5.69,
1999-12-08,6.604,
1999-12-09,7.214,
1999-12-10,8.128,
1999-12-11,8.433,
1999-12-12,8.433,
1999-12-13,8.433,
1999-12-14,8.433,
1999-12-15,8.433,
1999-12-16,8.433,
1999-12-17,8.433,
1999-12-18,8.433,
1999-12-19,8.128,
1999-12-20,8.128,
1999-12-21,8.128,
1999-12-22,8.128,
1999-12-23,8.128,
1999-12-24,8.128,
1999-12-25,8.433,
1999-12-26,8.433,
1999-12-27,8.433,
1999-12-28,8.433,
1999-12-29,8.433,
1999-12-30,8.128,
1999-12-31,8.128,
2000-01-01,8.128,
2000-01-02,8.128,
2000-01-03,8.128,
2000-01-04,8.433,
2000-01-05,9.042,
2000-01-06,9.042,
2000-01-07,9.347,
2000-01-08,9.347,
2000-01-09,9.347,
2000-01-10,9.957,
2000-01-11,10.262,
2000-01-12,10.566,
2000-01-13,10.871,
2000-01-14,12.7,
2000-01-15,13.31,
2000-01-16,15.748,
2000-01-17,16.358,
2000-01-18,16.358,
2000-01-19,16.358,
2000-01-20,16.358,
2000-01-21,16.358,
2000-01-22,16.053,
2000-01-23,16.053,
2000-01-24,17.577,
2000-01-25,18.796,
2000-01-26,19.406,
2000-01-27,19.406,
2000-01-28,19.406,
2000-01-29,19.406,
2000-01-30,19.406,
2000-01-31,20.93,
2000-02-01,21.844,
2000-02-02,22.149,
2000-02-03,22.758,
2000-02-04,23.673,
2000-02-05,25.197,
2000-02-06,26.416,
2000-02-07,26.721,
2000-02-08,27.026,
2000-02-09,27.026,
2000-02-10,27.026,
2000-02-11,27.026,
2000-02-12,27.94,
2000-02-13,29.159,
2000-02-14,31.598,
2000-02-15,32.817,
2000-02-16,33.122,
2000-02-17,33.426,
2000-02-18,33.731,
2000-02-19,33.731,
2000-02-20,34.036,
2000-02-21,34.341,
2000-02-22,34.646,
2000-02-23,38.913,
2000-02-24,39.218,
2000-02-25,39.522,
2000-02-26,41.351,
2000-02-27,43.18,
2000-02-28,44.399,
2000-02-29,46.838,
2000-03-01,47.447,
2000-03-02,48.057,
2000-03-03,48.666,
2000-03-04,48.971,
2000-03-05,50.19,
2000-03-06,50.495,
2000-03-07,50.8,
2000-03-08,51.714,
2000-03-09,52.324,
2000-03-10,53.238,
2000-03-11,53.848,
2000-03-12,54.153,
2000-03-13,54.153,
2000-03-14,53.238,
2000-03-15,53.238,
2000-03-16,52.934,
2000-03-17,52.324,
2000-03-18,51.714,
2000-03-19,51.105,
2000-03-20,51.105,
2000-03-21,51.105,
2000-03-22,50.19,
2000-03-23,49.276,
2000-03-24,49.276,
2000-03-25,48.666,
2000-03-26,48.057,
2000-03-27,47.142,
2000-03-28,46.838,
2000-03-29,46.482,
2000-03-30,46.228,
2000-03-31,45.009,
2000-04-01,44.094,
2000-04-02,43.18,
2000-04-03,42.57,
2000-04-04,40.742,
2000-04-05,39.522,
2000-04-06,38.913,
2000-04-07,37.998,
2000-04-08,36.779,
2000-04-09,35.814,
2000-04-10,34.798,
2000-04-11,32.817,
2000-04-12,31.293,
2000-04-13,29.159,
2000-04-14,26.721,
2000-04-15,24.892,
2000-04-16,24.282,
2000-04-17,25.197,
2000-04-18,26.111,
2000-04-19,26.721,
2000-04-20,26.111,
2000-04-21,24.892,
2000-04-22,22.454,
2000-04-23,20.625,
2000-04-24,19.406,
2000-04-25,17.272,
2000-04-26,14.834,
2000-04-27,12.09,
2000-04-28,10.566,
2000-04-29,9.957,
2000-04-30,7.214,
2000-05-01,4.166,
2000-05-02,2.032,
2000-05-03,0.0,
2000-05-04,0.0,
2000-05-05,0.0,
2000-05-06,0.0,
2000-05-07,0.0,
2000-05-08,0.0,
2000-05-09,0.0,
2000-05-10,0.0,
2000-05-11,0.0,
2000-05-12,0.0,
2000-05-13,0.0,
2000-05-14,0.0,
2000-05-15,0.0,
2000-05-16,0.0,
2000-05-17,0.0,
2000-05-18,0.0,
2000-05-19,0.0,
2000-05-20,0.0,
2000-05-21,0.0,
2000-05-22,0.0,
2000-05-23,0.0,
2000-05-24,0.0,
2000-05-25,0.0,
2000-05-26,0.0,
2000-05-27,0.0,
2000-05-28,0.0,
2000-05-29,0.0,
2000-05-30,0.0,
2000-05-31,0.0,
2000-06-01,0.0,
2000-06-02,0.0,
2000-06-03,0.0,
2000-06-04,0.0,
2000-06-05,0.0,
2000-06-06,0.0,
2000-06-07,0.0,
2000-06-08,0.0,
2000-06-09,0.0,
2000-06-10,0.0,
2000-06-11,0.0,
2000-06-12,0.0,
2000-06-13,0.0,
2000-06-14,0.0,
2000-06-15,0.0,
2000-06-16,0.0,
2000-06-17,0.0,
2000-06-18,0.0,
2000-06-19,0.0,
2000-06-20,0.0,
2000-06-21,0.0,
2000-06-22,0.0,
2000-06-23,0.0,
2000-06-24,0.0,
2000-06-25,0.0,
2000-06-26,0.0,
2000-06-27,0.0,
2000-06-28,0.0,
2000-06-29,0.0,
2000-06-30,0.0,
2000-07-01,0.0,
2000-07-02,0.0,
2000-07-03,0.0,
2000-07-04,0.0,
2000-07-05,0.0,
2000-07-06,0.0,
2000-07-07,0.0,
2000-07-08,0.0,
2000-07-09,0.0,
2000-07-10,0.0,
2000-07-11,0.0,
2000-07-12,0.0,
2000-07-13,0.0,
2000-07-14,0.0,
2000-07-15,0.0,
2000-07-16,0.0,
2000-07-17,0.0,
2000-07-18,0.0,
2000-07-19,0.0,
2000-07-20,0.0,
2000-07-21,0.0,
2000-07-22,0.0,
2000-07-23,0.0,
2000-07-24,0.0,
2000-07-25,0.0,
2000-07-26,0.0,
2000-07-27,0.0,
2000-07-28,0.0,
2000-07-29,0.0,
2000-07-30,0.0,
2000-07-31,0.0,
2000-08-01,0.0,
2000-08-02,0.0,
2000-08-03,0.0,
2000-08-04,0.0,
2000-08-05,0.0,
2000-08-06,0.0,
2000-08-07,0.0,
2000-08-08,0.0,
2000-08-09,0.0,
2000-08-10,0.0,
2000-08-11,0.0,
2000-08-12,0.0,
2000-08-13,0.0,
2000-08-14,0.0,
2000-08-15,0.0,
2000-08-16,0.0,
2000-08-17,0.0,
2000-08-18,0.0,
2000-08-19,0.0,
2000-08-20,0.0,
2000-08-21,0.0,
2000-08-22,0.0,
2000-08-23,0.0,
2000-08-24,0.0,
2000-08-25,0.0,
2000-08-26,0.0,
2000-08-27,0.0,
2000-08-28,0.0,
2000-08-29,0.0,
2000-08-30,0.0,
2000-08-31,0.0,
2000-09-01,0.0,
2000-09-02,0.0,
2000-09-03,0.0,
2000-09-04,0.0,
2000-09-05,0.0,
2000-09-06,0.0,
2000-09-07,0.0,
2000-09-08,0.0,
2000-09-09,0.0,
2000-09-10,0.0,
2000-09-11,0.0,
2000-09-12,0.0,
2000-09-13,0.0,
2000-09-14,0.0,
2000-09-15,0.0,
2000-09-16,0.0,
2000-09-17,0.0,
2000-09-18,0.0,
2000-09-19,0.0,
2000-09-20,0.0,
2000-09-21,0.0,
2000-09-22,0.0,
2000-09-23,0.0,
2000-09-24,0.0,
2000-09-25,0.0,
2000-09-26,0.0,
2000-09-27,0.0,
2000-09-28,0.0,
2000-09-29,0.0,
2000-09-30,0.0,
2000-10-01,0.0,
2000-10-02,0.0,
2000-10-03,0.0,
2000-10-04,0.0,
2000-10-05,0.0,
2000-10-06,0.0,
2000-10-07,0.0,
2000-10-08,0.0,
2000-10-09,0.0,
2000-10-10,0.0,
2000-10-11,0.0,
2000-10-12,0.0,
2000-10-13,0.0,
2000-10-14,0.0,
2000-10-15,0.508,
2000-10-16,0.508,
2000-10-17,0.508,
2000-10-18,0.508,
2000-10-19,0.508,
2000-10-20,0.508,
2000-10-21,0.508,
2000-10-22,0.813,
2000-10-23,0.813,
2000-10-24,0.813,
2000-10-25,0.813,
2000-10-26,0.813,
2000-10-27,0.813,
2000-10-28,0.813,
2000-10-29,1.422,
2000-10-30,1.422,
2000-10-31,1.422,
2000-11-01,1.727,
2000-11-02,0.813,
2000-11-03,0.813,
2000-11-04,0.813,
2000-11-05,0.508,
2000-11-06,0.508,
2000-11-07,0.203,
2000-11-08,0.0,
2000-11-09,0.0,
2000-11-10,0.0,
2000-11-11,0.0,
2000-11-12,0.0,
2000-11-13,2.337,
2000-11-14,1.422,
2000-11-15,0.813,
2000-11-16,0.0,
2000-11-17,0.0,
2000-11-18,0.0,
2000-11-19,0.0,
2000-11-20,0.0,
2000-11-21,0.0,
2000-11-22,0.0,
2000-11-23,0.508,
2000-11-24,1.016,
2000-11-25,2.642,
2000-11-26,2.642,
2000-11-27,2.642,
2000-11-28,2.642,
2000-11-29,2.032,
2000-11-30,2.946,
2000-12-01,2.946,
2000-12-02,3.556,
2000-12-03,3.556,
2000-12-04,3.556,
2000-12-05,2.946,
2000-12-06,2.946,
2000-12-07,2.946,
2000-12-08,2.946,
2000-12-09,2.946,
2000-12-10,2.642,
2000-12-11,2.642,
2000-12-12,2.642,
2000-12-13,2.642,
2000-12-14,3.556,
2000-12-15,5.69,
2000-12-16,5.994,
2000-12-17,6.299,
2000-12-18,6.604,
2000-12-19,6.604,
2000-12-20,6.604,
2000-12-21,6.604,
2000-12-22,7.518,
2000-12-23,7.518,
2000-12-24,7.823,
2000-12-25,7.823,
2000-12-26,8.128,
2000-12-27,8.128,
2000-12-28,8.128,
2000-12-29,8.433,
2000-12-30,8.433,
2000-12-31,8.433,
2001-01-01,8.433,
2001-01-02,8.433,
2001-01-03,8.433,
2001-01-04,8.433,
2001-01-05,8.433,
2001-01-06,8.433,
2001-01-07,8.433,
2001-01-08,9.652,
2001-01-09,10.16,
2001-01-10,11.786,
2001-01-11,13.919,
2001-01-12,14.224,
2001-01-13,14.224,
2001-01-14,14.224,
2001-01-15,14.224,
2001-01-16,14.224,
2001-01-17,14.224,
2001-01-18,14.529,
2001-01-19,14.529,
2001-01-20,14.529,
2001-01-21,14.529,
2001-01-22,14.529,
2001-01-23,14.529,
2001-01-24,16.358,
2001-01-25,16.662,
2001-01-26,18.186,
2001-01-27,18.186,
2001-01-28,18.186,
2001-01-29,18.796,
2001-01-30,18.796,
2001-01-31,18.796,
2001-02-01,18.796,
2001-02-02,19.101,
2001-02-03,19.101,
2001-02-04,19.101,
2001-02-05,19.101,
2001-02-06,19.101,
2001-02-07,19.101,
2001-02-08,19.101,
2001-02-09,19.406,
2001-02-10,20.93,
2001-02-11,21.844,
2001-02-12,22.454,
2001-02-13,22.454,
2001-02-14,22.454,
2001-02-15,22.758,
2001-02-16,23.063,
2001-02-17,23.063,
2001-02-18,25.197,
2001-02-19,25.502,
2001-02-20,27.33,
2001-02-21,29.159,
2001-02-22,31.293,
2001-02-23,32.207,
2001-02-24,32.207,
2001-02-25,33.122,
2001-02-26,33.426,
2001-02-27,33.426,
2001-02-28,33.426,
2001-03-01,33.426,
2001-03-02,34.646,
2001-03-03,34.646,
2001-03-04,35.865,
2001-03-05,41.046,
2001-03-06,41.656,
2001-03-07,41.961,
2001-03-08,42.875,
2001-03-09,42.875,
2001-03-10,42.875,
2001-03-11,42.875,
2001-03-12,42.875,
2001-03-13,43.18,
2001-03-14,43.18,
2001-03-15,43.18,
2001-03-16,43.18,
2001-03-17,43.18,
2001-03-18,43.18,
2001-03-19,42.57,
2001-03-20,41.656,
2001-03-21,41.046,
2001-03-22,40.132,
2001-03-23,39.218,
2001-03-24,38.303,
2001-03-25,37.694,
2001-03-26,36.779,
2001-03-27,36.474,
2001-03-28,35.56,
2001-03-29,33.731,
2001-03-30,32.817,
2001-03-31,31.902,
2001-04-01,30.988,
2001-04-02,29.769,
2001-04-03,29.769,
2001-04-04,29.769,
2001-04-05,29.769,
2001-04-06,29.769,
2001-04-07,30.683,
2001-04-08,30.988,
2001-04-09,31.902,
2001-04-10,32.207,
2001-04-11,32.207,
2001-04-12,32.512,
2001-04-13,32.512,
2001-04-14,32.207,
2001-04-15,31.293,
2001-04-16,30.378,
2001-04-17,29.159,
2001-04-18,27.635,
2001-04-19,27.635,
2001-04-20,27.33,
2001-04-21,27.33,
2001-04-22,27.026,
2001-04-23,24.587,
2001-04-24,22.454,
2001-04-25,20.015,
2001-04-26,17.272,
2001-04-27,14.529,
2001-04-28,12.395,
2001-04-29,10.871,
2001-04-30,9.042,
2001-05-01,6.299,
2001-05-02,3.556,
2001-05-03,2.337,
2001-05-04,1.27,
2001-05-05,0.0,
2001-05-06,0.0,
2001-05-07,0.0,
2001-05-08,0.0,
2001-05-09,0.0,
2001-05-10,0.0,
2001-05-11,0.0,
2001-05-12,0.0,
2001-05-13,0.0,
2001-05-14,0.0,
2001-05-15,0.0,
2001-05-16,0.0,
2001-05-17,0.0,
2001-05-18,0.0,
2001-05-19,0.0,
2001-05-20,0.0,
2001-05-21,0.0,
2001-05-22,0.0,
2001-05-23,0.0,
2001-05-24,0.0,
2001-05-25,0.0,
2001-05-26,0.0,
2001-05-27,0.0,
2001-05-28,0.0,
2001-05-29,0.0,
2001-05-30,0.0,
2001-05-31,0.0,
2001-06-01,0.0,
2001-06-02,0.0,
2001-06-03,0.0,
2001-06-04,0.0,
2001-06-05,0.0,
2001-06-06,0.0,
2001-06-07,0.0,
2001-06-08,0.0,
2001-06-09,0.0,
2001-06-10,0.0,
2001-06-11,0.0,
2001-06-12,0.0,
2001-06-13,0.0,
2001-06-14,0.0,
2001-06-15,0.0,
2001-06-16,0.0,
2001-06-17,0.0,
2001-06-18,0.0,
2001-06-19,0.0,
2001-06-20,0.0,
2001-06-21,0.0,
2001-06-22,0.0,
2001-06-23,0.0,
2001-06-24,0.0,
2001-06-25,0.0,
2001-06-26,0.0,
2001-06-27,0.0,
2001-06-28,0.0,
2001-06-29,0.0,
2001-06-30,0.0,
2001-07-01,0.0,
2001-07-02,0.0,
2001-07-03,0.0,
2001-07-04,0.0,
2001-07-05,0.0,
2001-07-06,0.0,
2001-07-07,0.0,
2001-07-08,0.0,
2001-07-09,0.0,
2001-07-10,0.0,
2001-07-11,0.0,
2001-07-12,0.0,
2001-07-13,0.0,
2001-07-14,0.0,
2001-07-15,0.0,
2001-07-16,0.0,
2001-07-17,0.0,
2001-07-18,0.0,
2001-07-19,0.0,
2001-07-20,0.0,
2001-07-21,0.0,
2001-07-22,0.0,
2001-07-23,0.0,
2001-07-24,0.0,
2001-07-25,0.0,
2001-07-26,0.0,
2001-07-27,0.0,
2001-07-28,0.0,
2001-07-29,0.0,
2001-07-30,0.0,
2001-07-31,0.0,
2001-08-01,0.0,
2001-08-02,0.0,
2001-08-03,0.0,
2001-08-04,0.0,
2001-08-05,0.0,
2001-08-06,0.0,
2001-08-07,0.0,
2001-08-08,0.0,
2001-08-09,0.0,
2001-08-10,0.0,
2001-08-11,0.0,
2001-08-12,0.0,
2001-08-13,0.0,
2001-08-14,0.0,
2001-08-15,0.0,
2001-08-16,0.0,
2001-08-17,0.0,
2001-08-18,0.0,
2001-08-19,0.0,
2001-08-20,0.0,
2001-08-21,0.0,
2001-08-22,0.0,
2001-08-23,0.0,
2001-08-24,0.0,
2001-08-25,0.0,
2001-08-26,0.0,
2001-08-27,0.0,
2001-08-28,0.0,
2001-08-29,0.0,
2001-08-30,0.0,
2001-08-31,0.0,
2001-09-01,0.0,
2001-09-02,0.0,
2001-09-03,0.0,
2001-09-04,0.0,
2001-09-05,0.0,
2001-09-06,0.0,
2001-09-07,0.0,
2001-09-08,0.0,
2001-09-09,0.0,
2001-09-10,0.0,
2001-09-11,0.0,
2001-09-12,0.0,
2001-09-13,0.0,
2001-09-14,0.0,
2001-09-15,0.0,
2001-09-16,0.0,
2001-09-17,0.0,
2001-09-18,0.0,
2001-09-19,0.0,
2001-09-20,0.0,
2001-09-21,0.0,
2001-09-22,0.0,
2001-09-23,0.0,
2001-09-24,0.0,
2001-09-25,0.0,
2001-09-26,0.0,
2001-09-27,0.0,
2001-09-28,0.0,
2001-09-29,0.0,
2001-09-30,0.0,
2001-10-01,0.0,
2001-10-02,0.0,
2001-10-03,0.0,
2001-10-04,0.0,
2001-10-05,0.0,
2001-10-06,0.0,
2001-10-07,0.0,
2001-10-08,0.0,
2001-10-09,0.0,
2001-10-10,0.0,
2001-10-11,0.0,
2001-10-12,0.0,
2001-10-13,0.0,
2001-10-14,0.0,
2001-10-15,0.0,
2001-10-16,0.0,
2001-10-17,0.0,
2001-10-18,0.0,
2001-10-19,0.0,
2001-10-20,0.0,
2001-10-21,0.0,
2001-10-22,0.0,
2001-10-23,0.0,
2001-10-24,0.0,
2001-10-25,0.0,
2001-10-26,0.0,
2001-10-27,0.0,
2001-10-28,0.0,
2001-10-29,0.0,
2001-10-30,0.0,
2001-10-31,0.0,
2001-11-01,0.0,
2001-11-02,0.0,
2001-11-03,0.0,
2001-11-04,0.0,
2001-11-05,0.0,
2001-11-06,0.0,
2001-11-07,0.0,
2001-11-08,0.0,
2001-11-09,0.0,
2001-11-10,0.0,
2001-11-11,0.0,
2001-11-12,0.0,
2001-11-13,0.0,
2001-11-14,0.0,
2001-11-15,0.0,
2001-11-16,0.0,
2001-11-17,0.0,
2001-11-18,0.0,
2001-11-19,0.0,
2001-11-20,0.0,
2001-11-21,0.0,
2001-11-22,0.762,
2001-11-23,0.762,
2001-11-24,1.067,
2001-11-25,7.163,
2001-11-26,7.468,
2001-11-27,7.468,
2001-11-28,8.077,
2001-11-29,12.344,
2001-11-30,12.954,
2001-12-01,15.088,
2001-12-02,16.916,
2001-12-03,20.32,
2001-12-04,21.184,
2001-12-05,22.708,
2001-12-06,23.927,
2001-12-07,23.927,
2001-12-08,23.622,
2001-12-09,23.622,
2001-12-10,23.622,
2001-12-11,23.622,
2001-12-12,23.927,
2001-12-13,23.927,
2001-12-14,28.804,
2001-12-15,29.108,
2001-12-16,29.413,
2001-12-17,31.547,
2001-12-18,31.547,
2001-12-19,33.68,
2001-12-20,35.509,
2001-12-21,36.119,
2001-12-22,36.728,
2001-12-23,38.252,
2001-12-24,38.252,
2001-12-25,38.557,
2001-12-26,38.557,
2001-12-27,38.557,
2001-12-28,39.472,
2001-12-29,39.776,
2001-12-30,40.081,
2001-12-31,40.386,
2002-01-01,41.91,
2002-01-02,43.129,
2002-01-03,43.739,
2002-01-04,43.739,
2002-01-05,43.739,
2002-01-06,44.653,
2002-01-07,44.653,
2002-01-08,44.653,
2002-01-09,44.653,
2002-01-10,44.653,
2002-01-11,44.653,
2002-01-12,44.653,
2002-01-13,44.653,
2002-01-14,44.653,
2002-01-15,44.653,
2002-01-16,44.348,
2002-01-17,44.348,
2002-01-18,44.044,
2002-01-19,44.044,
2002-01-20,44.044,
2002-01-21,43.739,
2002-01-22,43.739,
2002-01-23,43.739,
2002-01-24,43.739,
2002-01-25,44.044,
2002-01-26,45.568,
2002-01-27,46.177,
2002-01-28,46.482,
2002-01-29,46.482,
2002-01-30,46.482,
2002-01-31,46.482,
2002-02-01,47.092,
2002-02-02,47.396,
2002-02-03,47.396,
2002-02-04,47.396,
2002-02-05,47.396,
2002-02-06,47.701,
2002-02-07,48.616,
2002-02-08,49.53,
2002-02-09,50.14,
2002-02-10,50.444,
2002-02-11,50.749,
2002-02-12,51.054,
2002-02-13,51.359,
2002-02-14,51.359,
2002-02-15,51.359,
2002-02-16,51.359,
2002-02-17,51.664,
2002-02-18,52.273,
2002-02-19,52.883,
2002-02-20,56.54,
2002-02-21,56.54,
2002-02-22,56.54,
2002-02-23,56.54,
2002-02-24,56.845,
2002-02-25,57.15,
2002-02-26,57.15,
2002-02-27,57.15,
2002-02-28,56.845,
2002-03-01,56.845,
2002-03-02,56.236,
2002-03-03,55.626,
2002-03-04,55.626,
2002-03-05,55.321,
2002-03-06,55.321,
2002-03-07,55.931,
2002-03-08,57.15,
2002-03-09,57.76,
2002-03-10,58.674,
2002-03-11,58.979,
2002-03-12,58.979,
2002-03-13,59.284,
2002-03-14,60.503,
2002-03-15,61.112,
2002-03-16,61.417,
2002-03-17,61.417,
2002-03-18,61.722,
2002-03-19,61.722,
2002-03-20,61.722,
2002-03-21,61.722,
2002-03-22,61.722,
2002-03-23,62.941,
2002-03-24,63.856,
2002-03-25,63.856,
2002-03-26,63.856,
2002-03-27,63.551,
2002-03-28,62.941,
2002-03-29,62.332,
2002-03-30,61.112,
2002-03-31,60.198,
2002-04-01,58.979,
2002-04-02,57.455,
2002-04-03,55.931,
2002-04-04,53.797,
2002-04-05,51.968,
2002-04-06,50.444,
2002-04-07,48.311,
2002-04-08,46.787,
2002-04-09,44.653,
2002-04-10,43.129,
2002-04-11,40.996,
2002-04-12,38.557,
2002-04-13,36.119,
2002-04-14,33.68,
2002-04-15,28.804,
2002-04-16,28.499,
2002-04-17,28.499,
2002-04-18,28.804,
2002-04-19,28.804,
2002-04-20,28.804,
2002-04-21,26.975,
2002-04-22,24.536,
2002-04-23,21.184,
2002-04-24,17.831,
2002-04-25,15.392,
2002-04-26,12.344,
2002-04-27,11.125,
2002-04-28,10.211,
2002-04-29,9.296,
2002-04-30,8.687,
2002-05-01,8.687,
2002-05-02,6.553,
2002-05-03,3.2,
2002-05-04,0.66,
2002-05-05,0.0,
2002-05-06,0.0,
2002-05-07,0.0,
2002-05-08,0.0,
2002-05-09,0.0,
2002-05-10,0.0,
2002-05-11,0.0,
2002-05-12,0.0,
2002-05-13,0.0,
2002-05-14,0.0,
2002-05-15,0.0,
2002-05-16,0.0,
2002-05-17,0.0,
2002-05-18,0.0,
2002-05-19,0.0,
2002-05-20,0.0,
2002-05-21,0.0,
2002-05-22,0.0,
2002-05-23,0.0,
2002-05-24,0.0,
2002-05-25,0.0,
2002-05-26,0.0,
2002-05-27,0.0,
2002-05-28,0.0,
2002-05-29,0.0,
2002-05-30,0.0,
2002-05-31,0.0,
2002-06-01,0.0,
2002-06-02,0.0,
2002-06-03,0.0,
2002-06-04,0.0,
2002-06-05,0.0,
2002-06-06,0.0,
2002-06-07,0.0,
2002-06-08,0.0,
2002-06-09,0.0,
2002-06-10,0.0,
2002-06-11,0.0,
2002-06-12,0.0,
2002-06-13,0.0,
2002-06-14,0.0,
2002-06-15,0.0,
2002-06-16,0.0,
2002-06-17,0.0,
2002-06-18,0.0,
2002-06-19,0.0,
2002-06-20,0.0,
2002-06-21,0.0,
2002-06-22,0.0,
2002-06-23,0.0,
2002-06-24,0.0,
2002-06-25,0.0,
2002-06-26,0.0,
2002-06-27,0.0,
2002-06-28,0.0,
2002-06-29,0.0,
2002-06-30,0.0,
2002-07-01,0.0,
2002-07-02,0.0,
2002-07-03,0.0,
2002-07-04,0.0,
2002-07-05,0.0,
2002-07-06,0.0,
2002-07-07,0.0,
2002-07-08,0.0,
2002-07-09,0.0,
2002-07-10,0.0,
2002-07-11,0.0,
2002-07-12,0.0,
2002-07-13,0.0,
2002-07-14,0.0,
2002-07-15,0.0,
2002-07-16,0.0,
2002-07-17,0.0,
2002-07-18,0.0,
2002-07-19,0.0,
2002-07-20,0.0,
2002-07-21,0.0,
2002-07-22,0.0,
2002-07-23,0.0,
2002-07-24,0.0,
2002-07-25,0.0,
2002-07-26,0.0,
2002-07-27,0.0,
2002-07-28,0.0,
2002-07-29,0.0,
2002-07-30,0.0,
2002-07-31,0.0,
2002-08-01,0.0,
2002-08-02,0.0,
2002-08-03,0.0,
2002-08-04,0.0,
2002-08-05,0.0,
2002-08-06,0.0,
2002-08-07,0.0,
2002-08-08,0.0,
2002-08-09,0.0,
2002-08-10,0.0,
2002-08-11,0.0,
2002-08-12,0.0,
2002-08-13,0.0,
2002-08-14,0.0,
2002-08-15,0.0,
2002-08-16,0.0,
2002-08-17,0.0,
2002-08-18,0.0,
2002-08-19,0.0,
2002-08-20,0.0,
2002-08-21,0.0,
2002-08-22,0.0,
2002-08-23,0.0,
2002-08-24,0.0,
2002-08-25,0.0,
2002-08-26,0.0,
2002-08-27,0.0,
2002-08-28,0.0,
2002-08-29,0.0,
2002-08-30,0.0,
2002-08-31,0.0,
2002-09-01,0.0,
2002-09-02,0.0,
2002-09-03,0.0,
2002-09-04,0.0,
2002-09-05,0.0,
2002-09-06,0.0,
2002-09-07,0.0,
2002-09-08,0.0,
2002-09-09,0.0,
2002-09-10,0.0,
2002-09-11,0.0,
2002-09-12,0.0,
2002-09-13,0.0,
2002-09-14,0.0,
2002-09-15,0.0,
2002-09-16,0.0,
2002-09-17,0.0,
2002-09-18,0.0,
2002-09-19,0.0,
2002-09-20,0.0,
2002-09-21,0.0,
2002-09-22,0.0,
2002-09-23,0.0,
2002-09-24,0.0,
2002-09-25,0.0,
2002-09-26,0.0,
2002-09-27,0.0,
2002-09-28,0.0,
2002-09-29,0.0,
2002-09-30,0.0,
2002-10-01,0.0,
2002-10-02,0.0,
2002-10-03,0.0,
2002-10-04,0.0,
2002-10-05,0.0,
2002-10-06,0.0,
2002-10-07,0.0,
2002-10-08,0.0,
2002-10-09,0.0,
2002-10-10,0.0,
2002-10-11,0.0,
2002-10-12,0.0,
2002-10-13,0.0,
2002-10-14,0.0,
2002-10-15,0.0,
2002-10-16,0.0,
2002-10-17,0.0,
2002-10-18,0.0,
2002-10-19,0.0,
2002-10-20,0.0,
2002-10-21,0.0,
2002-10-22,0.0,
2002-10-23,0.0,
2002-10-24,0.0,
2002-10-25,0.0,
2002-10-26,0.0,
2002-10-27,0.0,
2002-10-28,0.0,
2002-10-29,0.0,
2002-10-30,0.0,
2002-10-31,0.0,
2002-11-01,0.0,
2002-11-02,0.0,
2002-11-03,0.0,
2002-11-04,0.0,
2002-11-05,0.0,
2002-11-06,0.0,
2002-11-07,0.559,
2002-11-08,1.168,
2002-11-09,1.473,
2002-11-10,3.607,
2002-11-11,3.912,
2002-11-12,3.912,
2002-11-13,3.912,
2002-11-14,5.131,
2002-11-15,5.131,
2002-11-16,4.216,
2002-11-17,3.912,
2002-11-18,3.912,
2002-11-19,3.912,
2002-11-20,3.912,
2002-11-21,3.912,
2002-11-22,3.912,
2002-11-23,3.912,
2002-11-24,3.912,
2002-11-25,3.912,
2002-11-26,3.912,
2002-11-27,3.912,
2002-11-28,3.912,
2002-11-29,3.912,
2002-11-30,3.912,
2002-12-01,3.912,
2002-12-02,3.912,
2002-12-03,3.912,
2002-12-04,3.302,
2002-12-05,2.388,
2002-12-06,0.0,
2002-12-07,0.0,
2002-12-08,0.0,
2002-12-09,0.0,
2002-12-10,0.0,
2002-12-11,0.0,
2002-12-12,0.0,
2002-12-13,0.0,
2002-12-14,4.521,
2002-12-15,6.096,
2002-12-16,9.703,
2002-12-17,11.836,
2002-12-18,12.446,
2002-12-19,12.751,
2002-12-20,16.408,
2002-12-21,20.98,
2002-12-22,21.59,
2002-12-23,21.59,
2002-12-24,21.59,
2002-12-25,22.2,
2002-12-26,23.114,
2002-12-27,25.248,
2002-12-28,26.467,
2002-12-29,28.6,
2002-12-30,29.21,
2002-12-31,37.44,
2003-01-01,38.049,
2003-01-02,38.049,
2003-01-03,38.049,
2003-01-04,38.049,
2003-01-05,38.049,
2003-01-06,38.049,
2003-01-07,37.44,
2003-01-08,36.83,
2003-01-09,36.83,
2003-01-10,37.135,
2003-01-11,38.049,
2003-01-12,38.659,
2003-01-13,39.573,
2003-01-14,39.573,
2003-01-15,39.573,
2003-01-16,39.573,
2003-01-17,39.573,
2003-01-18,39.573,
2003-01-19,39.878,
2003-01-20,39.878,
2003-01-21,40.488,
2003-01-22,40.792,
2003-01-23,40.792,
2003-01-24,40.792,
2003-01-25,40.792,
2003-01-26,40.792,
2003-01-27,40.792,
2003-01-28,40.792,
2003-01-29,40.792,
2003-01-30,40.792,
2003-01-31,40.792,
2003-02-01,40.792,
2003-02-02,40.792,
2003-02-03,40.488,
2003-02-04,40.488,
2003-02-05,40.488,
2003-02-06,40.488,
2003-02-07,40.488,
2003-02-08,40.488,
2003-02-09,40.488,
2003-02-10,40.183,
2003-02-11,40.183,
2003-02-12,40.183,
2003-02-13,39.878,
2003-02-14,39.573,
2003-02-15,41.097,
2003-02-16,43.84,
2003-02-17,45.669,
2003-02-18,45.974,
2003-02-19,45.974,
2003-02-20,47.193,
2003-02-21,47.193,
2003-02-22,47.498,
2003-02-23,47.498,
2003-02-24,47.498,
2003-02-25,48.108,
2003-02-26,48.108,
2003-02-27,48.108,
2003-02-28,48.108,
2003-03-01,48.108,
2003-03-02,48.108,
2003-03-03,48.108,
2003-03-04,48.108,
2003-03-05,48.108,
2003-03-06,48.108,
2003-03-07,48.108,
2003-03-08,47.803,
2003-03-09,47.803,
2003-03-10,47.803,
2003-03-11,47.498,
2003-03-12,46.584,
2003-03-13,45.364,
2003-03-14,44.755,
2003-03-15,44.755,
2003-03-16,44.755,
2003-03-17,46.279,
2003-03-18,47.193,
2003-03-19,48.412,
2003-03-20,48.412,
2003-03-21,48.412,
2003-03-22,48.412,
2003-03-23,48.108,
2003-03-24,47.803,
2003-03-25,47.498,
2003-03-26,46.584,
2003-03-27,45.974,
2003-03-28,45.364,
2003-03-29,44.45,
2003-03-30,43.536,
2003-03-31,42.012,
2003-04-01,40.488,
2003-04-02,39.573,
2003-04-03,39.878,
2003-04-04,41.097,
2003-04-05,42.012,
2003-04-06,42.316,
2003-04-07,42.621,
2003-04-08,42.316,
2003-04-09,41.402,
2003-04-10,40.488,
2003-04-11,39.573,
2003-04-12,38.354,
2003-04-13,38.964,
2003-04-14,39.878,
2003-04-15,40.488,
2003-04-16,40.488,
2003-04-17,41.097,
2003-04-18,41.097,
2003-04-19,41.097,
2003-04-20,40.183,
2003-04-21,39.573,
2003-04-22,40.183,
2003-04-23,40.183,
2003-04-24,40.488,
2003-04-25,41.402,
2003-04-26,43.84,
2003-04-27,44.45,
2003-04-28,45.364,
2003-04-29,48.108,
2003-04-30,49.936,
2003-05-01,49.936,
2003-05-02,49.632,
2003-05-03,49.327,
2003-05-04,48.717,
2003-05-05,47.803,
2003-05-06,45.974,
2003-05-07,45.364,
2003-05-08,43.536,
2003-05-09,43.536,
2003-05-10,43.536,
2003-05-11,42.012,
2003-05-12,40.792,
2003-05-13,38.964,
2003-05-14,36.525,
2003-05-15,33.477,
2003-05-16,30.734,
2003-05-17,28.905,
2003-05-18,26.772,
2003-05-19,24.638,
2003-05-20,21.285,
2003-05-21,18.542,
2003-05-22,15.189,
2003-05-23,11.227,
2003-05-24,6.35,
2003-05-25,2.388,
2003-05-26,0.0,
2003-05-27,0.0,
2003-05-28,0.0,
2003-05-29,0.0,
2003-05-30,0.0,
2003-05-31,0.0,
2003-06-01,0.0,
2003-06-02,0.0,
2003-06-03,0.0,
2003-06-04,0.0,
2003-06-05,0.0,
2003-06-06,0.0,
2003-06-07,0.0,
2003-06-08,0.0,
2003-06-09,0.0,
2003-06-10,0.0,
2003-06-11,0.0,
2003-06-12,0.0,
2003-06-13,0.0,
2003-06-14,0.0,
2003-06-15,0.0,
2003-06-16,0.0,
2003-06-17,0.0,
2003-06-18,0.0,
2003-06-19,0.0,
2003-06-20,0.0,
2003-06-21,0.0,
2003-06-22,0.0,
2003-06-23,0.0,
2003-06-24,0.0,
2003-06-25,0.0,
2003-06-26,0.0,
2003-06-27,0.0,
2003-06-28,0.0,
2003-06-29,0.0,
2003-06-30,0.0,
2003-07-01,0.0,
2003-07-02,0.0,
2003-07-03,0.0,
2003-07-04,0.0,
2003-07-05,0.0,
2003-07-06,0.0,
2003-07-07,0.0,
2003-07-08,0.0,
2003-07-09,0.0,
2003-07-10,0.0,
2003-07-11,0.0,
2003-07-12,0.0,
2003-07-13,0.0,
2003-07-14,0.0,
2003-07-15,0.0,
2003-07-16,0.0,
2003-07-17,0.0,
2003-07-18,0.0,
2003-07-19,0.0,
2003-07-20,0.0,
2003-07-21,0.0,
2003-07-22,0.0,
2003-07-23,0.0,
2003-07-24,0.0,
2003-07-25,0.0,
2003-07-26,0.0,
2003-07-27,0.0,
2003-07-28,0.0,
2003-07-29,0.0,
2003-07-30,0.0,
2003-07-31,0.0,
2003-08-01,0.0,
2003-08-02,0.0,
2003-08-03,0.0,
2003-08-04,0.0,
2003-08-05,0.0,
2003-08-06,0.0,
2003-08-07,0.0,
2003-08-08,0.0,
2003-08-09,0.0,
2003-08-10,0.0,
2003-08-11,0.0,
2003-08-12,0.0,
2003-08-13,0.0,
2003-08-14,0.0,
2003-08-15,0.0,
2003-08-16,0.0,
2003-08-17,0.0,
2003-08-18,0.0,
2003-08-19,0.0,
2003-08-20,0.0,
2003-08-21,0.0,
2003-08-22,0.0,
2003-08-23,0.0,
2003-08-24,0.0,
2003-08-25,0.0,
2003-08-26,0.0,
2003-08-27,0.0,
2003-08-28,0.0,
2003-08-29,0.0,
2003-08-30,0.0,
2003-08-31,0.0,
2003-09-01,0.0,
2003-09-02,0.0,
2003-09-03,0.0,
2003-09-04,0.0,
2003-09-05,0.0,
2003-09-06,0.0,
2003-09-07,0.0,
2003-09-08,0.0,
2003-09-09,0.0,
2003-09-10,0.0,
2003-09-11,0.0,
2003-09-12,0.0,
2003-09-13,0.0,
2003-09-14,0.0,
2003-09-15,0.0,
2003-09-16,0.0,
2003-09-17,0.0,
2003-09-18,0.0,
2003-09-19,0.0,
2003-09-20,0.0,
2003-09-21,0.0,
2003-09-22,0.0,
2003-09-23,0.0,
2003-09-24,0.0,
2003-09-25,0.0,
2003-09-26,0.0,
2003-09-27,0.0,
2003-09-28,0.0,
2003-09-29,0.0,
2003-09-30,0.0,
2003-10-01,0.0,
2003-10-02,0.0,
2003-10-03,0.0,
2003-10-04,0.0,
2003-10-05,0.0,
2003-10-06,0.0,
2003-10-07,0.0,
2003-10-08,0.0,
2003-10-09,0.0,
2003-10-10,0.0,
2003-10-11,0.0,
2003-10-12,0.0,
2003-10-13,0.0,
2003-10-14,0.0,
2003-10-15,0.0,
2003-10-16,0.0,
2003-10-17,0.0,
2003-10-18,0.0,
2003-10-19,0.0,
2003-10-20,0.0,
2003-10-21,0.0,
2003-10-22,0.0,
2003-10-23,0.0,
2003-10-24,0.0,
2003-10-25,0.0,
2003-10-26,0.0,
2003-10-27,0.0,
2003-10-28,0.0,
2003-10-29,0.0,
2003-10-30,0.0,
2003-10-31,0.0,
2003-11-01,0.0,
2003-11-02,0.0,
2003-11-03,0.0,
2003-11-04,0.0,
2003-11-05,0.0,
2003-11-06,0.0,
2003-11-07,0.0,
2003-11-08,0.0,
2003-11-09,0.0,
2003-11-10,1.321,
2003-11-11,1.321,
2003-11-12,1.321,
2003-11-13,1.321,
2003-11-14,1.321,
2003-11-15,1.321,
2003-11-16,1.321,
2003-11-17,1.321,
2003-11-18,1.321,
2003-11-19,1.321,
2003-11-20,0.711,
2003-11-21,0.406,
2003-11-22,0.0,
2003-11-23,0.0,
2003-11-24,0.0,
2003-11-25,0.0,
2003-11-26,0.0,
2003-11-27,0.0,
2003-11-28,0.0,
2003-11-29,0.0,
2003-11-30,0.711,
2003-12-01,1.016,
2003-12-02,1.422,
2003-12-03,1.422,
2003-12-04,1.422,
2003-12-05,1.422,
2003-12-06,1.422,
2003-12-07,1.422,
2003-12-08,1.422,
2003-12-09,1.422,
2003-12-10,2.642,
2003-12-11,3.251,
2003-12-12,3.861,
2003-12-13,6.909,
2003-12-14,9.042,
2003-12-15,9.347,
2003-12-16,9.347,
2003-12-17,9.347,
2003-12-18,9.347,
2003-12-19,9.347,
2003-12-20,11.176,
2003-12-21,11.176,
2003-12-22,11.176,
2003-12-23,11.176,
2003-12-24,15.138,
2003-12-25,15.748,
2003-12-26,16.358,
2003-12-27,16.358,
2003-12-28,16.358,
2003-12-29,22.149,
2003-12-30,24.587,
2003-12-31,24.587,
2004-01-01,27.33,
2004-01-02,30.988,
2004-01-03,31.902,
2004-01-04,32.207,
2004-01-05,32.512,
2004-01-06,32.817,
2004-01-07,34.036,
2004-01-08,36.17,
2004-01-09,37.389,
2004-01-10,39.218,
2004-01-11,39.522,
2004-01-12,39.522,
2004-01-13,39.522,
2004-01-14,39.522,
2004-01-15,39.827,
2004-01-16,39.827,
2004-01-17,39.827,
2004-01-18,39.827,
2004-01-19,39.827,
2004-01-20,39.827,
2004-01-21,39.827,
2004-01-22,39.827,
2004-01-23,39.827,
2004-01-24,39.827,
2004-01-25,40.437,
2004-01-26,40.437,
2004-01-27,42.57,
2004-01-28,43.79,
2004-01-29,44.094,
2004-01-30,44.094,
2004-01-31,45.009,
2004-02-01,45.314,
2004-02-02,45.923,
2004-02-03,48.057,
2004-02-04,48.666,
2004-02-05,48.971,
2004-02-06,49.276,
2004-02-07,49.886,
2004-02-08,50.19,
2004-02-09,50.19,
2004-02-10,50.19,
2004-02-11,50.19,
2004-02-12,50.19,
2004-02-13,50.19,
2004-02-14,50.495,
2004-02-15,51.105,
2004-02-16,51.714,
2004-02-17,51.714,
2004-02-18,53.238,
2004-02-19,54.153,
2004-02-20,54.762,
2004-02-21,55.677,
2004-02-22,56.286,
2004-02-23,57.201,
2004-02-24,58.42,
2004-02-25,60.249,
2004-02-26,66.65,
2004-02-27,68.783,
2004-02-28,69.698,
2004-02-29,70.002,
2004-03-01,71.222,
2004-03-02,73.05,
2004-03-03,73.05,
2004-03-04,73.05,
2004-03-05,73.05,
2004-03-06,73.05,
2004-03-07,73.05,
2004-03-08,73.05,
2004-03-09,73.05,
2004-03-10,72.746,
2004-03-11,72.746,
2004-03-12,72.746,
2004-03-13,72.441,
2004-03-14,72.136,
2004-03-15,71.526,
2004-03-16,71.222,
2004-03-17,70.917,
2004-03-18,70.307,
2004-03-19,70.002,
2004-03-20,69.698,
2004-03-21,69.088,
2004-03-22,67.259,
2004-03-23,66.04,
2004-03-24,65.024,
2004-03-25,64.008,
2004-03-26,67.564,
2004-03-27,67.564,
2004-03-28,67.564,
2004-03-29,67.564,
2004-03-30,66.802,
2004-03-31,65.43,
2004-04-01,64.821,
2004-04-02,64.211,
2004-04-03,63.297,
2004-04-04,61.773,
2004-04-05,60.249,
2004-04-06,58.42,
2004-04-07,56.896,
2004-04-08,55.982,
2004-04-09,54.458,
2004-04-10,52.934,
2004-04-11,51.41,
2004-04-12,50.19,
2004-04-13,48.666,
2004-04-14,47.447,
2004-04-15,46.533,
2004-04-16,46.228,
2004-04-17,46.838,
2004-04-18,46.838,
2004-04-19,46.838,
2004-04-20,46.838,
2004-04-21,46.838,
2004-04-22,46.838,
2004-04-23,45.923,
2004-04-24,44.399,
2004-04-25,42.266,
2004-04-26,39.522,
2004-04-27,36.474,
2004-04-28,32.817,
2004-04-29,30.074,
2004-04-30,27.94,
2004-05-01,24.892,
2004-05-02,21.234,
2004-05-03,17.577,
2004-05-04,13.614,
2004-05-05,9.652,
2004-05-06,5.994,
2004-05-07,2.946,
2004-05-08,0.0,
2004-05-09,0.0,
2004-05-10,0.0,
2004-05-11,0.0,
2004-05-12,0.0,
2004-05-13,0.0,
2004-05-14,0.0,
2004-05-15,0.0,
2004-05-16,0.0,
2004-05-17,0.0,
2004-05-18,0.0,
2004-05-19,0.0,
2004-05-20,0.0,
2004-05-21,0.0,
2004-05-22,0.0,
2004-05-23,0.0,
2004-05-24,0.0,
2004-05-25,0.0,
2004-05-26,0.0,
2004-05-27,0.0,
2004-05-28,0.0,
2004-05-29,0.0,
2004-05-30,0.0,
2004-05-31,0.0,
2004-06-01,0.0,
2004-06-02,0.0,
2004-06-03,0.0,
2004-06-04,0.0,
2004-06-05,0.0,
2004-06-06,0.0,
2004-06-07,0.0,
2004-06-08,0.0,
2004-06-09,0.0,
2004-06-10,0.0,
2004-06-11,0.0,
2004-06-12,0.0,
2004-06-13,0.0,
2004-06-14,0.0,
2004-06-15,0.0,
2004-06-16,0.0,
2004-06-17,0.0,
2004-06-18,0.0,
2004-06-19,0.0,
2004-06-20,0.0,
2004-06-21,0.0,
2004-06-22,0.0,
2004-06-23,0.0,
2004-06-24,0.0,
2004-06-25,0.0,
2004-06-26,0.0,
2004-06-27,0.0,
2004-06-28,0.0,
2004-06-29,0.0,
2004-06-30,0.0,
2004-07-01,0.0,
2004-07-02,0.0,
2004-07-03,0.0,
2004-07-04,0.0,
2004-07-05,0.0,
2004-07-06,0.0,
2004-07-07,0.0,
2004-07-08,0.0,
2004-07-09,0.0,
2004-07-10,0.0,
2004-07-11,0.0,
2004-07-12,0.0,
2004-07-13,0.0,
2004-07-14,0.0,
2004-07-15,0.0,
2004-07-16,0.0,
2004-07-17,0.0,
2004-07-18,0.0,
2004-07-19,0.0,
2004-07-20,0.0,
2004-07-21,0.0,
2004-07-22,0.0,
2004-07-23,0.0,
2004-07-24,0.0,
2004-07-25,0.0,
2004-07-26,0.0,
2004-07-27,0.0,
2004-07-28,0.0,
2004-07-29,0.0,
2004-07-30,0.0,
2004-07-31,0.0,
2004-08-01,0.0,
2004-08-02,0.0,
2004-08-03,0.0,
2004-08-04,0.0,
2004-08-05,0.0,
2004-08-06,0.0,
2004-08-07,0.0,
2004-08-08,0.0,
2004-08-09,0.0,
2004-08-10,0.0,
2004-08-11,0.0,
2004-08-12,0.0,
2004-08-13,0.0,
2004-08-14,0.0,
2004-08-15,0.0,
2004-08-16,0.0,
2004-08-17,0.0,
2004-08-18,0.0,
2004-08-19,0.0,
2004-08-20,0.0,
2004-08-21,0.0,
2004-08-22,0.0,
2004-08-23,0.0,
2004-08-24,0.0,
2004-08-25,0.0,
2004-08-26,0.0,
2004-08-27,0.0,
2004-08-28,0.0,
2004-08-29,0.0,
2004-08-30,0.0,
2004-08-31,0.0,
2004-09-01,0.0,
2004-09-02,0.0,
2004-09-03,0.0,
2004-09-04,0.0,
2004-09-05,0.0,
2004-09-06,0.0,
2004-09-07,0.0,
2004-09-08,0.0,
2004-09-09,0.0,
2004-09-10,0.0,
2004-09-11,0.0,
2004-09-12,0.0,
2004-09-13,0.0,
2004-09-14,0.0,
2004-09-15,0.0,
2004-09-16,0.0,
2004-09-17,0.0,
2004-09-18,0.0,
2004-09-19,0.0,
2004-09-20,0.0,
2004-09-21,0.0,
2004-09-22,0.0,
2004-09-23,0.0,
2004-09-24,0.0,
2004-09-25,0.0,
2004-09-26,0.0,
2004-09-27,0.0,
2004-09-28,0.0,
2004-09-29,0.0,
2004-09-30,0.0,
2004-10-01,0.0,
2004-10-02,0.0,
2004-10-03,0.0,
2004-10-04,0.0,
2004-10-05,0.0,
2004-10-06,0.0,
2004-10-07,0.0,
2004-10-08,0.0,
2004-10-09,0.0,
2004-10-10,0.0,
2004-10-11,0.0,
2004-10-12,0.0,
2004-10-13,0.0,
2004-10-14,0.0,
2004-10-15,0.0,
2004-10-16,0.0,
2004-10-17,0.0,
2004-10-18,0.0,
2004-10-19,0.0,
2004-10-20,0.0,
2004-10-21,0.0,
2004-10-22,0.0,
2004-10-23,0.0,
2004-10-24,0.0,
2004-10-25,0.0,
2004-10-26,0.0,
2004-10-27,0.0,
2004-10-28,0.0,
2004-10-29,0.0,
2004-10-30,0.0,
2004-10-31,0.0,
2004-11-01,0.0,
2004-11-02,0.0,
2004-11-03,0.0,
2004-11-04,0.0,
2004-11-05,0.0,
2004-11-06,0.0,
2004-11-07,0.0,
2004-11-08,0.0,
2004-11-09,0.0,
2004-11-10,0.0,
2004-11-11,0.0,
2004-11-12,0.0,
2004-11-13,0.0,
2004-11-14,0.0,
2004-11-15,0.0,
2004-11-16,0.0,
2004-11-17,0.0,
2004-11-18,0.0,
2004-11-19,0.0,
2004-11-20,0.0,
2004-11-21,0.0,
2004-11-22,0.0,
2004-11-23,0.864,
2004-11-24,0.864,
2004-11-25,0.864,
2004-11-26,1.168,
2004-11-27,1.168,
2004-11-28,1.168,
2004-11-29,1.168,
2004-11-30,0.864,
2004-12-01,0.559,
2004-12-02,0.0,
2004-12-03,0.0,
2004-12-04,0.0,
2004-12-05,0.0,
2004-12-06,0.0,
2004-12-07,5.131,
2004-12-08,8.484,
2004-12-09,11.532,
2004-12-10,11.532,
2004-12-11,11.532,
2004-12-12,11.532,
2004-12-13,11.532,
2004-12-14,11.532,
2004-12-15,11.532,
2004-12-16,11.532,
2004-12-17,11.532,
2004-12-18,11.532,
2004-12-19,11.532,
2004-12-20,11.532,
2004-12-21,11.532,
2004-12-22,11.532,
2004-12-23,11.532,
2004-12-24,11.532,
2004-12-25,11.532,
2004-12-26,11.532,
2004-12-27,11.532,
2004-12-28,15.494,
2004-12-29,17.628,
2004-12-30,21.285,
2004-12-31,24.333,
2005-01-01,25.857,
2005-01-02,26.67,
2005-01-03,27.381,
2005-01-04,27.381,
2005-01-05,27.381,
2005-01-06,27.381,
2005-01-07,27.381,
2005-01-08,30.988,
2005-01-09,34.798,
2005-01-10,39.37,
2005-01-11,42.316,
2005-01-12,42.316,
2005-01-13,42.316,
2005-01-14,42.316,
2005-01-15,42.316,
2005-01-16,42.316,
2005-01-17,42.316,
2005-01-18,42.316,
2005-01-19,42.316,
2005-01-20,42.316,
2005-01-21,42.316,
2005-01-22,42.316,
2005-01-23,42.316,
2005-01-24,42.316,
2005-01-25,42.012,
2005-01-26,42.012,
2005-01-27,42.012,
2005-01-28,43.536,
2005-01-29,45.364,
2005-01-30,46.279,
2005-01-31,46.279,
2005-02-01,46.279,
2005-02-02,46.279,
2005-02-03,46.279,
2005-02-04,45.974,
2005-02-05,45.669,
2005-02-06,45.364,
2005-02-07,45.06,
2005-02-08,44.755,
2005-02-09,44.45,
2005-02-10,44.145,
2005-02-11,44.145,
2005-02-12,43.84,
2005-02-13,43.536,
2005-02-14,44.45,
2005-02-15,44.755,
2005-02-16,45.364,
2005-02-17,46.279,
2005-02-18,47.193,
2005-02-19,47.803,
2005-02-20,48.108,
2005-02-21,49.022,
2005-02-22,49.022,
2005-02-23,49.022,
2005-02-24,49.022,
2005-02-25,49.022,
2005-02-26,49.022,
2005-02-27,49.022,
2005-02-28,49.632,
2005-03-01,49.632,
2005-03-02,51.765,
2005-03-03,51.765,
2005-03-04,51.765,
2005-03-05,51.765,
2005-03-06,51.765,
2005-03-07,51.765,
2005-03-08,51.765,
2005-03-09,51.46,
2005-03-10,51.156,
2005-03-11,50.851,
2005-03-12,50.546,
2005-03-13,49.936,
2005-03-14,49.632,
2005-03-15,49.632,
2005-03-16,49.632,
2005-03-17,49.327,
2005-03-18,49.022,
2005-03-19,49.022,
2005-03-20,50.241,
2005-03-21,51.46,
2005-03-22,53.899,
2005-03-23,54.813,
2005-03-24,55.423,
2005-03-25,55.728,
2005-03-26,55.728,
2005-03-27,55.423,
2005-03-28,58.471,
2005-03-29,59.69,
2005-03-30,60.909,
2005-03-31,60.909,
2005-04-01,60.909,
2005-04-02,60.909,
2005-04-03,60.909,
2005-04-04,60.909,
2005-04-05,60.909,
2005-04-06,60.909,
2005-04-07,60.909,
2005-04-08,60.909,
2005-04-09,64.262,
2005-04-10,64.262,
2005-04-11,64.262,
2005-04-12,63.957,
2005-04-13,63.957,
2005-04-14,63.652,
2005-04-15,63.348,
2005-04-16,61.214,
2005-04-17,60.3,
2005-04-18,59.69,
2005-04-19,59.69,
2005-04-20,58.776,
2005-04-21,57.252,
2005-04-22,55.423,
2005-04-23,54.204,
2005-04-24,52.07,
2005-04-25,50.851,
2005-04-26,49.022,
2005-04-27,47.193,
2005-04-28,45.669,
2005-04-29,44.45,
2005-04-30,42.316,
2005-05-01,40.183,
2005-05-02,38.964,
2005-05-03,35.916,
2005-05-04,33.782,
2005-05-05,31.953,
2005-05-06,29.82,
2005-05-07,27.991,
2005-05-08,26.162,
2005-05-09,23.724,
2005-05-10,23.724,
2005-05-11,22.809,
2005-05-12,20.371,
2005-05-13,17.628,
2005-05-14,13.97,
2005-05-15,10.617,
2005-05-16,7.874,
2005-05-17,7.874,
2005-05-18,7.874,
2005-05-19,7.874,
2005-05-20,7.264,
2005-05-21,4.826,
2005-05-22,2.388,
2005-05-23,0.0,
2005-05-24,0.0,
2005-05-25,0.0,
2005-05-26,0.0,
2005-05-27,0.0,
2005-05-28,0.0,
2005-05-29,0.0,
2005-05-30,0.0,
2005-05-31,0.0,
2005-06-01,0.0,
2005-06-02,0.0,
2005-06-03,0.0,
2005-06-04,0.0,
2005-06-05,0.0,
2005-06-06,0.0,
2005-06-07,0.0,
2005-06-08,0.0,
2005-06-09,0.0,
2005-06-10,0.0,
2005-06-11,0.0,
2005-06-12,0.0,
2005-06-13,0.0,
2005-06-14,0.0,
2005-06-15,0.0,
2005-06-16,0.0,
2005-06-17,0.0,
2005-06-18,0.0,
2005-06-19,0.0,
2005-06-20,0.0,
2005-06-21,0.0,
2005-06-22,0.0,
2005-06-23,0.0,
2005-06-24,0.0,
2005-06-25,0.0,
2005-06-26,0.0,
2005-06-27,0.0,
2005-06-28,0.0,
2005-06-29,0.0,
2005-06-30,0.0,
2005-07-01,0.0,
2005-07-02,0.0,
2005-07-03,0.0,
2005-07-04,0.0,
2005-07-05,0.0,
2005-07-06,0.0,
2005-07-07,0.0,
2005-07-08,0.0,
2005-07-09,0.0,
2005-07-10,0.0,
2005-07-11,0.0,
2005-07-12,0.0,
2005-07-13,0.0,
2005-07-14,0.0,
2005-07-15,0.0,
2005-07-16,0.0,
2005-07-17,0.0,
2005-07-18,0.0,
2005-07-19,0.0,
2005-07-20,0.0,
2005-07-21,0.0,
2005-07-22,0.0,
2005-07-23,0.0,
2005-07-24,0.0,
2005-07-25,0.0,
2005-07-26,0.0,
2005-07-27,0.0,
2005-07-28,0.0,
2005-07-29,0.0,
2005-07-30,0.0,
2005-07-31,0.0,
2005-08-01,0.0,
2005-08-02,0.0,
2005-08-03,0.0,
2005-08-04,0.0,
2005-08-05,0.0,
2005-08-06,0.0,
2005-08-07,0.0,
2005-08-08,0.0,
2005-08-09,0.0,
2005-08-10,0.0,
2005-08-11,0.0,
2005-08-12,0.0,
2005-08-13,0.0,
2005-08-14,0.0,
2005-08-15,0.0,
2005-08-16,0.0,
2005-08-17,0.0,
2005-08-18,0.0,
2005-08-19,0.0,
2005-08-20,0.0,
2005-08-21,0.0,
2005-08-22,0.0,
2005-08-23,0.0,
2005-08-24,0.0,
2005-08-25,0.0,
2005-08-26,0.0,
2005-08-27,0.0,
2005-08-28,0.0,
2005-08-29,0.0,
2005-08-30,0.0,
2005-08-31,0.0,
2005-09-01,0.0,
2005-09-02,0.0,
2005-09-03,0.0,
2005-09-04,0.0,
2005-09-05,0.0,
2005-09-06,0.0,
2005-09-07,0.0,
2005-09-08,0.0,
2005-09-09,0.0,
2005-09-10,0.0,
2005-09-11,0.0,
2005-09-12,0.0,
2005-09-13,0.0,
2005-09-14,0.0,
2005-09-15,0.0,
2005-09-16,0.0,
2005-09-17,0.0,
2005-09-18,0.0,
2005-09-19,0.0,
2005-09-20,0.0,
2005-09-21,0.0,
2005-09-22,0.0,
2005-09-23,0.0,
2005-09-24,0.0,
2005-09-25,0.0,
2005-09-26,0.0,
2005-09-27,0.0,
2005-09-28,0.0,
2005-09-29,0.0,
2005-09-30,0.0,
2005-10-01,0.0,
2005-10-02,0.0,
2005-10-03,0.0,
2005-10-04,0.0,
2005-10-05,0.0,
2005-10-06,0.0,
2005-10-07,0.0,
2005-10-08,0.0,
2005-10-09,0.0,
2005-10-10,0.0,
2005-10-11,0.0,
2005-10-12,0.0,
2005-10-13,0.0,
2005-10-14,0.0,
2005-10-15,0.0,
2005-10-16,0.0,
2005-10-17,0.0,
2005-10-18,0.0,
2005-10-19,0.0,
2005-10-20,0.0,
2005-10-21,0.0,
2005-10-22,0.0,
2005-10-23,0.0,
2005-10-24,0.0,
2005-10-25,0.0,
2005-10-26,0.0,
2005-10-27,0.0,
2005-10-28,0.0,
2005-10-29,0.0,
2005-10-30,0.0,
2005-10-31,0.0,
2005-11-01,0.0,
2005-11-02,0.0,
2005-11-03,0.0,
2005-11-04,1.372,
2005-11-05,1.067,
2005-11-06,0.0,
2005-11-07,0.0,
2005-11-08,0.0,
2005-11-09,0.0,
2005-11-10,0.0,
2005-11-11,0.0,
2005-11-12,0.0,
2005-11-13,0.0,
2005-11-14,0.0,
2005-11-15,0.0,
2005-11-16,0.0,
2005-11-17,0.0,
2005-11-18,0.0,
2005-11-19,0.0,
2005-11-20,0.0,
2005-11-21,0.0,
2005-11-22,0.0,
2005-11-23,0.0,
2005-11-24,0.0,
2005-11-25,0.0,
2005-11-26,0.0,
2005-11-27,0.0,
2005-11-28,0.0,
2005-11-29,0.0,
2005-11-30,0.0,
2005-12-01,2.286,
2005-12-02,5.639,
2005-12-03,7.163,
2005-12-04,7.468,
2005-12-05,7.468,
2005-12-06,8.077,
2005-12-07,8.382,
2005-12-08,8.382,
2005-12-09,8.382,
2005-12-10,8.382,
2005-12-11,8.382,
2005-12-12,8.687,
2005-12-13,8.992,
2005-12-14,8.992,
2005-12-15,8.077,
2005-12-16,7.772,
2005-12-17,7.468,
2005-12-18,7.163,
2005-12-19,12.04,
2005-12-20,12.04,
2005-12-21,12.04,
2005-12-22,12.04,
2005-12-23,11.735,
2005-12-24,11.43,
2005-12-25,11.43,
2005-12-26,11.125,
2005-12-27,12.344,
2005-12-28,16.002,
2005-12-29,16.307,
2005-12-30,17.221,
2005-12-31,20.269,
2006-01-01,21.59,
2006-01-02,21.59,
2006-01-03,21.59,
2006-01-04,24.841,
2006-01-05,25.146,
2006-01-06,25.451,
2006-01-07,25.756,
2006-01-08,26.365,
2006-01-09,26.365,
2006-01-10,26.365,
2006-01-11,26.67,
2006-01-12,26.67,
2006-01-13,26.975,
2006-01-14,29.413,
2006-01-15,31.242,
2006-01-16,31.242,
2006-01-17,31.852,
2006-01-18,33.985,
2006-01-19,36.728,
2006-01-20,36.728,
2006-01-21,38.557,
2006-01-22,38.557,
2006-01-23,38.557,
2006-01-24,38.557,
2006-01-25,38.557,
2006-01-26,38.557,
2006-01-27,39.472,
2006-01-28,40.081,
2006-01-29,41.91,
2006-01-30,41.91,
2006-01-31,43.434,
2006-02-01,44.348,
2006-02-02,46.482,
2006-02-03,46.482,
2006-02-04,46.482,
2006-02-05,46.482,
2006-02-06,46.482,
2006-02-07,46.482,
2006-02-08,46.482,
2006-02-09,46.482,
2006-02-10,46.482,
2006-02-11,46.482,
2006-02-12,46.482,
2006-02-13,46.482,
2006-02-14,46.482,
2006-02-15,46.482,
2006-02-16,46.482,
2006-02-17,46.482,
2006-02-18,46.482,
2006-02-19,48.006,
2006-02-20,48.006,
2006-02-21,48.006,
2006-02-22,48.006,
2006-02-23,48.006,
2006-02-24,48.006,
2006-02-25,48.006,
2006-02-26,48.006,
2006-02-27,48.006,
2006-02-28,48.006,
2006-03-01,48.92,
2006-03-02,51.359,
2006-03-03,54.102,
2006-03-04,56.236,
2006-03-05,58.064,
2006-03-06,62.027,
2006-03-07,64.465,
2006-03-08,65.684,
2006-03-09,67.208,
2006-03-10,68.123,
2006-03-11,68.732,
2006-03-12,69.037,
2006-03-13,69.647,
2006-03-14,71.78,
2006-03-15,72.39,
2006-03-16,73.609,
2006-03-17,75.743,
2006-03-18,76.048,
2006-03-19,76.352,
2006-03-20,76.352,
2006-03-21,76.962,
2006-03-22,76.962,
2006-03-23,76.962,
2006-03-24,77.876,
2006-03-25,77.876,
2006-03-26,78.181,
2006-03-27,78.181,
2006-03-28,78.486,
2006-03-29,79.096,
2006-03-30,79.4,
2006-03-31,80.01,
2006-04-01,81.534,
2006-04-02,82.144,
2006-04-03,83.363,
2006-04-04,85.496,
2006-04-05,85.496,
2006-04-06,85.496,
2006-04-07,85.496,
2006-04-08,85.496,
2006-04-09,85.496,
2006-04-10,86.106,
2006-04-11,86.106,
2006-04-12,87.63,
2006-04-13,89.459,
2006-04-14,90.068,
2006-04-15,90.068,
2006-04-16,90.068,
2006-04-17,90.068,
2006-04-18,90.068,
2006-04-19,90.068,
2006-04-20,89.154,
2006-04-21,87.935,
2006-04-22,86.106,
2006-04-23,85.192,
2006-04-24,84.277,
2006-04-25,82.144,
2006-04-26,80.62,
2006-04-27,79.096,
2006-04-28,77.267,
2006-04-29,74.219,
2006-04-30,70.866,
2006-05-01,68.58,
2006-05-02,66.294,
2006-05-03,58.674,
2006-05-04,53.492,
2006-05-05,50.749,
2006-05-06,48.616,
2006-05-07,46.177,
2006-05-08,45.263,
2006-05-09,44.044,
2006-05-10,42.824,
2006-05-11,41.3,
2006-05-12,38.557,
2006-05-13,36.119,
2006-05-14,33.071,
2006-05-15,30.328,
2006-05-16,27.28,
2006-05-17,23.622,
2006-05-18,18.745,
2006-05-19,14.478,
2006-05-20,11.735,
2006-05-21,8.992,
2006-05-22,5.639,
2006-05-23,1.676,
2006-05-24,0.0,
2006-05-25,0.0,
2006-05-26,0.0,
2006-05-27,0.0,
2006-05-28,0.0,
2006-05-29,0.0,
2006-05-30,0.0,
2006-05-31,0.0,
2006-06-01,0.0,
2006-06-02,0.0,
2006-06-03,0.0,
2006-06-04,0.0,
2006-06-05,0.0,
2006-06-06,0.0,
2006-06-07,0.0,
2006-06-08,0.0,
2006-06-09,0.0,
2006-06-10,0.0,
2006-06-11,0.0,
2006-06-12,0.0,
2006-06-13,0.0,
2006-06-14,0.0,
2006-06-15,0.0,
2006-06-16,0.0,
2006-06-17,0.0,
2006-06-18,0.0,
2006-06-19,0.0,
2006-06-20,0.0,
2006-06-21,0.0,
2006-06-22,0.0,
2006-06-23,0.0,
2006-06-24,0.0,
2006-06-25,0.0,
2006-06-26,0.0,
2006-06-27,0.0,
2006-06-28,0.0,
2006-06-29,0.0,
2006-06-30,0.0,
2006-07-01,0.0,
2006-07-02,0.0,
2006-07-03,0.0,
2006-07-04,0.0,
2006-07-05,0.0,
2006-07-06,0.0,
2006-07-07,0.0,
2006-07-08,0.0,
2006-07-09,0.0,
2006-07-10,0.0,
2006-07-11,0.0,
2006-07-12,0.0,
2006-07-13,0.0,
2006-07-14,0.0,
2006-07-15,0.0,
2006-07-16,0.0,
2006-07-17,0.0,
2006-07-18,0.0,
2006-07-19,0.0,
2006-07-20,0.0,
2006-07-21,0.0,
2006-07-22,0.0,
2006-07-23,0.0,
2006-07-24,0.0,
2006-07-25,0.0,
2006-07-26,0.0,
2006-07-27,0.0,
2006-07-28,0.0,
2006-07-29,0.0,
2006-07-30,0.0,
2006-07-31,0.0,
2006-08-01,0.0,
2006-08-02,0.0,
2006-08-03,0.0,
2006-08-04,0.0,
2006-08-05,0.0,
2006-08-06,0.0,
2006-08-07,0.0,
2006-08-08,0.0,
2006-08-09,0.0,
2006-08-10,0.0,
2006-08-11,0.0,
2006-08-12,0.0,
2006-08-13,0.0,
2006-08-14,0.0,
2006-08-15,0.0,
2006-08-16,0.0,
2006-08-17,0.0,
2006-08-18,0.0,
2006-08-19,0.0,
2006-08-20,0.0,
2006-08-21,0.0,
2006-08-22,0.0,
2006-08-23,0.0,
2006-08-24,0.0,
2006-08-25,0.0,
2006-08-26,0.0,
2006-08-27,0.0,
2006-08-28,0.0,
2006-08-29,0.0,
2006-08-30,0.0,
2006-08-31,0.0,
2006-09-01,0.0,
2006-09-02,0.0,
2006-09-03,0.0,
2006-09-04,0.0,
2006-09-05,0.0,
2006-09-06,0.0,
2006-09-07,0.0,
2006-09-08,0.0,
2006-09-09,0.0,
2006-09-10,0.0,
2006-09-11,0.0,
2006-09-12,0.0,
2006-09-13,0.0,
2006-09-14,0.0,
2006-09-15,0.0,
2006-09-16,0.0,
2006-09-17,0.0,
2006-09-18,0.0,
2006-09-19,0.0,
2006-09-20,0.0,
2006-09-21,0.0,
2006-09-22,0.0,
2006-09-23,0.0,
2006-09-24,0.0,
2006-09-25,0.0,
2006-09-26,0.0,
2006-09-27,0.0,
2006-09-28,0.0,
2006-09-29,0.0,
2006-09-30,0.0,
2006-10-01,0.0,
2006-10-02,0.0,
2006-10-03,0.0,
2006-10-04,0.0,
2006-10-05,0.0,
2006-10-06,0.0,
2006-10-07,0.0,
2006-10-08,0.0,
2006-10-09,0.0,
2006-10-10,0.0,
2006-10-11,0.0,
2006-10-12,0.0,
2006-10-13,0.0,
2006-10-14,0.0,
2006-10-15,0.0,
2006-10-16,0.0,
2006-10-17,0.0,
2006-10-18,0.0,
2006-10-19,0.0,
2006-10-20,0.0,
2006-10-21,0.0,
2006-10-22,0.0,
2006-10-23,0.0,
2006-10-24,0.0,
2006-10-25,0.0,
2006-10-26,0.0,
2006-10-27,0.0,
2006-10-28,0.0,
2006-10-29,0.0,
2006-10-30,0.0,
2006-10-31,0.0,
2006-11-01,0.0,
2006-11-02,0.0,
2006-11-03,0.0,
2006-11-04,0.0,
2006-11-05,0.0,
2006-11-06,0.0,
2006-11-07,0.0,
2006-11-08,0.0,
2006-11-09,0.0,
2006-11-10,0.0,
2006-11-11,1.524,
2006-11-12,1.524,
2006-11-13,3.353,
2006-11-14,3.658,
2006-11-15,3.353,
2006-11-16,3.353,
2006-11-17,3.048,
2006-11-18,2.743,
2006-11-19,2.743,
2006-11-20,0.0,
2006-11-21,0.0,
2006-11-22,0.0,
2006-11-23,0.0,
2006-11-24,0.0,
2006-11-25,0.0,
2006-11-26,0.0,
2006-11-27,3.048,
2006-11-28,3.658,
2006-11-29,3.962,
2006-11-30,3.962,
2006-12-01,4.267,
2006-12-02,3.962,
2006-12-03,3.962,
2006-12-04,3.962,
2006-12-05,3.962,
2006-12-06,3.962,
2006-12-07,3.962,
2006-12-08,3.962,
2006-12-09,4.877,
2006-12-10,5.182,
2006-12-11,5.791,
2006-12-12,5.791,
2006-12-13,5.791,
2006-12-14,8.23,
2006-12-15,8.23,
2006-12-16,8.23,
2006-12-17,8.23,
2006-12-18,8.23,
2006-12-19,8.23,
2006-12-20,8.23,
2006-12-21,8.23,
2006-12-22,8.23,
2006-12-23,8.23,
2006-12-24,8.23,
2006-12-25,8.23,
2006-12-26,8.534,
2006-12-27,12.192,
2006-12-28,12.497,
2006-12-29,12.497,
2006-12-30,12.497,
2006-12-31,12.497,
2007-01-01,12.497,
2007-01-02,12.497,
2007-01-03,12.497,
2007-01-04,12.497,
2007-01-05,17.983,
2007-01-06,17.983,
2007-01-07,17.983,
2007-01-08,17.983,
2007-01-09,17.983,
2007-01-10,17.983,
2007-01-11,17.983,
2007-01-12,17.983,
2007-01-13,17.983,
2007-01-14,17.983,
2007-01-15,17.983,
2007-01-16,17.983,
2007-01-17,17.678,
2007-01-18,17.374,
2007-01-19,17.374,
2007-01-20,17.374,
2007-01-21,17.069,
2007-01-22,17.069,
2007-01-23,17.069,
2007-01-24,17.069,
2007-01-25,17.069,
2007-01-26,17.069,
2007-01-27,17.069,
2007-01-28,17.069,
2007-01-29,16.764,
2007-01-30,16.764,
2007-01-31,16.764,
2007-02-01,16.764,
2007-02-02,16.459,
2007-02-03,16.459,
2007-02-04,16.459,
2007-02-05,16.459,
2007-02-06,16.459,
2007-02-07,16.459,
2007-02-08,17.678,
2007-02-09,20.117,
2007-02-10,20.726,
2007-02-11,21.641,
2007-02-12,21.641,
2007-02-13,21.641,
2007-02-14,21.641,
2007-02-15,21.641,
2007-02-16,21.641,
2007-02-17,21.641,
2007-02-18,21.641,
2007-02-19,21.641,
2007-02-20,21.641,
2007-02-21,21.641,
2007-02-22,29.261,
2007-02-23,30.48,
2007-02-24,31.09,
2007-02-25,33.833,
2007-02-26,35.966,
2007-02-27,37.49,
2007-02-28,42.367,
2007-03-01,42.367,
2007-03-02,42.367,
2007-03-03,42.367,
2007-03-04,42.367,
2007-03-05,42.367,
2007-03-06,42.367,
2007-03-07,42.367,
2007-03-08,42.977,
2007-03-09,43.586,
2007-03-10,43.586,
2007-03-11,43.586,
2007-03-12,43.282,
2007-03-13,42.672,
2007-03-14,42.062,
2007-03-15,42.062,
2007-03-16,41.453,
2007-03-17,41.148,
2007-03-18,40.538,
2007-03-19,39.929,
2007-03-20,39.319,
2007-03-21,38.71,
2007-03-22,38.1,
2007-03-23,37.795,
2007-03-24,36.576,
2007-03-25,35.662,
2007-03-26,34.138,
2007-03-27,34.747,
2007-03-28,35.966,
2007-03-29,35.966,
2007-03-30,35.966,
2007-03-31,35.357,
2007-04-01,34.138,
2007-04-02,33.223,
2007-04-03,32.614,
2007-04-04,31.699,
2007-04-05,30.48,
2007-04-06,28.651,
2007-04-07,26.518,
2007-04-08,24.079,
2007-04-09,22.25,
2007-04-10,20.726,
2007-04-11,19.507,
2007-04-12,20.117,
2007-04-13,20.117,
2007-04-14,18.898,
2007-04-15,19.202,
2007-04-16,19.202,
2007-04-17,17.678,
2007-04-18,17.069,
2007-04-19,17.069,
2007-04-20,17.069,
2007-04-21,16.764,
2007-04-22,18.288,
2007-04-23,19.202,
2007-04-24,18.898,
2007-04-25,17.374,
2007-04-26,15.85,
2007-04-27,13.411,
2007-04-28,10.973,
2007-04-29,7.62,
2007-04-30,3.962,
2007-05-01,2.438,
2007-05-02,0.0,
2007-05-03,0.0,
2007-05-04,0.0,
2007-05-05,0.0,
2007-05-06,0.0,
2007-05-07,0.0,
2007-05-08,0.0,
2007-05-09,0.0,
2007-05-10,0.0,
2007-05-11,0.0,
2007-05-12,0.0,
2007-05-13,0.0,
2007-05-14,0.0,
2007-05-15,0.0,
2007-05-16,0.0,
2007-05-17,0.0,
2007-05-18,0.0,
2007-05-19,0.0,
2007-05-20,0.0,
2007-05-21,0.0,
2007-05-22,0.0,
2007-05-23,0.0,
2007-05-24,0.0,
2007-05-25,0.0,
2007-05-26,0.0,
2007-05-27,0.0,
2007-05-28,0.0,
2007-05-29,0.0,
2007-05-30,0.0,
2007-05-31,0.0,
2007-06-01,0.0,
2007-06-02,0.0,
2007-06-03,0.0,
2007-06-04,0.0,
2007-06-05,0.0,
2007-06-06,0.0,
2007-06-07,0.0,
2007-06-08,0.0,
2007-06-09,0.0,
2007-06-10,0.0,
2007-06-11,0.0,
2007-06-12,0.0,
2007-06-13,0.0,
2007-06-14,0.0,
2007-06-15,0.0,
2007-06-16,0.0,
2007-06-17,0.0,
2007-06-18,0.0,
2007-06-19,0.0,
2007-06-20,0.0,
2007-06-21,0.0,
2007-06-22,0.0,
2007-06-23,0.0,
2007-06-24,0.0,
2007-06-25,0.0,
2007-06-26,0.0,
2007-06-27,0.0,
2007-06-28,0.0,
2007-06-29,0.0,
2007-06-30,0.0,
2007-07-01,0.0,
2007-07-02,0.0,
2007-07-03,0.0,
2007-07-04,0.0,
2007-07-05,0.0,
2007-07-06,0.0,
2007-07-07,0.0,
2007-07-08,0.0,
2007-07-09,0.0,
2007-07-10,0.0,
2007-07-11,0.0,
2007-07-12,0.0,
2007-07-13,0.0,
2007-07-14,0.0,
2007-07-15,0.0,
2007-07-16,0.0,
2007-07-17,0.0,
2007-07-18,0.0,
2007-07-19,0.0,
2007-07-20,0.0,
2007-07-21,0.0,
2007-07-22,0.0,
2007-07-23,0.0,
2007-07-24,0.0,
2007-07-25,0.0,
2007-07-26,0.0,
2007-07-27,0.0,
2007-07-28,0.0,
2007-07-29,0.0,
2007-07-30,0.0,
2007-07-31,0.0,
2007-08-01,0.0,
2007-08-02,0.0,
2007-08-03,0.0,
2007-08-04,0.0,
2007-08-05,0.0,
2007-08-06,0.0,
2007-08-07,0.0,
2007-08-08,0.0,
2007-08-09,0.0,
2007-08-10,0.0,
2007-08-11,0.0,
2007-08-12,0.0,
2007-08-13,0.0,
2007-08-14,0.0,
2007-08-15,0.0,
2007-08-16,0.0,
2007-08-17,0.0,
2007-08-18,0.0,
2007-08-19,0.0,
2007-08-20,0.0,
2007-08-21,0.0,
2007-08-22,0.0,
2007-08-23,0.0,
2007-08-24,0.0,
2007-08-25,0.0,
2007-08-26,0.0,
2007-08-27,0.0,
2007-08-28,0.0,
2007-08-29,0.0,
2007-08-30,0.0,
2007-08-31,0.0,
2007-09-01,0.0,
2007-09-02,0.0,
2007-09-03,0.0,
2007-09-04,0.0,
2007-09-05,0.0,
2007-09-06,0.0,
2007-09-07,0.0,
2007-09-08,0.0,
2007-09-09,0.0,
2007-09-10,0.0,
2007-09-11,0.0,
2007-09-12,0.0,
2007-09-13,0.0,
2007-09-14,0.0,
2007-09-15,0.0,
2007-09-16,0.0,
2007-09-17,0.0,
2007-09-18,0.0,
2007-09-19,0.0,
2007-09-20,0.0,
2007-09-21,0.0,
2007-09-22,0.0,
2007-09-23,0.0,
2007-09-24,0.0,
2007-09-25,0.0,
2007-09-26,0.0,
2007-09-27,0.0,
2007-09-28,0.0,
2007-09-29,0.0,
2007-09-30,0.0,
2007-10-01,0.0,
2007-10-02,0.0,
2007-10-03,0.0,
2007-10-04,0.0,
2007-10-05,0.0,
2007-10-06,0.0,
2007-10-07,0.0,
2007-10-08,0.0,
2007-10-09,0.0,
2007-10-10,0.0,
2007-10-11,0.0,
2007-10-12,0.0,
2007-10-13,0.0,
2007-10-14,0.0,
2007-10-15,0.0,
2007-10-16,0.0,
2007-10-17,0.0,
2007-10-18,0.0,
2007-10-19,0.0,
2007-10-20,0.0,
2007-10-21,0.0,
2007-10-22,0.0,
2007-10-23,0.0,
2007-10-24,0.0,
2007-10-25,0.0,
2007-10-26,0.0,
2007-10-27,0.0,
2007-10-28,0.0,
2007-10-29,0.0,
2007-10-30,0.0,
2007-10-31,0.0,
2007-11-01,0.0,
2007-11-02,0.0,
2007-11-03,0.0,
2007-11-04,0.0,
2007-11-05,0.0,
2007-11-06,0.0,
2007-11-07,0.0,
2007-11-08,0.0,
2007-11-09,0.0,
2007-11-10,0.0,
2007-11-11,0.0,
2007-11-12,0.0,
2007-11-13,0.0,
2007-11-14,0.0,
2007-11-15,0.0,
2007-11-16,0.0,
2007-11-17,0.0,
2007-11-18,0.0,
2007-11-19,0.0,
2007-11-20,0.0,
2007-11-21,0.0,
2007-11-22,0.0,
2007-11-23,0.0,
2007-11-24,0.0,
2007-11-25,0.0,
2007-11-26,0.0,
2007-11-27,0.0,
2007-11-28,0.0,
2007-11-29,0.0,
2007-11-30,0.0,
2007-12-01,0.0,
2007-12-02,0.0,
2007-12-03,2.057,
2007-12-04,2.057,
2007-12-05,2.057,
2007-12-06,2.057,
2007-12-07,2.057,
2007-12-08,2.362,
2007-12-09,2.362,
2007-12-10,2.362,
2007-12-11,2.362,
2007-12-12,2.362,
2007-12-13,2.362,
2007-12-14,2.362,
2007-12-15,2.362,
2007-12-16,2.362,
2007-12-17,2.362,
2007-12-18,2.362,
2007-12-19,2.362,
2007-12-20,3.581,
2007-12-21,3.886,
2007-12-22,3.886,
2007-12-23,5.41,
2007-12-24,7.239,
2007-12-25,7.239,
2007-12-26,7.849,
2007-12-27,7.849,
2007-12-28,8.458,
2007-12-29,9.373,
2007-12-30,9.982,
2007-12-31,10.287,
2008-01-01,10.287,
2008-01-02,10.897,
2008-01-03,11.506,
2008-01-04,16.383,
2008-01-05,24.003,
2008-01-06,27.356,
2008-01-07,28.88,
2008-01-08,30.404,
2008-01-09,33.147,
2008-01-10,34.976,
2008-01-11,35.585,
2008-01-12,35.585,
2008-01-13,35.585,
2008-01-14,35.585,
2008-01-15,35.585,
2008-01-16,35.585,
2008-01-17,35.585,
2008-01-18,35.89,
2008-01-19,36.195,
2008-01-20,36.5,
2008-01-21,37.414,
2008-01-22,37.719,
2008-01-23,37.719,
2008-01-24,38.024,
2008-01-25,38.329,
2008-01-26,40.157,
2008-01-27,41.681,
2008-01-28,44.12,
2008-01-29,44.729,
2008-01-30,47.777,
2008-01-31,48.997,
2008-02-01,52.959,
2008-02-02,53.264,
2008-02-03,57.836,
2008-02-04,59.665,
2008-02-05,61.493,
2008-02-06,61.493,
2008-02-07,61.493,
2008-02-08,61.493,
2008-02-09,61.493,
2008-02-10,61.493,
2008-02-11,61.493,
2008-02-12,61.493,
2008-02-13,61.493,
2008-02-14,61.493,
2008-02-15,61.493,
2008-02-16,61.493,
2008-02-17,61.493,
2008-02-18,61.493,
2008-02-19,61.493,
2008-02-20,62.103,
2008-02-21,62.103,
2008-02-22,63.932,
2008-02-23,64.541,
2008-02-24,66.37,
2008-02-25,68.504,
2008-02-26,69.113,
2008-02-27,69.418,
2008-02-28,69.723,
2008-02-29,69.723,
2008-03-01,70.028,
2008-03-02,70.637,
2008-03-03,70.942,
2008-03-04,71.247,
2008-03-05,71.552,
2008-03-06,71.857,
2008-03-07,72.161,
2008-03-08,72.161,
2008-03-09,72.466,
2008-03-10,72.771,
2008-03-11,72.771,
2008-03-12,72.771,
2008-03-13,72.771,
2008-03-14,72.771,
2008-03-15,73.076,
2008-03-16,74.905,
2008-03-17,75.514,
2008-03-18,76.124,
2008-03-19,75.616,
2008-03-20,74.905,
2008-03-21,74.905,
2008-03-22,74.905,
2008-03-23,74.905,
2008-03-24,74.6,
2008-03-25,73.381,
2008-03-26,73.076,
2008-03-27,73.076,
2008-03-28,73.381,
2008-03-29,73.381,
2008-03-30,73.99,
2008-03-31,73.99,
2008-04-01,73.685,
2008-04-02,73.99,
2008-04-03,73.685,
2008-04-04,72.771,
2008-04-05,71.857,
2008-04-06,70.637,
2008-04-07,70.333,
2008-04-08,69.418,
2008-04-09,69.113,
2008-04-10,68.809,
2008-04-11,67.589,
2008-04-12,66.37,
2008-04-13,64.541,
2008-04-14,62.713,
2008-04-15,62.103,
2008-04-16,61.189,
2008-04-17,60.579,
2008-04-18,59.055,
2008-04-19,57.531,
2008-04-20,57.226,
2008-04-21,56.921,
2008-04-22,56.921,
2008-04-23,58.75,
2008-04-24,59.055,
2008-04-25,59.665,
2008-04-26,58.445,
2008-04-27,55.702,
2008-04-28,53.873,
2008-04-29,51.435,
2008-04-30,51.435,
2008-05-01,51.435,
2008-05-02,49.911,
2008-05-03,48.997,
2008-05-04,46.253,
2008-05-05,44.425,
2008-05-06,41.986,
2008-05-07,39.243,
2008-05-08,36.805,
2008-05-09,34.366,
2008-05-10,32.233,
2008-05-11,29.794,
2008-05-12,27.661,
2008-05-13,25.527,
2008-05-14,21.869,
2008-05-15,18.517,
2008-05-16,13.64,
2008-05-17,8.458,
2008-05-18,4.191,
2008-05-19,1.753,
2008-05-20,1.143,
2008-05-21,0.533,
2008-05-22,0.533,
2008-05-23,0.229,
2008-05-24,0.0,
2008-05-25,0.0,
2008-05-26,0.0,
2008-05-27,0.0,
2008-05-28,0.0,
2008-05-29,0.0,
2008-05-30,0.0,
2008-05-31,0.0,
2008-06-01,0.0,
2008-06-02,0.0,
2008-06-03,0.0,
2008-06-04,0.0,
2008-06-05,0.0,
2008-06-06,0.0,
2008-06-07,0.0,
2008-06-08,0.0,
2008-06-09,0.0,
2008-06-10,0.0,
2008-06-11,0.0,
2008-06-12,0.0,
2008-06-13,0.0,
2008-06-14,0.0,
2008-06-15,0.0,
2008-06-16,0.0,
2008-06-17,0.0,
2008-06-18,0.0,
2008-06-19,0.0,
2008-06-20,0.0,
2008-06-21,0.0,
2008-06-22,0.0,
2008-06-23,0.0,
2008-06-24,0.0,
2008-06-25,0.0,
2008-06-26,0.0,
2008-06-27,0.0,
2008-06-28,0.0,
2008-06-29,0.0,
2008-06-30,0.0,
2008-07-01,0.0,
2008-07-02,0.0,
2008-07-03,0.0,
2008-07-04,0.0,
2008-07-05,0.0,
2008-07-06,0.0,
2008-07-07,0.0,
2008-07-08,0.0,
2008-07-09,0.0,
2008-07-10,0.0,
2008-07-11,0.0,
2008-07-12,0.0,
2008-07-13,0.0,
2008-07-14,0.0,
2008-07-15,0.0,
2008-07-16,0.0,
2008-07-17,0.0,
2008-07-18,0.0,
2008-07-19,0.0,
2008-07-20,0.0,
2008-07-21,0.0,
2008-07-22,0.0,
2008-07-23,0.0,
2008-07-24,0.0,
2008-07-25,0.0,
2008-07-26,0.0,
2008-07-27,0.0,
2008-07-28,0.0,
2008-07-29,0.0,
2008-07-30,0.0,
2008-07-31,0.0,
2008-08-01,0.0,
2008-08-02,0.0,
2008-08-03,0.0,
2008-08-04,0.0,
2008-08-05,0.0,
2008-08-06,0.0,
2008-08-07,0.0,
2008-08-08,0.0,
2008-08-09,0.0,
2008-08-10,0.0,
2008-08-11,0.0,
2008-08-12,0.0,
2008-08-13,0.0,
2008-08-14,0.0,
2008-08-15,0.0,
2008-08-16,0.0,
2008-08-17,0.0,
2008-08-18,0.0,
2008-08-19,0.0,
2008-08-20,0.0,
2008-08-21,0.0,
2008-08-22,0.0,
2008-08-23,0.0,
2008-08-24,0.0,
2008-08-25,0.0,
2008-08-26,0.0,
2008-08-27,0.0,
2008-08-28,0.0,
2008-08-29,0.0,
2008-08-30,0.0,
2008-08-31,0.0,
2008-09-01,0.0,
2008-09-02,0.0,
2008-09-03,0.0,
2008-09-04,0.0,
2008-09-05,0.0,
2008-09-06,0.0,
2008-09-07,0.0,
2008-09-08,0.0,
2008-09-09,0.0,
2008-09-10,0.0,
2008-09-11,0.0,
2008-09-12,0.0,
2008-09-13,0.0,
2008-09-14,0.0,
2008-09-15,0.0,
2008-09-16,0.0,
2008-09-17,0.0,
2008-09-18,0.0,
2008-09-19,0.0,
2008-09-20,0.0,
2008-09-21,0.0,
2008-09-22,0.0,
2008-09-23,0.0,
2008-09-24,0.0,
2008-09-25,0.0,
2008-09-26,0.0,
2008-09-27,0.0,
2008-09-28,0.0,
2008-09-29,0.0,
2008-09-30,0.0,
2008-10-01,0.0,
2008-10-02,0.0,
2008-10-03,0.0,
2008-10-04,0.0,
2008-10-05,0.0,
2008-10-06,0.0,
2008-10-07,0.0,
2008-10-08,0.0,
2008-10-09,0.0,
2008-10-10,0.0,
2008-10-11,0.0,
2008-10-12,0.0,
2008-10-13,0.0,
2008-10-14,0.0,
2008-10-15,0.0,
2008-10-16,0.0,
2008-10-17,0.0,
2008-10-18,0.0,
2008-10-19,0.0,
2008-10-20,0.0,
2008-10-21,0.0,
2008-10-22,0.0,
2008-10-23,0.0,
2008-10-24,0.0,
2008-10-25,0.0,
2008-10-26,0.0,
2008-10-27,0.0,
2008-10-28,0.0,
2008-10-29,0.0,
2008-10-30,0.0,
2008-10-31,0.0,
2008-11-01,0.0,
2008-11-02,0.0,
2008-11-03,0.0,
2008-11-04,1.499,
2008-11-05,1.803,
2008-11-06,2.413,
2008-11-07,2.413,
2008-11-08,2.413,
2008-11-09,2.413,
2008-11-10,2.413,
2008-11-11,2.108,
2008-11-12,0.584,
2008-11-13,0.0,
2008-11-14,0.0,
2008-11-15,0.0,
2008-11-16,0.0,
2008-11-17,0.0,
2008-11-18,0.0,
2008-11-19,0.0,
2008-11-20,0.0,
2008-11-21,0.0,
2008-11-22,0.0,
2008-11-23,0.0,
2008-11-24,0.0,
2008-11-25,0.0,
2008-11-26,0.0,
2008-11-27,0.0,
2008-11-28,0.0,
2008-11-29,0.0,
2008-11-30,0.0,
2008-12-01,0.0,
2008-12-02,0.0,
2008-12-03,0.0,
2008-12-04,0.0,
2008-12-05,0.0,
2008-12-06,0.0,
2008-12-07,0.0,
2008-12-08,0.0,
2008-12-09,0.0,
2008-12-10,0.0,
2008-12-11,0.0,
2008-12-12,0.0,
2008-12-13,0.0,
2008-12-14,1.27,
2008-12-15,2.413,
2008-12-16,2.413,
2008-12-17,2.413,
2008-12-18,2.413,
2008-12-19,3.327,
2008-12-20,3.327,
2008-12-21,3.632,
2008-12-22,4.547,
2008-12-23,5.156,
2008-12-24,5.156,
2008-12-25,7.29,
2008-12-26,8.509,
2008-12-27,8.509,
2008-12-28,9.119,
2008-12-29,10.338,
2008-12-30,10.643,
2008-12-31,10.643,
2009-01-01,10.947,
2009-01-02,11.557,
2009-01-03,11.862,
2009-01-04,11.862,
2009-01-05,12.167,
2009-01-06,13.691,
2009-01-07,13.995,
2009-01-08,13.995,
2009-01-09,14.605,
2009-01-10,14.605,
2009-01-11,14.605,
2009-01-12,14.91,
2009-01-13,15.215,
2009-01-14,15.215,
2009-01-15,15.519,
2009-01-16,15.215,
2009-01-17,14.605,
2009-01-18,13.691,
2009-01-19,13.386,
2009-01-20,12.776,
2009-01-21,11.862,
2009-01-22,13.081,
2009-01-23,14.3,
2009-01-24,14.605,
2009-01-25,14.91,
2009-01-26,15.824,
2009-01-27,15.824,
2009-01-28,15.824,
2009-01-29,15.824,
2009-01-30,15.519,
2009-01-31,15.215,
2009-02-01,14.605,
2009-02-02,13.691,
2009-02-03,13.995,
2009-02-04,15.215,
2009-02-05,14.605,
2009-02-06,14.91,
2009-02-07,15.215,
2009-02-08,15.215,
2009-02-09,15.215,
2009-02-10,15.215,
2009-02-11,15.519,
2009-02-12,16.739,
2009-02-13,18.263,
2009-02-14,20.701,
2009-02-15,23.444,
2009-02-16,26.187,
2009-02-17,27.407,
2009-02-18,28.016,
2009-02-19,28.626,
2009-02-20,28.931,
2009-02-21,29.235,
2009-02-22,29.845,
2009-02-23,34.417,
2009-02-24,34.417,
2009-02-25,34.417,
2009-02-26,35.027,
2009-02-27,35.331,
2009-02-28,35.331,
2009-03-01,35.636,
2009-03-02,35.941,
2009-03-03,36.246,
2009-03-04,37.16,
2009-03-05,37.77,
2009-03-06,37.77,
2009-03-07,38.379,
2009-03-08,38.379,
2009-03-09,38.379,
2009-03-10,38.379,
2009-03-11,38.684,
2009-03-12,38.684,
2009-03-13,38.684,
2009-03-14,38.684,
2009-03-15,38.989,
2009-03-16,39.243,
2009-03-17,39.599,
2009-03-18,39.599,
2009-03-19,39.599,
2009-03-20,39.599,
2009-03-21,39.294,
2009-03-22,39.599,
2009-03-23,40.208,
2009-03-24,40.513,
2009-03-25,40.818,
2009-03-26,40.818,
2009-03-27,40.513,
2009-03-28,39.903,
2009-03-29,39.294,
2009-03-30,38.989,
2009-03-31,38.379,
2009-04-01,37.77,
2009-04-02,37.16,
2009-04-03,36.551,
2009-04-04,36.551,
2009-04-05,35.941,
2009-04-06,35.027,
2009-04-07,33.807,
2009-04-08,33.503,
2009-04-09,32.588,
2009-04-10,32.588,
2009-04-11,32.283,
2009-04-12,31.369,
2009-04-13,29.845,
2009-04-14,28.321,
2009-04-15,28.016,
2009-04-16,28.016,
2009-04-17,27.407,
2009-04-18,26.187,
2009-04-19,24.359,
2009-04-20,22.225,
2009-04-21,19.482,
2009-04-22,16.434,
2009-04-23,13.386,
2009-04-24,11.252,
2009-04-25,10.338,
2009-04-26,7.595,
2009-04-27,5.766,
2009-04-28,3.327,
2009-04-29,1.803,
2009-04-30,1.499,
2009-05-01,0.889,
2009-05-02,0.584,
2009-05-03,0.279,
2009-05-04,0.0,
2009-05-05,0.0,
2009-05-06,0.0,
2009-05-07,0.0,
2009-05-08,0.0,
2009-05-09,0.0,
2009-05-10,0.0,
2009-05-11,0.0,
2009-05-12,0.0,
2009-05-13,0.0,
2009-05-14,0.0,
2009-05-15,0.0,
2009-05-16,0.0,
2009-05-17,0.0,
2009-05-18,0.0,
2009-05-19,0.0,
2009-05-20,0.0,
2009-05-21,0.0,
2009-05-22,0.0,
2009-05-23,0.0,
2009-05-24,0.0,
2009-05-25,0.0,
2009-05-26,0.0,
2009-05-27,0.0,
2009-05-28,0.0,
2009-05-29,0.0,
2009-05-30,0.0,
2009-05-31,0.0,
2009-06-01,0.0,
2009-06-02,0.0,
2009-06-03,0.0,
2009-06-04,0.0,
2009-06-05,0.0,
2009-06-06,0.0,
2009-06-07,0.0,
2009-06-08,0.0,
2009-06-09,0.0,
2009-06-10,0.0,
2009-06-11,0.0,
2009-06-12,0.0,
2009-06-13,0.0,
2009-06-14,0.0,
2009-06-15,0.0,
2009-06-16,0.0,
2009-06-17,0.0,
2009-06-18,0.0,
2009-06-19,0.0,
2009-06-20,0.0,
2009-06-21,0.0,
2009-06-22,0.0,
2009-06-23,0.0,
2009-06-24,0.0,
2009-06-25,0.0,
2009-06-26,0.0,
2009-06-27,0.0,
2009-06-28,0.0,
2009-06-29,0.0,
2009-06-30,0.0,
2009-07-01,0.0,
2009-07-02,0.0,
2009-07-03,0.0,
2009-07-04,0.0,
2009-07-05,0.0,
2009-07-06,0.0,
2009-07-07,0.0,
2009-07-08,0.0,
2009-07-09,0.0,
2009-07-10,0.0,
2009-07-11,0.0,
2009-07-12,0.0,
2009-07-13,0.0,
2009-07-14,0.0,
2009-07-15,0.0,
2009-07-16,0.0,
2009-07-17,0.0,
2009-07-18,0.0,
2009-07-19,0.0,
2009-07-20,0.0,
2009-07-21,0.0,
2009-07-22,0.0,
2009-07-23,0.0,
2009-07-24,0.0,
2009-07-25,0.0,
2009-07-26,0.0,
2009-07-27,0.0,
2009-07-28,0.0,
2009-07-29,0.0,
2009-07-30,0.0,
2009-07-31,0.0,
2009-08-01,0.0,
2009-08-02,0.0,
2009-08-03,0.0,
2009-08-04,0.0,
2009-08-05,0.0,
2009-08-06,0.0,
2009-08-07,0.0,
2009-08-08,0.0,
2009-08-09,0.0,
2009-08-10,0.0,
2009-08-11,0.0,
2009-08-12,0.0,
2009-08-13,0.0,
2009-08-14,0.0,
2009-08-15,0.0,
2009-08-16,0.0,
2009-08-17,0.0,
2009-08-18,0.0,
2009-08-19,0.0,
2009-08-20,0.0,
2009-08-21,0.0,
2009-08-22,0.0,
2009-08-23,0.0,
2009-08-24,0.0,
2009-08-25,0.0,
2009-08-26,0.0,
2009-08-27,0.0,
2009-08-28,0.0,
2009-08-29,0.0,
2009-08-30,0.0,
2009-08-31,0.0,
2009-09-01,0.0,
2009-09-02,0.0,
2009-09-03,0.0,
2009-09-04,0.0,
2009-09-05,0.0,
2009-09-06,0.0,
2009-09-07,0.0,
2009-09-08,0.0,
2009-09-09,0.0,
2009-09-10,0.0,
2009-09-11,0.0,
2009-09-12,0.0,
2009-09-13,0.0,
2009-09-14,0.0,
2009-09-15,0.0,
2009-09-16,0.0,
2009-09-17,0.0,
2009-09-18,0.0,
2009-09-19,0.0,
2009-09-20,0.0,
2009-09-21,0.0,
2009-09-22,0.0,
2009-09-23,0.0,
2009-09-24,0.0,
2009-09-25,0.0,
2009-09-26,0.0,
2009-09-27,0.0,
2009-09-28,0.0,
2009-09-29,0.0,
2009-09-30,0.0,
2009-10-01,0.0,
2009-10-02,0.0,
2009-10-03,0.0,
2009-10-04,0.0,
2009-10-05,0.0,
2009-10-06,0.0,
2009-10-07,0.0,
2009-10-08,0.0,
2009-10-09,0.0,
2009-10-10,0.0,
2009-10-11,0.0,
2009-10-12,0.0,
2009-10-13,0.0,
2009-10-14,0.0,
2009-10-15,0.0,
2009-10-16,0.0,
2009-10-17,0.0,
2009-10-18,0.0,
2009-10-19,0.0,
2009-10-20,0.0,
2009-10-21,0.0,
2009-10-22,0.0,
2009-10-23,0.0,
2009-10-24,0.0,
2009-10-25,0.0,
2009-10-26,0.0,
2009-10-27,0.0,
2009-10-28,0.0,
2009-10-29,0.0,
2009-10-30,0.0,
2009-10-31,0.0,
2009-11-01,0.0,
2009-11-02,0.0,
2009-11-03,0.0,
2009-11-04,0.0,
2009-11-05,0.0,
2009-11-06,0.0,
2009-11-07,0.0,
2009-11-08,0.0,
2009-11-09,0.0,
2009-11-10,0.508,
2009-11-11,0.508,
2009-11-12,0.813,
2009-11-13,0.813,
2009-11-14,0.813,
2009-11-15,1.118,
2009-11-16,1.422,
2009-11-17,1.422,
2009-11-18,2.337,
2009-11-19,2.337,
2009-11-20,2.337,
2009-11-21,4.166,
2009-11-22,5.08,
2009-11-23,5.08,
2009-11-24,5.08,
2009-11-25,5.08,
2009-11-26,5.08,
2009-11-27,5.08,
2009-11-28,5.08,
2009-11-29,5.08,
2009-11-30,5.08,
2009-12-01,5.08,
2009-12-02,5.08,
2009-12-03,5.08,
2009-12-04,5.385,
2009-12-05,5.385,
2009-12-06,5.69,
2009-12-07,5.385,
2009-12-08,5.385,
2009-12-09,5.385,
2009-12-10,5.08,
2009-12-11,5.08,
2009-12-12,5.994,
2009-12-13,6.604,
2009-12-14,6.909,
2009-12-15,7.518,
2009-12-16,11.786,
2009-12-17,12.395,
2009-12-18,12.7,
2009-12-19,13.005,
2009-12-20,13.005,
2009-12-21,13.31,
2009-12-22,14.224,
2009-12-23,14.529,
2009-12-24,14.224,
2009-12-25,14.224,
2009-12-26,14.224,
2009-12-27,14.529,
2009-12-28,14.529,
2009-12-29,14.529,
2009-12-30,15.748,
2009-12-31,16.053,
2010-01-01,17.272,
2010-01-02,17.882,
2010-01-03,17.882,
2010-01-04,17.882,
2010-01-05,17.882,
2010-01-06,17.577,
2010-01-07,16.662,
2010-01-08,16.662,
2010-01-09,16.967,
2010-01-10,17.272,
2010-01-11,17.272,
2010-01-12,17.272,
2010-01-13,20.015,
2010-01-14,19.71,
2010-01-15,19.71,
2010-01-16,19.406,
2010-01-17,20.32,
2010-01-18,21.844,
2010-01-19,25.502,
2010-01-20,28.55,
2010-01-21,33.426,
2010-01-22,34.95,
2010-01-23,35.56,
2010-01-24,35.56,
2010-01-25,38.303,
2010-01-26,40.132,
2010-01-27,40.437,
2010-01-28,40.437,
2010-01-29,40.437,
2010-01-30,40.742,
2010-01-31,40.742,
2010-02-01,40.742,
2010-02-02,41.351,
2010-02-03,41.961,
2010-02-04,42.266,
2010-02-05,45.72,
2010-02-06,46.838,
2010-02-07,47.447,
2010-02-08,47.752,
2010-02-09,48.057,
2010-02-10,48.057,
2010-02-11,48.666,
2010-02-12,49.276,
2010-02-13,49.581,
2010-02-14,49.276,
2010-02-15,49.276,
2010-02-16,49.276,
2010-02-17,49.581,
2010-02-18,49.581,
2010-02-19,49.581,
2010-02-20,49.276,
2010-02-21,48.971,
2010-02-22,48.971,
2010-02-23,48.666,
2010-02-24,52.019,
2010-02-25,52.629,
2010-02-26,53.543,
2010-02-27,55.677,
2010-02-28,56.591,
2010-03-01,57.201,
2010-03-02,57.506,
2010-03-03,58.725,
2010-03-04,59.639,
2010-03-05,59.944,
2010-03-06,60.249,
2010-03-07,60.858,
2010-03-08,61.163,
2010-03-09,62.078,
2010-03-10,62.992,
2010-03-11,63.297,
2010-03-12,63.297,
2010-03-13,66.65,
2010-03-14,66.954,
2010-03-15,67.259,
2010-03-16,67.259,
2010-03-17,66.345,
2010-03-18,66.04,
2010-03-19,66.345,
2010-03-20,66.345,
2010-03-21,66.345,
2010-03-22,66.345,
2010-03-23,66.04,
2010-03-24,65.735,
2010-03-25,65.43,
2010-03-26,65.43,
2010-03-27,65.43,
2010-03-28,65.735,
2010-03-29,65.735,
2010-03-30,65.024,
2010-03-31,64.516,
2010-04-01,64.821,
2010-04-02,65.43,
2010-04-03,69.393,
2010-04-04,70.002,
2010-04-05,71.526,
2010-04-06,72.136,
2010-04-07,73.05,
2010-04-08,73.355,
2010-04-09,73.355,
2010-04-10,72.746,
2010-04-11,71.831,
2010-04-12,73.05,
2010-04-13,75.489,
2010-04-14,76.098,
2010-04-15,77.013,
2010-04-16,77.318,
2010-04-17,76.403,
2010-04-18,74.879,
2010-04-19,74.27,
2010-04-20,72.441,
2010-04-21,73.66,
2010-04-22,74.879,
2010-04-23,75.184,
2010-04-24,74.27,
2010-04-25,73.355,
2010-04-26,72.441,
2010-04-27,71.526,
2010-04-28,71.526,
2010-04-29,70.917,
2010-04-30,71.831,
2010-05-01,72.746,
2010-05-02,71.526,
2010-05-03,70.307,
2010-05-04,69.088,
2010-05-05,67.259,
2010-05-06,66.345,
2010-05-07,64.516,
2010-05-08,62.687,
2010-05-09,60.858,
2010-05-10,59.944,
2010-05-11,59.944,
2010-05-12,59.944,
2010-05-13,58.725,
2010-05-14,56.896,
2010-05-15,54.458,
2010-05-16,51.714,
2010-05-17,49.276,
2010-05-18,46.838,
2010-05-19,41.351,
2010-05-20,38.608,
2010-05-21,36.474,
2010-05-22,35.865,
2010-05-23,36.474,
2010-05-24,36.17,
2010-05-25,35.56,
2010-05-26,34.95,
2010-05-27,34.036,
2010-05-28,33.122,
2010-05-29,31.902,
2010-05-30,30.074,
2010-05-31,27.33,
2010-06-01,24.892,
2010-06-02,21.234,
2010-06-03,18.186,
2010-06-04,16.358,
2010-06-05,12.395,
2010-06-06,9.957,
2010-06-07,5.69,
2010-06-08,2.337,
2010-06-09,0.813,
2010-06-10,0.203,
2010-06-11,0.203,
2010-06-12,0.0,
2010-06-13,0.0,
2010-06-14,0.0,
2010-06-15,0.0,
2010-06-16,0.0,
2010-06-17,0.0,
2010-06-18,0.0,
2010-06-19,0.0,
2010-06-20,0.0,
2010-06-21,0.0,
2010-06-22,0.0,
2010-06-23,0.0,
2010-06-24,0.0,
2010-06-25,0.0,
2010-06-26,0.0,
2010-06-27,0.0,
2010-06-28,0.0,
2010-06-29,0.0,
2010-06-30,0.0,
2010-07-01,0.0,
2010-07-02,0.0,
2010-07-03,0.0,
2010-07-04,0.0,
2010-07-05,0.0,
2010-07-06,0.0,
2010-07-07,0.0,
2010-07-08,0.0,
2010-07-09,0.0,
2010-07-10,0.0,
2010-07-11,0.0,
2010-07-12,0.0,
2010-07-13,0.0,
2010-07-14,0.0,
2010-07-15,0.0,
2010-07-16,0.0,
2010-07-17,0.0,
2010-07-18,0.0,
2010-07-19,0.0,
2010-07-20,0.0,
2010-07-21,0.0,
2010-07-22,0.0,
2010-07-23,0.0,
2010-07-24,0.0,
2010-07-25,0.0,
2010-07-26,0.0,
2010-07-27,0.0,
2010-07-28,0.0,
2010-07-29,0.0,
2010-07-30,0.0,
2010-07-31,0.0,
2010-08-01,0.0,
2010-08-02,0.0,
2010-08-03,0.0,
2010-08-04,0.0,
2010-08-05,0.0,
2010-08-06,0.0,
2010-08-07,0.0,
2010-08-08,0.0,
2010-08-09,0.0,
2010-08-10,0.0,
2010-08-11,0.0,
2010-08-12,0.0,
2010-08-13,0.0,
2010-08-14,0.0,
2010-08-15,0.0,
2010-08-16,0.0,
2010-08-17,0.0,
2010-08-18,0.0,
2010-08-19,0.0,
2010-08-20,0.0,
2010-08-21,0.0,
2010-08-22,0.0,
2010-08-23,0.0,
2010-08-24,0.0,
2010-08-25,0.0,
2010-08-26,0.0,
2010-08-27,0.0,
2010-08-28,0.0,
2010-08-29,0.0,
2010-08-30,0.0,
2010-08-31,0.0,
2010-09-01,0.0,
2010-09-02,0.0,
2010-09-03,0.0,
2010-09-04,0.0,
2010-09-05,0.0,
2010-09-06,0.0,
2010-09-07,0.0,
2010-09-08,0.0,
2010-09-09,0.0,
2010-09-10,0.0,
2010-09-11,0.0,
2010-09-12,0.0,
2010-09-13,0.0,
2010-09-14,0.0,
2010-09-15,0.0,
2010-09-16,0.0,
2010-09-17,0.0,
2010-09-18,0.0,
2010-09-19,0.0,
2010-09-20,0.0,
2010-09-21,0.0,
2010-09-22,0.0,
2010-09-23,0.0,
2010-09-24,0.0,
2010-09-25,0.0,
2010-09-26,0.0,
2010-09-27,0.0,
2010-09-28,0.0,
2010-09-29,0.0,
2010-09-30,0.0,
2010-10-01,0.0,
2010-10-02,0.0,
2010-10-03,0.0,
2010-10-04,0.0,
2010-10-05,0.0,
2010-10-06,0.0,
2010-10-07,0.0,
2010-10-08,0.0,
2010-10-09,0.0,
2010-10-10,0.0,
2010-10-11,0.0,
2010-10-12,0.0,
2010-10-13,0.0,
2010-10-14,0.0,
2010-10-15,0.0,
2010-10-16,0.0,
2010-10-17,0.0,
2010-10-18,0.0,
2010-10-19,0.0,
2010-10-20,0.0,
2010-10-21,0.0,
2010-10-22,0.0,
2010-10-23,0.0,
2010-10-24,0.0,
2010-10-25,0.254,
2010-10-26,0.254,
2010-10-27,0.254,
2010-10-28,0.864,
2010-10-29,3.886,
2010-10-30,5.436,
2010-10-31,5.436,
2010-11-01,4.826,
2010-11-02,4.216,
2010-11-03,3.912,
2010-11-04,3.302,
2010-11-05,2.997,
2010-11-06,2.083,
2010-11-07,1.168,
2010-11-08,0.559,
2010-11-09,0.864,
2010-11-10,2.083,
2010-11-11,2.083,
2010-11-12,2.083,
2010-11-13,2.083,
2010-11-14,2.083,
2010-11-15,1.473,
2010-11-16,1.168,
2010-11-17,1.778,
2010-11-18,1.168,
2010-11-19,1.168,
2010-11-20,1.778,
2010-11-21,2.997,
2010-11-22,4.521,
2010-11-23,6.35,
2010-11-24,6.35,
2010-11-25,6.35,
2010-11-26,6.35,
2010-11-27,7.569,
2010-11-28,8.484,
2010-11-29,8.484,
2010-11-30,8.484,
2010-12-01,9.093,
2010-12-02,9.398,
2010-12-03,10.668,
2010-12-04,11.532,
2010-12-05,11.532,
2010-12-06,12.446,
2010-12-07,12.446,
2010-12-08,12.446,
2010-12-09,12.751,
2010-12-10,12.751,
2010-12-11,12.141,
2010-12-12,11.532,
2010-12-13,11.532,
2010-12-14,11.532,
2010-12-15,10.922,
2010-12-16,10.922,
2010-12-17,10.922,
2010-12-18,14.275,
2010-12-19,13.36,
2010-12-20,16.408,
2010-12-21,17.932,
2010-12-22,20.676,
2010-12-23,20.676,
2010-12-24,20.98,
2010-12-25,21.285,
2010-12-26,23.622,
2010-12-27,24.638,
2010-12-28,24.943,
2010-12-29,29.515,
2010-12-30,31.039,
2010-12-31,31.344,
2011-01-01,31.344,152.4
2011-01-02,31.648,147.32
2011-01-03,31.648,
2011-01-04,31.344,
2011-01-05,31.344,
2011-01-06,31.344,
2011-01-07,31.344,127.0
2011-01-08,31.953,
2011-01-09,32.258,124.46
2011-01-10,31.953,121.92
2011-01-11,31.953,121.92
2011-01-12,32.563,127.0
2011-01-13,32.868,124.46
2011-01-14,31.344,116.84
2011-01-15,31.344,116.84
2011-01-16,31.953,111.76
2011-01-17,31.344,104.14
2011-01-18,30.429,104.14
2011-01-19,30.429,104.14
2011-01-20,30.124,104.14
2011-01-21,29.82,101.6
2011-01-22,29.82,101.6
2011-01-23,29.82,101.6
2011-01-24,29.82,101.6
2011-01-25,30.124,101.6
2011-01-26,29.82,101.6
2011-01-27,29.515,101.6
2011-01-28,29.515,99.06
2011-01-29,29.515,101.6
2011-01-30,30.429,
2011-01-31,30.734,104.14
2011-02-01,31.344,101.6
2011-02-02,31.648,104.14
2011-02-03,32.258,101.6
2011-02-04,32.563,101.6
2011-02-05,32.868,104.14
2011-02-06,33.172,104.14
2011-02-07,33.172,104.14
2011-02-08,33.172,104.14
2011-02-09,32.868,104.14
2011-02-10,33.477,104.14
2011-02-11,33.782,104.14
2011-02-12,34.087,101.6
2011-02-13,33.782,101.6
2011-02-14,33.782,99.06
2011-02-15,34.696,111.76
2011-02-16,38.659,149.86
2011-02-17,39.878,152.4
2011-02-18,42.621,
2011-02-19,43.536,162.56
2011-02-20,44.145,154.94
2011-02-21,44.145,149.86
2011-02-22,44.145,144.78
2011-02-23,44.145,147.32
2011-02-24,44.145,147.32
2011-02-25,45.364,154.94
2011-02-26,46.584,162.56
2011-02-27,46.888,154.94
2011-02-28,47.498,152.4
2011-03-01,48.108,137.16
2011-03-02,49.327,
2011-03-03,50.851,154.94
2011-03-04,51.46,152.4
2011-03-05,51.765,154.94
2011-03-06,51.765,152.4
2011-03-07,51.46,137.16
2011-03-08,51.765,142.24
2011-03-09,52.375,147.32
2011-03-10,52.375,142.24
2011-03-11,52.375,137.16
2011-03-12,52.375,142.24
2011-03-13,52.375,139.7
2011-03-14,53.289,132.08
2011-03-15,53.289,142.24
2011-03-16,55.728,
2011-03-17,57.556,162.56
2011-03-18,58.776,
2011-03-19,60.909,
2011-03-20,63.652,215.9
2011-03-21,67.615,228.6
2011-03-22,69.139,
2011-03-23,69.748,218.44
2011-03-24,71.272,228.6
2011-03-25,74.93,251.46
2011-03-26,77.673,266.7
2011-03-27,79.502,264.16
2011-03-28,80.416,254.0
2011-03-29,80.721,246.38
2011-03-30,81.026,236.22
2011-03-31,81.026,215.9
2011-04-01,80.721,210.82
2011-04-02,80.416,205.74
2011-04-03,78.892,198.12
2011-04-04,78.588,195.58
2011-04-05,77.064,193.04
2011-04-06,76.759,187.96
2011-04-07,76.759,187.96
2011-04-08,77.368,
2011-04-09,77.673,190.5
2011-04-10,77.978,182.88
2011-04-11,77.368,182.88
2011-04-12,77.064,180.34
2011-04-13,76.454,175.26
2011-04-14,76.454,177.8
2011-04-15,76.759,175.26
2011-04-16,76.454,175.26
2011-04-17,76.149,170.18
2011-04-18,74.93,162.56
2011-04-19,73.406,160.02
2011-04-20,71.882,154.94
2011-04-21,71.882,
2011-04-22,71.882,154.94
2011-04-23,71.577,152.4
2011-04-24,70.968,149.86
2011-04-25,70.358,149.86
2011-04-26,70.053,149.86
2011-04-27,69.444,147.32
2011-04-28,67.31,142.24
2011-04-29,67.005,
2011-04-30,67.005,139.7
2011-05-01,66.396,137.16
2011-05-02,64.872,134.62
2011-05-03,63.652,132.08
2011-05-04,61.824,127.0
2011-05-05,59.385,121.92
2011-05-06,57.556,116.84
2011-05-07,55.728,114.3
2011-05-08,54.204,109.22
2011-05-09,51.765,101.6
2011-05-10,50.241,93.98
2011-05-11,48.717,96.52
2011-05-12,47.193,88.9
2011-05-13,44.145,86.36
2011-05-14,41.402,78.74
2011-05-15,40.183,73.66
2011-05-16,39.878,73.66
2011-05-17,39.573,78.74
2011-05-18,39.573,81.28
2011-05-19,38.659,73.66
2011-05-20,36.525,71.12
2011-05-21,33.172,63.5
2011-05-22,29.82,55.88
2011-05-23,27.076,43.18
2011-05-24,23.724,40.64
2011-05-25,20.676,35.56
2011-05-26,20.98,35.56
2011-05-27,20.98,35.56
2011-05-28,18.542,25.4
2011-05-29,18.237,
2011-05-30,17.628,27.94
2011-05-31,15.799,22.86
2011-06-01,16.104,27.94
2011-06-02,15.799,
2011-06-03,14.275,22.86
2011-06-04,13.36,20.32
2011-06-05,12.141,15.24
2011-06-06,8.484,10.16
2011-06-07,5.436,0.0
2011-06-08,2.083,
2011-06-09,0.254,
2011-06-10,0.0,
2011-06-11,0.0,
2011-06-12,0.0,
2011-06-13,0.0,
2011-06-14,0.0,0.0
2011-06-15,0.0,0.0
2011-06-16,0.0,0.0
2011-06-17,0.0,0.0
2011-06-18,0.0,0.0
2011-06-19,0.0,0.0
2011-06-20,0.0,0.0
2011-06-21,0.0,0.0
2011-06-22,0.0,0.0
2011-06-23,0.0,0.0
2011-06-24,0.0,0.0
2011-06-25,0.0,0.0
2011-06-26,0.0,0.0
2011-06-27,0.0,0.0
2011-06-28,0.0,0.0
2011-06-29,0.0,0.0
2011-06-30,0.0,0.0
2011-07-01,0.0,0.0
2011-07-02,0.0,0.0
2011-07-03,0.0,0.0
2011-07-04,0.0,0.0
2011-07-05,0.0,0.0
2011-07-06,0.0,0.0
2011-07-07,0.0,0.0
2011-07-08,0.0,0.0
2011-07-09,0.0,0.0
2011-07-10,0.0,0.0
2011-07-11,0.0,0.0
2011-07-12,0.0,0.0
2011-07-13,0.0,0.0
2011-07-14,0.0,0.0
2011-07-15,0.0,0.0
2011-07-16,0.0,0.0
2011-07-17,0.0,0.0
2011-07-18,0.0,0.0
2011-07-19,0.0,0.0
2011-07-20,0.0,0.0
2011-07-21,0.0,0.0
2011-07-22,0.0,0.0
2011-07-23,0.0,0.0
2011-07-24,0.0,0.0
2011-07-25,0.0,0.0
2011-07-26,0.0,0.0
2011-07-27,0.0,0.0
2011-07-28,0.0,0.0
2011-07-29,0.0,0.0
2011-07-30,0.0,0.0
2011-07-31,0.0,0.0
2011-08-01,0.0,0.0
2011-08-02,0.0,0.0
2011-08-03,0.0,0.0
2011-08-04,0.0,
2011-08-05,0.0,
2011-08-06,0.0,
2011-08-07,0.0,0.0
2011-08-08,0.0,0.0
2011-08-09,0.0,2.54
2011-08-10,0.0,0.0
2011-08-11,0.0,
2011-08-12,0.0,2.54
2011-08-13,0.0,0.0
2011-08-14,0.0,0.0
2011-08-15,0.0,0.0
2011-08-16,0.0,
2011-08-17,0.0,0.0
2011-08-18,0.0,2.54
2011-08-19,0.0,0.0
2011-08-20,0.0,
2011-08-21,0.0,
2011-08-22,0.0,
2011-08-23,0.0,
2011-08-24,0.0,0.0
2011-08-25,0.0,
2011-08-26,0.0,
2011-08-27,0.0,2.54
2011-08-28,0.0,2.54
2011-08-29,0.0,
2011-08-30,0.0,
2011-08-31,0.0,0.0
2011-09-01,0.0,
2011-09-02,0.0,
2011-09-03,0.0,
2011-09-04,0.0,
2011-09-05,0.0,
2011-09-06,0.0,
2011-09-07,0.0,0.0
2011-09-08,0.0,
2011-09-09,0.0,
2011-09-10,0.0,
2011-09-11,0.0,
2011-09-12,0.0,
2011-09-13,0.0,
2011-09-14,0.0,
2011-09-15,0.0,
2011-09-16,0.0,
2011-09-17,0.0,
2011-09-18,0.0,0.0
2011-09-19,0.0,
2011-09-20,0.0,
2011-09-21,0.0,2.54
2011-09-22,0.0,5.08
2011-09-23,0.0,0.0
2011-09-24,0.0,
2011-09-25,0.0,2.54
2011-09-26,0.0,
2011-09-27,0.0,
2011-09-28,0.0,
2011-09-29,0.0,
2011-09-30,0.0,
2011-10-01,0.0,
2011-10-02,0.0,
2011-10-03,0.0,
2011-10-04,0.0,7.62
2011-10-05,1.194,
2011-10-06,2.413,
2011-10-07,2.413,5.08
2011-10-08,2.108,5.08
2011-10-09,1.803,5.08
2011-10-10,0.889,
2011-10-11,0.889,
2011-10-12,0.889,
2011-10-13,0.889,2.54
2011-10-14,1.194,
2011-10-15,1.194,
2011-10-16,1.194,
2011-10-17,1.194,
2011-10-18,1.194,2.54
2011-10-19,1.194,
2011-10-20,1.194,
2011-10-21,1.194,
2011-10-22,0.889,
2011-10-23,1.194,
2011-10-24,1.194,
2011-10-25,0.889,
2011-10-26,0.889,2.54
2011-10-27,0.584,2.54
2011-10-28,0.889,
2011-10-29,0.889,2.54
2011-10-30,0.889,
2011-10-31,0.889,0.0
2011-11-01,0.889,2.54
2011-11-02,0.889,2.54
2011-11-03,0.889,2.54
2011-11-04,0.279,0.0
2011-11-05,0.889,0.0
2011-11-06,1.499,
2011-11-07,2.108,
2011-11-08,2.108,5.08
2011-11-09,2.108,
2011-11-10,2.108,5.08
2011-11-11,2.108,2.54
2011-11-12,2.413,5.08
2011-11-13,2.413,5.08
2011-11-14,2.413,5.08
2011-11-15,2.718,5.08
2011-11-16,2.108,
2011-11-17,1.499,
2011-11-18,1.194,
2011-11-19,1.803,
2011-11-20,2.413,
2011-11-21,2.718,5.08
2011-11-22,3.023,10.16
2011-11-23,4.242,22.86
2011-11-24,5.156,
2011-11-25,5.156,20.32
2011-11-26,5.156,15.24
2011-11-27,5.156,10.16
2011-11-28,5.156,22.86
2011-11-29,5.156,
2011-11-30,5.156,20.32
2011-12-01,5.156,20.32
2011-12-02,5.461,17.78
2011-12-03,5.461,17.78
2011-12-04,5.461,20.32
2011-12-05,5.461,20.32
2011-12-06,5.461,20.32
2011-12-07,5.156,20.32
2011-12-08,4.851,20.32
2011-12-09,4.547,20.32
2011-12-10,4.242,20.32
2011-12-11,4.547,20.32
2011-12-12,4.851,17.78
2011-12-13,5.766,17.78
2011-12-14,6.071,17.78
2011-12-15,6.68,15.24
2011-12-16,6.071,
2011-12-17,5.766,2.54
2011-12-18,5.766,5.08
2011-12-19,5.766,22.86
2011-12-20,5.766,22.86
2011-12-21,5.766,17.78
2011-12-22,5.461,22.86
2011-12-23,6.68,22.86
2011-12-24,6.985,22.86
2011-12-25,6.985,22.86
2011-12-26,6.985,22.86
2011-12-27,6.985,22.86
2011-12-28,6.68,17.78
2011-12-29,5.766,12.7
2011-12-30,4.242,7.62
2011-12-31,4.242,
2012-01-01,4.242,0.0
2012-01-02,0.0,0.0
2012-01-03,0.0,5.08
2012-01-04,0.279,5.08
2012-01-05,1.27,2.54
2012-01-06,2.286,7.62
2012-01-07,3.302,7.62
2012-01-08,4.318,7.62
2012-01-09,5.334,7.62
2012-01-10,6.35,7.62
2012-01-11,7.366,7.62
2012-01-12,8.382,2.54
2012-01-13,9.398,10.16
2012-01-14,10.414,10.16
2012-01-15,10.922,10.16
2012-01-16,11.43,10.16
2012-01-17,11.684,10.16
2012-01-18,12.192,
2012-01-19,12.471,
2012-01-20,15.215,
2012-01-21,13.995,58.42
2012-01-22,14.3,55.88
2012-01-23,17.348,76.2
2012-01-24,17.653,
2012-01-25,19.177,66.04
2012-01-26,18.872,58.42
2012-01-27,18.263,53.34
2012-01-28,17.958,50.8
2012-01-29,17.958,48.26
2012-01-30,17.958,50.8
2012-01-31,18.263,50.8
2012-02-01,18.263,58.42
2012-02-02,18.567,45.72
2012-02-03,19.177,58.42
2012-02-04,19.787,58.42
2012-02-05,20.396,55.88
2012-02-06,20.091,55.88
2012-02-07,19.482,53.34
2012-02-08,18.567,53.34
2012-02-09,18.872,50.8
2012-02-10,19.177,58.42
2012-02-11,19.482,55.88
2012-02-12,19.482,55.88
2012-02-13,20.396,
2012-02-14,20.701,
2012-02-15,21.92,
2012-02-16,22.53,55.88
2012-02-17,23.749,58.42
2012-02-18,24.054,68.58
2012-02-19,23.139,68.58
2012-02-20,23.444,60.96
2012-02-21,24.054,68.58
2012-02-22,23.444,55.88
2012-02-23,23.139,60.96
2012-02-24,22.835,60.96
2012-02-25,22.835,
2012-02-26,22.835,55.88
2012-02-27,22.835,60.96
2012-02-28,22.835,
2012-02-29,27.102,99.06
2012-03-01,29.54,109.22
2012-03-02,30.15,99.06
2012-03-03,29.845,101.6
2012-03-04,29.235,96.52
2012-03-05,28.931,91.44
2012-03-06,28.626,86.36
2012-03-07,28.016,86.36
2012-03-08,28.016,88.9
2012-03-09,28.016,86.36
2012-03-10,28.016,83.82
2012-03-11,27.711,81.28
2012-03-12,27.711,86.36
2012-03-13,28.321,
2012-03-14,30.455,96.52
2012-03-15,31.064,99.06
2012-03-16,31.369,91.44
2012-03-17,32.893,96.52
2012-03-18,32.893,93.98
2012-03-19,32.893,
2012-03-20,32.893,
2012-03-21,33.503,109.22
2012-03-22,33.655,
2012-03-23,33.807,104.14
2012-03-24,33.503,88.9
2012-03-25,35.027,
2012-03-26,36.551,132.08
2012-03-27,37.16,139.7
2012-03-28,41.123,172.72
2012-03-29,44.171,162.56
2012-03-30,46.914,172.72
2012-03-31,48.133,152.4
2012-04-01,48.133,162.56
2012-04-02,48.438,139.7
2012-04-03,48.743,147.32
2012-04-04,49.047,134.62
2012-04-05,49.047,147.32
2012-04-06,49.352,147.32
2012-04-07,49.962,142.24
2012-04-08,49.962,139.7
2012-04-09,49.962,134.62
2012-04-10,49.657,134.62
2012-04-11,49.962,142.24
2012-04-12,50.876,
2012-04-13,52.4,167.64
2012-04-14,54.534,
2012-04-15,55.143,154.94
2012-04-16,55.143,147.32
2012-04-17,53.924,142.24
2012-04-18,53.01,139.7
2012-04-19,52.095,134.62
2012-04-20,50.876,132.08
2012-04-21,49.962,127.0
2012-04-22,48.438,121.92
2012-04-23,46.609,114.3
2012-04-24,41.427,106.68
2012-04-25,38.075,104.14
2012-04-26,37.77,101.6
2012-04-27,36.551,88.9
2012-04-28,35.027,96.52
2012-04-29,33.198,88.9
2012-04-30,31.979,83.82
2012-05-01,29.845,78.74
2012-05-02,28.321,73.66
2012-05-03,27.407,71.12
2012-05-04,25.578,66.04
2012-05-05,24.359,60.96
2012-05-06,22.53,53.34
2012-05-07,20.701,53.34
2012-05-08,18.872,48.26
2012-05-09,16.129,30.48
2012-05-10,13.691,33.02
2012-05-11,11.557,25.4
2012-05-12,9.423,12.7
2012-05-13,7.29,5.08
2012-05-14,3.632,0.0
2012-05-15,2.108,0.0
2012-05-16,1.016,2.54
2012-05-17,0.0,2.54
2012-05-18,0.0,
2012-05-19,0.0,0.0
2012-05-20,0.0,
2012-05-21,0.0,
2012-05-22,0.0,
2012-05-23,0.0,
2012-05-24,0.0,
2012-05-25,0.0,0.0
2012-05-26,0.0,
2012-05-27,0.0,
2012-05-28,0.0,
2012-05-29,0.0,
2012-05-30,0.0,0.0
2012-05-31,0.0,0.0
2012-06-01,0.0,0.0
2012-06-02,0.0,0.0
2012-06-03,0.0,2.54
2012-06-04,0.0,0.0
2012-06-05,0.0,2.54
2012-06-06,0.0,0.0
2012-06-07,0.0,0.0
2012-06-08,0.0,0.0
2012-06-09,0.0,0.0
2012-06-10,0.0,0.0
2012-06-11,0.0,0.0
2012-06-12,0.0,
2012-06-13,0.0,0.0
2012-06-14,0.0,0.0
2012-06-15,0.0,2.54
2012-06-16,0.0,0.0
2012-06-17,0.0,
2012-06-18,0.0,0.0
2012-06-19,0.0,0.0
2012-06-20,0.0,0.0
2012-06-21,0.0,0.0
2012-06-22,0.0,2.54
2012-06-23,0.0,2.54
2012-06-24,0.0,0.0
2012-06-25,0.0,
2012-06-26,0.0,0.0
2012-06-27,0.0,0.0
2012-06-28,0.0,2.54
2012-06-29,0.0,2.54
2012-06-30,0.0,0.0
2012-07-01,0.0,
2012-07-02,0.0,
2012-07-03,0.0,0.0
2012-07-04,0.0,0.0
2012-07-05,0.0,0.0
2012-07-06,0.0,
2012-07-07,0.0,0.0
2012-07-08,0.0,0.0
2012-07-09,0.0,0.0
2012-07-10,0.0,0.0
2012-07-11,0.0,0.0
2012-07-12,0.0,0.0
2012-07-13,0.0,
2012-07-14,0.0,
2012-07-15,0.0,2.54
2012-07-16,0.0,0.0
2012-07-17,0.0,
2012-07-18,0.0,2.54
2012-07-19,0.0,0.0
2012-07-20,0.0,
2012-07-21,0.0,
2012-07-22,0.0,0.0
2012-07-23,0.0,0.0
2012-07-24,0.0,0.0
2012-07-25,0.0,0.0
2012-07-26,0.0,
2012-07-27,0.0,
2012-07-28,0.0,
2012-07-29,0.0,
2012-07-30,0.0,2.54
2012-07-31,0.0,
2012-08-01,0.0,0.0
2012-08-02,0.0,
2012-08-03,0.0,
2012-08-04,0.0,
2012-08-05,0.0,
2012-08-06,0.0,0.0
2012-08-07,0.0,0.0
2012-08-08,0.0,0.0
2012-08-09,0.0,0.0
2012-08-10,0.0,0.0
2012-08-11,0.0,0.0
2012-08-12,0.0,0.0
2012-08-13,0.0,0.0
2012-08-14,0.0,
2012-08-15,0.0,
2012-08-16,0.0,0.0
2012-08-17,0.0,0.0
2012-08-18,0.0,0.0
2012-08-19,0.0,0.0
2012-08-20,0.0,0.0
2012-08-21,0.0,0.0
2012-08-22,0.0,2.54
2012-08-23,0.0,0.0
2012-08-24,0.0,0.0
2012-08-25,0.0,2.54
2012-08-26,0.0,0.0
2012-08-27,0.0,2.54
2012-08-28,0.0,0.0
2012-08-29,0.0,0.0
2012-08-30,0.0,0.0
2012-08-31,0.0,
2012-09-01,0.0,
2012-09-02,0.0,
2012-09-03,0.0,
2012-09-04,0.0,
2012-09-05,0.0,
2012-09-06,0.0,
2012-09-07,0.0,
2012-09-08,0.0,
2012-09-09,0.0,
2012-09-10,0.0,
2012-09-11,0.0,
2012-09-12,0.0,
2012-09-13,0.0,
2012-09-14,0.0,
2012-09-15,0.0,
2012-09-16,0.0,
2012-09-17,0.0,
2012-09-18,0.0,
2012-09-19,0.0,0.0
2012-09-20,0.0,0.0
2012-09-21,0.0,0.0
2012-09-22,0.0,
2012-09-23,0.0,
2012-09-24,0.0,
2012-09-25,0.0,
2012-09-26,0.0,
2012-09-27,0.0,0.0
2012-09-28,0.0,2.54
2012-09-29,0.0,0.0
2012-09-30,0.0,0.0
2012-10-01,0.0,0.0
2012-10-02,0.0,0.0
2012-10-03,0.0,0.0
2012-10-04,0.0,0.0
2012-10-05,0.0,0.0
2012-10-06,0.0,0.0
2012-10-07,0.0,
2012-10-08,0.0,
2012-10-09,0.0,
2012-10-10,0.0,
2012-10-11,0.0,5.08
2012-10-12,0.0,5.08
2012-10-13,0.0,5.08
2012-10-14,0.0,5.08
2012-10-15,0.0,5.08
2012-10-16,0.0,5.08
2012-10-17,0.0,5.08
2012-10-18,0.0,5.08
2012-10-19,0.0,5.08
2012-10-20,0.0,5.08
2012-10-21,0.0,5.08
2012-10-22,0.305,
2012-10-23,0.914,
2012-10-24,0.914,
2012-10-25,0.914,10.16
2012-10-26,0.61,10.16
2012-10-27,0.0,5.08
2012-10-28,0.0,5.08
2012-10-29,0.0,5.08
2012-10-30,0.0,5.08
2012-10-31,0.0,5.08
2012-11-01,0.0,5.08
2012-11-02,0.0,2.54
2012-11-03,0.0,5.08
2012-11-04,0.0,5.08
2012-11-05,0.0,2.54
2012-11-06,0.0,5.08
2012-11-07,0.0,5.08
2012-11-08,0.0,5.08
2012-11-09,0.0,7.62
2012-11-10,0.0,5.08
2012-11-11,0.0,7.62
2012-11-12,0.0,5.08
2012-11-13,0.0,2.54
2012-11-14,0.0,5.08
2012-11-15,0.0,5.08
2012-11-16,0.0,5.08
2012-11-17,0.0,5.08
2012-11-18,0.0,2.54
2012-11-19,0.305,
2012-11-20,0.305,
2012-11-21,0.0,5.08
2012-11-22,0.0,5.08
2012-11-23,0.0,5.08
2012-11-24,0.0,5.08
2012-11-25,0.0,5.08
2012-11-26,0.0,5.08
2012-11-27,0.0,5.08
2012-11-28,0.0,5.08
2012-11-29,0.0,5.08
2012-11-30,0.0,5.08
2012-12-01,0.0,5.08
2012-12-02,0.0,5.08
2012-12-03,0.0,5.08
2012-12-04,0.0,5.08
2012-12-05,0.0,5.08
2012-12-06,0.0,5.08
2012-12-07,0.0,5.08
2012-12-08,1.219,5.08
2012-12-09,1.829,5.08
2012-12-10,0.305,5.08
2012-12-11,3.658,5.08
2012-12-12,2.134,10.16
2012-12-13,0.914,7.62
2012-12-14,2.743,10.16
2012-12-15,3.048,10.16
2012-12-16,3.658,
2012-12-17,3.962,20.32
2012-12-18,4.267,25.4
2012-12-19,4.267,22.86
2012-12-20,3.353,25.4
2012-12-21,7.925,78.74
2012-12-22,10.058,91.44
2012-12-23,10.973,119.38
2012-12-24,13.106,116.84
2012-12-25,13.106,111.76
2012-12-26,14.935,129.54
2012-12-27,15.545,124.46
2012-12-28,15.545,116.84
2012-12-29,15.85,114.3
2012-12-30,16.154,111.76
2012-12-31,16.154,106.68
2013-01-01,16.764,104.14
2013-01-02,17.069,101.6
2013-01-03,17.374,99.06
2013-01-04,17.983,96.52
2013-01-05,17.983,93.98
2013-01-06,18.898,99.06
2013-01-07,19.202,99.06
2013-01-08,20.117,88.9
2013-01-09,20.117,91.44
2013-01-10,21.641,
2013-01-11,22.555,104.14
2013-01-12,22.86,91.44
2013-01-13,22.555,99.06
2013-01-14,22.555,99.06
2013-01-15,22.25,96.52
2013-01-16,22.25,96.52
2013-01-17,22.25,96.52
2013-01-18,22.555,93.98
2013-01-19,22.555,93.98
2013-01-20,22.555,93.98
2013-01-21,22.555,93.98
2013-01-22,22.86,93.98
2013-01-23,23.165,91.44
2013-01-24,25.603,104.14
2013-01-25,25.603,99.06
2013-01-26,25.298,96.52
2013-01-27,25.298,99.06
2013-01-28,25.908,104.14
2013-01-29,26.518,106.68
2013-01-30,26.822,104.14
2013-01-31,26.822,104.14
2013-02-01,26.822,101.6
2013-02-02,27.127,101.6
2013-02-03,27.127,101.6
2013-02-04,27.127,101.6
2013-02-05,27.127,101.6
2013-02-06,27.127,99.06
2013-02-07,27.127,111.76
2013-02-08,28.042,114.3
2013-02-09,28.346,111.76
2013-02-10,28.346,111.76
2013-02-11,28.346,109.22
2013-02-12,28.346,106.68
2013-02-13,28.346,106.68
2013-02-14,28.346,106.68
2013-02-15,28.346,104.14
2013-02-16,28.346,101.6
2013-02-17,28.651,104.14
2013-02-18,28.651,104.14
2013-02-19,28.651,93.98
2013-02-20,29.87,124.46
2013-02-21,29.87,119.38
2013-02-22,29.87,116.84
2013-02-23,29.87,114.3
2013-02-24,29.87,111.76
2013-02-25,30.175,111.76
2013-02-26,30.48,111.76
2013-02-27,30.48,109.22
2013-02-28,30.48,106.68
2013-03-01,29.87,101.6
2013-03-02,30.175,101.6
2013-03-03,30.48,101.6
2013-03-04,31.09,96.52
2013-03-05,30.785,96.52
2013-03-06,34.442,
2013-03-07,35.357,
2013-03-08,35.052,132.08
2013-03-09,34.747,129.54
2013-03-10,34.138,124.46
2013-03-11,33.833,121.92
2013-03-12,33.833,116.84
2013-03-13,33.528,114.3
2013-03-14,33.528,109.22
2013-03-15,33.528,106.68
2013-03-16,34.442,104.14
2013-03-17,34.747,101.6
2013-03-18,34.442,101.6
2013-03-19,34.442,99.06
2013-03-20,34.747,96.52
2013-03-21,33.528,93.98
2013-03-22,32.918,91.44
2013-03-23,32.309,91.44
2013-03-24,32.918,91.44
2013-03-25,33.223,88.9
2013-03-26,33.223,86.36
2013-03-27,32.309,81.28
2013-03-28,31.394,78.74
2013-03-29,30.48,76.2
2013-03-30,29.261,73.66
2013-03-31,28.956,68.58
2013-04-01,26.822,66.04
2013-04-02,25.603,63.5
2013-04-03,24.689,60.96
2013-04-04,23.165,53.34
2013-04-05,21.031,53.34
2013-04-06,20.117,48.26
2013-04-07,18.898,45.72
2013-04-08,17.678,45.72
2013-04-09,17.678,43.18
2013-04-10,16.764,35.56
2013-04-11,14.935,33.02
2013-04-12,13.716,30.48
2013-04-13,12.192,27.94
2013-04-14,11.278,25.4
2013-04-15,10.668,25.4
2013-04-16,11.278,25.4
2013-04-17,11.278,30.48
2013-04-18,11.278,25.4
2013-04-19,10.058,20.32
2013-04-20,8.534,17.78
2013-04-21,7.315,15.24
2013-04-22,5.486,10.16
2013-04-23,3.658,5.08
2013-04-24,1.524,5.08
2013-04-25,0.61,5.08
2013-04-26,0.0,5.08
2013-04-27,0.0,5.08
2013-04-28,0.0,5.08
2013-04-29,0.0,5.08
2013-04-30,0.0,5.08
2013-05-01,0.0,5.08
2013-05-02,0.0,5.08
2013-05-03,0.0,5.08
2013-05-04,0.0,5.08
2013-05-05,0.0,5.08
2013-05-06,0.0,2.54
2013-05-07,0.0,5.08
2013-05-08,0.0,5.08
2013-05-09,0.0,5.08
2013-05-10,0.0,2.54
2013-05-11,0.0,2.54
2013-05-12,0.0,5.08
2013-05-13,0.0,5.08
2013-05-14,0.0,5.08
2013-05-15,0.0,5.08
2013-05-16,0.0,5.08
2013-05-17,0.0,5.08
2013-05-18,0.0,5.08
2013-05-19,0.0,5.08
2013-05-20,0.0,5.08
2013-05-21,0.0,5.08
2013-05-22,0.0,5.08
2013-05-23,0.0,5.08
2013-05-24,0.0,5.08
2013-05-25,0.0,5.08
2013-05-26,0.0,5.08
2013-05-27,0.0,5.08
2013-05-28,0.0,5.08
2013-05-29,0.0,5.08
2013-05-30,0.0,7.62
2013-05-31,0.0,5.08
2013-06-01,0.0,5.08
2013-06-02,0.0,5.08
2013-06-03,0.0,5.08
2013-06-04,0.0,5.08
2013-06-05,0.0,7.62
2013-06-06,0.0,5.08
2013-06-07,0.0,5.08
2013-06-08,0.0,2.54
2013-06-09,0.0,5.08
2013-06-10,0.0,5.08
2013-06-11,0.0,5.08
2013-06-12,0.0,5.08
2013-06-13,0.0,7.62
2013-06-14,0.0,10.16
2013-06-15,0.0,7.62
2013-06-16,0.0,5.08
2013-06-17,0.0,5.08
2013-06-18,0.0,5.08
2013-06-19,0.0,7.62
2013-06-20,0.0,7.62
2013-06-21,0.0,10.16
2013-06-22,0.0,5.08
2013-06-23,0.0,5.08
2013-06-24,0.0,5.08
2013-06-25,0.0,5.08
2013-06-26,0.0,5.08
2013-06-27,0.0,2.54
2013-06-28,0.0,2.54
2013-06-29,0.0,5.08
2013-06-30,0.0,7.62
2013-07-01,0.0,5.08
2013-07-02,0.0,5.08
2013-07-03,0.0,5.08
2013-07-04,0.0,5.08
2013-07-05,0.0,5.08
2013-07-06,0.0,5.08
2013-07-07,0.0,5.08
2013-07-08,0.0,5.08
2013-07-09,0.0,2.54
2013-07-10,0.0,5.08
2013-07-11,0.0,5.08
2013-07-12,0.0,2.54
2013-07-13,0.0,5.08
2013-07-14,0.0,2.54
2013-07-15,0.0,5.08
2013-07-16,0.0,5.08
2013-07-17,0.0,5.08
2013-07-18,0.0,5.08
2013-07-19,0.0,2.54
2013-07-20,0.0,5.08
2013-07-21,0.0,2.54
2013-07-22,0.0,5.08
2013-07-23,0.0,5.08
2013-07-24,0.0,5.08
2013-07-25,0.0,5.08
2013-07-26,0.0,2.54
2013-07-27,0.0,5.08
2013-07-28,0.0,5.08
2013-07-29,0.0,5.08
2013-07-30,0.0,2.54
2013-07-31,0.0,5.08
2013-08-01,0.0,5.08
2013-08-02,0.0,10.16
2013-08-03,0.0,5.08
2013-08-04,0.0,5.08
2013-08-05,0.0,5.08
2013-08-06,0.0,5.08
2013-08-07,0.0,5.08
2013-08-08,0.0,5.08
2013-08-09,0.0,2.54
2013-08-10,0.0,5.08
2013-08-11,0.0,5.08
2013-08-12,0.0,5.08
2013-08-13,0.0,5.08
2013-08-14,0.0,5.08
2013-08-15,0.0,5.08
2013-08-16,0.0,5.08
2013-08-17,0.0,5.08
2013-08-18,0.0,5.08
2013-08-19,0.0,5.08
2013-08-20,0.0,5.08
2013-08-21,0.0,5.08
2013-08-22,0.0,5.08
2013-08-23,0.0,5.08
2013-08-24,0.0,5.08
2013-08-25,0.0,5.08
2013-08-26,0.0,5.08
2013-08-27,0.0,5.08
2013-08-28,0.0,5.08
2013-08-29,0.0,5.08
2013-08-30,0.0,2.54
2013-08-31,0.0,5.08
2013-09-01,0.0,5.08
2013-09-02,0.0,5.08
2013-09-03,0.0,5.08
2013-09-04,0.0,5.08
2013-09-05,0.0,5.08
2013-09-06,0.0,5.08
2013-09-07,0.0,5.08
2013-09-08,0.0,5.08
2013-09-09,0.0,5.08
2013-09-10,0.0,5.08
2013-09-11,0.0,5.08
2013-09-12,0.0,5.08
2013-09-13,0.0,5.08
2013-09-14,0.0,5.08
2013-09-15,0.0,5.08
2013-09-16,0.0,5.08
2013-09-17,0.0,5.08
2013-09-18,0.0,5.08
2013-09-19,0.0,5.08
2013-09-20,0.0,2.54
2013-09-21,0.0,5.08
2013-09-22,0.0,5.08
2013-09-23,0.0,5.08
2013-09-24,0.0,5.08
2013-09-25,0.0,5.08
2013-09-26,0.0,7.62
2013-09-27,0.0,5.08
2013-09-28,0.0,5.08
2013-09-29,0.0,5.08
2013-09-30,0.0,5.08
2013-10-01,0.0,5.08
2013-10-02,0.0,2.54
2013-10-03,0.0,5.08
2013-10-04,0.0,5.08
2013-10-05,0.0,5.08
2013-10-06,0.0,5.08
2013-10-07,0.0,5.08
2013-10-08,0.0,5.08
2013-10-09,0.0,5.08
2013-10-10,0.0,7.62
2013-10-11,0.0,5.08
2013-10-12,0.0,7.62
2013-10-13,0.0,7.62
2013-10-14,0.0,5.08
2013-10-15,0.0,5.08
2013-10-16,0.0,5.08
2013-10-17,0.0,5.08
2013-10-18,0.0,5.08
2013-10-19,0.0,7.62
2013-10-20,0.0,5.08
2013-10-21,0.0,5.08
2013-10-22,0.305,5.08
2013-10-23,0.305,5.08
2013-10-24,0.0,5.08
2013-10-25,0.0,5.08
2013-10-26,0.0,5.08
2013-10-27,0.0,5.08
2013-10-28,0.0,5.08
2013-10-29,0.0,5.08
2013-10-30,0.0,7.62
2013-10-31,0.0,5.08
2013-11-01,0.0,5.08
2013-11-02,0.0,5.08
2013-11-03,0.305,7.62
2013-11-04,0.0,7.62
2013-11-05,0.0,5.08
2013-11-06,0.0,5.08
2013-11-07,0.0,5.08
2013-11-08,0.0,5.08
2013-11-09,0.0,7.62
2013-11-10,0.0,5.08
2013-11-11,0.0,5.08
2013-11-12,0.0,5.08
2013-11-13,0.0,2.54
2013-11-14,0.0,5.08
2013-11-15,0.0,5.08
2013-11-16,0.0,5.08
2013-11-17,0.0,5.08
2013-11-18,0.0,5.08
2013-11-19,0.0,5.08
2013-11-20,0.0,5.08
2013-11-21,0.0,5.08
2013-11-22,0.0,5.08
2013-11-23,0.0,5.08
2013-11-24,0.0,5.08
2013-11-25,0.0,5.08
2013-11-26,0.0,5.08
2013-11-27,0.0,5.08
2013-11-28,0.0,5.08
2013-11-29,0.0,7.62
2013-11-30,0.0,5.08
2013-12-01,,5.08
2013-12-02,,5.08
2013-12-03,,5.08
2013-12-04,,5.08
2013-12-05,,5.08
2013-12-06,,7.62
2013-12-07,,33.02
2013-12-08,,17.78
2013-12-09,,22.86
2013-12-10,,20.32
2013-12-11,,20.32
2013-12-12,,17.78
2013-12-13,,17.78
2013-12-14,,20.32
2013-12-15,,17.78
2013-12-16,,17.78
2013-12-17,,17.78
2013-12-18,,17.78
2013-12-19,,17.78
2013-12-20,,17.78
2013-12-21,,15.24
2013-12-22,,15.24
2013-12-23,,15.24
2013-12-24,,15.24
2013-12-25,,17.78
2013-12-26,,15.24
2013-12-27,,15.24
2013-12-28,,15.24
2013-12-29,,15.24
2013-12-30,,15.24
2013-12-31,,15.24
2014-01-01,,15.24
2014-01-02,,15.24
2014-01-03,,15.24
2014-01-04,,15.24
2014-01-05,,15.24
2014-01-06,,15.24
2014-01-07,,15.24
2014-01-08,,12.7
2014-01-09,,12.7
2014-01-10,,12.7
2014-01-11,,12.7
2014-01-12,,27.94
2014-01-13,,
2014-01-14,,22.86
2014-01-15,,22.86
2014-01-16,,
2014-01-17,,22.86
2014-01-18,,22.86
2014-01-19,,22.86
2014-01-20,,22.86
2014-01-21,,22.86
2014-01-22,,20.32
2014-01-23,,20.32
2014-01-24,,20.32
2014-01-25,,20.32
2014-01-26,,20.32
2014-01-27,,20.32
2014-01-28,,17.78
2014-01-29,,
2014-01-30,,10.16
2014-01-31,,
2014-02-01,,12.7
2014-02-02,,12.7
2014-02-03,,12.7
2014-02-04,,12.7
2014-02-05,,15.24
2014-02-06,,12.7
2014-02-07,,
2014-02-08,,25.4
2014-02-09,,25.4
2014-02-10,,22.86
2014-02-11,,22.86
2014-02-12,,22.86
2014-02-13,,20.32
2014-02-14,,15.24
2014-02-15,,15.24
2014-02-16,,5.08
2014-02-17,,12.7
2014-02-18,,10.16
2014-02-19,,12.7
2014-02-20,,12.7
2014-02-21,,12.7
2014-02-22,,12.7
2014-02-23,,12.7
2014-02-24,,12.7
2014-02-25,,10.16
2014-02-26,,7.62
2014-02-27,,10.16
2014-02-28,,12.7
2014-03-01,,12.7
2014-03-02,,10.16
2014-03-03,,7.62
2014-03-04,,5.08
2014-03-05,,5.08
2014-03-06,,5.08
2014-03-07,,5.08
2014-03-08,,5.08
2014-03-09,,5.08
2014-03-10,,5.08
2014-03-11,,10.16
2014-03-12,,7.62
2014-03-13,,5.08
2014-03-14,,5.08
2014-03-15,,5.08
2014-03-16,,5.08
2014-03-17,,7.62
2014-03-18,,7.62
2014-03-19,,5.08
2014-03-20,,5.08
2014-03-21,,5.08
2014-03-22,,5.08
2014-03-23,,5.08
2014-03-24,,5.08
2014-03-25,,5.08
2014-03-26,,7.62
2014-03-27,,10.16
2014-03-28,,7.62
2014-03-29,,5.08
2014-03-30,,2.54
2014-03-31,,5.08
2014-04-01,,22.86
2014-04-02,,12.7
2014-04-03,,7.62
2014-04-04,,5.08
2014-04-05,,2.54
2014-04-06,,5.08
2014-04-07,,5.08
2014-04-08,,5.08
2014-04-09,,5.08
2014-04-10,,5.08
2014-04-11,,5.08
2014-04-12,,5.08
2014-04-13,,5.08
2014-04-14,,5.08
2014-04-15,,5.08
2014-04-16,,5.08
2014-04-17,,5.08
2014-04-18,,5.08
2014-04-19,,5.08
2014-04-20,,5.08
2014-04-21,,5.08
2014-04-22,,5.08
2014-04-23,,5.08
2014-04-24,,5.08
2014-04-25,,5.08
2014-04-26,,5.08
2014-04-27,,5.08
2014-04-28,,5.08
2014-04-29,,5.08
2014-04-30,,5.08
2014-05-01,,5.08
2014-05-02,,5.08
2014-05-03,,5.08
2014-05-04,,5.08
2014-05-05,,5.08
2014-05-06,,5.08
2014-05-07,,5.08
2014-05-08,,5.08
2014-05-09,,5.08
2014-05-10,,5.08
2014-05-11,,5.08
2014-05-12,,5.08
2014-05-13,,5.08
2014-05-14,,5.08
2014-05-15,,5.08
2014-05-16,,5.08
2014-05-17,,5.08
2014-05-18,,5.08
2014-05-19,,5.08
2014-05-20,,5.08
2014-05-21,,5.08
2014-05-22,,5.08
2014-05-23,,5.08
2014-05-24,,5.08
2014-05-25,,5.08
2014-05-26,,5.08
2014-05-27,,2.54
2014-05-28,,5.08
2014-05-29,,5.08
2014-05-30,,7.62
2014-05-31,,5.08
2014-06-01,,2.54
2014-06-02,,5.08
2014-06-03,,2.54
2014-06-04,,5.08
2014-06-05,,5.08
2014-06-06,,10.16
2014-06-07,,5.08
2014-06-08,,7.62
2014-06-09,,5.08
2014-06-10,,2.54
2014-06-11,,7.62
2014-06-12,,7.62
2014-06-13,,5.08
2014-06-14,,
2014-06-15,,5.08
2014-06-16,,5.08
2014-06-17,,10.16
2014-06-18,,5.08
2014-06-19,,7.62
2014-06-20,,2.54
2014-06-21,,5.08
2014-06-22,,5.08
2014-06-23,,5.08
2014-06-24,,5.08
2014-06-25,,5.08
2014-06-26,,5.08
2014-06-27,,5.08
2014-06-28,,7.62
2014-06-29,,10.16
2014-06-30,,2.54
2014-07-01,,10.16
2014-07-02,,2.54
2014-07-03,,5.08
2014-07-04,,2.54
2014-07-05,,5.08
2014-07-06,,7.62
2014-07-07,,5.08
2014-07-08,,2.54
2014-07-09,,5.08
2014-07-10,,2.54
2014-07-11,,5.08
2014-07-12,,2.54
2014-07-13,,5.08
2014-07-14,,2.54
2014-07-15,,5.08
2014-07-16,,5.08
2014-07-17,,5.08
2014-07-18,,5.08
2014-07-19,,5.08
2014-07-20,,5.08
2014-07-21,,5.08
2014-07-22,,5.08
2014-07-23,,5.08
2014-07-24,,5.08
2014-07-25,,5.08
2014-07-26,,5.08
2014-07-27,,5.08
2014-07-28,,5.08
2014-07-29,,5.08
2014-07-30,,5.08
2014-07-31,,5.08
2014-08-01,,5.08
2014-08-02,,5.08
2014-08-03,,5.08
2014-08-04,,5.08
2014-08-05,,5.08
2014-08-06,,2.54
2014-08-07,,5.08
2014-08-08,,5.08
2014-08-09,,5.08
2014-08-10,,5.08
2014-08-11,,5.08
2014-08-12,,5.08
2014-08-13,,5.08
2014-08-14,,5.08
2014-08-15,,5.08
2014-08-16,,5.08
2014-08-17,,5.08
2014-08-18,,5.08
2014-08-19,,5.08
2014-08-20,,2.54
2014-08-21,,5.08
2014-08-22,,5.08
2014-08-23,,5.08
2014-08-24,,5.08
2014-08-25,,2.54
2014-08-26,,5.08
2014-08-27,,5.08
2014-08-28,,5.08
2014-08-29,,2.54
2014-08-30,,5.08
2014-08-31,,5.08
2014-09-01,,5.08
2014-09-02,,5.08
2014-09-03,,5.08
2014-09-04,,5.08
2014-09-05,,5.08
2014-09-06,,5.08
2014-09-07,,5.08
2014-09-08,,5.08
2014-09-09,,5.08
2014-09-10,,5.08
2014-09-11,,5.08
2014-09-12,,5.08
2014-09-13,,5.08
2014-09-14,,5.08
2014-09-15,,5.08
2014-09-16,,5.08
2014-09-17,,5.08
2014-09-18,,5.08
2014-09-19,,5.08
2014-09-20,,5.08
2014-09-21,,2.54
2014-09-22,,5.08
2014-09-23,,5.08
2014-09-24,,5.08
2014-09-25,,5.08
2014-09-26,,5.08
2014-09-27,,5.08
2014-09-28,,5.08
2014-09-29,,5.08
2014-09-30,,5.08
2014-10-01,0.0,5.08
2014-10-02,0.0,5.08
2014-10-03,0.0,5.08
2014-10-04,0.0,5.08
2014-10-05,0.0,5.08
2014-10-06,0.0,5.08
2014-10-07,0.0,5.08
2014-10-08,0.0,5.08
2014-10-09,0.0,5.08
2014-10-10,0.0,5.08
2014-10-11,0.0,5.08
2014-10-12,0.0,5.08
2014-10-13,0.0,5.08
2014-10-14,0.0,5.08
2014-10-15,0.0,5.08
2014-10-16,0.0,5.08
2014-10-17,0.0,5.08
2014-10-18,0.0,5.08
2014-10-19,0.0,
2014-10-20,0.0,5.08
2014-10-21,0.0,5.08
2014-10-22,0.0,2.54
2014-10-23,0.0,2.54
2014-10-24,0.0,2.54
2014-10-25,0.0,5.08
2014-10-26,0.0,5.08
2014-10-27,0.0,5.08
2014-10-28,0.0,2.54
2014-10-29,0.0,2.54
2014-10-30,0.0,0.0
2014-10-31,0.0,5.08
2014-11-01,0.0,5.08
2014-11-02,0.0,2.54
2014-11-03,0.0,5.08
2014-11-04,0.0,5.08
2014-11-05,0.0,5.08
2014-11-06,0.0,5.08
2014-11-07,0.0,5.08
2014-11-08,0.0,5.08
2014-11-09,0.0,5.08
2014-11-10,0.0,5.08
2014-11-11,0.0,5.08
2014-11-12,0.0,5.08
2014-11-13,0.0,5.08
2014-11-14,0.0,5.08
2014-11-15,0.0,5.08
2014-11-16,0.0,5.08
2014-11-17,0.0,5.08
2014-11-18,0.0,5.08
2014-11-19,0.0,5.08
2014-11-20,0.61,5.08
2014-11-21,0.61,5.08
2014-11-22,0.0,5.08
2014-11-23,0.61,5.08
2014-11-24,0.305,7.62
2014-11-25,0.0,5.08
2014-11-26,0.0,
2014-11-27,0.0,5.08
2014-11-28,0.0,5.08
2014-11-29,0.305,5.08
2014-11-30,0.0,
2014-12-01,0.0,5.08
2014-12-02,0.0,5.08
2014-12-03,0.0,5.08
2014-12-04,0.0,5.08
2014-12-05,0.0,5.08
2014-12-06,0.0,5.08
2014-12-07,0.0,5.08
2014-12-08,0.0,5.08
2014-12-09,0.0,5.08
2014-12-10,0.0,5.08
2014-12-11,0.0,5.08
2014-12-12,0.0,5.08
2014-12-13,0.0,5.08
2014-12-14,0.305,5.08
2014-12-15,0.305,7.62
2014-12-16,0.61,12.7
2014-12-17,1.219,
2014-12-18,1.524,12.7
2014-12-19,3.353,22.86
2014-12-20,3.962,20.32
2014-12-21,3.658,15.24
2014-12-22,2.134,7.62
2014-12-23,1.219,7.62
2014-12-24,1.829,7.62
2014-12-25,1.829,15.24
2014-12-26,1.829,15.24
2014-12-27,1.829,
2014-12-28,1.829,15.24
2014-12-29,1.524,
2014-12-30,0.61,12.7
2014-12-31,4.267,15.24
2015-01-01,4.572,15.24
2015-01-02,4.877,15.24
2015-01-03,4.877,15.24
2015-01-04,4.267,15.24
2015-01-05,3.353,15.24
2015-01-06,2.743,15.24
2015-01-07,2.438,15.24
2015-01-08,2.438,15.24
2015-01-09,2.438,15.24
2015-01-10,1.829,15.24
2015-01-11,2.134,12.7
2015-01-12,2.438,7.62
2015-01-13,1.829,10.16
2015-01-14,2.794,10.16
2015-01-15,3.962,7.62
2015-01-16,2.134,7.62
2015-01-17,0.305,7.62
2015-01-18,0.0,
2015-01-19,0.0,5.08
2015-01-20,0.0,5.08
2015-01-21,4.572,5.08
2015-01-22,2.438,5.08
2015-01-23,0.914,5.08
2015-01-24,0.914,5.08
2015-01-25,0.914,5.08
2015-01-26,0.61,5.08
2015-01-27,0.0,5.08
2015-01-28,0.305,5.08
2015-01-29,0.305,5.08
2015-01-30,0.305,5.08
2015-01-31,0.0,5.08
2015-02-01,0.914,5.08
2015-02-02,1.219,5.08
2015-02-03,0.61,2.54
2015-02-04,0.0,
2015-02-05,0.0,5.08
2015-02-06,0.305,5.08
2015-02-07,0.0,5.08
2015-02-08,0.0,2.54
2015-02-09,0.0,5.08
2015-02-10,0.0,5.08
2015-02-11,0.0,5.08
2015-02-12,0.0,5.08
2015-02-13,0.0,5.08
2015-02-14,0.0,5.08
2015-02-15,0.0,5.08
2015-02-16,0.0,5.08
2015-02-17,0.0,5.08
2015-02-18,0.0,2.54
2015-02-19,0.0,5.08
2015-02-20,0.0,5.08
2015-02-21,0.0,5.08
2015-02-22,0.0,5.08
2015-02-23,0.61,5.08
2015-02-24,1.219,5.08
2015-02-25,0.0,5.08
2015-02-26,0.0,5.08
2015-02-27,0.0,5.08
2015-02-28,0.0,
2015-03-01,0.0,5.08
2015-03-02,0.0,5.08
2015-03-03,0.0,5.08
2015-03-04,0.0,5.08
2015-03-05,0.0,5.08
2015-03-06,0.0,5.08
2015-03-07,0.0,5.08
2015-03-08,0.0,5.08
2015-03-09,0.0,5.08
2015-03-10,0.0,5.08
2015-03-11,0.0,5.08
2015-03-12,0.0,5.08
2015-03-13,0.0,5.08
2015-03-14,0.0,5.08
2015-03-15,0.0,5.08
2015-03-16,0.0,5.08
2015-03-17,0.0,5.08
2015-03-18,0.0,5.08
2015-03-19,0.0,5.08
2015-03-20,0.0,5.08
2015-03-21,0.0,5.08
2015-03-22,0.0,5.08
2015-03-23,0.0,0.0
2015-03-24,0.0,5.08
2015-03-25,0.0,5.08
2015-03-26,0.0,5.08
2015-03-27,0.0,
2015-03-28,0.0,5.08
2015-03-29,0.0,5.08
2015-03-30,0.0,5.08
2015-03-31,0.0,5.08
2015-04-01,0.0,5.08
2015-04-02,0.0,5.08
2015-04-03,0.0,5.08
2015-04-04,0.0,5.08
2015-04-05,0.0,5.08
2015-04-06,0.914,15.24
2015-04-07,2.743,
2015-04-08,3.962,33.02
2015-04-09,3.658,22.86
2015-04-10,3.048,15.24
2015-04-11,2.134,10.16
2015-04-12,2.134,7.62
2015-04-13,0.61,5.08
2015-04-14,0.0,7.62
2015-04-15,0.0,5.08
2015-04-16,0.0,5.08
2015-04-17,0.0,5.08
2015-04-18,0.0,5.08
2015-04-19,0.0,5.08
2015-04-20,0.0,5.08
2015-04-21,0.0,5.08
2015-04-22,0.0,5.08
2015-04-23,0.0,5.08
2015-04-24,0.0,5.08
2015-04-25,0.0,5.08
2015-04-26,0.0,5.08
2015-04-27,0.0,5.08
2015-04-28,0.0,5.08
2015-04-29,0.0,5.08
2015-04-30,0.0,5.08
2015-05-01,0.0,5.08
2015-05-02,0.0,5.08
2015-05-03,0.0,5.08
2015-05-04,0.0,5.08
2015-05-05,0.0,5.08
2015-05-06,0.0,5.08
2015-05-07,0.0,5.08
2015-05-08,0.0,5.08
2015-05-09,0.0,5.08
2015-05-10,0.0,5.08
2015-05-11,0.0,5.08
2015-05-12,0.0,5.08
2015-05-13,0.0,5.08
2015-05-14,0.0,5.08
2015-05-15,0.0,5.08
2015-05-16,0.0,5.08
2015-05-17,0.0,5.08
2015-05-18,0.0,5.08
2015-05-19,0.0,5.08
2015-05-20,0.0,5.08
2015-05-21,0.0,
2015-05-22,0.0,2.54
2015-05-23,0.0,5.08
2015-05-24,0.0,5.08
2015-05-25,0.0,2.54
2015-05-26,0.0,2.54
2015-05-27,0.0,5.08
2015-05-28,0.0,5.08
2015-05-29,0.0,5.08
2015-05-30,0.0,2.54
2015-05-31,0.0,5.08
2015-06-01,0.0,7.62
2015-06-02,0.0,5.08
2015-06-03,0.0,5.08
2015-06-04,0.0,5.08
2015-06-05,0.0,2.54
2015-06-06,0.0,5.08
2015-06-07,0.0,5.08
2015-06-08,0.0,5.08
2015-06-09,0.0,2.54
2015-06-10,0.0,5.08
2015-06-11,0.0,5.08
2015-06-12,0.0,5.08
2015-06-13,0.0,5.08
2015-06-14,0.0,2.54
2015-06-15,0.0,5.08
2015-06-16,0.0,7.62
2015-06-17,0.0,5.08
2015-06-18,0.0,5.08
2015-06-19,0.0,7.62
2015-06-20,0.0,10.16
2015-06-21,0.0,2.54
2015-06-22,0.0,5.08
2015-06-23,0.0,7.62
2015-06-24,0.0,2.54
2015-06-25,0.0,2.54
2015-06-26,0.0,5.08
2015-06-27,0.0,5.08
2015-06-28,0.0,2.54
2015-06-29,0.0,5.08
2015-06-30,0.0,5.08
2015-07-01,0.0,5.08
2015-07-02,0.0,2.54
2015-07-03,0.0,2.54
2015-07-04,0.0,2.54
2015-07-05,0.0,2.54
2015-07-06,0.0,2.54
2015-07-07,0.0,2.54
2015-07-08,0.0,2.54
2015-07-09,0.0,5.08
2015-07-10,0.0,5.08
2015-07-11,0.0,5.08
2015-07-12,0.0,5.08
2015-07-13,0.0,5.08
2015-07-14,0.0,5.08
2015-07-15,0.0,2.54
2015-07-16,0.0,5.08
2015-07-17,0.0,5.08
2015-07-18,0.0,5.08
2015-07-19,0.0,5.08
2015-07-20,0.0,5.08
2015-07-21,0.0,7.62
2015-07-22,0.0,5.08
2015-07-23,0.0,5.08
2015-07-24,0.0,5.08
2015-07-25,0.0,5.08
2015-07-26,0.0,5.08
2015-07-27,0.0,5.08
2015-07-28,0.0,5.08
2015-07-29,0.0,5.08
2015-07-30,0.0,
2015-07-31,0.0,
2015-08-01,0.0,
2015-08-02,0.0,
2015-08-03,0.0,
2015-08-04,0.0,0.0
2015-08-05,0.0,5.08
2015-08-06,0.0,
2015-08-07,0.0,
2015-08-08,0.0,
2015-08-09,0.0,
2015-08-10,0.0,
2015-08-11,0.0,
2015-08-12,0.0,
2015-08-13,0.0,0.0
2015-08-14,0.0,0.0
2015-08-15,0.0,0.0
2015-08-16,0.0,0.0
2015-08-17,0.0,0.0
2015-08-18,0.0,0.0
2015-08-19,0.0,
2015-08-20,0.0,
2015-08-21,0.0,5.08
2015-08-22,0.0,0.0
2015-08-23,0.0,
2015-08-24,0.0,
2015-08-25,0.0,0.0
2015-08-26,0.0,
2015-08-27,0.0,0.0
2015-08-28,0.0,
2015-08-29,0.0,
2015-08-30,0.0,0.0
2015-08-31,0.0,
2015-09-01,0.0,
2015-09-02,0.0,0.0
2015-09-03,0.0,0.0
2015-09-04,0.0,0.0
2015-09-05,0.0,
2015-09-06,0.0,0.0
2015-09-07,0.0,2.54
2015-09-08,0.0,0.0
2015-09-09,0.0,
2015-09-10,0.0,5.08
2015-09-11,0.0,0.0
2015-09-12,0.0,2.54
2015-09-13,0.0,
2015-09-14,0.0,
2015-09-15,0.0,
2015-09-16,0.0,
2015-09-17,0.0,0.0
2015-09-18,0.0,0.0
2015-09-19,0.0,
2015-09-20,0.0,0.0
2015-09-21,0.0,0.0
2015-09-22,0.0,
2015-09-23,0.0,0.0
2015-09-24,0.0,5.08
2015-09-25,0.0,5.08
2015-09-26,0.0,0.0
2015-09-27,0.0,0.0
2015-09-28,0.0,0.0
2015-09-29,0.0,0.0
2015-09-30,0.0,0.0
2015-10-01,0.0,0.0
2015-10-02,0.0,0.0
2015-10-03,0.0,5.08
2015-10-04,0.0,
2015-10-05,0.0,5.08
2015-10-06,0.0,0.0
2015-10-07,0.0,2.54
2015-10-08,0.0,0.0
2015-10-09,0.0,5.08
2015-10-10,0.0,0.0
2015-10-11,0.0,0.0
2015-10-12,0.0,0.0
2015-10-13,0.0,0.0
2015-10-14,0.0,0.0
2015-10-15,0.0,0.0
2015-10-16,0.0,
2015-10-17,0.0,0.0
2015-10-18,0.0,0.0
2015-10-19,0.0,
2015-10-20,0.0,2.54
2015-10-21,0.0,5.08
2015-10-22,0.0,2.54
2015-10-23,0.0,2.54
2015-10-24,0.0,
2015-10-25,0.0,
2015-10-26,0.0,2.54
2015-10-27,0.0,
2015-10-28,0.0,0.0
2015-10-29,0.0,0.0
2015-10-30,0.0,0.0
2015-10-31,0.0,0.0
2015-11-01,0.0,2.54
2015-11-02,0.0,0.0
2015-11-03,0.0,5.08
2015-11-04,0.0,2.54
2015-11-05,0.0,2.54
2015-11-06,0.0,2.54
2015-11-07,0.0,2.54
2015-11-08,0.0,0.0
2015-11-09,0.0,2.54
2015-11-10,0.0,0.0
2015-11-11,0.0,7.62
2015-11-12,0.0,7.62
2015-11-13,0.0,0.0
2015-11-14,0.0,0.0
2015-11-15,0.0,2.54
2015-11-16,2.134,10.16
2015-11-17,2.743,12.7
2015-11-18,1.27,7.62
2015-11-19,0.762,5.08
2015-11-20,0.508,2.54
2015-11-21,0.0,5.08
2015-11-22,0.0,2.54
2015-11-23,0.0,2.54
2015-11-24,0.0,2.54
2015-11-25,0.61,12.7
2015-11-26,0.61,10.16
2015-11-27,0.61,10.16
2015-11-28,0.0,10.16
2015-11-29,0.0,10.16
2015-11-30,1.524,10.16
2015-12-01,0.305,12.7
2015-12-02,0.0,10.16
2015-12-03,0.61,7.62
2015-12-04,3.353,25.4
2015-12-05,3.658,20.32
2015-12-06,6.096,45.72
2015-12-07,6.706,43.18
2015-12-08,6.706,30.48
2015-12-09,7.315,27.94
2015-12-10,7.01,454.66
2015-12-11,7.925,40.64
2015-12-12,8.534,43.18
2015-12-13,9.754,43.18
2015-12-14,12.192,58.42
2015-12-15,12.192,55.88
2015-12-16,12.192,50.8
2015-12-17,12.497,55.88
2015-12-18,12.802,454.66
2015-12-19,14.935,73.66
2015-12-20,15.24,76.2
2015-12-21,16.154,86.36
2015-12-22,20.726,109.22
2015-12-23,21.031,93.98
2015-12-24,21.946,109.22
2015-12-25,24.079,127.0
2015-12-26,24.079,116.84
2015-12-27,24.079,111.76
2015-12-28,24.689,116.84
2015-12-29,24.994,111.76
2015-12-30,24.994,114.3
2015-12-31,24.994,109.22
2016-01-01,24.994,106.68
2016-01-02,24.994,106.68
2016-01-03,25.298,104.14
2016-01-04,25.603,104.14
2016-01-05,28.042,124.46
2016-01-06,28.956,454.66
2016-01-07,29.566,132.08
2016-01-08,29.566,127.0
2016-01-09,30.175,129.54
2016-01-10,31.09,142.24
2016-01-11,31.394,134.62
2016-01-12,31.394,127.0
2016-01-13,31.09,132.08
2016-01-14,32.918,139.7
2016-01-15,36.271,160.02
2016-01-16,37.795,160.02
2016-01-17,39.319,157.48
2016-01-18,37.186,144.78
2016-01-19,38.1,129.54
2016-01-20,39.319,142.24
2016-01-21,39.929,139.7
2016-01-22,40.538,137.16
2016-01-23,39.929,134.62
2016-01-24,41.148,134.62
2016-01-25,42.977,134.62
2016-01-26,43.282,142.24
2016-01-27,43.586,139.7
2016-01-28,43.282,137.16
2016-01-29,43.282,132.08
2016-01-30,42.672,139.7
2016-01-31,43.891,142.24
2016-02-01,44.196,137.16
2016-02-02,44.196,139.7
2016-02-03,44.501,142.24
2016-02-04,44.806,144.78
2016-02-05,44.806,144.78
2016-02-06,44.806,144.78
2016-02-07,44.806,142.24
2016-02-08,44.806,137.16
2016-02-09,44.501,139.7
2016-02-10,44.501,137.16
2016-02-11,44.501,134.62
2016-02-12,44.501,134.62
2016-02-13,44.501,134.62
2016-02-14,45.11,132.08
2016-02-15,43.586,129.54
2016-02-16,44.196,127.0
2016-02-17,44.501,127.0
2016-02-18,44.806,134.62
2016-02-19,46.025,137.16
2016-02-20,47.549,152.4
2016-02-21,48.158,149.86
2016-02-22,48.768,144.78
2016-02-23,48.768,144.78
2016-02-24,48.768,139.7
2016-02-25,47.854,139.7
2016-02-26,47.244,137.16
2016-02-27,46.634,132.08
2016-02-28,46.634,132.08
2016-02-29,46.939,129.54
2016-03-01,47.244,129.54
2016-03-02,46.939,127.0
2016-03-03,46.634,124.46
2016-03-04,46.634,121.92
2016-03-05,46.634,119.38
2016-03-06,42.062,116.84
2016-03-07,40.538,137.16
2016-03-08,39.624,134.62
2016-03-09,40.538,139.7
2016-03-10,44.196,129.54
2016-03-11,42.672,124.46
2016-03-12,41.148,121.92
2016-03-13,44.501,157.48
2016-03-14,47.244,152.4
2016-03-15,49.378,152.4
2016-03-16,50.597,147.32
2016-03-17,51.511,144.78
2016-03-18,51.511,142.24
2016-03-19,51.206,139.7
2016-03-20,50.597,134.62
2016-03-21,48.768,129.54
2016-03-22,51.511,454.66
2016-03-23,53.035,149.86
2016-03-24,53.645,147.32
2016-03-25,54.254,142.24
2016-03-26,54.254,139.7
2016-03-27,53.34,137.16
2016-03-28,53.035,134.62
2016-03-29,53.035,134.62
2016-03-30,53.34,132.08
2016-03-31,53.035,129.54
2016-04-01,52.121,127.0
2016-04-02,51.206,121.92
2016-04-03,49.987,116.84
2016-04-04,48.463,114.3
2016-04-05,47.244,111.76
2016-04-06,46.025,109.22
2016-04-07,44.501,104.14
2016-04-08,42.672,96.52
2016-04-09,40.538,88.9
2016-04-10,37.795,83.82
2016-04-11,34.747,71.12
2016-04-12,31.699,63.5
2016-04-13,28.651,60.96
2016-04-14,27.737,63.5
2016-04-15,28.042,63.5
2016-04-16,27.432,58.42
2016-04-17,26.213,53.34
2016-04-18,24.079,48.26
2016-04-19,21.946,43.18
2016-04-20,19.812,38.1
2016-04-21,17.678,33.02
2016-04-22,15.85,25.4
2016-04-23,14.326,22.86
2016-04-24,12.497,20.32
2016-04-25,11.582,17.78
2016-04-26,10.058,15.24
2016-04-27,8.839,12.7
2016-04-28,7.62,10.16
2016-04-29,4.572,5.08
2016-04-30,2.743,0.0
2016-05-01,0.914,
2016-05-02,0.0,
2016-05-03,0.0,0.0
2016-05-04,0.0,
2016-05-05,0.0,
2016-05-06,0.0,
2016-05-07,0.0,
2016-05-08,0.0,
2016-05-09,0.0,0.0
2016-05-10,0.0,0.0
2016-05-11,0.0,0.0
2016-05-12,0.0,
2016-05-13,0.0,
2016-05-14,0.0,
2016-05-15,0.0,
2016-05-16,0.0,0.0
2016-05-17,0.0,
2016-05-18,0.0,0.0
2016-05-19,0.0,0.0
2016-05-20,0.0,
2016-05-21,0.0,
2016-05-22,0.0,
2016-05-23,0.0,0.0
2016-05-24,0.0,
2016-05-25,0.0,0.0
2016-05-26,0.0,
2016-05-27,0.0,0.0
2016-05-28,0.0,0.0
2016-05-29,0.0,
2016-05-30,0.0,
2016-05-31,0.0,
2016-06-01,0.0,0.0
2016-06-02,0.0,
2016-06-03,0.0,
2016-06-04,0.0,0.0
2016-06-05,0.0,0.0
2016-06-06,0.0,
2016-06-07,0.0,
2016-06-08,0.0,0.0
2016-06-09,0.0,7.62
2016-06-10,0.0,0.0
2016-06-11,0.0,2.54
2016-06-12,0.0,
2016-06-13,0.0,0.0
2016-06-14,0.0,2.54
2016-06-15,0.0,7.62
2016-06-16,0.0,0.0
2016-06-17,0.0,
2016-06-18,0.0,
2016-06-19,0.0,5.08
2016-06-20,0.0,2.54
2016-06-21,0.0,7.62
2016-06-22,0.0,
2016-06-23,0.0,5.08
2016-06-24,0.0,5.08
2016-06-25,0.0,0.0
2016-06-26,0.0,7.62
2016-06-27,0.0,5.08
2016-06-28,0.0,7.62
2016-06-29,0.0,2.54
2016-06-30,0.0,5.08
2016-07-01,0.0,
2016-07-02,0.0,0.0
2016-07-03,0.0,
2016-07-04,0.0,
2016-07-05,0.0,5.08
2016-07-06,0.0,0.0
2016-07-07,0.0,
2016-07-08,0.0,5.08
2016-07-09,0.0,2.54
2016-07-10,0.0,5.08
2016-07-11,0.0,17.78
2016-07-12,0.0,0.0
2016-07-13,0.0,15.24
2016-07-14,0.0,
2016-07-15,0.0,17.78
2016-07-16,0.0,17.78
2016-07-17,0.0,17.78
2016-07-18,0.0,17.78
2016-07-19,0.0,
2016-07-20,0.0,12.7
2016-07-21,0.0,20.32
2016-07-22,0.0,15.24
2016-07-23,0.0,0.0
2016-07-24,0.0,5.08
2016-07-25,0.0,
2016-07-26,0.0,5.08
2016-07-27,0.0,5.08
2016-07-28,0.0,0.0
2016-07-29,0.0,2.54
2016-07-30,0.0,2.54
2016-07-31,0.0,2.54
2016-08-01,0.0,2.54
2016-08-02,0.0,2.54
2016-08-03,0.0,2.54
2016-08-04,0.0,0.0
2016-08-05,0.0,2.54
2016-08-06,0.0,5.08
2016-08-07,0.0,2.54
2016-08-08,0.0,2.54
2016-08-09,0.0,2.54
2016-08-10,0.0,2.54
2016-08-11,0.0,2.54
2016-08-12,0.0,2.54
2016-08-13,0.0,2.54
2016-08-14,0.0,0.0
2016-08-15,0.0,2.54
2016-08-16,0.0,2.54
2016-08-17,0.0,2.54
2016-08-18,0.0,2.54
2016-08-19,0.0,2.54
2016-08-20,0.0,2.54
2016-08-21,0.0,5.08
2016-08-22,0.0,5.08
2016-08-23,0.0,2.54
2016-08-24,0.0,2.54
2016-08-25,0.0,2.54
2016-08-26,0.0,2.54
2016-08-27,0.0,2.54
2016-08-28,0.0,2.54
2016-08-29,0.0,2.54
2016-08-30,0.0,2.54
2016-08-31,0.0,2.54
2016-09-01,0.0,2.54
2016-09-02,0.0,2.54
2016-09-03,0.0,2.54
2016-09-04,0.0,2.54
2016-09-05,0.0,2.54
2016-09-06,0.0,2.54
2016-09-07,0.0,2.54
2016-09-08,0.0,2.54
2016-09-09,0.0,2.54
2016-09-10,0.0,2.54
2016-09-11,0.0,2.54
2016-09-12,0.0,2.54
2016-09-13,0.0,2.54
2016-09-14,0.0,2.54
2016-09-15,0.0,2.54
2016-09-16,0.0,2.54
2016-09-17,0.0,2.54
2016-09-18,0.0,2.54
2016-09-19,0.0,2.54
2016-09-20,0.0,2.54
2016-09-21,0.0,2.54
2016-09-22,0.0,2.54
2016-09-23,0.0,2.54
2016-09-24,0.0,2.54
2016-09-25,0.0,2.54
2016-09-26,0.0,2.54
2016-09-27,0.0,2.54
2016-09-28,0.0,0.0
2016-09-29,0.0,2.54
2016-09-30,0.0,2.54
2016-10-01,0.0,2.54
2016-10-02,0.0,2.54
2016-10-03,0.0,5.08
2016-10-04,0.0,2.54
2016-10-05,0.0,2.54
2016-10-06,0.0,2.54
2016-10-07,0.0,2.54
2016-10-08,0.0,2.54
2016-10-09,0.0,2.54
2016-10-10,0.0,2.54
2016-10-11,0.0,2.54
2016-10-12,0.0,2.54
2016-10-13,0.0,2.54
2016-10-14,0.0,2.54
2016-10-15,0.0,2.54
2016-10-16,0.0,2.54
2016-10-17,0.0,2.54
2016-10-18,0.0,2.54
2016-10-19,0.0,2.54
2016-10-20,0.0,2.54
2016-10-21,0.0,2.54
2016-10-22,0.0,2.54
2016-10-23,0.0,2.54
2016-10-24,0.0,2.54
2016-10-25,0.0,2.54
2016-10-26,0.0,2.54
2016-10-27,0.0,2.54
2016-10-28,0.0,2.54
2016-10-29,0.0,2.54
2016-10-30,0.0,2.54
2016-10-31,0.0,2.54
2016-11-01,0.0,2.54
2016-11-02,0.0,2.54
2016-11-03,0.0,5.08
2016-11-04,0.0,
2016-11-05,0.0,0.0
2016-11-06,0.0,2.54
2016-11-07,0.0,2.54
2016-11-08,0.0,2.54
2016-11-09,0.0,2.54
2016-11-10,0.0,2.54
2016-11-11,0.0,2.54
2016-11-12,0.0,2.54
2016-11-13,0.0,2.54
2016-11-14,0.0,2.54
2016-11-15,0.0,0.0
2016-11-16,0.0,2.54
2016-11-17,0.0,2.54
2016-11-18,0.0,5.08
2016-11-19,1.829,12.7
2016-11-20,3.353,25.4
2016-11-21,3.658,22.86
2016-11-22,3.353,20.32
2016-11-23,4.267,33.02
2016-11-24,4.572,30.48
2016-11-25,4.877,
2016-11-26,6.096,40.64
2016-11-27,9.144,71.12
2016-11-28,10.058,66.04
2016-11-29,10.058,60.96
2016-11-30,10.058,58.42
2016-12-01,10.058,60.96
2016-12-02,10.058,58.42
2016-12-03,10.058,55.88
2016-12-04,10.058,50.8
2016-12-05,10.058,48.26
2016-12-06,9.754,48.26
2016-12-07,9.754,50.8
2016-12-08,10.668,60.96
2016-12-09,10.973,58.42
2016-12-10,11.887,58.42
2016-12-11,11.278,53.34
2016-12-12,11.278,53.34
2016-12-13,11.278,53.34
2016-12-14,11.887,58.42
2016-12-15,12.192,48.26
2016-12-16,11.887,48.26
2016-12-17,11.278,48.26
2016-12-18,10.973,48.26
2016-12-19,13.106,48.26
2016-12-20,13.106,48.26
2016-12-21,11.582,45.72
2016-12-22,11.278,45.72
2016-12-23,13.106,55.88
2016-12-24,14.326,76.2
2016-12-25,14.021,73.66
2016-12-26,14.021,71.12
2016-12-27,14.63,66.04
2016-12-28,14.63,66.04
2016-12-29,14.63,66.04
2016-12-30,14.63,63.5
2016-12-31,15.24,
2017-01-01,14.935,66.04
2017-01-02,15.85,83.82
2017-01-03,16.459,86.36
2017-01-04,20.726,114.3
2017-01-05,21.031,109.22
2017-01-06,20.726,104.14
2017-01-07,21.641,96.52
2017-01-08,24.994,116.84
2017-01-09,24.079,114.3
2017-01-10,26.213,132.08
2017-01-11,29.566,137.16
2017-01-12,30.175,121.92
2017-01-13,30.175,121.92
2017-01-14,30.48,121.92
2017-01-15,30.785,121.92
2017-01-16,30.785,121.92
2017-01-17,31.09,121.92
2017-01-18,32.309,121.92
2017-01-19,38.405,170.18
2017-01-20,40.234,182.88
2017-01-21,42.062,190.5
2017-01-22,45.415,208.28
2017-01-23,46.634,205.74
2017-01-24,46.939,195.58
2017-01-25,47.244,190.5
2017-01-26,47.549,182.88
2017-01-27,47.549,180.34
2017-01-28,47.549,177.8
2017-01-29,47.854,172.72
2017-01-30,48.158,167.64
2017-01-31,48.158,167.64
2017-02-01,48.463,165.1
2017-02-02,48.768,167.64
2017-02-03,50.292,165.1
2017-02-04,49.073,160.02
2017-02-05,49.378,157.48
2017-02-06,50.292,154.94
2017-02-07,54.559,175.26
2017-02-08,54.559,165.1
2017-02-09,54.254,152.4
2017-02-10,58.522,144.78
2017-02-11,58.217,144.78
2017-02-12,57.607,142.24
2017-02-13,56.998,142.24
2017-02-14,57.302,139.7
2017-02-15,56.998,139.7
2017-02-16,57.607,142.24
2017-02-17,57.302,139.7
2017-02-18,59.741,152.4
2017-02-19,60.35,149.86
2017-02-20,61.874,152.4
2017-02-21,60.96,152.4
2017-02-22,61.57,160.02
2017-02-23,61.874,157.48
2017-02-24,62.484,157.48
2017-02-25,62.484,162.56
2017-02-26,62.179,160.02
2017-02-27,62.179,160.02
2017-02-28,62.484,165.1
2017-03-01,62.484,162.56
2017-03-02,62.179,160.02
2017-03-03,61.874,160.02
2017-03-04,61.57,160.02
2017-03-05,62.484,165.1
2017-03-06,63.703,180.34
2017-03-07,64.313,182.88
2017-03-08,64.313,177.8
2017-03-09,64.313,165.1
2017-03-10,62.484,160.02
2017-03-11,62.789,157.48
2017-03-12,63.094,157.48
2017-03-13,63.094,157.48
2017-03-14,63.398,154.94
2017-03-15,62.789,152.4
2017-03-16,61.265,149.86
2017-03-17,61.265,147.32
2017-03-18,60.96,144.78
2017-03-19,59.741,142.24
2017-03-20,58.826,139.7
2017-03-21,58.217,134.62
2017-03-22,56.998,132.08
2017-03-23,56.083,134.62
2017-03-24,56.388,152.4
2017-03-25,59.131,170.18
2017-03-26,59.436,162.56
2017-03-27,60.35,167.64
2017-03-28,60.35,162.56
2017-03-29,60.35,157.48
2017-03-30,59.436,149.86
2017-03-31,58.826,149.86
2017-04-01,58.826,147.32
2017-04-02,57.912,142.24
2017-04-03,57.302,139.7
2017-04-04,56.998,137.16
2017-04-05,55.474,134.62
2017-04-06,55.169,132.08
2017-04-07,56.693,144.78
2017-04-08,58.522,160.02
2017-04-09,58.826,147.32
2017-04-10,59.741,152.4
2017-04-11,58.826,144.78
2017-04-12,59.741,147.32
2017-04-13,59.741,142.24
2017-04-14,60.046,152.4
2017-04-15,60.35,142.24
2017-04-16,60.35,144.78
2017-04-17,60.96,147.32
2017-04-18,60.655,144.78
2017-04-19,59.741,139.7
2017-04-20,59.741,147.32
2017-04-21,60.046,142.24
2017-04-22,58.826,137.16
2017-04-23,57.912,134.62
2017-04-24,56.693,132.08
2017-04-25,55.778,127.0
2017-04-26,54.864,124.46
2017-04-27,53.645,121.92
2017-04-28,52.426,119.38
2017-04-29,51.511,114.3
2017-04-30,49.987,109.22
2017-05-01,47.854,104.14
2017-05-02,45.11,93.98
2017-05-03,42.367,86.36
2017-05-04,39.319,78.74
2017-05-05,35.966,71.12
2017-05-06,32.918,63.5
2017-05-07,30.48,58.42
2017-05-08,28.651,50.8
2017-05-09,26.213,45.72
2017-05-10,22.86,40.64
2017-05-11,19.812,33.02
2017-05-12,17.069,27.94
2017-05-13,14.935,22.86
2017-05-14,14.021,22.86
2017-05-15,11.887,17.78
2017-05-16,9.144,15.24
2017-05-17,7.315,7.62
2017-05-18,4.267,2.54
2017-05-19,1.829,5.08
2017-05-20,0.305,2.54
2017-05-21,0.0,2.54
2017-05-22,0.0,2.54
2017-05-23,0.0,2.54
2017-05-24,0.0,2.54
2017-05-25,0.0,2.54
2017-05-26,0.0,2.54
2017-05-27,0.0,2.54
2017-05-28,0.0,2.54
2017-05-29,0.0,2.54
2017-05-30,0.0,2.54
2017-05-31,0.0,2.54
2017-06-01,0.0,2.54
2017-06-02,0.0,2.54
2017-06-03,0.0,2.54
2017-06-04,0.0,2.54
2017-06-05,0.0,2.54
2017-06-06,0.0,2.54
2017-06-07,0.0,2.54
2017-06-08,0.0,2.54
2017-06-09,0.0,2.54
2017-06-10,0.0,2.54
2017-06-11,0.0,2.54
2017-06-12,0.0,2.54
2017-06-13,0.0,2.54
2017-06-14,0.0,2.54
2017-06-15,0.0,2.54
2017-06-16,0.0,2.54
2017-06-17,0.0,2.54
2017-06-18,0.0,2.54
2017-06-19,0.0,2.54
2017-06-20,0.0,2.54
2017-06-21,0.0,2.54
2017-06-22,0.0,2.54
2017-06-23,0.0,2.54
2017-06-24,0.0,2.54
2017-06-25,0.0,2.54
2017-06-26,0.0,2.54
2017-06-27,0.0,5.08
2017-06-28,0.0,2.54
2017-06-29,0.0,2.54
2017-06-30,0.0,2.54
2017-07-01,0.0,2.54
2017-07-02,0.0,2.54
2017-07-03,0.0,5.08
2017-07-04,0.0,0.0
2017-07-05,0.0,5.08
2017-07-06,0.0,0.0
2017-07-07,0.0,0.0
2017-07-08,0.0,7.62
2017-07-09,0.0,2.54
2017-07-10,0.0,2.54
2017-07-11,0.0,5.08
2017-07-12,0.0,2.54
2017-07-13,0.0,2.54
2017-07-14,0.0,2.54
2017-07-15,0.0,2.54
2017-07-16,0.0,7.62
2017-07-17,0.0,0.0
2017-07-18,0.0,0.0
2017-07-19,0.0,0.0
2017-07-20,0.0,5.08
2017-07-21,0.0,5.08
2017-07-22,0.0,5.08
2017-07-23,0.0,5.08
2017-07-24,0.0,0.0
2017-07-25,0.0,0.0
2017-07-26,0.0,2.54
2017-07-27,0.0,2.54
2017-07-28,0.0,2.54
2017-07-29,0.0,2.54
2017-07-30,0.0,5.08
2017-07-31,0.0,0.0
2017-08-01,0.0,2.54
2017-08-02,0.0,2.54
2017-08-03,0.0,0.0
2017-08-04,0.0,0.0
2017-08-05,0.0,5.08
2017-08-06,0.0,2.54
2017-08-07,0.0,2.54
2017-08-08,0.0,2.54
2017-08-09,0.0,2.54
2017-08-10,0.0,0.0
2017-08-11,0.0,2.54
2017-08-12,0.0,2.54
2017-08-13,0.0,2.54
2017-08-14,0.0,2.54
2017-08-15,0.0,5.08
2017-08-16,0.0,2.54
2017-08-17,0.0,2.54
2017-08-18,0.0,2.54
2017-08-19,0.0,5.08
2017-08-20,0.0,5.08
2017-08-21,0.0,0.0
2017-08-22,0.0,0.0
2017-08-23,0.0,2.54
2017-08-24,0.0,2.54
2017-08-25,0.0,2.54
2017-08-26,0.0,2.54
2017-08-27,0.0,5.08
2017-08-28,0.0,7.62
2017-08-29,0.0,2.54
2017-08-30,0.0,2.54
2017-08-31,0.0,2.54
2017-09-01,0.0,2.54
2017-09-02,0.0,7.62
2017-09-03,0.0,2.54
2017-09-04,0.0,5.08
2017-09-05,0.0,5.08
2017-09-06,0.0,2.54
2017-09-07,0.0,2.54
2017-09-08,0.0,2.54
2017-09-09,0.0,2.54
2017-09-10,0.0,2.54
2017-09-11,0.0,5.08
2017-09-12,0.0,2.54
2017-09-13,0.0,
2017-09-14,0.0,2.54
2017-09-15,0.0,5.08
2017-09-16,0.0,7.62
2017-09-17,0.0,7.62
2017-09-18,0.0,2.54
2017-09-19,0.0,2.54
2017-09-20,0.0,2.54
2017-09-21,0.0,2.54
2017-09-22,0.0,2.54
2017-09-23,0.0,2.54
2017-09-24,0.0,2.54
2017-09-25,0.0,5.08
2017-09-26,0.0,2.54
2017-09-27,0.0,2.54
2017-09-28,0.0,5.08
2017-09-29,0.0,2.54
2017-09-30,0.0,2.54
2017-10-01,0.0,2.54
2017-10-02,0.0,2.54
2017-10-03,0.0,2.54
2017-10-04,0.0,2.54
2017-10-05,0.0,2.54
2017-10-06,0.0,2.54
2017-10-07,0.0,2.54
2017-10-08,0.0,2.54
2017-10-09,0.0,2.54
2017-10-10,0.0,2.54
2017-10-11,0.0,2.54
2017-10-12,0.0,2.54
2017-10-13,0.0,2.54
2017-10-14,0.0,2.54
2017-10-15,0.0,2.54
2017-10-16,0.0,2.54
2017-10-17,0.0,2.54
2017-10-18,0.0,2.54
2017-10-19,0.0,2.54
2017-10-20,0.61,
2017-10-21,0.61,7.62
2017-10-22,0.305,2.54
2017-10-23,0.305,2.54
2017-10-24,0.305,2.54
2017-10-25,0.0,2.54
2017-10-26,0.0,2.54
2017-10-27,0.0,2.54
2017-10-28,0.0,2.54
2017-10-29,0.0,2.54
2017-10-30,0.0,2.54
2017-10-31,0.0,2.54
2017-11-01,0.0,2.54
2017-11-02,0.0,2.54
2017-11-03,0.0,2.54
2017-11-04,0.0,2.54
2017-11-05,0.0,5.08
2017-11-06,0.0,2.54
2017-11-07,0.0,2.54
2017-11-08,0.0,2.54
2017-11-09,0.0,
2017-11-10,0.0,2.54
2017-11-11,0.0,2.54
2017-11-12,0.0,2.54
2017-11-13,0.0,2.54
2017-11-14,0.0,5.08
2017-11-15,0.0,2.54
2017-11-16,1.219,15.24
2017-11-17,1.524,20.32
2017-11-18,1.829,17.78
2017-11-19,1.829,17.78
2017-11-20,2.134,12.7
2017-11-21,1.829,10.16
2017-11-22,1.219,
2017-11-23,0.0,0.0
2017-11-24,0.0,2.54
2017-11-25,0.0,2.54
2017-11-26,0.0,2.54
2017-11-27,0.0,2.54
2017-11-28,0.0,5.08
2017-11-29,0.0,2.54
2017-11-30,0.0,2.54
2017-12-01,0.0,2.54
2017-12-02,0.0,2.54
2017-12-03,0.0,
2017-12-04,0.0,17.78
2017-12-05,0.0,
2017-12-06,0.0,
2017-12-07,0.0,12.7
2017-12-08,0.0,12.7
2017-12-09,0.0,12.7
2017-12-10,0.0,12.7
2017-12-11,0.0,10.16
2017-12-12,0.0,12.7
2017-12-13,0.0,12.7
2017-12-14,0.0,12.7
2017-12-15,0.0,15.24
2017-12-16,0.0,12.7
2017-12-17,1.219,10.16
2017-12-18,0.61,10.16
2017-12-19,1.524,10.16
2017-12-20,1.219,17.78
2017-12-21,1.219,20.32
2017-12-22,1.524,
2017-12-23,1.524,20.32
2017-12-24,2.134,17.78
2017-12-25,2.743,17.78
2017-12-26,3.048,17.78
2017-12-27,3.353,17.78
2017-12-28,1.829,17.78
2017-12-29,0.0,17.78
2017-12-30,0.305,17.78
2017-12-31,1.219,15.24
2018-01-01,1.829,15.24
2018-01-02,3.962,15.24
2018-01-03,3.658,15.24
2018-01-04,3.048,10.16
2018-01-05,1.524,
2018-01-06,0.914,2.54
2018-01-07,0.914,
2018-01-08,0.0,5.08
2018-01-09,0.0,0.0
2018-01-10,0.0,0.0
2018-01-11,0.0,2.54
2018-01-12,0.0,2.54
2018-01-13,0.0,5.08
2018-01-14,0.0,2.54
2018-01-15,0.0,5.08
2018-01-16,0.0,2.54
2018-01-17,0.0,
2018-01-18,0.0,2.54
2018-01-19,0.0,2.54
2018-01-20,0.0,2.54
2018-01-21,0.0,7.62
2018-01-22,1.524,20.32
2018-01-23,1.524,20.32
2018-01-24,1.829,
2018-01-25,3.962,35.56
2018-01-26,5.182,50.8
2018-01-27,5.486,
2018-01-28,5.791,43.18
2018-01-29,5.791,40.64
2018-01-30,5.791,38.1
2018-01-31,5.791,38.1
2018-02-01,5.791,35.56
2018-02-02,5.791,33.02
2018-02-03,5.791,33.02
2018-02-04,5.791,27.94
2018-02-05,5.791,30.48
2018-02-06,5.791,30.48
2018-02-07,5.486,30.48
2018-02-08,5.486,27.94
2018-02-09,5.486,27.94
2018-02-10,5.486,27.94
2018-02-11,5.486,27.94
2018-02-12,5.486,27.94
2018-02-13,5.791,30.48
2018-02-14,6.096,30.48
2018-02-15,6.096,30.48
2018-02-16,6.096,30.48
2018-02-17,6.096,30.48
2018-02-18,6.096,27.94
2018-02-19,6.401,33.02
2018-02-20,7.01,
2018-02-21,7.01,40.64
2018-02-22,7.01,40.64
2018-02-23,8.23,48.26
2018-02-24,8.23,48.26
2018-02-25,8.839,48.26
2018-02-26,9.754,63.5
2018-02-27,10.058,60.96
2018-02-28,10.058,58.42
2018-03-01,11.887,78.74
2018-03-02,13.411,91.44
2018-03-03,14.021,
2018-03-04,14.021,86.36
2018-03-05,14.326,81.28
2018-03-06,14.021,78.74
2018-03-07,14.326,76.2
2018-03-08,14.326,66.04
2018-03-09,14.326,63.5
2018-03-10,14.326,58.42
2018-03-11,14.326,55.88
2018-03-12,14.326,53.34
2018-03-13,14.326,48.26
2018-03-14,13.716,48.26
2018-03-15,13.411,50.8
2018-03-16,14.326,
2018-03-17,14.63,71.12
2018-03-18,14.63,66.04
2018-03-19,14.63,63.5
2018-03-20,14.63,58.42
2018-03-21,14.63,55.88
2018-03-22,14.63,50.8
2018-03-23,14.63,53.34
2018-03-24,15.85,73.66
2018-03-25,16.459,76.2
2018-03-26,16.764,71.12
2018-03-27,17.069,68.58
2018-03-28,17.069,
2018-03-29,16.764,58.42
2018-03-30,16.459,53.34
2018-03-31,16.154,50.8
2018-04-01,15.545,48.26
2018-04-02,14.935,45.72
2018-04-03,14.326,43.18
2018-04-04,13.411,38.1
2018-04-05,12.192,35.56
2018-04-06,11.278,30.48
2018-04-07,10.058,27.94
2018-04-08,8.534,25.4
2018-04-09,7.925,22.86
2018-04-10,6.096,17.78
2018-04-11,4.572,10.16
2018-04-12,4.572,22.86
2018-04-13,4.877,17.78
2018-04-14,4.877,15.24
2018-04-15,3.962,10.16
2018-04-16,3.962,
2018-04-17,4.267,15.24
2018-04-18,3.962,10.16
2018-04-19,3.962,10.16
2018-04-20,2.743,2.54
2018-04-21,0.61,2.54
2018-04-22,0.0,2.54
2018-04-23,0.0,2.54
2018-04-24,0.0,2.54
2018-04-25,0.0,2.54
2018-04-26,0.0,2.54
2018-04-27,0.0,2.54
2018-04-28,0.0,2.54
2018-04-29,0.0,2.54
2018-04-30,0.0,2.54
2018-05-01,0.0,2.54
2018-05-02,0.0,2.54
2018-05-03,0.0,2.54
2018-05-04,0.0,2.54
2018-05-05,0.0,2.54
2018-05-06,0.0,2.54
2018-05-07,0.0,2.54
2018-05-08,0.0,2.54
2018-05-09,0.0,2.54
2018-05-10,0.0,2.54
2018-05-11,0.0,5.08
2018-05-12,0.0,2.54
2018-05-13,0.0,2.54
2018-05-14,0.0,2.54
2018-05-15,0.0,2.54
2018-05-16,0.0,2.54
2018-05-17,0.0,2.54
2018-05-18,0.0,2.54
2018-05-19,0.0,2.54
2018-05-20,0.0,2.54
2018-05-21,0.0,2.54
2018-05-22,0.0,2.54
2018-05-23,0.0,2.54
2018-05-24,0.0,2.54
2018-05-25,0.0,2.54
2018-05-26,0.0,5.08
2018-05-27,0.0,2.54
2018-05-28,0.0,2.54
2018-05-29,0.0,0.0
2018-05-30,0.0,2.54
2018-05-31,0.0,2.54
2018-06-01,0.0,5.08
2018-06-02,0.0,2.54
2018-06-03,0.0,2.54
2018-06-04,0.0,5.08
2018-06-05,0.0,5.08
2018-06-06,0.0,2.54
2018-06-07,0.0,2.54
2018-06-08,0.0,5.08
2018-06-09,0.0,5.08
2018-06-10,0.0,5.08
2018-06-11,0.0,5.08
2018-06-12,0.0,2.54
2018-06-13,0.0,7.62
2018-06-14,0.0,5.08
2018-06-15,0.0,2.54
2018-06-16,0.0,10.16
2018-06-17,0.0,2.54
2018-06-18,0.0,2.54
2018-06-19,0.0,2.54
2018-06-20,0.0,5.08
2018-06-21,0.0,2.54
2018-06-22,0.0,2.54
2018-06-23,0.0,5.08
2018-06-24,0.0,5.08
2018-06-25,0.0,2.54
2018-06-26,0.0,5.08
2018-06-27,0.0,7.62
2018-06-28,0.0,2.54
2018-06-29,0.0,2.54
2018-06-30,0.0,2.54
2018-07-01,0.0,5.08
2018-07-02,0.0,5.08
2018-07-03,0.0,2.54
2018-07-04,0.0,2.54
2018-07-05,0.0,2.54
2018-07-06,0.0,5.08
2018-07-07,0.0,2.54
2018-07-08,0.0,2.54
2018-07-09,0.0,7.62
2018-07-10,0.0,2.54
2018-07-11,0.0,2.54
2018-07-12,0.0,2.54
2018-07-13,0.0,2.54
2018-07-14,0.0,0.0
2018-07-15,0.0,0.0
2018-07-16,0.0,2.54
2018-07-17,0.0,2.54
2018-07-18,0.0,2.54
2018-07-19,0.0,2.54
2018-07-20,0.0,2.54
2018-07-21,0.0,2.54
2018-07-22,0.0,2.54
2018-07-23,0.0,2.54
2018-07-24,0.0,2.54
2018-07-25,0.0,2.54
2018-07-26,0.0,5.08
2018-07-27,0.0,2.54
2018-07-28,0.0,2.54
2018-07-29,0.0,5.08
2018-07-30,0.0,2.54
2018-07-31,0.0,2.54
2018-08-01,0.0,2.54
2018-08-02,0.0,2.54
2018-08-03,0.0,2.54
2018-08-04,0.0,5.08
2018-08-05,0.0,2.54
2018-08-06,0.0,2.54
2018-08-07,0.0,2.54
2018-08-08,0.0,2.54
2018-08-09,0.0,2.54
2018-08-10,0.0,2.54
2018-08-11,0.0,2.54
2018-08-12,0.0,2.54
2018-08-13,0.0,2.54
2018-08-14,0.0,2.54
2018-08-15,0.0,2.54
2018-08-16,0.0,2.54
2018-08-17,0.0,2.54
2018-08-18,0.0,2.54
2018-08-19,0.0,7.62
2018-08-20,0.0,2.54
2018-08-21,0.0,5.08
2018-08-22,0.0,2.54
2018-08-23,0.0,2.54
2018-08-24,0.0,2.54
2018-08-25,0.0,5.08
2018-08-26,0.0,5.08
2018-08-27,0.0,2.54
2018-08-28,0.0,5.08
2018-08-29,0.0,2.54
2018-08-30,0.0,2.54
2018-08-31,0.0,2.54
2018-09-01,0.0,2.54
2018-09-02,0.0,2.54
2018-09-03,0.0,2.54
2018-09-04,0.0,2.54
2018-09-05,0.0,2.54
2018-09-06,0.0,5.08
2018-09-07,0.0,5.08
2018-09-08,0.0,2.54
2018-09-09,0.0,2.54
2018-09-10,0.0,5.08
2018-09-11,0.0,5.08
2018-09-12,0.0,2.54
2018-09-13,0.0,2.54
2018-09-14,0.0,5.08
2018-09-15,0.0,5.08
2018-09-16,0.0,2.54
2018-09-17,0.0,2.54
2018-09-18,0.0,2.54
2018-09-19,0.0,2.54
2018-09-20,0.0,5.08
2018-09-21,0.0,2.54
2018-09-22,0.0,2.54
2018-09-23,0.0,2.54
2018-09-24,0.0,2.54
2018-09-25,0.0,0.0
2018-09-26,0.0,5.08
2018-09-27,0.0,5.08
2018-09-28,0.0,0.0
2018-09-29,0.0,0.0
2018-09-30,0.0,5.08
2018-10-01,0.0,2.54
2018-10-02,0.0,2.54
2018-10-03,0.0,2.54
2018-10-04,0.0,2.54
2018-10-05,0.0,2.54
2018-10-06,0.0,2.54
2018-10-07,0.0,5.08
2018-10-08,0.0,2.54
2018-10-09,0.0,2.54
2018-10-10,0.0,2.54
2018-10-11,0.0,2.54
2018-10-12,0.0,2.54
2018-10-13,0.0,2.54
2018-10-14,0.0,5.08
2018-10-15,0.0,2.54
2018-10-16,0.0,2.54
2018-10-17,0.0,2.54
2018-10-18,0.0,2.54
2018-10-19,0.0,2.54
2018-10-20,0.0,2.54
2018-10-21,0.0,5.08
2018-10-22,0.0,2.54
2018-10-23,0.0,2.54
2018-10-24,0.0,2.54
2018-10-25,0.0,5.08
2018-10-26,0.0,2.54
2018-10-27,0.0,2.54
2018-10-28,0.0,2.54
2018-10-29,0.0,2.54
2018-10-30,0.0,5.08
2018-10-31,0.0,2.54
2018-11-01,0.0,2.54
2018-11-02,0.0,2.54
2018-11-03,0.0,2.54
2018-11-04,0.0,2.54
2018-11-05,0.0,5.08
2018-11-06,0.0,2.54
2018-11-07,0.0,2.54
2018-11-08,0.0,2.54
2018-11-09,0.0,2.54
2018-11-10,0.0,5.08
2018-11-11,0.0,2.54
2018-11-12,0.0,2.54
2018-11-13,0.0,2.54
2018-11-14,0.0,2.54
2018-11-15,0.0,5.08
2018-11-16,0.0,5.08
2018-11-17,0.0,2.54
2018-11-18,0.0,2.54
2018-11-19,0.0,2.54
2018-11-20,0.0,2.54
2018-11-21,0.076,2.54
2018-11-22,1.295,5.08
2018-11-23,2.515,7.62
2018-11-24,3.734,12.7
2018-11-25,3.734,15.24
2018-11-26,4.343,12.7
2018-11-27,4.039,10.16
2018-11-28,3.429,10.16
2018-11-29,5.258,
2018-11-30,5.563,17.78
2018-12-01,6.172,20.32
2018-12-02,8.306,48.26
2018-12-03,8.306,45.72
2018-12-04,8.306,40.64
2018-12-05,8.306,38.1
2018-12-06,8.306,38.1
2018-12-07,8.306,38.1
2018-12-08,8.306,35.56
2018-12-09,8.001,33.02
2018-12-10,8.306,35.56
2018-12-11,8.611,35.56
2018-12-12,8.306,33.02
2018-12-13,8.306,33.02
2018-12-14,8.001,33.02
2018-12-15,8.306,40.64
2018-12-16,8.611,35.56
2018-12-17,9.525,33.02
2018-12-18,9.525,33.02
2018-12-19,9.525,33.02
2018-12-20,9.525,22.86
2018-12-21,9.525,33.02
2018-12-22,8.611,
2018-12-23,10.439,30.48
2018-12-24,8.915,
2018-12-25,11.049,35.56
2018-12-26,11.354,
2018-12-27,11.354,45.72
2018-12-28,10.744,43.18
2018-12-29,13.792,
2018-12-30,13.792,43.18
2018-12-31,13.792,43.18
2019-01-01,13.792,43.18
2019-01-02,15.621,40.64
2019-01-03,15.011,43.18
2019-01-04,14.402,43.18
2019-01-05,14.097,43.18
2019-01-06,15.011,66.04
2019-01-07,15.621,86.36
2019-01-08,15.621,81.28
2019-01-09,15.316,66.04
2019-01-10,15.316,60.96
2019-01-11,15.621,58.42
2019-01-12,16.535,55.88
2019-01-13,16.84,55.88
2019-01-14,16.84,55.88
2019-01-15,17.145,55.88
2019-01-16,18.669,68.58
2019-01-17,21.107,
2019-01-18,23.241,
2019-01-19,25.679,99.06
2019-01-20,26.289,83.82
2019-01-21,25.984,86.36
2019-01-22,26.594,86.36
2019-01-23,26.594,86.36
2019-01-24,27.203,83.82
2019-01-25,27.203,81.28
2019-01-26,27.203,81.28
2019-01-27,27.203,81.28
2019-01-28,26.899,81.28
2019-01-29,26.899,78.74
2019-01-30,26.594,81.28
2019-01-31,26.594,81.28
2019-02-01,26.289,78.74
2019-02-02,26.594,88.9
2019-02-03,28.423,88.9
2019-02-04,29.032,104.14
2019-02-05,29.337,96.52
2019-02-06,29.337,109.22
2019-02-07,29.337,104.14
2019-02-08,29.642,104.14
2019-02-09,29.642,101.6
2019-02-10,31.471,127.0
2019-02-11,31.775,124.46
2019-02-12,32.08,119.38
2019-02-13,37.262,170.18
2019-02-14,41.834,162.56
2019-02-15,42.443,177.8
2019-02-16,44.272,185.42
2019-02-17,45.796,193.04
2019-02-18,46.101,180.34
2019-02-19,46.101,172.72
2019-02-20,46.711,170.18
2019-02-21,47.93,180.34
2019-02-22,48.235,175.26
2019-02-23,48.235,
2019-02-24,49.149,172.72
2019-02-25,50.673,187.96
2019-02-26,57.683,
2019-02-27,67.132,279.4
2019-02-28,69.571,256.54
2019-03-01,69.875,246.38
2019-03-02,70.79,238.76
2019-03-03,71.704,233.68
2019-03-04,72.314,223.52
2019-03-05,72.314,218.44
2019-03-06,74.143,233.68
2019-03-07,75.667,220.98
2019-03-08,75.667,215.9
2019-03-09,75.971,213.36
2019-03-10,76.581,218.44
2019-03-11,76.886,215.9
2019-03-12,77.191,213.36
2019-03-13,77.8,
2019-03-14,77.8,213.36
2019-03-15,78.105,210.82
2019-03-16,78.105,208.28
2019-03-17,78.105,205.74
2019-03-18,78.105,203.2
2019-03-19,78.105,203.2
2019-03-20,78.105,198.12
2019-03-21,78.41,195.58
2019-03-22,78.41,195.58
2019-03-23,79.019,200.66
2019-03-24,79.019,198.12
2019-03-25,79.019,198.12
2019-03-26,81.153,215.9
2019-03-27,81.763,223.52
2019-03-28,83.287,218.44
2019-03-29,83.896,218.44
2019-03-30,84.506,213.36
2019-03-31,84.201,208.28
2019-04-01,83.896,205.74
2019-04-02,83.591,200.66
2019-04-03,82.677,198.12
2019-04-04,81.458,193.04
2019-04-05,80.848,190.5
2019-04-06,79.934,187.96
2019-04-07,79.629,187.96
2019-04-08,78.41,182.88
2019-04-09,77.191,180.34
2019-04-10,77.191,180.34
2019-04-11,76.886,177.8
2019-04-12,77.191,180.34
2019-04-13,76.886,175.26
2019-04-14,75.667,170.18
2019-04-15,74.143,167.64
2019-04-16,74.447,177.8
2019-04-17,74.447,172.72
2019-04-18,72.619,165.1
2019-04-19,70.485,160.02
2019-04-20,68.656,157.48
2019-04-21,66.04,154.94
2019-04-22,63.5,149.86
2019-04-23,61.951,142.24
2019-04-24,58.42,134.62
2019-04-25,55.88,127.0
2019-04-26,50.8,119.38
2019-04-27,46.482,111.76
2019-04-28,44.196,106.68
2019-04-29,40.615,101.6
2019-04-30,40.132,96.52
2019-05-01,40.005,88.9
2019-05-02,37.871,86.36
2019-05-03,36.347,81.28
2019-05-04,34.519,73.66
2019-05-05,32.385,68.58
2019-05-06,30.861,66.04
2019-05-07,28.727,58.42
2019-05-08,25.984,53.34
2019-05-09,23.546,48.26
2019-05-10,20.803,40.64
2019-05-11,17.755,35.56
2019-05-12,14.402,25.4
2019-05-13,10.439,17.78
2019-05-14,7.391,10.16
2019-05-15,5.258,
2019-05-16,3.429,0.0
2019-05-17,2.819,2.54
2019-05-18,0.991,2.54
2019-05-19,0.0,314.96
2019-05-20,0.0,2.54
2019-05-21,0.0,2.54
2019-05-22,0.0,2.54
2019-05-23,0.0,2.54
2019-05-24,0.0,0.0
2019-05-25,0.0,2.54
2019-05-26,0.0,2.54
2019-05-27,0.0,2.54
2019-05-28,0.0,2.54
2019-05-29,0.0,2.54
2019-05-30,0.0,2.54
2019-05-31,0.0,2.54
2019-06-01,0.0,2.54
2019-06-02,0.0,2.54
2019-06-03,0.0,2.54
2019-06-04,0.0,2.54
2019-06-05,0.0,2.54
2019-06-06,0.0,2.54
2019-06-07,0.0,2.54
2019-06-08,0.0,2.54
2019-06-09,0.0,2.54
2019-06-10,0.0,2.54
2019-06-11,0.0,2.54
2019-06-12,0.0,2.54
2019-06-13,0.0,2.54
2019-06-14,0.0,0.0
2019-06-15,0.0,2.54
2019-06-16,0.0,2.54
2019-06-17,0.0,2.54
2019-06-18,0.0,2.54
2019-06-19,0.0,2.54
2019-06-20,0.0,5.08
2019-06-21,0.0,5.08
2019-06-22,0.0,2.54
2019-06-23,0.0,2.54
2019-06-24,0.0,2.54
2019-06-25,0.0,2.54
2019-06-26,0.0,2.54
2019-06-27,0.0,2.54
2019-06-28,0.0,5.08
2019-06-29,0.0,5.08
2019-06-30,0.0,2.54
2019-07-01,0.0,2.54
2019-07-02,0.0,2.54
2019-07-03,0.0,5.08
2019-07-04,0.0,5.08
2019-07-05,0.0,2.54
2019-07-06,0.0,2.54
2019-07-07,0.0,7.62
2019-07-08,0.0,2.54
2019-07-09,0.0,2.54
2019-07-10,0.0,2.54
2019-07-11,0.0,2.54
2019-07-12,0.0,5.08
2019-07-13,0.0,2.54
2019-07-14,0.0,2.54
2019-07-15,0.0,2.54
2019-07-16,0.0,2.54
2019-07-17,0.0,2.54
2019-07-18,0.0,2.54
2019-07-19,0.0,2.54
2019-07-20,0.0,2.54
2019-07-21,0.0,2.54
2019-07-22,0.0,2.54
2019-07-23,0.0,2.54
2019-07-24,0.0,2.54
2019-07-25,0.0,7.62
2019-07-26,0.0,2.54
2019-07-27,0.0,2.54
2019-07-28,0.0,2.54
2019-07-29,0.0,2.54
2019-07-30,0.0,2.54
2019-07-31,0.0,2.54
2019-08-01,0.0,2.54
2019-08-02,0.0,2.54
2019-08-03,0.0,2.54
2019-08-04,0.0,2.54
2019-08-05,0.0,2.54
2019-08-06,0.0,2.54
2019-08-07,0.0,2.54
2019-08-08,0.0,2.54
2019-08-09,0.0,2.54
2019-08-10,0.0,2.54
2019-08-11,0.0,5.08
2019-08-12,0.0,2.54
2019-08-13,0.0,2.54
2019-08-14,0.0,2.54
2019-08-15,0.0,2.54
2019-08-16,0.0,2.54
2019-08-17,0.0,
2019-08-18,0.0,
2019-08-19,0.0,2.54
2019-08-20,0.0,2.54
2019-08-21,0.0,2.54
2019-08-22,0.0,2.54
2019-08-23,0.0,2.54
2019-08-24,0.0,2.54
2019-08-25,0.0,2.54
2019-08-26,0.0,2.54
2019-08-27,0.0,2.54
2019-08-28,0.0,2.54
2019-08-29,0.0,2.54
2019-08-30,0.0,2.54
2019-08-31,0.0,2.54
2019-09-01,0.0,2.54
2019-09-02,0.0,2.54
2019-09-03,0.0,2.54
2019-09-04,0.0,2.54
2019-09-05,0.0,2.54
2019-09-06,0.0,2.54
2019-09-07,0.0,2.54
2019-09-08,0.0,2.54
2019-09-09,0.0,2.54
2019-09-10,0.0,2.54
2019-09-11,0.0,2.54
2019-09-12,0.0,2.54
2019-09-13,0.0,2.54
2019-09-14,0.0,2.54
2019-09-15,0.0,2.54
2019-09-16,0.0,5.08
2019-09-17,0.0,2.54
2019-09-18,0.0,2.54
2019-09-19,0.0,2.54
2019-09-20,0.0,2.54
2019-09-21,0.0,2.54
2019-09-22,0.0,2.54
2019-09-23,0.0,2.54
2019-09-24,0.0,2.54
2019-09-25,0.0,2.54
2019-09-26,0.0,2.54
2019-09-27,0.0,2.54
2019-09-28,0.0,2.54
2019-09-29,0.0,2.54
2019-09-30,0.0,2.54
2019-10-01,0.0,2.54
2019-10-02,0.0,2.54
2019-10-03,0.0,2.54
2019-10-04,0.0,2.54
2019-10-05,0.0,2.54
2019-10-06,0.0,2.54
2019-10-07,0.0,2.54
2019-10-08,0.0,2.54
2019-10-09,0.0,5.08
2019-10-10,0.0,2.54
2019-10-11,0.0,2.54
2019-10-12,0.0,5.08
2019-10-13,0.0,0.0
2019-10-14,0.0,5.08
2019-10-15,0.0,2.54
2019-10-16,0.0,2.54
2019-10-17,0.0,2.54
2019-10-18,0.0,2.54
2019-10-19,0.0,2.54
2019-10-20,0.0,2.54
2019-10-21,0.0,0.0
2019-10-22,0.0,2.54
2019-10-23,0.0,2.54
2019-10-24,0.0,2.54
2019-10-25,0.0,2.54
2019-10-26,0.0,2.54
2019-10-27,0.0,2.54
2019-10-28,0.0,2.54
2019-10-29,0.0,2.54
2019-10-30,0.0,
2019-10-31,0.0,2.54
2019-11-01,0.0,2.54
2019-11-02,0.0,2.54
2019-11-03,0.0,2.54
2019-11-04,0.0,2.54
2019-11-05,0.0,2.54
2019-11-06,0.0,2.54
2019-11-07,0.0,2.54
2019-11-08,0.0,2.54
2019-11-09,0.0,2.54
2019-11-10,0.0,2.54
2019-11-11,0.0,2.54
2019-11-12,0.0,5.08
2019-11-13,0.0,2.54
2019-11-14,0.0,2.54
2019-11-15,0.0,2.54
2019-11-16,0.0,2.54
2019-11-17,0.0,2.54
2019-11-18,0.0,2.54
2019-11-19,0.0,2.54
2019-11-20,0.0,2.54
2019-11-21,0.0,2.54
2019-11-22,0.0,5.08
2019-11-23,0.0,5.08
2019-11-24,0.0,2.54
2019-11-25,0.0,2.54
2019-11-26,0.61,2.54
2019-11-27,3.962,
2019-11-28,3.658,40.64
2019-11-29,3.048,40.64
2019-11-30,2.743,
2019-12-01,5.182,58.42
2019-12-02,5.486,50.8
2019-12-03,6.096,40.64
2019-12-04,6.401,40.64
2019-12-05,6.706,35.56
2019-12-06,7.315,33.02
2019-12-07,8.23,22.86
2019-12-08,8.23,27.94
2019-12-09,7.925,27.94
2019-12-10,7.01,27.94
2019-12-11,6.096,27.94
2019-12-12,6.401,25.4
2019-12-13,6.706,25.4
2019-12-14,7.925,30.48
2019-12-15,8.23,35.56
2019-12-16,8.534,35.56
2019-12-17,10.058,35.56
2019-12-18,11.582,35.56
2019-12-19,10.363,33.02
2019-12-20,9.449,40.64
2019-12-21,9.449,35.56
2019-12-22,9.754,35.56
2019-12-23,10.973,43.18
2019-12-24,11.278,43.18
2019-12-25,13.106,45.72
2019-12-26,12.802,
2019-12-27,14.935,
2019-12-28,15.24,
2019-12-29,14.326,43.18
2019-12-30,13.106,38.1
2019-12-31,12.802,45.72
2020-01-01,12.497,43.18
2020-01-02,11.582,40.64
2020-01-03,11.582,43.18
2020-01-04,11.278,
2020-01-05,11.887,45.72
2020-01-06,12.192,45.72
2020-01-07,13.106,
2020-01-08,14.63,55.88
2020-01-09,13.716,66.04
2020-01-10,13.716,66.04
2020-01-11,14.021,60.96
2020-01-12,14.326,63.5
2020-01-13,14.935,66.04
2020-01-14,16.459,78.74
2020-01-15,17.069,86.36
2020-01-16,19.507,104.14
2020-01-17,21.641,116.84
2020-01-18,21.946,111.76
2020-01-19,22.25,106.68
2020-01-20,22.555,104.14
2020-01-21,23.165,99.06
2020-01-22,24.079,101.6
2020-01-23,24.384,99.06
2020-01-24,25.298,96.52
2020-01-25,24.994,91.44
2020-01-26,25.298,86.36
2020-01-27,24.689,86.36
2020-01-28,24.689,81.28
2020-01-29,24.689,83.82
2020-01-30,24.689,76.2
2020-01-31,24.689,78.74
2020-02-01,24.384,78.74
2020-02-02,24.384,76.2
2020-02-03,24.384,76.2
2020-02-04,24.384,76.2
2020-02-05,24.384,78.74
2020-02-06,24.384,76.2
2020-02-07,24.384,78.74
2020-02-08,24.689,76.2
2020-02-09,24.994,78.74
2020-02-10,24.994,78.74
2020-02-11,25.908,78.74
2020-02-12,26.518,78.74
2020-02-13,26.518,78.74
2020-02-14,26.518,78.74
2020-02-15,26.518,78.74
2020-02-16,25.908,78.74
2020-02-17,24.384,76.2
2020-02-18,24.079,76.2
2020-02-19,24.079,76.2
2020-02-20,24.079,76.2
2020-02-21,24.689,76.2
2020-02-22,24.689,76.2
2020-02-23,24.994,76.2
2020-02-24,24.994,76.2
2020-02-25,24.384,73.66
2020-02-26,24.384,76.2
2020-02-27,24.689,71.12
2020-02-28,24.689,71.12
2020-02-29,24.689,73.66
2020-03-01,24.384,73.66
2020-03-02,24.689,73.66
2020-03-03,25.298,71.12
2020-03-04,24.994,68.58
2020-03-05,24.689,71.12
2020-03-06,24.689,66.04
2020-03-07,24.994,60.96
2020-03-08,25.298,68.58
2020-03-09,25.603,68.58
2020-03-10,25.908,66.04
2020-03-11,26.213,68.58
2020-03-12,26.213,63.5
2020-03-13,26.213,66.04
2020-03-14,25.908,
2020-03-15,26.518,76.2
2020-03-16,27.127,
2020-03-17,27.432,81.28
2020-03-18,27.737,81.28
2020-03-19,28.042,78.74
2020-03-20,28.346,76.2
2020-03-21,28.346,73.66
2020-03-22,28.346,71.12
2020-03-23,28.346,66.04
2020-03-24,28.346,68.58
2020-03-25,28.956,81.28
2020-03-26,29.261,76.2
2020-03-27,30.175,73.66
2020-03-28,30.175,71.12
2020-03-29,30.175,71.12
2020-03-30,30.175,71.12
2020-03-31,30.175,68.58
2020-04-01,28.346,66.04
2020-04-02,28.346,63.5
2020-04-03,28.042,60.96
2020-04-04,28.042,60.96
2020-04-05,29.566,
2020-04-06,31.394,91.44
2020-04-07,31.699,81.28
2020-04-08,31.09,76.2
2020-04-09,30.48,71.12
2020-04-10,29.87,66.04
2020-04-11,28.346,58.42
2020-04-12,26.822,53.34
2020-04-13,25.298,50.8
2020-04-14,24.079,48.26
2020-04-15,22.25,45.72
2020-04-16,21.031,40.64
2020-04-17,19.202,38.1
2020-04-18,16.764,35.56
2020-04-19,14.935,33.02
2020-04-20,12.802,22.86
2020-04-21,11.887,25.4
2020-04-22,9.449,17.78
2020-04-23,6.706,12.7
2020-04-24,3.962,5.08
2020-04-25,1.829,2.54
2020-04-26,0.61,2.54
2020-04-27,0.305,2.54
2020-04-28,0.0,2.54
2020-04-29,0.0,0.0
2020-04-30,0.0,2.54
2020-05-01,0.0,2.54
2020-05-02,0.0,2.54
2020-05-03,0.0,2.54
2020-05-04,0.0,2.54
2020-05-05,0.0,2.54
2020-05-06,0.0,2.54
2020-05-07,0.0,2.54
2020-05-08,0.0,2.54
2020-05-09,0.0,2.54
2020-05-10,0.0,2.54
2020-05-11,0.0,2.54
2020-05-12,0.0,0.0
2020-05-13,0.0,2.54
2020-05-14,0.0,2.54
2020-05-15,0.0,2.54
2020-05-16,0.0,2.54
2020-05-17,0.0,0.0
2020-05-18,0.0,2.54
2020-05-19,0.0,2.54
2020-05-20,0.0,2.54
2020-05-21,0.0,2.54
2020-05-22,0.0,2.54
2020-05-23,0.0,2.54
2020-05-24,0.0,2.54
2020-05-25,0.0,2.54
2020-05-26,0.0,2.54
2020-05-27,0.0,2.54
2020-05-28,0.0,2.54
2020-05-29,0.0,2.54
2020-05-30,0.0,2.54
2020-05-31,0.0,2.54
2020-06-01,0.0,2.54
2020-06-02,0.0,0.0
2020-06-03,0.0,0.0
2020-06-04,0.0,2.54
2020-06-05,0.0,2.54
2020-06-06,0.0,2.54
2020-06-07,0.0,2.54
2020-06-08,0.0,2.54
2020-06-09,0.0,2.54
2020-06-10,0.0,
2020-06-11,0.0,2.54
2020-06-12,0.0,0.0
2020-06-13,0.0,2.54
2020-06-14,0.0,2.54
2020-06-15,0.0,0.0
2020-06-16,0.0,0.0
2020-06-17,0.0,2.54
2020-06-18,0.0,2.54
2020-06-19,0.0,2.54
2020-06-20,0.0,2.54
2020-06-21,0.0,2.54
2020-06-22,0.0,2.54
2020-06-23,0.0,2.54
2020-06-24,0.0,2.54
2020-06-25,0.0,2.54
2020-06-26,0.0,2.54
2020-06-27,0.0,2.54
2020-06-28,0.0,2.54
2020-06-29,0.0,2.54
2020-06-30,0.0,2.54
2020-07-01,0.0,2.54
2020-07-02,0.0,5.08
2020-07-03,0.0,2.54
2020-07-04,0.0,2.54
2020-07-05,0.0,2.54
2020-07-06,0.0,2.54
2020-07-07,0.0,5.08
2020-07-08,0.0,2.54
2020-07-09,0.0,2.54
2020-07-10,0.0,2.54
2020-07-11,0.0,2.54
2020-07-12,0.0,2.54
2020-07-13,0.0,2.54
2020-07-14,0.0,2.54
2020-07-15,0.0,2.54
2020-07-16,0.0,2.54
2020-07-17,0.0,2.54
2020-07-18,0.0,2.54
2020-07-19,0.0,2.54
2020-07-20,0.0,2.54
2020-07-21,0.0,2.54
2020-07-22,0.0,2.54
2020-07-23,0.0,0.0
2020-07-24,0.0,2.54
2020-07-25,0.0,2.54
2020-07-26,0.0,2.54
2020-07-27,0.0,2.54
2020-07-28,0.0,2.54
2020-07-29,0.0,2.54
2020-07-30,0.0,2.54
2020-07-31,0.0,0.0
2020-08-01,0.0,2.54
2020-08-02,0.0,2.54
2020-08-03,0.0,2.54
2020-08-04,0.0,2.54
2020-08-05,0.0,2.54
2020-08-06,0.0,2.54
2020-08-07,0.0,2.54
2020-08-08,0.0,2.54
2020-08-09,0.0,2.54
2020-08-10,0.0,2.54
2020-08-11,0.0,2.54
2020-08-12,0.0,2.54
2020-08-13,0.0,5.08
2020-08-14,0.0,2.54
2020-08-15,0.0,2.54
2020-08-16,0.0,2.54
2020-08-17,0.0,2.54
2020-08-18,0.0,0.0
2020-08-19,0.0,2.54
2020-08-20,0.0,2.54
2020-08-21,0.0,2.54
2020-08-22,0.0,2.54
2020-08-23,0.0,
2020-08-24,0.0,2.54
2020-08-25,0.0,2.54
2020-08-26,0.0,2.54
2020-08-27,0.0,5.08
2020-08-28,0.0,5.08
2020-08-29,0.0,5.08
2020-08-30,0.0,0.0
2020-08-31,0.0,5.08
2020-09-01,0.0,5.08
2020-09-02,0.0,5.08
2020-09-03,0.0,5.08
2020-09-04,0.0,5.08
2020-09-05,0.0,5.08
2020-09-06,0.0,2.54
2020-09-07,0.0,2.54
2020-09-08,0.0,5.08
2020-09-09,0.0,5.08
2020-09-10,0.0,5.08
2020-09-11,0.0,5.08
2020-09-12,0.0,5.08
2020-09-13,0.0,5.08
2020-09-14,0.0,2.54
2020-09-15,0.0,2.54
2020-09-16,0.0,5.08
2020-09-17,0.0,5.08
2020-09-18,0.0,5.08
2020-09-19,0.0,5.08
2020-09-20,0.0,5.08
2020-09-21,0.0,5.08
2020-09-22,0.0,5.08
2020-09-23,0.0,5.08
2020-09-24,0.0,5.08
2020-09-25,0.0,7.62
2020-09-26,0.0,5.08
2020-09-27,0.0,5.08
2020-09-28,0.0,5.08
2020-09-29,0.0,5.08
2020-09-30,0.0,5.08
2020-10-01,0.0,5.08
2020-10-02,0.0,5.08
2020-10-03,0.0,5.08
2020-10-04,0.0,5.08
2020-10-05,0.0,5.08
2020-10-06,0.0,5.08
2020-10-07,0.0,5.08
2020-10-08,0.0,5.08
2020-10-09,0.0,5.08
2020-10-10,0.0,5.08
2020-10-11,0.0,5.08
2020-10-12,0.0,5.08
2020-10-13,0.0,5.08
2020-10-14,0.0,5.08
2020-10-15,0.0,5.08
2020-10-16,0.0,5.08
2020-10-17,0.0,5.08
2020-10-18,0.0,5.08
2020-10-19,0.0,5.08
2020-10-20,0.0,5.08
2020-10-21,0.0,5.08
2020-10-22,0.0,5.08
2020-10-23,0.0,5.08
2020-10-24,0.0,5.08
2020-10-25,0.0,5.08
2020-10-26,0.0,5.08
2020-10-27,0.0,5.08
2020-10-28,0.0,5.08
2020-10-29,0.0,5.08
2020-10-30,0.0,5.08
2020-10-31,0.0,5.08
2020-11-01,0.0,7.62
2020-11-02,0.0,7.62
2020-11-03,0.0,2.54
2020-11-04,0.0,5.08
2020-11-05,0.0,5.08
2020-11-06,0.0,5.08
2020-11-07,0.0,2.54
2020-11-08,0.0,
2020-11-09,0.0,
2020-11-10,0.0,7.62
2020-11-11,0.0,10.16
2020-11-12,0.0,10.16
2020-11-13,0.0,
2020-11-14,1.829,10.16
2020-11-15,2.134,10.16
2020-11-16,1.829,10.16
2020-11-17,1.524,7.62
2020-11-18,0.61,5.08
2020-11-19,1.524,
2020-11-20,1.524,
2020-11-21,1.524,
2020-11-22,1.219,0.0
2020-11-23,1.524,10.16
2020-11-24,0.914,10.16
2020-11-25,1.219,10.16
2020-11-26,1.829,12.7
2020-11-27,0.61,15.24
2020-11-28,0.61,
2020-11-29,0.305,
2020-11-30,0.305,7.62
2020-12-01,0.305,15.24
2020-12-02,0.61,12.7
2020-12-03,0.305,12.7
2020-12-04,0.0,12.7
2020-12-05,0.61,15.24
2020-12-06,0.305,15.24
2020-12-07,1.219,15.24
2020-12-08,1.829,15.24
2020-12-09,1.829,12.7
2020-12-10,1.524,15.24
2020-12-11,2.743,10.16
2020-12-12,2.743,15.24
2020-12-13,2.134,10.16
2020-12-14,3.048,33.02
2020-12-15,3.048,33.02
2020-12-16,3.353,30.48
2020-12-17,4.267,
2020-12-18,4.877,
2020-12-19,5.182,
2020-12-20,5.791,
2020-12-21,6.096,35.56
2020-12-22,6.706,
2020-12-23,7.01,
2020-12-24,7.62,
2020-12-25,7.62,38.1
2020-12-26,9.754,
2020-12-27,10.973,
2020-12-28,11.278,
2020-12-29,11.278,60.96
2020-12-30,11.582,55.88
2020-12-31,12.802,66.04
2021-01-01,12.802,63.5
2021-01-02,13.716,66.04
2021-01-03,14.021,66.04
2021-01-04,14.326,63.5
2021-01-05,16.154,68.58
2021-01-06,16.154,
2021-01-07,16.459,66.04
2021-01-08,17.678,76.2
2021-01-09,18.593,76.2
2021-01-10,18.898,76.2
2021-01-11,19.507,78.74
2021-01-12,19.507,78.74
2021-01-13,19.812,71.12
2021-01-14,19.507,71.12
2021-01-15,19.507,71.12
2021-01-16,19.507,68.58
2021-01-17,19.507,68.58
2021-01-18,19.812,68.58
2021-01-19,19.812,68.58
2021-01-20,20.422,68.58
2021-01-21,20.117,68.58
2021-01-22,19.812,68.58
2021-01-23,20.117,68.58
2021-01-24,20.422,66.04
2021-01-25,21.031,81.28
2021-01-26,21.031,78.74
2021-01-27,24.384,
2021-01-28,25.603,129.54
2021-01-29,26.518,
2021-01-30,27.127,121.92
2021-01-31,28.042,121.92
2021-02-01,29.87,
2021-02-02,31.699,127.0
2021-02-03,32.004,
2021-02-04,32.614,132.08
2021-02-05,32.614,127.0
2021-02-06,32.614,121.92
2021-02-07,32.614,121.92
2021-02-08,32.918,121.92
2021-02-09,32.918,121.92
2021-02-10,33.223,119.38
2021-02-11,33.223,119.38
2021-02-12,34.442,121.92
2021-02-13,35.662,
2021-02-14,36.576,127.0
2021-02-15,39.014,139.7
2021-02-16,39.014,
2021-02-17,39.014,129.54
2021-02-18,39.014,127.0
2021-02-19,41.453,147.32
2021-02-20,42.672,162.56
2021-02-21,42.977,157.48
2021-02-22,43.282,152.4
2021-02-23,43.282,149.86
2021-02-24,43.282,147.32
2021-02-25,43.282,147.32
2021-02-26,43.282,142.24
2021-02-27,42.977,144.78
2021-02-28,42.977,142.24
2021-03-01,42.977,139.7
2021-03-02,42.977,139.7
2021-03-03,43.282,139.7
2021-03-04,43.282,137.16
2021-03-05,43.586,137.16
2021-03-06,45.72,157.48
2021-03-07,46.33,154.94
2021-03-08,46.634,152.4
2021-03-09,46.939,152.4
2021-03-10,48.768,165.1
2021-03-11,49.073,160.02
2021-03-12,49.073,160.02
2021-03-13,49.378,157.48
2021-03-14,49.682,152.4
2021-03-15,51.816,
2021-03-16,52.426,177.8
2021-03-17,52.426,172.72
2021-03-18,52.73,
2021-03-19,54.864,
2021-03-20,55.169,172.72
2021-03-21,55.778,170.18
2021-03-22,56.083,167.64
2021-03-23,56.388,167.64
2021-03-24,56.693,167.64
2021-03-25,56.998,165.1
2021-03-26,57.607,162.56
2021-03-27,57.912,162.56
2021-03-28,57.912,160.02
2021-03-29,57.912,157.48
2021-03-30,57.607,154.94
2021-03-31,57.607,152.4
2021-04-01,57.302,149.86
2021-04-02,56.998,147.32
2021-04-03,56.388,142.24
2021-04-04,55.778,139.7
2021-04-05,54.559,137.16
2021-04-06,53.645,134.62
2021-04-07,52.73,129.54
2021-04-08,51.816,127.0
2021-04-09,51.206,124.46
2021-04-10,50.597,121.92
2021-04-11,49.987,119.38
2021-04-12,49.073,114.3
2021-04-13,47.854,109.22
2021-04-14,46.939,106.68
2021-04-15,45.72,104.14
2021-04-16,45.11,101.6
2021-04-17,43.891,96.52
2021-04-18,,
2021-04-19,41.148,86.36
2021-04-20,39.319,83.82
2021-04-21,37.49,78.74
2021-04-22,35.662,73.66
2021-04-23,33.833,71.12
2021-04-24,32.309,66.04
2021-04-25,30.48,
2021-04-26,31.394,73.66
2021-04-27,31.394,63.5
2021-04-28,30.175,60.96
2021-04-29,28.346,55.88
2021-04-30,25.908,50.8
2021-05-01,22.555,40.64
2021-05-02,18.898,33.02
2021-05-03,15.85,27.94
2021-05-04,12.802,20.32
2021-05-05,9.144,15.24
2021-05-06,5.486,5.08
2021-05-07,2.743,5.08
2021-05-08,1.524,5.08
2021-05-09,0.61,5.08
2021-05-10,0.0,5.08
2021-05-11,0.0,5.08
2021-05-12,0.0,5.08
2021-05-13,0.0,5.08
2021-05-14,0.0,5.08
2021-05-15,0.0,5.08
2021-05-16,0.0,5.08
2021-05-17,0.0,5.08
2021-05-18,0.0,5.08
2021-05-19,0.0,5.08
2021-05-20,0.0,5.08
2021-05-21,0.0,5.08
2021-05-22,0.0,5.08
2021-05-23,0.0,5.08
2021-05-24,0.0,5.08
2021-05-25,0.0,5.08
2021-05-26,0.0,5.08
2021-05-27,0.0,5.08
2021-05-28,0.0,5.08
2021-05-29,0.0,5.08
2021-05-30,0.0,5.08
2021-05-31,0.0,5.08
2021-06-01,0.0,5.08
2021-06-02,0.0,5.08
2021-06-03,0.0,5.08
2021-06-04,0.0,5.08
2021-06-05,0.0,5.08
2021-06-06,0.0,5.08
2021-06-07,0.0,5.08
2021-06-08,0.0,5.08
2021-06-09,0.0,5.08
2021-06-10,0.0,2.54
2021-06-11,0.0,5.08
2021-06-12,0.0,2.54
2021-06-13,0.0,5.08
2021-06-14,0.0,5.08
2021-06-15,0.0,5.08
2021-06-16,0.0,5.08
2021-06-17,0.0,5.08
2021-06-18,0.0,5.08
2021-06-19,0.0,5.08
2021-06-20,0.0,5.08
2021-06-21,0.0,5.08
2021-06-22,0.0,5.08
2021-06-23,0.0,5.08
2021-06-24,0.0,5.08
2021-06-25,0.0,5.08
2021-06-26,0.0,5.08
2021-06-27,0.0,5.08
2021-06-28,0.0,5.08
2021-06-29,0.0,2.54
2021-06-30,0.0,5.08
2021-07-01,0.0,5.08
2021-07-02,0.0,2.54
2021-07-03,0.0,5.08
2021-07-04,0.0,5.08
2021-07-05,0.0,5.08
2021-07-06,0.0,5.08
2021-07-07,0.0,5.08
2021-07-08,0.0,5.08
2021-07-09,0.0,5.08
2021-07-10,0.0,5.08
2021-07-11,0.0,5.08
2021-07-12,0.0,5.08
2021-07-13,0.0,5.08
2021-07-14,0.0,5.08
2021-07-15,0.0,5.08
2021-07-16,0.0,5.08
2021-07-17,0.0,5.08
2021-07-18,0.0,5.08
2021-07-19,0.0,5.08
2021-07-20,0.0,5.08
2021-07-21,0.0,5.08
2021-07-22,0.0,5.08
2021-07-23,0.0,5.08
2021-07-24,0.0,5.08
2021-07-25,0.0,5.08
2021-07-26,0.0,5.08
2021-07-27,0.0,5.08
2021-07-28,0.0,5.08
2021-07-29,0.0,5.08
2021-07-30,0.0,5.08
2021-07-31,0.0,5.08
2021-08-01,0.0,5.08
2021-08-02,0.0,5.08
2021-08-03,0.0,5.08
2021-08-04,0.0,7.62
2021-08-05,0.0,5.08
2021-08-06,0.0,5.08
2021-08-07,0.0,5.08
2021-08-08,0.0,5.08
2021-08-09,0.0,5.08
2021-08-10,0.0,5.08
2021-08-11,0.0,5.08
2021-08-12,0.0,5.08
2021-08-13,0.0,7.62
2021-08-14,0.0,5.08
2021-08-15,0.0,5.08
2021-08-16,0.0,5.08
2021-08-17,0.0,5.08
2021-08-18,0.0,5.08
2021-08-19,0.0,5.08
2021-08-20,0.0,5.08
2021-08-21,0.0,5.08
2021-08-22,0.0,5.08
2021-08-23,0.0,5.08
2021-08-24,0.0,5.08
2021-08-25,0.0,5.08
2021-08-26,0.0,7.62
2021-08-27,0.0,5.08
2021-08-28,0.0,5.08
2021-08-29,0.0,7.62
2021-08-30,0.0,5.08
2021-08-31,0.0,5.08
2021-09-01,0.0,5.08
2021-09-02,0.0,5.08
2021-09-03,0.0,5.08
2021-09-04,0.0,7.62
2021-09-05,0.0,7.62
2021-09-06,0.0,5.08
2021-09-07,0.0,5.08
2021-09-08,0.0,5.08
2021-09-09,0.0,5.08
2021-09-10,0.0,5.08
2021-09-11,0.0,7.62
2021-09-12,0.0,5.08
2021-09-13,0.0,7.62
2021-09-14,0.0,7.62
2021-09-15,0.0,5.08
2021-09-16,0.0,7.62
2021-09-17,0.0,5.08
2021-09-18,0.0,5.08
2021-09-19,0.0,7.62
2021-09-20,0.0,7.62
2021-09-21,0.0,5.08
2021-09-22,0.0,5.08
2021-09-23,0.0,5.08
2021-09-24,0.0,5.08
2021-09-25,0.0,5.08
2021-09-26,0.0,5.08
2021-09-27,0.0,5.08
2021-09-28,0.0,7.62
2021-09-29,0.0,7.62
2021-09-30,0.0,5.08
2021-10-01,0.0,5.08
2021-10-02,0.0,5.08
2021-10-03,0.0,5.08
2021-10-04,0.0,5.08
2021-10-05,0.0,5.08
2021-10-06,0.0,5.08
2021-10-07,0.0,5.08
2021-10-08,0.0,5.08
2021-10-09,0.0,5.08
2021-10-10,0.0,5.08
2021-10-11,0.0,5.08
2021-10-12,0.0,5.08
2021-10-13,0.0,7.62
2021-10-14,0.0,5.08
2021-10-15,0.0,7.62
2021-10-16,0.305,7.62
2021-10-17,0.305,5.08
2021-10-18,0.914,
2021-10-19,0.914,2.54
2021-10-20,0.914,5.08
2021-10-21,0.305,5.08
2021-10-22,0.914,5.08
2021-10-23,0.61,5.08
2021-10-24,0.914,5.08
2021-10-25,0.61,
2021-10-26,0.305,5.08
2021-10-27,0.305,2.54
2021-10-28,0.61,2.54
2021-10-29,0.61,2.54
2021-10-30,0.61,0.0
2021-10-31,0.61,5.08
2021-11-01,0.305,5.08
2021-11-02,0.61,5.08
2021-11-03,0.305,5.08
2021-11-04,0.61,5.08
2021-11-05,0.305,5.08
2021-11-06,0.305,5.08
2021-11-07,0.305,5.08
2021-11-08,0.0,7.62
2021-11-09,1.524,
2021-11-10,3.048,17.78
2021-11-11,3.048,12.7
2021-11-12,3.048,10.16
2021-11-13,2.743,10.16
2021-11-14,2.438,10.16
2021-11-15,2.134,10.16
2021-11-16,1.219,5.08
2021-11-17,0.0,5.08
2021-11-18,0.0,5.08
2021-11-19,0.0,5.08
2021-11-20,0.0,5.08
2021-11-21,0.0,5.08
2021-11-22,0.0,5.08
2021-11-23,0.0,5.08
2021-11-24,0.0,7.62
2021-11-25,0.0,5.08
2021-11-26,0.0,5.08
2021-11-27,0.0,5.08
2021-11-28,0.0,2.54
2021-11-29,0.0,5.08
2021-11-30,0.0,5.08
2021-12-01,0.0,5.08
2021-12-02,0.0,5.08
2021-12-03,0.0,2.54
2021-12-04,0.0,2.54
2021-12-05,0.0,7.62
2021-12-06,0.0,5.08
2021-12-07,0.914,5.08
2021-12-08,1.219,
2021-12-09,1.219,2.54
2021-12-10,1.524,5.08
2021-12-11,1.524,5.08
2021-12-12,2.134,
2021-12-13,2.438,38.1
2021-12-14,4.267,55.88
2021-12-15,3.962,
2021-12-16,6.096,78.74
2021-12-17,6.401,66.04
2021-12-18,6.401,58.42
2021-12-19,7.315,58.42
2021-12-20,7.62,60.96
2021-12-21,8.534,58.42
2021-12-22,10.058,
2021-12-23,13.106,
2021-12-24,14.021,
2021-12-25,15.85,
2021-12-26,16.764,
2021-12-27,19.202,
2021-12-28,19.507,
2021-12-29,20.726,
2021-12-30,21.031,106.68
2021-12-31,21.031,104.14
2022-01-01,21.946,101.6
2022-01-02,21.946,99.06
2022-01-03,22.25,96.52
2022-01-04,24.384,96.52
2022-01-05,24.384,88.9
2022-01-06,23.774,88.9
2022-01-07,23.774,88.9
2022-01-08,24.079,86.36
2022-01-09,24.079,86.36
2022-01-10,23.774,86.36
2022-01-11,24.384,81.28
2022-01-12,24.384,83.82
2022-01-13,24.384,83.82
2022-01-14,24.384,81.28
2022-01-15,24.384,81.28
2022-01-16,24.384,81.28
2022-01-17,24.384,81.28
2022-01-18,24.384,81.28
2022-01-19,24.384,81.28
2022-01-20,24.384,78.74
2022-01-21,24.689,78.74
2022-01-22,24.689,81.28
2022-01-23,24.689,78.74
2022-01-24,24.689,78.74
2022-01-25,24.689,78.74
2022-01-26,24.689,76.2
2022-01-27,24.384,76.2
2022-01-28,24.384,76.2
2022-01-29,24.384,76.2
2022-01-30,24.384,76.2
2022-01-31,24.384,76.2
2022-02-01,24.384,76.2
2022-02-02,24.079,76.2
2022-02-03,24.079,73.66
2022-02-04,24.079,73.66
2022-02-05,24.079,76.2
2022-02-06,24.079,76.2
2022-02-07,24.384,76.2
2022-02-08,24.079,73.66
2022-02-09,24.384,76.2
2022-02-10,24.384,73.66
2022-02-11,24.994,73.66
2022-02-12,25.298,73.66
2022-02-13,25.603,73.66
2022-02-14,25.603,73.66
2022-02-15,25.603,71.12
2022-02-16,25.603,73.66
2022-02-17,25.603,71.12
2022-02-18,25.298,73.66
2022-02-19,24.994,73.66
2022-02-20,24.994,73.66
2022-02-21,25.298,71.12
2022-02-22,25.603,
2022-02-23,25.908,
2022-02-24,26.213,
2022-02-25,26.213,81.28
2022-02-26,25.908,81.28
2022-02-27,25.603,76.2
2022-02-28,25.603,76.2
2022-03-01,26.213,76.2
2022-03-02,26.518,71.12
2022-03-03,26.518,71.12
2022-03-04,25.908,71.12
2022-03-05,25.908,
2022-03-06,26.518,73.66
2022-03-07,26.822,71.12
2022-03-08,26.822,71.12
2022-03-09,27.432,71.12
2022-03-10,28.042,68.58
2022-03-11,28.346,68.58
2022-03-12,28.956,66.04
2022-03-13,28.346,73.66
2022-03-14,28.956,68.58
2022-03-15,29.566,66.04
2022-03-16,27.432,66.04
2022-03-17,26.822,63.5
2022-03-18,26.518,60.96
2022-03-19,25.603,60.96
2022-03-20,25.298,58.42
2022-03-21,24.994,60.96
2022-03-22,24.079,53.34
2022-03-23,23.165,50.8
2022-03-24,21.946,48.26
2022-03-25,21.031,43.18
2022-03-26,19.812,43.18
2022-03-27,17.983,40.64
2022-03-28,16.459,35.56
2022-03-29,14.63,30.48
2022-03-30,12.802,27.94
2022-03-31,11.582,22.86
2022-04-01,10.668,22.86
2022-04-02,9.449,17.78
2022-04-03,7.925,15.24
2022-04-04,7.01,12.7
2022-04-05,5.182,10.16
2022-04-06,3.962,7.62
2022-04-07,2.438,7.62
2022-04-08,1.219,5.08
2022-04-09,0.61,5.08
2022-04-10,0.0,5.08
2022-04-11,0.914,
2022-04-12,2.743,
2022-04-13,3.353,25.4
2022-04-14,4.267,
2022-04-15,4.877,22.86
2022-04-16,5.791,
2022-04-17,6.096,22.86
2022-04-18,5.486,20.32
2022-04-19,5.486,
2022-04-20,5.791,22.86
2022-04-21,7.62,
2022-04-22,7.62,
2022-04-23,7.315,25.4
2022-04-24,6.706,17.78
2022-04-25,5.182,15.24
2022-04-26,3.658,10.16
2022-04-27,1.524,5.08
2022-04-28,0.914,5.08
2022-04-29,0.61,7.62
2022-04-30,0.914,5.08
2022-05-01,0.305,5.08
2022-05-02,0.61,5.08
2022-05-03,0.305,5.08
2022-05-04,0.0,5.08
2022-05-05,0.0,5.08
2022-05-06,0.0,5.08
2022-05-07,0.0,5.08
2022-05-08,0.0,7.62
2022-05-09,1.219,
2022-05-10,1.219,
2022-05-11,1.524,
2022-05-12,0.0,5.08
2022-05-13,0.0,5.08
2022-05-14,0.0,5.08
2022-05-15,0.0,5.08
2022-05-16,0.0,7.62
2022-05-17,0.0,5.08
2022-05-18,0.0,7.62
2022-05-19,0.0,7.62
2022-05-20,0.0,7.62
2022-05-21,0.0,5.08
2022-05-22,0.0,5.08
2022-05-23,0.0,5.08
2022-05-24,0.0,5.08
2022-05-25,0.0,5.08
2022-05-26,0.0,5.08
2022-05-27,0.0,5.08
2022-05-28,0.0,5.08
2022-05-29,0.0,5.08
2022-05-30,0.0,5.08
2022-05-31,0.0,5.08
2022-06-01,0.0,5.08
2022-06-02,0.0,5.08
2022-06-03,0.0,5.08
2022-06-04,0.0,5.08
2022-06-05,0.0,5.08
2022-06-06,0.0,5.08
2022-06-07,0.0,5.08
2022-06-08,0.0,5.08
2022-06-09,0.0,5.08
2022-06-10,0.0,5.08
2022-06-11,0.0,5.08
2022-06-12,0.0,5.08
2022-06-13,0.0,5.08
2022-06-14,0.0,5.08
2022-06-15,0.0,5.08
2022-06-16,0.0,5.08
2022-06-17,0.0,5.08
2022-06-18,0.0,5.08
2022-06-19,0.0,5.08
2022-06-20,0.0,2.54
2022-06-21,0.0,2.54
2022-06-22,0.0,2.54
2022-06-23,0.0,2.54
2022-06-24,0.0,2.54
2022-06-25,0.0,2.54
2022-06-26,0.0,0.0
2022-06-27,0.0,5.08
2022-06-28,0.0,5.08
2022-06-29,0.0,5.08
2022-06-30,0.0,2.54
2022-07-01,0.0,5.08
2022-07-02,0.0,2.54
2022-07-03,0.0,5.08
2022-07-04,0.0,5.08
2022-07-05,0.0,5.08
2022-07-06,0.0,5.08
2022-07-07,0.0,2.54
2022-07-08,0.0,5.08
2022-07-09,0.0,2.54
2022-07-10,0.0,2.54
2022-07-11,0.0,5.08
2022-07-12,0.0,2.54
2022-07-13,0.0,2.54
2022-07-14,0.0,5.08
2022-07-15,0.0,2.54
2022-07-16,0.0,2.54
2022-07-17,0.0,2.54
2022-07-18,0.0,2.54
2022-07-19,0.0,2.54
2022-07-20,0.0,5.08
2022-07-21,0.0,2.54
2022-07-22,0.0,5.08
2022-07-23,0.0,2.54
2022-07-24,0.0,0.0
2022-07-25,0.0,
2022-07-26,0.0,5.08
2022-07-27,0.0,2.54
2022-07-28,0.0,2.54
2022-07-29,0.0,2.54
2022-07-30,0.0,2.54
2022-07-31,0.0,2.54
2022-08-01,0.0,2.54
2022-08-02,0.0,2.54
2022-08-03,0.0,
2022-08-04,0.0,5.08
2022-08-05,0.0,0.0
2022-08-06,0.0,2.54
2022-08-07,0.0,5.08
2022-08-08,0.0,5.08
2022-08-09,0.0,5.08
2022-08-10,0.0,
2022-08-11,0.0,5.08
2022-08-12,0.0,5.08
2022-08-13,0.0,5.08
2022-08-14,0.0,5.08
2022-08-15,0.0,5.08
2022-08-16,0.0,2.54
2022-08-17,0.0,5.08
2022-08-18,0.0,2.54
2022-08-19,0.0,2.54
2022-08-20,0.0,5.08
2022-08-21,0.0,5.08
2022-08-22,0.0,5.08
2022-08-23,0.0,5.08
2022-08-24,0.0,5.08
2022-08-25,0.0,5.08
2022-08-26,0.0,5.08
2022-08-27,0.0,5.08
2022-08-28,0.0,2.54
2022-08-29,0.0,5.08
2022-08-30,0.0,5.08
2022-08-31,0.0,2.54
2022-09-01,0.0,5.08
2022-09-02,0.0,5.08
2022-09-03,0.0,5.08
2022-09-04,0.0,5.08
2022-09-05,0.0,5.08
2022-09-06,0.0,5.08
2022-09-07,0.0,5.08
2022-09-08,0.0,5.08
2022-09-09,0.0,5.08
2022-09-10,0.0,5.08
2022-09-11,0.0,5.08
2022-09-12,0.0,5.08
2022-09-13,0.0,5.08
2022-09-14,0.0,5.08
2022-09-15,0.0,5.08
2022-09-16,0.0,5.08
2022-09-17,0.0,5.08
2022-09-18,0.0,5.08
2022-09-19,0.0,5.08
2022-09-20,0.0,5.08
2022-09-21,0.0,5.08
2022-09-22,0.0,5.08
2022-09-23,0.0,5.08
2022-09-24,0.0,5.08
2022-09-25,0.0,5.08
2022-09-26,0.0,5.08
2022-09-27,0.0,5.08
2022-09-28,0.0,5.08
2022-09-29,0.0,7.62
2022-09-30,0.0,5.08
2022-10-01,0.0,5.08
2022-10-02,0.0,5.08
2022-10-03,0.0,5.08
2022-10-04,0.0,5.08
2022-10-05,0.0,5.08
2022-10-06,0.0,5.08
2022-10-07,0.0,5.08
2022-10-08,0.0,5.08
2022-10-09,0.0,5.08
2022-10-10,0.0,5.08
2022-10-11,0.0,5.08
2022-10-12,0.0,5.08
2022-10-13,0.0,5.08
2022-10-14,0.0,5.08
2022-10-15,0.0,5.08
2022-10-16,0.0,5.08
2022-10-17,0.0,5.08
2022-10-18,0.0,5.08
2022-10-19,0.0,5.08
2022-10-20,0.0,5.08
2022-10-21,0.0,5.08
2022-10-22,0.0,5.08
2022-10-23,0.0,2.54
2022-10-24,0.0,7.62
2022-10-25,0.0,5.08
2022-10-26,0.0,7.62
2022-10-27,0.0,5.08
2022-10-28,0.0,5.08
2022-10-29,0.0,5.08
2022-10-30,0.0,5.08
2022-10-31,0.0,7.62
2022-11-01,0.0,5.08
2022-11-02,0.61,
2022-11-03,0.914,
2022-11-04,0.914,
2022-11-05,0.0,5.08
2022-11-06,0.0,5.08
2022-11-07,0.914,
2022-11-08,1.524,
2022-11-09,2.438,
2022-11-10,2.438,30.48
2022-11-11,2.134,27.94
2022-11-12,2.438,
2022-11-13,2.438,22.86
2022-11-14,2.438,
2022-11-15,2.438,20.32
2022-11-16,2.438,17.78
2022-11-17,2.438,20.32
2022-11-18,2.438,22.86
2022-11-19,2.438,20.32
2022-11-20,2.438,22.86
2022-11-21,2.438,20.32
2022-11-22,2.438,20.32
2022-11-23,2.438,20.32
2022-11-24,2.438,20.32
2022-11-25,2.438,20.32
2022-11-26,2.438,15.24
2022-11-27,2.438,17.78
2022-11-28,2.438,20.32
2022-11-29,2.438,17.78
2022-11-30,2.413,17.78
2022-12-01,5.182,
2022-12-02,5.182,
2022-12-03,4.877,
2022-12-04,5.182,
2022-12-05,6.706,55.88
2022-12-06,6.706,50.8
2022-12-07,6.706,48.26
2022-12-08,6.401,
2022-12-09,7.62,
2022-12-10,9.754,
2022-12-11,13.106,104.14
2022-12-12,13.411,93.98
2022-12-13,13.106,88.9
2022-12-14,13.106,76.2
2022-12-15,13.106,78.74
2022-12-16,13.106,76.2
2022-12-17,13.106,76.2
2022-12-18,13.106,73.66
2022-12-19,13.106,71.12
2022-12-20,13.106,66.04
2022-12-21,13.411,68.58
2022-12-22,13.106,63.5
2022-12-23,13.106,60.96
2022-12-24,12.802,55.88
2022-12-25,12.802,45.72
2022-12-26,12.497,53.34
2022-12-27,12.497,50.8
2022-12-28,12.192,50.8
2022-12-29,13.106,
2022-12-30,14.326,66.04
2022-12-31,13.716,53.34
2023-01-01,13.716,55.88
2023-01-02,13.411,55.88
2023-01-03,14.021,58.42
2023-01-04,14.326,
2023-01-05,15.24,63.5
2023-01-06,15.24,55.88
2023-01-07,16.154,
2023-01-08,21.336,
2023-01-09,24.079,111.76
2023-01-10,24.689,
2023-01-11,26.213,
2023-01-12,30.175,137.16
2023-01-13,31.394,129.54
2023-01-14,33.782,137.16
2023-01-15,35.56,
2023-01-16,36.068,
2023-01-17,36.322,127.0
2023-01-18,36.576,129.54
2023-01-19,37.592,144.78
2023-01-20,37.846,139.7
2023-01-21,37.846,132.08
2023-01-22,38.354,134.62
2023-01-23,38.608,134.62
2023-01-24,39.116,132.08
2023-01-25,39.116,127.0
2023-01-26,39.37,129.54
2023-01-27,39.624,127.0
2023-01-28,40.132,121.92
2023-01-29,40.386,121.92
2023-01-30,40.894,124.46
2023-01-31,41.402,127.0
2023-02-01,43.129,127.0
2023-02-02,43.434,127.0
2023-02-03,44.958,
2023-02-04,45.872,127.0
2023-02-05,48.006,137.16
2023-02-06,49.225,147.32
2023-02-07,49.225,139.7
2023-02-08,49.225,144.78
2023-02-09,49.225,142.24
2023-02-10,49.225,142.24
2023-02-11,49.53,
2023-02-12,49.835,144.78
2023-02-13,49.835,144.78
2023-02-14,50.14,142.24
2023-02-15,45.11,
2023-02-16,51.359,147.32
2023-02-17,51.664,147.32
2023-02-18,51.968,147.32
2023-02-19,52.273,144.78
2023-02-20,52.578,142.24
2023-02-21,53.188,139.7
2023-02-22,54.102,
2023-02-23,55.016,
2023-02-24,56.236,
2023-02-25,57.76,180.34
2023-02-26,58.369,175.26
2023-02-27,58.979,180.34
2023-02-28,61.722,
2023-03-01,64.16,226.06
2023-03-02,64.465,213.36
2023-03-03,64.77,205.74
2023-03-04,64.77,200.66
2023-03-05,66.904,
2023-03-06,68.428,231.14
2023-03-07,68.732,228.6
2023-03-08,70.256,248.92
2023-03-09,70.866,236.22
2023-03-10,77.267,287.02
2023-03-11,77.876,266.7
2023-03-12,78.791,
2023-03-13,80.01,261.62
2023-03-14,79.705,241.3
2023-03-15,83.363,261.62
2023-03-16,83.363,248.92
2023-03-17,83.058,243.84
2023-03-18,83.058,238.76
2023-03-19,83.363,231.14
2023-03-20,84.582,228.6
2023-03-21,84.582,226.06
2023-03-22,84.582,220.98
2023-03-23,84.582,223.52
2023-03-24,85.192,226.06
2023-03-25,,
2023-03-26,,
2023-03-27,,
2023-03-28,,
2023-03-29,,
2023-03-30,,
2023-03-31,,
2023-04-01,,
2023-04-02,,
2023-04-03,,
2023-04-04,,
2023-04-05,,
2023-04-06,,
2023-04-07,,
2023-04-08,,
2023-04-09,,
2023-04-10,,
2023-04-11,,
2023-04-12,,
2023-04-13,,
2023-04-14,,
2023-04-15,,
2023-04-16,,
2023-04-17,,
2023-04-18,,
2023-04-19,,
2023-04-20,,
2023-04-21,,
2023-04-22,,
2023-04-23,,
2023-04-24,,
2023-04-25,,
2023-04-26,,
2023-04-27,,
2023-04-28,,
2023-04-29,,
2023-04-30,,
2023-05-01,,
2023-05-02,,
2023-05-03,,
2023-05-04,,
2023-05-05,,
2023-05-06,,
2023-05-07,,
2023-05-08,,
2023-05-09,,
2023-05-10,,
2023-05-11,,
2023-05-12,,
2023-05-13,,
2023-05-14,,
2023-05-15,,
2023-05-16,,
2023-05-17,,
2023-05-18,,
2023-05-19,,
2023-05-20,,
2023-05-21,,
2023-05-22,,
2023-05-23,,
2023-05-24,,
2023-05-25,,
2023-05-26,,
2023-05-27,,
2023-05-28,,
2023-05-29,,
2023-05-30,,
2023-05-31,,
2023-06-01,,
2023-06-02,,
2023-06-03,,
2023-06-04,,
2023-06-05,,
2023-06-06,,
2023-06-07,,
2023-06-08,,
2023-06-09,,
2023-06-10,,
2023-06-11,,
2023-06-12,,
2023-06-13,,
2023-06-14,,
2023-06-15,,
2023-06-16,,
2023-06-17,,
2023-06-18,,
2023-06-19,,
2023-06-20,,
2023-06-21,,
2023-06-22,,
2023-06-23,,
2023-06-24,,
2023-06-25,,
2023-06-26,,
2023-06-27,,
2023-06-28,,
2023-06-29,,
2023-06-30,,
2023-07-01,,
2023-07-02,,
2023-07-03,,
2023-07-04,,
2023-07-05,,
2023-07-06,,
2023-07-07,,
2023-07-08,,
2023-07-09,,
2023-07-10,,
2023-07-11,,
2023-07-12,,
2023-07-13,,
2023-07-14,,
2023-07-15,,
2023-07-16,,
2023-07-17,,
2023-07-18,,
2023-07-19,,
2023-07-20,,
2023-07-21,,
2023-07-22,,
2023-07-23,,
2023-07-24,,
2023-07-25,,
2023-07-26,,
2023-07-27,,
2023-07-28,,
2023-07-29,,
2023-07-30,,
2023-07-31,,
2023-08-01,,
2023-08-02,,
2023-08-03,,
2023-08-04,,
2023-08-05,,
2023-08-06,,
2023-08-07,,
2023-08-08,,
2023-08-09,,
2023-08-10,,
2023-08-11,,
2023-08-12,,
2023-08-13,,
2023-08-14,,
2023-08-15,,
2023-08-16,,
2023-08-17,,
2023-08-18,,
2023-08-19,,
2023-08-20,,
2023-08-21,,
2023-08-22,,
2023-08-23,,
2023-08-24,,
2023-08-25,,
2023-08-26,,
2023-08-27,,
2023-08-28,,
2023-08-29,,
2023-08-30,,
2023-08-31,,
2023-09-01,,
2023-09-02,,
2023-09-03,,
2023-09-04,,
2023-09-05,,
2023-09-06,,
2023-09-07,,
2023-09-08,,
2023-09-09,,
2023-09-10,,
2023-09-11,,
2023-09-12,,
2023-09-13,,
2023-09-14,,
2023-09-15,,
2023-09-16,,
2023-09-17,,
2023-09-18,,
2023-09-19,,
2023-09-20,,
2023-09-21,,
2023-09-22,,
2023-09-23,,
2023-09-24,,
2023-09-25,,
2023-09-26,,
2023-09-27,,
2023-09-28,,
2023-09-29,,
2023-09-30,,
2023-10-01,,
2023-10-02,,
2023-10-03,,
2023-10-04,,
2023-10-05,,
2023-10-06,,
2023-10-07,,
2023-10-08,,
2023-10-09,,
2023-10-10,,
2023-10-11,,
2023-10-12,,
2023-10-13,,
2023-10-14,,
2023-10-15,,
2023-10-16,,
2023-10-17,,
2023-10-18,,
2023-10-19,,
2023-10-20,,
2023-10-21,,
2023-10-22,,
2023-10-23,,
2023-10-24,,
2023-10-25,,
2023-10-26,,
2023-10-27,,
2023-10-28,,
2023-10-29,,
2023-10-30,,
2023-10-31,,
2023-11-01,,
2023-11-02,,
2023-11-03,,
2023-11-04,,
2023-11-05,,
2023-11-06,,
2023-11-07,,
2023-11-08,,
2023-11-09,,
2023-11-10,,5.08
2023-11-11,,7.62
2023-11-12,,7.62
2023-11-13,,5.08
2023-11-14,,5.08
2023-11-15,,2.54
2023-11-16,,2.54
2023-11-17,,7.62
2023-11-18,,5.08
2023-11-19,,
2023-11-20,,5.08
2023-11-21,,7.62
2023-11-22,,7.62
2023-11-23,,7.62
2023-11-24,,7.62
2023-11-25,,7.62
2023-11-26,2.438,7.62
2023-11-27,3.048,7.62
2023-11-28,2.743,5.08
2023-11-29,1.829,5.08
2023-11-30,0.914,7.62
2023-12-01,1.219,12.7
2023-12-02,1.524,12.7
2023-12-03,1.219,10.16
2023-12-04,0.0,5.08
2023-12-05,0.61,
2023-12-06,0.0,7.62
2023-12-07,0.305,
2023-12-08,1.219,22.86
2023-12-09,1.219,20.32
2023-12-10,1.524,15.24
2023-12-11,1.829,
2023-12-12,1.829,12.7
2023-12-13,1.524,17.78
2023-12-14,1.219,15.24
2023-12-15,1.219,17.78
2023-12-16,1.219,17.78
2023-12-17,1.219,15.24
2023-12-18,1.524,5.08
2023-12-19,1.829,
2023-12-20,0.914,7.62
2023-12-21,0.305,
2023-12-22,0.0,
2023-12-23,0.0,5.08
2023-12-24,1.524,5.08
2023-12-25,0.305,7.62
2023-12-26,0.0,7.62
2023-12-27,0.0,5.08
2023-12-28,1.219,12.7
2023-12-29,1.219,10.16
2023-12-30,0.305,7.62
2023-12-31,0.61,7.62
2024-01-01,0.61,5.08
2024-01-02,0.0,5.08
2024-01-03,1.219,
2024-01-04,1.829,22.86
2024-01-05,2.438,20.32
2024-01-06,2.438,20.32
2024-01-07,5.182,
2024-01-08,5.182,40.64
2024-01-09,6.096,35.56
2024-01-10,7.01,
2024-01-11,9.144,
2024-01-12,9.144,58.42
2024-01-13,9.754,60.96
2024-01-14,17.069,111.76
2024-01-15,17.374,101.6
2024-01-16,17.374,99.06
2024-01-17,18.288,93.98
2024-01-18,18.288,86.36
2024-01-19,18.288,78.74
2024-01-20,18.288,76.2
2024-01-21,19.507,73.66
2024-01-22,19.202,71.12
2024-01-23,18.898,68.58
2024-01-24,19.202,
2024-01-25,19.812,66.04
2024-01-26,19.507,68.58
2024-01-27,20.117,58.42
2024-01-28,19.507,60.96
2024-01-29,18.898,60.96
2024-01-30,18.898,60.96
2024-01-31,18.593,58.42
2024-02-01,19.202,
2024-02-02,19.202,
2024-02-03,19.812,68.58
2024-02-04,19.812,66.04
2024-02-05,24.079,93.98
2024-02-06,24.384,88.9
2024-02-07,24.689,
2024-02-08,25.603,96.52
2024-02-09,25.603,93.98
2024-02-10,25.603,
2024-02-11,25.603,
2024-02-12,25.298,88.9
2024-02-13,25.298,91.44
2024-02-14,25.298,
2024-02-15,27.432,
2024-02-16,28.651,104.14
2024-02-17,28.956,99.06
2024-02-18,29.87,
2024-02-19,31.394,
2024-02-20,33.833,
2024-02-21,34.138,111.76
2024-02-22,34.442,111.76
2024-02-23,34.442,109.22
2024-02-24,34.747,106.68
2024-02-25,34.747,104.14
2024-02-26,34.747,104.14
2024-02-27,34.747,106.68
2024-02-28,34.747,106.68
2024-02-29,35.357,101.6
2024-03-01,36.576,
2024-03-02,40.234,165.1
2024-03-03,42.672,175.26
2024-03-04,43.586,172.72
2024-03-05,44.501,170.18
2024-03-06,46.33,182.88
2024-03-07,46.634,165.1
2024-03-08,46.939,165.1
2024-03-09,47.244,162.56
2024-03-10,47.549,160.02
2024-03-11,48.158,160.02
2024-03-12,48.768,
2024-03-13,49.073,
2024-03-14,49.378,160.02
2024-03-15,49.378,157.48
2024-03-16,49.378,154.94
2024-03-17,49.378,152.4
2024-03-18,49.682,149.86
2024-03-19,49.682,147.32
2024-03-20,49.682,142.24
2024-03-21,49.378,137.16
2024-03-22,48.768,137.16
2024-03-23,48.158,127.0
2024-03-24,49.682,
2024-03-25,51.511,144.78
2024-03-26,52.121,144.78
2024-03-27,52.426,142.24
2024-03-28,54.254,
2024-03-29,54.559,157.48
2024-03-30,55.169,
2024-03-31,55.474,157.48
2024-04-01,55.474,152.4
2024-04-02,55.169,147.32
2024-04-03,54.559,142.24
2024-04-04,54.254,139.7
2024-04-05,53.95,
2024-04-06,53.95,139.7
2024-04-07,54.254,
2024-04-08,54.559,139.7
2024-04-09,54.254,134.62
2024-04-10,53.035,132.08
2024-04-11,52.121,127.0
2024-04-12,50.597,121.92
2024-04-13,50.292,121.92
2024-04-14,50.597,
2024-04-15,50.902,127.0
2024-04-16,51.206,124.46
2024-04-17,49.987,119.38
2024-04-18,48.463,114.3
2024-04-19,46.025,109.22
2024-04-20,43.586,104.14
2024-04-21,40.538,96.52
2024-04-22,38.405,91.44
2024-04-23,35.357,86.36
2024-04-24,32.004,78.74
2024-04-25,28.651,71.12
2024-04-26,27.432,68.58
2024-04-27,25.603,63.5
2024-04-28,23.774,55.88
2024-04-29,21.336,50.8
2024-04-30,20.117,48.26
2024-05-01,18.898,38.1
2024-05-02,16.764,35.56
2024-05-03,14.935,33.02
2024-05-04,12.192,22.86
2024-05-05,12.192,30.48
2024-05-06,12.497,30.48
2024-05-07,11.278,20.32
2024-05-08,8.23,15.24
2024-05-09,4.877,10.16
2024-05-10,2.134,7.62
2024-05-11,0.914,7.62
2024-05-12,0.305,5.08
2024-05-13,0.0,5.08
2024-05-14,0.0,7.62
2024-05-15,0.0,7.62
2024-05-16,0.0,7.62
2024-05-17,0.0,7.62
2024-05-18,0.0,5.08
2024-05-19,0.0,7.62
2024-05-20,0.0,5.08
2024-05-21,0.0,7.62
2024-05-22,0.0,5.08
2024-05-23,0.0,7.62
2024-05-24,0.0,7.62
2024-05-25,0.0,5.08
2024-05-26,0.0,5.08
2024-05-27,0.0,5.08
2024-05-28,0.0,5.08
2024-05-29,0.0,5.08
2024-05-30,0.0,5.08
2024-05-31,0.0,5.08
2024-06-01,0.0,5.08
2024-06-02,0.0,5.08
2024-06-03,0.0,5.08
2024-06-04,0.0,5.08
2024-06-05,0.0,5.08
2024-06-06,0.0,5.08
2024-06-07,0.0,5.08
2024-06-08,0.0,5.08
2024-06-09,0.0,5.08
2024-06-10,0.0,5.08
2024-06-11,0.0,5.08
2024-06-12,0.0,5.08
2024-06-13,0.0,5.08
2024-06-14,0.0,5.08
2024-06-15,0.0,5.08
2024-06-16,0.0,5.08
2024-06-17,0.0,5.08
2024-06-18,0.0,5.08
2024-06-19,0.0,5.08
2024-06-20,0.0,7.62
2024-06-21,0.0,5.08
2024-06-22,0.0,5.08
2024-06-23,0.0,5.08
2024-06-24,0.0,5.08
2024-06-25,0.0,5.08
2024-06-26,0.0,2.54
2024-06-27,0.0,5.08
2024-06-28,0.0,5.08
2024-06-29,0.0,5.08
2024-06-30,0.0,5.08
2024-07-01,0.0,5.08
2024-07-02,0.0,5.08
2024-07-03,0.0,5.08
2024-07-04,0.0,5.08
2024-07-05,0.0,5.08
2024-07-06,0.0,5.08
2024-07-07,0.0,5.08
2024-07-08,0.0,5.08
2024-07-09,0.0,2.54
2024-07-10,0.0,5.08
2024-07-11,0.0,2.54
2024-07-12,0.0,5.08
2024-07-13,0.0,5.08
2024-07-14,0.0,2.54
2024-07-15,0.0,5.08
2024-07-16,0.0,5.08
2024-07-17,0.0,5.08
2024-07-18,0.0,2.54
2024-07-19,0.0,5.08
2024-07-20,0.0,5.08
2024-07-21,0.0,5.08
2024-07-22,0.0,0.0
2024-07-23,0.0,2.54
2024-07-24,0.0,7.62
2024-07-25,0.0,5.08
2024-07-26,0.0,5.08
2024-07-27,0.0,5.08
2024-07-28,0.0,5.08
2024-07-29,0.0,5.08
2024-07-30,0.0,5.08
2024-07-31,0.0,5.08
2024-08-01,0.0,2.54
2024-08-02,0.0,5.08
2024-08-03,0.0,0.0
2024-08-04,0.0,2.54
2024-08-05,0.0,5.08
2024-08-06,0.0,5.08
2024-08-07,0.0,2.54
2024-08-08,0.0,2.54
2024-08-09,0.0,5.08
2024-08-10,0.0,5.08
2024-08-11,0.0,5.08
2024-08-12,0.0,5.08
2024-08-13,0.0,5.08
2024-08-14,0.0,5.08
2024-08-15,0.0,2.54
2024-08-16,0.0,5.08
2024-08-17,0.0,5.08
2024-08-18,0.0,5.08
2024-08-19,0.0,5.08
2024-08-20,0.0,5.08
2024-08-21,0.0,5.08
2024-08-22,0.0,5.08
2024-08-23,0.0,5.08
2024-08-24,0.0,5.08
2024-08-25,0.0,5.08
2024-08-26,0.0,7.62
2024-08-27,0.0,7.62
2024-08-28,0.0,5.08
2024-08-29,0.0,5.08
2024-08-30,0.0,5.08
2024-08-31,0.0,5.08
2024-09-01,0.0,5.08
2024-09-02,0.0,7.62
2024-09-03,0.0,5.08
2024-09-04,0.0,5.08
2024-09-05,0.0,5.08
2024-09-06,0.0,5.08
2024-09-07,0.0,5.08
2024-09-08,0.0,5.08
2024-09-09,0.0,7.62
2024-09-10,0.0,5.08
2024-09-11,0.0,7.62
2024-09-12,0.0,7.62
2024-09-13,0.0,7.62
2024-09-14,0.0,7.62
2024-09-15,0.0,7.62
2024-09-16,0.0,5.08
2024-09-17,0.0,5.08
2024-09-18,0.0,2.54
2024-09-19,0.0,5.08
2024-09-20,0.0,5.08
2024-09-21,0.0,5.08
2024-09-22,0.0,5.08
2024-09-23,0.0,5.08
2024-09-24,0.0,5.08
2024-09-25,0.0,5.08
2024-09-26,0.0,5.08
2024-09-27,0.0,5.08
2024-09-28,0.0,5.08
2024-09-29,0.0,5.08
2024-09-30,0.0,5.08
2024-10-01,0.0,5.08
2024-10-02,0.0,7.62
2024-10-03,0.0,5.08
2024-10-04,0.0,5.08
2024-10-05,0.0,5.08
2024-10-06,0.0,5.08
2024-10-07,0.0,5.08
2024-10-08,0.0,5.08
2024-10-09,0.0,7.62
2024-10-10,0.0,7.62
2024-10-11,0.0,5.08
2024-10-12,0.0,5.08
2024-10-13,0.0,5.08
2024-10-14,0.0,5.08
2024-10-15,0.0,2.54
2024-10-16,0.0,2.54
2024-10-17,0.0,7.62
2024-10-18,0.0,5.08
2024-10-19,0.0,5.08
2024-10-20,0.0,5.08
2024-10-21,0.0,7.62
2024-10-22,0.0,5.08
2024-10-23,0.0,5.08
2024-10-24,0.0,5.08
2024-10-25,0.0,7.62
2024-10-26,0.0,5.08
2024-10-27,0.0,5.08
2024-10-28,0.0,5.08
2024-10-29,0.0,7.62
2024-10-30,0.0,7.62
2024-10-31,0.0,5.08
2024-11-01,0.0,7.62
2024-11-02,0.0,7.62
2024-11-03,0.0,5.08
2024-11-04,0.0,7.62
2024-11-05,0.0,7.62
2024-11-06,0.0,7.62
2024-11-07,0.0,7.62
2024-11-08,0.0,7.62
2024-11-09,0.0,5.08
2024-11-10,0.0,7.62
2024-11-11,0.0,5.08
2024-11-12,0.508,
2024-11-13,0.508,10.16
2024-11-14,2.007,
2024-11-15,2.515,
2024-11-16,2.007,15.24
2024-11-17,2.261,15.24
2024-11-18,2.769,
2024-11-19,2.769,
2024-11-20,6.553,
2024-11-21,14.351,139.7
2024-11-22,20.422,114.3
2024-11-23,18.898,
2024-11-24,18.39,
2024-11-25,18.898,
2024-11-26,19.66,
2024-11-27,19.66,
2024-11-28,19.406,
2024-11-29,19.406,96.52
2024-11-30,19.152,106.68
2024-12-01,19.152,93.98
2024-12-02,19.152,106.68
2024-12-03,19.406,101.6
2024-12-04,19.406,104.14
2024-12-05,19.152,101.6
2024-12-06,19.152,99.06
2024-12-07,19.152,99.06
2024-12-08,19.406,93.98
2024-12-09,19.152,93.98
2024-12-10,19.152,93.98
2024-12-11,19.406,93.98
2024-12-12,21.412,
2024-12-13,21.666,
2024-12-14,26.467,
2024-12-15,26.975,
2024-12-16,27.711,162.56
2024-12-17,28.473,160.02
2024-12-18,28.727,154.94
2024-12-19,28.727,149.86
2024-12-20,28.727,147.32
2024-12-21,28.727,142.24
2024-12-22,29.235,144.78
2024-12-23,28.981,137.16
2024-12-24,28.981,132.08
2024-12-25,28.219,132.08
2024-12-26,29.489,134.62
2024-12-27,30.226,132.08
2024-12-28,30.226,127.0
2024-12-29,29.489,116.84
2024-12-30,28.473,121.92
2024-12-31,28.981,119.38
2025-01-01,29.997,124.46
2025-01-02,30.988,127.0
2025-01-03,30.48,119.38
2025-01-04,29.489,
2025-01-05,30.48,127.0
2025-01-06,30.988,119.38
2025-01-07,30.734,119.38
2025-01-08,30.988,121.92
2025-01-09,30.988,119.38
2025-01-10,30.988,119.38
2025-01-11,30.988,119.38
2025-01-12,30.734,116.84
2025-01-13,30.734,116.84
2025-01-14,30.734,116.84
2025-01-15,30.988,116.84
2025-01-16,30.988,114.3
2025-01-17,30.988,116.84
2025-01-18,30.988,114.3
2025-01-19,30.734,114.3
2025-01-20,30.734,114.3
2025-01-21,30.734,114.3
2025-01-22,30.988,114.3
2025-01-23,30.988,111.76
2025-01-24,30.988,111.76
2025-01-25,31.242,111.76
2025-01-26,31.496,111.76
2025-01-27,31.496,114.3
2025-01-28,31.496,111.76
2025-01-29,31.75,114.3
2025-01-30,31.75,111.76
2025-01-31,31.75,
2025-02-01,35.738,134.62
2025-02-02,36.17,134.62
2025-02-03,37.059,147.32
2025-02-04,37.948,142.24
2025-02-05,42.367,165.1
2025-02-06,44.145,162.56
2025-02-07,48.133,185.42
2025-02-08,49.022,180.34
2025-02-09,49.454,172.72
2025-02-10,49.886,170.18
2025-02-11,50.343,170.18
2025-02-12,50.343,170.18
2025-02-13,52.984,185.42
2025-02-14,57.429,203.2
2025-02-15,57.861,200.66
2025-02-16,59.182,203.2
2025-02-17,60.96,200.66
2025-02-18,60.96,195.58
2025-02-19,60.96,190.5
2025-02-20,61.849,190.5
2025-02-21,62.738,190.5
2025-02-22,63.627,187.96
2025-02-23,62.738,182.88
2025-02-24,60.96,175.26
2025-02-25,60.35,172.72
2025-02-26,60.655,172.72
2025-02-27,61.265,170.18
2025-02-28,61.265,167.64
2025-03-01,61.57,167.64
2025-03-02,61.874,170.18
2025-03-03,62.789,172.72
2025-03-04,63.094,172.72
2025-03-05,62.484,167.64
2025-03-06,63.398,167.64
2025-03-07,63.703,167.64
2025-03-08,63.703,167.64
2025-03-09,64.008,167.64
2025-03-10,64.008,165.1
2025-03-11,64.313,162.56
2025-03-12,64.313,165.1
2025-03-13,63.703,
2025-03-14,64.618,182.88
2025-03-15,66.446,200.66
2025-03-16,67.666,193.04
2025-03-17,66.751,187.96
2025-03-18,68.58,198.12
2025-03-19,69.19,195.58
2025-03-20,70.409,203.2
2025-03-21,70.714,195.58
2025-03-22,71.323,193.04
2025-03-23,69.799,187.96
2025-03-24,69.799,185.42
2025-03-25,69.799,182.88
2025-03-26,69.19,177.8
2025-03-27,67.97,172.72
2025-03-28,67.361,
2025-03-29,68.275,170.18
2025-03-30,68.885,167.64
2025-03-31,70.409,182.88
2025-04-01,71.933,
2025-04-02,74.981,218.44
2025-04-03,75.286,208.28
2025-04-04,75.286,200.66
2025-04-05,75.286,198.12
2025-04-06,74.981,193.04
2025-04-07,73.762,182.88
2025-04-08,70.714,182.88
2025-04-09,70.409,177.8
2025-04-10,70.104,175.26
2025-04-11,69.19,167.64
2025-04-12,68.275,165.1
2025-04-13,67.666,162.56
2025-04-14,67.056,157.48
2025-04-15,65.837,149.86
2025-04-16,63.703,147.32
2025-04-17,61.265,139.7
2025-04-18,58.522,134.62
2025-04-19,56.998,129.54
2025-04-20,55.169,124.46
2025-04-21,52.426,119.38
2025-04-22,50.597,114.3
2025-04-23,48.768,106.68
2025-04-24,46.025,101.6
2025-04-25,43.586,96.52
2025-04-26,41.758,91.44
2025-04-27,40.234,86.36
2025-04-28,37.186,78.74
2025-04-29,34.747,71.12
2025-04-30,31.699,58.42
2025-05-01,28.956,53.34
2025-05-02,26.213,48.26
2025-05-03,21.946,35.56
2025-05-04,19.507,30.48
2025-05-05,16.459,25.4
2025-05-06,11.887,20.32
2025-05-07,7.62,5.08
2025-05-08,5.486,5.08
2025-05-09,4.267,5.08
2025-05-10,3.658,7.62
2025-05-11,2.743,5.08
2025-05-12,0.0,5.08
2025-05-13,0.0,5.08
2025-05-14,0.0,7.62
2025-05-15,0.0,5.08
2025-05-16,0.0,7.62
2025-05-17,0.0,5.08
2025-05-18,0.0,5.08
2025-05-19,0.0,5.08
2025-05-20,0.0,5.08
2025-05-21,0.0,5.08
2025-05-22,0.0,5.08
2025-05-23,0.0,5.08
2025-05-24,0.0,5.08
2025-05-25,0.0,5.08
2025-05-26,0.0,5.08
2025-05-27,0.0,2.54
2025-05-28,0.0,5.08
2025-05-29,0.0,5.08
2025-05-30,0.0,5.08
2025-05-31,0.0,5.08
2025-06-01,0.0,5.08
2025-06-02,0.0,7.62
2025-06-03,0.0,7.62
2025-06-04,0.0,7.62
2025-06-05,0.0,7.62
2025-06-06,0.0,5.08
2025-06-07,0.0,368.3
2025-06-08,0.0,368.3
2025-06-09,0.0,373.38
2025-06-10,0.0,370.84
2025-06-11,0.0,365.76
2025-06-12,0.0,363.22
2025-06-13,0.0,370.84
2025-06-14,0.0,378.46
2025-06-15,0.0,373.38
2025-06-16,0.0,373.38
2025-06-17,0.0,370.84
2025-06-18,0.0,391.16
2025-06-19,0.0,383.54
2025-06-20,0.0,388.62
2025-06-21,0.0,284.48
2025-06-22,0.0,368.3
2025-06-23,0.0,381.0
2025-06-24,0.0,393.7
2025-06-25,0.0,393.7
2025-06-26,0.0,388.62
2025-06-27,0.0,401.32
2025-06-28,0.0,396.24
2025-06-29,0.0,414.02
2025-06-30,0.0,408.94
2025-07-01,0.0,424.18
2025-07-02,0.0,
2025-07-03,0.0,421.64
2025-07-04,0.0,426.72
2025-07-05,0.0,431.8
2025-07-06,0.0,434.34
2025-07-07,0.0,416.56
2025-07-08,0.0,449.58
2025-07-09,0.0,452.12
2025-07-10,0.0,
2025-07-11,0.0,
2025-07-12,0.0,457.2
2025-07-13,0.0,
2025-07-14,0.0,
2025-07-15,0.0,261.62
2025-07-16,0.0,
2025-07-17,0.0,
2025-07-18,0.0,
2025-07-19,0.0,
2025-07-20,0.0,
2025-07-21,0.0,
2025-07-22,0.0,
2025-07-23,0.0,
2025-07-24,0.0,
2025-07-25,0.0,
2025-07-26,0.0,0.0
2025-07-27,0.0,0.0
2025-07-28,0.0,
2025-07-29,0.0,0.0
2025-07-30,0.0,0.0
2025-07-31,0.0,0.0
2025-08-01,0.0,0.0
2025-08-02,0.0,0.0
2025-08-03,0.0,0.0
2025-08-04,0.0,0.0
2025-08-05,0.0,0.0
2025-08-06,0.0,0.0
2025-08-07,0.0,0.0
2025-08-08,0.0,0.0
2025-08-09,0.0,0.0
2025-08-10,0.0,0.0
2025-08-11,0.0,0.0
2025-08-12,0.0,0.0
2025-08-13,0.0,0.0
2025-08-14,0.0,0.0
2025-08-15,0.0,0.0
2025-08-16,0.0,0.0
2025-08-17,0.0,0.0
2025-08-18,0.0,0.0
2025-08-19,0.0,0.0
2025-08-20,0.0,0.0
2025-08-21,0.0,0.0
2025-08-22,0.0,0.0
2025-08-23,0.0,0.0
2025-08-24,0.0,0.0
2025-08-25,0.0,0.0
2025-08-26,0.0,0.0
2025-08-27,0.0,0.0
2025-08-28,0.0,0.0
2025-08-29,0.0,0.0
2025-08-30,0.0,0.0
2025-08-31,0.0,0.0
2025-09-01,0.0,0.0
2025-09-02,0.0,0.0
2025-09-03,0.0,0.0
2025-09-04,0.0,0.0
2025-09-05,0.0,0.0
2025-09-06,0.0,0.0
2025-09-07,0.0,0.0
2025-09-08,0.0,0.0
2025-09-09,0.0,0.0
2025-09-10,0.0,0.0
2025-09-11,0.0,0.0
2025-09-12,0.0,0.0
2025-09-13,0.0,0.0
2025-09-14,0.0,0.0
2025-09-15,0.0,0.0
2025-09-16,0.0,0.0
2025-09-17,0.0,0.0
2025-09-18,0.0,0.0
2025-09-19,0.0,0.0
2025-09-20,0.0,0.0
2025-09-21,0.0,0.0
2025-09-22,0.0,0.0
2025-09-23,0.0,0.0
2025-09-24,0.0,0.0
2025-09-25,0.0,0.0
2025-09-26,0.0,0.0
2025-09-27,0.0,0.0
2025-09-28,0.0,
2025-09-29,0.0,0.0
2025-09-30,0.0,
2025-10-01,0.0,0.0
2025-10-02,0.0,0.0
2025-10-03,0.0,0.0
2025-10-04,0.0,0.0
2025-10-05,0.0,0.0
2025-10-06,0.0,0.0
2025-10-07,0.0,0.0
2025-10-08,0.0,0.0
2025-10-09,0.0,0.0
2025-10-10,0.0,0.0
2025-10-11,0.0,0.0
2025-10-12,0.0,0.0
2025-10-13,0.0,0.0
2025-10-14,0.711,7.62
2025-10-15,0.33,2.54
2025-10-16,0.0,0.0
2025-10-17,0.0,0.0
2025-10-18,0.0,0.0
2025-10-19,0.0,0.0
2025-10-20,0.0,0.0
2025-10-21,0.0,0.0
2025-10-22,0.0,0.0
2025-10-23,0.0,0.0
2025-10-24,0.0,0.0
2025-10-25,0.0,0.0
2025-10-26,0.0,0.0
2025-10-27,0.0,0.0
2025-10-28,0.0,0.0
2025-10-29,0.0,0.0
2025-10-30,0.0,0.0
2025-10-31,0.0,0.0
2025-11-01,0.0,0.0
2025-11-02,0.0,0.0
2025-11-03,0.0,0.0
2025-11-04,0.0,0.0
2025-11-05,0.0,0.0
2025-11-06,0.0,0.0
2025-11-07,0.0,0.0
2025-11-08,0.0,0.0
2025-11-09,0.0,0.0
2025-11-10,0.0,0.0
2025-11-11,0.0,0.0
2025-11-12,0.0,0.0
2025-11-13,0.0,0.0
2025-11-14,0.0,0.0
2025-11-15,0.0,0.0
2025-11-16,0.0,0.0
2025-11-17,0.0,0.0
2025-11-18,0.0,0.0
2025-11-19,0.0,0.0
2025-11-20,0.0,0.0
2025-11-21,0.0,
2025-11-22,0.0,0.0
2025-11-23,0.0,0.0
2025-11-24,0.0,0.0
2025-11-25,0.0,0.0
2025-11-26,0.0,0.0
2025-11-27,0.0,0.0
2025-11-28,0.0,0.0
2025-11-29,0.0,0.0
2025-11-30,0.0,0.0
2025-12-01,0.0,0.0
2025-12-02,0.0,0.0
2025-12-03,0.0,0.0
2025-12-04,0.0,0.0
2025-12-05,0.0,0.0
2025-12-06,0.762,0.0
2025-12-07,1.041,0.0
2025-12-08,1.041,0.0
2025-12-09,1.041,0.0
2025-12-10,1.041,0.0
2025-12-11,1.041,0.0
2025-12-12,0.762,0.0
2025-12-13,0.762,0.0
2025-12-14,1.041,0.0
2025-12-15,0.483,0.0
2025-12-16,1.88,0.0
2025-12-17,1.88,0.0
2025-12-18,1.321,0.0
2025-12-19,1.6,0.0
2025-12-20,1.6,0.0
2025-12-21,1.6,0.0
2025-12-22,1.6,0.0
2025-12-23,1.321,0.0
2025-12-24,1.6,0.0
2025-12-25,2.438,2.54
2025-12-26,3.251,
2025-12-27,5.207,40.64
2025-12-28,4.648,38.1
2025-12-29,4.928,33.02
2025-12-30,4.928,30.48
2025-12-31,4.928,27.94
2026-01-01,4.648,22.86
2026-01-02,4.089,15.24
2026-01-03,3.531,10.16
2026-01-04,4.369,15.24
2026-01-05,5.207,35.56
2026-01-06,6.299,43.18
2026-01-07,6.045,38.1
2026-01-08,6.579,45.72
2026-01-09,6.579,40.64
2026-01-10,6.299,38.1
2026-01-11,6.299,35.56
2026-01-12,6.299,35.56
2026-01-13,6.299,33.02
2026-01-14,6.299,30.48
2026-01-15,6.299,30.48
2026-01-16,6.299,30.48
2026-01-17,6.299,30.48
2026-01-18,6.299,27.94
2026-01-19,6.299,27.94
2026-01-20,6.299,27.94
2026-01-21,6.045,25.4
2026-01-22,6.299,25.4
2026-01-23,6.299,25.4
2026-01-24,6.579,25.4
2026-01-25,7.417,25.4
2026-01-26,7.137,25.4
2026-01-27,6.858,25.4
2026-01-28,6.858,30.48
2026-01-29,6.858,27.94
2026-01-30,6.579,27.94
2026-01-31,6.579,27.94
2026-02-01,6.579,25.4
2026-02-02,6.299,25.4
2026-02-03,6.858,25.4
2026-02-04,6.299,25.4
2026-02-05,6.299,22.86
2026-02-06,6.579,22.86
2026-02-07,6.299,22.86
2026-02-08,6.299,20.32
2026-02-09,5.766,17.78
2026-02-10,7.417,17.78
2026-02-11,5.766,17.78
2026-02-12,5.486,17.78
2026-02-13,6.299,15.24
2026-02-14,6.579,15.24
2026-02-15,5.207,15.24
2026-02-16,6.858,33.02
2026-02-17,7.976,55.88
2026-02-18,9.093,63.5
2026-02-19,9.373,60.96
2026-02-20,10.465,66.04
2026-02-21,10.744,60.96
2026-02-22,11.582,60.96
2026-02-23,11.862,53.34
2026-02-24,11.862,45.72
2026-02-25,9.906,40.64
2026-02-26,9.627,38.1
2026-02-27,9.373,33.02
2026-02-28,8.814,30.48
2026-03-01,7.976,25.4
2026-03-02,7.137,22.86
2026-03-03,6.579,20.32
2026-03-04,6.299,20.32
2026-03-05,6.299,22.86
2026-03-06,6.858,20.32
2026-03-07,6.299,20.32
2026-03-08,6.045,17.78
2026-03-09,5.207,15.24
2026-03-10,5.207,15.24
2026-03-11,5.207,15.24
2026-03-12,5.207,12.7
2026-03-13,4.089,7.62
2026-03-14,3.251,5.08
2026-03-15,2.692,0.0
2026-03-16,1.041,0.0
2026-03-17,0.0,0.0
2026-03-18,0.0,0.0
2026-03-19,0.0,0.0
2026-03-20,0.0,0.0
2026-03-21,0.0,0.0
2026-03-22,0.0,0.0
2026-03-23,0.0,0.0
2026-03-24,0.0,0.0
2026-03-25,0.0,0.0
2026-03-26,0.0,0.0
2026-03-27,0.0,0.0
2026-03-28,0.0,0.0
2026-03-29,0.0,0.0
2026-03-30,0.0,0.0
2026-03-31,0.0,0.0
2026-04-01,0.0,0.0
2026-04-02,0.0,2.54
2026-04-03,0.0,2.54
2026-04-04,0.0,
2026-04-05,0.0,
2026-04-06,0.0,
2026-04-07,0.0,
2026-04-08,0.0,
2026-04-09,0.0,
2026-04-10,0.0,
2026-04-11,,
2026-04-12,,
2026-04-13,,
2026-04-14,,
2026-04-15,,
2026-04-16,0.0,
2026-04-17,0.0,
2026-04-18,0.0,
2026-04-19,0.0,
2026-04-20,0.0,
2026-04-21,0.0,
2026-04-22,,
2026-04-23,,
2026-04-24,,
2026-04-25,,
2026-04-26,,
2026-04-27,,
2026-04-28,0.0,
2026-04-29,0.0,
2026-04-30,0.0,
2026-05-01,0.0,
2026-05-02,0.0,
2026-05-03,0.0,
2026-05-04,0.0,
2026-05-05,0.0,
2026-05-06,0.0,
2026-05-07,0.0,
2026-05-08,0.0,
2026-05-09,0.0,
2026-05-10,0.0,
2026-05-11,0.0,
2026-05-12,0.0,
2026-05-13,0.0,
2026-05-14,0.0,
2026-05-15,0.0,
2026-05-16,0.0,
2026-05-17,0.0,
2026-05-18,0.0,
2026-05-19,0.0,
2026-05-20,0.0,
2026-05-21,0.0,
2026-05-22,0.0,
2026-05-23,0.0,
2026-05-24,0.0,
2026-05-25,0.0,
2026-05-26,0.0,
2026-05-27,0.0,
2026-05-28,0.0,
2026-05-29,0.0,
2026-05-30,0.0,
2026-05-31,0.0,
2026-06-01,0.0,
2026-06-02,0.0,
2026-06-03,0.0,
2026-06-04,0.0,
2026-06-05,0.0,
2026-06-06,0.0,
2026-06-07,0.0,
2026-06-08,0.0,
2026-06-09,0.0,
2026-06-10,0.0,
2026-06-11,0.0,
2026-06-12,0.0,
2026-06-13,0.0,
2026-06-14,0.0,
2026-06-15,0.0,
2026-06-16,0.0,
2026-06-17,0.0,
2026-06-18,0.0,
2026-06-19,0.0,
2026-06-20,0.0,
2026-06-21,0.0,
2026-06-22,0.0,
2026-06-23,,
2026-06-24,0.0,
2026-06-25,0.0,
2026-06-26,0.0,
2026-06-27,0.0,
2026-06-28,0.0,
2026-06-29,0.0,
2026-06-30,0.0,
2026-07-01,0.0,
2026-07-02,0.0,
2026-07-03,0.0,
2026-07-04,0.0,
2026-07-05,0.0,
2026-07-06,0.0,
2026-07-07,0.0,
2026-07-08,0.0,
2026-07-09,0.0,
2026-07-10,0.0,
2026-07-11,0.0,
2026-07-12,0.0,0.0
2026-07-13,0.0,0.0
2026-07-14,0.0,
2026-07-15,0.0,
2026-07-16,0.0,
2026-07-17,0.0,
2026-07-18,0.0,
2026-07-19,0.0,
2026-07-20,0.0,0.0
2026-07-21,0.0,
2026-07-22,0.0,
2026-07-23,0.0,
2026-07-24,0.0,
2026-07-25,0.0,
2026-07-26,0.0,
2026-07-27,0.0,0.0
2026-07-28,0.0,
2026-07-29,0.0,
2026-07-30,0.0,
2026-07-31,,
