date,wteq_cm,snwd_cm
1980-01-22,57.912,
1980-01-23,,
1980-01-24,,
1980-01-25,,
1980-01-26,,
1980-01-27,,
1980-01-28,,
1980-01-29,,
1980-01-30,,
1980-01-31,,
1980-02-01,,
1980-02-02,,
1980-02-03,,
1980-02-04,45.72,
1980-02-05,45.72,
1980-02-06,45.72,
1980-02-07,45.72,
1980-02-08,45.72,
1980-02-09,45.72,
1980-02-10,45.72,
1980-02-11,45.72,
1980-02-12,45.72,
1980-02-13,45.72,
1980-02-14,45.72,
1980-02-15,47.244,
1980-02-16,48.768,
1980-02-17,52.832,
1980-02-18,56.896,
1980-02-19,60.96,
1980-02-20,60.96,
1980-02-21,63.5,
1980-02-22,66.04,
1980-02-23,68.326,
1980-02-24,70.866,
1980-02-25,73.406,
1980-02-26,75.946,
1980-02-27,78.486,
1980-02-28,81.026,
1980-02-29,83.312,
1980-03-01,85.852,
1980-03-02,88.392,
1980-03-03,92.964,
1980-03-04,97.536,
1980-03-05,102.108,
1980-03-06,106.68,
1980-03-07,109.728,
1980-03-08,109.728,
1980-03-09,109.728,
1980-03-10,109.728,
1980-03-11,109.728,
1980-03-12,109.728,
1980-03-13,109.728,
1980-03-14,109.728,
1980-03-15,109.728,
1980-03-16,109.728,
1980-03-17,109.728,
1980-03-18,109.728,
1980-03-19,109.728,
1980-03-20,109.728,
1980-03-21,109.728,
1980-03-22,109.728,
1980-03-23,109.728,
1980-03-24,109.728,
1980-03-25,109.728,
1980-03-26,109.728,
1980-03-27,109.728,
1980-03-28,109.728,
1980-03-29,109.728,
1980-03-30,109.728,
1980-03-31,109.728,
1980-04-01,109.728,
1980-04-02,109.728,
1980-04-03,109.728,
1980-04-04,109.728,
1980-04-05,109.728,
1980-04-06,109.728,
1980-04-07,109.728,
1980-04-08,109.728,
1980-04-09,109.728,
1980-04-10,109.728,
1980-04-11,109.728,
1980-04-12,107.95,
1980-04-13,106.172,
1980-04-14,104.394,
1980-04-15,102.616,
1980-04-16,100.838,
1980-04-17,99.06,
1980-04-18,97.282,
1980-04-19,95.504,
1980-04-20,93.726,
1980-04-21,91.948,
1980-04-22,90.17,
1980-04-23,88.392,
1980-04-24,86.868,
1980-04-25,85.344,
1980-04-26,83.82,
1980-04-27,82.296,
1980-04-28,80.772,
1980-04-29,79.248,
1980-04-30,77.724,
1980-05-01,76.2,
1980-05-02,76.2,
1980-05-03,73.152,
1980-05-04,70.104,
1980-05-05,67.056,
1980-05-06,64.008,
1980-05-07,60.96,
1980-05-08,60.96,
1980-05-09,57.912,
1980-05-10,57.912,
1980-05-11,57.912,
1980-05-12,57.912,
1980-05-13,57.912,
1980-05-14,,
1980-05-15,,
1980-05-16,,
1980-05-17,,
1980-05-18,,
1980-05-19,,
1980-05-20,,
1980-05-21,,
1980-05-22,,
1980-05-23,,
1980-05-24,,
1980-05-25,,
1980-05-26,,
1980-05-27,,
1980-05-28,,
1980-05-29,,
1980-05-30,,
1980-05-31,,
1980-06-01,,
1980-06-02,,
1980-06-03,,
1980-06-04,,
1980-06-05,,
1980-06-06,,
1980-06-07,,
1980-06-08,,
1980-06-09,,
1980-06-10,,
1980-06-11,,
1980-06-12,,
1980-06-13,,
1980-06-14,,
1980-06-15,,
1980-06-16,,
1980-06-17,,
1980-06-18,,
1980-06-19,,
1980-06-20,,
1980-06-21,,
1980-06-22,,
1980-06-23,,
1980-06-24,,
1980-06-25,,
1980-06-26,,
1980-06-27,,
1980-06-28,,
1980-06-29,,
1980-06-30,,
1980-07-01,,
1980-07-02,,
1980-07-03,,
1980-07-04,,
1980-07-05,,
1980-07-06,,
1980-07-07,,
1980-07-08,,
1980-07-09,,
1980-07-10,,
1980-07-11,,
1980-07-12,,
1980-07-13,,
1980-07-14,,
1980-07-15,,
1980-07-16,,
1980-07-17,,
1980-07-18,,
1980-07-19,,
1980-07-20,,
1980-07-21,,
1980-07-22,,
1980-07-23,,
1980-07-24,,
1980-07-25,,
1980-07-26,,
1980-07-27,,
1980-07-28,,
1980-07-29,,
1980-07-30,,
1980-07-31,,
1980-08-01,,
1980-08-02,,
1980-08-03,,
1980-08-04,,
1980-08-05,,
1980-08-06,,
1980-08-07,,
1980-08-08,,
1980-08-09,,
1980-08-10,,
1980-08-11,,
1980-08-12,,
1980-08-13,,
1980-08-14,,
1980-08-15,,
1980-08-16,,
1980-08-17,,
1980-08-18,,
1980-08-19,,
1980-08-20,,
1980-08-21,,
1980-08-22,,
1980-08-23,,
1980-08-24,,
1980-08-25,,
1980-08-26,,
1980-08-27,,
1980-08-28,,
1980-08-29,,
1980-08-30,,
1980-08-31,,
1980-09-01,,
1980-09-02,,
1980-09-03,,
1980-09-04,,
1980-09-05,,
1980-09-06,,
1980-09-07,,
1980-09-08,,
1980-09-09,,
1980-09-10,,
1980-09-11,,
1980-09-12,,
1980-09-13,,
1980-09-14,,
1980-09-15,,
1980-09-16,,
1980-09-17,,
1980-09-18,,
1980-09-19,,
1980-09-20,,
1980-09-21,,
1980-09-22,,
1980-09-23,,
1980-09-24,,
1980-09-25,,
1980-09-26,,
1980-09-27,,
1980-09-28,,
1980-09-29,,
1980-09-30,,
1980-10-01,,
1980-10-02,,
1980-10-03,,
1980-10-04,,
1980-10-05,,
1980-10-06,,
1980-10-07,,
1980-10-08,,
1980-10-09,,
1980-10-10,,
1980-10-11,,
1980-10-12,,
1980-10-13,,
1980-10-14,,
1980-10-15,,
1980-10-16,,
1980-10-17,,
1980-10-18,,
1980-10-19,,
1980-10-20,,
1980-10-21,,
1980-10-22,,
1980-10-23,,
1980-10-24,,
1980-10-25,,
1980-10-26,,
1980-10-27,,
1980-10-28,,
1980-10-29,,
1980-10-30,,
1980-10-31,,
1980-11-01,,
1980-11-02,,
1980-11-03,,
1980-11-04,,
1980-11-05,,
1980-11-06,,
1980-11-07,,
1980-11-08,,
1980-11-09,,
1980-11-10,,
1980-11-11,,
1980-11-12,,
1980-11-13,,
1980-11-14,,
1980-11-15,,
1980-11-16,,
1980-11-17,,
1980-11-18,,
1980-11-19,,
1980-11-20,,
1980-11-21,,
1980-11-22,,
1980-11-23,,
1980-11-24,,
1980-11-25,,
1980-11-26,,
1980-11-27,,
1980-11-28,,
1980-11-29,,
1980-11-30,,
1980-12-01,0.0,
1980-12-02,0.0,
1980-12-03,0.0,
1980-12-04,3.556,
1980-12-05,8.636,
1980-12-06,8.89,
1980-12-07,9.398,
1980-12-08,9.144,
1980-12-09,9.144,
1980-12-10,9.144,
1980-12-11,9.144,
1980-12-12,9.144,
1980-12-13,9.144,
1980-12-14,9.144,
1980-12-15,9.398,
1980-12-16,9.398,
1980-12-17,9.398,
1980-12-18,9.398,
1980-12-19,9.398,
1980-12-20,9.398,
1980-12-21,9.398,
1980-12-22,9.398,
1980-12-23,9.398,
1980-12-24,9.398,
1980-12-25,9.398,
1980-12-26,9.398,
1980-12-27,9.398,
1980-12-28,9.398,
1980-12-29,9.398,
1980-12-30,9.398,
1980-12-31,9.398,
1981-01-01,10.16,
1981-01-02,11.43,
1981-01-03,12.7,
1981-01-04,14.986,
1981-01-05,14.986,
1981-01-06,14.986,
1981-01-07,14.986,
1981-01-08,14.986,
1981-01-09,14.986,
1981-01-10,14.986,
1981-01-11,14.986,
1981-01-12,14.986,
1981-01-13,14.986,
1981-01-14,14.986,
1981-01-15,14.986,
1981-01-16,14.986,
1981-01-17,14.986,
1981-01-18,15.24,
1981-01-19,15.24,
1981-01-20,15.24,
1981-01-21,15.24,
1981-01-22,15.24,
1981-01-23,15.494,
1981-01-24,15.748,
1981-01-25,16.764,
1981-01-26,17.78,
1981-01-27,18.034,
1981-01-28,18.796,
1981-01-29,21.844,
1981-01-30,26.162,
1981-01-31,30.48,
1981-02-01,31.75,
1981-02-02,32.258,
1981-02-03,32.512,
1981-02-04,33.02,
1981-02-05,33.02,
1981-02-06,33.02,
1981-02-07,33.02,
1981-02-08,33.02,
1981-02-09,33.528,
1981-02-10,34.036,
1981-02-11,34.544,
1981-02-12,34.544,
1981-02-13,34.544,
1981-02-14,34.544,
1981-02-15,35.052,
1981-02-16,35.052,
1981-02-17,35.306,
1981-02-18,35.56,
1981-02-19,35.56,
1981-02-20,35.56,
1981-02-21,36.068,
1981-02-22,36.068,
1981-02-23,36.068,
1981-02-24,36.068,
1981-02-25,36.068,
1981-02-26,36.322,
1981-02-27,36.83,
1981-02-28,37.084,
1981-03-01,37.592,
1981-03-02,38.354,
1981-03-03,38.608,
1981-03-04,39.37,
1981-03-05,39.37,
1981-03-06,39.37,
1981-03-07,39.37,
1981-03-08,39.37,
1981-03-09,39.624,
1981-03-10,39.624,
1981-03-11,39.624,
1981-03-12,39.624,
1981-03-13,39.624,
1981-03-14,40.894,
1981-03-15,41.148,
1981-03-16,41.402,
1981-03-17,41.656,
1981-03-18,42.418,
1981-03-19,43.18,
1981-03-20,46.99,
1981-03-21,49.784,
1981-03-22,51.816,
1981-03-23,52.324,
1981-03-24,53.086,
1981-03-25,53.34,
1981-03-26,53.848,
1981-03-27,56.134,
1981-03-28,56.642,
1981-03-29,56.896,
1981-03-30,56.896,
1981-03-31,56.896,
1981-04-01,56.896,
1981-04-02,56.896,
1981-04-03,56.896,
1981-04-04,,
1981-04-05,,
1981-04-06,,
1981-04-07,,
1981-04-08,,
1981-04-09,,
1981-04-10,,
1981-04-11,,
1981-04-12,,
1981-04-13,,
1981-04-14,,
1981-04-15,,
1981-04-16,,
1981-04-17,,
1981-04-18,,
1981-04-19,,
1981-04-20,,
1981-04-21,,
1981-04-22,,
1981-04-23,,
1981-04-24,,
1981-04-25,,
1981-04-26,,
1981-04-27,,
1981-04-28,,
1981-04-29,,
1981-04-30,,
1981-05-01,,
1981-05-02,,
1981-05-03,,
1981-05-04,,
1981-05-05,,
1981-05-06,,
1981-05-07,,
1981-05-08,,
1981-05-09,,
1981-05-10,,
1981-05-11,,
1981-05-12,,
1981-05-13,,
1981-05-14,,
1981-05-15,,
1981-05-16,,
1981-05-17,,
1981-05-18,,
1981-05-19,,
1981-05-20,,
1981-05-21,,
1981-05-22,,
1981-05-23,,
1981-05-24,,
1981-05-25,,
1981-05-26,,
1981-05-27,,
1981-05-28,,
1981-05-29,,
1981-05-30,,
1981-05-31,,
1981-06-01,,
1981-06-02,,
1981-06-03,,
1981-06-04,,
1981-06-05,,
1981-06-06,,
1981-06-07,,
1981-06-08,,
1981-06-09,,
1981-06-10,,
1981-06-11,,
1981-06-12,,
1981-06-13,,
1981-06-14,,
1981-06-15,,
1981-06-16,,
1981-06-17,,
1981-06-18,,
1981-06-19,,
1981-06-20,,
1981-06-21,,
1981-06-22,,
1981-06-23,,
1981-06-24,,
1981-06-25,,
1981-06-26,,
1981-06-27,,
1981-06-28,,
1981-06-29,,
1981-06-30,,
1981-07-01,,
1981-07-02,,
1981-07-03,,
1981-07-04,,
1981-07-05,,
1981-07-06,,
1981-07-07,,
1981-07-08,,
1981-07-09,,
1981-07-10,,
1981-07-11,,
1981-07-12,,
1981-07-13,,
1981-07-14,,
1981-07-15,,
1981-07-16,,
1981-07-17,,
1981-07-18,,
1981-07-19,,
1981-07-20,,
1981-07-21,,
1981-07-22,,
1981-07-23,,
1981-07-24,,
1981-07-25,,
1981-07-26,,
1981-07-27,,
1981-07-28,,
1981-07-29,,
1981-07-30,,
1981-07-31,,
1981-08-01,,
1981-08-02,,
1981-08-03,,
1981-08-04,,
1981-08-05,,
1981-08-06,,
1981-08-07,,
1981-08-08,,
1981-08-09,,
1981-08-10,,
1981-08-11,,
1981-08-12,,
1981-08-13,,
1981-08-14,,
1981-08-15,,
1981-08-16,,
1981-08-17,,
1981-08-18,,
1981-08-19,,
1981-08-20,,
1981-08-21,,
1981-08-22,,
1981-08-23,,
1981-08-24,,
1981-08-25,,
1981-08-26,,
1981-08-27,,
1981-08-28,,
1981-08-29,,
1981-08-30,,
1981-08-31,,
1981-09-01,,
1981-09-02,,
1981-09-03,,
1981-09-04,,
1981-09-05,,
1981-09-06,,
1981-09-07,,
1981-09-08,,
1981-09-09,,
1981-09-10,,
1981-09-11,,
1981-09-12,,
1981-09-13,,
1981-09-14,,
1981-09-15,,
1981-09-16,,
1981-09-17,,
1981-09-18,,
1981-09-19,,
1981-09-20,,
1981-09-21,,
1981-09-22,,
1981-09-23,,
1981-09-24,,
1981-09-25,,
1981-09-26,,
1981-09-27,,
1981-09-28,,
1981-09-29,,
1981-09-30,,
1981-10-01,,
1981-10-02,,
1981-10-03,,
1981-10-04,,
1981-10-05,,
1981-10-06,,
1981-10-07,,
1981-10-08,,
1981-10-09,,
1981-10-10,,
1981-10-11,,
1981-10-12,,
1981-10-13,,
1981-10-14,,
1981-10-15,,
1981-10-16,,
1981-10-17,,
1981-10-18,,
1981-10-19,,
1981-10-20,,
1981-10-21,,
1981-10-22,,
1981-10-23,,
1981-10-24,,
1981-10-25,,
1981-10-26,,
1981-10-27,0.0,
1981-10-28,1.016,
1981-10-29,4.318,
1981-10-30,6.096,
1981-10-31,6.096,
1981-11-01,6.096,
1981-11-02,6.096,
1981-11-03,7.112,
1981-11-04,7.112,
1981-11-05,6.604,
1981-11-06,6.096,
1981-11-07,5.842,
1981-11-08,6.35,
1981-11-09,5.08,
1981-11-10,3.81,
1981-11-11,3.048,
1981-11-12,2.032,
1981-11-13,2.032,
1981-11-14,2.032,
1981-11-15,1.778,
1981-11-16,1.778,
1981-11-17,1.778,
1981-11-18,1.778,
1981-11-19,1.524,
1981-11-20,1.778,
1981-11-21,,
1981-11-22,1.778,
1981-11-23,1.778,
1981-11-24,1.778,
1981-11-25,1.524,
1981-11-26,1.016,
1981-11-27,6.35,
1981-11-28,8.128,
1981-11-29,8.636,
1981-11-30,8.89,
1981-12-01,8.89,
1981-12-02,8.89,
1981-12-03,8.636,
1981-12-04,8.636,
1981-12-05,8.636,
1981-12-06,8.636,
1981-12-07,8.636,
1981-12-08,8.128,
1981-12-09,8.636,
1981-12-10,8.636,
1981-12-11,8.128,
1981-12-12,8.636,
1981-12-13,8.89,
1981-12-14,8.636,
1981-12-15,8.636,
1981-12-16,8.89,
1981-12-17,8.89,
1981-12-18,8.89,
1981-12-19,9.144,
1981-12-20,9.144,
1981-12-21,8.128,
1981-12-22,8.128,
1981-12-23,7.874,
1981-12-24,9.652,
1981-12-25,10.668,
1981-12-26,10.922,
1981-12-27,10.922,
1981-12-28,10.668,
1981-12-29,11.684,
1981-12-30,13.462,
1981-12-31,14.986,
1982-01-01,15.24,
1982-01-02,16.764,
1982-01-03,18.288,
1982-01-04,18.796,
1982-01-05,28.956,
1982-01-06,36.576,
1982-01-07,36.83,
1982-01-08,36.83,
1982-01-09,37.084,
1982-01-10,36.83,
1982-01-11,36.83,
1982-01-12,36.576,
1982-01-13,36.322,
1982-01-14,36.322,
1982-01-15,36.068,
1982-01-16,35.814,
1982-01-17,35.814,
1982-01-18,35.56,
1982-01-19,35.306,
1982-01-20,36.576,
1982-01-21,45.466,
1982-01-22,47.752,
1982-01-23,47.752,
1982-01-24,47.752,
1982-01-25,47.752,
1982-01-26,48.006,
1982-01-27,48.26,
1982-01-28,48.26,
1982-01-29,48.26,
1982-01-30,48.26,
1982-01-31,48.26,
1982-02-01,49.276,
1982-02-02,49.276,
1982-02-03,49.276,
1982-02-04,49.276,
1982-02-05,49.276,
1982-02-06,49.276,
1982-02-07,49.276,
1982-02-08,49.276,
1982-02-09,49.276,
1982-02-10,49.022,
1982-02-11,49.276,
1982-02-12,49.276,
1982-02-13,49.53,
1982-02-14,49.53,
1982-02-15,49.784,
1982-02-16,49.784,
1982-02-17,49.276,
1982-02-18,48.514,
1982-02-19,48.006,
1982-02-20,47.244,
1982-02-21,46.736,
1982-02-22,45.974,
1982-02-23,45.466,
1982-02-24,44.958,
1982-02-25,44.196,
1982-02-26,43.688,
1982-02-27,42.926,
1982-02-28,42.418,
1982-03-01,42.418,
1982-03-02,43.688,
1982-03-03,46.99,
1982-03-04,47.498,
1982-03-05,47.498,
1982-03-06,45.72,
1982-03-07,44.704,
1982-03-08,44.45,
1982-03-09,42.926,
1982-03-10,42.926,
1982-03-11,42.926,
1982-03-12,43.18,
1982-03-13,43.18,
1982-03-14,50.038,
1982-03-15,53.594,
1982-03-16,53.848,
1982-03-17,56.388,
1982-03-18,61.976,
1982-03-19,65.024,
1982-03-20,64.77,
1982-03-21,64.516,
1982-03-22,64.516,
1982-03-23,64.262,
1982-03-24,64.008,
1982-03-25,63.754,
1982-03-26,64.262,
1982-03-27,64.262,
1982-03-28,63.5,
1982-03-29,70.104,
1982-03-30,74.168,
1982-03-31,74.168,
1982-04-01,79.756,
1982-04-02,82.55,
1982-04-03,82.296,
1982-04-04,82.296,
1982-04-05,82.296,
1982-04-06,82.55,
1982-04-07,83.312,
1982-04-08,83.312,
1982-04-09,82.804,
1982-04-10,82.55,
1982-04-11,85.598,
1982-04-12,86.614,
1982-04-13,87.376,
1982-04-14,87.376,
1982-04-15,87.376,
1982-04-16,87.376,
1982-04-17,87.376,
1982-04-18,87.376,
1982-04-19,87.376,
1982-04-20,87.376,
1982-04-21,87.376,
1982-04-22,87.376,
1982-04-23,87.376,
1982-04-24,87.376,
1982-04-25,87.122,
1982-04-26,87.122,
1982-04-27,87.122,
1982-04-28,87.122,
1982-04-29,87.122,
1982-04-30,87.122,
1982-05-01,86.614,
1982-05-02,86.106,
1982-05-03,85.598,
1982-05-04,84.836,
1982-05-05,84.328,
1982-05-06,83.82,
1982-05-07,83.312,
1982-05-08,82.804,
1982-05-09,82.296,
1982-05-10,81.788,
1982-05-11,81.026,
1982-05-12,80.518,
1982-05-13,80.01,
1982-05-14,79.502,
1982-05-15,78.994,
1982-05-16,78.486,
1982-05-17,77.724,
1982-05-18,77.216,
1982-05-19,76.708,
1982-05-20,76.2,
1982-05-21,73.406,
1982-05-22,70.866,
1982-05-23,68.072,
1982-05-24,65.278,
1982-05-25,62.484,
1982-05-26,59.944,
1982-05-27,57.15,
1982-05-28,54.356,
1982-05-29,51.816,
1982-05-30,49.022,
1982-05-31,46.228,
1982-06-01,43.434,
1982-06-02,40.894,
1982-06-03,38.1,
1982-06-04,35.306,
1982-06-05,32.766,
1982-06-06,29.972,
1982-06-07,27.178,
1982-06-08,24.384,
1982-06-09,21.844,
1982-06-10,19.05,
1982-06-11,16.256,
1982-06-12,13.716,
1982-06-13,10.922,
1982-06-14,8.128,
1982-06-15,5.334,
1982-06-16,2.794,
1982-06-17,0.0,
1982-06-18,,
1982-06-19,,
1982-06-20,,
1982-06-21,,
1982-06-22,,
1982-06-23,,
1982-06-24,,
1982-06-25,,
1982-06-26,,
1982-06-27,,
1982-06-28,,
1982-06-29,,
1982-06-30,,
1982-07-01,,
1982-07-02,,
1982-07-03,,
1982-07-04,,
1982-07-05,,
1982-07-06,,
1982-07-07,,
1982-07-08,,
1982-07-09,,
1982-07-10,,
1982-07-11,,
1982-07-12,,
1982-07-13,,
1982-07-14,,
1982-07-15,,
1982-07-16,,
1982-07-17,,
1982-07-18,,
1982-07-19,,
1982-07-20,,
1982-07-21,,
1982-07-22,,
1982-07-23,,
1982-07-24,,
1982-07-25,,
1982-07-26,,
1982-07-27,,
1982-07-28,,
1982-07-29,,
1982-07-30,,
1982-07-31,,
1982-08-01,,
1982-08-02,,
1982-08-03,,
1982-08-04,,
1982-08-05,,
1982-08-06,,
1982-08-07,,
1982-08-08,,
1982-08-09,,
1982-08-10,,
1982-08-11,,
1982-08-12,,
1982-08-13,,
1982-08-14,,
1982-08-15,,
1982-08-16,,
1982-08-17,,
1982-08-18,,
1982-08-19,,
1982-08-20,,
1982-08-21,,
1982-08-22,,
1982-08-23,,
1982-08-24,,
1982-08-25,,
1982-08-26,,
1982-08-27,,
1982-08-28,,
1982-08-29,,
1982-08-30,,
1982-08-31,,
1982-09-01,,
1982-09-02,,
1982-09-03,,
1982-09-04,,
1982-09-05,,
1982-09-06,,
1982-09-07,,
1982-09-08,,
1982-09-09,,
1982-09-10,,
1982-09-11,,
1982-09-12,,
1982-09-13,,
1982-09-14,,
1982-09-15,,
1982-09-16,,
1982-09-17,,
1982-09-18,,
1982-09-19,,
1982-09-20,,
1982-09-21,,
1982-09-22,,
1982-09-23,,
1982-09-24,,
1982-09-25,,
1982-09-26,,
1982-09-27,,
1982-09-28,,
1982-09-29,,
1982-09-30,,
1982-10-01,,
1982-10-02,,
1982-10-03,,
1982-10-04,,
1982-10-05,,
1982-10-06,,
1982-10-07,,
1982-10-08,,
1982-10-09,,
1982-10-10,,
1982-10-11,,
1982-10-12,,
1982-10-13,,
1982-10-14,,
1982-10-15,,
1982-10-16,,
1982-10-17,,
1982-10-18,,
1982-10-19,,
1982-10-20,,
1982-10-21,,
1982-10-22,,
1982-10-23,,
1982-10-24,,
1982-10-25,,
1982-10-26,,
1982-10-27,,
1982-10-28,,
1982-10-29,,
1982-10-30,,
1982-10-31,,
1982-11-01,,
1982-11-02,,
1982-11-03,,
1982-11-04,,
1982-11-05,,
1982-11-06,,
1982-11-07,,
1982-11-08,,
1982-11-09,0.0,
1982-11-10,2.54,
1982-11-11,4.318,
1982-11-12,4.572,
1982-11-13,4.572,
1982-11-14,4.572,
1982-11-15,4.572,
1982-11-16,4.572,
1982-11-17,4.572,
1982-11-18,12.7,
1982-11-19,13.462,
1982-11-20,13.716,
1982-11-21,13.716,
1982-11-22,13.716,
1982-11-23,13.716,
1982-11-24,13.716,
1982-11-25,13.716,
1982-11-26,13.716,
1982-11-27,13.716,
1982-11-28,13.716,
1982-11-29,13.97,
1982-11-30,18.542,
1982-12-01,30.48,
1982-12-02,30.988,
1982-12-03,31.496,
1982-12-04,32.004,
1982-12-05,32.512,
1982-12-06,33.02,
1982-12-07,33.02,
1982-12-08,33.02,
1982-12-09,33.02,
1982-12-10,32.766,
1982-12-11,32.766,
1982-12-12,32.766,
1982-12-13,32.766,
1982-12-14,32.766,
1982-12-15,32.766,
1982-12-16,32.766,
1982-12-17,32.512,
1982-12-18,32.512,
1982-12-19,32.512,
1982-12-20,32.512,
1982-12-21,35.56,
1982-12-22,37.592,
1982-12-23,56.388,
1982-12-24,56.642,
1982-12-25,57.15,
1982-12-26,57.404,
1982-12-27,57.15,
1982-12-28,56.896,
1982-12-29,56.896,
1982-12-30,56.642,
1982-12-31,56.388,
1983-01-01,56.134,
1983-01-02,56.388,
1983-01-03,56.642,
1983-01-04,56.896,
1983-01-05,57.15,
1983-01-06,57.15,
1983-01-07,57.404,
1983-01-08,57.658,
1983-01-09,57.912,
1983-01-10,58.166,
1983-01-11,58.42,
1983-01-12,58.42,
1983-01-13,58.42,
1983-01-14,58.928,
1983-01-15,59.69,
1983-01-16,60.198,
1983-01-17,60.96,
1983-01-18,61.468,
1983-01-19,62.23,
1983-01-20,62.738,
1983-01-21,63.5,
1983-01-22,66.294,
1983-01-23,69.088,
1983-01-24,71.882,
1983-01-25,74.676,
1983-01-26,77.724,
1983-01-27,80.518,
1983-01-28,83.312,
1983-01-29,86.106,
1983-01-30,88.9,
1983-01-31,85.344,
1983-02-01,85.852,
1983-02-02,86.614,
1983-02-03,87.122,
1983-02-04,87.63,
1983-02-05,88.392,
1983-02-06,88.9,
1983-02-07,93.218,
1983-02-08,97.282,
1983-02-09,101.6,
1983-02-10,102.362,
1983-02-11,102.87,
1983-02-12,103.632,
1983-02-13,104.14,
1983-02-14,104.902,
1983-02-15,105.664,
1983-02-16,106.172,
1983-02-17,106.934,
1983-02-18,107.442,
1983-02-19,108.204,
1983-02-20,108.458,
1983-02-21,108.712,
1983-02-22,108.712,
1983-02-23,107.95,
1983-02-24,107.188,
1983-02-25,107.95,
1983-02-26,111.506,
1983-02-27,114.808,
1983-02-28,120.142,
1983-03-01,121.92,
1983-03-02,130.81,
1983-03-03,132.842,
1983-03-04,134.112,
1983-03-05,135.382,
1983-03-06,135.89,
1983-03-07,135.89,
1983-03-08,135.89,
1983-03-09,135.636,
1983-03-10,135.89,
1983-03-11,136.906,
1983-03-12,,
1983-03-13,137.16,
1983-03-14,139.7,
1983-03-15,138.684,
1983-03-16,139.446,
1983-03-17,140.208,
1983-03-18,140.716,
1983-03-19,141.478,
1983-03-20,142.24,
1983-03-21,151.13,
1983-03-22,151.384,
1983-03-23,152.4,
1983-03-24,154.432,
1983-03-25,156.718,
1983-03-26,156.972,
1983-03-27,156.972,
1983-03-28,156.972,
1983-03-29,156.972,
1983-03-30,157.226,
1983-03-31,157.48,
1983-04-01,158.242,
1983-04-02,158.496,
1983-04-03,158.496,
1983-04-04,157.988,
1983-04-05,157.48,
1983-04-06,158.242,
1983-04-07,158.75,
1983-04-08,159.004,
1983-04-09,159.004,
1983-04-10,158.75,
1983-04-11,157.988,
1983-04-12,157.988,
1983-04-13,158.242,
1983-04-14,158.496,
1983-04-15,158.496,
1983-04-16,158.242,
1983-04-17,157.48,
1983-04-18,154.94,
1983-04-19,156.464,
1983-04-20,156.972,
1983-04-21,156.972,
1983-04-22,157.226,
1983-04-23,157.226,
1983-04-24,157.48,
1983-04-25,157.48,
1983-04-26,157.48,
1983-04-27,157.734,
1983-04-28,157.734,
1983-04-29,157.988,
1983-04-30,157.988,
1983-05-01,159.766,
1983-05-02,160.528,
1983-05-03,161.036,
1983-05-04,159.512,
1983-05-05,158.496,
1983-05-06,158.242,
1983-05-07,157.48,
1983-05-08,156.972,
1983-05-09,156.464,
1983-05-10,155.956,
1983-05-11,154.686,
1983-05-12,153.162,
1983-05-13,151.892,
1983-05-14,150.622,
1983-05-15,149.098,
1983-05-16,148.59,
1983-05-17,147.828,
1983-05-18,147.32,
1983-05-19,146.558,
1983-05-20,146.05,
1983-05-21,145.288,
1983-05-22,144.78,
1983-05-23,144.018,
1983-05-24,143.51,
1983-05-25,142.748,
1983-05-26,142.24,
1983-05-27,141.478,
1983-05-28,140.97,
1983-05-29,140.208,
1983-05-30,139.7,
1983-05-31,137.668,
1983-06-01,135.636,
1983-06-02,133.604,
1983-06-03,131.572,
1983-06-04,129.54,
1983-06-05,127.508,
1983-06-06,125.476,
1983-06-07,123.444,
1983-06-08,121.412,
1983-06-09,119.38,
1983-06-10,117.348,
1983-06-11,115.316,
1983-06-12,113.284,
1983-06-13,111.252,
1983-06-14,109.22,
1983-06-15,104.902,
1983-06-16,100.584,
1983-06-17,96.012,
1983-06-18,91.694,
1983-06-19,87.376,
1983-06-20,83.058,
1983-06-21,78.74,
1983-06-22,74.168,
1983-06-23,69.85,
1983-06-24,65.532,
1983-06-25,61.214,
1983-06-26,56.896,
1983-06-27,52.324,
1983-06-28,48.006,
1983-06-29,43.688,
1983-06-30,39.37,
1983-07-01,35.052,
1983-07-02,30.48,
1983-07-03,26.162,
1983-07-04,21.844,
1983-07-05,17.526,
1983-07-06,13.208,
1983-07-07,8.636,
1983-07-08,4.318,
1983-07-09,0.0,
1983-07-10,,
1983-07-11,,
1983-07-12,,
1983-07-13,,
1983-07-14,,
1983-07-15,,
1983-07-16,,
1983-07-17,,
1983-07-18,,
1983-07-19,,
1983-07-20,,
1983-07-21,,
1983-07-22,,
1983-07-23,,
1983-07-24,,
1983-07-25,,
1983-07-26,,
1983-07-27,,
1983-07-28,,
1983-07-29,,
1983-07-30,,
1983-07-31,,
1983-08-01,,
1983-08-02,,
1983-08-03,,
1983-08-04,,
1983-08-05,,
1983-08-06,,
1983-08-07,,
1983-08-08,,
1983-08-09,,
1983-08-10,,
1983-08-11,,
1983-08-12,,
1983-08-13,,
1983-08-14,,
1983-08-15,,
1983-08-16,,
1983-08-17,,
1983-08-18,,
1983-08-19,,
1983-08-20,,
1983-08-21,,
1983-08-22,,
1983-08-23,,
1983-08-24,,
1983-08-25,,
1983-08-26,,
1983-08-27,,
1983-08-28,,
1983-08-29,,
1983-08-30,,
1983-08-31,,
1983-09-01,,
1983-09-02,,
1983-09-03,,
1983-09-04,,
1983-09-05,,
1983-09-06,,
1983-09-07,,
1983-09-08,,
1983-09-09,,
1983-09-10,,
1983-09-11,,
1983-09-12,,
1983-09-13,,
1983-09-14,,
1983-09-15,,
1983-09-16,,
1983-09-17,,
1983-09-18,,
1983-09-19,,
1983-09-20,,
1983-09-21,,
1983-09-22,,
1983-09-23,,
1983-09-24,,
1983-09-25,,
1983-09-26,,
1983-09-27,,
1983-09-28,,
1983-09-29,,
1983-09-30,,
1983-10-01,,
1983-10-02,,
1983-10-03,,
1983-10-04,,
1983-10-05,,
1983-10-06,,
1983-10-07,,
1983-10-08,,
1983-10-09,,
1983-10-10,,
1983-10-11,,
1983-10-12,,
1983-10-13,,
1983-10-14,,
1983-10-15,,
1983-10-16,,
1983-10-17,,
1983-10-18,,
1983-10-19,,
1983-10-20,,
1983-10-21,,
1983-10-22,,
1983-10-23,,
1983-10-24,,
1983-10-25,,
1983-10-26,,
1983-10-27,,
1983-10-28,,
1983-10-29,,
1983-10-30,,
1983-10-31,,
1983-11-01,,
1983-11-02,,
1983-11-03,,
1983-11-04,,
1983-11-05,,
1983-11-06,,
1983-11-07,,
1983-11-08,,
1983-11-09,,
1983-11-10,,
1983-11-11,,
1983-11-12,,
1983-11-13,,
1983-11-14,,
1983-11-15,,
1983-11-16,,
1983-11-17,,
1983-11-18,,
1983-11-19,,
1983-11-20,,
1983-11-21,,
1983-11-22,,
1983-11-23,0.0,
1983-11-24,1.016,
1983-11-25,6.35,
1983-11-26,6.604,
1983-11-27,6.604,
1983-11-28,6.604,
1983-11-29,6.604,
1983-11-30,6.604,
1983-12-01,6.604,
1983-12-02,6.604,
1983-12-03,6.604,
1983-12-04,9.398,
1983-12-05,10.414,
1983-12-06,10.668,
1983-12-07,10.668,
1983-12-08,10.668,
1983-12-09,10.922,
1983-12-10,15.24,
1983-12-11,15.494,
1983-12-12,17.78,
1983-12-13,18.034,
1983-12-14,18.034,
1983-12-15,18.034,
1983-12-16,18.034,
1983-12-17,18.034,
1983-12-18,18.034,
1983-12-19,18.034,
1983-12-20,18.034,
1983-12-21,18.034,
1983-12-22,18.034,
1983-12-23,18.034,
1983-12-24,18.288,
1983-12-25,20.32,
1983-12-26,24.892,
1983-12-27,26.416,
1983-12-28,26.924,
1983-12-29,26.924,
1983-12-30,26.924,
1983-12-31,26.924,
1984-01-01,26.924,
1984-01-02,26.924,
1984-01-03,26.924,
1984-01-04,26.924,
1984-01-05,26.924,
1984-01-06,26.924,
1984-01-07,26.924,
1984-01-08,26.924,
1984-01-09,26.924,
1984-01-10,26.924,
1984-01-11,26.924,
1984-01-12,26.924,
1984-01-13,26.924,
1984-01-14,26.924,
1984-01-15,28.702,
1984-01-16,30.48,
1984-01-17,32.004,
1984-01-18,33.782,
1984-01-19,35.56,
1984-01-20,35.56,
1984-01-21,35.56,
1984-01-22,35.56,
1984-01-23,35.56,
1984-01-24,35.56,
1984-01-25,35.56,
1984-01-26,35.56,
1984-01-27,35.56,
1984-01-28,35.56,
1984-01-29,35.56,
1984-01-30,35.56,
1984-01-31,35.56,
1984-02-01,35.56,
1984-02-02,35.56,
1984-02-03,35.56,
1984-02-04,35.56,
1984-02-05,35.56,
1984-02-06,35.56,
1984-02-07,35.56,
1984-02-08,35.56,
1984-02-09,35.56,
1984-02-10,39.878,
1984-02-11,41.148,
1984-02-12,41.656,
1984-02-13,41.656,
1984-02-14,45.212,
1984-02-15,46.99,
1984-02-16,49.784,
1984-02-17,52.832,
1984-02-18,53.594,
1984-02-19,54.61,
1984-02-20,54.61,
1984-02-21,54.864,
1984-02-22,54.864,
1984-02-23,55.118,
1984-02-24,55.118,
1984-02-25,55.118,
1984-02-26,55.372,
1984-02-27,55.372,
1984-02-28,55.626,
1984-02-29,55.626,
1984-03-01,55.88,
1984-03-02,55.88,
1984-03-03,54.61,
1984-03-04,53.594,
1984-03-05,52.832,
1984-03-06,52.324,
1984-03-07,52.324,
1984-03-08,52.324,
1984-03-09,52.832,
1984-03-10,53.086,
1984-03-11,52.832,
1984-03-12,52.07,
1984-03-13,51.562,
1984-03-14,54.864,
1984-03-15,54.864,
1984-03-16,54.864,
1984-03-17,53.848,
1984-03-18,54.61,
1984-03-19,54.356,
1984-03-20,53.34,
1984-03-21,51.816,
1984-03-22,50.8,
1984-03-23,49.022,
1984-03-24,47.752,
1984-03-25,46.228,
1984-03-26,42.672,
1984-03-27,41.656,
1984-03-28,42.164,
1984-03-29,40.132,
1984-03-30,39.116,
1984-03-31,38.1,
1984-04-01,38.1,
1984-04-02,38.1,
1984-04-03,38.1,
1984-04-04,37.592,
1984-04-05,36.576,
1984-04-06,35.56,
1984-04-07,35.306,
1984-04-08,33.528,
1984-04-09,33.02,
1984-04-10,30.226,
1984-04-11,28.448,
1984-04-12,26.416,
1984-04-13,23.368,
1984-04-14,20.828,
1984-04-15,16.51,
1984-04-16,10.668,
1984-04-17,5.842,
1984-04-18,2.032,
1984-04-19,1.778,
1984-04-20,,
1984-04-21,4.064,
1984-04-22,2.794,
1984-04-23,1.016,
1984-04-24,0.0,
1984-04-25,,
1984-04-26,,
1984-04-27,,
1984-04-28,,
1984-04-29,,
1984-04-30,,
1984-05-01,,
1984-05-02,,
1984-05-03,,
1984-05-04,,
1984-05-05,,
1984-05-06,,
1984-05-07,,
1984-05-08,,
1984-05-09,,
1984-05-10,,
1984-05-11,,
1984-05-12,,
1984-05-13,,
1984-05-14,,
1984-05-15,,
1984-05-16,,
1984-05-17,,
1984-05-18,,
1984-05-19,,
1984-05-20,,
1984-05-21,,
1984-05-22,,
1984-05-23,,
1984-05-24,,
1984-05-25,,
1984-05-26,,
1984-05-27,,
1984-05-28,,
1984-05-29,,
1984-05-30,,
1984-05-31,,
1984-06-01,,
1984-06-02,,
1984-06-03,,
1984-06-04,,
1984-06-05,,
1984-06-06,,
1984-06-07,,
1984-06-08,,
1984-06-09,,
1984-06-10,,
1984-06-11,,
1984-06-12,,
1984-06-13,,
1984-06-14,,
1984-06-15,,
1984-06-16,,
1984-06-17,,
1984-06-18,,
1984-06-19,,
1984-06-20,,
1984-06-21,,
1984-06-22,,
1984-06-23,,
1984-06-24,,
1984-06-25,,
1984-06-26,,
1984-06-27,,
1984-06-28,,
1984-06-29,,
1984-06-30,,
1984-07-01,,
1984-07-02,,
1984-07-03,,
1984-07-04,,
1984-07-05,,
1984-07-06,,
1984-07-07,,
1984-07-08,,
1984-07-09,,
1984-07-10,,
1984-07-11,,
1984-07-12,,
1984-07-13,,
1984-07-14,,
1984-07-15,,
1984-07-16,,
1984-07-17,,
1984-07-18,,
1984-07-19,,
1984-07-20,,
1984-07-21,,
1984-07-22,,
1984-07-23,,
1984-07-24,,
1984-07-25,,
1984-07-26,,
1984-07-27,,
1984-07-28,,
1984-07-29,,
1984-07-30,,
1984-07-31,,
1984-08-01,,
1984-08-02,,
1984-08-03,,
1984-08-04,,
1984-08-05,,
1984-08-06,,
1984-08-07,,
1984-08-08,,
1984-08-09,,
1984-08-10,,
1984-08-11,,
1984-08-12,,
1984-08-13,,
1984-08-14,,
1984-08-15,,
1984-08-16,,
1984-08-17,,
1984-08-18,,
1984-08-19,,
1984-08-20,,
1984-08-21,,
1984-08-22,,
1984-08-23,,
1984-08-24,,
1984-08-25,,
1984-08-26,,
1984-08-27,,
1984-08-28,,
1984-08-29,,
1984-08-30,,
1984-08-31,,
1984-09-01,,
1984-09-02,,
1984-09-03,,
1984-09-04,,
1984-09-05,,
1984-09-06,,
1984-09-07,,
1984-09-08,,
1984-09-09,,
1984-09-10,,
1984-09-11,,
1984-09-12,,
1984-09-13,,
1984-09-14,,
1984-09-15,,
1984-09-16,,
1984-09-17,,
1984-09-18,,
1984-09-19,,
1984-09-20,,
1984-09-21,,
1984-09-22,,
1984-09-23,,
1984-09-24,,
1984-09-25,,
1984-09-26,,
1984-09-27,,
1984-09-28,,
1984-09-29,,
1984-09-30,,
1984-10-01,,
1984-10-02,,
1984-10-03,,
1984-10-04,,
1984-10-05,,
1984-10-06,,
1984-10-07,,
1984-10-08,,
1984-10-09,,
1984-10-10,,
1984-10-11,,
1984-10-12,,
1984-10-13,,
1984-10-14,,
1984-10-15,,
1984-10-16,,
1984-10-17,,
1984-10-18,,
1984-10-19,,
1984-10-20,,
1984-10-21,,
1984-10-22,,
1984-10-23,,
1984-10-24,,
1984-10-25,,
1984-10-26,,
1984-10-27,,
1984-10-28,,
1984-10-29,,
1984-10-30,,
1984-10-31,,
1984-11-01,,
1984-11-02,,
1984-11-03,,
1984-11-04,,
1984-11-05,,
1984-11-06,,
1984-11-07,,
1984-11-08,,
1984-11-09,,
1984-11-10,,
1984-11-11,,
1984-11-12,,
1984-11-13,0.0,
1984-11-14,2.54,
1984-11-15,3.048,
1984-11-16,3.048,
1984-11-17,3.048,
1984-11-18,3.048,
1984-11-19,3.048,
1984-11-20,3.048,
1984-11-21,3.048,
1984-11-22,4.064,
1984-11-23,4.826,
1984-11-24,5.842,
1984-11-25,6.858,
1984-11-26,7.62,
1984-11-27,8.636,
1984-11-28,13.97,
1984-11-29,14.224,
1984-11-30,14.224,
1984-12-01,14.224,
1984-12-02,14.224,
1984-12-03,14.224,
1984-12-04,14.224,
1984-12-05,14.224,
1984-12-06,14.224,
1984-12-07,14.224,
1984-12-08,14.224,
1984-12-09,14.224,
1984-12-10,14.224,
1984-12-11,14.224,
1984-12-12,14.224,
1984-12-13,14.224,
1984-12-14,14.224,
1984-12-15,14.224,
1984-12-16,16.51,
1984-12-17,17.272,
1984-12-18,17.272,
1984-12-19,18.288,
1984-12-20,19.558,
1984-12-21,19.812,
1984-12-22,19.812,
1984-12-23,19.812,
1984-12-24,19.812,
1984-12-25,19.812,
1984-12-26,19.812,
1984-12-27,19.812,
1984-12-28,19.812,
1984-12-29,19.812,
1984-12-30,19.812,
1984-12-31,19.812,
1985-01-01,20.066,
1985-01-02,20.066,
1985-01-03,20.066,
1985-01-04,20.066,
1985-01-05,20.066,
1985-01-06,20.066,
1985-01-07,20.066,
1985-01-08,23.114,
1985-01-09,23.368,
1985-01-10,23.368,
1985-01-11,23.368,
1985-01-12,23.368,
1985-01-13,23.368,
1985-01-14,23.622,
1985-01-15,23.622,
1985-01-16,23.622,
1985-01-17,23.622,
1985-01-18,23.622,
1985-01-19,23.622,
1985-01-20,23.876,
1985-01-21,23.876,
1985-01-22,23.876,
1985-01-23,23.876,
1985-01-24,23.876,
1985-01-25,23.876,
1985-01-26,23.876,
1985-01-27,23.876,
1985-01-28,23.876,
1985-01-29,23.876,
1985-01-30,24.13,
1985-01-31,24.384,
1985-02-01,24.384,
1985-02-02,24.638,
1985-02-03,24.892,
1985-02-04,24.892,
1985-02-05,25.146,
1985-02-06,25.4,
1985-02-07,25.4,
1985-02-08,28.448,
1985-02-09,29.972,
1985-02-10,31.496,
1985-02-11,33.02,
1985-02-12,33.274,
1985-02-13,33.528,
1985-02-14,33.528,
1985-02-15,33.528,
1985-02-16,33.528,
1985-02-17,33.528,
1985-02-18,33.528,
1985-02-19,33.528,
1985-02-20,33.528,
1985-02-21,33.528,
1985-02-22,33.528,
1985-02-23,33.528,
1985-02-24,33.528,
1985-02-25,33.528,
1985-02-26,33.528,
1985-02-27,33.782,
1985-02-28,33.782,
1985-03-01,33.782,
1985-03-02,33.782,
1985-03-03,34.798,
1985-03-04,34.798,
1985-03-05,35.052,
1985-03-06,35.814,
1985-03-07,36.576,
1985-03-08,37.084,
1985-03-09,37.846,
1985-03-10,38.1,
1985-03-11,38.354,
1985-03-12,38.608,
1985-03-13,39.116,
1985-03-14,39.116,
1985-03-15,39.116,
1985-03-16,39.116,
1985-03-17,39.116,
1985-03-18,39.116,
1985-03-19,39.37,
1985-03-20,39.37,
1985-03-21,39.37,
1985-03-22,39.37,
1985-03-23,39.624,
1985-03-24,39.624,
1985-03-25,39.624,
1985-03-26,39.624,
1985-03-27,43.688,
1985-03-28,49.022,
1985-03-29,54.61,
1985-03-30,54.864,
1985-03-31,54.864,
1985-04-01,55.118,
1985-04-02,55.372,
1985-04-03,55.372,
1985-04-04,55.372,
1985-04-05,53.848,
1985-04-06,52.324,
1985-04-07,50.8,
1985-04-08,49.276,
1985-04-09,47.752,
1985-04-10,46.228,
1985-04-11,44.704,
1985-04-12,43.18,
1985-04-13,40.894,
1985-04-14,38.608,
1985-04-15,36.322,
1985-04-16,34.544,
1985-04-17,32.512,
1985-04-18,31.75,
1985-04-19,30.734,
1985-04-20,29.464,
1985-04-21,27.94,
1985-04-22,26.67,
1985-04-23,25.4,
1985-04-24,23.876,
1985-04-25,22.606,
1985-04-26,21.082,
1985-04-27,18.542,
1985-04-28,16.256,
1985-04-29,13.716,
1985-04-30,11.176,
1985-05-01,7.112,
1985-05-02,3.556,
1985-05-03,1.524,
1985-05-04,0.0,
1985-05-05,,
1985-05-06,,
1985-05-07,,
1985-05-08,,
1985-05-09,,
1985-05-10,,
1985-05-11,,
1985-05-12,,
1985-05-13,,
1985-05-14,,
1985-05-15,,
1985-05-16,,
1985-05-17,,
1985-05-18,,
1985-05-19,,
1985-05-20,,
1985-05-21,,
1985-05-22,,
1985-05-23,,
1985-05-24,,
1985-05-25,,
1985-05-26,,
1985-05-27,,
1985-05-28,,
1985-05-29,,
1985-05-30,,
1985-05-31,,
1985-06-01,,
1985-06-02,,
1985-06-03,,
1985-06-04,,
1985-06-05,,
1985-06-06,,
1985-06-07,,
1985-06-08,,
1985-06-09,,
1985-06-10,,
1985-06-11,,
1985-06-12,,
1985-06-13,,
1985-06-14,,
1985-06-15,,
1985-06-16,,
1985-06-17,,
1985-06-18,,
1985-06-19,,
1985-06-20,,
1985-06-21,,
1985-06-22,,
1985-06-23,,
1985-06-24,,
1985-06-25,,
1985-06-26,,
1985-06-27,,
1985-06-28,,
1985-06-29,,
1985-06-30,,
1985-07-01,,
1985-07-02,,
1985-07-03,,
1985-07-04,,
1985-07-05,,
1985-07-06,,
1985-07-07,,
1985-07-08,,
1985-07-09,,
1985-07-10,,
1985-07-11,,
1985-07-12,,
1985-07-13,,
1985-07-14,,
1985-07-15,,
1985-07-16,,
1985-07-17,,
1985-07-18,,
1985-07-19,,
1985-07-20,,
1985-07-21,,
1985-07-22,,
1985-07-23,,
1985-07-24,,
1985-07-25,,
1985-07-26,,
1985-07-27,,
1985-07-28,,
1985-07-29,,
1985-07-30,,
1985-07-31,,
1985-08-01,,
1985-08-02,,
1985-08-03,,
1985-08-04,,
1985-08-05,,
1985-08-06,,
1985-08-07,,
1985-08-08,,
1985-08-09,,
1985-08-10,,
1985-08-11,,
1985-08-12,,
1985-08-13,,
1985-08-14,,
1985-08-15,,
1985-08-16,,
1985-08-17,,
1985-08-18,,
1985-08-19,,
1985-08-20,,
1985-08-21,,
1985-08-22,,
1985-08-23,,
1985-08-24,,
1985-08-25,,
1985-08-26,,
1985-08-27,,
1985-08-28,,
1985-08-29,,
1985-08-30,,
1985-08-31,,
1985-09-01,,
1985-09-02,,
1985-09-03,,
1985-09-04,,
1985-09-05,,
1985-09-06,,
1985-09-07,,
1985-09-08,,
1985-09-09,,
1985-09-10,,
1985-09-11,,
1985-09-12,,
1985-09-13,,
1985-09-14,,
1985-09-15,,
1985-09-16,,
1985-09-17,,
1985-09-18,,
1985-09-19,,
1985-09-20,,
1985-09-21,,
1985-09-22,,
1985-09-23,,
1985-09-24,,
1985-09-25,,
1985-09-26,,
1985-09-27,,
1985-09-28,,
1985-09-29,,
1985-09-30,,
1985-10-01,,
1985-10-02,,
1985-10-03,,
1985-10-04,,
1985-10-05,,
1985-10-06,,
1985-10-07,,
1985-10-08,,
1985-10-09,,
1985-10-10,,
1985-10-11,,
1985-10-12,,
1985-10-13,,
1985-10-14,,
1985-10-15,,
1985-10-16,,
1985-10-17,,
1985-10-18,,
1985-10-19,,
1985-10-20,,
1985-10-21,,
1985-10-22,,
1985-10-23,,
1985-10-24,,
1985-10-25,,
1985-10-26,,
1985-10-27,,
1985-10-28,,
1985-10-29,,
1985-10-30,,
1985-10-31,,
1985-11-01,,
1985-11-02,,
1985-11-03,,
1985-11-04,,
1985-11-05,,
1985-11-06,,
1985-11-07,,
1985-11-08,,
1985-11-09,,
1985-11-10,0.0,
1985-11-11,1.524,
1985-11-12,2.794,
1985-11-13,3.302,
1985-11-14,4.064,
1985-11-15,4.318,
1985-11-16,4.318,
1985-11-17,4.318,
1985-11-18,4.318,
1985-11-19,4.318,
1985-11-20,4.318,
1985-11-21,4.318,
1985-11-22,4.318,
1985-11-23,4.318,
1985-11-24,4.318,
1985-11-25,11.938,
1985-11-26,14.732,
1985-11-27,14.986,
1985-11-28,14.986,
1985-11-29,17.018,
1985-11-30,22.352,
1985-12-01,22.86,
1985-12-02,22.86,
1985-12-03,28.448,
1985-12-04,29.21,
1985-12-05,29.464,
1985-12-06,30.226,
1985-12-07,30.48,
1985-12-08,30.734,
1985-12-09,30.734,
1985-12-10,30.988,
1985-12-11,31.75,
1985-12-12,32.512,
1985-12-13,33.02,
1985-12-14,33.274,
1985-12-15,33.274,
1985-12-16,33.274,
1985-12-17,33.274,
1985-12-18,33.274,
1985-12-19,33.274,
1985-12-20,33.528,
1985-12-21,33.528,
1985-12-22,33.528,
1985-12-23,33.528,
1985-12-24,33.528,
1985-12-25,33.528,
1985-12-26,33.528,
1985-12-27,33.528,
1985-12-28,33.528,
1985-12-29,33.528,
1985-12-30,33.528,
1985-12-31,33.528,
1986-01-01,33.528,
1986-01-02,33.528,
1986-01-03,33.528,
1986-01-04,35.56,
1986-01-05,38.1,
1986-01-06,40.132,
1986-01-07,40.132,
1986-01-08,40.132,
1986-01-09,40.132,
1986-01-10,40.132,
1986-01-11,40.132,
1986-01-12,40.132,
1986-01-13,40.132,
1986-01-14,40.132,
1986-01-15,40.132,
1986-01-16,40.132,
1986-01-17,40.132,
1986-01-18,40.132,
1986-01-19,40.132,
1986-01-20,39.776,
1986-01-21,39.421,
1986-01-22,39.065,
1986-01-23,38.71,
1986-01-24,38.354,
1986-01-25,37.998,
1986-01-26,37.643,
1986-01-27,37.287,
1986-01-28,36.932,
1986-01-29,36.576,
1986-01-30,35.56,
1986-01-31,36.576,
1986-02-01,38.1,
1986-02-02,38.608,
1986-02-03,39.116,
1986-02-04,39.37,
1986-02-05,39.624,
1986-02-06,39.624,
1986-02-07,39.624,
1986-02-08,39.624,
1986-02-09,39.624,
1986-02-10,39.624,
1986-02-11,39.37,
1986-02-12,39.37,
1986-02-13,47.752,
1986-02-14,49.784,
1986-02-15,62.23,
1986-02-16,76.2,
1986-02-17,81.28,
1986-02-18,83.82,
1986-02-19,85.09,
1986-02-20,86.36,
1986-02-21,87.63,
1986-02-22,88.9,
1986-02-23,88.849,
1986-02-24,88.824,
1986-02-25,88.773,
1986-02-26,88.748,
1986-02-27,88.697,
1986-02-28,88.671,
1986-03-01,88.621,
1986-03-02,88.595,
1986-03-03,88.544,
1986-03-04,88.519,
1986-03-05,88.468,
1986-03-06,88.443,
1986-03-07,88.392,
1986-03-08,88.646,
1986-03-09,93.98,
1986-03-10,95.504,
1986-03-11,99.568,
1986-03-12,99.568,
1986-03-13,100.076,
1986-03-14,101.092,
1986-03-15,101.092,
1986-03-16,103.124,
1986-03-17,105.156,
1986-03-18,105.41,
1986-03-19,105.207,
1986-03-20,105.029,
1986-03-21,104.826,
1986-03-22,104.648,
1986-03-23,104.14,
1986-03-24,101.905,
1986-03-25,99.695,
1986-03-26,97.485,
1986-03-27,95.25,
1986-03-28,93.015,
1986-03-29,90.805,
1986-03-30,88.595,
1986-03-31,86.36,
1986-04-01,85.649,
1986-04-02,84.938,
1986-04-03,84.252,
1986-04-04,83.541,
1986-04-05,82.829,
1986-04-06,82.118,
1986-04-07,81.432,
1986-04-08,80.721,
1986-04-09,80.01,
1986-04-10,79.299,
1986-04-11,78.588,
1986-04-12,77.902,
1986-04-13,77.191,
1986-04-14,76.479,
1986-04-15,75.768,
1986-04-16,75.082,
1986-04-17,74.371,
1986-04-18,73.66,
1986-04-19,71.907,
1986-04-20,70.155,
1986-04-21,68.377,
1986-04-22,66.624,
1986-04-23,64.872,
1986-04-24,63.119,
1986-04-25,61.341,
1986-04-26,59.588,
1986-04-27,57.836,
1986-04-28,56.083,
1986-04-29,54.305,
1986-04-30,52.553,
1986-05-01,50.8,
1986-05-02,49.276,
1986-05-03,46.736,
1986-05-04,44.45,
1986-05-05,43.942,
1986-05-06,42.418,
1986-05-07,42.672,
1986-05-08,41.148,
1986-05-09,37.668,
1986-05-10,34.214,
1986-05-11,30.734,
1986-05-12,30.48,
1986-05-13,26.162,
1986-05-14,23.622,
1986-05-15,21.082,
1986-05-16,16.764,
1986-05-17,10.922,
1986-05-18,5.842,
1986-05-19,1.27,
1986-05-20,0.0,
1986-05-21,,
1986-05-22,,
1986-05-23,,
1986-05-24,,
1986-05-25,,
1986-05-26,,
1986-05-27,,
1986-05-28,,
1986-05-29,,
1986-05-30,,
1986-05-31,,
1986-06-01,,
1986-06-02,,
1986-06-03,,
1986-06-04,,
1986-06-05,,
1986-06-06,,
1986-06-07,,
1986-06-08,,
1986-06-09,,
1986-06-10,,
1986-06-11,,
1986-06-12,,
1986-06-13,,
1986-06-14,,
1986-06-15,,
1986-06-16,,
1986-06-17,,
1986-06-18,,
1986-06-19,,
1986-06-20,,
1986-06-21,,
1986-06-22,,
1986-06-23,,
1986-06-24,,
1986-06-25,,
1986-06-26,,
1986-06-27,,
1986-06-28,,
1986-06-29,,
1986-06-30,,
1986-07-01,,
1986-07-02,,
1986-07-03,,
1986-07-04,,
1986-07-05,,
1986-07-06,,
1986-07-07,,
1986-07-08,,
1986-07-09,,
1986-07-10,,
1986-07-11,,
1986-07-12,,
1986-07-13,,
1986-07-14,,
1986-07-15,,
1986-07-16,,
1986-07-17,,
1986-07-18,,
1986-07-19,,
1986-07-20,,
1986-07-21,,
1986-07-22,,
1986-07-23,,
1986-07-24,,
1986-07-25,,
1986-07-26,,
1986-07-27,,
1986-07-28,,
1986-07-29,,
1986-07-30,,
1986-07-31,,
1986-08-01,,
1986-08-02,,
1986-08-03,,
1986-08-04,,
1986-08-05,,
1986-08-06,,
1986-08-07,,
1986-08-08,,
1986-08-09,,
1986-08-10,,
1986-08-11,,
1986-08-12,,
1986-08-13,,
1986-08-14,,
1986-08-15,,
1986-08-16,,
1986-08-17,,
1986-08-18,,
1986-08-19,,
1986-08-20,,
1986-08-21,,
1986-08-22,,
1986-08-23,,
1986-08-24,,
1986-08-25,,
1986-08-26,,
1986-08-27,,
1986-08-28,,
1986-08-29,,
1986-08-30,,
1986-08-31,,
1986-09-01,,
1986-09-02,,
1986-09-03,,
1986-09-04,,
1986-09-05,,
1986-09-06,,
1986-09-07,,
1986-09-08,,
1986-09-09,,
1986-09-10,,
1986-09-11,,
1986-09-12,,
1986-09-13,,
1986-09-14,,
1986-09-15,,
1986-09-16,,
1986-09-17,,
1986-09-18,,
1986-09-19,,
1986-09-20,,
1986-09-21,,
1986-09-22,,
1986-09-23,,
1986-09-24,,
1986-09-25,,
1986-09-26,,
1986-09-27,,
1986-09-28,,
1986-09-29,,
1986-09-30,,
1986-10-01,,
1986-10-02,,
1986-10-03,,
1986-10-04,,
1986-10-05,,
1986-10-06,,
1986-10-07,,
1986-10-08,,
1986-10-09,,
1986-10-10,,
1986-10-11,,
1986-10-12,,
1986-10-13,,
1986-10-14,,
1986-10-15,,
1986-10-16,,
1986-10-17,,
1986-10-18,,
1986-10-19,,
1986-10-20,,
1986-10-21,,
1986-10-22,,
1986-10-23,,
1986-10-24,,
1986-10-25,,
1986-10-26,,
1986-10-27,,
1986-10-28,,
1986-10-29,,
1986-10-30,,
1986-10-31,,
1986-11-01,,
1986-11-02,,
1986-11-03,,
1986-11-04,,
1986-11-05,,
1986-11-06,,
1986-11-07,,
1986-11-08,,
1986-11-09,,
1986-11-10,,
1986-11-11,,
1986-11-12,,
1986-11-13,,
1986-11-14,,
1986-11-15,,
1986-11-16,,
1986-11-17,,
1986-11-18,,
1986-11-19,,
1986-11-20,,
1986-11-21,,
1986-11-22,,
1986-11-23,,
1986-11-24,,
1986-11-25,,
1986-11-26,,
1986-11-27,,
1986-11-28,,
1986-11-29,,
1986-11-30,,
1986-12-01,,
1986-12-02,0.0,
1986-12-03,0.61,
1986-12-04,1.219,
1986-12-05,1.219,
1986-12-06,1.219,
1986-12-07,3.048,
1986-12-08,5.08,
1986-12-09,5.08,
1986-12-10,5.105,
1986-12-11,5.105,
1986-12-12,5.105,
1986-12-13,5.131,
1986-12-14,5.131,
1986-12-15,5.156,
1986-12-16,5.156,
1986-12-17,5.156,
1986-12-18,5.182,
1986-12-19,5.182,
1986-12-20,5.182,
1986-12-21,5.486,
1986-12-22,5.842,
1986-12-23,5.791,
1986-12-24,6.604,
1986-12-25,6.604,
1986-12-26,6.604,
1986-12-27,6.604,
1986-12-28,6.604,
1986-12-29,6.604,
1986-12-30,6.604,
1986-12-31,6.604,
1987-01-01,6.604,
1987-01-02,7.315,
1987-01-03,7.315,
1987-01-04,8.534,
1987-01-05,10.973,
1987-01-06,11.582,
1987-01-07,12.192,
1987-01-08,13.106,
1987-01-09,13.716,
1987-01-10,14.021,
1987-01-11,13.64,
1987-01-12,13.259,
1987-01-13,12.903,
1987-01-14,12.522,
1987-01-15,12.141,
1987-01-16,11.76,
1987-01-17,11.379,
1987-01-18,10.998,
1987-01-19,10.643,
1987-01-20,10.262,
1987-01-21,9.881,
1987-01-22,9.5,
1987-01-23,9.119,
1987-01-24,8.738,
1987-01-25,8.382,
1987-01-26,8.001,
1987-01-27,7.62,
1987-01-28,10.16,
1987-01-29,12.7,
1987-01-30,12.7,
1987-01-31,12.7,
1987-02-01,12.7,
1987-02-02,12.7,
1987-02-03,12.7,
1987-02-04,12.7,
1987-02-05,12.7,
1987-02-06,12.7,
1987-02-07,12.7,
1987-02-08,12.7,
1987-02-09,12.7,
1987-02-10,12.7,
1987-02-11,15.545,
1987-02-12,15.545,
1987-02-13,16.459,
1987-02-14,24.689,
1987-02-15,25.298,
1987-02-16,25.908,
1987-02-17,27.432,
1987-02-18,27.432,
1987-02-19,27.432,
1987-02-20,27.432,
1987-02-21,27.432,
1987-02-22,27.432,
1987-02-23,27.432,
1987-02-24,27.432,
1987-02-25,27.432,
1987-02-26,27.432,
1987-02-27,27.432,
1987-02-28,27.432,
1987-03-01,27.432,
1987-03-02,27.432,
1987-03-03,27.432,
1987-03-04,27.432,
1987-03-05,27.432,
1987-03-06,30.175,
1987-03-07,31.394,
1987-03-08,31.699,
1987-03-09,31.699,
1987-03-10,31.699,
1987-03-11,31.699,
1987-03-12,31.699,
1987-03-13,31.699,
1987-03-14,31.699,
1987-03-15,32.004,
1987-03-16,32.614,
1987-03-17,33.528,
1987-03-18,33.833,
1987-03-19,33.833,
1987-03-20,33.833,
1987-03-21,34.138,
1987-03-22,34.747,
1987-03-23,35.052,
1987-03-24,35.052,
1987-03-25,35.052,
1987-03-26,35.052,
1987-03-27,35.052,
1987-03-28,35.052,
1987-03-29,35.052,
1987-03-30,35.052,
1987-03-31,35.052,
1987-04-01,35.052,
1987-04-02,35.052,
1987-04-03,35.052,
1987-04-04,34.747,
1987-04-05,35.052,
1987-04-06,34.747,
1987-04-07,34.442,
1987-04-08,32.614,
1987-04-09,29.87,
1987-04-10,28.042,
1987-04-11,26.213,
1987-04-12,24.384,
1987-04-13,22.555,
1987-04-14,21.031,
1987-04-15,18.593,
1987-04-16,16.459,
1987-04-17,13.716,
1987-04-18,10.058,
1987-04-19,8.839,
1987-04-20,7.925,
1987-04-21,6.401,
1987-04-22,4.572,
1987-04-23,2.743,
1987-04-24,2.134,
1987-04-25,0.0,
1987-04-26,,
1987-04-27,,
1987-04-28,,
1987-04-29,,
1987-04-30,,
1987-05-01,,
1987-05-02,,
1987-05-03,,
1987-05-04,,
1987-05-05,,
1987-05-06,,
1987-05-07,,
1987-05-08,,
1987-05-09,,
1987-05-10,,
1987-05-11,,
1987-05-12,,
1987-05-13,,
1987-05-14,,
1987-05-15,,
1987-05-16,,
1987-05-17,,
1987-05-18,,
1987-05-19,,
1987-05-20,,
1987-05-21,,
1987-05-22,,
1987-05-23,,
1987-05-24,,
1987-05-25,,
1987-05-26,,
1987-05-27,,
1987-05-28,,
1987-05-29,,
1987-05-30,,
1987-05-31,,
1987-06-01,,
1987-06-02,,
1987-06-03,,
1987-06-04,,
1987-06-05,,
1987-06-06,,
1987-06-07,,
1987-06-08,,
1987-06-09,,
1987-06-10,,
1987-06-11,,
1987-06-12,,
1987-06-13,,
1987-06-14,,
1987-06-15,,
1987-06-16,,
1987-06-17,,
1987-06-18,,
1987-06-19,,
1987-06-20,,
1987-06-21,,
1987-06-22,,
1987-06-23,,
1987-06-24,,
1987-06-25,,
1987-06-26,,
1987-06-27,,
1987-06-28,,
1987-06-29,,
1987-06-30,,
1987-07-01,,
1987-07-02,,
1987-07-03,,
1987-07-04,,
1987-07-05,,
1987-07-06,,
1987-07-07,,
1987-07-08,,
1987-07-09,,
1987-07-10,,
1987-07-11,,
1987-07-12,,
1987-07-13,,
1987-07-14,,
1987-07-15,,
1987-07-16,,
1987-07-17,,
1987-07-18,,
1987-07-19,,
1987-07-20,,
1987-07-21,,
1987-07-22,,
1987-07-23,,
1987-07-24,,
1987-07-25,,
1987-07-26,,
1987-07-27,,
1987-07-28,,
1987-07-29,,
1987-07-30,,
1987-07-31,,
1987-08-01,,
1987-08-02,,
1987-08-03,,
1987-08-04,,
1987-08-05,,
1987-08-06,,
1987-08-07,,
1987-08-08,,
1987-08-09,,
1987-08-10,,
1987-08-11,,
1987-08-12,,
1987-08-13,,
1987-08-14,,
1987-08-15,,
1987-08-16,,
1987-08-17,,
1987-08-18,,
1987-08-19,,
1987-08-20,,
1987-08-21,,
1987-08-22,,
1987-08-23,,
1987-08-24,,
1987-08-25,,
1987-08-26,,
1987-08-27,,
1987-08-28,,
1987-08-29,,
1987-08-30,,
1987-08-31,,
1987-09-01,,
1987-09-02,,
1987-09-03,,
1987-09-04,,
1987-09-05,,
1987-09-06,,
1987-09-07,,
1987-09-08,,
1987-09-09,,
1987-09-10,,
1987-09-11,,
1987-09-12,,
1987-09-13,,
1987-09-14,,
1987-09-15,,
1987-09-16,,
1987-09-17,,
1987-09-18,,
1987-09-19,,
1987-09-20,,
1987-09-21,,
1987-09-22,,
1987-09-23,,
1987-09-24,,
1987-09-25,,
1987-09-26,,
1987-09-27,,
1987-09-28,,
1987-09-29,,
1987-09-30,,
1987-10-01,,
1987-10-02,,
1987-10-03,,
1987-10-04,,
1987-10-05,,
1987-10-06,,
1987-10-07,,
1987-10-08,,
1987-10-09,,
1987-10-10,,
1987-10-11,,
1987-10-12,,
1987-10-13,,
1987-10-14,,
1987-10-15,,
1987-10-16,,
1987-10-17,,
1987-10-18,,
1987-10-19,,
1987-10-20,,
1987-10-21,,
1987-10-22,,
1987-10-23,,
1987-10-24,,
1987-10-25,,
1987-10-26,,
1987-10-27,,
1987-10-28,,
1987-10-29,,
1987-10-30,,
1987-10-31,,
1987-11-01,,
1987-11-02,,
1987-11-03,,
1987-11-04,,
1987-11-05,,
1987-11-06,,
1987-11-07,,
1987-11-08,,
1987-11-09,,
1987-11-10,,
1987-11-11,,
1987-11-12,,
1987-11-13,,
1987-11-14,,
1987-11-15,,
1987-11-16,,
1987-11-17,,
1987-11-18,,
1987-11-19,,
1987-11-20,0.0,
1987-11-21,1.27,
1987-11-22,2.54,
1987-11-23,2.54,
1987-11-24,2.54,
1987-11-25,2.54,
1987-11-26,2.54,
1987-11-27,2.54,
1987-11-28,2.54,
1987-11-29,2.54,
1987-11-30,2.54,
1987-12-01,2.54,
1987-12-02,2.54,
1987-12-03,2.54,
1987-12-04,2.54,
1987-12-05,5.486,
1987-12-06,5.486,
1987-12-07,5.486,
1987-12-08,8.026,
1987-12-09,8.026,
1987-12-10,8.026,
1987-12-11,8.026,
1987-12-12,8.128,
1987-12-13,9.55,
1987-12-14,10.668,
1987-12-15,15.85,
1987-12-16,18.288,
1987-12-17,18.288,
1987-12-18,18.288,
1987-12-19,18.593,
1987-12-20,18.593,
1987-12-21,18.593,
1987-12-22,18.288,
1987-12-23,18.288,
1987-12-24,18.288,
1987-12-25,18.288,
1987-12-26,18.288,
1987-12-27,18.288,
1987-12-28,18.288,
1987-12-29,19.507,
1987-12-30,22.86,
1987-12-31,23.774,
1988-01-01,25.4,
1988-01-02,25.4,
1988-01-03,25.4,
1988-01-04,25.4,
1988-01-05,27.127,
1988-01-06,30.48,
1988-01-07,32.309,
1988-01-08,33.223,
1988-01-09,33.528,
1988-01-10,33.833,
1988-01-11,33.833,
1988-01-12,35.052,
1988-01-13,35.357,
1988-01-14,35.662,
1988-01-15,35.662,
1988-01-16,35.966,
1988-01-17,37.49,
1988-01-18,42.367,
1988-01-19,42.672,
1988-01-20,42.621,
1988-01-21,42.57,
1988-01-22,42.52,
1988-01-23,42.469,
1988-01-24,42.443,
1988-01-25,42.393,
1988-01-26,42.342,
1988-01-27,42.291,
1988-01-28,42.24,
1988-01-29,42.189,
1988-01-30,42.139,
1988-01-31,42.088,
1988-02-01,42.037,
1988-02-02,41.986,
1988-02-03,41.961,
1988-02-04,41.91,
1988-02-05,41.859,
1988-02-06,41.808,
1988-02-07,41.758,
1988-02-08,41.707,
1988-02-09,41.656,
1988-02-10,41.605,
1988-02-11,41.554,
1988-02-12,41.529,
1988-02-13,41.478,
1988-02-14,41.427,
1988-02-15,41.377,
1988-02-16,41.326,
1988-02-17,41.275,
1988-02-18,41.224,
1988-02-19,41.173,
1988-02-20,41.123,
1988-02-21,41.072,
1988-02-22,41.046,
1988-02-23,40.996,
1988-02-24,40.945,
1988-02-25,40.894,
1988-02-26,40.843,
1988-02-27,41.148,
1988-02-28,40.843,
1988-02-29,40.843,
1988-03-01,42.672,
1988-03-02,46.939,
1988-03-03,47.549,
1988-03-04,48.158,
1988-03-05,48.082,
1988-03-06,48.006,
1988-03-07,47.955,
1988-03-08,47.879,
1988-03-09,47.803,
1988-03-10,47.727,
1988-03-11,47.65,
1988-03-12,47.574,
1988-03-13,47.523,
1988-03-14,47.447,
1988-03-15,47.371,
1988-03-16,47.295,
1988-03-17,47.219,
1988-03-18,47.142,
1988-03-19,47.092,
1988-03-20,47.015,
1988-03-21,46.939,
1988-03-22,45.415,
1988-03-23,42.672,
1988-03-24,41.453,
1988-03-25,39.319,
1988-03-26,36.576,
1988-03-27,34.138,
1988-03-28,32.614,
1988-03-29,29.87,
1988-03-30,27.737,
1988-03-31,26.822,
1988-04-01,24.079,
1988-04-02,22.555,
1988-04-03,21.031,
1988-04-04,18.288,
1988-04-05,16.459,
1988-04-06,14.021,
1988-04-07,11.582,
1988-04-08,10.668,
1988-04-09,7.315,
1988-04-10,2.134,
1988-04-11,0.914,
1988-04-12,0.914,
1988-04-13,0.914,
1988-04-14,1.524,
1988-04-15,3.048,
1988-04-16,3.048,
1988-04-17,2.438,
1988-04-18,0.914,
1988-04-19,0.914,
1988-04-20,3.962,
1988-04-21,4.877,
1988-04-22,5.791,
1988-04-23,6.706,
1988-04-24,7.01,
1988-04-25,5.613,
1988-04-26,4.216,
1988-04-27,2.794,
1988-04-28,1.397,
1988-04-29,0.0,
1988-04-30,,
1988-05-01,,
1988-05-02,,
1988-05-03,,
1988-05-04,,
1988-05-05,,
1988-05-06,,
1988-05-07,,
1988-05-08,,
1988-05-09,,
1988-05-10,,
1988-05-11,,
1988-05-12,,
1988-05-13,,
1988-05-14,,
1988-05-15,,
1988-05-16,,
1988-05-17,,
1988-05-18,,
1988-05-19,,
1988-05-20,,
1988-05-21,,
1988-05-22,,
1988-05-23,,
1988-05-24,,
1988-05-25,,
1988-05-26,,
1988-05-27,,
1988-05-28,,
1988-05-29,,
1988-05-30,,
1988-05-31,,
1988-06-01,,
1988-06-02,,
1988-06-03,,
1988-06-04,,
1988-06-05,,
1988-06-06,,
1988-06-07,,
1988-06-08,,
1988-06-09,,
1988-06-10,,
1988-06-11,,
1988-06-12,,
1988-06-13,,
1988-06-14,,
1988-06-15,,
1988-06-16,,
1988-06-17,,
1988-06-18,,
1988-06-19,,
1988-06-20,,
1988-06-21,,
1988-06-22,,
1988-06-23,,
1988-06-24,,
1988-06-25,,
1988-06-26,,
1988-06-27,,
1988-06-28,,
1988-06-29,,
1988-06-30,,
1988-07-01,,
1988-07-02,,
1988-07-03,,
1988-07-04,,
1988-07-05,,
1988-07-06,,
1988-07-07,,
1988-07-08,,
1988-07-09,,
1988-07-10,,
1988-07-11,,
1988-07-12,,
1988-07-13,,
1988-07-14,,
1988-07-15,,
1988-07-16,,
1988-07-17,,
1988-07-18,,
1988-07-19,,
1988-07-20,,
1988-07-21,,
1988-07-22,,
1988-07-23,,
1988-07-24,,
1988-07-25,,
1988-07-26,,
1988-07-27,,
1988-07-28,,
1988-07-29,,
1988-07-30,,
1988-07-31,,
1988-08-01,,
1988-08-02,,
1988-08-03,,
1988-08-04,,
1988-08-05,,
1988-08-06,,
1988-08-07,,
1988-08-08,,
1988-08-09,,
1988-08-10,,
1988-08-11,,
1988-08-12,,
1988-08-13,,
1988-08-14,,
1988-08-15,,
1988-08-16,,
1988-08-17,,
1988-08-18,,
1988-08-19,,
1988-08-20,,
1988-08-21,,
1988-08-22,,
1988-08-23,,
1988-08-24,,
1988-08-25,,
1988-08-26,,
1988-08-27,,
1988-08-28,,
1988-08-29,,
1988-08-30,,
1988-08-31,,
1988-09-01,,
1988-09-02,,
1988-09-03,,
1988-09-04,,
1988-09-05,,
1988-09-06,,
1988-09-07,,
1988-09-08,,
1988-09-09,,
1988-09-10,,
1988-09-11,,
1988-09-12,,
1988-09-13,,
1988-09-14,,
1988-09-15,,
1988-09-16,,
1988-09-17,,
1988-09-18,,
1988-09-19,,
1988-09-20,,
1988-09-21,,
1988-09-22,,
1988-09-23,,
1988-09-24,,
1988-09-25,,
1988-09-26,,
1988-09-27,,
1988-09-28,,
1988-09-29,,
1988-09-30,,
1988-10-01,,
1988-10-02,,
1988-10-03,,
1988-10-04,,
1988-10-05,,
1988-10-06,,
1988-10-07,,
1988-10-08,,
1988-10-09,,
1988-10-10,,
1988-10-11,,
1988-10-12,,
1988-10-13,,
1988-10-14,,
1988-10-15,,
1988-10-16,,
1988-10-17,,
1988-10-18,,
1988-10-19,,
1988-10-20,,
1988-10-21,,
1988-10-22,,
1988-10-23,,
1988-10-24,,
1988-10-25,,
1988-10-26,,
1988-10-27,,
1988-10-28,,
1988-10-29,,
1988-10-30,,
1988-10-31,,
1988-11-01,,
1988-11-02,,
1988-11-03,,
1988-11-04,,
1988-11-05,,
1988-11-06,,
1988-11-07,,
1988-11-08,,
1988-11-09,,
1988-11-10,,
1988-11-11,,
1988-11-12,,
1988-11-13,,
1988-11-14,,
1988-11-15,,
1988-11-16,,
1988-11-17,,
1988-11-18,,
1988-11-19,,
1988-11-20,,
1988-11-21,,
1988-11-22,,
1988-11-23,,
1988-11-24,0.0,
1988-11-25,0.61,
1988-11-26,1.219,
1988-11-27,1.219,
1988-11-28,1.219,
1988-11-29,1.219,
1988-11-30,1.219,
1988-12-01,1.219,
1988-12-02,1.219,
1988-12-03,1.219,
1988-12-04,1.219,
1988-12-05,1.219,
1988-12-06,1.219,
1988-12-07,1.219,
1988-12-08,1.219,
1988-12-09,1.219,
1988-12-10,1.219,
1988-12-11,1.219,
1988-12-12,1.219,
1988-12-13,1.219,
1988-12-14,1.219,
1988-12-15,1.219,
1988-12-16,1.93,
1988-12-17,2.616,
1988-12-18,3.327,
1988-12-19,4.013,
1988-12-20,4.724,
1988-12-21,5.436,
1988-12-22,6.121,
1988-12-23,6.833,
1988-12-24,7.518,
1988-12-25,8.23,
1988-12-26,8.839,
1988-12-27,8.839,
1988-12-28,9.144,
1988-12-29,9.144,
1988-12-30,9.449,
1988-12-31,9.449,
1989-01-01,9.398,
1989-01-02,9.398,
1989-01-03,9.398,
1989-01-04,9.398,
1989-01-05,9.398,
1989-01-06,15.24,
1989-01-07,17.78,
1989-01-08,17.78,
1989-01-09,17.78,
1989-01-10,17.78,
1989-01-11,18.288,
1989-01-12,18.796,
1989-01-13,18.821,
1989-01-14,18.821,
1989-01-15,18.821,
1989-01-16,18.847,
1989-01-17,18.872,
1989-01-18,18.872,
1989-01-19,18.872,
1989-01-20,18.898,
1989-01-21,18.898,
1989-01-22,18.898,
1989-01-23,18.898,
1989-01-24,18.898,
1989-01-25,18.593,
1989-01-26,18.898,
1989-01-27,18.898,
1989-01-28,18.898,
1989-01-29,18.898,
1989-01-30,18.898,
1989-01-31,18.898,
1989-02-01,18.898,
1989-02-02,18.898,
1989-02-03,18.898,
1989-02-04,22.25,
1989-02-05,23.774,
1989-02-06,24.384,
1989-02-07,24.994,
1989-02-08,25.603,
1989-02-09,29.566,
1989-02-10,32.918,
1989-02-11,33.528,
1989-02-12,34.036,
1989-02-13,34.036,
1989-02-14,34.036,
1989-02-15,34.061,
1989-02-16,34.061,
1989-02-17,34.061,
1989-02-18,34.061,
1989-02-19,34.087,
1989-02-20,34.087,
1989-02-21,34.087,
1989-02-22,34.087,
1989-02-23,34.112,
1989-02-24,34.112,
1989-02-25,34.112,
1989-02-26,34.112,
1989-02-27,34.138,
1989-02-28,34.138,
1989-03-01,34.138,
1989-03-02,34.442,
1989-03-03,34.442,
1989-03-04,35.357,
1989-03-05,35.966,
1989-03-06,36.271,
1989-03-07,36.271,
1989-03-08,36.271,
1989-03-09,36.271,
1989-03-10,36.271,
1989-03-11,36.271,
1989-03-12,36.271,
1989-03-13,36.271,
1989-03-14,36.271,
1989-03-15,36.271,
1989-03-16,36.271,
1989-03-17,36.322,
1989-03-18,36.271,
1989-03-19,36.271,
1989-03-20,36.271,
1989-03-21,36.271,
1989-03-22,35.966,
1989-03-23,35.357,
1989-03-24,34.747,
1989-03-25,34.747,
1989-03-26,34.747,
1989-03-27,35.052,
1989-03-28,35.052,
1989-03-29,35.052,
1989-03-30,35.052,
1989-03-31,35.052,
1989-04-01,35.052,
1989-04-02,35.052,
1989-04-03,34.747,
1989-04-04,34.442,
1989-04-05,32.309,
1989-04-06,29.566,
1989-04-07,27.737,
1989-04-08,26.518,
1989-04-09,23.774,
1989-04-10,21.336,
1989-04-11,19.202,
1989-04-12,16.764,
1989-04-13,14.021,
1989-04-14,11.125,
1989-04-15,8.23,
1989-04-16,3.962,
1989-04-17,2.743,
1989-04-18,2.438,
1989-04-19,0.0,
1989-04-20,,
1989-04-21,,
1989-04-22,,
1989-04-23,,
1989-04-24,,
1989-04-25,,
1989-04-26,,
1989-04-27,,
1989-04-28,,
1989-04-29,,
1989-04-30,,
1989-05-01,,
1989-05-02,,
1989-05-03,,
1989-05-04,,
1989-05-05,,
1989-05-06,,
1989-05-07,,
1989-05-08,,
1989-05-09,,
1989-05-10,,
1989-05-11,,
1989-05-12,,
1989-05-13,,
1989-05-14,,
1989-05-15,,
1989-05-16,,
1989-05-17,,
1989-05-18,,
1989-05-19,,
1989-05-20,,
1989-05-21,,
1989-05-22,,
1989-05-23,,
1989-05-24,,
1989-05-25,,
1989-05-26,,
1989-05-27,,
1989-05-28,,
1989-05-29,,
1989-05-30,,
1989-05-31,,
1989-06-01,,
1989-06-02,,
1989-06-03,,
1989-06-04,,
1989-06-05,,
1989-06-06,,
1989-06-07,,
1989-06-08,,
1989-06-09,,
1989-06-10,,
1989-06-11,,
1989-06-12,,
1989-06-13,,
1989-06-14,,
1989-06-15,,
1989-06-16,,
1989-06-17,,
1989-06-18,,
1989-06-19,,
1989-06-20,,
1989-06-21,,
1989-06-22,,
1989-06-23,,
1989-06-24,,
1989-06-25,,
1989-06-26,,
1989-06-27,,
1989-06-28,,
1989-06-29,,
1989-06-30,,
1989-07-01,,
1989-07-02,,
1989-07-03,,
1989-07-04,,
1989-07-05,,
1989-07-06,,
1989-07-07,,
1989-07-08,,
1989-07-09,,
1989-07-10,,
1989-07-11,,
1989-07-12,,
1989-07-13,,
1989-07-14,,
1989-07-15,,
1989-07-16,,
1989-07-17,,
1989-07-18,,
1989-07-19,,
1989-07-20,,
1989-07-21,,
1989-07-22,,
1989-07-23,,
1989-07-24,,
1989-07-25,,
1989-07-26,,
1989-07-27,,
1989-07-28,,
1989-07-29,,
1989-07-30,,
1989-07-31,,
1989-08-01,,
1989-08-02,,
1989-08-03,,
1989-08-04,,
1989-08-05,,
1989-08-06,,
1989-08-07,,
1989-08-08,,
1989-08-09,,
1989-08-10,,
1989-08-11,,
1989-08-12,,
1989-08-13,,
1989-08-14,,
1989-08-15,,
1989-08-16,,
1989-08-17,,
1989-08-18,,
1989-08-19,,
1989-08-20,,
1989-08-21,,
1989-08-22,,
1989-08-23,,
1989-08-24,,
1989-08-25,,
1989-08-26,,
1989-08-27,,
1989-08-28,,
1989-08-29,,
1989-08-30,,
1989-08-31,,
1989-09-01,,
1989-09-02,,
1989-09-03,,
1989-09-04,,
1989-09-05,,
1989-09-06,,
1989-09-07,,
1989-09-08,,
1989-09-09,,
1989-09-10,,
1989-09-11,,
1989-09-12,,
1989-09-13,,
1989-09-14,,
1989-09-15,,
1989-09-16,,
1989-09-17,,
1989-09-18,,
1989-09-19,,
1989-09-20,,
1989-09-21,,
1989-09-22,,
1989-09-23,,
1989-09-24,,
1989-09-25,,
1989-09-26,,
1989-09-27,,
1989-09-28,,
1989-09-29,,
1989-09-30,,
1989-10-01,,
1989-10-02,,
1989-10-03,,
1989-10-04,,
1989-10-05,,
1989-10-06,,
1989-10-07,,
1989-10-08,,
1989-10-09,,
1989-10-10,,
1989-10-11,,
1989-10-12,,
1989-10-13,,
1989-10-14,,
1989-10-15,,
1989-10-16,,
1989-10-17,,
1989-10-18,,
1989-10-19,,
1989-10-20,,
1989-10-21,,
1989-10-22,,
1989-10-23,,
1989-10-24,,
1989-10-25,,
1989-10-26,,
1989-10-27,,
1989-10-28,,
1989-10-29,,
1989-10-30,,
1989-10-31,,
1989-11-01,,
1989-11-02,,
1989-11-03,,
1989-11-04,,
1989-11-05,,
1989-11-06,,
1989-11-07,,
1989-11-08,,
1989-11-09,,
1989-11-10,,
1989-11-11,,
1989-11-12,,
1989-11-13,,
1989-11-14,,
1989-11-15,,
1989-11-16,,
1989-11-17,,
1989-11-18,,
1989-11-19,,
1989-11-20,,
1989-11-21,,
1989-11-22,,
1989-11-23,,
1989-11-24,,
1989-11-25,,
1989-11-26,0.0,
1989-11-27,5.08,
1989-11-28,10.16,
1989-11-29,10.16,
1989-11-30,10.16,
1989-12-01,10.16,
1989-12-02,10.16,
1989-12-03,10.16,
1989-12-04,10.16,
1989-12-05,10.16,
1989-12-06,10.16,
1989-12-07,10.16,
1989-12-08,10.16,
1989-12-09,10.16,
1989-12-10,10.16,
1989-12-11,10.16,
1989-12-12,10.16,
1989-12-13,10.16,
1989-12-14,10.16,
1989-12-15,10.16,
1989-12-16,10.16,
1989-12-17,10.16,
1989-12-18,10.16,
1989-12-19,10.16,
1989-12-20,10.16,
1989-12-21,10.16,
1989-12-22,10.16,
1989-12-23,10.16,
1989-12-24,10.16,
1989-12-25,10.16,
1989-12-26,10.16,
1989-12-27,10.16,
1989-12-28,10.16,
1989-12-29,10.16,
1989-12-30,10.16,
1989-12-31,10.16,
1990-01-01,10.973,
1990-01-02,11.582,
1990-01-03,12.802,
1990-01-04,12.802,
1990-01-05,12.7,
1990-01-06,13.106,
1990-01-07,13.106,
1990-01-08,13.106,
1990-01-09,13.106,
1990-01-10,13.106,
1990-01-11,13.106,
1990-01-12,13.106,
1990-01-13,12.802,
1990-01-14,17.678,
1990-01-15,18.898,
1990-01-16,19.507,
1990-01-17,21.946,
1990-01-18,22.555,
1990-01-19,22.555,
1990-01-20,22.555,
1990-01-21,22.555,
1990-01-22,22.86,
1990-01-23,22.86,
1990-01-24,22.86,
1990-01-25,23.165,
1990-01-26,23.165,
1990-01-27,23.165,
1990-01-28,23.165,
1990-01-29,23.165,
1990-01-30,23.165,
1990-01-31,22.86,
1990-02-01,23.165,
1990-02-02,23.165,
1990-02-03,,
1990-02-04,23.47,
1990-02-05,23.165,
1990-02-06,23.47,
1990-02-07,23.622,
1990-02-08,24.13,
1990-02-09,24.689,
1990-02-10,24.892,
1990-02-11,24.892,
1990-02-12,24.892,
1990-02-13,24.892,
1990-02-14,24.994,
1990-02-15,24.994,
1990-02-16,24.994,
1990-02-17,28.346,
1990-02-18,32.309,
1990-02-19,35.052,
1990-02-20,35.662,
1990-02-21,35.966,
1990-02-22,35.966,
1990-02-23,36.271,
1990-02-24,36.271,
1990-02-25,36.271,
1990-02-26,36.271,
1990-02-27,36.271,
1990-02-28,36.271,
1990-03-01,36.271,
1990-03-02,36.271,
1990-03-03,36.271,
1990-03-04,36.271,
1990-03-05,37.186,
1990-03-06,38.1,
1990-03-07,39.624,
1990-03-08,40.234,
1990-03-09,40.234,
1990-03-10,40.538,
1990-03-11,40.538,
1990-03-12,42.367,
1990-03-13,42.977,
1990-03-14,43.891,
1990-03-15,44.501,
1990-03-16,44.806,
1990-03-17,,
1990-03-18,,
1990-03-19,,
1990-03-20,,
1990-03-21,,
1990-03-22,,
1990-03-23,44.45,
1990-03-24,,
1990-03-25,,
1990-03-26,41.148,
1990-03-27,38.608,
1990-03-28,37.795,
1990-03-29,37.186,
1990-03-30,36.576,
1990-03-31,35.966,
1990-04-01,34.138,
1990-04-02,31.394,
1990-04-03,29.566,
1990-04-04,28.651,
1990-04-05,28.042,
1990-04-06,27.127,
1990-04-07,25.603,
1990-04-08,24.079,
1990-04-09,23.774,
1990-04-10,22.555,
1990-04-11,20.422,
1990-04-12,17.983,
1990-04-13,15.545,
1990-04-14,12.497,
1990-04-15,10.973,
1990-04-16,8.534,
1990-04-17,8.23,
1990-04-18,8.23,
1990-04-19,6.706,
1990-04-20,3.658,
1990-04-21,3.048,
1990-04-22,2.743,
1990-04-23,0.0,
1990-04-24,0.0,
1990-04-25,0.0,
1990-04-26,0.0,
1990-04-27,0.0,
1990-04-28,0.0,
1990-04-29,0.0,
1990-04-30,0.0,
1990-05-01,0.0,
1990-05-02,0.0,
1990-05-03,0.0,
1990-05-04,0.0,
1990-05-05,0.0,
1990-05-06,0.0,
1990-05-07,0.0,
1990-05-08,0.0,
1990-05-09,0.0,
1990-05-10,0.0,
1990-05-11,0.0,
1990-05-12,0.0,
1990-05-13,0.0,
1990-05-14,0.0,
1990-05-15,0.0,
1990-05-16,0.0,
1990-05-17,0.0,
1990-05-18,0.0,
1990-05-19,0.0,
1990-05-20,0.0,
1990-05-21,0.0,
1990-05-22,0.0,
1990-05-23,0.0,
1990-05-24,0.0,
1990-05-25,0.0,
1990-05-26,0.0,
1990-05-27,0.0,
1990-05-28,0.0,
1990-05-29,0.0,
1990-05-30,0.0,
1990-05-31,0.0,
1990-06-01,0.0,
1990-06-02,0.0,
1990-06-03,0.0,
1990-06-04,0.0,
1990-06-05,0.0,
1990-06-06,0.0,
1990-06-07,0.0,
1990-06-08,0.0,
1990-06-09,0.0,
1990-06-10,0.0,
1990-06-11,0.0,
1990-06-12,0.0,
1990-06-13,0.0,
1990-06-14,0.0,
1990-06-15,0.0,
1990-06-16,0.0,
1990-06-17,0.0,
1990-06-18,0.0,
1990-06-19,0.0,
1990-06-20,0.0,
1990-06-21,0.0,
1990-06-22,0.0,
1990-06-23,0.0,
1990-06-24,0.0,
1990-06-25,0.0,
1990-06-26,0.0,
1990-06-27,0.0,
1990-06-28,0.0,
1990-06-29,0.0,
1990-06-30,,
1990-07-01,,
1990-07-02,0.0,
1990-07-03,0.0,
1990-07-04,0.0,
1990-07-05,0.0,
1990-07-06,0.0,
1990-07-07,0.0,
1990-07-08,0.0,
1990-07-09,0.0,
1990-07-10,0.0,
1990-07-11,,
1990-07-12,,
1990-07-13,,
1990-07-14,,
1990-07-15,,
1990-07-16,,
1990-07-17,,
1990-07-18,,
1990-07-19,,
1990-07-20,,
1990-07-21,,
1990-07-22,,
1990-07-23,,
1990-07-24,,
1990-07-25,,
1990-07-26,,
1990-07-27,,
1990-07-28,,
1990-07-29,,
1990-07-30,,
1990-07-31,,
1990-08-01,,
1990-08-02,,
1990-08-03,,
1990-08-04,0.0,
1990-08-05,0.0,
1990-08-06,,
1990-08-07,,
1990-08-08,,
1990-08-09,0.0,
1990-08-10,,
1990-08-11,0.0,
1990-08-12,,
1990-08-13,,
1990-08-14,,
1990-08-15,,
1990-08-16,,
1990-08-17,,
1990-08-18,,
1990-08-19,,
1990-08-20,,
1990-08-21,,
1990-08-22,,
1990-08-23,,
1990-08-24,,
1990-08-25,,
1990-08-26,,
1990-08-27,,
1990-08-28,,
1990-08-29,,
1990-08-30,,
1990-08-31,,
1990-09-01,,
1990-09-02,,
1990-09-03,,
1990-09-04,,
1990-09-05,,
1990-09-06,,
1990-09-07,,
1990-09-08,,
1990-09-09,,
1990-09-10,,
1990-09-11,,
1990-09-12,,
1990-09-13,,
1990-09-14,,
1990-09-15,,
1990-09-16,,
1990-09-17,,
1990-09-18,,
1990-09-19,0.0,
1990-09-20,0.0,
1990-09-21,0.0,
1990-09-22,0.0,
1990-09-23,0.0,
1990-09-24,0.0,
1990-09-25,0.0,
1990-09-26,0.0,
1990-09-27,0.0,
1990-09-28,0.0,
1990-09-29,0.0,
1990-09-30,0.0,
1990-10-01,0.0,
1990-10-02,0.0,
1990-10-03,0.0,
1990-10-04,0.0,
1990-10-05,0.0,
1990-10-06,0.0,
1990-10-07,0.0,
1990-10-08,0.0,
1990-10-09,0.0,
1990-10-10,0.0,
1990-10-11,0.0,
1990-10-12,0.0,
1990-10-13,0.0,
1990-10-14,0.0,
1990-10-15,0.0,
1990-10-16,0.0,
1990-10-17,0.0,
1990-10-18,0.0,
1990-10-19,0.0,
1990-10-20,0.0,
1990-10-21,0.0,
1990-10-22,0.0,
1990-10-23,0.0,
1990-10-24,0.0,
1990-10-25,0.0,
1990-10-26,0.0,
1990-10-27,0.0,
1990-10-28,0.0,
1990-10-29,0.0,
1990-10-30,0.0,
1990-10-31,0.0,
1990-11-01,0.0,
1990-11-02,0.0,
1990-11-03,0.0,
1990-11-04,0.0,
1990-11-05,0.0,
1990-11-06,0.0,
1990-11-07,0.0,
1990-11-08,0.0,
1990-11-09,0.0,
1990-11-10,0.0,
1990-11-11,0.0,
1990-11-12,0.0,
1990-11-13,0.0,
1990-11-14,0.0,
1990-11-15,0.0,
1990-11-16,0.0,
1990-11-17,0.0,
1990-11-18,0.0,
1990-11-19,0.0,
1990-11-20,0.0,
1990-11-21,0.0,
1990-11-22,0.0,
1990-11-23,2.743,
1990-11-24,3.658,
1990-11-25,3.962,
1990-11-26,5.486,
1990-11-27,5.486,
1990-11-28,5.182,
1990-11-29,4.877,
1990-11-30,5.486,
1990-12-01,6.096,
1990-12-02,7.62,
1990-12-03,8.534,
1990-12-04,9.144,
1990-12-05,9.754,
1990-12-06,10.363,
1990-12-07,10.668,
1990-12-08,10.973,
1990-12-09,11.278,
1990-12-10,11.278,
1990-12-11,11.684,
1990-12-12,11.582,
1990-12-13,11.278,
1990-12-14,7.62,
1990-12-15,11.582,
1990-12-16,15.545,
1990-12-17,15.545,
1990-12-18,15.24,
1990-12-19,15.85,
1990-12-20,18.593,
1990-12-21,18.898,
1990-12-22,18.898,
1990-12-23,18.898,
1990-12-24,18.593,
1990-12-25,18.288,
1990-12-26,18.288,
1990-12-27,18.288,
1990-12-28,18.593,
1990-12-29,18.593,
1990-12-30,18.593,
1990-12-31,19.202,
1991-01-01,19.202,
1991-01-02,19.304,
1991-01-03,19.202,
1991-01-04,20.828,
1991-01-05,21.336,
1991-01-06,21.336,
1991-01-07,20.828,
1991-01-08,19.558,
1991-01-09,18.898,
1991-01-10,18.593,
1991-01-11,7.315,
1991-01-12,7.315,
1991-01-13,7.315,
1991-01-14,7.315,
1991-01-15,7.315,
1991-01-16,7.366,
1991-01-17,7.366,
1991-01-18,7.62,
1991-01-19,7.62,
1991-01-20,7.62,
1991-01-21,7.874,
1991-01-22,7.874,
1991-01-23,7.874,
1991-01-24,8.128,
1991-01-25,8.128,
1991-01-26,8.128,
1991-01-27,8.382,
1991-01-28,8.382,
1991-01-29,8.534,
1991-01-30,8.534,
1991-01-31,8.534,
1991-02-01,8.534,
1991-02-02,8.839,
1991-02-03,8.839,
1991-02-04,8.839,
1991-02-05,8.839,
1991-02-06,9.144,
1991-02-07,9.144,
1991-02-08,8.839,
1991-02-09,8.534,
1991-02-10,8.534,
1991-02-11,8.23,
1991-02-12,8.23,
1991-02-13,8.534,
1991-02-14,8.839,
1991-02-15,8.839,
1991-02-16,8.534,
1991-02-17,8.534,
1991-02-18,8.534,
1991-02-19,8.23,
1991-02-20,8.23,
1991-02-21,8.23,
1991-02-22,7.925,
1991-02-23,7.62,
1991-02-24,7.01,
1991-02-25,5.486,
1991-02-26,4.572,
1991-02-27,3.658,
1991-02-28,3.962,
1991-03-01,9.754,
1991-03-02,18.288,
1991-03-03,18.898,
1991-03-04,24.994,
1991-03-05,26.518,
1991-03-06,26.518,
1991-03-07,26.213,
1991-03-08,26.518,
1991-03-09,27.432,
1991-03-10,27.686,
1991-03-11,29.566,
1991-03-12,29.87,
1991-03-13,29.87,
1991-03-14,31.09,
1991-03-15,32.309,
1991-03-16,33.833,
1991-03-17,34.138,
1991-03-18,35.357,
1991-03-19,39.624,
1991-03-20,41.453,
1991-03-21,43.282,
1991-03-22,43.282,
1991-03-23,43.586,
1991-03-24,43.586,
1991-03-25,45.415,
1991-03-26,51.206,
1991-03-27,53.035,
1991-03-28,53.34,
1991-03-29,53.34,
1991-03-30,53.035,
1991-03-31,52.73,
1991-04-01,52.121,
1991-04-02,51.816,
1991-04-03,51.206,
1991-04-04,50.597,
1991-04-05,49.682,
1991-04-06,48.463,
1991-04-07,46.939,
1991-04-08,46.025,
1991-04-09,44.806,
1991-04-10,43.891,
1991-04-11,42.672,
1991-04-12,42.062,
1991-04-13,41.453,
1991-04-14,40.843,
1991-04-15,39.878,
1991-04-16,39.014,
1991-04-17,37.49,
1991-04-18,36.576,
1991-04-19,35.56,
1991-04-20,34.798,
1991-04-21,33.833,
1991-04-22,33.833,
1991-04-23,32.614,
1991-04-24,31.09,
1991-04-25,30.099,
1991-04-26,29.261,
1991-04-27,28.042,
1991-04-28,26.518,
1991-04-29,25.298,
1991-04-30,23.165,
1991-05-01,20.32,
1991-05-02,18.288,
1991-05-03,17.678,
1991-05-04,16.154,
1991-05-05,14.935,
1991-05-06,12.192,
1991-05-07,10.058,
1991-05-08,6.096,
1991-05-09,0.0,
1991-05-10,0.0,
1991-05-11,0.0,
1991-05-12,0.0,
1991-05-13,0.0,
1991-05-14,0.0,
1991-05-15,0.0,
1991-05-16,0.0,
1991-05-17,0.0,
1991-05-18,0.0,
1991-05-19,0.0,
1991-05-20,0.0,
1991-05-21,0.0,
1991-05-22,0.0,
1991-05-23,0.0,
1991-05-24,0.0,
1991-05-25,0.0,
1991-05-26,0.0,
1991-05-27,0.0,
1991-05-28,0.0,
1991-05-29,0.0,
1991-05-30,0.0,
1991-05-31,0.0,
1991-06-01,0.0,
1991-06-02,0.0,
1991-06-03,0.0,
1991-06-04,0.0,
1991-06-05,0.0,
1991-06-06,0.0,
1991-06-07,0.0,
1991-06-08,0.0,
1991-06-09,0.0,
1991-06-10,0.0,
1991-06-11,0.0,
1991-06-12,0.0,
1991-06-13,0.0,
1991-06-14,0.0,
1991-06-15,0.0,
1991-06-16,0.0,
1991-06-17,0.0,
1991-06-18,0.0,
1991-06-19,0.0,
1991-06-20,0.0,
1991-06-21,0.0,
1991-06-22,0.0,
1991-06-23,0.0,
1991-06-24,0.0,
1991-06-25,0.0,
1991-06-26,0.0,
1991-06-27,0.0,
1991-06-28,0.0,
1991-06-29,0.0,
1991-06-30,0.0,
1991-07-01,0.0,
1991-07-02,0.0,
1991-07-03,0.0,
1991-07-04,0.0,
1991-07-05,0.0,
1991-07-06,0.0,
1991-07-07,0.0,
1991-07-08,0.0,
1991-07-09,0.0,
1991-07-10,0.0,
1991-07-11,0.0,
1991-07-12,0.0,
1991-07-13,0.0,
1991-07-14,0.0,
1991-07-15,0.0,
1991-07-16,0.0,
1991-07-17,0.0,
1991-07-18,0.0,
1991-07-19,0.0,
1991-07-20,0.0,
1991-07-21,0.0,
1991-07-22,0.0,
1991-07-23,0.0,
1991-07-24,0.0,
1991-07-25,0.0,
1991-07-26,0.0,
1991-07-27,0.0,
1991-07-28,0.0,
1991-07-29,0.0,
1991-07-30,0.0,
1991-07-31,0.0,
1991-08-01,0.0,
1991-08-02,0.0,
1991-08-03,0.0,
1991-08-04,0.0,
1991-08-05,0.0,
1991-08-06,0.0,
1991-08-07,0.0,
1991-08-08,0.0,
1991-08-09,0.0,
1991-08-10,0.0,
1991-08-11,0.0,
1991-08-12,0.0,
1991-08-13,0.0,
1991-08-14,0.0,
1991-08-15,0.0,
1991-08-16,0.0,
1991-08-17,0.0,
1991-08-18,0.0,
1991-08-19,0.0,
1991-08-20,0.0,
1991-08-21,0.0,
1991-08-22,0.0,
1991-08-23,0.0,
1991-08-24,0.0,
1991-08-25,0.0,
1991-08-26,0.0,
1991-08-27,0.0,
1991-08-28,0.0,
1991-08-29,0.0,
1991-08-30,0.0,
1991-08-31,0.0,
1991-09-01,0.0,
1991-09-02,0.0,
1991-09-03,0.0,
1991-09-04,0.0,
1991-09-05,0.0,
1991-09-06,0.0,
1991-09-07,0.0,
1991-09-08,0.0,
1991-09-09,0.0,
1991-09-10,0.0,
1991-09-11,0.0,
1991-09-12,0.0,
1991-09-13,0.0,
1991-09-14,0.0,
1991-09-15,0.0,
1991-09-16,0.0,
1991-09-17,0.0,
1991-09-18,0.0,
1991-09-19,0.0,
1991-09-20,0.0,
1991-09-21,0.0,
1991-09-22,0.0,
1991-09-23,0.0,
1991-09-24,0.0,
1991-09-25,0.0,
1991-09-26,0.0,
1991-09-27,0.0,
1991-09-28,0.0,
1991-09-29,0.0,
1991-09-30,0.0,
1991-10-01,,
1991-10-02,,
1991-10-03,,
1991-10-04,,
1991-10-05,,
1991-10-06,,
1991-10-07,,
1991-10-08,,
1991-10-09,,
1991-10-10,,
1991-10-11,,
1991-10-12,,
1991-10-13,,
1991-10-14,,
1991-10-15,,
1991-10-16,,
1991-10-17,,
1991-10-18,,
1991-10-19,,
1991-10-20,,
1991-10-21,,
1991-10-22,,
1991-10-23,,
1991-10-24,,
1991-10-25,,
1991-10-26,,
1991-10-27,,
1991-10-28,,
1991-10-29,,
1991-10-30,,
1991-10-31,,
1991-11-01,,
1991-11-02,,
1991-11-03,,
1991-11-04,,
1991-11-05,,
1991-11-06,,
1991-11-07,,
1991-11-08,,
1991-11-09,,
1991-11-10,,
1991-11-11,,
1991-11-12,,
1991-11-13,,
1991-11-14,,
1991-11-15,,
1991-11-16,,
1991-11-17,,
1991-11-18,,
1991-11-19,,
1991-11-20,,
1991-11-21,,
1991-11-22,,
1991-11-23,,
1991-11-24,,
1991-11-25,,
1991-11-26,,
1991-11-27,,
1991-11-28,,
1991-11-29,,
1991-11-30,,
1991-12-01,,
1991-12-02,,
1991-12-03,,
1991-12-04,,
1991-12-05,,
1991-12-06,,
1991-12-07,,
1991-12-08,,
1991-12-09,,
1991-12-10,,
1991-12-11,,
1991-12-12,,
1991-12-13,,
1991-12-14,,
1991-12-15,,
1991-12-16,,
1991-12-17,,
1991-12-18,,
1991-12-19,,
1991-12-20,,
1991-12-21,,
1991-12-22,,
1991-12-23,,
1991-12-24,,
1991-12-25,,
1991-12-26,,
1991-12-27,,
1991-12-28,,
1991-12-29,,
1991-12-30,,
1991-12-31,,
1992-01-01,,
1992-01-02,,
1992-01-03,13.716,
1992-01-04,14.021,
1992-01-05,15.545,
1992-01-06,17.069,
1992-01-07,17.374,
1992-01-08,17.678,
1992-01-09,17.678,
1992-01-10,17.983,
1992-01-11,17.983,
1992-01-12,17.983,
1992-01-13,17.983,
1992-01-14,18.288,
1992-01-15,18.288,
1992-01-16,18.288,
1992-01-17,18.288,
1992-01-18,17.983,
1992-01-19,17.678,
1992-01-20,17.374,
1992-01-21,17.069,
1992-01-22,17.069,
1992-01-23,16.459,
1992-01-24,16.459,
1992-01-25,16.459,
1992-01-26,16.459,
1992-01-27,16.51,
1992-01-28,16.154,
1992-01-29,16.154,
1992-01-30,16.154,
1992-01-31,16.154,
1992-02-01,15.85,
1992-02-02,15.85,
1992-02-03,15.85,
1992-02-04,15.85,
1992-02-05,15.545,
1992-02-06,15.24,
1992-02-07,15.24,
1992-02-08,15.24,
1992-02-09,15.24,
1992-02-10,15.24,
1992-02-11,20.117,
1992-02-12,22.555,
1992-02-13,27.127,
1992-02-14,28.956,
1992-02-15,31.699,
1992-02-16,34.442,
1992-02-17,36.576,
1992-02-18,36.881,
1992-02-19,37.186,
1992-02-20,37.186,
1992-02-21,37.186,
1992-02-22,37.186,
1992-02-23,37.186,
1992-02-24,36.881,
1992-02-25,36.881,
1992-02-26,36.881,
1992-02-27,36.881,
1992-02-28,36.881,
1992-02-29,36.881,
1992-03-01,36.881,
1992-03-02,36.881,
1992-03-03,36.576,
1992-03-04,36.576,
1992-03-05,36.881,
1992-03-06,38.1,
1992-03-07,39.014,
1992-03-08,39.624,
1992-03-09,39.929,
1992-03-10,40.132,
1992-03-11,40.234,
1992-03-12,40.538,
1992-03-13,40.538,
1992-03-14,40.234,
1992-03-15,40.234,
1992-03-16,40.234,
1992-03-17,40.234,
1992-03-18,40.234,
1992-03-19,40.234,
1992-03-20,40.234,
1992-03-21,40.234,
1992-03-22,40.234,
1992-03-23,40.234,
1992-03-24,,
1992-03-25,,
1992-03-26,,
1992-03-27,,
1992-03-28,,
1992-03-29,,
1992-03-30,,
1992-03-31,,
1992-04-01,,
1992-04-02,,
1992-04-03,,
1992-04-04,,
1992-04-05,,
1992-04-06,,
1992-04-07,,
1992-04-08,,
1992-04-09,,
1992-04-10,,
1992-04-11,,
1992-04-12,,
1992-04-13,,
1992-04-14,,
1992-04-15,,
1992-04-16,,
1992-04-17,,
1992-04-18,,
1992-04-19,,
1992-04-20,,
1992-04-21,,
1992-04-22,,
1992-04-23,,
1992-04-24,0.0,
1992-04-25,0.0,
1992-04-26,0.0,
1992-04-27,0.0,
1992-04-28,0.0,
1992-04-29,0.0,
1992-04-30,0.0,
1992-05-01,0.0,
1992-05-02,0.0,
1992-05-03,0.0,
1992-05-04,0.0,
1992-05-05,0.0,
1992-05-06,0.0,
1992-05-07,0.0,
1992-05-08,0.0,
1992-05-09,0.0,
1992-05-10,0.0,
1992-05-11,0.0,
1992-05-12,0.0,
1992-05-13,0.0,
1992-05-14,0.0,
1992-05-15,0.0,
1992-05-16,0.0,
1992-05-17,0.0,
1992-05-18,0.0,
1992-05-19,0.0,
1992-05-20,0.0,
1992-05-21,0.0,
1992-05-22,0.0,
1992-05-23,0.0,
1992-05-24,0.0,
1992-05-25,0.0,
1992-05-26,0.0,
1992-05-27,0.0,
1992-05-28,0.0,
1992-05-29,0.0,
1992-05-30,0.0,
1992-05-31,0.0,
1992-06-01,0.0,
1992-06-02,0.0,
1992-06-03,0.0,
1992-06-04,0.0,
1992-06-05,0.0,
1992-06-06,0.0,
1992-06-07,0.0,
1992-06-08,0.0,
1992-06-09,0.0,
1992-06-10,0.0,
1992-06-11,0.0,
1992-06-12,0.0,
1992-06-13,0.0,
1992-06-14,0.0,
1992-06-15,0.0,
1992-06-16,0.0,
1992-06-17,0.0,
1992-06-18,0.0,
1992-06-19,0.0,
1992-06-20,0.0,
1992-06-21,0.0,
1992-06-22,0.0,
1992-06-23,0.0,
1992-06-24,0.0,
1992-06-25,0.0,
1992-06-26,0.0,
1992-06-27,0.0,
1992-06-28,0.0,
1992-06-29,0.0,
1992-06-30,0.0,
1992-07-01,0.0,
1992-07-02,0.0,
1992-07-03,0.0,
1992-07-04,0.0,
1992-07-05,0.0,
1992-07-06,0.0,
1992-07-07,0.0,
1992-07-08,0.0,
1992-07-09,0.0,
1992-07-10,0.0,
1992-07-11,0.0,
1992-07-12,0.0,
1992-07-13,0.0,
1992-07-14,0.0,
1992-07-15,0.0,
1992-07-16,0.0,
1992-07-17,0.0,
1992-07-18,0.0,
1992-07-19,0.0,
1992-07-20,0.0,
1992-07-21,0.0,
1992-07-22,0.0,
1992-07-23,0.0,
1992-07-24,0.0,
1992-07-25,0.0,
1992-07-26,0.0,
1992-07-27,0.0,
1992-07-28,0.0,
1992-07-29,0.0,
1992-07-30,0.0,
1992-07-31,0.0,
1992-08-01,0.0,
1992-08-02,0.0,
1992-08-03,0.0,
1992-08-04,0.0,
1992-08-05,0.0,
1992-08-06,0.0,
1992-08-07,0.0,
1992-08-08,0.0,
1992-08-09,0.0,
1992-08-10,0.0,
1992-08-11,0.0,
1992-08-12,0.0,
1992-08-13,0.0,
1992-08-14,0.0,
1992-08-15,0.0,
1992-08-16,0.0,
1992-08-17,0.0,
1992-08-18,0.0,
1992-08-19,0.0,
1992-08-20,0.0,
1992-08-21,0.0,
1992-08-22,0.0,
1992-08-23,0.0,
1992-08-24,0.0,
1992-08-25,0.0,
1992-08-26,0.0,
1992-08-27,0.0,
1992-08-28,0.0,
1992-08-29,0.0,
1992-08-30,0.0,
1992-08-31,0.0,
1992-09-01,0.0,
1992-09-02,0.0,
1992-09-03,0.0,
1992-09-04,0.0,
1992-09-05,0.0,
1992-09-06,0.0,
1992-09-07,0.0,
1992-09-08,0.0,
1992-09-09,0.0,
1992-09-10,0.0,
1992-09-11,0.0,
1992-09-12,0.0,
1992-09-13,0.0,
1992-09-14,0.0,
1992-09-15,0.0,
1992-09-16,0.0,
1992-09-17,0.0,
1992-09-18,0.0,
1992-09-19,0.0,
1992-09-20,0.0,
1992-09-21,0.0,
1992-09-22,0.0,
1992-09-23,0.0,
1992-09-24,0.0,
1992-09-25,0.0,
1992-09-26,0.0,
1992-09-27,0.0,
1992-09-28,0.0,
1992-09-29,0.0,
1992-09-30,0.0,
1992-10-01,0.0,
1992-10-02,0.0,
1992-10-03,0.0,
1992-10-04,0.0,
1992-10-05,0.0,
1992-10-06,0.0,
1992-10-07,0.0,
1992-10-08,0.0,
1992-10-09,0.0,
1992-10-10,0.0,
1992-10-11,0.0,
1992-10-12,0.0,
1992-10-13,0.0,
1992-10-14,0.0,
1992-10-15,0.0,
1992-10-16,0.0,
1992-10-17,0.0,
1992-10-18,0.0,
1992-10-19,0.0,
1992-10-20,0.0,
1992-10-21,0.0,
1992-10-22,0.0,
1992-10-23,0.0,
1992-10-24,0.0,
1992-10-25,0.0,
1992-10-26,0.0,
1992-10-27,0.0,
1992-10-28,0.0,
1992-10-29,0.0,
1992-10-30,0.0,
1992-10-31,0.0,
1992-11-01,0.0,
1992-11-02,0.0,
1992-11-03,0.0,
1992-11-04,0.0,
1992-11-05,0.0,
1992-11-06,0.0,
1992-11-07,0.0,
1992-11-08,0.0,
1992-11-09,0.0,
1992-11-10,0.0,
1992-11-11,0.0,
1992-11-12,0.0,
1992-11-13,0.0,
1992-11-14,0.0,
1992-11-15,0.0,
1992-11-16,0.0,
1992-11-17,0.0,
1992-11-18,0.0,
1992-11-19,0.0,
1992-11-20,0.0,
1992-11-21,0.0,
1992-11-22,0.0,
1992-11-23,0.0,
1992-11-24,0.0,
1992-11-25,0.0,
1992-11-26,0.0,
1992-11-27,0.0,
1992-11-28,0.0,
1992-11-29,0.0,
1992-11-30,0.0,
1992-12-01,0.635,
1992-12-02,0.635,
1992-12-03,0.635,
1992-12-04,0.635,
1992-12-05,0.635,
1992-12-06,0.94,
1992-12-07,7.95,
1992-12-08,14.326,
1992-12-09,14.326,
1992-12-10,14.326,
1992-12-11,14.326,
1992-12-12,15.875,
1992-12-13,15.875,
1992-12-14,15.875,
1992-12-15,15.875,
1992-12-16,15.875,
1992-12-17,15.875,
1992-12-18,15.875,
1992-12-19,15.875,
1992-12-20,16.18,
1992-12-21,16.18,
1992-12-22,16.18,
1992-12-23,16.485,
1992-12-24,16.485,
1992-12-25,16.637,
1992-12-26,16.866,
1992-12-27,17.018,
1992-12-28,17.094,
1992-12-29,17.094,
1992-12-30,26.822,
1992-12-31,27.432,
1993-01-01,27.737,
1993-01-02,32.614,
1993-01-03,33.553,
1993-01-04,33.553,
1993-01-05,33.553,
1993-01-06,33.833,
1993-01-07,36.297,
1993-01-08,46.355,
1993-01-09,47.549,
1993-01-10,47.854,
1993-01-11,51.816,
1993-01-12,51.511,
1993-01-13,56.693,
1993-01-14,63.398,
1993-01-15,66.142,
1993-01-16,70.104,
1993-01-17,70.409,
1993-01-18,74.981,
1993-01-19,75.59,
1993-01-20,75.59,
1993-01-21,75.59,
1993-01-22,75.59,
1993-01-23,75.59,
1993-01-24,75.59,
1993-01-25,75.59,
1993-01-26,75.59,
1993-01-27,75.286,
1993-01-28,74.981,
1993-01-29,74.701,
1993-01-30,74.397,
1993-01-31,73.762,
1993-02-01,73.152,
1993-02-02,73.152,
1993-02-03,72.542,
1993-02-04,71.933,
1993-02-05,71.323,
1993-02-06,71.018,
1993-02-07,70.714,
1993-02-08,70.104,
1993-02-09,72.542,
1993-02-10,74.066,
1993-02-11,74.092,
1993-02-12,73.762,
1993-02-13,73.762,
1993-02-14,73.762,
1993-02-15,73.762,
1993-02-16,73.482,
1993-02-17,73.762,
1993-02-18,73.482,
1993-02-19,78.638,
1993-02-20,85.344,
1993-02-21,89.027,
1993-02-22,89.027,
1993-02-23,92.075,
1993-02-24,96.926,
1993-02-25,97.561,
1993-02-26,99.06,
1993-02-27,100.914,
1993-02-28,100.914,
1993-03-01,100.609,
1993-03-02,100.279,
1993-03-03,99.695,
1993-03-04,99.39,
1993-03-05,98.755,
1993-03-06,97.866,
1993-03-07,96.952,
1993-03-08,96.012,
1993-03-09,95.123,
1993-03-10,94.513,
1993-03-11,93.878,
1993-03-12,93.294,
1993-03-13,92.38,
1993-03-14,91.44,
1993-03-15,90.83,
1993-03-16,90.221,
1993-03-17,89.941,
1993-03-18,81.077,
1993-03-19,90.856,
1993-03-20,95.733,
1993-03-21,101.194,
1993-03-22,105.181,
1993-03-23,109.118,
1993-03-24,112.192,
1993-03-25,114.935,
1993-03-26,124.993,
1993-03-27,126.797,
1993-03-28,127.432,
1993-03-29,128.346,
1993-03-30,127.737,
1993-03-31,126.213,
1993-04-01,123.139,
1993-04-02,120.117,
1993-04-03,116.154,
1993-04-04,112.192,
1993-04-05,110.363,
1993-04-06,107.899,
1993-04-07,106.68,
1993-04-08,104.877,
1993-04-09,102.438,
1993-04-10,100.279,
1993-04-11,99.06,
1993-04-12,97.866,
1993-04-13,97.257,
1993-04-14,96.317,
1993-04-15,94.513,
1993-04-16,93.294,
1993-04-17,92.659,
1993-04-18,93.294,
1993-04-19,92.989,
1993-04-20,91.77,
1993-04-21,91.135,
1993-04-22,92.075,
1993-04-23,94.513,
1993-04-24,94.209,
1993-04-25,93.878,
1993-04-26,93.294,
1993-04-27,93.574,
1993-04-28,93.294,
1993-04-29,91.44,
1993-04-30,89.027,
1993-05-01,86.284,
1993-05-02,84.76,
1993-05-03,82.321,
1993-05-04,79.553,
1993-05-05,78.029,
1993-05-06,75.59,
1993-05-07,74.701,
1993-05-08,72.542,
1993-05-09,68.275,
1993-05-10,64.033,
1993-05-11,59.741,
1993-05-12,53.975,
1993-05-13,50.902,
1993-05-14,47.549,
1993-05-15,43.002,
1993-05-16,38.735,
1993-05-17,35.382,
1993-05-18,31.725,
1993-05-19,28.372,
1993-05-20,23.8,
1993-05-21,20.117,
1993-05-22,15.875,
1993-05-23,10.973,
1993-05-24,4.877,
1993-05-25,0.635,
1993-05-26,0.0,
1993-05-27,0.0,
1993-05-28,0.0,
1993-05-29,0.0,
1993-05-30,0.0,
1993-05-31,0.0,
1993-06-01,0.0,
1993-06-02,0.0,
1993-06-03,0.0,
1993-06-04,0.0,
1993-06-05,0.0,
1993-06-06,2.743,
1993-06-07,2.134,
1993-06-08,0.914,
1993-06-09,0.0,
1993-06-10,0.0,
1993-06-11,0.0,
1993-06-12,0.0,
1993-06-13,0.0,
1993-06-14,0.0,
1993-06-15,0.0,
1993-06-16,0.0,
1993-06-17,0.0,
1993-06-18,0.0,
1993-06-19,0.0,
1993-06-20,0.0,
1993-06-21,0.0,
1993-06-22,0.0,
1993-06-23,0.0,
1993-06-24,0.0,
1993-06-25,0.0,
1993-06-26,0.0,
1993-06-27,0.0,
1993-06-28,0.0,
1993-06-29,0.0,
1993-06-30,0.0,
1993-07-01,0.0,
1993-07-02,0.0,
1993-07-03,0.0,
1993-07-04,0.0,
1993-07-05,0.0,
1993-07-06,0.0,
1993-07-07,0.0,
1993-07-08,0.0,
1993-07-09,0.0,
1993-07-10,0.0,
1993-07-11,0.0,
1993-07-12,0.0,
1993-07-13,0.0,
1993-07-14,0.0,
1993-07-15,0.0,
1993-07-16,0.0,
1993-07-17,0.0,
1993-07-18,0.0,
1993-07-19,0.0,
1993-07-20,0.0,
1993-07-21,0.0,
1993-07-22,0.0,
1993-07-23,0.0,
1993-07-24,0.0,
1993-07-25,0.0,
1993-07-26,0.0,
1993-07-27,0.0,
1993-07-28,0.0,
1993-07-29,0.0,
1993-07-30,0.0,
1993-07-31,0.0,
1993-08-01,0.0,
1993-08-02,0.0,
1993-08-03,0.0,
1993-08-04,0.0,
1993-08-05,0.0,
1993-08-06,0.0,
1993-08-07,0.0,
1993-08-08,0.0,
1993-08-09,0.0,
1993-08-10,0.0,
1993-08-11,0.0,
1993-08-12,0.0,
1993-08-13,0.0,
1993-08-14,0.0,
1993-08-15,0.0,
1993-08-16,0.0,
1993-08-17,0.0,
1993-08-18,0.0,
1993-08-19,0.0,
1993-08-20,0.0,
1993-08-21,0.0,
1993-08-22,0.0,
1993-08-23,0.0,
1993-08-24,0.0,
1993-08-25,0.0,
1993-08-26,0.0,
1993-08-27,0.0,
1993-08-28,0.0,
1993-08-29,0.0,
1993-08-30,0.0,
1993-08-31,0.0,
1993-09-01,0.0,
1993-09-02,0.0,
1993-09-03,0.0,
1993-09-04,0.0,
1993-09-05,0.0,
1993-09-06,0.0,
1993-09-07,0.0,
1993-09-08,0.0,
1993-09-09,0.0,
1993-09-10,0.0,
1993-09-11,0.0,
1993-09-12,0.0,
1993-09-13,0.0,
1993-09-14,0.0,
1993-09-15,0.0,
1993-09-16,0.0,
1993-09-17,0.0,
1993-09-18,0.0,
1993-09-19,0.0,
1993-09-20,0.0,
1993-09-21,0.0,
1993-09-22,0.0,
1993-09-23,0.0,
1993-09-24,0.0,
1993-09-25,0.0,
1993-09-26,0.0,
1993-09-27,0.0,
1993-09-28,0.0,
1993-09-29,0.0,
1993-09-30,0.0,
1993-10-01,0.0,
1993-10-02,0.0,
1993-10-03,0.0,
1993-10-04,0.0,
1993-10-05,0.0,
1993-10-06,0.0,
1993-10-07,0.0,
1993-10-08,0.0,
1993-10-09,0.0,
1993-10-10,0.0,
1993-10-11,0.0,
1993-10-12,0.0,
1993-10-13,0.0,
1993-10-14,0.0,
1993-10-15,0.0,
1993-10-16,0.0,
1993-10-17,0.0,
1993-10-18,0.0,
1993-10-19,0.0,
1993-10-20,0.0,
1993-10-21,0.0,
1993-10-22,0.0,
1993-10-23,0.0,
1993-10-24,0.0,
1993-10-25,0.0,
1993-10-26,0.0,
1993-10-27,0.0,
1993-10-28,0.0,
1993-10-29,0.0,
1993-10-30,0.0,
1993-10-31,0.0,
1993-11-01,0.0,
1993-11-02,0.0,
1993-11-03,0.0,
1993-11-04,0.0,
1993-11-05,0.0,
1993-11-06,0.0,
1993-11-07,0.0,
1993-11-08,0.0,
1993-11-09,0.0,
1993-11-10,0.0,
1993-11-11,0.33,
1993-11-12,0.33,
1993-11-13,0.33,
1993-11-14,0.33,
1993-11-15,0.33,
1993-11-16,0.33,
1993-11-17,0.33,
1993-11-18,0.33,
1993-11-19,0.33,
1993-11-20,0.33,
1993-11-21,0.33,
1993-11-22,0.33,
1993-11-23,0.33,
1993-11-24,0.33,
1993-11-25,0.33,
1993-11-26,0.33,
1993-11-27,0.33,
1993-11-28,0.33,
1993-11-29,0.33,
1993-11-30,0.33,
1993-12-01,0.33,
1993-12-02,0.33,
1993-12-03,0.33,
1993-12-04,0.33,
1993-12-05,0.33,
1993-12-06,0.33,
1993-12-07,0.33,
1993-12-08,0.33,
1993-12-09,0.33,
1993-12-10,0.33,
1993-12-11,0.33,
1993-12-12,0.33,
1993-12-13,0.33,
1993-12-14,0.33,
1993-12-15,0.33,
1993-12-16,0.33,
1993-12-17,0.33,
1993-12-18,0.33,
1993-12-19,0.33,
1993-12-20,0.33,
1993-12-21,0.33,
1993-12-22,0.33,
1993-12-23,0.33,
1993-12-24,0.33,
1993-12-25,0.33,
1993-12-26,0.33,
1993-12-27,0.33,
1993-12-28,0.33,
1993-12-29,0.33,
1993-12-30,0.33,
1993-12-31,0.33,
1994-01-01,0.33,
1994-01-02,0.33,
1994-01-03,0.33,
1994-01-04,0.33,
1994-01-05,0.33,
1994-01-06,0.33,
1994-01-07,0.33,
1994-01-08,0.33,
1994-01-09,0.33,
1994-01-10,0.33,
1994-01-11,0.33,
1994-01-12,0.33,
1994-01-13,0.33,
1994-01-14,0.33,
1994-01-15,0.33,
1994-01-16,0.33,
1994-01-17,0.33,
1994-01-18,0.33,
1994-01-19,0.33,
1994-01-20,0.33,
1994-01-21,0.33,
1994-01-22,0.33,
1994-01-23,0.33,
1994-01-24,0.33,
1994-01-25,0.33,
1994-01-26,0.33,
1994-01-27,0.33,
1994-01-28,0.33,
1994-01-29,0.33,
1994-01-30,0.33,
1994-01-31,0.33,
1994-02-01,13.97,
1994-02-02,13.97,
1994-02-03,13.97,
1994-02-04,13.97,
1994-02-05,14.986,
1994-02-06,15.494,
1994-02-07,16.002,
1994-02-08,25.4,
1994-02-09,25.4,
1994-02-10,25.4,
1994-02-11,25.4,
1994-02-12,26.035,
1994-02-13,26.67,
1994-02-14,26.67,
1994-02-15,26.67,
1994-02-16,26.67,
1994-02-17,28.677,
1994-02-18,36.297,
1994-02-19,39.014,
1994-02-20,43.002,
1994-02-21,43.917,
1994-02-22,43.917,
1994-02-23,43.612,
1994-02-24,43.282,
1994-02-25,42.672,
1994-02-26,42.367,
1994-02-27,42.672,
1994-02-28,42.672,
1994-03-01,42.062,
1994-03-02,41.783,
1994-03-03,41.453,
1994-03-04,41.173,
1994-03-05,41.173,
1994-03-06,40.894,
1994-03-07,40.386,
1994-03-08,40.386,
1994-03-09,40.386,
1994-03-10,40.132,
1994-03-11,39.878,
1994-03-12,39.37,
1994-03-13,38.1,
1994-03-14,38.1,
1994-03-15,37.592,
1994-03-16,37.084,
1994-03-17,37.084,
1994-03-18,36.322,
1994-03-19,35.56,
1994-03-20,35.052,
1994-03-21,34.798,
1994-03-22,33.833,
1994-03-23,33.833,
1994-03-24,32.334,
1994-03-25,32.944,
1994-03-26,32.944,
1994-03-27,33.833,
1994-03-28,33.223,
1994-03-29,32.487,
1994-03-30,31.725,
1994-03-31,31.115,
1994-04-01,29.591,
1994-04-02,28.372,
1994-04-03,25.933,
1994-04-04,25.933,
1994-04-05,24.714,
1994-04-06,23.876,
1994-04-07,22.86,
1994-04-08,21.971,
1994-04-09,22.276,
1994-04-10,23.19,
1994-04-11,23.19,
1994-04-12,21.768,
1994-04-13,20.345,
1994-04-14,18.923,
1994-04-15,17.501,
1994-04-16,16.078,
1994-04-17,14.656,
1994-04-18,13.233,
1994-04-19,12.497,
1994-04-20,10.084,
1994-04-21,6.706,
1994-04-22,3.658,
1994-04-23,2.159,
1994-04-24,5.791,
1994-04-25,6.096,
1994-04-26,8.865,
1994-04-27,9.169,
1994-04-28,9.169,
1994-04-29,8.56,
1994-04-30,7.62,
1994-05-01,5.08,
1994-05-02,2.54,
1994-05-03,0.0,
1994-05-04,0.0,
1994-05-05,0.0,
1994-05-06,0.0,
1994-05-07,0.0,
1994-05-08,0.0,
1994-05-09,0.0,
1994-05-10,0.0,
1994-05-11,0.0,
1994-05-12,0.0,
1994-05-13,0.0,
1994-05-14,0.0,
1994-05-15,0.0,
1994-05-16,0.0,
1994-05-17,0.0,
1994-05-18,0.0,
1994-05-19,0.0,
1994-05-20,0.0,
1994-05-21,0.0,
1994-05-22,0.0,
1994-05-23,0.0,
1994-05-24,0.0,
1994-05-25,0.0,
1994-05-26,0.0,
1994-05-27,0.0,
1994-05-28,0.0,
1994-05-29,0.0,
1994-05-30,0.0,
1994-05-31,0.0,
1994-06-01,0.0,
1994-06-02,0.0,
1994-06-03,0.0,
1994-06-04,0.0,
1994-06-05,0.0,
1994-06-06,0.0,
1994-06-07,0.0,
1994-06-08,0.0,
1994-06-09,0.0,
1994-06-10,0.0,
1994-06-11,0.0,
1994-06-12,0.0,
1994-06-13,0.0,
1994-06-14,0.0,
1994-06-15,0.0,
1994-06-16,0.0,
1994-06-17,0.0,
1994-06-18,0.0,
1994-06-19,0.0,
1994-06-20,0.0,
1994-06-21,0.0,
1994-06-22,0.0,
1994-06-23,0.0,
1994-06-24,0.0,
1994-06-25,0.0,
1994-06-26,0.0,
1994-06-27,0.0,
1994-06-28,0.0,
1994-06-29,0.0,
1994-06-30,0.0,
1994-07-01,0.0,
1994-07-02,0.0,
1994-07-03,0.0,
1994-07-04,0.0,
1994-07-05,0.0,
1994-07-06,0.0,
1994-07-07,0.0,
1994-07-08,0.0,
1994-07-09,0.0,
1994-07-10,0.0,
1994-07-11,0.0,
1994-07-12,0.0,
1994-07-13,0.0,
1994-07-14,0.0,
1994-07-15,0.0,
1994-07-16,0.0,
1994-07-17,0.0,
1994-07-18,0.0,
1994-07-19,0.0,
1994-07-20,0.0,
1994-07-21,0.0,
1994-07-22,0.0,
1994-07-23,0.0,
1994-07-24,0.0,
1994-07-25,0.0,
1994-07-26,0.0,
1994-07-27,0.0,
1994-07-28,0.0,
1994-07-29,0.0,
1994-07-30,0.0,
1994-07-31,0.0,
1994-08-01,0.0,
1994-08-02,0.0,
1994-08-03,0.0,
1994-08-04,0.0,
1994-08-05,0.0,
1994-08-06,0.0,
1994-08-07,0.0,
1994-08-08,0.0,
1994-08-09,0.0,
1994-08-10,0.0,
1994-08-11,0.0,
1994-08-12,0.0,
1994-08-13,0.0,
1994-08-14,0.0,
1994-08-15,0.0,
1994-08-16,0.0,
1994-08-17,0.0,
1994-08-18,0.0,
1994-08-19,0.0,
1994-08-20,0.0,
1994-08-21,0.0,
1994-08-22,0.0,
1994-08-23,0.0,
1994-08-24,0.0,
1994-08-25,0.0,
1994-08-26,0.0,
1994-08-27,0.0,
1994-08-28,0.0,
1994-08-29,0.0,
1994-08-30,0.0,
1994-08-31,0.0,
1994-09-01,0.0,
1994-09-02,0.0,
1994-09-03,0.0,
1994-09-04,0.0,
1994-09-05,0.0,
1994-09-06,0.0,
1994-09-07,0.0,
1994-09-08,0.0,
1994-09-09,0.0,
1994-09-10,0.0,
1994-09-11,0.0,
1994-09-12,0.0,
1994-09-13,0.0,
1994-09-14,0.0,
1994-09-15,0.0,
1994-09-16,0.0,
1994-09-17,0.0,
1994-09-18,0.0,
1994-09-19,0.0,
1994-09-20,0.0,
1994-09-21,0.0,
1994-09-22,0.0,
1994-09-23,0.0,
1994-09-24,0.0,
1994-09-25,0.0,
1994-09-26,0.0,
1994-09-27,0.0,
1994-09-28,0.0,
1994-09-29,0.0,
1994-09-30,0.0,
1994-10-01,0.0,
1994-10-02,0.0,
1994-10-03,0.0,
1994-10-04,0.0,
1994-10-05,3.048,
1994-10-06,2.54,
1994-10-07,0.762,
1994-10-08,0.0,
1994-10-09,0.0,
1994-10-10,0.0,
1994-10-11,0.0,
1994-10-12,0.0,
1994-10-13,0.0,
1994-10-14,0.0,
1994-10-15,0.0,
1994-10-16,0.0,
1994-10-17,0.0,
1994-10-18,0.0,
1994-10-19,0.0,
1994-10-20,0.0,
1994-10-21,0.0,
1994-10-22,0.0,
1994-10-23,0.0,
1994-10-24,0.0,
1994-10-25,0.0,
1994-10-26,0.0,
1994-10-27,0.0,
1994-10-28,0.0,
1994-10-29,0.0,
1994-10-30,0.0,
1994-10-31,0.0,
1994-11-01,0.0,
1994-11-02,0.0,
1994-11-03,0.0,
1994-11-04,0.0,
1994-11-05,0.0,
1994-11-06,0.584,
1994-11-07,0.584,
1994-11-08,0.889,
1994-11-09,0.584,
1994-11-10,1.803,
1994-11-11,3.632,
1994-11-12,3.632,
1994-11-13,3.327,
1994-11-14,3.327,
1994-11-15,3.327,
1994-11-16,3.937,
1994-11-17,3.937,
1994-11-18,7.29,
1994-11-19,7.29,
1994-11-20,7.29,
1994-11-21,6.985,
1994-11-22,6.985,
1994-11-23,6.985,
1994-11-24,6.985,
1994-11-25,6.985,
1994-11-26,10.643,
1994-11-27,11.252,
1994-11-28,11.252,
1994-11-29,11.252,
1994-11-30,11.252,
1994-12-01,10.947,
1994-12-02,10.947,
1994-12-03,10.947,
1994-12-04,11.252,
1994-12-05,11.252,
1994-12-06,11.252,
1994-12-07,11.252,
1994-12-08,10.947,
1994-12-09,10.947,
1994-12-10,11.252,
1994-12-11,11.252,
1994-12-12,11.557,
1994-12-13,13.386,
1994-12-14,13.386,
1994-12-15,13.691,
1994-12-16,13.691,
1994-12-17,13.691,
1994-12-18,13.691,
1994-12-19,13.691,
1994-12-20,13.691,
1994-12-21,13.691,
1994-12-22,13.691,
1994-12-23,13.691,
1994-12-24,13.386,
1994-12-25,13.995,
1994-12-26,13.995,
1994-12-27,13.995,
1994-12-28,13.995,
1994-12-29,13.995,
1994-12-30,13.995,
1994-12-31,13.995,
1995-01-01,15.24,
1995-01-02,16.256,
1995-01-03,17.272,
1995-01-04,18.288,
1995-01-05,19.304,
1995-01-06,20.32,
1995-01-07,21.336,
1995-01-08,22.352,
1995-01-09,23.368,
1995-01-10,24.384,
1995-01-11,25.4,
1995-01-12,26.416,
1995-01-13,27.432,
1995-01-14,28.448,
1995-01-15,29.464,
1995-01-16,30.48,
1995-01-17,31.496,
1995-01-18,32.512,
1995-01-19,33.528,
1995-01-20,34.544,
1995-01-21,35.56,
1995-01-22,36.576,
1995-01-23,37.592,
1995-01-24,38.608,
1995-01-25,39.624,
1995-01-26,40.64,
1995-01-27,41.656,
1995-01-28,42.672,
1995-01-29,43.688,
1995-01-30,44.704,
1995-01-31,45.72,
1995-02-01,46.736,
1995-02-02,47.752,
1995-02-03,48.768,
1995-02-04,49.784,
1995-02-05,50.8,
1995-02-06,51.816,
1995-02-07,52.832,
1995-02-08,53.848,
1995-02-09,54.864,
1995-02-10,55.88,
1995-02-11,56.896,
1995-02-12,57.912,
1995-02-13,58.928,
1995-02-14,59.944,
1995-02-15,60.452,
1995-02-16,60.96,
1995-02-17,60.96,
1995-02-18,58.801,
1995-02-19,57.582,
1995-02-20,55.753,
1995-02-21,55.753,
1995-02-22,55.448,
1995-02-23,55.143,
1995-02-24,54.534,
1995-02-25,53.924,
1995-02-26,53.924,
1995-02-27,53.924,
1995-02-28,53.924,
1995-03-01,53.924,
1995-03-02,53.924,
1995-03-03,54.229,
1995-03-04,57.277,
1995-03-05,59.106,
1995-03-06,59.411,
1995-03-07,60.02,
1995-03-08,60.02,
1995-03-09,59.715,
1995-03-10,69.774,
1995-03-11,101.473,
1995-03-12,110.007,
1995-03-13,116.103,
1995-03-14,111.227,
1995-03-15,107.569,
1995-03-16,103.911,
1995-03-17,101.473,
1995-03-18,99.949,
1995-03-19,98.73,
1995-03-20,97.206,
1995-03-21,102.083,
1995-03-22,108.788,
1995-03-23,115.494,
1995-03-24,119.761,
1995-03-25,119.761,
1995-03-26,118.847,
1995-03-27,117.627,
1995-03-28,115.494,
1995-03-29,113.055,
1995-03-30,110.312,
1995-03-31,107.569,
1995-04-01,104.216,
1995-04-02,102.083,
1995-04-03,101.168,
1995-04-04,100.254,
1995-04-05,99.644,
1995-04-06,98.73,
1995-04-07,97.815,
1995-04-08,96.596,
1995-04-09,95.987,
1995-04-10,95.072,
1995-04-11,94.767,
1995-04-12,93.548,
1995-04-13,92.024,
1995-04-14,92.329,
1995-04-15,92.329,
1995-04-16,92.329,
1995-04-17,92.024,
1995-04-18,91.719,
1995-04-19,91.719,
1995-04-20,91.11,
1995-04-21,91.11,
1995-04-22,91.11,
1995-04-23,89.586,
1995-04-24,86.843,
1995-04-25,85.623,
1995-04-26,84.404,
1995-04-27,83.49,
1995-04-28,82.88,
1995-04-29,81.966,
1995-04-30,84.404,
1995-05-01,88.062,
1995-05-02,89.586,
1995-05-03,86.843,
1995-05-04,83.185,
1995-05-05,81.356,
1995-05-06,79.527,
1995-05-07,78.308,
1995-05-08,76.784,
1995-05-09,74.346,
1995-05-10,72.517,
1995-05-11,71.298,
1995-05-12,69.774,
1995-05-13,68.555,
1995-05-14,68.555,
1995-05-15,67.64,
1995-05-16,67.335,
1995-05-17,66.116,
1995-05-18,64.897,
1995-05-19,63.373,
1995-05-20,61.239,
1995-05-21,59.411,
1995-05-22,56.363,
1995-05-23,54.534,
1995-05-24,52.095,
1995-05-25,52.4,
1995-05-26,51.486,
1995-05-27,49.657,
1995-05-28,47.828,
1995-05-29,45.999,
1995-05-30,43.561,
1995-05-31,41.123,
1995-06-01,38.379,
1995-06-02,36.246,
1995-06-03,33.198,
1995-06-04,29.845,
1995-06-05,25.883,
1995-06-06,23.139,
1995-06-07,20.396,
1995-06-08,18.263,
1995-06-09,17.348,
1995-06-10,13.386,
1995-06-11,10.033,
1995-06-12,5.156,
1995-06-13,0.889,
1995-06-14,0.0,
1995-06-15,0.0,
1995-06-16,0.0,
1995-06-17,0.0,
1995-06-18,0.0,
1995-06-19,0.0,
1995-06-20,0.0,
1995-06-21,0.0,
1995-06-22,0.0,
1995-06-23,0.0,
1995-06-24,0.0,
1995-06-25,0.0,
1995-06-26,0.0,
1995-06-27,0.0,
1995-06-28,0.0,
1995-06-29,0.0,
1995-06-30,0.0,
1995-07-01,0.0,
1995-07-02,0.0,
1995-07-03,0.0,
1995-07-04,0.0,
1995-07-05,0.0,
1995-07-06,0.0,
1995-07-07,0.0,
1995-07-08,0.0,
1995-07-09,0.0,
1995-07-10,0.0,
1995-07-11,0.0,
1995-07-12,0.0,
1995-07-13,0.0,
1995-07-14,0.0,
1995-07-15,0.0,
1995-07-16,0.0,
1995-07-17,0.0,
1995-07-18,0.0,
1995-07-19,0.0,
1995-07-20,0.0,
1995-07-21,0.0,
1995-07-22,0.0,
1995-07-23,0.0,
1995-07-24,0.0,
1995-07-25,0.0,
1995-07-26,0.0,
1995-07-27,0.0,
1995-07-28,0.0,
1995-07-29,0.0,
1995-07-30,0.0,
1995-07-31,0.0,
1995-08-01,0.0,
1995-08-02,0.0,
1995-08-03,0.0,
1995-08-04,0.0,
1995-08-05,0.0,
1995-08-06,0.0,
1995-08-07,0.0,
1995-08-08,0.0,
1995-08-09,0.0,
1995-08-10,0.0,
1995-08-11,0.0,
1995-08-12,0.0,
1995-08-13,0.0,
1995-08-14,0.0,
1995-08-15,0.0,
1995-08-16,0.0,
1995-08-17,0.0,
1995-08-18,0.0,
1995-08-19,0.0,
1995-08-20,0.0,
1995-08-21,0.0,
1995-08-22,0.0,
1995-08-23,0.0,
1995-08-24,0.0,
1995-08-25,0.0,
1995-08-26,0.0,
1995-08-27,0.0,
1995-08-28,0.0,
1995-08-29,0.0,
1995-08-30,0.0,
1995-08-31,0.0,
1995-09-01,0.0,
1995-09-02,0.0,
1995-09-03,0.0,
1995-09-04,0.0,
1995-09-05,0.0,
1995-09-06,0.0,
1995-09-07,0.0,
1995-09-08,0.0,
1995-09-09,0.0,
1995-09-10,0.0,
1995-09-11,0.0,
1995-09-12,0.0,
1995-09-13,0.0,
1995-09-14,0.0,
1995-09-15,0.0,
1995-09-16,0.0,
1995-09-17,0.0,
1995-09-18,0.0,
1995-09-19,0.0,
1995-09-20,0.0,
1995-09-21,0.0,
1995-09-22,0.0,
1995-09-23,0.0,
1995-09-24,0.0,
1995-09-25,0.0,
1995-09-26,0.0,
1995-09-27,0.0,
1995-09-28,0.0,
1995-09-29,0.0,
1995-09-30,0.0,
1995-10-01,0.0,
1995-10-02,0.0,
1995-10-03,0.0,
1995-10-04,0.0,
1995-10-05,0.0,
1995-10-06,0.0,
1995-10-07,0.0,
1995-10-08,0.0,
1995-10-09,0.0,
1995-10-10,0.0,
1995-10-11,0.0,
1995-10-12,0.0,
1995-10-13,0.0,
1995-10-14,0.0,
1995-10-15,0.0,
1995-10-16,0.0,
1995-10-17,0.0,
1995-10-18,0.0,
1995-10-19,0.0,
1995-10-20,0.0,
1995-10-21,0.0,
1995-10-22,0.0,
1995-10-23,0.0,
1995-10-24,0.0,
1995-10-25,0.0,
1995-10-26,0.0,
1995-10-27,0.0,
1995-10-28,0.0,
1995-10-29,0.0,
1995-10-30,0.0,
1995-10-31,0.0,
1995-11-01,0.0,
1995-11-02,0.0,
1995-11-03,0.0,
1995-11-04,0.0,
1995-11-05,0.0,
1995-11-06,0.0,
1995-11-07,0.0,
1995-11-08,0.0,
1995-11-09,0.0,
1995-11-10,0.0,
1995-11-11,0.0,
1995-11-12,0.0,
1995-11-13,0.0,
1995-11-14,0.0,
1995-11-15,0.0,
1995-11-16,0.0,
1995-11-17,0.0,
1995-11-18,0.0,
1995-11-19,0.0,
1995-11-20,0.0,
1995-11-21,0.0,
1995-11-22,0.0,
1995-11-23,0.0,
1995-11-24,0.0,
1995-11-25,0.0,
1995-11-26,0.0,
1995-11-27,0.0,
1995-11-28,0.0,
1995-11-29,0.0,
1995-11-30,0.0,
1995-12-01,0.0,
1995-12-02,0.0,
1995-12-03,0.0,
1995-12-04,0.0,
1995-12-05,0.0,
1995-12-06,0.0,
1995-12-07,0.0,
1995-12-08,0.0,
1995-12-09,0.0,
1995-12-10,0.914,
1995-12-11,1.219,
1995-12-12,2.134,
1995-12-13,7.315,
1995-12-14,10.668,
1995-12-15,10.668,
1995-12-16,10.363,
1995-12-17,10.058,
1995-12-18,10.058,
1995-12-19,10.058,
1995-12-20,9.754,
1995-12-21,10.058,
1995-12-22,10.058,
1995-12-23,11.582,
1995-12-24,11.278,
1995-12-25,10.973,
1995-12-26,10.668,
1995-12-27,10.363,
1995-12-28,10.363,
1995-12-29,10.363,
1995-12-30,10.668,
1995-12-31,10.668,
1996-01-01,10.668,
1996-01-02,10.668,
1996-01-03,10.668,
1996-01-04,10.668,
1996-01-05,10.668,
1996-01-06,10.668,
1996-01-07,10.668,
1996-01-08,10.668,
1996-01-09,10.668,
1996-01-10,10.668,
1996-01-11,10.668,
1996-01-12,10.668,
1996-01-13,10.973,
1996-01-14,10.973,
1996-01-15,11.278,
1996-01-16,10.668,
1996-01-17,16.154,
1996-01-18,16.154,
1996-01-19,18.593,
1996-01-20,20.117,
1996-01-21,20.117,
1996-01-22,21.946,
1996-01-23,21.031,
1996-01-24,20.726,
1996-01-25,22.25,
1996-01-26,22.86,
1996-01-27,23.114,
1996-01-28,26.213,
1996-01-29,26.213,
1996-01-30,26.162,
1996-01-31,26.822,
1996-02-01,29.261,
1996-02-02,29.261,
1996-02-03,28.651,
1996-02-04,28.346,
1996-02-05,33.02,
1996-02-06,32.918,
1996-02-07,32.614,
1996-02-08,31.09,
1996-02-09,29.87,
1996-02-10,29.87,
1996-02-11,29.566,
1996-02-12,29.261,
1996-02-13,28.651,
1996-02-14,28.346,
1996-02-15,27.432,
1996-02-16,26.822,
1996-02-17,26.822,
1996-02-18,26.213,
1996-02-19,25.908,
1996-02-20,36.881,
1996-02-21,41.453,
1996-02-22,46.33,
1996-02-23,46.939,
1996-02-24,46.939,
1996-02-25,49.073,
1996-02-26,50.292,
1996-02-27,50.597,
1996-02-28,50.546,
1996-02-29,50.597,
1996-03-01,50.597,
1996-03-02,50.597,
1996-03-03,49.987,
1996-03-04,49.682,
1996-03-05,54.864,
1996-03-06,57.607,
1996-03-07,57.607,
1996-03-08,57.302,
1996-03-09,56.693,
1996-03-10,56.388,
1996-03-11,55.474,
1996-03-12,56.083,
1996-03-13,58.826,
1996-03-14,58.928,
1996-03-15,58.826,
1996-03-16,57.912,
1996-03-17,56.998,
1996-03-18,56.388,
1996-03-19,55.474,
1996-03-20,54.254,
1996-03-21,53.035,
1996-03-22,51.816,
1996-03-23,51.206,
1996-03-24,50.902,
1996-03-25,50.597,
1996-03-26,49.987,
1996-03-27,49.378,
1996-03-28,49.073,
1996-03-29,50.292,
1996-03-30,50.597,
1996-03-31,49.378,
1996-04-01,49.073,
1996-04-02,52.73,
1996-04-03,53.645,
1996-04-04,53.035,
1996-04-05,51.816,
1996-04-06,50.597,
1996-04-07,49.682,
1996-04-08,48.768,
1996-04-09,47.549,
1996-04-10,45.72,
1996-04-11,44.501,
1996-04-12,43.282,
1996-04-13,42.367,
1996-04-14,40.843,
1996-04-15,39.014,
1996-04-16,37.795,
1996-04-17,41.453,
1996-04-18,43.891,
1996-04-19,44.806,
1996-04-20,45.11,
1996-04-21,45.11,
1996-04-22,44.501,
1996-04-23,43.891,
1996-04-24,42.672,
1996-04-25,41.758,
1996-04-26,40.538,
1996-04-27,39.014,
1996-04-28,36.576,
1996-04-29,34.138,
1996-04-30,32.309,
1996-05-01,29.566,
1996-05-02,27.127,
1996-05-03,25.603,
1996-05-04,23.47,
1996-05-05,21.641,
1996-05-06,18.898,
1996-05-07,16.764,
1996-05-08,14.021,
1996-05-09,11.582,
1996-05-10,8.534,
1996-05-11,3.962,
1996-05-12,1.524,
1996-05-13,0.0,
1996-05-14,0.0,
1996-05-15,0.0,
1996-05-16,0.0,
1996-05-17,0.0,
1996-05-18,0.0,
1996-05-19,0.0,
1996-05-20,0.0,
1996-05-21,0.0,
1996-05-22,0.0,
1996-05-23,0.0,
1996-05-24,0.0,
1996-05-25,0.0,
1996-05-26,0.0,
1996-05-27,0.0,
1996-05-28,0.0,
1996-05-29,0.0,
1996-05-30,0.0,
1996-05-31,0.0,
1996-06-01,0.0,
1996-06-02,0.0,
1996-06-03,0.0,
1996-06-04,0.0,
1996-06-05,0.0,
1996-06-06,0.0,
1996-06-07,0.0,
1996-06-08,0.0,
1996-06-09,0.0,
1996-06-10,0.0,
1996-06-11,0.0,
1996-06-12,0.0,
1996-06-13,0.0,
1996-06-14,0.0,
1996-06-15,0.0,
1996-06-16,0.0,
1996-06-17,0.0,
1996-06-18,0.0,
1996-06-19,0.0,
1996-06-20,0.0,
1996-06-21,0.0,
1996-06-22,0.0,
1996-06-23,0.0,
1996-06-24,0.0,
1996-06-25,0.0,
1996-06-26,0.0,
1996-06-27,0.0,
1996-06-28,0.0,
1996-06-29,0.0,
1996-06-30,0.0,
1996-07-01,0.0,
1996-07-02,0.0,
1996-07-03,0.0,
1996-07-04,0.0,
1996-07-05,0.0,
1996-07-06,0.0,
1996-07-07,0.0,
1996-07-08,0.0,
1996-07-09,0.0,
1996-07-10,0.0,
1996-07-11,0.0,
1996-07-12,0.0,
1996-07-13,0.0,
1996-07-14,0.0,
1996-07-15,0.0,
1996-07-16,0.0,
1996-07-17,0.0,
1996-07-18,0.0,
1996-07-19,0.0,
1996-07-20,0.0,
1996-07-21,0.0,
1996-07-22,0.0,
1996-07-23,0.0,
1996-07-24,0.0,
1996-07-25,0.0,
1996-07-26,0.0,
1996-07-27,0.0,
1996-07-28,0.0,
1996-07-29,0.0,
1996-07-30,0.0,
1996-07-31,0.0,
1996-08-01,0.0,
1996-08-02,0.0,
1996-08-03,0.0,
1996-08-04,0.0,
1996-08-05,0.0,
1996-08-06,0.0,
1996-08-07,0.0,
1996-08-08,0.0,
1996-08-09,0.0,
1996-08-10,0.0,
1996-08-11,0.0,
1996-08-12,0.0,
1996-08-13,0.0,
1996-08-14,0.0,
1996-08-15,0.0,
1996-08-16,0.0,
1996-08-17,0.0,
1996-08-18,0.0,
1996-08-19,0.0,
1996-08-20,0.0,
1996-08-21,0.0,
1996-08-22,0.0,
1996-08-23,0.0,
1996-08-24,0.0,
1996-08-25,0.0,
1996-08-26,0.0,
1996-08-27,0.0,
1996-08-28,0.0,
1996-08-29,0.0,
1996-08-30,0.0,
1996-08-31,0.0,
1996-09-01,0.0,
1996-09-02,0.0,
1996-09-03,0.0,
1996-09-04,0.0,
1996-09-05,0.0,
1996-09-06,0.0,
1996-09-07,0.0,
1996-09-08,0.0,
1996-09-09,0.0,
1996-09-10,0.0,
1996-09-11,0.0,
1996-09-12,0.0,
1996-09-13,0.0,
1996-09-14,0.0,
1996-09-15,0.0,
1996-09-16,0.0,
1996-09-17,0.0,
1996-09-18,0.0,
1996-09-19,0.0,
1996-09-20,0.0,
1996-09-21,0.0,
1996-09-22,0.0,
1996-09-23,0.0,
1996-09-24,0.0,
1996-09-25,0.0,
1996-09-26,0.0,
1996-09-27,0.0,
1996-09-28,0.0,
1996-09-29,0.0,
1996-09-30,0.0,
1996-10-01,0.0,
1996-10-02,0.0,
1996-10-03,0.0,
1996-10-04,0.0,
1996-10-05,0.0,
1996-10-06,0.0,
1996-10-07,0.0,
1996-10-08,0.0,
1996-10-09,0.0,
1996-10-10,0.0,
1996-10-11,0.0,
1996-10-12,0.0,
1996-10-13,0.0,
1996-10-14,0.0,
1996-10-15,0.0,
1996-10-16,0.0,
1996-10-17,0.0,
1996-10-18,0.0,
1996-10-19,0.0,
1996-10-20,0.0,
1996-10-21,0.0,
1996-10-22,0.0,
1996-10-23,0.0,
1996-10-24,0.0,
1996-10-25,0.0,
1996-10-26,1.524,
1996-10-27,1.219,
1996-10-28,1.219,
1996-10-29,1.219,
1996-10-30,5.486,
1996-10-31,7.62,
1996-11-01,7.62,
1996-11-02,7.315,
1996-11-03,7.01,
1996-11-04,6.706,
1996-11-05,6.096,
1996-11-06,5.588,
1996-11-07,5.486,
1996-11-08,5.486,
1996-11-09,5.182,
1996-11-10,4.877,
1996-11-11,4.267,
1996-11-12,4.572,
1996-11-13,4.572,
1996-11-14,4.572,
1996-11-15,3.962,
1996-11-16,3.962,
1996-11-17,7.315,
1996-11-18,10.973,
1996-11-19,9.754,
1996-11-20,9.449,
1996-11-21,9.144,
1996-11-22,9.144,
1996-11-23,10.973,
1996-11-24,9.449,
1996-11-25,10.973,
1996-11-26,11.582,
1996-11-27,13.411,
1996-11-28,14.935,
1996-11-29,15.545,
1996-11-30,16.154,
1996-12-01,16.764,
1996-12-02,18.593,
1996-12-03,21.641,
1996-12-04,23.47,
1996-12-05,24.079,
1996-12-06,21.031,
1996-12-07,18.593,
1996-12-08,16.154,
1996-12-09,14.326,
1996-12-10,17.983,
1996-12-11,28.042,
1996-12-12,28.346,
1996-12-13,26.822,
1996-12-14,25.908,
1996-12-15,24.689,
1996-12-16,23.165,
1996-12-17,21.031,
1996-12-18,19.202,
1996-12-19,17.983,
1996-12-20,17.069,
1996-12-21,17.069,
1996-12-22,20.726,
1996-12-23,25.603,
1996-12-24,26.213,
1996-12-25,26.213,
1996-12-26,26.213,
1996-12-27,29.87,
1996-12-28,32.918,
1996-12-29,33.223,
1996-12-30,33.274,
1996-12-31,33.274,
1997-01-01,33.274,
1997-01-02,,
1997-01-03,,
1997-01-04,,
1997-01-05,,
1997-01-06,,
1997-01-07,,
1997-01-08,,
1997-01-09,,
1997-01-10,,
1997-01-11,,
1997-01-12,,
1997-01-13,,
1997-01-14,,
1997-01-15,,
1997-01-16,,
1997-01-17,,
1997-01-18,,
1997-01-19,,
1997-01-20,,
1997-01-21,,
1997-01-22,,
1997-01-23,,
1997-01-24,,
1997-01-25,,
1997-01-26,,
1997-01-27,,
1997-01-28,,
1997-01-29,,
1997-01-30,,
1997-01-31,,
1997-02-01,,
1997-02-02,,
1997-02-03,,
1997-02-04,,
1997-02-05,,
1997-02-06,,
1997-02-07,,
1997-02-08,,
1997-02-09,,
1997-02-10,,
1997-02-11,,
1997-02-12,,
1997-02-13,,
1997-02-14,,
1997-02-15,,
1997-02-16,,
1997-02-17,,
1997-02-18,,
1997-02-19,,
1997-02-20,,
1997-02-21,,
1997-02-22,,
1997-02-23,,
1997-02-24,,
1997-02-25,,
1997-02-26,,
1997-02-27,,
1997-02-28,,
1997-03-01,,
1997-03-02,,
1997-03-03,,
1997-03-04,,
1997-03-05,,
1997-03-06,,
1997-03-07,,
1997-03-08,,
1997-03-09,,
1997-03-10,,
1997-03-11,,
1997-03-12,,
1997-03-13,,
1997-03-14,,
1997-03-15,,
1997-03-16,,
1997-03-17,,
1997-03-18,,
1997-03-19,,
1997-03-20,,
1997-03-21,,
1997-03-22,,
1997-03-23,,
1997-03-24,,
1997-03-25,,
1997-03-26,66.04,
1997-03-27,64.516,
1997-03-28,63.246,
1997-03-29,61.976,
1997-03-30,61.214,
1997-03-31,60.198,
1997-04-01,60.198,
1997-04-02,60.452,
1997-04-03,60.198,
1997-04-04,59.182,
1997-04-05,57.658,
1997-04-06,57.404,
1997-04-07,57.15,
1997-04-08,56.642,
1997-04-09,55.88,
1997-04-10,54.864,
1997-04-11,53.848,
1997-04-12,52.832,
1997-04-13,51.308,
1997-04-14,49.53,
1997-04-15,46.99,
1997-04-16,44.45,
1997-04-17,41.91,
1997-04-18,40.64,
1997-04-19,39.37,
1997-04-20,36.83,
1997-04-21,34.29,
1997-04-22,32.258,
1997-04-23,29.21,
1997-04-24,28.448,
1997-04-25,26.822,
1997-04-26,23.774,
1997-04-27,22.555,
1997-04-28,20.422,
1997-04-29,17.983,
1997-04-30,15.85,
1997-05-01,13.716,
1997-05-02,11.582,
1997-05-03,9.144,
1997-05-04,6.096,
1997-05-05,2.794,
1997-05-06,1.219,
1997-05-07,0.0,
1997-05-08,0.0,
1997-05-09,0.0,
1997-05-10,0.0,
1997-05-11,0.0,
1997-05-12,0.0,
1997-05-13,0.0,
1997-05-14,0.0,
1997-05-15,0.0,
1997-05-16,0.0,
1997-05-17,0.0,
1997-05-18,0.0,
1997-05-19,0.0,
1997-05-20,0.0,
1997-05-21,0.0,
1997-05-22,0.0,
1997-05-23,0.0,
1997-05-24,0.0,
1997-05-25,0.0,
1997-05-26,0.0,
1997-05-27,0.0,
1997-05-28,0.0,
1997-05-29,0.0,
1997-05-30,0.0,
1997-05-31,0.0,
1997-06-01,0.0,
1997-06-02,0.0,
1997-06-03,0.0,
1997-06-04,0.0,
1997-06-05,0.0,
1997-06-06,0.0,
1997-06-07,0.0,
1997-06-08,0.0,
1997-06-09,0.0,
1997-06-10,0.0,
1997-06-11,0.0,
1997-06-12,0.0,
1997-06-13,0.0,
1997-06-14,0.0,
1997-06-15,0.0,
1997-06-16,0.0,
1997-06-17,0.0,
1997-06-18,0.0,
1997-06-19,0.0,
1997-06-20,0.0,
1997-06-21,0.0,
1997-06-22,0.0,
1997-06-23,0.0,
1997-06-24,0.0,
1997-06-25,0.0,
1997-06-26,0.0,
1997-06-27,0.0,
1997-06-28,0.0,
1997-06-29,0.0,
1997-06-30,0.0,
1997-07-01,0.0,
1997-07-02,0.0,
1997-07-03,0.0,
1997-07-04,0.0,
1997-07-05,0.0,
1997-07-06,0.0,
1997-07-07,0.0,
1997-07-08,0.0,
1997-07-09,0.0,
1997-07-10,0.0,
1997-07-11,0.0,
1997-07-12,0.0,
1997-07-13,0.0,
1997-07-14,0.0,
1997-07-15,0.0,
1997-07-16,0.0,
1997-07-17,0.0,
1997-07-18,0.0,
1997-07-19,0.0,
1997-07-20,0.0,
1997-07-21,0.0,
1997-07-22,0.0,
1997-07-23,0.0,
1997-07-24,0.0,
1997-07-25,0.0,
1997-07-26,0.0,
1997-07-27,0.0,
1997-07-28,0.0,
1997-07-29,0.0,
1997-07-30,0.0,
1997-07-31,0.0,
1997-08-01,0.0,
1997-08-02,0.0,
1997-08-03,0.0,
1997-08-04,0.0,
1997-08-05,0.0,
1997-08-06,0.0,
1997-08-07,0.0,
1997-08-08,0.0,
1997-08-09,0.0,
1997-08-10,0.0,
1997-08-11,0.0,
1997-08-12,0.0,
1997-08-13,0.0,
1997-08-14,0.0,
1997-08-15,0.0,
1997-08-16,0.0,
1997-08-17,0.0,
1997-08-18,0.0,
1997-08-19,0.0,
1997-08-20,0.0,
1997-08-21,0.0,
1997-08-22,0.0,
1997-08-23,0.0,
1997-08-24,0.0,
1997-08-25,0.0,
1997-08-26,0.0,
1997-08-27,0.0,
1997-08-28,0.0,
1997-08-29,0.0,
1997-08-30,0.0,
1997-08-31,0.0,
1997-09-01,0.0,
1997-09-02,0.0,
1997-09-03,0.0,
1997-09-04,0.0,
1997-09-05,0.0,
1997-09-06,0.0,
1997-09-07,0.0,
1997-09-08,0.0,
1997-09-09,0.0,
1997-09-10,0.0,
1997-09-11,0.0,
1997-09-12,0.0,
1997-09-13,0.0,
1997-09-14,0.0,
1997-09-15,0.0,
1997-09-16,0.0,
1997-09-17,0.0,
1997-09-18,0.0,
1997-09-19,0.0,
1997-09-20,0.0,
1997-09-21,0.0,
1997-09-22,0.0,
1997-09-23,0.0,
1997-09-24,0.0,
1997-09-25,0.0,
1997-09-26,0.0,
1997-09-27,0.0,
1997-09-28,0.0,
1997-09-29,0.0,
1997-09-30,0.0,
1997-10-01,0.0,
1997-10-02,0.0,
1997-10-03,0.0,
1997-10-04,0.0,
1997-10-05,0.0,
1997-10-06,0.0,
1997-10-07,0.0,
1997-10-08,0.0,
1997-10-09,0.0,
1997-10-10,0.0,
1997-10-11,2.743,
1997-10-12,2.134,
1997-10-13,1.829,
1997-10-14,0.0,
1997-10-15,0.0,
1997-10-16,0.0,
1997-10-17,0.0,
1997-10-18,0.0,
1997-10-19,0.0,
1997-10-20,0.0,
1997-10-21,0.0,
1997-10-22,0.0,
1997-10-23,0.0,
1997-10-24,0.0,
1997-10-25,0.0,
1997-10-26,0.0,
1997-10-27,0.0,
1997-10-28,0.0,
1997-10-29,0.0,
1997-10-30,0.0,
1997-10-31,0.0,
1997-11-01,0.0,
1997-11-02,0.0,
1997-11-03,0.0,
1997-11-04,2.54,
1997-11-05,0.0,
1997-11-06,0.0,
1997-11-07,0.0,
1997-11-08,0.0,
1997-11-09,0.0,
1997-11-10,0.0,
1997-11-11,0.0,
1997-11-12,0.0,
1997-11-13,0.0,
1997-11-14,5.791,
1997-11-15,5.486,
1997-11-16,5.791,
1997-11-17,5.791,
1997-11-18,5.842,
1997-11-19,5.791,
1997-11-20,5.842,
1997-11-21,5.486,
1997-11-22,5.486,
1997-11-23,5.486,
1997-11-24,5.08,
1997-11-25,4.877,
1997-11-26,5.791,
1997-11-27,12.497,
1997-11-28,12.497,
1997-11-29,12.192,
1997-11-30,12.192,
1997-12-01,11.887,
1997-12-02,11.278,
1997-12-03,10.973,
1997-12-04,10.668,
1997-12-05,10.668,
1997-12-06,15.545,
1997-12-07,16.764,
1997-12-08,22.86,
1997-12-09,24.079,
1997-12-10,23.774,
1997-12-11,23.47,
1997-12-12,22.86,
1997-12-13,22.555,
1997-12-14,22.555,
1997-12-15,23.47,
1997-12-16,23.47,
1997-12-17,23.47,
1997-12-18,23.165,
1997-12-19,23.165,
1997-12-20,22.86,
1997-12-21,22.86,
1997-12-22,22.86,
1997-12-23,22.86,
1997-12-24,22.86,
1997-12-25,22.86,
1997-12-26,22.86,
1997-12-27,22.86,
1997-12-28,22.86,
1997-12-29,22.86,
1997-12-30,22.86,
1997-12-31,21.946,
1998-01-01,19.507,
1998-01-02,19.202,
1998-01-03,19.812,
1998-01-04,20.422,
1998-01-05,23.114,
1998-01-06,23.774,
1998-01-07,24.079,
1998-01-08,24.079,
1998-01-09,24.079,
1998-01-10,27.737,
1998-01-11,28.042,
1998-01-12,28.651,
1998-01-13,30.785,
1998-01-14,31.394,
1998-01-15,31.496,
1998-01-16,31.394,
1998-01-17,32.614,
1998-01-18,33.223,
1998-01-19,37.795,
1998-01-20,38.71,
1998-01-21,38.71,
1998-01-22,38.71,
1998-01-23,38.405,
1998-01-24,37.795,
1998-01-25,37.846,
1998-01-26,37.084,
1998-01-27,37.186,
1998-01-28,36.576,
1998-01-29,36.271,
1998-01-30,40.538,
1998-01-31,40.843,
1998-02-01,40.843,
1998-02-02,45.415,
1998-02-03,49.987,
1998-02-04,55.778,
1998-02-05,55.778,
1998-02-06,55.778,
1998-02-07,63.703,
1998-02-08,67.666,
1998-02-09,69.19,
1998-02-10,69.19,
1998-02-11,70.104,
1998-02-12,70.104,
1998-02-13,70.409,
1998-02-14,70.409,
1998-02-15,77.114,
1998-02-16,77.419,
1998-02-17,80.162,
1998-02-18,81.077,
1998-02-19,81.077,
1998-02-20,84.734,
1998-02-21,85.039,
1998-02-22,89.002,
1998-02-23,90.221,
1998-02-24,96.926,
1998-02-25,97.231,
1998-02-26,96.926,
1998-02-27,96.622,
1998-02-28,96.317,
1998-03-01,95.707,
1998-03-02,95.098,
1998-03-03,94.793,
1998-03-04,94.488,
1998-03-05,93.878,
1998-03-06,96.317,
1998-03-07,96.926,
1998-03-08,96.926,
1998-03-09,96.622,
1998-03-10,96.012,
1998-03-11,95.098,
1998-03-12,94.183,
1998-03-13,93.574,
1998-03-14,93.574,
1998-03-15,93.269,
1998-03-16,91.135,
1998-03-17,88.392,
1998-03-18,86.36,
1998-03-19,85.09,
1998-03-20,85.09,
1998-03-21,85.09,
1998-03-22,85.039,
1998-03-23,82.601,
1998-03-24,81.077,
1998-03-25,83.21,
1998-03-26,86.258,
1998-03-27,85.954,
1998-03-28,88.392,
1998-03-29,89.916,
1998-03-30,89.916,
1998-03-31,89.916,
1998-04-01,91.135,
1998-04-02,92.354,
1998-04-03,92.354,
1998-04-04,93.574,
1998-04-05,94.183,
1998-04-06,94.488,
1998-04-07,95.707,
1998-04-08,96.012,
1998-04-09,96.012,
1998-04-10,95.402,
1998-04-11,94.793,
1998-04-12,96.926,
1998-04-13,97.536,
1998-04-14,98.45,
1998-04-15,99.365,
1998-04-16,99.365,
1998-04-17,99.365,
1998-04-18,98.806,
1998-04-19,97.536,
1998-04-20,97.231,
1998-04-21,96.926,
1998-04-22,96.012,
1998-04-23,94.793,
1998-04-24,93.878,
1998-04-25,92.354,
1998-04-26,90.221,
1998-04-27,88.697,
1998-04-28,87.782,
1998-04-29,88.087,
1998-04-30,89.916,
1998-05-01,93.574,
1998-05-02,97.536,
1998-05-03,95.707,
1998-05-04,92.659,
1998-05-05,90.221,
1998-05-06,90.221,
1998-05-07,86.258,
1998-05-08,83.515,
1998-05-09,81.382,
1998-05-10,79.858,
1998-05-11,78.029,
1998-05-12,75.895,
1998-05-13,75.59,
1998-05-14,74.371,
1998-05-15,74.066,
1998-05-16,73.762,
1998-05-17,73.762,
1998-05-18,72.847,
1998-05-19,71.933,
1998-05-20,69.494,
1998-05-21,66.751,
1998-05-22,64.008,
1998-05-23,61.57,
1998-05-24,60.655,
1998-05-25,59.741,
1998-05-26,56.998,
1998-05-27,54.864,
1998-05-28,53.34,
1998-05-29,51.816,
1998-05-30,51.511,
1998-05-31,49.073,
1998-06-01,46.939,
1998-06-02,44.806,
1998-06-03,42.672,
1998-06-04,42.367,
1998-06-05,40.234,
1998-06-06,38.71,
1998-06-07,37.186,
1998-06-08,35.966,
1998-06-09,34.138,
1998-06-10,32.918,
1998-06-11,31.699,
1998-06-12,30.785,
1998-06-13,30.48,
1998-06-14,28.042,
1998-06-15,24.994,
1998-06-16,20.726,
1998-06-17,15.545,
1998-06-18,9.449,
1998-06-19,5.182,
1998-06-20,1.219,
1998-06-21,0.0,
1998-06-22,0.0,
1998-06-23,0.0,
1998-06-24,0.0,
1998-06-25,0.0,
1998-06-26,0.0,
1998-06-27,0.0,
1998-06-28,0.0,
1998-06-29,0.0,
1998-06-30,0.0,
1998-07-01,0.0,
1998-07-02,0.0,
1998-07-03,0.0,
1998-07-04,0.0,
1998-07-05,0.0,
1998-07-06,0.0,
1998-07-07,0.0,
1998-07-08,0.0,
1998-07-09,0.0,
1998-07-10,0.0,
1998-07-11,0.0,
1998-07-12,0.0,
1998-07-13,0.0,
1998-07-14,0.0,
1998-07-15,0.0,
1998-07-16,0.0,
1998-07-17,0.0,
1998-07-18,0.0,
1998-07-19,0.0,
1998-07-20,0.0,
1998-07-21,0.0,
1998-07-22,0.0,
1998-07-23,0.0,
1998-07-24,0.0,
1998-07-25,0.0,
1998-07-26,0.0,
1998-07-27,0.0,
1998-07-28,0.0,
1998-07-29,0.0,
1998-07-30,0.0,
1998-07-31,0.0,
1998-08-01,0.0,
1998-08-02,0.0,
1998-08-03,0.0,
1998-08-04,0.0,
1998-08-05,0.0,
1998-08-06,0.0,
1998-08-07,0.0,
1998-08-08,0.0,
1998-08-09,0.0,
1998-08-10,0.0,
1998-08-11,0.0,
1998-08-12,0.0,
1998-08-13,0.0,
1998-08-14,0.0,
1998-08-15,0.0,
1998-08-16,0.0,
1998-08-17,0.0,
1998-08-18,0.0,
1998-08-19,0.0,
1998-08-20,0.0,
1998-08-21,0.0,
1998-08-22,0.0,
1998-08-23,0.0,
1998-08-24,0.0,
1998-08-25,0.0,
1998-08-26,0.0,
1998-08-27,0.0,
1998-08-28,0.0,
1998-08-29,0.0,
1998-08-30,0.0,
1998-08-31,0.0,
1998-09-01,0.0,
1998-09-02,0.0,
1998-09-03,0.0,
1998-09-04,0.0,
1998-09-05,0.0,
1998-09-06,0.0,
1998-09-07,0.0,
1998-09-08,0.0,
1998-09-09,0.0,
1998-09-10,0.0,
1998-09-11,0.0,
1998-09-12,0.0,
1998-09-13,0.0,
1998-09-14,0.0,
1998-09-15,0.0,
1998-09-16,0.0,
1998-09-17,0.0,
1998-09-18,0.0,
1998-09-19,0.0,
1998-09-20,0.0,
1998-09-21,0.0,
1998-09-22,0.0,
1998-09-23,0.0,
1998-09-24,0.0,
1998-09-25,0.0,
1998-09-26,0.0,
1998-09-27,0.0,
1998-09-28,0.0,
1998-09-29,0.0,
1998-09-30,0.0,
1998-10-01,0.0,
1998-10-02,0.0,
1998-10-03,0.0,
1998-10-04,0.0,
1998-10-05,0.0,
1998-10-06,0.0,
1998-10-07,0.0,
1998-10-08,0.0,
1998-10-09,0.0,
1998-10-10,0.0,
1998-10-11,0.0,
1998-10-12,0.0,
1998-10-13,0.0,
1998-10-14,0.0,
1998-10-15,0.0,
1998-10-16,0.0,
1998-10-17,0.0,
1998-10-18,0.0,
1998-10-19,0.0,
1998-10-20,0.0,
1998-10-21,0.0,
1998-10-22,0.0,
1998-10-23,0.0,
1998-10-24,0.0,
1998-10-25,0.914,
1998-10-26,0.61,
1998-10-27,0.61,
1998-10-28,0.61,
1998-10-29,0.305,
1998-10-30,0.61,
1998-10-31,0.305,
1998-11-01,0.305,
1998-11-02,0.305,
1998-11-03,0.305,
1998-11-04,0.305,
1998-11-05,0.305,
1998-11-06,0.305,
1998-11-07,0.61,
1998-11-08,1.829,
1998-11-09,2.743,
1998-11-10,3.048,
1998-11-11,5.486,
1998-11-12,5.588,
1998-11-13,5.182,
1998-11-14,5.182,
1998-11-15,4.877,
1998-11-16,4.572,
1998-11-17,4.267,
1998-11-18,5.08,
1998-11-19,5.486,
1998-11-20,6.096,
1998-11-21,6.401,
1998-11-22,5.486,
1998-11-23,5.486,
1998-11-24,5.486,
1998-11-25,5.486,
1998-11-26,6.096,
1998-11-27,5.791,
1998-11-28,6.096,
1998-11-29,6.706,
1998-11-30,7.01,
1998-12-01,7.62,
1998-12-02,7.62,
1998-12-03,7.62,
1998-12-04,7.925,
1998-12-05,8.534,
1998-12-06,8.636,
1998-12-07,8.534,
1998-12-08,8.534,
1998-12-09,8.23,
1998-12-10,8.839,
1998-12-11,9.449,
1998-12-12,9.449,
1998-12-13,9.754,
1998-12-14,9.144,
1998-12-15,10.058,
1998-12-16,10.668,
1998-12-17,10.668,
1998-12-18,10.668,
1998-12-19,11.582,
1998-12-20,11.887,
1998-12-21,13.106,
1998-12-22,13.411,
1998-12-23,14.326,
1998-12-24,15.24,
1998-12-25,15.85,
1998-12-26,15.85,
1998-12-27,15.85,
1998-12-28,16.154,
1998-12-29,16.459,
1998-12-30,16.764,
1998-12-31,16.764,
1999-01-01,20.32,
1999-01-02,20.32,
1999-01-03,20.32,
1999-01-04,20.32,
1999-01-05,20.32,
1999-01-06,20.32,
1999-01-07,20.32,
1999-01-08,20.32,
1999-01-09,20.32,
1999-01-10,20.32,
1999-01-11,20.32,
1999-01-12,20.32,
1999-01-13,20.32,
1999-01-14,20.32,
1999-01-15,20.32,
1999-01-16,19.202,
1999-01-17,18.593,
1999-01-18,17.678,
1999-01-19,17.069,
1999-01-20,19.812,
1999-01-21,22.86,
1999-01-22,22.86,
1999-01-23,22.25,
1999-01-24,24.689,
1999-01-25,27.127,
1999-01-26,29.972,
1999-01-27,29.972,
1999-01-28,29.972,
1999-01-29,29.972,
1999-01-30,29.972,
1999-01-31,29.464,
1999-02-01,29.464,
1999-02-02,28.651,
1999-02-03,27.737,
1999-02-04,26.822,
1999-02-05,25.603,
1999-02-06,24.384,
1999-02-07,24.079,
1999-02-08,24.079,
1999-02-09,23.774,
1999-02-10,28.346,
1999-02-11,28.651,
1999-02-12,28.346,
1999-02-13,28.042,
1999-02-14,27.737,
1999-02-15,27.127,
1999-02-16,26.822,
1999-02-17,26.822,
1999-02-18,26.822,
1999-02-19,26.822,
1999-02-20,27.432,
1999-02-21,27.432,
1999-02-22,28.346,
1999-02-23,,
1999-02-24,28.346,
1999-02-25,28.346,
1999-02-26,28.956,
1999-02-27,29.566,
1999-02-28,29.87,
1999-03-01,29.566,
1999-03-02,30.175,
1999-03-03,30.175,
1999-03-04,29.566,
1999-03-05,30.785,
1999-03-06,30.48,
1999-03-07,30.48,
1999-03-08,30.48,
1999-03-09,28.346,
1999-03-10,29.261,
1999-03-11,29.261,
1999-03-12,29.261,
1999-03-13,29.566,
1999-03-14,29.566,
1999-03-15,28.956,
1999-03-16,28.651,
1999-03-17,29.261,
1999-03-18,28.956,
1999-03-19,29.566,
1999-03-20,29.566,
1999-03-21,29.566,
1999-03-22,31.394,
1999-03-23,30.785,
1999-03-24,32.309,
1999-03-25,31.699,
1999-03-26,32.004,
1999-03-27,33.223,
1999-03-28,33.223,
1999-03-29,33.223,
1999-03-30,32.004,
1999-03-31,31.09,
1999-04-01,32.004,
1999-04-02,32.004,
1999-04-03,31.699,
1999-04-04,32.004,
1999-04-05,32.004,
1999-04-06,32.004,
1999-04-07,32.918,
1999-04-08,32.918,
1999-04-09,35.052,
1999-04-10,35.052,
1999-04-11,35.052,
1999-04-12,35.052,
1999-04-13,35.357,
1999-04-14,34.442,
1999-04-15,34.138,
1999-04-16,34.138,
1999-04-17,34.138,
1999-04-18,33.833,
1999-04-19,32.614,
1999-04-20,30.48,
1999-04-21,28.956,
1999-04-22,27.127,
1999-04-23,26.213,
1999-04-24,25.603,
1999-04-25,24.994,
1999-04-26,23.774,
1999-04-27,21.336,
1999-04-28,21.031,
1999-04-29,19.202,
1999-04-30,17.678,
1999-05-01,17.374,
1999-05-02,15.85,
1999-05-03,15.24,
1999-05-04,13.97,
1999-05-05,12.7,
1999-05-06,9.754,
1999-05-07,7.315,
1999-05-08,2.743,
1999-05-09,0.0,
1999-05-10,0.0,
1999-05-11,0.0,
1999-05-12,0.0,
1999-05-13,0.0,
1999-05-14,0.0,
1999-05-15,0.0,
1999-05-16,0.0,
1999-05-17,0.0,
1999-05-18,0.0,
1999-05-19,0.0,
1999-05-20,0.0,
1999-05-21,0.0,
1999-05-22,0.0,
1999-05-23,0.0,
1999-05-24,0.0,
1999-05-25,0.0,
1999-05-26,0.0,
1999-05-27,0.0,
1999-05-28,0.0,
1999-05-29,0.0,
1999-05-30,0.0,
1999-05-31,0.0,
1999-06-01,0.0,
1999-06-02,0.0,
1999-06-03,0.0,
1999-06-04,0.0,
1999-06-05,0.0,
1999-06-06,0.0,
1999-06-07,0.0,
1999-06-08,0.0,
1999-06-09,0.0,
1999-06-10,0.0,
1999-06-11,0.0,
1999-06-12,0.0,
1999-06-13,0.0,
1999-06-14,0.0,
1999-06-15,0.0,
1999-06-16,0.0,
1999-06-17,0.0,
1999-06-18,0.0,
1999-06-19,0.0,
1999-06-20,0.0,
1999-06-21,0.0,
1999-06-22,0.0,
1999-06-23,0.0,
1999-06-24,0.0,
1999-06-25,0.0,
1999-06-26,0.0,
1999-06-27,0.0,
1999-06-28,0.0,
1999-06-29,0.0,
1999-06-30,0.0,
1999-07-01,0.0,
1999-07-02,0.0,
1999-07-03,0.0,
1999-07-04,0.0,
1999-07-05,0.0,
1999-07-06,0.0,
1999-07-07,0.0,
1999-07-08,0.0,
1999-07-09,0.0,
1999-07-10,0.0,
1999-07-11,0.0,
1999-07-12,0.0,
1999-07-13,0.0,
1999-07-14,0.0,
1999-07-15,0.0,
1999-07-16,0.0,
1999-07-17,0.0,
1999-07-18,0.0,
1999-07-19,0.0,
1999-07-20,0.0,
1999-07-21,0.0,
1999-07-22,0.0,
1999-07-23,0.0,
1999-07-24,0.0,
1999-07-25,0.0,
1999-07-26,0.0,
1999-07-27,0.0,
1999-07-28,0.0,
1999-07-29,0.0,
1999-07-30,0.0,
1999-07-31,0.0,
1999-08-01,0.0,
1999-08-02,0.0,
1999-08-03,0.0,
1999-08-04,0.0,
1999-08-05,0.0,
1999-08-06,0.0,
1999-08-07,0.0,
1999-08-08,0.0,
1999-08-09,0.0,
1999-08-10,0.0,
1999-08-11,0.0,
1999-08-12,0.0,
1999-08-13,0.0,
1999-08-14,0.0,
1999-08-15,0.0,
1999-08-16,0.0,
1999-08-17,0.0,
1999-08-18,0.0,
1999-08-19,0.0,
1999-08-20,0.0,
1999-08-21,0.0,
1999-08-22,0.0,
1999-08-23,0.0,
1999-08-24,0.0,
1999-08-25,0.0,
1999-08-26,0.0,
1999-08-27,0.0,
1999-08-28,0.0,
1999-08-29,0.0,
1999-08-30,0.0,
1999-08-31,0.0,
1999-09-01,0.0,
1999-09-02,0.0,
1999-09-03,0.0,
1999-09-04,0.0,
1999-09-05,0.0,
1999-09-06,0.0,
1999-09-07,0.0,
1999-09-08,0.0,
1999-09-09,0.0,
1999-09-10,0.0,
1999-09-11,0.0,
1999-09-12,0.0,
1999-09-13,0.0,
1999-09-14,0.0,
1999-09-15,0.0,
1999-09-16,0.0,
1999-09-17,0.0,
1999-09-18,0.0,
1999-09-19,0.0,
1999-09-20,0.0,
1999-09-21,0.0,
1999-09-22,0.0,
1999-09-23,0.0,
1999-09-24,0.0,
1999-09-25,0.0,
1999-09-26,0.0,
1999-09-27,0.0,
1999-09-28,0.0,
1999-09-29,0.0,
1999-09-30,0.0,
1999-10-01,0.0,
1999-10-02,0.0,
1999-10-03,0.0,
1999-10-04,0.0,
1999-10-05,0.0,
1999-10-06,0.0,
1999-10-07,0.0,
1999-10-08,0.0,
1999-10-09,0.0,
1999-10-10,0.0,
1999-10-11,0.0,
1999-10-12,0.0,
1999-10-13,0.0,
1999-10-14,0.0,
1999-10-15,0.0,
1999-10-16,0.0,
1999-10-17,0.0,
1999-10-18,0.0,
1999-10-19,0.0,
1999-10-20,0.0,
1999-10-21,0.0,
1999-10-22,0.0,
1999-10-23,0.0,
1999-10-24,0.0,
1999-10-25,0.0,
1999-10-26,0.0,
1999-10-27,0.0,
1999-10-28,0.0,
1999-10-29,0.0,
1999-10-30,0.0,
1999-10-31,0.0,
1999-11-01,0.0,
1999-11-02,0.0,
1999-11-03,0.0,
1999-11-04,0.0,
1999-11-05,0.0,
1999-11-06,0.0,
1999-11-07,0.0,
1999-11-08,0.0,
1999-11-09,2.438,
1999-11-10,2.438,
1999-11-11,2.743,
1999-11-12,2.743,
1999-11-13,2.743,
1999-11-14,2.743,
1999-11-15,2.743,
1999-11-16,2.743,
1999-11-17,2.743,
1999-11-18,2.743,
1999-11-19,1.829,
1999-11-20,0.914,
1999-11-21,0.914,
1999-11-22,0.914,
1999-11-23,1.524,
1999-11-24,1.829,
1999-11-25,1.829,
1999-11-26,1.829,
1999-11-27,1.829,
1999-11-28,1.524,
1999-11-29,1.219,
1999-11-30,1.219,
1999-12-01,0.914,
1999-12-02,0.914,
1999-12-03,2.743,
1999-12-04,2.743,
1999-12-05,2.743,
1999-12-06,3.048,
1999-12-07,4.572,
1999-12-08,6.706,
1999-12-09,6.706,
1999-12-10,6.706,
1999-12-11,10.973,
1999-12-12,10.973,
1999-12-13,10.973,
1999-12-14,10.973,
1999-12-15,10.973,
1999-12-16,10.973,
1999-12-17,10.973,
1999-12-18,11.278,
1999-12-19,11.887,
1999-12-20,11.887,
1999-12-21,11.887,
1999-12-22,12.192,
1999-12-23,12.497,
1999-12-24,12.497,
1999-12-25,12.802,
1999-12-26,13.106,
1999-12-27,13.411,
1999-12-28,13.716,
1999-12-29,14.021,
1999-12-30,14.021,
1999-12-31,14.326,
2000-01-01,14.326,
2000-01-02,14.63,
2000-01-03,14.63,
2000-01-04,14.935,
2000-01-05,14.935,
2000-01-06,14.935,
2000-01-07,14.935,
2000-01-08,15.545,
2000-01-09,15.85,
2000-01-10,15.85,
2000-01-11,15.85,
2000-01-12,15.85,
2000-01-13,15.85,
2000-01-14,15.85,
2000-01-15,16.764,
2000-01-16,17.374,
2000-01-17,20.726,
2000-01-18,20.726,
2000-01-19,20.726,
2000-01-20,20.726,
2000-01-21,20.422,
2000-01-22,21.641,
2000-01-23,19.507,
2000-01-24,22.86,
2000-01-25,32.309,
2000-01-26,33.223,
2000-01-27,33.223,
2000-01-28,33.223,
2000-01-29,32.918,
2000-01-30,32.614,
2000-01-31,35.357,
2000-02-01,35.357,
2000-02-02,35.357,
2000-02-03,35.052,
2000-02-04,34.747,
2000-02-05,34.442,
2000-02-06,34.442,
2000-02-07,34.138,
2000-02-08,33.833,
2000-02-09,33.528,
2000-02-10,34.138,
2000-02-11,37.49,
2000-02-12,41.148,
2000-02-13,42.367,
2000-02-14,47.549,
2000-02-15,49.682,
2000-02-16,50.292,
2000-02-17,53.34,
2000-02-18,53.95,
2000-02-19,53.95,
2000-02-20,53.95,
2000-02-21,55.778,
2000-02-22,56.388,
2000-02-23,57.302,
2000-02-24,61.265,
2000-02-25,61.874,
2000-02-26,61.874,
2000-02-27,61.874,
2000-02-28,67.666,
2000-02-29,67.97,
2000-03-01,70.104,
2000-03-02,70.409,
2000-03-03,71.018,
2000-03-04,71.018,
2000-03-05,71.018,
2000-03-06,74.066,
2000-03-07,74.371,
2000-03-08,75.286,
2000-03-09,78.943,
2000-03-10,79.553,
2000-03-11,79.553,
2000-03-12,79.248,
2000-03-13,78.943,
2000-03-14,78.334,
2000-03-15,77.724,
2000-03-16,77.419,
2000-03-17,76.81,
2000-03-18,76.505,
2000-03-19,75.895,
2000-03-20,75.59,
2000-03-21,75.286,
2000-03-22,75.286,
2000-03-23,74.981,
2000-03-24,74.371,
2000-03-25,73.457,
2000-03-26,72.847,
2000-03-27,71.933,
2000-03-28,70.714,
2000-03-29,70.104,
2000-03-30,69.19,
2000-03-31,68.275,
2000-04-01,67.361,
2000-04-02,66.446,
2000-04-03,64.922,
2000-04-04,63.398,
2000-04-05,61.722,
2000-04-06,59.944,
2000-04-07,58.42,
2000-04-08,56.896,
2000-04-09,55.626,
2000-04-10,54.356,
2000-04-11,53.34,
2000-04-12,52.121,
2000-04-13,49.378,
2000-04-14,49.073,
2000-04-15,49.073,
2000-04-16,48.768,
2000-04-17,48.768,
2000-04-18,52.121,
2000-04-19,52.426,
2000-04-20,52.121,
2000-04-21,51.206,
2000-04-22,49.987,
2000-04-23,48.463,
2000-04-24,45.72,
2000-04-25,42.977,
2000-04-26,40.843,
2000-04-27,38.405,
2000-04-28,35.357,
2000-04-29,33.833,
2000-04-30,32.309,
2000-05-01,28.956,
2000-05-02,25.908,
2000-05-03,22.555,
2000-05-04,19.202,
2000-05-05,15.545,
2000-05-06,12.497,
2000-05-07,8.839,
2000-05-08,4.572,
2000-05-09,0.61,
2000-05-10,0.0,
2000-05-11,0.0,
2000-05-12,0.0,
2000-05-13,0.0,
2000-05-14,0.0,
2000-05-15,0.0,
2000-05-16,1.524,
2000-05-17,1.829,
2000-05-18,0.0,
2000-05-19,0.0,
2000-05-20,0.0,
2000-05-21,0.0,
2000-05-22,0.0,
2000-05-23,0.0,
2000-05-24,0.0,
2000-05-25,0.0,
2000-05-26,0.0,
2000-05-27,0.0,
2000-05-28,0.0,
2000-05-29,0.0,
2000-05-30,0.0,
2000-05-31,0.0,
2000-06-01,0.0,
2000-06-02,0.0,
2000-06-03,0.0,
2000-06-04,0.0,
2000-06-05,0.0,
2000-06-06,0.0,
2000-06-07,0.0,
2000-06-08,0.0,
2000-06-09,0.0,
2000-06-10,0.0,
2000-06-11,0.0,
2000-06-12,0.0,
2000-06-13,0.0,
2000-06-14,0.0,
2000-06-15,0.0,
2000-06-16,0.0,
2000-06-17,0.0,
2000-06-18,0.0,
2000-06-19,0.0,
2000-06-20,0.0,
2000-06-21,0.0,
2000-06-22,0.0,
2000-06-23,0.0,
2000-06-24,0.0,
2000-06-25,0.0,
2000-06-26,0.0,
2000-06-27,0.0,
2000-06-28,0.0,
2000-06-29,0.0,
2000-06-30,0.0,
2000-07-01,0.0,
2000-07-02,0.0,
2000-07-03,0.0,
2000-07-04,0.0,
2000-07-05,0.0,
2000-07-06,0.0,
2000-07-07,0.0,
2000-07-08,0.0,
2000-07-09,0.0,
2000-07-10,0.0,
2000-07-11,0.0,
2000-07-12,0.0,
2000-07-13,0.0,
2000-07-14,0.0,
2000-07-15,0.0,
2000-07-16,0.0,
2000-07-17,0.0,
2000-07-18,0.0,
2000-07-19,0.0,
2000-07-20,0.0,
2000-07-21,0.0,
2000-07-22,0.0,
2000-07-23,0.0,
2000-07-24,0.0,
2000-07-25,0.0,
2000-07-26,0.0,
2000-07-27,0.0,
2000-07-28,0.0,
2000-07-29,0.0,
2000-07-30,0.0,
2000-07-31,0.0,
2000-08-01,0.0,
2000-08-02,0.0,
2000-08-03,0.0,
2000-08-04,0.0,
2000-08-05,0.0,
2000-08-06,0.0,
2000-08-07,0.0,
2000-08-08,0.0,
2000-08-09,0.0,
2000-08-10,0.0,
2000-08-11,0.0,
2000-08-12,0.0,
2000-08-13,0.0,
2000-08-14,0.0,
2000-08-15,0.0,
2000-08-16,0.0,
2000-08-17,0.0,
2000-08-18,0.0,
2000-08-19,0.0,
2000-08-20,0.0,
2000-08-21,0.0,
2000-08-22,0.0,
2000-08-23,0.0,
2000-08-24,0.0,
2000-08-25,0.0,
2000-08-26,0.0,
2000-08-27,0.0,
2000-08-28,0.0,
2000-08-29,0.0,
2000-08-30,0.0,
2000-08-31,0.0,
2000-09-01,0.0,
2000-09-02,0.0,
2000-09-03,0.0,
2000-09-04,0.0,
2000-09-05,0.0,
2000-09-06,0.0,
2000-09-07,0.0,
2000-09-08,0.0,
2000-09-09,0.0,
2000-09-10,0.0,
2000-09-11,0.0,
2000-09-12,0.0,
2000-09-13,0.0,
2000-09-14,0.0,
2000-09-15,0.0,
2000-09-16,0.0,
2000-09-17,0.0,
2000-09-18,0.0,
2000-09-19,0.0,
2000-09-20,0.0,
2000-09-21,0.0,
2000-09-22,0.0,
2000-09-23,0.0,
2000-09-24,0.0,
2000-09-25,0.0,
2000-09-26,0.0,
2000-09-27,0.0,
2000-09-28,0.0,
2000-09-29,0.0,
2000-09-30,0.0,
2000-10-01,0.0,
2000-10-02,0.0,
2000-10-03,0.0,
2000-10-04,0.0,
2000-10-05,0.0,
2000-10-06,0.0,
2000-10-07,0.0,
2000-10-08,0.0,
2000-10-09,0.0,
2000-10-10,0.305,
2000-10-11,2.134,
2000-10-12,3.962,
2000-10-13,3.353,
2000-10-14,2.743,
2000-10-15,2.438,
2000-10-16,2.134,
2000-10-17,2.134,
2000-10-18,2.134,
2000-10-19,1.829,
2000-10-20,1.829,
2000-10-21,1.829,
2000-10-22,1.829,
2000-10-23,1.829,
2000-10-24,1.829,
2000-10-25,1.829,
2000-10-26,1.829,
2000-10-27,3.658,
2000-10-28,3.658,
2000-10-29,3.658,
2000-10-30,6.096,
2000-10-31,6.096,
2000-11-01,6.096,
2000-11-02,6.401,
2000-11-03,6.401,
2000-11-04,6.706,
2000-11-05,6.706,
2000-11-06,6.706,
2000-11-07,6.706,
2000-11-08,7.315,
2000-11-09,6.096,
2000-11-10,7.925,
2000-11-11,7.925,
2000-11-12,8.534,
2000-11-13,8.839,
2000-11-14,8.839,
2000-11-15,8.839,
2000-11-16,9.754,
2000-11-17,10.363,
2000-11-18,10.973,
2000-11-19,11.887,
2000-11-20,13.716,
2000-11-21,14.935,
2000-11-22,15.85,
2000-11-23,16.764,
2000-11-24,16.154,
2000-11-25,15.24,
2000-11-26,14.63,
2000-11-27,14.326,
2000-11-28,14.326,
2000-11-29,14.326,
2000-11-30,14.326,
2000-12-01,15.24,
2000-12-02,15.24,
2000-12-03,15.24,
2000-12-04,15.24,
2000-12-05,15.24,
2000-12-06,15.24,
2000-12-07,13.716,
2000-12-08,13.716,
2000-12-09,13.716,
2000-12-10,13.716,
2000-12-11,13.716,
2000-12-12,13.716,
2000-12-13,13.716,
2000-12-14,13.716,
2000-12-15,13.716,
2000-12-16,13.716,
2000-12-17,13.716,
2000-12-18,13.716,
2000-12-19,14.224,
2000-12-20,14.732,
2000-12-21,15.24,
2000-12-22,15.748,
2000-12-23,16.256,
2000-12-24,16.764,
2000-12-25,17.272,
2000-12-26,17.78,
2000-12-27,18.288,
2000-12-28,18.796,
2000-12-29,19.304,
2000-12-30,19.812,
2000-12-31,21.336,
2001-01-01,21.336,
2001-01-02,21.082,
2001-01-03,20.828,
2001-01-04,20.32,
2001-01-05,20.32,
2001-01-06,20.32,
2001-01-07,20.32,
2001-01-08,20.32,
2001-01-09,20.32,
2001-01-10,20.32,
2001-01-11,24.079,
2001-01-12,25.908,
2001-01-13,25.908,
2001-01-14,25.908,
2001-01-15,25.908,
2001-01-16,25.908,
2001-01-17,25.908,
2001-01-18,25.908,
2001-01-19,25.908,
2001-01-20,25.908,
2001-01-21,25.908,
2001-01-22,25.908,
2001-01-23,25.908,
2001-01-24,25.908,
2001-01-25,29.261,
2001-01-26,31.699,
2001-01-27,32.309,
2001-01-28,32.309,
2001-01-29,32.309,
2001-01-30,32.309,
2001-01-31,32.309,
2001-02-01,32.004,
2001-02-02,32.004,
2001-02-03,32.004,
2001-02-04,32.004,
2001-02-05,31.699,
2001-02-06,31.699,
2001-02-07,32.309,
2001-02-08,32.309,
2001-02-09,32.309,
2001-02-10,34.138,
2001-02-11,36.881,
2001-02-12,42.672,
2001-02-13,43.282,
2001-02-14,44.196,
2001-02-15,44.501,
2001-02-16,44.501,
2001-02-17,44.501,
2001-02-18,45.11,
2001-02-19,45.72,
2001-02-20,48.463,
2001-02-21,48.768,
2001-02-22,49.378,
2001-02-23,50.597,
2001-02-24,51.206,
2001-02-25,54.559,
2001-02-26,54.864,
2001-02-27,54.864,
2001-02-28,55.169,
2001-03-01,55.474,
2001-03-02,55.778,
2001-03-03,55.778,
2001-03-04,56.388,
2001-03-05,58.826,
2001-03-06,59.741,
2001-03-07,60.046,
2001-03-08,60.046,
2001-03-09,60.046,
2001-03-10,60.046,
2001-03-11,60.046,
2001-03-12,60.046,
2001-03-13,59.741,
2001-03-14,59.131,
2001-03-15,58.826,
2001-03-16,58.522,
2001-03-17,58.217,
2001-03-18,57.607,
2001-03-19,56.693,
2001-03-20,56.693,
2001-03-21,56.693,
2001-03-22,56.388,
2001-03-23,56.388,
2001-03-24,55.626,
2001-03-25,54.864,
2001-03-26,54.254,
2001-03-27,53.645,
2001-03-28,53.035,
2001-03-29,52.121,
2001-03-30,51.308,
2001-03-31,50.597,
2001-04-01,49.073,
2001-04-02,47.244,
2001-04-03,46.025,
2001-04-04,45.415,
2001-04-05,44.806,
2001-04-06,44.196,
2001-04-07,45.415,
2001-04-08,51.206,
2001-04-09,51.511,
2001-04-10,52.426,
2001-04-11,52.73,
2001-04-12,52.73,
2001-04-13,52.73,
2001-04-14,52.73,
2001-04-15,52.73,
2001-04-16,52.73,
2001-04-17,52.73,
2001-04-18,52.426,
2001-04-19,51.816,
2001-04-20,53.34,
2001-04-21,56.388,
2001-04-22,57.302,
2001-04-23,57.607,
2001-04-24,57.607,
2001-04-25,56.998,
2001-04-26,55.474,
2001-04-27,54.356,
2001-04-28,53.035,
2001-04-29,50.902,
2001-04-30,48.768,
2001-05-01,46.33,
2001-05-02,43.891,
2001-05-03,40.843,
2001-05-04,38.405,
2001-05-05,36.881,
2001-05-06,32.918,
2001-05-07,28.956,
2001-05-08,24.689,
2001-05-09,20.117,
2001-05-10,15.24,
2001-05-11,9.754,
2001-05-12,6.096,
2001-05-13,3.962,
2001-05-14,1.829,
2001-05-15,0.0,
2001-05-16,0.0,
2001-05-17,0.0,
2001-05-18,0.0,
2001-05-19,0.0,
2001-05-20,0.0,
2001-05-21,0.0,
2001-05-22,0.0,
2001-05-23,0.0,
2001-05-24,0.0,
2001-05-25,0.0,
2001-05-26,0.0,
2001-05-27,0.0,
2001-05-28,0.0,
2001-05-29,0.0,
2001-05-30,0.0,
2001-05-31,0.0,
2001-06-01,0.0,
2001-06-02,0.0,
2001-06-03,0.0,
2001-06-04,0.0,
2001-06-05,0.0,
2001-06-06,0.0,
2001-06-07,0.0,
2001-06-08,0.0,
2001-06-09,0.0,
2001-06-10,0.0,
2001-06-11,0.0,
2001-06-12,0.0,
2001-06-13,0.0,
2001-06-14,0.0,
2001-06-15,0.0,
2001-06-16,0.0,
2001-06-17,0.0,
2001-06-18,0.0,
2001-06-19,0.0,
2001-06-20,0.0,
2001-06-21,0.0,
2001-06-22,0.0,
2001-06-23,0.0,
2001-06-24,0.0,
2001-06-25,0.0,
2001-06-26,0.0,
2001-06-27,0.0,
2001-06-28,0.0,
2001-06-29,0.0,
2001-06-30,0.0,
2001-07-01,0.0,
2001-07-02,0.0,
2001-07-03,0.0,
2001-07-04,0.0,
2001-07-05,0.0,
2001-07-06,0.0,
2001-07-07,0.0,
2001-07-08,0.0,
2001-07-09,0.0,
2001-07-10,0.0,
2001-07-11,0.0,
2001-07-12,0.0,
2001-07-13,0.0,
2001-07-14,0.0,
2001-07-15,0.0,
2001-07-16,0.0,
2001-07-17,0.0,
2001-07-18,0.0,
2001-07-19,0.0,
2001-07-20,0.0,
2001-07-21,0.0,
2001-07-22,0.0,
2001-07-23,0.0,
2001-07-24,0.0,
2001-07-25,0.0,
2001-07-26,0.0,
2001-07-27,0.0,
2001-07-28,0.0,
2001-07-29,0.0,
2001-07-30,0.0,
2001-07-31,0.0,
2001-08-01,0.0,
2001-08-02,0.0,
2001-08-03,0.0,
2001-08-04,0.0,
2001-08-05,0.0,
2001-08-06,0.0,
2001-08-07,0.0,
2001-08-08,0.0,
2001-08-09,0.0,
2001-08-10,0.0,
2001-08-11,0.0,
2001-08-12,0.0,
2001-08-13,0.0,
2001-08-14,0.0,
2001-08-15,0.0,
2001-08-16,0.0,
2001-08-17,0.0,
2001-08-18,0.0,
2001-08-19,0.0,
2001-08-20,0.0,
2001-08-21,0.0,
2001-08-22,0.0,
2001-08-23,0.0,
2001-08-24,0.0,
2001-08-25,0.0,
2001-08-26,0.0,
2001-08-27,0.0,
2001-08-28,0.0,
2001-08-29,0.0,
2001-08-30,0.0,
2001-08-31,0.0,
2001-09-01,0.0,
2001-09-02,0.0,
2001-09-03,0.0,
2001-09-04,0.0,
2001-09-05,0.0,
2001-09-06,0.0,
2001-09-07,0.0,
2001-09-08,0.0,
2001-09-09,0.0,
2001-09-10,0.0,
2001-09-11,0.0,
2001-09-12,0.0,
2001-09-13,0.0,
2001-09-14,0.0,
2001-09-15,0.0,
2001-09-16,0.0,
2001-09-17,0.0,
2001-09-18,0.0,
2001-09-19,0.0,
2001-09-20,0.0,
2001-09-21,0.0,
2001-09-22,0.0,
2001-09-23,0.0,
2001-09-24,0.0,
2001-09-25,0.0,
2001-09-26,0.0,
2001-09-27,0.0,
2001-09-28,0.0,
2001-09-29,0.0,
2001-09-30,0.0,
2001-10-01,0.0,
2001-10-02,0.0,
2001-10-03,0.0,
2001-10-04,0.0,
2001-10-05,0.0,
2001-10-06,0.0,
2001-10-07,0.0,
2001-10-08,0.0,
2001-10-09,0.0,
2001-10-10,0.0,
2001-10-11,0.0,
2001-10-12,0.0,
2001-10-13,0.0,
2001-10-14,0.0,
2001-10-15,0.0,
2001-10-16,0.0,
2001-10-17,0.0,
2001-10-18,0.0,
2001-10-19,0.0,
2001-10-20,0.0,
2001-10-21,0.0,
2001-10-22,0.0,
2001-10-23,0.0,
2001-10-24,0.0,
2001-10-25,0.0,
2001-10-26,0.0,
2001-10-27,0.0,
2001-10-28,0.0,
2001-10-29,0.0,
2001-10-30,0.61,
2001-10-31,1.219,
2001-11-01,0.914,
2001-11-02,0.914,
2001-11-03,0.0,
2001-11-04,0.0,
2001-11-05,0.0,
2001-11-06,0.0,
2001-11-07,0.0,
2001-11-08,0.0,
2001-11-09,0.0,
2001-11-10,0.0,
2001-11-11,0.0,
2001-11-12,0.914,
2001-11-13,3.353,
2001-11-14,3.353,
2001-11-15,3.048,
2001-11-16,2.743,
2001-11-17,2.743,
2001-11-18,2.743,
2001-11-19,2.743,
2001-11-20,2.134,
2001-11-21,2.134,
2001-11-22,1.829,
2001-11-23,1.829,
2001-11-24,1.524,
2001-11-25,6.096,
2001-11-26,5.791,
2001-11-27,5.791,
2001-11-28,6.096,
2001-11-29,7.925,
2001-11-30,10.363,
2001-12-01,10.363,
2001-12-02,12.497,
2001-12-03,17.983,
2001-12-04,17.983,
2001-12-05,17.983,
2001-12-06,17.983,
2001-12-07,17.983,
2001-12-08,17.983,
2001-12-09,17.983,
2001-12-10,17.983,
2001-12-11,17.983,
2001-12-12,17.983,
2001-12-13,17.983,
2001-12-14,18.288,
2001-12-15,19.812,
2001-12-16,19.812,
2001-12-17,19.812,
2001-12-18,19.812,
2001-12-19,19.507,
2001-12-20,19.202,
2001-12-21,23.165,
2001-12-22,23.165,
2001-12-23,23.165,
2001-12-24,23.165,
2001-12-25,23.165,
2001-12-26,23.165,
2001-12-27,23.165,
2001-12-28,23.165,
2001-12-29,24.079,
2001-12-30,28.346,
2001-12-31,29.261,
2002-01-01,29.87,
2002-01-02,29.87,
2002-01-03,31.699,
2002-01-04,31.699,
2002-01-05,31.699,
2002-01-06,31.699,
2002-01-07,31.699,
2002-01-08,31.699,
2002-01-09,31.699,
2002-01-10,31.699,
2002-01-11,32.004,
2002-01-12,32.309,
2002-01-13,32.309,
2002-01-14,32.309,
2002-01-15,32.614,
2002-01-16,32.614,
2002-01-17,32.614,
2002-01-18,32.614,
2002-01-19,32.918,
2002-01-20,33.223,
2002-01-21,33.528,
2002-01-22,33.833,
2002-01-23,33.833,
2002-01-24,33.833,
2002-01-25,33.833,
2002-01-26,33.833,
2002-01-27,33.833,
2002-01-28,36.881,
2002-01-29,38.1,
2002-01-30,38.1,
2002-01-31,38.1,
2002-02-01,38.1,
2002-02-02,38.1,
2002-02-03,38.1,
2002-02-04,38.1,
2002-02-05,38.1,
2002-02-06,38.1,
2002-02-07,38.1,
2002-02-08,38.405,
2002-02-09,38.405,
2002-02-10,37.795,
2002-02-11,37.49,
2002-02-12,37.186,
2002-02-13,36.576,
2002-02-14,36.576,
2002-02-15,36.271,
2002-02-16,36.271,
2002-02-17,37.795,
2002-02-18,42.062,
2002-02-19,43.282,
2002-02-20,43.282,
2002-02-21,43.282,
2002-02-22,42.977,
2002-02-23,42.367,
2002-02-24,42.367,
2002-02-25,42.367,
2002-02-26,42.367,
2002-02-27,42.367,
2002-02-28,42.367,
2002-03-01,43.891,
2002-03-02,44.501,
2002-03-03,44.501,
2002-03-04,44.501,
2002-03-05,44.501,
2002-03-06,44.501,
2002-03-07,49.378,
2002-03-08,51.511,
2002-03-09,51.511,
2002-03-10,51.816,
2002-03-11,51.816,
2002-03-12,51.511,
2002-03-13,51.511,
2002-03-14,52.73,
2002-03-15,52.73,
2002-03-16,53.035,
2002-03-17,53.34,
2002-03-18,53.34,
2002-03-19,53.34,
2002-03-20,53.34,
2002-03-21,53.34,
2002-03-22,53.34,
2002-03-23,54.559,
2002-03-24,56.998,
2002-03-25,58.217,
2002-03-26,58.217,
2002-03-27,57.607,
2002-03-28,57.302,
2002-03-29,56.998,
2002-03-30,57.607,
2002-03-31,56.388,
2002-04-01,55.169,
2002-04-02,53.645,
2002-04-03,52.121,
2002-04-04,50.292,
2002-04-05,47.244,
2002-04-06,45.72,
2002-04-07,44.501,
2002-04-08,42.672,
2002-04-09,40.538,
2002-04-10,38.1,
2002-04-11,35.662,
2002-04-12,33.223,
2002-04-13,30.175,
2002-04-14,25.298,
2002-04-15,22.86,
2002-04-16,21.336,
2002-04-17,19.812,
2002-04-18,19.812,
2002-04-19,19.812,
2002-04-20,19.812,
2002-04-21,19.507,
2002-04-22,18.288,
2002-04-23,16.154,
2002-04-24,13.411,
2002-04-25,11.582,
2002-04-26,9.144,
2002-04-27,8.839,
2002-04-28,7.01,
2002-04-29,5.08,
2002-04-30,3.353,
2002-05-01,2.032,
2002-05-02,0.0,
2002-05-03,0.0,
2002-05-04,0.0,
2002-05-05,0.0,
2002-05-06,0.0,
2002-05-07,0.0,
2002-05-08,0.0,
2002-05-09,0.0,
2002-05-10,0.0,
2002-05-11,0.0,
2002-05-12,0.0,
2002-05-13,0.0,
2002-05-14,0.0,
2002-05-15,0.0,
2002-05-16,0.0,
2002-05-17,0.0,
2002-05-18,0.0,
2002-05-19,0.0,
2002-05-20,0.0,
2002-05-21,2.743,
2002-05-22,2.134,
2002-05-23,0.0,
2002-05-24,0.0,
2002-05-25,0.0,
2002-05-26,0.0,
2002-05-27,0.0,
2002-05-28,0.0,
2002-05-29,0.0,
2002-05-30,0.0,
2002-05-31,0.0,
2002-06-01,0.0,
2002-06-02,0.0,
2002-06-03,0.0,
2002-06-04,0.0,
2002-06-05,0.0,
2002-06-06,0.0,
2002-06-07,0.0,
2002-06-08,0.0,
2002-06-09,0.0,
2002-06-10,0.0,
2002-06-11,0.0,
2002-06-12,0.0,
2002-06-13,0.0,
2002-06-14,0.0,
2002-06-15,0.0,
2002-06-16,0.0,
2002-06-17,0.0,
2002-06-18,0.0,
2002-06-19,0.0,
2002-06-20,0.0,
2002-06-21,0.0,
2002-06-22,0.0,
2002-06-23,0.0,
2002-06-24,0.0,
2002-06-25,0.0,
2002-06-26,0.0,
2002-06-27,0.0,
2002-06-28,0.0,
2002-06-29,0.0,
2002-06-30,0.0,
2002-07-01,0.0,
2002-07-02,0.0,
2002-07-03,0.0,
2002-07-04,0.0,
2002-07-05,0.0,
2002-07-06,0.0,
2002-07-07,0.0,
2002-07-08,0.0,
2002-07-09,0.0,
2002-07-10,0.0,
2002-07-11,0.0,
2002-07-12,0.0,
2002-07-13,0.0,
2002-07-14,0.0,
2002-07-15,0.0,
2002-07-16,0.0,
2002-07-17,0.0,
2002-07-18,0.0,
2002-07-19,0.0,
2002-07-20,0.0,
2002-07-21,0.0,
2002-07-22,0.0,
2002-07-23,0.0,
2002-07-24,0.0,
2002-07-25,0.0,
2002-07-26,0.0,
2002-07-27,0.0,
2002-07-28,0.0,
2002-07-29,0.0,
2002-07-30,0.0,
2002-07-31,0.0,
2002-08-01,0.0,
2002-08-02,0.0,
2002-08-03,0.0,
2002-08-04,0.0,
2002-08-05,0.0,
2002-08-06,0.0,
2002-08-07,0.0,
2002-08-08,0.0,
2002-08-09,0.0,
2002-08-10,0.0,
2002-08-11,0.0,
2002-08-12,0.0,
2002-08-13,0.0,
2002-08-14,0.0,
2002-08-15,0.0,
2002-08-16,0.0,
2002-08-17,0.0,
2002-08-18,0.0,
2002-08-19,0.0,
2002-08-20,0.0,
2002-08-21,0.0,
2002-08-22,0.0,
2002-08-23,0.0,
2002-08-24,0.0,
2002-08-25,0.0,
2002-08-26,0.0,
2002-08-27,0.0,
2002-08-28,0.0,
2002-08-29,0.0,
2002-08-30,0.0,
2002-08-31,0.0,
2002-09-01,0.0,
2002-09-02,0.0,
2002-09-03,0.0,
2002-09-04,0.0,
2002-09-05,0.0,
2002-09-06,0.0,
2002-09-07,0.0,
2002-09-08,0.0,
2002-09-09,0.0,
2002-09-10,0.0,
2002-09-11,0.0,
2002-09-12,0.0,
2002-09-13,0.0,
2002-09-14,0.0,
2002-09-15,0.0,
2002-09-16,0.0,
2002-09-17,0.0,
2002-09-18,0.0,
2002-09-19,0.0,
2002-09-20,0.0,
2002-09-21,0.0,
2002-09-22,0.0,
2002-09-23,0.0,
2002-09-24,0.0,
2002-09-25,0.0,
2002-09-26,0.0,
2002-09-27,0.0,
2002-09-28,0.0,
2002-09-29,0.0,
2002-09-30,0.0,
2002-10-01,0.0,
2002-10-02,0.0,
2002-10-03,0.0,
2002-10-04,0.0,
2002-10-05,0.0,
2002-10-06,0.0,
2002-10-07,0.0,
2002-10-08,0.0,
2002-10-09,0.0,
2002-10-10,0.0,
2002-10-11,0.0,
2002-10-12,0.0,
2002-10-13,0.0,
2002-10-14,0.0,
2002-10-15,0.0,
2002-10-16,0.0,
2002-10-17,0.0,
2002-10-18,0.0,
2002-10-19,0.0,
2002-10-20,0.0,
2002-10-21,0.0,
2002-10-22,0.0,
2002-10-23,0.0,
2002-10-24,0.0,
2002-10-25,0.0,
2002-10-26,0.0,
2002-10-27,0.0,
2002-10-28,0.0,
2002-10-29,0.0,
2002-10-30,0.0,
2002-10-31,0.0,
2002-11-01,0.0,
2002-11-02,0.0,
2002-11-03,0.0,
2002-11-04,0.0,
2002-11-05,0.0,
2002-11-06,0.0,
2002-11-07,0.0,
2002-11-08,3.353,
2002-11-09,2.438,
2002-11-10,0.0,
2002-11-11,0.0,
2002-11-12,0.0,
2002-11-13,0.0,
2002-11-14,0.0,
2002-11-15,0.0,
2002-11-16,0.0,
2002-11-17,0.0,
2002-11-18,0.0,
2002-11-19,0.0,
2002-11-20,0.0,
2002-11-21,0.0,
2002-11-22,0.0,
2002-11-23,0.0,
2002-11-24,0.0,
2002-11-25,0.0,
2002-11-26,0.0,
2002-11-27,0.0,
2002-11-28,0.0,
2002-11-29,0.0,
2002-11-30,0.0,
2002-12-01,0.0,
2002-12-02,0.0,
2002-12-03,0.0,
2002-12-04,0.0,
2002-12-05,0.0,
2002-12-06,0.0,
2002-12-07,0.0,
2002-12-08,0.0,
2002-12-09,0.0,
2002-12-10,0.0,
2002-12-11,0.0,
2002-12-12,0.0,
2002-12-13,0.0,
2002-12-14,6.706,
2002-12-15,10.058,
2002-12-16,10.058,
2002-12-17,15.545,
2002-12-18,16.764,
2002-12-19,16.764,
2002-12-20,17.78,
2002-12-21,17.78,
2002-12-22,17.78,
2002-12-23,17.78,
2002-12-24,17.78,
2002-12-25,17.78,
2002-12-26,17.678,
2002-12-27,17.374,
2002-12-28,17.78,
2002-12-29,20.117,
2002-12-30,20.117,
2002-12-31,21.641,
2003-01-01,21.641,
2003-01-02,21.641,
2003-01-03,21.641,
2003-01-04,21.641,
2003-01-05,21.641,
2003-01-06,21.641,
2003-01-07,21.641,
2003-01-08,21.641,
2003-01-09,21.641,
2003-01-10,21.641,
2003-01-11,22.25,
2003-01-12,22.25,
2003-01-13,22.555,
2003-01-14,22.555,
2003-01-15,22.555,
2003-01-16,22.555,
2003-01-17,22.555,
2003-01-18,22.555,
2003-01-19,22.555,
2003-01-20,22.555,
2003-01-21,22.555,
2003-01-22,22.555,
2003-01-23,22.555,
2003-01-24,22.555,
2003-01-25,22.555,
2003-01-26,22.555,
2003-01-27,22.555,
2003-01-28,22.555,
2003-01-29,22.555,
2003-01-30,22.25,
2003-01-31,22.25,
2003-02-01,22.25,
2003-02-02,22.25,
2003-02-03,22.25,
2003-02-04,22.25,
2003-02-05,22.25,
2003-02-06,22.25,
2003-02-07,22.25,
2003-02-08,22.25,
2003-02-09,22.25,
2003-02-10,22.25,
2003-02-11,22.25,
2003-02-12,22.25,
2003-02-13,22.25,
2003-02-14,22.25,
2003-02-15,22.25,
2003-02-16,22.25,
2003-02-17,22.25,
2003-02-18,22.25,
2003-02-19,22.25,
2003-02-20,22.25,
2003-02-21,20.726,
2003-02-22,18.898,
2003-02-23,17.678,
2003-02-24,17.069,
2003-02-25,17.069,
2003-02-26,17.069,
2003-02-27,17.374,
2003-02-28,17.678,
2003-03-01,17.678,
2003-03-02,17.374,
2003-03-03,17.374,
2003-03-04,17.374,
2003-03-05,17.374,
2003-03-06,17.374,
2003-03-07,17.374,
2003-03-08,17.374,
2003-03-09,17.374,
2003-03-10,17.374,
2003-03-11,17.374,
2003-03-12,17.374,
2003-03-13,17.374,
2003-03-14,17.374,
2003-03-15,24.994,
2003-03-16,31.699,
2003-03-17,32.309,
2003-03-18,32.918,
2003-03-19,32.918,
2003-03-20,32.309,
2003-03-21,31.699,
2003-03-22,31.394,
2003-03-23,31.394,
2003-03-24,30.785,
2003-03-25,30.785,
2003-03-26,29.87,
2003-03-27,29.566,
2003-03-28,28.956,
2003-03-29,27.737,
2003-03-30,26.213,
2003-03-31,25.298,
2003-04-01,24.079,
2003-04-02,24.384,
2003-04-03,25.908,
2003-04-04,25.908,
2003-04-05,26.822,
2003-04-06,26.822,
2003-04-07,26.822,
2003-04-08,26.518,
2003-04-09,25.298,
2003-04-10,24.689,
2003-04-11,24.384,
2003-04-12,22.86,
2003-04-13,21.336,
2003-04-14,25.908,
2003-04-15,28.042,
2003-04-16,28.042,
2003-04-17,28.042,
2003-04-18,28.346,
2003-04-19,28.346,
2003-04-20,28.042,
2003-04-21,27.737,
2003-04-22,29.261,
2003-04-23,29.261,
2003-04-24,28.956,
2003-04-25,28.042,
2003-04-26,26.518,
2003-04-27,24.689,
2003-04-28,23.774,
2003-04-29,24.079,
2003-04-30,23.774,
2003-05-01,22.86,
2003-05-02,22.555,
2003-05-03,23.47,
2003-05-04,25.908,
2003-05-05,26.518,
2003-05-06,25.298,
2003-05-07,24.384,
2003-05-08,24.384,
2003-05-09,25.298,
2003-05-10,25.603,
2003-05-11,24.689,
2003-05-12,23.47,
2003-05-13,21.336,
2003-05-14,18.593,
2003-05-15,16.764,
2003-05-16,13.411,
2003-05-17,10.058,
2003-05-18,7.01,
2003-05-19,2.743,
2003-05-20,0.0,
2003-05-21,0.0,
2003-05-22,0.0,
2003-05-23,0.0,
2003-05-24,0.0,
2003-05-25,0.0,
2003-05-26,0.0,
2003-05-27,0.0,
2003-05-28,0.0,
2003-05-29,0.0,
2003-05-30,0.0,
2003-05-31,0.0,
2003-06-01,0.0,
2003-06-02,0.0,
2003-06-03,0.0,
2003-06-04,0.0,
2003-06-05,0.0,
2003-06-06,0.0,
2003-06-07,0.0,
2003-06-08,0.0,
2003-06-09,0.0,
2003-06-10,0.0,
2003-06-11,0.0,
2003-06-12,0.0,
2003-06-13,0.0,
2003-06-14,0.0,
2003-06-15,0.0,
2003-06-16,0.0,
2003-06-17,0.0,
2003-06-18,0.0,
2003-06-19,0.0,
2003-06-20,0.0,
2003-06-21,0.0,
2003-06-22,0.0,
2003-06-23,0.0,
2003-06-24,0.0,
2003-06-25,0.0,
2003-06-26,0.0,
2003-06-27,0.0,
2003-06-28,0.0,
2003-06-29,0.0,
2003-06-30,0.0,
2003-07-01,0.0,
2003-07-02,0.0,
2003-07-03,0.0,
2003-07-04,0.0,
2003-07-05,0.0,
2003-07-06,0.0,
2003-07-07,0.0,
2003-07-08,0.0,
2003-07-09,0.0,
2003-07-10,0.0,
2003-07-11,0.0,
2003-07-12,0.0,
2003-07-13,0.0,
2003-07-14,0.0,
2003-07-15,0.0,
2003-07-16,0.0,
2003-07-17,0.0,
2003-07-18,0.0,
2003-07-19,0.0,
2003-07-20,0.0,
2003-07-21,0.0,
2003-07-22,0.0,
2003-07-23,0.0,
2003-07-24,0.0,
2003-07-25,0.0,
2003-07-26,0.0,
2003-07-27,0.0,
2003-07-28,0.0,
2003-07-29,0.0,
2003-07-30,0.0,
2003-07-31,0.0,
2003-08-01,0.0,
2003-08-02,0.0,
2003-08-03,0.0,
2003-08-04,0.0,
2003-08-05,0.0,
2003-08-06,0.0,
2003-08-07,0.0,
2003-08-08,0.0,
2003-08-09,0.0,
2003-08-10,0.0,
2003-08-11,0.0,
2003-08-12,0.0,
2003-08-13,0.0,
2003-08-14,0.0,
2003-08-15,0.0,
2003-08-16,0.0,
2003-08-17,0.0,
2003-08-18,0.0,
2003-08-19,0.0,
2003-08-20,0.0,
2003-08-21,0.0,
2003-08-22,0.0,
2003-08-23,0.0,
2003-08-24,0.0,
2003-08-25,0.0,
2003-08-26,0.0,
2003-08-27,0.0,
2003-08-28,0.0,
2003-08-29,0.0,
2003-08-30,0.0,
2003-08-31,0.0,
2003-09-01,0.0,
2003-09-02,0.0,
2003-09-03,0.0,
2003-09-04,0.0,
2003-09-05,0.0,
2003-09-06,0.0,
2003-09-07,0.0,
2003-09-08,0.0,
2003-09-09,0.0,
2003-09-10,0.0,
2003-09-11,0.0,
2003-09-12,0.0,
2003-09-13,0.0,
2003-09-14,0.0,
2003-09-15,0.0,
2003-09-16,0.0,
2003-09-17,0.0,
2003-09-18,0.0,
2003-09-19,0.0,
2003-09-20,0.0,
2003-09-21,0.0,
2003-09-22,0.0,
2003-09-23,0.0,
2003-09-24,0.0,
2003-09-25,0.0,
2003-09-26,0.0,
2003-09-27,0.0,
2003-09-28,0.0,
2003-09-29,0.0,
2003-09-30,0.0,
2003-10-01,0.0,
2003-10-02,0.0,
2003-10-03,0.0,
2003-10-04,0.0,
2003-10-05,0.0,
2003-10-06,0.0,
2003-10-07,0.0,
2003-10-08,0.0,
2003-10-09,0.0,
2003-10-10,0.0,
2003-10-11,0.0,
2003-10-12,0.0,
2003-10-13,0.0,
2003-10-14,0.0,
2003-10-15,0.0,
2003-10-16,0.0,
2003-10-17,0.0,
2003-10-18,0.0,
2003-10-19,0.0,
2003-10-20,0.0,
2003-10-21,0.0,
2003-10-22,0.0,
2003-10-23,0.0,
2003-10-24,0.0,
2003-10-25,0.0,
2003-10-26,0.0,
2003-10-27,0.0,
2003-10-28,0.0,
2003-10-29,0.0,
2003-10-30,0.0,
2003-10-31,0.0,
2003-11-01,0.0,
2003-11-02,0.0,
2003-11-03,0.0,
2003-11-04,1.524,
2003-11-05,1.524,
2003-11-06,1.524,
2003-11-07,1.524,
2003-11-08,1.829,
2003-11-09,4.877,
2003-11-10,7.315,
2003-11-11,7.315,
2003-11-12,7.315,
2003-11-13,7.62,
2003-11-14,7.925,
2003-11-15,8.534,
2003-11-16,8.534,
2003-11-17,8.839,
2003-11-18,8.839,
2003-11-19,8.839,
2003-11-20,8.839,
2003-11-21,8.839,
2003-11-22,8.839,
2003-11-23,8.839,
2003-11-24,8.839,
2003-11-25,8.839,
2003-11-26,8.839,
2003-11-27,8.839,
2003-11-28,8.839,
2003-11-29,8.839,
2003-11-30,8.839,
2003-12-01,8.839,
2003-12-02,10.363,
2003-12-03,11.278,
2003-12-04,12.192,
2003-12-05,12.192,
2003-12-06,12.192,
2003-12-07,12.497,
2003-12-08,13.106,
2003-12-09,13.106,
2003-12-10,13.106,
2003-12-11,14.021,
2003-12-12,14.021,
2003-12-13,14.021,
2003-12-14,14.326,
2003-12-15,14.935,
2003-12-16,14.935,
2003-12-17,14.935,
2003-12-18,14.935,
2003-12-19,14.935,
2003-12-20,15.24,
2003-12-21,15.85,
2003-12-22,16.154,
2003-12-23,16.154,
2003-12-24,17.983,
2003-12-25,20.117,
2003-12-26,23.774,
2003-12-27,24.689,
2003-12-28,24.689,
2003-12-29,24.689,
2003-12-30,25.603,
2003-12-31,25.908,
2004-01-01,26.213,
2004-01-02,33.528,
2004-01-03,35.357,
2004-01-04,35.966,
2004-01-05,36.576,
2004-01-06,36.881,
2004-01-07,37.795,
2004-01-08,38.405,
2004-01-09,39.014,
2004-01-10,39.624,
2004-01-11,40.234,
2004-01-12,40.234,
2004-01-13,40.538,
2004-01-14,40.843,
2004-01-15,41.148,
2004-01-16,41.148,
2004-01-17,41.453,
2004-01-18,41.758,
2004-01-19,41.758,
2004-01-20,41.758,
2004-01-21,41.758,
2004-01-22,41.758,
2004-01-23,41.758,
2004-01-24,42.062,
2004-01-25,42.062,
2004-01-26,42.367,
2004-01-27,42.672,
2004-01-28,43.282,
2004-01-29,43.282,
2004-01-30,43.586,
2004-01-31,43.586,
2004-02-01,43.586,
2004-02-02,43.586,
2004-02-03,48.768,
2004-02-04,49.378,
2004-02-05,49.987,
2004-02-06,49.987,
2004-02-07,49.987,
2004-02-08,49.987,
2004-02-09,49.987,
2004-02-10,49.987,
2004-02-11,49.987,
2004-02-12,49.987,
2004-02-13,49.987,
2004-02-14,49.987,
2004-02-15,49.682,
2004-02-16,49.682,
2004-02-17,49.682,
2004-02-18,49.682,
2004-02-19,49.378,
2004-02-20,49.378,
2004-02-21,50.597,
2004-02-22,51.511,
2004-02-23,53.95,
2004-02-24,54.559,
2004-02-25,55.169,
2004-02-26,65.227,
2004-02-27,67.666,
2004-02-28,68.275,
2004-02-29,68.58,
2004-03-01,68.885,
2004-03-02,70.104,
2004-03-03,70.104,
2004-03-04,70.104,
2004-03-05,70.104,
2004-03-06,69.799,
2004-03-07,69.19,
2004-03-08,67.97,
2004-03-09,66.142,
2004-03-10,64.313,
2004-03-11,63.094,
2004-03-12,63.094,
2004-03-13,63.094,
2004-03-14,62.789,
2004-03-15,61.874,
2004-03-16,58.522,
2004-03-17,57.607,
2004-03-18,56.998,
2004-03-19,56.388,
2004-03-20,55.474,
2004-03-21,54.254,
2004-03-22,53.34,
2004-03-23,52.73,
2004-03-24,50.902,
2004-03-25,49.073,
2004-03-26,50.902,
2004-03-27,50.902,
2004-03-28,50.597,
2004-03-29,49.987,
2004-03-30,49.378,
2004-03-31,48.768,
2004-04-01,48.158,
2004-04-02,47.854,
2004-04-03,45.415,
2004-04-04,44.196,
2004-04-05,42.672,
2004-04-06,41.453,
2004-04-07,39.929,
2004-04-08,37.795,
2004-04-09,35.662,
2004-04-10,33.528,
2004-04-11,31.394,
2004-04-12,27.737,
2004-04-13,27.127,
2004-04-14,26.213,
2004-04-15,23.774,
2004-04-16,21.641,
2004-04-17,19.507,
2004-04-18,18.898,
2004-04-19,18.898,
2004-04-20,18.593,
2004-04-21,17.983,
2004-04-22,16.459,
2004-04-23,13.411,
2004-04-24,9.144,
2004-04-25,6.401,
2004-04-26,2.743,
2004-04-27,0.0,
2004-04-28,0.0,
2004-04-29,0.0,
2004-04-30,0.0,
2004-05-01,0.0,
2004-05-02,0.0,
2004-05-03,0.0,
2004-05-04,0.0,
2004-05-05,0.0,
2004-05-06,0.0,
2004-05-07,0.0,
2004-05-08,0.0,
2004-05-09,0.0,
2004-05-10,0.0,
2004-05-11,0.0,
2004-05-12,0.0,
2004-05-13,0.0,
2004-05-14,0.0,
2004-05-15,0.0,
2004-05-16,0.0,
2004-05-17,0.0,
2004-05-18,0.0,
2004-05-19,0.0,
2004-05-20,0.0,
2004-05-21,0.0,
2004-05-22,0.0,
2004-05-23,0.0,
2004-05-24,0.0,
2004-05-25,0.0,
2004-05-26,0.0,
2004-05-27,0.0,
2004-05-28,0.0,
2004-05-29,0.0,
2004-05-30,0.0,
2004-05-31,0.0,
2004-06-01,0.0,
2004-06-02,0.0,
2004-06-03,0.0,
2004-06-04,0.0,
2004-06-05,0.0,
2004-06-06,0.0,
2004-06-07,0.0,
2004-06-08,0.0,
2004-06-09,0.0,
2004-06-10,0.0,
2004-06-11,0.0,
2004-06-12,0.0,
2004-06-13,0.0,
2004-06-14,0.0,
2004-06-15,0.0,
2004-06-16,0.0,
2004-06-17,0.0,
2004-06-18,0.0,
2004-06-19,0.0,
2004-06-20,0.0,
2004-06-21,0.0,
2004-06-22,0.0,
2004-06-23,0.0,
2004-06-24,0.0,
2004-06-25,0.0,
2004-06-26,0.0,
2004-06-27,0.0,
2004-06-28,0.0,
2004-06-29,0.0,
2004-06-30,0.0,
2004-07-01,0.0,
2004-07-02,0.0,
2004-07-03,0.0,
2004-07-04,0.0,
2004-07-05,0.0,
2004-07-06,0.0,
2004-07-07,0.0,
2004-07-08,0.0,
2004-07-09,0.0,
2004-07-10,0.0,
2004-07-11,0.0,
2004-07-12,0.0,
2004-07-13,0.0,
2004-07-14,0.0,
2004-07-15,0.0,
2004-07-16,0.0,
2004-07-17,0.0,
2004-07-18,0.0,
2004-07-19,0.0,
2004-07-20,0.0,
2004-07-21,0.0,
2004-07-22,0.0,
2004-07-23,0.0,
2004-07-24,0.0,
2004-07-25,0.0,
2004-07-26,0.0,
2004-07-27,0.0,
2004-07-28,0.0,
2004-07-29,0.0,
2004-07-30,0.0,
2004-07-31,0.0,
2004-08-01,0.0,
2004-08-02,0.0,
2004-08-03,0.0,
2004-08-04,0.0,
2004-08-05,0.0,
2004-08-06,0.0,
2004-08-07,0.0,
2004-08-08,0.0,
2004-08-09,0.0,
2004-08-10,0.0,
2004-08-11,0.0,
2004-08-12,0.0,
2004-08-13,0.0,
2004-08-14,0.0,
2004-08-15,0.0,
2004-08-16,0.0,
2004-08-17,0.0,
2004-08-18,0.0,
2004-08-19,0.0,
2004-08-20,0.0,
2004-08-21,0.0,
2004-08-22,0.0,
2004-08-23,0.0,
2004-08-24,0.0,
2004-08-25,0.0,
2004-08-26,0.0,
2004-08-27,0.0,
2004-08-28,0.0,
2004-08-29,0.0,
2004-08-30,0.0,
2004-08-31,0.0,
2004-09-01,0.0,
2004-09-02,0.0,
2004-09-03,0.0,
2004-09-04,0.0,
2004-09-05,0.0,
2004-09-06,0.0,
2004-09-07,0.0,
2004-09-08,0.0,
2004-09-09,0.0,
2004-09-10,0.0,
2004-09-11,0.0,
2004-09-12,0.0,
2004-09-13,0.0,
2004-09-14,0.0,
2004-09-15,0.0,
2004-09-16,0.0,
2004-09-17,0.0,
2004-09-18,0.0,
2004-09-19,0.0,
2004-09-20,0.0,
2004-09-21,0.0,
2004-09-22,0.0,
2004-09-23,0.0,
2004-09-24,0.0,
2004-09-25,0.0,
2004-09-26,0.0,
2004-09-27,0.0,
2004-09-28,0.0,
2004-09-29,0.0,
2004-09-30,0.0,
2004-10-01,0.0,
2004-10-02,0.0,
2004-10-03,0.0,
2004-10-04,0.0,
2004-10-05,0.0,
2004-10-06,0.0,
2004-10-07,0.0,
2004-10-08,0.0,
2004-10-09,0.0,
2004-10-10,0.0,
2004-10-11,0.0,
2004-10-12,0.0,
2004-10-13,0.0,
2004-10-14,0.0,
2004-10-15,0.0,
2004-10-16,0.0,
2004-10-17,0.0,
2004-10-18,0.0,
2004-10-19,0.0,
2004-10-20,6.045,
2004-10-21,8.179,
2004-10-22,7.874,
2004-10-23,6.96,
2004-10-24,6.96,
2004-10-25,6.96,
2004-10-26,6.96,
2004-10-27,11.227,
2004-10-28,11.227,
2004-10-29,11.227,
2004-10-30,11.227,
2004-10-31,11.227,
2004-11-01,11.227,
2004-11-02,11.227,
2004-11-03,11.227,
2004-11-04,10.922,
2004-11-05,10.922,
2004-11-06,10.922,
2004-11-07,10.922,
2004-11-08,10.922,
2004-11-09,10.922,
2004-11-10,10.922,
2004-11-11,10.922,
2004-11-12,10.617,
2004-11-13,10.617,
2004-11-14,10.312,
2004-11-15,10.312,
2004-11-16,10.008,
2004-11-17,10.008,
2004-11-18,10.008,
2004-11-19,9.703,
2004-11-20,9.703,
2004-11-21,9.703,
2004-11-22,9.703,
2004-11-23,9.398,
2004-11-24,9.398,
2004-11-25,9.398,
2004-11-26,9.093,
2004-11-27,9.093,
2004-11-28,10.922,
2004-11-29,11.227,
2004-11-30,11.836,
2004-12-01,12.141,
2004-12-02,11.836,
2004-12-03,11.836,
2004-12-04,12.751,
2004-12-05,13.056,
2004-12-06,13.056,
2004-12-07,13.056,
2004-12-08,15.189,
2004-12-09,15.189,
2004-12-10,14.884,
2004-12-11,14.275,
2004-12-12,14.275,
2004-12-13,14.275,
2004-12-14,13.97,
2004-12-15,13.36,
2004-12-16,13.056,
2004-12-17,12.751,
2004-12-18,12.751,
2004-12-19,12.751,
2004-12-20,12.751,
2004-12-21,12.751,
2004-12-22,12.751,
2004-12-23,12.751,
2004-12-24,13.97,
2004-12-25,14.58,
2004-12-26,14.58,
2004-12-27,14.58,
2004-12-28,16.408,
2004-12-29,19.456,
2004-12-30,22.504,
2004-12-31,31.953,
2005-01-01,36.322,
2005-01-02,36.322,
2005-01-03,37.592,
2005-01-04,39.37,
2005-01-05,39.37,
2005-01-06,39.37,
2005-01-07,40.386,
2005-01-08,49.022,
2005-01-09,54.686,
2005-01-10,58.42,
2005-01-11,66.802,
2005-01-12,67.818,
2005-01-13,67.818,
2005-01-14,67.818,
2005-01-15,67.818,
2005-01-16,67.818,
2005-01-17,67.818,
2005-01-18,67.818,
2005-01-19,67.818,
2005-01-20,67.818,
2005-01-21,67.818,
2005-01-22,67.818,
2005-01-23,67.818,
2005-01-24,67.818,
2005-01-25,67.818,
2005-01-26,69.596,
2005-01-27,73.406,
2005-01-28,73.406,
2005-01-29,73.406,
2005-01-30,73.406,
2005-01-31,73.406,
2005-02-01,73.406,
2005-02-02,73.406,
2005-02-03,73.406,
2005-02-04,73.152,
2005-02-05,72.847,
2005-02-06,72.847,
2005-02-07,72.847,
2005-02-08,72.847,
2005-02-09,73.152,
2005-02-10,73.457,
2005-02-11,73.457,
2005-02-12,73.762,
2005-02-13,74.371,
2005-02-14,74.371,
2005-02-15,74.066,
2005-02-16,74.676,
2005-02-17,74.676,
2005-02-18,74.676,
2005-02-19,75.895,
2005-02-20,79.248,
2005-02-21,80.772,
2005-02-22,81.991,
2005-02-23,82.296,
2005-02-24,82.601,
2005-02-25,82.601,
2005-02-26,82.906,
2005-02-27,83.21,
2005-02-28,83.82,
2005-03-01,84.734,
2005-03-02,85.039,
2005-03-03,85.039,
2005-03-04,85.954,
2005-03-05,85.954,
2005-03-06,85.954,
2005-03-07,85.954,
2005-03-08,85.649,
2005-03-09,84.734,
2005-03-10,84.125,
2005-03-11,83.515,
2005-03-12,82.601,
2005-03-13,82.296,
2005-03-14,81.991,
2005-03-15,81.991,
2005-03-16,81.991,
2005-03-17,81.991,
2005-03-18,81.382,
2005-03-19,81.382,
2005-03-20,87.173,
2005-03-21,89.611,
2005-03-22,91.135,
2005-03-23,99.67,
2005-03-24,100.584,
2005-03-25,100.889,
2005-03-26,100.889,
2005-03-27,101.498,
2005-03-28,102.718,
2005-03-29,103.327,
2005-03-30,103.327,
2005-03-31,103.327,
2005-04-01,103.327,
2005-04-02,102.108,
2005-04-03,102.108,
2005-04-04,103.327,
2005-04-05,103.327,
2005-04-06,102.413,
2005-04-07,100.889,
2005-04-08,101.803,
2005-04-09,106.375,
2005-04-10,106.375,
2005-04-11,106.375,
2005-04-12,104.851,
2005-04-13,103.632,
2005-04-14,103.327,
2005-04-15,102.413,
2005-04-16,100.584,
2005-04-17,99.365,
2005-04-18,98.755,
2005-04-19,99.06,
2005-04-20,99.06,
2005-04-21,98.755,
2005-04-22,96.926,
2005-04-23,96.622,
2005-04-24,96.012,
2005-04-25,96.012,
2005-04-26,95.098,
2005-04-27,92.659,
2005-04-28,92.354,
2005-04-29,95.758,
2005-04-30,95.402,
2005-05-01,93.574,
2005-05-02,93.269,
2005-05-03,90.221,
2005-05-04,89.002,
2005-05-05,87.478,
2005-05-06,89.611,
2005-05-07,89.916,
2005-05-08,89.306,
2005-05-09,87.478,
2005-05-10,89.306,
2005-05-11,89.002,
2005-05-12,87.782,
2005-05-13,84.734,
2005-05-14,82.296,
2005-05-15,79.248,
2005-05-16,74.981,
2005-05-17,74.066,
2005-05-18,70.104,
2005-05-19,66.446,
2005-05-20,62.789,
2005-05-21,59.436,
2005-05-22,55.778,
2005-05-23,51.511,
2005-05-24,47.244,
2005-05-25,42.367,
2005-05-26,37.186,
2005-05-27,32.614,
2005-05-28,27.127,
2005-05-29,21.946,
2005-05-30,17.374,
2005-05-31,10.973,
2005-06-01,3.048,
2005-06-02,0.0,
2005-06-03,0.0,
2005-06-04,0.0,
2005-06-05,0.0,
2005-06-06,0.0,
2005-06-07,0.0,
2005-06-08,0.0,
2005-06-09,0.0,
2005-06-10,0.0,
2005-06-11,0.0,
2005-06-12,0.0,
2005-06-13,0.0,
2005-06-14,0.0,
2005-06-15,0.0,
2005-06-16,0.0,
2005-06-17,0.0,
2005-06-18,0.0,
2005-06-19,0.0,
2005-06-20,0.0,
2005-06-21,0.0,
2005-06-22,0.0,
2005-06-23,0.0,
2005-06-24,0.0,
2005-06-25,0.0,
2005-06-26,0.0,
2005-06-27,0.0,
2005-06-28,0.0,
2005-06-29,0.0,
2005-06-30,0.0,
2005-07-01,0.0,
2005-07-02,0.0,
2005-07-03,0.0,
2005-07-04,0.0,
2005-07-05,0.0,
2005-07-06,0.0,
2005-07-07,0.0,
2005-07-08,0.0,
2005-07-09,0.0,
2005-07-10,0.0,
2005-07-11,0.0,
2005-07-12,0.0,
2005-07-13,0.0,
2005-07-14,0.0,
2005-07-15,0.0,
2005-07-16,0.0,
2005-07-17,0.0,
2005-07-18,0.0,
2005-07-19,0.0,
2005-07-20,0.0,
2005-07-21,0.0,
2005-07-22,0.0,
2005-07-23,0.0,
2005-07-24,0.0,
2005-07-25,0.0,
2005-07-26,0.0,
2005-07-27,0.0,
2005-07-28,0.0,
2005-07-29,0.0,
2005-07-30,0.0,
2005-07-31,0.0,
2005-08-01,0.0,
2005-08-02,0.0,
2005-08-03,0.0,
2005-08-04,0.0,
2005-08-05,0.0,
2005-08-06,0.0,
2005-08-07,0.0,
2005-08-08,0.0,
2005-08-09,0.0,
2005-08-10,0.0,
2005-08-11,0.0,
2005-08-12,0.0,
2005-08-13,0.0,
2005-08-14,0.0,
2005-08-15,0.0,
2005-08-16,0.0,
2005-08-17,0.0,
2005-08-18,0.0,
2005-08-19,0.0,
2005-08-20,0.0,
2005-08-21,0.0,
2005-08-22,0.0,
2005-08-23,0.0,
2005-08-24,0.0,
2005-08-25,0.0,
2005-08-26,0.0,
2005-08-27,0.0,
2005-08-28,0.0,
2005-08-29,0.0,
2005-08-30,0.0,
2005-08-31,0.0,
2005-09-01,0.0,
2005-09-02,0.0,
2005-09-03,0.0,
2005-09-04,0.0,
2005-09-05,0.0,
2005-09-06,0.0,
2005-09-07,0.0,
2005-09-08,0.0,
2005-09-09,0.0,
2005-09-10,0.0,
2005-09-11,0.0,
2005-09-12,0.0,
2005-09-13,0.0,
2005-09-14,0.0,
2005-09-15,0.0,
2005-09-16,0.0,
2005-09-17,0.0,
2005-09-18,0.0,
2005-09-19,0.0,
2005-09-20,0.0,
2005-09-21,0.0,
2005-09-22,0.0,
2005-09-23,0.0,
2005-09-24,0.0,
2005-09-25,0.0,
2005-09-26,0.0,
2005-09-27,0.0,
2005-09-28,0.0,
2005-09-29,0.0,
2005-09-30,0.0,
2005-10-01,0.0,
2005-10-02,0.0,
2005-10-03,0.0,
2005-10-04,0.0,
2005-10-05,0.0,
2005-10-06,0.0,
2005-10-07,0.0,
2005-10-08,0.0,
2005-10-09,0.0,
2005-10-10,0.0,
2005-10-11,0.0,
2005-10-12,0.0,
2005-10-13,0.0,
2005-10-14,0.0,
2005-10-15,0.0,
2005-10-16,0.0,
2005-10-17,0.0,
2005-10-18,0.0,
2005-10-19,0.0,
2005-10-20,0.0,
2005-10-21,0.0,
2005-10-22,0.0,
2005-10-23,0.0,
2005-10-24,0.0,
2005-10-25,0.0,
2005-10-26,0.0,
2005-10-27,0.0,
2005-10-28,0.0,
2005-10-29,0.0,
2005-10-30,0.0,
2005-10-31,0.0,
2005-11-01,0.0,
2005-11-02,0.0,
2005-11-03,0.0,
2005-11-04,0.0,
2005-11-05,0.0,
2005-11-06,0.0,
2005-11-07,0.0,2.54
2005-11-08,0.0,5.08
2005-11-09,0.0,-2.54
2005-11-10,0.0,2.54
2005-11-11,0.0,0.0
2005-11-12,0.0,5.08
2005-11-13,0.0,5.08
2005-11-14,0.0,2.54
2005-11-15,0.0,2.54
2005-11-16,0.0,0.0
2005-11-17,0.0,7.62
2005-11-18,0.0,7.62
2005-11-19,0.0,7.62
2005-11-20,0.0,2.54
2005-11-21,0.0,5.08
2005-11-22,0.0,5.08
2005-11-23,0.0,5.08
2005-11-24,0.0,5.08
2005-11-25,0.0,5.08
2005-11-26,0.0,5.08
2005-11-27,0.0,2.54
2005-11-28,1.829,5.08
2005-11-29,2.134,7.62
2005-11-30,2.134,5.08
2005-12-01,2.134,5.08
2005-12-02,5.791,2.54
2005-12-03,5.791,15.24
2005-12-04,5.791,15.24
2005-12-05,5.791,15.24
2005-12-06,5.791,15.24
2005-12-07,5.791,15.24
2005-12-08,5.791,10.16
2005-12-09,5.791,15.24
2005-12-10,5.791,15.24
2005-12-11,5.791,15.24
2005-12-12,5.791,12.7
2005-12-13,5.791,7.62
2005-12-14,5.791,15.24
2005-12-15,5.791,15.24
2005-12-16,5.791,15.24
2005-12-17,5.791,15.24
2005-12-18,5.791,403.86
2005-12-19,12.7,43.18
2005-12-20,12.7,40.64
2005-12-21,12.7,38.1
2005-12-22,12.7,40.64
2005-12-23,12.7,38.1
2005-12-24,12.7,38.1
2005-12-25,12.7,35.56
2005-12-26,16.51,50.8
2005-12-27,16.51,55.88
2005-12-28,16.51,50.8
2005-12-29,16.51,53.34
2005-12-30,16.51,53.34
2005-12-31,16.51,50.8
2006-01-01,19.05,60.96
2006-01-02,22.86,93.98
2006-01-03,26.67,119.38
2006-01-04,26.67,111.76
2006-01-05,26.67,114.3
2006-01-06,26.67,109.22
2006-01-07,26.67,109.22
2006-01-08,26.67,104.14
2006-01-09,26.67,109.22
2006-01-10,26.67,109.22
2006-01-11,26.67,106.68
2006-01-12,26.67,106.68
2006-01-13,26.67,106.68
2006-01-14,26.67,106.68
2006-01-15,31.75,139.7
2006-01-16,31.75,134.62
2006-01-17,31.75,134.62
2006-01-18,34.29,137.16
2006-01-19,40.64,139.7
2006-01-20,40.64,139.7
2006-01-21,40.64,142.24
2006-01-22,40.64,139.7
2006-01-23,40.64,137.16
2006-01-24,40.64,134.62
2006-01-25,40.64,132.08
2006-01-26,40.64,134.62
2006-01-27,40.64,132.08
2006-01-28,40.64,129.54
2006-01-29,40.64,132.08
2006-01-30,40.64,132.08
2006-01-31,40.843,134.62
2006-02-01,41.758,132.08
2006-02-02,41.758,129.54
2006-02-03,41.758,127.0
2006-02-04,43.282,127.0
2006-02-05,43.282,127.0
2006-02-06,43.282,127.0
2006-02-07,43.282,127.0
2006-02-08,43.282,127.0
2006-02-09,43.282,127.0
2006-02-10,43.282,121.92
2006-02-11,43.282,121.92
2006-02-12,43.282,121.92
2006-02-13,43.282,116.84
2006-02-14,43.282,116.84
2006-02-15,43.282,111.76
2006-02-16,43.282,114.3
2006-02-17,43.282,116.84
2006-02-18,44.806,134.62
2006-02-19,45.415,147.32
2006-02-20,47.854,358.14
2006-02-21,47.854,142.24
2006-02-22,47.854,142.24
2006-02-23,47.854,139.7
2006-02-24,47.854,137.16
2006-02-25,47.854,134.62
2006-02-26,47.854,132.08
2006-02-27,47.854,129.54
2006-02-28,47.854,127.0
2006-03-01,47.854,127.0
2006-03-02,47.854,129.54
2006-03-03,50.8,137.16
2006-03-04,61.874,180.34
2006-03-05,61.874,172.72
2006-03-06,61.874,172.72
2006-03-07,66.142,190.5
2006-03-08,67.361,185.42
2006-03-09,67.97,185.42
2006-03-10,69.799,223.52
2006-03-11,72.238,231.14
2006-03-12,73.457,228.6
2006-03-13,74.066,226.06
2006-03-14,74.676,213.36
2006-03-15,77.419,223.52
2006-03-16,78.334,218.44
2006-03-17,78.943,213.36
2006-03-18,80.162,215.9
2006-03-19,81.077,215.9
2006-03-20,81.686,213.36
2006-03-21,84.43,228.6
2006-03-22,85.039,223.52
2006-03-23,85.649,218.44
2006-03-24,85.649,210.82
2006-03-25,85.649,205.74
2006-03-26,88.087,208.28
2006-03-27,88.087,208.28
2006-03-28,89.916,238.76
2006-03-29,98.146,266.7
2006-03-30,98.755,256.54
2006-03-31,99.67,254.0
2006-04-01,102.718,271.78
2006-04-02,103.327,254.0
2006-04-03,104.546,241.3
2006-04-04,107.95,248.92
2006-04-05,114.3,289.56
2006-04-06,114.3,284.48
2006-04-07,114.3,271.78
2006-04-08,114.3,259.08
2006-04-09,114.3,248.92
2006-04-10,114.3,238.76
2006-04-11,114.91,248.92
2006-04-12,114.91,246.38
2006-04-13,114.91,238.76
2006-04-14,114.91,231.14
2006-04-15,115.519,238.76
2006-04-16,115.519,231.14
2006-04-17,116.129,243.84
2006-04-18,116.129,236.22
2006-04-19,116.129,231.14
2006-04-20,114.3,228.6
2006-04-21,112.166,220.98
2006-04-22,111.252,218.44
2006-04-23,110.947,220.98
2006-04-24,110.642,218.44
2006-04-25,109.423,213.36
2006-04-26,107.493,208.28
2006-04-27,105.156,205.74
2006-04-28,102.413,198.12
2006-04-29,99.365,190.5
2006-04-30,96.622,185.42
2006-05-01,93.269,177.8
2006-05-02,90.526,170.18
2006-05-03,86.868,165.1
2006-05-04,83.82,154.94
2006-05-05,81.382,154.94
2006-05-06,78.029,147.32
2006-05-07,74.676,139.7
2006-05-08,71.018,124.46
2006-05-09,67.056,121.92
2006-05-10,63.094,109.22
2006-05-11,58.826,106.68
2006-05-12,55.474,99.06
2006-05-13,50.597,93.98
2006-05-14,44.806,78.74
2006-05-15,40.843,68.58
2006-05-16,38.405,66.04
2006-05-17,34.747,60.96
2006-05-18,32.614,48.26
2006-05-19,28.042,38.1
2006-05-20,24.079,38.1
2006-05-21,18.288,30.48
2006-05-22,16.459,30.48
2006-05-23,14.935,25.4
2006-05-24,9.449,17.78
2006-05-25,3.353,2.54
2006-05-26,0.0,-5.08
2006-05-27,0.0,2.54
2006-05-28,0.0,0.0
2006-05-29,0.0,0.0
2006-05-30,0.0,2.54
2006-05-31,0.0,-2.54
2006-06-01,0.0,2.54
2006-06-02,0.0,0.0
2006-06-03,0.0,2.54
2006-06-04,0.0,-5.08
2006-06-05,0.0,-2.54
2006-06-06,0.0,-2.54
2006-06-07,0.0,0.0
2006-06-08,0.0,0.0
2006-06-09,0.0,0.0
2006-06-10,0.0,-2.54
2006-06-11,0.0,-2.54
2006-06-12,0.0,0.0
2006-06-13,0.0,2.54
2006-06-14,0.0,2.54
2006-06-15,0.0,0.0
2006-06-16,0.0,-2.54
2006-06-17,0.0,-5.08
2006-06-18,0.0,-5.08
2006-06-19,0.0,2.54
2006-06-20,0.0,-2.54
2006-06-21,0.0,-2.54
2006-06-22,0.0,-2.54
2006-06-23,0.0,0.0
2006-06-24,0.0,5.08
2006-06-25,0.0,-2.54
2006-06-26,0.0,7.62
2006-06-27,0.0,-2.54
2006-06-28,0.0,0.0
2006-06-29,0.0,0.0
2006-06-30,0.0,0.0
2006-07-01,0.0,-2.54
2006-07-02,0.0,0.0
2006-07-03,0.0,0.0
2006-07-04,0.0,-5.08
2006-07-05,0.0,-2.54
2006-07-06,0.0,2.54
2006-07-07,0.0,0.0
2006-07-08,0.0,0.0
2006-07-09,0.0,-2.54
2006-07-10,0.0,-2.54
2006-07-11,0.0,-2.54
2006-07-12,0.0,0.0
2006-07-13,0.0,0.0
2006-07-14,0.0,0.0
2006-07-15,0.0,-5.08
2006-07-16,0.0,7.62
2006-07-17,0.0,0.0
2006-07-18,0.0,-2.54
2006-07-19,0.0,-2.54
2006-07-20,0.0,-5.08
2006-07-21,0.0,0.0
2006-07-22,0.0,-2.54
2006-07-23,0.0,-2.54
2006-07-24,0.0,-5.08
2006-07-25,0.0,-2.54
2006-07-26,0.0,-5.08
2006-07-27,0.0,0.0
2006-07-28,0.0,2.54
2006-07-29,0.0,0.0
2006-07-30,0.0,-5.08
2006-07-31,0.0,2.54
2006-08-01,0.0,-5.08
2006-08-02,0.0,-5.08
2006-08-03,0.0,-5.08
2006-08-04,0.0,-2.54
2006-08-05,0.0,5.08
2006-08-06,0.0,0.0
2006-08-07,0.0,0.0
2006-08-08,0.0,-5.08
2006-08-09,0.0,2.54
2006-08-10,0.0,5.08
2006-08-11,0.0,5.08
2006-08-12,0.0,0.0
2006-08-13,0.0,-2.54
2006-08-14,0.0,0.0
2006-08-15,0.0,-5.08
2006-08-16,0.0,0.0
2006-08-17,0.0,-2.54
2006-08-18,0.0,-2.54
2006-08-19,0.0,0.0
2006-08-20,0.0,-5.08
2006-08-21,0.0,5.08
2006-08-22,0.0,7.62
2006-08-23,0.0,7.62
2006-08-24,0.0,-2.54
2006-08-25,0.0,-2.54
2006-08-26,0.0,0.0
2006-08-27,0.0,0.0
2006-08-28,0.0,5.08
2006-08-29,0.0,7.62
2006-08-30,0.0,2.54
2006-08-31,0.0,-2.54
2006-09-01,0.0,7.62
2006-09-02,0.0,2.54
2006-09-03,0.0,-2.54
2006-09-04,0.0,-2.54
2006-09-05,0.0,0.0
2006-09-06,0.0,-2.54
2006-09-07,0.0,-2.54
2006-09-08,0.0,-2.54
2006-09-09,0.0,10.16
2006-09-10,0.0,-5.08
2006-09-11,0.0,7.62
2006-09-12,0.0,5.08
2006-09-13,0.0,7.62
2006-09-14,0.0,5.08
2006-09-15,0.0,7.62
2006-09-16,0.0,0.0
2006-09-17,0.0,5.08
2006-09-18,0.0,2.54
2006-09-19,0.0,5.08
2006-09-20,0.0,5.08
2006-09-21,0.0,-2.54
2006-09-22,0.0,2.54
2006-09-23,0.0,0.0
2006-09-24,0.0,2.54
2006-09-25,0.0,2.54
2006-09-26,0.0,0.0
2006-09-27,0.0,0.0
2006-09-28,0.0,2.54
2006-09-29,0.0,-2.54
2006-09-30,0.0,2.54
2006-10-01,0.0,2.54
2006-10-02,0.0,0.0
2006-10-03,0.0,5.08
2006-10-04,0.0,2.54
2006-10-05,0.0,2.54
2006-10-06,0.0,2.54
2006-10-07,0.0,2.54
2006-10-08,0.0,5.08
2006-10-09,0.0,2.54
2006-10-10,0.0,2.54
2006-10-11,0.0,2.54
2006-10-12,0.0,2.54
2006-10-13,0.0,5.08
2006-10-14,0.0,2.54
2006-10-15,0.0,5.08
2006-10-16,0.0,2.54
2006-10-17,0.0,5.08
2006-10-18,0.0,10.16
2006-10-19,0.0,5.08
2006-10-20,0.0,2.54
2006-10-21,0.0,5.08
2006-10-22,0.0,2.54
2006-10-23,0.0,2.54
2006-10-24,0.0,5.08
2006-10-25,0.0,0.0
2006-10-26,0.0,5.08
2006-10-27,0.0,5.08
2006-10-28,0.0,5.08
2006-10-29,0.0,5.08
2006-10-30,0.0,5.08
2006-10-31,0.0,2.54
2006-11-01,0.0,2.54
2006-11-02,0.0,2.54
2006-11-03,0.0,2.54
2006-11-04,0.0,2.54
2006-11-05,0.0,2.54
2006-11-06,0.0,2.54
2006-11-07,0.0,5.08
2006-11-08,0.0,5.08
2006-11-09,0.0,2.54
2006-11-10,0.0,2.54
2006-11-11,0.0,0.0
2006-11-12,0.0,2.54
2006-11-13,0.0,2.54
2006-11-14,0.0,2.54
2006-11-15,0.0,2.54
2006-11-16,0.0,5.08
2006-11-17,0.0,2.54
2006-11-18,0.0,2.54
2006-11-19,0.0,2.54
2006-11-20,0.0,2.54
2006-11-21,0.0,5.08
2006-11-22,0.0,5.08
2006-11-23,0.0,5.08
2006-11-24,0.0,5.08
2006-11-25,1.524,5.08
2006-11-26,2.134,2.54
2006-11-27,3.962,5.08
2006-11-28,3.962,5.08
2006-11-29,3.353,5.08
2006-11-30,3.658,5.08
2006-12-01,4.572,2.54
2006-12-02,5.182,5.08
2006-12-03,5.182,5.08
2006-12-04,5.791,5.08
2006-12-05,6.096,2.54
2006-12-06,6.706,5.08
2006-12-07,7.01,5.08
2006-12-08,7.62,5.08
2006-12-09,8.839,2.54
2006-12-10,12.802,
2006-12-11,13.106,
2006-12-12,13.106,
2006-12-13,13.411,
2006-12-14,13.411,
2006-12-15,13.106,
2006-12-16,13.106,312.42
2006-12-17,14.63,314.96
2006-12-18,14.63,
2006-12-19,14.63,
2006-12-20,14.326,
2006-12-21,14.326,287.02
2006-12-22,16.459,
2006-12-23,16.764,
2006-12-24,16.764,312.42
2006-12-25,16.764,312.42
2006-12-26,16.459,
2006-12-27,17.983,312.42
2006-12-28,17.983,
2006-12-29,17.983,
2006-12-30,17.983,
2006-12-31,17.983,
2007-01-01,17.983,
2007-01-02,17.78,
2007-01-03,17.78,
2007-01-04,17.78,
2007-01-05,19.812,
2007-01-06,19.812,
2007-01-07,19.812,
2007-01-08,19.812,
2007-01-09,19.812,
2007-01-10,19.812,
2007-01-11,19.812,
2007-01-12,19.812,
2007-01-13,19.812,
2007-01-14,19.812,
2007-01-15,19.812,
2007-01-16,19.812,
2007-01-17,19.812,
2007-01-18,19.812,
2007-01-19,19.812,
2007-01-20,19.812,
2007-01-21,19.812,
2007-01-22,19.812,
2007-01-23,19.812,
2007-01-24,19.812,
2007-01-25,19.812,
2007-01-26,19.812,
2007-01-27,19.812,
2007-01-28,19.812,
2007-01-29,19.507,
2007-01-30,19.507,
2007-01-31,19.202,
2007-02-01,18.898,
2007-02-02,18.593,
2007-02-03,18.288,
2007-02-04,17.983,
2007-02-05,17.983,
2007-02-06,17.983,
2007-02-07,17.983,
2007-02-08,17.678,
2007-02-09,17.678,
2007-02-10,17.069,
2007-02-11,24.994,
2007-02-12,26.822,
2007-02-13,27.737,
2007-02-14,28.042,
2007-02-15,28.346,
2007-02-16,28.346,
2007-02-17,28.346,
2007-02-18,28.042,
2007-02-19,28.042,
2007-02-20,28.042,
2007-02-21,28.042,
2007-02-22,28.042,
2007-02-23,31.09,
2007-02-24,31.699,
2007-02-25,31.394,
2007-02-26,32.614,
2007-02-27,35.052,
2007-02-28,37.186,
2007-03-01,37.795,
2007-03-02,37.795,
2007-03-03,37.795,
2007-03-04,37.795,
2007-03-05,36.881,
2007-03-06,36.881,
2007-03-07,36.271,
2007-03-08,36.271,
2007-03-09,36.271,
2007-03-10,36.271,
2007-03-11,36.271,
2007-03-12,35.966,
2007-03-13,35.662,
2007-03-14,35.052,
2007-03-15,34.442,
2007-03-16,34.138,
2007-03-17,33.528,
2007-03-18,32.918,
2007-03-19,32.004,
2007-03-20,30.785,
2007-03-21,32.004,
2007-03-22,32.004,
2007-03-23,31.699,
2007-03-24,30.785,
2007-03-25,28.956,
2007-03-26,27.432,
2007-03-27,26.822,
2007-03-28,27.432,
2007-03-29,28.346,
2007-03-30,27.737,
2007-03-31,26.518,
2007-04-01,24.994,
2007-04-02,23.165,
2007-04-03,20.726,
2007-04-04,17.983,
2007-04-05,16.154,
2007-04-06,14.63,
2007-04-07,12.7,
2007-04-08,11.176,
2007-04-09,9.144,
2007-04-10,7.62,
2007-04-11,6.35,
2007-04-12,,
2007-04-13,,
2007-04-14,,
2007-04-15,,
2007-04-16,,
2007-04-17,,
2007-04-18,,
2007-04-19,,
2007-04-20,,
2007-04-21,,
2007-04-22,,
2007-04-23,,
2007-04-24,,
2007-04-25,,
2007-04-26,,
2007-04-27,,
2007-04-28,,
2007-04-29,,
2007-04-30,,
2007-05-01,,
2007-05-02,,
2007-05-03,,
2007-05-04,,
2007-05-05,,
2007-05-06,,
2007-05-07,,
2007-05-08,,
2007-05-09,,
2007-05-10,,
2007-05-11,,
2007-05-12,,
2007-05-13,,
2007-05-14,,
2007-05-15,0.0,
2007-05-16,0.0,
2007-05-17,0.0,
2007-05-18,0.0,
2007-05-19,0.0,
2007-05-20,0.0,
2007-05-21,0.0,
2007-05-22,0.0,
2007-05-23,0.0,
2007-05-24,0.0,
2007-05-25,0.0,
2007-05-26,0.0,
2007-05-27,0.0,
2007-05-28,0.0,
2007-05-29,0.0,
2007-05-30,0.0,
2007-05-31,0.0,
2007-06-01,0.0,
2007-06-02,0.0,
2007-06-03,0.0,
2007-06-04,0.0,
2007-06-05,0.0,
2007-06-06,0.0,
2007-06-07,0.0,
2007-06-08,0.0,
2007-06-09,0.0,
2007-06-10,0.0,
2007-06-11,0.0,
2007-06-12,0.0,
2007-06-13,0.0,
2007-06-14,0.0,
2007-06-15,0.0,
2007-06-16,0.0,
2007-06-17,0.0,
2007-06-18,0.0,
2007-06-19,0.0,
2007-06-20,0.0,
2007-06-21,0.0,
2007-06-22,0.0,
2007-06-23,0.0,
2007-06-24,0.0,
2007-06-25,0.0,
2007-06-26,0.0,
2007-06-27,0.0,
2007-06-28,0.0,
2007-06-29,0.0,
2007-06-30,0.0,
2007-07-01,0.0,
2007-07-02,0.0,
2007-07-03,0.0,
2007-07-04,0.0,
2007-07-05,0.0,
2007-07-06,0.0,
2007-07-07,0.0,
2007-07-08,0.0,
2007-07-09,0.0,
2007-07-10,0.0,
2007-07-11,0.0,
2007-07-12,0.0,
2007-07-13,0.0,
2007-07-14,0.0,
2007-07-15,0.0,
2007-07-16,0.0,
2007-07-17,0.0,
2007-07-18,0.0,
2007-07-19,0.0,
2007-07-20,0.0,
2007-07-21,0.0,
2007-07-22,0.0,
2007-07-23,0.0,
2007-07-24,0.0,
2007-07-25,0.0,
2007-07-26,0.0,
2007-07-27,0.0,
2007-07-28,0.0,
2007-07-29,0.0,
2007-07-30,0.0,
2007-07-31,0.0,
2007-08-01,0.0,
2007-08-02,0.0,
2007-08-03,0.0,
2007-08-04,0.0,
2007-08-05,0.0,
2007-08-06,0.0,
2007-08-07,0.0,
2007-08-08,0.0,
2007-08-09,0.0,
2007-08-10,0.0,
2007-08-11,0.0,
2007-08-12,0.0,
2007-08-13,0.0,
2007-08-14,0.0,
2007-08-15,0.0,
2007-08-16,0.0,
2007-08-17,0.0,
2007-08-18,0.0,
2007-08-19,0.0,
2007-08-20,0.0,
2007-08-21,0.0,
2007-08-22,0.0,
2007-08-23,0.0,
2007-08-24,0.0,
2007-08-25,0.0,
2007-08-26,0.0,
2007-08-27,0.0,
2007-08-28,0.0,
2007-08-29,0.0,
2007-08-30,0.0,
2007-08-31,0.0,
2007-09-01,0.0,
2007-09-02,0.0,
2007-09-03,0.0,
2007-09-04,0.0,
2007-09-05,0.0,
2007-09-06,0.0,
2007-09-07,0.0,
2007-09-08,0.0,
2007-09-09,0.0,
2007-09-10,0.0,
2007-09-11,0.0,
2007-09-12,0.0,
2007-09-13,0.0,
2007-09-14,0.0,
2007-09-15,0.0,
2007-09-16,0.0,
2007-09-17,0.0,
2007-09-18,0.0,
2007-09-19,0.0,
2007-09-20,0.0,
2007-09-21,0.0,
2007-09-22,0.0,
2007-09-23,0.0,
2007-09-24,0.0,
2007-09-25,0.0,
2007-09-26,0.0,
2007-09-27,0.0,
2007-09-28,0.0,
2007-09-29,0.0,
2007-09-30,0.0,
2007-10-01,0.0,
2007-10-02,0.0,
2007-10-03,0.0,
2007-10-04,0.0,
2007-10-05,0.0,
2007-10-06,0.0,
2007-10-07,0.0,
2007-10-08,0.0,
2007-10-09,0.0,
2007-10-10,0.0,
2007-10-11,0.0,
2007-10-12,0.0,
2007-10-13,0.0,
2007-10-14,0.0,
2007-10-15,0.0,
2007-10-16,0.0,
2007-10-17,0.0,
2007-10-18,0.0,
2007-10-19,0.0,
2007-10-20,0.0,
2007-10-21,0.0,
2007-10-22,0.0,
2007-10-23,0.0,
2007-10-24,0.0,
2007-10-25,0.0,
2007-10-26,0.0,
2007-10-27,0.0,
2007-10-28,0.0,
2007-10-29,0.0,
2007-10-30,,
2007-10-31,,
2007-11-01,,
2007-11-02,,
2007-11-03,,
2007-11-04,,
2007-11-05,,
2007-11-06,,
2007-11-07,,
2007-11-08,,
2007-11-09,,
2007-11-10,,
2007-11-11,,
2007-11-12,,
2007-11-13,,
2007-11-14,,
2007-11-15,,
2007-11-16,,
2007-11-17,,
2007-11-18,,
2007-11-19,,
2007-11-20,,
2007-11-21,,
2007-11-22,,
2007-11-23,,
2007-11-24,,
2007-11-25,,
2007-11-26,,
2007-11-27,,
2007-11-28,,
2007-11-29,,
2007-11-30,,
2007-12-01,,
2007-12-02,,
2007-12-03,,
2007-12-04,,
2007-12-05,,
2007-12-06,,
2007-12-07,,
2007-12-08,,
2007-12-09,,
2007-12-10,,
2007-12-11,,
2007-12-12,,
2007-12-13,,
2007-12-14,,
2007-12-15,,
2007-12-16,,
2007-12-17,,
2007-12-18,,
2007-12-19,,
2007-12-20,,
2007-12-21,,
2007-12-22,,
2007-12-23,,
2007-12-24,,
2007-12-25,,
2007-12-26,,
2007-12-27,,
2007-12-28,,
2007-12-29,,
2007-12-30,,
2007-12-31,,
2008-01-01,,
2008-01-02,,
2008-01-03,,
2008-01-04,,
2008-01-05,,
2008-01-06,,
2008-01-07,,
2008-01-08,,
2008-01-09,,
2008-01-10,,
2008-01-11,,
2008-01-12,,
2008-01-13,,
2008-01-14,,
2008-01-15,,
2008-01-16,,
2008-01-17,,
2008-01-18,,
2008-01-19,,
2008-01-20,,
2008-01-21,,
2008-01-22,,
2008-01-23,,
2008-01-24,,
2008-01-25,,
2008-01-26,,
2008-01-27,,
2008-01-28,,
2008-01-29,,
2008-01-30,,
2008-01-31,,
2008-02-01,,
2008-02-02,,
2008-02-03,,
2008-02-04,,
2008-02-05,,
2008-02-06,77.978,
2008-02-07,77.978,
2008-02-08,77.978,
2008-02-09,77.978,
2008-02-10,77.978,
2008-02-11,77.978,
2008-02-12,77.978,
2008-02-13,77.368,
2008-02-14,77.064,
2008-02-15,76.454,
2008-02-16,76.149,
2008-02-17,75.844,
2008-02-18,75.235,
2008-02-19,74.93,
2008-02-20,74.625,
2008-02-21,75.54,
2008-02-22,78.892,
2008-02-23,83.464,
2008-02-24,88.951,
2008-02-25,94.132,
2008-02-26,94.437,
2008-02-27,94.742,
2008-02-28,94.742,
2008-02-29,94.437,
2008-03-01,94.132,
2008-03-02,93.523,
2008-03-03,92.913,
2008-03-04,92.608,
2008-03-05,92.304,
2008-03-06,91.999,
2008-03-07,91.694,
2008-03-08,91.389,
2008-03-09,91.084,
2008-03-10,91.084,
2008-03-11,91.389,
2008-03-12,91.694,
2008-03-13,91.694,
2008-03-14,91.694,
2008-03-15,91.694,
2008-03-16,91.999,
2008-03-17,92.304,
2008-03-18,92.304,
2008-03-19,92.608,
2008-03-20,92.608,
2008-03-21,93.523,
2008-03-22,94.132,
2008-03-23,93.828,
2008-03-24,93.523,
2008-03-25,92.304,
2008-03-26,90.78,
2008-03-27,88.646,
2008-03-28,87.122,
2008-03-29,83.769,
2008-03-30,81.94,
2008-03-31,83.16,
2008-04-01,83.16,
2008-04-02,81.94,
2008-04-03,80.721,
2008-04-04,78.588,
2008-04-05,77.368,
2008-04-06,76.149,
2008-04-07,74.625,
2008-04-08,73.711,
2008-04-09,73.406,
2008-04-10,72.796,
2008-04-11,71.272,
2008-04-12,69.748,
2008-04-13,68.529,
2008-04-14,67.92,
2008-04-15,65.481,
2008-04-16,66.396,
2008-04-17,65.176,
2008-04-18,61.214,
2008-04-19,59.69,
2008-04-20,58.776,
2008-04-21,58.776,
2008-04-22,54.204,
2008-04-23,50.241,
2008-04-24,47.193,
2008-04-25,45.669,
2008-04-26,42.926,
2008-04-27,39.268,
2008-04-28,35.001,
2008-04-29,31.344,
2008-04-30,28.296,
2008-05-01,25.857,
2008-05-02,21.59,
2008-05-03,17.78,
2008-05-04,13.97,
2008-05-05,10.16,
2008-05-06,6.35,
2008-05-07,2.388,
2008-05-08,1.473,
2008-05-09,0.508,
2008-05-10,0.0,
2008-05-11,0.0,
2008-05-12,0.0,
2008-05-13,0.0,
2008-05-14,0.0,
2008-05-15,0.0,
2008-05-16,0.0,
2008-05-17,0.0,
2008-05-18,0.0,
2008-05-19,0.0,
2008-05-20,0.0,
2008-05-21,0.0,
2008-05-22,0.0,
2008-05-23,0.0,
2008-05-24,0.0,
2008-05-25,0.0,
2008-05-26,0.0,
2008-05-27,0.0,
2008-05-28,0.0,
2008-05-29,0.0,
2008-05-30,0.0,
2008-05-31,0.0,
2008-06-01,0.0,
2008-06-02,0.0,
2008-06-03,0.0,
2008-06-04,0.0,
2008-06-05,0.0,
2008-06-06,0.0,
2008-06-07,0.0,
2008-06-08,0.0,
2008-06-09,0.0,
2008-06-10,0.0,
2008-06-11,0.0,
2008-06-12,0.0,
2008-06-13,0.0,
2008-06-14,0.0,
2008-06-15,0.0,
2008-06-16,0.0,
2008-06-17,0.0,
2008-06-18,0.0,
2008-06-19,0.0,
2008-06-20,0.0,
2008-06-21,0.0,
2008-06-22,0.0,
2008-06-23,0.0,
2008-06-24,0.0,
2008-06-25,0.0,
2008-06-26,0.0,
2008-06-27,0.0,
2008-06-28,0.0,
2008-06-29,0.0,
2008-06-30,0.0,
2008-07-01,0.0,
2008-07-02,0.0,
2008-07-03,0.0,
2008-07-04,0.0,
2008-07-05,0.0,
2008-07-06,0.0,
2008-07-07,0.0,
2008-07-08,0.0,
2008-07-09,0.0,
2008-07-10,0.0,
2008-07-11,0.0,
2008-07-12,0.0,
2008-07-13,0.0,
2008-07-14,0.0,
2008-07-15,0.0,
2008-07-16,0.0,
2008-07-17,0.0,
2008-07-18,0.0,
2008-07-19,0.0,
2008-07-20,0.0,
2008-07-21,0.0,
2008-07-22,0.0,
2008-07-23,0.0,
2008-07-24,0.0,
2008-07-25,0.0,
2008-07-26,0.0,
2008-07-27,0.0,
2008-07-28,0.0,
2008-07-29,0.0,
2008-07-30,0.0,
2008-07-31,0.0,
2008-08-01,0.0,
2008-08-02,0.0,
2008-08-03,0.0,
2008-08-04,0.0,
2008-08-05,0.0,
2008-08-06,0.0,
2008-08-07,0.0,
2008-08-08,0.0,
2008-08-09,0.0,
2008-08-10,0.0,
2008-08-11,0.0,
2008-08-12,0.0,
2008-08-13,0.0,
2008-08-14,0.0,
2008-08-15,0.0,
2008-08-16,0.0,
2008-08-17,0.0,
2008-08-18,0.0,
2008-08-19,0.0,
2008-08-20,0.0,
2008-08-21,0.0,
2008-08-22,0.0,
2008-08-23,0.0,
2008-08-24,0.0,
2008-08-25,0.0,
2008-08-26,0.0,
2008-08-27,0.0,
2008-08-28,0.0,
2008-08-29,0.0,
2008-08-30,0.0,
2008-08-31,0.0,
2008-09-01,0.0,
2008-09-02,0.0,
2008-09-03,0.0,
2008-09-04,0.0,
2008-09-05,0.0,
2008-09-06,0.0,
2008-09-07,0.0,
2008-09-08,0.0,
2008-09-09,0.0,
2008-09-10,0.0,
2008-09-11,0.0,
2008-09-12,0.0,
2008-09-13,0.0,
2008-09-14,0.0,
2008-09-15,0.0,
2008-09-16,0.0,
2008-09-17,0.0,
2008-09-18,0.0,
2008-09-19,0.0,
2008-09-20,0.0,
2008-09-21,0.0,
2008-09-22,0.0,
2008-09-23,0.0,
2008-09-24,0.0,
2008-09-25,0.0,
2008-09-26,0.0,
2008-09-27,0.0,
2008-09-28,0.0,
2008-09-29,0.0,
2008-09-30,0.0,
2008-10-01,0.0,
2008-10-02,0.0,
2008-10-03,0.0,
2008-10-04,0.0,
2008-10-05,0.0,
2008-10-06,0.0,
2008-10-07,0.0,
2008-10-08,0.0,
2008-10-09,0.0,
2008-10-10,0.0,
2008-10-11,0.0,
2008-10-12,0.0,
2008-10-13,0.0,
2008-10-14,0.0,
2008-10-15,0.0,
2008-10-16,0.0,
2008-10-17,0.0,
2008-10-18,0.0,
2008-10-19,0.0,
2008-10-20,0.0,
2008-10-21,0.0,
2008-10-22,0.0,
2008-10-23,0.0,
2008-10-24,0.0,
2008-10-25,0.0,
2008-10-26,0.0,
2008-10-27,0.0,
2008-10-28,0.0,
2008-10-29,0.0,
2008-10-30,0.0,
2008-10-31,0.0,
2008-11-01,0.0,
2008-11-02,0.0,
2008-11-03,0.0,
2008-11-04,0.0,
2008-11-05,0.0,
2008-11-06,0.0,
2008-11-07,0.0,
2008-11-08,0.0,
2008-11-09,1.829,
2008-11-10,2.134,
2008-11-11,2.134,
2008-11-12,2.438,
2008-11-13,1.219,
2008-11-14,0.61,
2008-11-15,0.305,
2008-11-16,0.0,
2008-11-17,0.0,
2008-11-18,0.0,
2008-11-19,0.0,
2008-11-20,0.0,
2008-11-21,0.0,
2008-11-22,0.0,
2008-11-23,0.0,
2008-11-24,0.0,
2008-11-25,1.524,
2008-11-26,2.032,
2008-11-27,2.032,
2008-11-28,1.778,
2008-11-29,1.016,
2008-11-30,0.762,
2008-12-01,0.762,
2008-12-02,0.762,
2008-12-03,0.762,
2008-12-04,2.743,
2008-12-05,4.267,
2008-12-06,4.572,
2008-12-07,5.182,
2008-12-08,5.182,
2008-12-09,6.401,
2008-12-10,6.401,
2008-12-11,6.401,
2008-12-12,7.01,
2008-12-13,7.01,
2008-12-14,7.925,
2008-12-15,12.497,
2008-12-16,14.63,
2008-12-17,14.63,
2008-12-18,14.326,
2008-12-19,14.021,
2008-12-20,14.021,
2008-12-21,14.021,
2008-12-22,16.764,
2008-12-23,17.983,
2008-12-24,18.288,
2008-12-25,21.031,
2008-12-26,29.261,
2008-12-27,29.566,
2008-12-28,29.566,
2008-12-29,29.261,
2008-12-30,29.261,
2008-12-31,28.956,
2009-01-01,28.651,
2009-01-02,28.651,
2009-01-03,28.956,
2009-01-04,28.651,
2009-01-05,28.651,
2009-01-06,28.651,
2009-01-07,28.346,
2009-01-08,28.346,
2009-01-09,28.346,
2009-01-10,27.737,
2009-01-11,27.432,
2009-01-12,27.432,
2009-01-13,27.432,
2009-01-14,27.737,
2009-01-15,27.432,
2009-01-16,26.822,
2009-01-17,26.822,
2009-01-18,26.518,
2009-01-19,27.737,
2009-01-20,26.518,
2009-01-21,25.603,
2009-01-22,25.603,
2009-01-23,27.127,
2009-01-24,28.956,
2009-01-25,30.785,
2009-01-26,32.004,
2009-01-27,32.004,
2009-01-28,32.004,
2009-01-29,31.699,
2009-01-30,31.09,
2009-01-31,29.87,
2009-02-01,28.651,
2009-02-02,27.432,
2009-02-03,26.213,
2009-02-04,25.603,
2009-02-05,25.908,
2009-02-06,26.518,
2009-02-07,32.614,
2009-02-08,34.138,
2009-02-09,39.624,
2009-02-10,40.843,
2009-02-11,41.148,
2009-02-12,42.977,
2009-02-13,43.282,
2009-02-14,44.806,
2009-02-15,45.415,
2009-02-16,45.72,
2009-02-17,55.169,
2009-02-18,57.302,
2009-02-19,57.302,
2009-02-20,57.607,
2009-02-21,57.302,
2009-02-22,57.607,
2009-02-23,60.046,
2009-02-24,59.944,
2009-02-25,59.131,
2009-02-26,59.131,
2009-02-27,59.131,
2009-02-28,59.131,
2009-03-01,59.131,
2009-03-02,59.131,
2009-03-03,58.522,
2009-03-04,60.655,
2009-03-05,63.398,
2009-03-06,63.398,
2009-03-07,63.398,
2009-03-08,63.703,
2009-03-09,63.703,
2009-03-10,63.094,
2009-03-11,63.094,
2009-03-12,62.789,
2009-03-13,62.789,
2009-03-14,62.484,
2009-03-15,61.874,
2009-03-16,61.57,
2009-03-17,59.741,
2009-03-18,58.522,
2009-03-19,56.693,
2009-03-20,56.083,
2009-03-21,54.254,
2009-03-22,55.169,
2009-03-23,58.522,
2009-03-24,59.131,
2009-03-25,58.826,
2009-03-26,58.522,
2009-03-27,56.693,
2009-03-28,54.254,
2009-03-29,52.73,
2009-03-30,51.816,
2009-03-31,50.597,
2009-04-01,49.073,
2009-04-02,47.244,
2009-04-03,46.99,
2009-04-04,46.634,
2009-04-05,45.72,
2009-04-06,44.501,
2009-04-07,42.672,
2009-04-08,43.282,
2009-04-09,45.72,
2009-04-10,46.33,
2009-04-11,46.939,
2009-04-12,46.939,
2009-04-13,45.415,
2009-04-14,43.891,
2009-04-15,43.891,
2009-04-16,43.891,
2009-04-17,43.586,
2009-04-18,41.758,
2009-04-19,39.319,
2009-04-20,36.881,
2009-04-21,33.833,
2009-04-22,31.394,
2009-04-23,29.87,
2009-04-24,24.689,
2009-04-25,23.47,
2009-04-26,22.86,
2009-04-27,21.641,
2009-04-28,16.459,
2009-04-29,14.021,
2009-04-30,10.363,
2009-05-01,5.182,
2009-05-02,3.048,
2009-05-03,0.0,
2009-05-04,0.0,
2009-05-05,0.0,
2009-05-06,0.0,
2009-05-07,0.0,
2009-05-08,0.0,
2009-05-09,0.0,
2009-05-10,0.0,
2009-05-11,0.0,
2009-05-12,0.0,
2009-05-13,0.0,
2009-05-14,0.0,
2009-05-15,0.0,
2009-05-16,0.0,
2009-05-17,0.0,
2009-05-18,0.0,
2009-05-19,0.0,
2009-05-20,0.0,
2009-05-21,0.0,
2009-05-22,0.0,
2009-05-23,0.0,
2009-05-24,0.0,
2009-05-25,0.0,
2009-05-26,0.0,
2009-05-27,0.0,
2009-05-28,0.0,
2009-05-29,0.0,
2009-05-30,0.0,
2009-05-31,0.0,
2009-06-01,0.0,
2009-06-02,0.0,
2009-06-03,0.0,
2009-06-04,0.0,
2009-06-05,0.0,
2009-06-06,0.0,
2009-06-07,0.0,
2009-06-08,0.0,
2009-06-09,0.0,
2009-06-10,0.0,
2009-06-11,0.0,
2009-06-12,0.0,
2009-06-13,0.0,
2009-06-14,0.0,
2009-06-15,0.0,
2009-06-16,0.0,
2009-06-17,0.0,
2009-06-18,0.0,
2009-06-19,0.0,
2009-06-20,0.0,
2009-06-21,0.0,
2009-06-22,0.0,
2009-06-23,0.0,
2009-06-24,0.0,
2009-06-25,0.0,
2009-06-26,0.0,
2009-06-27,0.0,
2009-06-28,0.0,
2009-06-29,0.0,
2009-06-30,0.0,
2009-07-01,0.0,
2009-07-02,0.0,
2009-07-03,0.0,
2009-07-04,0.0,
2009-07-05,0.0,
2009-07-06,0.0,
2009-07-07,0.0,
2009-07-08,0.0,
2009-07-09,0.0,
2009-07-10,0.0,
2009-07-11,0.0,
2009-07-12,0.0,
2009-07-13,0.0,
2009-07-14,0.0,
2009-07-15,0.0,
2009-07-16,,
2009-07-17,0.0,
2009-07-18,0.0,
2009-07-19,0.0,
2009-07-20,0.0,
2009-07-21,0.0,
2009-07-22,0.0,
2009-07-23,0.0,
2009-07-24,0.0,
2009-07-25,0.0,
2009-07-26,0.0,
2009-07-27,0.0,
2009-07-28,0.0,
2009-07-29,0.0,
2009-07-30,0.0,
2009-07-31,0.0,
2009-08-01,0.0,
2009-08-02,0.0,
2009-08-03,0.0,
2009-08-04,0.0,
2009-08-05,0.0,
2009-08-06,0.0,
2009-08-07,0.0,
2009-08-08,0.0,
2009-08-09,0.0,
2009-08-10,0.0,
2009-08-11,0.0,
2009-08-12,0.0,
2009-08-13,0.0,
2009-08-14,0.0,
2009-08-15,0.0,
2009-08-16,0.0,
2009-08-17,0.0,
2009-08-18,0.0,
2009-08-19,0.0,
2009-08-20,0.0,
2009-08-21,0.0,
2009-08-22,0.0,
2009-08-23,0.0,
2009-08-24,0.0,
2009-08-25,0.0,
2009-08-26,0.0,
2009-08-27,0.0,
2009-08-28,0.0,
2009-08-29,0.0,
2009-08-30,0.0,
2009-08-31,0.0,
2009-09-01,0.0,
2009-09-02,0.0,
2009-09-03,0.0,
2009-09-04,0.0,
2009-09-05,0.0,
2009-09-06,0.0,
2009-09-07,0.0,
2009-09-08,0.0,
2009-09-09,0.0,
2009-09-10,0.0,
2009-09-11,0.0,
2009-09-12,0.0,
2009-09-13,0.0,
2009-09-14,0.0,
2009-09-15,0.0,
2009-09-16,0.0,
2009-09-17,0.0,
2009-09-18,0.0,
2009-09-19,0.0,
2009-09-20,0.0,
2009-09-21,0.0,
2009-09-22,0.0,
2009-09-23,0.0,
2009-09-24,0.0,
2009-09-25,0.0,
2009-09-26,0.0,
2009-09-27,0.0,
2009-09-28,0.0,
2009-09-29,0.0,
2009-09-30,0.0,
2009-10-01,0.0,
2009-10-02,0.0,
2009-10-03,0.0,
2009-10-04,0.0,
2009-10-05,0.0,
2009-10-06,0.0,
2009-10-07,0.0,
2009-10-08,0.0,
2009-10-09,0.0,
2009-10-10,0.0,
2009-10-11,0.0,
2009-10-12,0.0,
2009-10-13,1.219,
2009-10-14,1.829,
2009-10-15,1.524,
2009-10-16,1.524,
2009-10-17,1.524,
2009-10-18,1.524,
2009-10-19,1.524,
2009-10-20,1.524,
2009-10-21,1.524,
2009-10-22,1.524,
2009-10-23,1.524,
2009-10-24,1.524,
2009-10-25,1.524,
2009-10-26,1.524,
2009-10-27,1.524,
2009-10-28,1.524,
2009-10-29,2.134,
2009-10-30,1.829,
2009-10-31,1.829,
2009-11-01,0.559,
2009-11-02,0.559,
2009-11-03,0.559,
2009-11-04,0.559,
2009-11-05,0.559,
2009-11-06,0.559,
2009-11-07,0.864,
2009-11-08,1.473,
2009-11-09,1.778,
2009-11-10,2.083,
2009-11-11,1.168,
2009-11-12,0.559,
2009-11-13,0.254,
2009-11-14,0.559,
2009-11-15,0.864,
2009-11-16,1.473,
2009-11-17,1.473,
2009-11-18,1.778,
2009-11-19,2.083,
2009-11-20,2.997,
2009-11-21,3.912,
2009-11-22,3.302,
2009-11-23,3.607,
2009-11-24,3.912,
2009-11-25,4.216,
2009-11-26,4.521,
2009-11-27,4.826,
2009-11-28,6.35,
2009-11-29,5.436,
2009-11-30,5.131,
2009-12-01,7.264,
2009-12-02,7.264,
2009-12-03,7.264,
2009-12-04,8.484,
2009-12-05,9.703,
2009-12-06,10.922,
2009-12-07,13.665,
2009-12-08,17.932,
2009-12-09,16.408,
2009-12-10,15.799,
2009-12-11,16.104,
2009-12-12,19.761,
2009-12-13,31.039,
2009-12-14,31.953,
2009-12-15,31.648,
2009-12-16,31.039,
2009-12-17,30.429,
2009-12-18,29.515,
2009-12-19,28.6,
2009-12-20,27.686,
2009-12-21,26.772,
2009-12-22,28.296,
2009-12-23,27.991,
2009-12-24,27.076,
2009-12-25,26.467,
2009-12-26,25.552,
2009-12-27,25.248,
2009-12-28,24.638,
2009-12-29,24.028,
2009-12-30,24.028,
2009-12-31,24.333,
2010-01-01,24.028,
2010-01-02,23.724,
2010-01-03,23.419,
2010-01-04,23.114,
2010-01-05,22.809,
2010-01-06,22.504,
2010-01-07,22.504,
2010-01-08,22.2,
2010-01-09,22.2,
2010-01-10,22.2,
2010-01-11,21.895,
2010-01-12,21.895,
2010-01-13,22.809,
2010-01-14,24.638,
2010-01-15,24.943,
2010-01-16,24.943,
2010-01-17,24.638,
2010-01-18,25.248,
2010-01-19,32.563,
2010-01-20,35.611,
2010-01-21,42.012,
2010-01-22,49.327,
2010-01-23,50.851,
2010-01-24,50.851,
2010-01-25,50.851,
2010-01-26,50.851,
2010-01-27,50.546,
2010-01-28,50.241,
2010-01-29,49.936,
2010-01-30,49.936,
2010-01-31,49.632,
2010-02-01,49.632,
2010-02-02,49.632,
2010-02-03,49.632,
2010-02-04,49.632,
2010-02-05,50.851,
2010-02-06,54.813,
2010-02-07,57.861,
2010-02-08,58.166,
2010-02-09,58.166,
2010-02-10,58.471,
2010-02-11,58.471,
2010-02-12,58.776,
2010-02-13,58.776,
2010-02-14,58.776,
2010-02-15,58.471,
2010-02-16,58.166,
2010-02-17,57.252,
2010-02-18,55.118,
2010-02-19,55.118,
2010-02-20,55.118,
2010-02-21,56.642,
2010-02-22,58.166,
2010-02-23,58.471,
2010-02-24,60.3,
2010-02-25,63.043,
2010-02-26,63.348,
2010-02-27,67.615,
2010-02-28,69.139,
2010-03-01,69.748,
2010-03-02,70.053,
2010-03-03,71.272,
2010-03-04,74.93,
2010-03-05,75.235,
2010-03-06,75.844,
2010-03-07,76.454,
2010-03-08,76.454,
2010-03-09,77.978,
2010-03-10,78.283,
2010-03-11,78.588,
2010-03-12,78.588,
2010-03-13,80.416,
2010-03-14,81.026,
2010-03-15,80.112,
2010-03-16,79.502,
2010-03-17,77.673,
2010-03-18,76.759,
2010-03-19,75.235,
2010-03-20,74.93,
2010-03-21,74.93,
2010-03-22,74.93,
2010-03-23,74.93,
2010-03-24,74.32,
2010-03-25,73.711,
2010-03-26,73.711,
2010-03-27,73.406,
2010-03-28,72.187,
2010-03-29,70.968,
2010-03-30,70.358,
2010-03-31,70.358,
2010-04-01,72.492,
2010-04-02,72.796,
2010-04-03,73.101,
2010-04-04,73.406,
2010-04-05,76.454,
2010-04-06,80.416,
2010-04-07,80.721,
2010-04-08,79.502,
2010-04-09,77.978,
2010-04-10,77.064,
2010-04-11,76.759,
2010-04-12,80.112,
2010-04-13,81.636,
2010-04-14,81.94,
2010-04-15,81.636,
2010-04-16,81.026,
2010-04-17,80.112,
2010-04-18,78.588,
2010-04-19,77.673,
2010-04-20,74.93,
2010-04-21,78.283,
2010-04-22,79.502,
2010-04-23,80.112,
2010-04-24,80.112,
2010-04-25,79.502,
2010-04-26,77.673,
2010-04-27,75.844,
2010-04-28,75.844,
2010-04-29,75.844,
2010-04-30,75.235,
2010-05-01,74.625,
2010-05-02,72.796,
2010-05-03,70.968,
2010-05-04,68.529,
2010-05-05,66.091,
2010-05-06,63.957,
2010-05-07,61.214,
2010-05-08,58.471,
2010-05-09,56.032,
2010-05-10,51.156,
2010-05-11,48.412,
2010-05-12,48.412,
2010-05-13,46.279,
2010-05-14,45.364,
2010-05-15,44.755,
2010-05-16,44.145,
2010-05-17,40.488,
2010-05-18,37.44,
2010-05-19,35.611,
2010-05-20,32.868,
2010-05-21,30.734,
2010-05-22,28.905,
2010-05-23,26.772,
2010-05-24,26.467,
2010-05-25,27.076,
2010-05-26,24.943,
2010-05-27,22.504,
2010-05-28,21.285,
2010-05-29,20.066,
2010-05-30,16.408,
2010-05-31,12.751,
2010-06-01,8.179,
2010-06-02,2.997,
2010-06-03,0.305,
2010-06-04,0.0,
2010-06-05,0.0,
2010-06-06,0.0,
2010-06-07,0.0,
2010-06-08,0.0,
2010-06-09,0.0,
2010-06-10,0.0,
2010-06-11,0.0,
2010-06-12,0.0,
2010-06-13,0.0,
2010-06-14,0.0,
2010-06-15,0.0,
2010-06-16,0.0,
2010-06-17,0.0,
2010-06-18,0.0,
2010-06-19,0.0,
2010-06-20,0.0,
2010-06-21,0.0,
2010-06-22,0.0,
2010-06-23,0.0,
2010-06-24,0.0,
2010-06-25,0.0,
2010-06-26,0.0,
2010-06-27,0.0,
2010-06-28,0.0,
2010-06-29,0.0,
2010-06-30,0.0,
2010-07-01,0.0,
2010-07-02,0.0,
2010-07-03,0.0,
2010-07-04,0.0,
2010-07-05,0.0,
2010-07-06,0.0,
2010-07-07,0.0,
2010-07-08,0.0,
2010-07-09,0.0,
2010-07-10,0.0,
2010-07-11,0.0,
2010-07-12,0.0,
2010-07-13,0.0,
2010-07-14,0.0,
2010-07-15,0.0,
2010-07-16,0.0,
2010-07-17,0.0,
2010-07-18,0.0,
2010-07-19,0.0,
2010-07-20,0.0,
2010-07-21,0.0,
2010-07-22,0.0,
2010-07-23,0.0,
2010-07-24,0.0,
2010-07-25,0.0,
2010-07-26,0.0,
2010-07-27,0.0,
2010-07-28,0.0,
2010-07-29,0.0,
2010-07-30,0.0,
2010-07-31,0.0,
2010-08-01,0.0,
2010-08-02,0.0,
2010-08-03,0.0,
2010-08-04,0.0,
2010-08-05,0.0,
2010-08-06,0.0,
2010-08-07,0.0,
2010-08-08,0.0,
2010-08-09,0.0,
2010-08-10,0.0,
2010-08-11,0.0,
2010-08-12,0.0,
2010-08-13,0.0,
2010-08-14,0.0,
2010-08-15,0.0,
2010-08-16,0.0,
2010-08-17,0.0,
2010-08-18,0.0,
2010-08-19,0.0,
2010-08-20,0.0,
2010-08-21,0.0,
2010-08-22,0.0,
2010-08-23,0.0,
2010-08-24,0.0,
2010-08-25,0.0,
2010-08-26,0.0,
2010-08-27,0.0,
2010-08-28,0.0,
2010-08-29,0.0,
2010-08-30,0.0,
2010-08-31,0.0,
2010-09-01,0.0,
2010-09-02,0.0,
2010-09-03,0.0,
2010-09-04,0.0,
2010-09-05,0.0,
2010-09-06,0.0,
2010-09-07,0.0,
2010-09-08,0.0,
2010-09-09,0.0,
2010-09-10,0.0,
2010-09-11,0.0,
2010-09-12,0.0,
2010-09-13,0.0,
2010-09-14,0.0,
2010-09-15,0.0,
2010-09-16,0.0,
2010-09-17,0.0,
2010-09-18,0.0,
2010-09-19,0.0,
2010-09-20,0.0,
2010-09-21,0.0,
2010-09-22,0.0,
2010-09-23,0.0,
2010-09-24,0.0,
2010-09-25,0.0,
2010-09-26,0.0,
2010-09-27,0.0,
2010-09-28,0.0,
2010-09-29,0.0,
2010-09-30,0.0,
2010-10-01,0.0,
2010-10-02,0.0,
2010-10-03,0.0,
2010-10-04,0.0,
2010-10-05,0.0,
2010-10-06,0.0,
2010-10-07,0.0,
2010-10-08,0.0,
2010-10-09,0.0,
2010-10-10,0.0,
2010-10-11,0.0,
2010-10-12,0.0,
2010-10-13,0.0,
2010-10-14,0.0,
2010-10-15,0.0,
2010-10-16,0.0,
2010-10-17,0.0,
2010-10-18,0.0,
2010-10-19,0.0,
2010-10-20,0.0,
2010-10-21,0.0,
2010-10-22,0.0,
2010-10-23,0.0,
2010-10-24,0.0,
2010-10-25,0.0,
2010-10-26,0.0,
2010-10-27,0.0,
2010-10-28,0.0,
2010-10-29,0.0,
2010-10-30,0.0,
2010-10-31,0.0,
2010-11-01,0.0,
2010-11-02,0.0,
2010-11-03,0.0,
2010-11-04,0.0,
2010-11-05,0.0,
2010-11-06,0.0,
2010-11-07,0.0,
2010-11-08,0.0,
2010-11-09,0.0,
2010-11-10,0.0,
2010-11-11,0.0,
2010-11-12,0.0,
2010-11-13,0.0,
2010-11-14,0.0,
2010-11-15,0.0,
2010-11-16,2.438,
2010-11-17,2.743,
2010-11-18,3.048,
2010-11-19,2.743,
2010-11-20,2.134,
2010-11-21,7.315,
2010-11-22,8.534,
2010-11-23,8.23,
2010-11-24,9.449,
2010-11-25,9.449,
2010-11-26,9.449,
2010-11-27,9.449,
2010-11-28,11.278,
2010-11-29,10.973,
2010-11-30,10.973,
2010-12-01,10.973,
2010-12-02,10.973,
2010-12-03,10.973,
2010-12-04,10.973,
2010-12-05,10.973,
2010-12-06,12.192,
2010-12-07,11.887,
2010-12-08,11.887,
2010-12-09,11.887,
2010-12-10,11.582,
2010-12-11,10.973,
2010-12-12,10.058,
2010-12-13,9.449,
2010-12-14,9.754,
2010-12-15,11.582,
2010-12-16,11.887,
2010-12-17,12.192,
2010-12-18,17.78,
2010-12-19,23.927,
2010-12-20,36.271,
2010-12-21,39.624,
2010-12-22,43.18,
2010-12-23,46.99,
2010-12-24,50.292,
2010-12-25,49.378,
2010-12-26,51.511,
2010-12-27,51.511,
2010-12-28,51.511,
2010-12-29,56.388,
2010-12-30,59.436,
2010-12-31,59.436,
2011-01-01,59.436,
2011-01-02,63.398,
2011-01-03,66.446,
2011-01-04,66.751,
2011-01-05,66.751,
2011-01-06,66.446,
2011-01-07,66.446,
2011-01-08,66.142,
2011-01-09,66.142,
2011-01-10,65.837,
2011-01-11,65.532,
2011-01-12,65.837,
2011-01-13,65.532,
2011-01-14,65.227,
2011-01-15,64.922,
2011-01-16,64.313,
2011-01-17,63.703,
2011-01-18,62.789,
2011-01-19,62.179,
2011-01-20,61.57,
2011-01-21,60.96,
2011-01-22,60.35,
2011-01-23,59.741,
2011-01-24,59.131,
2011-01-25,58.522,
2011-01-26,57.912,
2011-01-27,57.302,
2011-01-28,56.998,
2011-01-29,56.388,
2011-01-30,55.778,
2011-01-31,56.998,
2011-02-01,56.388,
2011-02-02,55.778,
2011-02-03,55.474,
2011-02-04,54.864,
2011-02-05,53.645,
2011-02-06,52.73,
2011-02-07,52.121,
2011-02-08,51.816,
2011-02-09,52.121,
2011-02-10,52.121,
2011-02-11,52.121,
2011-02-12,52.121,
2011-02-13,52.121,
2011-02-14,52.426,
2011-02-15,52.73,
2011-02-16,53.34,
2011-02-17,59.131,
2011-02-18,60.655,
2011-02-19,64.008,
2011-02-20,66.446,
2011-02-21,67.361,
2011-02-22,67.97,
2011-02-23,68.58,
2011-02-24,69.494,
2011-02-25,70.409,
2011-02-26,77.114,
2011-02-27,78.334,
2011-02-28,80.162,
2011-03-01,81.382,
2011-03-02,82.296,
2011-03-03,79.248,
2011-03-04,79.553,
2011-03-05,80.772,
2011-03-06,81.382,
2011-03-07,83.21,
2011-03-08,84.125,
2011-03-09,85.039,
2011-03-10,84.734,
2011-03-11,83.82,
2011-03-12,83.515,
2011-03-13,83.21,
2011-03-14,83.21,
2011-03-15,82.906,
2011-03-16,81.686,
2011-03-17,81.991,
2011-03-18,82.296,
2011-03-19,84.125,
2011-03-20,86.563,
2011-03-21,94.183,
2011-03-22,97.536,
2011-03-23,98.146,
2011-03-24,104.546,
2011-03-25,109.423,
2011-03-26,110.947,
2011-03-27,112.471,
2011-03-28,110.947,
2011-03-29,110.642,
2011-03-30,110.033,
2011-03-31,108.814,
2011-04-01,108.814,
2011-04-02,108.204,
2011-04-03,107.594,
2011-04-04,107.29,
2011-04-05,106.375,
2011-04-06,105.766,
2011-04-07,105.156,
2011-04-08,106.985,
2011-04-09,108.204,
2011-04-10,108.509,
2011-04-11,108.814,
2011-04-12,107.594,
2011-04-13,106.375,
2011-04-14,106.07,
2011-04-15,106.07,
2011-04-16,104.242,
2011-04-17,102.718,
2011-04-18,101.498,
2011-04-19,100.889,
2011-04-20,99.974,
2011-04-21,100.279,
2011-04-22,99.06,
2011-04-23,97.841,
2011-04-24,96.622,
2011-04-25,95.707,
2011-04-26,94.793,
2011-04-27,93.574,
2011-04-28,91.745,
2011-04-29,90.526,
2011-04-30,88.697,
2011-05-01,88.087,
2011-05-02,85.954,
2011-05-03,83.82,
2011-05-04,81.991,
2011-05-05,79.553,
2011-05-06,77.114,
2011-05-07,73.762,
2011-05-08,69.799,
2011-05-09,67.361,
2011-05-10,67.056,
2011-05-11,65.837,
2011-05-12,63.094,
2011-05-13,60.046,
2011-05-14,57.607,
2011-05-15,55.169,
2011-05-16,55.778,
2011-05-17,56.083,
2011-05-18,57.607,
2011-05-19,58.522,
2011-05-20,57.302,
2011-05-21,56.083,
2011-05-22,54.559,
2011-05-23,52.73,
2011-05-24,51.511,
2011-05-25,49.378,
2011-05-26,47.549,
2011-05-27,44.196,
2011-05-28,41.148,
2011-05-29,35.662,
2011-05-30,35.052,
2011-05-31,33.528,
2011-06-01,31.09,
2011-06-02,29.261,
2011-06-03,26.213,
2011-06-04,23.47,
2011-06-05,22.86,
2011-06-06,21.031,
2011-06-07,20.422,
2011-06-08,16.764,
2011-06-09,12.802,
2011-06-10,7.315,
2011-06-11,0.0,
2011-06-12,0.0,
2011-06-13,0.0,
2011-06-14,0.0,
2011-06-15,0.0,
2011-06-16,0.0,
2011-06-17,0.0,
2011-06-18,0.0,
2011-06-19,0.0,
2011-06-20,0.0,
2011-06-21,0.0,
2011-06-22,0.0,
2011-06-23,0.0,
2011-06-24,0.0,
2011-06-25,0.0,
2011-06-26,0.0,
2011-06-27,0.0,
2011-06-28,0.0,
2011-06-29,0.0,
2011-06-30,0.0,
2011-07-01,0.0,
2011-07-02,0.0,
2011-07-03,0.0,
2011-07-04,0.0,
2011-07-05,0.0,
2011-07-06,0.0,
2011-07-07,0.0,
2011-07-08,0.0,
2011-07-09,0.0,
2011-07-10,0.0,
2011-07-11,0.0,
2011-07-12,0.0,
2011-07-13,0.0,
2011-07-14,0.0,
2011-07-15,0.0,
2011-07-16,0.0,
2011-07-17,0.0,
2011-07-18,0.0,
2011-07-19,0.0,
2011-07-20,0.0,
2011-07-21,0.0,
2011-07-22,0.0,
2011-07-23,0.0,
2011-07-24,0.0,
2011-07-25,0.0,
2011-07-26,0.0,
2011-07-27,0.0,
2011-07-28,0.0,
2011-07-29,0.0,
2011-07-30,0.0,
2011-07-31,0.0,
2011-08-01,0.0,
2011-08-02,0.0,
2011-08-03,0.0,
2011-08-04,0.0,
2011-08-05,0.0,
2011-08-06,0.0,
2011-08-07,0.0,
2011-08-08,0.0,
2011-08-09,0.0,
2011-08-10,0.0,
2011-08-11,0.0,
2011-08-12,0.0,
2011-08-13,0.0,
2011-08-14,0.0,
2011-08-15,0.0,
2011-08-16,0.0,
2011-08-17,0.0,
2011-08-18,0.0,
2011-08-19,0.0,
2011-08-20,0.0,
2011-08-21,0.0,
2011-08-22,0.0,
2011-08-23,0.0,
2011-08-24,0.0,
2011-08-25,0.0,
2011-08-26,0.0,
2011-08-27,0.0,
2011-08-28,0.0,
2011-08-29,0.0,
2011-08-30,0.0,
2011-08-31,0.0,
2011-09-01,0.0,
2011-09-02,0.0,
2011-09-03,0.0,
2011-09-04,0.0,
2011-09-05,0.0,
2011-09-06,0.0,
2011-09-07,0.0,
2011-09-08,0.0,
2011-09-09,0.0,
2011-09-10,0.0,
2011-09-11,0.0,
2011-09-12,0.0,
2011-09-13,0.0,
2011-09-14,0.0,
2011-09-15,0.0,
2011-09-16,0.0,
2011-09-17,0.0,
2011-09-18,0.0,
2011-09-19,0.0,
2011-09-20,0.0,
2011-09-21,0.0,
2011-09-22,0.0,
2011-09-23,0.0,
2011-09-24,0.0,
2011-09-25,0.0,
2011-09-26,0.0,
2011-09-27,0.0,
2011-09-28,0.0,
2011-09-29,0.0,
2011-09-30,0.0,
2011-10-01,0.0,
2011-10-02,0.0,
2011-10-03,0.0,
2011-10-04,0.0,
2011-10-05,0.0,
2011-10-06,0.0,
2011-10-07,0.0,
2011-10-08,0.0,
2011-10-09,0.0,
2011-10-10,0.0,
2011-10-11,0.0,
2011-10-12,0.0,
2011-10-13,0.0,2.54
2011-10-14,0.0,
2011-10-15,0.0,12.7
2011-10-16,0.0,12.7
2011-10-17,0.0,15.24
2011-10-18,0.0,
2011-10-19,0.0,383.54
2011-10-20,0.0,
2011-10-21,0.0,
2011-10-22,0.0,
2011-10-23,0.0,5.08
2011-10-24,0.0,
2011-10-25,0.0,
2011-10-26,0.0,
2011-10-27,0.0,10.16
2011-10-28,0.0,
2011-10-29,0.0,5.08
2011-10-30,0.0,7.62
2011-10-31,0.0,
2011-11-01,0.0,-236.22
2011-11-02,0.0,7.62
2011-11-03,0.0,17.78
2011-11-04,0.0,17.78
2011-11-05,0.0,40.64
2011-11-06,0.254,
2011-11-07,1.168,350.52
2011-11-08,1.168,38.1
2011-11-09,1.168,
2011-11-10,0.864,27.94
2011-11-11,0.864,30.48
2011-11-12,2.692,30.48
2011-11-13,2.388,304.8
2011-11-14,1.778,
2011-11-15,2.083,
2011-11-16,2.388,
2011-11-17,2.388,25.4
2011-11-18,2.388,20.32
2011-11-19,2.388,22.86
2011-11-20,2.997,27.94
2011-11-21,3.302,
2011-11-22,3.302,40.64
2011-11-23,3.302,
2011-11-24,2.997,
2011-11-25,2.997,
2011-11-26,2.997,20.32
2011-11-27,3.302,
2011-11-28,3.302,25.4
2011-11-29,3.607,30.48
2011-11-30,4.216,30.48
2011-12-01,5.74,30.48
2011-12-02,5.842,30.48
2011-12-03,5.08,
2011-12-04,5.08,
2011-12-05,5.055,
2011-12-06,4.826,
2011-12-07,4.572,
2011-12-08,4.572,
2011-12-09,4.572,30.48
2011-12-10,4.572,30.48
2011-12-11,4.572,27.94
2011-12-12,4.572,388.62
2011-12-13,4.572,
2011-12-14,4.572,25.4
2011-12-15,4.572,
2011-12-16,4.572,
2011-12-17,4.572,
2011-12-18,4.572,15.24
2011-12-19,4.572,
2011-12-20,4.699,
2011-12-21,4.699,
2011-12-22,4.572,25.4
2011-12-23,4.572,25.4
2011-12-24,4.572,2.54
2011-12-25,4.572,7.62
2011-12-26,4.699,10.16
2011-12-27,4.699,-2.54
2011-12-28,4.699,
2011-12-29,4.699,
2011-12-30,4.699,15.24
2011-12-31,4.699,25.4
2012-01-01,4.699,17.78
2012-01-02,4.699,0.0
2012-01-03,4.699,7.62
2012-01-04,4.572,
2012-01-05,4.572,7.62
2012-01-06,4.572,10.16
2012-01-07,4.572,17.78
2012-01-08,4.572,
2012-01-09,4.572,
2012-01-10,4.445,
2012-01-11,4.318,12.7
2012-01-12,4.318,223.52
2012-01-13,4.318,2.54
2012-01-14,4.318,
2012-01-15,3.81,12.7
2012-01-16,3.81,
2012-01-17,3.81,10.16
2012-01-18,3.81,12.7
2012-01-19,5.08,27.94
2012-01-20,6.604,
2012-01-21,8.89,12.7
2012-01-22,10.16,
2012-01-23,11.43,
2012-01-24,13.716,363.22
2012-01-25,13.716,58.42
2012-01-26,13.716,
2012-01-27,13.716,58.42
2012-01-28,13.919,58.42
2012-01-29,14.224,
2012-01-30,14.605,
2012-01-31,14.834,269.24
2012-02-01,14.529,63.5
2012-02-02,14.224,
2012-02-03,14.224,45.72
2012-02-04,14.834,
2012-02-05,14.834,
2012-02-06,14.834,45.72
2012-02-07,14.834,50.8
2012-02-08,,
2012-02-09,,
2012-02-10,,
2012-02-11,,
2012-02-12,,
2012-02-13,,
2012-02-14,,
2012-02-15,,
2012-02-16,,
2012-02-17,,
2012-02-18,,
2012-02-19,,
2012-02-20,,
2012-02-21,,
2012-02-22,,
2012-02-23,,
2012-02-24,,
2012-02-25,,
2012-02-26,,
2012-02-27,,
2012-02-28,,
2012-02-29,,
2012-03-01,,
2012-03-02,,
2012-03-03,,
2012-03-04,,
2012-03-05,,
2012-03-06,,
2012-03-07,,
2012-03-08,,
2012-03-09,,
2012-03-10,,
2012-03-11,,
2012-03-12,,
2012-03-13,,
2012-03-14,,
2012-03-15,,
2012-03-16,,
2012-03-17,,
2012-03-18,,
2012-03-19,,
2012-03-20,,
2012-03-21,,
2012-03-22,,
2012-03-23,23.876,
2012-03-24,24.181,
2012-03-25,24.181,63.5
2012-03-26,24.232,
2012-03-27,24.79,73.66
2012-03-28,24.79,66.04
2012-03-29,25.705,66.04
2012-03-30,25.705,
2012-03-31,25.4,50.8
2012-04-01,25.095,48.26
2012-04-02,24.486,
2012-04-03,24.79,134.62
2012-04-04,24.79,45.72
2012-04-05,23.876,45.72
2012-04-06,22.352,
2012-04-07,21.438,40.64
2012-04-08,20.523,
2012-04-09,19.609,
2012-04-10,18.39,38.1
2012-04-11,17.78,
2012-04-12,16.561,
2012-04-13,16.256,
2012-04-14,19.304,
2012-04-15,19.304,
2012-04-16,20.218,
2012-04-17,20.523,
2012-04-18,20.218,58.42
2012-04-19,19.914,45.72
2012-04-20,18.999,40.64
2012-04-21,17.78,30.48
2012-04-22,15.951,187.96
2012-04-23,13.513,17.78
2012-04-24,10.465,
2012-04-25,9.55,
2012-04-26,11.074,160.02
2012-04-27,8.636,
2012-04-28,6.502,
2012-04-29,3.15,
2012-04-30,0.102,0.0
2012-05-01,0.0,
2012-05-02,0.0,
2012-05-03,0.0,81.28
2012-05-04,0.0,
2012-05-05,0.0,-5.08
2012-05-06,0.0,
2012-05-07,0.0,
2012-05-08,0.0,0.0
2012-05-09,0.0,
2012-05-10,0.0,
2012-05-11,0.0,327.66
2012-05-12,0.0,
2012-05-13,0.0,
2012-05-14,0.0,
2012-05-15,0.0,
2012-05-16,0.0,
2012-05-17,0.0,
2012-05-18,0.0,
2012-05-19,0.0,
2012-05-20,0.0,
2012-05-21,0.0,55.88
2012-05-22,0.0,
2012-05-23,0.0,203.2
2012-05-24,0.0,355.6
2012-05-25,0.0,
2012-05-26,0.0,218.44
2012-05-27,0.0,
2012-05-28,0.0,
2012-05-29,0.0,
2012-05-30,0.0,
2012-05-31,0.0,
2012-06-01,0.0,-2.54
2012-06-02,0.0,228.6
2012-06-03,0.0,
2012-06-04,0.0,
2012-06-05,0.0,
2012-06-06,0.0,
2012-06-07,0.0,-5.08
2012-06-08,0.0,
2012-06-09,0.0,
2012-06-10,0.0,185.42
2012-06-11,0.0,
2012-06-12,0.0,
2012-06-13,0.0,
2012-06-14,0.0,
2012-06-15,0.0,
2012-06-16,0.0,
2012-06-17,0.0,
2012-06-18,0.0,0.0
2012-06-19,0.0,33.02
2012-06-20,0.0,33.02
2012-06-21,0.0,33.02
2012-06-22,0.0,33.02
2012-06-23,0.0,33.02
2012-06-24,0.0,33.02
2012-06-25,0.0,33.02
2012-06-26,0.0,30.48
2012-06-27,0.0,30.48
2012-06-28,0.0,30.48
2012-06-29,0.0,30.48
2012-06-30,0.0,33.02
2012-07-01,0.0,33.02
2012-07-02,0.0,33.02
2012-07-03,0.0,33.02
2012-07-04,0.0,33.02
2012-07-05,0.0,33.02
2012-07-06,0.0,33.02
2012-07-07,0.0,33.02
2012-07-08,0.0,33.02
2012-07-09,0.0,30.48
2012-07-10,0.0,33.02
2012-07-11,0.0,33.02
2012-07-12,0.0,30.48
2012-07-13,0.0,33.02
2012-07-14,0.0,33.02
2012-07-15,0.0,33.02
2012-07-16,0.0,33.02
2012-07-17,0.0,33.02
2012-07-18,0.0,33.02
2012-07-19,0.0,33.02
2012-07-20,0.0,33.02
2012-07-21,0.0,33.02
2012-07-22,0.0,33.02
2012-07-23,0.0,30.48
2012-07-24,0.0,33.02
2012-07-25,0.0,33.02
2012-07-26,0.0,33.02
2012-07-27,0.0,33.02
2012-07-28,0.0,33.02
2012-07-29,0.0,33.02
2012-07-30,0.0,33.02
2012-07-31,0.0,33.02
2012-08-01,0.0,30.48
2012-08-02,0.0,33.02
2012-08-03,0.0,33.02
2012-08-04,0.0,30.48
2012-08-05,0.0,30.48
2012-08-06,0.0,33.02
2012-08-07,0.0,33.02
2012-08-08,0.0,33.02
2012-08-09,0.0,30.48
2012-08-10,0.0,33.02
2012-08-11,0.0,33.02
2012-08-12,0.0,30.48
2012-08-13,0.0,33.02
2012-08-14,0.0,33.02
2012-08-15,0.0,33.02
2012-08-16,0.0,33.02
2012-08-17,0.0,30.48
2012-08-18,0.0,30.48
2012-08-19,0.0,33.02
2012-08-20,0.0,33.02
2012-08-21,0.0,33.02
2012-08-22,0.0,33.02
2012-08-23,0.0,30.48
2012-08-24,0.0,30.48
2012-08-25,0.0,33.02
2012-08-26,0.0,33.02
2012-08-27,0.0,33.02
2012-08-28,0.0,33.02
2012-08-29,0.0,33.02
2012-08-30,0.0,33.02
2012-08-31,0.0,33.02
2012-09-01,0.0,33.02
2012-09-02,0.0,33.02
2012-09-03,0.0,33.02
2012-09-04,0.0,33.02
2012-09-05,0.0,33.02
2012-09-06,0.0,33.02
2012-09-07,0.0,33.02
2012-09-08,0.0,33.02
2012-09-09,0.0,30.48
2012-09-10,0.0,33.02
2012-09-11,0.0,33.02
2012-09-12,0.0,33.02
2012-09-13,0.0,33.02
2012-09-14,0.0,33.02
2012-09-15,0.0,33.02
2012-09-16,0.0,33.02
2012-09-17,0.0,33.02
2012-09-18,0.0,33.02
2012-09-19,0.0,33.02
2012-09-20,0.0,33.02
2012-09-21,0.0,33.02
2012-09-22,0.0,33.02
2012-09-23,0.0,33.02
2012-09-24,0.0,33.02
2012-09-25,0.0,30.48
2012-09-26,0.0,33.02
2012-09-27,0.0,33.02
2012-09-28,0.0,33.02
2012-09-29,0.0,33.02
2012-09-30,0.0,33.02
2012-10-01,0.0,33.02
2012-10-02,0.0,33.02
2012-10-03,0.0,33.02
2012-10-04,0.0,33.02
2012-10-05,0.0,33.02
2012-10-06,0.0,30.48
2012-10-07,0.0,33.02
2012-10-08,0.0,33.02
2012-10-09,0.0,30.48
2012-10-10,0.0,33.02
2012-10-11,0.0,33.02
2012-10-12,0.0,33.02
2012-10-13,0.0,30.48
2012-10-14,0.0,33.02
2012-10-15,0.0,33.02
2012-10-16,0.0,33.02
2012-10-17,0.0,33.02
2012-10-18,0.0,30.48
2012-10-19,0.0,30.48
2012-10-20,0.0,33.02
2012-10-21,0.0,33.02
2012-10-22,0.0,30.48
2012-10-23,0.0,30.48
2012-10-24,0.0,33.02
2012-10-25,0.0,33.02
2012-10-26,0.0,30.48
2012-10-27,0.0,33.02
2012-10-28,0.0,33.02
2012-10-29,0.0,30.48
2012-10-30,0.0,33.02
2012-10-31,0.0,33.02
2012-11-01,0.0,30.48
2012-11-02,0.0,33.02
2012-11-03,0.0,30.48
2012-11-04,0.0,33.02
2012-11-05,0.0,33.02
2012-11-06,0.0,30.48
2012-11-07,0.0,33.02
2012-11-08,0.0,33.02
2012-11-09,0.0,30.48
2012-11-10,0.0,30.48
2012-11-11,0.0,30.48
2012-11-12,0.0,30.48
2012-11-13,0.0,30.48
2012-11-14,0.0,30.48
2012-11-15,0.0,30.48
2012-11-16,0.0,30.48
2012-11-17,0.0,30.48
2012-11-18,0.0,30.48
2012-11-19,0.0,30.48
2012-11-20,0.0,30.48
2012-11-21,0.0,30.48
2012-11-22,0.0,30.48
2012-11-23,,30.48
2012-11-24,,30.48
2012-11-25,,30.48
2012-11-26,,30.48
2012-11-27,,30.48
2012-11-28,,30.48
2012-11-29,,30.48
2012-11-30,,30.48
2012-12-01,,30.48
2012-12-02,,30.48
2012-12-03,,30.48
2012-12-04,,30.48
2012-12-05,,
2012-12-06,,
2012-12-07,,
2012-12-08,,
2012-12-09,,
2012-12-10,,
2012-12-11,,
2012-12-12,,
2012-12-13,,
2012-12-14,,
2012-12-15,,
2012-12-16,,10.16
2012-12-17,,
2012-12-18,,
2012-12-19,,
2012-12-20,,20.32
2012-12-21,,20.32
2012-12-22,,
2012-12-23,,
2012-12-24,,
2012-12-25,,
2012-12-26,,
2012-12-27,,
2012-12-28,,76.2
2012-12-29,,
2012-12-30,,
2012-12-31,,
2013-01-01,,
2013-01-02,,
2013-01-03,,
2013-01-04,,
2013-01-05,,68.58
2013-01-06,,
2013-01-07,,
2013-01-08,,
2013-01-09,,73.66
2013-01-10,,
2013-01-11,,
2013-01-12,,
2013-01-13,,
2013-01-14,,
2013-01-15,,76.2
2013-01-16,,76.2
2013-01-17,,
2013-01-18,,
2013-01-19,,
2013-01-20,,
2013-01-21,,
2013-01-22,,
2013-01-23,,
2013-01-24,,
2013-01-25,,
2013-01-26,,
2013-01-27,,
2013-01-28,,
2013-01-29,,
2013-01-30,,
2013-01-31,,
2013-02-01,,
2013-02-02,,
2013-02-03,,
2013-02-04,,
2013-02-05,,
2013-02-06,,
2013-02-07,,
2013-02-08,,
2013-02-09,,
2013-02-10,,
2013-02-11,,
2013-02-12,,
2013-02-13,,
2013-02-14,,
2013-02-15,,
2013-02-16,,
2013-02-17,,
2013-02-18,,66.04
2013-02-19,,
2013-02-20,,
2013-02-21,,66.04
2013-02-22,,
2013-02-23,,
2013-02-24,,
2013-02-25,,
2013-02-26,,
2013-02-27,,
2013-02-28,,
2013-03-01,,
2013-03-02,,
2013-03-03,,53.34
2013-03-04,,
2013-03-05,,
2013-03-06,,
2013-03-07,,
2013-03-08,,
2013-03-09,,
2013-03-10,,
2013-03-11,,
2013-03-12,,
2013-03-13,,
2013-03-14,,
2013-03-15,,
2013-03-16,,
2013-03-17,,
2013-03-18,,
2013-03-19,,
2013-03-20,,
2013-03-21,,
2013-03-22,,
2013-03-23,,
2013-03-24,,
2013-03-25,,
2013-03-26,,
2013-03-27,,
2013-03-28,,
2013-03-29,,
2013-03-30,,
2013-03-31,,
2013-04-01,,
2013-04-02,,
2013-04-03,,
2013-04-04,,
2013-04-05,,
2013-04-06,,
2013-04-07,,
2013-04-08,,
2013-04-09,,
2013-04-10,,
2013-04-11,,
2013-04-12,,
2013-04-13,,
2013-04-14,,
2013-04-15,,
2013-04-16,,
2013-04-17,,
2013-04-18,,
2013-04-19,,
2013-04-20,,
2013-04-21,,
2013-04-22,,
2013-04-23,,
2013-04-24,,
2013-04-25,,
2013-04-26,,
2013-04-27,,
2013-04-28,,
2013-04-29,,
2013-04-30,,
2013-05-01,,
2013-05-02,,
2013-05-03,,
2013-05-04,,
2013-05-05,,
2013-05-06,,
2013-05-07,,
2013-05-08,,
2013-05-09,,
2013-05-10,,
2013-05-11,,
2013-05-12,,
2013-05-13,,
2013-05-14,,
2013-05-15,,
2013-05-16,,
2013-05-17,,
2013-05-18,,
2013-05-19,,
2013-05-20,,
2013-05-21,,
2013-05-22,,
2013-05-23,,
2013-05-24,,
2013-05-25,,
2013-05-26,,
2013-05-27,,
2013-05-28,,
2013-05-29,,
2013-05-30,,
2013-05-31,,
2013-06-01,,
2013-06-02,,
2013-06-03,,
2013-06-04,,
2013-06-05,,
2013-06-06,,
2013-06-07,,
2013-06-08,,
2013-06-09,,
2013-06-10,,
2013-06-11,,
2013-06-12,,
2013-06-13,,
2013-06-14,,
2013-06-15,,
2013-06-16,,
2013-06-17,,
2013-06-18,,
2013-06-19,,
2013-06-20,,
2013-06-21,,
2013-06-22,,
2013-06-23,,
2013-06-24,,
2013-06-25,,
2013-06-26,,
2013-06-27,,
2013-06-28,,
2013-06-29,,
2013-06-30,,
2013-07-01,,
2013-07-02,,2.54
2013-07-03,,
2013-07-04,,
2013-07-05,,
2013-07-06,,
2013-07-07,,
2013-07-08,,
2013-07-09,,
2013-07-10,,
2013-07-11,,
2013-07-12,,
2013-07-13,,
2013-07-14,,
2013-07-15,,
2013-07-16,,
2013-07-17,,
2013-07-18,,
2013-07-19,,
2013-07-20,,
2013-07-21,,
2013-07-22,,
2013-07-23,,
2013-07-24,,
2013-07-25,,
2013-07-26,,
2013-07-27,,
2013-07-28,,
2013-07-29,,
2013-07-30,,
2013-07-31,,
2013-08-01,,
2013-08-02,,
2013-08-03,,
2013-08-04,,
2013-08-05,,
2013-08-06,,
2013-08-07,,
2013-08-08,,
2013-08-09,,
2013-08-10,,
2013-08-11,,
2013-08-12,,
2013-08-13,,
2013-08-14,,
2013-08-15,,
2013-08-16,,
2013-08-17,,
2013-08-18,,
2013-08-19,,
2013-08-20,,
2013-08-21,,
2013-08-22,,
2013-08-23,,
2013-08-24,,
2013-08-25,,
2013-08-26,,
2013-08-27,,
2013-08-28,,
2013-08-29,,
2013-08-30,,
2013-08-31,,
2013-09-01,,
2013-09-02,,
2013-09-03,,
2013-09-04,,
2013-09-05,,
2013-09-06,,
2013-09-07,,
2013-09-08,,
2013-09-09,,
2013-09-10,,
2013-09-11,,
2013-09-12,,
2013-09-13,,
2013-09-14,,
2013-09-15,,
2013-09-16,,
2013-09-17,,
2013-09-18,,
2013-09-19,,
2013-09-20,,
2013-09-21,,
2013-09-22,,
2013-09-23,,
2013-09-24,,
2013-09-25,,
2013-09-26,,
2013-09-27,,
2013-09-28,,
2013-09-29,,
2013-09-30,,
2013-10-01,0.0,
2013-10-02,0.0,
2013-10-03,0.0,
2013-10-04,0.0,
2013-10-05,0.0,
2013-10-06,0.0,
2013-10-07,0.0,
2013-10-08,0.0,
2013-10-09,0.0,
2013-10-10,0.0,
2013-10-11,0.0,
2013-10-12,0.0,
2013-10-13,0.0,
2013-10-14,0.0,
2013-10-15,0.0,
2013-10-16,0.0,
2013-10-17,0.0,
2013-10-18,0.0,
2013-10-19,0.0,
2013-10-20,0.0,
2013-10-21,0.0,
2013-10-22,1.524,
2013-10-23,1.524,
2013-10-24,0.0,
2013-10-25,0.0,
2013-10-26,0.0,
2013-10-27,0.0,
2013-10-28,0.0,
2013-10-29,0.0,
2013-10-30,3.353,406.4
2013-10-31,3.658,
2013-11-01,3.658,
2013-11-02,5.182,
2013-11-03,4.877,
2013-11-04,3.048,
2013-11-05,4.267,
2013-11-06,0.0,
2013-11-07,0.0,
2013-11-08,0.0,
2013-11-09,0.0,
2013-11-10,0.0,
2013-11-11,0.0,
2013-11-12,0.0,
2013-11-13,0.0,
2013-11-14,0.0,
2013-11-15,0.0,
2013-11-16,0.0,
2013-11-17,0.0,
2013-11-18,0.0,
2013-11-19,0.0,
2013-11-20,0.0,
2013-11-21,0.0,
2013-11-22,0.0,
2013-11-23,0.0,
2013-11-24,0.0,
2013-11-25,0.813,
2013-11-26,0.813,
2013-11-27,1.118,
2013-11-28,1.422,
2013-11-29,2.032,
2013-11-30,3.251,
2013-12-01,0.0,
2013-12-02,0.0,
2013-12-03,0.0,
2013-12-04,0.0,
2013-12-05,0.0,
2013-12-06,0.0,
2013-12-07,0.0,
2013-12-08,0.61,
2013-12-09,0.0,
2013-12-10,0.0,
2013-12-11,0.0,
2013-12-12,0.0,
2013-12-13,0.0,
2013-12-14,0.0,
2013-12-15,0.0,
2013-12-16,0.0,
2013-12-17,0.0,
2013-12-18,0.0,
2013-12-19,0.0,
2013-12-20,0.0,
2013-12-21,0.0,
2013-12-22,0.0,
2013-12-23,0.305,
2013-12-24,0.914,
2013-12-25,1.219,
2013-12-26,1.524,
2013-12-27,2.134,
2013-12-28,2.438,
2013-12-29,2.743,
2013-12-30,3.048,
2013-12-31,3.353,
2014-01-01,3.048,
2014-01-02,3.048,
2014-01-03,2.743,
2014-01-04,2.743,
2014-01-05,2.134,
2014-01-06,2.134,
2014-01-07,2.134,
2014-01-08,1.829,
2014-01-09,2.134,
2014-01-10,1.829,
2014-01-11,1.829,
2014-01-12,2.438,
2014-01-13,2.743,
2014-01-14,3.658,
2014-01-15,3.048,
2014-01-16,4.267,
2014-01-17,3.658,
2014-01-18,2.134,
2014-01-19,0.914,
2014-01-20,0.305,
2014-01-21,0.61,
2014-01-22,0.914,
2014-01-23,0.61,
2014-01-24,0.914,
2014-01-25,0.61,
2014-01-26,0.0,
2014-01-27,0.0,
2014-01-28,0.0,
2014-01-29,0.0,
2014-01-30,0.0,
2014-01-31,1.829,
2014-02-01,2.438,
2014-02-02,2.438,
2014-02-03,2.743,
2014-02-04,2.743,
2014-02-05,2.438,
2014-02-06,2.438,
2014-02-07,3.658,
2014-02-08,5.182,
2014-02-09,6.096,
2014-02-10,6.401,
2014-02-11,6.401,
2014-02-12,6.401,
2014-02-13,5.791,
2014-02-14,5.486,
2014-02-15,5.486,
2014-02-16,5.486,
2014-02-17,5.182,
2014-02-18,5.182,
2014-02-19,5.08,
2014-02-20,5.08,
2014-02-21,4.877,
2014-02-22,4.267,
2014-02-23,3.962,
2014-02-24,4.064,
2014-02-25,3.962,
2014-02-26,1.524,
2014-02-27,2.438,
2014-02-28,3.658,
2014-03-01,10.058,
2014-03-02,10.668,
2014-03-03,11.278,
2014-03-04,11.278,
2014-03-05,10.973,
2014-03-06,10.668,
2014-03-07,9.754,
2014-03-08,9.144,
2014-03-09,8.839,
2014-03-10,8.534,
2014-03-11,7.62,
2014-03-12,7.62,
2014-03-13,7.62,
2014-03-14,7.62,
2014-03-15,6.706,
2014-03-16,5.486,
2014-03-17,3.962,
2014-03-18,2.743,
2014-03-19,0.914,
2014-03-20,0.914,
2014-03-21,0.0,
2014-03-22,0.0,
2014-03-23,0.0,
2014-03-24,0.0,
2014-03-25,0.0,
2014-03-26,0.635,
2014-03-27,3.048,
2014-03-28,3.048,
2014-03-29,3.327,
2014-03-30,3.327,
2014-03-31,3.632,
2014-04-01,6.68,
2014-04-02,8.509,
2014-04-03,8.509,
2014-04-04,8.509,
2014-04-05,8.814,
2014-04-06,7.899,
2014-04-07,7.29,
2014-04-08,5.766,
2014-04-09,4.851,
2014-04-10,2.413,
2014-04-11,0.279,
2014-04-12,0.0,
2014-04-13,0.0,
2014-04-14,0.0,
2014-04-15,0.0,
2014-04-16,0.0,
2014-04-17,0.0,
2014-04-18,0.0,
2014-04-19,0.0,
2014-04-20,0.0,
2014-04-21,0.0,
2014-04-22,0.0,
2014-04-23,0.0,
2014-04-24,0.0,
2014-04-25,0.0,
2014-04-26,4.572,
2014-04-27,4.267,
2014-04-28,3.353,
2014-04-29,1.524,
2014-04-30,0.914,
2014-05-01,0.0,
2014-05-02,0.0,
2014-05-03,0.0,
2014-05-04,0.0,
2014-05-05,0.0,
2014-05-06,1.067,
2014-05-07,0.762,
2014-05-08,0.0,
2014-05-09,0.0,
2014-05-10,0.0,
2014-05-11,0.0,
2014-05-12,0.0,
2014-05-13,0.0,
2014-05-14,0.0,
2014-05-15,0.0,
2014-05-16,0.0,
2014-05-17,0.0,
2014-05-18,0.0,
2014-05-19,0.0,
2014-05-20,0.0,
2014-05-21,0.0,
2014-05-22,0.0,
2014-05-23,0.0,
2014-05-24,0.0,
2014-05-25,0.0,
2014-05-26,0.0,
2014-05-27,0.0,
2014-05-28,0.0,
2014-05-29,0.0,
2014-05-30,0.0,
2014-05-31,0.0,
2014-06-01,0.0,
2014-06-02,0.0,
2014-06-03,0.0,
2014-06-04,0.0,
2014-06-05,0.0,
2014-06-06,0.0,
2014-06-07,0.0,
2014-06-08,0.0,
2014-06-09,0.0,
2014-06-10,0.0,
2014-06-11,0.0,
2014-06-12,0.0,
2014-06-13,0.0,
2014-06-14,0.0,
2014-06-15,0.0,
2014-06-16,0.0,
2014-06-17,0.0,
2014-06-18,0.0,
2014-06-19,0.0,
2014-06-20,0.0,
2014-06-21,0.0,
2014-06-22,0.0,
2014-06-23,0.0,
2014-06-24,0.0,
2014-06-25,0.0,
2014-06-26,0.0,-2.54
2014-06-27,0.0,-2.54
2014-06-28,0.0,0.0
2014-06-29,0.0,2.54
2014-06-30,0.0,0.0
2014-07-01,0.0,2.54
2014-07-02,0.0,
2014-07-03,0.0,-5.08
2014-07-04,0.0,0.0
2014-07-05,0.0,-2.54
2014-07-06,0.0,-2.54
2014-07-07,0.0,-2.54
2014-07-08,0.0,0.0
2014-07-09,0.0,0.0
2014-07-10,0.0,-2.54
2014-07-11,0.0,-2.54
2014-07-12,0.0,-5.08
2014-07-13,0.0,0.0
2014-07-14,0.0,-2.54
2014-07-15,0.0,-2.54
2014-07-16,0.0,-2.54
2014-07-17,0.0,0.0
2014-07-18,0.0,-5.08
2014-07-19,0.0,0.0
2014-07-20,0.0,-2.54
2014-07-21,0.0,0.0
2014-07-22,0.0,0.0
2014-07-23,0.0,0.0
2014-07-24,0.0,0.0
2014-07-25,0.0,0.0
2014-07-26,0.0,2.54
2014-07-27,0.0,0.0
2014-07-28,0.0,0.0
2014-07-29,0.0,-2.54
2014-07-30,0.0,-2.54
2014-07-31,0.0,
2014-08-01,0.0,
2014-08-02,0.0,-5.08
2014-08-03,0.0,-5.08
2014-08-04,0.0,-5.08
2014-08-05,0.0,
2014-08-06,0.0,-5.08
2014-08-07,0.0,
2014-08-08,0.0,0.0
2014-08-09,0.0,0.0
2014-08-10,0.0,0.0
2014-08-11,0.0,-2.54
2014-08-12,0.0,
2014-08-13,0.0,-5.08
2014-08-14,0.0,-2.54
2014-08-15,0.0,-2.54
2014-08-16,0.0,-5.08
2014-08-17,0.0,0.0
2014-08-18,0.0,0.0
2014-08-19,0.0,-2.54
2014-08-20,0.0,
2014-08-21,0.0,-5.08
2014-08-22,0.0,-5.08
2014-08-23,0.0,-2.54
2014-08-24,0.0,-2.54
2014-08-25,0.0,0.0
2014-08-26,0.0,-2.54
2014-08-27,0.0,2.54
2014-08-28,0.0,2.54
2014-08-29,0.0,-2.54
2014-08-30,0.0,0.0
2014-08-31,0.0,0.0
2014-09-01,0.0,
2014-09-02,0.0,-2.54
2014-09-03,0.0,-5.08
2014-09-04,0.0,-2.54
2014-09-05,0.0,0.0
2014-09-06,0.0,-2.54
2014-09-07,0.0,0.0
2014-09-08,0.0,-5.08
2014-09-09,0.0,-2.54
2014-09-10,0.0,
2014-09-11,0.0,0.0
2014-09-12,0.0,0.0
2014-09-13,0.0,-2.54
2014-09-14,0.0,-2.54
2014-09-15,0.0,-5.08
2014-09-16,0.0,
2014-09-17,0.0,
2014-09-18,0.0,-2.54
2014-09-19,0.0,
2014-09-20,0.0,0.0
2014-09-21,0.0,
2014-09-22,0.0,
2014-09-23,0.0,-5.08
2014-09-24,0.0,-5.08
2014-09-25,0.0,
2014-09-26,0.0,
2014-09-27,0.0,-2.54
2014-09-28,0.0,
2014-09-29,0.0,-2.54
2014-09-30,0.0,
2014-10-01,0.0,-2.54
2014-10-02,0.0,-2.54
2014-10-03,0.0,
2014-10-04,0.0,
2014-10-05,0.0,-2.54
2014-10-06,0.0,-2.54
2014-10-07,0.0,-2.54
2014-10-08,0.0,-5.08
2014-10-09,0.0,
2014-10-10,0.0,-5.08
2014-10-11,0.0,-5.08
2014-10-12,0.0,
2014-10-13,0.0,-2.54
2014-10-14,0.0,-2.54
2014-10-15,0.0,
2014-10-16,0.0,-2.54
2014-10-17,0.0,0.0
2014-10-18,0.0,-5.08
2014-10-19,0.0,-2.54
2014-10-20,0.0,
2014-10-21,0.0,-2.54
2014-10-22,0.0,-5.08
2014-10-23,0.0,-2.54
2014-10-24,0.0,-5.08
2014-10-25,0.0,-5.08
2014-10-26,0.0,
2014-10-27,0.305,
2014-10-28,0.305,
2014-10-29,0.305,
2014-10-30,0.305,-5.08
2014-10-31,0.305,-5.08
2014-11-01,3.353,
2014-11-02,5.182,35.56
2014-11-03,4.267,30.48
2014-11-04,4.267,30.48
2014-11-05,4.267,27.94
2014-11-06,3.962,20.32
2014-11-07,3.048,17.78
2014-11-08,2.438,15.24
2014-11-09,2.438,10.16
2014-11-10,2.438,5.08
2014-11-11,3.353,0.0
2014-11-12,3.962,-2.54
2014-11-13,2.438,-2.54
2014-11-14,2.438,-5.08
2014-11-15,3.048,-2.54
2014-11-16,3.962,-5.08
2014-11-17,3.962,-2.54
2014-11-18,4.877,-5.08
2014-11-19,5.486,-2.54
2014-11-20,3.962,-2.54
2014-11-21,5.486,
2014-11-22,4.572,-2.54
2014-11-23,4.572,0.0
2014-11-24,5.182,-2.54
2014-11-25,6.096,-2.54
2014-11-26,6.706,-2.54
2014-11-27,6.401,-2.54
2014-11-28,6.706,-5.08
2014-11-29,7.62,-2.54
2014-11-30,8.331,
2014-12-01,8.839,-2.54
2014-12-02,9.754,-5.08
2014-12-03,8.839,
2014-12-04,8.23,-5.08
2014-12-05,7.01,-5.08
2014-12-06,6.706,
2014-12-07,6.096,-5.08
2014-12-08,6.401,-2.54
2014-12-09,7.01,-5.08
2014-12-10,8.23,-5.08
2014-12-11,8.23,
2014-12-12,8.839,
2014-12-13,14.63,71.12
2014-12-14,13.411,
2014-12-15,12.802,
2014-12-16,13.411,
2014-12-17,13.106,
2014-12-18,12.802,
2014-12-19,12.192,
2014-12-20,11.582,
2014-12-21,11.278,50.8
2014-12-22,10.668,48.26
2014-12-23,9.754,48.26
2014-12-24,9.144,45.72
2014-12-25,9.754,48.26
2014-12-26,9.144,45.72
2014-12-27,9.144,45.72
2014-12-28,9.144,45.72
2014-12-29,9.144,45.72
2014-12-30,9.144,45.72
2014-12-31,9.144,43.18
2015-01-01,9.144,43.18
2015-01-02,9.754,45.72
2015-01-03,10.363,45.72
2015-01-04,10.668,43.18
2015-01-05,10.668,45.72
2015-01-06,10.668,45.72
2015-01-07,10.363,40.64
2015-01-08,9.754,40.64
2015-01-09,9.754,40.64
2015-01-10,9.144,40.64
2015-01-11,9.144,40.64
2015-01-12,9.144,40.64
2015-01-13,8.23,40.64
2015-01-14,8.534,40.64
2015-01-15,8.839,38.1
2015-01-16,8.839,38.1
2015-01-17,9.144,40.64
2015-01-18,8.839,35.56
2015-01-19,8.534,38.1
2015-01-20,8.23,35.56
2015-01-21,8.23,35.56
2015-01-22,8.839,35.56
2015-01-23,9.144,33.02
2015-01-24,9.144,35.56
2015-01-25,8.534,33.02
2015-01-26,8.23,27.94
2015-01-27,8.23,20.32
2015-01-28,7.925,30.48
2015-01-29,7.01,30.48
2015-01-30,7.01,30.48
2015-01-31,6.401,27.94
2015-02-01,5.791,27.94
2015-02-02,6.096,25.4
2015-02-03,6.096,25.4
2015-02-04,6.401,22.86
2015-02-05,6.401,22.86
2015-02-06,6.401,22.86
2015-02-07,7.315,22.86
2015-02-08,5.791,15.24
2015-02-09,4.572,15.24
2015-02-10,3.353,17.78
2015-02-11,5.182,15.24
2015-02-12,5.486,10.16
2015-02-13,5.791,10.16
2015-02-14,5.182,7.62
2015-02-15,5.182,2.54
2015-02-16,4.877,0.0
2015-02-17,4.877,0.0
2015-02-18,4.572,-5.08
2015-02-19,2.743,-5.08
2015-02-20,2.134,
2015-02-21,1.524,-5.08
2015-02-22,0.305,-5.08
2015-02-23,1.829,
2015-02-24,4.267,
2015-02-25,3.962,30.48
2015-02-26,3.658,20.32
2015-02-27,3.048,12.7
2015-02-28,3.048,
2015-03-01,3.048,
2015-03-02,3.353,
2015-03-03,3.658,
2015-03-04,3.353,10.16
2015-03-05,3.353,15.24
2015-03-06,3.353,15.24
2015-03-07,3.048,10.16
2015-03-08,3.048,10.16
2015-03-09,3.048,5.08
2015-03-10,3.962,0.0
2015-03-11,1.524,-5.08
2015-03-12,0.914,-5.08
2015-03-13,0.305,-5.08
2015-03-14,0.0,
2015-03-15,0.0,-5.08
2015-03-16,0.0,
2015-03-17,0.0,-5.08
2015-03-18,0.0,
2015-03-19,0.0,
2015-03-20,0.0,0.0
2015-03-21,0.0,-2.54
2015-03-22,0.0,-2.54
2015-03-23,0.0,-2.54
2015-03-24,0.0,-5.08
2015-03-25,0.0,-5.08
2015-03-26,0.0,-2.54
2015-03-27,0.0,
2015-03-28,0.0,-2.54
2015-03-29,0.0,
2015-03-30,0.0,-5.08
2015-03-31,0.0,
2015-04-01,0.0,
2015-04-02,0.0,
2015-04-03,0.0,-2.54
2015-04-04,0.0,-2.54
2015-04-05,0.0,-5.08
2015-04-06,0.0,
2015-04-07,0.0,
2015-04-08,1.219,
2015-04-09,0.914,2.54
2015-04-10,1.219,0.0
2015-04-11,0.61,
2015-04-12,0.0,-2.54
2015-04-13,0.0,-5.08
2015-04-14,0.0,
2015-04-15,0.0,
2015-04-16,0.0,
2015-04-17,0.0,-5.08
2015-04-18,0.0,
2015-04-19,0.0,-5.08
2015-04-20,0.0,-5.08
2015-04-21,0.0,
2015-04-22,0.0,-2.54
2015-04-23,0.0,-2.54
2015-04-24,0.0,
2015-04-25,0.0,
2015-04-26,0.61,
2015-04-27,0.0,-5.08
2015-04-28,0.0,
2015-04-29,0.0,
2015-04-30,0.0,
2015-05-01,0.0,
2015-05-02,0.0,-5.08
2015-05-03,0.0,-5.08
2015-05-04,0.0,-5.08
2015-05-05,0.0,
2015-05-06,0.0,
2015-05-07,0.0,
2015-05-08,0.0,
2015-05-09,0.0,
2015-05-10,0.0,0.0
2015-05-11,0.0,-5.08
2015-05-12,0.0,-5.08
2015-05-13,0.0,-2.54
2015-05-14,0.0,
2015-05-15,0.0,
2015-05-16,0.0,-2.54
2015-05-17,0.0,-5.08
2015-05-18,0.0,
2015-05-19,0.0,0.0
2015-05-20,0.0,
2015-05-21,0.0,
2015-05-22,0.0,
2015-05-23,0.0,
2015-05-24,0.0,
2015-05-25,0.0,
2015-05-26,0.0,
2015-05-27,0.0,
2015-05-28,0.0,
2015-05-29,0.0,
2015-05-30,0.0,
2015-05-31,0.0,
2015-06-01,0.0,
2015-06-02,0.0,
2015-06-03,0.0,
2015-06-04,0.0,
2015-06-05,0.0,
2015-06-06,0.0,
2015-06-07,0.0,
2015-06-08,0.0,-5.08
2015-06-09,0.0,
2015-06-10,0.0,
2015-06-11,0.0,
2015-06-12,0.0,
2015-06-13,0.0,
2015-06-14,0.0,
2015-06-15,0.0,
2015-06-16,0.0,
2015-06-17,0.0,
2015-06-18,0.0,
2015-06-19,0.0,
2015-06-20,0.0,
2015-06-21,0.0,-2.54
2015-06-22,0.0,
2015-06-23,0.0,-5.08
2015-06-24,0.0,-2.54
2015-06-25,0.0,
2015-06-26,0.0,
2015-06-27,0.0,
2015-06-28,0.0,-2.54
2015-06-29,0.0,
2015-06-30,0.0,
2015-07-01,0.0,
2015-07-02,0.0,
2015-07-03,0.0,
2015-07-04,0.0,-2.54
2015-07-05,0.0,
2015-07-06,0.0,
2015-07-07,0.0,
2015-07-08,0.0,
2015-07-09,0.0,
2015-07-10,0.0,
2015-07-11,0.0,
2015-07-12,0.0,
2015-07-13,0.0,
2015-07-14,0.0,
2015-07-15,0.0,
2015-07-16,0.0,
2015-07-17,0.0,
2015-07-18,0.0,
2015-07-19,0.0,
2015-07-20,0.0,
2015-07-21,0.0,
2015-07-22,0.0,
2015-07-23,0.0,
2015-07-24,0.0,
2015-07-25,0.0,
2015-07-26,0.0,
2015-07-27,0.0,
2015-07-28,0.0,
2015-07-29,0.0,
2015-07-30,0.0,-5.08
2015-07-31,0.0,-5.08
2015-08-01,0.0,
2015-08-02,0.0,-5.08
2015-08-03,0.0,
2015-08-04,0.0,
2015-08-05,0.0,-2.54
2015-08-06,0.0,-2.54
2015-08-07,0.0,
2015-08-08,0.0,
2015-08-09,0.0,
2015-08-10,0.0,
2015-08-11,0.0,
2015-08-12,0.0,
2015-08-13,0.0,0.0
2015-08-14,0.0,
2015-08-15,0.0,
2015-08-16,0.0,
2015-08-17,0.0,-5.08
2015-08-18,0.0,-5.08
2015-08-19,0.0,-2.54
2015-08-20,0.0,
2015-08-21,0.0,
2015-08-22,0.0,
2015-08-23,0.0,
2015-08-24,0.0,
2015-08-25,0.0,-5.08
2015-08-26,0.0,-2.54
2015-08-27,0.0,-2.54
2015-08-28,0.0,-5.08
2015-08-29,0.0,
2015-08-30,0.0,
2015-08-31,0.0,
2015-09-01,0.0,
2015-09-02,0.0,0.0
2015-09-03,0.0,
2015-09-04,0.0,
2015-09-05,0.0,
2015-09-06,0.0,
2015-09-07,0.0,
2015-09-08,0.0,-2.54
2015-09-09,0.0,
2015-09-10,0.0,-5.08
2015-09-11,0.0,-5.08
2015-09-12,0.0,
2015-09-13,0.0,
2015-09-14,0.0,
2015-09-15,0.0,
2015-09-16,0.0,-5.08
2015-09-17,0.0,
2015-09-18,0.0,
2015-09-19,0.0,-5.08
2015-09-20,0.0,
2015-09-21,0.0,-5.08
2015-09-22,0.0,
2015-09-23,0.0,
2015-09-24,0.0,
2015-09-25,0.0,
2015-09-26,0.0,
2015-09-27,0.0,
2015-09-28,0.0,-2.54
2015-09-29,0.0,
2015-09-30,0.0,
2015-10-01,0.0,
2015-10-02,0.0,
2015-10-03,0.0,
2015-10-04,0.0,
2015-10-05,0.0,
2015-10-06,0.0,
2015-10-07,0.0,
2015-10-08,0.0,
2015-10-09,0.0,
2015-10-10,0.0,
2015-10-11,0.0,
2015-10-12,0.0,
2015-10-13,0.0,
2015-10-14,0.0,
2015-10-15,0.0,
2015-10-16,0.0,
2015-10-17,0.0,
2015-10-18,0.0,
2015-10-19,0.0,
2015-10-20,0.0,-5.08
2015-10-21,0.0,-2.54
2015-10-22,0.0,
2015-10-23,0.0,
2015-10-24,0.0,
2015-10-25,0.0,
2015-10-26,0.0,
2015-10-27,0.0,0.0
2015-10-28,0.0,-2.54
2015-10-29,0.305,-2.54
2015-10-30,0.914,
2015-10-31,0.61,0.0
2015-11-01,0.61,-2.54
2015-11-02,0.305,-2.54
2015-11-03,3.962,
2015-11-04,4.267,
2015-11-05,4.267,
2015-11-06,4.267,
2015-11-07,3.962,
2015-11-08,3.962,25.4
2015-11-09,3.962,
2015-11-10,4.877,35.56
2015-11-11,4.572,33.02
2015-11-12,4.572,35.56
2015-11-13,4.267,30.48
2015-11-14,4.267,33.02
2015-11-15,3.962,30.48
2015-11-16,6.604,50.8
2015-11-17,6.401,50.8
2015-11-18,6.401,45.72
2015-11-19,6.096,43.18
2015-11-20,5.791,40.64
2015-11-21,5.486,35.56
2015-11-22,5.182,35.56
2015-11-23,4.572,33.02
2015-11-24,3.962,33.02
2015-11-25,5.182,38.1
2015-11-26,5.486,
2015-11-27,5.486,
2015-11-28,5.791,
2015-11-29,5.486,
2015-11-30,5.791,
2015-12-01,5.791,43.18
2015-12-02,5.791,43.18
2015-12-03,5.791,43.18
2015-12-04,5.486,43.18
2015-12-05,5.486,40.64
2015-12-06,6.096,40.64
2015-12-07,6.401,40.64
2015-12-08,5.791,40.64
2015-12-09,5.182,35.56
2015-12-10,5.182,35.56
2015-12-11,5.791,40.64
2015-12-12,6.096,50.8
2015-12-13,5.791,45.72
2015-12-14,7.62,63.5
2015-12-15,7.62,
2015-12-16,7.62,
2015-12-17,7.62,58.42
2015-12-18,8.534,53.34
2015-12-19,8.534,55.88
2015-12-20,9.144,71.12
2015-12-21,9.144,68.58
2015-12-22,10.668,
2015-12-23,11.887,83.82
2015-12-24,12.192,81.28
2015-12-25,13.716,96.52
2015-12-26,13.411,
2015-12-27,13.411,
2015-12-28,13.411,91.44
2015-12-29,13.411,91.44
2015-12-30,13.411,86.36
2015-12-31,13.716,88.9
2016-01-01,13.716,86.36
2016-01-02,14.021,86.36
2016-01-03,14.326,86.36
2016-01-04,14.326,86.36
2016-01-05,14.326,
2016-01-06,19.202,129.54
2016-01-07,23.165,149.86
2016-01-08,23.47,144.78
2016-01-09,23.774,137.16
2016-01-10,24.384,132.08
2016-01-11,24.689,129.54
2016-01-12,24.689,127.0
2016-01-13,24.689,127.0
2016-01-14,24.689,124.46
2016-01-15,24.689,121.92
2016-01-16,25.298,124.46
2016-01-17,24.384,121.92
2016-01-18,24.384,121.92
2016-01-19,25.298,129.54
2016-01-20,25.603,134.62
2016-01-21,26.518,132.08
2016-01-22,27.127,129.54
2016-01-23,29.261,142.24
2016-01-24,30.48,142.24
2016-01-25,30.785,139.7
2016-01-26,31.09,132.08
2016-01-27,31.09,134.62
2016-01-28,31.09,132.08
2016-01-29,31.09,134.62
2016-01-30,27.737,132.08
2016-01-31,30.48,
2016-02-01,35.357,200.66
2016-02-02,36.271,190.5
2016-02-03,37.186,182.88
2016-02-04,37.795,175.26
2016-02-05,38.71,170.18
2016-02-06,39.319,165.1
2016-02-07,38.405,162.56
2016-02-08,36.881,157.48
2016-02-09,36.271,149.86
2016-02-10,35.966,142.24
2016-02-11,35.357,144.78
2016-02-12,35.052,142.24
2016-02-13,35.052,139.7
2016-02-14,35.052,137.16
2016-02-15,35.357,134.62
2016-02-16,35.357,132.08
2016-02-17,35.357,129.54
2016-02-18,37.795,142.24
2016-02-19,39.014,142.24
2016-02-20,39.319,142.24
2016-02-21,39.624,142.24
2016-02-22,39.929,137.16
2016-02-23,40.234,137.16
2016-02-24,40.234,134.62
2016-02-25,40.234,132.08
2016-02-26,40.234,129.54
2016-02-27,40.538,129.54
2016-02-28,40.538,388.62
2016-02-29,40.538,124.46
2016-03-01,40.234,119.38
2016-03-02,40.234,114.3
2016-03-03,40.538,116.84
2016-03-04,40.538,116.84
2016-03-05,39.624,111.76
2016-03-06,43.891,134.62
2016-03-07,46.33,
2016-03-08,48.158,144.78
2016-03-09,49.073,139.7
2016-03-10,49.073,132.08
2016-03-11,48.463,129.54
2016-03-12,52.121,160.02
2016-03-13,53.035,149.86
2016-03-14,53.95,147.32
2016-03-15,54.559,142.24
2016-03-16,54.254,137.16
2016-03-17,53.035,134.62
2016-03-18,52.426,129.54
2016-03-19,51.816,124.46
2016-03-20,51.511,121.92
2016-03-21,51.206,121.92
2016-03-22,50.902,121.92
2016-03-23,51.511,121.92
2016-03-24,51.511,119.38
2016-03-25,50.292,116.84
2016-03-26,49.378,111.76
2016-03-27,48.463,109.22
2016-03-28,46.33,106.68
2016-03-29,47.244,106.68
2016-03-30,48.158,104.14
2016-03-31,49.073,106.68
2016-04-01,48.768,101.6
2016-04-02,47.549,101.6
2016-04-03,46.33,96.52
2016-04-04,44.806,93.98
2016-04-05,42.367,91.44
2016-04-06,39.624,86.36
2016-04-07,37.49,83.82
2016-04-08,35.357,76.2
2016-04-09,34.747,
2016-04-10,33.833,73.66
2016-04-11,32.918,73.66
2016-04-12,31.699,68.58
2016-04-13,29.261,63.5
2016-04-14,26.822,58.42
2016-04-15,25.298,45.72
2016-04-16,23.47,50.8
2016-04-17,22.555,45.72
2016-04-18,21.031,38.1
2016-04-19,18.898,35.56
2016-04-20,16.764,30.48
2016-04-21,13.716,27.94
2016-04-22,10.973,17.78
2016-04-23,10.363,
2016-04-24,9.144,12.7
2016-04-25,8.23,
2016-04-26,8.534,
2016-04-27,7.925,15.24
2016-04-28,6.096,
2016-04-29,3.353,2.54
2016-04-30,0.61,0.0
2016-05-01,0.0,-2.54
2016-05-02,0.0,0.0
2016-05-03,0.0,388.62
2016-05-04,0.0,391.16
2016-05-05,0.0,-2.54
2016-05-06,0.0,0.0
2016-05-07,0.0,0.0
2016-05-08,0.0,-2.54
2016-05-09,0.0,-2.54
2016-05-10,0.0,-5.08
2016-05-11,0.0,-5.08
2016-05-12,0.0,2.54
2016-05-13,0.0,2.54
2016-05-14,0.0,2.54
2016-05-15,0.0,-2.54
2016-05-16,0.0,-2.54
2016-05-17,0.0,-2.54
2016-05-18,0.0,0.0
2016-05-19,0.0,0.0
2016-05-20,0.0,388.62
2016-05-21,0.0,0.0
2016-05-22,0.0,0.0
2016-05-23,0.0,0.0
2016-05-24,0.0,-2.54
2016-05-25,0.0,-2.54
2016-05-26,0.0,0.0
2016-05-27,0.0,-2.54
2016-05-28,0.0,-2.54
2016-05-29,0.0,0.0
2016-05-30,0.0,0.0
2016-05-31,0.0,-2.54
2016-06-01,0.0,0.0
2016-06-02,0.0,2.54
2016-06-03,0.0,-2.54
2016-06-04,0.0,-2.54
2016-06-05,0.0,0.0
2016-06-06,0.0,0.0
2016-06-07,0.0,
2016-06-08,0.0,-5.08
2016-06-09,0.0,-2.54
2016-06-10,0.0,388.62
2016-06-11,0.0,
2016-06-12,0.0,2.54
2016-06-13,0.0,2.54
2016-06-14,0.0,-2.54
2016-06-15,0.0,2.54
2016-06-16,0.0,2.54
2016-06-17,0.0,0.0
2016-06-18,0.0,10.16
2016-06-19,0.0,2.54
2016-06-20,0.0,5.08
2016-06-21,0.0,-5.08
2016-06-22,0.0,0.0
2016-06-23,0.0,2.54
2016-06-24,0.0,5.08
2016-06-25,0.0,2.54
2016-06-26,0.0,0.0
2016-06-27,0.0,0.0
2016-06-28,0.0,-2.54
2016-06-29,0.0,2.54
2016-06-30,0.0,7.62
2016-07-01,0.0,-2.54
2016-07-02,0.0,5.08
2016-07-03,0.0,0.0
2016-07-04,0.0,5.08
2016-07-05,0.0,2.54
2016-07-06,0.0,5.08
2016-07-07,0.0,5.08
2016-07-08,0.0,0.0
2016-07-09,0.0,-5.08
2016-07-10,0.0,7.62
2016-07-11,0.0,0.0
2016-07-12,0.0,0.0
2016-07-13,0.0,2.54
2016-07-14,0.0,5.08
2016-07-15,0.0,2.54
2016-07-16,0.0,7.62
2016-07-17,0.0,7.62
2016-07-18,0.0,0.0
2016-07-19,0.0,5.08
2016-07-20,0.0,2.54
2016-07-21,0.0,2.54
2016-07-22,0.0,5.08
2016-07-23,0.0,388.62
2016-07-24,0.0,388.62
2016-07-25,0.0,-2.54
2016-07-26,0.0,0.0
2016-07-27,0.0,-2.54
2016-07-28,0.0,-5.08
2016-07-29,0.0,0.0
2016-07-30,0.0,2.54
2016-07-31,0.0,0.0
2016-08-01,0.0,388.62
2016-08-02,0.0,-5.08
2016-08-03,0.0,-2.54
2016-08-04,0.0,388.62
2016-08-05,0.0,0.0
2016-08-06,0.0,386.08
2016-08-07,0.0,-2.54
2016-08-08,0.0,0.0
2016-08-09,0.0,-5.08
2016-08-10,0.0,2.54
2016-08-11,0.0,0.0
2016-08-12,0.0,388.62
2016-08-13,0.0,-5.08
2016-08-14,0.0,-2.54
2016-08-15,0.0,2.54
2016-08-16,0.0,-2.54
2016-08-17,0.0,-2.54
2016-08-18,0.0,-2.54
2016-08-19,0.0,2.54
2016-08-20,0.0,0.0
2016-08-21,0.0,
2016-08-22,0.0,0.0
2016-08-23,0.0,-2.54
2016-08-24,0.0,2.54
2016-08-25,0.0,388.62
2016-08-26,0.0,388.62
2016-08-27,0.0,-2.54
2016-08-28,0.0,388.62
2016-08-29,0.0,388.62
2016-08-30,0.0,7.62
2016-08-31,0.0,2.54
2016-09-01,0.0,2.54
2016-09-02,0.0,2.54
2016-09-03,0.0,0.0
2016-09-04,0.0,388.62
2016-09-05,0.0,391.16
2016-09-06,0.0,388.62
2016-09-07,0.0,391.16
2016-09-08,0.0,388.62
2016-09-09,0.0,5.08
2016-09-10,0.0,5.08
2016-09-11,0.0,0.0
2016-09-12,0.0,2.54
2016-09-13,0.0,-2.54
2016-09-14,0.0,-5.08
2016-09-15,0.0,391.16
2016-09-16,0.0,388.62
2016-09-17,0.0,391.16
2016-09-18,0.0,391.16
2016-09-19,0.0,0.0
2016-09-20,0.0,5.08
2016-09-21,0.0,0.0
2016-09-22,0.0,7.62
2016-09-23,0.0,5.08
2016-09-24,0.0,388.62
2016-09-25,0.0,391.16
2016-09-26,0.0,2.54
2016-09-27,0.0,2.54
2016-09-28,0.0,388.62
2016-09-29,0.0,-2.54
2016-09-30,0.0,2.54
2016-10-01,0.0,388.62
2016-10-02,0.0,-5.08
2016-10-03,0.0,0.0
2016-10-04,0.0,-2.54
2016-10-05,0.0,386.08
2016-10-06,0.0,2.54
2016-10-07,0.0,391.16
2016-10-08,0.0,388.62
2016-10-09,0.0,391.16
2016-10-10,0.0,391.16
2016-10-11,0.0,391.16
2016-10-12,0.0,391.16
2016-10-13,0.0,388.62
2016-10-14,0.0,388.62
2016-10-15,0.0,2.54
2016-10-16,0.0,-2.54
2016-10-17,0.0,388.62
2016-10-18,0.0,391.16
2016-10-19,0.0,5.08
2016-10-20,0.0,391.16
2016-10-21,0.0,391.16
2016-10-22,0.0,391.16
2016-10-23,0.0,391.16
2016-10-24,0.0,388.62
2016-10-25,0.0,2.54
2016-10-26,0.0,388.62
2016-10-27,0.0,388.62
2016-10-28,0.0,5.08
2016-10-29,0.0,0.0
2016-10-30,0.0,386.08
2016-10-31,0.0,2.54
2016-11-01,0.0,388.62
2016-11-02,0.0,5.08
2016-11-03,0.0,
2016-11-04,4.064,388.62
2016-11-05,3.759,
2016-11-06,4.064,
2016-11-07,0.305,0.0
2016-11-08,0.61,5.08
2016-11-09,0.61,391.16
2016-11-10,0.61,5.08
2016-11-11,0.61,2.54
2016-11-12,0.305,388.62
2016-11-13,0.61,2.54
2016-11-14,0.914,391.16
2016-11-15,1.829,391.16
2016-11-16,4.064,391.16
2016-11-17,5.182,2.54
2016-11-18,4.877,2.54
2016-11-19,3.353,2.54
2016-11-20,2.743,5.08
2016-11-21,1.219,386.08
2016-11-22,3.048,5.08
2016-11-23,4.877,2.54
2016-11-24,6.706,5.08
2016-11-25,10.363,7.62
2016-11-26,10.973,5.08
2016-11-27,12.802,
2016-11-28,12.802,
2016-11-29,11.582,33.02
2016-11-30,10.668,30.48
2016-12-01,9.754,27.94
2016-12-02,8.23,27.94
2016-12-03,7.925,27.94
2016-12-04,7.62,25.4
2016-12-05,7.01,25.4
2016-12-06,6.706,25.4
2016-12-07,5.791,25.4
2016-12-08,6.706,20.32
2016-12-09,7.315,20.32
2016-12-10,6.706,20.32
2016-12-11,6.096,12.7
2016-12-12,4.877,15.24
2016-12-13,4.267,15.24
2016-12-14,4.064,15.24
2016-12-15,3.962,10.16
2016-12-16,4.877,10.16
2016-12-17,4.572,
2016-12-18,7.925,
2016-12-19,13.818,10.16
2016-12-20,12.192,12.7
2016-12-21,13.411,7.62
2016-12-22,13.106,10.16
2016-12-23,15.24,12.7
2016-12-24,19.202,66.04
2016-12-25,16.154,
2016-12-26,13.106,
2016-12-27,11.278,
2016-12-28,10.058,
2016-12-29,8.839,
2016-12-30,8.23,
2016-12-31,7.925,429.26
2017-01-01,7.62,
2017-01-02,7.62,45.72
2017-01-03,7.315,45.72
2017-01-04,10.058,66.04
2017-01-05,16.154,81.28
2017-01-06,18.898,78.74
2017-01-07,19.202,
2017-01-08,21.641,76.2
2017-01-09,25.4,63.5
2017-01-10,30.48,
2017-01-11,33.833,88.9
2017-01-12,35.357,104.14
2017-01-13,39.319,
2017-01-14,38.1,129.54
2017-01-15,37.186,127.0
2017-01-16,35.662,121.92
2017-01-17,34.747,121.92
2017-01-18,33.833,119.38
2017-01-19,36.881,154.94
2017-01-20,38.405,154.94
2017-01-21,42.977,205.74
2017-01-22,44.806,208.28
2017-01-23,53.95,220.98
2017-01-24,57.302,243.84
2017-01-25,57.15,
2017-01-26,57.302,220.98
2017-01-27,56.693,213.36
2017-01-28,56.388,205.74
2017-01-29,56.388,205.74
2017-01-30,56.083,203.2
2017-01-31,56.083,203.2
2017-02-01,55.778,200.66
2017-02-02,55.778,195.58
2017-02-03,56.388,198.12
2017-02-04,58.522,203.2
2017-02-05,59.131,200.66
2017-02-06,60.655,208.28
2017-02-07,65.227,218.44
2017-02-08,74.066,213.36
2017-02-09,73.406,208.28
2017-02-10,73.406,205.74
2017-02-11,81.28,
2017-02-12,82.804,210.82
2017-02-13,82.601,210.82
2017-02-14,81.382,208.28
2017-02-15,80.772,208.28
2017-02-16,79.858,205.74
2017-02-17,79.858,388.62
2017-02-18,85.344,269.24
2017-02-19,85.649,259.08
2017-02-20,86.563,256.54
2017-02-21,90.83,266.7
2017-02-22,93.574,
2017-02-23,93.878,259.08
2017-02-24,93.878,254.0
2017-02-25,93.574,259.08
2017-02-26,93.269,256.54
2017-02-27,92.964,256.54
2017-02-28,92.964,
2017-03-01,92.964,256.54
2017-03-02,92.964,256.54
2017-03-03,92.964,254.0
2017-03-04,92.964,251.46
2017-03-05,92.659,248.92
2017-03-06,96.012,
2017-03-07,96.317,276.86
2017-03-08,96.622,271.78
2017-03-09,96.622,264.16
2017-03-10,97.231,259.08
2017-03-11,97.536,254.0
2017-03-12,97.536,248.92
2017-03-13,97.231,243.84
2017-03-14,96.012,241.3
2017-03-15,94.793,236.22
2017-03-16,93.574,233.68
2017-03-17,92.354,226.06
2017-03-18,90.83,388.62
2017-03-19,89.611,218.44
2017-03-20,88.392,213.36
2017-03-21,87.478,210.82
2017-03-22,86.868,208.28
2017-03-23,87.173,213.36
2017-03-24,86.868,208.28
2017-03-25,87.173,210.82
2017-03-26,87.173,210.82
2017-03-27,86.258,205.74
2017-03-28,85.039,203.2
2017-03-29,83.82,200.66
2017-03-30,82.296,193.04
2017-03-31,82.601,200.66
2017-04-01,82.601,193.04
2017-04-02,81.686,187.96
2017-04-03,80.467,182.88
2017-04-04,79.248,177.8
2017-04-05,77.724,172.72
2017-04-06,76.2,167.64
2017-04-07,75.286,172.72
2017-04-08,80.162,175.26
2017-04-09,82.55,180.34
2017-04-10,83.515,177.8
2017-04-11,79.858,175.26
2017-04-12,78.029,172.72
2017-04-13,75.895,167.64
2017-04-14,75.286,172.72
2017-04-15,75.286,170.18
2017-04-16,74.066,162.56
2017-04-17,72.847,391.16
2017-04-18,71.018,154.94
2017-04-19,71.933,154.94
2017-04-20,71.323,152.4
2017-04-21,69.19,147.32
2017-04-22,66.751,137.16
2017-04-23,64.313,388.62
2017-04-24,62.179,388.62
2017-04-25,59.741,127.0
2017-04-26,56.693,391.16
2017-04-27,55.474,116.84
2017-04-28,52.426,111.76
2017-04-29,50.597,106.68
2017-04-30,48.158,388.62
2017-05-01,45.11,96.52
2017-05-02,42.672,91.44
2017-05-03,39.624,83.82
2017-05-04,36.576,76.2
2017-05-05,33.528,68.58
2017-05-06,30.785,60.96
2017-05-07,29.87,388.62
2017-05-08,29.261,388.62
2017-05-09,27.127,55.88
2017-05-10,24.079,48.26
2017-05-11,20.117,40.64
2017-05-12,15.85,33.02
2017-05-13,11.887,27.94
2017-05-14,7.62,17.78
2017-05-15,5.182,12.7
2017-05-16,5.791,25.4
2017-05-17,5.182,17.78
2017-05-18,1.829,15.24
2017-05-19,0.305,5.08
2017-05-20,0.0,0.0
2017-05-21,0.0,-2.54
2017-05-22,0.0,0.0
2017-05-23,0.0,0.0
2017-05-24,0.0,388.62
2017-05-25,0.0,-2.54
2017-05-26,0.0,0.0
2017-05-27,0.0,0.0
2017-05-28,0.0,0.0
2017-05-29,0.0,0.0
2017-05-30,0.0,0.0
2017-05-31,0.0,388.62
2017-06-01,0.0,0.0
2017-06-02,0.0,-2.54
2017-06-03,0.0,0.0
2017-06-04,0.0,2.54
2017-06-05,0.0,-5.08
2017-06-06,0.0,5.08
2017-06-07,0.0,7.62
2017-06-08,0.0,0.0
2017-06-09,0.0,2.54
2017-06-10,0.0,2.54
2017-06-11,0.0,388.62
2017-06-12,0.0,388.62
2017-06-13,0.0,2.54
2017-06-14,0.0,5.08
2017-06-15,0.0,0.0
2017-06-16,0.0,-2.54
2017-06-17,0.0,391.16
2017-06-18,0.0,5.08
2017-06-19,0.0,0.0
2017-06-20,0.0,0.0
2017-06-21,0.0,2.54
2017-06-22,0.0,
2017-06-23,0.0,7.62
2017-06-24,0.0,2.54
2017-06-25,0.0,0.0
2017-06-26,0.0,388.62
2017-06-27,0.0,391.16
2017-06-28,0.0,5.08
2017-06-29,0.0,10.16
2017-06-30,0.0,2.54
2017-07-01,0.0,391.16
2017-07-02,0.0,0.0
2017-07-03,0.0,388.62
2017-07-04,0.0,-2.54
2017-07-05,0.0,388.62
2017-07-06,0.0,0.0
2017-07-07,0.0,-2.54
2017-07-08,0.0,0.0
2017-07-09,0.0,0.0
2017-07-10,0.0,2.54
2017-07-11,0.0,7.62
2017-07-12,0.0,7.62
2017-07-13,0.0,5.08
2017-07-14,0.0,2.54
2017-07-15,0.0,0.0
2017-07-16,0.0,2.54
2017-07-17,0.0,
2017-07-18,0.0,2.54
2017-07-19,0.0,388.62
2017-07-20,0.0,0.0
2017-07-21,0.0,5.08
2017-07-22,0.0,5.08
2017-07-23,0.0,2.54
2017-07-24,0.0,2.54
2017-07-25,0.0,-2.54
2017-07-26,0.0,
2017-07-27,0.0,
2017-07-28,0.0,0.0
2017-07-29,0.0,-5.08
2017-07-30,0.0,2.54
2017-07-31,0.0,0.0
2017-08-01,0.0,0.0
2017-08-02,0.0,388.62
2017-08-03,0.0,0.0
2017-08-04,0.0,0.0
2017-08-05,0.0,5.08
2017-08-06,0.0,-2.54
2017-08-07,0.0,5.08
2017-08-08,0.0,2.54
2017-08-09,0.0,0.0
2017-08-10,0.0,2.54
2017-08-11,0.0,2.54
2017-08-12,0.0,5.08
2017-08-13,0.0,7.62
2017-08-14,0.0,7.62
2017-08-15,0.0,5.08
2017-08-16,0.0,2.54
2017-08-17,0.0,2.54
2017-08-18,0.0,2.54
2017-08-19,0.0,
2017-08-20,0.0,-5.08
2017-08-21,0.0,7.62
2017-08-22,0.0,-2.54
2017-08-23,0.0,2.54
2017-08-24,0.0,-2.54
2017-08-25,0.0,7.62
2017-08-26,0.0,0.0
2017-08-27,0.0,388.62
2017-08-28,0.0,388.62
2017-08-29,0.0,-2.54
2017-08-30,0.0,7.62
2017-08-31,0.0,2.54
2017-09-01,0.0,386.08
2017-09-02,0.0,-2.54
2017-09-03,0.0,0.0
2017-09-04,0.0,-2.54
2017-09-05,0.0,-5.08
2017-09-06,0.0,-5.08
2017-09-07,0.0,
2017-09-08,0.0,7.62
2017-09-09,0.0,7.62
2017-09-10,0.0,-2.54
2017-09-11,0.0,5.08
2017-09-12,0.0,-2.54
2017-09-13,0.0,0.0
2017-09-14,0.0,5.08
2017-09-15,0.0,2.54
2017-09-16,0.0,-2.54
2017-09-17,0.0,5.08
2017-09-18,0.0,-2.54
2017-09-19,0.0,7.62
2017-09-20,0.0,10.16
2017-09-21,0.0,388.62
2017-09-22,0.0,10.16
2017-09-23,0.0,5.08
2017-09-24,0.0,-5.08
2017-09-25,0.0,0.0
2017-09-26,0.0,5.08
2017-09-27,0.0,5.08
2017-09-28,0.0,0.0
2017-09-29,0.0,2.54
2017-09-30,0.0,0.0
2017-10-01,0.0,-5.08
2017-10-02,0.0,388.62
2017-10-03,0.0,-2.54
2017-10-04,0.0,-2.54
2017-10-05,0.0,0.0
2017-10-06,0.0,388.62
2017-10-07,0.0,391.16
2017-10-08,0.0,391.16
2017-10-09,0.0,391.16
2017-10-10,0.0,2.54
2017-10-11,0.0,0.0
2017-10-12,0.0,0.0
2017-10-13,0.0,391.16
2017-10-14,0.0,391.16
2017-10-15,0.0,391.16
2017-10-16,0.0,391.16
2017-10-17,0.0,391.16
2017-10-18,0.0,388.62
2017-10-19,0.0,0.0
2017-10-20,0.0,388.62
2017-10-21,0.0,7.62
2017-10-22,0.0,0.0
2017-10-23,0.0,5.08
2017-10-24,0.0,388.62
2017-10-25,0.0,388.62
2017-10-26,0.0,391.16
2017-10-27,0.0,2.54
2017-10-28,0.0,2.54
2017-10-29,0.0,388.62
2017-10-30,0.0,388.62
2017-10-31,0.0,0.0
2017-11-01,0.0,
2017-11-02,0.0,
2017-11-03,0.0,
2017-11-04,0.0,
2017-11-05,0.0,
2017-11-06,0.0,5.08
2017-11-07,0.0,5.08
2017-11-08,0.0,2.54
2017-11-09,0.0,2.54
2017-11-10,0.0,0.0
2017-11-11,0.0,0.0
2017-11-12,0.0,
2017-11-13,0.0,
2017-11-14,0.0,2.54
2017-11-15,0.0,5.08
2017-11-16,0.0,391.16
2017-11-17,0.0,
2017-11-18,0.0,0.0
2017-11-19,0.0,0.0
2017-11-20,0.0,391.16
2017-11-21,0.0,2.54
2017-11-22,0.0,2.54
2017-11-23,0.0,0.0
2017-11-24,0.0,2.54
2017-11-25,0.0,0.0
2017-11-26,0.0,-2.54
2017-11-27,0.0,0.0
2017-11-28,0.0,
2017-11-29,0.0,-2.54
2017-11-30,0.0,0.0
2017-12-01,,-2.54
2017-12-02,,2.54
2017-12-03,,386.08
2017-12-04,,-5.08
2017-12-05,,5.08
2017-12-06,,0.0
2017-12-07,,391.16
2017-12-08,,5.08
2017-12-09,,2.54
2017-12-10,,0.0
2017-12-11,,2.54
2017-12-12,,2.54
2017-12-13,,0.0
2017-12-14,,388.62
2017-12-15,,0.0
2017-12-16,,391.16
2017-12-17,,5.08
2017-12-18,,5.08
2017-12-19,,0.0
2017-12-20,,391.16
2017-12-21,,0.0
2017-12-22,,-2.54
2017-12-23,,5.08
2017-12-24,,388.62
2017-12-25,,388.62
2017-12-26,,388.62
2017-12-27,,0.0
2017-12-28,,5.08
2017-12-29,,388.62
2017-12-30,,0.0
2017-12-31,,5.08
2018-01-01,,5.08
2018-01-02,,2.54
2018-01-03,,2.54
2018-01-04,,0.0
2018-01-05,,-2.54
2018-01-06,,7.62
2018-01-07,,0.0
2018-01-08,,2.54
2018-01-09,,2.54
2018-01-10,,10.16
2018-01-11,,7.62
2018-01-12,,2.54
2018-01-13,,5.08
2018-01-14,,5.08
2018-01-15,,5.08
2018-01-16,,5.08
2018-01-17,,5.08
2018-01-18,,7.62
2018-01-19,,388.62
2018-01-20,,
2018-01-21,,
2018-01-22,,7.62
2018-01-23,,7.62
2018-01-24,,5.08
2018-01-25,,391.16
2018-01-26,,2.54
2018-01-27,,2.54
2018-01-28,,5.08
2018-01-29,,2.54
2018-01-30,,5.08
2018-01-31,,5.08
2018-02-01,,391.16
2018-02-02,,2.54
2018-02-03,,2.54
2018-02-04,,5.08
2018-02-05,,5.08
2018-02-06,,5.08
2018-02-07,,0.0
2018-02-08,,0.0
2018-02-09,,0.0
2018-02-10,,2.54
2018-02-11,,5.08
2018-02-12,,0.0
2018-02-13,,0.0
2018-02-14,,10.16
2018-02-15,,5.08
2018-02-16,,2.54
2018-02-17,,10.16
2018-02-18,,2.54
2018-02-19,,2.54
2018-02-20,,
2018-02-21,,
2018-02-22,,0.0
2018-02-23,,
2018-02-24,,
2018-02-25,,7.62
2018-02-26,,5.08
2018-02-27,,
2018-02-28,,
2018-03-01,,5.08
2018-03-02,,66.04
2018-03-03,,
2018-03-04,,104.14
2018-03-05,,91.44
2018-03-06,,78.74
2018-03-07,,78.74
2018-03-08,,76.2
2018-03-09,,66.04
2018-03-10,,63.5
2018-03-11,,63.5
2018-03-12,,50.8
2018-03-13,,50.8
2018-03-14,,48.26
2018-03-15,,
2018-03-16,,
2018-03-17,,81.28
2018-03-18,,78.74
2018-03-19,,73.66
2018-03-20,,71.12
2018-03-21,,66.04
2018-03-22,,60.96
2018-03-23,,
2018-03-24,,63.5
2018-03-25,,60.96
2018-03-26,,60.96
2018-03-27,,60.96
2018-03-28,,60.96
2018-03-29,,58.42
2018-03-30,,55.88
2018-03-31,,50.8
2018-04-01,,48.26
2018-04-02,,43.18
2018-04-03,,38.1
2018-04-04,,35.56
2018-04-05,,30.48
2018-04-06,,27.94
2018-04-07,,15.24
2018-04-08,,17.78
2018-04-09,,10.16
2018-04-10,,10.16
2018-04-11,,5.08
2018-04-12,,
2018-04-13,,5.08
2018-04-14,,2.54
2018-04-15,,0.0
2018-04-16,,5.08
2018-04-17,,
2018-04-18,,2.54
2018-04-19,,
2018-04-20,,
2018-04-21,,2.54
2018-04-22,,2.54
2018-04-23,,0.0
2018-04-24,,0.0
2018-04-25,,-2.54
2018-04-26,,5.08
2018-04-27,,5.08
2018-04-28,,0.0
2018-04-29,,5.08
2018-04-30,,5.08
2018-05-01,,0.0
2018-05-02,,2.54
2018-05-03,,2.54
2018-05-04,,0.0
2018-05-05,,0.0
2018-05-06,,0.0
2018-05-07,,0.0
2018-05-08,,2.54
2018-05-09,,0.0
2018-05-10,,-2.54
2018-05-11,,5.08
2018-05-12,,2.54
2018-05-13,,5.08
2018-05-14,,0.0
2018-05-15,,0.0
2018-05-16,,0.0
2018-05-17,,2.54
2018-05-18,,
2018-05-19,,-2.54
2018-05-20,,0.0
2018-05-21,,0.0
2018-05-22,,0.0
2018-05-23,,2.54
2018-05-24,,0.0
2018-05-25,,2.54
2018-05-26,,5.08
2018-05-27,,0.0
2018-05-28,,
2018-05-29,,0.0
2018-05-30,,-5.08
2018-05-31,,-2.54
2018-06-01,,0.0
2018-06-02,,5.08
2018-06-03,,7.62
2018-06-04,,5.08
2018-06-05,,5.08
2018-06-06,,7.62
2018-06-07,,0.0
2018-06-08,,2.54
2018-06-09,,2.54
2018-06-10,,10.16
2018-06-11,,10.16
2018-06-12,,7.62
2018-06-13,,2.54
2018-06-14,,2.54
2018-06-15,,0.0
2018-06-16,,10.16
2018-06-17,,2.54
2018-06-18,,7.62
2018-06-19,,5.08
2018-06-20,,2.54
2018-06-21,,-2.54
2018-06-22,,7.62
2018-06-23,,2.54
2018-06-24,,
2018-06-25,,2.54
2018-06-26,,5.08
2018-06-27,,-2.54
2018-06-28,,-2.54
2018-06-29,,5.08
2018-06-30,,2.54
2018-07-01,,5.08
2018-07-02,,
2018-07-03,,0.0
2018-07-04,,0.0
2018-07-05,,0.0
2018-07-06,,10.16
2018-07-07,,12.7
2018-07-08,,10.16
2018-07-09,,10.16
2018-07-10,,10.16
2018-07-11,,10.16
2018-07-12,,10.16
2018-07-13,,2.54
2018-07-14,,
2018-07-15,,7.62
2018-07-16,,
2018-07-17,,
2018-07-18,,-5.08
2018-07-19,,
2018-07-20,,-5.08
2018-07-21,,-5.08
2018-07-22,,
2018-07-23,,0.0
2018-07-24,,2.54
2018-07-25,,7.62
2018-07-26,,7.62
2018-07-27,,0.0
2018-07-28,,0.0
2018-07-29,,7.62
2018-07-30,,388.62
2018-07-31,,5.08
2018-08-01,,0.0
2018-08-02,,0.0
2018-08-03,,7.62
2018-08-04,,10.16
2018-08-05,,10.16
2018-08-06,,388.62
2018-08-07,,12.7
2018-08-08,,388.62
2018-08-09,,12.7
2018-08-10,,5.08
2018-08-11,,0.0
2018-08-12,,386.08
2018-08-13,,-5.08
2018-08-14,,
2018-08-15,,-5.08
2018-08-16,,
2018-08-17,,
2018-08-18,,-2.54
2018-08-19,,0.0
2018-08-20,,2.54
2018-08-21,,5.08
2018-08-22,,10.16
2018-08-23,,
2018-08-24,,
2018-08-25,,
2018-08-26,,
2018-08-27,,
2018-08-28,,
2018-08-29,,
2018-08-30,,
2018-08-31,,
2018-09-01,,
2018-09-02,,
2018-09-03,,
2018-09-04,,
2018-09-05,,
2018-09-06,,0.0
2018-09-07,,0.0
2018-09-08,,0.0
2018-09-09,,0.0
2018-09-10,,0.0
2018-09-11,,0.0
2018-09-12,,0.0
2018-09-13,,0.0
2018-09-14,,0.0
2018-09-15,,0.0
2018-09-16,,0.0
2018-09-17,,0.0
2018-09-18,,0.0
2018-09-19,,0.0
2018-09-20,,0.0
2018-09-21,,0.0
2018-09-22,,0.0
2018-09-23,,0.0
2018-09-24,,0.0
2018-09-25,,0.0
2018-09-26,,0.0
2018-09-27,,0.0
2018-09-28,,0.0
2018-09-29,,0.0
2018-09-30,,0.0
2018-10-01,0.0,0.0
2018-10-02,0.0,0.0
2018-10-03,0.0,0.0
2018-10-04,0.0,0.0
2018-10-05,0.0,0.0
2018-10-06,0.0,0.0
2018-10-07,0.0,0.0
2018-10-08,0.0,0.0
2018-10-09,0.0,0.0
2018-10-10,0.0,0.0
2018-10-11,0.0,0.0
2018-10-12,0.0,0.0
2018-10-13,0.0,0.0
2018-10-14,0.0,0.0
2018-10-15,0.0,0.0
2018-10-16,0.0,0.0
2018-10-17,0.0,0.0
2018-10-18,0.0,0.0
2018-10-19,0.0,0.0
2018-10-20,0.0,0.0
2018-10-21,0.0,0.0
2018-10-22,0.0,0.0
2018-10-23,0.0,0.0
2018-10-24,0.0,0.0
2018-10-25,0.0,0.0
2018-10-26,0.0,0.0
2018-10-27,0.0,0.0
2018-10-28,0.0,0.0
2018-10-29,0.0,0.0
2018-10-30,0.0,0.0
2018-10-31,0.0,2.54
2018-11-01,0.0,2.54
2018-11-02,0.0,2.54
2018-11-03,0.0,2.54
2018-11-04,0.0,2.54
2018-11-05,0.0,2.54
2018-11-06,0.0,2.54
2018-11-07,0.0,2.54
2018-11-08,0.0,2.54
2018-11-09,0.0,2.54
2018-11-10,0.0,2.54
2018-11-11,0.0,2.54
2018-11-12,0.0,2.54
2018-11-13,0.0,2.54
2018-11-14,0.0,2.54
2018-11-15,0.0,2.54
2018-11-16,0.0,2.54
2018-11-17,0.0,2.54
2018-11-18,0.0,2.54
2018-11-19,0.0,2.54
2018-11-20,0.0,2.54
2018-11-21,0.0,2.54
2018-11-22,1.524,10.16
2018-11-23,2.921,12.7
2018-11-24,2.743,7.62
2018-11-25,2.286,7.62
2018-11-26,2.032,5.08
2018-11-27,1.778,5.08
2018-11-28,1.676,5.08
2018-11-29,6.02,33.02
2018-11-30,16.053,60.96
2018-12-01,18.847,55.88
2018-12-02,20.828,58.42
2018-12-03,21.412,55.88
2018-12-04,21.539,53.34
2018-12-05,21.895,55.88
2018-12-06,23.292,58.42
2018-12-07,23.825,55.88
2018-12-08,24.079,55.88
2018-12-09,24.536,53.34
2018-12-10,24.714,53.34
2018-12-11,24.917,53.34
2018-12-12,24.917,53.34
2018-12-13,25.019,50.8
2018-12-14,25.095,50.8
2018-12-15,25.857,50.8
2018-12-16,25.603,50.8
2018-12-17,26.162,55.88
2018-12-18,28.169,55.88
2018-12-19,27.508,55.88
2018-12-20,27.635,53.34
2018-12-21,27.203,53.34
2018-12-22,28.651,53.34
2018-12-23,28.296,53.34
2018-12-24,28.372,50.8
2018-12-25,30.582,58.42
2018-12-26,30.658,58.42
2018-12-27,30.505,58.42
2018-12-28,30.455,58.42
2018-12-29,29.591,55.88
2018-12-30,27.813,55.88
2018-12-31,28.804,55.88
2019-01-01,,55.88
2019-01-02,,55.88
2019-01-03,,55.88
2019-01-04,,55.88
2019-01-05,,55.88
2019-01-06,,91.44
2019-01-07,,104.14
2019-01-08,,99.06
2019-01-09,,96.52
2019-01-10,,104.14
2019-01-11,,99.06
2019-01-12,,99.06
2019-01-13,,96.52
2019-01-14,,96.52
2019-01-15,,99.06
2019-01-16,,114.3
2019-01-17,,119.38
2019-01-18,,124.46
2019-01-19,,119.38
2019-01-20,,116.84
2019-01-21,,132.08
2019-01-22,,132.08
2019-01-23,,129.54
2019-01-24,,127.0
2019-01-25,,124.46
2019-01-26,,124.46
2019-01-27,,121.92
2019-01-28,,119.38
2019-01-29,,116.84
2019-01-30,,114.3
2019-01-31,,114.3
2019-02-01,39.243,111.76
2019-02-02,46.076,114.3
2019-02-03,43.205,165.1
2019-02-04,47.295,180.34
2019-02-05,49.251,218.44
2019-02-06,46.355,233.68
2019-02-07,49.86,220.98
2019-02-08,50.241,213.36
2019-02-09,51.054,231.14
2019-02-10,51.664,228.6
2019-02-11,53.569,261.62
2019-02-12,53.95,248.92
2019-02-13,53.95,238.76
2019-02-14,53.619,218.44
2019-02-15,,223.52
2019-02-16,,
2019-02-17,,
2019-02-18,,
2019-02-19,,
2019-02-20,,
2019-02-21,,
2019-02-22,,
2019-02-23,,
2019-02-24,,
2019-02-25,,
2019-02-26,,
2019-02-27,,
2019-02-28,,
2019-03-01,,
2019-03-02,,
2019-03-03,,
2019-03-04,,
2019-03-05,,
2019-03-06,,
2019-03-07,,
2019-03-08,,
2019-03-09,,
2019-03-10,,
2019-03-11,,
2019-03-12,,
2019-03-13,,
2019-03-14,,
2019-03-15,,
2019-03-16,,
2019-03-17,,
2019-03-18,,
2019-03-19,,
2019-03-20,,
2019-03-21,,
2019-03-22,,
2019-03-23,,
2019-03-24,,
2019-03-25,,
2019-03-26,,
2019-03-27,,
2019-03-28,,
2019-03-29,,
2019-03-30,,
2019-03-31,,
2019-04-01,,
2019-04-02,,
2019-04-03,,
2019-04-04,,
2019-04-05,,
2019-04-06,,
2019-04-07,,
2019-04-08,,
2019-04-09,,
2019-04-10,,
2019-04-11,,
2019-04-12,,
2019-04-13,,
2019-04-14,,
2019-04-15,,
2019-04-16,,
2019-04-17,,
2019-04-18,,
2019-04-19,,
2019-04-20,,
2019-04-21,,
2019-04-22,,
2019-04-23,,
2019-04-24,,
2019-04-25,,
2019-04-26,,
2019-04-27,,
2019-04-28,,
2019-04-29,,
2019-04-30,,
2019-05-01,,
2019-05-02,,
2019-05-03,,
2019-05-04,,
2019-05-05,,
2019-05-06,,
2019-05-07,,
2019-05-08,,
2019-05-09,,
2019-05-10,,
2019-05-11,,
2019-05-12,,
2019-05-13,,
2019-05-14,,
2019-05-15,,
2019-05-16,,
2019-05-17,,
2019-05-18,,
2019-05-19,,
2019-05-20,,
2019-05-21,,
2019-05-22,,
2019-05-23,,
2019-05-24,,
2019-05-25,,
2019-05-26,,
2019-05-27,,
2019-05-28,,
2019-05-29,,
2019-05-30,,
2019-05-31,,
2019-06-01,,
2019-06-02,,
2019-06-03,,
2019-06-04,,
2019-06-05,,
2019-06-06,,
2019-06-07,,
2019-06-08,,
2019-06-09,,
2019-06-10,,
2019-06-11,,
2019-06-12,,
2019-06-13,,
2019-06-14,,
2019-06-15,,
2019-06-16,,
2019-06-17,,
2019-06-18,,
2019-06-19,,
2019-06-20,,
2019-06-21,,
2019-06-22,,
2019-06-23,,
2019-06-24,,
2019-06-25,,
2019-06-26,,
2019-06-27,,
2019-06-28,,
2019-06-29,,
2019-06-30,,
2019-07-01,,
2019-07-02,,
2019-07-03,,
2019-07-04,,
2019-07-05,,
2019-07-06,,
2019-07-07,,
2019-07-08,,
2019-07-09,,
2019-07-10,,
2019-07-11,,
2019-07-12,,
2019-07-13,,
2019-07-14,,
2019-07-15,,
2019-07-16,,
2019-07-17,,
2019-07-18,,
2019-07-19,,
2019-07-20,,
2019-07-21,,
2019-07-22,,
2019-07-23,,
2019-07-24,,
2019-07-25,,
2019-07-26,,
2019-07-27,,
2019-07-28,,
2019-07-29,,
2019-07-30,,
2019-07-31,,
2019-08-01,,
2019-08-02,,
2019-08-03,,
2019-08-04,,
2019-08-05,,
2019-08-06,,
2019-08-07,,
2019-08-08,,
2019-08-09,,
2019-08-10,,
2019-08-11,,
2019-08-12,,
2019-08-13,,
2019-08-14,,
2019-08-15,,
2019-08-16,,
2019-08-17,,
2019-08-18,,
2019-08-19,,
2019-08-20,,
2019-08-21,,
2019-08-22,,
2019-08-23,,
2019-08-24,,
2019-08-25,,
2019-08-26,,
2019-08-27,,
2019-08-28,,
2019-08-29,,
2019-08-30,,
2019-08-31,,
2019-09-01,,
2019-09-02,,
2019-09-03,,
2019-09-04,,
2019-09-05,,0.0
2019-09-06,,0.0
2019-09-07,,0.0
2019-09-08,,0.0
2019-09-09,,0.0
2019-09-10,,0.0
2019-09-11,,0.0
2019-09-12,,0.0
2019-09-13,,0.0
2019-09-14,,0.0
2019-09-15,,0.0
2019-09-16,,0.0
2019-09-17,,0.0
2019-09-18,,0.0
2019-09-19,,0.0
2019-09-20,,0.0
2019-09-21,,0.0
2019-09-22,,0.0
2019-09-23,,0.0
2019-09-24,,0.0
2019-09-25,,0.0
2019-09-26,,0.0
2019-09-27,,0.0
2019-09-28,,0.0
2019-09-29,,0.0
2019-09-30,,0.0
2019-10-01,0.0,0.0
2019-10-02,0.0,0.0
2019-10-03,0.0,0.0
2019-10-04,0.0,2.54
2019-10-05,0.0,2.54
2019-10-06,0.0,2.54
2019-10-07,0.0,2.54
2019-10-08,0.0,2.54
2019-10-09,0.0,2.54
2019-10-10,0.0,2.54
2019-10-11,0.0,2.54
2019-10-12,0.0,2.54
2019-10-13,0.0,2.54
2019-10-14,0.0,2.54
2019-10-15,0.0,2.54
2019-10-16,0.0,2.54
2019-10-17,0.0,2.54
2019-10-18,0.0,2.54
2019-10-19,0.0,2.54
2019-10-20,0.0,2.54
2019-10-21,0.0,2.54
2019-10-22,0.0,0.0
2019-10-23,0.0,0.0
2019-10-24,0.0,0.0
2019-10-25,0.0,0.0
2019-10-26,0.0,0.0
2019-10-27,0.0,0.0
2019-10-28,0.0,0.0
2019-10-29,0.0,0.0
2019-10-30,0.0,
2019-10-31,0.0,2.54
2019-11-01,0.0,0.0
2019-11-02,0.0,0.0
2019-11-03,0.0,0.0
2019-11-04,0.0,0.0
2019-11-05,0.0,0.0
2019-11-06,0.0,0.0
2019-11-07,0.0,0.0
2019-11-08,0.0,0.0
2019-11-09,3.835,0.0
2019-11-10,3.683,2.54
2019-11-11,3.785,2.54
2019-11-12,3.937,2.54
2019-11-13,3.759,2.54
2019-11-14,4.039,2.54
2019-11-15,0.0,2.54
2019-11-16,0.432,2.54
2019-11-17,0.254,2.54
2019-11-18,0.076,2.54
2019-11-19,0.0,2.54
2019-11-20,0.254,2.54
2019-11-21,0.0,2.54
2019-11-22,0.0,2.54
2019-11-23,0.0,2.54
2019-11-24,0.0,2.54
2019-11-25,0.0,2.54
2019-11-26,0.0,2.54
2019-11-27,0.0,7.62
2019-11-28,0.0,73.66
2019-11-29,0.0,81.28
2019-11-30,0.051,101.6
2019-12-01,0.356,91.44
2019-12-02,0.559,83.82
2019-12-03,0.483,78.74
2019-12-04,0.254,73.66
2019-12-05,0.381,88.9
2019-12-06,0.406,83.82
2019-12-07,0.152,78.74
2019-12-08,0.457,76.2
2019-12-09,0.127,86.36
2019-12-10,0.457,83.82
2019-12-11,0.33,81.28
2019-12-12,0.889,78.74
2019-12-13,1.626,73.66
2019-12-14,3.302,71.12
2019-12-15,4.064,71.12
2019-12-16,4.242,73.66
2019-12-17,3.886,71.12
2019-12-18,5.385,71.12
2019-12-19,5.461,71.12
2019-12-20,5.486,68.58
2019-12-21,5.486,68.58
2019-12-22,5.486,68.58
2019-12-23,5.613,83.82
2019-12-24,5.461,109.22
2019-12-25,5.309,109.22
2019-12-26,5.08,106.68
2019-12-27,5.588,104.14
2019-12-28,6.731,101.6
2019-12-29,7.188,99.06
2019-12-30,7.391,96.52
2019-12-31,7.417,93.98
2020-01-01,,93.98
2020-01-02,,88.9
2020-01-03,,86.36
2020-01-04,,86.36
2020-01-05,,83.82
2020-01-06,,83.82
2020-01-07,,83.82
2020-01-08,,83.82
2020-01-09,,83.82
2020-01-10,,83.82
2020-01-11,,83.82
2020-01-12,,81.28
2020-01-13,,81.28
2020-01-14,,81.28
2020-01-15,,81.28
2020-01-16,,81.28
2020-01-17,,101.6
2020-01-18,,99.06
2020-01-19,,96.52
2020-01-20,,96.52
2020-01-21,,96.52
2020-01-22,,93.98
2020-01-23,,91.44
2020-01-24,,88.9
2020-01-25,,88.9
2020-01-26,,86.36
2020-01-27,,86.36
2020-01-28,,86.36
2020-01-29,,86.36
2020-01-30,,86.36
2020-01-31,,83.82
2020-02-01,,83.82
2020-02-02,,81.28
2020-02-03,,81.28
2020-02-04,,81.28
2020-02-05,,81.28
2020-02-06,,81.28
2020-02-07,,78.74
2020-02-08,,78.74
2020-02-09,,76.2
2020-02-10,,76.2
2020-02-11,,76.2
2020-02-12,,71.12
2020-02-13,,71.12
2020-02-14,,68.58
2020-02-15,,68.58
2020-02-16,,66.04
2020-02-17,,63.5
2020-02-18,,60.96
2020-02-19,,60.96
2020-02-20,,58.42
2020-02-21,,55.88
2020-02-22,,55.88
2020-02-23,,63.5
2020-02-24,,55.88
2020-02-25,,53.34
2020-02-26,,50.8
2020-02-27,,48.26
2020-02-28,,45.72
2020-02-29,,43.18
2020-03-01,,40.64
2020-03-02,,50.8
2020-03-03,,45.72
2020-03-04,,40.64
2020-03-05,,40.64
2020-03-06,,35.56
2020-03-07,,30.48
2020-03-08,,33.02
2020-03-09,,27.94
2020-03-10,,27.94
2020-03-11,,25.4
2020-03-12,,22.86
2020-03-13,,20.32
2020-03-14,,17.78
2020-03-15,,22.86
2020-03-16,,30.48
2020-03-17,,68.58
2020-03-18,,58.42
2020-03-19,,55.88
2020-03-20,,63.5
2020-03-21,,55.88
2020-03-22,,55.88
2020-03-23,,53.34
2020-03-24,,50.8
2020-03-25,,48.26
2020-03-26,,71.12
2020-03-27,,58.42
2020-03-28,,58.42
2020-03-29,,55.88
2020-03-30,,53.34
2020-03-31,,48.26
2020-04-01,,43.18
2020-04-02,,38.1
2020-04-03,,35.56
2020-04-04,,30.48
2020-04-05,,27.94
2020-04-06,,71.12
2020-04-07,,119.38
2020-04-08,,96.52
2020-04-09,,93.98
2020-04-10,,86.36
2020-04-11,,81.28
2020-04-12,,68.58
2020-04-13,,60.96
2020-04-14,,53.34
2020-04-15,,48.26
2020-04-16,,43.18
2020-04-17,,38.1
2020-04-18,,43.18
2020-04-19,,40.64
2020-04-20,,35.56
2020-04-21,,35.56
2020-04-22,,30.48
2020-04-23,,25.4
2020-04-24,,20.32
2020-04-25,,12.7
2020-04-26,,5.08
2020-04-27,,0.0
2020-04-28,,0.0
2020-04-29,,0.0
2020-04-30,,0.0
2020-05-01,,0.0
2020-05-02,,0.0
2020-05-03,,0.0
2020-05-04,,0.0
2020-05-05,,0.0
2020-05-06,,0.0
2020-05-07,,0.0
2020-05-08,,0.0
2020-05-09,,0.0
2020-05-10,,0.0
2020-05-11,,0.0
2020-05-12,,0.0
2020-05-13,,0.0
2020-05-14,,0.0
2020-05-15,,0.0
2020-05-16,,0.0
2020-05-17,,0.0
2020-05-18,,0.0
2020-05-19,,0.0
2020-05-20,,0.0
2020-05-21,,0.0
2020-05-22,,0.0
2020-05-23,,0.0
2020-05-24,,0.0
2020-05-25,,0.0
2020-05-26,,0.0
2020-05-27,,0.0
2020-05-28,,0.0
2020-05-29,,0.0
2020-05-30,,0.0
2020-05-31,,0.0
2020-06-01,,0.0
2020-06-02,,0.0
2020-06-03,,0.0
2020-06-04,,0.0
2020-06-05,,0.0
2020-06-06,,0.0
2020-06-07,,0.0
2020-06-08,,0.0
2020-06-09,,0.0
2020-06-10,,0.0
2020-06-11,,0.0
2020-06-12,,0.0
2020-06-13,,0.0
2020-06-14,,0.0
2020-06-15,,0.0
2020-06-16,,0.0
2020-06-17,,0.0
2020-06-18,,0.0
2020-06-19,,0.0
2020-06-20,,0.0
2020-06-21,,0.0
2020-06-22,,0.0
2020-06-23,,0.0
2020-06-24,,0.0
2020-06-25,,0.0
2020-06-26,,0.0
2020-06-27,,0.0
2020-06-28,,0.0
2020-06-29,,0.0
2020-06-30,,0.0
2020-07-01,,0.0
2020-07-02,,0.0
2020-07-03,,0.0
2020-07-04,,0.0
2020-07-05,,0.0
2020-07-06,,0.0
2020-07-07,,0.0
2020-07-08,,0.0
2020-07-09,,0.0
2020-07-10,,0.0
2020-07-11,,0.0
2020-07-12,,0.0
2020-07-13,,0.0
2020-07-14,,0.0
2020-07-15,,0.0
2020-07-16,,0.0
2020-07-17,,0.0
2020-07-18,,0.0
2020-07-19,,0.0
2020-07-20,,0.0
2020-07-21,,0.0
2020-07-22,,0.0
2020-07-23,,0.0
2020-07-24,,0.0
2020-07-25,,0.0
2020-07-26,,0.0
2020-07-27,,0.0
2020-07-28,,0.0
2020-07-29,,0.0
2020-07-30,,0.0
2020-07-31,,0.0
2020-08-01,,0.0
2020-08-02,,0.0
2020-08-03,,0.0
2020-08-04,,0.0
2020-08-05,,0.0
2020-08-06,,0.0
2020-08-07,,0.0
2020-08-08,,0.0
2020-08-09,,0.0
2020-08-10,,0.0
2020-08-11,,0.0
2020-08-12,,0.0
2020-08-13,,0.0
2020-08-14,,0.0
2020-08-15,,0.0
2020-08-16,,0.0
2020-08-17,,0.0
2020-08-18,,0.0
2020-08-19,,0.0
2020-08-20,,0.0
2020-08-21,,0.0
2020-08-22,,0.0
2020-08-23,,0.0
2020-08-24,,0.0
2020-08-25,,0.0
2020-08-26,,0.0
2020-08-27,,0.0
2020-08-28,,0.0
2020-08-29,,0.0
2020-08-30,,0.0
2020-08-31,,0.0
2020-09-01,,0.0
2020-09-02,,0.0
2020-09-03,,0.0
2020-09-04,,0.0
2020-09-05,,0.0
2020-09-06,,0.0
2020-09-07,,0.0
2020-09-08,,0.0
2020-09-09,,0.0
2020-09-10,,2.54
2020-09-11,,2.54
2020-09-12,,0.0
2020-09-13,,0.0
2020-09-14,,0.0
2020-09-15,,0.0
2020-09-16,,5.08
2020-09-17,,0.0
2020-09-18,,0.0
2020-09-19,,5.08
2020-09-20,,5.08
2020-09-21,,0.0
2020-09-22,,2.54
2020-09-23,,5.08
2020-09-24,,0.0
2020-09-25,,0.0
2020-09-26,,0.0
2020-09-27,,0.0
2020-09-28,,0.0
2020-09-29,,0.0
2020-09-30,,0.0
2020-10-01,,0.0
2020-10-02,,0.0
2020-10-03,,0.0
2020-10-04,,0.0
2020-10-05,,0.0
2020-10-06,,0.0
2020-10-07,,0.0
2020-10-08,,0.0
2020-10-09,,0.0
2020-10-10,,0.0
2020-10-11,,0.0
2020-10-12,,0.0
2020-10-13,,0.0
2020-10-14,,0.0
2020-10-15,,0.0
2020-10-16,,0.0
2020-10-17,,0.0
2020-10-18,,0.0
2020-10-19,,0.0
2020-10-20,,0.0
2020-10-21,,0.0
2020-10-22,,0.0
2020-10-23,,0.0
2020-10-24,,0.0
2020-10-25,,0.0
2020-10-26,,0.0
2020-10-27,,0.0
2020-10-28,,0.0
2020-10-29,,0.0
2020-10-30,,2.54
2020-10-31,,0.0
2020-11-01,,0.0
2020-11-02,,0.0
2020-11-03,,0.0
2020-11-04,,0.0
2020-11-05,,0.0
2020-11-06,,0.0
2020-11-07,,2.54
2020-11-08,0.0,2.54
2020-11-09,3.835,30.48
2020-11-10,3.683,22.86
2020-11-11,3.785,15.24
2020-11-12,3.937,12.7
2020-11-13,3.759,10.16
2020-11-14,4.039,7.62
2020-11-15,0.0,7.62
2020-11-16,0.432,5.08
2020-11-17,0.254,5.08
2020-11-18,0.076,2.54
2020-11-19,0.0,0.0
2020-11-20,0.254,0.0
2020-11-21,0.0,0.0
2020-11-22,0.0,0.0
2020-11-23,0.0,0.0
2020-11-24,0.0,0.0
2020-11-25,0.0,0.0
2020-11-26,0.0,0.0
2020-11-27,0.0,0.0
2020-11-28,0.0,0.0
2020-11-29,0.0,0.0
2020-11-30,0.051,2.54
2020-12-01,0.356,2.54
2020-12-02,0.559,2.54
2020-12-03,0.483,2.54
2020-12-04,0.254,2.54
2020-12-05,0.381,2.54
2020-12-06,0.406,2.54
2020-12-07,0.152,2.54
2020-12-08,0.457,2.54
2020-12-09,0.127,2.54
2020-12-10,0.457,2.54
2020-12-11,0.33,2.54
2020-12-12,0.889,7.62
2020-12-13,1.626,5.08
2020-12-14,3.302,17.78
2020-12-15,4.064,17.78
2020-12-16,4.242,15.24
2020-12-17,3.886,17.78
2020-12-18,5.385,25.4
2020-12-19,5.461,25.4
2020-12-20,5.486,25.4
2020-12-21,5.486,22.86
2020-12-22,5.486,22.86
2020-12-23,5.613,22.86
2020-12-24,5.461,22.86
2020-12-25,5.309,22.86
2020-12-26,5.08,22.86
2020-12-27,5.588,22.86
2020-12-28,6.731,45.72
2020-12-29,7.188,43.18
2020-12-30,7.391,40.64
2020-12-31,7.417,38.1
2021-01-01,7.544,38.1
2021-01-02,7.544,38.1
2021-01-03,7.493,35.56
2021-01-04,7.468,35.56
2021-01-05,7.874,33.02
2021-01-06,7.925,33.02
2021-01-07,8.077,33.02
2021-01-08,8.103,33.02
2021-01-09,8.28,30.48
2021-01-10,8.306,30.48
2021-01-11,8.255,30.48
2021-01-12,8.153,30.48
2021-01-13,7.95,30.48
2021-01-14,8.153,30.48
2021-01-15,8.306,27.94
2021-01-16,8.357,27.94
2021-01-17,8.255,25.4
2021-01-18,8.458,25.4
2021-01-19,7.798,25.4
2021-01-20,8.28,25.4
2021-01-21,9.449,25.4
2021-01-22,9.5,25.4
2021-01-23,9.525,38.1
2021-01-24,9.449,33.02
2021-01-25,9.728,53.34
2021-01-26,10.49,66.04
2021-01-27,11.836,71.12
2021-01-28,14.58,83.82
2021-01-29,16.535,109.22
2021-01-30,17.653,116.84
2021-01-31,17.704,109.22
2021-02-01,17.628,101.6
2021-02-02,17.755,93.98
2021-02-03,17.831,88.9
2021-02-04,17.882,88.9
2021-02-05,17.932,86.36
2021-02-06,18.009,83.82
2021-02-07,18.161,81.28
2021-02-08,18.313,78.74
2021-02-09,18.313,78.74
2021-02-10,18.339,76.2
2021-02-11,18.618,76.2
2021-02-12,19.456,91.44
2021-02-13,19.812,83.82
2021-02-14,20.345,88.9
2021-02-15,20.422,86.36
2021-02-16,20.422,83.82
2021-02-17,20.371,83.82
2021-02-18,20.015,83.82
2021-02-19,19.609,81.28
2021-02-20,19.253,81.28
2021-02-21,19.761,81.28
2021-02-22,19.634,81.28
2021-02-23,19.66,78.74
2021-02-24,20.015,76.2
2021-02-25,20.295,76.2
2021-02-26,19.812,73.66
2021-02-27,19.025,73.66
2021-02-28,19.228,73.66
2021-03-01,19.482,71.12
2021-03-02,19.558,71.12
2021-03-03,19.202,68.58
2021-03-04,18.923,68.58
2021-03-05,18.745,66.04
2021-03-06,18.364,63.5
2021-03-07,18.542,60.96
2021-03-08,18.669,60.96
2021-03-09,18.517,58.42
2021-03-10,18.847,86.36
2021-03-11,20.599,114.3
2021-03-12,20.498,106.68
2021-03-13,20.015,99.06
2021-03-14,19.228,93.98
2021-03-15,20.015,91.44
2021-03-16,19.914,104.14
2021-03-17,19.177,91.44
2021-03-18,18.542,88.9
2021-03-19,18.415,81.28
2021-03-20,19.71,86.36
2021-03-21,19.863,81.28
2021-03-22,19.964,78.74
2021-03-23,19.837,81.28
2021-03-24,20.244,78.74
2021-03-25,20.295,76.2
2021-03-26,20.447,76.2
2021-03-27,22.53,73.66
2021-03-28,23.012,71.12
2021-03-29,23.52,66.04
2021-03-30,23.825,63.5
2021-03-31,23.47,60.96
2021-04-01,22.327,55.88
2021-04-02,21.565,53.34
2021-04-03,20.574,48.26
2021-04-04,19.152,45.72
2021-04-05,18.059,40.64
2021-04-06,16.459,35.56
2021-04-07,15.037,33.02
2021-04-08,14.503,27.94
2021-04-09,13.106,25.4
2021-04-10,10.617,20.32
2021-04-11,8.611,12.7
2021-04-12,5.105,7.62
2021-04-13,0.0,2.54
2021-04-14,0.0,2.54
2021-04-15,0.0,2.54
2021-04-16,0.0,2.54
2021-04-17,0.0,2.54
2021-04-18,0.0,
2021-04-19,0.0,2.54
2021-04-20,0.0,2.54
2021-04-21,0.0,2.54
2021-04-22,0.0,2.54
2021-04-23,0.0,2.54
2021-04-24,0.0,2.54
2021-04-25,0.0,2.54
2021-04-26,0.0,2.54
2021-04-27,0.0,2.54
2021-04-28,0.0,2.54
2021-04-29,0.0,2.54
2021-04-30,0.0,2.54
2021-05-01,0.0,2.54
2021-05-02,0.0,2.54
2021-05-03,0.0,2.54
2021-05-04,0.0,2.54
2021-05-05,0.0,2.54
2021-05-06,0.0,2.54
2021-05-07,0.0,2.54
2021-05-08,0.0,2.54
2021-05-09,0.0,2.54
2021-05-10,0.0,2.54
2021-05-11,0.0,2.54
2021-05-12,0.0,2.54
2021-05-13,0.0,0.0
2021-05-14,0.0,2.54
2021-05-15,0.0,2.54
2021-05-16,0.0,0.0
2021-05-17,0.0,2.54
2021-05-18,0.0,2.54
2021-05-19,0.0,2.54
2021-05-20,0.0,2.54
2021-05-21,0.0,2.54
2021-05-22,0.0,2.54
2021-05-23,0.0,2.54
2021-05-24,0.0,2.54
2021-05-25,0.0,2.54
2021-05-26,0.0,2.54
2021-05-27,0.0,2.54
2021-05-28,0.0,2.54
2021-05-29,0.0,2.54
2021-05-30,0.0,2.54
2021-05-31,0.0,2.54
2021-06-01,0.0,2.54
2021-06-02,0.0,0.0
2021-06-03,0.0,0.0
2021-06-04,0.0,0.0
2021-06-05,0.0,0.0
2021-06-06,0.0,0.0
2021-06-07,0.0,0.0
2021-06-08,0.0,0.0
2021-06-09,0.0,0.0
2021-06-10,0.0,0.0
2021-06-11,0.0,0.0
2021-06-12,0.0,0.0
2021-06-13,0.0,0.0
2021-06-14,0.0,2.54
2021-06-15,0.0,0.0
2021-06-16,0.0,0.0
2021-06-17,0.0,0.0
2021-06-18,0.0,0.0
2021-06-19,0.0,0.0
2021-06-20,0.0,0.0
2021-06-21,0.0,0.0
2021-06-22,0.0,0.0
2021-06-23,0.0,0.0
2021-06-24,0.0,0.0
2021-06-25,0.0,0.0
2021-06-26,0.0,0.0
2021-06-27,0.0,0.0
2021-06-28,0.0,0.0
2021-06-29,0.0,2.54
2021-06-30,0.0,0.0
2021-07-01,0.0,0.0
2021-07-02,0.0,0.0
2021-07-03,0.0,0.0
2021-07-04,0.0,0.0
2021-07-05,0.0,0.0
2021-07-06,0.0,0.0
2021-07-07,0.0,0.0
2021-07-08,0.0,0.0
2021-07-09,0.0,0.0
2021-07-10,0.0,0.0
2021-07-11,0.0,0.0
2021-07-12,0.0,0.0
2021-07-13,0.0,0.0
2021-07-14,0.0,0.0
2021-07-15,0.0,0.0
2021-07-16,0.0,0.0
2021-07-17,0.0,0.0
2021-07-18,0.0,0.0
2021-07-19,0.0,0.0
2021-07-20,0.0,0.0
2021-07-21,0.0,0.0
2021-07-22,0.0,0.0
2021-07-23,0.0,5.08
2021-07-24,0.0,5.08
2021-07-25,0.0,5.08
2021-07-26,0.0,5.08
2021-07-27,0.0,5.08
2021-07-28,0.0,2.54
2021-07-29,0.0,15.24
2021-07-30,0.0,2.54
2021-07-31,0.0,12.7
2021-08-01,0.0,0.0
2021-08-02,0.0,0.0
2021-08-03,0.0,0.0
2021-08-04,0.0,0.0
2021-08-05,0.0,0.0
2021-08-06,0.0,0.0
2021-08-07,0.0,2.54
2021-08-08,0.0,2.54
2021-08-09,0.0,2.54
2021-08-10,0.0,0.0
2021-08-11,0.0,0.0
2021-08-12,0.0,0.0
2021-08-13,0.0,0.0
2021-08-14,0.0,0.0
2021-08-15,0.0,0.0
2021-08-16,0.0,0.0
2021-08-17,0.0,0.0
2021-08-18,0.0,0.0
2021-08-19,0.0,0.0
2021-08-20,0.0,0.0
2021-08-21,0.0,2.54
2021-08-22,0.0,2.54
2021-08-23,0.0,2.54
2021-08-24,0.0,2.54
2021-08-25,0.0,2.54
2021-08-26,0.0,2.54
2021-08-27,0.0,2.54
2021-08-28,0.0,2.54
2021-08-29,0.0,2.54
2021-08-30,0.0,2.54
2021-08-31,0.0,2.54
2021-09-01,0.0,2.54
2021-09-02,0.0,2.54
2021-09-03,0.0,2.54
2021-09-04,0.0,0.0
2021-09-05,0.0,2.54
2021-09-06,0.0,0.0
2021-09-07,0.0,0.0
2021-09-08,0.0,0.0
2021-09-09,0.0,0.0
2021-09-10,0.0,0.0
2021-09-11,0.0,0.0
2021-09-12,0.0,0.0
2021-09-13,0.0,0.0
2021-09-14,0.0,0.0
2021-09-15,0.0,0.0
2021-09-16,0.0,0.0
2021-09-17,0.0,0.0
2021-09-18,0.0,0.0
2021-09-19,0.0,0.0
2021-09-20,0.0,0.0
2021-09-21,0.0,0.0
2021-09-22,0.0,0.0
2021-09-23,0.0,0.0
2021-09-24,0.0,0.0
2021-09-25,0.0,0.0
2021-09-26,0.0,0.0
2021-09-27,0.0,0.0
2021-09-28,0.0,0.0
2021-09-29,0.0,0.0
2021-09-30,0.0,0.0
2021-10-01,0.0,0.0
2021-10-02,0.0,0.0
2021-10-03,0.0,0.0
2021-10-04,0.0,0.0
2021-10-05,0.0,0.0
2021-10-06,0.0,0.0
2021-10-07,0.0,0.0
2021-10-08,0.0,0.0
2021-10-09,0.0,0.0
2021-10-10,0.0,0.0
2021-10-11,0.0,0.0
2021-10-12,0.0,0.0
2021-10-13,0.0,0.0
2021-10-14,0.0,0.0
2021-10-15,0.0,0.0
2021-10-16,0.0,0.0
2021-10-17,0.0,0.0
2021-10-18,1.118,5.08
2021-10-19,0.0,2.54
2021-10-20,0.0,0.0
2021-10-21,0.0,0.0
2021-10-22,0.0,0.0
2021-10-23,0.356,0.0
2021-10-24,0.279,0.0
2021-10-25,0.279,0.0
2021-10-26,4.445,30.48
2021-10-27,4.064,22.86
2021-10-28,2.718,12.7
2021-10-29,0.0,7.62
2021-10-30,0.0,2.54
2021-10-31,0.0,0.0
2021-11-01,0.0,0.0
2021-11-02,0.0,0.0
2021-11-03,0.0,0.0
2021-11-04,0.0,0.0
2021-11-05,0.0,0.0
2021-11-06,0.0,0.0
2021-11-07,0.0,0.0
2021-11-08,0.0,0.0
2021-11-09,0.533,0.0
2021-11-10,0.0,0.0
2021-11-11,0.0,0.0
2021-11-12,0.0,0.0
2021-11-13,0.0,0.0
2021-11-14,0.0,0.0
2021-11-15,0.0,0.0
2021-11-16,0.0,0.0
2021-11-17,0.0,0.0
2021-11-18,0.0,0.0
2021-11-19,0.0,0.0
2021-11-20,0.0,0.0
2021-11-21,0.0,0.0
2021-11-22,0.0,0.0
2021-11-23,0.483,0.0
2021-11-24,0.0,0.0
2021-11-25,0.0,0.0
2021-11-26,0.0,0.0
2021-11-27,0.0,0.0
2021-11-28,0.0,0.0
2021-11-29,0.0,0.0
2021-11-30,0.0,0.0
2021-12-01,0.0,0.0
2021-12-02,0.0,0.0
2021-12-03,0.0,0.0
2021-12-04,0.0,0.0
2021-12-05,0.0,0.0
2021-12-06,0.0,2.54
2021-12-07,0.0,2.54
2021-12-08,0.0,2.54
2021-12-09,0.0,2.54
2021-12-10,0.0,20.32
2021-12-11,2.007,17.78
2021-12-12,2.032,15.24
2021-12-13,2.108,12.7
2021-12-14,10.16,48.26
2021-12-15,16.535,88.9
2021-12-16,17.755,78.74
2021-12-17,20.574,83.82
2021-12-18,22.225,81.28
2021-12-19,22.962,76.2
2021-12-20,23.292,76.2
2021-12-21,23.546,73.66
2021-12-22,23.546,71.12
2021-12-23,23.8,73.66
2021-12-24,29.921,86.36
2021-12-25,33.909,96.52
2021-12-26,41.707,129.54
2021-12-27,44.806,124.46
2021-12-28,50.8,144.78
2021-12-29,52.68,139.7
2021-12-30,59.03,162.56
2021-12-31,61.646,157.48
2022-01-01,63.373,152.4
2022-01-02,64.186,147.32
2022-01-03,64.237,144.78
2022-01-04,64.211,142.24
2022-01-05,63.246,137.16
2022-01-06,62.382,134.62
2022-01-07,60.782,132.08
2022-01-08,61.036,129.54
2022-01-09,61.951,129.54
2022-01-10,62.687,127.0
2022-01-11,62.738,127.0
2022-01-12,63.119,124.46
2022-01-13,62.586,121.92
2022-01-14,61.773,121.92
2022-01-15,61.9,119.38
2022-01-16,62.281,119.38
2022-01-17,62.357,119.38
2022-01-18,61.29,116.84
2022-01-19,63.094,114.3
2022-01-20,64.414,114.3
2022-01-21,64.694,111.76
2022-01-22,63.983,111.76
2022-01-23,63.297,111.76
2022-01-24,62.687,111.76
2022-01-25,62.484,109.22
2022-01-26,62.459,109.22
2022-01-27,62.865,109.22
2022-01-28,63.017,106.68
2022-01-29,62.484,106.68
2022-01-30,61.316,106.68
2022-01-31,61.57,106.68
2022-02-01,62.052,104.14
2022-02-02,62.941,104.14
2022-02-03,64.033,104.14
2022-02-04,64.465,104.14
2022-02-05,64.999,104.14
2022-02-06,65.507,101.6
2022-02-07,66.421,99.06
2022-02-08,67.564,96.52
2022-02-09,65.481,96.52
2022-02-10,64.821,93.98
2022-02-11,64.338,91.44
2022-02-12,63.779,91.44
2022-02-13,63.017,88.9
2022-02-14,62.078,86.36
2022-02-15,61.798,86.36
2022-02-16,62.916,88.9
2022-02-17,63.449,86.36
2022-02-18,63.856,86.36
2022-02-19,60.706,83.82
2022-02-20,57.887,83.82
2022-02-21,56.49,83.82
2022-02-22,56.921,81.28
2022-02-23,60.782,106.68
2022-02-24,63.424,101.6
2022-02-25,65.456,93.98
2022-02-26,67.361,91.44
2022-02-27,69.596,88.9
2022-02-28,72.288,86.36
2022-03-01,72.873,83.82
2022-03-02,73.228,81.28
2022-03-03,74.041,78.74
2022-03-04,74.473,78.74
2022-03-05,74.803,86.36
2022-03-06,74.955,99.06
2022-03-07,76.708,88.9
2022-03-08,77.343,86.36
2022-03-09,76.352,83.82
2022-03-10,76.225,81.28
2022-03-11,76.454,81.28
2022-03-12,76.352,78.74
2022-03-13,75.692,76.2
2022-03-14,76.048,73.66
2022-03-15,74.981,71.12
2022-03-16,72.898,68.58
2022-03-17,70.358,66.04
2022-03-18,69.088,66.04
2022-03-19,68.478,63.5
2022-03-20,69.19,66.04
2022-03-21,67.361,60.96
2022-03-22,65.1,58.42
2022-03-23,61.595,53.34
2022-03-24,59.436,50.8
2022-03-25,55.982,45.72
2022-03-26,52.451,40.64
2022-03-27,49.505,38.1
2022-03-28,47.015,35.56
2022-03-29,49.86,45.72
2022-03-30,49.784,38.1
2022-03-31,48.87,35.56
2022-04-01,47.93,33.02
2022-04-02,45.009,27.94
2022-04-03,34.747,22.86
2022-04-04,29.566,17.78
2022-04-05,24.562,15.24
2022-04-06,18.186,10.16
2022-04-07,10.897,5.08
2022-04-08,7.468,0.0
2022-04-09,0.0,0.0
2022-04-10,0.0,0.0
2022-04-11,0.0,0.0
2022-04-12,1.854,0.0
2022-04-13,0.254,0.0
2022-04-14,0.0,0.0
2022-04-15,0.0,0.0
2022-04-16,0.381,0.0
2022-04-17,0.0,0.0
2022-04-18,0.0,0.0
2022-04-19,0.33,0.0
2022-04-20,0.432,0.0
2022-04-21,0.406,0.0
2022-04-22,3.48,17.78
2022-04-23,1.549,5.08
2022-04-24,0.0,0.0
2022-04-25,0.0,0.0
2022-04-26,0.0,0.0
2022-04-27,0.0,0.0
2022-04-28,0.0,0.0
2022-04-29,0.0,0.0
2022-04-30,0.0,0.0
2022-05-01,0.0,0.0
2022-05-02,0.0,0.0
2022-05-03,0.0,0.0
2022-05-04,0.0,0.0
2022-05-05,0.0,0.0
2022-05-06,0.0,0.0
2022-05-07,0.0,0.0
2022-05-08,0.0,0.0
2022-05-09,0.0,0.0
2022-05-10,0.0,0.0
2022-05-11,0.0,0.0
2022-05-12,0.0,0.0
2022-05-13,0.0,0.0
2022-05-14,0.0,0.0
2022-05-15,0.0,0.0
2022-05-16,0.0,0.0
2022-05-17,0.0,0.0
2022-05-18,0.0,0.0
2022-05-19,0.0,0.0
2022-05-20,0.0,0.0
2022-05-21,0.0,0.0
2022-05-22,0.0,0.0
2022-05-23,0.0,0.0
2022-05-24,0.0,0.0
2022-05-25,0.0,0.0
2022-05-26,0.0,0.0
2022-05-27,0.0,0.0
2022-05-28,0.0,0.0
2022-05-29,0.0,0.0
2022-05-30,0.0,0.0
2022-05-31,0.0,0.0
2022-06-01,0.0,0.0
2022-06-02,0.0,0.0
2022-06-03,0.0,0.0
2022-06-04,0.0,0.0
2022-06-05,0.0,0.0
2022-06-06,0.0,0.0
2022-06-07,0.0,0.0
2022-06-08,0.0,0.0
2022-06-09,0.0,0.0
2022-06-10,0.0,0.0
2022-06-11,0.0,0.0
2022-06-12,0.0,0.0
2022-06-13,0.0,0.0
2022-06-14,0.0,0.0
2022-06-15,0.0,0.0
2022-06-16,0.0,0.0
2022-06-17,0.0,0.0
2022-06-18,0.0,0.0
2022-06-19,0.0,0.0
2022-06-20,0.0,0.0
2022-06-21,0.0,0.0
2022-06-22,0.0,0.0
2022-06-23,0.0,0.0
2022-06-24,0.0,0.0
2022-06-25,0.0,0.0
2022-06-26,0.0,0.0
2022-06-27,0.0,0.0
2022-06-28,0.0,0.0
2022-06-29,0.0,0.0
2022-06-30,0.0,0.0
2022-07-01,0.0,0.0
2022-07-02,0.0,0.0
2022-07-03,0.0,0.0
2022-07-04,0.0,0.0
2022-07-05,0.0,0.0
2022-07-06,0.0,0.0
2022-07-07,0.0,0.0
2022-07-08,0.0,0.0
2022-07-09,0.0,0.0
2022-07-10,0.0,0.0
2022-07-11,0.0,0.0
2022-07-12,0.0,0.0
2022-07-13,0.0,0.0
2022-07-14,0.0,0.0
2022-07-15,0.0,0.0
2022-07-16,0.0,0.0
2022-07-17,0.0,0.0
2022-07-18,0.0,0.0
2022-07-19,0.0,0.0
2022-07-20,0.0,0.0
2022-07-21,0.0,0.0
2022-07-22,0.0,0.0
2022-07-23,0.0,0.0
2022-07-24,0.0,0.0
2022-07-25,0.0,0.0
2022-07-26,0.0,0.0
2022-07-27,0.0,2.54
2022-07-28,0.0,0.0
2022-07-29,0.0,5.08
2022-07-30,0.0,0.0
2022-07-31,0.0,5.08
2022-08-01,0.0,5.08
2022-08-02,0.0,5.08
2022-08-03,0.0,5.08
2022-08-04,0.0,5.08
2022-08-05,0.0,2.54
2022-08-06,0.0,5.08
2022-08-07,0.0,5.08
2022-08-08,0.0,2.54
2022-08-09,0.0,2.54
2022-08-10,0.0,5.08
2022-08-11,0.0,5.08
2022-08-12,0.0,5.08
2022-08-13,0.0,5.08
2022-08-14,0.0,5.08
2022-08-15,0.0,5.08
2022-08-16,0.0,5.08
2022-08-17,0.0,0.0
2022-08-18,0.0,0.0
2022-08-19,0.0,0.0
2022-08-20,0.0,2.54
2022-08-21,0.0,0.0
2022-08-22,0.0,2.54
2022-08-23,0.0,0.0
2022-08-24,0.0,0.0
2022-08-25,0.0,0.0
2022-08-26,0.0,0.0
2022-08-27,0.0,0.0
2022-08-28,0.0,0.0
2022-08-29,0.0,0.0
2022-08-30,0.0,0.0
2022-08-31,0.0,0.0
2022-09-01,0.0,0.0
2022-09-02,0.0,0.0
2022-09-03,0.0,0.0
2022-09-04,0.0,0.0
2022-09-05,0.0,0.0
2022-09-06,0.0,0.0
2022-09-07,0.0,2.54
2022-09-08,0.0,2.54
2022-09-09,0.0,2.54
2022-09-10,0.0,2.54
2022-09-11,0.0,2.54
2022-09-12,0.0,2.54
2022-09-13,0.0,2.54
2022-09-14,0.0,2.54
2022-09-15,0.0,2.54
2022-09-16,0.0,2.54
2022-09-17,0.0,2.54
2022-09-18,0.0,2.54
2022-09-19,0.0,2.54
2022-09-20,0.0,2.54
2022-09-21,0.0,2.54
2022-09-22,0.0,2.54
2022-09-23,0.0,2.54
2022-09-24,0.0,2.54
2022-09-25,0.0,2.54
2022-09-26,0.0,2.54
2022-09-27,0.0,2.54
2022-09-28,0.0,2.54
2022-09-29,0.0,2.54
2022-09-30,0.0,2.54
2022-10-01,0.0,2.54
2022-10-02,0.0,2.54
2022-10-03,0.0,2.54
2022-10-04,0.0,2.54
2022-10-05,0.0,2.54
2022-10-06,0.0,2.54
2022-10-07,0.0,2.54
2022-10-08,0.0,2.54
2022-10-09,0.0,2.54
2022-10-10,0.0,2.54
2022-10-11,0.0,2.54
2022-10-12,0.0,2.54
2022-10-13,0.0,2.54
2022-10-14,0.0,2.54
2022-10-15,0.0,2.54
2022-10-16,0.0,2.54
2022-10-17,0.0,2.54
2022-10-18,0.0,2.54
2022-10-19,0.0,2.54
2022-10-20,0.0,2.54
2022-10-21,0.0,2.54
2022-10-22,0.0,2.54
2022-10-23,0.0,2.54
2022-10-24,0.0,2.54
2022-10-25,0.0,2.54
2022-10-26,0.0,2.54
2022-10-27,0.0,2.54
2022-10-28,0.0,2.54
2022-10-29,0.0,2.54
2022-10-30,0.0,2.54
2022-10-31,0.0,2.54
2022-11-01,0.0,2.54
2022-11-02,2.261,7.62
2022-11-03,0.127,7.62
2022-11-04,0.406,7.62
2022-11-05,1.727,5.08
2022-11-06,0.0,2.54
2022-11-07,0.432,2.54
2022-11-08,1.905,7.62
2022-11-09,10.566,53.34
2022-11-10,12.522,50.8
2022-11-11,12.7,45.72
2022-11-12,12.471,43.18
2022-11-13,12.294,43.18
2022-11-14,12.09,40.64
2022-11-15,11.659,40.64
2022-11-16,11.659,38.1
2022-11-17,11.303,38.1
2022-11-18,10.82,35.56
2022-11-19,10.846,35.56
2022-11-20,10.998,35.56
2022-11-21,11.379,35.56
2022-11-22,11.989,35.56
2022-11-23,11.481,35.56
2022-11-24,9.474,33.02
2022-11-25,8.636,33.02
2022-11-26,8.661,33.02
2022-11-27,8.992,30.48
2022-11-28,9.677,30.48
2022-11-29,10.719,30.48
2022-11-30,8.966,30.48
2022-12-01,8.382,30.48
2022-12-02,15.494,68.58
2022-12-03,16.281,71.12
2022-12-04,23.216,78.74
2022-12-05,23.698,71.12
2022-12-06,24.308,71.12
2022-12-07,25.578,71.12
2022-12-08,25.654,71.12
2022-12-09,23.851,71.12
2022-12-10,22.301,68.58
2022-12-11,34.188,104.14
2022-12-12,43.993,127.0
2022-12-13,46.457,124.46
2022-12-14,47.092,119.38
2022-12-15,47.015,116.84
2022-12-16,46.558,114.3
2022-12-17,45.822,114.3
2022-12-18,45.085,111.76
2022-12-19,44.501,111.76
2022-12-20,44.018,111.76
2022-12-21,43.688,109.22
2022-12-22,43.434,109.22
2022-12-23,43.256,106.68
2022-12-24,43.205,106.68
2022-12-25,43.129,106.68
2022-12-26,43.078,104.14
2022-12-27,43.84,104.14
2022-12-28,50.597,121.92
2022-12-29,50.978,119.38
2022-12-30,52.095,121.92
2022-12-31,53.188,111.76
2023-01-01,54.356,134.62
2023-01-02,54.331,134.62
2023-01-03,51.892,147.32
2023-01-04,55.778,142.24
2023-01-05,59.461,147.32
2023-01-06,68.631,180.34
2023-01-07,72.085,175.26
2023-01-08,74.168,170.18
2023-01-09,78.461,185.42
2023-01-10,70.053,182.88
2023-01-11,83.515,198.12
2023-01-12,,
2023-01-13,,
2023-01-14,,
2023-01-15,,
2023-01-16,,
2023-01-17,,
2023-01-18,,
2023-01-19,,
2023-01-20,,
2023-01-21,,
2023-01-22,,
2023-01-23,,
2023-01-24,,
2023-01-25,,
2023-01-26,,
2023-01-27,,
2023-01-28,,
2023-01-29,,
2023-01-30,,
2023-01-31,,
2023-02-01,,
2023-02-02,,
2023-02-03,,
2023-02-04,,
2023-02-05,,
2023-02-06,,
2023-02-07,,
2023-02-08,,
2023-02-09,,
2023-02-10,,
2023-02-11,,
2023-02-12,,
2023-02-13,,
2023-02-14,,
2023-02-15,,
2023-02-16,,
2023-02-17,,
2023-02-18,,
2023-02-19,,
2023-02-20,,
2023-02-21,,
2023-02-22,,
2023-02-23,,
2023-02-24,,
2023-02-25,,
2023-02-26,,
2023-02-27,,
2023-02-28,,
2023-03-01,,
2023-03-02,,
2023-03-03,,
2023-03-04,,
2023-03-05,,
2023-03-06,,
2023-03-07,,
2023-03-08,,
2023-03-09,,
2023-03-10,,
2023-03-11,,
2023-03-12,,
2023-03-13,,
2023-03-14,,
2023-03-15,,
2023-03-16,,
2023-03-17,,
2023-03-18,,
2023-03-19,,
2023-03-20,,
2023-03-21,,
2023-03-22,,
2023-03-23,,
2023-03-24,,
2023-03-25,,
2023-03-26,,
2023-03-27,,
2023-03-28,,
2023-03-29,,
2023-03-30,,
2023-03-31,,
2023-04-01,,
2023-04-02,,
2023-04-03,,
2023-04-04,,
2023-04-05,,
2023-04-06,,
2023-04-07,,
2023-04-08,,
2023-04-09,,
2023-04-10,,
2023-04-11,,
2023-04-12,,
2023-04-13,,
2023-04-14,,
2023-04-15,,
2023-04-16,,
2023-04-17,,
2023-04-18,,
2023-04-19,,
2023-04-20,,
2023-04-21,,
2023-04-22,,
2023-04-23,,
2023-04-24,,
2023-04-25,,
2023-04-26,,
2023-04-27,,
2023-04-28,,
2023-04-29,,
2023-04-30,,
2023-05-01,,
2023-05-02,,
2023-05-03,,
2023-05-04,,
2023-05-05,,
2023-05-06,,
2023-05-07,,
2023-05-08,,
2023-05-09,,
2023-05-10,,
2023-05-11,,
2023-05-12,,
2023-05-13,,
2023-05-14,,
2023-05-15,,
2023-05-16,,
2023-05-17,,
2023-05-18,,
2023-05-19,,
2023-05-20,,
2023-05-21,,
2023-05-22,,
2023-05-23,,
2023-05-24,,
2023-05-25,,
2023-05-26,,
2023-05-27,,
2023-05-28,,
2023-05-29,,
2023-05-30,,
2023-05-31,,
2023-06-01,,
2023-06-02,,
2023-06-03,,
2023-06-04,,
2023-06-05,,
2023-06-06,,
2023-06-07,,
2023-06-08,,
2023-06-09,,
2023-06-10,,
2023-06-11,,
2023-06-12,,
2023-06-13,,
2023-06-14,,
2023-06-15,,
2023-06-16,,
2023-06-17,,
2023-06-18,,
2023-06-19,,
2023-06-20,,
2023-06-21,,
2023-06-22,,
2023-06-23,,
2023-06-24,,
2023-06-25,,
2023-06-26,,
2023-06-27,,
2023-06-28,,
2023-06-29,,
2023-06-30,,
2023-07-01,,
2023-07-02,,
2023-07-03,,
2023-07-04,,
2023-07-05,,
2023-07-06,,
2023-07-07,,
2023-07-08,,
2023-07-09,,
2023-07-10,,
2023-07-11,,
2023-07-12,,
2023-07-13,,
2023-07-14,,
2023-07-15,,
2023-07-16,,
2023-07-17,,
2023-07-18,,
2023-07-19,,
2023-07-20,,
2023-07-21,,
2023-07-22,,
2023-07-23,,
2023-07-24,,
2023-07-25,,
2023-07-26,,
2023-07-27,,
2023-07-28,,
2023-07-29,,
2023-07-30,,
2023-07-31,,
2023-08-01,,
2023-08-02,,
2023-08-03,,
2023-08-04,,
2023-08-05,,
2023-08-06,,
2023-08-07,,
2023-08-08,,
2023-08-09,,
2023-08-10,,
2023-08-11,,
2023-08-12,,
2023-08-13,,
2023-08-14,,
2023-08-15,,
2023-08-16,,
2023-08-17,,
2023-08-18,,
2023-08-19,,
2023-08-20,,
2023-08-21,,
2023-08-22,,
2023-08-23,,
2023-08-24,,
2023-08-25,,
2023-08-26,,
2023-08-27,,
2023-08-28,,
2023-08-29,,
2023-08-30,,
2023-08-31,,
2023-09-01,,
2023-09-02,,
2023-09-03,,
2023-09-04,,
2023-09-05,,
2023-09-06,,
2023-09-07,,
2023-09-08,,
2023-09-09,,
2023-09-10,,
2023-09-11,,
2023-09-12,,
2023-09-13,,
2023-09-14,,
2023-09-15,,
2023-09-16,,
2023-09-17,,
2023-09-18,,
2023-09-19,,
2023-09-20,,
2023-09-21,,
2023-09-22,,
2023-09-23,,
2023-09-24,,
2023-09-25,,
2023-09-26,,
2023-09-27,,
2023-09-28,,
2023-09-29,,
2023-09-30,,
2023-10-01,,
2023-10-02,,
2023-10-03,,
2023-10-04,,
2023-10-05,,
2023-10-06,,
2023-10-07,,
2023-10-08,,
2023-10-09,,
2023-10-10,,
2023-10-11,,
2023-10-12,,
2023-10-13,,
2023-10-14,,
2023-10-15,,
2023-10-16,,
2023-10-17,,
2023-10-18,,
2023-10-19,,
2023-10-20,,
2023-10-21,,
2023-10-22,,
2023-10-23,,
2023-10-24,,
2023-10-25,,
2023-10-26,,
2023-10-27,,
2023-10-28,,
2023-10-29,,
2023-10-30,,
2023-10-31,,
2023-11-01,,
2023-11-02,,
2023-11-03,,
2023-11-04,,
2023-11-05,,
2023-11-06,,
2023-11-07,,
2023-11-08,,
2023-11-09,,
2023-11-10,,
2023-11-11,,
2023-11-12,,
2023-11-13,,
2023-11-14,,
2023-11-15,,
2023-11-16,,
2023-11-17,,
2023-11-18,,
2023-11-19,,
2023-11-20,,
2023-11-21,,
2023-11-22,,
2023-11-23,,
2023-11-24,,
2023-11-25,,
2023-11-26,,
2023-11-27,,
2023-11-28,,
2023-11-29,,
2023-11-30,,
2023-12-01,,
2023-12-02,,
2023-12-03,,
2023-12-04,,
2023-12-05,,
2023-12-06,,
2023-12-07,,
2023-12-08,,
2023-12-09,,
2023-12-10,,
2023-12-11,,
2023-12-12,,
2023-12-13,,
2023-12-14,,
2023-12-15,,
2023-12-16,,
2023-12-17,,
2023-12-18,,
2023-12-19,,
2023-12-20,,
2023-12-21,,
2023-12-22,,
2023-12-23,,
2023-12-24,,
2023-12-25,,
2023-12-26,,
2023-12-27,,
2023-12-28,,
2023-12-29,,
2023-12-30,,
2023-12-31,,
2024-01-01,,
2024-01-02,,
2024-01-03,,
2024-01-04,,
2024-01-05,,
2024-01-06,,
2024-01-07,,
2024-01-08,,
2024-01-09,,
2024-01-10,,
2024-01-11,,
2024-01-12,,
2024-01-13,,
2024-01-14,,
2024-01-15,,
2024-01-16,,
2024-01-17,,
2024-01-18,,
2024-01-19,,
2024-01-20,,
2024-01-21,,
2024-01-22,,
2024-01-23,,
2024-01-24,,
2024-01-25,,
2024-01-26,,
2024-01-27,,
2024-01-28,,
2024-01-29,,
2024-01-30,,
2024-01-31,,
2024-02-01,,
2024-02-02,,
2024-02-03,,
2024-02-04,,
2024-02-05,,
2024-02-06,,
2024-02-07,,
2024-02-08,,
2024-02-09,,
2024-02-10,,
2024-02-11,,
2024-02-12,,
2024-02-13,,
2024-02-14,,
2024-02-15,,
2024-02-16,,
2024-02-17,,
2024-02-18,,
2024-02-19,,
2024-02-20,,
2024-02-21,,
2024-02-22,,
2024-02-23,,
2024-02-24,,
2024-02-25,,
2024-02-26,,
2024-02-27,,
2024-02-28,,
2024-02-29,,
2024-03-01,,
2024-03-02,,
2024-03-03,,
2024-03-04,,
2024-03-05,,
2024-03-06,,
2024-03-07,,
2024-03-08,,
2024-03-09,,
2024-03-10,,
2024-03-11,,
2024-03-12,,
2024-03-13,,
2024-03-14,,
2024-03-15,,
2024-03-16,,
2024-03-17,,
2024-03-18,,
2024-03-19,,
2024-03-20,,
2024-03-21,,
2024-03-22,,
2024-03-23,,
2024-03-24,,
2024-03-25,,
2024-03-26,,
2024-03-27,,
2024-03-28,,
2024-03-29,,
2024-03-30,,
2024-03-31,,
2024-04-01,,
2024-04-02,,
2024-04-03,,
2024-04-04,,
2024-04-05,,
2024-04-06,,
2024-04-07,,
2024-04-08,,
2024-04-09,,
2024-04-10,,
2024-04-11,,
2024-04-12,,
2024-04-13,,
2024-04-14,,
2024-04-15,,
2024-04-16,,
2024-04-17,,
2024-04-18,,
2024-04-19,,
2024-04-20,,
2024-04-21,,
2024-04-22,,
2024-04-23,,
2024-04-24,,
2024-04-25,,
2024-04-26,,
2024-04-27,,
2024-04-28,,
2024-04-29,,
2024-04-30,,
2024-05-01,,
2024-05-02,,
2024-05-03,,
2024-05-04,,
2024-05-05,,
2024-05-06,,
2024-05-07,,
2024-05-08,,
2024-05-09,,
2024-05-10,,
2024-05-11,,
2024-05-12,,
2024-05-13,,
2024-05-14,,
2024-05-15,,
2024-05-16,,
2024-05-17,,
2024-05-18,,
2024-05-19,,
2024-05-20,,
2024-05-21,,
2024-05-22,,
2024-05-23,,
2024-05-24,,
2024-05-25,,
2024-05-26,,
2024-05-27,,
2024-05-28,,
2024-05-29,,
2024-05-30,,
2024-05-31,,
2024-06-01,,
2024-06-02,,
2024-06-03,,
2024-06-04,,
2024-06-05,,
2024-06-06,,
2024-06-07,,
2024-06-08,,
2024-06-09,,
2024-06-10,,
2024-06-11,,
2024-06-12,,
2024-06-13,,
2024-06-14,,
2024-06-15,,
2024-06-16,,
2024-06-17,,
2024-06-18,,
2024-06-19,,
2024-06-20,,
2024-06-21,,
2024-06-22,,
2024-06-23,,
2024-06-24,,
2024-06-25,,
2024-06-26,,
2024-06-27,,
2024-06-28,,
2024-06-29,,
2024-06-30,,
2024-07-01,,
2024-07-02,,
2024-07-03,,
2024-07-04,,
2024-07-05,,
2024-07-06,,
2024-07-07,,
2024-07-08,,
2024-07-09,,
2024-07-10,,
2024-07-11,,
2024-07-12,,
2024-07-13,,
2024-07-14,,
2024-07-15,,
2024-07-16,,
2024-07-17,,
2024-07-18,,
2024-07-19,,
2024-07-20,,
2024-07-21,,
2024-07-22,,
2024-07-23,,
2024-07-24,,
2024-07-25,,
2024-07-26,,
2024-07-27,,
2024-07-28,,
2024-07-29,,
2024-07-30,,
2024-07-31,,
2024-08-01,,
2024-08-02,,
2024-08-03,,
2024-08-04,,
2024-08-05,,
2024-08-06,,
2024-08-07,,
2024-08-08,,
2024-08-09,,
2024-08-10,,
2024-08-11,,
2024-08-12,,
2024-08-13,,
2024-08-14,,
2024-08-15,,
2024-08-16,,
2024-08-17,,
2024-08-18,,
2024-08-19,,
2024-08-20,,
2024-08-21,,
2024-08-22,,
2024-08-23,,
2024-08-24,,
2024-08-25,,
2024-08-26,,
2024-08-27,,
2024-08-28,,
2024-08-29,,
2024-08-30,,
2024-08-31,,
2024-09-01,,
2024-09-02,,
2024-09-03,,
2024-09-04,,
2024-09-05,,
2024-09-06,,
2024-09-07,,
2024-09-08,,
2024-09-09,,
2024-09-10,,
2024-09-11,,
2024-09-12,,
2024-09-13,,
2024-09-14,,
2024-09-15,,
2024-09-16,,
2024-09-17,,
2024-09-18,,
2024-09-19,,-2.54
2024-09-20,,-2.54
2024-09-21,,0.0
2024-09-22,,0.0
2024-09-23,,0.0
2024-09-24,,0.0
2024-09-25,,0.0
2024-09-26,,0.0
2024-09-27,,0.0
2024-09-28,,0.0
2024-09-29,,0.0
2024-09-30,,0.0
2024-10-01,,0.0
2024-10-02,,0.0
2024-10-03,,0.0
2024-10-04,,0.0
2024-10-05,,0.0
2024-10-06,,0.0
2024-10-07,,0.0
2024-10-08,,0.0
2024-10-09,,0.0
2024-10-10,,0.0
2024-10-11,,0.0
2024-10-12,,0.0
2024-10-13,,0.0
2024-10-14,,0.0
2024-10-15,,0.0
2024-10-16,,0.0
2024-10-17,,0.0
2024-10-18,,0.0
2024-10-19,,0.0
2024-10-20,,0.0
2024-10-21,,0.0
2024-10-22,,0.0
2024-10-23,,0.0
2024-10-24,,0.0
2024-10-25,,0.0
2024-10-26,,0.0
2024-10-27,,0.0
2024-10-28,,0.0
2024-10-29,,0.0
2024-10-30,,0.0
2024-10-31,,0.0
2024-11-01,,0.0
2024-11-02,,0.0
2024-11-03,,0.0
2024-11-04,,0.0
2024-11-05,,0.0
2024-11-06,,0.0
2024-11-07,,0.0
2024-11-08,,0.0
2024-11-09,,0.0
2024-11-10,,0.0
2024-11-11,,0.0
2024-11-12,,5.08
2024-11-13,,0.0
2024-11-14,,0.0
2024-11-15,,0.0
2024-11-16,,7.62
2024-11-17,,5.08
2024-11-18,,0.0
2024-11-19,,0.0
2024-11-20,,0.0
2024-11-21,,0.0
2024-11-22,0.0,0.0
2024-11-23,0.584,0.0
2024-11-24,0.305,2.54
2024-11-25,0.356,0.0
2024-11-26,4.191,12.7
2024-11-27,6.325,15.24
2024-11-28,7.874,12.7
2024-11-29,7.544,12.7
2024-11-30,6.426,12.7
2024-12-01,5.994,12.7
2024-12-02,7.696,10.16
2024-12-03,7.01,7.62
2024-12-04,5.791,7.62
2024-12-05,5.182,5.08
2024-12-06,4.851,5.08
2024-12-07,5.105,5.08
2024-12-08,4.674,2.54
2024-12-09,4.826,2.54
2024-12-10,4.826,2.54
2024-12-11,4.826,5.08
2024-12-12,4.14,5.08
2024-12-13,3.81,15.24
2024-12-14,3.632,10.16
2024-12-15,5.639,17.78
2024-12-16,5.232,15.24
2024-12-17,5.207,15.24
2024-12-18,5.461,15.24
2024-12-19,5.867,15.24
2024-12-20,5.867,12.7
2024-12-21,5.486,12.7
2024-12-22,4.597,12.7
2024-12-23,4.166,12.7
2024-12-24,2.997,12.7
2024-12-25,3.632,33.02
2024-12-26,4.013,30.48
2024-12-27,4.318,35.56
2024-12-28,5.613,30.48
2024-12-29,5.588,27.94
2024-12-30,5.69,27.94
2024-12-31,6.528,27.94
2025-01-01,6.426,27.94
2025-01-02,6.121,27.94
2025-01-03,5.588,27.94
2025-01-04,5.69,30.48
2025-01-05,6.198,30.48
2025-01-06,6.096,30.48
2025-01-07,6.02,30.48
2025-01-08,6.223,30.48
2025-01-09,6.198,30.48
2025-01-10,5.334,30.48
2025-01-11,5.563,27.94
2025-01-12,6.706,27.94
2025-01-13,7.493,27.94
2025-01-14,7.341,27.94
2025-01-15,6.375,27.94
2025-01-16,6.731,27.94
2025-01-17,7.417,27.94
2025-01-18,,27.94
2025-01-19,,27.94
2025-01-20,,27.94
2025-01-21,,27.94
2025-01-22,,27.94
2025-01-23,,27.94
2025-01-24,,25.4
2025-01-25,7.29,25.4
2025-01-26,4.648,55.88
2025-01-27,4.674,48.26
2025-01-28,4.928,45.72
2025-01-29,5.105,43.18
2025-01-30,5.131,40.64
2025-01-31,5.664,38.1
2025-02-01,3.886,35.56
2025-02-02,4.318,30.48
2025-02-03,5.232,27.94
2025-02-04,5.41,27.94
2025-02-05,5.232,30.48
2025-02-06,6.401,30.48
2025-02-07,5.563,38.1
2025-02-08,6.807,38.1
2025-02-09,6.553,38.1
2025-02-10,5.69,35.56
2025-02-11,5.055,35.56
2025-02-12,4.496,35.56
2025-02-13,4.521,48.26
2025-02-14,6.198,91.44
2025-02-15,6.883,93.98
2025-02-16,7.341,91.44
2025-02-17,7.696,88.9
2025-02-18,7.874,86.36
2025-02-19,8.103,86.36
2025-02-20,8.357,83.82
2025-02-21,8.534,81.28
2025-02-22,8.712,81.28
2025-02-23,8.89,78.74
2025-02-24,8.966,76.2
2025-02-25,9.195,73.66
2025-02-26,9.398,73.66
2025-02-27,,71.12
2025-02-28,,68.58
2025-03-01,,68.58
2025-03-02,,68.58
2025-03-03,,93.98
2025-03-04,,86.36
2025-03-05,,81.28
2025-03-06,,111.76
2025-03-07,,109.22
2025-03-08,,106.68
2025-03-09,,99.06
2025-03-10,,93.98
2025-03-11,,91.44
2025-03-12,,88.9
2025-03-13,,134.62
2025-03-14,,147.32
2025-03-15,,157.48
2025-03-16,,144.78
2025-03-17,,139.7
2025-03-18,,165.1
2025-03-19,,149.86
2025-03-20,,142.24
2025-03-21,,139.7
2025-03-22,,134.62
2025-03-23,,129.54
2025-03-24,,121.92
2025-03-25,,114.3
2025-03-26,,106.68
2025-03-27,,101.6
2025-03-28,,93.98
2025-03-29,,93.98
2025-03-30,,91.44
2025-03-31,,88.9
2025-04-01,,106.68
2025-04-02,,121.92
2025-04-03,,111.76
2025-04-04,,106.68
2025-04-05,,101.6
2025-04-06,,99.06
2025-04-07,,93.98
2025-04-08,,91.44
2025-04-09,,86.36
2025-04-10,,78.74
2025-04-11,,73.66
2025-04-12,,68.58
2025-04-13,,60.96
2025-04-14,,55.88
2025-04-15,,50.8
2025-04-16,,45.72
2025-04-17,,40.64
2025-04-18,,38.1
2025-04-19,,33.02
2025-04-20,,27.94
2025-04-21,,17.78
2025-04-22,,7.62
2025-04-23,,0.0
2025-04-24,,0.0
2025-04-25,,0.0
2025-04-26,,0.0
2025-04-27,,5.08
2025-04-28,,0.0
2025-04-29,,0.0
2025-04-30,,0.0
2025-05-01,,0.0
2025-05-02,,0.0
2025-05-03,,0.0
2025-05-04,,0.0
2025-05-05,,0.0
2025-05-06,,0.0
2025-05-07,,0.0
2025-05-08,,0.0
2025-05-09,,0.0
2025-05-10,,0.0
2025-05-11,,0.0
2025-05-12,,0.0
2025-05-13,,0.0
2025-05-14,,
2025-05-15,,0.0
2025-05-16,,0.0
2025-05-17,,0.0
2025-05-18,,0.0
2025-05-19,,0.0
2025-05-20,,0.0
2025-05-21,,0.0
2025-05-22,,0.0
2025-05-23,,0.0
2025-05-24,,0.0
2025-05-25,,0.0
2025-05-26,,0.0
2025-05-27,,0.0
2025-05-28,,0.0
2025-05-29,,0.0
2025-05-30,,0.0
2025-05-31,,0.0
2025-06-01,,0.0
2025-06-02,,0.0
2025-06-03,,0.0
2025-06-04,,0.0
2025-06-05,,0.0
2025-06-06,,0.0
2025-06-07,,0.0
2025-06-08,,0.0
2025-06-09,,0.0
2025-06-10,,0.0
2025-06-11,,0.0
2025-06-12,,0.0
2025-06-13,,0.0
2025-06-14,,0.0
2025-06-15,,0.0
2025-06-16,,0.0
2025-06-17,,0.0
2025-06-18,,0.0
2025-06-19,,0.0
2025-06-20,,0.0
2025-06-21,,0.0
2025-06-22,,0.0
2025-06-23,,0.0
2025-06-24,,0.0
2025-06-25,,0.0
2025-06-26,,0.0
2025-06-27,,0.0
2025-06-28,,0.0
2025-06-29,,0.0
2025-06-30,,0.0
2025-07-01,,0.0
2025-07-02,,0.0
2025-07-03,,0.0
2025-07-04,,0.0
2025-07-05,,0.0
2025-07-06,,0.0
2025-07-07,,0.0
2025-07-08,,0.0
2025-07-09,,0.0
2025-07-10,,0.0
2025-07-11,,0.0
2025-07-12,,0.0
2025-07-13,,0.0
2025-07-14,,0.0
2025-07-15,,0.0
2025-07-16,,0.0
2025-07-17,,0.0
2025-07-18,,0.0
2025-07-19,,0.0
2025-07-20,,0.0
2025-07-21,,0.0
2025-07-22,,0.0
2025-07-23,,0.0
2025-07-24,,0.0
2025-07-25,,0.0
2025-07-26,,0.0
2025-07-27,,0.0
2025-07-28,,0.0
2025-07-29,,0.0
2025-07-30,,0.0
2025-07-31,,0.0
2025-08-01,,0.0
2025-08-02,,0.0
2025-08-03,,0.0
2025-08-04,,0.0
2025-08-05,,0.0
2025-08-06,,0.0
2025-08-07,,0.0
2025-08-08,,0.0
2025-08-09,,0.0
2025-08-10,,0.0
2025-08-11,,0.0
2025-08-12,,0.0
2025-08-13,,0.0
2025-08-14,,0.0
2025-08-15,,0.0
2025-08-16,,0.0
2025-08-17,,0.0
2025-08-18,,0.0
2025-08-19,,0.0
2025-08-20,,0.0
2025-08-21,,0.0
2025-08-22,,0.0
2025-08-23,,0.0
2025-08-24,,0.0
2025-08-25,,0.0
2025-08-26,,0.0
2025-08-27,,0.0
2025-08-28,,0.0
2025-08-29,,0.0
2025-08-30,,0.0
2025-08-31,,0.0
2025-09-01,,0.0
2025-09-02,,0.0
2025-09-03,,0.0
2025-09-04,,0.0
2025-09-05,,0.0
2025-09-06,,0.0
2025-09-07,,0.0
2025-09-08,,0.0
2025-09-09,,0.0
2025-09-10,,0.0
2025-09-11,,0.0
2025-09-12,,0.0
2025-09-13,,0.0
2025-09-14,,0.0
2025-09-15,,0.0
2025-09-16,,0.0
2025-09-17,,0.0
2025-09-18,,0.0
2025-09-19,,0.0
2025-09-20,,0.0
2025-09-21,,0.0
2025-09-22,,0.0
2025-09-23,,0.0
2025-09-24,,0.0
2025-09-25,,0.0
2025-09-26,,0.0
2025-09-27,,0.0
2025-09-28,,0.0
2025-09-29,,0.0
2025-09-30,,0.0
2025-10-01,0.0,0.0
2025-10-02,0.0,0.0
2025-10-03,0.0,0.0
2025-10-04,0.0,0.0
2025-10-05,0.0,0.0
2025-10-06,0.0,0.0
2025-10-07,0.0,0.0
2025-10-08,0.0,0.0
2025-10-09,0.0,0.0
2025-10-10,0.0,0.0
2025-10-11,0.0,0.0
2025-10-12,0.0,0.0
2025-10-13,0.0,0.0
2025-10-14,1.473,2.54
2025-10-15,4.902,33.02
2025-10-16,5.817,17.78
2025-10-17,3.962,10.16
2025-10-18,1.321,5.08
2025-10-19,0.864,0.0
2025-10-20,0.0,0.0
2025-10-21,0.0,0.0
2025-10-22,0.0,0.0
2025-10-23,0.025,0.0
2025-10-24,0.0,0.0
2025-10-25,0.0,0.0
2025-10-26,0.0,0.0
2025-10-27,0.0,0.0
2025-10-28,0.0,0.0
2025-10-29,0.0,0.0
2025-10-30,0.0,0.0
2025-10-31,0.0,0.0
2025-11-01,0.0,0.0
2025-11-02,0.0,0.0
2025-11-03,0.0,0.0
2025-11-04,0.0,0.0
2025-11-05,0.0,0.0
2025-11-06,0.0,0.0
2025-11-07,0.0,0.0
2025-11-08,0.0,0.0
2025-11-09,0.0,0.0
2025-11-10,0.0,0.0
2025-11-11,0.0,0.0
2025-11-12,0.0,0.0
2025-11-13,0.0,0.0
2025-11-14,0.0,0.0
2025-11-15,0.0,0.0
2025-11-16,2.235,15.24
2025-11-17,4.343,25.4
2025-11-18,7.671,50.8
2025-11-19,8.509,38.1
2025-11-20,9.373,30.48
2025-11-21,9.982,30.48
2025-11-22,10.262,27.94
2025-11-23,10.287,22.86
2025-11-24,9.296,20.32
2025-11-25,8.661,17.78
2025-11-26,9.017,17.78
2025-11-27,9.017,15.24
2025-11-28,9.271,15.24
2025-11-29,9.017,15.24
2025-11-30,8.56,15.24
2025-12-01,9.373,15.24
2025-12-02,9.068,15.24
2025-12-03,9.144,12.7
2025-12-04,9.144,12.7
2025-12-05,8.712,12.7
2025-12-06,7.493,12.7
2025-12-07,6.96,12.7
2025-12-08,7.341,10.16
2025-12-09,6.96,10.16
2025-12-10,7.137,10.16
2025-12-11,6.934,10.16
2025-12-12,7.544,7.62
2025-12-13,7.899,7.62
2025-12-14,6.452,7.62
2025-12-15,6.629,7.62
2025-12-16,3.658,7.62
2025-12-17,2.235,5.08
2025-12-18,0.61,5.08
2025-12-19,0.0,2.54
2025-12-20,0.0,2.54
2025-12-21,0.0,0.0
2025-12-22,0.0,0.0
2025-12-23,0.0,0.0
2025-12-24,0.686,0.0
2025-12-25,8.026,43.18
2025-12-26,17.348,71.12
2025-12-27,20.853,73.66
2025-12-28,21.336,68.58
2025-12-29,22.022,68.58
2025-12-30,23.851,66.04
2025-12-31,25.298,66.04
2026-01-01,24.028,58.42
2026-01-02,23.165,55.88
2026-01-03,23.266,55.88
2026-01-04,29.134,68.58
2026-01-05,36.017,99.06
2026-01-06,,93.98
2026-01-07,,91.44
2026-01-08,,91.44
2026-01-09,,91.44
2026-01-10,,91.44
2026-01-11,,88.9
2026-01-12,,88.9
2026-01-13,,88.9
2026-01-14,,86.36
2026-01-15,,83.82
2026-01-16,,83.82
2026-01-17,,81.28
2026-01-18,,81.28
2026-01-19,,81.28
2026-01-20,,81.28
2026-01-21,,78.74
2026-01-22,,76.2
2026-01-23,,76.2
2026-01-24,,76.2
2026-01-25,,76.2
2026-01-26,,76.2
2026-01-27,,76.2
2026-01-28,,73.66
2026-01-29,,73.66
2026-01-30,,73.66
2026-01-31,,73.66
2026-02-01,,71.12
2026-02-02,,71.12
2026-02-03,,71.12
2026-02-04,,68.58
2026-02-05,,68.58
2026-02-06,,68.58
2026-02-07,,66.04
2026-02-08,,66.04
2026-02-09,,66.04
2026-02-10,,63.5
2026-02-11,,81.28
2026-02-12,,78.74
2026-02-13,,76.2
2026-02-14,,76.2
2026-02-15,,76.2
2026-02-16,,76.2
2026-02-17,,147.32
2026-02-18,,200.66
2026-02-19,,195.58
2026-02-20,,228.6
2026-02-21,,208.28
2026-02-22,,198.12
2026-02-23,,187.96
2026-02-24,,180.34
2026-02-25,,172.72
2026-02-26,,165.1
2026-02-27,,157.48
2026-02-28,,152.4
2026-03-01,,144.78
2026-03-02,,139.7
2026-03-03,,137.16
2026-03-04,,132.08
2026-03-05,,129.54
2026-03-06,,124.46
2026-03-07,,121.92
2026-03-08,,116.84
2026-03-09,,111.76
2026-03-10,,106.68
2026-03-11,,101.6
2026-03-12,,96.52
2026-03-13,,91.44
2026-03-14,,86.36
2026-03-15,,81.28
2026-03-16,,76.2
2026-03-17,,68.58
2026-03-18,,63.5
2026-03-19,,55.88
2026-03-20,,48.26
2026-03-21,,40.64
2026-03-22,,35.56
2026-03-23,,30.48
2026-03-24,,22.86
2026-03-25,,15.24
2026-03-26,,5.08
2026-03-27,,0.0
2026-03-28,,0.0
2026-03-29,,0.0
2026-03-30,,0.0
2026-03-31,,0.0
2026-04-01,0.0,0.0
2026-04-02,0.0,0.0
2026-04-03,0.0,0.0
2026-04-04,0.0,0.0
2026-04-05,0.0,0.0
2026-04-06,0.0,0.0
2026-04-07,0.0,0.0
2026-04-08,0.0,0.0
2026-04-09,0.0,0.0
2026-04-10,0.0,0.0
2026-04-11,0.483,0.0
2026-04-12,2.769,10.16
2026-04-13,3.81,7.62
2026-04-14,4.013,2.54
2026-04-15,1.397,0.0
2026-04-16,0.406,0.0
2026-04-17,0.0,0.0
2026-04-18,0.0,0.0
2026-04-19,0.0,0.0
2026-04-20,0.0,0.0
2026-04-21,0.0,0.0
2026-04-22,4.343,7.62
2026-04-23,2.057,0.0
2026-04-24,0.406,0.0
2026-04-25,0.381,0.0
2026-04-26,1.803,5.08
2026-04-27,0.508,0.0
2026-04-28,0.406,0.0
2026-04-29,0.0,0.0
2026-04-30,0.0,0.0
2026-05-01,0.0,0.0
2026-05-02,0.0,0.0
2026-05-03,0.0,0.0
2026-05-04,0.0,0.0
2026-05-05,0.0,0.0
2026-05-06,0.0,0.0
2026-05-07,0.0,0.0
2026-05-08,0.0,0.0
2026-05-09,0.0,0.0
2026-05-10,0.0,0.0
2026-05-11,0.0,0.0
2026-05-12,0.0,0.0
2026-05-13,0.0,0.0
2026-05-14,0.0,0.0
2026-05-15,0.0,0.0
2026-05-16,0.0,0.0
2026-05-17,0.0,0.0
2026-05-18,0.0,0.0
2026-05-19,0.0,0.0
2026-05-20,0.0,0.0
2026-05-21,0.0,0.0
2026-05-22,0.0,0.0
2026-05-23,0.0,0.0
2026-05-24,0.0,0.0
2026-05-25,0.0,0.0
2026-05-26,0.0,0.0
2026-05-27,0.0,0.0
2026-05-28,0.0,0.0
2026-05-29,0.0,0.0
2026-05-30,0.0,0.0
2026-05-31,0.0,0.0
2026-06-01,0.0,0.0
2026-06-02,0.0,0.0
2026-06-03,0.0,0.0
2026-06-04,0.0,0.0
2026-06-05,0.0,0.0
2026-06-06,0.0,0.0
2026-06-07,0.0,0.0
2026-06-08,0.0,0.0
2026-06-09,0.0,0.0
2026-06-10,0.0,0.0
2026-06-11,0.0,0.0
2026-06-12,0.0,0.0
2026-06-13,0.0,0.0
2026-06-14,0.0,0.0
2026-06-15,0.0,0.0
2026-06-16,0.0,0.0
2026-06-17,0.0,0.0
2026-06-18,0.0,0.0
2026-06-19,0.0,0.0
2026-06-20,0.0,0.0
2026-06-21,0.0,0.0
2026-06-22,0.0,0.0
2026-06-23,,
2026-06-24,0.0,0.0
2026-06-25,0.0,0.0
2026-06-26,0.0,0.0
2026-06-27,0.0,0.0
2026-06-28,0.0,0.0
2026-06-29,0.0,0.0
2026-06-30,0.0,0.0
2026-07-01,0.0,0.0
2026-07-02,0.0,2.54
2026-07-03,0.0,5.08
2026-07-04,0.0,2.54
2026-07-05,0.0,2.54
2026-07-06,0.0,2.54
2026-07-07,0.0,2.54
2026-07-08,0.0,0.0
2026-07-09,0.0,0.0
2026-07-10,0.0,0.0
2026-07-11,0.0,0.0
2026-07-12,0.0,0.0
2026-07-13,0.0,0.0
2026-07-14,0.0,0.0
2026-07-15,0.0,0.0
2026-07-16,0.0,2.54
2026-07-17,0.0,2.54
2026-07-18,0.0,0.0
2026-07-19,0.0,0.0
2026-07-20,0.0,2.54
2026-07-21,0.0,0.0
2026-07-22,0.0,2.54
2026-07-23,0.0,2.54
2026-07-24,0.0,2.54
2026-07-25,0.0,2.54
2026-07-26,0.0,0.0
2026-07-27,0.0,5.08
2026-07-28,0.0,0.0
2026-07-29,0.0,2.54
2026-07-30,0.0,2.54
2026-07-31,0.0,0.0
2026-08-01,0.0,2.54
2026-08-02,0.0,0.0
2026-08-03,0.0,2.54
2026-08-04,0.0,2.54
2026-08-05,0.0,2.54
2026-08-06,0.0,5.08
2026-08-07,0.0,5.08
2026-08-08,0.0,2.54
2026-08-09,0.0,2.54
2026-08-10,0.0,2.54
2026-08-11,0.0,0.0
2026-08-12,0.0,5.08
2026-08-13,0.0,5.08
2026-08-14,0.0,0.0
2026-08-15,0.0,0.0
2026-08-16,0.0,2.54
2026-08-17,0.0,2.54
2026-08-18,,
