date,wteq_cm,snwd_cm
1983-01-01,,
1983-01-02,,
1983-01-03,,
1983-01-04,,
1983-01-05,,
1983-01-06,,
1983-01-07,,
1983-01-08,,
1983-01-09,,
1983-01-10,,
1983-01-11,,
1983-01-12,,
1983-01-13,,
1983-01-14,,
1983-01-15,,
1983-01-16,,
1983-01-17,,
1983-01-18,,
1983-01-19,,
1983-01-20,,
1983-01-21,,
1983-01-22,,
1983-01-23,,
1983-01-24,,
1983-01-25,,
1983-01-26,,
1983-01-27,,
1983-01-28,,
1983-01-29,,
1983-01-30,,
1983-01-31,,
1983-02-01,,
1983-02-02,,
1983-02-03,,
1983-02-04,,
1983-02-05,,
1983-02-06,,
1983-02-07,,
1983-02-08,,
1983-02-09,,
1983-02-10,,
1983-02-11,,
1983-02-12,,
1983-02-13,,
1983-02-14,,
1983-02-15,,
1983-02-16,,
1983-02-17,,
1983-02-18,,
1983-02-19,,
1983-02-20,,
1983-02-21,,
1983-02-22,,
1983-02-23,,
1983-02-24,,
1983-02-25,,
1983-02-26,,
1983-02-27,,
1983-02-28,,
1983-03-01,,
1983-03-02,,
1983-03-03,,
1983-03-04,,
1983-03-05,,
1983-03-06,,
1983-03-07,,
1983-03-08,,
1983-03-09,,
1983-03-10,,
1983-03-11,,
1983-03-12,,
1983-03-13,,
1983-03-14,,
1983-03-15,,
1983-03-16,,
1983-03-17,,
1983-03-18,,
1983-03-19,,
1983-03-20,,
1983-03-21,,
1983-03-22,,
1983-03-23,,
1983-03-24,,
1983-03-25,,
1983-03-26,,
1983-03-27,,
1983-03-28,,
1983-03-29,,
1983-03-30,,
1983-03-31,,
1983-04-01,,
1983-04-02,,
1983-04-03,,
1983-04-04,,
1983-04-05,,
1983-04-06,,
1983-04-07,,
1983-04-08,,
1983-04-09,,
1983-04-10,,
1983-04-11,,
1983-04-12,,
1983-04-13,,
1983-04-14,,
1983-04-15,,
1983-04-16,,
1983-04-17,,
1983-04-18,,
1983-04-19,,
1983-04-20,,
1983-04-21,,
1983-04-22,,
1983-04-23,,
1983-04-24,,
1983-04-25,,
1983-04-26,,
1983-04-27,,
1983-04-28,,
1983-04-29,,
1983-04-30,,
1983-05-01,,
1983-05-02,,
1983-05-03,,
1983-05-04,,
1983-05-05,,
1983-05-06,,
1983-05-07,,
1983-05-08,,
1983-05-09,,
1983-05-10,,
1983-05-11,,
1983-05-12,,
1983-05-13,,
1983-05-14,,
1983-05-15,,
1983-05-16,,
1983-05-17,,
1983-05-18,,
1983-05-19,,
1983-05-20,,
1983-05-21,,
1983-05-22,,
1983-05-23,,
1983-05-24,,
1983-05-25,,
1983-05-26,,
1983-05-27,,
1983-05-28,,
1983-05-29,,
1983-05-30,,
1983-05-31,,
1983-06-01,,
1983-06-02,,
1983-06-03,,
1983-06-04,,
1983-06-05,,
1983-06-06,,
1983-06-07,,
1983-06-08,,
1983-06-09,,
1983-06-10,,
1983-06-11,,
1983-06-12,,
1983-06-13,,
1983-06-14,,
1983-06-15,,
1983-06-16,,
1983-06-17,,
1983-06-18,,
1983-06-19,,
1983-06-20,,
1983-06-21,,
1983-06-22,,
1983-06-23,,
1983-06-24,,
1983-06-25,,
1983-06-26,,
1983-06-27,,
1983-06-28,,
1983-06-29,,
1983-06-30,,
1983-07-01,,
1983-07-02,,
1983-07-03,,
1983-07-04,,
1983-07-05,,
1983-07-06,,
1983-07-07,,
1983-07-08,,
1983-07-09,,
1983-07-10,,
1983-07-11,,
1983-07-12,,
1983-07-13,,
1983-07-14,,
1983-07-15,,
1983-07-16,,
1983-07-17,,
1983-07-18,,
1983-07-19,,
1983-07-20,,
1983-07-21,,
1983-07-22,,
1983-07-23,,
1983-07-24,,
1983-07-25,,
1983-07-26,,
1983-07-27,,
1983-07-28,,
1983-07-29,,
1983-07-30,,
1983-07-31,,
1983-08-01,,
1983-08-02,,
1983-08-03,,
1983-08-04,,
1983-08-05,,
1983-08-06,,
1983-08-07,,
1983-08-08,,
1983-08-09,,
1983-08-10,,
1983-08-11,,
1983-08-12,,
1983-08-13,,
1983-08-14,,
1983-08-15,,
1983-08-16,,
1983-08-17,,
1983-08-18,,
1983-08-19,,
1983-08-20,,
1983-08-21,,
1983-08-22,,
1983-08-23,,
1983-08-24,,
1983-08-25,,
1983-08-26,,
1983-08-27,,
1983-08-28,,
1983-08-29,,
1983-08-30,,
1983-08-31,,
1983-09-01,,
1983-09-02,,
1983-09-03,,
1983-09-04,,
1983-09-05,,
1983-09-06,,
1983-09-07,,
1983-09-08,,
1983-09-09,,
1983-09-10,,
1983-09-11,,
1983-09-12,,
1983-09-13,,
1983-09-14,,
1983-09-15,,
1983-09-16,,
1983-09-17,,
1983-09-18,,
1983-09-19,,
1983-09-20,,
1983-09-21,,
1983-09-22,,
1983-09-23,,
1983-09-24,,
1983-09-25,,
1983-09-26,,
1983-09-27,,
1983-09-28,,
1983-09-29,,
1983-09-30,,
1983-10-01,,
1983-10-02,,
1983-10-03,,
1983-10-04,,
1983-10-05,,
1983-10-06,,
1983-10-07,,
1983-10-08,,
1983-10-09,,
1983-10-10,,
1983-10-11,,
1983-10-12,,
1983-10-13,,
1983-10-14,,
1983-10-15,,
1983-10-16,,
1983-10-17,,
1983-10-18,,
1983-10-19,,
1983-10-20,,
1983-10-21,,
1983-10-22,,
1983-10-23,,
1983-10-24,,
1983-10-25,,
1983-10-26,,
1983-10-27,,
1983-10-28,,
1983-10-29,,
1983-10-30,,
1983-10-31,,
1983-11-01,,
1983-11-02,,
1983-11-03,,
1983-11-04,,
1983-11-05,,
1983-11-06,,
1983-11-07,,
1983-11-08,,
1983-11-09,,
1983-11-10,,
1983-11-11,,
1983-11-12,,
1983-11-13,,
1983-11-14,,
1983-11-15,,
1983-11-16,,
1983-11-17,,
1983-11-18,,
1983-11-19,,
1983-11-20,,
1983-11-21,,
1983-11-22,,
1983-11-23,,
1983-11-24,,
1983-11-25,,
1983-11-26,,
1983-11-27,,
1983-11-28,,
1983-11-29,,
1983-11-30,,
1983-12-01,,
1983-12-02,,
1983-12-03,,
1983-12-04,,
1983-12-05,,
1983-12-06,,
1983-12-07,,
1983-12-08,,
1983-12-09,,
1983-12-10,,
1983-12-11,,
1983-12-12,,
1983-12-13,,
1983-12-14,,
1983-12-15,,
1983-12-16,,
1983-12-17,,
1983-12-18,,
1983-12-19,,
1983-12-20,,
1983-12-21,,
1983-12-22,,
1983-12-23,,
1983-12-24,,
1983-12-25,,
1983-12-26,,
1983-12-27,,
1983-12-28,,
1983-12-29,,
1983-12-30,,
1983-12-31,,
1984-01-01,22.606,
1984-01-02,22.098,
1984-01-03,22.098,
1984-01-04,22.098,
1984-01-05,22.098,
1984-01-06,22.098,
1984-01-07,22.098,
1984-01-08,21.844,
1984-01-09,21.844,
1984-01-10,21.59,
1984-01-11,20.828,
1984-01-12,22.606,
1984-01-13,21.336,
1984-01-14,22.098,
1984-01-15,21.082,
1984-01-16,21.844,
1984-01-17,21.59,
1984-01-18,19.558,
1984-01-19,19.558,
1984-01-20,19.304,
1984-01-21,19.304,
1984-01-22,19.558,
1984-01-23,19.558,
1984-01-24,19.05,
1984-01-25,19.05,
1984-01-26,20.574,
1984-01-27,19.558,
1984-01-28,20.32,
1984-01-29,19.05,
1984-01-30,19.05,
1984-01-31,20.066,
1984-02-01,19.05,
1984-02-02,17.526,
1984-02-03,19.558,
1984-02-04,19.558,
1984-02-05,17.018,
1984-02-06,19.05,
1984-02-07,19.05,
1984-02-08,16.764,
1984-02-09,16.51,
1984-02-10,19.558,
1984-02-11,19.558,
1984-02-12,17.018,
1984-02-13,17.018,
1984-02-14,20.574,
1984-02-15,19.05,
1984-02-16,20.574,
1984-02-17,19.558,
1984-02-18,21.082,
1984-02-19,20.828,
1984-02-20,18.542,
1984-02-21,19.558,
1984-02-22,19.304,
1984-02-23,17.526,
1984-02-24,17.526,
1984-02-25,19.558,
1984-02-26,17.018,
1984-02-27,17.018,
1984-02-28,17.526,
1984-02-29,,
1984-03-01,17.018,
1984-03-02,17.018,
1984-03-03,19.05,
1984-03-04,18.542,
1984-03-05,19.05,
1984-03-06,16.51,
1984-03-07,16.256,
1984-03-08,16.51,
1984-03-09,15.494,
1984-03-10,14.478,
1984-03-11,14.478,
1984-03-12,14.986,
1984-03-13,14.478,
1984-03-14,14.224,
1984-03-15,17.018,
1984-03-16,15.494,
1984-03-17,16.002,
1984-03-18,16.764,
1984-03-19,16.51,
1984-03-20,14.478,
1984-03-21,14.478,
1984-03-22,13.97,
1984-03-23,14.224,
1984-03-24,14.478,
1984-03-25,11.684,
1984-03-26,11.43,
1984-03-27,10.922,
1984-03-28,10.922,
1984-03-29,10.922,
1984-03-30,9.398,
1984-03-31,,
1984-04-01,9.398,
1984-04-02,9.398,
1984-04-03,9.144,
1984-04-04,6.858,
1984-04-05,6.604,
1984-04-06,5.588,
1984-04-07,3.048,
1984-04-08,4.572,
1984-04-09,2.54,
1984-04-10,3.302,
1984-04-11,5.334,
1984-04-12,6.858,
1984-04-13,7.874,
1984-04-14,8.89,
1984-04-15,8.89,
1984-04-16,8.382,
1984-04-17,8.128,
1984-04-18,7.874,
1984-04-19,8.128,
1984-04-20,7.874,
1984-04-21,,
1984-04-22,7.874,
1984-04-23,7.874,
1984-04-24,7.874,
1984-04-25,7.874,
1984-04-26,8.128,
1984-04-27,6.858,
1984-04-28,6.858,
1984-04-29,6.35,
1984-04-30,6.096,
1984-05-01,7.112,
1984-05-02,7.366,
1984-05-03,7.366,
1984-05-04,7.62,
1984-05-05,7.874,
1984-05-06,7.874,
1984-05-07,7.874,
1984-05-08,7.874,
1984-05-09,7.874,
1984-05-10,7.874,
1984-05-11,7.874,
1984-05-12,7.874,
1984-05-13,7.62,
1984-05-14,7.874,
1984-05-15,7.874,
1984-05-16,7.874,
1984-05-17,8.128,
1984-05-18,8.128,
1984-05-19,7.874,
1984-05-20,7.874,
1984-05-21,7.874,
1984-05-22,7.874,
1984-05-23,7.874,
1984-05-24,7.874,
1984-05-25,7.874,
1984-05-26,7.874,
1984-05-27,7.874,
1984-05-28,7.874,
1984-05-29,7.874,
1984-05-30,7.874,
1984-05-31,7.874,
1984-06-01,7.874,
1984-06-02,7.874,
1984-06-03,7.874,
1984-06-04,7.874,
1984-06-05,7.874,
1984-06-06,7.874,
1984-06-07,7.874,
1984-06-08,7.874,
1984-06-09,7.874,
1984-06-10,7.874,
1984-06-11,7.874,
1984-06-12,7.874,
1984-06-13,,
1984-06-14,,
1984-06-15,,
1984-06-16,,
1984-06-17,,
1984-06-18,,
1984-06-19,,
1984-06-20,,
1984-06-21,,
1984-06-22,,
1984-06-23,,
1984-06-24,,
1984-06-25,,
1984-06-26,,
1984-06-27,,
1984-06-28,,
1984-06-29,,
1984-06-30,,
1984-07-01,,
1984-07-02,,
1984-07-03,,
1984-07-04,,
1984-07-05,,
1984-07-06,,
1984-07-07,,
1984-07-08,,
1984-07-09,,
1984-07-10,,
1984-07-11,,
1984-07-12,,
1984-07-13,,
1984-07-14,,
1984-07-15,,
1984-07-16,,
1984-07-17,,
1984-07-18,,
1984-07-19,,
1984-07-20,,
1984-07-21,,
1984-07-22,,
1984-07-23,,
1984-07-24,,
1984-07-25,,
1984-07-26,,
1984-07-27,,
1984-07-28,,
1984-07-29,,
1984-07-30,,
1984-07-31,,
1984-08-01,,
1984-08-02,,
1984-08-03,,
1984-08-04,,
1984-08-05,,
1984-08-06,,
1984-08-07,,
1984-08-08,,
1984-08-09,,
1984-08-10,,
1984-08-11,,
1984-08-12,,
1984-08-13,,
1984-08-14,,
1984-08-15,,
1984-08-16,,
1984-08-17,,
1984-08-18,,
1984-08-19,,
1984-08-20,,
1984-08-21,,
1984-08-22,,
1984-08-23,,
1984-08-24,,
1984-08-25,,
1984-08-26,,
1984-08-27,,
1984-08-28,,
1984-08-29,,
1984-08-30,,
1984-08-31,,
1984-09-01,,
1984-09-02,,
1984-09-03,,
1984-09-04,,
1984-09-05,,
1984-09-06,,
1984-09-07,,
1984-09-08,,
1984-09-09,,
1984-09-10,,
1984-09-11,,
1984-09-12,,
1984-09-13,,
1984-09-14,,
1984-09-15,,
1984-09-16,,
1984-09-17,,
1984-09-18,,
1984-09-19,,
1984-09-20,,
1984-09-21,,
1984-09-22,,
1984-09-23,,
1984-09-24,,
1984-09-25,,
1984-09-26,,
1984-09-27,,
1984-09-28,,
1984-09-29,,
1984-09-30,,
1984-10-01,,
1984-10-02,,
1984-10-03,,
1984-10-04,,
1984-10-05,,
1984-10-06,,
1984-10-07,,
1984-10-08,,
1984-10-09,,
1984-10-10,,
1984-10-11,,
1984-10-12,,
1984-10-13,,
1984-10-14,,
1984-10-15,,
1984-10-16,,
1984-10-17,0.0,
1984-10-18,0.254,
1984-10-19,0.508,
1984-10-20,1.27,
1984-10-21,1.524,
1984-10-22,2.032,
1984-10-23,2.54,
1984-10-24,2.54,
1984-10-25,2.794,
1984-10-26,3.048,
1984-10-27,3.048,
1984-10-28,3.302,
1984-10-29,3.556,
1984-10-30,3.556,
1984-10-31,4.064,
1984-11-01,4.318,
1984-11-02,4.318,
1984-11-03,4.572,
1984-11-04,,
1984-11-05,4.826,
1984-11-06,5.08,
1984-11-07,5.588,
1984-11-08,5.588,
1984-11-09,3.302,
1984-11-10,2.794,
1984-11-11,2.286,
1984-11-12,2.286,
1984-11-13,2.286,
1984-11-14,2.286,
1984-11-15,2.286,
1984-11-16,2.286,
1984-11-17,2.286,
1984-11-18,2.54,
1984-11-19,2.54,
1984-11-20,2.54,
1984-11-21,2.54,
1984-11-22,2.794,
1984-11-23,5.08,
1984-11-24,13.716,
1984-11-25,16.002,
1984-11-26,19.304,
1984-11-27,18.796,
1984-11-28,15.494,
1984-11-29,19.304,
1984-11-30,20.066,
1984-12-01,21.082,
1984-12-02,21.082,
1984-12-03,21.336,
1984-12-04,21.082,
1984-12-05,17.78,
1984-12-06,21.082,
1984-12-07,21.336,
1984-12-08,17.78,
1984-12-09,18.542,
1984-12-10,18.288,
1984-12-11,18.288,
1984-12-12,20.828,
1984-12-13,20.828,
1984-12-14,19.304,
1984-12-15,21.844,
1984-12-16,21.59,
1984-12-17,26.416,
1984-12-18,21.844,
1984-12-19,26.162,
1984-12-20,24.892,
1984-12-21,28.956,
1984-12-22,26.162,
1984-12-23,26.924,
1984-12-24,28.956,
1984-12-25,26.416,
1984-12-26,26.416,
1984-12-27,30.734,
1984-12-28,30.988,
1984-12-29,30.48,
1984-12-30,28.956,
1984-12-31,30.734,
1985-01-01,27.686,
1985-01-02,30.48,
1985-01-03,,
1985-01-04,26.416,
1985-01-05,26.416,
1985-01-06,30.734,
1985-01-07,28.956,
1985-01-08,30.988,
1985-01-09,30.48,
1985-01-10,29.464,
1985-01-11,33.02,
1985-01-12,30.988,
1985-01-13,28.956,
1985-01-14,28.956,
1985-01-15,28.956,
1985-01-16,32.004,
1985-01-17,32.004,
1985-01-18,29.972,
1985-01-19,32.004,
1985-01-20,28.702,
1985-01-21,56.642,
1985-01-22,32.004,
1985-01-23,29.972,
1985-01-24,56.642,
1985-01-25,30.48,
1985-01-26,,
1985-01-27,30.48,
1985-01-28,56.896,
1985-01-29,33.02,
1985-01-30,,
1985-01-31,,
1985-02-01,32.004,
1985-02-02,,
1985-02-03,,
1985-02-04,,
1985-02-05,62.484,
1985-02-06,30.48,
1985-02-07,31.242,
1985-02-08,31.496,
1985-02-09,,
1985-02-10,32.512,
1985-02-11,30.988,
1985-02-12,27.94,
1985-02-13,30.988,
1985-02-14,33.02,
1985-02-15,35.052,
1985-02-16,31.496,
1985-02-17,35.052,
1985-02-18,35.052,
1985-02-19,30.988,
1985-02-20,33.528,
1985-02-21,30.988,
1985-02-22,30.48,
1985-02-23,30.48,
1985-02-24,30.988,
1985-02-25,29.972,
1985-02-26,31.242,
1985-02-27,31.75,
1985-02-28,31.242,
1985-03-01,31.496,
1985-03-02,29.972,
1985-03-03,32.004,
1985-03-04,34.036,
1985-03-05,29.972,
1985-03-06,31.496,
1985-03-07,30.48,
1985-03-08,31.496,
1985-03-09,30.988,
1985-03-10,30.988,
1985-03-11,32.004,
1985-03-12,32.004,
1985-03-13,31.496,
1985-03-14,32.004,
1985-03-15,31.75,
1985-03-16,32.004,
1985-03-17,33.782,
1985-03-18,35.814,
1985-03-19,36.322,
1985-03-20,35.052,
1985-03-21,32.512,
1985-03-22,35.306,
1985-03-23,34.036,
1985-03-24,77.47,
1985-03-25,32.004,
1985-03-26,33.528,
1985-03-27,35.052,
1985-03-28,39.624,
1985-03-29,41.148,
1985-03-30,,
1985-03-31,41.656,
1985-04-01,41.148,
1985-04-02,39.116,
1985-04-03,38.608,
1985-04-04,38.608,
1985-04-05,87.376,
1985-04-06,,
1985-04-07,,
1985-04-08,,
1985-04-09,,
1985-04-10,87.122,
1985-04-11,36.576,
1985-04-12,,
1985-04-13,,
1985-04-14,82.804,
1985-04-15,26.924,
1985-04-16,,
1985-04-17,26.416,
1985-04-18,26.67,
1985-04-19,25.4,
1985-04-20,25.908,
1985-04-21,79.248,
1985-04-22,79.248,
1985-04-23,,
1985-04-24,76.454,
1985-04-25,11.43,
1985-04-26,,
1985-04-27,,
1985-04-28,,
1985-04-29,,
1985-04-30,8.382,
1985-05-01,,
1985-05-02,3.302,
1985-05-03,2.032,
1985-05-04,4.064,
1985-05-05,5.08,
1985-05-06,5.08,
1985-05-07,5.588,
1985-05-08,5.588,
1985-05-09,6.604,
1985-05-10,6.604,
1985-05-11,6.858,
1985-05-12,6.604,
1985-05-13,6.604,
1985-05-14,6.604,
1985-05-15,7.112,
1985-05-16,6.858,
1985-05-17,,
1985-05-18,27.686,
1985-05-19,7.112,
1985-05-20,7.112,
1985-05-21,7.112,
1985-05-22,7.112,
1985-05-23,7.112,
1985-05-24,7.112,
1985-05-25,7.112,
1985-05-26,7.112,
1985-05-27,7.112,
1985-05-28,7.112,
1985-05-29,7.112,
1985-05-30,7.112,
1985-05-31,7.112,
1985-06-01,15.24,
1985-06-02,17.018,
1985-06-03,17.78,
1985-06-04,16.51,
1985-06-05,15.748,
1985-06-06,15.494,
1985-06-07,15.24,
1985-06-08,15.24,
1985-06-09,15.24,
1985-06-10,,
1985-06-11,,
1985-06-12,,
1985-06-13,,
1985-06-14,,
1985-06-15,,
1985-06-16,,
1985-06-17,,
1985-06-18,,
1985-06-19,,
1985-06-20,,
1985-06-21,,
1985-06-22,,
1985-06-23,,
1985-06-24,,
1985-06-25,,
1985-06-26,,
1985-06-27,,
1985-06-28,,
1985-06-29,,
1985-06-30,,
1985-07-01,,
1985-07-02,,
1985-07-03,,
1985-07-04,,
1985-07-05,,
1985-07-06,,
1985-07-07,,
1985-07-08,,
1985-07-09,,
1985-07-10,,
1985-07-11,,
1985-07-12,,
1985-07-13,,
1985-07-14,,
1985-07-15,,
1985-07-16,,
1985-07-17,,
1985-07-18,,
1985-07-19,,
1985-07-20,,
1985-07-21,,
1985-07-22,,
1985-07-23,,
1985-07-24,,
1985-07-25,,
1985-07-26,,
1985-07-27,,
1985-07-28,,
1985-07-29,,
1985-07-30,,
1985-07-31,,
1985-08-01,,
1985-08-02,,
1985-08-03,,
1985-08-04,,
1985-08-05,,
1985-08-06,,
1985-08-07,,
1985-08-08,,
1985-08-09,,
1985-08-10,,
1985-08-11,,
1985-08-12,,
1985-08-13,,
1985-08-14,,
1985-08-15,,
1985-08-16,,
1985-08-17,,
1985-08-18,,
1985-08-19,,
1985-08-20,,
1985-08-21,,
1985-08-22,,
1985-08-23,,
1985-08-24,,
1985-08-25,,
1985-08-26,,
1985-08-27,,
1985-08-28,,
1985-08-29,,
1985-08-30,,
1985-08-31,,
1985-09-01,,
1985-09-02,,
1985-09-03,,
1985-09-04,,
1985-09-05,,
1985-09-06,,
1985-09-07,,
1985-09-08,,
1985-09-09,,
1985-09-10,,
1985-09-11,,
1985-09-12,,
1985-09-13,,
1985-09-14,,
1985-09-15,,
1985-09-16,,
1985-09-17,,
1985-09-18,,
1985-09-19,,
1985-09-20,,
1985-09-21,,
1985-09-22,,
1985-09-23,,
1985-09-24,,
1985-09-25,,
1985-09-26,,
1985-09-27,,
1985-09-28,,
1985-09-29,,
1985-09-30,,
1985-10-01,,
1985-10-02,,
1985-10-03,,
1985-10-04,,
1985-10-05,,
1985-10-06,,
1985-10-07,,
1985-10-08,,
1985-10-09,,
1985-10-10,,
1985-10-11,,
1985-10-12,,
1985-10-13,,
1985-10-14,,
1985-10-15,,
1985-10-16,,
1985-10-17,,
1985-10-18,,
1985-10-19,,
1985-10-20,,
1985-10-21,,
1985-10-22,,
1985-10-23,,
1985-10-24,,
1985-10-25,,
1985-10-26,,
1985-10-27,,
1985-10-28,,
1985-10-29,,
1985-10-30,,
1985-10-31,1.27,
1985-11-01,1.27,
1985-11-02,1.27,
1985-11-03,1.27,
1985-11-04,1.27,
1985-11-05,1.27,
1985-11-06,1.27,
1985-11-07,1.27,
1985-11-08,1.27,
1985-11-09,1.27,
1985-11-10,3.556,
1985-11-11,5.842,
1985-11-12,6.35,
1985-11-13,6.604,
1985-11-14,,
1985-11-15,6.604,
1985-11-16,6.604,
1985-11-17,6.604,
1985-11-18,6.604,
1985-11-19,7.112,
1985-11-20,8.89,
1985-11-21,8.89,
1985-11-22,8.89,
1985-11-23,11.938,
1985-11-24,17.272,
1985-11-25,17.78,
1985-11-26,17.78,
1985-11-27,18.034,
1985-11-28,22.86,
1985-11-29,27.94,
1985-11-30,27.94,
1985-12-01,29.464,
1985-12-02,34.036,
1985-12-03,34.036,
1985-12-04,34.036,
1985-12-05,34.036,
1985-12-06,34.036,
1985-12-07,34.036,
1985-12-08,34.036,
1985-12-09,34.036,
1985-12-10,34.036,
1985-12-11,34.036,
1985-12-12,34.036,
1985-12-13,35.052,
1985-12-14,35.306,
1985-12-15,35.306,
1985-12-16,35.306,
1985-12-17,35.306,
1985-12-18,35.306,
1985-12-19,35.306,
1985-12-20,35.306,
1985-12-21,35.306,
1985-12-22,35.306,
1985-12-23,35.306,
1985-12-24,35.306,
1985-12-25,35.306,
1985-12-26,35.306,
1985-12-27,35.306,
1985-12-28,35.306,
1985-12-29,36.322,
1985-12-30,36.576,
1985-12-31,,
1986-01-01,,
1986-01-02,,
1986-01-03,,
1986-01-04,,
1986-01-05,,
1986-01-06,,
1986-01-07,,
1986-01-08,,
1986-01-09,,
1986-01-10,,
1986-01-11,,
1986-01-12,,
1986-01-13,,
1986-01-14,,
1986-01-15,,
1986-01-16,,
1986-01-17,,
1986-01-18,,
1986-01-19,,
1986-01-20,,
1986-01-21,,
1986-01-22,,
1986-01-23,,
1986-01-24,,
1986-01-25,,
1986-01-26,,
1986-01-27,,
1986-01-28,,
1986-01-29,,
1986-01-30,,
1986-01-31,,
1986-02-01,,
1986-02-02,,
1986-02-03,,
1986-02-04,,
1986-02-05,,
1986-02-06,,
1986-02-07,,
1986-02-08,,
1986-02-09,,
1986-02-10,,
1986-02-11,,
1986-02-12,,
1986-02-13,,
1986-02-14,,
1986-02-15,,
1986-02-16,,
1986-02-17,,
1986-02-18,,
1986-02-19,,
1986-02-20,,
1986-02-21,,
1986-02-22,,
1986-02-23,,
1986-02-24,,
1986-02-25,,
1986-02-26,,
1986-02-27,,
1986-02-28,,
1986-03-01,,
1986-03-02,,
1986-03-03,,
1986-03-04,,
1986-03-05,,
1986-03-06,,
1986-03-07,,
1986-03-08,,
1986-03-09,,
1986-03-10,,
1986-03-11,,
1986-03-12,,
1986-03-13,,
1986-03-14,,
1986-03-15,,
1986-03-16,,
1986-03-17,,
1986-03-18,,
1986-03-19,,
1986-03-20,,
1986-03-21,,
1986-03-22,,
1986-03-23,,
1986-03-24,,
1986-03-25,,
1986-03-26,,
1986-03-27,,
1986-03-28,,
1986-03-29,,
1986-03-30,,
1986-03-31,,
1986-04-01,,
1986-04-02,,
1986-04-03,,
1986-04-04,,
1986-04-05,,
1986-04-06,,
1986-04-07,,
1986-04-08,,
1986-04-09,,
1986-04-10,,
1986-04-11,,
1986-04-12,,
1986-04-13,,
1986-04-14,,
1986-04-15,,
1986-04-16,,
1986-04-17,,
1986-04-18,,
1986-04-19,,
1986-04-20,,
1986-04-21,,
1986-04-22,,
1986-04-23,,
1986-04-24,,
1986-04-25,,
1986-04-26,,
1986-04-27,,
1986-04-28,,
1986-04-29,,
1986-04-30,,
1986-05-01,,
1986-05-02,,
1986-05-03,,
1986-05-04,,
1986-05-05,,
1986-05-06,,
1986-05-07,,
1986-05-08,,
1986-05-09,,
1986-05-10,,
1986-05-11,,
1986-05-12,,
1986-05-13,,
1986-05-14,,
1986-05-15,,
1986-05-16,,
1986-05-17,,
1986-05-18,,
1986-05-19,,
1986-05-20,,
1986-05-21,,
1986-05-22,,
1986-05-23,,
1986-05-24,,
1986-05-25,,
1986-05-26,,
1986-05-27,,
1986-05-28,,
1986-05-29,,
1986-05-30,,
1986-05-31,,
1986-06-01,,
1986-06-02,,
1986-06-03,,
1986-06-04,,
1986-06-05,,
1986-06-06,,
1986-06-07,,
1986-06-08,,
1986-06-09,,
1986-06-10,,
1986-06-11,,
1986-06-12,,
1986-06-13,,
1986-06-14,,
1986-06-15,,
1986-06-16,,
1986-06-17,,
1986-06-18,,
1986-06-19,,
1986-06-20,,
1986-06-21,,
1986-06-22,,
1986-06-23,,
1986-06-24,,
1986-06-25,,
1986-06-26,,
1986-06-27,,
1986-06-28,,
1986-06-29,,
1986-06-30,,
1986-07-01,,
1986-07-02,,
1986-07-03,,
1986-07-04,,
1986-07-05,,
1986-07-06,,
1986-07-07,,
1986-07-08,,
1986-07-09,,
1986-07-10,,
1986-07-11,,
1986-07-12,,
1986-07-13,,
1986-07-14,,
1986-07-15,,
1986-07-16,,
1986-07-17,,
1986-07-18,,
1986-07-19,,
1986-07-20,,
1986-07-21,,
1986-07-22,,
1986-07-23,,
1986-07-24,,
1986-07-25,,
1986-07-26,,
1986-07-27,,
1986-07-28,,
1986-07-29,,
1986-07-30,,
1986-07-31,,
1986-08-01,,
1986-08-02,,
1986-08-03,,
1986-08-04,,
1986-08-05,,
1986-08-06,,
1986-08-07,,
1986-08-08,,
1986-08-09,,
1986-08-10,,
1986-08-11,,
1986-08-12,,
1986-08-13,,
1986-08-14,,
1986-08-15,,
1986-08-16,,
1986-08-17,,
1986-08-18,,
1986-08-19,,
1986-08-20,,
1986-08-21,,
1986-08-22,,
1986-08-23,,
1986-08-24,,
1986-08-25,,
1986-08-26,,
1986-08-27,,
1986-08-28,,
1986-08-29,,
1986-08-30,,
1986-08-31,,
1986-09-01,,
1986-09-02,,
1986-09-03,,
1986-09-04,,
1986-09-05,,
1986-09-06,,
1986-09-07,,
1986-09-08,,
1986-09-09,,
1986-09-10,,
1986-09-11,,
1986-09-12,,
1986-09-13,,
1986-09-14,,
1986-09-15,,
1986-09-16,,
1986-09-17,,
1986-09-18,,
1986-09-19,,
1986-09-20,,
1986-09-21,,
1986-09-22,,
1986-09-23,,
1986-09-24,,
1986-09-25,,
1986-09-26,,
1986-09-27,,
1986-09-28,,
1986-09-29,,
1986-09-30,,
1986-10-01,,
1986-10-02,,
1986-10-03,,
1986-10-04,,
1986-10-05,,
1986-10-06,,
1986-10-07,,
1986-10-08,,
1986-10-09,,
1986-10-10,,
1986-10-11,,
1986-10-12,,
1986-10-13,,
1986-10-14,,
1986-10-15,,
1986-10-16,,
1986-10-17,,
1986-10-18,,
1986-10-19,,
1986-10-20,,
1986-10-21,,
1986-10-22,,
1986-10-23,,
1986-10-24,,
1986-10-25,,
1986-10-26,,
1986-10-27,,
1986-10-28,,
1986-10-29,,
1986-10-30,,
1986-10-31,,
1986-11-01,,
1986-11-02,,
1986-11-03,,
1986-11-04,,
1986-11-05,,
1986-11-06,,
1986-11-07,,
1986-11-08,,
1986-11-09,,
1986-11-10,,
1986-11-11,,
1986-11-12,,
1986-11-13,,
1986-11-14,,
1986-11-15,,
1986-11-16,,
1986-11-17,,
1986-11-18,,
1986-11-19,,
1986-11-20,,
1986-11-21,,
1986-11-22,,
1986-11-23,,
1986-11-24,,
1986-11-25,,
1986-11-26,,
1986-11-27,,
1986-11-28,,
1986-11-29,,
1986-11-30,,
1986-12-01,,
1986-12-02,,
1986-12-03,,
1986-12-04,,
1986-12-05,,
1986-12-06,,
1986-12-07,,
1986-12-08,,
1986-12-09,,
1986-12-10,,
1986-12-11,,
1986-12-12,,
1986-12-13,,
1986-12-14,,
1986-12-15,,
1986-12-16,,
1986-12-17,,
1986-12-18,,
1986-12-19,,
1986-12-20,,
1986-12-21,,
1986-12-22,,
1986-12-23,,
1986-12-24,,
1986-12-25,,
1986-12-26,,
1986-12-27,,
1986-12-28,,
1986-12-29,,
1986-12-30,,
1986-12-31,,
1987-01-01,,
1987-01-02,,
1987-01-03,,
1987-01-04,,
1987-01-05,,
1987-01-06,,
1987-01-07,,
1987-01-08,,
1987-01-09,,
1987-01-10,,
1987-01-11,,
1987-01-12,,
1987-01-13,,
1987-01-14,,
1987-01-15,,
1987-01-16,,
1987-01-17,,
1987-01-18,,
1987-01-19,,
1987-01-20,,
1987-01-21,,
1987-01-22,,
1987-01-23,,
1987-01-24,,
1987-01-25,,
1987-01-26,,
1987-01-27,,
1987-01-28,,
1987-01-29,,
1987-01-30,,
1987-01-31,,
1987-02-01,,
1987-02-02,,
1987-02-03,,
1987-02-04,,
1987-02-05,,
1987-02-06,,
1987-02-07,,
1987-02-08,,
1987-02-09,,
1987-02-10,,
1987-02-11,,
1987-02-12,,
1987-02-13,,
1987-02-14,,
1987-02-15,,
1987-02-16,,
1987-02-17,,
1987-02-18,,
1987-02-19,,
1987-02-20,,
1987-02-21,,
1987-02-22,,
1987-02-23,,
1987-02-24,,
1987-02-25,,
1987-02-26,,
1987-02-27,,
1987-02-28,,
1987-03-01,,
1987-03-02,,
1987-03-03,,
1987-03-04,,
1987-03-05,,
1987-03-06,,
1987-03-07,,
1987-03-08,,
1987-03-09,,
1987-03-10,,
1987-03-11,,
1987-03-12,,
1987-03-13,,
1987-03-14,,
1987-03-15,,
1987-03-16,,
1987-03-17,,
1987-03-18,,
1987-03-19,,
1987-03-20,,
1987-03-21,,
1987-03-22,,
1987-03-23,,
1987-03-24,,
1987-03-25,,
1987-03-26,,
1987-03-27,,
1987-03-28,,
1987-03-29,,
1987-03-30,,
1987-03-31,,
1987-04-01,,
1987-04-02,,
1987-04-03,,
1987-04-04,,
1987-04-05,,
1987-04-06,,
1987-04-07,,
1987-04-08,,
1987-04-09,,
1987-04-10,,
1987-04-11,,
1987-04-12,,
1987-04-13,,
1987-04-14,,
1987-04-15,,
1987-04-16,,
1987-04-17,,
1987-04-18,,
1987-04-19,,
1987-04-20,,
1987-04-21,,
1987-04-22,,
1987-04-23,,
1987-04-24,,
1987-04-25,,
1987-04-26,,
1987-04-27,,
1987-04-28,,
1987-04-29,,
1987-04-30,,
1987-05-01,,
1987-05-02,,
1987-05-03,,
1987-05-04,,
1987-05-05,,
1987-05-06,,
1987-05-07,,
1987-05-08,,
1987-05-09,,
1987-05-10,,
1987-05-11,,
1987-05-12,,
1987-05-13,,
1987-05-14,,
1987-05-15,,
1987-05-16,,
1987-05-17,,
1987-05-18,,
1987-05-19,,
1987-05-20,,
1987-05-21,,
1987-05-22,,
1987-05-23,,
1987-05-24,,
1987-05-25,,
1987-05-26,,
1987-05-27,,
1987-05-28,,
1987-05-29,,
1987-05-30,,
1987-05-31,,
1987-06-01,,
1987-06-02,,
1987-06-03,,
1987-06-04,,
1987-06-05,,
1987-06-06,,
1987-06-07,,
1987-06-08,,
1987-06-09,,
1987-06-10,,
1987-06-11,,
1987-06-12,,
1987-06-13,,
1987-06-14,,
1987-06-15,,
1987-06-16,,
1987-06-17,,
1987-06-18,,
1987-06-19,,
1987-06-20,,
1987-06-21,,
1987-06-22,,
1987-06-23,,
1987-06-24,,
1987-06-25,,
1987-06-26,,
1987-06-27,,
1987-06-28,,
1987-06-29,,
1987-06-30,,
1987-07-01,,
1987-07-02,,
1987-07-03,,
1987-07-04,,
1987-07-05,,
1987-07-06,,
1987-07-07,,
1987-07-08,,
1987-07-09,,
1987-07-10,,
1987-07-11,,
1987-07-12,,
1987-07-13,,
1987-07-14,,
1987-07-15,,
1987-07-16,,
1987-07-17,,
1987-07-18,,
1987-07-19,,
1987-07-20,,
1987-07-21,,
1987-07-22,,
1987-07-23,,
1987-07-24,,
1987-07-25,,
1987-07-26,,
1987-07-27,,
1987-07-28,,
1987-07-29,,
1987-07-30,,
1987-07-31,,
1987-08-01,,
1987-08-02,,
1987-08-03,,
1987-08-04,,
1987-08-05,,
1987-08-06,,
1987-08-07,,
1987-08-08,,
1987-08-09,,
1987-08-10,,
1987-08-11,,
1987-08-12,,
1987-08-13,,
1987-08-14,,
1987-08-15,,
1987-08-16,,
1987-08-17,,
1987-08-18,,
1987-08-19,0.0,
1987-08-20,0.0,
1987-08-21,0.0,
1987-08-22,0.0,
1987-08-23,0.0,
1987-08-24,0.0,
1987-08-25,0.0,
1987-08-26,0.0,
1987-08-27,0.0,
1987-08-28,0.0,
1987-08-29,0.0,
1987-08-30,0.0,
1987-08-31,0.0,
1987-09-01,0.0,
1987-09-02,0.0,
1987-09-03,0.0,
1987-09-04,0.0,
1987-09-05,0.0,
1987-09-06,0.0,
1987-09-07,0.0,
1987-09-08,0.0,
1987-09-09,0.0,
1987-09-10,0.0,
1987-09-11,0.0,
1987-09-12,0.0,
1987-09-13,0.0,
1987-09-14,0.0,
1987-09-15,0.0,
1987-09-16,0.0,
1987-09-17,0.0,
1987-09-18,0.0,
1987-09-19,0.0,
1987-09-20,0.0,
1987-09-21,0.0,
1987-09-22,0.0,
1987-09-23,0.0,
1987-09-24,0.0,
1987-09-25,29.566,
1987-09-26,30.175,
1987-09-27,30.175,
1987-09-28,30.175,
1987-09-29,30.175,
1987-09-30,0.305,
1987-10-01,0.61,
1987-10-02,0.61,
1987-10-03,0.61,
1987-10-04,0.61,
1987-10-05,0.914,
1987-10-06,0.61,
1987-10-07,0.914,
1987-10-08,0.61,
1987-10-09,0.61,
1987-10-10,0.61,
1987-10-11,0.61,
1987-10-12,0.914,
1987-10-13,1.219,
1987-10-14,1.219,
1987-10-15,0.61,
1987-10-16,0.914,
1987-10-17,0.61,
1987-10-18,0.61,
1987-10-19,0.61,
1987-10-20,0.61,
1987-10-21,0.61,
1987-10-22,1.219,
1987-10-23,1.829,
1987-10-24,1.829,
1987-10-25,1.524,
1987-10-26,1.219,
1987-10-27,1.219,
1987-10-28,1.524,
1987-10-29,1.219,
1987-10-30,1.524,
1987-10-31,1.219,
1987-11-01,0.0,
1987-11-02,1.524,
1987-11-03,2.438,
1987-11-04,2.438,
1987-11-05,2.54,
1987-11-06,2.438,
1987-11-07,2.438,
1987-11-08,3.048,
1987-11-09,2.438,
1987-11-10,1.829,
1987-11-11,1.219,
1987-11-12,0.61,
1987-11-13,2.438,
1987-11-14,3.048,
1987-11-15,3.302,
1987-11-16,3.531,
1987-11-17,3.785,
1987-11-18,4.013,
1987-11-19,4.267,
1987-11-20,4.877,
1987-11-21,4.877,
1987-11-22,5.182,
1987-11-23,4.877,
1987-11-24,4.877,
1987-11-25,4.572,
1987-11-26,4.318,
1987-11-27,4.267,
1987-11-28,3.658,
1987-11-29,2.743,
1987-11-30,3.048,
1987-12-01,3.658,
1987-12-02,4.267,
1987-12-03,4.877,
1987-12-04,4.877,
1987-12-05,4.877,
1987-12-06,4.877,
1987-12-07,7.925,
1987-12-08,8.534,
1987-12-09,10.668,
1987-12-10,12.192,
1987-12-11,12.192,
1987-12-12,12.065,
1987-12-13,11.938,
1987-12-14,11.836,
1987-12-15,11.709,
1987-12-16,11.582,
1987-12-17,12.192,
1987-12-18,12.497,
1987-12-19,12.802,
1987-12-20,13.106,
1987-12-21,13.411,
1987-12-22,14.63,
1987-12-23,16.459,
1987-12-24,16.459,
1987-12-25,17.069,
1987-12-26,17.374,
1987-12-27,17.678,
1987-12-28,18.288,
1987-12-29,20.117,
1987-12-30,21.336,
1987-12-31,21.336,
1988-01-01,21.336,
1988-01-02,21.336,
1988-01-03,24.638,
1988-01-04,28.042,
1988-01-05,29.87,
1988-01-06,30.785,
1988-01-07,31.394,
1988-01-08,32.309,
1988-01-09,33.528,
1988-01-10,35.56,
1988-01-11,35.966,
1988-01-12,35.966,
1988-01-13,36.881,
1988-01-14,37.186,
1988-01-15,37.186,
1988-01-16,37.795,
1988-01-17,39.014,
1988-01-18,40.843,
1988-01-19,41.148,
1988-01-20,41.148,
1988-01-21,41.148,
1988-01-22,41.148,
1988-01-23,41.148,
1988-01-24,41.148,
1988-01-25,41.148,
1988-01-26,41.148,
1988-01-27,41.148,
1988-01-28,41.148,
1988-01-29,41.148,
1988-01-30,42.977,
1988-01-31,42.672,
1988-02-01,43.18,
1988-02-02,43.18,
1988-02-03,43.18,
1988-02-04,43.18,
1988-02-05,43.205,
1988-02-06,43.205,
1988-02-07,43.205,
1988-02-08,43.205,
1988-02-09,43.205,
1988-02-10,43.205,
1988-02-11,43.205,
1988-02-12,43.231,
1988-02-13,43.231,
1988-02-14,43.231,
1988-02-15,43.231,
1988-02-16,43.231,
1988-02-17,43.231,
1988-02-18,43.256,
1988-02-19,43.256,
1988-02-20,43.256,
1988-02-21,43.256,
1988-02-22,43.256,
1988-02-23,43.256,
1988-02-24,43.256,
1988-02-25,43.282,
1988-02-26,43.282,
1988-02-27,43.282,
1988-02-28,43.282,
1988-02-29,43.586,
1988-03-01,44.196,
1988-03-02,45.72,
1988-03-03,46.33,
1988-03-04,46.939,
1988-03-05,46.939,
1988-03-06,46.939,
1988-03-07,46.939,
1988-03-08,46.939,
1988-03-09,46.888,
1988-03-10,46.838,
1988-03-11,46.787,
1988-03-12,46.736,
1988-03-13,46.685,
1988-03-14,46.634,
1988-03-15,46.507,
1988-03-16,46.355,
1988-03-17,46.228,
1988-03-18,46.101,
1988-03-19,45.949,
1988-03-20,45.822,
1988-03-21,45.695,
1988-03-22,45.542,
1988-03-23,45.415,
1988-03-24,45.11,
1988-03-25,44.806,
1988-03-26,44.196,
1988-03-27,42.977,
1988-03-28,41.453,
1988-03-29,41.148,
1988-03-30,40.843,
1988-03-31,40.894,
1988-04-01,40.843,
1988-04-02,40.234,
1988-04-03,39.929,
1988-04-04,39.929,
1988-04-05,39.624,
1988-04-06,39.319,
1988-04-07,37.795,
1988-04-08,36.576,
1988-04-09,35.966,
1988-04-10,34.747,
1988-04-11,33.223,
1988-04-12,32.004,
1988-04-13,31.09,
1988-04-14,30.785,
1988-04-15,31.09,
1988-04-16,31.394,
1988-04-17,31.699,
1988-04-18,32.131,
1988-04-19,32.563,
1988-04-20,32.969,
1988-04-21,33.401,
1988-04-22,33.833,
1988-04-23,34.138,
1988-04-24,34.442,
1988-04-25,34.138,
1988-04-26,33.223,
1988-04-27,33.223,
1988-04-28,32.614,
1988-04-29,31.09,
1988-04-30,29.87,
1988-05-01,29.87,
1988-05-02,29.693,
1988-05-03,29.515,
1988-05-04,29.312,
1988-05-05,29.134,
1988-05-06,28.956,
1988-05-07,29.261,
1988-05-08,29.566,
1988-05-09,30.175,
1988-05-10,28.042,
1988-05-11,26.518,
1988-05-12,23.165,
1988-05-13,20.726,
1988-05-14,18.593,
1988-05-15,15.85,
1988-05-16,12.802,
1988-05-17,12.802,
1988-05-18,12.192,
1988-05-19,10.363,
1988-05-20,6.706,
1988-05-21,3.962,
1988-05-22,2.743,
1988-05-23,1.524,
1988-05-24,0.0,
1988-05-25,,
1988-05-26,,
1988-05-27,,
1988-05-28,,
1988-05-29,,
1988-05-30,,
1988-05-31,,
1988-06-01,,
1988-06-02,,
1988-06-03,,
1988-06-04,,
1988-06-05,,
1988-06-06,,
1988-06-07,,
1988-06-08,,
1988-06-09,,
1988-06-10,,
1988-06-11,,
1988-06-12,,
1988-06-13,,
1988-06-14,,
1988-06-15,,
1988-06-16,,
1988-06-17,,
1988-06-18,,
1988-06-19,,
1988-06-20,,
1988-06-21,,
1988-06-22,,
1988-06-23,,
1988-06-24,,
1988-06-25,,
1988-06-26,,
1988-06-27,,
1988-06-28,,
1988-06-29,,
1988-06-30,,
1988-07-01,,
1988-07-02,,
1988-07-03,,
1988-07-04,,
1988-07-05,,
1988-07-06,,
1988-07-07,,
1988-07-08,,
1988-07-09,,
1988-07-10,,
1988-07-11,,
1988-07-12,,
1988-07-13,,
1988-07-14,,
1988-07-15,,
1988-07-16,,
1988-07-17,,
1988-07-18,,
1988-07-19,,
1988-07-20,,
1988-07-21,,
1988-07-22,,
1988-07-23,,
1988-07-24,,
1988-07-25,,
1988-07-26,,
1988-07-27,,
1988-07-28,,
1988-07-29,,
1988-07-30,,
1988-07-31,,
1988-08-01,,
1988-08-02,,
1988-08-03,,
1988-08-04,,
1988-08-05,,
1988-08-06,,
1988-08-07,,
1988-08-08,,
1988-08-09,,
1988-08-10,,
1988-08-11,,
1988-08-12,,
1988-08-13,,
1988-08-14,,
1988-08-15,,
1988-08-16,,
1988-08-17,,
1988-08-18,,
1988-08-19,,
1988-08-20,,
1988-08-21,,
1988-08-22,,
1988-08-23,,
1988-08-24,,
1988-08-25,,
1988-08-26,,
1988-08-27,,
1988-08-28,,
1988-08-29,,
1988-08-30,,
1988-08-31,,
1988-09-01,,
1988-09-02,,
1988-09-03,,
1988-09-04,,
1988-09-05,,
1988-09-06,,
1988-09-07,,
1988-09-08,,
1988-09-09,,
1988-09-10,,
1988-09-11,,
1988-09-12,,
1988-09-13,,
1988-09-14,,
1988-09-15,,
1988-09-16,,
1988-09-17,,
1988-09-18,,
1988-09-19,,
1988-09-20,,
1988-09-21,,
1988-09-22,,
1988-09-23,,
1988-09-24,,
1988-09-25,,
1988-09-26,,
1988-09-27,,
1988-09-28,,
1988-09-29,,
1988-09-30,,
1988-10-01,,
1988-10-02,,
1988-10-03,,
1988-10-04,,
1988-10-05,,
1988-10-06,,
1988-10-07,,
1988-10-08,,
1988-10-09,,
1988-10-10,,
1988-10-11,,
1988-10-12,,
1988-10-13,,
1988-10-14,,
1988-10-15,,
1988-10-16,,
1988-10-17,,
1988-10-18,,
1988-10-19,,
1988-10-20,,
1988-10-21,,
1988-10-22,,
1988-10-23,,
1988-10-24,,
1988-10-25,,
1988-10-26,,
1988-10-27,,
1988-10-28,,
1988-10-29,,
1988-10-30,,
1988-10-31,,
1988-11-01,,
1988-11-02,,
1988-11-03,,
1988-11-04,,
1988-11-05,,
1988-11-06,,
1988-11-07,,
1988-11-08,,
1988-11-09,0.0,
1988-11-10,0.914,
1988-11-11,0.914,
1988-11-12,0.914,
1988-11-13,0.914,
1988-11-14,3.658,
1988-11-15,3.658,
1988-11-16,3.658,
1988-11-17,7.62,
1988-11-18,8.23,
1988-11-19,8.839,
1988-11-20,9.042,
1988-11-21,9.246,
1988-11-22,9.449,
1988-11-23,11.582,
1988-11-24,17.069,
1988-11-25,18.593,
1988-11-26,18.593,
1988-11-27,19.202,
1988-11-28,19.202,
1988-11-29,19.202,
1988-11-30,19.202,
1988-12-01,18.593,
1988-12-02,18.593,
1988-12-03,18.593,
1988-12-04,18.593,
1988-12-05,18.593,
1988-12-06,18.593,
1988-12-07,18.593,
1988-12-08,18.517,
1988-12-09,18.466,
1988-12-10,18.39,
1988-12-11,18.313,
1988-12-12,18.263,
1988-12-13,18.186,
1988-12-14,18.11,
1988-12-15,18.059,
1988-12-16,17.983,
1988-12-17,18.288,
1988-12-18,19.507,
1988-12-19,19.812,
1988-12-20,20.422,
1988-12-21,22.86,
1988-12-22,23.47,
1988-12-23,24.689,
1988-12-24,27.127,
1988-12-25,30.175,
1988-12-26,29.566,
1988-12-27,29.87,
1988-12-28,31.09,
1988-12-29,31.496,
1988-12-30,31.699,
1988-12-31,33.223,
1989-01-01,33.274,
1989-01-02,33.833,
1989-01-03,33.782,
1989-01-04,33.833,
1989-01-05,34.442,
1989-01-06,37.49,
1989-01-07,37.49,
1989-01-08,39.116,
1989-01-09,39.116,
1989-01-10,39.116,
1989-01-11,39.014,
1989-01-12,39.319,
1989-01-13,39.624,
1989-01-14,39.929,
1989-01-15,39.929,
1989-01-16,39.929,
1989-01-17,39.929,
1989-01-18,39.929,
1989-01-19,39.929,
1989-01-20,39.929,
1989-01-21,39.929,
1989-01-22,39.878,
1989-01-23,40.234,
1989-01-24,40.234,
1989-01-25,40.208,
1989-01-26,40.183,
1989-01-27,40.183,
1989-01-28,40.183,
1989-01-29,40.157,
1989-01-30,40.157,
1989-01-31,40.132,
1989-02-01,42.062,
1989-02-02,42.367,
1989-02-03,42.367,
1989-02-04,43.18,
1989-02-05,44.806,
1989-02-06,44.806,
1989-02-07,44.806,
1989-02-08,45.11,
1989-02-09,45.72,
1989-02-10,46.228,
1989-02-11,46.634,
1989-02-12,46.634,
1989-02-13,48.514,
1989-02-14,48.514,
1989-02-15,48.489,
1989-02-16,48.489,
1989-02-17,48.463,
1989-02-18,48.463,
1989-02-19,49.073,
1989-02-20,49.022,
1989-02-21,49.073,
1989-02-22,49.682,
1989-02-23,49.784,
1989-02-24,49.784,
1989-02-25,49.784,
1989-02-26,50.546,
1989-02-27,50.571,
1989-02-28,50.571,
1989-03-01,50.597,
1989-03-02,51.816,
1989-03-03,54.559,
1989-03-04,55.169,
1989-03-05,56.388,
1989-03-06,58.826,
1989-03-07,60.96,
1989-03-08,61.874,
1989-03-09,65.227,
1989-03-10,66.142,
1989-03-11,66.751,
1989-03-12,67.056,
1989-03-13,67.361,
1989-03-14,67.31,
1989-03-15,67.361,
1989-03-16,67.97,
1989-03-17,69.19,
1989-03-18,71.628,
1989-03-19,74.066,
1989-03-20,74.066,
1989-03-21,74.371,
1989-03-22,74.676,
1989-03-23,74.676,
1989-03-24,74.981,
1989-03-25,76.505,
1989-03-26,77.724,
1989-03-27,78.334,
1989-03-28,80.162,
1989-03-29,80.772,
1989-03-30,80.772,
1989-03-31,81.077,
1989-04-01,81.686,
1989-04-02,82.601,
1989-04-03,82.906,
1989-04-04,82.601,
1989-04-05,82.296,
1989-04-06,81.686,
1989-04-07,80.772,
1989-04-08,79.553,
1989-04-09,77.724,
1989-04-10,75.59,
1989-04-11,74.066,
1989-04-12,71.018,
1989-04-13,70.409,
1989-04-14,67.361,
1989-04-15,64.922,
1989-04-16,62.484,
1989-04-17,61.874,
1989-04-18,59.741,
1989-04-19,59.436,
1989-04-20,58.217,
1989-04-21,56.693,
1989-04-22,56.998,
1989-04-23,57.607,
1989-04-24,60.046,
1989-04-25,61.57,
1989-04-26,61.265,
1989-04-27,61.874,
1989-04-28,63.094,
1989-04-29,63.094,
1989-04-30,63.398,
1989-05-01,60.655,
1989-05-02,59.436,
1989-05-03,58.217,
1989-05-04,56.998,
1989-05-05,55.169,
1989-05-06,53.645,
1989-05-07,51.511,
1989-05-08,49.073,
1989-05-09,46.939,
1989-05-10,47.854,
1989-05-11,48.26,
1989-05-12,50.902,
1989-05-13,51.511,
1989-05-14,51.816,
1989-05-15,52.121,
1989-05-16,50.597,
1989-05-17,48.463,
1989-05-18,45.11,
1989-05-19,43.586,
1989-05-20,41.758,
1989-05-21,39.319,
1989-05-22,36.576,
1989-05-23,33.833,
1989-05-24,34.747,
1989-05-25,34.747,
1989-05-26,33.223,
1989-05-27,30.48,
1989-05-28,26.822,
1989-05-29,24.689,
1989-05-30,24.994,
1989-05-31,23.47,
1989-06-01,21.031,
1989-06-02,18.898,
1989-06-03,15.545,
1989-06-04,13.411,
1989-06-05,11.278,
1989-06-06,8.839,
1989-06-07,5.893,
1989-06-08,2.946,
1989-06-09,0.0,
1989-06-10,,
1989-06-11,,
1989-06-12,,
1989-06-13,,
1989-06-14,,
1989-06-15,,
1989-06-16,,
1989-06-17,,
1989-06-18,,
1989-06-19,,
1989-06-20,,
1989-06-21,,
1989-06-22,,
1989-06-23,,
1989-06-24,,
1989-06-25,,
1989-06-26,,
1989-06-27,,
1989-06-28,,
1989-06-29,,
1989-06-30,,
1989-07-01,,
1989-07-02,,
1989-07-03,,
1989-07-04,,
1989-07-05,,
1989-07-06,,
1989-07-07,,
1989-07-08,,
1989-07-09,,
1989-07-10,,
1989-07-11,,
1989-07-12,,
1989-07-13,,
1989-07-14,,
1989-07-15,,
1989-07-16,,
1989-07-17,,
1989-07-18,,
1989-07-19,,
1989-07-20,,
1989-07-21,,
1989-07-22,,
1989-07-23,,
1989-07-24,,
1989-07-25,,
1989-07-26,,
1989-07-27,,
1989-07-28,,
1989-07-29,,
1989-07-30,,
1989-07-31,,
1989-08-01,,
1989-08-02,,
1989-08-03,,
1989-08-04,,
1989-08-05,,
1989-08-06,,
1989-08-07,,
1989-08-08,,
1989-08-09,,
1989-08-10,,
1989-08-11,,
1989-08-12,,
1989-08-13,,
1989-08-14,,
1989-08-15,,
1989-08-16,,
1989-08-17,,
1989-08-18,,
1989-08-19,,
1989-08-20,,
1989-08-21,,
1989-08-22,,
1989-08-23,,
1989-08-24,,
1989-08-25,,
1989-08-26,,
1989-08-27,,
1989-08-28,,
1989-08-29,,
1989-08-30,,
1989-08-31,,
1989-09-01,,
1989-09-02,,
1989-09-03,,
1989-09-04,,
1989-09-05,,
1989-09-06,,
1989-09-07,,
1989-09-08,,
1989-09-09,,
1989-09-10,,
1989-09-11,,
1989-09-12,,
1989-09-13,,
1989-09-14,,
1989-09-15,,
1989-09-16,,
1989-09-17,,
1989-09-18,,
1989-09-19,,
1989-09-20,,
1989-09-21,,
1989-09-22,,
1989-09-23,,
1989-09-24,,
1989-09-25,,
1989-09-26,,
1989-09-27,,
1989-09-28,,
1989-09-29,,
1989-09-30,,
1989-10-01,,
1989-10-02,,
1989-10-03,,
1989-10-04,,
1989-10-05,,
1989-10-06,,
1989-10-07,,
1989-10-08,,
1989-10-09,,
1989-10-10,,
1989-10-11,,
1989-10-12,,
1989-10-13,,
1989-10-14,,
1989-10-15,,
1989-10-16,,
1989-10-17,,
1989-10-18,,
1989-10-19,,
1989-10-20,,
1989-10-21,,
1989-10-22,,
1989-10-23,,
1989-10-24,0.0,
1989-10-25,3.962,
1989-10-26,4.064,
1989-10-27,3.962,
1989-10-28,3.937,
1989-10-29,3.912,
1989-10-30,3.912,
1989-10-31,3.886,
1989-11-01,3.861,
1989-11-02,3.835,
1989-11-03,3.81,
1989-11-04,3.81,
1989-11-05,3.785,
1989-11-06,3.759,
1989-11-07,3.734,
1989-11-08,3.708,
1989-11-09,3.708,
1989-11-10,3.683,
1989-11-11,3.658,
1989-11-12,3.429,
1989-11-13,3.2,
1989-11-14,2.972,
1989-11-15,2.743,
1989-11-16,2.515,
1989-11-17,2.286,
1989-11-18,2.057,
1989-11-19,1.829,
1989-11-20,1.6,
1989-11-21,1.372,
1989-11-22,1.143,
1989-11-23,0.914,
1989-11-24,1.219,
1989-11-25,2.743,
1989-11-26,7.62,
1989-11-27,7.925,
1989-11-28,8.23,
1989-11-29,8.23,
1989-11-30,8.128,
1989-12-01,8.23,
1989-12-02,8.23,
1989-12-03,8.23,
1989-12-04,8.23,
1989-12-05,8.23,
1989-12-06,8.23,
1989-12-07,8.23,
1989-12-08,8.23,
1989-12-09,8.23,
1989-12-10,8.204,
1989-12-11,8.204,
1989-12-12,8.179,
1989-12-13,8.179,
1989-12-14,8.179,
1989-12-15,8.153,
1989-12-16,8.153,
1989-12-17,8.128,
1989-12-18,8.128,
1989-12-19,8.103,
1989-12-20,8.077,
1989-12-21,8.052,
1989-12-22,8.001,
1989-12-23,7.976,
1989-12-24,7.95,
1989-12-25,7.925,
1989-12-26,7.849,
1989-12-27,7.772,
1989-12-28,7.696,
1989-12-29,7.62,
1989-12-30,7.62,
1989-12-31,7.62,
1990-01-01,7.925,
1990-01-02,7.925,
1990-01-03,7.925,
1990-01-04,7.62,
1990-01-05,7.925,
1990-01-06,7.925,
1990-01-07,8.534,
1990-01-08,10.058,
1990-01-09,10.668,
1990-01-10,10.973,
1990-01-11,10.668,
1990-01-12,10.973,
1990-01-13,11.887,
1990-01-14,15.545,
1990-01-15,17.069,
1990-01-16,17.374,
1990-01-17,17.983,
1990-01-18,18.593,
1990-01-19,18.288,
1990-01-20,18.288,
1990-01-21,19.202,
1990-01-22,18.898,
1990-01-23,18.898,
1990-01-24,19.202,
1990-01-25,19.202,
1990-01-26,19.507,
1990-01-27,18.593,
1990-01-28,18.593,
1990-01-29,19.202,
1990-01-30,19.202,
1990-01-31,20.117,
1990-02-01,21.031,
1990-02-02,21.336,
1990-02-03,21.641,
1990-02-04,23.165,
1990-02-05,23.774,
1990-02-06,25.298,
1990-02-07,25.908,
1990-02-08,25.298,
1990-02-09,26.518,
1990-02-10,26.924,
1990-02-11,26.822,
1990-02-12,26.924,
1990-02-13,26.924,
1990-02-14,25.908,
1990-02-15,25.908,
1990-02-16,26.518,
1990-02-17,28.956,
1990-02-18,32.918,
1990-02-19,34.747,
1990-02-20,34.442,
1990-02-21,35.662,
1990-02-22,35.662,
1990-02-23,35.662,
1990-02-24,35.966,
1990-02-25,35.966,
1990-02-26,35.966,
1990-02-27,35.966,
1990-02-28,35.662,
1990-03-01,36.271,
1990-03-02,36.271,
1990-03-03,36.881,
1990-03-04,36.881,
1990-03-05,38.1,
1990-03-06,38.1,
1990-03-07,38.71,
1990-03-08,39.319,
1990-03-09,38.71,
1990-03-10,39.014,
1990-03-11,39.929,
1990-03-12,41.148,
1990-03-13,41.453,
1990-03-14,42.062,
1990-03-15,42.977,
1990-03-16,43.282,
1990-03-17,43.434,
1990-03-18,43.434,
1990-03-19,43.434,
1990-03-20,43.434,
1990-03-21,43.434,
1990-03-22,43.688,
1990-03-23,43.688,
1990-03-24,43.434,
1990-03-25,43.18,
1990-03-26,42.672,
1990-03-27,40.538,
1990-03-28,40.234,
1990-03-29,39.929,
1990-03-30,40.538,
1990-03-31,41.148,
1990-04-01,40.538,
1990-04-02,40.234,
1990-04-03,39.929,
1990-04-04,39.624,
1990-04-05,39.014,
1990-04-06,39.116,
1990-04-07,40.234,
1990-04-08,41.148,
1990-04-09,41.148,
1990-04-10,41.148,
1990-04-11,41.453,
1990-04-12,40.64,
1990-04-13,39.319,
1990-04-14,38.1,
1990-04-15,38.1,
1990-04-16,36.271,
1990-04-17,35.052,
1990-04-18,35.662,
1990-04-19,35.662,
1990-04-20,35.052,
1990-04-21,33.833,
1990-04-22,35.052,
1990-04-23,34.138,
1990-04-24,35.052,
1990-04-25,35.357,
1990-04-26,35.357,
1990-04-27,33.833,
1990-04-28,32.004,
1990-04-29,30.175,
1990-04-30,28.956,
1990-05-01,28.956,
1990-05-02,28.346,
1990-05-03,26.518,
1990-05-04,24.384,
1990-05-05,22.555,
1990-05-06,20.422,
1990-05-07,18.593,
1990-05-08,16.764,
1990-05-09,14.021,
1990-05-10,11.582,
1990-05-11,11.278,
1990-05-12,9.449,
1990-05-13,7.925,
1990-05-14,5.486,
1990-05-15,3.658,
1990-05-16,2.743,
1990-05-17,0.0,
1990-05-18,0.0,
1990-05-19,0.0,
1990-05-20,0.0,
1990-05-21,0.0,
1990-05-22,0.0,
1990-05-23,0.0,
1990-05-24,0.0,
1990-05-25,0.0,
1990-05-26,0.0,
1990-05-27,0.0,
1990-05-28,0.0,
1990-05-29,0.0,
1990-05-30,0.0,
1990-05-31,0.0,
1990-06-01,0.0,
1990-06-02,,
1990-06-03,0.0,
1990-06-04,0.0,
1990-06-05,0.0,
1990-06-06,0.0,
1990-06-07,0.0,
1990-06-08,0.0,
1990-06-09,0.0,
1990-06-10,0.0,
1990-06-11,0.0,
1990-06-12,0.0,
1990-06-13,0.0,
1990-06-14,0.0,
1990-06-15,0.0,
1990-06-16,0.0,
1990-06-17,0.0,
1990-06-18,0.0,
1990-06-19,0.0,
1990-06-20,,
1990-06-21,0.0,
1990-06-22,0.0,
1990-06-23,0.0,
1990-06-24,0.0,
1990-06-25,0.0,
1990-06-26,0.0,
1990-06-27,0.0,
1990-06-28,0.0,
1990-06-29,,
1990-06-30,,
1990-07-01,,
1990-07-02,,
1990-07-03,,
1990-07-04,0.0,
1990-07-05,0.0,
1990-07-06,,
1990-07-07,,
1990-07-08,,
1990-07-09,,
1990-07-10,,
1990-07-11,,
1990-07-12,,
1990-07-13,,
1990-07-14,,
1990-07-15,,
1990-07-16,,
1990-07-17,,
1990-07-18,,
1990-07-19,,
1990-07-20,,
1990-07-21,,
1990-07-22,,
1990-07-23,,
1990-07-24,,
1990-07-25,,
1990-07-26,,
1990-07-27,,
1990-07-28,,
1990-07-29,,
1990-07-30,,
1990-07-31,,
1990-08-01,,
1990-08-02,,
1990-08-03,0.0,
1990-08-04,0.0,
1990-08-05,,
1990-08-06,0.0,
1990-08-07,0.0,
1990-08-08,,
1990-08-09,0.0,
1990-08-10,0.0,
1990-08-11,0.0,
1990-08-12,0.0,
1990-08-13,,
1990-08-14,0.0,
1990-08-15,0.0,
1990-08-16,,
1990-08-17,,
1990-08-18,,
1990-08-19,,
1990-08-20,,
1990-08-21,,
1990-08-22,0.0,
1990-08-23,0.0,
1990-08-24,0.0,
1990-08-25,,
1990-08-26,,
1990-08-27,,
1990-08-28,,
1990-08-29,0.0,
1990-08-30,0.0,
1990-08-31,0.0,
1990-09-01,,
1990-09-02,0.0,
1990-09-03,0.0,
1990-09-04,,
1990-09-05,,
1990-09-06,,
1990-09-07,,
1990-09-08,,
1990-09-09,,
1990-09-10,,
1990-09-11,,
1990-09-12,,
1990-09-13,,
1990-09-14,,
1990-09-15,,
1990-09-16,,
1990-09-17,,
1990-09-18,,
1990-09-19,,
1990-09-20,,
1990-09-21,,
1990-09-22,,
1990-09-23,,
1990-09-24,,
1990-09-25,,
1990-09-26,,
1990-09-27,,
1990-09-28,,
1990-09-29,,
1990-09-30,,
1990-10-01,0.0,
1990-10-02,0.0,
1990-10-03,0.0,
1990-10-04,0.0,
1990-10-05,0.0,
1990-10-06,0.0,
1990-10-07,0.0,
1990-10-08,0.0,
1990-10-09,0.0,
1990-10-10,0.0,
1990-10-11,0.0,
1990-10-12,0.0,
1990-10-13,0.0,
1990-10-14,0.0,
1990-10-15,0.0,
1990-10-16,0.0,
1990-10-17,0.0,
1990-10-18,0.0,
1990-10-19,0.0,
1990-10-20,0.0,
1990-10-21,0.0,
1990-10-22,0.0,
1990-10-23,0.0,
1990-10-24,0.0,
1990-10-25,0.0,
1990-10-26,0.0,
1990-10-27,0.0,
1990-10-28,0.0,
1990-10-29,0.0,
1990-10-30,0.0,
1990-10-31,0.0,
1990-11-01,0.0,
1990-11-02,0.0,
1990-11-03,0.0,
1990-11-04,0.0,
1990-11-05,0.0,
1990-11-06,0.0,
1990-11-07,0.0,
1990-11-08,0.0,
1990-11-09,0.0,
1990-11-10,0.0,
1990-11-11,0.0,
1990-11-12,0.0,
1990-11-13,0.0,
1990-11-14,0.0,
1990-11-15,0.0,
1990-11-16,0.0,
1990-11-17,0.0,
1990-11-18,0.0,
1990-11-19,0.0,
1990-11-20,0.0,
1990-11-21,0.0,
1990-11-22,0.0,
1990-11-23,0.0,
1990-11-24,0.0,
1990-11-25,0.0,
1990-11-26,0.0,
1990-11-27,0.0,
1990-11-28,0.0,
1990-11-29,0.0,
1990-11-30,0.0,
1990-12-01,0.0,
1990-12-02,0.0,
1990-12-03,0.0,
1990-12-04,0.0,
1990-12-05,0.0,
1990-12-06,0.0,
1990-12-07,0.0,
1990-12-08,0.0,
1990-12-09,0.0,
1990-12-10,0.0,
1990-12-11,0.0,
1990-12-12,0.0,
1990-12-13,0.0,
1990-12-14,0.0,
1990-12-15,0.0,
1990-12-16,0.0,
1990-12-17,0.0,
1990-12-18,0.0,
1990-12-19,0.0,
1990-12-20,3.353,
1990-12-21,3.962,
1990-12-22,4.572,
1990-12-23,3.962,
1990-12-24,3.962,
1990-12-25,4.267,
1990-12-26,4.267,
1990-12-27,4.267,
1990-12-28,4.572,
1990-12-29,4.572,
1990-12-30,4.267,
1990-12-31,4.267,
1991-01-01,4.572,
1991-01-02,4.572,
1991-01-03,4.572,
1991-01-04,5.182,
1991-01-05,5.08,
1991-01-06,4.877,
1991-01-07,5.182,
1991-01-08,5.08,
1991-01-09,5.182,
1991-01-10,5.182,
1991-01-11,5.08,
1991-01-12,5.08,
1991-01-13,5.182,
1991-01-14,5.08,
1991-01-15,5.791,
1991-01-16,5.182,
1991-01-17,5.486,
1991-01-18,5.486,
1991-01-19,5.486,
1991-01-20,5.182,
1991-01-21,4.877,
1991-01-22,5.182,
1991-01-23,5.182,
1991-01-24,5.182,
1991-01-25,4.877,
1991-01-26,4.877,
1991-01-27,4.877,
1991-01-28,4.572,
1991-01-29,5.182,
1991-01-30,4.572,
1991-01-31,4.877,
1991-02-01,4.572,
1991-02-02,5.182,
1991-02-03,5.182,
1991-02-04,5.486,
1991-02-05,6.096,
1991-02-06,6.706,
1991-02-07,6.401,
1991-02-08,6.401,
1991-02-09,6.401,
1991-02-10,6.401,
1991-02-11,6.706,
1991-02-12,6.401,
1991-02-13,6.401,
1991-02-14,7.62,
1991-02-15,7.01,
1991-02-16,6.706,
1991-02-17,6.401,
1991-02-18,6.401,
1991-02-19,7.01,
1991-02-20,7.01,
1991-02-21,7.315,
1991-02-22,7.315,
1991-02-23,7.01,
1991-02-24,6.401,
1991-02-25,6.401,
1991-02-26,6.401,
1991-02-27,6.401,
1991-02-28,6.706,
1991-03-01,7.925,
1991-03-02,12.192,
1991-03-03,14.63,
1991-03-04,20.422,
1991-03-05,22.86,
1991-03-06,22.555,
1991-03-07,23.47,
1991-03-08,23.774,
1991-03-09,24.689,
1991-03-10,24.638,
1991-03-11,25.298,
1991-03-12,26.518,
1991-03-13,27.432,
1991-03-14,28.651,
1991-03-15,29.87,
1991-03-16,30.785,
1991-03-17,32.004,
1991-03-18,33.223,
1991-03-19,36.271,
1991-03-20,37.49,
1991-03-21,38.405,
1991-03-22,38.1,
1991-03-23,39.014,
1991-03-24,39.929,
1991-03-25,43.586,
1991-03-26,46.939,
1991-03-27,48.463,
1991-03-28,49.073,
1991-03-29,49.682,
1991-03-30,50.292,
1991-03-31,49.987,
1991-04-01,50.292,
1991-04-02,49.682,
1991-04-03,49.987,
1991-04-04,50.292,
1991-04-05,50.597,
1991-04-06,49.682,
1991-04-07,48.768,
1991-04-08,48.463,
1991-04-09,48.463,
1991-04-10,48.463,
1991-04-11,47.854,
1991-04-12,48.463,
1991-04-13,49.073,
1991-04-14,49.073,
1991-04-15,49.073,
1991-04-16,48.768,
1991-04-17,48.463,
1991-04-18,48.463,
1991-04-19,49.073,
1991-04-20,49.073,
1991-04-21,49.073,
1991-04-22,49.073,
1991-04-23,49.073,
1991-04-24,49.073,
1991-04-25,49.378,
1991-04-26,49.987,
1991-04-27,50.902,
1991-04-28,51.206,
1991-04-29,50.902,
1991-04-30,50.292,
1991-05-01,49.682,
1991-05-02,49.987,
1991-05-03,50.292,
1991-05-04,51.206,
1991-05-05,51.511,
1991-05-06,50.292,
1991-05-07,49.378,
1991-05-08,47.854,
1991-05-09,46.025,
1991-05-10,45.415,
1991-05-11,46.025,
1991-05-12,46.33,
1991-05-13,46.939,
1991-05-14,46.939,
1991-05-15,47.854,
1991-05-16,46.025,
1991-05-17,45.415,
1991-05-18,45.415,
1991-05-19,46.025,
1991-05-20,47.244,
1991-05-21,47.854,
1991-05-22,47.854,
1991-05-23,45.72,
1991-05-24,43.891,
1991-05-25,42.367,
1991-05-26,40.843,
1991-05-27,41.148,
1991-05-28,41.148,
1991-05-29,39.319,
1991-05-30,39.014,
1991-05-31,39.116,
1991-06-01,39.014,
1991-06-02,38.1,
1991-06-03,35.966,
1991-06-04,32.004,
1991-06-05,27.737,
1991-06-06,25.908,
1991-06-07,22.86,
1991-06-08,19.812,
1991-06-09,15.85,
1991-06-10,10.363,
1991-06-11,7.62,
1991-06-12,3.962,
1991-06-13,0.0,
1991-06-14,0.0,
1991-06-15,0.0,
1991-06-16,0.0,
1991-06-17,0.0,
1991-06-18,0.0,
1991-06-19,0.0,
1991-06-20,0.0,
1991-06-21,0.0,
1991-06-22,0.0,
1991-06-23,0.0,
1991-06-24,0.0,
1991-06-25,0.0,
1991-06-26,0.0,
1991-06-27,0.0,
1991-06-28,0.0,
1991-06-29,,
1991-06-30,0.0,
1991-07-01,0.0,
1991-07-02,0.0,
1991-07-03,0.0,
1991-07-04,0.0,
1991-07-05,0.0,
1991-07-06,0.0,
1991-07-07,0.0,
1991-07-08,0.0,
1991-07-09,0.0,
1991-07-10,0.0,
1991-07-11,0.0,
1991-07-12,0.0,
1991-07-13,0.0,
1991-07-14,0.0,
1991-07-15,0.0,
1991-07-16,0.0,
1991-07-17,0.0,
1991-07-18,0.0,
1991-07-19,0.0,
1991-07-20,0.0,
1991-07-21,0.0,
1991-07-22,0.0,
1991-07-23,0.0,
1991-07-24,0.0,
1991-07-25,0.0,
1991-07-26,0.0,
1991-07-27,0.0,
1991-07-28,0.0,
1991-07-29,0.0,
1991-07-30,0.0,
1991-07-31,0.0,
1991-08-01,0.0,
1991-08-02,0.0,
1991-08-03,0.0,
1991-08-04,0.0,
1991-08-05,0.0,
1991-08-06,0.0,
1991-08-07,0.0,
1991-08-08,0.0,
1991-08-09,0.0,
1991-08-10,0.0,
1991-08-11,0.0,
1991-08-12,0.0,
1991-08-13,0.0,
1991-08-14,0.0,
1991-08-15,0.0,
1991-08-16,0.0,
1991-08-17,0.0,
1991-08-18,0.0,
1991-08-19,0.0,
1991-08-20,0.0,
1991-08-21,0.0,
1991-08-22,0.0,
1991-08-23,0.0,
1991-08-24,0.0,
1991-08-25,0.0,
1991-08-26,0.0,
1991-08-27,0.0,
1991-08-28,0.0,
1991-08-29,0.0,
1991-08-30,0.0,
1991-08-31,0.0,
1991-09-01,0.0,
1991-09-02,0.0,
1991-09-03,0.0,
1991-09-04,0.0,
1991-09-05,0.0,
1991-09-06,0.0,
1991-09-07,0.0,
1991-09-08,0.0,
1991-09-09,0.0,
1991-09-10,0.0,
1991-09-11,0.0,
1991-09-12,0.0,
1991-09-13,0.0,
1991-09-14,0.0,
1991-09-15,0.0,
1991-09-16,0.0,
1991-09-17,0.0,
1991-09-18,0.0,
1991-09-19,0.0,
1991-09-20,0.0,
1991-09-21,0.0,
1991-09-22,0.0,
1991-09-23,0.0,
1991-09-24,0.0,
1991-09-25,0.0,
1991-09-26,0.0,
1991-09-27,0.0,
1991-09-28,0.0,
1991-09-29,0.0,
1991-09-30,0.0,
1991-10-01,0.0,
1991-10-02,0.0,
1991-10-03,0.0,
1991-10-04,0.0,
1991-10-05,0.0,
1991-10-06,0.0,
1991-10-07,0.0,
1991-10-08,0.0,
1991-10-09,0.0,
1991-10-10,0.0,
1991-10-11,0.0,
1991-10-12,0.0,
1991-10-13,0.0,
1991-10-14,0.0,
1991-10-15,0.0,
1991-10-16,0.0,
1991-10-17,0.0,
1991-10-18,0.0,
1991-10-19,0.0,
1991-10-20,0.0,
1991-10-21,0.0,
1991-10-22,0.0,
1991-10-23,0.0,
1991-10-24,0.0,
1991-10-25,0.0,
1991-10-26,80.264,
1991-10-27,7.925,
1991-10-28,7.62,
1991-10-29,8.23,
1991-10-30,7.925,
1991-10-31,8.128,
1991-11-01,8.534,
1991-11-02,8.839,
1991-11-03,8.839,
1991-11-04,8.839,
1991-11-05,8.534,
1991-11-06,8.23,
1991-11-07,7.925,
1991-11-08,7.62,
1991-11-09,7.01,
1991-11-10,6.401,
1991-11-11,5.791,
1991-11-12,6.096,
1991-11-13,6.401,
1991-11-14,5.791,
1991-11-15,5.182,
1991-11-16,4.572,
1991-11-17,5.182,
1991-11-18,8.839,
1991-11-19,9.449,
1991-11-20,10.058,
1991-11-21,10.363,
1991-11-22,10.795,
1991-11-23,11.278,
1991-11-24,11.278,
1991-11-25,11.278,
1991-11-26,10.973,
1991-11-27,10.973,
1991-11-28,10.668,
1991-11-29,10.973,
1991-11-30,10.973,
1991-12-01,11.684,
1991-12-02,12.446,
1991-12-03,13.106,
1991-12-04,12.497,
1991-12-05,12.802,
1991-12-06,13.716,
1991-12-07,14.046,
1991-12-08,14.326,
1991-12-09,13.716,
1991-12-10,13.411,
1991-12-11,13.106,
1991-12-12,13.106,
1991-12-13,13.106,
1991-12-14,13.411,
1991-12-15,13.716,
1991-12-16,13.411,
1991-12-17,13.411,
1991-12-18,13.716,
1991-12-19,13.411,
1991-12-20,13.716,
1991-12-21,15.24,
1991-12-22,15.24,
1991-12-23,15.494,
1991-12-24,15.85,
1991-12-25,15.85,
1991-12-26,15.85,
1991-12-27,16.154,
1991-12-28,15.545,
1991-12-29,16.459,
1991-12-30,17.374,
1991-12-31,17.069,
1992-01-01,17.374,
1992-01-02,17.018,
1992-01-03,17.983,
1992-01-04,18.898,
1992-01-05,19.507,
1992-01-06,20.726,
1992-01-07,21.031,
1992-01-08,21.031,
1992-01-09,21.641,
1992-01-10,21.641,
1992-01-11,21.641,
1992-01-12,21.031,
1992-01-13,21.031,
1992-01-14,21.031,
1992-01-15,21.641,
1992-01-16,21.336,
1992-01-17,21.031,
1992-01-18,21.031,
1992-01-19,20.726,
1992-01-20,20.726,
1992-01-21,20.726,
1992-01-22,20.422,
1992-01-23,21.031,
1992-01-24,22.25,
1992-01-25,22.86,
1992-01-26,21.946,
1992-01-27,21.844,
1992-01-28,21.336,
1992-01-29,20.726,
1992-01-30,20.32,
1992-01-31,18.542,
1992-02-01,20.726,
1992-02-02,19.812,
1992-02-03,19.812,
1992-02-04,19.812,
1992-02-05,20.422,
1992-02-06,21.031,
1992-02-07,21.336,
1992-02-08,21.336,
1992-02-09,21.031,
1992-02-10,21.336,
1992-02-11,21.946,
1992-02-12,24.384,
1992-02-13,26.518,
1992-02-14,27.127,
1992-02-15,28.651,
1992-02-16,31.09,
1992-02-17,32.614,
1992-02-18,33.274,
1992-02-19,34.442,
1992-02-20,35.052,
1992-02-21,35.56,
1992-02-22,37.49,
1992-02-23,37.795,
1992-02-24,37.795,
1992-02-25,37.846,
1992-02-26,38.1,
1992-02-27,37.795,
1992-02-28,38.1,
1992-02-29,38.1,
1992-03-01,38.1,
1992-03-02,38.405,
1992-03-03,38.405,
1992-03-04,38.1,
1992-03-05,38.71,
1992-03-06,39.929,
1992-03-07,40.538,
1992-03-08,41.351,
1992-03-09,41.148,
1992-03-10,,
1992-03-11,41.453,
1992-03-12,41.453,
1992-03-13,41.758,
1992-03-14,41.758,
1992-03-15,42.062,
1992-03-16,42.367,
1992-03-17,42.977,
1992-03-18,42.977,
1992-03-19,43.586,
1992-03-20,43.586,
1992-03-21,43.891,
1992-03-22,44.806,
1992-03-23,44.806,
1992-03-24,44.806,
1992-03-25,45.11,
1992-03-26,45.72,
1992-03-27,45.72,
1992-03-28,46.025,
1992-03-29,46.025,
1992-03-30,45.415,
1992-03-31,45.415,
1992-04-01,45.415,
1992-04-02,44.196,
1992-04-03,43.586,
1992-04-04,42.977,
1992-04-05,42.977,
1992-04-06,42.977,
1992-04-07,42.367,
1992-04-08,41.758,
1992-04-09,41.148,
1992-04-10,40.538,
1992-04-11,39.929,
1992-04-12,39.929,
1992-04-13,39.929,
1992-04-14,39.929,
1992-04-15,38.71,
1992-04-16,39.624,
1992-04-17,37.795,
1992-04-18,36.881,
1992-04-19,36.881,
1992-04-20,35.662,
1992-04-21,34.747,
1992-04-22,34.442,
1992-04-23,35.052,
1992-04-24,34.138,
1992-04-25,33.223,
1992-04-26,32.614,
1992-04-27,32.614,
1992-04-28,30.48,
1992-04-29,27.127,
1992-04-30,24.079,
1992-05-01,22.86,
1992-05-02,21.641,
1992-05-03,20.726,
1992-05-04,19.202,
1992-05-05,17.983,
1992-05-06,15.545,
1992-05-07,13.106,
1992-05-08,11.582,
1992-05-09,9.144,
1992-05-10,6.706,
1992-05-11,3.962,
1992-05-12,3.048,
1992-05-13,0.0,
1992-05-14,0.0,
1992-05-15,0.0,
1992-05-16,0.0,
1992-05-17,0.0,
1992-05-18,0.0,
1992-05-19,0.0,
1992-05-20,0.0,
1992-05-21,0.0,
1992-05-22,0.0,
1992-05-23,0.0,
1992-05-24,0.0,
1992-05-25,0.0,
1992-05-26,0.0,
1992-05-27,0.0,
1992-05-28,0.0,
1992-05-29,0.0,
1992-05-30,0.0,
1992-05-31,0.0,
1992-06-01,0.0,
1992-06-02,0.0,
1992-06-03,0.0,
1992-06-04,0.0,
1992-06-05,0.0,
1992-06-06,0.0,
1992-06-07,0.0,
1992-06-08,0.0,
1992-06-09,0.0,
1992-06-10,0.0,
1992-06-11,0.0,
1992-06-12,0.0,
1992-06-13,0.0,
1992-06-14,0.0,
1992-06-15,0.0,
1992-06-16,0.0,
1992-06-17,0.0,
1992-06-18,0.0,
1992-06-19,0.0,
1992-06-20,0.0,
1992-06-21,0.0,
1992-06-22,0.0,
1992-06-23,0.0,
1992-06-24,0.0,
1992-06-25,0.0,
1992-06-26,0.0,
1992-06-27,0.0,
1992-06-28,0.0,
1992-06-29,0.0,
1992-06-30,0.0,
1992-07-01,0.0,
1992-07-02,0.0,
1992-07-03,0.0,
1992-07-04,0.0,
1992-07-05,0.0,
1992-07-06,0.0,
1992-07-07,0.0,
1992-07-08,0.0,
1992-07-09,0.0,
1992-07-10,0.0,
1992-07-11,0.0,
1992-07-12,0.0,
1992-07-13,0.0,
1992-07-14,0.0,
1992-07-15,0.0,
1992-07-16,0.0,
1992-07-17,0.0,
1992-07-18,0.0,
1992-07-19,0.0,
1992-07-20,0.0,
1992-07-21,0.0,
1992-07-22,0.0,
1992-07-23,0.0,
1992-07-24,0.0,
1992-07-25,0.0,
1992-07-26,0.0,
1992-07-27,0.0,
1992-07-28,0.0,
1992-07-29,0.0,
1992-07-30,0.0,
1992-07-31,0.0,
1992-08-01,0.0,
1992-08-02,0.0,
1992-08-03,0.0,
1992-08-04,0.0,
1992-08-05,0.0,
1992-08-06,0.0,
1992-08-07,0.0,
1992-08-08,0.0,
1992-08-09,0.0,
1992-08-10,0.0,
1992-08-11,0.0,
1992-08-12,0.0,
1992-08-13,0.0,
1992-08-14,0.0,
1992-08-15,0.0,
1992-08-16,0.0,
1992-08-17,0.0,
1992-08-18,0.0,
1992-08-19,0.0,
1992-08-20,0.0,
1992-08-21,0.0,
1992-08-22,0.0,
1992-08-23,0.0,
1992-08-24,0.0,
1992-08-25,0.0,
1992-08-26,0.0,
1992-08-27,0.0,
1992-08-28,0.0,
1992-08-29,0.0,
1992-08-30,0.0,
1992-08-31,0.0,
1992-09-01,0.0,
1992-09-02,0.0,
1992-09-03,0.0,
1992-09-04,0.0,
1992-09-05,0.0,
1992-09-06,0.0,
1992-09-07,0.0,
1992-09-08,0.0,
1992-09-09,0.0,
1992-09-10,0.0,
1992-09-11,0.0,
1992-09-12,0.0,
1992-09-13,0.0,
1992-09-14,0.0,
1992-09-15,0.0,
1992-09-16,0.0,
1992-09-17,0.0,
1992-09-18,0.0,
1992-09-19,0.0,
1992-09-20,0.0,
1992-09-21,0.0,
1992-09-22,0.0,
1992-09-23,0.0,
1992-09-24,0.0,
1992-09-25,0.0,
1992-09-26,0.0,
1992-09-27,0.0,
1992-09-28,0.0,
1992-09-29,0.0,
1992-09-30,0.0,
1992-10-01,0.0,
1992-10-02,0.0,
1992-10-03,0.0,
1992-10-04,0.0,
1992-10-05,0.0,
1992-10-06,0.0,
1992-10-07,0.0,
1992-10-08,0.0,
1992-10-09,0.0,
1992-10-10,0.0,
1992-10-11,0.0,
1992-10-12,0.0,
1992-10-13,0.0,
1992-10-14,0.0,
1992-10-15,0.0,
1992-10-16,0.0,
1992-10-17,0.0,
1992-10-18,0.0,
1992-10-19,0.0,
1992-10-20,0.0,
1992-10-21,0.0,
1992-10-22,0.33,
1992-10-23,0.635,
1992-10-24,0.635,
1992-10-25,0.635,
1992-10-26,0.635,
1992-10-27,0.635,
1992-10-28,0.635,
1992-10-29,0.94,
1992-10-30,2.464,
1992-10-31,3.988,
1992-11-01,4.572,
1992-11-02,4.572,
1992-11-03,4.293,
1992-11-04,4.293,
1992-11-05,3.988,
1992-11-06,4.293,
1992-11-07,3.988,
1992-11-08,3.683,
1992-11-09,2.769,
1992-11-10,0.33,
1992-11-11,0.635,
1992-11-12,2.464,
1992-11-13,3.378,
1992-11-14,3.683,
1992-11-15,3.378,
1992-11-16,3.073,
1992-11-17,2.464,
1992-11-18,1.854,
1992-11-19,1.549,
1992-11-20,1.854,
1992-11-21,2.464,
1992-11-22,2.464,
1992-11-23,3.073,
1992-11-24,3.073,
1992-11-25,3.073,
1992-11-26,3.683,
1992-11-27,3.683,
1992-11-28,3.683,
1992-11-29,3.683,
1992-11-30,3.988,
1992-12-01,4.293,
1992-12-02,4.572,
1992-12-03,3.988,
1992-12-04,3.988,
1992-12-05,3.988,
1992-12-06,4.293,
1992-12-07,6.706,
1992-12-08,7.95,
1992-12-09,11.608,
1992-12-10,14.63,
1992-12-11,16.485,
1992-12-12,18.313,
1992-12-13,18.923,
1992-12-14,19.533,
1992-12-15,19.533,
1992-12-16,19.812,
1992-12-17,20.422,
1992-12-18,21.666,
1992-12-19,22.276,
1992-12-20,23.19,
1992-12-21,22.885,
1992-12-22,23.19,
1992-12-23,23.8,
1992-12-24,23.8,
1992-12-25,23.8,
1992-12-26,23.8,
1992-12-27,23.8,
1992-12-28,23.8,
1992-12-29,25.629,
1992-12-30,31.115,
1992-12-31,32.944,
1993-01-01,33.553,
1993-01-02,35.662,
1993-01-03,35.052,
1993-01-04,35.992,
1993-01-05,36.601,
1993-01-06,37.211,
1993-01-07,39.345,
1993-01-08,42.672,
1993-01-09,44.196,
1993-01-10,45.72,
1993-01-11,47.854,
1993-01-12,48.158,
1993-01-13,50.902,
1993-01-14,51.841,
1993-01-15,52.73,
1993-01-16,55.474,
1993-01-17,56.693,
1993-01-18,58.852,
1993-01-19,58.522,
1993-01-20,59.741,
1993-01-21,62.789,
1993-01-22,65.227,
1993-01-23,65.227,
1993-01-24,65.862,
1993-01-25,65.862,
1993-01-26,66.142,
1993-01-27,66.472,
1993-01-28,66.472,
1993-01-29,66.472,
1993-01-30,66.472,
1993-01-31,67.081,
1993-02-01,67.081,
1993-02-02,67.081,
1993-02-03,67.666,
1993-02-04,67.666,
1993-02-05,68.301,
1993-02-06,67.97,
1993-02-07,68.58,
1993-02-08,69.215,
1993-02-09,69.799,
1993-02-10,70.714,
1993-02-11,71.018,
1993-02-12,70.714,
1993-02-13,70.714,
1993-02-14,70.714,
1993-02-15,70.714,
1993-02-16,71.018,
1993-02-17,71.323,
1993-02-18,72.847,
1993-02-19,74.981,
1993-02-20,78.029,
1993-02-21,79.553,
1993-02-22,81.712,
1993-02-23,82.931,
1993-02-24,85.954,
1993-02-25,85.954,
1993-02-26,87.198,
1993-02-27,87.503,
1993-02-28,87.808,
1993-03-01,87.808,
1993-03-02,89.027,
1993-03-03,89.637,
1993-03-04,89.332,
1993-03-05,90.221,
1993-03-06,90.551,
1993-03-07,90.221,
1993-03-08,89.941,
1993-03-09,90.221,
1993-03-10,89.941,
1993-03-11,89.332,
1993-03-12,89.332,
1993-03-13,89.637,
1993-03-14,89.941,
1993-03-15,90.068,
1993-03-16,90.221,
1993-03-17,91.465,
1993-03-18,93.269,
1993-03-19,93.294,
1993-03-20,93.878,
1993-03-21,92.989,
1993-03-22,92.659,
1993-03-23,91.465,
1993-03-24,89.332,
1993-03-25,90.221,
1993-03-26,91.465,
1993-03-27,92.659,
1993-03-28,93.294,
1993-03-29,93.878,
1993-03-30,94.209,
1993-03-31,94.209,
1993-04-01,93.574,
1993-04-02,92.989,
1993-04-03,92.659,
1993-04-04,92.659,
1993-04-05,94.513,
1993-04-06,95.123,
1993-04-07,96.012,
1993-04-08,96.317,
1993-04-09,96.952,
1993-04-10,96.952,
1993-04-11,97.561,
1993-04-12,97.561,
1993-04-13,97.561,
1993-04-14,97.866,
1993-04-15,99.39,
1993-04-16,99.085,
1993-04-17,98.755,
1993-04-18,100.0,
1993-04-19,100.609,
1993-04-20,101.194,
1993-04-21,96.647,
1993-04-22,93.878,
1993-04-23,95.123,
1993-04-24,,
1993-04-25,99.39,
1993-04-26,99.085,
1993-04-27,94.513,
1993-04-28,95.123,
1993-04-29,95.123,
1993-04-30,94.209,
1993-05-01,92.989,
1993-05-02,91.77,
1993-05-03,90.856,
1993-05-04,91.161,
1993-05-05,91.465,
1993-05-06,89.332,
1993-05-07,89.637,
1993-05-08,88.722,
1993-05-09,87.198,
1993-05-10,85.954,
1993-05-11,84.455,
1993-05-12,82.601,
1993-05-13,82.321,
1993-05-14,82.321,
1993-05-15,81.407,
1993-05-16,81.712,
1993-05-17,79.273,
1993-05-18,78.334,
1993-05-19,76.53,
1993-05-20,75.286,
1993-05-21,73.152,
1993-05-22,71.323,
1993-05-23,68.91,
1993-05-24,65.227,
1993-05-25,63.398,
1993-05-26,60.681,
1993-05-27,58.522,
1993-05-28,57.912,
1993-05-29,56.083,
1993-05-30,53.34,
1993-05-31,51.841,
1993-06-01,52.121,
1993-06-02,49.987,
1993-06-03,49.403,
1993-06-04,47.549,
1993-06-05,49.987,
1993-06-06,51.232,
1993-06-07,53.061,
1993-06-08,52.73,
1993-06-09,51.841,
1993-06-10,49.682,
1993-06-11,46.939,
1993-06-12,43.917,
1993-06-13,40.564,
1993-06-14,37.211,
1993-06-15,33.553,
1993-06-16,29.896,
1993-06-17,26.848,
1993-06-18,23.8,
1993-06-19,20.117,
1993-06-20,15.24,
1993-06-21,12.497,
1993-06-22,9.474,
1993-06-23,7.01,
1993-06-24,4.572,
1993-06-25,3.378,
1993-06-26,3.073,
1993-06-27,0.0,
1993-06-28,0.0,
1993-06-29,0.0,
1993-06-30,0.0,
1993-07-01,0.0,
1993-07-02,0.0,
1993-07-03,0.0,
1993-07-04,0.0,
1993-07-05,0.0,
1993-07-06,0.0,
1993-07-07,0.0,
1993-07-08,0.0,
1993-07-09,0.0,
1993-07-10,0.0,
1993-07-11,0.0,
1993-07-12,0.0,
1993-07-13,0.0,
1993-07-14,0.0,
1993-07-15,0.0,
1993-07-16,0.0,
1993-07-17,0.0,
1993-07-18,0.0,
1993-07-19,0.0,
1993-07-20,0.0,
1993-07-21,0.0,
1993-07-22,0.0,
1993-07-23,0.0,
1993-07-24,0.0,
1993-07-25,0.0,
1993-07-26,0.0,
1993-07-27,0.0,
1993-07-28,0.0,
1993-07-29,0.0,
1993-07-30,0.0,
1993-07-31,0.0,
1993-08-01,0.0,
1993-08-02,0.0,
1993-08-03,0.0,
1993-08-04,0.0,
1993-08-05,0.0,
1993-08-06,0.0,
1993-08-07,0.0,
1993-08-08,0.0,
1993-08-09,0.0,
1993-08-10,0.0,
1993-08-11,0.0,
1993-08-12,0.0,
1993-08-13,0.0,
1993-08-14,0.0,
1993-08-15,0.0,
1993-08-16,0.0,
1993-08-17,0.0,
1993-08-18,0.0,
1993-08-19,0.0,
1993-08-20,0.0,
1993-08-21,0.0,
1993-08-22,0.0,
1993-08-23,0.0,
1993-08-24,0.0,
1993-08-25,0.0,
1993-08-26,0.0,
1993-08-27,0.0,
1993-08-28,0.0,
1993-08-29,0.0,
1993-08-30,0.0,
1993-08-31,0.0,
1993-09-01,0.0,
1993-09-02,0.0,
1993-09-03,0.0,
1993-09-04,0.0,
1993-09-05,0.0,
1993-09-06,0.0,
1993-09-07,0.0,
1993-09-08,0.0,
1993-09-09,0.0,
1993-09-10,0.0,
1993-09-11,0.0,
1993-09-12,0.0,
1993-09-13,0.0,
1993-09-14,0.0,
1993-09-15,0.0,
1993-09-16,0.0,
1993-09-17,0.0,
1993-09-18,0.0,
1993-09-19,0.0,
1993-09-20,0.0,
1993-09-21,0.0,
1993-09-22,0.0,
1993-09-23,0.0,
1993-09-24,0.0,
1993-09-25,0.0,
1993-09-26,0.0,
1993-09-27,0.0,
1993-09-28,0.0,
1993-09-29,0.0,
1993-09-30,0.0,
1993-10-01,0.0,
1993-10-02,0.0,
1993-10-03,0.0,
1993-10-04,0.0,
1993-10-05,0.0,
1993-10-06,0.0,
1993-10-07,0.0,
1993-10-08,0.0,
1993-10-09,0.0,
1993-10-10,0.0,
1993-10-11,0.0,
1993-10-12,0.0,
1993-10-13,0.0,
1993-10-14,0.0,
1993-10-15,0.0,
1993-10-16,0.0,
1993-10-17,0.0,
1993-10-18,2.464,
1993-10-19,2.769,
1993-10-20,2.769,
1993-10-21,1.854,
1993-10-22,1.549,
1993-10-23,0.0,
1993-10-24,0.0,
1993-10-25,0.0,
1993-10-26,0.0,
1993-10-27,0.0,
1993-10-28,0.0,
1993-10-29,0.0,
1993-10-30,0.0,
1993-10-31,0.0,
1993-11-01,0.0,
1993-11-02,0.0,
1993-11-03,0.0,
1993-11-04,0.0,
1993-11-05,0.0,
1993-11-06,0.0,
1993-11-07,0.0,
1993-11-08,0.0,
1993-11-09,0.0,
1993-11-10,0.0,
1993-11-11,0.0,
1993-11-12,0.0,
1993-11-13,0.0,
1993-11-14,0.0,
1993-11-15,0.0,
1993-11-16,0.635,
1993-11-17,0.635,
1993-11-18,0.635,
1993-11-19,0.635,
1993-11-20,0.635,
1993-11-21,0.635,
1993-11-22,0.94,
1993-11-23,0.94,
1993-11-24,0.635,
1993-11-25,0.635,
1993-11-26,0.635,
1993-11-27,0.94,
1993-11-28,1.549,
1993-11-29,1.549,
1993-11-30,3.073,
1993-12-01,3.073,
1993-12-02,3.378,
1993-12-03,3.378,
1993-12-04,3.683,
1993-12-05,3.683,
1993-12-06,3.683,
1993-12-07,3.378,
1993-12-08,3.683,
1993-12-09,4.572,
1993-12-10,5.182,
1993-12-11,5.486,
1993-12-12,8.865,
1993-12-13,9.169,
1993-12-14,9.474,
1993-12-15,10.084,
1993-12-16,10.084,
1993-12-17,10.084,
1993-12-18,10.084,
1993-12-19,10.084,
1993-12-20,10.084,
1993-12-21,10.389,
1993-12-22,10.389,
1993-12-23,10.389,
1993-12-24,10.389,
1993-12-25,10.693,
1993-12-26,10.998,
1993-12-27,11.303,
1993-12-28,10.998,
1993-12-29,11.303,
1993-12-30,11.303,
1993-12-31,11.303,
1994-01-01,11.303,
1994-01-02,11.303,
1994-01-03,11.303,
1994-01-04,11.303,
1994-01-05,12.497,
1994-01-06,11.913,
1994-01-07,11.913,
1994-01-08,12.192,
1994-01-09,11.913,
1994-01-10,12.192,
1994-01-11,12.192,
1994-01-12,12.497,
1994-01-13,12.497,
1994-01-14,12.497,
1994-01-15,12.497,
1994-01-16,12.497,
1994-01-17,12.497,
1994-01-18,12.497,
1994-01-19,12.497,
1994-01-20,12.497,
1994-01-21,12.497,
1994-01-22,12.192,
1994-01-23,12.497,
1994-01-24,13.411,
1994-01-25,14.935,
1994-01-26,14.935,
1994-01-27,15.875,
1994-01-28,16.18,
1994-01-29,16.18,
1994-01-30,16.18,
1994-01-31,16.18,
1994-02-01,16.18,
1994-02-02,15.875,
1994-02-03,16.18,
1994-02-04,16.18,
1994-02-05,15.57,
1994-02-06,15.875,
1994-02-07,16.789,
1994-02-08,21.666,
1994-02-09,22.276,
1994-02-10,22.885,
1994-02-11,24.714,
1994-02-12,25.019,
1994-02-13,25.324,
1994-02-14,25.324,
1994-02-15,25.019,
1994-02-16,25.324,
1994-02-17,25.324,
1994-02-18,31.394,
1994-02-19,33.223,
1994-02-20,35.662,
1994-02-21,36.297,
1994-02-22,36.906,
1994-02-23,36.906,
1994-02-24,37.211,
1994-02-25,37.211,
1994-02-26,37.821,
1994-02-27,38.125,
1994-02-28,38.735,
1994-03-01,38.735,
1994-03-02,38.43,
1994-03-03,38.43,
1994-03-04,38.125,
1994-03-05,38.43,
1994-03-06,39.954,
1994-03-07,40.843,
1994-03-08,40.564,
1994-03-09,40.843,
1994-03-10,41.173,
1994-03-11,41.173,
1994-03-12,41.173,
1994-03-13,41.453,
1994-03-14,41.783,
1994-03-15,41.453,
1994-03-16,40.564,
1994-03-17,39.954,
1994-03-18,39.954,
1994-03-19,39.345,
1994-03-20,39.345,
1994-03-21,40.564,
1994-03-22,39.954,
1994-03-23,39.624,
1994-03-24,40.564,
1994-03-25,41.173,
1994-03-26,43.282,
1994-03-27,44.221,
1994-03-28,43.917,
1994-03-29,43.434,
1994-03-30,43.002,
1994-03-31,41.783,
1994-04-01,40.843,
1994-04-02,40.234,
1994-04-03,39.345,
1994-04-04,40.564,
1994-04-05,40.564,
1994-04-06,41.021,
1994-04-07,41.402,
1994-04-08,41.783,
1994-04-09,42.367,
1994-04-10,43.612,
1994-04-11,44.221,
1994-04-12,43.688,
1994-04-13,43.18,
1994-04-14,41.91,
1994-04-15,40.64,
1994-04-16,39.37,
1994-04-17,38.1,
1994-04-18,36.83,
1994-04-19,34.163,
1994-04-20,33.223,
1994-04-21,31.394,
1994-04-22,30.81,
1994-04-23,28.372,
1994-04-24,28.372,
1994-04-25,28.956,
1994-04-26,30.81,
1994-04-27,32.004,
1994-04-28,32.334,
1994-04-29,32.614,
1994-04-30,32.614,
1994-05-01,32.614,
1994-05-02,31.725,
1994-05-03,31.394,
1994-05-04,29.591,
1994-05-05,28.372,
1994-05-06,26.238,
1994-05-07,27.737,
1994-05-08,28.677,
1994-05-09,27.432,
1994-05-10,25.324,
1994-05-11,23.19,
1994-05-12,19.228,
1994-05-13,16.18,
1994-05-14,13.106,
1994-05-15,10.389,
1994-05-16,9.144,
1994-05-17,8.255,
1994-05-18,8.865,
1994-05-19,10.998,
1994-05-20,11.303,
1994-05-21,11.303,
1994-05-22,10.693,
1994-05-23,10.084,
1994-05-24,7.62,
1994-05-25,5.791,
1994-05-26,4.293,
1994-05-27,3.073,
1994-05-28,2.159,
1994-05-29,1.549,
1994-05-30,0.0,
1994-05-31,0.0,
1994-06-01,0.0,
1994-06-02,0.0,
1994-06-03,0.0,
1994-06-04,0.0,
1994-06-05,0.0,
1994-06-06,0.0,
1994-06-07,0.0,
1994-06-08,0.0,
1994-06-09,0.0,
1994-06-10,0.0,
1994-06-11,0.0,
1994-06-12,0.0,
1994-06-13,0.0,
1994-06-14,0.0,
1994-06-15,0.0,
1994-06-16,0.0,
1994-06-17,0.0,
1994-06-18,0.0,
1994-06-19,0.0,
1994-06-20,0.0,
1994-06-21,0.0,
1994-06-22,0.0,
1994-06-23,0.0,
1994-06-24,0.0,
1994-06-25,0.0,
1994-06-26,0.0,
1994-06-27,0.0,
1994-06-28,0.0,
1994-06-29,0.0,
1994-06-30,0.0,
1994-07-01,0.0,
1994-07-02,0.0,
1994-07-03,0.0,
1994-07-04,0.0,
1994-07-05,0.0,
1994-07-06,0.0,
1994-07-07,0.0,
1994-07-08,0.0,
1994-07-09,0.0,
1994-07-10,0.0,
1994-07-11,0.0,
1994-07-12,0.0,
1994-07-13,0.0,
1994-07-14,0.0,
1994-07-15,0.0,
1994-07-16,0.0,
1994-07-17,0.0,
1994-07-18,0.0,
1994-07-19,0.0,
1994-07-20,0.0,
1994-07-21,0.0,
1994-07-22,0.0,
1994-07-23,0.0,
1994-07-24,0.0,
1994-07-25,0.0,
1994-07-26,0.0,
1994-07-27,0.0,
1994-07-28,0.0,
1994-07-29,0.0,
1994-07-30,0.0,
1994-07-31,0.0,
1994-08-01,0.0,
1994-08-02,0.0,
1994-08-03,0.0,
1994-08-04,0.0,
1994-08-05,0.0,
1994-08-06,0.0,
1994-08-07,0.0,
1994-08-08,0.0,
1994-08-09,0.0,
1994-08-10,0.0,
1994-08-11,0.0,
1994-08-12,0.0,
1994-08-13,0.0,
1994-08-14,0.0,
1994-08-15,0.0,
1994-08-16,0.0,
1994-08-17,0.0,
1994-08-18,0.0,
1994-08-19,0.0,
1994-08-20,0.0,
1994-08-21,0.0,
1994-08-22,0.0,
1994-08-23,0.0,
1994-08-24,0.0,
1994-08-25,0.0,
1994-08-26,0.0,
1994-08-27,0.0,
1994-08-28,0.0,
1994-08-29,0.0,
1994-08-30,0.0,
1994-08-31,0.0,
1994-09-01,0.0,
1994-09-02,0.0,
1994-09-03,0.0,
1994-09-04,0.0,
1994-09-05,0.0,
1994-09-06,0.0,
1994-09-07,0.0,
1994-09-08,0.0,
1994-09-09,0.0,
1994-09-10,0.0,
1994-09-11,0.0,
1994-09-12,0.0,
1994-09-13,0.0,
1994-09-14,0.0,
1994-09-15,0.0,
1994-09-16,0.0,
1994-09-17,0.0,
1994-09-18,0.0,
1994-09-19,0.0,
1994-09-20,0.0,
1994-09-21,0.0,
1994-09-22,0.0,
1994-09-23,0.0,
1994-09-24,0.0,
1994-09-25,0.0,
1994-09-26,0.0,
1994-09-27,0.0,
1994-09-28,0.0,
1994-09-29,0.0,
1994-09-30,0.0,
1994-10-01,0.0,
1994-10-02,0.0,
1994-10-03,0.0,
1994-10-04,0.0,
1994-10-05,1.549,
1994-10-06,2.159,
1994-10-07,2.159,
1994-10-08,2.159,
1994-10-09,1.854,
1994-10-10,1.549,
1994-10-11,0.33,
1994-10-12,0.0,
1994-10-13,0.0,
1994-10-14,0.0,
1994-10-15,0.0,
1994-10-16,0.0,
1994-10-17,0.0,
1994-10-18,0.0,
1994-10-19,0.0,
1994-10-20,0.0,
1994-10-21,0.0,
1994-10-22,0.0,
1994-10-23,0.0,
1994-10-24,0.0,
1994-10-25,0.0,
1994-10-26,0.0,
1994-10-27,0.0,
1994-10-28,0.0,
1994-10-29,0.0,
1994-10-30,0.0,
1994-10-31,0.0,
1994-11-01,0.0,
1994-11-02,0.0,
1994-11-03,0.0,
1994-11-04,0.0,
1994-11-05,1.524,
1994-11-06,4.572,
1994-11-07,4.877,
1994-11-08,5.791,
1994-11-09,6.401,
1994-11-10,7.925,
1994-11-11,7.925,
1994-11-12,8.23,
1994-11-13,8.23,
1994-11-14,8.23,
1994-11-15,8.839,
1994-11-16,9.449,
1994-11-17,10.058,
1994-11-18,14.021,
1994-11-19,14.326,
1994-11-20,14.935,
1994-11-21,14.935,
1994-11-22,14.326,
1994-11-23,14.326,
1994-11-24,14.935,
1994-11-25,14.935,
1994-11-26,18.898,
1994-11-27,19.507,
1994-11-28,21.336,
1994-11-29,21.031,
1994-11-30,21.031,
1994-12-01,21.031,
1994-12-02,21.641,
1994-12-03,21.336,
1994-12-04,23.47,
1994-12-05,24.689,
1994-12-06,25.908,
1994-12-07,26.518,
1994-12-08,25.908,
1994-12-09,25.908,
1994-12-10,25.908,
1994-12-11,25.908,
1994-12-12,26.822,
1994-12-13,28.346,
1994-12-14,28.346,
1994-12-15,29.261,
1994-12-16,29.87,
1994-12-17,29.87,
1994-12-18,30.175,
1994-12-19,29.566,
1994-12-20,29.566,
1994-12-21,29.566,
1994-12-22,29.566,
1994-12-23,29.566,
1994-12-24,29.566,
1994-12-25,30.785,
1994-12-26,30.785,
1994-12-27,31.09,
1994-12-28,31.09,
1994-12-29,32.614,
1994-12-30,32.614,
1994-12-31,32.309,
1995-01-01,32.309,
1995-01-02,32.004,
1995-01-03,32.614,
1995-01-04,32.309,
1995-01-05,35.357,
1995-01-06,37.49,
1995-01-07,41.758,
1995-01-08,43.586,
1995-01-09,46.634,
1995-01-10,47.549,
1995-01-11,54.254,
1995-01-12,55.169,
1995-01-13,56.388,
1995-01-14,58.217,
1995-01-15,58.826,
1995-01-16,64.922,
1995-01-17,66.142,
1995-01-18,66.142,
1995-01-19,66.142,
1995-01-20,66.751,
1995-01-21,67.056,
1995-01-22,67.361,
1995-01-23,68.885,
1995-01-24,70.409,
1995-01-25,72.238,
1995-01-26,73.457,
1995-01-27,74.676,
1995-01-28,77.419,
1995-01-29,78.029,
1995-01-30,78.334,
1995-01-31,78.943,
1995-02-01,78.638,
1995-02-02,78.029,
1995-02-03,77.724,
1995-02-04,77.724,
1995-02-05,78.029,
1995-02-06,78.334,
1995-02-07,78.334,
1995-02-08,78.334,
1995-02-09,78.334,
1995-02-10,78.638,
1995-02-11,78.638,
1995-02-12,78.638,
1995-02-13,78.638,
1995-02-14,80.162,
1995-02-15,80.772,
1995-02-16,81.382,
1995-02-17,81.382,
1995-02-18,81.382,
1995-02-19,81.382,
1995-02-20,81.382,
1995-02-21,81.686,
1995-02-22,81.991,
1995-02-23,82.296,
1995-02-24,82.601,
1995-02-25,82.601,
1995-02-26,82.601,
1995-02-27,82.601,
1995-02-28,82.601,
1995-03-01,82.601,
1995-03-02,83.82,
1995-03-03,85.344,
1995-03-04,88.392,
1995-03-05,89.916,
1995-03-06,89.002,
1995-03-07,89.611,
1995-03-08,90.83,
1995-03-09,91.135,
1995-03-10,98.146,
1995-03-11,108.204,
1995-03-12,111.252,
1995-03-13,112.776,
1995-03-14,114.3,
1995-03-15,114.91,
1995-03-16,114.91,
1995-03-17,114.91,
1995-03-18,115.519,
1995-03-19,117.348,
1995-03-20,118.567,
1995-03-21,122.834,
1995-03-22,124.968,
1995-03-23,127.102,
1995-03-24,130.15,
1995-03-25,130.759,
1995-03-26,131.369,
1995-03-27,131.978,
1995-03-28,132.283,
1995-03-29,132.893,
1995-03-30,133.198,
1995-03-31,133.807,
1995-04-01,134.417,
1995-04-02,134.417,
1995-04-03,134.417,
1995-04-04,134.417,
1995-04-05,134.112,
1995-04-06,134.112,
1995-04-07,133.807,
1995-04-08,135.026,
1995-04-09,135.026,
1995-04-10,135.331,
1995-04-11,135.941,
1995-04-12,135.941,
1995-04-13,135.636,
1995-04-14,136.55,
1995-04-15,137.465,
1995-04-16,138.074,
1995-04-17,138.379,
1995-04-18,139.598,
1995-04-19,140.208,
1995-04-20,140.818,
1995-04-21,140.513,
1995-04-22,141.122,
1995-04-23,142.342,
1995-04-24,141.732,
1995-04-25,141.122,
1995-04-26,140.513,
1995-04-27,139.294,
1995-04-28,141.122,
1995-04-29,143.256,
1995-04-30,145.39,
1995-05-01,147.218,
1995-05-02,149.657,
1995-05-03,150.571,
1995-05-04,151.486,
1995-05-05,151.486,
1995-05-06,151.79,
1995-05-07,153.01,
1995-05-08,153.314,
1995-05-09,153.619,
1995-05-10,153.924,
1995-05-11,153.619,
1995-05-12,152.705,
1995-05-13,153.314,
1995-05-14,154.534,
1995-05-15,156.058,
1995-05-16,156.362,
1995-05-17,157.277,
1995-05-18,157.277,
1995-05-19,154.534,
1995-05-20,149.962,
1995-05-21,145.39,
1995-05-22,144.17,
1995-05-23,145.39,
1995-05-24,147.218,
1995-05-25,148.438,
1995-05-26,149.657,
1995-05-27,146.914,
1995-05-28,145.39,
1995-05-29,145.694,
1995-05-30,144.78,
1995-05-31,145.085,
1995-06-01,144.78,
1995-06-02,143.866,
1995-06-03,144.17,
1995-06-04,143.866,
1995-06-05,142.951,
1995-06-06,139.294,
1995-06-07,139.903,
1995-06-08,142.646,
1995-06-09,144.17,
1995-06-10,142.342,
1995-06-11,140.513,
1995-06-12,136.246,
1995-06-13,132.588,
1995-06-14,129.54,
1995-06-15,126.187,
1995-06-16,125.578,
1995-06-17,127.102,
1995-06-18,126.492,
1995-06-19,124.663,
1995-06-20,122.834,
1995-06-21,119.482,
1995-06-22,117.348,
1995-06-23,115.214,
1995-06-24,112.166,
1995-06-25,108.814,
1995-06-26,104.851,
1995-06-27,100.889,
1995-06-28,96.52,
1995-06-29,93.574,
1995-06-30,89.002,
1995-07-01,85.039,
1995-07-02,79.858,
1995-07-03,75.895,
1995-07-04,71.628,
1995-07-05,67.361,
1995-07-06,63.398,
1995-07-07,57.607,
1995-07-08,51.511,
1995-07-09,44.196,
1995-07-10,38.1,
1995-07-11,33.223,
1995-07-12,28.956,
1995-07-13,26.213,
1995-07-14,22.86,
1995-07-15,19.812,
1995-07-16,15.545,
1995-07-17,10.973,
1995-07-18,8.23,
1995-07-19,5.182,
1995-07-20,3.353,
1995-07-21,1.829,
1995-07-22,0.0,
1995-07-23,0.0,
1995-07-24,0.0,
1995-07-25,0.0,
1995-07-26,0.0,
1995-07-27,0.0,
1995-07-28,0.0,
1995-07-29,0.0,
1995-07-30,0.0,
1995-07-31,0.0,
1995-08-01,0.0,
1995-08-02,0.0,
1995-08-03,0.0,
1995-08-04,0.0,
1995-08-05,0.0,
1995-08-06,0.0,
1995-08-07,0.0,
1995-08-08,0.0,
1995-08-09,0.0,
1995-08-10,0.0,
1995-08-11,0.0,
1995-08-12,0.0,
1995-08-13,0.0,
1995-08-14,0.0,
1995-08-15,0.0,
1995-08-16,0.0,
1995-08-17,0.0,
1995-08-18,0.0,
1995-08-19,0.0,
1995-08-20,0.0,
1995-08-21,0.0,
1995-08-22,0.0,
1995-08-23,0.0,
1995-08-24,0.0,
1995-08-25,0.0,
1995-08-26,0.0,
1995-08-27,0.0,
1995-08-28,0.0,
1995-08-29,0.0,
1995-08-30,0.0,
1995-08-31,0.0,
1995-09-01,0.0,
1995-09-02,0.0,
1995-09-03,0.0,
1995-09-04,0.0,
1995-09-05,0.0,
1995-09-06,0.0,
1995-09-07,0.0,
1995-09-08,0.0,
1995-09-09,0.0,
1995-09-10,0.0,
1995-09-11,0.0,
1995-09-12,0.0,
1995-09-13,0.0,
1995-09-14,0.0,
1995-09-15,0.0,
1995-09-16,0.0,
1995-09-17,0.0,
1995-09-18,0.0,
1995-09-19,0.0,
1995-09-20,0.0,
1995-09-21,0.0,
1995-09-22,0.0,
1995-09-23,0.0,
1995-09-24,0.0,
1995-09-25,0.0,
1995-09-26,0.0,
1995-09-27,0.0,
1995-09-28,0.0,
1995-09-29,0.0,
1995-09-30,0.0,
1995-10-01,0.0,
1995-10-02,0.0,
1995-10-03,0.0,
1995-10-04,0.0,
1995-10-05,0.0,
1995-10-06,0.0,
1995-10-07,0.0,
1995-10-08,0.0,
1995-10-09,0.0,
1995-10-10,0.0,
1995-10-11,0.0,
1995-10-12,0.0,
1995-10-13,0.0,
1995-10-14,0.0,
1995-10-15,0.0,
1995-10-16,0.0,
1995-10-17,0.0,
1995-10-18,0.0,
1995-10-19,0.0,
1995-10-20,0.0,
1995-10-21,0.0,
1995-10-22,0.0,
1995-10-23,0.0,
1995-10-24,0.0,
1995-10-25,0.0,
1995-10-26,0.0,
1995-10-27,0.0,
1995-10-28,0.0,
1995-10-29,0.0,
1995-10-30,0.0,
1995-10-31,0.0,
1995-11-01,0.0,
1995-11-02,0.0,
1995-11-03,0.0,
1995-11-04,0.0,
1995-11-05,0.0,
1995-11-06,0.0,
1995-11-07,0.0,
1995-11-08,0.0,
1995-11-09,0.0,
1995-11-10,0.0,
1995-11-11,0.0,
1995-11-12,0.0,
1995-11-13,0.0,
1995-11-14,0.0,
1995-11-15,0.0,
1995-11-16,0.0,
1995-11-17,0.0,
1995-11-18,0.0,
1995-11-19,0.0,
1995-11-20,0.0,
1995-11-21,0.0,
1995-11-22,0.0,
1995-11-23,0.0,
1995-11-24,0.0,
1995-11-25,0.0,
1995-11-26,0.0,
1995-11-27,0.0,
1995-11-28,0.0,
1995-11-29,0.0,
1995-11-30,0.61,
1995-12-01,0.61,
1995-12-02,0.305,
1995-12-03,0.0,
1995-12-04,0.0,
1995-12-05,0.0,
1995-12-06,0.0,
1995-12-07,0.0,
1995-12-08,0.0,
1995-12-09,0.0,
1995-12-10,0.0,
1995-12-11,0.61,
1995-12-12,5.182,
1995-12-13,10.668,
1995-12-14,11.887,
1995-12-15,11.582,
1995-12-16,10.058,
1995-12-17,10.058,
1995-12-18,10.668,
1995-12-19,9.754,
1995-12-20,10.058,
1995-12-21,9.754,
1995-12-22,10.363,
1995-12-23,10.973,
1995-12-24,10.668,
1995-12-25,10.668,
1995-12-26,10.973,
1995-12-27,10.973,
1995-12-28,11.278,
1995-12-29,11.278,
1995-12-30,14.021,
1995-12-31,14.63,
1996-01-01,14.63,
1996-01-02,14.63,
1996-01-03,14.63,
1996-01-04,14.63,
1996-01-05,14.732,
1996-01-06,14.732,
1996-01-07,14.732,
1996-01-08,14.224,
1996-01-09,14.224,
1996-01-10,14.224,
1996-01-11,14.326,
1996-01-12,14.224,
1996-01-13,14.326,
1996-01-14,14.63,
1996-01-15,14.63,
1996-01-16,15.545,
1996-01-17,19.507,
1996-01-18,19.507,
1996-01-19,23.774,
1996-01-20,24.994,
1996-01-21,26.518,
1996-01-22,27.127,
1996-01-23,27.127,
1996-01-24,30.175,
1996-01-25,33.223,
1996-01-26,33.528,
1996-01-27,34.138,
1996-01-28,36.576,
1996-01-29,36.881,
1996-01-30,37.795,
1996-01-31,38.405,
1996-02-01,38.71,
1996-02-02,38.71,
1996-02-03,38.71,
1996-02-04,39.624,
1996-02-05,44.501,
1996-02-06,46.33,
1996-02-07,46.33,
1996-02-08,47.244,
1996-02-09,47.854,
1996-02-10,48.158,
1996-02-11,48.158,
1996-02-12,48.768,
1996-02-13,49.378,
1996-02-14,49.378,
1996-02-15,49.987,
1996-02-16,49.987,
1996-02-17,50.292,
1996-02-18,50.597,
1996-02-19,51.816,
1996-02-20,59.131,
1996-02-21,60.96,
1996-02-22,65.532,
1996-02-23,66.751,
1996-02-24,68.275,
1996-02-25,68.885,
1996-02-26,70.104,
1996-02-27,70.714,
1996-02-28,70.714,
1996-02-29,71.323,
1996-03-01,71.323,
1996-03-02,71.933,
1996-03-03,72.238,
1996-03-04,73.457,
1996-03-05,77.114,
1996-03-06,78.029,
1996-03-07,79.248,
1996-03-08,79.858,
1996-03-09,80.162,
1996-03-10,80.162,
1996-03-11,79.553,
1996-03-12,81.077,
1996-03-13,82.601,
1996-03-14,83.21,
1996-03-15,83.21,
1996-03-16,83.21,
1996-03-17,84.125,
1996-03-18,83.82,
1996-03-19,83.21,
1996-03-20,83.21,
1996-03-21,82.601,
1996-03-22,82.296,
1996-03-23,81.991,
1996-03-24,81.991,
1996-03-25,83.21,
1996-03-26,83.21,
1996-03-27,84.734,
1996-03-28,85.344,
1996-03-29,85.954,
1996-03-30,87.782,
1996-03-31,88.087,
1996-04-01,88.392,
1996-04-02,90.526,
1996-04-03,90.83,
1996-04-04,91.745,
1996-04-05,92.05,
1996-04-06,92.354,
1996-04-07,91.135,
1996-04-08,89.002,
1996-04-09,87.782,
1996-04-10,86.868,
1996-04-11,86.868,
1996-04-12,87.478,
1996-04-13,87.173,
1996-04-14,87.782,
1996-04-15,85.344,
1996-04-16,85.954,
1996-04-17,88.392,
1996-04-18,90.221,
1996-04-19,90.83,
1996-04-20,91.745,
1996-04-21,91.745,
1996-04-22,92.659,
1996-04-23,93.878,
1996-04-24,93.269,
1996-04-25,85.344,
1996-04-26,84.125,
1996-04-27,82.906,
1996-04-28,81.991,
1996-04-29,81.991,
1996-04-30,78.029,
1996-05-01,78.638,
1996-05-02,78.638,
1996-05-03,79.248,
1996-05-04,79.858,
1996-05-05,79.248,
1996-05-06,77.419,
1996-05-07,76.81,
1996-05-08,73.762,
1996-05-09,75.59,
1996-05-10,72.238,
1996-05-11,70.104,
1996-05-12,67.97,
1996-05-13,65.837,
1996-05-14,63.398,
1996-05-15,60.046,
1996-05-16,56.083,
1996-05-17,57.607,
1996-05-18,60.046,
1996-05-19,59.741,
1996-05-20,59.741,
1996-05-21,58.522,
1996-05-22,56.083,
1996-05-23,56.134,
1996-05-24,56.134,
1996-05-25,57.302,
1996-05-26,53.34,
1996-05-27,50.597,
1996-05-28,51.816,
1996-05-29,48.463,
1996-05-30,46.939,
1996-05-31,44.196,
1996-06-01,42.164,
1996-06-02,39.014,
1996-06-03,35.966,
1996-06-04,32.309,
1996-06-05,28.651,
1996-06-06,24.689,
1996-06-07,20.726,
1996-06-08,15.545,
1996-06-09,10.668,
1996-06-10,6.096,
1996-06-11,3.048,
1996-06-12,2.438,
1996-06-13,0.0,
1996-06-14,0.0,
1996-06-15,0.0,
1996-06-16,0.0,
1996-06-17,0.0,
1996-06-18,0.0,
1996-06-19,0.0,
1996-06-20,0.0,
1996-06-21,0.0,
1996-06-22,0.0,
1996-06-23,0.0,
1996-06-24,0.0,
1996-06-25,0.0,
1996-06-26,0.0,
1996-06-27,0.0,
1996-06-28,0.0,
1996-06-29,0.0,
1996-06-30,0.0,
1996-07-01,0.0,
1996-07-02,0.0,
1996-07-03,0.0,
1996-07-04,0.0,
1996-07-05,0.0,
1996-07-06,0.0,
1996-07-07,0.0,
1996-07-08,0.0,
1996-07-09,0.0,
1996-07-10,0.0,
1996-07-11,0.0,
1996-07-12,0.0,
1996-07-13,0.0,
1996-07-14,0.0,
1996-07-15,0.0,
1996-07-16,0.0,
1996-07-17,0.0,
1996-07-18,0.0,
1996-07-19,0.0,
1996-07-20,0.0,
1996-07-21,0.0,
1996-07-22,0.0,
1996-07-23,0.0,
1996-07-24,0.0,
1996-07-25,0.0,
1996-07-26,0.0,
1996-07-27,0.0,
1996-07-28,0.0,
1996-07-29,0.0,
1996-07-30,0.0,
1996-07-31,0.0,
1996-08-01,0.0,
1996-08-02,0.0,
1996-08-03,0.0,
1996-08-04,0.0,
1996-08-05,0.0,
1996-08-06,0.0,
1996-08-07,0.0,
1996-08-08,0.0,
1996-08-09,0.0,
1996-08-10,0.0,
1996-08-11,0.0,
1996-08-12,0.0,
1996-08-13,0.0,
1996-08-14,0.0,
1996-08-15,0.0,
1996-08-16,0.0,
1996-08-17,0.0,
1996-08-18,0.0,
1996-08-19,0.0,
1996-08-20,0.0,
1996-08-21,0.0,
1996-08-22,0.0,
1996-08-23,0.0,
1996-08-24,0.0,
1996-08-25,0.0,
1996-08-26,0.0,
1996-08-27,0.0,
1996-08-28,0.0,
1996-08-29,0.0,
1996-08-30,0.0,
1996-08-31,0.0,
1996-09-01,0.0,
1996-09-02,0.0,
1996-09-03,0.0,
1996-09-04,0.0,
1996-09-05,0.0,
1996-09-06,0.0,
1996-09-07,0.0,
1996-09-08,0.0,
1996-09-09,0.0,
1996-09-10,0.0,
1996-09-11,0.0,
1996-09-12,0.0,
1996-09-13,0.0,
1996-09-14,0.0,
1996-09-15,0.0,
1996-09-16,0.0,
1996-09-17,0.0,
1996-09-18,0.0,
1996-09-19,0.0,
1996-09-20,0.0,
1996-09-21,0.0,
1996-09-22,0.0,
1996-09-23,0.0,
1996-09-24,0.0,
1996-09-25,0.0,
1996-09-26,0.0,
1996-09-27,0.0,
1996-09-28,0.0,
1996-09-29,0.0,
1996-09-30,0.0,
1996-10-01,0.0,
1996-10-02,0.0,
1996-10-03,0.0,
1996-10-04,0.0,
1996-10-05,0.0,
1996-10-06,0.0,
1996-10-07,0.0,
1996-10-08,0.0,
1996-10-09,0.0,
1996-10-10,0.0,
1996-10-11,0.0,
1996-10-12,0.0,
1996-10-13,0.0,
1996-10-14,0.0,
1996-10-15,0.0,
1996-10-16,0.0,
1996-10-17,0.0,
1996-10-18,0.0,
1996-10-19,0.0,
1996-10-20,0.0,
1996-10-21,0.0,
1996-10-22,0.0,
1996-10-23,0.0,
1996-10-24,0.0,
1996-10-25,0.0,
1996-10-26,0.305,
1996-10-27,0.914,
1996-10-28,1.524,
1996-10-29,1.524,
1996-10-30,3.353,
1996-10-31,3.962,
1996-11-01,3.962,
1996-11-02,4.267,
1996-11-03,3.962,
1996-11-04,4.267,
1996-11-05,3.658,
1996-11-06,4.064,
1996-11-07,3.962,
1996-11-08,4.267,
1996-11-09,4.267,
1996-11-10,4.267,
1996-11-11,4.267,
1996-11-12,4.267,
1996-11-13,4.267,
1996-11-14,3.962,
1996-11-15,4.267,
1996-11-16,1.829,
1996-11-17,3.658,
1996-11-18,8.839,
1996-11-19,9.754,
1996-11-20,10.363,
1996-11-21,11.278,
1996-11-22,13.716,
1996-11-23,17.374,
1996-11-24,17.983,
1996-11-25,18.593,
1996-11-26,19.812,
1996-11-27,19.812,
1996-11-28,20.726,
1996-11-29,21.031,
1996-11-30,21.031,
1996-12-01,21.641,
1996-12-02,21.336,
1996-12-03,21.031,
1996-12-04,21.031,
1996-12-05,22.555,
1996-12-06,25.603,
1996-12-07,25.603,
1996-12-08,26.213,
1996-12-09,26.518,
1996-12-10,27.737,
1996-12-11,33.528,
1996-12-12,35.966,
1996-12-13,38.405,
1996-12-14,38.71,
1996-12-15,39.014,
1996-12-16,39.319,
1996-12-17,40.234,
1996-12-18,40.234,
1996-12-19,40.234,
1996-12-20,40.234,
1996-12-21,41.148,
1996-12-22,47.854,
1996-12-23,50.292,
1996-12-24,50.292,
1996-12-25,50.597,
1996-12-26,51.816,
1996-12-27,53.645,
1996-12-28,54.254,
1996-12-29,55.169,
1996-12-30,58.928,
1996-12-31,60.706,
1997-01-01,62.23,
1997-01-02,62.23,
1997-01-03,62.23,
1997-01-04,63.703,
1997-01-05,68.58,
1997-01-06,72.238,
1997-01-07,75.286,
1997-01-08,76.2,
1997-01-09,76.81,
1997-01-10,77.419,
1997-01-11,79.248,
1997-01-12,80.162,
1997-01-13,80.772,
1997-01-14,81.382,
1997-01-15,82.906,
1997-01-16,83.21,
1997-01-17,83.21,
1997-01-18,83.515,
1997-01-19,83.82,
1997-01-20,82.906,
1997-01-21,85.649,
1997-01-22,86.868,
1997-01-23,91.745,
1997-01-24,91.694,
1997-01-25,93.269,
1997-01-26,99.365,
1997-01-27,103.327,
1997-01-28,104.242,
1997-01-29,104.851,
1997-01-30,105.156,
1997-01-31,105.156,
1997-02-01,105.156,
1997-02-02,105.156,
1997-02-03,105.156,
1997-02-04,105.156,
1997-02-05,104.546,
1997-02-06,103.937,
1997-02-07,103.937,
1997-02-08,103.886,
1997-02-09,103.022,
1997-02-10,103.327,
1997-02-11,102.108,
1997-02-12,101.803,
1997-02-13,100.279,
1997-02-14,100.279,
1997-02-15,99.67,
1997-02-16,98.755,
1997-02-17,97.841,
1997-02-18,97.536,
1997-02-19,97.231,
1997-02-20,96.012,
1997-02-21,95.098,
1997-02-22,95.098,
1997-02-23,94.183,
1997-02-24,92.964,
1997-02-25,92.964,
1997-02-26,92.964,
1997-02-27,92.964,
1997-02-28,92.964,
1997-03-01,92.964,
1997-03-02,92.964,
1997-03-03,92.964,
1997-03-04,92.964,
1997-03-05,92.964,
1997-03-06,92.964,
1997-03-07,92.964,
1997-03-08,92.964,
1997-03-09,92.964,
1997-03-10,92.964,
1997-03-11,92.964,
1997-03-12,93.574,
1997-03-13,93.574,
1997-03-14,94.183,
1997-03-15,94.793,
1997-03-16,94.742,
1997-03-17,94.488,
1997-03-18,94.183,
1997-03-19,93.574,
1997-03-20,92.964,
1997-03-21,92.964,
1997-03-22,92.964,
1997-03-23,92.964,
1997-03-24,92.964,
1997-03-25,92.964,
1997-03-26,92.964,
1997-03-27,92.964,
1997-03-28,92.964,
1997-03-29,92.964,
1997-03-30,92.964,
1997-03-31,92.964,
1997-04-01,92.964,
1997-04-02,92.964,
1997-04-03,92.964,
1997-04-04,92.964,
1997-04-05,92.964,
1997-04-06,92.964,
1997-04-07,92.964,
1997-04-08,92.964,
1997-04-09,92.964,
1997-04-10,92.964,
1997-04-11,92.964,
1997-04-12,92.964,
1997-04-13,92.964,
1997-04-14,92.964,
1997-04-15,92.964,
1997-04-16,92.71,
1997-04-17,91.948,
1997-04-18,90.17,
1997-04-19,88.9,
1997-04-20,87.63,
1997-04-21,86.36,
1997-04-22,85.09,
1997-04-23,83.82,
1997-04-24,82.55,
1997-04-25,81.382,
1997-04-26,81.991,
1997-04-27,79.553,
1997-04-28,77.114,
1997-04-29,76.81,
1997-04-30,76.81,
1997-05-01,76.2,
1997-05-02,75.895,
1997-05-03,74.371,
1997-05-04,72.238,
1997-05-05,71.018,
1997-05-06,67.361,
1997-05-07,64.922,
1997-05-08,63.094,
1997-05-09,61.265,
1997-05-10,59.131,
1997-05-11,56.388,
1997-05-12,53.645,
1997-05-13,50.902,
1997-05-14,46.939,
1997-05-15,43.586,
1997-05-16,40.538,
1997-05-17,37.49,
1997-05-18,35.052,
1997-05-19,32.918,
1997-05-20,31.394,
1997-05-21,29.261,
1997-05-22,25.908,
1997-05-23,23.47,
1997-05-24,22.25,
1997-05-25,21.641,
1997-05-26,20.422,
1997-05-27,18.288,
1997-05-28,16.154,
1997-05-29,12.802,
1997-05-30,7.925,
1997-05-31,4.267,
1997-06-01,2.134,
1997-06-02,0.0,
1997-06-03,0.0,
1997-06-04,0.0,
1997-06-05,0.0,
1997-06-06,0.0,
1997-06-07,0.0,
1997-06-08,0.0,
1997-06-09,0.0,
1997-06-10,0.0,
1997-06-11,0.0,
1997-06-12,0.0,
1997-06-13,0.0,
1997-06-14,0.0,
1997-06-15,0.0,
1997-06-16,0.0,
1997-06-17,0.0,
1997-06-18,0.0,
1997-06-19,0.0,
1997-06-20,0.0,
1997-06-21,0.0,
1997-06-22,0.0,
1997-06-23,0.0,
1997-06-24,0.0,
1997-06-25,0.0,
1997-06-26,0.0,
1997-06-27,0.0,
1997-06-28,0.0,
1997-06-29,0.0,
1997-06-30,0.0,
1997-07-01,0.0,
1997-07-02,0.0,
1997-07-03,0.0,
1997-07-04,0.0,
1997-07-05,0.0,
1997-07-06,0.0,
1997-07-07,0.0,
1997-07-08,0.0,
1997-07-09,0.0,
1997-07-10,0.0,
1997-07-11,0.0,
1997-07-12,0.0,
1997-07-13,0.0,
1997-07-14,0.0,
1997-07-15,0.0,
1997-07-16,0.0,
1997-07-17,0.0,
1997-07-18,0.0,
1997-07-19,0.0,
1997-07-20,0.0,
1997-07-21,0.0,
1997-07-22,0.0,
1997-07-23,0.0,
1997-07-24,0.0,
1997-07-25,0.0,
1997-07-26,0.0,
1997-07-27,0.0,
1997-07-28,0.0,
1997-07-29,0.0,
1997-07-30,0.0,
1997-07-31,0.0,
1997-08-01,0.0,
1997-08-02,0.0,
1997-08-03,0.0,
1997-08-04,0.0,
1997-08-05,0.0,
1997-08-06,0.0,
1997-08-07,0.0,
1997-08-08,0.0,
1997-08-09,0.0,
1997-08-10,0.0,
1997-08-11,0.0,
1997-08-12,0.0,
1997-08-13,0.0,
1997-08-14,0.0,
1997-08-15,0.0,
1997-08-16,0.0,
1997-08-17,0.0,
1997-08-18,0.0,
1997-08-19,0.0,
1997-08-20,0.0,
1997-08-21,0.0,
1997-08-22,0.0,
1997-08-23,0.0,
1997-08-24,0.0,
1997-08-25,0.0,
1997-08-26,0.0,
1997-08-27,0.0,
1997-08-28,0.0,
1997-08-29,0.0,
1997-08-30,0.0,
1997-08-31,0.0,
1997-09-01,0.0,
1997-09-02,0.0,
1997-09-03,0.0,
1997-09-04,0.0,
1997-09-05,0.0,
1997-09-06,0.0,
1997-09-07,0.0,
1997-09-08,0.0,
1997-09-09,0.0,
1997-09-10,0.0,
1997-09-11,0.0,
1997-09-12,0.0,
1997-09-13,0.0,
1997-09-14,0.0,
1997-09-15,0.0,
1997-09-16,0.0,
1997-09-17,0.0,
1997-09-18,0.0,
1997-09-19,0.0,
1997-09-20,0.0,
1997-09-21,0.0,
1997-09-22,0.0,
1997-09-23,0.0,
1997-09-24,0.0,
1997-09-25,0.0,
1997-09-26,0.0,
1997-09-27,0.0,
1997-09-28,0.0,
1997-09-29,0.0,
1997-09-30,0.0,
1997-10-01,0.0,
1997-10-02,0.0,
1997-10-03,0.0,
1997-10-04,0.0,
1997-10-05,0.0,
1997-10-06,0.0,
1997-10-07,0.0,
1997-10-08,0.0,
1997-10-09,0.0,
1997-10-10,0.0,
1997-10-11,0.0,
1997-10-12,0.0,
1997-10-13,0.0,
1997-10-14,0.0,
1997-10-15,0.0,
1997-10-16,0.0,
1997-10-17,0.0,
1997-10-18,0.0,
1997-10-19,0.0,
1997-10-20,0.0,
1997-10-21,0.0,
1997-10-22,0.0,
1997-10-23,0.0,
1997-10-24,0.0,
1997-10-25,0.0,
1997-10-26,0.0,
1997-10-27,0.0,
1997-10-28,0.0,
1997-10-29,0.0,
1997-10-30,0.0,
1997-10-31,0.0,
1997-11-01,0.0,
1997-11-02,0.0,
1997-11-03,0.0,
1997-11-04,0.0,
1997-11-05,0.0,
1997-11-06,0.0,
1997-11-07,0.0,
1997-11-08,0.0,
1997-11-09,0.0,
1997-11-10,0.0,
1997-11-11,0.0,
1997-11-12,0.0,
1997-11-13,0.0,
1997-11-14,0.0,
1997-11-15,0.0,
1997-11-16,0.0,
1997-11-17,0.0,
1997-11-18,0.0,
1997-11-19,0.0,
1997-11-20,0.0,
1997-11-21,0.0,
1997-11-22,0.0,
1997-11-23,0.0,
1997-11-24,0.0,
1997-11-25,0.0,
1997-11-26,0.305,
1997-11-27,7.925,
1997-11-28,7.925,
1997-11-29,7.874,
1997-11-30,7.925,
1997-12-01,7.925,
1997-12-02,7.874,
1997-12-03,7.874,
1997-12-04,7.925,
1997-12-05,7.874,
1997-12-06,9.144,
1997-12-07,9.754,
1997-12-08,13.411,
1997-12-09,14.021,
1997-12-10,14.326,
1997-12-11,14.326,
1997-12-12,14.224,
1997-12-13,14.326,
1997-12-14,14.63,
1997-12-15,16.256,
1997-12-16,16.256,
1997-12-17,16.256,
1997-12-18,16.256,
1997-12-19,16.256,
1997-12-20,16.154,
1997-12-21,16.256,
1997-12-22,16.256,
1997-12-23,16.256,
1997-12-24,16.459,
1997-12-25,16.459,
1997-12-26,16.764,
1997-12-27,17.069,
1997-12-28,18.288,
1997-12-29,18.288,
1997-12-30,18.288,
1997-12-31,18.288,
1998-01-01,18.288,
1998-01-02,18.593,
1998-01-03,20.726,
1998-01-04,20.422,
1998-01-05,21.946,
1998-01-06,21.641,
1998-01-07,23.165,
1998-01-08,23.774,
1998-01-09,24.384,
1998-01-10,24.994,
1998-01-11,25.603,
1998-01-12,28.042,
1998-01-13,30.48,
1998-01-14,30.48,
1998-01-15,33.833,
1998-01-16,37.186,
1998-01-17,38.71,
1998-01-18,38.405,
1998-01-19,42.672,
1998-01-20,43.282,
1998-01-21,43.18,
1998-01-22,43.282,
1998-01-23,43.18,
1998-01-24,43.282,
1998-01-25,43.18,
1998-01-26,43.18,
1998-01-27,43.18,
1998-01-28,43.282,
1998-01-29,43.891,
1998-01-30,45.72,
1998-01-31,47.549,
1998-02-01,46.939,
1998-02-02,49.682,
1998-02-03,55.778,
1998-02-04,58.522,
1998-02-05,58.522,
1998-02-06,60.35,
1998-02-07,63.398,
1998-02-08,67.666,
1998-02-09,69.494,
1998-02-10,69.494,
1998-02-11,71.933,
1998-02-12,71.933,
1998-02-13,74.066,
1998-02-14,74.981,
1998-02-15,77.724,
1998-02-16,78.334,
1998-02-17,80.772,
1998-02-18,81.077,
1998-02-19,82.296,
1998-02-20,84.734,
1998-02-21,85.954,
1998-02-22,88.392,
1998-02-23,89.611,
1998-02-24,90.221,
1998-02-25,90.83,
1998-02-26,92.05,
1998-02-27,92.659,
1998-02-28,93.269,
1998-03-01,93.218,
1998-03-02,93.269,
1998-03-03,93.269,
1998-03-04,92.354,
1998-03-05,92.05,
1998-03-06,94.488,
1998-03-07,94.488,
1998-03-08,96.317,
1998-03-09,95.707,
1998-03-10,95.707,
1998-03-11,95.098,
1998-03-12,95.402,
1998-03-13,95.402,
1998-03-14,95.707,
1998-03-15,95.707,
1998-03-16,95.707,
1998-03-17,95.098,
1998-03-18,95.098,
1998-03-19,94.793,
1998-03-20,94.793,
1998-03-21,94.488,
1998-03-22,95.402,
1998-03-23,96.012,
1998-03-24,96.317,
1998-03-25,103.022,
1998-03-26,105.156,
1998-03-27,106.375,
1998-03-28,107.899,
1998-03-29,109.118,
1998-03-30,110.642,
1998-03-31,111.557,
1998-04-01,111.862,
1998-04-02,112.776,
1998-04-03,113.386,
1998-04-04,114.046,
1998-04-05,114.605,
1998-04-06,115.214,
1998-04-07,116.434,
1998-04-08,116.434,
1998-04-09,117.653,
1998-04-10,117.653,
1998-04-11,118.262,
1998-04-12,119.482,
1998-04-13,119.786,
1998-04-14,120.396,
1998-04-15,121.006,
1998-04-16,121.92,
1998-04-17,122.53,
1998-04-18,123.139,
1998-04-19,122.834,
1998-04-20,122.682,
1998-04-21,122.53,
1998-04-22,122.428,
1998-04-23,122.174,
1998-04-24,122.174,
1998-04-25,121.92,
1998-04-26,121.412,
1998-04-27,120.701,
1998-04-28,120.396,
1998-04-29,113.386,
1998-04-30,109.423,
1998-05-01,109.118,
1998-05-02,107.899,
1998-05-03,107.899,
1998-05-04,108.204,
1998-05-05,106.68,
1998-05-06,106.68,
1998-05-07,109.118,
1998-05-08,111.252,
1998-05-09,112.776,
1998-05-10,112.166,
1998-05-11,113.081,
1998-05-12,114.3,
1998-05-13,115.519,
1998-05-14,116.738,
1998-05-15,117.653,
1998-05-16,118.262,
1998-05-17,118.567,
1998-05-18,118.262,
1998-05-19,119.177,
1998-05-20,113.995,
1998-05-21,112.776,
1998-05-22,113.386,
1998-05-23,115.519,
1998-05-24,113.386,
1998-05-25,113.386,
1998-05-26,113.081,
1998-05-27,114.605,
1998-05-28,117.043,
1998-05-29,117.653,
1998-05-30,115.214,
1998-05-31,115.519,
1998-06-01,113.081,
1998-06-02,110.642,
1998-06-03,109.118,
1998-06-04,109.118,
1998-06-05,109.118,
1998-06-06,108.814,
1998-06-07,108.814,
1998-06-08,107.899,
1998-06-09,107.899,
1998-06-10,106.985,
1998-06-11,107.29,
1998-06-12,105.766,
1998-06-13,104.851,
1998-06-14,103.632,
1998-06-15,101.194,
1998-06-16,99.67,
1998-06-17,95.707,
1998-06-18,93.574,
1998-06-19,90.83,
1998-06-20,86.563,
1998-06-21,82.906,
1998-06-22,78.638,
1998-06-23,75.286,
1998-06-24,72.238,
1998-06-25,68.275,
1998-06-26,63.398,
1998-06-27,59.741,
1998-06-28,56.083,
1998-06-29,52.426,
1998-06-30,47.854,
1998-07-01,43.586,
1998-07-02,39.929,
1998-07-03,35.966,
1998-07-04,32.309,
1998-07-05,28.651,
1998-07-06,24.689,
1998-07-07,19.507,
1998-07-08,14.326,
1998-07-09,9.449,
1998-07-10,6.401,
1998-07-11,4.572,
1998-07-12,2.54,
1998-07-13,0.0,
1998-07-14,0.0,
1998-07-15,0.0,
1998-07-16,0.0,
1998-07-17,0.0,
1998-07-18,0.0,
1998-07-19,0.0,
1998-07-20,0.0,
1998-07-21,0.0,
1998-07-22,0.0,
1998-07-23,0.0,
1998-07-24,0.0,
1998-07-25,0.0,
1998-07-26,0.0,
1998-07-27,0.0,
1998-07-28,0.0,
1998-07-29,0.0,
1998-07-30,0.0,
1998-07-31,0.0,
1998-08-01,0.0,
1998-08-02,0.0,
1998-08-03,0.0,
1998-08-04,0.0,
1998-08-05,0.0,
1998-08-06,0.0,
1998-08-07,0.0,
1998-08-08,0.0,
1998-08-09,0.0,
1998-08-10,0.0,
1998-08-11,0.0,
1998-08-12,0.0,
1998-08-13,0.0,
1998-08-14,0.0,
1998-08-15,0.0,
1998-08-16,0.0,
1998-08-17,0.0,
1998-08-18,0.0,
1998-08-19,0.0,
1998-08-20,0.0,
1998-08-21,0.0,
1998-08-22,0.0,
1998-08-23,0.0,
1998-08-24,0.0,
1998-08-25,0.0,
1998-08-26,0.0,
1998-08-27,0.0,
1998-08-28,0.0,
1998-08-29,0.0,
1998-08-30,0.0,
1998-08-31,0.0,
1998-09-01,0.0,
1998-09-02,0.0,
1998-09-03,0.0,
1998-09-04,0.0,
1998-09-05,0.0,
1998-09-06,0.0,
1998-09-07,0.0,
1998-09-08,0.0,
1998-09-09,0.0,
1998-09-10,0.0,
1998-09-11,0.0,
1998-09-12,0.0,
1998-09-13,0.0,
1998-09-14,0.0,
1998-09-15,0.0,
1998-09-16,0.0,
1998-09-17,0.0,
1998-09-18,0.0,
1998-09-19,0.0,
1998-09-20,0.0,
1998-09-21,0.0,
1998-09-22,0.0,
1998-09-23,0.0,
1998-09-24,0.0,
1998-09-25,0.0,
1998-09-26,0.0,
1998-09-27,0.0,
1998-09-28,0.0,
1998-09-29,0.0,
1998-09-30,0.0,
1998-10-01,0.0,
1998-10-02,0.0,
1998-10-03,0.0,
1998-10-04,0.0,
1998-10-05,0.0,
1998-10-06,0.0,
1998-10-07,0.0,
1998-10-08,0.0,
1998-10-09,0.0,
1998-10-10,0.0,
1998-10-11,0.0,
1998-10-12,0.0,
1998-10-13,0.0,
1998-10-14,0.0,
1998-10-15,0.0,
1998-10-16,0.0,
1998-10-17,0.0,
1998-10-18,0.0,
1998-10-19,0.0,
1998-10-20,0.0,
1998-10-21,0.0,
1998-10-22,0.0,
1998-10-23,0.0,
1998-10-24,0.0,
1998-10-25,0.0,
1998-10-26,0.0,
1998-10-27,0.0,
1998-10-28,0.0,
1998-10-29,0.0,
1998-10-30,0.0,
1998-10-31,0.0,
1998-11-01,0.0,
1998-11-02,0.0,
1998-11-03,0.0,
1998-11-04,0.0,
1998-11-05,0.0,
1998-11-06,0.0,
1998-11-07,0.0,
1998-11-08,0.0,
1998-11-09,0.0,
1998-11-10,0.61,
1998-11-11,1.524,
1998-11-12,1.524,
1998-11-13,1.829,
1998-11-14,2.438,
1998-11-15,2.438,
1998-11-16,2.54,
1998-11-17,2.54,
1998-11-18,2.54,
1998-11-19,2.54,
1998-11-20,2.54,
1998-11-21,3.353,
1998-11-22,3.353,
1998-11-23,4.267,
1998-11-24,6.706,
1998-11-25,6.706,
1998-11-26,7.01,
1998-11-27,7.01,
1998-11-28,6.706,
1998-11-29,7.315,
1998-11-30,9.754,
1998-12-01,14.021,
1998-12-02,14.326,
1998-12-03,14.935,
1998-12-04,15.85,
1998-12-05,15.85,
1998-12-06,17.069,
1998-12-07,17.069,
1998-12-08,18.288,
1998-12-09,18.288,
1998-12-10,18.288,
1998-12-11,18.288,
1998-12-12,18.288,
1998-12-13,18.898,
1998-12-14,18.898,
1998-12-15,18.898,
1998-12-16,19.507,
1998-12-17,18.796,
1998-12-18,18.796,
1998-12-19,18.796,
1998-12-20,18.796,
1998-12-21,18.796,
1998-12-22,18.796,
1998-12-23,18.898,
1998-12-24,19.304,
1998-12-25,20.117,
1998-12-26,20.422,
1998-12-27,20.32,
1998-12-28,20.32,
1998-12-29,20.422,
1998-12-30,20.32,
1998-12-31,20.32,
1999-01-01,20.32,
1999-01-02,20.422,
1999-01-03,20.422,
1999-01-04,20.32,
1999-01-05,20.422,
1999-01-06,20.726,
1999-01-07,20.726,
1999-01-08,20.726,
1999-01-09,20.726,
1999-01-10,20.726,
1999-01-11,20.726,
1999-01-12,20.726,
1999-01-13,20.828,
1999-01-14,20.828,
1999-01-15,21.031,
1999-01-16,22.555,
1999-01-17,24.689,
1999-01-18,25.908,
1999-01-19,30.785,
1999-01-20,35.357,
1999-01-21,37.795,
1999-01-22,38.1,
1999-01-23,39.014,
1999-01-24,42.062,
1999-01-25,42.977,
1999-01-26,43.688,
1999-01-27,43.688,
1999-01-28,43.688,
1999-01-29,43.688,
1999-01-30,43.688,
1999-01-31,43.688,
1999-02-01,43.586,
1999-02-02,44.501,
1999-02-03,44.45,
1999-02-04,44.45,
1999-02-05,44.501,
1999-02-06,44.501,
1999-02-07,46.634,
1999-02-08,51.816,
1999-02-09,55.778,
1999-02-10,57.912,
1999-02-11,59.131,
1999-02-12,60.706,
1999-02-13,60.706,
1999-02-14,60.655,
1999-02-15,60.046,
1999-02-16,60.655,
1999-02-17,63.398,
1999-02-18,64.008,
1999-02-19,64.313,
1999-02-20,64.008,
1999-02-21,66.446,
1999-02-22,67.666,
1999-02-23,68.275,
1999-02-24,68.58,
1999-02-25,68.58,
1999-02-26,68.58,
1999-02-27,69.494,
1999-02-28,70.104,
1999-03-01,70.104,
1999-03-02,70.104,
1999-03-03,70.104,
1999-03-04,70.104,
1999-03-05,69.596,
1999-03-06,69.596,
1999-03-07,69.596,
1999-03-08,69.596,
1999-03-09,69.596,
1999-03-10,70.104,
1999-03-11,70.612,
1999-03-12,71.018,
1999-03-13,71.628,
1999-03-14,72.238,
1999-03-15,72.238,
1999-03-16,71.628,
1999-03-17,71.323,
1999-03-18,70.714,
1999-03-19,70.714,
1999-03-20,70.104,
1999-03-21,69.596,
1999-03-22,69.596,
1999-03-23,69.494,
1999-03-24,69.494,
1999-03-25,69.494,
1999-03-26,69.19,
1999-03-27,68.885,
1999-03-28,68.275,
1999-03-29,68.326,
1999-03-30,68.275,
1999-03-31,68.58,
1999-04-01,68.885,
1999-04-02,70.714,
1999-04-03,71.628,
1999-04-04,72.238,
1999-04-05,73.762,
1999-04-06,74.981,
1999-04-07,76.505,
1999-04-08,77.724,
1999-04-09,79.858,
1999-04-10,80.467,
1999-04-11,82.296,
1999-04-12,82.601,
1999-04-13,83.21,
1999-04-14,82.906,
1999-04-15,82.906,
1999-04-16,81.686,
1999-04-17,81.077,
1999-04-18,79.858,
1999-04-19,78.638,
1999-04-20,77.216,
1999-04-21,75.59,
1999-04-22,75.438,
1999-04-23,75.286,
1999-04-24,77.47,
1999-04-25,78.638,
1999-04-26,79.248,
1999-04-27,79.553,
1999-04-28,79.858,
1999-04-29,79.858,
1999-04-30,81.382,
1999-05-01,82.296,
1999-05-02,82.601,
1999-05-03,82.296,
1999-05-04,82.296,
1999-05-05,84.125,
1999-05-06,83.21,
1999-05-07,80.467,
1999-05-08,78.638,
1999-05-09,77.419,
1999-05-10,76.2,
1999-05-11,74.981,
1999-05-12,73.152,
1999-05-13,71.323,
1999-05-14,70.409,
1999-05-15,70.104,
1999-05-16,69.342,
1999-05-17,68.58,
1999-05-18,68.275,
1999-05-19,67.564,
1999-05-20,67.056,
1999-05-21,65.837,
1999-05-22,63.094,
1999-05-23,60.96,
1999-05-24,58.826,
1999-05-25,56.693,
1999-05-26,54.254,
1999-05-27,50.8,
1999-05-28,47.854,
1999-05-29,45.415,
1999-05-30,43.586,
1999-05-31,41.453,
1999-06-01,38.1,
1999-06-02,35.56,
1999-06-03,35.357,
1999-06-04,36.271,
1999-06-05,36.881,
1999-06-06,35.966,
1999-06-07,33.528,
1999-06-08,31.699,
1999-06-09,29.87,
1999-06-10,26.822,
1999-06-11,23.774,
1999-06-12,20.726,
1999-06-13,17.983,
1999-06-14,14.326,
1999-06-15,10.363,
1999-06-16,7.01,
1999-06-17,3.353,
1999-06-18,0.0,
1999-06-19,0.0,
1999-06-20,0.0,
1999-06-21,0.0,
1999-06-22,0.0,
1999-06-23,0.0,
1999-06-24,0.0,
1999-06-25,0.0,
1999-06-26,0.0,
1999-06-27,0.0,
1999-06-28,0.0,
1999-06-29,0.0,
1999-06-30,0.0,
1999-07-01,0.0,
1999-07-02,0.0,
1999-07-03,0.0,
1999-07-04,0.0,
1999-07-05,0.0,
1999-07-06,0.0,
1999-07-07,0.0,
1999-07-08,0.0,
1999-07-09,0.0,
1999-07-10,0.0,
1999-07-11,0.0,
1999-07-12,0.0,
1999-07-13,0.0,
1999-07-14,0.0,
1999-07-15,0.0,
1999-07-16,0.0,
1999-07-17,0.0,
1999-07-18,0.0,
1999-07-19,0.0,
1999-07-20,0.0,
1999-07-21,0.0,
1999-07-22,0.0,
1999-07-23,0.0,
1999-07-24,0.0,
1999-07-25,0.0,
1999-07-26,0.0,
1999-07-27,0.0,
1999-07-28,0.0,
1999-07-29,0.0,
1999-07-30,0.0,
1999-07-31,0.0,
1999-08-01,0.0,
1999-08-02,0.0,
1999-08-03,0.0,
1999-08-04,0.0,
1999-08-05,0.0,
1999-08-06,0.0,
1999-08-07,0.0,
1999-08-08,0.0,
1999-08-09,0.0,
1999-08-10,0.0,
1999-08-11,0.0,
1999-08-12,0.0,
1999-08-13,0.0,
1999-08-14,0.0,
1999-08-15,0.0,
1999-08-16,0.0,
1999-08-17,0.0,
1999-08-18,0.0,
1999-08-19,0.0,
1999-08-20,0.0,
1999-08-21,0.0,
1999-08-22,0.0,
1999-08-23,0.0,
1999-08-24,0.0,
1999-08-25,0.0,
1999-08-26,0.0,
1999-08-27,0.0,
1999-08-28,0.0,
1999-08-29,0.0,
1999-08-30,0.0,
1999-08-31,0.0,
1999-09-01,0.0,
1999-09-02,0.0,
1999-09-03,0.0,
1999-09-04,0.0,
1999-09-05,0.0,
1999-09-06,0.0,
1999-09-07,0.0,
1999-09-08,0.0,
1999-09-09,0.0,
1999-09-10,0.0,
1999-09-11,0.0,
1999-09-12,0.0,
1999-09-13,0.0,
1999-09-14,0.0,
1999-09-15,0.0,
1999-09-16,0.0,
1999-09-17,0.0,
1999-09-18,0.0,
1999-09-19,0.0,
1999-09-20,0.0,
1999-09-21,0.0,
1999-09-22,0.0,
1999-09-23,0.0,
1999-09-24,0.0,
1999-09-25,0.0,
1999-09-26,0.0,
1999-09-27,0.0,
1999-09-28,0.0,
1999-09-29,0.0,
1999-09-30,0.0,
1999-10-01,0.0,
1999-10-02,0.0,
1999-10-03,0.0,
1999-10-04,0.0,
1999-10-05,0.0,
1999-10-06,0.0,
1999-10-07,0.0,
1999-10-08,0.0,
1999-10-09,0.0,
1999-10-10,0.0,
1999-10-11,0.0,
1999-10-12,0.0,
1999-10-13,0.0,
1999-10-14,0.0,
1999-10-15,0.0,
1999-10-16,0.0,
1999-10-17,0.0,
1999-10-18,0.0,
1999-10-19,0.0,
1999-10-20,0.0,
1999-10-21,0.0,
1999-10-22,0.0,
1999-10-23,0.0,
1999-10-24,0.0,
1999-10-25,0.0,
1999-10-26,0.0,
1999-10-27,0.0,
1999-10-28,0.0,
1999-10-29,0.0,
1999-10-30,0.0,
1999-10-31,0.0,
1999-11-01,0.0,
1999-11-02,0.0,
1999-11-03,0.0,
1999-11-04,0.0,
1999-11-05,0.0,
1999-11-06,0.0,
1999-11-07,0.0,
1999-11-08,0.0,
1999-11-09,0.0,
1999-11-10,0.0,
1999-11-11,0.0,
1999-11-12,0.0,
1999-11-13,0.0,
1999-11-14,0.0,
1999-11-15,0.0,
1999-11-16,0.0,
1999-11-17,1.219,
1999-11-18,1.219,
1999-11-19,1.219,
1999-11-20,2.438,
1999-11-21,2.438,
1999-11-22,2.438,
1999-11-23,2.438,
1999-11-24,2.438,
1999-11-25,2.743,
1999-11-26,2.743,
1999-11-27,3.048,
1999-11-28,3.048,
1999-11-29,3.048,
1999-11-30,3.048,
1999-12-01,2.743,
1999-12-02,2.743,
1999-12-03,3.658,
1999-12-04,4.267,
1999-12-05,4.267,
1999-12-06,4.267,
1999-12-07,4.572,
1999-12-08,4.572,
1999-12-09,4.572,
1999-12-10,4.267,
1999-12-11,4.267,
1999-12-12,4.572,
1999-12-13,4.572,
1999-12-14,4.572,
1999-12-15,4.877,
1999-12-16,5.182,
1999-12-17,5.182,
1999-12-18,5.486,
1999-12-19,5.486,
1999-12-20,5.486,
1999-12-21,5.486,
1999-12-22,4.877,
1999-12-23,4.877,
1999-12-24,4.877,
1999-12-25,4.877,
1999-12-26,4.877,
1999-12-27,4.572,
1999-12-28,4.572,
1999-12-29,4.572,
1999-12-30,4.572,
1999-12-31,4.572,
2000-01-01,4.572,
2000-01-02,4.572,
2000-01-03,4.572,
2000-01-04,4.877,
2000-01-05,4.877,
2000-01-06,4.877,
2000-01-07,4.877,
2000-01-08,4.877,
2000-01-09,4.877,
2000-01-10,4.877,
2000-01-11,5.182,
2000-01-12,6.706,
2000-01-13,7.315,
2000-01-14,7.315,
2000-01-15,7.315,
2000-01-16,9.144,
2000-01-17,11.582,
2000-01-18,13.411,
2000-01-19,16.459,
2000-01-20,17.78,
2000-01-21,17.983,
2000-01-22,17.983,
2000-01-23,18.288,
2000-01-24,21.336,
2000-01-25,26.213,
2000-01-26,27.432,
2000-01-27,27.432,
2000-01-28,27.432,
2000-01-29,27.432,
2000-01-30,28.346,
2000-01-31,30.175,
2000-02-01,31.394,
2000-02-02,31.394,
2000-02-03,31.699,
2000-02-04,31.699,
2000-02-05,31.699,
2000-02-06,31.699,
2000-02-07,31.699,
2000-02-08,31.699,
2000-02-09,31.699,
2000-02-10,31.699,
2000-02-11,32.614,
2000-02-12,34.747,
2000-02-13,36.576,
2000-02-14,42.977,
2000-02-15,44.806,
2000-02-16,46.025,
2000-02-17,46.33,
2000-02-18,46.33,
2000-02-19,46.634,
2000-02-20,47.549,
2000-02-21,47.549,
2000-02-22,47.549,
2000-02-23,49.073,
2000-02-24,50.902,
2000-02-25,51.816,
2000-02-26,53.035,
2000-02-27,54.254,
2000-02-28,58.217,
2000-02-29,59.131,
2000-03-01,60.35,
2000-03-02,60.96,
2000-03-03,61.874,
2000-03-04,62.179,
2000-03-05,62.789,
2000-03-06,63.094,
2000-03-07,63.703,
2000-03-08,64.618,
2000-03-09,65.532,
2000-03-10,65.532,
2000-03-11,66.142,
2000-03-12,66.142,
2000-03-13,66.142,
2000-03-14,66.142,
2000-03-15,66.142,
2000-03-16,66.142,
2000-03-17,65.837,
2000-03-18,65.837,
2000-03-19,65.837,
2000-03-20,65.227,
2000-03-21,65.227,
2000-03-22,65.227,
2000-03-23,65.227,
2000-03-24,65.227,
2000-03-25,65.227,
2000-03-26,65.227,
2000-03-27,65.227,
2000-03-28,65.227,
2000-03-29,65.227,
2000-03-30,64.719,
2000-03-31,63.805,
2000-04-01,62.789,
2000-04-02,62.179,
2000-04-03,61.57,
2000-04-04,60.452,
2000-04-05,59.436,
2000-04-06,58.826,
2000-04-07,58.522,
2000-04-08,58.522,
2000-04-09,58.166,
2000-04-10,57.912,
2000-04-11,57.607,
2000-04-12,57.302,
2000-04-13,56.998,
2000-04-14,59.131,
2000-04-15,59.436,
2000-04-16,60.046,
2000-04-17,60.655,
2000-04-18,61.57,
2000-04-19,61.874,
2000-04-20,62.789,
2000-04-21,61.874,
2000-04-22,61.874,
2000-04-23,61.874,
2000-04-24,60.35,
2000-04-25,59.741,
2000-04-26,58.826,
2000-04-27,57.302,
2000-04-28,56.083,
2000-04-29,54.864,
2000-04-30,53.645,
2000-05-01,51.816,
2000-05-02,50.292,
2000-05-03,48.463,
2000-05-04,46.939,
2000-05-05,45.415,
2000-05-06,44.501,
2000-05-07,44.806,
2000-05-08,46.33,
2000-05-09,45.72,
2000-05-10,45.72,
2000-05-11,45.72,
2000-05-12,46.33,
2000-05-13,46.33,
2000-05-14,45.415,
2000-05-15,43.891,
2000-05-16,44.196,
2000-05-17,45.415,
2000-05-18,45.415,
2000-05-19,42.367,
2000-05-20,40.843,
2000-05-21,39.014,
2000-05-22,36.881,
2000-05-23,35.052,
2000-05-24,33.223,
2000-05-25,29.87,
2000-05-26,26.518,
2000-05-27,23.47,
2000-05-28,20.422,
2000-05-29,17.678,
2000-05-30,14.63,
2000-05-31,12.192,
2000-06-01,10.363,
2000-06-02,8.839,
2000-06-03,6.706,
2000-06-04,4.267,
2000-06-05,2.743,
2000-06-06,2.134,
2000-06-07,0.0,
2000-06-08,0.0,
2000-06-09,0.0,
2000-06-10,0.0,
2000-06-11,0.0,
2000-06-12,0.0,
2000-06-13,0.0,
2000-06-14,0.0,
2000-06-15,0.0,
2000-06-16,0.0,
2000-06-17,0.0,
2000-06-18,0.0,
2000-06-19,0.0,
2000-06-20,0.0,
2000-06-21,0.0,
2000-06-22,0.0,
2000-06-23,0.0,
2000-06-24,0.0,
2000-06-25,0.0,
2000-06-26,0.0,
2000-06-27,0.0,
2000-06-28,0.0,
2000-06-29,0.0,
2000-06-30,0.0,
2000-07-01,0.0,
2000-07-02,0.0,
2000-07-03,0.0,
2000-07-04,0.0,
2000-07-05,0.0,
2000-07-06,0.0,
2000-07-07,0.0,
2000-07-08,0.0,
2000-07-09,0.0,
2000-07-10,0.0,
2000-07-11,0.0,
2000-07-12,0.0,
2000-07-13,0.0,
2000-07-14,0.0,
2000-07-15,0.0,
2000-07-16,0.0,
2000-07-17,0.0,
2000-07-18,0.0,
2000-07-19,0.0,
2000-07-20,0.0,
2000-07-21,0.0,
2000-07-22,0.0,
2000-07-23,0.0,
2000-07-24,0.0,
2000-07-25,0.0,
2000-07-26,0.0,
2000-07-27,0.0,
2000-07-28,0.0,
2000-07-29,0.0,
2000-07-30,0.0,
2000-07-31,0.0,
2000-08-01,0.0,
2000-08-02,0.0,
2000-08-03,0.0,
2000-08-04,0.0,
2000-08-05,0.0,
2000-08-06,0.0,
2000-08-07,0.0,
2000-08-08,0.0,
2000-08-09,0.0,
2000-08-10,0.0,
2000-08-11,0.0,
2000-08-12,0.0,
2000-08-13,0.0,
2000-08-14,0.0,
2000-08-15,0.0,
2000-08-16,0.0,
2000-08-17,0.0,
2000-08-18,0.0,
2000-08-19,0.0,
2000-08-20,0.0,
2000-08-21,0.0,
2000-08-22,0.0,
2000-08-23,0.0,
2000-08-24,0.0,
2000-08-25,0.0,
2000-08-26,0.0,
2000-08-27,0.0,
2000-08-28,0.0,
2000-08-29,0.0,
2000-08-30,0.0,
2000-08-31,0.0,
2000-09-01,0.0,
2000-09-02,0.0,
2000-09-03,0.0,
2000-09-04,0.0,
2000-09-05,0.0,
2000-09-06,0.0,
2000-09-07,0.0,
2000-09-08,0.0,
2000-09-09,0.0,
2000-09-10,0.0,
2000-09-11,0.0,
2000-09-12,0.0,
2000-09-13,0.0,
2000-09-14,0.0,
2000-09-15,0.0,
2000-09-16,0.0,
2000-09-17,0.0,
2000-09-18,0.0,
2000-09-19,0.0,
2000-09-20,0.0,
2000-09-21,0.0,
2000-09-22,0.0,
2000-09-23,0.0,
2000-09-24,0.0,
2000-09-25,0.0,
2000-09-26,0.0,
2000-09-27,0.0,
2000-09-28,0.0,
2000-09-29,0.0,
2000-09-30,0.0,
2000-10-01,0.0,
2000-10-02,0.0,
2000-10-03,0.0,
2000-10-04,0.0,
2000-10-05,0.0,
2000-10-06,0.0,
2000-10-07,0.0,
2000-10-08,0.0,
2000-10-09,0.0,
2000-10-10,0.0,
2000-10-11,0.0,
2000-10-12,0.0,
2000-10-13,0.0,
2000-10-14,0.0,
2000-10-15,0.0,
2000-10-16,0.0,
2000-10-17,0.0,
2000-10-18,0.0,
2000-10-19,0.0,
2000-10-20,0.0,
2000-10-21,0.0,
2000-10-22,0.0,
2000-10-23,0.0,
2000-10-24,0.0,
2000-10-25,0.0,
2000-10-26,0.0,
2000-10-27,0.0,
2000-10-28,0.0,
2000-10-29,0.0,
2000-10-30,1.219,
2000-10-31,1.524,
2000-11-01,1.524,
2000-11-02,1.829,
2000-11-03,1.829,
2000-11-04,1.829,
2000-11-05,1.829,
2000-11-06,1.829,
2000-11-07,1.829,
2000-11-08,1.829,
2000-11-09,1.524,
2000-11-10,1.524,
2000-11-11,1.524,
2000-11-12,1.524,
2000-11-13,1.524,
2000-11-14,2.134,
2000-11-15,1.829,
2000-11-16,2.134,
2000-11-17,2.134,
2000-11-18,2.438,
2000-11-19,2.438,
2000-11-20,2.438,
2000-11-21,2.438,
2000-11-22,2.438,
2000-11-23,2.438,
2000-11-24,2.743,
2000-11-25,2.743,
2000-11-26,2.743,
2000-11-27,2.743,
2000-11-28,2.743,
2000-11-29,2.743,
2000-11-30,4.267,
2000-12-01,4.572,
2000-12-02,4.572,
2000-12-03,4.572,
2000-12-04,4.572,
2000-12-05,4.877,
2000-12-06,4.877,
2000-12-07,4.877,
2000-12-08,4.877,
2000-12-09,4.877,
2000-12-10,4.877,
2000-12-11,4.572,
2000-12-12,5.486,
2000-12-13,5.791,
2000-12-14,6.706,
2000-12-15,9.144,
2000-12-16,10.363,
2000-12-17,10.363,
2000-12-18,10.363,
2000-12-19,10.363,
2000-12-20,10.363,
2000-12-21,10.363,
2000-12-22,10.363,
2000-12-23,10.058,
2000-12-24,10.058,
2000-12-25,10.058,
2000-12-26,10.058,
2000-12-27,10.058,
2000-12-28,10.058,
2000-12-29,10.058,
2000-12-30,10.058,
2000-12-31,10.058,
2001-01-01,10.058,
2001-01-02,10.058,
2001-01-03,10.058,
2001-01-04,10.058,
2001-01-05,10.058,
2001-01-06,10.058,
2001-01-07,10.058,
2001-01-08,10.058,
2001-01-09,10.058,
2001-01-10,10.058,
2001-01-11,12.497,
2001-01-12,14.021,
2001-01-13,13.97,
2001-01-14,14.021,
2001-01-15,13.97,
2001-01-16,14.021,
2001-01-17,14.021,
2001-01-18,15.24,
2001-01-19,15.545,
2001-01-20,15.545,
2001-01-21,15.545,
2001-01-22,15.545,
2001-01-23,15.545,
2001-01-24,17.069,
2001-01-25,18.593,
2001-01-26,20.422,
2001-01-27,20.726,
2001-01-28,20.726,
2001-01-29,21.336,
2001-01-30,21.336,
2001-01-31,21.336,
2001-02-01,21.336,
2001-02-02,21.336,
2001-02-03,21.336,
2001-02-04,21.336,
2001-02-05,21.336,
2001-02-06,21.336,
2001-02-07,21.336,
2001-02-08,21.336,
2001-02-09,21.946,
2001-02-10,24.384,
2001-02-11,27.432,
2001-02-12,28.956,
2001-02-13,30.175,
2001-02-14,30.785,
2001-02-15,31.09,
2001-02-16,31.394,
2001-02-17,31.699,
2001-02-18,31.699,
2001-02-19,31.699,
2001-02-20,33.833,
2001-02-21,34.747,
2001-02-22,35.966,
2001-02-23,36.881,
2001-02-24,37.49,
2001-02-25,38.71,
2001-02-26,38.71,
2001-02-27,38.71,
2001-02-28,38.71,
2001-03-01,38.71,
2001-03-02,39.624,
2001-03-03,39.929,
2001-03-04,41.453,
2001-03-05,44.501,
2001-03-06,47.549,
2001-03-07,48.158,
2001-03-08,48.158,
2001-03-09,48.768,
2001-03-10,49.378,
2001-03-11,49.378,
2001-03-12,49.987,
2001-03-13,49.987,
2001-03-14,49.987,
2001-03-15,49.682,
2001-03-16,49.682,
2001-03-17,49.682,
2001-03-18,49.682,
2001-03-19,49.682,
2001-03-20,49.022,
2001-03-21,48.463,
2001-03-22,48.158,
2001-03-23,48.158,
2001-03-24,48.158,
2001-03-25,48.158,
2001-03-26,48.158,
2001-03-27,47.549,
2001-03-28,46.634,
2001-03-29,44.501,
2001-03-30,43.586,
2001-03-31,42.672,
2001-04-01,42.062,
2001-04-02,40.843,
2001-04-03,39.929,
2001-04-04,39.624,
2001-04-05,39.624,
2001-04-06,39.624,
2001-04-07,41.453,
2001-04-08,43.586,
2001-04-09,43.891,
2001-04-10,45.11,
2001-04-11,45.72,
2001-04-12,46.634,
2001-04-13,46.939,
2001-04-14,46.939,
2001-04-15,46.939,
2001-04-16,46.939,
2001-04-17,46.939,
2001-04-18,45.415,
2001-04-19,46.634,
2001-04-20,47.854,
2001-04-21,49.378,
2001-04-22,50.902,
2001-04-23,51.816,
2001-04-24,50.902,
2001-04-25,47.854,
2001-04-26,46.939,
2001-04-27,46.228,
2001-04-28,46.228,
2001-04-29,46.228,
2001-04-30,45.212,
2001-05-01,43.942,
2001-05-02,43.434,
2001-05-03,42.672,
2001-05-04,41.758,
2001-05-05,39.624,
2001-05-06,39.014,
2001-05-07,37.49,
2001-05-08,35.966,
2001-05-09,34.544,
2001-05-10,32.918,
2001-05-11,30.48,
2001-05-12,28.042,
2001-05-13,25.603,
2001-05-14,23.165,
2001-05-15,21.336,
2001-05-16,18.288,
2001-05-17,15.24,
2001-05-18,12.192,
2001-05-19,10.058,
2001-05-20,8.23,
2001-05-21,6.401,
2001-05-22,3.658,
2001-05-23,0.0,
2001-05-24,0.0,
2001-05-25,0.0,
2001-05-26,0.0,
2001-05-27,0.0,
2001-05-28,0.0,
2001-05-29,0.0,
2001-05-30,0.0,
2001-05-31,0.0,
2001-06-01,0.0,
2001-06-02,0.0,
2001-06-03,0.0,
2001-06-04,0.0,
2001-06-05,0.0,
2001-06-06,0.0,
2001-06-07,0.0,
2001-06-08,0.0,
2001-06-09,0.0,
2001-06-10,0.0,
2001-06-11,0.0,
2001-06-12,0.0,
2001-06-13,0.0,
2001-06-14,0.0,
2001-06-15,0.0,
2001-06-16,0.0,
2001-06-17,0.0,
2001-06-18,0.0,
2001-06-19,0.0,
2001-06-20,0.0,
2001-06-21,0.0,
2001-06-22,0.0,
2001-06-23,0.0,
2001-06-24,0.0,
2001-06-25,0.0,
2001-06-26,0.0,
2001-06-27,0.0,
2001-06-28,0.0,
2001-06-29,0.0,
2001-06-30,0.0,
2001-07-01,0.0,
2001-07-02,0.0,
2001-07-03,0.0,
2001-07-04,0.0,
2001-07-05,0.0,
2001-07-06,0.0,
2001-07-07,0.0,
2001-07-08,0.0,
2001-07-09,0.0,
2001-07-10,0.0,
2001-07-11,0.0,
2001-07-12,0.0,
2001-07-13,0.0,
2001-07-14,0.0,
2001-07-15,0.0,
2001-07-16,0.0,
2001-07-17,0.0,
2001-07-18,0.0,
2001-07-19,0.0,
2001-07-20,0.0,
2001-07-21,0.0,
2001-07-22,0.0,
2001-07-23,0.0,
2001-07-24,0.0,
2001-07-25,0.0,
2001-07-26,0.0,
2001-07-27,0.0,
2001-07-28,0.0,
2001-07-29,0.0,
2001-07-30,0.0,
2001-07-31,0.0,
2001-08-01,0.0,
2001-08-02,0.0,
2001-08-03,0.0,
2001-08-04,0.0,
2001-08-05,0.0,
2001-08-06,0.0,
2001-08-07,0.0,
2001-08-08,0.0,
2001-08-09,0.0,
2001-08-10,0.0,
2001-08-11,0.0,
2001-08-12,0.0,
2001-08-13,0.0,
2001-08-14,0.0,
2001-08-15,0.0,
2001-08-16,0.0,
2001-08-17,0.0,
2001-08-18,0.0,
2001-08-19,0.0,
2001-08-20,0.0,
2001-08-21,0.0,
2001-08-22,0.0,
2001-08-23,0.0,
2001-08-24,0.0,
2001-08-25,0.0,
2001-08-26,0.0,
2001-08-27,0.0,
2001-08-28,0.0,
2001-08-29,0.0,
2001-08-30,0.0,
2001-08-31,0.0,
2001-09-01,0.0,
2001-09-02,0.0,
2001-09-03,0.0,
2001-09-04,0.0,
2001-09-05,0.0,
2001-09-06,0.0,
2001-09-07,0.0,
2001-09-08,0.0,
2001-09-09,0.0,
2001-09-10,0.0,
2001-09-11,0.0,
2001-09-12,0.0,
2001-09-13,0.0,
2001-09-14,0.0,
2001-09-15,0.0,
2001-09-16,0.0,
2001-09-17,0.0,
2001-09-18,0.0,
2001-09-19,0.0,
2001-09-20,0.0,
2001-09-21,0.0,
2001-09-22,0.0,
2001-09-23,0.0,
2001-09-24,0.0,
2001-09-25,0.0,
2001-09-26,0.0,
2001-09-27,0.0,
2001-09-28,0.0,
2001-09-29,0.0,
2001-09-30,0.0,
2001-10-01,0.0,
2001-10-02,0.0,
2001-10-03,0.0,
2001-10-04,0.0,
2001-10-05,0.0,
2001-10-06,0.0,
2001-10-07,0.0,
2001-10-08,0.0,
2001-10-09,0.0,
2001-10-10,0.0,
2001-10-11,0.0,
2001-10-12,0.0,
2001-10-13,0.0,
2001-10-14,0.0,
2001-10-15,0.0,
2001-10-16,0.0,
2001-10-17,0.0,
2001-10-18,0.0,
2001-10-19,0.0,
2001-10-20,0.0,
2001-10-21,0.0,
2001-10-22,0.0,
2001-10-23,0.0,
2001-10-24,0.0,
2001-10-25,0.0,
2001-10-26,0.0,
2001-10-27,0.0,
2001-10-28,0.0,
2001-10-29,0.0,
2001-10-30,0.0,
2001-10-31,1.016,
2001-11-01,1.321,
2001-11-02,0.711,
2001-11-03,0.0,
2001-11-04,0.0,
2001-11-05,0.0,
2001-11-06,0.0,
2001-11-07,0.0,
2001-11-08,0.0,
2001-11-09,0.0,
2001-11-10,0.0,
2001-11-11,0.0,
2001-11-12,0.0,
2001-11-13,1.626,
2001-11-14,1.626,
2001-11-15,1.626,
2001-11-16,1.626,
2001-11-17,1.321,
2001-11-18,1.016,
2001-11-19,1.016,
2001-11-20,0.762,
2001-11-21,0.762,
2001-11-22,3.759,
2001-11-23,5.588,
2001-11-24,6.198,
2001-11-25,10.77,
2001-11-26,10.77,
2001-11-27,10.465,
2001-11-28,10.465,
2001-11-29,13.208,
2001-11-30,13.208,
2001-12-01,14.427,
2001-12-02,17.17,
2001-12-03,23.266,
2001-12-04,23.266,
2001-12-05,23.571,
2001-12-06,25.4,
2001-12-07,25.4,
2001-12-08,25.4,
2001-12-09,26.01,
2001-12-10,26.314,
2001-12-11,26.924,
2001-12-12,27.838,
2001-12-13,28.448,
2001-12-14,29.058,
2001-12-15,29.362,
2001-12-16,29.972,
2001-12-17,30.886,
2001-12-18,30.886,
2001-12-19,32.106,
2001-12-20,32.106,
2001-12-21,33.325,
2001-12-22,33.934,
2001-12-23,35.458,
2001-12-24,35.458,
2001-12-25,36.373,
2001-12-26,36.373,
2001-12-27,36.373,
2001-12-28,36.373,
2001-12-29,36.982,
2001-12-30,39.116,
2001-12-31,40.945,
2002-01-01,41.25,
2002-01-02,41.859,
2002-01-03,43.993,
2002-01-04,43.993,
2002-01-05,44.298,
2002-01-06,44.907,
2002-01-07,45.212,
2002-01-08,45.212,
2002-01-09,45.212,
2002-01-10,45.212,
2002-01-11,45.212,
2002-01-12,45.212,
2002-01-13,44.907,
2002-01-14,44.907,
2002-01-15,43.993,
2002-01-16,43.993,
2002-01-17,43.688,
2002-01-18,42.469,
2002-01-19,42.469,
2002-01-20,42.164,
2002-01-21,41.859,
2002-01-22,41.554,
2002-01-23,41.25,
2002-01-24,40.945,
2002-01-25,40.945,
2002-01-26,40.64,
2002-01-27,40.64,
2002-01-28,40.335,
2002-01-29,40.335,
2002-01-30,40.335,
2002-01-31,40.335,
2002-02-01,40.335,
2002-02-02,40.03,
2002-02-03,40.03,
2002-02-04,40.03,
2002-02-05,40.03,
2002-02-06,40.03,
2002-02-07,40.03,
2002-02-08,40.03,
2002-02-09,40.03,
2002-02-10,40.03,
2002-02-11,40.03,
2002-02-12,40.03,
2002-02-13,40.03,
2002-02-14,40.03,
2002-02-15,39.726,
2002-02-16,39.726,
2002-02-17,39.726,
2002-02-18,39.726,
2002-02-19,39.726,
2002-02-20,40.945,
2002-02-21,40.945,
2002-02-22,40.945,
2002-02-23,40.945,
2002-02-24,40.945,
2002-02-25,40.945,
2002-02-26,40.945,
2002-02-27,40.945,
2002-02-28,41.25,
2002-03-01,41.25,
2002-03-02,41.25,
2002-03-03,41.25,
2002-03-04,41.859,
2002-03-05,42.469,
2002-03-06,43.078,
2002-03-07,44.602,
2002-03-08,46.126,
2002-03-09,46.736,
2002-03-10,48.26,
2002-03-11,48.26,
2002-03-12,49.174,
2002-03-13,49.174,
2002-03-14,49.174,
2002-03-15,49.174,
2002-03-16,49.174,
2002-03-17,49.784,
2002-03-18,50.394,
2002-03-19,51.003,
2002-03-20,51.003,
2002-03-21,50.8,
2002-03-22,48.87,
2002-03-23,48.87,
2002-03-24,52.527,
2002-03-25,54.051,
2002-03-26,55.27,
2002-03-27,55.27,
2002-03-28,55.27,
2002-03-29,53.442,
2002-03-30,53.137,
2002-03-31,54.051,
2002-04-01,54.661,
2002-04-02,55.88,
2002-04-03,56.49,
2002-04-04,58.318,
2002-04-05,58.623,
2002-04-06,58.623,
2002-04-07,58.318,
2002-04-08,58.318,
2002-04-09,57.709,
2002-04-10,57.709,
2002-04-11,56.49,
2002-04-12,55.88,
2002-04-13,54.661,
2002-04-14,53.442,
2002-04-15,51.003,
2002-04-16,50.394,
2002-04-17,51.308,
2002-04-18,52.832,
2002-04-19,54.051,
2002-04-20,54.966,
2002-04-21,55.575,
2002-04-22,55.575,
2002-04-23,55.575,
2002-04-24,55.575,
2002-04-25,54.356,
2002-04-26,53.442,
2002-04-27,53.137,
2002-04-28,53.137,
2002-04-29,54.051,
2002-04-30,54.661,
2002-05-01,55.27,
2002-05-02,56.49,
2002-05-03,56.49,
2002-05-04,56.49,
2002-05-05,55.88,
2002-05-06,53.137,
2002-05-07,50.394,
2002-05-08,47.346,
2002-05-09,45.517,
2002-05-10,44.298,
2002-05-11,44.298,
2002-05-12,42.469,
2002-05-13,41.554,
2002-05-14,40.03,
2002-05-15,38.506,
2002-05-16,36.678,
2002-05-17,34.849,
2002-05-18,31.496,
2002-05-19,28.143,
2002-05-20,25.4,
2002-05-21,26.314,
2002-05-22,26.314,
2002-05-23,26.314,
2002-05-24,25.4,
2002-05-25,24.181,
2002-05-26,22.047,
2002-05-27,19.304,
2002-05-28,17.17,
2002-05-29,14.122,
2002-05-30,10.77,
2002-05-31,7.112,
2002-06-01,4.978,
2002-06-02,2.54,
2002-06-03,0.0,
2002-06-04,0.0,
2002-06-05,0.0,
2002-06-06,0.0,
2002-06-07,0.0,
2002-06-08,0.0,
2002-06-09,0.0,
2002-06-10,0.0,
2002-06-11,0.0,
2002-06-12,0.0,
2002-06-13,0.0,
2002-06-14,0.0,
2002-06-15,0.0,
2002-06-16,0.0,
2002-06-17,0.0,
2002-06-18,0.0,
2002-06-19,0.0,
2002-06-20,0.0,
2002-06-21,0.0,
2002-06-22,0.0,
2002-06-23,0.0,
2002-06-24,0.0,
2002-06-25,0.0,
2002-06-26,0.0,
2002-06-27,0.0,
2002-06-28,0.0,
2002-06-29,0.0,
2002-06-30,0.0,
2002-07-01,0.0,
2002-07-02,0.0,
2002-07-03,0.0,
2002-07-04,0.0,
2002-07-05,0.0,
2002-07-06,0.0,
2002-07-07,0.0,
2002-07-08,0.0,
2002-07-09,0.0,
2002-07-10,0.0,
2002-07-11,0.0,
2002-07-12,0.0,
2002-07-13,0.0,
2002-07-14,0.0,
2002-07-15,0.0,
2002-07-16,0.0,
2002-07-17,0.0,
2002-07-18,0.0,
2002-07-19,0.0,
2002-07-20,0.0,
2002-07-21,0.0,
2002-07-22,0.0,
2002-07-23,0.0,
2002-07-24,0.0,
2002-07-25,0.0,
2002-07-26,0.0,
2002-07-27,0.0,
2002-07-28,0.0,
2002-07-29,0.0,
2002-07-30,0.0,
2002-07-31,0.0,
2002-08-01,0.0,
2002-08-02,0.0,
2002-08-03,0.0,
2002-08-04,0.0,
2002-08-05,0.0,
2002-08-06,0.0,
2002-08-07,0.0,
2002-08-08,0.0,
2002-08-09,0.0,
2002-08-10,0.0,
2002-08-11,0.0,
2002-08-12,0.0,
2002-08-13,0.0,
2002-08-14,0.0,
2002-08-15,0.0,
2002-08-16,0.0,
2002-08-17,0.0,
2002-08-18,0.0,
2002-08-19,0.0,
2002-08-20,0.0,
2002-08-21,0.0,
2002-08-22,0.0,
2002-08-23,0.0,
2002-08-24,0.0,
2002-08-25,0.0,
2002-08-26,0.0,
2002-08-27,0.0,
2002-08-28,0.0,
2002-08-29,0.0,
2002-08-30,0.0,
2002-08-31,0.0,
2002-09-01,0.0,
2002-09-02,0.0,
2002-09-03,0.0,
2002-09-04,0.0,
2002-09-05,0.0,
2002-09-06,0.0,
2002-09-07,0.0,
2002-09-08,0.0,
2002-09-09,0.0,
2002-09-10,0.0,
2002-09-11,0.0,
2002-09-12,0.0,
2002-09-13,0.0,
2002-09-14,0.0,
2002-09-15,0.0,
2002-09-16,0.0,
2002-09-17,0.0,
2002-09-18,0.0,
2002-09-19,0.0,
2002-09-20,0.0,
2002-09-21,0.0,
2002-09-22,0.0,
2002-09-23,0.0,
2002-09-24,0.0,
2002-09-25,0.0,
2002-09-26,0.0,
2002-09-27,0.0,
2002-09-28,0.0,
2002-09-29,0.0,
2002-09-30,0.0,
2002-10-01,0.0,
2002-10-02,0.0,
2002-10-03,0.0,
2002-10-04,0.0,
2002-10-05,0.0,
2002-10-06,0.0,
2002-10-07,0.0,
2002-10-08,0.0,
2002-10-09,0.0,
2002-10-10,0.0,
2002-10-11,0.0,
2002-10-12,0.0,
2002-10-13,0.0,
2002-10-14,0.0,
2002-10-15,0.0,
2002-10-16,0.0,
2002-10-17,0.0,
2002-10-18,0.0,
2002-10-19,0.0,
2002-10-20,0.0,
2002-10-21,0.0,
2002-10-22,0.0,
2002-10-23,0.0,
2002-10-24,0.0,
2002-10-25,0.0,
2002-10-26,0.0,
2002-10-27,0.0,
2002-10-28,0.0,
2002-10-29,0.0,
2002-10-30,0.0,
2002-10-31,0.0,
2002-11-01,0.0,
2002-11-02,0.0,
2002-11-03,0.0,
2002-11-04,0.0,
2002-11-05,0.0,
2002-11-06,0.0,
2002-11-07,0.406,
2002-11-08,5.893,
2002-11-09,11.989,
2002-11-10,12.598,
2002-11-11,13.818,
2002-11-12,13.818,
2002-11-13,14.427,
2002-11-14,14.427,
2002-11-15,14.427,
2002-11-16,14.427,
2002-11-17,14.427,
2002-11-18,14.427,
2002-11-19,14.427,
2002-11-20,14.427,
2002-11-21,13.818,
2002-11-22,13.208,
2002-11-23,13.208,
2002-11-24,13.208,
2002-11-25,13.208,
2002-11-26,13.208,
2002-11-27,13.208,
2002-11-28,13.208,
2002-11-29,13.208,
2002-11-30,13.208,
2002-12-01,13.208,
2002-12-02,12.903,
2002-12-03,12.903,
2002-12-04,12.903,
2002-12-05,12.903,
2002-12-06,12.903,
2002-12-07,12.903,
2002-12-08,12.903,
2002-12-09,12.903,
2002-12-10,12.903,
2002-12-11,12.903,
2002-12-12,12.903,
2002-12-13,13.208,
2002-12-14,14.427,
2002-12-15,16.866,
2002-12-16,18.694,
2002-12-17,26.01,
2002-12-18,29.058,
2002-12-19,30.582,
2002-12-20,30.582,
2002-12-21,32.715,
2002-12-22,33.63,
2002-12-23,33.63,
2002-12-24,33.63,
2002-12-25,32.715,
2002-12-26,33.325,
2002-12-27,33.934,
2002-12-28,33.934,
2002-12-29,35.458,
2002-12-30,37.287,
2002-12-31,38.811,
2003-01-01,39.421,
2003-01-02,40.335,
2003-01-03,40.64,
2003-01-04,40.64,
2003-01-05,40.64,
2003-01-06,40.64,
2003-01-07,40.64,
2003-01-08,40.64,
2003-01-09,40.64,
2003-01-10,40.64,
2003-01-11,40.64,
2003-01-12,40.64,
2003-01-13,40.64,
2003-01-14,40.64,
2003-01-15,40.64,
2003-01-16,40.64,
2003-01-17,40.64,
2003-01-18,40.64,
2003-01-19,40.64,
2003-01-20,40.64,
2003-01-21,40.64,
2003-01-22,40.64,
2003-01-23,40.64,
2003-01-24,40.64,
2003-01-25,40.64,
2003-01-26,40.64,
2003-01-27,40.64,
2003-01-28,40.64,
2003-01-29,40.64,
2003-01-30,40.64,
2003-01-31,40.64,
2003-02-01,40.64,
2003-02-02,40.64,
2003-02-03,40.64,
2003-02-04,40.64,
2003-02-05,40.64,
2003-02-06,40.64,
2003-02-07,40.64,
2003-02-08,40.64,
2003-02-09,40.64,
2003-02-10,40.64,
2003-02-11,40.64,
2003-02-12,40.64,
2003-02-13,41.25,
2003-02-14,41.25,
2003-02-15,41.25,
2003-02-16,41.25,
2003-02-17,41.25,
2003-02-18,41.25,
2003-02-19,41.25,
2003-02-20,41.25,
2003-02-21,41.25,
2003-02-22,41.25,
2003-02-23,41.25,
2003-02-24,41.25,
2003-02-25,41.25,
2003-02-26,41.25,
2003-02-27,41.25,
2003-02-28,41.25,
2003-03-01,41.25,
2003-03-02,41.25,
2003-03-03,41.25,
2003-03-04,41.25,
2003-03-05,41.25,
2003-03-06,41.25,
2003-03-07,41.25,
2003-03-08,41.25,
2003-03-09,41.25,
2003-03-10,41.25,
2003-03-11,41.25,
2003-03-12,41.25,
2003-03-13,41.25,
2003-03-14,42.469,
2003-03-15,44.298,
2003-03-16,46.431,
2003-03-17,48.87,
2003-03-18,50.089,
2003-03-19,53.137,
2003-03-20,53.137,
2003-03-21,53.137,
2003-03-22,53.137,
2003-03-23,53.137,
2003-03-24,53.137,
2003-03-25,53.137,
2003-03-26,53.137,
2003-03-27,53.137,
2003-03-28,53.442,
2003-03-29,53.442,
2003-03-30,53.442,
2003-03-31,53.442,
2003-04-01,53.442,
2003-04-02,53.746,
2003-04-03,55.88,
2003-04-04,57.099,
2003-04-05,58.623,
2003-04-06,60.757,
2003-04-07,61.366,
2003-04-08,59.842,
2003-04-09,59.233,
2003-04-10,58.623,
2003-04-11,58.928,
2003-04-12,58.623,
2003-04-13,59.842,
2003-04-14,65.024,
2003-04-15,66.853,
2003-04-16,68.072,
2003-04-17,69.291,
2003-04-18,69.901,
2003-04-19,70.51,
2003-04-20,70.815,
2003-04-21,71.73,
2003-04-22,71.73,
2003-04-23,72.034,
2003-04-24,72.949,
2003-04-25,72.034,
2003-04-26,72.339,
2003-04-27,72.644,
2003-04-28,72.644,
2003-04-29,73.558,
2003-04-30,74.168,
2003-05-01,74.473,
2003-05-02,75.082,
2003-05-03,75.082,
2003-05-04,75.082,
2003-05-05,74.778,
2003-05-06,74.168,
2003-05-07,74.168,
2003-05-08,75.387,
2003-05-09,75.692,
2003-05-10,76.911,
2003-05-11,76.911,
2003-05-12,76.302,
2003-05-13,75.946,
2003-05-14,75.438,
2003-05-15,75.387,
2003-05-16,75.438,
2003-05-17,75.692,
2003-05-18,73.558,
2003-05-19,72.644,
2003-05-20,71.425,
2003-05-21,69.291,
2003-05-22,67.462,
2003-05-23,64.719,
2003-05-24,60.452,
2003-05-25,57.709,
2003-05-26,55.88,
2003-05-27,55.27,
2003-05-28,54.051,
2003-05-29,52.222,
2003-05-30,47.65,
2003-05-31,42.164,
2003-06-01,38.202,
2003-06-02,33.63,
2003-06-03,29.058,
2003-06-04,25.4,
2003-06-05,21.742,
2003-06-06,18.085,
2003-06-07,15.342,
2003-06-08,12.294,
2003-06-09,8.331,
2003-06-10,4.978,
2003-06-11,2.54,
2003-06-12,0.0,
2003-06-13,0.0,
2003-06-14,0.0,
2003-06-15,0.0,
2003-06-16,0.0,
2003-06-17,0.0,
2003-06-18,0.0,
2003-06-19,0.0,
2003-06-20,0.0,
2003-06-21,0.0,
2003-06-22,0.0,
2003-06-23,0.0,
2003-06-24,0.0,
2003-06-25,0.0,
2003-06-26,0.0,
2003-06-27,0.0,
2003-06-28,0.0,
2003-06-29,0.0,
2003-06-30,0.0,
2003-07-01,0.0,
2003-07-02,0.0,
2003-07-03,0.0,
2003-07-04,0.0,
2003-07-05,0.0,
2003-07-06,0.0,
2003-07-07,0.0,
2003-07-08,0.0,
2003-07-09,0.0,
2003-07-10,0.0,
2003-07-11,0.0,
2003-07-12,0.0,
2003-07-13,0.0,
2003-07-14,0.0,
2003-07-15,0.0,
2003-07-16,0.0,
2003-07-17,0.0,
2003-07-18,0.0,
2003-07-19,0.0,
2003-07-20,0.0,
2003-07-21,0.0,
2003-07-22,0.0,
2003-07-23,0.0,
2003-07-24,0.0,
2003-07-25,0.0,
2003-07-26,0.0,
2003-07-27,0.0,
2003-07-28,0.0,
2003-07-29,0.0,
2003-07-30,0.0,
2003-07-31,0.0,
2003-08-01,0.0,
2003-08-02,0.0,
2003-08-03,0.0,
2003-08-04,0.0,
2003-08-05,0.0,
2003-08-06,0.0,
2003-08-07,0.0,
2003-08-08,0.0,
2003-08-09,0.0,
2003-08-10,0.0,
2003-08-11,0.0,
2003-08-12,0.0,
2003-08-13,0.0,
2003-08-14,0.0,
2003-08-15,0.0,
2003-08-16,0.0,
2003-08-17,0.0,
2003-08-18,0.0,
2003-08-19,0.0,
2003-08-20,0.0,
2003-08-21,0.0,
2003-08-22,0.0,
2003-08-23,0.0,
2003-08-24,0.0,
2003-08-25,0.0,
2003-08-26,0.0,
2003-08-27,0.0,
2003-08-28,0.0,
2003-08-29,0.0,
2003-08-30,0.0,
2003-08-31,0.0,
2003-09-01,0.0,
2003-09-02,0.0,
2003-09-03,0.0,
2003-09-04,0.0,
2003-09-05,0.0,
2003-09-06,0.0,
2003-09-07,0.0,
2003-09-08,0.0,
2003-09-09,0.0,
2003-09-10,0.0,
2003-09-11,0.0,
2003-09-12,0.0,
2003-09-13,0.0,
2003-09-14,0.0,
2003-09-15,0.0,
2003-09-16,0.0,
2003-09-17,0.0,
2003-09-18,0.0,
2003-09-19,0.0,
2003-09-20,0.0,
2003-09-21,0.0,
2003-09-22,0.0,
2003-09-23,0.0,
2003-09-24,0.0,
2003-09-25,0.0,
2003-09-26,0.0,
2003-09-27,0.0,
2003-09-28,0.0,
2003-09-29,0.0,
2003-09-30,0.0,
2003-10-01,0.0,
2003-10-02,0.0,
2003-10-03,0.0,
2003-10-04,0.0,
2003-10-05,0.0,
2003-10-06,0.0,
2003-10-07,0.0,
2003-10-08,0.0,
2003-10-09,0.0,
2003-10-10,0.0,
2003-10-11,0.0,
2003-10-12,0.0,
2003-10-13,0.0,
2003-10-14,0.0,
2003-10-15,0.0,
2003-10-16,0.0,
2003-10-17,0.0,
2003-10-18,0.0,
2003-10-19,0.0,
2003-10-20,0.0,
2003-10-21,0.0,
2003-10-22,0.0,
2003-10-23,0.0,
2003-10-24,0.0,
2003-10-25,0.0,
2003-10-26,0.0,
2003-10-27,0.0,
2003-10-28,0.0,
2003-10-29,0.0,
2003-10-30,0.0,
2003-10-31,0.0,
2003-11-01,0.0,
2003-11-02,0.0,
2003-11-03,0.0,
2003-11-04,0.0,
2003-11-05,1.016,
2003-11-06,1.016,
2003-11-07,1.321,
2003-11-08,1.321,
2003-11-09,2.235,
2003-11-10,4.674,
2003-11-11,4.978,
2003-11-12,5.283,
2003-11-13,5.588,
2003-11-14,5.588,
2003-11-15,5.893,
2003-11-16,6.502,
2003-11-17,6.502,
2003-11-18,6.502,
2003-11-19,6.502,
2003-11-20,6.502,
2003-11-21,6.502,
2003-11-22,6.502,
2003-11-23,6.502,
2003-11-24,6.502,
2003-11-25,6.502,
2003-11-26,6.502,
2003-11-27,6.502,
2003-11-28,6.502,
2003-11-29,6.502,
2003-11-30,6.502,
2003-12-01,6.502,
2003-12-02,6.502,
2003-12-03,6.502,
2003-12-04,6.502,
2003-12-05,7.112,
2003-12-06,7.722,
2003-12-07,12.294,
2003-12-08,12.294,
2003-12-09,12.294,
2003-12-10,13.513,
2003-12-11,15.951,
2003-12-12,16.256,
2003-12-13,18.694,
2003-12-14,18.999,
2003-12-15,20.828,
2003-12-16,20.828,
2003-12-17,20.828,
2003-12-18,21.742,
2003-12-19,22.047,
2003-12-20,22.047,
2003-12-21,22.047,
2003-12-22,22.352,
2003-12-23,22.657,
2003-12-24,22.657,
2003-12-25,28.143,
2003-12-26,30.277,
2003-12-27,30.277,
2003-12-28,30.886,
2003-12-29,31.801,
2003-12-30,36.068,
2003-12-31,36.678,
2004-01-01,36.982,
2004-01-02,39.726,
2004-01-03,40.945,
2004-01-04,40.64,
2004-01-05,41.554,
2004-01-06,41.859,
2004-01-07,42.469,
2004-01-08,43.383,
2004-01-09,44.298,
2004-01-10,44.298,
2004-01-11,44.298,
2004-01-12,44.298,
2004-01-13,44.298,
2004-01-14,44.298,
2004-01-15,44.298,
2004-01-16,44.298,
2004-01-17,44.298,
2004-01-18,44.298,
2004-01-19,44.298,
2004-01-20,44.298,
2004-01-21,44.298,
2004-01-22,43.993,
2004-01-23,43.993,
2004-01-24,43.993,
2004-01-25,43.993,
2004-01-26,43.993,
2004-01-27,43.993,
2004-01-28,43.993,
2004-01-29,43.993,
2004-01-30,43.993,
2004-01-31,43.993,
2004-02-01,43.993,
2004-02-02,43.993,
2004-02-03,45.822,
2004-02-04,46.431,
2004-02-05,47.346,
2004-02-06,48.26,
2004-02-07,48.26,
2004-02-08,48.26,
2004-02-09,48.565,
2004-02-10,48.565,
2004-02-11,49.479,
2004-02-12,49.479,
2004-02-13,49.479,
2004-02-14,49.479,
2004-02-15,49.479,
2004-02-16,49.479,
2004-02-17,51.308,
2004-02-18,52.527,
2004-02-19,55.27,
2004-02-20,56.185,
2004-02-21,56.185,
2004-02-22,56.794,
2004-02-23,56.794,
2004-02-24,57.404,
2004-02-25,57.404,
2004-02-26,61.366,
2004-02-27,63.5,
2004-02-28,64.719,
2004-02-29,65.024,
2004-03-01,65.634,
2004-03-02,68.072,
2004-03-03,68.072,
2004-03-04,68.072,
2004-03-05,68.072,
2004-03-06,68.072,
2004-03-07,68.072,
2004-03-08,68.072,
2004-03-09,68.072,
2004-03-10,68.072,
2004-03-11,68.072,
2004-03-12,68.072,
2004-03-13,67.158,
2004-03-14,67.158,
2004-03-15,66.548,
2004-03-16,65.634,
2004-03-17,65.024,
2004-03-18,65.024,
2004-03-19,65.024,
2004-03-20,65.024,
2004-03-21,64.414,
2004-03-22,63.805,
2004-03-23,63.805,
2004-03-24,63.195,
2004-03-25,62.586,
2004-03-26,62.281,
2004-03-27,62.89,
2004-03-28,63.195,
2004-03-29,62.586,
2004-03-30,62.281,
2004-03-31,62.281,
2004-04-01,62.281,
2004-04-02,62.23,
2004-04-03,61.214,
2004-04-04,60.198,
2004-04-05,59.233,
2004-04-06,58.623,
2004-04-07,57.912,
2004-04-08,57.404,
2004-04-09,57.404,
2004-04-10,56.49,
2004-04-11,56.185,
2004-04-12,54.966,
2004-04-13,54.356,
2004-04-14,54.356,
2004-04-15,54.356,
2004-04-16,54.356,
2004-04-17,54.966,
2004-04-18,55.575,
2004-04-19,56.794,
2004-04-20,58.014,
2004-04-21,58.623,
2004-04-22,58.318,
2004-04-23,58.014,
2004-04-24,56.185,
2004-04-25,54.966,
2004-04-26,51.918,
2004-04-27,49.479,
2004-04-28,47.65,
2004-04-29,45.517,
2004-04-30,44.907,
2004-05-01,43.688,
2004-05-02,42.164,
2004-05-03,40.03,
2004-05-04,37.897,
2004-05-05,35.154,
2004-05-06,32.106,
2004-05-07,29.972,
2004-05-08,27.534,
2004-05-09,24.79,
2004-05-10,22.352,
2004-05-11,20.828,
2004-05-12,20.218,
2004-05-13,18.39,
2004-05-14,16.256,
2004-05-15,14.122,
2004-05-16,10.77,
2004-05-17,8.026,
2004-05-18,5.588,
2004-05-19,2.54,
2004-05-20,0.0,
2004-05-21,0.0,
2004-05-22,0.0,
2004-05-23,0.0,
2004-05-24,0.0,
2004-05-25,0.0,
2004-05-26,0.0,
2004-05-27,0.0,
2004-05-28,0.0,
2004-05-29,0.0,
2004-05-30,0.0,
2004-05-31,0.0,
2004-06-01,0.0,
2004-06-02,0.0,
2004-06-03,0.0,
2004-06-04,0.0,
2004-06-05,0.0,
2004-06-06,0.0,
2004-06-07,0.0,
2004-06-08,0.0,
2004-06-09,0.0,
2004-06-10,0.0,
2004-06-11,0.0,
2004-06-12,0.0,
2004-06-13,0.0,
2004-06-14,0.0,
2004-06-15,0.0,
2004-06-16,0.0,
2004-06-17,0.0,
2004-06-18,0.0,
2004-06-19,0.0,
2004-06-20,0.0,
2004-06-21,0.0,
2004-06-22,0.0,
2004-06-23,0.0,
2004-06-24,0.0,
2004-06-25,0.0,
2004-06-26,0.0,
2004-06-27,0.0,
2004-06-28,0.0,
2004-06-29,0.0,
2004-06-30,0.0,
2004-07-01,0.0,
2004-07-02,0.0,
2004-07-03,0.0,
2004-07-04,0.0,
2004-07-05,0.0,
2004-07-06,0.0,
2004-07-07,0.0,
2004-07-08,0.0,
2004-07-09,0.0,
2004-07-10,0.0,
2004-07-11,0.0,
2004-07-12,0.0,
2004-07-13,0.0,
2004-07-14,0.0,
2004-07-15,0.0,
2004-07-16,0.0,
2004-07-17,0.0,
2004-07-18,0.0,
2004-07-19,0.0,
2004-07-20,0.0,
2004-07-21,0.0,
2004-07-22,0.0,
2004-07-23,0.0,
2004-07-24,0.0,
2004-07-25,0.0,
2004-07-26,0.0,
2004-07-27,0.0,
2004-07-28,0.0,
2004-07-29,0.0,
2004-07-30,0.0,
2004-07-31,0.0,
2004-08-01,0.0,
2004-08-02,0.0,
2004-08-03,0.0,
2004-08-04,0.0,
2004-08-05,0.0,
2004-08-06,0.0,
2004-08-07,0.0,
2004-08-08,0.0,
2004-08-09,0.0,
2004-08-10,0.0,
2004-08-11,0.0,
2004-08-12,0.0,
2004-08-13,0.0,
2004-08-14,0.0,
2004-08-15,0.0,
2004-08-16,0.0,
2004-08-17,0.0,
2004-08-18,0.0,
2004-08-19,0.0,
2004-08-20,0.0,
2004-08-21,0.0,
2004-08-22,0.0,
2004-08-23,0.0,
2004-08-24,0.0,
2004-08-25,0.0,
2004-08-26,0.0,
2004-08-27,0.0,
2004-08-28,0.0,
2004-08-29,0.0,
2004-08-30,0.0,
2004-08-31,0.0,
2004-09-01,0.0,
2004-09-02,0.0,
2004-09-03,0.0,
2004-09-04,0.0,
2004-09-05,0.0,
2004-09-06,0.0,
2004-09-07,0.0,
2004-09-08,0.0,
2004-09-09,0.0,
2004-09-10,0.0,
2004-09-11,0.0,
2004-09-12,0.0,
2004-09-13,0.0,
2004-09-14,0.0,
2004-09-15,0.0,
2004-09-16,0.0,
2004-09-17,0.0,
2004-09-18,0.0,
2004-09-19,0.0,
2004-09-20,0.0,
2004-09-21,0.0,
2004-09-22,0.0,
2004-09-23,0.0,
2004-09-24,0.0,
2004-09-25,0.0,
2004-09-26,0.0,
2004-09-27,0.0,
2004-09-28,0.0,
2004-09-29,0.0,
2004-09-30,0.0,
2004-10-01,0.0,
2004-10-02,0.0,
2004-10-03,0.0,
2004-10-04,0.0,
2004-10-05,0.0,
2004-10-06,0.0,
2004-10-07,0.0,
2004-10-08,0.0,
2004-10-09,0.0,
2004-10-10,0.0,
2004-10-11,0.0,
2004-10-12,0.0,
2004-10-13,0.0,
2004-10-14,0.0,
2004-10-15,0.0,
2004-10-16,0.0,
2004-10-17,0.0,
2004-10-18,1.321,
2004-10-19,2.54,
2004-10-20,4.978,
2004-10-21,8.636,
2004-10-22,9.855,
2004-10-23,10.16,
2004-10-24,11.684,
2004-10-25,12.598,
2004-10-26,12.903,
2004-10-27,15.951,
2004-10-28,16.561,
2004-10-29,16.866,
2004-10-30,17.17,
2004-10-31,17.17,
2004-11-01,16.866,
2004-11-02,16.561,
2004-11-03,16.256,
2004-11-04,17.17,
2004-11-05,18.39,
2004-11-06,18.999,
2004-11-07,18.999,
2004-11-08,19.609,
2004-11-09,19.914,
2004-11-10,20.523,
2004-11-11,20.523,
2004-11-12,20.828,
2004-11-13,20.828,
2004-11-14,20.828,
2004-11-15,20.828,
2004-11-16,20.828,
2004-11-17,20.828,
2004-11-18,20.523,
2004-11-19,20.218,
2004-11-20,19.914,
2004-11-21,19.609,
2004-11-22,19.304,
2004-11-23,18.999,
2004-11-24,18.999,
2004-11-25,18.694,
2004-11-26,18.694,
2004-11-27,18.694,
2004-11-28,20.828,
2004-11-29,20.828,
2004-11-30,20.828,
2004-12-01,20.828,
2004-12-02,20.828,
2004-12-03,20.828,
2004-12-04,20.828,
2004-12-05,20.828,
2004-12-06,20.828,
2004-12-07,21.133,
2004-12-08,22.962,
2004-12-09,24.486,
2004-12-10,25.705,
2004-12-11,25.705,
2004-12-12,25.705,
2004-12-13,25.705,
2004-12-14,25.705,
2004-12-15,25.705,
2004-12-16,25.705,
2004-12-17,25.705,
2004-12-18,25.705,
2004-12-19,25.705,
2004-12-20,25.705,
2004-12-21,25.705,
2004-12-22,25.705,
2004-12-23,25.705,
2004-12-24,25.705,
2004-12-25,25.705,
2004-12-26,25.705,
2004-12-27,25.705,
2004-12-28,25.705,
2004-12-29,25.705,
2004-12-30,25.705,
2004-12-31,27.534,
2005-01-01,33.02,
2005-01-02,34.849,
2005-01-03,35.458,
2005-01-04,35.763,
2005-01-05,35.763,
2005-01-06,35.763,
2005-01-07,35.763,
2005-01-08,36.678,
2005-01-09,39.726,
2005-01-10,47.041,
2005-01-11,49.784,
2005-01-12,51.308,
2005-01-13,51.308,
2005-01-14,51.308,
2005-01-15,51.308,
2005-01-16,51.308,
2005-01-17,51.308,
2005-01-18,51.308,
2005-01-19,51.308,
2005-01-20,51.308,
2005-01-21,51.308,
2005-01-22,51.308,
2005-01-23,51.054,
2005-01-24,50.698,
2005-01-25,50.394,
2005-01-26,50.394,
2005-01-27,50.394,
2005-01-28,50.698,
2005-01-29,51.308,
2005-01-30,52.222,
2005-01-31,52.222,
2005-02-01,52.222,
2005-02-02,52.222,
2005-02-03,51.918,
2005-02-04,51.918,
2005-02-05,51.613,
2005-02-06,51.613,
2005-02-07,51.613,
2005-02-08,51.003,
2005-02-09,51.003,
2005-02-10,51.003,
2005-02-11,51.308,
2005-02-12,51.308,
2005-02-13,51.308,
2005-02-14,51.003,
2005-02-15,51.003,
2005-02-16,51.918,
2005-02-17,52.832,
2005-02-18,53.137,
2005-02-19,52.832,
2005-02-20,53.137,
2005-02-21,54.356,
2005-02-22,55.27,
2005-02-23,55.575,
2005-02-24,55.575,
2005-02-25,55.575,
2005-02-26,55.575,
2005-02-27,55.575,
2005-02-28,55.575,
2005-03-01,55.575,
2005-03-02,60.96,
2005-03-03,60.96,
2005-03-04,60.96,
2005-03-05,60.96,
2005-03-06,60.96,
2005-03-07,60.96,
2005-03-08,60.655,
2005-03-09,60.35,
2005-03-10,59.639,
2005-03-11,59.03,
2005-03-12,58.42,
2005-03-13,58.014,
2005-03-14,58.014,
2005-03-15,58.014,
2005-03-16,58.014,
2005-03-17,58.014,
2005-03-18,58.014,
2005-03-19,59.538,
2005-03-20,61.366,
2005-03-21,63.5,
2005-03-22,66.243,
2005-03-23,69.596,
2005-03-24,70.815,
2005-03-25,70.815,
2005-03-26,71.425,
2005-03-27,71.73,
2005-03-28,71.425,
2005-03-29,70.815,
2005-03-30,70.815,
2005-03-31,70.815,
2005-04-01,70.815,
2005-04-02,70.51,
2005-04-03,70.206,
2005-04-04,68.377,
2005-04-05,67.462,
2005-04-06,66.243,
2005-04-07,65.329,
2005-04-08,64.719,
2005-04-09,65.938,
2005-04-10,65.938,
2005-04-11,65.938,
2005-04-12,65.329,
2005-04-13,64.719,
2005-04-14,64.11,
2005-04-15,64.11,
2005-04-16,63.5,
2005-04-17,62.89,
2005-04-18,61.671,
2005-04-19,61.976,
2005-04-20,61.976,
2005-04-21,61.976,
2005-04-22,61.976,
2005-04-23,62.281,
2005-04-24,62.281,
2005-04-25,62.281,
2005-04-26,63.5,
2005-04-27,63.5,
2005-04-28,63.195,
2005-04-29,62.89,
2005-04-30,63.5,
2005-05-01,64.516,
2005-05-02,65.532,
2005-05-03,66.548,
2005-05-04,67.564,
2005-05-05,68.58,
2005-05-06,69.596,
2005-05-07,70.612,
2005-05-08,71.628,
2005-05-09,72.644,
2005-05-10,73.66,
2005-05-11,74.676,
2005-05-12,75.692,
2005-05-13,76.708,
2005-05-14,77.724,
2005-05-15,78.74,
2005-05-16,78.74,
2005-05-17,78.74,
2005-05-18,78.74,
2005-05-19,78.13,
2005-05-20,80.569,
2005-05-21,80.569,
2005-05-22,80.569,
2005-05-23,80.569,
2005-05-24,80.569,
2005-05-25,80.569,
2005-05-26,78.74,
2005-05-27,75.692,
2005-05-28,72.034,
2005-05-29,68.377,
2005-05-30,66.853,
2005-05-31,63.5,
2005-06-01,59.842,
2005-06-02,58.014,
2005-06-03,55.88,
2005-06-04,54.356,
2005-06-05,52.832,
2005-06-06,51.308,
2005-06-07,50.698,
2005-06-08,49.479,
2005-06-09,49.479,
2005-06-10,47.65,
2005-06-11,46.736,
2005-06-12,45.212,
2005-06-13,44.298,
2005-06-14,42.774,
2005-06-15,40.03,
2005-06-16,36.982,
2005-06-17,34.849,
2005-06-18,34.239,
2005-06-19,33.02,
2005-06-20,31.191,
2005-06-21,29.362,
2005-06-22,26.924,
2005-06-23,24.181,
2005-06-24,21.133,
2005-06-25,18.39,
2005-06-26,15.951,
2005-06-27,13.513,
2005-06-28,10.465,
2005-06-29,6.502,
2005-06-30,0.0,
2005-07-01,0.0,
2005-07-02,0.0,
2005-07-03,0.0,
2005-07-04,0.0,
2005-07-05,0.0,
2005-07-06,0.0,
2005-07-07,0.0,
2005-07-08,0.0,
2005-07-09,0.0,
2005-07-10,0.0,
2005-07-11,0.0,
2005-07-12,0.0,
2005-07-13,0.0,
2005-07-14,0.0,
2005-07-15,0.0,
2005-07-16,0.0,
2005-07-17,0.0,
2005-07-18,0.0,
2005-07-19,0.0,
2005-07-20,0.0,
2005-07-21,0.0,
2005-07-22,0.0,
2005-07-23,0.0,
2005-07-24,0.0,
2005-07-25,0.0,
2005-07-26,0.0,
2005-07-27,0.0,
2005-07-28,0.0,
2005-07-29,0.0,
2005-07-30,0.0,
2005-07-31,0.0,
2005-08-01,0.0,
2005-08-02,0.0,
2005-08-03,0.0,
2005-08-04,0.0,
2005-08-05,0.0,
2005-08-06,0.0,
2005-08-07,0.0,
2005-08-08,0.0,
2005-08-09,0.0,
2005-08-10,0.0,
2005-08-11,0.0,
2005-08-12,0.0,
2005-08-13,0.0,
2005-08-14,0.0,
2005-08-15,0.0,
2005-08-16,0.0,
2005-08-17,0.0,
2005-08-18,0.0,
2005-08-19,0.0,
2005-08-20,0.0,
2005-08-21,0.0,
2005-08-22,0.0,
2005-08-23,0.0,
2005-08-24,0.0,
2005-08-25,0.0,
2005-08-26,0.0,
2005-08-27,0.0,
2005-08-28,0.0,
2005-08-29,0.0,
2005-08-30,0.0,
2005-08-31,0.0,
2005-09-01,0.0,
2005-09-02,0.0,
2005-09-03,0.0,
2005-09-04,0.0,
2005-09-05,0.0,
2005-09-06,0.0,
2005-09-07,0.0,
2005-09-08,0.0,
2005-09-09,0.0,
2005-09-10,0.0,
2005-09-11,0.0,
2005-09-12,0.0,
2005-09-13,0.0,
2005-09-14,0.0,
2005-09-15,0.0,
2005-09-16,0.0,
2005-09-17,0.0,
2005-09-18,0.0,
2005-09-19,0.0,
2005-09-20,0.0,
2005-09-21,0.0,
2005-09-22,0.0,
2005-09-23,0.0,
2005-09-24,0.0,
2005-09-25,0.0,
2005-09-26,0.0,
2005-09-27,0.0,
2005-09-28,0.0,
2005-09-29,0.0,
2005-09-30,0.0,
2005-10-01,0.0,
2005-10-02,0.0,
2005-10-03,0.0,
2005-10-04,0.0,
2005-10-05,0.0,
2005-10-06,0.0,
2005-10-07,0.0,
2005-10-08,0.0,
2005-10-09,0.0,
2005-10-10,0.0,
2005-10-11,0.0,
2005-10-12,0.0,
2005-10-13,0.0,
2005-10-14,0.0,
2005-10-15,0.0,
2005-10-16,0.0,
2005-10-17,0.0,
2005-10-18,0.0,
2005-10-19,0.0,
2005-10-20,0.0,
2005-10-21,0.0,
2005-10-22,0.0,
2005-10-23,0.0,
2005-10-24,0.0,
2005-10-25,0.0,
2005-10-26,0.0,
2005-10-27,0.0,
2005-10-28,0.0,
2005-10-29,0.0,
2005-10-30,0.0,
2005-10-31,0.0,
2005-11-01,0.0,0.0
2005-11-02,0.0,0.0
2005-11-03,0.0,-2.54
2005-11-04,0.0,0.0
2005-11-05,0.0,0.0
2005-11-06,0.0,-2.54
2005-11-07,0.0,-2.54
2005-11-08,2.134,7.62
2005-11-09,3.048,10.16
2005-11-10,3.353,5.08
2005-11-11,3.353,2.54
2005-11-12,3.353,5.08
2005-11-13,3.353,5.08
2005-11-14,3.353,5.08
2005-11-15,3.353,2.54
2005-11-16,2.743,0.0
2005-11-17,1.524,0.0
2005-11-18,1.219,-2.54
2005-11-19,0.914,0.0
2005-11-20,0.0,0.0
2005-11-21,0.0,0.0
2005-11-22,0.0,2.54
2005-11-23,0.0,-2.54
2005-11-24,0.0,0.0
2005-11-25,0.0,-2.54
2005-11-26,0.0,2.54
2005-11-27,0.0,2.54
2005-11-28,0.0,2.54
2005-11-29,4.877,30.48
2005-11-30,5.182,27.94
2005-12-01,5.791,30.48
2005-12-02,15.545,91.44
2005-12-03,15.545,81.28
2005-12-04,15.545,78.74
2005-12-05,15.545,76.2
2005-12-06,15.545,73.66
2005-12-07,15.85,73.66
2005-12-08,16.764,76.2
2005-12-09,16.764,76.2
2005-12-10,16.764,76.2
2005-12-11,16.764,71.12
2005-12-12,16.764,71.12
2005-12-13,16.764,71.12
2005-12-14,16.154,71.12
2005-12-15,16.154,71.12
2005-12-16,16.154,68.58
2005-12-17,16.154,68.58
2005-12-18,19.507,101.6
2005-12-19,24.994,116.84
2005-12-20,25.298,109.22
2005-12-21,25.298,104.14
2005-12-22,27.737,116.84
2005-12-23,27.737,106.68
2005-12-24,28.346,104.14
2005-12-25,29.261,99.06
2005-12-26,30.48,121.92
2005-12-27,32.309,116.84
2005-12-28,35.052,114.3
2005-12-29,36.881,132.08
2005-12-30,37.795,132.08
2005-12-31,45.11,177.8
2006-01-01,50.597,182.88
2006-01-02,54.559,205.74
2006-01-03,59.741,223.52
2006-01-04,60.35,215.9
2006-01-05,60.35,208.28
2006-01-06,60.35,203.2
2006-01-07,60.35,203.2
2006-01-08,60.35,195.58
2006-01-09,60.046,190.5
2006-01-10,59.741,190.5
2006-01-11,59.741,187.96
2006-01-12,59.436,182.88
2006-01-13,59.436,182.88
2006-01-14,59.741,187.96
2006-01-15,62.789,238.76
2006-01-16,63.094,226.06
2006-01-17,64.008,220.98
2006-01-18,64.922,223.52
2006-01-19,66.142,233.68
2006-01-20,66.142,228.6
2006-01-21,67.666,223.52
2006-01-22,67.666,223.52
2006-01-23,67.666,218.44
2006-01-24,68.275,208.28
2006-01-25,67.056,205.74
2006-01-26,67.056,198.12
2006-01-27,66.446,198.12
2006-01-28,66.446,203.2
2006-01-29,67.361,205.74
2006-01-30,68.275,203.2
2006-01-31,68.58,213.36
2006-02-01,69.494,210.82
2006-02-02,71.018,210.82
2006-02-03,72.847,208.28
2006-02-04,72.847,208.28
2006-02-05,72.847,205.74
2006-02-06,72.847,203.2
2006-02-07,72.847,203.2
2006-02-08,72.847,200.66
2006-02-09,72.847,200.66
2006-02-10,72.847,200.66
2006-02-11,72.847,200.66
2006-02-12,72.847,198.12
2006-02-13,72.847,
2006-02-14,73.66,
2006-02-15,73.66,
2006-02-16,73.66,
2006-02-17,73.66,
2006-02-18,73.66,
2006-02-19,73.66,
2006-02-20,73.66,
2006-02-21,73.66,
2006-02-22,73.66,
2006-02-23,73.66,
2006-02-24,73.66,
2006-02-25,74.93,
2006-02-26,74.93,
2006-02-27,74.93,
2006-02-28,74.93,
2006-03-01,74.93,
2006-03-02,74.93,
2006-03-03,74.93,
2006-03-04,76.2,
2006-03-05,76.2,
2006-03-06,76.2,
2006-03-07,76.2,
2006-03-08,76.2,
2006-03-09,76.2,
2006-03-10,77.216,
2006-03-11,77.216,
2006-03-12,77.216,
2006-03-13,77.216,
2006-03-14,77.216,
2006-03-15,77.216,
2006-03-16,78.334,302.26
2006-03-17,78.334,292.1
2006-03-18,78.334,299.72
2006-03-19,78.334,302.26
2006-03-20,78.334,294.64
2006-03-21,78.334,299.72
2006-03-22,78.334,294.64
2006-03-23,79.248,287.02
2006-03-24,79.248,281.94
2006-03-25,79.248,287.02
2006-03-26,79.553,294.64
2006-03-27,80.467,289.56
2006-03-28,80.467,287.02
2006-03-29,80.772,320.04
2006-03-30,80.772,396.24
2006-03-31,81.991,302.26
2006-04-01,82.296,320.04
2006-04-02,82.906,309.88
2006-04-03,84.125,330.2
2006-04-04,86.258,332.74
2006-04-05,88.392,360.68
2006-04-06,89.611,350.52
2006-04-07,90.83,337.82
2006-04-08,91.44,335.28
2006-04-09,92.05,325.12
2006-04-10,92.354,330.2
2006-04-11,92.964,327.66
2006-04-12,93.269,332.74
2006-04-13,94.183,322.58
2006-04-14,94.793,314.96
2006-04-15,94.793,314.96
2006-04-16,95.098,309.88
2006-04-17,101.6,337.82
2006-04-18,101.6,325.12
2006-04-19,101.6,320.04
2006-04-20,101.6,314.96
2006-04-21,101.6,307.34
2006-04-22,101.6,307.34
2006-04-23,104.14,312.42
2006-04-24,104.14,309.88
2006-04-25,104.14,302.26
2006-04-26,104.14,299.72
2006-04-27,106.68,307.34
2006-04-28,106.68,294.64
2006-04-29,106.68,287.02
2006-04-30,106.68,279.4
2006-05-01,106.68,274.32
2006-05-02,106.68,269.24
2006-05-03,106.426,264.16
2006-05-04,106.172,261.62
2006-05-05,105.918,259.08
2006-05-06,105.41,254.0
2006-05-07,104.902,248.92
2006-05-08,104.648,243.84
2006-05-09,104.648,238.76
2006-05-10,104.648,233.68
2006-05-11,104.546,228.6
2006-05-12,104.546,226.06
2006-05-13,104.242,220.98
2006-05-14,102.718,215.9
2006-05-15,101.498,210.82
2006-05-16,99.974,208.28
2006-05-17,99.06,200.66
2006-05-18,98.45,198.12
2006-05-19,97.231,190.5
2006-05-20,94.183,185.42
2006-05-21,91.745,180.34
2006-05-22,90.526,180.34
2006-05-23,88.392,185.42
2006-05-24,85.954,177.8
2006-05-25,82.906,172.72
2006-05-26,80.467,170.18
2006-05-27,76.81,165.1
2006-05-28,75.286,165.1
2006-05-29,75.59,160.02
2006-05-30,73.152,160.02
2006-05-31,70.714,152.4
2006-06-01,67.666,147.32
2006-06-02,64.313,139.7
2006-06-03,59.741,129.54
2006-06-04,55.474,124.46
2006-06-05,50.902,116.84
2006-06-06,47.244,106.68
2006-06-07,42.977,99.06
2006-06-08,38.71,91.44
2006-06-09,35.966,83.82
2006-06-10,32.614,76.2
2006-06-11,30.175,73.66
2006-06-12,27.432,66.04
2006-06-13,24.384,60.96
2006-06-14,22.86,55.88
2006-06-15,21.031,55.88
2006-06-16,19.507,50.8
2006-06-17,17.069,45.72
2006-06-18,14.326,35.56
2006-06-19,11.278,25.4
2006-06-20,8.839,20.32
2006-06-21,5.791,10.16
2006-06-22,2.438,0.0
2006-06-23,0.0,-5.08
2006-06-24,0.0,-5.08
2006-06-25,0.0,
2006-06-26,0.0,
2006-06-27,0.0,
2006-06-28,0.0,
2006-06-29,0.0,
2006-06-30,0.0,
2006-07-01,0.0,-5.08
2006-07-02,0.0,
2006-07-03,0.0,-5.08
2006-07-04,0.0,
2006-07-05,0.0,
2006-07-06,0.0,-5.08
2006-07-07,0.0,
2006-07-08,0.0,-5.08
2006-07-09,0.0,2.54
2006-07-10,0.0,-5.08
2006-07-11,0.0,0.0
2006-07-12,0.0,0.0
2006-07-13,0.0,0.0
2006-07-14,0.0,0.0
2006-07-15,0.0,0.0
2006-07-16,0.0,-2.54
2006-07-17,0.0,0.0
2006-07-18,0.0,-2.54
2006-07-19,0.0,-2.54
2006-07-20,0.0,
2006-07-21,0.0,
2006-07-22,0.0,434.34
2006-07-23,0.0,434.34
2006-07-24,0.0,
2006-07-25,0.0,
2006-07-26,0.0,
2006-07-27,0.0,
2006-07-28,0.0,
2006-07-29,0.0,
2006-07-30,0.0,
2006-07-31,0.0,434.34
2006-08-01,0.0,434.34
2006-08-02,0.0,
2006-08-03,0.0,
2006-08-04,0.0,434.34
2006-08-05,0.0,434.34
2006-08-06,0.0,434.34
2006-08-07,0.0,434.34
2006-08-08,0.0,434.34
2006-08-09,0.0,434.34
2006-08-10,0.0,
2006-08-11,0.0,434.34
2006-08-12,0.0,434.34
2006-08-13,0.0,
2006-08-14,0.0,434.34
2006-08-15,0.0,434.34
2006-08-16,0.0,
2006-08-17,0.0,
2006-08-18,0.0,
2006-08-19,0.0,
2006-08-20,0.0,
2006-08-21,0.0,
2006-08-22,0.0,
2006-08-23,0.0,
2006-08-24,0.0,
2006-08-25,0.0,
2006-08-26,0.0,
2006-08-27,0.0,
2006-08-28,0.0,
2006-08-29,0.0,
2006-08-30,0.0,
2006-08-31,0.0,
2006-09-01,0.0,
2006-09-02,0.0,
2006-09-03,0.0,
2006-09-04,0.0,
2006-09-05,0.0,
2006-09-06,0.0,
2006-09-07,0.0,
2006-09-08,0.0,
2006-09-09,0.0,
2006-09-10,0.0,
2006-09-11,0.0,
2006-09-12,0.0,
2006-09-13,0.0,
2006-09-14,0.0,
2006-09-15,0.0,
2006-09-16,0.0,
2006-09-17,0.0,
2006-09-18,0.0,
2006-09-19,0.0,
2006-09-20,0.0,
2006-09-21,0.0,
2006-09-22,0.0,
2006-09-23,0.0,
2006-09-24,0.0,
2006-09-25,0.0,
2006-09-26,0.0,
2006-09-27,0.0,
2006-09-28,0.0,
2006-09-29,0.0,
2006-09-30,0.0,
2006-10-01,0.0,
2006-10-02,0.0,
2006-10-03,0.0,
2006-10-04,0.0,
2006-10-05,0.0,
2006-10-06,0.0,
2006-10-07,0.0,
2006-10-08,0.0,
2006-10-09,0.0,
2006-10-10,0.0,
2006-10-11,0.0,
2006-10-12,0.0,
2006-10-13,0.0,
2006-10-14,0.0,
2006-10-15,0.0,
2006-10-16,0.0,
2006-10-17,0.0,
2006-10-18,0.0,
2006-10-19,0.0,2.54
2006-10-20,0.0,2.54
2006-10-21,0.0,2.54
2006-10-22,0.0,2.54
2006-10-23,0.0,2.54
2006-10-24,0.0,2.54
2006-10-25,0.0,2.54
2006-10-26,0.0,2.54
2006-10-27,0.0,2.54
2006-10-28,0.0,5.08
2006-10-29,0.0,2.54
2006-10-30,0.0,2.54
2006-10-31,0.0,2.54
2006-11-01,0.0,2.54
2006-11-02,0.0,2.54
2006-11-03,0.0,7.62
2006-11-04,0.0,7.62
2006-11-05,0.0,5.08
2006-11-06,0.0,5.08
2006-11-07,0.0,5.08
2006-11-08,0.0,2.54
2006-11-09,0.0,5.08
2006-11-10,0.0,5.08
2006-11-11,0.0,7.62
2006-11-12,0.0,7.62
2006-11-13,0.914,12.7
2006-11-14,3.658,15.24
2006-11-15,4.572,15.24
2006-11-16,4.572,15.24
2006-11-17,4.572,12.7
2006-11-18,4.572,12.7
2006-11-19,4.267,10.16
2006-11-20,3.658,10.16
2006-11-21,3.658,10.16
2006-11-22,3.353,10.16
2006-11-23,3.048,10.16
2006-11-24,2.743,10.16
2006-11-25,3.048,10.16
2006-11-26,4.572,15.24
2006-11-27,4.572,12.7
2006-11-28,4.572,10.16
2006-11-29,4.572,10.16
2006-11-30,4.572,10.16
2006-12-01,4.572,10.16
2006-12-02,4.572,10.16
2006-12-03,4.572,10.16
2006-12-04,4.572,10.16
2006-12-05,4.572,10.16
2006-12-06,4.572,10.16
2006-12-07,4.572,10.16
2006-12-08,4.877,10.16
2006-12-09,4.267,15.24
2006-12-10,4.267,38.1
2006-12-11,4.877,35.56
2006-12-12,7.315,40.64
2006-12-13,7.315,40.64
2006-12-14,7.315,33.02
2006-12-15,7.315,35.56
2006-12-16,7.315,60.96
2006-12-17,7.925,60.96
2006-12-18,8.23,58.42
2006-12-19,8.534,50.8
2006-12-20,8.839,48.26
2006-12-21,9.144,58.42
2006-12-22,10.058,60.96
2006-12-23,10.058,55.88
2006-12-24,10.668,55.88
2006-12-25,11.278,53.34
2006-12-26,11.278,68.58
2006-12-27,12.497,83.82
2006-12-28,14.63,81.28
2006-12-29,14.935,60.96
2006-12-30,15.24,60.96
2006-12-31,15.545,60.96
2007-01-01,15.545,58.42
2007-01-02,15.85,58.42
2007-01-03,16.154,58.42
2007-01-04,16.459,83.82
2007-01-05,20.726,86.36
2007-01-06,21.641,81.28
2007-01-07,21.641,78.74
2007-01-08,21.641,76.2
2007-01-09,21.641,76.2
2007-01-10,21.641,73.66
2007-01-11,21.641,78.74
2007-01-12,21.641,78.74
2007-01-13,21.641,76.2
2007-01-14,21.641,73.66
2007-01-15,21.641,71.12
2007-01-16,21.641,71.12
2007-01-17,21.641,71.12
2007-01-18,21.641,71.12
2007-01-19,21.641,71.12
2007-01-20,21.641,71.12
2007-01-21,21.641,68.58
2007-01-22,21.641,68.58
2007-01-23,21.641,71.12
2007-01-24,21.641,71.12
2007-01-25,21.641,68.58
2007-01-26,21.641,71.12
2007-01-27,21.641,68.58
2007-01-28,21.641,71.12
2007-01-29,21.641,71.12
2007-01-30,21.641,68.58
2007-01-31,21.641,71.12
2007-02-01,21.641,71.12
2007-02-02,21.641,71.12
2007-02-03,21.641,71.12
2007-02-04,21.641,68.58
2007-02-05,21.641,66.04
2007-02-06,21.641,63.5
2007-02-07,21.336,66.04
2007-02-08,21.336,73.66
2007-02-09,21.336,83.82
2007-02-10,21.946,106.68
2007-02-11,24.079,127.0
2007-02-12,25.603,119.38
2007-02-13,26.213,116.84
2007-02-14,26.822,114.3
2007-02-15,27.127,111.76
2007-02-16,27.737,106.68
2007-02-17,28.042,101.6
2007-02-18,28.042,104.14
2007-02-19,28.042,106.68
2007-02-20,28.042,104.14
2007-02-21,28.042,101.6
2007-02-22,28.651,129.54
2007-02-23,29.566,144.78
2007-02-24,30.48,137.16
2007-02-25,32.004,162.56
2007-02-26,33.833,190.5
2007-02-27,40.64,210.82
2007-02-28,42.672,193.04
2007-03-01,42.672,187.96
2007-03-02,42.672,180.34
2007-03-03,42.672,172.72
2007-03-04,42.672,167.64
2007-03-05,42.672,160.02
2007-03-06,42.672,
2007-03-07,41.91,
2007-03-08,41.91,
2007-03-09,41.91,
2007-03-10,41.91,
2007-03-11,41.91,
2007-03-12,41.91,
2007-03-13,41.91,
2007-03-14,41.91,
2007-03-15,41.91,
2007-03-16,41.91,
2007-03-17,41.91,
2007-03-18,41.91,
2007-03-19,41.91,
2007-03-20,41.91,
2007-03-21,41.91,
2007-03-22,40.64,
2007-03-23,40.64,
2007-03-24,40.64,
2007-03-25,40.64,
2007-03-26,40.64,
2007-03-27,40.64,
2007-03-28,40.64,
2007-03-29,40.64,
2007-03-30,40.64,
2007-03-31,40.64,
2007-04-01,40.64,
2007-04-02,40.64,
2007-04-03,40.64,
2007-04-04,40.64,
2007-04-05,40.64,
2007-04-06,40.64,
2007-04-07,40.64,
2007-04-08,40.64,
2007-04-09,40.64,
2007-04-10,40.64,
2007-04-11,40.64,
2007-04-12,40.64,
2007-04-13,40.64,
2007-04-14,40.64,
2007-04-15,40.64,
2007-04-16,40.64,
2007-04-17,40.64,
2007-04-18,40.64,
2007-04-19,40.64,
2007-04-20,40.64,
2007-04-21,40.64,
2007-04-22,40.64,
2007-04-23,40.64,
2007-04-24,40.64,391.16
2007-04-25,40.234,391.16
2007-04-26,39.929,391.16
2007-04-27,38.1,391.16
2007-04-28,37.186,391.16
2007-04-29,35.662,388.62
2007-04-30,34.138,388.62
2007-05-01,31.394,388.62
2007-05-02,29.261,391.16
2007-05-03,28.956,391.16
2007-05-04,29.87,391.16
2007-05-05,32.004,391.16
2007-05-06,31.699,391.16
2007-05-07,31.394,388.62
2007-05-08,31.09,388.62
2007-05-09,29.261,388.62
2007-05-10,27.127,388.62
2007-05-11,25.603,388.62
2007-05-12,22.86,388.62
2007-05-13,20.422,388.62
2007-05-14,18.898,388.62
2007-05-15,16.764,388.62
2007-05-16,14.63,386.08
2007-05-17,11.887,386.08
2007-05-18,9.754,386.08
2007-05-19,5.791,386.08
2007-05-20,3.962,386.08
2007-05-21,2.286,386.08
2007-05-22,0.0,386.08
2007-05-23,0.0,386.08
2007-05-24,0.0,386.08
2007-05-25,0.0,386.08
2007-05-26,0.0,386.08
2007-05-27,0.0,386.08
2007-05-28,0.0,386.08
2007-05-29,0.0,386.08
2007-05-30,0.0,386.08
2007-05-31,0.0,386.08
2007-06-01,0.0,386.08
2007-06-02,0.0,386.08
2007-06-03,0.0,386.08
2007-06-04,0.0,386.08
2007-06-05,0.0,386.08
2007-06-06,0.0,386.08
2007-06-07,0.0,386.08
2007-06-08,0.0,386.08
2007-06-09,0.0,386.08
2007-06-10,0.0,386.08
2007-06-11,0.0,386.08
2007-06-12,0.0,386.08
2007-06-13,0.0,386.08
2007-06-14,0.0,386.08
2007-06-15,0.0,386.08
2007-06-16,0.0,386.08
2007-06-17,0.0,386.08
2007-06-18,0.0,386.08
2007-06-19,0.0,386.08
2007-06-20,0.0,386.08
2007-06-21,0.0,386.08
2007-06-22,0.0,386.08
2007-06-23,0.0,386.08
2007-06-24,0.0,386.08
2007-06-25,0.0,386.08
2007-06-26,0.0,386.08
2007-06-27,0.0,386.08
2007-06-28,0.0,386.08
2007-06-29,0.0,386.08
2007-06-30,0.0,386.08
2007-07-01,0.0,386.08
2007-07-02,0.0,386.08
2007-07-03,0.0,386.08
2007-07-04,0.0,386.08
2007-07-05,0.0,386.08
2007-07-06,0.0,386.08
2007-07-07,0.0,386.08
2007-07-08,0.0,386.08
2007-07-09,0.0,386.08
2007-07-10,0.0,386.08
2007-07-11,0.0,386.08
2007-07-12,0.0,386.08
2007-07-13,0.0,386.08
2007-07-14,0.0,386.08
2007-07-15,0.0,386.08
2007-07-16,0.0,386.08
2007-07-17,0.0,386.08
2007-07-18,0.0,386.08
2007-07-19,0.0,386.08
2007-07-20,0.0,386.08
2007-07-21,0.0,386.08
2007-07-22,0.0,386.08
2007-07-23,0.0,386.08
2007-07-24,0.0,386.08
2007-07-25,0.0,386.08
2007-07-26,0.0,386.08
2007-07-27,0.0,386.08
2007-07-28,0.0,386.08
2007-07-29,0.0,386.08
2007-07-30,0.0,386.08
2007-07-31,0.0,386.08
2007-08-01,0.0,378.46
2007-08-02,0.0,378.46
2007-08-03,0.0,
2007-08-04,0.0,
2007-08-05,0.0,
2007-08-06,0.0,
2007-08-07,0.0,
2007-08-08,0.0,
2007-08-09,0.0,
2007-08-10,0.0,
2007-08-11,0.0,
2007-08-12,0.0,
2007-08-13,0.0,2.54
2007-08-14,0.0,2.54
2007-08-15,0.0,2.54
2007-08-16,0.0,2.54
2007-08-17,0.0,2.54
2007-08-18,0.0,2.54
2007-08-19,0.0,5.08
2007-08-20,0.0,5.08
2007-08-21,0.0,2.54
2007-08-22,0.0,5.08
2007-08-23,0.0,5.08
2007-08-24,0.0,2.54
2007-08-25,0.0,2.54
2007-08-26,0.0,2.54
2007-08-27,0.0,5.08
2007-08-28,0.0,2.54
2007-08-29,0.0,2.54
2007-08-30,0.0,2.54
2007-08-31,0.0,2.54
2007-09-01,0.0,2.54
2007-09-02,0.0,5.08
2007-09-03,0.0,5.08
2007-09-04,0.0,2.54
2007-09-05,0.0,5.08
2007-09-06,0.0,5.08
2007-09-07,0.0,5.08
2007-09-08,0.0,5.08
2007-09-09,0.0,2.54
2007-09-10,0.0,2.54
2007-09-11,0.0,5.08
2007-09-12,0.0,5.08
2007-09-13,0.0,2.54
2007-09-14,0.0,2.54
2007-09-15,0.0,5.08
2007-09-16,0.0,2.54
2007-09-17,0.0,2.54
2007-09-18,0.0,2.54
2007-09-19,0.0,2.54
2007-09-20,0.0,10.16
2007-09-21,0.0,2.54
2007-09-22,0.0,5.08
2007-09-23,0.0,5.08
2007-09-24,0.0,5.08
2007-09-25,0.0,5.08
2007-09-26,0.0,5.08
2007-09-27,0.0,5.08
2007-09-28,0.0,5.08
2007-09-29,0.0,5.08
2007-09-30,0.0,5.08
2007-10-01,0.0,2.54
2007-10-02,0.0,5.08
2007-10-03,0.0,5.08
2007-10-04,0.0,2.54
2007-10-05,0.0,15.24
2007-10-06,0.0,15.24
2007-10-07,0.0,10.16
2007-10-08,0.0,5.08
2007-10-09,0.0,5.08
2007-10-10,0.0,5.08
2007-10-11,0.0,5.08
2007-10-12,0.0,2.54
2007-10-13,0.0,2.54
2007-10-14,0.0,5.08
2007-10-15,0.0,5.08
2007-10-16,0.0,5.08
2007-10-17,0.0,5.08
2007-10-18,0.0,2.54
2007-10-19,0.0,5.08
2007-10-20,0.0,5.08
2007-10-21,0.0,5.08
2007-10-22,0.0,5.08
2007-10-23,0.0,5.08
2007-10-24,0.0,5.08
2007-10-25,0.0,5.08
2007-10-26,0.0,5.08
2007-10-27,0.0,5.08
2007-10-28,0.0,2.54
2007-10-29,0.0,5.08
2007-10-30,0.0,5.08
2007-10-31,0.0,5.08
2007-11-01,0.0,5.08
2007-11-02,0.0,5.08
2007-11-03,0.0,5.08
2007-11-04,0.0,5.08
2007-11-05,0.0,5.08
2007-11-06,0.0,5.08
2007-11-07,0.0,5.08
2007-11-08,0.0,5.08
2007-11-09,0.0,2.54
2007-11-10,0.0,5.08
2007-11-11,0.813,12.7
2007-11-12,1.118,12.7
2007-11-13,1.118,10.16
2007-11-14,0.508,7.62
2007-11-15,0.0,5.08
2007-11-16,0.0,5.08
2007-11-17,0.0,5.08
2007-11-18,0.0,5.08
2007-11-19,0.0,5.08
2007-11-20,0.0,5.08
2007-11-21,0.0,5.08
2007-11-22,0.0,5.08
2007-11-23,0.0,5.08
2007-11-24,0.0,5.08
2007-11-25,0.0,5.08
2007-11-26,0.0,5.08
2007-11-27,0.0,5.08
2007-11-28,0.0,5.08
2007-11-29,0.0,5.08
2007-11-30,0.0,5.08
2007-12-01,0.0,5.08
2007-12-02,0.0,5.08
2007-12-03,0.203,2.54
2007-12-04,0.508,5.08
2007-12-05,0.203,5.08
2007-12-06,0.0,22.86
2007-12-07,2.642,50.8
2007-12-08,3.251,48.26
2007-12-09,3.556,43.18
2007-12-10,3.556,38.1
2007-12-11,3.556,35.56
2007-12-12,3.556,33.02
2007-12-13,3.861,33.02
2007-12-14,3.861,30.48
2007-12-15,4.166,30.48
2007-12-16,4.166,30.48
2007-12-17,4.166,30.48
2007-12-18,4.166,55.88
2007-12-19,5.385,55.88
2007-12-20,6.299,63.5
2007-12-21,6.909,63.5
2007-12-22,7.518,58.42
2007-12-23,7.823,55.88
2007-12-24,8.128,53.34
2007-12-25,7.518,53.34
2007-12-26,7.823,50.8
2007-12-27,6.909,50.8
2007-12-28,7.823,55.88
2007-12-29,8.433,58.42
2007-12-30,9.144,58.42
2007-12-31,9.347,60.96
2008-01-01,9.652,58.42
2008-01-02,9.957,55.88
2008-01-03,9.957,53.34
2008-01-04,9.957,66.04
2008-01-05,17.272,147.32
2008-01-06,22.149,165.1
2008-01-07,22.758,152.4
2008-01-08,23.673,152.4
2008-01-09,25.502,149.86
2008-01-10,26.111,144.78
2008-01-11,27.33,142.24
2008-01-12,27.33,139.7
2008-01-13,27.33,137.16
2008-01-14,27.33,132.08
2008-01-15,27.33,132.08
2008-01-16,27.33,127.0
2008-01-17,27.33,124.46
2008-01-18,27.33,124.46
2008-01-19,27.33,121.92
2008-01-20,27.33,127.0
2008-01-21,27.33,129.54
2008-01-22,27.33,139.7
2008-01-23,28.245,144.78
2008-01-24,29.769,147.32
2008-01-25,30.378,147.32
2008-01-26,31.902,144.78
2008-01-27,33.122,177.8
2008-01-28,40.132,190.5
2008-01-29,48.666,182.88
2008-01-30,49.886,180.34
2008-01-31,50.19,180.34
2008-02-01,51.41,180.34
2008-02-02,51.714,187.96
2008-02-03,54.762,203.2
2008-02-04,55.677,203.2
2008-02-05,55.982,195.58
2008-02-06,56.591,190.5
2008-02-07,56.591,185.42
2008-02-08,56.286,180.34
2008-02-09,56.286,177.8
2008-02-10,56.286,175.26
2008-02-11,56.286,172.72
2008-02-12,56.286,170.18
2008-02-13,56.286,167.64
2008-02-14,56.286,165.1
2008-02-15,56.286,162.56
2008-02-16,56.286,162.56
2008-02-17,55.982,160.02
2008-02-18,55.982,157.48
2008-02-19,55.982,157.48
2008-02-20,56.286,165.1
2008-02-21,55.677,175.26
2008-02-22,57.506,203.2
2008-02-23,59.639,205.74
2008-02-24,70.307,246.38
2008-02-25,73.66,241.3
2008-02-26,74.574,231.14
2008-02-27,74.879,220.98
2008-02-28,74.879,213.36
2008-02-29,74.574,203.2
2008-03-01,74.295,195.58
2008-03-02,73.965,190.5
2008-03-03,73.965,187.96
2008-03-04,73.965,185.42
2008-03-05,73.66,185.42
2008-03-06,73.355,182.88
2008-03-07,73.66,182.88
2008-03-08,73.66,180.34
2008-03-09,73.66,177.8
2008-03-10,74.27,175.26
2008-03-11,74.574,170.18
2008-03-12,74.574,170.18
2008-03-13,75.489,175.26
2008-03-14,76.098,177.8
2008-03-15,76.403,182.88
2008-03-16,77.013,185.42
2008-03-17,77.622,185.42
2008-03-18,79.146,177.8
2008-03-19,79.756,175.26
2008-03-20,79.756,172.72
2008-03-21,79.756,172.72
2008-03-22,79.756,172.72
2008-03-23,79.756,170.18
2008-03-24,80.061,170.18
2008-03-25,80.67,167.64
2008-03-26,80.67,167.64
2008-03-27,80.061,165.1
2008-03-28,80.366,165.1
2008-03-29,80.975,165.1
2008-03-30,81.585,165.1
2008-03-31,81.788,165.1
2008-04-01,82.194,162.56
2008-04-02,82.804,162.56
2008-04-03,83.718,162.56
2008-04-04,84.938,162.56
2008-04-05,85.852,162.56
2008-04-06,85.852,160.02
2008-04-07,85.852,157.48
2008-04-08,85.852,157.48
2008-04-09,85.242,157.48
2008-04-10,85.242,157.48
2008-04-11,85.242,154.94
2008-04-12,85.242,149.86
2008-04-13,83.718,147.32
2008-04-14,82.194,142.24
2008-04-15,81.585,139.7
2008-04-16,81.28,137.16
2008-04-17,81.585,137.16
2008-04-18,79.756,132.08
2008-04-19,79.146,129.54
2008-04-20,78.842,129.54
2008-04-21,78.537,129.54
2008-04-22,78.537,129.54
2008-04-23,78.842,132.08
2008-04-24,79.146,129.54
2008-04-25,79.451,129.54
2008-04-26,76.098,124.46
2008-04-27,73.355,119.38
2008-04-28,71.526,114.3
2008-04-29,71.222,111.76
2008-04-30,70.612,109.22
2008-05-01,70.917,109.22
2008-05-02,68.478,106.68
2008-05-03,66.954,104.14
2008-05-04,66.345,114.3
2008-05-05,67.259,114.3
2008-05-06,66.65,101.6
2008-05-07,65.43,96.52
2008-05-08,65.126,93.98
2008-05-09,64.516,91.44
2008-05-10,63.906,88.9
2008-05-11,62.992,83.82
2008-05-12,61.163,81.28
2008-05-13,60.858,81.28
2008-05-14,57.81,76.2
2008-05-15,55.067,71.12
2008-05-16,51.714,66.04
2008-05-17,48.971,60.96
2008-05-18,46.533,55.88
2008-05-19,43.485,48.26
2008-05-20,40.742,40.64
2008-05-21,35.865,35.56
2008-05-22,33.731,38.1
2008-05-23,34.341,40.64
2008-05-24,34.95,48.26
2008-05-25,35.865,66.04
2008-05-26,36.779,63.5
2008-05-27,37.389,53.34
2008-05-28,37.389,48.26
2008-05-29,37.084,45.72
2008-05-30,36.779,43.18
2008-05-31,35.255,40.64
2008-06-01,33.731,35.56
2008-06-02,31.293,27.94
2008-06-03,27.635,22.86
2008-06-04,23.673,17.78
2008-06-05,20.625,10.16
2008-06-06,19.101,5.08
2008-06-07,16.662,5.08
2008-06-08,15.748,5.08
2008-06-09,15.748,5.08
2008-06-10,16.053,5.08
2008-06-11,15.443,5.08
2008-06-12,0.0,2.54
2008-06-13,0.0,5.08
2008-06-14,0.0,2.54
2008-06-15,0.0,5.08
2008-06-16,0.0,5.08
2008-06-17,0.0,2.54
2008-06-18,0.0,5.08
2008-06-19,0.0,5.08
2008-06-20,0.0,2.54
2008-06-21,0.0,5.08
2008-06-22,0.0,2.54
2008-06-23,0.0,5.08
2008-06-24,0.0,5.08
2008-06-25,0.0,5.08
2008-06-26,0.0,5.08
2008-06-27,0.0,5.08
2008-06-28,0.0,5.08
2008-06-29,0.0,2.54
2008-06-30,0.0,2.54
2008-07-01,0.0,5.08
2008-07-02,0.0,5.08
2008-07-03,0.0,5.08
2008-07-04,0.0,5.08
2008-07-05,0.0,2.54
2008-07-06,0.0,5.08
2008-07-07,0.0,2.54
2008-07-08,0.0,5.08
2008-07-09,0.0,2.54
2008-07-10,0.0,5.08
2008-07-11,0.0,2.54
2008-07-12,0.0,2.54
2008-07-13,0.0,5.08
2008-07-14,0.0,5.08
2008-07-15,0.0,2.54
2008-07-16,0.0,5.08
2008-07-17,0.0,5.08
2008-07-18,0.0,5.08
2008-07-19,0.0,5.08
2008-07-20,0.0,2.54
2008-07-21,0.0,2.54
2008-07-22,0.0,5.08
2008-07-23,0.0,5.08
2008-07-24,0.0,5.08
2008-07-25,0.0,5.08
2008-07-26,0.0,5.08
2008-07-27,0.0,5.08
2008-07-28,0.0,5.08
2008-07-29,0.0,5.08
2008-07-30,0.0,5.08
2008-07-31,0.0,5.08
2008-08-01,0.0,5.08
2008-08-02,0.0,5.08
2008-08-03,0.0,5.08
2008-08-04,0.0,5.08
2008-08-05,0.0,2.54
2008-08-06,0.0,5.08
2008-08-07,0.0,5.08
2008-08-08,0.0,2.54
2008-08-09,0.0,2.54
2008-08-10,0.0,5.08
2008-08-11,0.0,2.54
2008-08-12,0.0,2.54
2008-08-13,0.0,2.54
2008-08-14,0.0,2.54
2008-08-15,0.0,2.54
2008-08-16,0.0,2.54
2008-08-17,0.0,2.54
2008-08-18,0.0,2.54
2008-08-19,0.0,2.54
2008-08-20,0.0,2.54
2008-08-21,0.0,2.54
2008-08-22,0.0,2.54
2008-08-23,0.0,2.54
2008-08-24,0.0,2.54
2008-08-25,0.0,2.54
2008-08-26,0.0,5.08
2008-08-27,0.0,2.54
2008-08-28,0.0,2.54
2008-08-29,0.0,2.54
2008-08-30,0.0,2.54
2008-08-31,0.0,2.54
2008-09-01,0.0,2.54
2008-09-02,0.0,2.54
2008-09-03,0.0,2.54
2008-09-04,0.0,2.54
2008-09-05,0.0,2.54
2008-09-06,0.0,2.54
2008-09-07,0.0,2.54
2008-09-08,0.0,2.54
2008-09-09,0.0,5.08
2008-09-10,0.0,2.54
2008-09-11,0.0,2.54
2008-09-12,0.0,2.54
2008-09-13,0.0,2.54
2008-09-14,0.0,2.54
2008-09-15,0.0,2.54
2008-09-16,0.0,2.54
2008-09-17,0.0,2.54
2008-09-18,0.0,2.54
2008-09-19,0.0,2.54
2008-09-20,0.0,2.54
2008-09-21,0.0,2.54
2008-09-22,0.0,2.54
2008-09-23,0.0,2.54
2008-09-24,0.0,5.08
2008-09-25,0.0,2.54
2008-09-26,0.0,2.54
2008-09-27,0.0,2.54
2008-09-28,0.0,2.54
2008-09-29,0.0,2.54
2008-09-30,0.0,2.54
2008-10-01,0.0,0.0
2008-10-02,0.0,2.54
2008-10-03,0.0,2.54
2008-10-04,0.0,7.62
2008-10-05,0.0,5.08
2008-10-06,0.0,5.08
2008-10-07,0.0,2.54
2008-10-08,0.0,2.54
2008-10-09,0.0,2.54
2008-10-10,0.0,5.08
2008-10-11,0.0,10.16
2008-10-12,0.0,10.16
2008-10-13,0.0,5.08
2008-10-14,0.0,2.54
2008-10-15,0.0,2.54
2008-10-16,0.0,5.08
2008-10-17,0.0,5.08
2008-10-18,0.0,2.54
2008-10-19,0.0,2.54
2008-10-20,0.0,5.08
2008-10-21,0.0,2.54
2008-10-22,0.0,2.54
2008-10-23,0.0,2.54
2008-10-24,0.0,2.54
2008-10-25,0.0,2.54
2008-10-26,0.0,2.54
2008-10-27,0.0,2.54
2008-10-28,0.0,2.54
2008-10-29,0.0,2.54
2008-10-30,0.0,2.54
2008-10-31,0.356,12.7
2008-11-01,0.965,15.24
2008-11-02,2.489,25.4
2008-11-03,3.099,25.4
2008-11-04,3.708,27.94
2008-11-05,3.099,25.4
2008-11-06,4.013,25.4
2008-11-07,4.318,20.32
2008-11-08,4.318,25.4
2008-11-09,4.318,27.94
2008-11-10,4.318,27.94
2008-11-11,4.318,27.94
2008-11-12,4.928,25.4
2008-11-13,4.928,20.32
2008-11-14,4.928,20.32
2008-11-15,4.013,17.78
2008-11-16,4.013,15.24
2008-11-17,3.708,15.24
2008-11-18,3.099,12.7
2008-11-19,2.54,12.7
2008-11-20,2.54,12.7
2008-11-21,2.54,12.7
2008-11-22,2.286,15.24
2008-11-23,2.286,12.7
2008-11-24,1.27,12.7
2008-11-25,1.88,12.7
2008-11-26,1.88,20.32
2008-11-27,2.184,20.32
2008-11-28,2.184,20.32
2008-11-29,2.184,17.78
2008-11-30,2.184,15.24
2008-12-01,2.184,12.7
2008-12-02,2.184,12.7
2008-12-03,1.575,15.24
2008-12-04,1.575,12.7
2008-12-05,1.575,12.7
2008-12-06,1.575,12.7
2008-12-07,1.575,12.7
2008-12-08,1.575,12.7
2008-12-09,1.575,12.7
2008-12-10,1.575,12.7
2008-12-11,1.575,10.16
2008-12-12,1.575,10.16
2008-12-13,1.575,20.32
2008-12-14,2.489,20.32
2008-12-15,2.489,53.34
2008-12-16,3.404,53.34
2008-12-17,4.013,45.72
2008-12-18,4.013,40.64
2008-12-19,4.623,38.1
2008-12-20,4.623,33.02
2008-12-21,4.623,45.72
2008-12-22,6.147,55.88
2008-12-23,6.452,63.5
2008-12-24,7.061,66.04
2008-12-25,9.195,111.76
2008-12-26,12.243,114.3
2008-12-27,13.462,104.14
2008-12-28,14.072,96.52
2008-12-29,14.681,91.44
2008-12-30,14.376,86.36
2008-12-31,14.681,86.36
2009-01-01,14.986,81.28
2009-01-02,15.9,88.9
2009-01-03,15.9,88.9
2009-01-04,15.9,86.36
2009-01-05,16.815,86.36
2009-01-06,17.729,86.36
2009-01-07,17.729,86.36
2009-01-08,18.339,83.82
2009-01-09,18.034,81.28
2009-01-10,18.034,81.28
2009-01-11,18.339,78.74
2009-01-12,18.644,78.74
2009-01-13,18.644,78.74
2009-01-14,18.644,78.74
2009-01-15,18.644,78.74
2009-01-16,18.644,76.2
2009-01-17,18.644,76.2
2009-01-18,18.339,76.2
2009-01-19,18.644,76.2
2009-01-20,18.948,73.66
2009-01-21,18.948,73.66
2009-01-22,19.558,96.52
2009-01-23,21.082,111.76
2009-01-24,23.216,142.24
2009-01-25,26.568,152.4
2009-01-26,27.483,149.86
2009-01-27,28.092,142.24
2009-01-28,29.007,134.62
2009-01-29,29.007,132.08
2009-01-30,29.007,127.0
2009-01-31,28.702,124.46
2009-02-01,28.702,121.92
2009-02-02,28.702,121.92
2009-02-03,29.007,119.38
2009-02-04,29.312,116.84
2009-02-05,29.616,114.3
2009-02-06,29.312,129.54
2009-02-07,29.921,134.62
2009-02-08,30.226,142.24
2009-02-09,31.75,160.02
2009-02-10,32.055,154.94
2009-02-11,33.274,157.48
2009-02-12,34.188,154.94
2009-02-13,34.188,157.48
2009-02-14,34.798,160.02
2009-02-15,36.017,162.56
2009-02-16,36.627,175.26
2009-02-17,38.151,185.42
2009-02-18,39.675,190.5
2009-02-19,40.284,180.34
2009-02-20,40.894,172.72
2009-02-21,40.894,170.18
2009-02-22,41.504,185.42
2009-02-23,43.028,193.04
2009-02-24,44.552,190.5
2009-02-25,45.161,185.42
2009-02-26,45.161,182.88
2009-02-27,45.161,180.34
2009-02-28,45.161,177.8
2009-03-01,45.771,187.96
2009-03-02,46.99,210.82
2009-03-03,51.257,226.06
2009-03-04,54.61,259.08
2009-03-05,56.134,246.38
2009-03-06,57.048,238.76
2009-03-07,56.744,228.6
2009-03-08,57.353,220.98
2009-03-09,57.658,215.9
2009-03-10,56.744,213.36
2009-03-11,57.048,208.28
2009-03-12,57.353,205.74
2009-03-13,57.353,203.2
2009-03-14,57.353,200.66
2009-03-15,57.658,198.12
2009-03-16,57.963,195.58
2009-03-17,57.963,193.04
2009-03-18,57.963,190.5
2009-03-19,57.963,187.96
2009-03-20,57.658,182.88
2009-03-21,57.658,195.58
2009-03-22,58.572,223.52
2009-03-23,59.792,218.44
2009-03-24,61.011,210.82
2009-03-25,61.011,203.2
2009-03-26,61.316,198.12
2009-03-27,61.011,193.04
2009-03-28,60.706,187.96
2009-03-29,60.706,185.42
2009-03-30,59.182,182.88
2009-03-31,59.487,180.34
2009-04-01,59.792,177.8
2009-04-02,59.487,175.26
2009-04-03,59.182,175.26
2009-04-04,58.572,172.72
2009-04-05,58.572,172.72
2009-04-06,59.182,170.18
2009-04-07,59.182,180.34
2009-04-08,59.487,190.5
2009-04-09,59.487,182.88
2009-04-10,60.401,182.88
2009-04-11,61.011,177.8
2009-04-12,60.96,
2009-04-13,60.96,
2009-04-14,58.42,
2009-04-15,58.42,
2009-04-16,57.912,
2009-04-17,57.912,
2009-04-18,55.88,
2009-04-19,53.34,
2009-04-20,53.34,
2009-04-21,,
2009-04-22,,
2009-04-23,,
2009-04-24,,
2009-04-25,,
2009-04-26,,
2009-04-27,,
2009-04-28,,
2009-04-29,,
2009-04-30,,
2009-05-01,,
2009-05-02,,
2009-05-03,,
2009-05-04,,
2009-05-05,,
2009-05-06,,
2009-05-07,,
2009-05-08,,
2009-05-09,,
2009-05-10,,
2009-05-11,,
2009-05-12,,
2009-05-13,,
2009-05-14,,
2009-05-15,,
2009-05-16,,
2009-05-17,,
2009-05-18,,
2009-05-19,,
2009-05-20,,
2009-05-21,,
2009-05-22,,
2009-05-23,,
2009-05-24,,
2009-05-25,,
2009-05-26,,
2009-05-27,,
2009-05-28,,
2009-05-29,,
2009-05-30,,
2009-05-31,,
2009-06-01,,
2009-06-02,,
2009-06-03,,
2009-06-04,,
2009-06-05,,
2009-06-06,,
2009-06-07,,
2009-06-08,,
2009-06-09,,
2009-06-10,,
2009-06-11,,
2009-06-12,,
2009-06-13,,
2009-06-14,,
2009-06-15,,
2009-06-16,,
2009-06-17,,
2009-06-18,,
2009-06-19,,
2009-06-20,,
2009-06-21,,
2009-06-22,,
2009-06-23,,
2009-06-24,,
2009-06-25,,
2009-06-26,,
2009-06-27,,
2009-06-28,,
2009-06-29,,
2009-06-30,,
2009-07-01,,
2009-07-02,,
2009-07-03,,
2009-07-04,,
2009-07-05,,
2009-07-06,,
2009-07-07,,
2009-07-08,,
2009-07-09,,
2009-07-10,,
2009-07-11,,
2009-07-12,,
2009-07-13,,
2009-07-14,,
2009-07-15,,
2009-07-16,,
2009-07-17,,
2009-07-18,,
2009-07-19,,
2009-07-20,,2.54
2009-07-21,,2.54
2009-07-22,,2.54
2009-07-23,,2.54
2009-07-24,,2.54
2009-07-25,,2.54
2009-07-26,,2.54
2009-07-27,,2.54
2009-07-28,,2.54
2009-07-29,,2.54
2009-07-30,,2.54
2009-07-31,,2.54
2009-08-01,,2.54
2009-08-02,,5.08
2009-08-03,,5.08
2009-08-04,,5.08
2009-08-05,,2.54
2009-08-06,,7.62
2009-08-07,,5.08
2009-08-08,,5.08
2009-08-09,,7.62
2009-08-10,,2.54
2009-08-11,,2.54
2009-08-12,,2.54
2009-08-13,,5.08
2009-08-14,,7.62
2009-08-15,,5.08
2009-08-16,,5.08
2009-08-17,,5.08
2009-08-18,,2.54
2009-08-19,,5.08
2009-08-20,,5.08
2009-08-21,,5.08
2009-08-22,,2.54
2009-08-23,,5.08
2009-08-24,,10.16
2009-08-25,,7.62
2009-08-26,,5.08
2009-08-27,,5.08
2009-08-28,,5.08
2009-08-29,,2.54
2009-08-30,,2.54
2009-08-31,,2.54
2009-09-01,,2.54
2009-09-02,,5.08
2009-09-03,,2.54
2009-09-04,,2.54
2009-09-05,,2.54
2009-09-06,,7.62
2009-09-07,,7.62
2009-09-08,,2.54
2009-09-09,,2.54
2009-09-10,,2.54
2009-09-11,,2.54
2009-09-12,,0.0
2009-09-13,,2.54
2009-09-14,,2.54
2009-09-15,,0.0
2009-09-16,,2.54
2009-09-17,,2.54
2009-09-18,,0.0
2009-09-19,,2.54
2009-09-20,,5.08
2009-09-21,,2.54
2009-09-22,,2.54
2009-09-23,,2.54
2009-09-24,,2.54
2009-09-25,,2.54
2009-09-26,,5.08
2009-09-27,,5.08
2009-09-28,,2.54
2009-09-29,,2.54
2009-09-30,,5.08
2009-10-01,0.0,2.54
2009-10-02,0.0,5.08
2009-10-03,0.0,2.54
2009-10-04,0.0,15.24
2009-10-05,0.0,12.7
2009-10-06,0.0,5.08
2009-10-07,0.0,5.08
2009-10-08,0.0,2.54
2009-10-09,0.0,5.08
2009-10-10,0.0,2.54
2009-10-11,0.0,5.08
2009-10-12,0.0,2.54
2009-10-13,0.0,22.86
2009-10-14,3.658,22.86
2009-10-15,3.658,17.78
2009-10-16,2.438,10.16
2009-10-17,1.829,7.62
2009-10-18,1.219,2.54
2009-10-19,0.0,5.08
2009-10-20,0.0,5.08
2009-10-21,0.0,5.08
2009-10-22,0.305,5.08
2009-10-23,0.0,2.54
2009-10-24,0.0,2.54
2009-10-25,0.0,5.08
2009-10-26,0.0,2.54
2009-10-27,0.0,5.08
2009-10-28,0.0,10.16
2009-10-29,0.0,7.62
2009-10-30,0.305,5.08
2009-10-31,0.61,2.54
2009-11-01,0.0,2.54
2009-11-02,0.0,2.54
2009-11-03,0.0,5.08
2009-11-04,0.0,2.54
2009-11-05,0.0,0.0
2009-11-06,0.0,2.54
2009-11-07,0.0,5.08
2009-11-08,0.0,5.08
2009-11-09,0.0,2.54
2009-11-10,0.0,2.54
2009-11-11,0.0,2.54
2009-11-12,0.0,0.0
2009-11-13,0.0,12.7
2009-11-14,0.0,10.16
2009-11-15,0.0,7.62
2009-11-16,0.0,5.08
2009-11-17,0.0,2.54
2009-11-18,0.635,2.54
2009-11-19,0.635,2.54
2009-11-20,0.635,2.54
2009-11-21,0.94,5.08
2009-11-22,0.94,5.08
2009-11-23,0.94,5.08
2009-11-24,1.245,2.54
2009-11-25,1.245,2.54
2009-11-26,0.635,2.54
2009-11-27,0.635,5.08
2009-11-28,1.854,33.02
2009-11-29,3.073,40.64
2009-11-30,3.378,33.02
2009-12-01,3.378,27.94
2009-12-02,3.073,25.4
2009-12-03,3.073,25.4
2009-12-04,3.378,22.86
2009-12-05,3.683,22.86
2009-12-06,3.073,20.32
2009-12-07,3.683,33.02
2009-12-08,4.902,48.26
2009-12-09,4.902,43.18
2009-12-10,5.512,40.64
2009-12-11,6.121,38.1
2009-12-12,7.95,55.88
2009-12-13,13.437,99.06
2009-12-14,14.656,91.44
2009-12-15,14.961,86.36
2009-12-16,15.875,81.28
2009-12-17,15.265,76.2
2009-12-18,15.265,73.66
2009-12-19,15.265,71.12
2009-12-20,15.57,68.58
2009-12-21,15.875,68.58
2009-12-22,17.094,81.28
2009-12-23,17.704,88.9
2009-12-24,18.313,81.28
2009-12-25,18.313,78.74
2009-12-26,18.313,76.2
2009-12-27,18.313,73.66
2009-12-28,18.009,78.74
2009-12-29,18.618,76.2
2009-12-30,19.533,81.28
2009-12-31,19.533,81.28
2010-01-01,20.447,78.74
2010-01-02,20.142,78.74
2010-01-03,20.142,78.74
2010-01-04,20.142,76.2
2010-01-05,20.142,76.2
2010-01-06,20.447,76.2
2010-01-07,20.752,73.66
2010-01-08,20.447,73.66
2010-01-09,21.361,76.2
2010-01-10,21.971,83.82
2010-01-11,21.361,83.82
2010-01-12,22.276,78.74
2010-01-13,24.105,101.6
2010-01-14,25.324,106.68
2010-01-15,25.933,106.68
2010-01-16,26.238,101.6
2010-01-17,26.238,99.06
2010-01-18,26.238,104.14
2010-01-19,30.505,144.78
2010-01-20,32.334,154.94
2010-01-21,36.601,195.58
2010-01-22,39.345,218.44
2010-01-23,40.869,208.28
2010-01-24,40.259,198.12
2010-01-25,42.697,198.12
2010-01-26,44.526,198.12
2010-01-27,45.136,187.96
2010-01-28,44.526,182.88
2010-01-29,44.831,177.8
2010-01-30,44.831,177.8
2010-01-31,43.612,175.26
2010-02-01,43.917,170.18
2010-02-02,44.526,170.18
2010-02-03,45.136,167.64
2010-02-04,44.526,167.64
2010-02-05,45.441,167.64
2010-02-06,46.965,180.34
2010-02-07,48.184,190.5
2010-02-08,48.793,180.34
2010-02-09,48.793,175.26
2010-02-10,48.184,175.26
2010-02-11,48.489,172.72
2010-02-12,48.793,170.18
2010-02-13,48.184,167.64
2010-02-14,47.879,165.1
2010-02-15,47.574,162.56
2010-02-16,47.879,160.02
2010-02-17,48.184,157.48
2010-02-18,47.879,154.94
2010-02-19,48.184,154.94
2010-02-20,48.489,154.94
2010-02-21,48.793,162.56
2010-02-22,50.013,177.8
2010-02-23,50.013,170.18
2010-02-24,52.756,193.04
2010-02-25,53.975,193.04
2010-02-26,54.889,187.96
2010-02-27,57.328,218.44
2010-02-28,58.547,213.36
2010-03-01,58.242,205.74
2010-03-02,58.547,200.66
2010-03-03,58.547,205.74
2010-03-04,59.461,
2010-03-05,59.461,215.9
2010-03-06,60.071,210.82
2010-03-07,59.766,205.74
2010-03-08,59.766,203.2
2010-03-09,59.461,213.36
2010-03-10,60.376,215.9
2010-03-11,60.071,208.28
2010-03-12,60.376,200.66
2010-03-13,62.205,223.52
2010-03-14,62.205,215.9
2010-03-15,62.814,208.28
2010-03-16,63.119,203.2
2010-03-17,63.119,195.58
2010-03-18,62.814,193.04
2010-03-19,62.205,187.96
2010-03-20,61.595,187.96
2010-03-21,61.9,182.88
2010-03-22,61.595,182.88
2010-03-23,61.29,177.8
2010-03-24,60.681,177.8
2010-03-25,61.29,175.26
2010-03-26,61.29,182.88
2010-03-27,61.9,175.26
2010-03-28,62.814,172.72
2010-03-29,63.424,170.18
2010-03-30,64.033,170.18
2010-03-31,65.862,200.66
2010-04-01,66.777,198.12
2010-04-02,67.691,195.58
2010-04-03,69.52,195.58
2010-04-04,69.825,193.04
2010-04-05,73.177,228.6
2010-04-06,75.616,233.68
2010-04-07,78.054,215.9
2010-04-08,78.359,205.74
2010-04-09,78.664,198.12
2010-04-10,78.664,187.96
2010-04-11,78.969,187.96
2010-04-12,78.664,220.98
2010-04-13,81.102,215.9
2010-04-14,81.712,205.74
2010-04-15,82.321,200.66
2010-04-16,83.236,195.58
2010-04-17,80.493,190.5
2010-04-18,80.188,187.96
2010-04-19,79.273,185.42
2010-04-20,80.493,180.34
2010-04-21,82.017,208.28
2010-04-22,84.15,220.98
2010-04-23,85.979,210.82
2010-04-24,86.284,200.66
2010-04-25,84.455,190.5
2010-04-26,82.931,187.96
2010-04-27,82.931,182.88
2010-04-28,84.15,190.5
2010-04-29,85.979,203.2
2010-04-30,87.808,203.2
2010-05-01,88.722,193.04
2010-05-02,87.198,187.96
2010-05-03,86.589,185.42
2010-05-04,85.674,180.34
2010-05-05,85.369,177.8
2010-05-06,84.76,175.26
2010-05-07,83.845,172.72
2010-05-08,83.541,167.64
2010-05-09,81.712,165.1
2010-05-10,82.017,170.18
2010-05-11,83.541,182.88
2010-05-12,86.284,175.26
2010-05-13,85.674,167.64
2010-05-14,85.979,167.64
2010-05-15,83.845,162.56
2010-05-16,82.321,157.48
2010-05-17,81.712,152.4
2010-05-18,82.017,154.94
2010-05-19,81.712,149.86
2010-05-20,79.273,147.32
2010-05-21,77.749,144.78
2010-05-22,78.054,142.24
2010-05-23,80.493,152.4
2010-05-24,82.931,144.78
2010-05-25,83.541,144.78
2010-05-26,83.845,142.24
2010-05-27,83.541,144.78
2010-05-28,83.541,172.72
2010-05-29,84.455,154.94
2010-05-30,80.493,147.32
2010-05-31,77.445,139.7
2010-06-01,76.225,137.16
2010-06-02,73.787,132.08
2010-06-03,71.349,127.0
2010-06-04,66.777,119.38
2010-06-05,65.253,111.76
2010-06-06,61.29,104.14
2010-06-07,57.023,93.98
2010-06-08,51.841,88.9
2010-06-09,46.965,81.28
2010-06-10,41.478,73.66
2010-06-11,39.04,73.66
2010-06-12,37.084,68.58
2010-06-13,35.382,66.04
2010-06-14,32.639,60.96
2010-06-15,29.286,55.88
2010-06-16,25.933,50.8
2010-06-17,23.8,45.72
2010-06-18,21.361,43.18
2010-06-19,18.009,38.1
2010-06-20,14.656,33.02
2010-06-21,10.998,27.94
2010-06-22,7.95,22.86
2010-06-23,4.597,15.24
2010-06-24,2.159,5.08
2010-06-25,0.508,0.0
2010-06-26,0.0,2.54
2010-06-27,0.0,0.0
2010-06-28,0.0,2.54
2010-06-29,0.0,2.54
2010-06-30,0.0,0.0
2010-07-01,0.0,0.0
2010-07-02,0.0,0.0
2010-07-03,0.0,2.54
2010-07-04,0.0,0.0
2010-07-05,0.0,2.54
2010-07-06,0.0,0.0
2010-07-07,0.0,2.54
2010-07-08,0.0,2.54
2010-07-09,0.0,0.0
2010-07-10,0.0,0.0
2010-07-11,0.0,0.0
2010-07-12,0.0,0.0
2010-07-13,0.0,2.54
2010-07-14,0.0,2.54
2010-07-15,0.0,0.0
2010-07-16,0.0,2.54
2010-07-17,0.0,2.54
2010-07-18,0.0,2.54
2010-07-19,0.0,2.54
2010-07-20,0.0,2.54
2010-07-21,0.0,2.54
2010-07-22,0.0,2.54
2010-07-23,0.0,2.54
2010-07-24,0.0,2.54
2010-07-25,0.0,2.54
2010-07-26,0.0,5.08
2010-07-27,0.0,2.54
2010-07-28,0.0,5.08
2010-07-29,0.0,2.54
2010-07-30,0.0,2.54
2010-07-31,0.0,5.08
2010-08-01,0.0,5.08
2010-08-02,0.0,5.08
2010-08-03,0.0,5.08
2010-08-04,0.0,5.08
2010-08-05,0.0,5.08
2010-08-06,0.0,5.08
2010-08-07,0.0,2.54
2010-08-08,0.0,2.54
2010-08-09,0.0,7.62
2010-08-10,0.0,5.08
2010-08-11,0.0,5.08
2010-08-12,0.0,5.08
2010-08-13,0.0,2.54
2010-08-14,0.0,2.54
2010-08-15,0.0,5.08
2010-08-16,0.0,5.08
2010-08-17,0.0,5.08
2010-08-18,0.0,5.08
2010-08-19,0.0,5.08
2010-08-20,0.0,5.08
2010-08-21,0.0,5.08
2010-08-22,0.0,5.08
2010-08-23,0.0,2.54
2010-08-24,0.0,5.08
2010-08-25,0.0,2.54
2010-08-26,0.0,2.54
2010-08-27,0.0,5.08
2010-08-28,0.0,5.08
2010-08-29,0.0,2.54
2010-08-30,0.0,5.08
2010-08-31,0.0,5.08
2010-09-01,0.0,5.08
2010-09-02,0.0,5.08
2010-09-03,0.0,5.08
2010-09-04,0.0,5.08
2010-09-05,0.0,5.08
2010-09-06,0.0,5.08
2010-09-07,0.0,2.54
2010-09-08,0.0,2.54
2010-09-09,0.0,5.08
2010-09-10,0.0,7.62
2010-09-11,0.0,2.54
2010-09-12,0.0,5.08
2010-09-13,0.0,5.08
2010-09-14,0.0,5.08
2010-09-15,0.0,2.54
2010-09-16,0.0,2.54
2010-09-17,0.0,2.54
2010-09-18,0.0,2.54
2010-09-19,0.0,2.54
2010-09-20,0.0,5.08
2010-09-21,0.0,5.08
2010-09-22,0.0,2.54
2010-09-23,0.0,2.54
2010-09-24,0.0,2.54
2010-09-25,0.0,2.54
2010-09-26,0.0,2.54
2010-09-27,0.0,2.54
2010-09-28,0.0,2.54
2010-09-29,0.0,2.54
2010-09-30,0.0,2.54
2010-10-01,0.0,2.54
2010-10-02,0.0,0.0
2010-10-03,0.0,2.54
2010-10-04,0.0,2.54
2010-10-05,0.0,5.08
2010-10-06,0.0,15.24
2010-10-07,0.0,12.7
2010-10-08,0.0,10.16
2010-10-09,0.0,7.62
2010-10-10,0.0,2.54
2010-10-11,0.0,0.0
2010-10-12,0.0,0.0
2010-10-13,0.0,0.0
2010-10-14,0.0,0.0
2010-10-15,0.0,2.54
2010-10-16,0.0,0.0
2010-10-17,0.0,0.0
2010-10-18,0.0,0.0
2010-10-19,0.0,2.54
2010-10-20,0.0,0.0
2010-10-21,0.0,0.0
2010-10-22,0.0,2.54
2010-10-23,0.0,2.54
2010-10-24,0.0,7.62
2010-10-25,0.0,5.08
2010-10-26,0.0,5.08
2010-10-27,0.0,5.08
2010-10-28,0.0,2.54
2010-10-29,0.0,2.54
2010-10-30,0.0,-2.54
2010-10-31,0.0,5.08
2010-11-01,0.0,5.08
2010-11-02,0.0,0.0
2010-11-03,0.0,2.54
2010-11-04,0.0,2.54
2010-11-05,0.0,2.54
2010-11-06,0.0,0.0
2010-11-07,0.0,2.54
2010-11-08,0.0,22.86
2010-11-09,0.0,20.32
2010-11-10,0.0,12.7
2010-11-11,0.0,17.78
2010-11-12,0.0,15.24
2010-11-13,0.0,12.7
2010-11-14,0.0,15.24
2010-11-15,0.0,10.16
2010-11-16,1.219,7.62
2010-11-17,0.0,7.62
2010-11-18,1.219,7.62
2010-11-19,0.305,5.08
2010-11-20,2.438,43.18
2010-11-21,4.877,71.12
2010-11-22,6.401,81.28
2010-11-23,6.706,68.58
2010-11-24,7.925,78.74
2010-11-25,7.62,73.66
2010-11-26,8.23,68.58
2010-11-27,9.449,60.96
2010-11-28,11.582,88.9
2010-11-29,11.582,86.36
2010-11-30,12.497,78.74
2010-12-01,13.411,73.66
2010-12-02,13.411,71.12
2010-12-03,14.021,68.58
2010-12-04,14.021,66.04
2010-12-05,14.021,66.04
2010-12-06,17.069,86.36
2010-12-07,17.374,83.82
2010-12-08,18.288,78.74
2010-12-09,19.507,86.36
2010-12-10,20.117,386.08
2010-12-11,20.117,81.28
2010-12-12,20.422,78.74
2010-12-13,20.726,78.74
2010-12-14,21.336,76.2
2010-12-15,24.689,111.76
2010-12-16,24.994,109.22
2010-12-17,25.603,109.22
2010-12-18,30.48,142.24
2010-12-19,36.576,
2010-12-20,42.062,
2010-12-21,43.891,193.04
2010-12-22,44.806,182.88
2010-12-23,46.025,182.88
2010-12-24,45.72,177.8
2010-12-25,46.634,170.18
2010-12-26,46.33,172.72
2010-12-27,46.939,170.18
2010-12-28,46.939,165.1
2010-12-29,52.426,203.2
2010-12-30,53.95,208.28
2010-12-31,53.645,200.66
2011-01-01,54.864,195.58
2011-01-02,56.388,205.74
2011-01-03,57.302,208.28
2011-01-04,56.998,203.2
2011-01-05,56.998,198.12
2011-01-06,57.607,195.58
2011-01-07,57.607,190.5
2011-01-08,57.912,187.96
2011-01-09,57.302,185.42
2011-01-10,56.693,182.88
2011-01-11,57.302,177.8
2011-01-12,57.607,182.88
2011-01-13,57.912,180.34
2011-01-14,58.217,177.8
2011-01-15,59.131,177.8
2011-01-16,59.436,175.26
2011-01-17,59.131,170.18
2011-01-18,59.131,167.64
2011-01-19,58.826,167.64
2011-01-20,58.522,165.1
2011-01-21,58.522,165.1
2011-01-22,58.522,162.56
2011-01-23,58.217,162.56
2011-01-24,58.217,162.56
2011-01-25,58.522,160.02
2011-01-26,58.522,157.48
2011-01-27,57.912,157.48
2011-01-28,57.912,157.48
2011-01-29,57.912,157.48
2011-01-30,58.217,167.64
2011-01-31,58.522,170.18
2011-02-01,58.522,167.64
2011-02-02,58.217,162.56
2011-02-03,58.522,160.02
2011-02-04,58.522,160.02
2011-02-05,58.826,157.48
2011-02-06,58.522,157.48
2011-02-07,58.217,154.94
2011-02-08,57.912,152.4
2011-02-09,57.302,152.4
2011-02-10,57.302,152.4
2011-02-11,57.607,152.4
2011-02-12,57.912,152.4
2011-02-13,58.217,152.4
2011-02-14,58.217,149.86
2011-02-15,57.912,149.86
2011-02-16,57.912,160.02
2011-02-17,60.96,200.66
2011-02-18,64.008,226.06
2011-02-19,67.056,248.92
2011-02-20,67.056,238.76
2011-02-21,67.361,231.14
2011-02-22,67.666,226.06
2011-02-23,67.666,220.98
2011-02-24,68.275,215.9
2011-02-25,69.19,228.6
2011-02-26,71.933,241.3
2011-02-27,72.238,233.68
2011-02-28,73.152,228.6
2011-03-01,73.762,223.52
2011-03-02,74.371,218.44
2011-03-03,76.81,238.76
2011-03-04,77.419,236.22
2011-03-05,78.943,231.14
2011-03-06,79.858,233.68
2011-03-07,82.906,264.16
2011-03-08,84.125,261.62
2011-03-09,84.43,254.0
2011-03-10,85.344,248.92
2011-03-11,85.344,246.38
2011-03-12,85.039,243.84
2011-03-13,84.734,241.3
2011-03-14,85.649,248.92
2011-03-15,87.173,248.92
2011-03-16,88.697,261.62
2011-03-17,90.526,269.24
2011-03-18,91.44,264.16
2011-03-19,92.659,304.8
2011-03-20,96.012,325.12
2011-03-21,99.974,345.44
2011-03-22,101.803,342.9
2011-03-23,103.327,330.2
2011-03-24,105.461,347.98
2011-03-25,109.728,365.76
2011-03-26,111.252,347.98
2011-03-27,112.166,340.36
2011-03-28,112.471,330.2
2011-03-29,112.166,325.12
2011-03-30,113.386,314.96
2011-03-31,112.776,302.26
2011-04-01,112.471,294.64
2011-04-02,112.776,287.02
2011-04-03,111.862,281.94
2011-04-04,111.862,279.4
2011-04-05,111.862,271.78
2011-04-06,111.557,266.7
2011-04-07,111.252,276.86
2011-04-08,110.947,289.56
2011-04-09,112.471,289.56
2011-04-10,112.166,284.48
2011-04-11,113.386,274.32
2011-04-12,113.081,271.78
2011-04-13,113.081,269.24
2011-04-14,111.862,269.24
2011-04-15,112.37,266.7
2011-04-16,113.69,259.08
2011-04-17,113.995,
2011-04-18,113.995,248.92
2011-04-19,113.995,251.46
2011-04-20,113.69,248.92
2011-04-21,113.69,251.46
2011-04-22,113.995,251.46
2011-04-23,115.824,256.54
2011-04-24,116.434,254.0
2011-04-25,116.434,256.54
2011-04-26,116.434,251.46
2011-04-27,117.043,248.92
2011-04-28,117.043,246.38
2011-04-29,116.434,243.84
2011-04-30,115.824,241.3
2011-05-01,116.434,238.76
2011-05-02,116.434,236.22
2011-05-03,115.214,233.68
2011-05-04,113.386,228.6
2011-05-05,110.642,226.06
2011-05-06,107.899,220.98
2011-05-07,106.07,218.44
2011-05-08,105.461,218.44
2011-05-09,106.375,215.9
2011-05-10,108.204,218.44
2011-05-11,108.407,213.36
2011-05-12,108.509,210.82
2011-05-13,106.68,208.28
2011-05-14,104.242,200.66
2011-05-15,103.632,213.36
2011-05-16,106.68,228.6
2011-05-17,109.728,220.98
2011-05-18,111.252,226.06
2011-05-19,113.081,226.06
2011-05-20,107.95,215.9
2011-05-21,105.41,208.28
2011-05-22,101.6,200.66
2011-05-23,100.838,200.66
2011-05-24,100.584,198.12
2011-05-25,99.06,195.58
2011-05-26,97.79,193.04
2011-05-27,96.52,190.5
2011-05-28,94.996,187.96
2011-05-29,96.52,190.5
2011-05-30,97.155,190.5
2011-05-31,96.52,187.96
2011-06-01,95.758,185.42
2011-06-02,96.774,187.96
2011-06-03,96.266,187.96
2011-06-04,95.758,185.42
2011-06-05,95.25,
2011-06-06,94.996,
2011-06-07,94.488,
2011-06-08,93.98,
2011-06-09,91.44,177.8
2011-06-10,88.9,177.8
2011-06-11,86.868,175.26
2011-06-12,85.852,172.72
2011-06-13,83.82,167.64
2011-06-14,78.74,154.94
2011-06-15,76.2,157.48
2011-06-16,74.93,152.4
2011-06-17,73.025,147.32
2011-06-18,71.12,
2011-06-19,69.85,137.16
2011-06-20,68.58,129.54
2011-06-21,67.31,127.0
2011-06-22,65.405,119.38
2011-06-23,62.179,114.3
2011-06-24,56.693,99.06
2011-06-25,51.511,93.98
2011-06-26,47.549,88.9
2011-06-27,43.282,83.82
2011-06-28,37.49,76.2
2011-06-29,33.223,
2011-06-30,31.699,
2011-07-01,30.48,66.04
2011-07-02,28.042,60.96
2011-07-03,25.603,53.34
2011-07-04,22.555,48.26
2011-07-05,18.288,38.1
2011-07-06,14.63,106.68
2011-07-07,10.363,
2011-07-08,5.791,17.78
2011-07-09,3.048,7.62
2011-07-10,1.219,0.0
2011-07-11,0.61,0.0
2011-07-12,0.305,0.0
2011-07-13,0.305,2.54
2011-07-14,0.0,
2011-07-15,0.0,-2.54
2011-07-16,0.0,0.0
2011-07-17,0.0,0.0
2011-07-18,0.0,0.0
2011-07-19,0.0,0.0
2011-07-20,0.0,2.54
2011-07-21,0.0,0.0
2011-07-22,0.0,0.0
2011-07-23,0.0,0.0
2011-07-24,0.0,0.0
2011-07-25,0.0,0.0
2011-07-26,0.0,0.0
2011-07-27,0.0,0.0
2011-07-28,0.0,0.0
2011-07-29,0.0,0.0
2011-07-30,0.0,0.0
2011-07-31,0.0,
2011-08-01,0.0,0.0
2011-08-02,0.0,0.0
2011-08-03,0.0,0.0
2011-08-04,0.0,0.0
2011-08-05,0.0,2.54
2011-08-06,0.0,-2.54
2011-08-07,0.0,2.54
2011-08-08,0.0,5.08
2011-08-09,0.0,2.54
2011-08-10,0.0,2.54
2011-08-11,0.0,5.08
2011-08-12,0.0,0.0
2011-08-13,0.0,5.08
2011-08-14,0.0,2.54
2011-08-15,0.0,2.54
2011-08-16,0.0,5.08
2011-08-17,0.0,0.0
2011-08-18,0.0,2.54
2011-08-19,0.0,5.08
2011-08-20,0.0,2.54
2011-08-21,0.0,2.54
2011-08-22,0.0,2.54
2011-08-23,0.0,0.0
2011-08-24,0.0,2.54
2011-08-25,0.0,0.0
2011-08-26,0.0,5.08
2011-08-27,0.0,2.54
2011-08-28,0.0,2.54
2011-08-29,0.0,0.0
2011-08-30,0.0,2.54
2011-08-31,0.0,7.62
2011-09-01,0.0,7.62
2011-09-02,0.0,2.54
2011-09-03,0.0,2.54
2011-09-04,0.0,5.08
2011-09-05,0.0,5.08
2011-09-06,0.0,2.54
2011-09-07,0.0,7.62
2011-09-08,0.0,2.54
2011-09-09,0.0,0.0
2011-09-10,0.0,0.0
2011-09-11,0.0,0.0
2011-09-12,0.0,
2011-09-13,0.0,
2011-09-14,0.0,
2011-09-15,0.0,
2011-09-16,0.0,398.78
2011-09-17,0.0,
2011-09-18,0.0,2.54
2011-09-19,0.0,5.08
2011-09-20,0.0,0.0
2011-09-21,0.0,2.54
2011-09-22,0.0,2.54
2011-09-23,0.0,2.54
2011-09-24,0.0,2.54
2011-09-25,0.0,2.54
2011-09-26,0.0,
2011-09-27,0.0,0.0
2011-09-28,0.0,2.54
2011-09-29,0.0,5.08
2011-09-30,0.0,2.54
2011-10-01,0.0,2.54
2011-10-02,0.0,2.54
2011-10-03,0.0,2.54
2011-10-04,0.0,2.54
2011-10-05,0.61,20.32
2011-10-06,2.134,20.32
2011-10-07,2.134,
2011-10-08,2.438,10.16
2011-10-09,1.829,7.62
2011-10-10,1.524,
2011-10-11,0.61,
2011-10-12,0.0,7.62
2011-10-13,0.0,-2.54
2011-10-14,0.0,2.54
2011-10-15,0.305,2.54
2011-10-16,0.0,7.62
2011-10-17,0.0,
2011-10-18,0.0,10.16
2011-10-19,0.0,2.54
2011-10-20,0.0,2.54
2011-10-21,0.0,5.08
2011-10-22,0.0,7.62
2011-10-23,0.0,5.08
2011-10-24,0.0,2.54
2011-10-25,0.0,2.54
2011-10-26,0.0,5.08
2011-10-27,0.0,2.54
2011-10-28,0.0,5.08
2011-10-29,0.0,2.54
2011-10-30,0.0,2.54
2011-10-31,0.0,2.54
2011-11-01,0.0,7.62
2011-11-02,0.0,10.16
2011-11-03,0.0,5.08
2011-11-04,0.61,
2011-11-05,0.305,15.24
2011-11-06,1.219,5.08
2011-11-07,1.219,
2011-11-08,0.914,20.32
2011-11-09,1.219,20.32
2011-11-10,2.134,15.24
2011-11-11,2.134,15.24
2011-11-12,1.829,
2011-11-13,2.134,10.16
2011-11-14,2.438,15.24
2011-11-15,2.438,12.7
2011-11-16,3.048,12.7
2011-11-17,3.048,15.24
2011-11-18,2.743,12.7
2011-11-19,2.438,12.7
2011-11-20,2.134,12.7
2011-11-21,2.134,10.16
2011-11-22,2.743,15.24
2011-11-23,2.743,12.7
2011-11-24,3.048,12.7
2011-11-25,2.438,10.16
2011-11-26,2.743,10.16
2011-11-27,2.743,12.7
2011-11-28,3.048,10.16
2011-11-29,3.048,12.7
2011-11-30,3.048,10.16
2011-12-01,2.134,10.16
2011-12-02,1.829,10.16
2011-12-03,1.829,10.16
2011-12-04,1.829,10.16
2011-12-05,1.829,10.16
2011-12-06,2.134,10.16
2011-12-07,2.438,7.62
2011-12-08,2.438,10.16
2011-12-09,2.134,7.62
2011-12-10,2.134,10.16
2011-12-11,2.134,10.16
2011-12-12,2.134,10.16
2011-12-13,2.134,7.62
2011-12-14,2.134,7.62
2011-12-15,2.134,7.62
2011-12-16,2.134,7.62
2011-12-17,2.134,10.16
2011-12-18,2.134,10.16
2011-12-19,1.829,10.16
2011-12-20,1.829,10.16
2011-12-21,1.829,10.16
2011-12-22,1.829,10.16
2011-12-23,1.829,7.62
2011-12-24,1.829,7.62
2011-12-25,1.829,7.62
2011-12-26,1.829,7.62
2011-12-27,1.829,7.62
2011-12-28,1.524,7.62
2011-12-29,1.524,
2011-12-30,1.829,5.08
2011-12-31,2.438,5.08
2012-01-01,1.829,5.08
2012-01-02,1.524,2.54
2012-01-03,1.524,2.54
2012-01-04,0.61,2.54
2012-01-05,0.61,2.54
2012-01-06,0.0,2.54
2012-01-07,0.0,2.54
2012-01-08,0.0,2.54
2012-01-09,0.0,2.54
2012-01-10,0.0,2.54
2012-01-11,0.0,2.54
2012-01-12,0.0,2.54
2012-01-13,0.0,2.54
2012-01-14,0.0,5.08
2012-01-15,0.0,2.54
2012-01-16,0.0,2.54
2012-01-17,0.0,2.54
2012-01-18,0.0,2.54
2012-01-19,0.0,0.0
2012-01-20,1.27,2.54
2012-01-21,5.791,
2012-01-22,7.315,
2012-01-23,12.497,
2012-01-24,15.24,81.28
2012-01-25,16.154,76.2
2012-01-26,16.154,73.66
2012-01-27,16.154,68.58
2012-01-28,16.154,68.58
2012-01-29,16.154,66.04
2012-01-30,15.85,66.04
2012-01-31,16.154,63.5
2012-02-01,16.154,63.5
2012-02-02,15.545,60.96
2012-02-03,15.545,60.96
2012-02-04,14.935,58.42
2012-02-05,14.63,55.88
2012-02-06,14.63,58.42
2012-02-07,15.545,55.88
2012-02-08,15.545,58.42
2012-02-09,15.545,58.42
2012-02-10,15.85,55.88
2012-02-11,15.545,55.88
2012-02-12,15.545,55.88
2012-02-13,16.154,68.58
2012-02-14,16.764,71.12
2012-02-15,17.069,68.58
2012-02-16,17.069,73.66
2012-02-17,17.374,68.58
2012-02-18,17.678,66.04
2012-02-19,17.374,66.04
2012-02-20,17.678,63.5
2012-02-21,17.983,63.5
2012-02-22,18.288,63.5
2012-02-23,17.983,60.96
2012-02-24,17.983,58.42
2012-02-25,17.983,58.42
2012-02-26,17.526,58.42
2012-02-27,17.374,58.42
2012-02-28,17.069,58.42
2012-02-29,18.161,66.04
2012-03-01,20.117,83.82
2012-03-02,20.726,83.82
2012-03-03,21.336,78.74
2012-03-04,21.641,73.66
2012-03-05,21.336,68.58
2012-03-06,21.336,68.58
2012-03-07,20.726,73.66
2012-03-08,21.641,71.12
2012-03-09,21.946,68.58
2012-03-10,21.946,68.58
2012-03-11,21.946,66.04
2012-03-12,21.946,66.04
2012-03-13,21.946,66.04
2012-03-14,21.946,66.04
2012-03-15,22.25,60.96
2012-03-16,22.555,63.5
2012-03-17,25.908,119.38
2012-03-18,27.432,121.92
2012-03-19,27.737,127.0
2012-03-20,28.651,114.3
2012-03-21,28.651,101.6
2012-03-22,28.702,
2012-03-23,28.956,93.98
2012-03-24,28.956,93.98
2012-03-25,28.956,91.44
2012-03-26,28.956,106.68
2012-03-27,29.566,101.6
2012-03-28,30.175,106.68
2012-03-29,31.09,106.68
2012-03-30,31.699,
2012-03-31,31.699,96.52
2012-04-01,32.004,129.54
2012-04-02,32.918,119.38
2012-04-03,33.528,106.68
2012-04-04,33.528,101.6
2012-04-05,32.614,101.6
2012-04-06,32.309,104.14
2012-04-07,32.918,101.6
2012-04-08,33.528,99.06
2012-04-09,33.528,93.98
2012-04-10,33.528,93.98
2012-04-11,32.918,91.44
2012-04-12,32.918,106.68
2012-04-13,34.747,127.0
2012-04-14,36.576,137.16
2012-04-15,37.795,129.54
2012-04-16,37.795,116.84
2012-04-17,38.405,109.22
2012-04-18,37.795,104.14
2012-04-19,37.49,
2012-04-20,36.271,93.98
2012-04-21,34.747,88.9
2012-04-22,32.918,83.82
2012-04-23,31.699,76.2
2012-04-24,29.87,
2012-04-25,28.042,66.04
2012-04-26,28.042,
2012-04-27,28.042,73.66
2012-04-28,28.346,68.58
2012-04-29,28.042,60.96
2012-04-30,26.822,58.42
2012-05-01,24.689,55.88
2012-05-02,22.555,50.8
2012-05-03,21.336,45.72
2012-05-04,20.117,40.64
2012-05-05,18.898,40.64
2012-05-06,17.678,35.56
2012-05-07,16.154,30.48
2012-05-08,14.326,27.94
2012-05-09,12.192,25.4
2012-05-10,9.754,17.78
2012-05-11,9.144,12.7
2012-05-12,5.182,7.62
2012-05-13,2.438,2.54
2012-05-14,1.829,2.54
2012-05-15,1.219,2.54
2012-05-16,0.0,2.54
2012-05-17,0.0,0.0
2012-05-18,0.0,86.36
2012-05-19,0.0,0.0
2012-05-20,0.0,0.0
2012-05-21,0.0,0.0
2012-05-22,0.0,0.0
2012-05-23,0.0,2.54
2012-05-24,0.0,2.54
2012-05-25,0.0,0.0
2012-05-26,0.0,
2012-05-27,0.0,
2012-05-28,0.0,2.54
2012-05-29,0.0,2.54
2012-05-30,0.0,0.0
2012-05-31,0.0,0.0
2012-06-01,0.0,0.0
2012-06-02,0.0,0.0
2012-06-03,0.0,0.0
2012-06-04,0.0,0.0
2012-06-05,0.0,12.7
2012-06-06,0.0,2.54
2012-06-07,0.0,0.0
2012-06-08,0.0,2.54
2012-06-09,0.0,0.0
2012-06-10,0.0,2.54
2012-06-11,0.0,0.0
2012-06-12,0.0,0.0
2012-06-13,0.0,0.0
2012-06-14,0.0,0.0
2012-06-15,0.0,0.0
2012-06-16,0.0,0.0
2012-06-17,0.0,0.0
2012-06-18,0.0,0.0
2012-06-19,0.0,0.0
2012-06-20,0.0,2.54
2012-06-21,0.0,0.0
2012-06-22,0.0,0.0
2012-06-23,0.0,2.54
2012-06-24,0.0,0.0
2012-06-25,0.0,2.54
2012-06-26,0.0,0.0
2012-06-27,0.0,2.54
2012-06-28,0.0,0.0
2012-06-29,0.0,2.54
2012-06-30,0.0,
2012-07-01,0.0,0.0
2012-07-02,0.0,2.54
2012-07-03,0.0,2.54
2012-07-04,0.0,
2012-07-05,0.0,2.54
2012-07-06,0.0,0.0
2012-07-07,0.0,-2.54
2012-07-08,0.0,0.0
2012-07-09,0.0,0.0
2012-07-10,0.0,2.54
2012-07-11,0.0,2.54
2012-07-12,0.0,0.0
2012-07-13,0.0,2.54
2012-07-14,0.0,2.54
2012-07-15,0.0,2.54
2012-07-16,0.0,2.54
2012-07-17,0.0,5.08
2012-07-18,0.0,2.54
2012-07-19,0.0,2.54
2012-07-20,0.0,7.62
2012-07-21,0.0,
2012-07-22,0.0,2.54
2012-07-23,0.0,0.0
2012-07-24,0.0,0.0
2012-07-25,0.0,7.62
2012-07-26,0.0,10.16
2012-07-27,0.0,5.08
2012-07-28,0.0,5.08
2012-07-29,0.0,7.62
2012-07-30,0.0,7.62
2012-07-31,0.0,10.16
2012-08-01,0.0,5.08
2012-08-02,0.0,5.08
2012-08-03,0.0,5.08
2012-08-04,0.0,5.08
2012-08-05,0.0,
2012-08-06,0.0,10.16
2012-08-07,0.0,2.54
2012-08-08,0.0,2.54
2012-08-09,0.0,0.0
2012-08-10,0.0,0.0
2012-08-11,0.0,0.0
2012-08-12,0.0,
2012-08-13,0.0,0.0
2012-08-14,0.0,
2012-08-15,0.0,
2012-08-16,0.0,
2012-08-17,0.0,
2012-08-18,0.0,0.0
2012-08-19,0.0,
2012-08-20,0.0,0.0
2012-08-21,0.0,7.62
2012-08-22,0.0,2.54
2012-08-23,0.0,0.0
2012-08-24,0.0,2.54
2012-08-25,0.0,10.16
2012-08-26,0.0,7.62
2012-08-27,0.0,12.7
2012-08-28,0.0,5.08
2012-08-29,0.0,15.24
2012-08-30,0.0,5.08
2012-08-31,0.0,5.08
2012-09-01,0.0,5.08
2012-09-02,0.0,0.0
2012-09-03,0.0,7.62
2012-09-04,0.0,2.54
2012-09-05,0.0,0.0
2012-09-06,0.0,0.0
2012-09-07,0.0,
2012-09-08,0.0,0.0
2012-09-09,0.0,0.0
2012-09-10,0.0,0.0
2012-09-11,0.0,2.54
2012-09-12,0.0,2.54
2012-09-13,0.0,0.0
2012-09-14,0.0,2.54
2012-09-15,0.0,2.54
2012-09-16,0.0,2.54
2012-09-17,0.0,2.54
2012-09-18,0.0,2.54
2012-09-19,0.0,2.54
2012-09-20,0.0,2.54
2012-09-21,0.0,5.08
2012-09-22,0.0,5.08
2012-09-23,0.0,
2012-09-24,0.0,
2012-09-25,0.0,
2012-09-26,0.0,
2012-09-27,0.0,
2012-09-28,0.0,
2012-09-29,0.0,
2012-09-30,0.0,
2012-10-01,0.0,
2012-10-02,0.0,
2012-10-03,0.0,
2012-10-04,0.0,2.54
2012-10-05,0.0,
2012-10-06,0.0,
2012-10-07,0.0,
2012-10-08,0.0,
2012-10-09,0.0,
2012-10-10,0.0,
2012-10-11,0.0,
2012-10-12,0.0,
2012-10-13,0.0,
2012-10-14,0.0,
2012-10-15,0.0,
2012-10-16,0.0,
2012-10-17,0.0,
2012-10-18,0.0,
2012-10-19,0.0,
2012-10-20,0.0,
2012-10-21,0.0,
2012-10-22,0.0,
2012-10-23,0.0,
2012-10-24,0.0,
2012-10-25,0.0,
2012-10-26,0.0,
2012-10-27,0.0,
2012-10-28,0.0,
2012-10-29,0.0,
2012-10-30,0.0,
2012-10-31,0.0,2.54
2012-11-01,0.0,
2012-11-02,0.0,
2012-11-03,0.0,
2012-11-04,0.0,
2012-11-05,0.0,
2012-11-06,0.0,
2012-11-07,0.0,
2012-11-08,0.0,2.54
2012-11-09,0.0,17.78
2012-11-10,0.0,
2012-11-11,0.0,22.86
2012-11-12,0.0,
2012-11-13,0.0,
2012-11-14,0.0,
2012-11-15,0.0,
2012-11-16,0.0,
2012-11-17,0.0,
2012-11-18,0.0,
2012-11-19,0.0,
2012-11-20,0.0,
2012-11-21,0.0,
2012-11-22,0.0,
2012-11-23,7.62,
2012-11-24,8.89,
2012-11-25,10.16,
2012-11-26,11.43,
2012-11-27,12.7,
2012-11-28,13.97,
2012-11-29,15.24,
2012-11-30,16.51,
2012-12-01,17.78,
2012-12-02,19.05,
2012-12-03,20.32,
2012-12-04,21.59,
2012-12-05,22.86,
2012-12-06,24.13,
2012-12-07,25.4,
2012-12-08,26.67,
2012-12-09,27.94,
2012-12-10,27.94,
2012-12-11,28.346,88.9
2012-12-12,28.956,88.9
2012-12-13,30.785,127.0
2012-12-14,30.175,111.76
2012-12-15,30.48,116.84
2012-12-16,30.785,
2012-12-17,31.699,109.22
2012-12-18,33.833,114.3
2012-12-19,34.138,121.92
2012-12-20,34.747,119.38
2012-12-21,35.357,114.3
2012-12-22,36.881,132.08
2012-12-23,42.977,170.18
2012-12-24,47.244,177.8
2012-12-25,47.854,172.72
2012-12-26,49.682,193.04
2012-12-27,50.902,193.04
2012-12-28,49.987,187.96
2012-12-29,50.597,180.34
2012-12-30,50.902,180.34
2012-12-31,50.597,177.8
2013-01-01,50.597,175.26
2013-01-02,51.206,170.18
2013-01-03,50.902,167.64
2013-01-04,50.597,165.1
2013-01-05,50.902,162.56
2013-01-06,51.511,162.56
2013-01-07,51.511,167.64
2013-01-08,52.121,162.56
2013-01-09,52.426,162.56
2013-01-10,53.34,175.26
2013-01-11,52.73,172.72
2013-01-12,52.426,170.18
2013-01-13,52.426,165.1
2013-01-14,52.426,162.56
2013-01-15,53.34,160.02
2013-01-16,53.645,157.48
2013-01-17,53.035,157.48
2013-01-18,52.73,157.48
2013-01-19,52.426,154.94
2013-01-20,52.426,152.4
2013-01-21,53.035,152.4
2013-01-22,53.035,152.4
2013-01-23,53.035,149.86
2013-01-24,52.73,
2013-01-25,53.035,
2013-01-26,52.73,
2013-01-27,52.73,149.86
2013-01-28,52.73,147.32
2013-01-29,52.73,147.32
2013-01-30,53.035,147.32
2013-01-31,53.645,147.32
2013-02-01,53.34,147.32
2013-02-02,53.34,144.78
2013-02-03,53.34,144.78
2013-02-04,53.34,144.78
2013-02-05,53.645,144.78
2013-02-06,53.035,144.78
2013-02-07,53.035,
2013-02-08,53.035,152.4
2013-02-09,52.73,152.4
2013-02-10,52.73,149.86
2013-02-11,52.426,147.32
2013-02-12,52.426,147.32
2013-02-13,52.426,147.32
2013-02-14,52.426,144.78
2013-02-15,52.426,144.78
2013-02-16,52.121,142.24
2013-02-17,52.426,142.24
2013-02-18,52.121,142.24
2013-02-19,52.426,144.78
2013-02-20,52.73,154.94
2013-02-21,52.426,152.4
2013-02-22,52.426,152.4
2013-02-23,52.426,147.32
2013-02-24,52.426,147.32
2013-02-25,52.426,147.32
2013-02-26,52.426,147.32
2013-02-27,52.426,144.78
2013-02-28,52.426,144.78
2013-03-01,52.73,142.24
2013-03-02,53.035,139.7
2013-03-03,53.95,139.7
2013-03-04,54.559,142.24
2013-03-05,55.474,142.24
2013-03-06,55.778,144.78
2013-03-07,57.302,167.64
2013-03-08,58.522,170.18
2013-03-09,59.741,180.34
2013-03-10,60.046,175.26
2013-03-11,60.35,167.64
2013-03-12,60.96,162.56
2013-03-13,60.96,157.48
2013-03-14,60.96,149.86
2013-03-15,60.96,147.32
2013-03-16,60.96,144.78
2013-03-17,60.96,144.78
2013-03-18,60.96,144.78
2013-03-19,60.655,142.24
2013-03-20,60.35,147.32
2013-03-21,60.35,149.86
2013-03-22,60.96,147.32
2013-03-23,60.96,147.32
2013-03-24,61.265,144.78
2013-03-25,61.265,144.78
2013-03-26,61.57,142.24
2013-03-27,61.57,142.24
2013-03-28,61.265,142.24
2013-03-29,60.655,137.16
2013-03-30,59.741,137.16
2013-03-31,59.131,
2013-04-01,60.655,149.86
2013-04-02,61.265,142.24
2013-04-03,60.655,139.7
2013-04-04,59.436,137.16
2013-04-05,59.436,137.16
2013-04-06,58.826,134.62
2013-04-07,58.522,132.08
2013-04-08,57.912,
2013-04-09,58.217,139.7
2013-04-10,58.826,137.16
2013-04-11,57.607,
2013-04-12,56.998,124.46
2013-04-13,55.169,121.92
2013-04-14,53.95,119.38
2013-04-15,52.426,114.3
2013-04-16,52.121,119.38
2013-04-17,52.73,127.0
2013-04-18,53.035,119.38
2013-04-19,53.34,116.84
2013-04-20,52.121,111.76
2013-04-21,51.511,106.68
2013-04-22,49.378,101.6
2013-04-23,47.244,96.52
2013-04-24,45.72,93.98
2013-04-25,43.891,91.44
2013-04-26,42.977,86.36
2013-04-27,41.453,81.28
2013-04-28,39.929,78.74
2013-04-29,37.795,76.2
2013-04-30,35.662,68.58
2013-05-01,34.138,66.04
2013-05-02,32.614,60.96
2013-05-03,30.48,58.42
2013-05-04,28.956,50.8
2013-05-05,28.042,50.8
2013-05-06,27.432,
2013-05-07,27.127,
2013-05-08,27.432,
2013-05-09,27.432,
2013-05-10,25.603,45.72
2013-05-11,23.165,40.64
2013-05-12,19.507,
2013-05-13,15.545,25.4
2013-05-14,10.668,20.32
2013-05-15,8.839,15.24
2013-05-16,5.486,10.16
2013-05-17,3.658,
2013-05-18,2.134,5.08
2013-05-19,1.219,2.54
2013-05-20,0.61,2.54
2013-05-21,0.0,2.54
2013-05-22,0.0,2.54
2013-05-23,0.0,5.08
2013-05-24,0.0,2.54
2013-05-25,0.0,5.08
2013-05-26,0.0,2.54
2013-05-27,0.0,5.08
2013-05-28,0.0,
2013-05-29,0.0,
2013-05-30,0.0,5.08
2013-05-31,0.0,2.54
2013-06-01,0.0,2.54
2013-06-02,0.0,2.54
2013-06-03,0.0,2.54
2013-06-04,0.0,2.54
2013-06-05,0.0,2.54
2013-06-06,0.0,0.0
2013-06-07,0.0,2.54
2013-06-08,0.0,0.0
2013-06-09,0.0,0.0
2013-06-10,0.0,
2013-06-11,0.0,2.54
2013-06-12,0.0,2.54
2013-06-13,0.0,2.54
2013-06-14,0.0,2.54
2013-06-15,0.0,2.54
2013-06-16,0.0,2.54
2013-06-17,0.0,0.0
2013-06-18,0.0,2.54
2013-06-19,0.0,2.54
2013-06-20,0.0,2.54
2013-06-21,0.0,5.08
2013-06-22,0.0,2.54
2013-06-23,0.0,2.54
2013-06-24,0.0,2.54
2013-06-25,0.0,
2013-06-26,0.0,2.54
2013-06-27,0.0,0.0
2013-06-28,0.0,2.54
2013-06-29,0.0,2.54
2013-06-30,0.0,2.54
2013-07-01,0.0,5.08
2013-07-02,0.0,0.0
2013-07-03,0.0,2.54
2013-07-04,0.0,2.54
2013-07-05,0.0,2.54
2013-07-06,0.0,5.08
2013-07-07,0.0,5.08
2013-07-08,0.0,5.08
2013-07-09,0.0,5.08
2013-07-10,0.0,5.08
2013-07-11,0.0,2.54
2013-07-12,0.0,5.08
2013-07-13,0.0,2.54
2013-07-14,0.0,2.54
2013-07-15,0.0,2.54
2013-07-16,0.0,0.0
2013-07-17,0.0,5.08
2013-07-18,0.0,2.54
2013-07-19,0.0,2.54
2013-07-20,0.0,2.54
2013-07-21,0.0,0.0
2013-07-22,0.0,-2.54
2013-07-23,0.0,2.54
2013-07-24,0.0,
2013-07-25,0.0,
2013-07-26,0.0,
2013-07-27,0.0,
2013-07-28,0.0,
2013-07-29,0.0,2.54
2013-07-30,0.0,5.08
2013-07-31,0.0,2.54
2013-08-01,0.0,5.08
2013-08-02,0.0,2.54
2013-08-03,0.0,2.54
2013-08-04,0.0,5.08
2013-08-05,0.0,7.62
2013-08-06,0.0,5.08
2013-08-07,0.0,5.08
2013-08-08,0.0,2.54
2013-08-09,0.0,
2013-08-10,0.0,5.08
2013-08-11,0.0,2.54
2013-08-12,0.0,5.08
2013-08-13,0.0,2.54
2013-08-14,0.0,7.62
2013-08-15,0.0,2.54
2013-08-16,0.0,5.08
2013-08-17,0.0,2.54
2013-08-18,0.0,2.54
2013-08-19,0.0,5.08
2013-08-20,0.0,2.54
2013-08-21,0.0,0.0
2013-08-22,0.0,
2013-08-23,0.0,0.0
2013-08-24,0.0,5.08
2013-08-25,0.0,2.54
2013-08-26,0.0,2.54
2013-08-27,0.0,2.54
2013-08-28,0.0,2.54
2013-08-29,0.0,0.0
2013-08-30,0.0,5.08
2013-08-31,0.0,
2013-09-01,0.0,2.54
2013-09-02,0.0,2.54
2013-09-03,0.0,2.54
2013-09-04,0.0,0.0
2013-09-05,0.0,
2013-09-06,0.0,2.54
2013-09-07,0.0,2.54
2013-09-08,0.0,0.0
2013-09-09,0.0,2.54
2013-09-10,0.0,2.54
2013-09-11,0.0,2.54
2013-09-12,0.0,2.54
2013-09-13,0.0,
2013-09-14,0.0,
2013-09-15,0.0,
2013-09-16,0.0,2.54
2013-09-17,0.0,2.54
2013-09-18,0.0,5.08
2013-09-19,0.0,2.54
2013-09-20,0.0,2.54
2013-09-21,0.0,2.54
2013-09-22,0.0,
2013-09-23,0.0,2.54
2013-09-24,0.0,2.54
2013-09-25,0.0,2.54
2013-09-26,0.0,
2013-09-27,0.0,
2013-09-28,0.0,2.54
2013-09-29,0.0,0.0
2013-09-30,0.0,0.0
2013-10-01,0.0,
2013-10-02,0.0,
2013-10-03,0.0,2.54
2013-10-04,0.0,2.54
2013-10-05,0.0,2.54
2013-10-06,0.0,2.54
2013-10-07,0.0,5.08
2013-10-08,0.0,2.54
2013-10-09,0.0,2.54
2013-10-10,0.0,
2013-10-11,0.0,
2013-10-12,0.0,5.08
2013-10-13,0.0,
2013-10-14,0.0,2.54
2013-10-15,0.0,
2013-10-16,0.0,2.54
2013-10-17,0.0,5.08
2013-10-18,0.0,5.08
2013-10-19,0.0,5.08
2013-10-20,0.0,2.54
2013-10-21,0.0,2.54
2013-10-22,0.0,5.08
2013-10-23,0.0,5.08
2013-10-24,0.0,5.08
2013-10-25,0.0,5.08
2013-10-26,0.0,2.54
2013-10-27,0.0,5.08
2013-10-28,0.0,
2013-10-29,0.0,
2013-10-30,0.0,
2013-10-31,0.61,5.08
2013-11-01,0.0,2.54
2013-11-02,0.0,2.54
2013-11-03,0.0,5.08
2013-11-04,0.0,
2013-11-05,0.0,5.08
2013-11-06,0.0,5.08
2013-11-07,0.0,2.54
2013-11-08,0.0,5.08
2013-11-09,0.0,2.54
2013-11-10,0.0,5.08
2013-11-11,0.0,2.54
2013-11-12,0.0,2.54
2013-11-13,0.0,
2013-11-14,0.0,2.54
2013-11-15,0.0,
2013-11-16,0.0,
2013-11-17,0.0,
2013-11-18,0.0,2.54
2013-11-19,0.0,
2013-11-20,0.61,
2013-11-21,2.438,
2013-11-22,1.524,22.86
2013-11-23,1.219,12.7
2013-11-24,1.219,17.78
2013-11-25,2.134,15.24
2013-11-26,2.438,12.7
2013-11-27,2.438,10.16
2013-11-28,2.438,12.7
2013-11-29,2.134,
2013-11-30,2.134,12.7
2013-12-01,2.134,12.7
2013-12-02,2.134,10.16
2013-12-03,2.134,
2013-12-04,2.438,20.32
2013-12-05,2.438,20.32
2013-12-06,2.743,20.32
2013-12-07,3.962,30.48
2013-12-08,3.353,30.48
2013-12-09,4.267,30.48
2013-12-10,3.962,27.94
2013-12-11,4.572,27.94
2013-12-12,4.572,27.94
2013-12-13,4.877,27.94
2013-12-14,5.182,27.94
2013-12-15,5.182,27.94
2013-12-16,5.182,25.4
2013-12-17,5.182,25.4
2013-12-18,5.486,
2013-12-19,5.486,
2013-12-20,5.486,27.94
2013-12-21,5.791,27.94
2013-12-22,5.791,27.94
2013-12-23,5.486,25.4
2013-12-24,5.486,25.4
2013-12-25,5.486,27.94
2013-12-26,5.182,25.4
2013-12-27,5.182,25.4
2013-12-28,5.791,25.4
2013-12-29,5.486,25.4
2013-12-30,5.182,25.4
2013-12-31,5.486,25.4
2014-01-01,5.182,25.4
2014-01-02,5.182,25.4
2014-01-03,5.182,25.4
2014-01-04,5.486,22.86
2014-01-05,5.182,25.4
2014-01-06,5.182,25.4
2014-01-07,5.486,25.4
2014-01-08,5.182,25.4
2014-01-09,5.182,25.4
2014-01-10,5.182,25.4
2014-01-11,5.182,22.86
2014-01-12,5.182,27.94
2014-01-13,5.486,27.94
2014-01-14,5.182,27.94
2014-01-15,5.791,27.94
2014-01-16,5.791,27.94
2014-01-17,5.486,25.4
2014-01-18,5.486,25.4
2014-01-19,5.182,25.4
2014-01-20,5.182,25.4
2014-01-21,5.182,25.4
2014-01-22,5.258,22.86
2014-01-23,5.486,25.4
2014-01-24,5.486,30.48
2014-01-25,5.486,30.48
2014-01-26,5.791,27.94
2014-01-27,5.791,27.94
2014-01-28,6.096,27.94
2014-01-29,5.791,
2014-01-30,6.985,
2014-01-31,13.106,
2014-02-01,13.411,
2014-02-02,13.106,
2014-02-03,13.106,
2014-02-04,13.411,
2014-02-05,14.021,60.96
2014-02-06,14.935,
2014-02-07,15.545,
2014-02-08,16.459,
2014-02-09,20.117,
2014-02-10,22.555,
2014-02-11,22.555,
2014-02-12,23.165,111.76
2014-02-13,23.47,106.68
2014-02-14,23.774,104.14
2014-02-15,23.774,96.52
2014-02-16,24.079,
2014-02-17,24.079,104.14
2014-02-18,24.384,101.6
2014-02-19,24.994,101.6
2014-02-20,24.689,101.6
2014-02-21,24.689,
2014-02-22,24.689,
2014-02-23,24.689,91.44
2014-02-24,24.994,
2014-02-25,24.994,91.44
2014-02-26,24.892,91.44
2014-02-27,26.518,
2014-02-28,28.042,
2014-03-01,30.48,139.7
2014-03-02,31.09,
2014-03-03,31.394,
2014-03-04,33.223,
2014-03-05,34.138,132.08
2014-03-06,35.052,
2014-03-07,35.357,127.0
2014-03-08,35.357,124.46
2014-03-09,36.271,121.92
2014-03-10,36.271,121.92
2014-03-11,35.966,121.92
2014-03-12,35.966,121.92
2014-03-13,36.068,119.38
2014-03-14,36.068,119.38
2014-03-15,36.068,116.84
2014-03-16,36.068,114.3
2014-03-17,36.068,111.76
2014-03-18,36.068,111.76
2014-03-19,36.068,111.76
2014-03-20,36.068,111.76
2014-03-21,36.068,210.82
2014-03-22,36.068,101.6
2014-03-23,36.068,104.14
2014-03-24,36.068,101.6
2014-03-25,36.068,99.06
2014-03-26,36.83,
2014-03-27,38.1,127.0
2014-03-28,42.977,
2014-03-29,43.891,116.84
2014-03-30,46.33,
2014-03-31,47.244,137.16
2014-04-01,48.768,152.4
2014-04-02,49.987,152.4
2014-04-03,50.597,142.24
2014-04-04,51.206,142.24
2014-04-05,51.511,
2014-04-06,51.308,134.62
2014-04-07,50.902,127.0
2014-04-08,50.597,121.92
2014-04-09,50.597,116.84
2014-04-10,50.292,111.76
2014-04-11,50.292,106.68
2014-04-12,50.292,
2014-04-13,48.158,104.14
2014-04-14,47.854,99.06
2014-04-15,47.244,
2014-04-16,45.415,91.44
2014-04-17,43.282,
2014-04-18,41.453,83.82
2014-04-19,39.929,
2014-04-20,38.71,76.2
2014-04-21,37.186,71.12
2014-04-22,36.576,
2014-04-23,37.49,76.2
2014-04-24,38.1,
2014-04-25,37.795,71.12
2014-04-26,40.234,
2014-04-27,41.758,
2014-04-28,42.367,83.82
2014-04-29,42.062,78.74
2014-04-30,40.843,71.12
2014-05-01,38.405,68.58
2014-05-02,34.747,63.5
2014-05-03,32.309,58.42
2014-05-04,29.87,53.34
2014-05-05,28.042,48.26
2014-05-06,28.042,
2014-05-07,28.651,
2014-05-08,28.651,
2014-05-09,27.432,
2014-05-10,25.603,43.18
2014-05-11,24.689,40.64
2014-05-12,23.774,40.64
2014-05-13,22.555,35.56
2014-05-14,20.726,27.94
2014-05-15,18.288,25.4
2014-05-16,14.326,20.32
2014-05-17,8.534,15.24
2014-05-18,3.048,7.62
2014-05-19,1.219,5.08
2014-05-20,0.0,
2014-05-21,2.032,
2014-05-22,2.032,
2014-05-23,1.27,10.16
2014-05-24,0.0,
2014-05-25,0.0,0.0
2014-05-26,0.0,5.08
2014-05-27,0.0,5.08
2014-05-28,0.0,2.54
2014-05-29,0.0,5.08
2014-05-30,0.0,5.08
2014-05-31,0.0,2.54
2014-06-01,0.0,2.54
2014-06-02,0.0,2.54
2014-06-03,0.0,5.08
2014-06-04,0.0,2.54
2014-06-05,0.0,2.54
2014-06-06,0.0,2.54
2014-06-07,0.0,2.54
2014-06-08,0.0,0.0
2014-06-09,0.0,2.54
2014-06-10,0.0,2.54
2014-06-11,0.0,2.54
2014-06-12,0.0,2.54
2014-06-13,0.0,2.54
2014-06-14,0.0,
2014-06-15,0.0,2.54
2014-06-16,0.0,0.0
2014-06-17,0.0,2.54
2014-06-18,0.0,2.54
2014-06-19,0.0,2.54
2014-06-20,0.0,2.54
2014-06-21,0.0,2.54
2014-06-22,0.0,2.54
2014-06-23,0.0,2.54
2014-06-24,0.0,2.54
2014-06-25,0.0,0.0
2014-06-26,0.0,0.0
2014-06-27,0.0,2.54
2014-06-28,0.0,2.54
2014-06-29,0.0,0.0
2014-06-30,0.0,2.54
2014-07-01,0.0,2.54
2014-07-02,0.0,2.54
2014-07-03,0.0,2.54
2014-07-04,0.0,2.54
2014-07-05,0.0,0.0
2014-07-06,0.0,2.54
2014-07-07,0.0,2.54
2014-07-08,0.0,0.0
2014-07-09,0.0,2.54
2014-07-10,0.0,0.0
2014-07-11,0.0,
2014-07-12,0.0,
2014-07-13,0.0,2.54
2014-07-14,0.0,2.54
2014-07-15,0.0,0.0
2014-07-16,0.0,
2014-07-17,0.0,
2014-07-18,0.0,
2014-07-19,0.0,2.54
2014-07-20,0.0,-2.54
2014-07-21,0.0,
2014-07-22,0.0,
2014-07-23,0.0,2.54
2014-07-24,0.0,2.54
2014-07-25,0.0,2.54
2014-07-26,0.0,2.54
2014-07-27,0.0,2.54
2014-07-28,0.0,0.0
2014-07-29,0.0,2.54
2014-07-30,0.0,-2.54
2014-07-31,0.0,
2014-08-01,0.0,
2014-08-02,0.0,2.54
2014-08-03,0.0,2.54
2014-08-04,0.0,-2.54
2014-08-05,0.0,
2014-08-06,0.0,
2014-08-07,0.0,
2014-08-08,0.0,
2014-08-09,0.0,0.0
2014-08-10,0.0,
2014-08-11,0.0,0.0
2014-08-12,0.0,0.0
2014-08-13,0.0,2.54
2014-08-14,0.0,2.54
2014-08-15,0.0,2.54
2014-08-16,0.0,0.0
2014-08-17,0.0,2.54
2014-08-18,0.0,2.54
2014-08-19,0.0,2.54
2014-08-20,0.0,
2014-08-21,0.0,
2014-08-22,0.0,0.0
2014-08-23,0.0,0.0
2014-08-24,0.0,2.54
2014-08-25,0.0,2.54
2014-08-26,0.0,0.0
2014-08-27,0.0,0.0
2014-08-28,0.0,0.0
2014-08-29,0.0,0.0
2014-08-30,0.0,0.0
2014-08-31,0.0,2.54
2014-09-01,0.0,2.54
2014-09-02,0.0,2.54
2014-09-03,0.0,2.54
2014-09-04,0.0,0.0
2014-09-05,0.0,0.0
2014-09-06,0.0,2.54
2014-09-07,0.0,2.54
2014-09-08,0.0,2.54
2014-09-09,0.0,2.54
2014-09-10,0.0,2.54
2014-09-11,0.0,2.54
2014-09-12,0.0,5.08
2014-09-13,0.0,2.54
2014-09-14,0.0,0.0
2014-09-15,0.0,0.0
2014-09-16,0.0,2.54
2014-09-17,0.0,2.54
2014-09-18,0.0,2.54
2014-09-19,0.0,
2014-09-20,0.0,2.54
2014-09-21,0.0,
2014-09-22,0.0,
2014-09-23,0.0,2.54
2014-09-24,0.0,2.54
2014-09-25,0.0,2.54
2014-09-26,0.0,2.54
2014-09-27,0.0,
2014-09-28,0.0,
2014-09-29,0.0,
2014-09-30,0.0,
2014-10-01,0.0,
2014-10-02,0.0,2.54
2014-10-03,0.0,2.54
2014-10-04,0.0,2.54
2014-10-05,0.0,2.54
2014-10-06,0.0,2.54
2014-10-07,0.0,2.54
2014-10-08,0.0,2.54
2014-10-09,0.0,2.54
2014-10-10,0.0,2.54
2014-10-11,0.0,2.54
2014-10-12,0.0,5.08
2014-10-13,0.0,2.54
2014-10-14,0.0,2.54
2014-10-15,0.0,0.0
2014-10-16,0.0,2.54
2014-10-17,0.0,2.54
2014-10-18,0.0,2.54
2014-10-19,0.0,2.54
2014-10-20,0.0,2.54
2014-10-21,0.0,0.0
2014-10-22,0.0,0.0
2014-10-23,0.0,2.54
2014-10-24,0.0,0.0
2014-10-25,0.0,2.54
2014-10-26,0.0,
2014-10-27,0.0,0.0
2014-10-28,0.0,
2014-10-29,0.0,
2014-10-30,0.0,5.08
2014-10-31,0.0,2.54
2014-11-01,0.762,
2014-11-02,0.762,
2014-11-03,0.762,15.24
2014-11-04,0.508,12.7
2014-11-05,0.508,
2014-11-06,0.254,7.62
2014-11-07,0.254,5.08
2014-11-08,0.254,2.54
2014-11-09,0.0,2.54
2014-11-10,0.0,2.54
2014-11-11,0.0,5.08
2014-11-12,0.0,5.08
2014-11-13,0.254,
2014-11-14,0.508,
2014-11-15,0.254,10.16
2014-11-16,0.254,10.16
2014-11-17,0.508,7.62
2014-11-18,0.762,7.62
2014-11-19,1.016,7.62
2014-11-20,1.016,
2014-11-21,1.016,
2014-11-22,0.406,
2014-11-23,1.626,12.7
2014-11-24,2.54,12.7
2014-11-25,1.93,12.7
2014-11-26,1.93,10.16
2014-11-27,1.93,10.16
2014-11-28,2.54,7.62
2014-11-29,1.93,5.08
2014-11-30,1.016,30.48
2014-12-01,1.321,
2014-12-02,2.235,30.48
2014-12-03,4.369,
2014-12-04,6.807,
2014-12-05,7.112,
2014-12-06,7.722,
2014-12-07,7.417,
2014-12-08,8.026,40.64
2014-12-09,8.636,38.1
2014-12-10,8.636,35.56
2014-12-11,8.636,35.56
2014-12-12,8.636,
2014-12-13,9.246,
2014-12-14,8.636,
2014-12-15,10.16,45.72
2014-12-16,10.16,
2014-12-17,10.465,
2014-12-18,10.465,
2014-12-19,10.465,50.8
2014-12-20,11.074,
2014-12-21,12.294,
2014-12-22,12.903,55.88
2014-12-23,13.513,55.88
2014-12-24,12.903,55.88
2014-12-25,13.818,63.5
2014-12-26,13.818,60.96
2014-12-27,14.122,60.96
2014-12-28,14.427,60.96
2014-12-29,14.732,60.96
2014-12-30,14.427,58.42
2014-12-31,12.903,48.26
2015-01-01,13.513,50.8
2015-01-02,14.122,50.8
2015-01-03,13.818,48.26
2015-01-04,13.818,50.8
2015-01-05,13.208,48.26
2015-01-06,13.208,48.26
2015-01-07,13.208,48.26
2015-01-08,13.513,48.26
2015-01-09,14.122,48.26
2015-01-10,13.818,
2015-01-11,13.513,
2015-01-12,13.513,
2015-01-13,13.513,
2015-01-14,13.208,48.26
2015-01-15,13.818,50.8
2015-01-16,14.122,48.26
2015-01-17,13.513,
2015-01-18,13.513,45.72
2015-01-19,13.513,
2015-01-20,13.818,48.26
2015-01-21,13.818,
2015-01-22,13.818,45.72
2015-01-23,13.513,45.72
2015-01-24,12.598,45.72
2015-01-25,12.598,45.72
2015-01-26,12.598,40.64
2015-01-27,13.208,
2015-01-28,13.513,
2015-01-29,14.122,
2015-01-30,14.732,
2015-01-31,14.427,
2015-02-01,14.427,45.72
2015-02-02,14.427,
2015-02-03,14.427,
2015-02-04,14.427,45.72
2015-02-05,14.427,45.72
2015-02-06,14.122,43.18
2015-02-07,15.037,
2015-02-08,17.78,
2015-02-09,20.828,
2015-02-10,22.047,78.74
2015-02-11,22.657,78.74
2015-02-12,23.876,76.2
2015-02-13,24.486,71.12
2015-02-14,24.486,71.12
2015-02-15,24.181,68.58
2015-02-16,24.181,68.58
2015-02-17,23.876,68.58
2015-02-18,23.876,63.5
2015-02-19,23.571,58.42
2015-02-20,23.571,63.5
2015-02-21,23.266,63.5
2015-02-22,23.266,
2015-02-23,22.657,66.04
2015-02-24,22.657,66.04
2015-02-25,24.486,66.04
2015-02-26,25.4,63.5
2015-02-27,24.79,
2015-02-28,25.095,
2015-03-01,24.486,
2015-03-02,24.181,
2015-03-03,23.266,
2015-03-04,23.266,81.28
2015-03-05,22.962,78.74
2015-03-06,22.657,78.74
2015-03-07,22.352,73.66
2015-03-08,22.352,73.66
2015-03-09,22.962,71.12
2015-03-10,22.962,68.58
2015-03-11,23.266,66.04
2015-03-12,22.962,
2015-03-13,23.266,66.04
2015-03-14,23.266,60.96
2015-03-15,22.352,58.42
2015-03-16,21.438,55.88
2015-03-17,20.523,55.88
2015-03-18,20.218,
2015-03-19,19.914,116.84
2015-03-20,19.304,53.34
2015-03-21,18.999,50.8
2015-03-22,18.39,50.8
2015-03-23,17.17,
2015-03-24,17.17,
2015-03-25,16.561,
2015-03-26,17.17,45.72
2015-03-27,15.951,40.64
2015-03-28,14.122,40.64
2015-03-29,13.208,35.56
2015-03-30,12.294,22.86
2015-03-31,10.465,25.4
2015-04-01,8.89,22.86
2015-04-02,11.074,
2015-04-03,9.55,17.78
2015-04-04,7.722,17.78
2015-04-05,6.807,17.78
2015-04-06,8.636,
2015-04-07,8.331,27.94
2015-04-08,11.074,
2015-04-09,11.684,45.72
2015-04-10,11.684,
2015-04-11,11.379,35.56
2015-04-12,11.074,30.48
2015-04-13,10.77,27.94
2015-04-14,10.16,22.86
2015-04-15,9.398,22.86
2015-04-16,8.636,22.86
2015-04-17,6.807,17.78
2015-04-18,4.064,10.16
2015-04-19,4.369,7.62
2015-04-20,2.54,5.08
2015-04-21,1.93,2.54
2015-04-22,2.54,
2015-04-23,2.235,
2015-04-24,1.93,
2015-04-25,2.235,
2015-04-26,3.454,
2015-04-27,3.759,12.7
2015-04-28,1.93,
2015-04-29,1.626,0.0
2015-04-30,1.016,
2015-05-01,0.508,
2015-05-02,1.016,
2015-05-03,0.711,2.54
2015-05-04,0.711,
2015-05-05,0.406,
2015-05-06,0.406,
2015-05-07,0.102,
2015-05-08,4.978,
2015-05-09,6.807,
2015-05-10,5.588,
2015-05-11,4.978,15.24
2015-05-12,4.369,10.16
2015-05-13,1.93,7.62
2015-05-14,0.711,5.08
2015-05-15,2.235,
2015-05-16,3.15,
2015-05-17,3.15,
2015-05-18,3.454,
2015-05-19,4.064,
2015-05-20,3.759,
2015-05-21,3.15,
2015-05-22,2.845,
2015-05-23,2.845,
2015-05-24,2.235,
2015-05-25,1.626,
2015-05-26,1.321,
2015-05-27,0.711,
2015-05-28,0.0,
2015-05-29,0.0,
2015-05-30,0.0,2.54
2015-05-31,0.0,0.0
2015-06-01,0.0,2.54
2015-06-02,0.0,0.0
2015-06-03,0.0,
2015-06-04,0.0,2.54
2015-06-05,0.0,
2015-06-06,0.0,
2015-06-07,0.0,
2015-06-08,0.0,
2015-06-09,0.0,
2015-06-10,0.0,
2015-06-11,0.0,
2015-06-12,0.0,
2015-06-13,0.0,
2015-06-14,0.0,2.54
2015-06-15,0.0,5.08
2015-06-16,0.0,2.54
2015-06-17,0.0,2.54
2015-06-18,0.0,2.54
2015-06-19,0.0,2.54
2015-06-20,0.0,2.54
2015-06-21,0.0,2.54
2015-06-22,0.0,2.54
2015-06-23,0.0,2.54
2015-06-24,0.0,2.54
2015-06-25,0.0,2.54
2015-06-26,0.0,2.54
2015-06-27,0.0,2.54
2015-06-28,0.0,2.54
2015-06-29,0.0,
2015-06-30,0.0,
2015-07-01,0.0,-2.54
2015-07-02,0.0,
2015-07-03,0.0,
2015-07-04,0.0,
2015-07-05,0.0,
2015-07-06,0.0,
2015-07-07,0.0,
2015-07-08,0.0,
2015-07-09,0.0,
2015-07-10,0.0,
2015-07-11,0.0,
2015-07-12,0.0,
2015-07-13,0.0,2.54
2015-07-14,0.0,
2015-07-15,0.0,
2015-07-16,0.0,
2015-07-17,0.0,
2015-07-18,0.0,2.54
2015-07-19,0.0,
2015-07-20,0.0,
2015-07-21,0.0,
2015-07-22,0.0,
2015-07-23,0.0,
2015-07-24,0.0,2.54
2015-07-25,0.0,
2015-07-26,0.0,2.54
2015-07-27,0.0,2.54
2015-07-28,0.0,2.54
2015-07-29,0.0,0.0
2015-07-30,0.0,2.54
2015-07-31,0.0,2.54
2015-08-01,0.0,
2015-08-02,0.0,
2015-08-03,0.0,
2015-08-04,0.0,0.0
2015-08-05,0.0,2.54
2015-08-06,0.0,0.0
2015-08-07,0.0,0.0
2015-08-08,0.0,
2015-08-09,0.0,
2015-08-10,0.0,0.0
2015-08-11,0.0,0.0
2015-08-12,0.0,0.0
2015-08-13,0.0,0.0
2015-08-14,0.0,0.0
2015-08-15,0.0,0.0
2015-08-16,0.0,2.54
2015-08-17,0.0,2.54
2015-08-18,0.0,2.54
2015-08-19,0.0,2.54
2015-08-20,0.0,2.54
2015-08-21,0.0,2.54
2015-08-22,0.0,2.54
2015-08-23,0.0,2.54
2015-08-24,0.0,2.54
2015-08-25,0.0,5.08
2015-08-26,0.0,2.54
2015-08-27,0.0,2.54
2015-08-28,0.0,2.54
2015-08-29,0.0,0.0
2015-08-30,0.0,0.0
2015-08-31,0.0,2.54
2015-09-01,0.0,2.54
2015-09-02,0.0,2.54
2015-09-03,0.0,2.54
2015-09-04,0.0,2.54
2015-09-05,0.0,2.54
2015-09-06,0.0,2.54
2015-09-07,0.0,2.54
2015-09-08,0.0,0.0
2015-09-09,0.0,2.54
2015-09-10,0.0,2.54
2015-09-11,0.0,2.54
2015-09-12,0.0,2.54
2015-09-13,0.0,2.54
2015-09-14,0.0,
2015-09-15,0.0,
2015-09-16,0.0,0.0
2015-09-17,0.0,
2015-09-18,0.0,0.0
2015-09-19,0.0,2.54
2015-09-20,0.0,2.54
2015-09-21,0.0,2.54
2015-09-22,0.0,0.0
2015-09-23,0.0,2.54
2015-09-24,0.0,2.54
2015-09-25,0.0,2.54
2015-09-26,0.0,0.0
2015-09-27,0.0,2.54
2015-09-28,0.0,2.54
2015-09-29,0.0,2.54
2015-09-30,0.0,2.54
2015-10-01,0.0,2.54
2015-10-02,0.0,
2015-10-03,0.0,0.0
2015-10-04,0.0,
2015-10-05,0.0,
2015-10-06,0.0,
2015-10-07,0.0,0.0
2015-10-08,0.0,0.0
2015-10-09,0.0,0.0
2015-10-10,0.0,2.54
2015-10-11,0.0,2.54
2015-10-12,0.0,0.0
2015-10-13,0.0,2.54
2015-10-14,0.0,
2015-10-15,0.0,
2015-10-16,0.0,
2015-10-17,0.0,
2015-10-18,0.0,
2015-10-19,0.0,
2015-10-20,0.0,
2015-10-21,0.0,2.54
2015-10-22,0.0,
2015-10-23,0.0,0.0
2015-10-24,0.0,2.54
2015-10-25,0.0,2.54
2015-10-26,0.0,2.54
2015-10-27,0.0,2.54
2015-10-28,0.0,
2015-10-29,0.0,
2015-10-30,0.0,2.54
2015-10-31,0.0,
2015-11-01,0.203,0.0
2015-11-02,0.203,
2015-11-03,3.251,
2015-11-04,2.946,
2015-11-05,2.946,
2015-11-06,3.251,33.02
2015-11-07,3.251,30.48
2015-11-08,3.556,27.94
2015-11-09,4.47,
2015-11-10,5.08,
2015-11-11,4.47,45.72
2015-11-12,5.08,43.18
2015-11-13,5.385,40.64
2015-11-14,5.69,38.1
2015-11-15,5.994,35.56
2015-11-16,6.985,
2015-11-17,6.909,43.18
2015-11-18,7.214,40.64
2015-11-19,7.214,38.1
2015-11-20,7.214,38.1
2015-11-21,7.214,
2015-11-22,7.214,35.56
2015-11-23,7.214,33.02
2015-11-24,7.214,35.56
2015-11-25,7.214,
2015-11-26,7.214,
2015-11-27,7.823,
2015-11-28,7.823,
2015-11-29,7.518,48.26
2015-11-30,8.128,48.26
2015-12-01,8.738,
2015-12-02,9.042,48.26
2015-12-03,9.957,43.18
2015-12-04,9.957,
2015-12-05,9.652,50.8
2015-12-06,10.262,43.18
2015-12-07,9.652,43.18
2015-12-08,9.957,
2015-12-09,9.957,40.64
2015-12-10,10.262,40.64
2015-12-11,12.395,
2015-12-12,12.7,
2015-12-13,13.919,
2015-12-14,15.748,
2015-12-15,15.748,86.36
2015-12-16,15.748,83.82
2015-12-17,16.358,
2015-12-18,16.358,76.2
2015-12-19,16.662,
2015-12-20,17.577,
2015-12-21,19.71,
2015-12-22,25.502,
2015-12-23,25.502,
2015-12-24,25.197,
2015-12-25,27.635,
2015-12-26,27.94,
2015-12-27,28.55,132.08
2015-12-28,28.55,
2015-12-29,28.854,
2015-12-30,28.55,
2015-12-31,28.854,
2016-01-01,28.55,
2016-01-02,29.159,119.38
2016-01-03,29.464,116.84
2016-01-04,29.464,
2016-01-05,29.464,109.22
2016-01-06,30.683,132.08
2016-01-07,32.207,
2016-01-08,31.902,
2016-01-09,32.512,
2016-01-10,32.817,
2016-01-11,32.207,132.08
2016-01-12,32.817,127.0
2016-01-13,33.426,121.92
2016-01-14,32.817,119.38
2016-01-15,35.56,
2016-01-16,37.084,
2016-01-17,38.913,
2016-01-18,39.522,
2016-01-19,41.351,160.02
2016-01-20,43.79,167.64
2016-01-21,44.399,165.1
2016-01-22,45.009,160.02
2016-01-23,47.142,
2016-01-24,48.666,
2016-01-25,48.666,
2016-01-26,48.666,177.8
2016-01-27,48.971,175.26
2016-01-28,48.666,170.18
2016-01-29,49.886,
2016-01-30,52.324,
2016-01-31,53.543,
2016-02-01,55.067,200.66
2016-02-02,54.762,193.04
2016-02-03,55.372,
2016-02-04,56.286,
2016-02-05,56.591,182.88
2016-02-06,56.591,177.8
2016-02-07,57.81,175.26
2016-02-08,58.115,170.18
2016-02-09,57.81,167.64
2016-02-10,58.115,165.1
2016-02-11,57.81,165.1
2016-02-12,58.115,165.1
2016-02-13,57.201,162.56
2016-02-14,57.81,162.56
2016-02-15,57.81,157.48
2016-02-16,57.506,157.48
2016-02-17,58.42,152.4
2016-02-18,60.554,
2016-02-19,62.078,187.96
2016-02-20,62.687,180.34
2016-02-21,62.992,177.8
2016-02-22,62.992,172.72
2016-02-23,62.687,172.72
2016-02-24,62.992,170.18
2016-02-25,62.687,167.64
2016-02-26,62.382,165.1
2016-02-27,62.078,162.56
2016-02-28,62.382,162.56
2016-02-29,62.382,160.02
2016-03-01,62.992,160.02
2016-03-02,62.687,157.48
2016-03-03,62.687,154.94
2016-03-04,62.687,
2016-03-05,63.906,
2016-03-06,68.174,
2016-03-07,71.222,203.2
2016-03-08,72.746,215.9
2016-03-09,73.965,
2016-03-10,75.184,198.12
2016-03-11,75.184,187.96
2016-03-12,75.489,
2016-03-13,76.708,
2016-03-14,79.146,
2016-03-15,79.756,220.98
2016-03-16,80.061,213.36
2016-03-17,79.756,208.28
2016-03-18,80.061,198.12
2016-03-19,79.756,190.5
2016-03-20,79.756,190.5
2016-03-21,79.756,185.42
2016-03-22,79.756,
2016-03-23,80.366,200.66
2016-03-24,80.975,193.04
2016-03-25,80.975,190.5
2016-03-26,81.28,185.42
2016-03-27,81.28,
2016-03-28,80.366,182.88
2016-03-29,80.366,
2016-03-30,81.585,
2016-03-31,82.194,
2016-04-01,82.804,185.42
2016-04-02,81.28,
2016-04-03,80.975,
2016-04-04,80.975,172.72
2016-04-05,80.366,172.72
2016-04-06,79.756,170.18
2016-04-07,78.842,167.64
2016-04-08,77.927,165.1
2016-04-09,77.013,
2016-04-10,78.842,
2016-04-11,79.146,
2016-04-12,79.146,
2016-04-13,78.232,
2016-04-14,77.927,162.56
2016-04-15,78.232,
2016-04-16,78.537,162.56
2016-04-17,77.927,160.02
2016-04-18,76.098,154.94
2016-04-19,73.965,152.4
2016-04-20,73.05,149.86
2016-04-21,71.831,144.78
2016-04-22,70.002,142.24
2016-04-23,72.746,
2016-04-24,75.184,157.48
2016-04-25,76.098,
2016-04-26,76.708,
2016-04-27,77.318,
2016-04-28,77.318,
2016-04-29,77.318,
2016-04-30,77.013,
2016-05-01,76.708,
2016-05-02,77.318,
2016-05-03,75.184,
2016-05-04,74.879,144.78
2016-05-05,74.27,149.86
2016-05-06,75.489,
2016-05-07,77.927,
2016-05-08,77.927,
2016-05-09,76.098,
2016-05-10,72.136,
2016-05-11,71.831,142.24
2016-05-12,71.222,
2016-05-13,69.698,132.08
2016-05-14,67.564,
2016-05-15,63.297,119.38
2016-05-16,62.687,
2016-05-17,60.858,
2016-05-18,57.81,101.6
2016-05-19,54.458,
2016-05-20,52.019,93.98
2016-05-21,52.324,96.52
2016-05-22,53.238,
2016-05-23,53.543,
2016-05-24,53.543,
2016-05-25,53.543,
2016-05-26,52.934,
2016-05-27,51.105,
2016-05-28,49.276,
2016-05-29,48.057,
2016-05-30,46.533,
2016-05-31,43.18,68.58
2016-06-01,39.522,
2016-06-02,34.95,58.42
2016-06-03,30.683,45.72
2016-06-04,27.026,45.72
2016-06-05,24.282,35.56
2016-06-06,21.844,
2016-06-07,18.796,
2016-06-08,14.224,
2016-06-09,10.262,10.16
2016-06-10,4.166,0.0
2016-06-11,0.0,0.0
2016-06-12,0.0,0.0
2016-06-13,0.0,
2016-06-14,0.0,0.0
2016-06-15,0.0,0.0
2016-06-16,0.0,0.0
2016-06-17,0.0,2.54
2016-06-18,0.0,0.0
2016-06-19,0.0,0.0
2016-06-20,0.0,-2.54
2016-06-21,0.0,-2.54
2016-06-22,0.0,-2.54
2016-06-23,0.0,0.0
2016-06-24,0.0,0.0
2016-06-25,0.0,0.0
2016-06-26,0.0,0.0
2016-06-27,0.0,0.0
2016-06-28,0.0,-2.54
2016-06-29,0.0,
2016-06-30,0.0,-2.54
2016-07-01,0.0,
2016-07-02,0.0,0.0
2016-07-03,0.0,
2016-07-04,0.0,0.0
2016-07-05,0.0,0.0
2016-07-06,0.0,-5.08
2016-07-07,0.0,0.0
2016-07-08,0.0,-2.54
2016-07-09,0.0,0.0
2016-07-10,0.0,-5.08
2016-07-11,0.0,0.0
2016-07-12,0.0,0.0
2016-07-13,0.0,0.0
2016-07-14,0.0,0.0
2016-07-15,0.0,2.54
2016-07-16,0.0,-2.54
2016-07-17,0.0,0.0
2016-07-18,0.0,0.0
2016-07-19,0.0,0.0
2016-07-20,0.0,-2.54
2016-07-21,0.0,0.0
2016-07-22,0.0,0.0
2016-07-23,0.0,-2.54
2016-07-24,0.0,0.0
2016-07-25,0.0,0.0
2016-07-26,0.0,-2.54
2016-07-27,0.0,0.0
2016-07-28,0.0,-2.54
2016-07-29,0.0,-2.54
2016-07-30,0.0,-2.54
2016-07-31,0.0,-2.54
2016-08-01,0.0,-2.54
2016-08-02,0.0,0.0
2016-08-03,0.0,0.0
2016-08-04,0.0,0.0
2016-08-05,0.0,0.0
2016-08-06,0.0,0.0
2016-08-07,0.0,-2.54
2016-08-08,0.0,-2.54
2016-08-09,0.0,0.0
2016-08-10,0.0,0.0
2016-08-11,0.0,-2.54
2016-08-12,0.0,-2.54
2016-08-13,0.0,0.0
2016-08-14,0.0,0.0
2016-08-15,0.0,0.0
2016-08-16,0.0,0.0
2016-08-17,0.0,0.0
2016-08-18,0.0,0.0
2016-08-19,0.0,-2.54
2016-08-20,0.0,-2.54
2016-08-21,0.0,
2016-08-22,0.0,
2016-08-23,0.0,
2016-08-24,0.0,
2016-08-25,0.0,0.0
2016-08-26,0.0,0.0
2016-08-27,0.0,0.0
2016-08-28,0.0,0.0
2016-08-29,0.0,0.0
2016-08-30,0.0,0.0
2016-08-31,0.0,0.0
2016-09-01,0.0,0.0
2016-09-02,0.0,22.86
2016-09-03,0.0,2.54
2016-09-04,0.0,0.0
2016-09-05,0.0,2.54
2016-09-06,0.0,2.54
2016-09-07,0.0,2.54
2016-09-08,0.0,2.54
2016-09-09,0.0,2.54
2016-09-10,0.0,2.54
2016-09-11,0.0,2.54
2016-09-12,0.0,2.54
2016-09-13,0.0,2.54
2016-09-14,0.0,
2016-09-15,0.0,0.0
2016-09-16,0.0,0.0
2016-09-17,0.0,2.54
2016-09-18,0.0,2.54
2016-09-19,0.0,0.0
2016-09-20,0.0,0.0
2016-09-21,0.0,2.54
2016-09-22,0.0,
2016-09-23,0.0,
2016-09-24,0.0,0.0
2016-09-25,0.0,2.54
2016-09-26,0.0,2.54
2016-09-27,0.0,2.54
2016-09-28,0.0,2.54
2016-09-29,0.0,2.54
2016-09-30,0.0,0.0
2016-10-01,0.0,2.54
2016-10-02,0.0,0.0
2016-10-03,0.0,
2016-10-04,0.0,
2016-10-05,0.0,2.54
2016-10-06,0.0,
2016-10-07,0.0,2.54
2016-10-08,0.0,
2016-10-09,0.0,2.54
2016-10-10,0.0,0.0
2016-10-11,0.0,2.54
2016-10-12,0.0,2.54
2016-10-13,0.0,2.54
2016-10-14,0.0,2.54
2016-10-15,0.0,
2016-10-16,0.0,
2016-10-17,0.0,
2016-10-18,0.0,
2016-10-19,0.0,
2016-10-20,0.0,
2016-10-21,0.0,
2016-10-22,0.0,
2016-10-23,0.0,
2016-10-24,0.0,
2016-10-25,0.0,
2016-10-26,0.0,
2016-10-27,0.0,
2016-10-28,0.0,
2016-10-29,0.0,
2016-10-30,0.0,
2016-10-31,0.0,
2016-11-01,0.0,
2016-11-02,0.0,7.62
2016-11-03,0.0,7.62
2016-11-04,0.61,
2016-11-05,1.219,
2016-11-06,0.61,
2016-11-07,0.0,
2016-11-08,0.0,
2016-11-09,0.0,
2016-11-10,0.0,
2016-11-11,0.0,
2016-11-12,0.0,
2016-11-13,0.0,
2016-11-14,0.0,
2016-11-15,0.0,
2016-11-16,0.0,
2016-11-17,0.0,
2016-11-18,0.0,
2016-11-19,0.61,
2016-11-20,0.0,
2016-11-21,0.0,
2016-11-22,0.0,
2016-11-23,0.0,
2016-11-24,0.0,
2016-11-25,0.61,5.08
2016-11-26,0.914,2.54
2016-11-27,1.829,
2016-11-28,2.438,
2016-11-29,3.658,
2016-11-30,3.658,
2016-12-01,3.658,
2016-12-02,3.658,
2016-12-03,3.658,
2016-12-04,3.658,
2016-12-05,3.353,
2016-12-06,3.048,
2016-12-07,3.048,
2016-12-08,5.182,
2016-12-09,5.791,
2016-12-10,6.401,
2016-12-11,11.582,
2016-12-12,11.582,
2016-12-13,11.278,
2016-12-14,11.887,
2016-12-15,12.192,
2016-12-16,20.726,
2016-12-17,20.117,
2016-12-18,19.812,
2016-12-19,19.812,
2016-12-20,20.117,
2016-12-21,19.812,
2016-12-22,19.202,
2016-12-23,19.202,
2016-12-24,20.726,
2016-12-25,20.422,
2016-12-26,20.422,
2016-12-27,21.031,
2016-12-28,21.336,
2016-12-29,21.031,
2016-12-30,21.031,
2016-12-31,20.726,
2017-01-01,20.422,
2017-01-02,20.117,
2017-01-03,20.726,
2017-01-04,24.384,
2017-01-05,28.346,
2017-01-06,27.737,
2017-01-07,28.346,292.1
2017-01-08,35.052,
2017-01-09,45.72,
2017-01-10,50.292,
2017-01-11,54.864,
2017-01-12,56.083,
2017-01-13,57.912,
2017-01-14,58.522,
2017-01-15,59.131,
2017-01-16,60.35,
2017-01-17,60.96,
2017-01-18,61.874,
2017-01-19,67.666,
2017-01-20,71.323,
2017-01-21,76.81,
2017-01-22,79.248,
2017-01-23,85.954,
2017-01-24,87.173,
2017-01-25,86.868,
2017-01-26,87.478,
2017-01-27,87.782,
2017-01-28,88.087,
2017-01-29,88.392,
2017-01-30,89.002,
2017-01-31,89.002,
2017-02-01,89.306,
2017-02-02,89.916,
2017-02-03,91.44,
2017-02-04,93.269,
2017-02-05,93.878,
2017-02-06,96.012,
2017-02-07,100.584,
2017-02-08,107.594,
2017-02-09,112.166,
2017-02-10,116.129,
2017-02-11,119.786,
2017-02-12,120.396,
2017-02-13,121.31,
2017-02-14,121.92,
2017-02-15,121.92,
2017-02-16,122.834,
2017-02-17,123.139,
2017-02-18,125.578,
2017-02-19,126.797,
2017-02-20,128.626,
2017-02-21,137.77,
2017-02-22,141.732,
2017-02-23,142.646,
2017-02-24,143.256,
2017-02-25,143.561,
2017-02-26,143.561,
2017-02-27,144.475,391.16
2017-02-28,145.39,
2017-03-01,145.39,
2017-03-02,145.694,
2017-03-03,146.304,
2017-03-04,146.914,
2017-03-05,147.523,
2017-03-06,149.352,
2017-03-07,149.962,
2017-03-08,150.876,
2017-03-09,151.181,
2017-03-10,152.095,
2017-03-11,152.095,
2017-03-12,152.4,
2017-03-13,152.4,
2017-03-14,152.4,
2017-03-15,153.01,
2017-03-16,152.705,
2017-03-17,152.4,
2017-03-18,152.4,
2017-03-19,152.095,
2017-03-20,152.095,
2017-03-21,152.095,
2017-03-22,154.838,
2017-03-23,156.362,
2017-03-24,157.277,
2017-03-25,159.106,
2017-03-26,160.325,
2017-03-27,161.239,
2017-03-28,161.239,
2017-03-29,161.544,
2017-03-30,162.154,
2017-03-31,161.849,
2017-04-01,162.763,
2017-04-02,164.592,
2017-04-03,163.982,
2017-04-04,163.373,
2017-04-05,163.982,
2017-04-06,163.982,
2017-04-07,164.592,
2017-04-08,168.25,
2017-04-09,168.554,
2017-04-10,169.469,
2017-04-11,170.078,
2017-04-12,170.078,
2017-04-13,170.383,
2017-04-14,171.602,
2017-04-15,171.907,
2017-04-16,172.822,
2017-04-17,173.736,
2017-04-18,174.955,
2017-04-19,176.784,
2017-04-20,177.394,
2017-04-21,177.394,
2017-04-22,177.394,
2017-04-23,177.394,
2017-04-24,177.089,
2017-04-25,176.784,
2017-04-26,177.394,
2017-04-27,176.784,
2017-04-28,176.479,
2017-04-29,175.565,
2017-04-30,175.565,
2017-05-01,174.955,
2017-05-02,173.736,
2017-05-03,172.517,
2017-05-04,171.602,
2017-05-05,171.907,
2017-05-06,172.517,
2017-05-07,171.704,
2017-05-08,170.942,
2017-05-09,170.942,
2017-05-10,170.688,
2017-05-11,170.688,
2017-05-12,170.688,
2017-05-13,170.688,
2017-05-14,170.688,
2017-05-15,170.688,
2017-05-16,170.688,
2017-05-17,170.688,
2017-05-18,170.688,
2017-05-19,169.469,
2017-05-20,167.64,
2017-05-21,166.421,
2017-05-22,165.1,
2017-05-23,163.982,
2017-05-24,162.763,
2017-05-25,159.106,
2017-05-26,153.67,
2017-05-27,148.59,
2017-05-28,145.39,
2017-05-29,143.561,
2017-05-30,140.818,
2017-05-31,138.989,
2017-06-01,134.112,
2017-06-02,133.807,
2017-06-03,131.369,
2017-06-04,126.797,
2017-06-05,119.482,
2017-06-06,116.434,
2017-06-07,113.995,
2017-06-08,111.252,
2017-06-09,106.985,
2017-06-10,102.108,
2017-06-11,98.146,
2017-06-12,96.926,
2017-06-13,99.974,
2017-06-14,103.022,
2017-06-15,103.022,
2017-06-16,99.365,
2017-06-17,93.574,
2017-06-18,87.173,
2017-06-19,80.467,
2017-06-20,74.371,
2017-06-21,66.142,
2017-06-22,60.35,
2017-06-23,54.864,
2017-06-24,51.511,
2017-06-25,47.854,
2017-06-26,43.891,
2017-06-27,38.405,
2017-06-28,34.747,
2017-06-29,30.48,
2017-06-30,26.213,
2017-07-01,22.555,
2017-07-02,18.288,
2017-07-03,11.582,
2017-07-04,4.877,
2017-07-05,0.0,
2017-07-06,0.0,
2017-07-07,0.0,
2017-07-08,0.0,
2017-07-09,0.0,
2017-07-10,0.0,
2017-07-11,0.0,
2017-07-12,0.0,
2017-07-13,0.0,
2017-07-14,0.0,
2017-07-15,0.0,
2017-07-16,0.0,
2017-07-17,0.0,
2017-07-18,0.0,
2017-07-19,0.0,
2017-07-20,0.0,
2017-07-21,0.0,
2017-07-22,0.0,
2017-07-23,0.0,
2017-07-24,0.0,
2017-07-25,0.0,
2017-07-26,0.0,
2017-07-27,0.0,
2017-07-28,0.0,
2017-07-29,0.0,
2017-07-30,0.0,
2017-07-31,0.0,
2017-08-01,0.0,
2017-08-02,0.0,
2017-08-03,0.0,
2017-08-04,0.0,
2017-08-05,0.0,
2017-08-06,0.0,
2017-08-07,0.0,
2017-08-08,0.0,
2017-08-09,0.0,
2017-08-10,0.0,
2017-08-11,0.0,195.58
2017-08-12,0.0,195.58
2017-08-13,0.0,195.58
2017-08-14,0.0,195.58
2017-08-15,0.0,195.58
2017-08-16,0.0,195.58
2017-08-17,0.0,195.58
2017-08-18,0.0,195.58
2017-08-19,0.0,195.58
2017-08-20,0.0,195.58
2017-08-21,0.0,195.58
2017-08-22,0.0,195.58
2017-08-23,0.0,195.58
2017-08-24,0.0,195.58
2017-08-25,0.0,195.58
2017-08-26,0.0,195.58
2017-08-27,0.0,195.58
2017-08-28,0.0,195.58
2017-08-29,0.0,195.58
2017-08-30,0.0,195.58
2017-08-31,0.0,195.58
2017-09-01,0.0,195.58
2017-09-02,0.0,195.58
2017-09-03,0.0,195.58
2017-09-04,0.0,195.58
2017-09-05,0.0,195.58
2017-09-06,0.0,195.58
2017-09-07,0.0,195.58
2017-09-08,0.0,195.58
2017-09-09,0.0,195.58
2017-09-10,0.0,195.58
2017-09-11,0.0,195.58
2017-09-12,0.0,195.58
2017-09-13,0.0,195.58
2017-09-14,0.0,195.58
2017-09-15,0.0,195.58
2017-09-16,0.0,195.58
2017-09-17,0.0,195.58
2017-09-18,0.0,195.58
2017-09-19,0.0,195.58
2017-09-20,0.0,195.58
2017-09-21,0.0,195.58
2017-09-22,0.0,195.58
2017-09-23,0.0,195.58
2017-09-24,0.0,195.58
2017-09-25,0.0,195.58
2017-09-26,0.0,195.58
2017-09-27,0.0,195.58
2017-09-28,0.0,195.58
2017-09-29,0.0,195.58
2017-09-30,0.0,195.58
2017-10-01,0.0,195.58
2017-10-02,0.0,195.58
2017-10-03,0.0,195.58
2017-10-04,0.0,195.58
2017-10-05,0.0,195.58
2017-10-06,0.0,195.58
2017-10-07,0.0,195.58
2017-10-08,0.0,195.58
2017-10-09,0.0,195.58
2017-10-10,0.0,195.58
2017-10-11,0.0,195.58
2017-10-12,0.0,195.58
2017-10-13,0.0,195.58
2017-10-14,0.0,195.58
2017-10-15,0.0,195.58
2017-10-16,0.0,195.58
2017-10-17,0.0,195.58
2017-10-18,0.0,195.58
2017-10-19,0.0,195.58
2017-10-20,0.0,195.58
2017-10-21,0.0,195.58
2017-10-22,0.0,195.58
2017-10-23,0.0,195.58
2017-10-24,0.0,195.58
2017-10-25,0.0,195.58
2017-10-26,0.0,195.58
2017-10-27,0.0,195.58
2017-10-28,0.0,195.58
2017-10-29,0.0,195.58
2017-10-30,0.0,195.58
2017-10-31,0.0,
2017-11-01,0.0,
2017-11-02,0.0,
2017-11-03,0.0,
2017-11-04,0.0,
2017-11-05,0.0,
2017-11-06,0.0,
2017-11-07,0.0,
2017-11-08,0.0,
2017-11-09,0.0,
2017-11-10,0.0,
2017-11-11,0.0,
2017-11-12,0.0,
2017-11-13,0.0,
2017-11-14,0.0,
2017-11-15,0.0,
2017-11-16,1.829,195.58
2017-11-17,12.802,195.58
2017-11-18,11.582,195.58
2017-11-19,11.887,195.58
2017-11-20,12.7,195.58
2017-11-21,13.411,195.58
2017-11-22,13.106,195.58
2017-11-23,13.411,195.58
2017-11-24,13.411,195.58
2017-11-25,12.471,195.58
2017-11-26,12.471,195.58
2017-11-27,14.021,195.58
2017-11-28,14.63,195.58
2017-11-29,15.24,195.58
2017-11-30,15.24,195.58
2017-12-01,15.24,195.58
2017-12-02,16.154,195.58
2017-12-03,16.459,195.58
2017-12-04,16.459,195.58
2017-12-05,15.545,195.58
2017-12-06,13.411,195.58
2017-12-07,12.192,195.58
2017-12-08,12.192,195.58
2017-12-09,12.802,195.58
2017-12-10,12.802,195.58
2017-12-11,12.802,195.58
2017-12-12,12.802,195.58
2017-12-13,13.716,195.58
2017-12-14,14.326,195.58
2017-12-15,14.63,195.58
2017-12-16,14.63,195.58
2017-12-17,14.326,195.58
2017-12-18,14.935,195.58
2017-12-19,15.545,195.58
2017-12-20,15.85,195.58
2017-12-21,15.85,195.58
2017-12-22,16.459,195.58
2017-12-23,17.374,195.58
2017-12-24,17.678,195.58
2017-12-25,17.069,195.58
2017-12-26,17.069,195.58
2017-12-27,16.764,195.58
2017-12-28,17.678,195.58
2017-12-29,17.983,195.58
2017-12-30,17.678,195.58
2017-12-31,17.069,195.58
2018-01-01,16.459,195.58
2018-01-02,16.459,195.58
2018-01-03,16.154,195.58
2018-01-04,16.154,195.58
2018-01-05,16.459,
2018-01-06,16.459,
2018-01-07,17.069,
2018-01-08,18.288,
2018-01-09,18.898,
2018-01-10,19.507,
2018-01-11,19.812,
2018-01-12,20.726,
2018-01-13,21.031,
2018-01-14,20.726,
2018-01-15,20.726,
2018-01-16,20.726,
2018-01-17,20.117,
2018-01-18,20.726,
2018-01-19,20.726,
2018-01-20,20.726,
2018-01-21,20.117,
2018-01-22,20.726,
2018-01-23,20.422,
2018-01-24,21.336,
2018-01-25,21.946,
2018-01-26,21.946,
2018-01-27,22.555,
2018-01-28,22.86,
2018-01-29,22.86,
2018-01-30,22.86,
2018-01-31,22.86,
2018-02-01,22.86,
2018-02-02,22.86,
2018-02-03,22.86,
2018-02-04,22.86,
2018-02-05,22.555,
2018-02-06,22.25,
2018-02-07,22.25,
2018-02-08,22.555,
2018-02-09,22.86,
2018-02-10,23.165,
2018-02-11,23.165,
2018-02-12,23.165,
2018-02-13,23.165,
2018-02-14,22.555,
2018-02-15,21.946,
2018-02-16,21.641,
2018-02-17,21.336,
2018-02-18,21.946,
2018-02-19,21.336,
2018-02-20,21.336,
2018-02-21,21.336,
2018-02-22,21.641,
2018-02-23,21.946,
2018-02-24,22.86,
2018-02-25,23.774,
2018-02-26,24.689,
2018-02-27,24.994,
2018-02-28,24.689,
2018-03-01,25.298,
2018-03-02,27.737,
2018-03-03,30.48,
2018-03-04,32.004,
2018-03-05,32.309,
2018-03-06,,
2018-03-07,,
2018-03-08,,
2018-03-09,,
2018-03-10,,
2018-03-11,,
2018-03-12,,
2018-03-13,,
2018-03-14,,
2018-03-15,,
2018-03-16,,
2018-03-17,,
2018-03-18,,
2018-03-19,,
2018-03-20,,
2018-03-21,,
2018-03-22,,
2018-03-23,,
2018-03-24,,
2018-03-25,,
2018-03-26,,
2018-03-27,,
2018-03-28,,
2018-03-29,,
2018-03-30,,
2018-03-31,,
2018-04-01,,
2018-04-02,,
2018-04-03,,
2018-04-04,,
2018-04-05,,
2018-04-06,,
2018-04-07,,
2018-04-08,,
2018-04-09,,
2018-04-10,,
2018-04-11,,
2018-04-12,,
2018-04-13,,
2018-04-14,,
2018-04-15,,
2018-04-16,,
2018-04-17,,
2018-04-18,,
2018-04-19,,
2018-04-20,,
2018-04-21,,
2018-04-22,,
2018-04-23,,
2018-04-24,,
2018-04-25,,
2018-04-26,,
2018-04-27,,
2018-04-28,,
2018-04-29,,
2018-04-30,,
2018-05-01,,
2018-05-02,,
2018-05-03,,
2018-05-04,,
2018-05-05,,
2018-05-06,,
2018-05-07,,
2018-05-08,,
2018-05-09,,
2018-05-10,,
2018-05-11,,
2018-05-12,,
2018-05-13,,
2018-05-14,,
2018-05-15,,
2018-05-16,,
2018-05-17,,
2018-05-18,,
2018-05-19,,
2018-05-20,,
2018-05-21,,
2018-05-22,,
2018-05-23,,
2018-05-24,,
2018-05-25,,
2018-05-26,,
2018-05-27,,
2018-05-28,,
2018-05-29,,
2018-05-30,,
2018-05-31,,
2018-06-01,,
2018-06-02,,
2018-06-03,,
2018-06-04,,
2018-06-05,,
2018-06-06,,
2018-06-07,,
2018-06-08,,
2018-06-09,,
2018-06-10,,
2018-06-11,,
2018-06-12,,
2018-06-13,,
2018-06-14,,
2018-06-15,,
2018-06-16,,
2018-06-17,,
2018-06-18,,
2018-06-19,,
2018-06-20,,
2018-06-21,,
2018-06-22,,
2018-06-23,,
2018-06-24,,
2018-06-25,,
2018-06-26,,
2018-06-27,,
2018-06-28,,
2018-06-29,,
2018-06-30,,
2018-07-01,,
2018-07-02,,
2018-07-03,,
2018-07-04,,
2018-07-05,,
2018-07-06,,
2018-07-07,,
2018-07-08,,
2018-07-09,,
2018-07-10,,
2018-07-11,,
2018-07-12,,
2018-07-13,,
2018-07-14,,
2018-07-15,,
2018-07-16,,
2018-07-17,,
2018-07-18,,
2018-07-19,,
2018-07-20,,
2018-07-21,,
2018-07-22,,
2018-07-23,,
2018-07-24,,
2018-07-25,,
2018-07-26,,
2018-07-27,,
2018-07-28,,
2018-07-29,,
2018-07-30,,
2018-07-31,,
2018-08-01,,
2018-08-02,,
2018-08-03,,
2018-08-04,,
2018-08-05,,
2018-08-06,,
2018-08-07,,
2018-08-08,,
2018-08-09,,
2018-08-10,,
2018-08-11,,
2018-08-12,,
2018-08-13,,
2018-08-14,,
2018-08-15,,
2018-08-16,,
2018-08-17,,
2018-08-18,,
2018-08-19,,
2018-08-20,,
2018-08-21,,
2018-08-22,,
2018-08-23,,
2018-08-24,,
2018-08-25,,
2018-08-26,,
2018-08-27,,
2018-08-28,,
2018-08-29,,
2018-08-30,,
2018-08-31,,
2018-09-01,,
2018-09-02,,
2018-09-03,,
2018-09-04,,
2018-09-05,,
2018-09-06,,
2018-09-07,,
2018-09-08,,
2018-09-09,,
2018-09-10,,
2018-09-11,,
2018-09-12,,
2018-09-13,,
2018-09-14,,
2018-09-15,,
2018-09-16,,
2018-09-17,,
2018-09-18,,
2018-09-19,,
2018-09-20,,
2018-09-21,,
2018-09-22,,
2018-09-23,,
2018-09-24,,
2018-09-25,,
2018-09-26,,
2018-09-27,,
2018-09-28,,
2018-09-29,,
2018-09-30,,
2018-10-01,0.0,
2018-10-02,0.0,
2018-10-03,0.0,
2018-10-04,0.0,
2018-10-05,0.0,
2018-10-06,0.0,
2018-10-07,0.0,
2018-10-08,0.0,
2018-10-09,0.0,
2018-10-10,0.0,
2018-10-11,0.0,
2018-10-12,0.0,
2018-10-13,0.0,
2018-10-14,0.0,
2018-10-15,0.0,
2018-10-16,0.0,
2018-10-17,0.0,
2018-10-18,0.0,
2018-10-19,0.0,
2018-10-20,0.0,
2018-10-21,0.0,
2018-10-22,0.0,
2018-10-23,0.0,
2018-10-24,0.0,
2018-10-25,0.0,
2018-10-26,0.0,
2018-10-27,0.0,
2018-10-28,0.0,
2018-10-29,0.0,
2018-10-30,0.0,
2018-10-31,0.0,
2018-11-01,0.0,
2018-11-02,0.0,
2018-11-03,0.0,
2018-11-04,0.0,
2018-11-05,0.0,
2018-11-06,0.0,
2018-11-07,0.0,
2018-11-08,0.0,
2018-11-09,0.0,
2018-11-10,0.0,
2018-11-11,0.0,
2018-11-12,0.0,
2018-11-13,0.0,
2018-11-14,0.0,
2018-11-15,0.0,
2018-11-16,0.0,
2018-11-17,0.0,
2018-11-18,0.0,
2018-11-19,0.0,
2018-11-20,0.0,
2018-11-21,0.152,
2018-11-22,0.965,
2018-11-23,2.311,
2018-11-24,4.699,
2018-11-25,4.826,
2018-11-26,4.826,
2018-11-27,5.334,
2018-11-28,6.248,
2018-11-29,8.738,
2018-11-30,13.462,
2018-12-01,13.03,
2018-12-02,14.707,
2018-12-03,14.554,
2018-12-04,15.672,
2018-12-05,15.824,495.3
2018-12-06,16.231,480.06
2018-12-07,15.951,464.82
2018-12-08,15.824,454.66
2018-12-09,16.231,449.58
2018-12-10,16.637,439.42
2018-12-11,15.951,434.34
2018-12-12,16.637,429.26
2018-12-13,16.358,426.72
2018-12-14,16.637,411.48
2018-12-15,16.358,330.2
2018-12-16,16.51,177.8
2018-12-17,16.231,114.3
2018-12-18,16.789,187.96
2018-12-19,16.789,149.86
2018-12-20,17.475,139.7
2018-12-21,17.628,195.58
2018-12-22,17.348,144.78
2018-12-23,18.161,137.16
2018-12-24,18.44,134.62
2018-12-25,19.837,322.58
2018-12-26,20.117,297.18
2018-12-27,20.396,287.02
2018-12-28,20.244,4638.04
2018-12-29,20.676,261.62
2018-12-30,20.955,248.92
2018-12-31,20.803,246.38
2019-01-01,17.882,248.92
2019-01-02,18.72,421.64
2019-01-03,18.72,416.56
2019-01-04,18.872,411.48
2019-01-05,18.872,403.86
2019-01-06,19.685,711.2
2019-01-07,22.606,416.56
2019-01-08,23.444,434.34
2019-01-09,23.851,398.78
2019-01-10,24.562,411.48
2019-01-11,24.562,406.4
2019-01-12,24.816,396.24
2019-01-13,24.689,396.24
2019-01-14,25.095,396.24
2019-01-15,25.248,396.24
2019-01-16,27.178,500.38
2019-01-17,31.75,5859.78
2019-01-18,34.112,5859.78
2019-01-19,36.322,
2019-01-20,36.881,510.54
2019-01-21,40.208,607.06
2019-01-22,41.885,617.22
2019-01-23,42.85,535.94
2019-01-24,43.409,513.08
2019-01-25,43.688,513.08
2019-01-26,44.247,510.54
2019-01-27,44.653,502.92
2019-01-28,44.806,490.22
2019-01-29,44.806,485.14
2019-01-30,45.085,487.68
2019-01-31,45.364,482.6
2019-02-01,45.491,480.06
2019-02-02,46.736,502.92
2019-02-03,51.181,635.0
2019-02-04,54.915,962.66
2019-02-05,59.487,5885.18
2019-02-06,61.163,5885.18
2019-02-07,61.849,1249.68
2019-02-08,62.967,1125.22
2019-02-09,64.084,1122.68
2019-02-10,67.259,-942.34
2019-02-11,70.307,-942.34
2019-02-12,71.984,1249.68
2019-02-13,72.39,1041.4
2019-02-14,76.962,1092.2
2019-02-15,80.569,1165.86
2019-02-16,83.21,1051.56
2019-02-17,84.328,1051.56
2019-02-18,86.131,1051.56
2019-02-19,86.411,1516.38
2019-02-20,87.935,1440.18
2019-02-21,87.935,1549.4
2019-02-22,88.494,1513.84
2019-02-23,88.621,1501.14
2019-02-24,89.738,1470.66
2019-02-25,90.145,1422.4
2019-02-26,89.865,1422.4
2019-02-27,90.551,1391.92
2019-02-28,91.821,1371.6
2019-03-01,91.669,1358.9
2019-03-02,91.389,114.3
2019-03-03,94.869,144.78
2019-03-04,94.996,142.24
2019-03-05,94.031,137.16
2019-03-06,94.031,134.62
2019-03-07,96.114,149.86
2019-03-08,,152.4
2019-03-09,,144.78
2019-03-10,,147.32
2019-03-11,,144.78
2019-03-12,,142.24
2019-03-13,,
2019-03-14,,
2019-03-15,,
2019-03-16,,
2019-03-17,,
2019-03-18,,
2019-03-19,,
2019-03-20,,
2019-03-21,,
2019-03-22,,
2019-03-23,,
2019-03-24,,
2019-03-25,,
2019-03-26,,
2019-03-27,,
2019-03-28,,
2019-03-29,,
2019-03-30,,
2019-03-31,,
2019-04-01,,
2019-04-02,,
2019-04-03,,
2019-04-04,,
2019-04-05,,
2019-04-06,,
2019-04-07,,
2019-04-08,,
2019-04-09,,
2019-04-10,,
2019-04-11,,
2019-04-12,,
2019-04-13,,
2019-04-14,,
2019-04-15,,
2019-04-16,,
2019-04-17,,
2019-04-18,,
2019-04-19,,
2019-04-20,,
2019-04-21,,
2019-04-22,,
2019-04-23,,
2019-04-24,,
2019-04-25,,
2019-04-26,,
2019-04-27,,
2019-04-28,,
2019-04-29,,
2019-04-30,,
2019-05-01,,
2019-05-02,,
2019-05-03,,
2019-05-04,,
2019-05-05,,
2019-05-06,,
2019-05-07,,
2019-05-08,,
2019-05-09,,
2019-05-10,,
2019-05-11,,
2019-05-12,,
2019-05-13,,
2019-05-14,,
2019-05-15,,
2019-05-16,,
2019-05-17,,
2019-05-18,,
2019-05-19,,
2019-05-20,,
2019-05-21,,
2019-05-22,,
2019-05-23,,
2019-05-24,,
2019-05-25,,
2019-05-26,,
2019-05-27,,
2019-05-28,,
2019-05-29,,
2019-05-30,,
2019-05-31,,
2019-06-01,,
2019-06-02,,
2019-06-03,,
2019-06-04,,
2019-06-05,,
2019-06-06,,
2019-06-07,,
2019-06-08,,
2019-06-09,,
2019-06-10,,
2019-06-11,,
2019-06-12,,
2019-06-13,,
2019-06-14,,
2019-06-15,,
2019-06-16,,
2019-06-17,,
2019-06-18,,
2019-06-19,,
2019-06-20,,
2019-06-21,,
2019-06-22,,
2019-06-23,,
2019-06-24,,
2019-06-25,,
2019-06-26,,
2019-06-27,,
2019-06-28,,
2019-06-29,,
2019-06-30,,
2019-07-01,,
2019-07-02,,
2019-07-03,,
2019-07-04,,
2019-07-05,,
2019-07-06,,
2019-07-07,,
2019-07-08,,
2019-07-09,,
2019-07-10,,
2019-07-11,,
2019-07-12,,
2019-07-13,,
2019-07-14,,
2019-07-15,,
2019-07-16,,
2019-07-17,,
2019-07-18,,
2019-07-19,,
2019-07-20,,
2019-07-21,,
2019-07-22,,
2019-07-23,,
2019-07-24,,
2019-07-25,,
2019-07-26,,
2019-07-27,,
2019-07-28,,
2019-07-29,,
2019-07-30,,
2019-07-31,,
2019-08-01,,
2019-08-02,,
2019-08-03,,
2019-08-04,,
2019-08-05,,
2019-08-06,,
2019-08-07,,
2019-08-08,,
2019-08-09,,
2019-08-10,,
2019-08-11,,
2019-08-12,,
2019-08-13,,
2019-08-14,,
2019-08-15,,
2019-08-16,,
2019-08-17,,
2019-08-18,,
2019-08-19,,
2019-08-20,,
2019-08-21,,
2019-08-22,,
2019-08-23,,
2019-08-24,,
2019-08-25,,
2019-08-26,,
2019-08-27,,
2019-08-28,,
2019-08-29,,
2019-08-30,,
2019-08-31,,
2019-09-01,,
2019-09-02,,
2019-09-03,,
2019-09-04,,
2019-09-05,,
2019-09-06,,
2019-09-07,,
2019-09-08,,
2019-09-09,,
2019-09-10,,
2019-09-11,,
2019-09-12,,
2019-09-13,,
2019-09-14,,
2019-09-15,,
2019-09-16,,
2019-09-17,,
2019-09-18,,
2019-09-19,,
2019-09-20,,
2019-09-21,,
2019-09-22,,
2019-09-23,,
2019-09-24,,
2019-09-25,,
2019-09-26,,
2019-09-27,,
2019-09-28,,
2019-09-29,,
2019-09-30,,
2019-10-01,0.0,
2019-10-02,0.0,
2019-10-03,0.0,
2019-10-04,0.0,
2019-10-05,0.0,
2019-10-06,0.0,
2019-10-07,0.0,
2019-10-08,0.0,
2019-10-09,0.0,
2019-10-10,0.0,
2019-10-11,0.0,
2019-10-12,0.0,
2019-10-13,0.0,
2019-10-14,0.0,
2019-10-15,0.0,
2019-10-16,0.0,
2019-10-17,0.0,
2019-10-18,0.0,
2019-10-19,0.0,
2019-10-20,0.0,
2019-10-21,0.0,
2019-10-22,0.0,
2019-10-23,0.0,
2019-10-24,0.0,
2019-10-25,0.0,
2019-10-26,0.0,
2019-10-27,0.0,
2019-10-28,0.0,
2019-10-29,0.0,
2019-10-30,0.0,
2019-10-31,0.0,
2019-11-01,0.0,
2019-11-02,0.0,
2019-11-03,0.0,
2019-11-04,0.0,
2019-11-05,0.0,
2019-11-06,0.0,
2019-11-07,0.0,
2019-11-08,0.0,
2019-11-09,0.0,
2019-11-10,0.0,
2019-11-11,0.0,
2019-11-12,0.0,
2019-11-13,0.0,
2019-11-14,0.0,
2019-11-15,0.0,
2019-11-16,0.0,
2019-11-17,0.0,
2019-11-18,0.0,
2019-11-19,0.0,
2019-11-20,0.0,
2019-11-21,0.0,
2019-11-22,0.0,
2019-11-23,0.0,
2019-11-24,0.0,
2019-11-25,0.0,
2019-11-26,0.0,
2019-11-27,0.0,
2019-11-28,0.0,
2019-11-29,0.0,
2019-11-30,0.0,
2019-12-01,2.794,
2019-12-02,5.004,
2019-12-03,6.248,
2019-12-04,6.401,
2019-12-05,6.68,
2019-12-06,6.807,68.58
2019-12-07,7.087,63.5
2019-12-08,9.728,78.74
2019-12-09,9.855,73.66
2019-12-10,9.855,71.12
2019-12-11,10.287,68.58
2019-12-12,11.252,71.12
2019-12-13,11.379,66.04
2019-12-14,13.056,78.74
2019-12-15,13.462,81.28
2019-12-16,13.335,78.74
2019-12-17,13.741,76.2
2019-12-18,13.894,66.04
2019-12-19,13.741,66.04
2019-12-20,13.894,66.04
2019-12-21,14.173,66.04
2019-12-22,13.894,60.96
2019-12-23,14.3,58.42
2019-12-24,14.986,78.74
2019-12-25,14.859,73.66
2019-12-26,15.138,73.66
2019-12-27,14.859,68.58
2019-12-28,15.265,60.96
2019-12-29,15.418,60.96
2019-12-30,15.545,63.5
2019-12-31,15.418,58.42
2020-01-01,15.824,55.88
2020-01-02,15.824,58.42
2020-01-03,15.951,58.42
2020-01-04,15.951,55.88
2020-01-05,15.545,55.88
2020-01-06,15.418,55.88
2020-01-07,15.418,55.88
2020-01-08,15.418,58.42
2020-01-09,15.265,58.42
2020-01-10,15.138,60.96
2020-01-11,15.418,58.42
2020-01-12,15.265,58.42
2020-01-13,15.265,58.42
2020-01-14,15.418,58.42
2020-01-15,15.138,60.96
2020-01-16,15.418,55.88
2020-01-17,15.951,55.88
2020-01-18,16.662,71.12
2020-01-19,16.942,71.12
2020-01-20,17.348,68.58
2020-01-21,17.221,68.58
2020-01-22,17.069,71.12
2020-01-23,16.942,68.58
2020-01-24,17.628,71.12
2020-01-25,17.501,71.12
2020-01-26,18.034,68.58
2020-01-27,18.313,76.2
2020-01-28,18.593,76.2
2020-01-29,18.466,73.66
2020-01-30,19.025,73.66
2020-01-31,19.152,68.58
2020-02-01,19.431,68.58
2020-02-02,19.71,66.04
2020-02-03,18.745,292.1
2020-02-04,18.313,66.04
2020-02-05,18.593,66.04
2020-02-06,19.025,66.04
2020-02-07,19.025,66.04
2020-02-08,19.025,63.5
2020-02-09,18.593,63.5
2020-02-10,18.313,-48.26
2020-02-11,18.593,63.5
2020-02-12,18.466,63.5
2020-02-13,18.466,63.5
2020-02-14,18.186,63.5
2020-02-15,18.034,63.5
2020-02-16,18.466,63.5
2020-02-17,18.034,63.5
2020-02-18,17.501,63.5
2020-02-19,17.348,60.96
2020-02-20,17.348,60.96
2020-02-21,17.348,60.96
2020-02-22,17.628,63.5
2020-02-23,17.221,63.5
2020-02-24,17.221,63.5
2020-02-25,17.348,60.96
2020-02-26,17.221,60.96
2020-02-27,17.221,58.42
2020-02-28,17.348,58.42
2020-02-29,17.348,55.88
2020-03-01,17.221,66.04
2020-03-02,17.501,71.12
2020-03-03,17.907,63.5
2020-03-04,18.034,58.42
2020-03-05,18.466,55.88
2020-03-06,19.025,53.34
2020-03-07,19.025,50.8
2020-03-08,19.152,58.42
2020-03-09,20.269,53.34
2020-03-10,20.828,53.34
2020-03-11,20.676,50.8
2020-03-12,20.676,50.8
2020-03-13,20.955,48.26
2020-03-14,21.361,50.8
2020-03-15,24.155,401.32
2020-03-16,27.203,401.32
2020-03-17,29.134,71.12
2020-03-18,28.727,66.04
2020-03-19,28.727,86.36
2020-03-20,29.413,78.74
2020-03-21,29.693,73.66
2020-03-22,29.566,71.12
2020-03-23,29.693,71.12
2020-03-24,29.82,68.58
2020-03-25,30.251,78.74
2020-03-26,32.741,106.68
2020-03-27,32.893,99.06
2020-03-28,33.02,88.9
2020-03-29,33.706,88.9
2020-03-30,33.426,83.82
2020-03-31,33.985,81.28
2020-04-01,33.858,78.74
2020-04-02,33.706,76.2
2020-04-03,35.103,76.2
2020-04-04,36.22,76.2
2020-04-05,37.186,83.82
2020-04-06,40.792,
2020-04-07,40.919,121.92
2020-04-08,40.64,111.76
2020-04-09,41.351,124.46
2020-04-10,43.84,121.92
2020-04-11,43.688,116.84
2020-04-12,43.155,106.68
2020-04-13,43.561,109.22
2020-04-14,44.526,104.14
2020-04-15,45.085,101.6
2020-04-16,44.679,99.06
2020-04-17,44.806,99.06
2020-04-18,45.085,101.6
2020-04-19,44.806,96.52
2020-04-20,44.12,93.98
2020-04-21,43.967,93.98
2020-04-22,43.561,88.9
2020-04-23,43.002,86.36
2020-04-24,40.64,81.28
2020-04-25,38.557,76.2
2020-04-26,37.033,73.66
2020-04-27,34.976,71.12
2020-04-28,34.265,68.58
2020-04-29,33.172,60.96
2020-04-30,31.369,50.8
2020-05-01,29.693,48.26
2020-05-02,28.169,48.26
2020-05-03,27.203,43.18
2020-05-04,28.169,40.64
2020-05-05,27.051,40.64
2020-05-06,24.435,35.56
2020-05-07,23.038,33.02
2020-05-08,20.828,30.48
2020-05-09,18.466,25.4
2020-05-10,15.824,17.78
2020-05-11,13.056,7.62
2020-05-12,10.693,7.62
2020-05-13,10.008,7.62
2020-05-14,9.017,7.62
2020-05-15,8.89,7.62
2020-05-16,6.248,7.62
2020-05-17,4.318,5.08
2020-05-18,4.039,10.16
2020-05-19,5.156,33.02
2020-05-20,5.563,33.02
2020-05-21,5.283,20.32
2020-05-22,5.156,12.7
2020-05-23,3.886,10.16
2020-05-24,3.073,7.62
2020-05-25,2.083,5.08
2020-05-26,0.991,5.08
2020-05-27,0.0,5.08
2020-05-28,0.0,5.08
2020-05-29,0.0,7.62
2020-05-30,0.0,7.62
2020-05-31,0.0,7.62
2020-06-01,0.0,5.08
2020-06-02,0.0,5.08
2020-06-03,0.0,7.62
2020-06-04,0.0,7.62
2020-06-05,0.0,7.62
2020-06-06,0.0,7.62
2020-06-07,0.0,5.08
2020-06-08,0.0,7.62
2020-06-09,0.0,7.62
2020-06-10,0.0,5.08
2020-06-11,0.0,7.62
2020-06-12,0.0,7.62
2020-06-13,0.0,7.62
2020-06-14,0.0,7.62
2020-06-15,0.0,7.62
2020-06-16,0.0,7.62
2020-06-17,0.0,7.62
2020-06-18,0.0,5.08
2020-06-19,0.0,7.62
2020-06-20,0.0,7.62
2020-06-21,0.0,7.62
2020-06-22,0.0,5.08
2020-06-23,0.0,7.62
2020-06-24,0.0,5.08
2020-06-25,0.0,5.08
2020-06-26,0.0,7.62
2020-06-27,0.0,7.62
2020-06-28,0.0,5.08
2020-06-29,0.0,5.08
2020-06-30,0.0,5.08
2020-07-01,0.0,5.08
2020-07-02,0.0,7.62
2020-07-03,0.0,7.62
2020-07-04,0.0,7.62
2020-07-05,0.0,7.62
2020-07-06,0.0,7.62
2020-07-07,0.0,7.62
2020-07-08,0.0,7.62
2020-07-09,0.0,7.62
2020-07-10,0.0,7.62
2020-07-11,0.0,7.62
2020-07-12,0.0,7.62
2020-07-13,0.0,7.62
2020-07-14,0.0,7.62
2020-07-15,0.0,7.62
2020-07-16,0.0,7.62
2020-07-17,0.0,7.62
2020-07-18,0.0,7.62
2020-07-19,0.0,7.62
2020-07-20,0.0,7.62
2020-07-21,0.0,7.62
2020-07-22,0.0,7.62
2020-07-23,0.0,7.62
2020-07-24,0.0,7.62
2020-07-25,0.0,7.62
2020-07-26,0.0,7.62
2020-07-27,0.0,7.62
2020-07-28,0.0,7.62
2020-07-29,0.0,0.0
2020-07-30,0.0,0.0
2020-07-31,0.0,0.0
2020-08-01,0.0,0.0
2020-08-02,0.0,0.0
2020-08-03,0.0,0.0
2020-08-04,0.0,0.0
2020-08-05,0.0,0.0
2020-08-06,0.0,0.0
2020-08-07,0.0,0.0
2020-08-08,0.0,0.0
2020-08-09,0.0,0.0
2020-08-10,0.0,0.0
2020-08-11,0.0,0.0
2020-08-12,0.0,0.0
2020-08-13,0.0,0.0
2020-08-14,0.0,0.0
2020-08-15,0.0,0.0
2020-08-16,0.0,0.0
2020-08-17,0.0,0.0
2020-08-18,0.0,0.0
2020-08-19,0.0,0.0
2020-08-20,0.0,0.0
2020-08-21,0.0,0.0
2020-08-22,0.0,0.0
2020-08-23,0.0,0.0
2020-08-24,0.0,0.0
2020-08-25,0.0,0.0
2020-08-26,0.0,0.0
2020-08-27,0.0,0.0
2020-08-28,0.0,0.0
2020-08-29,0.0,0.0
2020-08-30,0.0,0.0
2020-08-31,0.0,-2.54
2020-09-01,0.0,-2.54
2020-09-02,0.0,0.0
2020-09-03,0.0,-2.54
2020-09-04,0.0,0.0
2020-09-05,0.0,0.0
2020-09-06,0.0,-2.54
2020-09-07,0.0,0.0
2020-09-08,0.0,-2.54
2020-09-09,0.0,0.0
2020-09-10,0.0,0.0
2020-09-11,0.0,0.0
2020-09-12,0.0,0.0
2020-09-13,0.0,0.0
2020-09-14,0.0,0.0
2020-09-15,0.0,-2.54
2020-09-16,0.0,0.0
2020-09-17,0.0,0.0
2020-09-18,0.0,-2.54
2020-09-19,0.0,0.0
2020-09-20,0.0,0.0
2020-09-21,0.0,0.0
2020-09-22,0.0,-2.54
2020-09-23,0.0,0.0
2020-09-24,0.0,0.0
2020-09-25,0.0,0.0
2020-09-26,0.0,0.0
2020-09-27,0.0,0.0
2020-09-28,0.0,0.0
2020-09-29,0.0,0.0
2020-09-30,0.0,0.0
2020-10-01,0.0,0.0
2020-10-02,0.0,0.0
2020-10-03,0.0,0.0
2020-10-04,0.0,0.0
2020-10-05,0.0,0.0
2020-10-06,0.0,0.0
2020-10-07,0.0,0.0
2020-10-08,0.0,0.0
2020-10-09,0.0,0.0
2020-10-10,0.0,0.0
2020-10-11,0.0,0.0
2020-10-12,0.0,0.0
2020-10-13,0.0,0.0
2020-10-14,0.0,0.0
2020-10-15,0.0,0.0
2020-10-16,0.0,0.0
2020-10-17,0.0,0.0
2020-10-18,0.0,0.0
2020-10-19,0.0,0.0
2020-10-20,0.0,0.0
2020-10-21,0.0,0.0
2020-10-22,0.0,0.0
2020-10-23,0.0,0.0
2020-10-24,0.0,0.0
2020-10-25,0.0,0.0
2020-10-26,0.0,0.0
2020-10-27,0.0,0.0
2020-10-28,0.0,0.0
2020-10-29,0.0,0.0
2020-10-30,0.0,0.0
2020-10-31,0.0,0.0
2020-11-01,0.0,0.0
2020-11-02,0.0,0.0
2020-11-03,0.0,0.0
2020-11-04,0.0,0.0
2020-11-05,0.0,0.0
2020-11-06,0.0,0.0
2020-11-07,0.0,2.54
2020-11-08,0.0,2.54
2020-11-09,0.051,12.7
2020-11-10,0.33,10.16
2020-11-11,0.61,7.62
2020-11-12,0.457,7.62
2020-11-13,0.864,7.62
2020-11-14,0.61,5.08
2020-11-15,0.737,2.54
2020-11-16,0.737,2.54
2020-11-17,1.143,0.0
2020-11-18,0.864,5.08
2020-11-19,1.981,17.78
2020-11-20,1.702,17.78
2020-11-21,1.854,15.24
2020-11-22,2.134,15.24
2020-11-23,2.413,17.78
2020-11-24,2.134,17.78
2020-11-25,2.413,15.24
2020-11-26,2.134,15.24
2020-11-27,2.134,15.24
2020-11-28,2.261,15.24
2020-11-29,2.261,15.24
2020-11-30,2.413,15.24
2020-12-01,2.413,15.24
2020-12-02,2.54,12.7
2020-12-03,2.54,12.7
2020-12-04,2.54,12.7
2020-12-05,2.54,12.7
2020-12-06,2.819,12.7
2020-12-07,2.413,12.7
2020-12-08,2.54,12.7
2020-12-09,2.54,12.7
2020-12-10,2.667,12.7
2020-12-11,2.413,10.16
2020-12-12,3.226,25.4
2020-12-13,3.937,27.94
2020-12-14,5.74,53.34
2020-12-15,6.274,50.8
2020-12-16,6.706,50.8
2020-12-17,7.264,58.42
2020-12-18,8.077,71.12
2020-12-19,8.357,66.04
2020-12-20,8.636,63.5
2020-12-21,8.915,63.5
2020-12-22,9.068,58.42
2020-12-23,8.788,58.42
2020-12-24,8.788,55.88
2020-12-25,9.068,55.88
2020-12-26,9.601,66.04
2020-12-27,9.754,66.04
2020-12-28,10.16,71.12
2020-12-29,10.439,71.12
2020-12-30,10.439,68.58
2020-12-31,10.871,68.58
2021-01-01,17.932,66.04
2021-01-02,18.39,66.04
2021-01-03,18.39,66.04
2021-01-04,18.618,63.5
2021-01-05,17.678,63.5
2021-01-06,18.136,63.5
2021-01-07,17.678,63.5
2021-01-08,18.136,63.5
2021-01-09,17.932,63.5
2021-01-10,18.618,60.96
2021-01-11,18.618,60.96
2021-01-12,18.618,60.96
2021-01-13,19.075,60.96
2021-01-14,18.39,58.42
2021-01-15,18.39,55.88
2021-01-16,19.279,55.88
2021-01-17,18.821,55.88
2021-01-18,18.821,53.34
2021-01-19,17.932,53.34
2021-01-20,17.932,53.34
2021-01-21,18.136,53.34
2021-01-22,18.821,53.34
2021-01-23,17.932,55.88
2021-01-24,18.39,60.96
2021-01-25,18.618,71.12
2021-01-26,18.821,73.66
2021-01-27,20.193,96.52
2021-01-28,25.933,162.56
2021-01-29,32.106,187.96
2021-01-30,34.417,180.34
2021-01-31,35.738,167.64
2021-02-01,36.932,157.48
2021-02-02,36.932,147.32
2021-02-03,37.389,149.86
2021-02-04,37.135,144.78
2021-02-05,38.506,142.24
2021-02-06,38.303,139.7
2021-02-07,38.303,134.62
2021-02-08,38.303,132.08
2021-02-09,39.192,129.54
2021-02-10,39.192,132.08
2021-02-11,39.446,129.54
2021-02-12,42.164,162.56
2021-02-13,44.247,160.02
2021-02-14,45.136,162.56
2021-02-15,47.447,162.56
2021-02-16,50.419,162.56
2021-02-17,49.962,160.02
2021-02-18,50.622,157.48
2021-02-19,52.019,154.94
2021-02-20,52.73,154.94
2021-02-21,52.019,152.4
2021-02-22,53.391,149.86
2021-02-23,54.077,147.32
2021-02-24,53.594,144.78
2021-02-25,55.245,144.78
2021-02-26,54.534,142.24
2021-02-27,54.534,142.24
2021-02-28,53.848,142.24
2021-03-01,54.305,139.7
2021-03-02,54.991,139.7
2021-03-03,54.534,139.7
2021-03-04,53.848,139.7
2021-03-05,54.077,137.16
2021-03-06,55.245,137.16
2021-03-07,54.991,134.62
2021-03-08,55.245,134.62
2021-03-09,54.534,137.16
2021-03-10,54.991,139.7
2021-03-11,55.905,144.78
2021-03-12,57.15,157.48
2021-03-13,58.623,157.48
2021-03-14,59.563,149.86
2021-03-15,60.731,154.94
2021-03-16,62.23,167.64
2021-03-17,61.722,160.02
2021-03-18,63.5,154.94
2021-03-19,64.465,162.56
2021-03-20,64.516,190.5
2021-03-21,64.77,182.88
2021-03-22,65.176,177.8
2021-03-23,66.04,182.88
2021-03-24,65.761,175.26
2021-03-25,66.599,172.72
2021-03-26,66.726,177.8
2021-03-27,67.158,172.72
2021-03-28,67.843,167.64
2021-03-29,68.402,162.56
2021-03-30,68.072,157.48
2021-03-31,67.97,154.94
2021-04-01,66.878,149.86
2021-04-02,67.005,147.32
2021-04-03,67.005,142.24
2021-04-04,67.005,137.16
2021-04-05,66.446,132.08
2021-04-06,66.319,132.08
2021-04-07,65.634,127.0
2021-04-08,65.075,124.46
2021-04-09,63.957,121.92
2021-04-10,62.84,119.38
2021-04-11,62.306,114.3
2021-04-12,59.944,111.76
2021-04-13,58.953,106.68
2021-04-14,59.106,114.3
2021-04-15,59.512,124.46
2021-04-16,60.071,114.3
2021-04-17,59.512,109.22
2021-04-18,,
2021-04-19,58.141,101.6
2021-04-20,57.429,96.52
2021-04-21,56.337,93.98
2021-04-22,56.058,93.98
2021-04-23,55.499,91.44
2021-04-24,54.813,86.36
2021-04-25,53.289,88.9
2021-04-26,54.813,106.68
2021-04-27,54.94,104.14
2021-04-28,55.093,99.06
2021-04-29,54.813,91.44
2021-04-30,53.975,83.82
2021-05-01,52.73,76.2
2021-05-02,50.216,71.12
2021-05-03,48.971,68.58
2021-05-04,47.32,66.04
2021-05-05,45.517,60.96
2021-05-06,43.561,55.88
2021-05-07,40.665,50.8
2021-05-08,36.779,45.72
2021-05-09,32.614,40.64
2021-05-10,30.531,38.1
2021-05-11,28.88,30.48
2021-05-12,26.797,20.32
2021-05-13,24.994,12.7
2021-05-14,23.876,2.54
2021-05-15,23.19,-2.54
2021-05-16,22.911,0.0
2021-05-17,22.631,-2.54
2021-05-18,22.225,-2.54
2021-05-19,22.073,-2.54
2021-05-20,21.514,-2.54
2021-05-21,21.666,7.62
2021-05-22,12.7,10.16
2021-05-23,3.81,10.16
2021-05-24,0.0,0.0
2021-05-25,0.0,-2.54
2021-05-26,0.0,-2.54
2021-05-27,0.0,-2.54
2021-05-28,0.0,-2.54
2021-05-29,0.0,-2.54
2021-05-30,0.0,-2.54
2021-05-31,0.0,-2.54
2021-06-01,0.0,-2.54
2021-06-02,0.0,-2.54
2021-06-03,0.0,-2.54
2021-06-04,0.0,-2.54
2021-06-05,0.0,-2.54
2021-06-06,0.0,-2.54
2021-06-07,0.0,-2.54
2021-06-08,0.0,-2.54
2021-06-09,0.0,-2.54
2021-06-10,0.0,-2.54
2021-06-11,0.0,-2.54
2021-06-12,0.0,-2.54
2021-06-13,0.0,-2.54
2021-06-14,0.0,-2.54
2021-06-15,0.0,-2.54
2021-06-16,0.0,-2.54
2021-06-17,0.0,-2.54
2021-06-18,0.0,-2.54
2021-06-19,0.0,-2.54
2021-06-20,0.0,-2.54
2021-06-21,0.0,-2.54
2021-06-22,0.0,-2.54
2021-06-23,0.0,-2.54
2021-06-24,0.0,-2.54
2021-06-25,0.0,-2.54
2021-06-26,0.0,-2.54
2021-06-27,0.0,-2.54
2021-06-28,0.0,-2.54
2021-06-29,0.0,-2.54
2021-06-30,0.0,-2.54
2021-07-01,0.0,-2.54
2021-07-02,0.0,-2.54
2021-07-03,0.0,-2.54
2021-07-04,0.0,-2.54
2021-07-05,0.0,-2.54
2021-07-06,0.0,-2.54
2021-07-07,0.0,-2.54
2021-07-08,0.0,-2.54
2021-07-09,0.0,-2.54
2021-07-10,0.0,-2.54
2021-07-11,0.0,-2.54
2021-07-12,0.0,-2.54
2021-07-13,0.0,-2.54
2021-07-14,0.0,-2.54
2021-07-15,0.0,-2.54
2021-07-16,0.0,-2.54
2021-07-17,0.0,-2.54
2021-07-18,0.0,-2.54
2021-07-19,0.0,-2.54
2021-07-20,0.0,-2.54
2021-07-21,0.0,-2.54
2021-07-22,0.0,-2.54
2021-07-23,0.0,-2.54
2021-07-24,0.0,-2.54
2021-07-25,0.0,-2.54
2021-07-26,0.0,-2.54
2021-07-27,0.0,-2.54
2021-07-28,0.0,-2.54
2021-07-29,0.0,-2.54
2021-07-30,0.0,-2.54
2021-07-31,0.0,-2.54
2021-08-01,0.0,-2.54
2021-08-02,0.0,-2.54
2021-08-03,0.0,-2.54
2021-08-04,0.0,-2.54
2021-08-05,0.0,-2.54
2021-08-06,0.0,-2.54
2021-08-07,0.0,-2.54
2021-08-08,0.0,-2.54
2021-08-09,0.0,-2.54
2021-08-10,0.0,-2.54
2021-08-11,0.0,-2.54
2021-08-12,0.0,-2.54
2021-08-13,0.0,-2.54
2021-08-14,0.0,-2.54
2021-08-15,0.0,-2.54
2021-08-16,0.0,-2.54
2021-08-17,0.0,-2.54
2021-08-18,0.0,-2.54
2021-08-19,0.0,-2.54
2021-08-20,0.0,-2.54
2021-08-21,0.0,-2.54
2021-08-22,0.0,-2.54
2021-08-23,0.0,-2.54
2021-08-24,0.0,-2.54
2021-08-25,0.0,-2.54
2021-08-26,0.0,-2.54
2021-08-27,0.0,-2.54
2021-08-28,0.0,-2.54
2021-08-29,0.0,-2.54
2021-08-30,0.0,-2.54
2021-08-31,0.0,-2.54
2021-09-01,0.0,-2.54
2021-09-02,0.0,-2.54
2021-09-03,0.0,-2.54
2021-09-04,0.0,-2.54
2021-09-05,0.0,-2.54
2021-09-06,0.0,-2.54
2021-09-07,0.0,-2.54
2021-09-08,0.0,-2.54
2021-09-09,0.0,-2.54
2021-09-10,0.0,-2.54
2021-09-11,0.0,-2.54
2021-09-12,0.0,-2.54
2021-09-13,0.0,-2.54
2021-09-14,0.0,-2.54
2021-09-15,0.0,-2.54
2021-09-16,0.0,-2.54
2021-09-17,0.0,-2.54
2021-09-18,0.0,-2.54
2021-09-19,0.0,-2.54
2021-09-20,0.0,-2.54
2021-09-21,0.0,-2.54
2021-09-22,0.0,0.0
2021-09-23,0.0,0.0
2021-09-24,0.0,0.0
2021-09-25,0.0,0.0
2021-09-26,0.0,0.0
2021-09-27,0.0,0.0
2021-09-28,0.0,-2.54
2021-09-29,0.0,0.0
2021-09-30,0.0,-2.54
2021-10-01,0.0,-2.54
2021-10-02,0.0,-2.54
2021-10-03,0.0,-2.54
2021-10-04,0.0,-2.54
2021-10-05,0.0,-2.54
2021-10-06,0.0,-2.54
2021-10-07,0.0,-2.54
2021-10-08,0.0,-2.54
2021-10-09,0.0,2.54
2021-10-10,0.0,2.54
2021-10-11,0.0,-2.54
2021-10-12,0.0,7.62
2021-10-13,0.0,2.54
2021-10-14,0.0,-2.54
2021-10-15,0.0,-2.54
2021-10-16,0.0,-2.54
2021-10-17,0.0,-2.54
2021-10-18,0.559,10.16
2021-10-19,0.356,7.62
2021-10-20,1.245,0.0
2021-10-21,0.686,-2.54
2021-10-22,0.559,-2.54
2021-10-23,0.559,2.54
2021-10-24,0.965,2.54
2021-10-25,0.838,0.0
2021-10-26,5.131,50.8
2021-10-27,5.69,43.18
2021-10-28,5.817,30.48
2021-10-29,5.131,25.4
2021-10-30,5.131,22.86
2021-10-31,4.572,17.78
2021-11-01,4.293,15.24
2021-11-02,4.166,15.24
2021-11-03,4.013,12.7
2021-11-04,3.734,10.16
2021-11-05,2.921,5.08
2021-11-06,2.769,5.08
2021-11-07,2.769,5.08
2021-11-08,1.524,5.08
2021-11-09,3.048,17.78
2021-11-10,2.362,12.7
2021-11-11,3.454,10.16
2021-11-12,3.734,7.62
2021-11-13,3.327,7.62
2021-11-14,3.2,5.08
2021-11-15,3.2,5.08
2021-11-16,3.048,5.08
2021-11-17,1.397,2.54
2021-11-18,2.21,2.54
2021-11-19,2.489,2.54
2021-11-20,0.686,0.0
2021-11-21,1.93,0.0
2021-11-22,1.245,0.0
2021-11-23,1.93,0.0
2021-11-24,2.083,0.0
2021-11-25,2.083,0.0
2021-11-26,1.93,0.0
2021-11-27,1.93,0.0
2021-11-28,1.803,0.0
2021-11-29,1.524,0.0
2021-11-30,1.118,0.0
2021-12-01,0.838,0.0
2021-12-02,0.559,0.0
2021-12-03,0.838,0.0
2021-12-04,0.965,0.0
2021-12-05,1.245,0.0
2021-12-06,1.397,0.0
2021-12-07,1.118,0.0
2021-12-08,0.406,0.0
2021-12-09,1.397,5.08
2021-12-10,1.93,22.86
2021-12-11,1.93,20.32
2021-12-12,2.489,17.78
2021-12-13,3.886,35.56
2021-12-14,8.458,66.04
2021-12-15,11.379,104.14
2021-12-16,12.624,93.98
2021-12-17,15.265,93.98
2021-12-18,14.986,88.9
2021-12-19,15.265,83.82
2021-12-20,15.113,78.74
2021-12-21,14.707,73.66
2021-12-22,14.554,68.58
2021-12-23,16.51,86.36
2021-12-24,21.92,111.76
2021-12-25,24.13,121.92
2021-12-26,27.457,170.18
2021-12-27,27.864,162.56
2021-12-28,30.099,167.64
2021-12-29,30.785,165.1
2021-12-30,31.344,170.18
2021-12-31,32.309,160.02
2022-01-01,31.623,154.94
2022-01-02,31.623,149.86
2022-01-03,32.309,144.78
2022-01-04,32.029,139.7
2022-01-05,32.182,134.62
2022-01-06,32.309,129.54
2022-01-07,32.182,127.0
2022-01-08,31.902,134.62
2022-01-09,31.902,132.08
2022-01-10,31.623,129.54
2022-01-11,31.75,129.54
2022-01-12,32.461,127.0
2022-01-13,32.588,124.46
2022-01-14,32.029,124.46
2022-01-15,31.902,121.92
2022-01-16,31.902,121.92
2022-01-17,31.902,121.92
2022-01-18,32.029,119.38
2022-01-19,32.029,119.38
2022-01-20,32.029,119.38
2022-01-21,32.309,116.84
2022-01-22,31.75,116.84
2022-01-23,32.182,116.84
2022-01-24,32.309,116.84
2022-01-25,32.309,114.3
2022-01-26,32.182,114.3
2022-01-27,32.182,114.3
2022-01-28,32.309,114.3
2022-01-29,32.029,114.3
2022-01-30,32.029,114.3
2022-01-31,32.309,114.3
2022-02-01,48.26,111.76
2022-02-02,47.701,111.76
2022-02-03,47.981,111.76
2022-02-04,47.981,111.76
2022-02-05,48.26,111.76
2022-02-06,47.981,111.76
2022-02-07,48.412,109.22
2022-02-08,48.26,109.22
2022-02-09,48.26,109.22
2022-02-10,48.311,109.22
2022-02-11,47.904,106.68
2022-02-12,47.904,104.14
2022-02-13,47.625,104.14
2022-02-14,47.473,101.6
2022-02-15,47.473,101.6
2022-02-16,46.939,104.14
2022-02-17,47.346,104.14
2022-02-18,47.904,104.14
2022-02-19,48.031,101.6
2022-02-20,48.082,101.6
2022-02-21,48.133,101.6
2022-02-22,48.184,101.6
2022-02-23,48.26,114.3
2022-02-24,48.311,111.76
2022-02-25,48.362,109.22
2022-02-26,48.412,109.22
2022-02-27,48.463,109.22
2022-02-28,48.87,106.68
2022-03-01,48.87,104.14
2022-03-02,48.87,101.6
2022-03-03,49.428,101.6
2022-03-04,48.997,101.6
2022-03-05,48.87,116.84
2022-03-06,48.997,116.84
2022-03-07,48.87,114.3
2022-03-08,48.997,109.22
2022-03-09,49.276,109.22
2022-03-10,49.276,109.22
2022-03-11,48.87,106.68
2022-03-12,48.997,106.68
2022-03-13,49.555,104.14
2022-03-14,49.835,104.14
2022-03-15,50.521,101.6
2022-03-16,50.673,106.68
2022-03-17,50.673,104.14
2022-03-18,50.673,104.14
2022-03-19,51.511,104.14
2022-03-20,51.791,114.3
2022-03-21,52.07,109.22
2022-03-22,51.638,104.14
2022-03-23,52.324,101.6
2022-03-24,52.756,96.52
2022-03-25,51.918,91.44
2022-03-26,51.232,88.9
2022-03-27,50.267,86.36
2022-03-28,48.997,83.82
2022-03-29,50.394,124.46
2022-03-30,51.232,101.6
2022-03-31,50.8,93.98
2022-04-01,50.673,88.9
2022-04-02,49.987,83.82
2022-04-03,48.997,81.28
2022-04-04,47.904,78.74
2022-04-05,46.939,76.2
2022-04-06,45.822,73.66
2022-04-07,44.577,68.58
2022-04-08,43.332,66.04
2022-04-09,41.935,63.5
2022-04-10,40.538,60.96
2022-04-11,40.005,58.42
2022-04-12,39.726,76.2
2022-04-13,39.294,71.12
2022-04-14,39.294,68.58
2022-04-15,39.726,73.66
2022-04-16,40.132,68.58
2022-04-17,41.097,83.82
2022-04-18,41.377,73.66
2022-04-19,40.818,71.12
2022-04-20,40.818,83.82
2022-04-21,40.818,76.2
2022-04-22,42.062,114.3
2022-04-23,42.621,104.14
2022-04-24,43.18,93.98
2022-04-25,42.774,88.9
2022-04-26,43.332,81.28
2022-04-27,33.02,76.2
2022-04-28,32.893,73.66
2022-04-29,32.741,71.12
2022-04-30,32.334,68.58
2022-05-01,31.902,66.04
2022-05-02,31.623,63.5
2022-05-03,31.217,60.96
2022-05-04,30.099,55.88
2022-05-05,29.413,50.8
2022-05-06,27.889,45.72
2022-05-07,26.492,40.64
2022-05-08,25.4,38.1
2022-05-09,24.282,45.72
2022-05-10,26.924,53.34
2022-05-11,28.448,76.2
2022-05-12,28.727,58.42
2022-05-13,28.854,48.26
2022-05-14,27.889,40.64
2022-05-15,22.86,35.56
2022-05-16,20.091,27.94
2022-05-17,17.526,25.4
2022-05-18,12.7,20.32
2022-05-19,9.525,15.24
2022-05-20,6.35,5.08
2022-05-21,5.08,2.54
2022-05-22,3.048,0.0
2022-05-23,2.286,-2.54
2022-05-24,1.27,-2.54
2022-05-25,0.559,-2.54
2022-05-26,0.0,-2.54
2022-05-27,0.0,-2.54
2022-05-28,0.0,-2.54
2022-05-29,0.0,-2.54
2022-05-30,0.0,-2.54
2022-05-31,0.0,-2.54
2022-06-01,0.0,-2.54
2022-06-02,0.0,-2.54
2022-06-03,0.0,-2.54
2022-06-04,0.0,-2.54
2022-06-05,0.0,-2.54
2022-06-06,0.0,-2.54
2022-06-07,0.0,-2.54
2022-06-08,0.0,-2.54
2022-06-09,0.0,-2.54
2022-06-10,0.0,-2.54
2022-06-11,0.0,-2.54
2022-06-12,0.0,-2.54
2022-06-13,0.0,-2.54
2022-06-14,0.0,-2.54
2022-06-15,0.0,-2.54
2022-06-16,0.0,-2.54
2022-06-17,0.0,-2.54
2022-06-18,0.0,-2.54
2022-06-19,0.0,-2.54
2022-06-20,0.0,-2.54
2022-06-21,0.0,-2.54
2022-06-22,0.0,-2.54
2022-06-23,0.0,-2.54
2022-06-24,0.0,-2.54
2022-06-25,0.0,-2.54
2022-06-26,0.0,-2.54
2022-06-27,0.0,-2.54
2022-06-28,0.0,-2.54
2022-06-29,0.0,-2.54
2022-06-30,0.0,-2.54
2022-07-01,0.0,-2.54
2022-07-02,0.0,-2.54
2022-07-03,0.0,-2.54
2022-07-04,0.0,-2.54
2022-07-05,0.0,-2.54
2022-07-06,0.0,-2.54
2022-07-07,0.0,-2.54
2022-07-08,0.0,-2.54
2022-07-09,0.0,-2.54
2022-07-10,0.0,-2.54
2022-07-11,0.0,-2.54
2022-07-12,0.0,-2.54
2022-07-13,0.0,-2.54
2022-07-14,0.0,-2.54
2022-07-15,0.0,-2.54
2022-07-16,0.0,-2.54
2022-07-17,0.0,-2.54
2022-07-18,0.0,-2.54
2022-07-19,0.0,-2.54
2022-07-20,0.0,-2.54
2022-07-21,0.0,-2.54
2022-07-22,0.0,-2.54
2022-07-23,0.0,-2.54
2022-07-24,0.0,-2.54
2022-07-25,0.0,-2.54
2022-07-26,0.0,-2.54
2022-07-27,0.0,-2.54
2022-07-28,0.0,0.0
2022-07-29,0.0,-2.54
2022-07-30,0.0,-2.54
2022-07-31,0.0,-2.54
2022-08-01,0.0,-2.54
2022-08-02,0.0,-2.54
2022-08-03,0.0,-2.54
2022-08-04,0.0,-2.54
2022-08-05,0.0,-2.54
2022-08-06,0.0,-2.54
2022-08-07,0.0,-2.54
2022-08-08,0.0,-2.54
2022-08-09,0.0,-2.54
2022-08-10,0.0,0.0
2022-08-11,0.0,-2.54
2022-08-12,0.0,-2.54
2022-08-13,0.0,-2.54
2022-08-14,0.0,-2.54
2022-08-15,0.0,-2.54
2022-08-16,0.0,-2.54
2022-08-17,0.0,0.0
2022-08-18,0.0,-2.54
2022-08-19,0.0,0.0
2022-08-20,0.0,-2.54
2022-08-21,0.0,-2.54
2022-08-22,0.0,-2.54
2022-08-23,0.0,-2.54
2022-08-24,0.0,0.0
2022-08-25,0.0,0.0
2022-08-26,0.0,-2.54
2022-08-27,0.0,-2.54
2022-08-28,0.0,-2.54
2022-08-29,0.0,-2.54
2022-08-30,0.0,-2.54
2022-08-31,0.0,-2.54
2022-09-01,0.0,-2.54
2022-09-02,0.0,-2.54
2022-09-03,0.0,-2.54
2022-09-04,0.0,-2.54
2022-09-05,0.0,-2.54
2022-09-06,0.0,-2.54
2022-09-07,0.0,-2.54
2022-09-08,0.0,-2.54
2022-09-09,0.0,-2.54
2022-09-10,0.0,-2.54
2022-09-11,0.0,-2.54
2022-09-12,0.0,-2.54
2022-09-13,0.0,-2.54
2022-09-14,0.0,-2.54
2022-09-15,0.0,-2.54
2022-09-16,0.0,-2.54
2022-09-17,0.0,-2.54
2022-09-18,0.0,-2.54
2022-09-19,0.0,0.0
2022-09-20,0.0,-2.54
2022-09-21,0.0,-2.54
2022-09-22,0.0,-2.54
2022-09-23,0.0,-2.54
2022-09-24,0.0,-2.54
2022-09-25,0.0,-2.54
2022-09-26,0.0,-2.54
2022-09-27,0.0,-2.54
2022-09-28,0.0,-2.54
2022-09-29,0.0,-2.54
2022-09-30,0.0,-2.54
2022-10-01,0.0,-2.54
2022-10-02,0.0,-2.54
2022-10-03,0.0,-2.54
2022-10-04,0.0,-2.54
2022-10-05,0.0,-2.54
2022-10-06,0.0,-2.54
2022-10-07,0.0,-2.54
2022-10-08,0.0,-2.54
2022-10-09,0.0,-2.54
2022-10-10,0.0,-2.54
2022-10-11,0.0,-2.54
2022-10-12,0.0,0.0
2022-10-13,0.0,-2.54
2022-10-14,0.0,0.0
2022-10-15,0.0,-2.54
2022-10-16,0.0,-2.54
2022-10-17,0.0,-2.54
2022-10-18,0.0,-2.54
2022-10-19,0.0,-2.54
2022-10-20,0.0,-2.54
2022-10-21,0.0,-2.54
2022-10-22,0.0,-2.54
2022-10-23,0.0,2.54
2022-10-24,0.0,0.0
2022-10-25,0.0,-2.54
2022-10-26,0.0,-2.54
2022-10-27,0.0,-2.54
2022-10-28,0.0,-2.54
2022-10-29,0.0,-2.54
2022-10-30,0.0,-2.54
2022-10-31,0.0,-2.54
2022-11-01,0.0,0.0
2022-11-02,0.127,7.62
2022-11-03,0.0,7.62
2022-11-04,0.406,5.08
2022-11-05,1.372,0.0
2022-11-06,1.372,0.0
2022-11-07,1.245,2.54
2022-11-08,2.769,27.94
2022-11-09,5.817,86.36
2022-11-10,6.096,71.12
2022-11-11,6.223,60.96
2022-11-12,6.655,55.88
2022-11-13,6.782,55.88
2022-11-14,6.502,48.26
2022-11-15,6.782,45.72
2022-11-16,6.782,43.18
2022-11-17,6.655,40.64
2022-11-18,6.655,40.64
2022-11-19,6.655,38.1
2022-11-20,6.502,38.1
2022-11-21,6.934,38.1
2022-11-22,6.858,35.56
2022-11-23,6.782,35.56
2022-11-24,7.188,35.56
2022-11-25,6.934,35.56
2022-11-26,7.188,33.02
2022-11-27,6.833,33.02
2022-11-28,6.579,33.02
2022-11-29,6.375,33.02
2022-11-30,6.502,33.02
2022-12-01,7.188,33.02
2022-12-02,8.738,73.66
2022-12-03,8.865,66.04
2022-12-04,10.541,76.2
2022-12-05,12.192,83.82
2022-12-06,12.751,81.28
2022-12-07,13.157,78.74
2022-12-08,13.03,76.2
2022-12-09,13.995,73.66
2022-12-10,14.554,73.66
2022-12-11,22.174,129.54
2022-12-12,25.095,154.94
2022-12-13,25.781,144.78
2022-12-14,26.213,137.16
2022-12-15,26.619,132.08
2022-12-16,26.467,129.54
2022-12-17,26.746,124.46
2022-12-18,26.899,121.92
2022-12-19,26.899,119.38
2022-12-20,27.737,119.38
2022-12-21,27.457,116.84
2022-12-22,27.864,114.3
2022-12-23,28.27,114.3
2022-12-24,27.864,111.76
2022-12-25,28.27,111.76
2022-12-26,28.702,109.22
2022-12-27,29.54,111.76
2022-12-28,35.204,147.32
2022-12-29,35.636,144.78
2022-12-30,37.998,157.48
2022-12-31,43.815,172.72
2023-01-01,53.391,251.46
2023-01-02,54.356,236.22
2023-01-03,55.601,238.76
2023-01-04,56.159,228.6
2023-01-05,58.242,231.14
2023-01-06,63.221,264.16
2023-01-07,64.059,254.0
2023-01-08,64.618,246.38
2023-01-09,66.827,254.0
2023-01-10,75.438,304.8
2023-01-11,81.255,340.36
2023-01-12,82.931,327.66
2023-01-13,84.582,314.96
2023-01-14,86.106,322.58
2023-01-15,92.481,381.0
2023-01-16,94.717,383.54
2023-01-17,97.333,386.08
2023-01-18,98.323,370.84
2023-01-19,99.695,368.3
2023-01-20,99.847,355.6
2023-01-21,99.974,347.98
2023-01-22,100.94,340.36
2023-01-23,100.127,330.2
2023-01-24,100.254,322.58
2023-01-25,100.533,317.5
2023-01-26,100.482,
2023-01-27,100.432,
2023-01-28,100.406,307.34
2023-01-29,100.686,304.8
2023-01-30,100.533,309.88
2023-01-31,100.406,304.8
2023-02-01,101.219,302.26
2023-02-02,101.498,299.72
2023-02-03,102.057,294.64
2023-02-04,101.219,289.56
2023-02-05,103.302,307.34
2023-02-06,104.826,320.04
2023-02-07,105.664,312.42
2023-02-08,105.816,307.34
2023-02-09,106.223,304.8
2023-02-10,106.223,302.26
2023-02-11,107.061,297.18
2023-02-12,107.061,297.18
2023-02-13,107.061,294.64
2023-02-14,107.188,292.1
2023-02-15,106.07,294.64
2023-02-16,105.943,294.64
2023-02-17,107.34,289.56
2023-02-18,106.782,289.56
2023-02-19,107.34,287.02
2023-02-20,108.153,287.02
2023-02-21,108.433,284.48
2023-02-22,108.585,304.8
2023-02-23,108.991,312.42
2023-02-24,111.074,320.04
2023-02-25,115.24,347.98
2023-02-26,118.135,373.38
2023-02-27,119.939,386.08
2023-02-28,122.022,393.7
2023-03-01,125.628,411.48
2023-03-02,126.746,398.78
2023-03-03,128.27,388.62
2023-03-04,128.549,381.0
2023-03-05,128.956,401.32
2023-03-06,131.597,408.94
2023-03-07,133.274,426.72
2023-03-08,133.96,408.94
2023-03-09,134.518,403.86
2023-03-10,139.649,416.56
2023-03-11,144.501,424.18
2023-03-12,147.269,424.18
2023-03-13,152.121,424.18
2023-03-14,153.518,426.72
2023-03-15,156.413,424.18
2023-03-16,157.81,424.18
2023-03-17,157.963,424.18
2023-03-18,157.963,424.18
2023-03-19,158.648,424.18
2023-03-20,159.334,424.18
2023-03-21,160.731,424.18
2023-03-22,161.823,424.18
2023-03-23,162.941,424.18
2023-03-24,163.347,424.18
2023-03-25,163.347,424.18
2023-03-26,163.5,424.18
2023-03-27,163.22,424.18
2023-03-28,164.338,424.18
2023-03-29,166.268,424.18
2023-03-30,167.665,424.18
2023-03-31,168.072,424.18
2023-04-01,168.478,424.18
2023-04-02,169.037,424.18
2023-04-03,169.316,421.64
2023-04-04,169.037,421.64
2023-04-05,169.037,421.64
2023-04-06,169.748,421.64
2023-04-07,170.713,421.64
2023-04-08,170.84,419.1
2023-04-09,170.993,398.78
2023-04-10,171.399,396.24
2023-04-11,171.12,396.24
2023-04-12,170.713,393.7
2023-04-13,169.748,391.16
2023-04-14,169.596,393.7
2023-04-15,169.469,393.7
2023-04-16,169.748,393.7
2023-04-17,169.748,391.16
2023-04-18,169.316,386.08
2023-04-19,168.91,391.16
2023-04-20,169.037,386.08
2023-04-21,169.748,381.0
2023-04-22,168.91,370.84
2023-04-23,167.792,365.76
2023-04-24,165.1,358.14
2023-04-25,162.56,355.6
2023-04-26,160.02,350.52
2023-04-27,157.48,345.44
2023-04-28,153.924,340.36
2023-04-29,150.368,335.28
2023-04-30,147.549,330.2
2023-05-01,147.269,325.12
2023-05-02,146.431,332.74
2023-05-03,146.431,327.66
2023-05-04,147.828,325.12
2023-05-05,149.479,335.28
2023-05-06,151.841,330.2
2023-05-07,153.645,335.28
2023-05-08,155.88,327.66
2023-05-09,157.683,325.12
2023-05-10,158.369,322.58
2023-05-11,153.365,320.04
2023-05-12,154.483,314.96
2023-05-13,156.159,309.88
2023-05-14,155.727,304.8
2023-05-15,154.203,302.26
2023-05-16,154.076,297.18
2023-05-17,154.356,292.1
2023-05-18,154.889,287.02
2023-05-19,155.169,284.48
2023-05-20,156.566,279.4
2023-05-21,155.727,274.32
2023-05-22,156.693,271.78
2023-05-23,155.448,264.16
2023-05-24,156.693,261.62
2023-05-25,157.683,256.54
2023-05-26,158.369,254.0
2023-05-27,157.531,248.92
2023-05-28,153.645,246.38
2023-05-29,150.47,241.3
2023-05-30,118.11,236.22
2023-05-31,115.595,233.68
2023-06-01,115.062,233.68
2023-06-02,113.944,228.6
2023-06-03,111.455,220.98
2023-06-04,106.731,215.9
2023-06-05,101.041,210.82
2023-06-06,96.749,203.2
2023-06-07,94.107,203.2
2023-06-08,91.897,195.58
2023-06-09,90.653,190.5
2023-06-10,85.649,182.88
2023-06-11,81.915,180.34
2023-06-12,78.588,175.26
2023-06-13,74.143,170.18
2023-06-14,70.815,162.56
2023-06-15,67.056,157.48
2023-06-16,64.008,152.4
2023-06-17,60.681,144.78
2023-06-18,54.737,137.16
2023-06-19,47.244,132.08
2023-06-20,44.044,129.54
2023-06-21,41.681,127.0
2023-06-22,38.506,119.38
2023-06-23,34.061,114.3
2023-06-24,29.337,109.22
2023-06-25,25.73,101.6
2023-06-26,21.438,96.52
2023-06-27,16.993,88.9
2023-06-28,12.979,81.28
2023-06-29,10.211,78.74
2023-06-30,6.045,71.12
2023-07-01,1.6,60.96
2023-07-02,0.0,55.88
2023-07-03,0.0,48.26
2023-07-04,0.0,40.64
2023-07-05,0.0,30.48
2023-07-06,0.0,20.32
2023-07-07,0.0,17.78
2023-07-08,0.0,17.78
2023-07-09,0.0,17.78
2023-07-10,0.0,17.78
2023-07-11,0.0,17.78
2023-07-12,0.0,17.78
2023-07-13,0.0,17.78
2023-07-14,0.0,17.78
2023-07-15,0.0,17.78
2023-07-16,0.0,17.78
2023-07-17,0.0,17.78
2023-07-18,0.0,17.78
2023-07-19,0.0,17.78
2023-07-20,0.0,17.78
2023-07-21,0.0,17.78
2023-07-22,0.0,17.78
2023-07-23,0.0,17.78
2023-07-24,0.0,17.78
2023-07-25,0.0,17.78
2023-07-26,0.0,17.78
2023-07-27,0.0,17.78
2023-07-28,0.0,20.32
2023-07-29,0.0,20.32
2023-07-30,0.0,20.32
2023-07-31,0.0,17.78
2023-08-01,0.0,17.78
2023-08-02,0.0,17.78
2023-08-03,0.0,17.78
2023-08-04,0.0,17.78
2023-08-05,0.0,17.78
2023-08-06,0.0,17.78
2023-08-07,0.0,17.78
2023-08-08,0.0,17.78
2023-08-09,0.0,17.78
2023-08-10,0.0,17.78
2023-08-11,0.0,17.78
2023-08-12,0.0,17.78
2023-08-13,0.0,17.78
2023-08-14,0.0,17.78
2023-08-15,0.0,17.78
2023-08-16,0.0,20.32
2023-08-17,0.0,17.78
2023-08-18,0.0,17.78
2023-08-19,0.0,17.78
2023-08-20,0.0,20.32
2023-08-21,0.0,20.32
2023-08-22,0.0,20.32
2023-08-23,0.0,20.32
2023-08-24,0.0,17.78
2023-08-25,0.0,17.78
2023-08-26,0.0,20.32
2023-08-27,0.0,43.18
2023-08-28,0.0,25.4
2023-08-29,0.0,20.32
2023-08-30,0.0,17.78
2023-08-31,0.0,17.78
2023-09-01,0.0,17.78
2023-09-02,0.0,17.78
2023-09-03,0.0,17.78
2023-09-04,0.0,17.78
2023-09-05,0.0,17.78
2023-09-06,0.0,17.78
2023-09-07,0.0,17.78
2023-09-08,0.0,17.78
2023-09-09,0.0,20.32
2023-09-10,0.0,20.32
2023-09-11,0.0,27.94
2023-09-12,0.0,20.32
2023-09-13,0.0,25.4
2023-09-14,0.0,17.78
2023-09-15,0.0,7233.92
2023-09-16,0.0,22.86
2023-09-17,0.0,20.32
2023-09-18,0.0,22.86
2023-09-19,0.0,17.78
2023-09-20,0.0,20.32
2023-09-21,0.0,22.86
2023-09-22,0.0,27.94
2023-09-23,0.0,20.32
2023-09-24,0.0,22.86
2023-09-25,0.0,17.78
2023-09-26,0.0,20.32
2023-09-27,0.0,20.32
2023-09-28,0.0,27.94
2023-09-29,0.0,30.48
2023-09-30,0.0,20.32
2023-10-01,0.0,17.78
2023-10-02,0.0,20.32
2023-10-03,0.0,25.4
2023-10-04,0.0,20.32
2023-10-05,0.0,20.32
2023-10-06,0.0,20.32
2023-10-07,0.0,17.78
2023-10-08,0.0,17.78
2023-10-09,0.0,17.78
2023-10-10,0.0,22.86
2023-10-11,0.0,17.78
2023-10-12,0.0,17.78
2023-10-13,0.0,40.64
2023-10-14,0.0,20.32
2023-10-15,0.0,48.26
2023-10-16,0.0,20.32
2023-10-17,0.0,35.56
2023-10-18,0.0,20.32
2023-10-19,0.0,25.4
2023-10-20,0.0,33.02
2023-10-21,0.0,20.32
2023-10-22,0.0,22.86
2023-10-23,0.0,30.48
2023-10-24,0.0,22.86
2023-10-25,0.0,27.94
2023-10-26,0.0,22.86
2023-10-27,0.0,20.32
2023-10-28,0.0,20.32
2023-10-29,0.0,20.32
2023-10-30,0.0,22.86
2023-10-31,0.0,20.32
2023-11-01,0.0,20.32
2023-11-02,0.0,20.32
2023-11-03,0.0,20.32
2023-11-04,0.0,20.32
2023-11-05,0.0,20.32
2023-11-06,0.0,20.32
2023-11-07,0.0,38.1
2023-11-08,0.0,38.1
2023-11-09,0.0,35.56
2023-11-10,0.0,35.56
2023-11-11,0.0,30.48
2023-11-12,0.0,30.48
2023-11-13,0.0,27.94
2023-11-14,0.0,27.94
2023-11-15,0.0,27.94
2023-11-16,0.0,38.1
2023-11-17,0.0,35.56
2023-11-18,0.0,15.24
2023-11-19,0.0,15.24
2023-11-20,0.0,15.24
2023-11-21,0.0,12.7
2023-11-22,4.801,12.7
2023-11-23,4.801,12.7
2023-11-24,3.861,12.7
2023-11-25,6.299,10.16
2023-11-26,7.442,12.7
2023-11-27,7.264,12.7
2023-11-28,6.68,12.7
2023-11-29,6.502,12.7
2023-11-30,5.359,12.7
2023-12-01,5.359,15.24
2023-12-02,5.563,15.24
2023-12-03,5.563,15.24
2023-12-04,5.944,15.24
2023-12-05,6.121,15.24
2023-12-06,6.299,15.24
2023-12-07,6.299,25.4
2023-12-08,6.502,25.4
2023-12-09,6.883,25.4
2023-12-10,7.264,22.86
2023-12-11,7.264,22.86
2023-12-12,7.264,22.86
2023-12-13,7.061,22.86
2023-12-14,7.061,22.86
2023-12-15,7.061,22.86
2023-12-16,7.442,22.86
2023-12-17,7.442,22.86
2023-12-18,7.823,20.32
2023-12-19,9.906,33.02
2023-12-20,11.43,40.64
2023-12-21,11.811,38.1
2023-12-22,11.43,35.56
2023-12-23,10.871,35.56
2023-12-24,10.871,35.56
2023-12-25,11.811,35.56
2023-12-26,12.192,35.56
2023-12-27,12.192,33.02
2023-12-28,12.725,43.18
2023-12-29,12.725,40.64
2023-12-30,12.929,38.1
2023-12-31,11.811,40.64
2024-01-01,12.344,40.64
2024-01-02,12.192,40.64
2024-01-03,13.868,66.04
2024-01-04,14.427,71.12
2024-01-05,14.808,66.04
2024-01-06,15.011,63.5
2024-01-07,16.332,78.74
2024-01-08,16.51,73.66
2024-01-09,17.475,68.58
2024-01-10,18.212,68.58
2024-01-11,19.558,
2024-01-12,20.879,88.9
2024-01-13,21.412,83.82
2024-01-14,24.46,96.52
2024-01-15,25.019,93.98
2024-01-16,25.197,91.44
2024-01-17,27.483,106.68
2024-01-18,27.661,101.6
2024-01-19,28.804,99.06
2024-01-20,29.007,101.6
2024-01-21,29.388,101.6
2024-01-22,29.769,104.14
2024-01-23,30.328,106.68
2024-01-24,30.328,106.68
2024-01-25,31.623,109.22
2024-01-26,31.623,106.68
2024-01-27,32.766,101.6
2024-01-28,33.02,101.6
2024-01-29,33.198,96.52
2024-01-30,32.537,93.98
2024-01-31,32.69,91.44
2024-02-01,32.233,96.52
2024-02-02,33.858,121.92
2024-02-03,34.646,134.62
2024-02-04,35.433,129.54
2024-02-05,40.132,149.86
2024-02-06,41.25,152.4
2024-02-07,42.037,152.4
2024-02-08,42.85,162.56
2024-02-09,43.332,154.94
2024-02-10,44.145,152.4
2024-02-11,44.323,144.78
2024-02-12,44.475,142.24
2024-02-13,44.78,139.7
2024-02-14,45.11,137.16
2024-02-15,46.558,160.02
2024-02-16,47.219,152.4
2024-02-17,48.336,147.32
2024-02-18,48.641,152.4
2024-02-19,50.267,170.18
2024-02-20,52.832,175.26
2024-02-21,54.61,185.42
2024-02-22,54.61,180.34
2024-02-23,54.889,175.26
2024-02-24,55.296,172.72
2024-02-25,55.448,167.64
2024-02-26,56.007,165.1
2024-02-27,56.413,167.64
2024-02-28,56.82,165.1
2024-02-29,57.531,165.1
2024-03-01,58.623,185.42
2024-03-02,64.999,231.14
2024-03-03,66.548,238.76
2024-03-04,67.793,228.6
2024-03-05,68.885,223.52
2024-03-06,69.317,218.44
2024-03-07,69.164,213.36
2024-03-08,69.444,210.82
2024-03-09,69.596,208.28
2024-03-10,70.155,205.74
2024-03-11,70.282,205.74
2024-03-12,70.968,208.28
2024-03-13,71.526,213.36
2024-03-14,71.399,210.82
2024-03-15,71.399,205.74
2024-03-16,71.679,203.2
2024-03-17,72.085,195.58
2024-03-18,72.212,190.5
2024-03-19,72.365,187.96
2024-03-20,72.365,182.88
2024-03-21,72.365,180.34
2024-03-22,71.933,177.8
2024-03-23,72.365,187.96
2024-03-24,73.203,208.28
2024-03-25,73.889,205.74
2024-03-26,74.447,200.66
2024-03-27,74.295,195.58
2024-03-28,75.54,205.74
2024-03-29,76.81,208.28
2024-03-30,77.622,223.52
2024-03-31,78.613,218.44
2024-04-01,79.299,223.52
2024-04-02,80.137,213.36
2024-04-03,80.67,203.2
2024-04-04,81.509,210.82
2024-04-05,82.906,233.68
2024-04-06,83.312,228.6
2024-04-07,83.744,220.98
2024-04-08,84.557,215.9
2024-04-09,84.836,210.82
2024-04-10,85.395,205.74
2024-04-11,84.023,198.12
2024-04-12,79.705,193.04
2024-04-13,80.137,190.5
2024-04-14,80.543,190.5
2024-04-15,81.382,190.5
2024-04-16,80.95,187.96
2024-04-17,77.495,182.88
2024-04-18,76.937,177.8
2024-04-19,76.378,175.26
2024-04-20,75.54,170.18
2024-04-21,75.006,165.1
2024-04-22,74.016,160.02
2024-04-23,72.365,154.94
2024-04-24,70.841,149.86
2024-04-25,70.155,147.32
2024-04-26,70.002,149.86
2024-04-27,70.968,157.48
2024-04-28,72.365,149.86
2024-04-29,71.806,147.32
2024-04-30,71.12,142.24
2024-05-01,70.841,139.7
2024-05-02,70.155,137.16
2024-05-03,69.723,134.62
2024-05-04,67.793,129.54
2024-05-05,69.317,154.94
2024-05-06,70.968,142.24
2024-05-07,72.212,137.16
2024-05-08,72.085,132.08
2024-05-09,71.679,129.54
2024-05-10,69.723,127.0
2024-05-11,67.361,121.92
2024-05-12,64.745,119.38
2024-05-13,63.068,114.3
2024-05-14,64.186,111.76
2024-05-15,63.068,106.68
2024-05-16,60.427,101.6
2024-05-17,58.344,96.52
2024-05-18,54.61,91.44
2024-05-19,52.4,86.36
2024-05-20,51.968,81.28
2024-05-21,51.689,81.28
2024-05-22,48.92,78.74
2024-05-23,46.838,73.66
2024-05-24,44.069,68.58
2024-05-25,41.427,63.5
2024-05-26,39.218,58.42
2024-05-27,35.331,53.34
2024-05-28,32.131,45.72
2024-05-29,29.235,38.1
2024-05-30,25.756,33.02
2024-05-31,22.86,27.94
2024-06-01,19.812,22.86
2024-06-02,16.789,15.24
2024-06-03,12.776,2.54
2024-06-04,8.661,-2.54
2024-06-05,4.826,-2.54
2024-06-06,0.0,-2.54
2024-06-07,0.0,-2.54
2024-06-08,0.0,-2.54
2024-06-09,0.0,-2.54
2024-06-10,0.0,-2.54
2024-06-11,0.0,-2.54
2024-06-12,0.0,-2.54
2024-06-13,0.0,0.0
2024-06-14,0.0,0.0
2024-06-15,0.0,-2.54
2024-06-16,0.0,-2.54
2024-06-17,0.0,2.54
2024-06-18,0.0,-2.54
2024-06-19,0.0,-2.54
2024-06-20,0.0,-2.54
2024-06-21,0.0,-2.54
2024-06-22,0.0,-2.54
2024-06-23,0.0,-2.54
2024-06-24,0.0,0.0
2024-06-25,0.0,2.54
2024-06-26,0.0,-2.54
2024-06-27,0.0,-2.54
2024-06-28,0.0,-2.54
2024-06-29,0.0,-2.54
2024-06-30,0.0,-2.54
2024-07-01,0.0,-2.54
2024-07-02,0.0,-2.54
2024-07-03,0.0,-2.54
2024-07-04,0.0,-2.54
2024-07-05,0.0,0.0
2024-07-06,0.0,-2.54
2024-07-07,0.0,-2.54
2024-07-08,0.0,-2.54
2024-07-09,0.0,30.48
2024-07-10,0.0,2.54
2024-07-11,0.0,10.16
2024-07-12,0.0,38.1
2024-07-13,0.0,15.24
2024-07-14,0.0,0.0
2024-07-15,0.0,5.08
2024-07-16,0.0,-2.54
2024-07-17,0.0,35.56
2024-07-18,0.0,0.0
2024-07-19,0.0,-2.54
2024-07-20,0.0,35.56
2024-07-21,0.0,-2.54
2024-07-22,0.0,2.54
2024-07-23,0.0,-2.54
2024-07-24,0.0,-5.08
2024-07-25,0.0,0.0
2024-07-26,0.0,10.16
2024-07-27,0.0,5.08
2024-07-28,0.0,2.54
2024-07-29,0.0,2.54
2024-07-30,0.0,10.16
2024-07-31,0.0,2.54
2024-08-01,0.0,2.54
2024-08-02,0.0,2.54
2024-08-03,0.0,2.54
2024-08-04,0.0,2.54
2024-08-05,0.0,2.54
2024-08-06,0.0,2.54
2024-08-07,0.0,2.54
2024-08-08,0.0,2.54
2024-08-09,0.0,2.54
2024-08-10,0.0,2.54
2024-08-11,0.0,2.54
2024-08-12,0.0,5.08
2024-08-13,0.0,2.54
2024-08-14,0.0,2.54
2024-08-15,0.0,2.54
2024-08-16,0.0,2.54
2024-08-17,0.0,2.54
2024-08-18,0.0,2.54
2024-08-19,0.0,2.54
2024-08-20,0.0,2.54
2024-08-21,0.0,15.24
2024-08-22,0.0,2.54
2024-08-23,0.0,7.62
2024-08-24,0.0,5.08
2024-08-25,0.0,0.0
2024-08-26,0.0,2.54
2024-08-27,0.0,2.54
2024-08-28,0.0,2.54
2024-08-29,0.0,5.08
2024-08-30,0.0,10.16
2024-08-31,0.0,38.1
2024-09-01,0.0,15.24
2024-09-02,0.0,7.62
2024-09-03,0.0,5.08
2024-09-04,0.0,5.08
2024-09-05,0.0,2.54
2024-09-06,0.0,7.62
2024-09-07,0.0,5.08
2024-09-08,0.0,7.62
2024-09-09,0.0,5.08
2024-09-10,0.0,7.62
2024-09-11,0.0,2.54
2024-09-12,0.0,17.78
2024-09-13,0.0,2.54
2024-09-14,0.0,7.62
2024-09-15,0.0,5.08
2024-09-16,0.0,2.54
2024-09-17,0.0,2.54
2024-09-18,0.0,0.0
2024-09-19,0.0,0.0
2024-09-20,0.0,10.16
2024-09-21,0.0,5.08
2024-09-22,0.0,2.54
2024-09-23,0.0,2.54
2024-09-24,0.0,0.0
2024-09-25,0.0,2.54
2024-09-26,0.0,2.54
2024-09-27,0.0,2.54
2024-09-28,0.0,0.0
2024-09-29,0.0,0.0
2024-09-30,0.0,0.0
2024-10-01,0.0,0.0
2024-10-02,0.0,0.0
2024-10-03,0.0,0.0
2024-10-04,0.0,5.08
2024-10-05,0.0,0.0
2024-10-06,0.0,17.78
2024-10-07,0.0,0.0
2024-10-08,0.0,0.0
2024-10-09,0.0,10.16
2024-10-10,0.0,12.7
2024-10-11,0.0,0.0
2024-10-12,0.0,0.0
2024-10-13,0.0,7.62
2024-10-14,0.0,2.54
2024-10-15,0.0,0.0
2024-10-16,0.0,2.54
2024-10-17,0.0,-2.54
2024-10-18,0.0,-2.54
2024-10-19,0.0,0.0
2024-10-20,0.0,-2.54
2024-10-21,0.0,0.0
2024-10-22,0.0,-2.54
2024-10-23,0.0,-2.54
2024-10-24,0.0,0.0
2024-10-25,0.0,0.0
2024-10-26,0.0,-2.54
2024-10-27,0.0,2.54
2024-10-28,0.0,-2.54
2024-10-29,0.0,2.54
2024-10-30,0.0,0.0
2024-10-31,0.0,-2.54
2024-11-01,0.0,0.0
2024-11-02,0.0,10.16
2024-11-03,0.0,5.08
2024-11-04,0.0,5.08
2024-11-05,0.0,2.54
2024-11-06,0.0,-2.54
2024-11-07,0.0,2.54
2024-11-08,0.0,-2.54
2024-11-09,0.0,-2.54
2024-11-10,0.0,2.54
2024-11-11,0.0,-2.54
2024-11-12,0.0,15.24
2024-11-13,0.254,5.08
2024-11-14,0.889,5.08
2024-11-15,0.889,17.78
2024-11-16,2.388,25.4
2024-11-17,2.388,17.78
2024-11-18,2.007,10.16
2024-11-19,1.168,10.16
2024-11-20,1.88,10.16
2024-11-21,2.007,10.16
2024-11-22,2.007,7.62
2024-11-23,2.972,20.32
2024-11-24,4.801,27.94
2024-11-25,4.572,25.4
2024-11-26,7.112,58.42
2024-11-27,9.144,55.88
2024-11-28,9.144,53.34
2024-11-29,9.525,50.8
2024-11-30,9.703,48.26
2024-12-01,10.516,48.26
2024-12-02,10.693,43.18
2024-12-03,10.516,40.64
2024-12-04,10.516,40.64
2024-12-05,10.516,38.1
2024-12-06,10.693,38.1
2024-12-07,10.693,38.1
2024-12-08,10.287,38.1
2024-12-09,10.287,40.64
2024-12-10,10.897,38.1
2024-12-11,11.303,38.1
2024-12-12,11.709,38.1
2024-12-13,11.709,45.72
2024-12-14,13.487,60.96
2024-12-15,16.84,76.2
2024-12-16,18.212,71.12
2024-12-17,19.406,81.28
2024-12-18,19.812,76.2
2024-12-19,19.202,73.66
2024-12-20,19.583,73.66
2024-12-21,19.787,68.58
2024-12-22,19.99,71.12
2024-12-23,20.777,71.12
2024-12-24,20.396,68.58
2024-12-25,21.59,86.36
2024-12-26,22.555,81.28
2024-12-27,24.155,91.44
2024-12-28,25.527,86.36
2024-12-29,25.527,78.74
2024-12-30,26.518,86.36
2024-12-31,26.518,86.36
2025-01-01,27.711,86.36
2025-01-02,28.905,83.82
2025-01-03,30.048,83.82
2025-01-04,30.455,93.98
2025-01-05,31.471,91.44
2025-01-06,31.648,88.9
2025-01-07,32.614,93.98
2025-01-08,32.436,91.44
2025-01-09,33.807,88.9
2025-01-10,34.214,88.9
2025-01-11,34.442,86.36
2025-01-12,34.214,86.36
2025-01-13,34.036,86.36
2025-01-14,34.442,86.36
2025-01-15,34.823,86.36
2025-01-16,34.442,83.82
2025-01-17,34.036,83.82
2025-01-18,34.036,83.82
2025-01-19,34.62,83.82
2025-01-20,34.442,83.82
2025-01-21,33.807,83.82
2025-01-22,34.036,83.82
2025-01-23,33.807,
2025-01-24,33.807,
2025-01-25,33.807,
2025-01-26,32.842,
2025-01-27,32.842,
2025-01-28,33.02,
2025-01-29,33.579,
2025-01-30,33.452,
2025-01-31,33.579,
2025-02-01,35.255,
2025-02-02,37.744,
2025-02-03,38.43,
2025-02-04,38.303,
2025-02-05,39.827,
2025-02-06,40.234,
2025-02-07,43.434,
2025-02-08,44.552,
2025-02-09,45.237,
2025-02-10,45.517,
2025-02-11,46.076,
2025-02-12,45.796,
2025-02-13,47.447,
2025-02-14,55.347,
2025-02-15,56.871,
2025-02-16,57.988,
2025-02-17,58.547,
2025-02-18,58.141,
2025-02-19,59.106,
2025-02-20,58.42,
2025-02-21,58.674,
2025-02-22,58.953,
2025-02-23,59.665,
2025-02-24,59.944,
2025-02-25,59.665,
2025-02-26,59.309,
2025-02-27,59.207,
2025-02-28,58.674,
2025-03-01,59.004,
2025-03-02,59.538,
2025-03-03,60.122,
2025-03-04,60.3,
2025-03-05,61.011,
2025-03-06,61.976,
2025-03-07,63.094,
2025-03-08,63.525,
2025-03-09,64.287,
2025-03-10,64.973,
2025-03-11,64.846,
2025-03-12,65.303,
2025-03-13,67.615,
2025-03-14,69.494,
2025-03-15,70.714,
2025-03-16,71.476,
2025-03-17,71.806,
2025-03-18,73.812,
2025-03-19,74.905,
2025-03-20,75.616,
2025-03-21,76.302,
2025-03-22,76.708,
2025-03-23,77.14,
2025-03-24,76.987,
2025-03-25,77.14,
2025-03-26,76.708,
2025-03-27,76.022,
2025-03-28,75.743,
2025-03-29,75.336,
2025-03-30,75.87,
2025-03-31,77.826,
2025-04-01,80.188,
2025-04-02,82.398,
2025-04-03,83.515,
2025-04-04,83.922,
2025-04-05,84.201,
2025-04-06,84.201,
2025-04-07,81.001,
2025-04-08,78.232,
2025-04-09,75.616,
2025-04-10,74.905,
2025-04-11,74.854,
2025-04-12,75.184,
2025-04-13,73.939,
2025-04-14,72.542,
2025-04-15,72.39,
2025-04-16,72.136,
2025-04-17,72.136,
2025-04-18,70.891,
2025-04-19,71.171,
2025-04-20,72.009,
2025-04-21,70.891,
2025-04-22,70.739,
2025-04-23,69.926,
2025-04-24,68.402,
2025-04-25,67.285,
2025-04-26,67.132,
2025-04-27,68.25,
2025-04-28,69.494,
2025-04-29,70.053,
2025-04-30,68.123,
2025-05-01,69.088,
2025-05-02,67.843,
2025-05-03,66.446,
2025-05-04,66.726,
2025-05-05,67.691,
2025-05-06,66.319,
2025-05-07,65.608,
2025-05-08,63.957,
2025-05-09,61.747,
2025-05-10,59.792,
2025-05-11,57.709,
2025-05-12,55.626,
2025-05-13,55.905,
2025-05-14,56.744,
2025-05-15,57.429,
2025-05-16,54.254,
2025-05-17,53.416,
2025-05-18,53.137,
2025-05-19,50.216,
2025-05-20,48.133,
2025-05-21,46.482,
2025-05-22,44.12,
2025-05-23,41.351,
2025-05-24,37.617,
2025-05-25,34.696,
2025-05-26,30.683,
2025-05-27,27.203,
2025-05-28,23.876,
2025-05-29,20.269,
2025-05-30,17.069,
2025-05-31,14.3,
2025-06-01,7.874,
2025-06-02,4.699,
2025-06-03,0.0,
2025-06-04,0.0,
2025-06-05,0.0,
2025-06-06,0.0,
2025-06-07,0.0,
2025-06-08,0.0,
2025-06-09,0.0,
2025-06-10,0.0,
2025-06-11,0.0,
2025-06-12,0.0,
2025-06-13,0.0,
2025-06-14,0.0,
2025-06-15,0.0,
2025-06-16,0.0,
2025-06-17,0.0,
2025-06-18,0.0,
2025-06-19,0.0,
2025-06-20,0.0,
2025-06-21,0.0,
2025-06-22,0.0,
2025-06-23,0.0,
2025-06-24,0.0,
2025-06-25,0.0,
2025-06-26,0.0,
2025-06-27,0.0,
2025-06-28,0.0,
2025-06-29,0.0,
2025-06-30,0.0,
2025-07-01,0.0,
2025-07-02,0.0,
2025-07-03,0.0,
2025-07-04,0.0,
2025-07-05,0.0,
2025-07-06,0.0,
2025-07-07,0.0,
2025-07-08,0.0,
2025-07-09,0.0,
2025-07-10,0.0,
2025-07-11,0.0,
2025-07-12,0.0,
2025-07-13,0.0,
2025-07-14,0.0,
2025-07-15,0.0,
2025-07-16,0.0,
2025-07-17,0.0,
2025-07-18,0.0,
2025-07-19,0.0,
2025-07-20,0.0,
2025-07-21,0.0,
2025-07-22,0.0,
2025-07-23,0.0,
2025-07-24,0.0,
2025-07-25,0.0,
2025-07-26,0.0,
2025-07-27,0.0,
2025-07-28,0.0,
2025-07-29,0.0,
2025-07-30,0.0,
2025-07-31,0.0,
2025-08-01,0.0,
2025-08-02,0.0,
2025-08-03,0.0,
2025-08-04,0.0,
2025-08-05,0.0,
2025-08-06,0.0,
2025-08-07,0.0,
2025-08-08,0.0,
2025-08-09,0.0,
2025-08-10,0.0,
2025-08-11,0.0,
2025-08-12,0.0,
2025-08-13,0.0,
2025-08-14,0.0,
2025-08-15,0.0,
2025-08-16,0.0,
2025-08-17,0.0,
2025-08-18,0.0,
2025-08-19,0.0,
2025-08-20,0.0,
2025-08-21,0.0,
2025-08-22,0.0,
2025-08-23,0.0,
2025-08-24,0.0,
2025-08-25,0.0,
2025-08-26,0.0,
2025-08-27,0.0,
2025-08-28,0.0,
2025-08-29,0.0,
2025-08-30,0.0,
2025-08-31,0.0,
2025-09-01,0.0,
2025-09-02,0.0,
2025-09-03,0.0,
2025-09-04,0.0,
2025-09-05,0.0,
2025-09-06,0.0,
2025-09-07,0.0,
2025-09-08,0.0,
2025-09-09,0.0,
2025-09-10,0.0,
2025-09-11,0.0,
2025-09-12,0.0,
2025-09-13,0.0,
2025-09-14,0.0,
2025-09-15,0.0,
2025-09-16,0.0,
2025-09-17,0.0,
2025-09-18,0.0,
2025-09-19,0.0,
2025-09-20,0.0,
2025-09-21,0.0,
2025-09-22,0.0,
2025-09-23,0.0,
2025-09-24,0.0,
2025-09-25,0.0,
2025-09-26,0.0,
2025-09-27,0.0,
2025-09-28,0.0,
2025-09-29,0.0,
2025-09-30,0.0,
2025-10-01,0.0,
2025-10-02,0.0,
2025-10-03,0.0,
2025-10-04,0.0,
2025-10-05,0.0,
2025-10-06,0.0,
2025-10-07,0.0,
2025-10-08,0.0,0.0
2025-10-09,0.0,0.0
2025-10-10,0.0,0.0
2025-10-11,0.0,0.0
2025-10-12,0.0,0.0
2025-10-13,0.0,0.0
2025-10-14,0.0,0.0
2025-10-15,2.515,45.72
2025-10-16,2.642,25.4
2025-10-17,2.515,15.24
2025-10-18,2.362,10.16
2025-10-19,2.083,5.08
2025-10-20,0.991,2.54
2025-10-21,0.838,0.0
2025-10-22,0.0,0.0
2025-10-23,0.0,0.0
2025-10-24,0.0,0.0
2025-10-25,0.0,0.0
2025-10-26,0.0,0.0
2025-10-27,0.279,0.0
2025-10-28,0.152,0.0
2025-10-29,0.0,0.0
2025-10-30,0.0,0.0
2025-10-31,0.0,0.0
2025-11-01,0.0,0.0
2025-11-02,0.0,0.0
2025-11-03,0.0,0.0
2025-11-04,0.0,2.54
2025-11-05,0.0,0.0
2025-11-06,0.406,5.08
2025-11-07,0.686,0.0
2025-11-08,0.0,0.0
2025-11-09,0.0,0.0
2025-11-10,0.0,0.0
2025-11-11,0.0,0.0
2025-11-12,0.0,-2.54
2025-11-13,0.0,0.0
2025-11-14,0.0,0.0
2025-11-15,0.838,2.54
2025-11-16,0.686,7.62
2025-11-17,0.965,12.7
2025-11-18,1.524,25.4
2025-11-19,1.803,17.78
2025-11-20,1.956,15.24
2025-11-21,2.362,22.86
2025-11-22,1.956,12.7
2025-11-23,1.803,12.7
2025-11-24,1.803,12.7
2025-11-25,2.083,12.7
2025-11-26,2.642,10.16
2025-11-27,3.048,10.16
2025-11-28,3.2,10.16
2025-11-29,3.607,10.16
2025-11-30,3.81,10.16
2025-12-01,4.013,10.16
2025-12-02,4.013,10.16
2025-12-03,4.013,10.16
2025-12-04,4.013,10.16
2025-12-05,4.013,10.16
2025-12-06,3.454,7.62
2025-12-07,3.454,7.62
2025-12-08,3.454,7.62
2025-12-09,3.454,7.62
2025-12-10,3.302,7.62
2025-12-11,2.616,5.08
2025-12-12,2.489,5.08
2025-12-13,2.489,5.08
2025-12-14,2.489,5.08
2025-12-15,2.489,5.08
2025-12-16,2.286,2.54
2025-12-17,1.499,0.0
2025-12-18,0.127,0.0
2025-12-19,0.0,0.0
2025-12-20,1.321,2.54
2025-12-21,1.321,2.54
2025-12-22,2.108,2.54
2025-12-23,3.962,10.16
2025-12-24,4.496,20.32
2025-12-25,16.764,78.74
2025-12-26,24.562,101.6
2025-12-27,29.108,109.22
2025-12-28,30.429,101.6
2025-12-29,31.191,96.52
2025-12-30,31.191,91.44
2025-12-31,31.75,88.9
2026-01-01,32.283,81.28
2026-01-02,34.417,86.36
2026-01-03,35.738,86.36
2026-01-04,41.377,109.22
2026-01-05,47.473,134.62
2026-01-06,48.031,124.46
2026-01-07,47.346,119.38
2026-01-08,47.346,127.0
2026-01-09,47.346,119.38
2026-01-10,46.863,114.3
2026-01-11,46.38,114.3
2026-01-12,46.126,111.76
2026-01-13,45.441,109.22
2026-01-14,44.755,106.68
2026-01-15,44.272,104.14
2026-01-16,43.536,101.6
2026-01-17,42.85,101.6
2026-01-18,42.367,101.6
2026-01-19,42.164,99.06
2026-01-20,41.681,99.06
2026-01-21,41.91,99.06
2026-01-22,42.367,96.52
2026-01-23,41.681,96.52
2026-01-24,41.681,96.52
2026-01-25,40.742,96.52
2026-01-26,40.945,96.52
2026-01-27,40.742,93.98
2026-01-28,41.91,96.52
2026-01-29,41.961,93.98
2026-01-30,42.418,93.98
2026-01-31,42.24,93.98
2026-02-01,42.418,93.98
2026-02-02,42.24,93.98
2026-02-03,42.088,91.44
2026-02-04,42.088,91.44
2026-02-05,42.418,91.44
2026-02-06,42.418,91.44
2026-02-07,42.088,93.98
2026-02-08,42.088,91.44
2026-02-09,42.723,91.44
2026-02-10,42.418,91.44
2026-02-11,42.875,101.6
2026-02-12,42.545,104.14
2026-02-13,42.875,101.6
2026-02-14,42.875,99.06
2026-02-15,43.358,96.52
2026-02-16,43.358,96.52
2026-02-17,45.441,139.7
2026-02-18,50.571,193.04
2026-02-19,52.502,180.34
2026-02-20,55.067,208.28
2026-02-21,55.855,190.5
2026-02-22,56.972,177.8
2026-02-23,57.15,167.64
2026-02-24,58.395,160.02
2026-02-25,57.988,144.78
2026-02-26,50.571,132.08
2026-02-27,49.555,127.0
2026-02-28,50.8,121.92
2026-03-01,51.994,119.38
2026-03-02,52.426,124.46
2026-03-03,53.061,121.92
2026-03-04,54.077,119.38
2026-03-05,52.832,119.38
2026-03-06,53.467,119.38
2026-03-07,53.645,116.84
2026-03-08,54.889,116.84
2026-03-09,53.061,114.3
2026-03-10,52.426,111.76
2026-03-11,52.426,111.76
2026-03-12,51.994,109.22
2026-03-13,51.587,106.68
2026-03-14,51.994,104.14
2026-03-15,50.8,101.6
2026-03-16,49.327,99.06
2026-03-17,48.539,96.52
2026-03-18,48.133,93.98
2026-03-19,47.092,88.9
2026-03-20,44.425,86.36
2026-03-21,43.205,83.82
2026-03-22,41.758,81.28
2026-03-23,40.538,78.74
2026-03-24,39.091,71.12
2026-03-25,37.059,66.04
2026-03-26,35.636,60.96
2026-03-27,34.163,58.42
2026-03-28,32.741,53.34
2026-03-29,30.48,50.8
2026-03-30,29.642,48.26
2026-03-31,28.397,45.72
2026-04-01,28.956,66.04
2026-04-02,30.074,63.5
2026-04-03,30.353,58.42
2026-04-04,30.48,53.34
2026-04-05,29.794,50.8
2026-04-06,29.642,45.72
2026-04-07,29.362,43.18
2026-04-08,28.27,38.1
2026-04-09,27.026,35.56
2026-04-10,26.187,35.56
2026-04-11,27.711,53.34
2026-04-12,30.201,88.9
2026-04-13,32.156,104.14
2026-04-14,33.122,88.9
2026-04-15,33.96,78.74
2026-04-16,34.773,68.58
2026-04-17,34.366,63.5
2026-04-18,34.773,58.42
2026-04-19,34.773,53.34
2026-04-20,34.366,48.26
2026-04-21,33.528,45.72
2026-04-22,35.331,78.74
2026-04-23,36.17,76.2
2026-04-24,37.135,63.5
2026-04-25,37.287,58.42
2026-04-26,37.567,66.04
2026-04-27,37.694,58.42
2026-04-28,37.821,60.96
2026-04-29,37.973,58.42
2026-04-30,36.449,53.34
2026-05-01,35.763,50.8
2026-05-02,34.239,45.72
2026-05-03,33.122,43.18
2026-05-04,32.969,55.88
2026-05-05,34.366,66.04
2026-05-06,35.052,50.8
2026-05-07,33.122,43.18
2026-05-08,31.725,38.1
2026-05-09,29.515,33.02
2026-05-10,26.467,27.94
2026-05-11,23.952,20.32
2026-05-12,21.336,12.7
2026-05-13,18.136,7.62
2026-05-14,15.24,2.54
2026-05-15,13.284,0.0
2026-05-16,9.779,0.0
2026-05-17,5.207,0.0
2026-05-18,0.61,0.0
2026-05-19,0.0,0.0
2026-05-20,0.0,0.0
2026-05-21,0.0,0.0
2026-05-22,0.0,0.0
2026-05-23,0.0,0.0
2026-05-24,0.0,0.0
2026-05-25,0.0,0.0
2026-05-26,0.0,0.0
2026-05-27,0.0,0.0
2026-05-28,0.0,0.0
2026-05-29,0.0,0.0
2026-05-30,0.0,0.0
2026-05-31,0.0,0.0
2026-06-01,0.0,0.0
2026-06-02,0.0,0.0
2026-06-03,0.0,0.0
2026-06-04,0.0,0.0
2026-06-05,0.0,0.0
2026-06-06,0.0,0.0
2026-06-07,0.0,0.0
2026-06-08,0.0,0.0
2026-06-09,0.0,0.0
2026-06-10,0.0,0.0
2026-06-11,0.0,0.0
2026-06-12,0.0,0.0
2026-06-13,0.0,0.0
2026-06-14,0.0,0.0
2026-06-15,0.0,-2.54
2026-06-16,0.0,-2.54
2026-06-17,0.0,-2.54
2026-06-18,0.0,-2.54
2026-06-19,0.0,-2.54
2026-06-20,0.0,-2.54
2026-06-21,0.0,-2.54
2026-06-22,0.0,7.62
2026-06-23,,
2026-06-24,0.0,0.0
2026-06-25,0.0,-2.54
2026-06-26,0.0,0.0
2026-06-27,0.0,0.0
2026-06-28,0.0,-2.54
2026-06-29,0.0,-2.54
2026-06-30,0.0,-2.54
2026-07-01,0.0,-2.54
2026-07-02,0.0,0.0
2026-07-03,0.0,0.0
2026-07-04,0.0,-2.54
2026-07-05,0.0,-2.54
2026-07-06,0.0,-2.54
2026-07-07,0.0,-2.54
2026-07-08,0.0,25.4
2026-07-09,0.0,10.16
2026-07-10,0.0,33.02
2026-07-11,0.0,15.24
2026-07-12,0.0,22.86
2026-07-13,0.0,7.62
2026-07-14,0.0,7.62
2026-07-15,0.0,2.54
2026-07-16,0.0,2.54
2026-07-17,0.0,7.62
2026-07-18,0.0,22.86
2026-07-19,0.0,10.16
2026-07-20,0.0,5.08
2026-07-21,0.0,15.24
2026-07-22,0.0,7.62
2026-07-23,0.0,5.08
2026-07-24,0.0,7.62
2026-07-25,0.0,7.62
2026-07-26,0.0,7.62
2026-07-27,0.0,7.62
2026-07-28,0.0,7.62
2026-07-29,,
