date,wteq_cm,snwd_cm
1983-01-01,,
1983-01-02,,
1983-01-03,,
1983-01-04,,
1983-01-05,,
1983-01-06,,
1983-01-07,,
1983-01-08,,
1983-01-09,,
1983-01-10,,
1983-01-11,,
1983-01-12,,
1983-01-13,,
1983-01-14,,
1983-01-15,,
1983-01-16,,
1983-01-17,,
1983-01-18,,
1983-01-19,,
1983-01-20,,
1983-01-21,,
1983-01-22,,
1983-01-23,,
1983-01-24,,
1983-01-25,,
1983-01-26,,
1983-01-27,,
1983-01-28,,
1983-01-29,,
1983-01-30,,
1983-01-31,,
1983-02-01,,
1983-02-02,,
1983-02-03,,
1983-02-04,,
1983-02-05,,
1983-02-06,,
1983-02-07,,
1983-02-08,,
1983-02-09,,
1983-02-10,,
1983-02-11,,
1983-02-12,,
1983-02-13,,
1983-02-14,,
1983-02-15,,
1983-02-16,,
1983-02-17,,
1983-02-18,,
1983-02-19,,
1983-02-20,,
1983-02-21,,
1983-02-22,,
1983-02-23,,
1983-02-24,,
1983-02-25,,
1983-02-26,,
1983-02-27,,
1983-02-28,,
1983-03-01,,
1983-03-02,,
1983-03-03,,
1983-03-04,,
1983-03-05,,
1983-03-06,,
1983-03-07,,
1983-03-08,,
1983-03-09,,
1983-03-10,,
1983-03-11,,
1983-03-12,,
1983-03-13,,
1983-03-14,,
1983-03-15,,
1983-03-16,,
1983-03-17,,
1983-03-18,,
1983-03-19,,
1983-03-20,,
1983-03-21,,
1983-03-22,,
1983-03-23,,
1983-03-24,,
1983-03-25,,
1983-03-26,,
1983-03-27,,
1983-03-28,,
1983-03-29,,
1983-03-30,,
1983-03-31,,
1983-04-01,,
1983-04-02,,
1983-04-03,,
1983-04-04,,
1983-04-05,,
1983-04-06,,
1983-04-07,,
1983-04-08,,
1983-04-09,,
1983-04-10,,
1983-04-11,,
1983-04-12,,
1983-04-13,,
1983-04-14,,
1983-04-15,,
1983-04-16,,
1983-04-17,,
1983-04-18,,
1983-04-19,,
1983-04-20,,
1983-04-21,,
1983-04-22,,
1983-04-23,,
1983-04-24,,
1983-04-25,,
1983-04-26,,
1983-04-27,,
1983-04-28,,
1983-04-29,,
1983-04-30,,
1983-05-01,,
1983-05-02,,
1983-05-03,,
1983-05-04,,
1983-05-05,,
1983-05-06,,
1983-05-07,,
1983-05-08,,
1983-05-09,,
1983-05-10,,
1983-05-11,,
1983-05-12,,
1983-05-13,,
1983-05-14,,
1983-05-15,,
1983-05-16,,
1983-05-17,,
1983-05-18,,
1983-05-19,,
1983-05-20,,
1983-05-21,,
1983-05-22,,
1983-05-23,,
1983-05-24,,
1983-05-25,,
1983-05-26,,
1983-05-27,,
1983-05-28,,
1983-05-29,,
1983-05-30,,
1983-05-31,,
1983-06-01,,
1983-06-02,,
1983-06-03,,
1983-06-04,,
1983-06-05,,
1983-06-06,,
1983-06-07,,
1983-06-08,,
1983-06-09,,
1983-06-10,,
1983-06-11,,
1983-06-12,,
1983-06-13,,
1983-06-14,,
1983-06-15,,
1983-06-16,,
1983-06-17,,
1983-06-18,,
1983-06-19,,
1983-06-20,,
1983-06-21,,
1983-06-22,,
1983-06-23,,
1983-06-24,,
1983-06-25,,
1983-06-26,,
1983-06-27,,
1983-06-28,,
1983-06-29,,
1983-06-30,,
1983-07-01,,
1983-07-02,,
1983-07-03,,
1983-07-04,,
1983-07-05,,
1983-07-06,,
1983-07-07,,
1983-07-08,,
1983-07-09,,
1983-07-10,,
1983-07-11,,
1983-07-12,,
1983-07-13,,
1983-07-14,,
1983-07-15,,
1983-07-16,,
1983-07-17,,
1983-07-18,,
1983-07-19,,
1983-07-20,,
1983-07-21,,
1983-07-22,,
1983-07-23,,
1983-07-24,,
1983-07-25,,
1983-07-26,,
1983-07-27,,
1983-07-28,,
1983-07-29,,
1983-07-30,,
1983-07-31,,
1983-08-01,,
1983-08-02,,
1983-08-03,,
1983-08-04,,
1983-08-05,,
1983-08-06,,
1983-08-07,,
1983-08-08,,
1983-08-09,,
1983-08-10,,
1983-08-11,,
1983-08-12,,
1983-08-13,,
1983-08-14,,
1983-08-15,,
1983-08-16,,
1983-08-17,,
1983-08-18,,
1983-08-19,,
1983-08-20,,
1983-08-21,,
1983-08-22,,
1983-08-23,,
1983-08-24,,
1983-08-25,,
1983-08-26,,
1983-08-27,,
1983-08-28,,
1983-08-29,,
1983-08-30,,
1983-08-31,,
1983-09-01,,
1983-09-02,,
1983-09-03,,
1983-09-04,,
1983-09-05,,
1983-09-06,,
1983-09-07,,
1983-09-08,,
1983-09-09,,
1983-09-10,,
1983-09-11,,
1983-09-12,,
1983-09-13,,
1983-09-14,,
1983-09-15,,
1983-09-16,,
1983-09-17,,
1983-09-18,,
1983-09-19,,
1983-09-20,,
1983-09-21,,
1983-09-22,,
1983-09-23,,
1983-09-24,,
1983-09-25,,
1983-09-26,,
1983-09-27,,
1983-09-28,,
1983-09-29,,
1983-09-30,,
1983-10-01,,
1983-10-02,,
1983-10-03,,
1983-10-04,,
1983-10-05,,
1983-10-06,,
1983-10-07,,
1983-10-08,,
1983-10-09,,
1983-10-10,,
1983-10-11,,
1983-10-12,,
1983-10-13,,
1983-10-14,,
1983-10-15,,
1983-10-16,,
1983-10-17,,
1983-10-18,,
1983-10-19,,
1983-10-20,,
1983-10-21,,
1983-10-22,,
1983-10-23,,
1983-10-24,,
1983-10-25,,
1983-10-26,,
1983-10-27,,
1983-10-28,,
1983-10-29,,
1983-10-30,,
1983-10-31,,
1983-11-01,,
1983-11-02,,
1983-11-03,,
1983-11-04,,
1983-11-05,,
1983-11-06,,
1983-11-07,,
1983-11-08,,
1983-11-09,0.0,
1983-11-10,6.096,
1983-11-11,12.192,
1983-11-12,18.288,
1983-11-13,22.098,
1983-11-14,26.924,
1983-11-15,26.924,
1983-11-16,26.924,
1983-11-17,28.448,
1983-11-18,35.56,
1983-11-19,35.306,
1983-11-20,39.624,
1983-11-21,43.18,
1983-11-22,43.18,
1983-11-23,42.672,
1983-11-24,43.18,
1983-11-25,43.942,
1983-11-26,44.958,
1983-11-27,45.72,
1983-11-28,46.482,
1983-11-29,47.498,
1983-11-30,48.26,
1983-12-01,48.26,
1983-12-02,48.26,
1983-12-03,48.26,
1983-12-04,49.276,
1983-12-05,50.292,
1983-12-06,51.308,
1983-12-07,52.324,
1983-12-08,53.086,
1983-12-09,56.896,
1983-12-10,59.944,
1983-12-11,62.484,
1983-12-12,66.04,
1983-12-13,66.548,
1983-12-14,67.056,
1983-12-15,66.548,
1983-12-16,66.548,
1983-12-17,67.564,
1983-12-18,66.548,
1983-12-19,66.04,
1983-12-20,66.04,
1983-12-21,65.024,
1983-12-22,64.008,
1983-12-23,63.5,
1983-12-24,67.564,
1983-12-25,78.232,
1983-12-26,81.28,
1983-12-27,83.82,
1983-12-28,83.82,
1983-12-29,82.804,
1983-12-30,82.804,
1983-12-31,84.836,
1984-01-01,84.836,
1984-01-02,84.836,
1984-01-03,84.582,
1984-01-04,84.582,
1984-01-05,84.328,
1984-01-06,84.328,
1984-01-07,84.328,
1984-01-08,84.074,
1984-01-09,84.074,
1984-01-10,83.82,
1984-01-11,83.82,
1984-01-12,83.82,
1984-01-13,83.82,
1984-01-14,83.82,
1984-01-15,83.82,
1984-01-16,83.82,
1984-01-17,83.82,
1984-01-18,83.82,
1984-01-19,83.82,
1984-01-20,83.82,
1984-01-21,83.82,
1984-01-22,83.82,
1984-01-23,83.82,
1984-01-24,83.82,
1984-01-25,83.82,
1984-01-26,83.82,
1984-01-27,83.82,
1984-01-28,83.82,
1984-01-29,83.82,
1984-01-30,83.82,
1984-01-31,83.82,
1984-02-01,83.82,
1984-02-02,83.82,
1984-02-03,83.82,
1984-02-04,83.82,
1984-02-05,83.82,
1984-02-06,83.82,
1984-02-07,83.82,
1984-02-08,83.82,
1984-02-09,83.82,
1984-02-10,86.36,
1984-02-11,86.36,
1984-02-12,86.36,
1984-02-13,86.868,
1984-02-14,91.44,
1984-02-15,91.44,
1984-02-16,93.98,
1984-02-17,94.996,
1984-02-18,95.504,
1984-02-19,96.266,
1984-02-20,96.774,
1984-02-21,97.536,
1984-02-22,98.044,
1984-02-23,98.044,
1984-02-24,97.79,
1984-02-25,97.79,
1984-02-26,97.536,
1984-02-27,97.536,
1984-02-28,97.282,
1984-02-29,97.282,
1984-03-01,97.028,
1984-03-02,97.028,
1984-03-03,96.774,
1984-03-04,96.774,
1984-03-05,96.52,
1984-03-06,96.52,
1984-03-07,96.52,
1984-03-08,96.52,
1984-03-09,96.52,
1984-03-10,96.52,
1984-03-11,96.52,
1984-03-12,96.012,
1984-03-13,95.504,
1984-03-14,99.568,
1984-03-15,98.552,
1984-03-16,99.06,
1984-03-17,101.092,
1984-03-18,101.092,
1984-03-19,101.092,
1984-03-20,101.092,
1984-03-21,101.092,
1984-03-22,100.838,
1984-03-23,100.838,
1984-03-24,100.838,
1984-03-25,100.838,
1984-03-26,100.838,
1984-03-27,100.838,
1984-03-28,100.838,
1984-03-29,100.838,
1984-03-30,100.838,
1984-03-31,100.584,
1984-04-01,100.584,
1984-04-02,100.584,
1984-04-03,100.584,
1984-04-04,100.584,
1984-04-05,101.6,
1984-04-06,102.616,
1984-04-07,103.632,
1984-04-08,103.632,
1984-04-09,103.632,
1984-04-10,104.14,
1984-04-11,106.68,
1984-04-12,106.68,
1984-04-13,106.68,
1984-04-14,106.68,
1984-04-15,106.68,
1984-04-16,106.68,
1984-04-17,106.68,
1984-04-18,108.204,
1984-04-19,110.744,
1984-04-20,111.76,
1984-04-21,111.76,
1984-04-22,111.76,
1984-04-23,111.76,
1984-04-24,111.76,
1984-04-25,111.76,
1984-04-26,111.76,
1984-04-27,111.76,
1984-04-28,113.284,
1984-04-29,114.3,
1984-04-30,113.538,
1984-05-01,113.03,
1984-05-02,112.268,
1984-05-03,111.76,
1984-05-04,110.998,
1984-05-05,110.49,
1984-05-06,109.728,
1984-05-07,109.22,
1984-05-08,108.966,
1984-05-09,105.664,
1984-05-10,103.124,
1984-05-11,102.108,
1984-05-12,99.06,
1984-05-13,95.504,
1984-05-14,92.964,
1984-05-15,90.424,
1984-05-16,89.916,
1984-05-17,88.9,
1984-05-18,87.884,
1984-05-19,86.36,
1984-05-20,83.82,
1984-05-21,80.264,
1984-05-22,77.216,
1984-05-23,74.168,
1984-05-24,71.12,
1984-05-25,68.58,
1984-05-26,65.532,
1984-05-27,62.484,
1984-05-28,58.928,
1984-05-29,55.88,
1984-05-30,52.832,
1984-05-31,49.784,
1984-06-01,45.72,
1984-06-02,43.18,
1984-06-03,40.64,
1984-06-04,37.846,
1984-06-05,37.084,
1984-06-06,35.56,
1984-06-07,35.56,
1984-06-08,34.544,
1984-06-09,32.766,
1984-06-10,28.448,
1984-06-11,25.4,
1984-06-12,21.336,
1984-06-13,20.32,
1984-06-14,16.256,
1984-06-15,15.24,
1984-06-16,11.684,
1984-06-17,7.62,
1984-06-18,6.604,
1984-06-19,5.08,
1984-06-20,4.064,
1984-06-21,2.54,
1984-06-22,1.016,
1984-06-23,0.0,
1984-06-24,,
1984-06-25,,
1984-06-26,,
1984-06-27,,
1984-06-28,,
1984-06-29,,
1984-06-30,,
1984-07-01,,
1984-07-02,,
1984-07-03,,
1984-07-04,,
1984-07-05,,
1984-07-06,,
1984-07-07,,
1984-07-08,,
1984-07-09,,
1984-07-10,,
1984-07-11,,
1984-07-12,,
1984-07-13,,
1984-07-14,,
1984-07-15,,
1984-07-16,,
1984-07-17,,
1984-07-18,,
1984-07-19,,
1984-07-20,,
1984-07-21,,
1984-07-22,,
1984-07-23,,
1984-07-24,,
1984-07-25,,
1984-07-26,,
1984-07-27,,
1984-07-28,,
1984-07-29,,
1984-07-30,,
1984-07-31,,
1984-08-01,,
1984-08-02,,
1984-08-03,,
1984-08-04,,
1984-08-05,,
1984-08-06,,
1984-08-07,,
1984-08-08,,
1984-08-09,,
1984-08-10,,
1984-08-11,,
1984-08-12,,
1984-08-13,,
1984-08-14,,
1984-08-15,,
1984-08-16,,
1984-08-17,,
1984-08-18,,
1984-08-19,,
1984-08-20,,
1984-08-21,,
1984-08-22,,
1984-08-23,,
1984-08-24,,
1984-08-25,,
1984-08-26,,
1984-08-27,,
1984-08-28,,
1984-08-29,,
1984-08-30,,
1984-08-31,,
1984-09-01,,
1984-09-02,,
1984-09-03,,
1984-09-04,,
1984-09-05,,
1984-09-06,,
1984-09-07,,
1984-09-08,,
1984-09-09,,
1984-09-10,,
1984-09-11,,
1984-09-12,,
1984-09-13,,
1984-09-14,,
1984-09-15,,
1984-09-16,,
1984-09-17,,
1984-09-18,,
1984-09-19,,
1984-09-20,,
1984-09-21,,
1984-09-22,,
1984-09-23,,
1984-09-24,,
1984-09-25,,
1984-09-26,,
1984-09-27,,
1984-09-28,,
1984-09-29,,
1984-09-30,,
1984-10-01,,
1984-10-02,,
1984-10-03,,
1984-10-04,,
1984-10-05,,
1984-10-06,,
1984-10-07,,
1984-10-08,,
1984-10-09,,
1984-10-10,,
1984-10-11,,
1984-10-12,,
1984-10-13,,
1984-10-14,,
1984-10-15,,
1984-10-16,,
1984-10-17,,
1984-10-18,,
1984-10-19,,
1984-10-20,,
1984-10-21,,
1984-10-22,,
1984-10-23,,
1984-10-24,,
1984-10-25,,
1984-10-26,,
1984-10-27,,
1984-10-28,,
1984-10-29,,
1984-10-30,,
1984-10-31,,
1984-11-01,,
1984-11-02,,
1984-11-03,,
1984-11-04,,
1984-11-05,,
1984-11-06,0.0,
1984-11-07,3.048,
1984-11-08,6.35,
1984-11-09,9.398,
1984-11-10,12.446,
1984-11-11,15.748,
1984-11-12,18.796,
1984-11-13,22.352,
1984-11-14,25.4,
1984-11-15,25.908,
1984-11-16,27.94,
1984-11-17,27.94,
1984-11-18,27.94,
1984-11-19,27.94,
1984-11-20,27.94,
1984-11-21,31.496,
1984-11-22,34.036,
1984-11-23,35.052,
1984-11-24,35.56,
1984-11-25,38.862,
1984-11-26,41.148,
1984-11-27,43.18,
1984-11-28,45.466,
1984-11-29,45.466,
1984-11-30,45.212,
1984-12-01,45.212,
1984-12-02,45.212,
1984-12-03,45.212,
1984-12-04,44.958,
1984-12-05,44.958,
1984-12-06,44.958,
1984-12-07,44.958,
1984-12-08,44.958,
1984-12-09,44.704,
1984-12-10,44.704,
1984-12-11,45.72,
1984-12-12,45.72,
1984-12-13,46.228,
1984-12-14,46.99,
1984-12-15,47.498,
1984-12-16,48.26,
1984-12-17,48.26,
1984-12-18,48.26,
1984-12-19,49.784,
1984-12-20,50.546,
1984-12-21,50.546,
1984-12-22,50.292,
1984-12-23,50.292,
1984-12-24,50.292,
1984-12-25,50.038,
1984-12-26,50.038,
1984-12-27,50.038,
1984-12-28,50.038,
1984-12-29,49.784,
1984-12-30,49.784,
1984-12-31,49.784,
1985-01-01,49.784,
1985-01-02,49.784,
1985-01-03,49.784,
1985-01-04,49.784,
1985-01-05,50.038,
1985-01-06,50.292,
1985-01-07,50.546,
1985-01-08,50.8,
1985-01-09,50.8,
1985-01-10,50.8,
1985-01-11,50.8,
1985-01-12,50.8,
1985-01-13,50.8,
1985-01-14,50.8,
1985-01-15,50.8,
1985-01-16,50.8,
1985-01-17,50.8,
1985-01-18,50.8,
1985-01-19,50.8,
1985-01-20,50.8,
1985-01-21,50.8,
1985-01-22,50.8,
1985-01-23,50.8,
1985-01-24,50.8,
1985-01-25,50.8,
1985-01-26,50.8,
1985-01-27,52.07,
1985-01-28,53.34,
1985-01-29,53.594,
1985-01-30,53.848,
1985-01-31,54.102,
1985-02-01,54.356,
1985-02-02,54.356,
1985-02-03,54.356,
1985-02-04,54.356,
1985-02-05,54.356,
1985-02-06,54.356,
1985-02-07,54.356,
1985-02-08,56.388,
1985-02-09,58.42,
1985-02-10,60.452,
1985-02-11,62.484,
1985-02-12,64.516,
1985-02-13,64.516,
1985-02-14,64.516,
1985-02-15,64.516,
1985-02-16,64.516,
1985-02-17,64.516,
1985-02-18,64.516,
1985-02-19,64.516,
1985-02-20,64.516,
1985-02-21,64.516,
1985-02-22,64.516,
1985-02-23,64.516,
1985-02-24,64.516,
1985-02-25,64.516,
1985-02-26,64.516,
1985-02-27,64.516,
1985-02-28,64.516,
1985-03-01,64.516,
1985-03-02,65.024,
1985-03-03,65.532,
1985-03-04,66.294,
1985-03-05,66.802,
1985-03-06,67.31,
1985-03-07,67.818,
1985-03-08,68.58,
1985-03-09,69.088,
1985-03-10,69.596,
1985-03-11,70.358,
1985-03-12,71.12,
1985-03-13,72.136,
1985-03-14,72.898,
1985-03-15,73.66,
1985-03-16,73.914,
1985-03-17,74.168,
1985-03-18,74.422,
1985-03-19,74.676,
1985-03-20,75.184,
1985-03-21,75.692,
1985-03-22,76.454,
1985-03-23,76.962,
1985-03-24,77.47,
1985-03-25,77.978,
1985-03-26,78.486,
1985-03-27,79.248,
1985-03-28,79.756,
1985-03-29,80.264,
1985-03-30,80.01,
1985-03-31,80.01,
1985-04-01,79.756,
1985-04-02,78.994,
1985-04-03,78.232,
1985-04-04,77.47,
1985-04-05,76.708,
1985-04-06,75.946,
1985-04-07,75.184,
1985-04-08,74.676,
1985-04-09,73.914,
1985-04-10,73.406,
1985-04-11,72.898,
1985-04-12,72.39,
1985-04-13,71.628,
1985-04-14,71.12,
1985-04-15,70.104,
1985-04-16,69.088,
1985-04-17,68.834,
1985-04-18,68.326,
1985-04-19,68.072,
1985-04-20,68.072,
1985-04-21,68.326,
1985-04-22,68.326,
1985-04-23,68.326,
1985-04-24,68.58,
1985-04-25,68.58,
1985-04-26,67.056,
1985-04-27,66.294,
1985-04-28,65.532,
1985-04-29,64.77,
1985-04-30,64.008,
1985-05-01,62.992,
1985-05-02,61.976,
1985-05-03,60.96,
1985-05-04,59.436,
1985-05-05,58.166,
1985-05-06,56.388,
1985-05-07,54.864,
1985-05-08,54.356,
1985-05-09,53.34,
1985-05-10,52.832,
1985-05-11,51.816,
1985-05-12,51.816,
1985-05-13,49.784,
1985-05-14,49.276,
1985-05-15,47.244,
1985-05-16,45.212,
1985-05-17,43.18,
1985-05-18,41.148,
1985-05-19,39.116,
1985-05-20,35.56,
1985-05-21,34.036,
1985-05-22,31.496,
1985-05-23,28.956,
1985-05-24,25.4,
1985-05-25,16.764,
1985-05-26,13.716,
1985-05-27,8.636,
1985-05-28,4.318,
1985-05-29,0.0,
1985-05-30,,
1985-05-31,,
1985-06-01,,
1985-06-02,,
1985-06-03,,
1985-06-04,,
1985-06-05,,
1985-06-06,,
1985-06-07,,
1985-06-08,,
1985-06-09,,
1985-06-10,,
1985-06-11,,
1985-06-12,,
1985-06-13,,
1985-06-14,,
1985-06-15,,
1985-06-16,,
1985-06-17,,
1985-06-18,,
1985-06-19,,
1985-06-20,,
1985-06-21,,
1985-06-22,,
1985-06-23,,
1985-06-24,,
1985-06-25,,
1985-06-26,,
1985-06-27,,
1985-06-28,,
1985-06-29,,
1985-06-30,,
1985-07-01,,
1985-07-02,,
1985-07-03,,
1985-07-04,,
1985-07-05,,
1985-07-06,,
1985-07-07,,
1985-07-08,,
1985-07-09,,
1985-07-10,,
1985-07-11,,
1985-07-12,,
1985-07-13,,
1985-07-14,,
1985-07-15,,
1985-07-16,,
1985-07-17,,
1985-07-18,,
1985-07-19,,
1985-07-20,,
1985-07-21,,
1985-07-22,,
1985-07-23,,
1985-07-24,,
1985-07-25,,
1985-07-26,,
1985-07-27,,
1985-07-28,,
1985-07-29,,
1985-07-30,,
1985-07-31,,
1985-08-01,,
1985-08-02,,
1985-08-03,,
1985-08-04,,
1985-08-05,,
1985-08-06,,
1985-08-07,,
1985-08-08,,
1985-08-09,,
1985-08-10,,
1985-08-11,,
1985-08-12,,
1985-08-13,,
1985-08-14,,
1985-08-15,,
1985-08-16,,
1985-08-17,,
1985-08-18,,
1985-08-19,,
1985-08-20,,
1985-08-21,,
1985-08-22,,
1985-08-23,,
1985-08-24,,
1985-08-25,,
1985-08-26,,
1985-08-27,,
1985-08-28,,
1985-08-29,,
1985-08-30,,
1985-08-31,,
1985-09-01,,
1985-09-02,,
1985-09-03,,
1985-09-04,,
1985-09-05,,
1985-09-06,,
1985-09-07,,
1985-09-08,,
1985-09-09,,
1985-09-10,,
1985-09-11,,
1985-09-12,,
1985-09-13,,
1985-09-14,,
1985-09-15,,
1985-09-16,,
1985-09-17,,
1985-09-18,,
1985-09-19,,
1985-09-20,,
1985-09-21,,
1985-09-22,,
1985-09-23,,
1985-09-24,,
1985-09-25,,
1985-09-26,,
1985-09-27,,
1985-09-28,,
1985-09-29,,
1985-09-30,,
1985-10-01,,
1985-10-02,,
1985-10-03,,
1985-10-04,,
1985-10-05,,
1985-10-06,,
1985-10-07,,
1985-10-08,,
1985-10-09,,
1985-10-10,,
1985-10-11,,
1985-10-12,,
1985-10-13,,
1985-10-14,,
1985-10-15,,
1985-10-16,,
1985-10-17,,
1985-10-18,,
1985-10-19,,
1985-10-20,,
1985-10-21,,
1985-10-22,,
1985-10-23,,
1985-10-24,,
1985-10-25,,
1985-10-26,,
1985-10-27,,
1985-10-28,,
1985-10-29,,
1985-10-30,,
1985-10-31,,
1985-11-01,,
1985-11-02,,
1985-11-03,,
1985-11-04,,
1985-11-05,,
1985-11-06,,
1985-11-07,,
1985-11-08,,
1985-11-09,,
1985-11-10,0.0,
1985-11-11,1.524,
1985-11-12,3.302,
1985-11-13,4.826,
1985-11-14,6.604,
1985-11-15,8.382,
1985-11-16,9.906,
1985-11-17,9.906,
1985-11-18,9.652,
1985-11-19,9.652,
1985-11-20,9.652,
1985-11-21,9.652,
1985-11-22,9.652,
1985-11-23,9.398,
1985-11-24,9.398,
1985-11-25,11.176,
1985-11-26,12.954,
1985-11-27,14.732,
1985-11-28,16.51,
1985-11-29,18.796,
1985-11-30,24.13,
1985-12-01,25.4,
1985-12-02,27.178,
1985-12-03,31.75,
1985-12-04,34.798,
1985-12-05,34.798,
1985-12-06,34.798,
1985-12-07,34.798,
1985-12-08,34.798,
1985-12-09,34.798,
1985-12-10,34.798,
1985-12-11,34.798,
1985-12-12,34.798,
1985-12-13,34.798,
1985-12-14,34.798,
1985-12-15,34.798,
1985-12-16,34.798,
1985-12-17,34.798,
1985-12-18,34.798,
1985-12-19,34.798,
1985-12-20,34.798,
1985-12-21,34.798,
1985-12-22,34.798,
1985-12-23,34.798,
1985-12-24,34.798,
1985-12-25,34.798,
1985-12-26,34.798,
1985-12-27,34.798,
1985-12-28,34.798,
1985-12-29,34.798,
1985-12-30,34.798,
1985-12-31,37.084,
1986-01-01,38.862,
1986-01-02,38.862,
1986-01-03,38.608,
1986-01-04,38.862,
1986-01-05,39.624,
1986-01-06,40.132,
1986-01-07,40.107,
1986-01-08,40.081,
1986-01-09,40.056,
1986-01-10,40.03,
1986-01-11,40.005,
1986-01-12,39.98,
1986-01-13,39.954,
1986-01-14,39.929,
1986-01-15,39.903,
1986-01-16,39.878,
1986-01-17,44.45,
1986-01-18,44.374,
1986-01-19,44.272,
1986-01-20,44.196,
1986-01-21,44.12,
1986-01-22,44.018,
1986-01-23,43.942,
1986-01-24,43.866,
1986-01-25,43.764,
1986-01-26,43.688,
1986-01-27,43.612,
1986-01-28,43.51,
1986-01-29,43.434,
1986-01-30,44.704,
1986-01-31,49.276,
1986-02-01,49.454,
1986-02-02,49.657,
1986-02-03,49.835,
1986-02-04,50.038,
1986-02-05,50.013,
1986-02-06,49.962,
1986-02-07,49.936,
1986-02-08,49.886,
1986-02-09,49.86,
1986-02-10,49.809,
1986-02-11,49.784,
1986-02-12,50.038,
1986-02-13,56.134,
1986-02-14,61.214,
1986-02-15,74.168,
1986-02-16,86.106,
1986-02-17,96.774,
1986-02-18,112.522,
1986-02-19,120.142,
1986-02-20,125.222,
1986-02-21,125.984,
1986-02-22,125.959,
1986-02-23,125.908,
1986-02-24,125.882,
1986-02-25,125.857,
1986-02-26,125.806,
1986-02-27,125.781,
1986-02-28,125.73,
1986-03-01,125.705,
1986-03-02,125.679,
1986-03-03,125.628,
1986-03-04,125.603,
1986-03-05,125.578,
1986-03-06,125.527,
1986-03-07,125.222,
1986-03-08,128.524,
1986-03-09,136.144,
1986-03-10,136.398,
1986-03-11,141.224,
1986-03-12,141.478,
1986-03-13,141.478,
1986-03-14,141.478,
1986-03-15,143.764,
1986-03-16,146.304,
1986-03-17,149.86,
1986-03-18,149.835,
1986-03-19,149.784,
1986-03-20,149.758,
1986-03-21,149.733,
1986-03-22,149.682,
1986-03-23,149.657,
1986-03-24,149.631,
1986-03-25,149.581,
1986-03-26,149.555,
1986-03-27,149.53,
1986-03-28,149.479,
1986-03-29,149.454,
1986-03-30,149.428,
1986-03-31,149.377,
1986-04-01,149.352,
1986-04-02,149.606,
1986-04-03,149.86,
1986-04-04,149.657,
1986-04-05,149.454,
1986-04-06,149.225,
1986-04-07,149.022,
1986-04-08,148.819,
1986-04-09,148.615,
1986-04-10,148.412,
1986-04-11,148.184,
1986-04-12,147.98,
1986-04-13,147.777,
1986-04-14,147.574,
1986-04-15,147.345,
1986-04-16,147.142,
1986-04-17,146.939,
1986-04-18,146.736,
1986-04-19,146.533,
1986-04-20,146.304,
1986-04-21,146.101,
1986-04-22,145.898,
1986-04-23,145.694,
1986-04-24,145.466,
1986-04-25,145.263,
1986-04-26,145.059,
1986-04-27,144.856,
1986-04-28,144.653,
1986-04-29,144.424,
1986-04-30,144.221,
1986-05-01,144.018,
1986-05-02,143.002,
1986-05-03,141.478,
1986-05-04,143.51,
1986-05-05,143.764,
1986-05-06,144.018,
1986-05-07,144.78,
1986-05-08,144.196,
1986-05-09,143.586,
1986-05-10,143.002,
1986-05-11,138.938,
1986-05-12,138.43,
1986-05-13,137.922,
1986-05-14,137.414,
1986-05-15,136.906,
1986-05-16,136.398,
1986-05-17,133.35,
1986-05-18,130.302,
1986-05-19,129.794,
1986-05-20,125.222,
1986-05-21,126.238,
1986-05-22,121.666,
1986-05-23,121.666,
1986-05-24,118.618,
1986-05-25,118.618,
1986-05-26,116.84,
1986-05-27,115.316,
1986-05-28,109.982,
1986-05-29,105.74,
1986-05-30,101.473,
1986-05-31,97.231,
1986-06-01,92.964,
1986-06-02,88.9,
1986-06-03,86.36,
1986-06-04,80.772,
1986-06-05,81.28,
1986-06-06,78.74,
1986-06-07,78.74,
1986-06-08,75.946,
1986-06-09,76.2,
1986-06-10,72.644,
1986-06-11,68.58,
1986-06-12,66.548,
1986-06-13,60.198,
1986-06-14,60.198,
1986-06-15,58.166,
1986-06-16,55.88,
1986-06-17,46.228,
1986-06-18,45.72,
1986-06-19,45.212,
1986-06-20,45.466,
1986-06-21,37.592,
1986-06-22,32.233,
1986-06-23,26.848,
1986-06-24,21.488,
1986-06-25,16.104,
1986-06-26,10.744,
1986-06-27,5.359,
1986-06-28,0.0,
1986-06-29,,
1986-06-30,,
1986-07-01,,
1986-07-02,,
1986-07-03,,
1986-07-04,,
1986-07-05,,
1986-07-06,,
1986-07-07,,
1986-07-08,,
1986-07-09,,
1986-07-10,,
1986-07-11,,
1986-07-12,,
1986-07-13,,
1986-07-14,,
1986-07-15,,
1986-07-16,,
1986-07-17,,
1986-07-18,,
1986-07-19,,
1986-07-20,,
1986-07-21,,
1986-07-22,,
1986-07-23,,
1986-07-24,,
1986-07-25,,
1986-07-26,,
1986-07-27,,
1986-07-28,,
1986-07-29,,
1986-07-30,,
1986-07-31,,
1986-08-01,,
1986-08-02,,
1986-08-03,,
1986-08-04,,
1986-08-05,,
1986-08-06,,
1986-08-07,,
1986-08-08,,
1986-08-09,,
1986-08-10,,
1986-08-11,,
1986-08-12,,
1986-08-13,,
1986-08-14,,
1986-08-15,,
1986-08-16,,
1986-08-17,,
1986-08-18,,
1986-08-19,,
1986-08-20,,
1986-08-21,,
1986-08-22,,
1986-08-23,,
1986-08-24,,
1986-08-25,,
1986-08-26,,
1986-08-27,,
1986-08-28,,
1986-08-29,,
1986-08-30,,
1986-08-31,,
1986-09-01,,
1986-09-02,,
1986-09-03,,
1986-09-04,,
1986-09-05,,
1986-09-06,,
1986-09-07,,
1986-09-08,,
1986-09-09,,
1986-09-10,,
1986-09-11,,
1986-09-12,,
1986-09-13,,
1986-09-14,,
1986-09-15,,
1986-09-16,,
1986-09-17,,
1986-09-18,,
1986-09-19,,
1986-09-20,,
1986-09-21,,
1986-09-22,,
1986-09-23,,
1986-09-24,,
1986-09-25,,
1986-09-26,,
1986-09-27,,
1986-09-28,,
1986-09-29,,
1986-09-30,,
1986-10-01,,
1986-10-02,,
1986-10-03,,
1986-10-04,,
1986-10-05,,
1986-10-06,,
1986-10-07,,
1986-10-08,,
1986-10-09,,
1986-10-10,,
1986-10-11,,
1986-10-12,,
1986-10-13,,
1986-10-14,,
1986-10-15,,
1986-10-16,,
1986-10-17,,
1986-10-18,,
1986-10-19,,
1986-10-20,,
1986-10-21,,
1986-10-22,,
1986-10-23,,
1986-10-24,,
1986-10-25,,
1986-10-26,,
1986-10-27,,
1986-10-28,,
1986-10-29,,
1986-10-30,,
1986-10-31,,
1986-11-01,,
1986-11-02,,
1986-11-03,,
1986-11-04,,
1986-11-05,,
1986-11-06,,
1986-11-07,,
1986-11-08,,
1986-11-09,,
1986-11-10,,
1986-11-11,,
1986-11-12,,
1986-11-13,,
1986-11-14,,
1986-11-15,,
1986-11-16,,
1986-11-17,0.0,
1986-11-18,1.524,
1986-11-19,1.499,
1986-11-20,1.473,
1986-11-21,1.473,
1986-11-22,1.448,
1986-11-23,1.422,
1986-11-24,1.397,
1986-11-25,1.397,
1986-11-26,1.372,
1986-11-27,1.346,
1986-11-28,1.321,
1986-11-29,1.321,
1986-11-30,1.295,
1986-12-01,1.27,
1986-12-02,1.092,
1986-12-03,0.889,
1986-12-04,0.711,
1986-12-05,0.508,
1986-12-06,1.524,
1986-12-07,4.064,
1986-12-08,3.556,
1986-12-09,3.429,
1986-12-10,3.277,
1986-12-11,3.15,
1986-12-12,2.997,
1986-12-13,2.87,
1986-12-14,2.718,
1986-12-15,2.591,
1986-12-16,2.438,
1986-12-17,2.311,
1986-12-18,2.159,
1986-12-19,2.032,
1986-12-20,2.54,
1986-12-21,3.048,
1986-12-22,3.556,
1986-12-23,4.064,
1986-12-24,5.588,
1986-12-25,5.512,
1986-12-26,5.436,
1986-12-27,5.359,
1986-12-28,5.309,
1986-12-29,5.232,
1986-12-30,5.156,
1986-12-31,5.08,
1987-01-01,5.08,
1987-01-02,5.08,
1987-01-03,6.096,
1987-01-04,11.43,
1987-01-05,11.938,
1987-01-06,12.192,
1987-01-07,13.97,
1987-01-08,14.732,
1987-01-09,15.24,
1987-01-10,15.24,
1987-01-11,15.24,
1987-01-12,15.24,
1987-01-13,15.24,
1987-01-14,15.24,
1987-01-15,15.24,
1987-01-16,15.24,
1987-01-17,15.24,
1987-01-18,15.24,
1987-01-19,15.24,
1987-01-20,15.24,
1987-01-21,15.24,
1987-01-22,15.24,
1987-01-23,15.24,
1987-01-24,15.824,
1987-01-25,16.434,
1987-01-26,17.018,
1987-01-27,17.602,
1987-01-28,18.212,
1987-01-29,18.796,
1987-01-30,18.796,
1987-01-31,18.796,
1987-02-01,18.796,
1987-02-02,18.796,
1987-02-03,21.844,
1987-02-04,22.098,
1987-02-05,22.098,
1987-02-06,22.098,
1987-02-07,22.098,
1987-02-08,22.098,
1987-02-09,22.098,
1987-02-10,23.368,
1987-02-11,25.908,
1987-02-12,26.416,
1987-02-13,32.004,
1987-02-14,34.544,
1987-02-15,36.576,
1987-02-16,37.592,
1987-02-17,37.592,
1987-02-18,37.592,
1987-02-19,37.465,
1987-02-20,37.338,
1987-02-21,37.211,
1987-02-22,37.084,
1987-02-23,37.846,
1987-02-24,38.608,
1987-02-25,39.37,
1987-02-26,40.132,
1987-02-27,40.056,
1987-02-28,39.98,
1987-03-01,39.903,
1987-03-02,39.853,
1987-03-03,39.776,
1987-03-04,39.7,
1987-03-05,39.624,
1987-03-06,47.244,
1987-03-07,47.244,
1987-03-08,47.244,
1987-03-09,47.244,
1987-03-10,47.244,
1987-03-11,47.244,
1987-03-12,47.244,
1987-03-13,48.387,
1987-03-14,49.53,
1987-03-15,50.673,
1987-03-16,51.816,
1987-03-17,51.943,
1987-03-18,52.07,
1987-03-19,52.197,
1987-03-20,52.324,
1987-03-21,52.451,
1987-03-22,52.578,
1987-03-23,52.705,
1987-03-24,52.832,
1987-03-25,52.832,
1987-03-26,52.832,
1987-03-27,52.832,
1987-03-28,52.832,
1987-03-29,52.832,
1987-03-30,52.832,
1987-03-31,52.832,
1987-04-01,52.832,
1987-04-02,52.832,
1987-04-03,54.61,
1987-04-04,54.381,
1987-04-05,54.153,
1987-04-06,53.924,
1987-04-07,53.696,
1987-04-08,53.467,
1987-04-09,53.238,
1987-04-10,53.01,
1987-04-11,52.781,
1987-04-12,52.553,
1987-04-13,52.324,
1987-04-14,51.968,
1987-04-15,51.587,
1987-04-16,51.232,
1987-04-17,50.876,
1987-04-18,50.521,
1987-04-19,50.14,
1987-04-20,49.784,
1987-04-21,49.784,
1987-04-22,47.244,
1987-04-23,46.736,
1987-04-24,46.736,
1987-04-25,44.196,
1987-04-26,42.164,
1987-04-27,42.672,
1987-04-28,39.878,
1987-04-29,39.624,
1987-04-30,40.132,
1987-05-01,39.954,
1987-05-02,39.802,
1987-05-03,39.624,
1987-05-04,37.592,
1987-05-05,36.576,
1987-05-06,36.068,
1987-05-07,32.004,
1987-05-08,30.988,
1987-05-09,29.21,
1987-05-10,27.432,
1987-05-11,25.908,
1987-05-12,22.352,
1987-05-13,21.336,
1987-05-14,16.764,
1987-05-15,13.716,
1987-05-16,12.192,
1987-05-17,11.176,
1987-05-18,10.668,
1987-05-19,9.144,
1987-05-20,6.35,
1987-05-21,6.096,
1987-05-22,4.572,
1987-05-23,4.064,
1987-05-24,2.718,
1987-05-25,1.346,
1987-05-26,0.0,
1987-05-27,,
1987-05-28,,
1987-05-29,,
1987-05-30,,
1987-05-31,,
1987-06-01,,
1987-06-02,,
1987-06-03,,
1987-06-04,,
1987-06-05,,
1987-06-06,,
1987-06-07,,
1987-06-08,,
1987-06-09,,
1987-06-10,,
1987-06-11,,
1987-06-12,,
1987-06-13,,
1987-06-14,,
1987-06-15,,
1987-06-16,,
1987-06-17,,
1987-06-18,,
1987-06-19,,
1987-06-20,,
1987-06-21,,
1987-06-22,,
1987-06-23,,
1987-06-24,,
1987-06-25,,
1987-06-26,,
1987-06-27,,
1987-06-28,,
1987-06-29,,
1987-06-30,,
1987-07-01,,
1987-07-02,,
1987-07-03,,
1987-07-04,,
1987-07-05,,
1987-07-06,,
1987-07-07,,
1987-07-08,,
1987-07-09,,
1987-07-10,,
1987-07-11,,
1987-07-12,,
1987-07-13,,
1987-07-14,,
1987-07-15,,
1987-07-16,,
1987-07-17,,
1987-07-18,,
1987-07-19,,
1987-07-20,,
1987-07-21,,
1987-07-22,,
1987-07-23,,
1987-07-24,,
1987-07-25,,
1987-07-26,,
1987-07-27,,
1987-07-28,,
1987-07-29,,
1987-07-30,,
1987-07-31,,
1987-08-01,,
1987-08-02,,
1987-08-03,,
1987-08-04,,
1987-08-05,,
1987-08-06,,
1987-08-07,,
1987-08-08,,
1987-08-09,,
1987-08-10,,
1987-08-11,,
1987-08-12,,
1987-08-13,,
1987-08-14,,
1987-08-15,,
1987-08-16,,
1987-08-17,,
1987-08-18,,
1987-08-19,,
1987-08-20,,
1987-08-21,,
1987-08-22,,
1987-08-23,,
1987-08-24,,
1987-08-25,,
1987-08-26,,
1987-08-27,,
1987-08-28,,
1987-08-29,,
1987-08-30,,
1987-08-31,,
1987-09-01,,
1987-09-02,,
1987-09-03,,
1987-09-04,,
1987-09-05,,
1987-09-06,,
1987-09-07,,
1987-09-08,,
1987-09-09,,
1987-09-10,,
1987-09-11,,
1987-09-12,,
1987-09-13,,
1987-09-14,,
1987-09-15,,
1987-09-16,,
1987-09-17,,
1987-09-18,,
1987-09-19,,
1987-09-20,,
1987-09-21,,
1987-09-22,,
1987-09-23,,
1987-09-24,,
1987-09-25,,
1987-09-26,,
1987-09-27,,
1987-09-28,,
1987-09-29,,
1987-09-30,,
1987-10-01,,
1987-10-02,,
1987-10-03,,
1987-10-04,,
1987-10-05,,
1987-10-06,,
1987-10-07,,
1987-10-08,,
1987-10-09,,
1987-10-10,,
1987-10-11,,
1987-10-12,,
1987-10-13,,
1987-10-14,,
1987-10-15,,
1987-10-16,,
1987-10-17,,
1987-10-18,,
1987-10-19,,
1987-10-20,,
1987-10-21,,
1987-10-22,,
1987-10-23,,
1987-10-24,,
1987-10-25,,
1987-10-26,,
1987-10-27,0.0,
1987-10-28,2.286,
1987-10-29,4.826,
1987-10-30,4.572,
1987-10-31,4.572,
1987-11-01,4.572,
1987-11-02,6.096,
1987-11-03,7.62,
1987-11-04,9.144,
1987-11-05,9.144,
1987-11-06,9.144,
1987-11-07,9.144,
1987-11-08,9.144,
1987-11-09,9.144,
1987-11-10,9.144,
1987-11-11,9.144,
1987-11-12,9.144,
1987-11-13,9.144,
1987-11-14,11.684,
1987-11-15,12.09,
1987-11-16,12.471,
1987-11-17,12.878,
1987-11-18,13.259,
1987-11-19,13.665,
1987-11-20,14.046,
1987-11-21,14.453,
1987-11-22,14.834,
1987-11-23,15.24,
1987-11-24,15.24,
1987-11-25,15.24,
1987-11-26,15.164,
1987-11-27,15.062,
1987-11-28,14.986,
1987-11-29,14.91,
1987-11-30,14.808,
1987-12-01,14.732,
1987-12-02,14.656,
1987-12-03,14.554,
1987-12-04,14.478,
1987-12-05,14.732,
1987-12-06,16.002,
1987-12-07,17.272,
1987-12-08,18.542,
1987-12-09,19.812,
1987-12-10,20.066,
1987-12-11,19.914,
1987-12-12,19.761,
1987-12-13,19.609,
1987-12-14,19.456,
1987-12-15,19.304,
1987-12-16,23.368,
1987-12-17,24.13,
1987-12-18,24.257,
1987-12-19,24.384,
1987-12-20,24.511,
1987-12-21,24.638,
1987-12-22,24.765,
1987-12-23,24.892,
1987-12-24,25.019,
1987-12-25,25.146,
1987-12-26,25.273,
1987-12-27,25.4,
1987-12-28,25.4,
1987-12-29,29.972,
1987-12-30,30.988,
1987-12-31,30.988,
1988-01-01,30.988,
1988-01-02,30.988,
1988-01-03,33.02,
1988-01-04,41.148,
1988-01-05,44.704,
1988-01-06,46.228,
1988-01-07,46.253,
1988-01-08,46.279,
1988-01-09,46.304,
1988-01-10,46.33,
1988-01-11,46.38,
1988-01-12,46.406,
1988-01-13,46.431,
1988-01-14,46.457,
1988-01-15,46.482,
1988-01-16,49.53,
1988-01-17,51.308,
1988-01-18,54.356,
1988-01-19,55.88,
1988-01-20,55.88,
1988-01-21,55.88,
1988-01-22,55.88,
1988-01-23,55.88,
1988-01-24,55.88,
1988-01-25,55.88,
1988-01-26,55.88,
1988-01-27,55.88,
1988-01-28,55.88,
1988-01-29,55.88,
1988-01-30,55.88,
1988-01-31,55.88,
1988-02-01,55.88,
1988-02-02,55.88,
1988-02-03,55.88,
1988-02-04,55.88,
1988-02-05,55.88,
1988-02-06,55.88,
1988-02-07,55.626,
1988-02-08,55.372,
1988-02-09,55.118,
1988-02-10,54.864,
1988-02-11,54.61,
1988-02-12,54.356,
1988-02-13,54.102,
1988-02-14,53.848,
1988-02-15,53.594,
1988-02-16,53.34,
1988-02-17,53.086,
1988-02-18,52.832,
1988-02-19,52.578,
1988-02-20,52.324,
1988-02-21,52.07,
1988-02-22,51.816,
1988-02-23,51.562,
1988-02-24,51.308,
1988-02-25,51.054,
1988-02-26,50.8,
1988-02-27,51.74,
1988-02-28,52.654,
1988-02-29,53.594,
1988-03-01,54.534,
1988-03-02,55.448,
1988-03-03,56.388,
1988-03-04,56.007,
1988-03-05,55.626,
1988-03-06,55.245,
1988-03-07,54.864,
1988-03-08,54.483,
1988-03-09,54.102,
1988-03-10,53.721,
1988-03-11,53.34,
1988-03-12,52.959,
1988-03-13,52.578,
1988-03-14,52.197,
1988-03-15,51.816,
1988-03-16,51.435,
1988-03-17,51.054,
1988-03-18,50.673,
1988-03-19,50.292,
1988-03-20,49.911,
1988-03-21,49.53,
1988-03-22,49.149,
1988-03-23,48.768,
1988-03-24,48.387,
1988-03-25,48.006,
1988-03-26,47.625,
1988-03-27,47.244,
1988-03-28,46.863,
1988-03-29,46.482,
1988-03-30,46.101,
1988-03-31,45.72,
1988-04-01,45.339,
1988-04-02,44.958,
1988-04-03,44.577,
1988-04-04,44.196,
1988-04-05,43.815,
1988-04-06,43.434,
1988-04-07,43.053,
1988-04-08,42.672,
1988-04-09,42.291,
1988-04-10,41.91,
1988-04-11,41.529,
1988-04-12,41.148,
1988-04-13,41.148,
1988-04-14,43.18,
1988-04-15,45.72,
1988-04-16,45.72,
1988-04-17,46.863,
1988-04-18,48.006,
1988-04-19,49.149,
1988-04-20,50.292,
1988-04-21,50.368,
1988-04-22,50.47,
1988-04-23,50.546,
1988-04-24,50.47,
1988-04-25,50.368,
1988-04-26,50.292,
1988-04-27,50.216,
1988-04-28,50.114,
1988-04-29,50.038,
1988-04-30,50.292,
1988-05-01,50.292,
1988-05-02,50.114,
1988-05-03,49.962,
1988-05-04,49.784,
1988-05-05,49.022,
1988-05-06,48.26,
1988-05-07,47.498,
1988-05-08,46.736,
1988-05-09,45.974,
1988-05-10,45.212,
1988-05-11,44.45,
1988-05-12,42.672,
1988-05-13,39.37,
1988-05-14,39.116,
1988-05-15,35.052,
1988-05-16,30.988,
1988-05-17,30.48,
1988-05-18,30.48,
1988-05-19,30.48,
1988-05-20,25.654,
1988-05-21,22.86,
1988-05-22,19.304,
1988-05-23,19.304,
1988-05-24,14.986,
1988-05-25,9.652,
1988-05-26,5.08,
1988-05-27,2.54,
1988-05-28,0.0,
1988-05-29,,
1988-05-30,,
1988-05-31,,
1988-06-01,,
1988-06-02,,
1988-06-03,,
1988-06-04,,
1988-06-05,,
1988-06-06,,
1988-06-07,,
1988-06-08,,
1988-06-09,,
1988-06-10,,
1988-06-11,,
1988-06-12,,
1988-06-13,,
1988-06-14,,
1988-06-15,,
1988-06-16,,
1988-06-17,,
1988-06-18,,
1988-06-19,,
1988-06-20,,
1988-06-21,,
1988-06-22,,
1988-06-23,,
1988-06-24,,
1988-06-25,,
1988-06-26,,
1988-06-27,,
1988-06-28,,
1988-06-29,,
1988-06-30,,
1988-07-01,,
1988-07-02,,
1988-07-03,,
1988-07-04,,
1988-07-05,,
1988-07-06,,
1988-07-07,,
1988-07-08,,
1988-07-09,,
1988-07-10,,
1988-07-11,,
1988-07-12,,
1988-07-13,,
1988-07-14,,
1988-07-15,,
1988-07-16,,
1988-07-17,,
1988-07-18,,
1988-07-19,,
1988-07-20,,
1988-07-21,,
1988-07-22,,
1988-07-23,,
1988-07-24,,
1988-07-25,,
1988-07-26,,
1988-07-27,,
1988-07-28,,
1988-07-29,,
1988-07-30,,
1988-07-31,,
1988-08-01,,
1988-08-02,,
1988-08-03,,
1988-08-04,,
1988-08-05,,
1988-08-06,,
1988-08-07,,
1988-08-08,,
1988-08-09,,
1988-08-10,,
1988-08-11,,
1988-08-12,,
1988-08-13,,
1988-08-14,,
1988-08-15,,
1988-08-16,,
1988-08-17,,
1988-08-18,,
1988-08-19,,
1988-08-20,,
1988-08-21,,
1988-08-22,,
1988-08-23,,
1988-08-24,,
1988-08-25,,
1988-08-26,,
1988-08-27,,
1988-08-28,,
1988-08-29,,
1988-08-30,,
1988-08-31,,
1988-09-01,,
1988-09-02,,
1988-09-03,,
1988-09-04,,
1988-09-05,,
1988-09-06,,
1988-09-07,,
1988-09-08,,
1988-09-09,,
1988-09-10,,
1988-09-11,,
1988-09-12,,
1988-09-13,,
1988-09-14,,
1988-09-15,,
1988-09-16,,
1988-09-17,,
1988-09-18,,
1988-09-19,,
1988-09-20,,
1988-09-21,,
1988-09-22,,
1988-09-23,,
1988-09-24,,
1988-09-25,,
1988-09-26,,
1988-09-27,,
1988-09-28,,
1988-09-29,,
1988-09-30,,
1988-10-01,,
1988-10-02,,
1988-10-03,,
1988-10-04,,
1988-10-05,,
1988-10-06,,
1988-10-07,,
1988-10-08,,
1988-10-09,,
1988-10-10,,
1988-10-11,,
1988-10-12,,
1988-10-13,,
1988-10-14,,
1988-10-15,,
1988-10-16,,
1988-10-17,,
1988-10-18,,
1988-10-19,,
1988-10-20,,
1988-10-21,,
1988-10-22,,
1988-10-23,,
1988-10-24,,
1988-10-25,,
1988-10-26,,
1988-10-27,,
1988-10-28,,
1988-10-29,,
1988-10-30,,
1988-10-31,,
1988-11-01,,
1988-11-02,,
1988-11-03,,
1988-11-04,,
1988-11-05,,
1988-11-06,,
1988-11-07,,
1988-11-08,,
1988-11-09,,
1988-11-10,,
1988-11-11,,
1988-11-12,,
1988-11-13,0.0,
1988-11-14,1.27,
1988-11-15,4.064,
1988-11-16,4.445,
1988-11-17,4.826,
1988-11-18,5.207,
1988-11-19,5.588,
1988-11-20,5.41,
1988-11-21,5.258,
1988-11-22,7.493,
1988-11-23,9.728,
1988-11-24,11.989,
1988-11-25,14.224,
1988-11-26,15.24,
1988-11-27,14.884,
1988-11-28,14.503,
1988-11-29,14.148,
1988-11-30,13.767,
1988-12-01,13.411,
1988-12-02,13.03,
1988-12-03,12.675,
1988-12-04,12.294,
1988-12-05,11.938,
1988-12-06,11.582,
1988-12-07,11.201,
1988-12-08,10.846,
1988-12-09,10.465,
1988-12-10,10.109,
1988-12-11,9.728,
1988-12-12,9.373,
1988-12-13,8.992,
1988-12-14,8.636,
1988-12-15,8.89,
1988-12-16,9.906,
1988-12-17,12.7,
1988-12-18,13.97,
1988-12-19,13.97,
1988-12-20,14.224,
1988-12-21,15.24,
1988-12-22,17.526,
1988-12-23,20.828,
1988-12-24,24.384,
1988-12-25,24.562,
1988-12-26,24.714,
1988-12-27,24.892,
1988-12-28,25.07,
1988-12-29,25.222,
1988-12-30,25.4,
1988-12-31,25.4,
1989-01-01,25.4,
1989-01-02,25.4,
1989-01-03,25.4,
1989-01-04,28.448,
1989-01-05,29.21,
1989-01-06,29.972,
1989-01-07,30.226,
1989-01-08,30.226,
1989-01-09,30.226,
1989-01-10,30.226,
1989-01-11,30.251,
1989-01-12,30.302,
1989-01-13,30.328,
1989-01-14,30.378,
1989-01-15,30.404,
1989-01-16,30.455,
1989-01-17,30.48,
1989-01-18,30.48,
1989-01-19,30.48,
1989-01-20,30.48,
1989-01-21,30.48,
1989-01-22,30.48,
1989-01-23,30.48,
1989-01-24,30.48,
1989-01-25,30.455,
1989-01-26,30.404,
1989-01-27,30.378,
1989-01-28,30.328,
1989-01-29,30.302,
1989-01-30,30.251,
1989-01-31,30.226,
1989-02-01,31.166,
1989-02-02,32.08,
1989-02-03,33.02,
1989-02-04,34.036,
1989-02-05,35.052,
1989-02-06,36.068,
1989-02-07,37.008,
1989-02-08,37.973,
1989-02-09,38.913,
1989-02-10,39.878,
1989-02-11,39.878,
1989-02-12,39.878,
1989-02-13,40.132,
1989-02-14,40.386,
1989-02-15,40.64,
1989-02-16,40.894,
1989-02-17,41.148,
1989-02-18,41.148,
1989-02-19,41.148,
1989-02-20,41.148,
1989-02-21,41.148,
1989-02-22,41.148,
1989-02-23,41.148,
1989-02-24,41.148,
1989-02-25,41.148,
1989-02-26,41.631,
1989-02-27,42.113,
1989-02-28,42.596,
1989-03-01,43.078,
1989-03-02,43.536,
1989-03-03,44.018,
1989-03-04,44.501,
1989-03-05,44.983,
1989-03-06,45.466,
1989-03-07,50.292,
1989-03-08,52.832,
1989-03-09,57.912,
1989-03-10,58.217,
1989-03-11,58.522,
1989-03-12,58.852,
1989-03-13,59.157,
1989-03-14,59.461,
1989-03-15,59.766,
1989-03-16,60.096,
1989-03-17,60.401,
1989-03-18,60.706,
1989-03-19,61.468,
1989-03-20,63.246,
1989-03-21,63.246,
1989-03-22,63.246,
1989-03-23,63.246,
1989-03-24,63.246,
1989-03-25,63.246,
1989-03-26,64.059,
1989-03-27,64.897,
1989-03-28,65.735,
1989-03-29,66.548,
1989-03-30,67.615,
1989-03-31,68.707,
1989-04-01,69.774,
1989-04-02,70.866,
1989-04-03,70.104,
1989-04-04,65.786,
1989-04-05,66.548,
1989-04-06,66.548,
1989-04-07,66.548,
1989-04-08,66.548,
1989-04-09,65.786,
1989-04-10,65.278,
1989-04-11,65.278,
1989-04-12,62.992,
1989-04-13,60.96,
1989-04-14,60.96,
1989-04-15,60.96,
1989-04-16,59.436,
1989-04-17,55.88,
1989-04-18,54.864,
1989-04-19,50.8,
1989-04-20,50.8,
1989-04-21,50.292,
1989-04-22,50.546,
1989-04-23,50.292,
1989-04-24,50.394,
1989-04-25,50.495,
1989-04-26,50.597,
1989-04-27,50.698,
1989-04-28,50.8,
1989-04-29,49.53,
1989-04-30,49.784,
1989-05-01,45.72,
1989-05-02,45.212,
1989-05-03,46.228,
1989-05-04,40.132,
1989-05-05,39.624,
1989-05-06,38.1,
1989-05-07,37.084,
1989-05-08,36.068,
1989-05-09,35.052,
1989-05-10,36.906,
1989-05-11,38.786,
1989-05-12,40.64,
1989-05-13,40.894,
1989-05-14,40.894,
1989-05-15,40.64,
1989-05-16,40.386,
1989-05-17,37.592,
1989-05-18,37.592,
1989-05-19,36.068,
1989-05-20,35.052,
1989-05-21,29.972,
1989-05-22,29.972,
1989-05-23,27.94,
1989-05-24,27.432,
1989-05-25,24.384,
1989-05-26,24.384,
1989-05-27,20.828,
1989-05-28,19.812,
1989-05-29,13.97,
1989-05-30,15.748,
1989-05-31,14.986,
1989-06-01,9.906,
1989-06-02,10.16,
1989-06-03,5.588,
1989-06-04,3.556,
1989-06-05,2.54,
1989-06-06,1.27,
1989-06-07,0.0,
1989-06-08,0.0,
1989-06-09,0.0,
1989-06-10,0.0,
1989-06-11,0.0,
1989-06-12,0.0,
1989-06-13,0.0,
1989-06-14,0.0,
1989-06-15,0.0,
1989-06-16,0.0,
1989-06-17,0.0,
1989-06-18,0.0,
1989-06-19,0.0,
1989-06-20,0.0,
1989-06-21,0.0,
1989-06-22,0.0,
1989-06-23,0.0,
1989-06-24,0.0,
1989-06-25,0.0,
1989-06-26,0.0,
1989-06-27,0.0,
1989-06-28,0.0,
1989-06-29,0.0,
1989-06-30,0.0,
1989-07-01,0.0,
1989-07-02,0.0,
1989-07-03,0.0,
1989-07-04,0.0,
1989-07-05,0.0,
1989-07-06,0.0,
1989-07-07,0.0,
1989-07-08,0.0,
1989-07-09,0.0,
1989-07-10,0.0,
1989-07-11,0.0,
1989-07-12,0.0,
1989-07-13,0.0,
1989-07-14,0.0,
1989-07-15,0.0,
1989-07-16,0.0,
1989-07-17,0.0,
1989-07-18,0.0,
1989-07-19,0.0,
1989-07-20,0.0,
1989-07-21,0.0,
1989-07-22,0.0,
1989-07-23,0.0,
1989-07-24,0.0,
1989-07-25,0.0,
1989-07-26,0.0,
1989-07-27,0.0,
1989-07-28,0.0,
1989-07-29,0.0,
1989-07-30,0.0,
1989-07-31,0.0,
1989-08-01,0.0,
1989-08-02,0.0,
1989-08-03,0.0,
1989-08-04,0.0,
1989-08-05,0.0,
1989-08-06,0.0,
1989-08-07,0.0,
1989-08-08,0.0,
1989-08-09,0.0,
1989-08-10,0.0,
1989-08-11,0.0,
1989-08-12,0.0,
1989-08-13,0.0,
1989-08-14,0.0,
1989-08-15,0.0,
1989-08-16,0.0,
1989-08-17,0.0,
1989-08-18,0.0,
1989-08-19,0.0,
1989-08-20,0.0,
1989-08-21,0.0,
1989-08-22,0.0,
1989-08-23,0.0,
1989-08-24,0.0,
1989-08-25,0.0,
1989-08-26,0.0,
1989-08-27,0.0,
1989-08-28,0.0,
1989-08-29,0.0,
1989-08-30,0.0,
1989-08-31,0.0,
1989-09-01,0.0,
1989-09-02,0.0,
1989-09-03,0.0,
1989-09-04,0.0,
1989-09-05,0.0,
1989-09-06,0.0,
1989-09-07,0.0,
1989-09-08,0.0,
1989-09-09,0.0,
1989-09-10,0.0,
1989-09-11,0.0,
1989-09-12,0.0,
1989-09-13,0.0,
1989-09-14,0.0,
1989-09-15,0.0,
1989-09-16,0.0,
1989-09-17,0.0,
1989-09-18,0.0,
1989-09-19,0.0,
1989-09-20,0.0,
1989-09-21,0.0,
1989-09-22,0.0,
1989-09-23,0.0,
1989-09-24,0.0,
1989-09-25,0.0,
1989-09-26,0.0,
1989-09-27,0.0,
1989-09-28,0.0,
1989-09-29,0.0,
1989-09-30,0.0,
1989-10-01,0.0,
1989-10-02,0.0,
1989-10-03,0.0,
1989-10-04,0.0,
1989-10-05,0.0,
1989-10-06,0.0,
1989-10-07,0.0,
1989-10-08,0.0,
1989-10-09,0.0,
1989-10-10,0.0,
1989-10-11,0.0,
1989-10-12,0.0,
1989-10-13,0.0,
1989-10-14,0.0,
1989-10-15,0.0,
1989-10-16,0.0,
1989-10-17,0.0,
1989-10-18,0.0,
1989-10-19,0.0,
1989-10-20,0.0,
1989-10-21,,
1989-10-22,2.54,
1989-10-23,5.08,
1989-10-24,,
1989-10-25,,
1989-10-26,,
1989-10-27,,
1989-10-28,,
1989-10-29,,
1989-10-30,,
1989-10-31,,
1989-11-01,,
1989-11-02,,
1989-11-03,,
1989-11-04,,
1989-11-05,,
1989-11-06,,
1989-11-07,,
1989-11-08,,
1989-11-09,,
1989-11-10,,
1989-11-11,,
1989-11-12,,
1989-11-13,,
1989-11-14,,
1989-11-15,,
1989-11-16,,
1989-11-17,,
1989-11-18,,
1989-11-19,,
1989-11-20,,
1989-11-21,,
1989-11-22,,
1989-11-23,,
1989-11-24,5.08,
1989-11-25,10.16,
1989-11-26,15.24,
1989-11-27,,
1989-11-28,,
1989-11-29,,
1989-11-30,,
1989-12-01,,
1989-12-02,,
1989-12-03,,
1989-12-04,,
1989-12-05,,
1989-12-06,,
1989-12-07,,
1989-12-08,,
1989-12-09,,
1989-12-10,,
1989-12-11,,
1989-12-12,,
1989-12-13,,
1989-12-14,,
1989-12-15,,
1989-12-16,,
1989-12-17,,
1989-12-18,,
1989-12-19,,
1989-12-20,,
1989-12-21,,
1989-12-22,,
1989-12-23,19.812,
1989-12-24,21.844,
1989-12-25,22.352,
1989-12-26,23.876,
1989-12-27,,
1989-12-28,,
1989-12-29,,
1989-12-30,23.876,
1989-12-31,24.384,
1990-01-01,25.146,
1990-01-02,27.432,
1990-01-03,26.924,
1990-01-04,24.892,
1990-01-05,25.4,
1990-01-06,22.352,
1990-01-07,24.384,
1990-01-08,25.4,
1990-01-09,24.892,
1990-01-10,24.13,
1990-01-11,25.908,
1990-01-12,25.4,
1990-01-13,34.29,
1990-01-14,41.148,
1990-01-15,39.37,
1990-01-16,40.386,
1990-01-17,45.212,
1990-01-18,44.704,
1990-01-19,44.704,
1990-01-20,42.926,
1990-01-21,40.64,
1990-01-22,41.148,
1990-01-23,41.148,
1990-01-24,40.386,
1990-01-25,40.894,
1990-01-26,42.926,
1990-01-27,45.466,
1990-01-28,40.894,
1990-01-29,44.958,
1990-01-30,44.196,
1990-01-31,45.466,
1990-02-01,,
1990-02-02,43.18,
1990-02-03,41.148,
1990-02-04,45.466,
1990-02-05,45.72,
1990-02-06,45.466,
1990-02-07,50.8,
1990-02-08,50.8,
1990-02-09,33.02,
1990-02-10,31.75,
1990-02-11,31.75,
1990-02-12,31.75,
1990-02-13,31.75,
1990-02-14,37.338,
1990-02-15,34.544,
1990-02-16,36.068,
1990-02-17,43.688,
1990-02-18,48.006,
1990-02-19,45.212,
1990-02-20,46.228,
1990-02-21,46.228,
1990-02-22,45.72,
1990-02-23,43.688,
1990-02-24,45.466,
1990-02-25,47.244,
1990-02-26,47.752,
1990-02-27,46.736,
1990-02-28,47.752,
1990-03-01,46.228,
1990-03-02,47.752,
1990-03-03,47.498,
1990-03-04,46.736,
1990-03-05,50.8,
1990-03-06,50.8,
1990-03-07,47.752,
1990-03-08,48.768,
1990-03-09,48.26,
1990-03-10,48.26,
1990-03-11,53.594,
1990-03-12,52.832,
1990-03-13,53.34,
1990-03-14,50.8,
1990-03-15,50.546,
1990-03-16,48.768,
1990-03-17,,
1990-03-18,,
1990-03-19,,
1990-03-20,,
1990-03-21,,
1990-03-22,,
1990-03-23,48.768,
1990-03-24,,
1990-03-25,50.8,
1990-03-26,48.26,
1990-03-27,48.768,
1990-03-28,50.038,
1990-03-29,50.8,
1990-03-30,50.8,
1990-03-31,52.07,
1990-04-01,53.086,
1990-04-02,48.006,
1990-04-03,48.26,
1990-04-04,48.26,
1990-04-05,52.324,
1990-04-06,51.054,
1990-04-07,52.07,
1990-04-08,50.546,
1990-04-09,48.768,
1990-04-10,48.768,
1990-04-11,48.26,
1990-04-12,47.752,
1990-04-13,47.752,
1990-04-14,47.752,
1990-04-15,48.26,
1990-04-16,47.244,
1990-04-17,47.752,
1990-04-18,47.752,
1990-04-19,47.244,
1990-04-20,44.704,
1990-04-21,47.752,
1990-04-22,48.26,
1990-04-23,47.752,
1990-04-24,48.26,
1990-04-25,48.26,
1990-04-26,48.768,
1990-04-27,45.72,
1990-04-28,43.688,
1990-04-29,43.18,
1990-04-30,43.18,
1990-05-01,42.672,
1990-05-02,42.164,
1990-05-03,42.164,
1990-05-04,38.608,
1990-05-05,37.846,
1990-05-06,32.766,
1990-05-07,33.02,
1990-05-08,30.48,
1990-05-09,27.432,
1990-05-10,27.178,
1990-05-11,25.4,
1990-05-12,22.352,
1990-05-13,11.684,
1990-05-14,22.86,
1990-05-15,21.336,
1990-05-16,16.51,
1990-05-17,15.748,
1990-05-18,12.446,
1990-05-19,12.192,
1990-05-20,12.7,
1990-05-21,9.652,
1990-05-22,7.62,
1990-05-23,0.0,
1990-05-24,5.08,
1990-05-25,7.112,
1990-05-26,5.08,
1990-05-27,3.048,
1990-05-28,5.08,
1990-05-29,0.0,
1990-05-30,3.048,
1990-05-31,0.0,
1990-06-01,0.0,
1990-06-02,0.0,
1990-06-03,0.0,
1990-06-04,0.0,
1990-06-05,0.0,
1990-06-06,0.0,
1990-06-07,0.0,
1990-06-08,0.0,
1990-06-09,0.0,
1990-06-10,0.0,
1990-06-11,0.0,
1990-06-12,0.0,
1990-06-13,0.0,
1990-06-14,0.0,
1990-06-15,0.0,
1990-06-16,0.0,
1990-06-17,0.0,
1990-06-18,0.0,
1990-06-19,0.0,
1990-06-20,0.0,
1990-06-21,0.0,
1990-06-22,0.0,
1990-06-23,0.0,
1990-06-24,0.0,
1990-06-25,0.0,
1990-06-26,0.0,
1990-06-27,0.0,
1990-06-28,0.0,
1990-06-29,0.0,
1990-06-30,0.0,
1990-07-01,0.0,
1990-07-02,0.0,
1990-07-03,0.0,
1990-07-04,0.0,
1990-07-05,0.0,
1990-07-06,0.0,
1990-07-07,0.0,
1990-07-08,0.0,
1990-07-09,0.0,
1990-07-10,0.0,
1990-07-11,0.0,
1990-07-12,0.0,
1990-07-13,0.0,
1990-07-14,0.0,
1990-07-15,0.0,
1990-07-16,0.0,
1990-07-17,0.0,
1990-07-18,0.0,
1990-07-19,0.0,
1990-07-20,0.0,
1990-07-21,0.0,
1990-07-22,0.0,
1990-07-23,0.0,
1990-07-24,0.0,
1990-07-25,0.0,
1990-07-26,0.0,
1990-07-27,0.0,
1990-07-28,0.0,
1990-07-29,0.0,
1990-07-30,0.0,
1990-07-31,0.0,
1990-08-01,0.0,
1990-08-02,0.0,
1990-08-03,0.0,
1990-08-04,0.0,
1990-08-05,0.0,
1990-08-06,0.0,
1990-08-07,0.0,
1990-08-08,0.0,
1990-08-09,0.0,
1990-08-10,0.0,
1990-08-11,0.0,
1990-08-12,0.0,
1990-08-13,0.0,
1990-08-14,0.0,
1990-08-15,0.0,
1990-08-16,0.0,
1990-08-17,0.0,
1990-08-18,0.0,
1990-08-19,0.0,
1990-08-20,0.0,
1990-08-21,0.0,
1990-08-22,0.0,
1990-08-23,0.0,
1990-08-24,0.0,
1990-08-25,0.0,
1990-08-26,0.0,
1990-08-27,0.0,
1990-08-28,0.0,
1990-08-29,0.0,
1990-08-30,0.0,
1990-08-31,0.0,
1990-09-01,0.0,
1990-09-02,0.0,
1990-09-03,0.0,
1990-09-04,0.0,
1990-09-05,0.0,
1990-09-06,0.0,
1990-09-07,0.0,
1990-09-08,0.0,
1990-09-09,0.0,
1990-09-10,0.0,
1990-09-11,0.0,
1990-09-12,0.0,
1990-09-13,0.0,
1990-09-14,0.0,
1990-09-15,0.0,
1990-09-16,0.0,
1990-09-17,0.0,
1990-09-18,0.0,
1990-09-19,0.0,
1990-09-20,0.0,
1990-09-21,0.0,
1990-09-22,0.0,
1990-09-23,0.0,
1990-09-24,0.0,
1990-09-25,0.0,
1990-09-26,0.0,
1990-09-27,0.0,
1990-09-28,0.0,
1990-09-29,0.0,
1990-09-30,0.0,
1990-10-01,0.0,
1990-10-02,0.0,
1990-10-03,0.0,
1990-10-04,0.0,
1990-10-05,0.0,
1990-10-06,0.0,
1990-10-07,0.0,
1990-10-08,0.0,
1990-10-09,0.0,
1990-10-10,0.0,
1990-10-11,0.0,
1990-10-12,0.0,
1990-10-13,0.0,
1990-10-14,0.0,
1990-10-15,0.0,
1990-10-16,0.0,
1990-10-17,0.0,
1990-10-18,0.0,
1990-10-19,0.0,
1990-10-20,0.0,
1990-10-21,0.0,
1990-10-22,0.0,
1990-10-23,0.0,
1990-10-24,0.0,
1990-10-25,0.0,
1990-10-26,0.0,
1990-10-27,0.0,
1990-10-28,0.0,
1990-10-29,0.0,
1990-10-30,0.0,
1990-10-31,0.0,
1990-11-01,0.0,
1990-11-02,0.0,
1990-11-03,0.0,
1990-11-04,0.0,
1990-11-05,0.0,
1990-11-06,0.0,
1990-11-07,0.0,
1990-11-08,0.0,
1990-11-09,0.0,
1990-11-10,0.0,
1990-11-11,0.0,
1990-11-12,0.0,
1990-11-13,0.0,
1990-11-14,0.0,
1990-11-15,0.0,
1990-11-16,0.0,
1990-11-17,0.0,
1990-11-18,0.0,
1990-11-19,0.0,
1990-11-20,0.0,
1990-11-21,0.0,
1990-11-22,0.0,
1990-11-23,0.0,
1990-11-24,0.0,
1990-11-25,0.0,
1990-11-26,0.0,
1990-11-27,0.0,
1990-11-28,0.0,
1990-11-29,0.0,
1990-11-30,0.0,
1990-12-01,0.0,
1990-12-02,0.0,
1990-12-03,0.0,
1990-12-04,0.0,
1990-12-05,0.0,
1990-12-06,0.0,
1990-12-07,0.0,
1990-12-08,0.0,
1990-12-09,0.0,
1990-12-10,0.0,
1990-12-11,0.0,
1990-12-12,3.327,
1990-12-13,3.327,
1990-12-14,3.327,
1990-12-15,3.327,
1990-12-16,3.327,
1990-12-17,3.327,
1990-12-18,0.0,
1990-12-19,3.327,
1990-12-20,3.327,
1990-12-21,3.327,
1990-12-22,3.327,
1990-12-23,3.327,
1990-12-24,3.327,
1990-12-25,3.302,
1990-12-26,3.302,
1990-12-27,3.302,
1990-12-28,3.302,
1990-12-29,3.302,
1990-12-30,3.302,
1990-12-31,3.302,
1991-01-01,3.302,
1991-01-02,3.302,
1991-01-03,3.302,
1991-01-04,3.327,
1991-01-05,3.327,
1991-01-06,3.327,
1991-01-07,3.327,
1991-01-08,3.302,
1991-01-09,4.978,
1991-01-10,5.08,
1991-01-11,4.978,
1991-01-12,4.978,
1991-01-13,4.978,
1991-01-14,4.978,
1991-01-15,4.978,
1991-01-16,4.851,
1991-01-17,4.724,
1991-01-18,4.597,
1991-01-19,4.47,
1991-01-20,4.343,
1991-01-21,4.216,
1991-01-22,4.089,
1991-01-23,3.962,
1991-01-24,3.835,
1991-01-25,3.708,
1991-01-26,3.581,
1991-01-27,3.454,
1991-01-28,3.327,
1991-01-29,3.327,
1991-01-30,3.327,
1991-01-31,3.327,
1991-02-01,3.327,
1991-02-02,3.327,
1991-02-03,4.978,
1991-02-04,4.978,
1991-02-05,4.978,
1991-02-06,4.978,
1991-02-07,4.978,
1991-02-08,4.978,
1991-02-09,4.978,
1991-02-10,4.978,
1991-02-11,4.978,
1991-02-12,4.978,
1991-02-13,4.978,
1991-02-14,4.978,
1991-02-15,5.08,
1991-02-16,6.655,
1991-02-17,6.655,
1991-02-18,4.978,
1991-02-19,4.978,
1991-02-20,3.327,
1991-02-21,4.978,
1991-02-22,4.978,
1991-02-23,4.978,
1991-02-24,4.978,
1991-02-25,3.327,
1991-02-26,3.302,
1991-02-27,6.655,
1991-02-28,9.957,
1991-03-01,13.284,
1991-03-02,14.935,
1991-03-03,14.935,
1991-03-04,24.917,
1991-03-05,34.874,
1991-03-06,34.874,
1991-03-07,34.874,
1991-03-08,34.874,
1991-03-09,36.525,
1991-03-10,38.1,
1991-03-11,39.853,
1991-03-12,38.176,
1991-03-13,39.853,
1991-03-14,41.402,
1991-03-15,43.155,
1991-03-16,41.504,
1991-03-17,41.504,
1991-03-18,46.482,
1991-03-19,54.788,
1991-03-20,53.086,
1991-03-21,54.788,
1991-03-22,53.137,
1991-03-23,54.788,
1991-03-24,56.388,
1991-03-25,63.094,
1991-03-26,68.072,
1991-03-27,68.072,
1991-03-28,66.396,
1991-03-29,68.072,
1991-03-30,68.072,
1991-03-31,68.072,
1991-04-01,69.723,
1991-04-02,68.072,
1991-04-03,68.072,
1991-04-04,68.072,
1991-04-05,68.072,
1991-04-06,68.072,
1991-04-07,69.723,
1991-04-08,68.072,
1991-04-09,68.072,
1991-04-10,69.723,
1991-04-11,71.399,
1991-04-12,69.723,
1991-04-13,69.723,
1991-04-14,69.723,
1991-04-15,71.399,
1991-04-16,71.399,
1991-04-17,71.399,
1991-04-18,71.399,
1991-04-19,71.399,
1991-04-20,71.399,
1991-04-21,71.399,
1991-04-22,71.399,
1991-04-23,71.374,
1991-04-24,71.399,
1991-04-25,73.05,
1991-04-26,71.399,
1991-04-27,71.399,
1991-04-28,71.399,
1991-04-29,69.723,
1991-04-30,69.723,
1991-05-01,69.723,
1991-05-02,69.723,
1991-05-03,69.723,
1991-05-04,68.072,
1991-05-05,68.072,
1991-05-06,68.072,
1991-05-07,68.072,
1991-05-08,69.723,
1991-05-09,71.399,
1991-05-10,71.399,
1991-05-11,71.399,
1991-05-12,69.723,
1991-05-13,69.596,
1991-05-14,73.05,
1991-05-15,71.399,
1991-05-16,71.374,
1991-05-17,74.701,
1991-05-18,73.05,
1991-05-19,71.399,
1991-05-20,73.05,
1991-05-21,73.05,
1991-05-22,71.399,
1991-05-23,69.723,
1991-05-24,68.072,
1991-05-25,68.072,
1991-05-26,64.745,
1991-05-27,63.094,
1991-05-28,61.417,
1991-05-29,61.417,
1991-05-30,59.766,
1991-05-31,56.439,
1991-06-01,56.439,
1991-06-02,56.439,
1991-06-03,53.137,
1991-06-04,49.809,
1991-06-05,48.158,
1991-06-06,44.831,
1991-06-07,39.853,
1991-06-08,39.853,
1991-06-09,34.874,
1991-06-10,31.547,
1991-06-11,28.219,
1991-06-12,24.917,
1991-06-13,14.935,
1991-06-14,9.957,
1991-06-15,4.978,
1991-06-16,0.0,
1991-06-17,0.0,
1991-06-18,0.0,
1991-06-19,0.0,
1991-06-20,0.0,
1991-06-21,0.0,
1991-06-22,0.0,
1991-06-23,0.0,
1991-06-24,0.0,
1991-06-25,0.0,
1991-06-26,0.0,
1991-06-27,0.0,
1991-06-28,0.0,
1991-06-29,0.0,
1991-06-30,0.0,
1991-07-01,0.0,
1991-07-02,0.0,
1991-07-03,0.0,
1991-07-04,0.0,
1991-07-05,0.0,
1991-07-06,0.0,
1991-07-07,0.0,
1991-07-08,0.0,
1991-07-09,0.0,
1991-07-10,0.0,
1991-07-11,0.0,
1991-07-12,0.0,
1991-07-13,0.0,
1991-07-14,0.0,
1991-07-15,0.0,
1991-07-16,0.0,
1991-07-17,0.0,
1991-07-18,0.0,
1991-07-19,0.0,
1991-07-20,0.0,
1991-07-21,0.0,
1991-07-22,0.0,
1991-07-23,0.0,
1991-07-24,0.0,
1991-07-25,0.0,
1991-07-26,0.0,
1991-07-27,0.0,
1991-07-28,0.0,
1991-07-29,0.0,
1991-07-30,0.0,
1991-07-31,0.0,
1991-08-01,0.0,
1991-08-02,0.0,
1991-08-03,0.0,
1991-08-04,0.0,
1991-08-05,0.0,
1991-08-06,0.0,
1991-08-07,0.0,
1991-08-08,0.0,
1991-08-09,0.0,
1991-08-10,0.0,
1991-08-11,0.0,
1991-08-12,0.0,
1991-08-13,0.0,
1991-08-14,0.0,
1991-08-15,0.0,
1991-08-16,0.0,
1991-08-17,0.0,
1991-08-18,0.0,
1991-08-19,0.0,
1991-08-20,0.0,
1991-08-21,0.0,
1991-08-22,0.0,
1991-08-23,0.0,
1991-08-24,0.0,
1991-08-25,0.0,
1991-08-26,0.0,
1991-08-27,0.0,
1991-08-28,0.0,
1991-08-29,0.0,
1991-08-30,0.0,
1991-08-31,0.0,
1991-09-01,0.0,
1991-09-02,0.0,
1991-09-03,0.0,
1991-09-04,0.0,
1991-09-05,0.0,
1991-09-06,0.0,
1991-09-07,0.0,
1991-09-08,0.0,
1991-09-09,0.0,
1991-09-10,0.0,
1991-09-11,0.0,
1991-09-12,0.0,
1991-09-13,0.0,
1991-09-14,0.0,
1991-09-15,0.0,
1991-09-16,0.0,
1991-09-17,0.0,
1991-09-18,0.0,
1991-09-19,0.0,
1991-09-20,0.0,
1991-09-21,0.0,
1991-09-22,0.0,
1991-09-23,0.0,
1991-09-24,0.0,
1991-09-25,0.0,
1991-09-26,0.0,
1991-09-27,0.0,
1991-09-28,0.0,
1991-09-29,0.0,
1991-09-30,0.0,
1991-10-01,0.0,
1991-10-02,0.0,
1991-10-03,0.0,
1991-10-04,0.0,
1991-10-05,0.0,
1991-10-06,0.0,
1991-10-07,0.0,
1991-10-08,0.0,
1991-10-09,0.0,
1991-10-10,0.0,
1991-10-11,0.0,
1991-10-12,0.0,
1991-10-13,0.0,
1991-10-14,0.0,
1991-10-15,0.0,
1991-10-16,0.0,
1991-10-17,0.0,
1991-10-18,0.0,
1991-10-19,0.0,
1991-10-20,0.0,
1991-10-21,0.0,
1991-10-22,0.0,
1991-10-23,0.0,
1991-10-24,0.0,
1991-10-25,0.0,
1991-10-26,1.778,
1991-10-27,3.302,
1991-10-28,3.302,
1991-10-29,3.302,
1991-10-30,3.302,
1991-10-31,3.302,
1991-11-01,3.302,
1991-11-02,3.302,
1991-11-03,3.302,
1991-11-04,3.302,
1991-11-05,3.302,
1991-11-06,3.81,
1991-11-07,4.318,
1991-11-08,4.826,
1991-11-09,4.978,
1991-11-10,4.978,
1991-11-11,4.978,
1991-11-12,4.978,
1991-11-13,4.978,
1991-11-14,4.978,
1991-11-15,4.978,
1991-11-16,4.978,
1991-11-17,4.978,
1991-11-18,6.629,
1991-11-19,6.629,
1991-11-20,6.629,
1991-11-21,6.629,
1991-11-22,6.629,
1991-11-23,6.629,
1991-11-24,6.629,
1991-11-25,6.629,
1991-11-26,8.28,
1991-11-27,8.28,
1991-11-28,8.28,
1991-11-29,8.28,
1991-11-30,8.28,
1991-12-01,8.28,
1991-12-02,8.28,
1991-12-03,8.28,
1991-12-04,8.28,
1991-12-05,8.28,
1991-12-06,8.28,
1991-12-07,8.28,
1991-12-08,8.28,
1991-12-09,8.28,
1991-12-10,8.28,
1991-12-11,9.957,
1991-12-12,9.957,
1991-12-13,8.28,
1991-12-14,8.28,
1991-12-15,9.957,
1991-12-16,9.957,
1991-12-17,9.957,
1991-12-18,9.957,
1991-12-19,9.957,
1991-12-20,9.957,
1991-12-21,9.957,
1991-12-22,9.957,
1991-12-23,9.906,
1991-12-24,9.957,
1991-12-25,9.957,
1991-12-26,9.957,
1991-12-27,9.957,
1991-12-28,11.608,
1991-12-29,11.608,
1991-12-30,13.259,
1991-12-31,13.259,
1992-01-01,13.259,
1992-01-02,13.208,
1992-01-03,14.935,
1992-01-04,14.935,
1992-01-05,16.586,
1992-01-06,16.586,
1992-01-07,18.237,
1992-01-08,18.237,
1992-01-09,18.237,
1992-01-10,18.237,
1992-01-11,18.237,
1992-01-12,19.914,
1992-01-13,19.914,
1992-01-14,19.914,
1992-01-15,19.914,
1992-01-16,19.914,
1992-01-17,19.914,
1992-01-18,21.565,
1992-01-19,21.565,
1992-01-20,21.565,
1992-01-21,21.565,
1992-01-22,21.565,
1992-01-23,21.565,
1992-01-24,21.565,
1992-01-25,21.565,
1992-01-26,21.565,
1992-01-27,21.59,
1992-01-28,21.59,
1992-01-29,21.565,
1992-01-30,21.565,
1992-01-31,21.565,
1992-02-01,21.565,
1992-02-02,23.241,
1992-02-03,23.241,
1992-02-04,23.241,
1992-02-05,23.241,
1992-02-06,23.241,
1992-02-07,23.241,
1992-02-08,24.892,
1992-02-09,24.892,
1992-02-10,24.892,
1992-02-11,26.543,
1992-02-12,28.219,
1992-02-13,29.87,
1992-02-14,33.198,
1992-02-15,34.849,
1992-02-16,39.827,
1992-02-17,43.155,
1992-02-18,43.155,
1992-02-19,44.806,
1992-02-20,44.806,
1992-02-21,46.482,
1992-02-22,48.133,
1992-02-23,48.133,
1992-02-24,48.133,
1992-02-25,48.133,
1992-02-26,48.133,
1992-02-27,48.133,
1992-02-28,48.133,
1992-02-29,49.784,
1992-03-01,49.784,
1992-03-02,49.784,
1992-03-03,51.46,
1992-03-04,51.46,
1992-03-05,51.46,
1992-03-06,51.46,
1992-03-07,53.111,
1992-03-08,53.111,
1992-03-09,54.762,
1992-03-10,53.848,
1992-03-11,53.111,
1992-03-12,53.111,
1992-03-13,53.111,
1992-03-14,54.762,
1992-03-15,54.762,
1992-03-16,54.762,
1992-03-17,54.762,
1992-03-18,54.864,
1992-03-19,54.762,
1992-03-20,54.762,
1992-03-21,54.762,
1992-03-22,54.762,
1992-03-23,56.439,
1992-03-24,56.439,
1992-03-25,56.439,
1992-03-26,56.439,
1992-03-27,56.439,
1992-03-28,56.439,
1992-03-29,56.439,
1992-03-30,56.439,
1992-03-31,58.09,
1992-04-01,58.09,
1992-04-02,58.09,
1992-04-03,58.09,
1992-04-04,58.09,
1992-04-05,58.09,
1992-04-06,58.09,
1992-04-07,58.09,
1992-04-08,58.09,
1992-04-09,58.09,
1992-04-10,58.09,
1992-04-11,59.741,
1992-04-12,59.741,
1992-04-13,59.741,
1992-04-14,59.741,
1992-04-15,59.741,
1992-04-16,59.741,
1992-04-17,59.741,
1992-04-18,58.09,
1992-04-19,58.09,
1992-04-20,56.439,
1992-04-21,56.439,
1992-04-22,54.762,
1992-04-23,54.762,
1992-04-24,53.111,
1992-04-25,51.46,
1992-04-26,51.46,
1992-04-27,49.784,
1992-04-28,48.133,
1992-04-29,48.133,
1992-04-30,46.482,
1992-05-01,44.806,
1992-05-02,43.155,
1992-05-03,41.478,
1992-05-04,39.827,
1992-05-05,39.827,
1992-05-06,38.176,
1992-05-07,36.5,
1992-05-08,34.849,
1992-05-09,33.198,
1992-05-10,31.521,
1992-05-11,29.87,
1992-05-12,28.245,
1992-05-13,24.917,
1992-05-14,23.241,
1992-05-15,21.565,
1992-05-16,21.565,
1992-05-17,21.565,
1992-05-18,23.241,
1992-05-19,23.241,
1992-05-20,23.241,
1992-05-21,21.565,
1992-05-22,21.565,
1992-05-23,19.939,
1992-05-24,19.939,
1992-05-25,18.263,
1992-05-26,16.612,
1992-05-27,14.935,
1992-05-28,13.259,
1992-05-29,9.982,
1992-05-30,6.655,
1992-05-31,4.978,
1992-06-01,0.0,
1992-06-02,0.0,
1992-06-03,0.0,
1992-06-04,0.0,
1992-06-05,0.0,
1992-06-06,0.0,
1992-06-07,0.0,
1992-06-08,0.0,
1992-06-09,0.0,
1992-06-10,0.0,
1992-06-11,0.0,
1992-06-12,0.0,
1992-06-13,0.0,
1992-06-14,0.0,
1992-06-15,0.0,
1992-06-16,0.0,
1992-06-17,0.0,
1992-06-18,0.0,
1992-06-19,0.0,
1992-06-20,0.0,
1992-06-21,0.0,
1992-06-22,0.0,
1992-06-23,0.0,
1992-06-24,0.0,
1992-06-25,0.0,
1992-06-26,0.0,
1992-06-27,0.0,
1992-06-28,0.0,
1992-06-29,0.0,
1992-06-30,0.0,
1992-07-01,0.0,
1992-07-02,0.0,
1992-07-03,0.0,
1992-07-04,0.0,
1992-07-05,0.0,
1992-07-06,0.0,
1992-07-07,0.0,
1992-07-08,0.0,
1992-07-09,0.0,
1992-07-10,0.0,
1992-07-11,0.0,
1992-07-12,0.0,
1992-07-13,0.0,
1992-07-14,0.0,
1992-07-15,0.0,
1992-07-16,0.0,
1992-07-17,0.0,
1992-07-18,0.0,
1992-07-19,0.0,
1992-07-20,0.0,
1992-07-21,0.0,
1992-07-22,0.0,
1992-07-23,0.0,
1992-07-24,0.0,
1992-07-25,0.0,
1992-07-26,0.0,
1992-07-27,0.0,
1992-07-28,0.0,
1992-07-29,0.0,
1992-07-30,0.0,
1992-07-31,0.0,
1992-08-01,0.0,
1992-08-02,0.0,
1992-08-03,0.0,
1992-08-04,0.0,
1992-08-05,0.0,
1992-08-06,0.0,
1992-08-07,0.0,
1992-08-08,0.0,
1992-08-09,0.0,
1992-08-10,0.0,
1992-08-11,0.0,
1992-08-12,0.0,
1992-08-13,0.0,
1992-08-14,0.0,
1992-08-15,0.0,
1992-08-16,0.0,
1992-08-17,0.0,
1992-08-18,0.0,
1992-08-19,0.0,
1992-08-20,0.0,
1992-08-21,0.0,
1992-08-22,0.0,
1992-08-23,0.0,
1992-08-24,0.0,
1992-08-25,0.0,
1992-08-26,0.0,
1992-08-27,0.0,
1992-08-28,0.0,
1992-08-29,0.0,
1992-08-30,0.0,
1992-08-31,0.0,
1992-09-01,0.0,
1992-09-02,0.0,
1992-09-03,0.0,
1992-09-04,0.0,
1992-09-05,0.0,
1992-09-06,0.0,
1992-09-07,0.0,
1992-09-08,0.0,
1992-09-09,0.0,
1992-09-10,0.0,
1992-09-11,0.0,
1992-09-12,0.0,
1992-09-13,0.0,
1992-09-14,0.0,
1992-09-15,0.0,
1992-09-16,0.0,
1992-09-17,0.0,
1992-09-18,0.0,
1992-09-19,0.0,
1992-09-20,0.0,
1992-09-21,0.0,
1992-09-22,0.0,
1992-09-23,0.0,
1992-09-24,0.0,
1992-09-25,0.0,
1992-09-26,0.0,
1992-09-27,0.0,
1992-09-28,0.0,
1992-09-29,0.0,
1992-09-30,0.0,
1992-10-01,0.0,
1992-10-02,0.0,
1992-10-03,0.0,
1992-10-04,0.0,
1992-10-05,0.0,
1992-10-06,0.0,
1992-10-07,0.0,
1992-10-08,0.0,
1992-10-09,0.0,
1992-10-10,0.0,
1992-10-11,0.0,
1992-10-12,0.0,
1992-10-13,0.0,
1992-10-14,0.0,
1992-10-15,0.0,
1992-10-16,0.0,
1992-10-17,0.0,
1992-10-18,0.0,
1992-10-19,0.0,
1992-10-20,0.0,
1992-10-21,1.778,
1992-10-22,3.302,
1992-10-23,3.302,
1992-10-24,3.302,
1992-10-25,3.302,
1992-10-26,3.302,
1992-10-27,3.302,
1992-10-28,3.302,
1992-10-29,3.302,
1992-10-30,3.302,
1992-10-31,3.302,
1992-11-01,3.302,
1992-11-02,3.302,
1992-11-03,3.302,
1992-11-04,3.302,
1992-11-05,3.302,
1992-11-06,3.302,
1992-11-07,3.302,
1992-11-08,3.302,
1992-11-09,3.302,
1992-11-10,3.302,
1992-11-11,3.302,
1992-11-12,3.302,
1992-11-13,3.302,
1992-11-14,3.302,
1992-11-15,3.556,
1992-11-16,3.81,
1992-11-17,3.81,
1992-11-18,3.937,
1992-11-19,4.064,
1992-11-20,4.191,
1992-11-21,4.318,
1992-11-22,4.445,
1992-11-23,4.572,
1992-11-24,4.699,
1992-11-25,4.826,
1992-11-26,4.953,
1992-11-27,5.08,
1992-11-28,5.207,
1992-11-29,5.334,
1992-11-30,5.461,
1992-12-01,5.588,
1992-12-02,5.715,
1992-12-03,5.842,
1992-12-04,5.969,
1992-12-05,6.096,
1992-12-06,6.223,
1992-12-07,6.35,
1992-12-08,6.477,
1992-12-09,6.604,
1992-12-10,6.731,
1992-12-11,6.858,
1992-12-12,6.985,
1992-12-13,7.112,
1992-12-14,7.239,
1992-12-15,7.366,
1992-12-16,7.493,
1992-12-17,7.62,
1992-12-18,7.747,
1992-12-19,7.874,
1992-12-20,8.306,
1992-12-21,8.306,
1992-12-22,8.306,
1992-12-23,8.306,
1992-12-24,8.306,
1992-12-25,8.306,
1992-12-26,8.306,
1992-12-27,8.306,
1992-12-28,9.982,
1992-12-29,9.982,
1992-12-30,13.259,
1992-12-31,13.259,
1993-01-01,39.853,
1993-01-02,43.18,
1993-01-03,43.18,
1993-01-04,43.18,
1993-01-05,43.18,
1993-01-06,43.18,
1993-01-07,46.482,
1993-01-08,53.111,
1993-01-09,53.111,
1993-01-10,56.439,
1993-01-11,56.439,
1993-01-12,56.439,
1993-01-13,59.741,
1993-01-14,69.748,
1993-01-15,71.399,
1993-01-16,76.378,
1993-01-17,79.68,
1993-01-18,83.007,
1993-01-19,83.007,
1993-01-20,81.356,
1993-01-21,83.007,
1993-01-22,86.335,
1993-01-23,86.335,
1993-01-24,86.335,
1993-01-25,86.335,
1993-01-26,84.684,
1993-01-27,86.335,
1993-01-28,86.335,
1993-01-29,86.335,
1993-01-30,86.335,
1993-01-31,86.335,
1993-02-01,86.309,
1993-02-02,86.335,
1993-02-03,86.309,
1993-02-04,86.335,
1993-02-05,86.335,
1993-02-06,86.335,
1993-02-07,87.986,
1993-02-08,89.662,
1993-02-09,91.288,
1993-02-10,91.288,
1993-02-11,89.662,
1993-02-12,89.662,
1993-02-13,89.662,
1993-02-14,89.662,
1993-02-15,91.313,
1993-02-16,91.313,
1993-02-17,89.662,
1993-02-18,89.662,
1993-02-19,99.619,
1993-02-20,109.576,
1993-02-21,109.576,
1993-02-22,104.597,
1993-02-23,107.925,
1993-02-24,112.878,
1993-02-25,111.227,
1993-02-26,111.227,
1993-02-27,112.903,
1993-02-28,112.903,
1993-03-01,112.903,
1993-03-02,112.903,
1993-03-03,112.903,
1993-03-04,112.903,
1993-03-05,111.227,
1993-03-06,111.227,
1993-03-07,112.903,
1993-03-08,112.903,
1993-03-09,112.903,
1993-03-10,112.903,
1993-03-11,112.903,
1993-03-12,111.227,
1993-03-13,111.227,
1993-03-14,112.903,
1993-03-15,112.014,
1993-03-16,111.227,
1993-03-17,112.903,
1993-03-18,116.205,
1993-03-19,114.554,
1993-03-20,114.554,
1993-03-21,114.554,
1993-03-22,114.554,
1993-03-23,114.554,
1993-03-24,114.554,
1993-03-25,117.881,
1993-03-26,121.209,
1993-03-27,122.86,
1993-03-28,122.86,
1993-03-29,122.86,
1993-03-30,121.209,
1993-03-31,121.209,
1993-04-01,121.209,
1993-04-02,121.209,
1993-04-03,121.209,
1993-04-04,121.209,
1993-04-05,122.86,
1993-04-06,122.86,
1993-04-07,122.86,
1993-04-08,121.209,
1993-04-09,121.209,
1993-04-10,121.209,
1993-04-11,121.209,
1993-04-12,122.86,
1993-04-13,122.86,
1993-04-14,122.86,
1993-04-15,122.86,
1993-04-16,122.86,
1993-04-17,121.209,
1993-04-18,124.511,
1993-04-19,124.511,
1993-04-20,124.511,
1993-04-21,124.511,
1993-04-22,124.511,
1993-04-23,124.511,
1993-04-24,122.682,
1993-04-25,121.209,
1993-04-26,112.903,
1993-04-27,116.23,
1993-04-28,114.554,
1993-04-29,111.227,
1993-04-30,109.576,
1993-05-01,109.576,
1993-05-02,111.227,
1993-05-03,112.903,
1993-05-04,117.881,
1993-05-05,117.881,
1993-05-06,114.554,
1993-05-07,117.881,
1993-05-08,119.532,
1993-05-09,116.23,
1993-05-10,114.554,
1993-05-11,114.554,
1993-05-12,116.23,
1993-05-13,114.554,
1993-05-14,112.903,
1993-05-15,111.227,
1993-05-16,109.576,
1993-05-17,107.925,
1993-05-18,106.248,
1993-05-19,102.946,
1993-05-20,101.27,
1993-05-21,97.968,
1993-05-22,96.291,
1993-05-23,94.64,
1993-05-24,92.989,
1993-05-25,91.313,
1993-05-26,91.313,
1993-05-27,87.986,
1993-05-28,87.986,
1993-05-29,87.986,
1993-05-30,83.007,
1993-05-31,83.007,
1993-06-01,84.684,
1993-06-02,84.684,
1993-06-03,84.684,
1993-06-04,79.68,
1993-06-05,84.684,
1993-06-06,84.684,
1993-06-07,83.007,
1993-06-08,83.007,
1993-06-09,81.356,
1993-06-10,76.378,
1993-06-11,76.378,
1993-06-12,74.727,
1993-06-13,71.399,
1993-06-14,69.748,
1993-06-15,66.396,
1993-06-16,64.745,
1993-06-17,61.417,
1993-06-18,59.741,
1993-06-19,56.464,
1993-06-20,54.788,
1993-06-21,53.111,
1993-06-22,51.486,
1993-06-23,48.133,
1993-06-24,46.482,
1993-06-25,43.18,
1993-06-26,39.853,
1993-06-27,36.525,
1993-06-28,31.547,
1993-06-29,29.896,
1993-06-30,26.568,
1993-07-01,23.241,
1993-07-02,16.612,
1993-07-03,9.982,
1993-07-04,3.302,
1993-07-05,1.676,
1993-07-06,0.025,
1993-07-07,0.0,
1993-07-08,0.0,
1993-07-09,0.0,
1993-07-10,0.0,
1993-07-11,0.0,
1993-07-12,0.0,
1993-07-13,0.0,
1993-07-14,0.0,
1993-07-15,0.0,
1993-07-16,0.0,
1993-07-17,0.0,
1993-07-18,0.0,
1993-07-19,0.0,
1993-07-20,0.0,
1993-07-21,0.0,
1993-07-22,0.0,
1993-07-23,0.0,
1993-07-24,0.0,
1993-07-25,0.0,
1993-07-26,0.0,
1993-07-27,0.0,
1993-07-28,0.0,
1993-07-29,0.0,
1993-07-30,0.0,
1993-07-31,0.0,
1993-08-01,0.0,
1993-08-02,0.0,
1993-08-03,0.0,
1993-08-04,0.0,
1993-08-05,0.0,
1993-08-06,0.0,
1993-08-07,0.0,
1993-08-08,0.0,
1993-08-09,0.0,
1993-08-10,0.0,
1993-08-11,0.0,
1993-08-12,0.0,
1993-08-13,0.0,
1993-08-14,0.0,
1993-08-15,0.0,
1993-08-16,0.0,
1993-08-17,0.0,
1993-08-18,0.0,
1993-08-19,0.0,
1993-08-20,0.0,
1993-08-21,0.0,
1993-08-22,0.0,
1993-08-23,0.0,
1993-08-24,0.0,
1993-08-25,0.0,
1993-08-26,0.0,
1993-08-27,0.0,
1993-08-28,0.0,
1993-08-29,0.0,
1993-08-30,0.0,
1993-08-31,0.0,
1993-09-01,0.0,
1993-09-02,0.0,
1993-09-03,0.0,
1993-09-04,0.0,
1993-09-05,0.0,
1993-09-06,0.0,
1993-09-07,0.0,
1993-09-08,0.0,
1993-09-09,0.0,
1993-09-10,0.0,
1993-09-11,0.0,
1993-09-12,0.0,
1993-09-13,0.0,
1993-09-14,0.0,
1993-09-15,0.0,
1993-09-16,0.0,
1993-09-17,0.0,
1993-09-18,0.0,
1993-09-19,0.0,
1993-09-20,0.0,
1993-09-21,0.0,
1993-09-22,0.0,
1993-09-23,0.0,
1993-09-24,0.0,
1993-09-25,0.0,
1993-09-26,0.0,
1993-09-27,0.0,
1993-09-28,0.0,
1993-09-29,0.0,
1993-09-30,0.0,
1993-10-01,0.0,
1993-10-02,0.0,
1993-10-03,0.0,
1993-10-04,0.0,
1993-10-05,0.0,
1993-10-06,0.0,
1993-10-07,0.0,
1993-10-08,0.0,
1993-10-09,0.0,
1993-10-10,0.0,
1993-10-11,0.0,
1993-10-12,0.0,
1993-10-13,0.0,
1993-10-14,0.0,
1993-10-15,0.0,
1993-10-16,0.0,
1993-10-17,0.0,
1993-10-18,0.0,
1993-10-19,0.0,
1993-10-20,0.0,
1993-10-21,0.0,
1993-10-22,0.0,
1993-10-23,0.0,
1993-10-24,0.0,
1993-10-25,0.0,
1993-10-26,0.0,
1993-10-27,0.0,
1993-10-28,0.0,
1993-10-29,0.0,
1993-10-30,0.0,
1993-10-31,0.0,
1993-11-01,0.0,
1993-11-02,0.0,
1993-11-03,0.0,
1993-11-04,0.0,
1993-11-05,0.0,
1993-11-06,0.0,
1993-11-07,0.0,
1993-11-08,0.0,
1993-11-09,0.0,
1993-11-10,0.0,
1993-11-11,0.0,
1993-11-12,1.676,
1993-11-13,1.676,
1993-11-14,1.676,
1993-11-15,1.676,
1993-11-16,0.0,
1993-11-17,0.0,
1993-11-18,0.0,
1993-11-19,0.0,
1993-11-20,0.0,
1993-11-21,0.0,
1993-11-22,0.0,
1993-11-23,0.0,
1993-11-24,0.0,
1993-11-25,0.0,
1993-11-26,0.0,
1993-11-27,0.0,
1993-11-28,0.0,
1993-11-29,0.0,
1993-11-30,1.676,
1993-12-01,1.676,
1993-12-02,1.676,
1993-12-03,1.676,
1993-12-04,1.676,
1993-12-05,1.676,
1993-12-06,1.676,
1993-12-07,1.676,
1993-12-08,1.676,
1993-12-09,1.676,
1993-12-10,1.676,
1993-12-11,1.676,
1993-12-12,1.676,
1993-12-13,1.676,
1993-12-14,1.676,
1993-12-15,1.676,
1993-12-16,1.676,
1993-12-17,1.676,
1993-12-18,1.676,
1993-12-19,1.676,
1993-12-20,1.676,
1993-12-21,1.676,
1993-12-22,1.676,
1993-12-23,1.676,
1993-12-24,1.676,
1993-12-25,1.676,
1993-12-26,1.676,
1993-12-27,1.676,
1993-12-28,1.676,
1993-12-29,1.676,
1993-12-30,1.676,
1993-12-31,1.676,
1994-01-01,1.676,
1994-01-02,1.676,
1994-01-03,1.676,
1994-01-04,1.676,
1994-01-05,1.676,
1994-01-06,1.676,
1994-01-07,1.676,
1994-01-08,1.676,
1994-01-09,1.676,
1994-01-10,1.676,
1994-01-11,1.676,
1994-01-12,1.676,
1994-01-13,1.676,
1994-01-14,1.676,
1994-01-15,1.676,
1994-01-16,1.676,
1994-01-17,1.676,
1994-01-18,1.676,
1994-01-19,1.676,
1994-01-20,1.676,
1994-01-21,1.676,
1994-01-22,1.676,
1994-01-23,1.676,
1994-01-24,1.676,
1994-01-25,3.302,
1994-01-26,3.302,
1994-01-27,3.302,
1994-01-28,3.302,
1994-01-29,3.302,
1994-01-30,3.302,
1994-01-31,3.302,
1994-02-01,3.302,
1994-02-02,3.302,
1994-02-03,3.302,
1994-02-04,3.302,
1994-02-05,3.302,
1994-02-06,3.302,
1994-02-07,3.302,
1994-02-08,3.302,
1994-02-09,3.302,
1994-02-10,3.302,
1994-02-11,3.302,
1994-02-12,3.302,
1994-02-13,4.978,
1994-02-14,4.978,
1994-02-15,4.978,
1994-02-16,4.978,
1994-02-17,4.978,
1994-02-18,6.655,
1994-02-19,8.306,
1994-02-20,9.982,
1994-02-21,9.982,
1994-02-22,11.608,
1994-02-23,14.935,
1994-02-24,34.874,
1994-02-25,34.874,
1994-02-26,34.874,
1994-02-27,34.874,
1994-02-28,34.874,
1994-03-01,34.874,
1994-03-02,33.223,
1994-03-03,33.223,
1994-03-04,34.874,
1994-03-05,34.874,
1994-03-06,38.202,
1994-03-07,38.202,
1994-03-08,36.525,
1994-03-09,36.525,
1994-03-10,36.525,
1994-03-11,38.202,
1994-03-12,38.202,
1994-03-13,34.874,
1994-03-14,36.525,
1994-03-15,36.525,
1994-03-16,38.202,
1994-03-17,38.202,
1994-03-18,38.202,
1994-03-19,39.853,
1994-03-20,39.853,
1994-03-21,38.202,
1994-03-22,39.853,
1994-03-23,41.504,
1994-03-24,41.504,
1994-03-25,41.504,
1994-03-26,44.806,
1994-03-27,43.18,
1994-03-28,43.18,
1994-03-29,43.18,
1994-03-30,43.18,
1994-03-31,43.18,
1994-04-01,41.504,
1994-04-02,39.853,
1994-04-03,43.18,
1994-04-04,43.18,
1994-04-05,43.18,
1994-04-06,43.688,
1994-04-07,44.196,
1994-04-08,44.806,
1994-04-09,44.806,
1994-04-10,44.806,
1994-04-11,43.18,
1994-04-12,42.672,
1994-04-13,42.164,
1994-04-14,41.656,
1994-04-15,41.148,
1994-04-16,40.64,
1994-04-17,40.386,
1994-04-18,40.132,
1994-04-19,39.853,
1994-04-20,38.202,
1994-04-21,36.525,
1994-04-22,36.525,
1994-04-23,36.525,
1994-04-24,36.525,
1994-04-25,36.525,
1994-04-26,38.202,
1994-04-27,36.525,
1994-04-28,36.525,
1994-04-29,36.525,
1994-04-30,34.874,
1994-05-01,34.874,
1994-05-02,34.874,
1994-05-03,34.874,
1994-05-04,33.223,
1994-05-05,33.223,
1994-05-06,31.547,
1994-05-07,33.223,
1994-05-08,33.223,
1994-05-09,33.223,
1994-05-10,31.547,
1994-05-11,29.896,
1994-05-12,28.245,
1994-05-13,24.917,
1994-05-14,23.241,
1994-05-15,21.565,
1994-05-16,21.565,
1994-05-17,21.565,
1994-05-18,23.241,
1994-05-19,23.241,
1994-05-20,23.241,
1994-05-21,21.565,
1994-05-22,21.565,
1994-05-23,19.939,
1994-05-24,19.939,
1994-05-25,18.263,
1994-05-26,16.612,
1994-05-27,14.935,
1994-05-28,13.259,
1994-05-29,9.982,
1994-05-30,6.655,
1994-05-31,4.978,
1994-06-01,0.0,
1994-06-02,0.0,
1994-06-03,0.0,
1994-06-04,0.0,
1994-06-05,0.0,
1994-06-06,0.0,
1994-06-07,0.0,
1994-06-08,0.0,
1994-06-09,0.0,
1994-06-10,0.0,
1994-06-11,0.0,
1994-06-12,0.0,
1994-06-13,0.0,
1994-06-14,0.0,
1994-06-15,0.0,
1994-06-16,0.0,
1994-06-17,0.0,
1994-06-18,0.0,
1994-06-19,0.0,
1994-06-20,0.0,
1994-06-21,0.0,
1994-06-22,0.0,
1994-06-23,0.0,
1994-06-24,0.0,
1994-06-25,0.0,
1994-06-26,0.0,
1994-06-27,0.0,
1994-06-28,0.0,
1994-06-29,0.0,
1994-06-30,0.0,
1994-07-01,0.0,
1994-07-02,0.0,
1994-07-03,0.0,
1994-07-04,0.0,
1994-07-05,0.0,
1994-07-06,0.0,
1994-07-07,0.0,
1994-07-08,0.0,
1994-07-09,0.0,
1994-07-10,0.0,
1994-07-11,0.0,
1994-07-12,0.0,
1994-07-13,0.0,
1994-07-14,0.0,
1994-07-15,0.0,
1994-07-16,0.0,
1994-07-17,0.0,
1994-07-18,0.0,
1994-07-19,0.0,
1994-07-20,0.0,
1994-07-21,0.0,
1994-07-22,0.0,
1994-07-23,0.0,
1994-07-24,0.0,
1994-07-25,0.0,
1994-07-26,0.0,
1994-07-27,0.0,
1994-07-28,0.0,
1994-07-29,0.0,
1994-07-30,0.0,
1994-07-31,0.0,
1994-08-01,0.0,
1994-08-02,0.0,
1994-08-03,0.0,
1994-08-04,0.0,
1994-08-05,0.0,
1994-08-06,0.0,
1994-08-07,0.0,
1994-08-08,0.0,
1994-08-09,0.0,
1994-08-10,0.0,
1994-08-11,0.0,
1994-08-12,0.0,
1994-08-13,0.0,
1994-08-14,0.0,
1994-08-15,0.0,
1994-08-16,0.0,
1994-08-17,0.0,
1994-08-18,0.0,
1994-08-19,0.0,
1994-08-20,0.0,
1994-08-21,0.0,
1994-08-22,0.0,
1994-08-23,0.0,
1994-08-24,0.0,
1994-08-25,0.0,
1994-08-26,0.0,
1994-08-27,0.0,
1994-08-28,0.0,
1994-08-29,0.0,
1994-08-30,0.0,
1994-08-31,0.0,
1994-09-01,0.0,
1994-09-02,0.0,
1994-09-03,0.0,
1994-09-04,0.0,
1994-09-05,0.0,
1994-09-06,0.0,
1994-09-07,0.0,
1994-09-08,0.0,
1994-09-09,0.0,
1994-09-10,0.0,
1994-09-11,0.0,
1994-09-12,0.0,
1994-09-13,0.0,
1994-09-14,0.0,
1994-09-15,0.0,
1994-09-16,0.0,
1994-09-17,0.0,
1994-09-18,0.0,
1994-09-19,0.0,
1994-09-20,0.0,
1994-09-21,0.0,
1994-09-22,0.0,
1994-09-23,0.0,
1994-09-24,0.0,
1994-09-25,0.0,
1994-09-26,0.0,
1994-09-27,0.0,
1994-09-28,0.0,
1994-09-29,0.0,
1994-09-30,0.0,
1994-10-01,0.0,
1994-10-02,0.0,
1994-10-03,0.0,
1994-10-04,0.0,
1994-10-05,7.518,
1994-10-06,4.978,
1994-10-07,4.978,
1994-10-08,4.978,
1994-10-09,4.978,
1994-10-10,4.978,
1994-10-11,4.978,
1994-10-12,4.978,
1994-10-13,4.978,
1994-10-14,4.978,
1994-10-15,4.978,
1994-10-16,4.978,
1994-10-17,4.978,
1994-10-18,4.978,
1994-10-19,4.978,
1994-10-20,4.978,
1994-10-21,4.978,
1994-10-22,4.978,
1994-10-23,4.978,
1994-10-24,4.978,
1994-10-25,4.978,
1994-10-26,4.978,
1994-10-27,4.978,
1994-10-28,4.978,
1994-10-29,3.302,
1994-10-30,3.302,
1994-10-31,3.302,
1994-11-01,3.302,
1994-11-02,3.302,
1994-11-03,3.302,
1994-11-04,6.655,
1994-11-05,6.655,
1994-11-06,8.306,
1994-11-07,11.633,
1994-11-08,13.259,
1994-11-09,14.935,
1994-11-10,16.612,
1994-11-11,19.914,
1994-11-12,19.914,
1994-11-13,19.914,
1994-11-14,19.914,
1994-11-15,18.263,
1994-11-16,21.59,
1994-11-17,21.59,
1994-11-18,24.917,
1994-11-19,24.917,
1994-11-20,24.917,
1994-11-21,24.917,
1994-11-22,24.917,
1994-11-23,24.917,
1994-11-24,24.917,
1994-11-25,26.568,
1994-11-26,33.198,
1994-11-27,33.198,
1994-11-28,31.547,
1994-11-29,31.547,
1994-11-30,31.547,
1994-12-01,31.547,
1994-12-02,31.547,
1994-12-03,31.547,
1994-12-04,33.198,
1994-12-05,34.874,
1994-12-06,34.874,
1994-12-07,34.874,
1994-12-08,34.874,
1994-12-09,34.874,
1994-12-10,34.874,
1994-12-11,34.874,
1994-12-12,34.874,
1994-12-13,38.176,
1994-12-14,38.176,
1994-12-15,38.176,
1994-12-16,38.176,
1994-12-17,38.176,
1994-12-18,39.853,
1994-12-19,39.853,
1994-12-20,39.853,
1994-12-21,39.853,
1994-12-22,39.853,
1994-12-23,39.853,
1994-12-24,39.853,
1994-12-25,41.504,
1994-12-26,41.504,
1994-12-27,41.504,
1994-12-28,43.155,
1994-12-29,43.155,
1994-12-30,43.155,
1994-12-31,43.155,
1995-01-01,43.155,
1995-01-02,43.155,
1995-01-03,43.155,
1995-01-04,44.831,
1995-01-05,46.482,
1995-01-06,46.482,
1995-01-07,54.788,
1995-01-08,58.115,
1995-01-09,64.745,
1995-01-10,78.029,
1995-01-11,89.637,
1995-01-12,91.313,
1995-01-13,92.964,
1995-01-14,94.64,
1995-01-15,99.619,
1995-01-16,99.619,
1995-01-17,99.619,
1995-01-18,99.619,
1995-01-19,101.27,
1995-01-20,101.27,
1995-01-21,101.27,
1995-01-22,101.27,
1995-01-23,104.597,
1995-01-24,107.899,
1995-01-25,111.227,
1995-01-26,111.227,
1995-01-27,111.227,
1995-01-28,111.227,
1995-01-29,111.227,
1995-01-30,111.227,
1995-01-31,112.878,
1995-02-01,112.878,
1995-02-02,112.878,
1995-02-03,112.878,
1995-02-04,112.878,
1995-02-05,112.878,
1995-02-06,112.878,
1995-02-07,112.878,
1995-02-08,112.878,
1995-02-09,112.878,
1995-02-10,112.878,
1995-02-11,112.878,
1995-02-12,112.878,
1995-02-13,112.878,
1995-02-14,111.227,
1995-02-15,111.227,
1995-02-16,111.227,
1995-02-17,111.227,
1995-02-18,111.227,
1995-02-19,112.878,
1995-02-20,114.554,
1995-02-21,116.205,
1995-02-22,116.205,
1995-02-23,116.205,
1995-02-24,116.205,
1995-02-25,116.205,
1995-02-26,116.205,
1995-02-27,116.205,
1995-02-28,116.205,
1995-03-01,119.532,
1995-03-02,117.881,
1995-03-03,117.881,
1995-03-04,119.532,
1995-03-05,119.532,
1995-03-06,119.532,
1995-03-07,119.532,
1995-03-08,119.532,
1995-03-09,124.511,
1995-03-10,129.489,
1995-03-11,141.122,
1995-03-12,141.122,
1995-03-13,144.424,
1995-03-14,149.403,
1995-03-15,152.73,
1995-03-16,156.058,
1995-03-17,157.709,
1995-03-18,156.058,
1995-03-19,156.058,
1995-03-20,156.058,
1995-03-21,164.363,
1995-03-22,164.363,
1995-03-23,170.993,
1995-03-24,170.993,
1995-03-25,172.644,
1995-03-26,172.644,
1995-03-27,174.32,
1995-03-28,177.622,
1995-03-29,177.622,
1995-03-30,174.32,
1995-03-31,175.971,
1995-04-01,179.299,
1995-04-02,177.622,
1995-04-03,175.971,
1995-04-04,175.971,
1995-04-05,175.971,
1995-04-06,177.622,
1995-04-07,177.622,
1995-04-08,177.622,
1995-04-09,179.299,
1995-04-10,175.971,
1995-04-11,175.971,
1995-04-12,175.971,
1995-04-13,179.299,
1995-04-14,179.299,
1995-04-15,180.95,
1995-04-16,180.95,
1995-04-17,180.95,
1995-04-18,180.95,
1995-04-19,180.95,
1995-04-20,182.601,
1995-04-21,182.601,
1995-04-22,177.622,
1995-04-23,177.622,
1995-04-24,180.95,
1995-04-25,182.601,
1995-04-26,182.601,
1995-04-27,182.601,
1995-04-28,182.601,
1995-04-29,184.277,
1995-04-30,185.928,
1995-05-01,187.604,
1995-05-02,192.583,
1995-05-03,192.583,
1995-05-04,194.234,
1995-05-05,195.885,
1995-05-06,195.885,
1995-05-07,195.885,
1995-05-08,194.234,
1995-05-09,194.234,
1995-05-10,194.234,
1995-05-11,195.885,
1995-05-12,197.561,
1995-05-13,197.561,
1995-05-14,197.561,
1995-05-15,197.561,
1995-05-16,197.561,
1995-05-17,197.612,
1995-05-18,195.885,
1995-05-19,195.834,
1995-05-20,195.834,
1995-05-21,195.834,
1995-05-22,195.834,
1995-05-23,195.834,
1995-05-24,195.834,
1995-05-25,195.834,
1995-05-26,195.834,
1995-05-27,195.834,
1995-05-28,191.008,
1995-05-29,189.23,
1995-05-30,187.706,
1995-05-31,187.706,
1995-06-01,187.706,
1995-06-02,187.706,
1995-06-03,185.928,
1995-06-04,184.404,
1995-06-05,185.928,
1995-06-06,187.706,
1995-06-07,189.255,
1995-06-08,185.928,
1995-06-09,182.601,
1995-06-10,180.95,
1995-06-11,180.95,
1995-06-12,180.95,
1995-06-13,182.601,
1995-06-14,184.277,
1995-06-15,184.277,
1995-06-16,185.928,
1995-06-17,179.299,
1995-06-18,179.299,
1995-06-19,179.299,
1995-06-20,179.299,
1995-06-21,177.622,
1995-06-22,174.32,
1995-06-23,172.644,
1995-06-24,172.644,
1995-06-25,172.644,
1995-06-26,172.644,
1995-06-27,169.342,
1995-06-28,165.1,
1995-06-29,162.687,
1995-06-30,161.036,
1995-07-01,159.36,
1995-07-02,154.381,
1995-07-03,152.73,
1995-07-04,151.079,
1995-07-05,146.101,
1995-07-06,144.424,
1995-07-07,141.122,
1995-07-08,136.119,
1995-07-09,132.817,
1995-07-10,129.489,
1995-07-11,126.162,
1995-07-12,122.86,
1995-07-13,117.881,
1995-07-14,112.878,
1995-07-15,109.576,
1995-07-16,107.899,
1995-07-17,106.248,
1995-07-18,104.597,
1995-07-19,101.27,
1995-07-20,96.291,
1995-07-21,94.64,
1995-07-22,91.313,
1995-07-23,87.986,
1995-07-24,84.658,
1995-07-25,83.007,
1995-07-26,79.68,
1995-07-27,74.701,
1995-07-28,66.294,
1995-07-29,60.96,
1995-07-30,53.137,
1995-07-31,43.18,
1995-08-01,35.56,
1995-08-02,27.94,
1995-08-03,18.263,
1995-08-04,13.284,
1995-08-05,6.35,
1995-08-06,0.0,
1995-08-07,0.0,
1995-08-08,0.0,
1995-08-09,0.0,
1995-08-10,0.0,
1995-08-11,0.0,
1995-08-12,0.0,
1995-08-13,0.0,
1995-08-14,0.0,
1995-08-15,0.0,
1995-08-16,0.0,
1995-08-17,0.0,
1995-08-18,0.0,
1995-08-19,0.0,
1995-08-20,0.0,
1995-08-21,0.0,
1995-08-22,0.0,
1995-08-23,0.0,
1995-08-24,0.0,
1995-08-25,0.0,
1995-08-26,0.0,
1995-08-27,0.0,
1995-08-28,0.0,
1995-08-29,0.0,
1995-08-30,0.0,
1995-08-31,0.0,
1995-09-01,0.0,
1995-09-02,0.0,
1995-09-03,0.0,
1995-09-04,0.0,
1995-09-05,0.0,
1995-09-06,0.0,
1995-09-07,0.0,
1995-09-08,0.0,
1995-09-09,0.0,
1995-09-10,0.0,
1995-09-11,0.0,
1995-09-12,0.0,
1995-09-13,0.0,
1995-09-14,0.0,
1995-09-15,0.0,
1995-09-16,0.0,
1995-09-17,0.0,
1995-09-18,0.0,
1995-09-19,0.0,
1995-09-20,0.0,
1995-09-21,0.0,
1995-09-22,0.0,
1995-09-23,0.0,
1995-09-24,0.0,
1995-09-25,0.0,
1995-09-26,0.0,
1995-09-27,0.0,
1995-09-28,0.0,
1995-09-29,0.0,
1995-09-30,0.0,
1995-10-01,0.0,
1995-10-02,0.0,
1995-10-03,0.0,
1995-10-04,0.0,
1995-10-05,0.0,
1995-10-06,0.0,
1995-10-07,0.0,
1995-10-08,0.0,
1995-10-09,0.0,
1995-10-10,0.0,
1995-10-11,0.0,
1995-10-12,0.0,
1995-10-13,0.0,
1995-10-14,0.0,
1995-10-15,0.0,
1995-10-16,0.0,
1995-10-17,0.0,
1995-10-18,0.0,
1995-10-19,0.0,
1995-10-20,0.0,
1995-10-21,0.0,
1995-10-22,0.0,
1995-10-23,0.0,
1995-10-24,0.0,
1995-10-25,0.0,
1995-10-26,0.0,
1995-10-27,0.0,
1995-10-28,0.0,
1995-10-29,0.0,
1995-10-30,0.0,
1995-10-31,0.0,
1995-11-01,0.0,
1995-11-02,0.0,
1995-11-03,0.0,
1995-11-04,0.0,
1995-11-05,0.0,
1995-11-06,0.0,
1995-11-07,0.0,
1995-11-08,0.0,
1995-11-09,0.0,
1995-11-10,0.0,
1995-11-11,0.0,
1995-11-12,0.0,
1995-11-13,0.0,
1995-11-14,0.0,
1995-11-15,0.0,
1995-11-16,0.0,
1995-11-17,0.0,
1995-11-18,0.0,
1995-11-19,0.0,
1995-11-20,0.0,
1995-11-21,0.0,
1995-11-22,0.0,
1995-11-23,0.0,
1995-11-24,0.0,
1995-11-25,0.0,
1995-11-26,0.0,
1995-11-27,0.0,
1995-11-28,0.0,
1995-11-29,0.0,
1995-11-30,0.0,
1995-12-01,0.0,
1995-12-02,0.0,
1995-12-03,0.0,
1995-12-04,0.0,
1995-12-05,0.0,
1995-12-06,0.0,
1995-12-07,0.0,
1995-12-08,0.0,
1995-12-09,0.0,
1995-12-10,0.0,
1995-12-11,0.0,
1995-12-12,1.6,
1995-12-13,6.579,
1995-12-14,9.906,
1995-12-15,11.557,
1995-12-16,14.884,
1995-12-17,16.535,
1995-12-18,18.212,
1995-12-19,18.212,
1995-12-20,18.212,
1995-12-21,19.863,
1995-12-22,19.863,
1995-12-23,19.863,
1995-12-24,19.863,
1995-12-25,19.863,
1995-12-26,19.863,
1995-12-27,19.863,
1995-12-28,19.863,
1995-12-29,21.539,
1995-12-30,21.539,
1995-12-31,21.539,
1996-01-01,21.539,
1996-01-02,21.539,
1996-01-03,21.539,
1996-01-04,21.539,
1996-01-05,21.539,
1996-01-06,21.539,
1996-01-07,23.114,
1996-01-08,23.114,
1996-01-09,23.114,
1996-01-10,23.114,
1996-01-11,23.114,
1996-01-12,23.19,
1996-01-13,23.19,
1996-01-14,23.19,
1996-01-15,23.19,
1996-01-16,23.19,
1996-01-17,24.841,
1996-01-18,26.518,
1996-01-19,28.169,
1996-01-20,31.496,
1996-01-21,31.496,
1996-01-22,33.147,
1996-01-23,34.798,
1996-01-24,34.798,
1996-01-25,36.474,
1996-01-26,38.125,
1996-01-27,39.776,
1996-01-28,43.104,
1996-01-29,44.78,
1996-01-30,46.431,
1996-01-31,48.082,
1996-02-01,49.759,
1996-02-02,49.759,
1996-02-03,49.759,
1996-02-04,49.759,
1996-02-05,56.388,
1996-02-06,59.715,
1996-02-07,59.715,
1996-02-08,58.039,
1996-02-09,56.388,
1996-02-10,56.388,
1996-02-11,56.388,
1996-02-12,56.388,
1996-02-13,56.388,
1996-02-14,56.388,
1996-02-15,56.388,
1996-02-16,56.388,
1996-02-17,56.388,
1996-02-18,56.388,
1996-02-19,58.039,
1996-02-20,66.345,
1996-02-21,69.672,
1996-02-22,76.302,
1996-02-23,77.978,
1996-02-24,77.978,
1996-02-25,81.28,
1996-02-26,81.28,
1996-02-27,81.28,
1996-02-28,81.28,
1996-02-29,81.28,
1996-03-01,82.956,
1996-03-02,82.956,
1996-03-03,82.956,
1996-03-04,82.956,
1996-03-05,89.586,
1996-03-06,89.586,
1996-03-07,89.586,
1996-03-08,89.586,
1996-03-09,89.586,
1996-03-10,89.586,
1996-03-11,89.586,
1996-03-12,92.913,
1996-03-13,96.241,
1996-03-14,96.241,
1996-03-15,96.241,
1996-03-16,97.892,
1996-03-17,97.892,
1996-03-18,97.892,
1996-03-19,96.241,
1996-03-20,96.241,
1996-03-21,96.241,
1996-03-22,96.241,
1996-03-23,96.266,
1996-03-24,96.241,
1996-03-25,96.241,
1996-03-26,96.241,
1996-03-27,97.892,
1996-03-28,97.892,
1996-03-29,99.543,
1996-03-30,99.543,
1996-03-31,101.219,
1996-04-01,101.219,
1996-04-02,106.197,
1996-04-03,106.197,
1996-04-04,106.197,
1996-04-05,106.197,
1996-04-06,106.197,
1996-04-07,106.197,
1996-04-08,106.197,
1996-04-09,106.172,
1996-04-10,106.197,
1996-04-11,106.197,
1996-04-12,104.521,
1996-04-13,106.197,
1996-04-14,106.197,
1996-04-15,104.521,
1996-04-16,104.521,
1996-04-17,109.499,
1996-04-18,112.827,
1996-04-19,114.503,
1996-04-20,114.503,
1996-04-21,114.503,
1996-04-22,114.503,
1996-04-23,114.503,
1996-04-24,114.503,
1996-04-25,112.827,
1996-04-26,112.827,
1996-04-27,111.252,
1996-04-28,109.474,
1996-04-29,109.499,
1996-04-30,104.521,
1996-05-01,104.521,
1996-05-02,102.87,
1996-05-03,102.87,
1996-05-04,102.87,
1996-05-05,99.543,
1996-05-06,97.892,
1996-05-07,94.564,
1996-05-08,91.262,
1996-05-09,92.913,
1996-05-10,92.913,
1996-05-11,89.586,
1996-05-12,86.258,
1996-05-13,84.607,
1996-05-14,81.28,
1996-05-15,79.629,
1996-05-16,79.756,
1996-05-17,86.258,
1996-05-18,91.262,
1996-05-19,92.913,
1996-05-20,92.913,
1996-05-21,92.913,
1996-05-22,91.262,
1996-05-23,91.186,
1996-05-24,91.262,
1996-05-25,91.262,
1996-05-26,91.262,
1996-05-27,87.935,
1996-05-28,87.935,
1996-05-29,84.607,
1996-05-30,82.956,
1996-05-31,82.956,
1996-06-01,79.756,
1996-06-02,79.629,
1996-06-03,77.978,
1996-06-04,74.651,
1996-06-05,71.323,
1996-06-06,68.021,
1996-06-07,64.694,
1996-06-08,61.366,
1996-06-09,56.388,
1996-06-10,53.061,
1996-06-11,49.759,
1996-06-12,48.082,
1996-06-13,44.78,
1996-06-14,41.453,
1996-06-15,38.125,
1996-06-16,34.798,
1996-06-17,33.147,
1996-06-18,28.169,
1996-06-19,24.841,
1996-06-20,21.336,
1996-06-21,16.535,
1996-06-22,11.557,
1996-06-23,4.928,
1996-06-24,0.0,
1996-06-25,0.0,
1996-06-26,0.0,
1996-06-27,0.0,
1996-06-28,0.0,
1996-06-29,0.0,
1996-06-30,0.0,
1996-07-01,0.0,
1996-07-02,0.0,
1996-07-03,0.0,
1996-07-04,0.0,
1996-07-05,0.0,
1996-07-06,0.0,
1996-07-07,0.0,
1996-07-08,0.0,
1996-07-09,0.0,
1996-07-10,0.0,
1996-07-11,0.0,
1996-07-12,0.0,
1996-07-13,0.0,
1996-07-14,0.0,
1996-07-15,0.0,
1996-07-16,0.0,
1996-07-17,0.0,
1996-07-18,0.0,
1996-07-19,0.0,
1996-07-20,0.0,
1996-07-21,0.0,
1996-07-22,0.0,
1996-07-23,0.0,
1996-07-24,0.0,
1996-07-25,0.0,
1996-07-26,0.0,
1996-07-27,0.0,
1996-07-28,0.0,
1996-07-29,0.0,
1996-07-30,0.0,
1996-07-31,0.0,
1996-08-01,0.0,
1996-08-02,0.0,
1996-08-03,0.0,
1996-08-04,0.0,
1996-08-05,0.0,
1996-08-06,0.0,
1996-08-07,0.0,
1996-08-08,0.0,
1996-08-09,0.0,
1996-08-10,0.0,
1996-08-11,0.0,
1996-08-12,0.0,
1996-08-13,0.0,
1996-08-14,0.0,
1996-08-15,0.0,
1996-08-16,0.0,
1996-08-17,0.0,
1996-08-18,0.0,
1996-08-19,0.0,
1996-08-20,0.0,
1996-08-21,0.0,
1996-08-22,0.0,
1996-08-23,0.0,
1996-08-24,0.0,
1996-08-25,0.0,
1996-08-26,0.0,
1996-08-27,0.0,
1996-08-28,0.0,
1996-08-29,0.0,
1996-08-30,0.0,
1996-08-31,0.0,
1996-09-01,0.0,
1996-09-02,0.0,
1996-09-03,0.0,
1996-09-04,0.0,
1996-09-05,0.0,
1996-09-06,0.0,
1996-09-07,0.0,
1996-09-08,0.0,
1996-09-09,0.0,
1996-09-10,0.0,
1996-09-11,0.0,
1996-09-12,0.0,
1996-09-13,0.0,
1996-09-14,0.0,
1996-09-15,0.0,
1996-09-16,0.0,
1996-09-17,0.0,
1996-09-18,0.0,
1996-09-19,0.0,
1996-09-20,0.0,
1996-09-21,0.0,
1996-09-22,0.0,
1996-09-23,0.0,
1996-09-24,0.0,
1996-09-25,0.0,
1996-09-26,0.0,
1996-09-27,0.0,
1996-09-28,0.0,
1996-09-29,0.0,
1996-09-30,0.0,
1996-10-01,0.0,
1996-10-02,0.0,
1996-10-03,0.0,
1996-10-04,0.0,
1996-10-05,0.0,
1996-10-06,0.0,
1996-10-07,0.0,
1996-10-08,0.0,
1996-10-09,0.0,
1996-10-10,0.0,
1996-10-11,0.0,
1996-10-12,0.0,
1996-10-13,0.0,
1996-10-14,0.0,
1996-10-15,0.0,
1996-10-16,0.0,
1996-10-17,0.0,
1996-10-18,0.0,
1996-10-19,0.0,
1996-10-20,0.0,
1996-10-21,0.0,
1996-10-22,0.0,
1996-10-23,0.0,
1996-10-24,0.0,
1996-10-25,0.0,
1996-10-26,0.0,
1996-10-27,0.0,
1996-10-28,0.0,
1996-10-29,1.6,
1996-10-30,3.277,
1996-10-31,4.928,
1996-11-01,6.579,
1996-11-02,6.579,
1996-11-03,8.255,
1996-11-04,8.255,
1996-11-05,8.255,
1996-11-06,8.128,
1996-11-07,8.255,
1996-11-08,8.255,
1996-11-09,8.255,
1996-11-10,8.255,
1996-11-11,8.255,
1996-11-12,8.255,
1996-11-13,8.255,
1996-11-14,8.255,
1996-11-15,8.255,
1996-11-16,8.255,
1996-11-17,9.906,
1996-11-18,23.19,
1996-11-19,21.539,
1996-11-20,24.841,
1996-11-21,24.841,
1996-11-22,28.169,
1996-11-23,31.496,
1996-11-24,31.496,
1996-11-25,31.496,
1996-11-26,31.496,
1996-11-27,31.496,
1996-11-28,31.496,
1996-11-29,31.496,
1996-11-30,31.496,
1996-12-01,31.496,
1996-12-02,31.496,
1996-12-03,29.82,
1996-12-04,29.82,
1996-12-05,29.82,
1996-12-06,36.474,
1996-12-07,38.125,
1996-12-08,38.125,
1996-12-09,38.125,
1996-12-10,41.453,
1996-12-11,49.759,
1996-12-12,51.41,
1996-12-13,53.061,
1996-12-14,53.061,
1996-12-15,53.061,
1996-12-16,53.061,
1996-12-17,51.41,
1996-12-18,51.41,
1996-12-19,51.41,
1996-12-20,51.41,
1996-12-21,53.061,
1996-12-22,66.345,
1996-12-23,69.672,
1996-12-24,69.672,
1996-12-25,69.672,
1996-12-26,69.596,
1996-12-27,72.898,
1996-12-28,72.898,
1996-12-29,72.898,
1996-12-30,77.978,
1996-12-31,79.756,
1997-01-01,81.28,
1997-01-02,81.28,
1997-01-03,81.28,
1997-01-04,81.28,
1997-01-05,81.28,
1997-01-06,82.956,
1997-01-07,82.956,
1997-01-08,82.956,
1997-01-09,82.956,
1997-01-10,84.607,
1997-01-11,84.607,
1997-01-12,84.607,
1997-01-13,86.258,
1997-01-14,87.935,
1997-01-15,87.935,
1997-01-16,87.935,
1997-01-17,87.935,
1997-01-18,87.935,
1997-01-19,87.935,
1997-01-20,89.586,
1997-01-21,96.241,
1997-01-22,97.892,
1997-01-23,106.197,
1997-01-24,106.197,
1997-01-25,107.848,
1997-01-26,114.503,
1997-01-27,119.482,
1997-01-28,119.482,
1997-01-29,121.133,
1997-01-30,121.133,
1997-01-31,121.133,
1997-02-01,121.133,
1997-02-02,121.133,
1997-02-03,121.133,
1997-02-04,121.133,
1997-02-05,121.133,
1997-02-06,121.133,
1997-02-07,121.133,
1997-02-08,122.784,
1997-02-09,122.784,
1997-02-10,122.784,
1997-02-11,122.784,
1997-02-12,122.784,
1997-02-13,122.784,
1997-02-14,122.784,
1997-02-15,122.682,
1997-02-16,122.784,
1997-02-17,122.784,
1997-02-18,122.784,
1997-02-19,122.784,
1997-02-20,121.133,
1997-02-21,121.133,
1997-02-22,121.133,
1997-02-23,121.133,
1997-02-24,121.133,
1997-02-25,119.482,
1997-02-26,119.482,
1997-02-27,119.482,
1997-02-28,119.38,
1997-03-01,119.38,
1997-03-02,119.482,
1997-03-03,119.482,
1997-03-04,119.482,
1997-03-05,119.482,
1997-03-06,119.482,
1997-03-07,119.482,
1997-03-08,119.482,
1997-03-09,119.482,
1997-03-10,117.856,
1997-03-11,117.856,
1997-03-12,117.856,
1997-03-13,117.805,
1997-03-14,117.805,
1997-03-15,117.805,
1997-03-16,117.856,
1997-03-17,119.38,
1997-03-18,120.65,
1997-03-19,120.65,
1997-03-20,119.38,
1997-03-21,119.38,
1997-03-22,119.38,
1997-03-23,119.482,
1997-03-24,119.38,
1997-03-25,119.482,
1997-03-26,117.805,
1997-03-27,116.078,
1997-03-28,114.3,
1997-03-29,114.503,
1997-03-30,112.827,
1997-03-31,114.503,
1997-04-01,116.154,
1997-04-02,117.805,
1997-04-03,117.805,
1997-04-04,117.805,
1997-04-05,117.805,
1997-04-06,117.805,
1997-04-07,117.805,
1997-04-08,117.856,
1997-04-09,117.856,
1997-04-10,117.856,
1997-04-11,117.805,
1997-04-12,117.805,
1997-04-13,117.805,
1997-04-14,117.805,
1997-04-15,116.332,
1997-04-16,116.332,
1997-04-17,114.808,
1997-04-18,114.808,
1997-04-19,113.03,
1997-04-20,113.03,
1997-04-21,111.176,
1997-04-22,111.176,
1997-04-23,111.176,
1997-04-24,114.503,
1997-04-25,116.154,
1997-04-26,116.154,
1997-04-27,111.176,
1997-04-28,107.848,
1997-04-29,107.848,
1997-04-30,109.499,
1997-05-01,107.848,
1997-05-02,106.197,
1997-05-03,104.521,
1997-05-04,104.521,
1997-05-05,102.87,
1997-05-06,101.219,
1997-05-07,101.219,
1997-05-08,97.892,
1997-05-09,96.241,
1997-05-10,94.564,
1997-05-11,92.913,
1997-05-12,89.586,
1997-05-13,89.586,
1997-05-14,86.258,
1997-05-15,82.956,
1997-05-16,81.28,
1997-05-17,77.978,
1997-05-18,76.302,
1997-05-19,74.651,
1997-05-20,73.0,
1997-05-21,71.323,
1997-05-22,69.672,
1997-05-23,68.021,
1997-05-24,68.021,
1997-05-25,66.345,
1997-05-26,64.694,
1997-05-27,63.017,
1997-05-28,61.366,
1997-05-29,59.715,
1997-05-30,56.388,
1997-05-31,53.061,
1997-06-01,49.759,
1997-06-02,46.431,
1997-06-03,44.78,
1997-06-04,41.453,
1997-06-05,41.453,
1997-06-06,41.453,
1997-06-07,38.125,
1997-06-08,36.474,
1997-06-09,33.147,
1997-06-10,29.82,
1997-06-11,28.169,
1997-06-12,24.841,
1997-06-13,23.19,
1997-06-14,24.841,
1997-06-15,24.841,
1997-06-16,23.19,
1997-06-17,19.863,
1997-06-18,16.51,
1997-06-19,8.255,
1997-06-20,3.277,
1997-06-21,0.0,
1997-06-22,0.0,
1997-06-23,0.0,
1997-06-24,0.0,
1997-06-25,0.0,
1997-06-26,0.0,
1997-06-27,0.0,
1997-06-28,0.0,
1997-06-29,0.0,
1997-06-30,0.0,
1997-07-01,0.0,
1997-07-02,0.0,
1997-07-03,0.0,
1997-07-04,0.0,
1997-07-05,0.0,
1997-07-06,0.0,
1997-07-07,0.0,
1997-07-08,0.0,
1997-07-09,0.0,
1997-07-10,0.0,
1997-07-11,0.0,
1997-07-12,0.0,
1997-07-13,0.0,
1997-07-14,0.0,
1997-07-15,0.0,
1997-07-16,0.0,
1997-07-17,0.0,
1997-07-18,0.0,
1997-07-19,0.0,
1997-07-20,0.0,
1997-07-21,0.0,
1997-07-22,0.0,
1997-07-23,0.0,
1997-07-24,0.0,
1997-07-25,0.0,
1997-07-26,0.0,
1997-07-27,0.0,
1997-07-28,0.0,
1997-07-29,0.0,
1997-07-30,0.0,
1997-07-31,0.0,
1997-08-01,0.0,
1997-08-02,0.0,
1997-08-03,0.0,
1997-08-04,0.0,
1997-08-05,0.0,
1997-08-06,0.0,
1997-08-07,0.0,
1997-08-08,0.0,
1997-08-09,0.0,
1997-08-10,0.0,
1997-08-11,0.0,
1997-08-12,0.0,
1997-08-13,0.0,
1997-08-14,0.0,
1997-08-15,0.0,
1997-08-16,0.0,
1997-08-17,0.0,
1997-08-18,0.0,
1997-08-19,0.0,
1997-08-20,0.0,
1997-08-21,0.0,
1997-08-22,0.0,
1997-08-23,0.0,
1997-08-24,0.0,
1997-08-25,0.0,
1997-08-26,0.0,
1997-08-27,0.0,
1997-08-28,0.0,
1997-08-29,0.0,
1997-08-30,0.0,
1997-08-31,0.0,
1997-09-01,0.0,
1997-09-02,0.0,
1997-09-03,0.0,
1997-09-04,0.0,
1997-09-05,0.0,
1997-09-06,0.0,
1997-09-07,0.0,
1997-09-08,0.0,
1997-09-09,0.0,
1997-09-10,0.0,
1997-09-11,0.0,
1997-09-12,0.0,
1997-09-13,0.0,
1997-09-14,0.0,
1997-09-15,0.0,
1997-09-16,0.0,
1997-09-17,0.0,
1997-09-18,0.0,
1997-09-19,0.0,
1997-09-20,0.0,
1997-09-21,0.0,
1997-09-22,0.0,
1997-09-23,0.0,
1997-09-24,0.0,
1997-09-25,0.0,
1997-09-26,0.0,
1997-09-27,0.0,
1997-09-28,0.0,
1997-09-29,0.0,
1997-09-30,0.0,
1997-10-01,0.0,
1997-10-02,0.0,
1997-10-03,0.0,
1997-10-04,0.0,
1997-10-05,0.0,
1997-10-06,0.0,
1997-10-07,0.0,
1997-10-08,0.0,
1997-10-09,0.0,
1997-10-10,0.0,
1997-10-11,0.0,
1997-10-12,0.0,
1997-10-13,0.0,
1997-10-14,0.0,
1997-10-15,0.0,
1997-10-16,0.0,
1997-10-17,0.0,
1997-10-18,0.0,
1997-10-19,0.0,
1997-10-20,0.0,
1997-10-21,0.0,
1997-10-22,0.0,
1997-10-23,0.0,
1997-10-24,0.0,
1997-10-25,0.0,
1997-10-26,0.0,
1997-10-27,0.0,
1997-10-28,0.0,
1997-10-29,0.0,
1997-10-30,0.0,
1997-10-31,0.0,
1997-11-01,0.0,
1997-11-02,0.0,
1997-11-03,0.0,
1997-11-04,0.0,
1997-11-05,0.0,
1997-11-06,0.0,
1997-11-07,0.0,
1997-11-08,0.0,
1997-11-09,0.0,
1997-11-10,0.0,
1997-11-11,0.0,
1997-11-12,0.0,
1997-11-13,0.0,
1997-11-14,1.524,
1997-11-15,1.524,
1997-11-16,1.6,
1997-11-17,3.251,
1997-11-18,3.302,
1997-11-19,3.251,
1997-11-20,4.928,
1997-11-21,4.928,
1997-11-22,4.928,
1997-11-23,6.579,
1997-11-24,6.579,
1997-11-25,4.928,
1997-11-26,8.23,
1997-11-27,14.986,
1997-11-28,14.884,
1997-11-29,14.884,
1997-11-30,14.884,
1997-12-01,14.884,
1997-12-02,14.884,
1997-12-03,14.884,
1997-12-04,14.884,
1997-12-05,14.884,
1997-12-06,18.186,
1997-12-07,18.186,
1997-12-08,23.19,
1997-12-09,23.19,
1997-12-10,23.19,
1997-12-11,23.19,
1997-12-12,23.19,
1997-12-13,23.19,
1997-12-14,23.19,
1997-12-15,24.841,
1997-12-16,24.841,
1997-12-17,24.841,
1997-12-18,24.841,
1997-12-19,24.892,
1997-12-20,24.841,
1997-12-21,24.841,
1997-12-22,24.892,
1997-12-23,24.841,
1997-12-24,24.841,
1997-12-25,24.841,
1997-12-26,24.841,
1997-12-27,24.841,
1997-12-28,24.841,
1997-12-29,24.841,
1997-12-30,24.841,
1997-12-31,24.841,
1998-01-01,24.841,
1998-01-02,28.169,
1998-01-03,31.471,
1998-01-04,31.471,
1998-01-05,33.274,
1998-01-06,33.147,
1998-01-07,33.147,
1998-01-08,33.147,
1998-01-09,33.147,
1998-01-10,34.798,
1998-01-11,34.798,
1998-01-12,34.798,
1998-01-13,38.125,
1998-01-14,38.125,
1998-01-15,39.776,
1998-01-16,41.427,
1998-01-17,41.427,
1998-01-18,39.776,
1998-01-19,43.104,
1998-01-20,43.104,
1998-01-21,43.104,
1998-01-22,43.104,
1998-01-23,43.104,
1998-01-24,43.18,
1998-01-25,43.18,
1998-01-26,43.18,
1998-01-27,43.104,
1998-01-28,43.104,
1998-01-29,43.104,
1998-01-30,46.431,
1998-01-31,46.431,
1998-02-01,46.431,
1998-02-02,49.733,
1998-02-03,59.69,
1998-02-04,64.668,
1998-02-05,64.77,
1998-02-06,64.668,
1998-02-07,71.323,
1998-02-08,76.302,
1998-02-09,79.629,
1998-02-10,79.629,
1998-02-11,79.629,
1998-02-12,79.629,
1998-02-13,79.629,
1998-02-14,81.28,
1998-02-15,84.607,
1998-02-16,86.258,
1998-02-17,87.909,
1998-02-18,87.909,
1998-02-19,87.909,
1998-02-20,89.586,
1998-02-21,87.909,
1998-02-22,92.913,
1998-02-23,94.564,
1998-02-24,96.266,
1998-02-25,96.266,
1998-02-26,96.266,
1998-02-27,96.215,
1998-02-28,96.215,
1998-03-01,96.215,
1998-03-02,96.215,
1998-03-03,94.564,
1998-03-04,94.564,
1998-03-05,94.488,
1998-03-06,94.488,
1998-03-07,94.488,
1998-03-08,94.564,
1998-03-09,94.564,
1998-03-10,94.564,
1998-03-11,94.564,
1998-03-12,94.564,
1998-03-13,94.564,
1998-03-14,94.564,
1998-03-15,94.564,
1998-03-16,94.564,
1998-03-17,94.564,
1998-03-18,94.564,
1998-03-19,94.564,
1998-03-20,92.913,
1998-03-21,92.913,
1998-03-22,92.913,
1998-03-23,92.913,
1998-03-24,94.564,
1998-03-25,101.194,
1998-03-26,104.521,
1998-03-27,104.521,
1998-03-28,107.848,
1998-03-29,107.848,
1998-03-30,107.848,
1998-03-31,107.848,
1998-04-01,109.499,
1998-04-02,109.499,
1998-04-03,109.499,
1998-04-04,111.15,
1998-04-05,111.15,
1998-04-06,111.15,
1998-04-07,111.15,
1998-04-08,111.15,
1998-04-09,111.15,
1998-04-10,111.15,
1998-04-11,111.15,
1998-04-12,111.15,
1998-04-13,111.15,
1998-04-14,111.15,
1998-04-15,111.15,
1998-04-16,111.15,
1998-04-17,111.15,
1998-04-18,109.474,
1998-04-19,109.474,
1998-04-20,109.474,
1998-04-21,107.95,
1998-04-22,107.95,
1998-04-23,107.95,
1998-04-24,105.918,
1998-04-25,105.918,
1998-04-26,104.648,
1998-04-27,104.648,
1998-04-28,102.87,
1998-04-29,102.87,
1998-04-30,101.092,
1998-05-01,101.092,
1998-05-02,101.194,
1998-05-03,101.092,
1998-05-04,102.87,
1998-05-05,102.87,
1998-05-06,102.87,
1998-05-07,104.521,
1998-05-08,104.648,
1998-05-09,104.648,
1998-05-10,104.648,
1998-05-11,104.521,
1998-05-12,106.172,
1998-05-13,106.172,
1998-05-14,106.172,
1998-05-15,106.172,
1998-05-16,106.172,
1998-05-17,106.172,
1998-05-18,104.14,
1998-05-19,104.14,
1998-05-20,102.362,
1998-05-21,102.108,
1998-05-22,101.854,
1998-05-23,101.6,
1998-05-24,101.346,
1998-05-25,101.092,
1998-05-26,100.838,
1998-05-27,100.584,
1998-05-28,100.33,
1998-05-29,100.076,
1998-05-30,99.822,
1998-05-31,99.568,
1998-06-01,99.314,
1998-06-02,99.06,
1998-06-03,98.806,
1998-06-04,98.552,
1998-06-05,98.298,
1998-06-06,98.044,
1998-06-07,97.79,
1998-06-08,97.536,
1998-06-09,97.282,
1998-06-10,97.028,
1998-06-11,96.774,
1998-06-12,94.488,
1998-06-13,92.964,
1998-06-14,91.186,
1998-06-15,,
1998-06-16,,
1998-06-17,,
1998-06-18,,
1998-06-19,,
1998-06-20,,
1998-06-21,,
1998-06-22,,
1998-06-23,,
1998-06-24,,
1998-06-25,,
1998-06-26,,
1998-06-27,,
1998-06-28,,
1998-06-29,,
1998-06-30,,
1998-07-01,,
1998-07-02,,
1998-07-03,,
1998-07-04,,
1998-07-05,,
1998-07-06,,
1998-07-07,,
1998-07-08,,
1998-07-09,,
1998-07-10,,
1998-07-11,,
1998-07-12,,
1998-07-13,,
1998-07-14,,
1998-07-15,,
1998-07-16,,
1998-07-17,,
1998-07-18,,
1998-07-19,,
1998-07-20,,
1998-07-21,,
1998-07-22,,
1998-07-23,,
1998-07-24,,
1998-07-25,,
1998-07-26,,
1998-07-27,,
1998-07-28,0.0,
1998-07-29,0.0,
1998-07-30,0.0,
1998-07-31,0.0,
1998-08-01,0.0,
1998-08-02,0.0,
1998-08-03,0.0,
1998-08-04,0.0,
1998-08-05,0.0,
1998-08-06,0.0,
1998-08-07,0.0,
1998-08-08,0.0,
1998-08-09,0.0,
1998-08-10,0.0,
1998-08-11,0.0,
1998-08-12,0.0,
1998-08-13,0.0,
1998-08-14,0.0,
1998-08-15,0.0,
1998-08-16,0.0,
1998-08-17,0.0,
1998-08-18,0.0,
1998-08-19,0.0,
1998-08-20,0.0,
1998-08-21,0.0,
1998-08-22,0.0,
1998-08-23,0.0,
1998-08-24,0.0,
1998-08-25,0.0,
1998-08-26,0.0,
1998-08-27,0.0,
1998-08-28,0.0,
1998-08-29,0.0,
1998-08-30,0.0,
1998-08-31,0.0,
1998-09-01,0.0,
1998-09-02,0.0,
1998-09-03,0.0,
1998-09-04,0.0,
1998-09-05,0.0,
1998-09-06,0.0,
1998-09-07,0.0,
1998-09-08,0.0,
1998-09-09,0.0,
1998-09-10,0.0,
1998-09-11,0.0,
1998-09-12,0.0,
1998-09-13,0.0,
1998-09-14,0.0,
1998-09-15,0.0,
1998-09-16,0.0,
1998-09-17,0.0,
1998-09-18,0.0,
1998-09-19,0.0,
1998-09-20,0.0,
1998-09-21,0.0,
1998-09-22,0.0,
1998-09-23,0.0,
1998-09-24,0.0,
1998-09-25,0.0,
1998-09-26,0.0,
1998-09-27,0.0,
1998-09-28,0.0,
1998-09-29,0.0,
1998-09-30,0.0,
1998-10-01,0.0,
1998-10-02,0.0,
1998-10-03,0.0,
1998-10-04,0.0,
1998-10-05,0.0,
1998-10-06,0.0,
1998-10-07,0.0,
1998-10-08,0.0,
1998-10-09,0.0,
1998-10-10,0.0,
1998-10-11,0.0,
1998-10-12,0.0,
1998-10-13,0.0,
1998-10-14,0.0,
1998-10-15,0.0,
1998-10-16,0.0,
1998-10-17,0.0,
1998-10-18,0.0,
1998-10-19,0.0,
1998-10-20,0.0,
1998-10-21,0.0,
1998-10-22,0.0,
1998-10-23,0.0,
1998-10-24,0.0,
1998-10-25,0.0,
1998-10-26,0.0,
1998-10-27,0.0,
1998-10-28,0.0,
1998-10-29,0.0,
1998-10-30,0.0,
1998-10-31,0.0,
1998-11-01,0.0,
1998-11-02,0.0,
1998-11-03,0.0,
1998-11-04,0.0,
1998-11-05,0.0,
1998-11-06,0.0,
1998-11-07,0.0,
1998-11-08,3.251,
1998-11-09,3.251,
1998-11-10,3.251,
1998-11-11,3.251,
1998-11-12,3.302,
1998-11-13,4.928,
1998-11-14,4.928,
1998-11-15,4.928,
1998-11-16,4.928,
1998-11-17,4.928,
1998-11-18,4.928,
1998-11-19,4.928,
1998-11-20,4.928,
1998-11-21,4.928,
1998-11-22,4.928,
1998-11-23,4.928,
1998-11-24,8.23,
1998-11-25,8.23,
1998-11-26,8.23,
1998-11-27,8.23,
1998-11-28,11.557,
1998-11-29,11.557,
1998-11-30,13.208,
1998-12-01,19.863,
1998-12-02,19.863,
1998-12-03,19.863,
1998-12-04,21.514,
1998-12-05,21.514,
1998-12-06,21.59,
1998-12-07,21.514,
1998-12-08,21.514,
1998-12-09,21.59,
1998-12-10,21.514,
1998-12-11,21.514,
1998-12-12,21.514,
1998-12-13,21.514,
1998-12-14,21.514,
1998-12-15,21.514,
1998-12-16,21.514,
1998-12-17,21.514,
1998-12-18,21.514,
1998-12-19,21.514,
1998-12-20,21.514,
1998-12-21,21.59,
1998-12-22,21.59,
1998-12-23,21.514,
1998-12-24,19.812,
1998-12-25,19.863,
1998-12-26,19.863,
1998-12-27,19.863,
1998-12-28,19.863,
1998-12-29,19.863,
1998-12-30,19.863,
1998-12-31,19.863,
1999-01-01,19.863,
1999-01-02,19.863,
1999-01-03,19.863,
1999-01-04,19.812,
1999-01-05,19.812,
1999-01-06,19.863,
1999-01-07,19.863,
1999-01-08,18.288,
1999-01-09,18.186,
1999-01-10,18.186,
1999-01-11,18.186,
1999-01-12,18.186,
1999-01-13,18.186,
1999-01-14,18.186,
1999-01-15,18.186,
1999-01-16,19.863,
1999-01-17,19.863,
1999-01-18,21.514,
1999-01-19,28.169,
1999-01-20,31.471,
1999-01-21,33.147,
1999-01-22,33.147,
1999-01-23,34.798,
1999-01-24,39.776,
1999-01-25,41.427,
1999-01-26,41.427,
1999-01-27,43.104,
1999-01-28,43.104,
1999-01-29,43.104,
1999-01-30,43.104,
1999-01-31,43.104,
1999-02-01,44.755,
1999-02-02,44.755,
1999-02-03,44.755,
1999-02-04,44.755,
1999-02-05,44.755,
1999-02-06,44.755,
1999-02-07,44.755,
1999-02-08,51.41,
1999-02-09,58.039,
1999-02-10,64.668,
1999-02-11,66.345,
1999-02-12,66.345,
1999-02-13,66.345,
1999-02-14,67.996,
1999-02-15,67.996,
1999-02-16,67.996,
1999-02-17,67.996,
1999-02-18,67.996,
1999-02-19,67.996,
1999-02-20,67.996,
1999-02-21,71.374,
1999-02-22,71.323,
1999-02-23,71.374,
1999-02-24,71.374,
1999-02-25,71.374,
1999-02-26,71.374,
1999-02-27,71.323,
1999-02-28,71.323,
1999-03-01,71.323,
1999-03-02,71.323,
1999-03-03,71.323,
1999-03-04,71.323,
1999-03-05,71.323,
1999-03-06,71.323,
1999-03-07,71.323,
1999-03-08,71.374,
1999-03-09,72.974,
1999-03-10,74.651,
1999-03-11,74.651,
1999-03-12,74.651,
1999-03-13,74.651,
1999-03-14,74.651,
1999-03-15,74.651,
1999-03-16,74.651,
1999-03-17,74.651,
1999-03-18,74.651,
1999-03-19,74.651,
1999-03-20,74.676,
1999-03-21,74.676,
1999-03-22,74.651,
1999-03-23,76.302,
1999-03-24,76.302,
1999-03-25,76.302,
1999-03-26,76.302,
1999-03-27,74.651,
1999-03-28,74.651,
1999-03-29,74.651,
1999-03-30,74.651,
1999-03-31,74.676,
1999-04-01,74.676,
1999-04-02,74.651,
1999-04-03,74.651,
1999-04-04,76.302,
1999-04-05,76.302,
1999-04-06,79.629,
1999-04-07,79.629,
1999-04-08,79.629,
1999-04-09,81.28,
1999-04-10,82.931,
1999-04-11,83.058,
1999-04-12,83.058,
1999-04-13,82.931,
1999-04-14,82.931,
1999-04-15,82.931,
1999-04-16,82.931,
1999-04-17,82.931,
1999-04-18,81.28,
1999-04-19,81.28,
1999-04-20,79.756,
1999-04-21,79.756,
1999-04-22,77.978,
1999-04-23,77.953,
1999-04-24,77.953,
1999-04-25,76.302,
1999-04-26,74.651,
1999-04-27,74.651,
1999-04-28,74.676,
1999-04-29,74.651,
1999-04-30,74.651,
1999-05-01,74.651,
1999-05-02,72.974,
1999-05-03,72.974,
1999-05-04,72.974,
1999-05-05,72.898,
1999-05-06,71.374,
1999-05-07,71.374,
1999-05-08,69.596,
1999-05-09,69.596,
1999-05-10,69.672,
1999-05-11,69.596,
1999-05-12,69.672,
1999-05-13,69.672,
1999-05-14,69.672,
1999-05-15,69.672,
1999-05-16,67.996,
1999-05-17,66.345,
1999-05-18,66.345,
1999-05-19,64.668,
1999-05-20,63.017,
1999-05-21,61.366,
1999-05-22,59.69,
1999-05-23,59.69,
1999-05-24,58.039,
1999-05-25,56.388,
1999-05-26,53.34,
1999-05-27,51.41,
1999-05-28,49.733,
1999-05-29,48.082,
1999-05-30,44.755,
1999-05-31,43.104,
1999-06-01,41.427,
1999-06-02,39.776,
1999-06-03,39.776,
1999-06-04,41.427,
1999-06-05,41.427,
1999-06-06,39.776,
1999-06-07,38.125,
1999-06-08,36.449,
1999-06-09,34.798,
1999-06-10,33.147,
1999-06-11,31.471,
1999-06-12,29.82,
1999-06-13,26.492,
1999-06-14,24.841,
1999-06-15,21.514,
1999-06-16,18.186,
1999-06-17,16.535,
1999-06-18,11.557,
1999-06-19,8.23,
1999-06-20,3.81,
1999-06-21,0.0,
1999-06-22,0.0,
1999-06-23,0.0,
1999-06-24,0.0,
1999-06-25,0.0,
1999-06-26,0.0,
1999-06-27,0.0,
1999-06-28,0.0,
1999-06-29,0.0,
1999-06-30,0.0,
1999-07-01,0.0,
1999-07-02,0.0,
1999-07-03,0.0,
1999-07-04,0.0,
1999-07-05,0.0,
1999-07-06,0.0,
1999-07-07,0.0,
1999-07-08,0.0,
1999-07-09,0.0,
1999-07-10,0.0,
1999-07-11,0.0,
1999-07-12,0.0,
1999-07-13,0.0,
1999-07-14,0.0,
1999-07-15,0.0,
1999-07-16,0.0,
1999-07-17,0.0,
1999-07-18,0.0,
1999-07-19,0.0,
1999-07-20,0.0,
1999-07-21,0.0,
1999-07-22,0.0,
1999-07-23,0.0,
1999-07-24,0.0,
1999-07-25,0.0,
1999-07-26,0.0,
1999-07-27,0.0,
1999-07-28,0.0,
1999-07-29,0.0,
1999-07-30,0.0,
1999-07-31,0.0,
1999-08-01,0.0,
1999-08-02,0.0,
1999-08-03,0.0,
1999-08-04,0.0,
1999-08-05,0.0,
1999-08-06,0.0,
1999-08-07,0.0,
1999-08-08,0.0,
1999-08-09,0.0,
1999-08-10,0.0,
1999-08-11,0.0,
1999-08-12,0.0,
1999-08-13,0.0,
1999-08-14,0.0,
1999-08-15,0.0,
1999-08-16,0.0,
1999-08-17,0.0,
1999-08-18,0.0,
1999-08-19,0.0,
1999-08-20,0.0,
1999-08-21,0.0,
1999-08-22,0.0,
1999-08-23,0.0,
1999-08-24,0.0,
1999-08-25,0.0,
1999-08-26,0.0,
1999-08-27,0.0,
1999-08-28,0.0,
1999-08-29,0.0,
1999-08-30,0.0,
1999-08-31,0.0,
1999-09-01,0.0,
1999-09-02,0.0,
1999-09-03,0.0,
1999-09-04,0.0,
1999-09-05,0.0,
1999-09-06,0.0,
1999-09-07,0.0,
1999-09-08,0.0,
1999-09-09,0.0,
1999-09-10,0.0,
1999-09-11,0.0,
1999-09-12,0.0,
1999-09-13,0.0,
1999-09-14,0.0,
1999-09-15,0.0,
1999-09-16,0.0,
1999-09-17,0.0,
1999-09-18,0.0,
1999-09-19,0.0,
1999-09-20,0.0,
1999-09-21,0.0,
1999-09-22,0.0,
1999-09-23,0.0,
1999-09-24,0.0,
1999-09-25,0.0,
1999-09-26,0.0,
1999-09-27,0.0,
1999-09-28,0.0,
1999-09-29,0.0,
1999-09-30,0.0,
1999-10-01,0.0,
1999-10-02,0.0,
1999-10-03,0.0,
1999-10-04,0.0,
1999-10-05,0.0,
1999-10-06,0.0,
1999-10-07,0.0,
1999-10-08,0.0,
1999-10-09,0.0,
1999-10-10,0.0,
1999-10-11,0.0,
1999-10-12,0.0,
1999-10-13,0.0,
1999-10-14,0.0,
1999-10-15,0.0,
1999-10-16,0.0,
1999-10-17,0.0,
1999-10-18,0.0,
1999-10-19,0.0,
1999-10-20,0.0,
1999-10-21,0.0,
1999-10-22,0.0,
1999-10-23,0.0,
1999-10-24,0.0,
1999-10-25,0.0,
1999-10-26,0.0,
1999-10-27,0.0,
1999-10-28,0.0,
1999-10-29,0.0,
1999-10-30,0.0,
1999-10-31,0.0,
1999-11-01,0.0,
1999-11-02,0.0,
1999-11-03,0.0,
1999-11-04,0.0,
1999-11-05,0.0,
1999-11-06,0.0,
1999-11-07,0.0,
1999-11-08,0.0,
1999-11-09,0.0,
1999-11-10,0.0,
1999-11-11,0.0,
1999-11-12,0.0,
1999-11-13,0.0,
1999-11-14,0.0,
1999-11-15,0.0,
1999-11-16,0.0,
1999-11-17,0.0,
1999-11-18,0.0,
1999-11-19,0.0,
1999-11-20,0.711,
1999-11-21,0.711,
1999-11-22,0.711,
1999-11-23,0.711,
1999-11-24,0.711,
1999-11-25,0.711,
1999-11-26,0.711,
1999-11-27,0.711,
1999-11-28,0.711,
1999-11-29,0.711,
1999-11-30,0.711,
1999-12-01,0.711,
1999-12-02,0.711,
1999-12-03,0.711,
1999-12-04,0.0,
1999-12-05,0.0,
1999-12-06,0.0,
1999-12-07,0.0,
1999-12-08,0.0,
1999-12-09,0.0,
1999-12-10,0.0,
1999-12-11,0.0,
1999-12-12,0.0,
1999-12-13,0.0,
1999-12-14,0.0,
1999-12-15,0.0,
1999-12-16,0.0,
1999-12-17,0.0,
1999-12-18,0.0,
1999-12-19,0.0,
1999-12-20,0.0,
1999-12-21,0.0,
1999-12-22,0.0,
1999-12-23,0.0,
1999-12-24,0.0,
1999-12-25,0.0,
1999-12-26,0.0,
1999-12-27,0.0,
1999-12-28,0.0,
1999-12-29,0.0,
1999-12-30,0.0,
1999-12-31,0.0,
2000-01-01,0.0,
2000-01-02,0.0,
2000-01-03,0.0,
2000-01-04,0.0,
2000-01-05,0.0,
2000-01-06,0.0,
2000-01-07,0.0,
2000-01-08,0.0,
2000-01-09,0.0,
2000-01-10,0.0,
2000-01-11,0.0,
2000-01-12,2.388,
2000-01-13,2.388,
2000-01-14,2.388,
2000-01-15,2.388,
2000-01-16,9.017,
2000-01-17,13.995,
2000-01-18,15.646,
2000-01-19,22.301,
2000-01-20,22.2,
2000-01-21,22.301,
2000-01-22,23.952,
2000-01-23,23.952,
2000-01-24,27.28,
2000-01-25,30.607,
2000-01-26,32.258,
2000-01-27,32.258,
2000-01-28,32.258,
2000-01-29,32.258,
2000-01-30,32.258,
2000-01-31,35.585,
2000-02-01,37.236,
2000-02-02,37.236,
2000-02-03,37.236,
2000-02-04,37.236,
2000-02-05,37.236,
2000-02-06,37.236,
2000-02-07,37.236,
2000-02-08,37.236,
2000-02-09,37.236,
2000-02-10,37.236,
2000-02-11,40.564,
2000-02-12,43.891,
2000-02-13,45.542,
2000-02-14,55.499,
2000-02-15,60.477,
2000-02-16,60.477,
2000-02-17,62.128,
2000-02-18,62.128,
2000-02-19,62.128,
2000-02-20,63.805,
2000-02-21,65.456,
2000-02-22,65.456,
2000-02-23,68.783,
2000-02-24,70.434,
2000-02-25,70.434,
2000-02-26,70.434,
2000-02-27,70.434,
2000-02-28,72.111,
2000-02-29,73.762,
2000-03-01,73.762,
2000-03-02,73.762,
2000-03-03,75.413,
2000-03-04,75.413,
2000-03-05,75.413,
2000-03-06,75.413,
2000-03-07,75.413,
2000-03-08,77.089,
2000-03-09,77.089,
2000-03-10,77.089,
2000-03-11,77.089,
2000-03-12,77.089,
2000-03-13,77.089,
2000-03-14,77.089,
2000-03-15,77.089,
2000-03-16,77.089,
2000-03-17,77.089,
2000-03-18,75.413,
2000-03-19,75.413,
2000-03-20,75.413,
2000-03-21,75.413,
2000-03-22,75.413,
2000-03-23,75.413,
2000-03-24,75.413,
2000-03-25,75.413,
2000-03-26,75.413,
2000-03-27,73.762,
2000-03-28,73.762,
2000-03-29,73.762,
2000-03-30,73.762,
2000-03-31,73.762,
2000-04-01,73.762,
2000-04-02,72.111,
2000-04-03,72.111,
2000-04-04,70.434,
2000-04-05,70.434,
2000-04-06,70.434,
2000-04-07,70.434,
2000-04-08,70.434,
2000-04-09,68.783,
2000-04-10,68.783,
2000-04-11,67.132,
2000-04-12,67.132,
2000-04-13,67.132,
2000-04-14,70.434,
2000-04-15,70.434,
2000-04-16,70.434,
2000-04-17,70.434,
2000-04-18,72.111,
2000-04-19,72.111,
2000-04-20,72.111,
2000-04-21,70.434,
2000-04-22,70.434,
2000-04-23,70.434,
2000-04-24,70.434,
2000-04-25,67.132,
2000-04-26,67.132,
2000-04-27,67.132,
2000-04-28,65.456,
2000-04-29,65.456,
2000-04-30,63.805,
2000-05-01,62.128,
2000-05-02,60.477,
2000-05-03,60.477,
2000-05-04,58.826,
2000-05-05,57.15,
2000-05-06,57.15,
2000-05-07,58.826,
2000-05-08,58.826,
2000-05-09,57.15,
2000-05-10,57.15,
2000-05-11,57.15,
2000-05-12,57.15,
2000-05-13,55.499,
2000-05-14,55.499,
2000-05-15,55.499,
2000-05-16,55.499,
2000-05-17,53.848,
2000-05-18,52.172,
2000-05-19,50.521,
2000-05-20,49.784,
2000-05-21,48.87,
2000-05-22,47.193,
2000-05-23,45.542,
2000-05-24,42.215,
2000-05-25,40.564,
2000-05-26,38.887,
2000-05-27,37.236,
2000-05-28,33.909,
2000-05-29,30.607,
2000-05-30,28.931,
2000-05-31,27.28,
2000-06-01,25.629,
2000-06-02,22.301,
2000-06-03,20.65,
2000-06-04,18.974,
2000-06-05,17.323,
2000-06-06,13.995,
2000-06-07,12.344,
2000-06-08,10.668,
2000-06-09,10.668,
2000-06-10,9.017,
2000-06-11,7.366,
2000-06-12,4.039,
2000-06-13,0.711,
2000-06-14,0.0,
2000-06-15,0.0,
2000-06-16,0.0,
2000-06-17,0.0,
2000-06-18,0.0,
2000-06-19,0.0,
2000-06-20,0.0,
2000-06-21,0.0,
2000-06-22,0.0,
2000-06-23,0.0,
2000-06-24,0.0,
2000-06-25,0.0,
2000-06-26,0.0,
2000-06-27,0.0,
2000-06-28,0.0,
2000-06-29,0.0,
2000-06-30,0.0,
2000-07-01,0.0,
2000-07-02,0.0,
2000-07-03,0.0,
2000-07-04,0.0,
2000-07-05,0.0,
2000-07-06,0.0,
2000-07-07,0.0,
2000-07-08,0.0,
2000-07-09,0.0,
2000-07-10,0.0,
2000-07-11,0.0,
2000-07-12,0.0,
2000-07-13,0.0,
2000-07-14,0.0,
2000-07-15,0.0,
2000-07-16,0.0,
2000-07-17,0.0,
2000-07-18,0.0,
2000-07-19,0.0,
2000-07-20,0.0,
2000-07-21,0.0,
2000-07-22,0.0,
2000-07-23,0.0,
2000-07-24,0.0,
2000-07-25,0.0,
2000-07-26,0.0,
2000-07-27,0.0,
2000-07-28,0.0,
2000-07-29,0.0,
2000-07-30,0.0,
2000-07-31,0.0,
2000-08-01,0.0,
2000-08-02,0.0,
2000-08-03,0.0,
2000-08-04,0.0,
2000-08-05,0.0,
2000-08-06,0.0,
2000-08-07,0.0,
2000-08-08,0.0,
2000-08-09,0.0,
2000-08-10,0.0,
2000-08-11,0.0,
2000-08-12,0.0,
2000-08-13,0.0,
2000-08-14,0.0,
2000-08-15,0.0,
2000-08-16,0.0,
2000-08-17,0.0,
2000-08-18,0.0,
2000-08-19,0.0,
2000-08-20,0.0,
2000-08-21,0.0,
2000-08-22,0.0,
2000-08-23,0.0,
2000-08-24,0.0,
2000-08-25,0.0,
2000-08-26,0.0,
2000-08-27,0.0,
2000-08-28,0.0,
2000-08-29,0.0,
2000-08-30,0.0,
2000-08-31,0.0,
2000-09-01,0.0,
2000-09-02,0.0,
2000-09-03,0.0,
2000-09-04,0.0,
2000-09-05,0.0,
2000-09-06,0.0,
2000-09-07,0.0,
2000-09-08,0.0,
2000-09-09,0.0,
2000-09-10,0.0,
2000-09-11,0.0,
2000-09-12,0.0,
2000-09-13,0.0,
2000-09-14,0.0,
2000-09-15,0.0,
2000-09-16,0.0,
2000-09-17,0.0,
2000-09-18,0.0,
2000-09-19,0.0,
2000-09-20,0.0,
2000-09-21,0.0,
2000-09-22,0.0,
2000-09-23,0.0,
2000-09-24,0.0,
2000-09-25,0.0,
2000-09-26,0.0,
2000-09-27,0.0,
2000-09-28,0.0,
2000-09-29,0.0,
2000-09-30,0.0,
2000-10-01,0.0,
2000-10-02,0.0,
2000-10-03,0.0,
2000-10-04,0.0,
2000-10-05,0.0,
2000-10-06,0.0,
2000-10-07,0.0,
2000-10-08,0.0,
2000-10-09,0.0,
2000-10-10,0.0,
2000-10-11,0.0,
2000-10-12,0.0,
2000-10-13,0.0,
2000-10-14,0.0,
2000-10-15,0.0,
2000-10-16,0.0,
2000-10-17,0.0,
2000-10-18,0.0,
2000-10-19,0.0,
2000-10-20,0.0,
2000-10-21,0.0,
2000-10-22,0.0,
2000-10-23,0.0,
2000-10-24,0.0,
2000-10-25,0.0,
2000-10-26,0.0,
2000-10-27,0.0,
2000-10-28,2.845,
2000-10-29,6.198,
2000-10-30,6.198,
2000-10-31,6.198,
2000-11-01,6.198,
2000-11-02,6.198,
2000-11-03,6.198,
2000-11-04,6.198,
2000-11-05,6.198,
2000-11-06,4.521,
2000-11-07,4.521,
2000-11-08,4.521,
2000-11-09,4.521,
2000-11-10,6.198,
2000-11-11,6.198,
2000-11-12,6.198,
2000-11-13,6.198,
2000-11-14,7.849,
2000-11-15,7.849,
2000-11-16,7.849,
2000-11-17,7.849,
2000-11-18,7.849,
2000-11-19,7.849,
2000-11-20,7.849,
2000-11-21,7.849,
2000-11-22,7.849,
2000-11-23,7.849,
2000-11-24,7.849,
2000-11-25,7.849,
2000-11-26,7.849,
2000-11-27,7.849,
2000-11-28,7.849,
2000-11-29,7.849,
2000-11-30,7.849,
2000-12-01,7.849,
2000-12-02,7.849,
2000-12-03,7.849,
2000-12-04,7.849,
2000-12-05,7.849,
2000-12-06,7.849,
2000-12-07,7.849,
2000-12-08,9.5,
2000-12-09,9.5,
2000-12-10,9.5,
2000-12-11,9.5,
2000-12-12,9.5,
2000-12-13,9.5,
2000-12-14,9.5,
2000-12-15,9.5,
2000-12-16,9.5,
2000-12-17,9.5,
2000-12-18,9.5,
2000-12-19,7.849,
2000-12-20,7.849,
2000-12-21,7.849,
2000-12-22,7.849,
2000-12-23,7.849,
2000-12-24,7.849,
2000-12-25,7.849,
2000-12-26,7.849,
2000-12-27,7.849,
2000-12-28,7.849,
2000-12-29,7.849,
2000-12-30,7.849,
2000-12-31,7.849,
2001-01-01,7.849,
2001-01-02,7.849,
2001-01-03,7.849,
2001-01-04,7.849,
2001-01-05,7.849,
2001-01-06,7.849,
2001-01-07,7.849,
2001-01-08,7.849,
2001-01-09,9.5,
2001-01-10,9.5,
2001-01-11,16.154,
2001-01-12,16.154,
2001-01-13,16.154,
2001-01-14,16.154,
2001-01-15,16.154,
2001-01-16,16.154,
2001-01-17,16.154,
2001-01-18,16.154,
2001-01-19,16.154,
2001-01-20,16.154,
2001-01-21,16.154,
2001-01-22,16.154,
2001-01-23,16.154,
2001-01-24,19.456,
2001-01-25,19.456,
2001-01-26,21.133,
2001-01-27,21.133,
2001-01-28,21.133,
2001-01-29,21.133,
2001-01-30,21.133,
2001-01-31,21.133,
2001-02-01,22.784,
2001-02-02,22.784,
2001-02-03,22.784,
2001-02-04,22.784,
2001-02-05,22.784,
2001-02-06,22.784,
2001-02-07,22.784,
2001-02-08,22.784,
2001-02-09,22.784,
2001-02-10,27.762,
2001-02-11,29.439,
2001-02-12,32.741,
2001-02-13,34.417,
2001-02-14,34.417,
2001-02-15,34.417,
2001-02-16,34.417,
2001-02-17,34.417,
2001-02-18,34.417,
2001-02-19,34.417,
2001-02-20,37.719,
2001-02-21,37.719,
2001-02-22,41.046,
2001-02-23,42.697,
2001-02-24,42.697,
2001-02-25,46.025,
2001-02-26,46.025,
2001-02-27,46.025,
2001-02-28,46.025,
2001-03-01,46.025,
2001-03-02,46.025,
2001-03-03,47.676,
2001-03-04,47.676,
2001-03-05,54.331,
2001-03-06,57.658,
2001-03-07,59.309,
2001-03-08,59.309,
2001-03-09,59.309,
2001-03-10,60.96,
2001-03-11,60.96,
2001-03-12,60.96,
2001-03-13,60.96,
2001-03-14,60.96,
2001-03-15,60.96,
2001-03-16,60.96,
2001-03-17,60.96,
2001-03-18,60.96,
2001-03-19,60.96,
2001-03-20,59.309,
2001-03-21,59.309,
2001-03-22,59.309,
2001-03-23,59.309,
2001-03-24,59.309,
2001-03-25,59.309,
2001-03-26,59.309,
2001-03-27,57.658,
2001-03-28,57.658,
2001-03-29,57.658,
2001-03-30,55.982,
2001-03-31,54.331,
2001-04-01,54.331,
2001-04-02,54.331,
2001-04-03,54.331,
2001-04-04,54.331,
2001-04-05,54.331,
2001-04-06,54.331,
2001-04-07,55.982,
2001-04-08,57.658,
2001-04-09,57.658,
2001-04-10,57.658,
2001-04-11,57.658,
2001-04-12,55.982,
2001-04-13,55.982,
2001-04-14,55.982,
2001-04-15,55.982,
2001-04-16,54.331,
2001-04-17,54.331,
2001-04-18,54.331,
2001-04-19,57.658,
2001-04-20,59.309,
2001-04-21,62.636,
2001-04-22,62.636,
2001-04-23,62.636,
2001-04-24,62.636,
2001-04-25,59.309,
2001-04-26,57.658,
2001-04-27,55.982,
2001-04-28,54.331,
2001-04-29,54.331,
2001-04-30,52.68,
2001-05-01,51.003,
2001-05-02,51.003,
2001-05-03,51.003,
2001-05-04,49.352,
2001-05-05,47.676,
2001-05-06,46.025,
2001-05-07,44.374,
2001-05-08,42.697,
2001-05-09,41.046,
2001-05-10,39.395,
2001-05-11,37.719,
2001-05-12,36.068,
2001-05-13,34.417,
2001-05-14,32.741,
2001-05-15,31.09,
2001-05-16,29.439,
2001-05-17,26.111,
2001-05-18,24.435,
2001-05-19,22.784,
2001-05-20,19.456,
2001-05-21,17.805,
2001-05-22,16.154,
2001-05-23,14.478,
2001-05-24,11.176,
2001-05-25,7.849,
2001-05-26,2.87,
2001-05-27,0.0,
2001-05-28,0.0,
2001-05-29,0.0,
2001-05-30,0.0,
2001-05-31,0.0,
2001-06-01,0.0,
2001-06-02,0.0,
2001-06-03,0.0,
2001-06-04,0.0,
2001-06-05,0.0,
2001-06-06,0.0,
2001-06-07,0.0,
2001-06-08,0.0,
2001-06-09,0.0,
2001-06-10,0.0,
2001-06-11,0.0,
2001-06-12,0.0,
2001-06-13,0.0,
2001-06-14,0.0,
2001-06-15,0.0,
2001-06-16,0.0,
2001-06-17,0.0,
2001-06-18,0.0,
2001-06-19,0.0,
2001-06-20,0.0,
2001-06-21,0.0,
2001-06-22,0.0,
2001-06-23,0.0,
2001-06-24,0.0,
2001-06-25,0.0,
2001-06-26,0.0,
2001-06-27,0.0,
2001-06-28,0.0,
2001-06-29,0.0,
2001-06-30,0.0,
2001-07-01,0.0,
2001-07-02,0.0,
2001-07-03,0.0,
2001-07-04,0.0,
2001-07-05,0.0,
2001-07-06,0.0,
2001-07-07,0.0,
2001-07-08,0.0,
2001-07-09,0.0,
2001-07-10,0.0,
2001-07-11,0.0,
2001-07-12,0.0,
2001-07-13,0.0,
2001-07-14,0.0,
2001-07-15,0.0,
2001-07-16,0.0,
2001-07-17,0.0,
2001-07-18,0.0,
2001-07-19,0.0,
2001-07-20,0.0,
2001-07-21,0.0,
2001-07-22,0.0,
2001-07-23,0.0,
2001-07-24,0.0,
2001-07-25,0.0,
2001-07-26,0.0,
2001-07-27,0.0,
2001-07-28,0.0,
2001-07-29,0.0,
2001-07-30,0.0,
2001-07-31,0.0,
2001-08-01,0.0,
2001-08-02,0.0,
2001-08-03,0.0,
2001-08-04,0.0,
2001-08-05,0.0,
2001-08-06,0.0,
2001-08-07,0.0,
2001-08-08,0.0,
2001-08-09,0.0,
2001-08-10,0.0,
2001-08-11,0.0,
2001-08-12,0.0,
2001-08-13,0.0,
2001-08-14,0.0,
2001-08-15,0.0,
2001-08-16,0.0,
2001-08-17,0.0,
2001-08-18,0.0,
2001-08-19,0.0,
2001-08-20,0.0,
2001-08-21,0.0,
2001-08-22,0.0,
2001-08-23,0.0,
2001-08-24,0.0,
2001-08-25,0.0,
2001-08-26,0.0,
2001-08-27,0.0,
2001-08-28,0.0,
2001-08-29,0.0,
2001-08-30,0.0,
2001-08-31,0.0,
2001-09-01,0.0,
2001-09-02,0.0,
2001-09-03,0.0,
2001-09-04,0.0,
2001-09-05,0.0,
2001-09-06,0.0,
2001-09-07,0.0,
2001-09-08,0.0,
2001-09-09,0.0,
2001-09-10,0.0,
2001-09-11,0.0,
2001-09-12,0.0,
2001-09-13,0.0,
2001-09-14,0.0,
2001-09-15,0.0,
2001-09-16,0.0,
2001-09-17,0.0,
2001-09-18,0.0,
2001-09-19,0.0,
2001-09-20,0.0,
2001-09-21,0.0,
2001-09-22,0.0,
2001-09-23,0.0,
2001-09-24,0.0,
2001-09-25,0.0,
2001-09-26,0.0,
2001-09-27,0.0,
2001-09-28,0.0,
2001-09-29,0.0,
2001-09-30,0.0,
2001-10-01,0.0,
2001-10-02,0.0,
2001-10-03,0.0,
2001-10-04,0.0,
2001-10-05,0.0,
2001-10-06,0.0,
2001-10-07,0.0,
2001-10-08,0.0,
2001-10-09,0.0,
2001-10-10,0.0,
2001-10-11,0.0,
2001-10-12,0.0,
2001-10-13,0.0,
2001-10-14,0.0,
2001-10-15,0.0,
2001-10-16,0.0,
2001-10-17,0.0,
2001-10-18,0.0,
2001-10-19,0.0,
2001-10-20,0.0,
2001-10-21,0.0,
2001-10-22,0.0,
2001-10-23,0.0,
2001-10-24,0.0,
2001-10-25,0.0,
2001-10-26,0.0,
2001-10-27,0.0,
2001-10-28,0.0,
2001-10-29,0.0,
2001-10-30,0.0,
2001-10-31,2.87,
2001-11-01,2.87,
2001-11-02,2.87,
2001-11-03,2.87,
2001-11-04,2.87,
2001-11-05,2.87,
2001-11-06,2.87,
2001-11-07,2.87,
2001-11-08,2.87,
2001-11-09,2.87,
2001-11-10,2.87,
2001-11-11,2.87,
2001-11-12,2.87,
2001-11-13,4.521,
2001-11-14,4.521,
2001-11-15,4.521,
2001-11-16,4.521,
2001-11-17,4.521,
2001-11-18,4.521,
2001-11-19,4.521,
2001-11-20,4.521,
2001-11-21,4.521,
2001-11-22,4.521,
2001-11-23,7.849,
2001-11-24,7.849,
2001-11-25,16.154,
2001-11-26,16.154,
2001-11-27,16.154,
2001-11-28,16.154,
2001-11-29,19.456,
2001-11-30,19.456,
2001-12-01,19.456,
2001-12-02,26.111,
2001-12-03,37.719,
2001-12-04,37.719,
2001-12-05,37.719,
2001-12-06,37.719,
2001-12-07,36.068,
2001-12-08,36.068,
2001-12-09,36.068,
2001-12-10,36.068,
2001-12-11,36.068,
2001-12-12,36.068,
2001-12-13,36.068,
2001-12-14,37.719,
2001-12-15,39.395,
2001-12-16,39.395,
2001-12-17,39.395,
2001-12-18,39.395,
2001-12-19,39.395,
2001-12-20,39.395,
2001-12-21,42.697,
2001-12-22,42.697,
2001-12-23,46.025,
2001-12-24,46.025,
2001-12-25,46.025,
2001-12-26,46.025,
2001-12-27,46.025,
2001-12-28,46.025,
2001-12-29,47.676,
2001-12-30,51.003,
2001-12-31,51.003,
2002-01-01,51.003,
2002-01-02,52.68,
2002-01-03,52.68,
2002-01-04,52.68,
2002-01-05,52.68,
2002-01-06,52.68,
2002-01-07,52.68,
2002-01-08,52.68,
2002-01-09,52.68,
2002-01-10,52.68,
2002-01-11,52.68,
2002-01-12,52.68,
2002-01-13,52.68,
2002-01-14,52.68,
2002-01-15,52.68,
2002-01-16,51.003,
2002-01-17,51.003,
2002-01-18,51.003,
2002-01-19,51.003,
2002-01-20,49.352,
2002-01-21,49.352,
2002-01-22,49.352,
2002-01-23,49.352,
2002-01-24,49.352,
2002-01-25,49.352,
2002-01-26,49.352,
2002-01-27,51.003,
2002-01-28,52.68,
2002-01-29,52.68,
2002-01-30,52.68,
2002-01-31,52.68,
2002-02-01,52.68,
2002-02-02,52.68,
2002-02-03,52.68,
2002-02-04,52.68,
2002-02-05,52.68,
2002-02-06,52.68,
2002-02-07,52.68,
2002-02-08,52.68,
2002-02-09,52.68,
2002-02-10,52.68,
2002-02-11,54.331,
2002-02-12,54.331,
2002-02-13,54.331,
2002-02-14,54.331,
2002-02-15,54.331,
2002-02-16,55.982,
2002-02-17,55.982,
2002-02-18,55.982,
2002-02-19,55.982,
2002-02-20,55.982,
2002-02-21,55.982,
2002-02-22,55.982,
2002-02-23,59.309,
2002-02-24,59.309,
2002-02-25,59.309,
2002-02-26,59.309,
2002-02-27,60.96,
2002-02-28,60.96,
2002-03-01,60.96,
2002-03-02,60.96,
2002-03-03,60.96,
2002-03-04,60.96,
2002-03-05,60.96,
2002-03-06,60.96,
2002-03-07,60.96,
2002-03-08,62.636,
2002-03-09,64.287,
2002-03-10,65.938,
2002-03-11,65.938,
2002-03-12,65.938,
2002-03-13,65.938,
2002-03-14,65.938,
2002-03-15,67.615,
2002-03-16,67.615,
2002-03-17,67.615,
2002-03-18,67.615,
2002-03-19,67.615,
2002-03-20,67.615,
2002-03-21,67.615,
2002-03-22,67.615,
2002-03-23,69.266,
2002-03-24,69.266,
2002-03-25,69.266,
2002-03-26,69.266,
2002-03-27,69.266,
2002-03-28,67.615,
2002-03-29,67.615,
2002-03-30,67.615,
2002-03-31,67.615,
2002-04-01,67.615,
2002-04-02,65.938,
2002-04-03,65.938,
2002-04-04,65.938,
2002-04-05,65.938,
2002-04-06,65.938,
2002-04-07,65.938,
2002-04-08,65.938,
2002-04-09,64.287,
2002-04-10,64.287,
2002-04-11,62.636,
2002-04-12,62.636,
2002-04-13,60.96,
2002-04-14,59.309,
2002-04-15,57.658,
2002-04-16,57.658,
2002-04-17,59.309,
2002-04-18,59.309,
2002-04-19,59.309,
2002-04-20,59.309,
2002-04-21,59.309,
2002-04-22,57.658,
2002-04-23,57.658,
2002-04-24,57.658,
2002-04-25,60.96,
2002-04-26,64.287,
2002-04-27,64.287,
2002-04-28,64.287,
2002-04-29,64.287,
2002-04-30,64.287,
2002-05-01,65.938,
2002-05-02,65.938,
2002-05-03,65.938,
2002-05-04,65.938,
2002-05-05,65.938,
2002-05-06,64.287,
2002-05-07,64.287,
2002-05-08,62.636,
2002-05-09,62.636,
2002-05-10,60.96,
2002-05-11,60.96,
2002-05-12,59.309,
2002-05-13,59.309,
2002-05-14,57.76,
2002-05-15,55.982,
2002-05-16,54.331,
2002-05-17,51.003,
2002-05-18,47.676,
2002-05-19,47.676,
2002-05-20,44.374,
2002-05-21,42.697,
2002-05-22,41.046,
2002-05-23,39.395,
2002-05-24,36.068,
2002-05-25,34.417,
2002-05-26,32.741,
2002-05-27,29.439,
2002-05-28,26.111,
2002-05-29,22.784,
2002-05-30,19.456,
2002-05-31,16.154,
2002-06-01,14.478,
2002-06-02,12.827,
2002-06-03,11.176,
2002-06-04,7.849,
2002-06-05,4.521,
2002-06-06,0.0,
2002-06-07,0.0,
2002-06-08,0.0,
2002-06-09,0.0,
2002-06-10,0.0,
2002-06-11,0.0,
2002-06-12,0.0,
2002-06-13,0.0,
2002-06-14,0.0,
2002-06-15,0.0,
2002-06-16,0.0,
2002-06-17,0.0,
2002-06-18,0.0,
2002-06-19,0.0,
2002-06-20,0.0,
2002-06-21,0.0,
2002-06-22,0.0,
2002-06-23,0.0,
2002-06-24,0.0,
2002-06-25,0.0,
2002-06-26,0.0,
2002-06-27,0.0,
2002-06-28,0.0,
2002-06-29,0.0,
2002-06-30,0.0,
2002-07-01,0.0,
2002-07-02,0.0,
2002-07-03,0.0,
2002-07-04,0.0,
2002-07-05,0.0,
2002-07-06,0.0,
2002-07-07,0.0,
2002-07-08,0.0,
2002-07-09,0.0,
2002-07-10,0.0,
2002-07-11,0.0,
2002-07-12,0.0,
2002-07-13,0.0,
2002-07-14,0.0,
2002-07-15,0.0,
2002-07-16,0.0,
2002-07-17,0.0,
2002-07-18,0.0,
2002-07-19,0.0,
2002-07-20,0.0,
2002-07-21,0.0,
2002-07-22,0.0,
2002-07-23,0.0,
2002-07-24,0.0,
2002-07-25,0.0,
2002-07-26,0.0,
2002-07-27,0.0,
2002-07-28,0.0,
2002-07-29,0.0,
2002-07-30,0.0,
2002-07-31,0.0,
2002-08-01,0.0,
2002-08-02,0.0,
2002-08-03,0.0,
2002-08-04,0.0,
2002-08-05,0.0,
2002-08-06,0.0,
2002-08-07,0.0,
2002-08-08,0.0,
2002-08-09,0.0,
2002-08-10,0.0,
2002-08-11,0.0,
2002-08-12,0.0,
2002-08-13,0.0,
2002-08-14,0.0,
2002-08-15,0.0,
2002-08-16,0.0,
2002-08-17,0.0,
2002-08-18,0.0,
2002-08-19,0.0,
2002-08-20,0.0,
2002-08-21,0.0,
2002-08-22,0.0,
2002-08-23,0.0,
2002-08-24,0.0,
2002-08-25,0.0,
2002-08-26,0.0,
2002-08-27,0.0,
2002-08-28,0.0,
2002-08-29,0.0,
2002-08-30,0.0,
2002-08-31,0.0,
2002-09-01,0.0,
2002-09-02,0.0,
2002-09-03,0.0,
2002-09-04,0.0,
2002-09-05,0.0,
2002-09-06,0.0,
2002-09-07,0.0,
2002-09-08,0.0,
2002-09-09,0.0,
2002-09-10,0.0,
2002-09-11,0.0,
2002-09-12,0.0,
2002-09-13,0.0,
2002-09-14,0.0,
2002-09-15,0.0,
2002-09-16,0.0,
2002-09-17,0.0,
2002-09-18,0.0,
2002-09-19,0.0,
2002-09-20,0.0,
2002-09-21,0.0,
2002-09-22,0.0,
2002-09-23,0.0,
2002-09-24,0.0,
2002-09-25,0.0,
2002-09-26,0.0,
2002-09-27,0.0,
2002-09-28,0.0,
2002-09-29,0.0,
2002-09-30,0.0,
2002-10-01,0.0,
2002-10-02,0.0,
2002-10-03,0.0,
2002-10-04,0.0,
2002-10-05,0.0,
2002-10-06,0.0,
2002-10-07,0.0,
2002-10-08,0.0,
2002-10-09,0.0,
2002-10-10,0.0,
2002-10-11,0.0,
2002-10-12,0.0,
2002-10-13,0.0,
2002-10-14,0.0,
2002-10-15,0.0,
2002-10-16,0.0,
2002-10-17,0.0,
2002-10-18,0.0,
2002-10-19,0.0,
2002-10-20,0.0,
2002-10-21,0.0,
2002-10-22,0.0,
2002-10-23,0.0,
2002-10-24,0.0,
2002-10-25,0.0,
2002-10-26,0.0,
2002-10-27,0.0,
2002-10-28,0.0,
2002-10-29,0.0,
2002-10-30,0.0,
2002-10-31,0.0,
2002-11-01,0.0,
2002-11-02,0.0,
2002-11-03,0.0,
2002-11-04,0.0,
2002-11-05,0.0,
2002-11-06,0.0,
2002-11-07,1.549,
2002-11-08,11.659,
2002-11-09,23.8,
2002-11-10,24.943,
2002-11-11,23.749,
2002-11-12,23.774,
2002-11-13,23.47,
2002-11-14,23.495,
2002-11-15,23.495,
2002-11-16,23.495,
2002-11-17,23.419,
2002-11-18,23.495,
2002-11-19,23.52,
2002-11-20,23.52,
2002-11-21,23.546,
2002-11-22,23.546,
2002-11-23,23.647,
2002-11-24,23.876,
2002-11-25,23.978,
2002-11-26,23.901,
2002-11-27,23.698,
2002-11-28,23.749,
2002-11-29,23.622,
2002-11-30,23.622,
2002-12-01,23.774,
2002-12-02,23.8,
2002-12-03,23.825,
2002-12-04,23.825,
2002-12-05,23.825,
2002-12-06,23.8,
2002-12-07,23.825,
2002-12-08,23.851,
2002-12-09,23.749,
2002-12-10,23.698,
2002-12-11,23.343,
2002-12-12,23.266,
2002-12-13,23.089,
2002-12-14,23.825,
2002-12-15,30.759,
2002-12-16,32.233,
2002-12-17,43.231,
2002-12-18,44.399,
2002-12-19,44.044,
2002-12-20,48.895,
2002-12-21,48.87,
2002-12-22,49.022,
2002-12-23,49.479,
2002-12-24,49.581,
2002-12-25,49.632,
2002-12-26,49.606,
2002-12-27,49.53,
2002-12-28,49.454,
2002-12-29,53.34,
2002-12-30,53.848,
2002-12-31,57.15,
2003-01-01,57.201,
2003-01-02,57.328,
2003-01-03,57.455,
2003-01-04,57.582,
2003-01-05,57.683,
2003-01-06,57.429,
2003-01-07,57.429,
2003-01-08,57.48,
2003-01-09,57.709,
2003-01-10,58.877,
2003-01-11,59.969,
2003-01-12,60.249,
2003-01-13,60.325,
2003-01-14,60.477,
2003-01-15,60.63,
2003-01-16,60.731,
2003-01-17,60.935,
2003-01-18,61.112,
2003-01-19,61.265,
2003-01-20,61.392,
2003-01-21,61.544,
2003-01-22,61.646,
2003-01-23,61.824,
2003-01-24,61.849,
2003-01-25,62.052,
2003-01-26,62.205,
2003-01-27,62.281,
2003-01-28,62.916,
2003-01-29,62.916,
2003-01-30,62.916,
2003-01-31,62.916,
2003-02-01,62.967,
2003-02-02,63.551,
2003-02-03,63.297,
2003-02-04,63.475,
2003-02-05,63.525,
2003-02-06,63.576,
2003-02-07,63.373,
2003-02-08,63.5,
2003-02-09,63.449,
2003-02-10,63.348,
2003-02-11,63.398,
2003-02-12,63.475,
2003-02-13,64.567,
2003-02-14,65.608,
2003-02-15,65.634,
2003-02-16,67.005,
2003-02-17,68.707,
2003-02-18,68.682,
2003-02-19,68.605,
2003-02-20,69.291,
2003-02-21,69.367,
2003-02-22,69.393,
2003-02-23,69.342,
2003-02-24,69.342,
2003-02-25,70.129,
2003-02-26,70.129,
2003-02-27,70.104,
2003-02-28,70.079,
2003-03-01,70.129,
2003-03-02,70.333,
2003-03-03,70.358,
2003-03-04,70.51,
2003-03-05,70.536,
2003-03-06,70.663,
2003-03-07,70.764,
2003-03-08,70.663,
2003-03-09,70.866,
2003-03-10,70.79,
2003-03-11,70.866,
2003-03-12,70.866,
2003-03-13,70.866,
2003-03-14,70.866,
2003-03-15,74.295,
2003-03-16,79.781,
2003-03-17,80.543,
2003-03-18,80.772,
2003-03-19,80.772,
2003-03-20,80.95,
2003-03-21,80.874,
2003-03-22,80.772,
2003-03-23,80.772,
2003-03-24,80.874,
2003-03-25,80.518,
2003-03-26,80.137,
2003-03-27,80.137,
2003-03-28,80.137,
2003-03-29,80.442,
2003-03-30,78.74,
2003-03-31,77.216,
2003-04-01,77.216,
2003-04-02,79.858,
2003-04-03,82.347,
2003-04-04,82.22,
2003-04-05,83.363,
2003-04-06,83.16,
2003-04-07,82.906,
2003-04-08,82.601,
2003-04-09,82.296,
2003-04-10,81.991,
2003-04-11,82.042,
2003-04-12,81.788,
2003-04-13,81.712,
2003-04-14,86.487,
2003-04-15,88.341,
2003-04-16,88.113,
2003-04-17,88.392,
2003-04-18,88.443,
2003-04-19,88.57,
2003-04-20,88.57,
2003-04-21,88.697,
2003-04-22,90.348,
2003-04-23,90.576,
2003-04-24,90.475,
2003-04-25,90.703,
2003-04-26,90.856,
2003-04-27,90.78,
2003-04-28,91.338,
2003-04-29,93.675,
2003-04-30,94.056,
2003-05-01,94.107,
2003-05-02,94.158,
2003-05-03,95.072,
2003-05-04,96.291,
2003-05-05,96.164,
2003-05-06,96.19,
2003-05-07,97.003,
2003-05-08,97.003,
2003-05-09,98.4,
2003-05-10,98.552,
2003-05-11,98.552,
2003-05-12,98.552,
2003-05-13,98.552,
2003-05-14,98.298,
2003-05-15,98.044,
2003-05-16,97.765,
2003-05-17,96.647,
2003-05-18,96.774,
2003-05-19,95.733,
2003-05-20,94.869,
2003-05-21,93.218,
2003-05-22,91.237,
2003-05-23,88.468,
2003-05-24,86.106,
2003-05-25,83.718,
2003-05-26,80.543,
2003-05-27,77.749,
2003-05-28,73.711,
2003-05-29,68.504,
2003-05-30,63.83,
2003-05-31,59.36,
2003-06-01,55.778,
2003-06-02,51.867,
2003-06-03,47.396,
2003-06-04,43.18,
2003-06-05,39.192,
2003-06-06,35.128,
2003-06-07,29.718,
2003-06-08,24.46,
2003-06-09,19.71,
2003-06-10,14.275,
2003-06-11,9.728,
2003-06-12,6.807,
2003-06-13,4.343,
2003-06-14,0.0,
2003-06-15,0.0,
2003-06-16,0.0,
2003-06-17,0.0,
2003-06-18,0.0,
2003-06-19,0.0,
2003-06-20,0.0,
2003-06-21,0.0,
2003-06-22,0.0,
2003-06-23,0.0,
2003-06-24,0.0,
2003-06-25,0.0,
2003-06-26,0.0,
2003-06-27,0.0,
2003-06-28,0.0,
2003-06-29,0.0,
2003-06-30,0.0,
2003-07-01,0.0,
2003-07-02,0.0,
2003-07-03,0.0,
2003-07-04,0.0,
2003-07-05,0.0,
2003-07-06,0.0,
2003-07-07,0.0,
2003-07-08,0.0,
2003-07-09,0.0,
2003-07-10,0.0,
2003-07-11,0.0,
2003-07-12,0.0,
2003-07-13,0.0,
2003-07-14,0.0,
2003-07-15,0.0,
2003-07-16,0.0,
2003-07-17,0.0,
2003-07-18,0.0,
2003-07-19,0.0,
2003-07-20,0.0,
2003-07-21,0.0,
2003-07-22,0.0,
2003-07-23,0.0,
2003-07-24,0.0,
2003-07-25,0.0,
2003-07-26,0.0,
2003-07-27,0.0,
2003-07-28,0.0,
2003-07-29,0.0,
2003-07-30,0.0,
2003-07-31,0.0,
2003-08-01,0.0,
2003-08-02,0.0,
2003-08-03,0.0,
2003-08-04,0.0,
2003-08-05,0.0,
2003-08-06,0.0,
2003-08-07,0.0,
2003-08-08,0.0,
2003-08-09,0.0,
2003-08-10,0.0,
2003-08-11,0.0,
2003-08-12,0.0,
2003-08-13,0.0,
2003-08-14,0.0,
2003-08-15,0.0,
2003-08-16,0.0,
2003-08-17,0.0,
2003-08-18,0.0,
2003-08-19,0.0,
2003-08-20,0.0,
2003-08-21,0.0,
2003-08-22,0.0,
2003-08-23,0.0,
2003-08-24,0.0,
2003-08-25,0.0,
2003-08-26,0.0,
2003-08-27,0.0,
2003-08-28,0.0,
2003-08-29,0.0,
2003-08-30,0.0,
2003-08-31,0.0,
2003-09-01,0.0,
2003-09-02,0.0,
2003-09-03,0.0,
2003-09-04,0.0,
2003-09-05,0.0,
2003-09-06,0.0,
2003-09-07,0.0,
2003-09-08,0.0,
2003-09-09,0.0,
2003-09-10,0.0,
2003-09-11,0.0,
2003-09-12,0.0,
2003-09-13,0.0,
2003-09-14,0.0,
2003-09-15,0.0,
2003-09-16,0.0,
2003-09-17,0.0,
2003-09-18,0.0,
2003-09-19,0.0,
2003-09-20,0.0,
2003-09-21,0.0,
2003-09-22,0.0,
2003-09-23,0.0,
2003-09-24,0.0,
2003-09-25,0.0,
2003-09-26,0.0,
2003-09-27,0.0,
2003-09-28,0.0,
2003-09-29,0.0,
2003-09-30,0.0,
2003-10-01,0.0,
2003-10-02,0.0,
2003-10-03,0.0,
2003-10-04,0.0,
2003-10-05,0.0,
2003-10-06,0.0,
2003-10-07,0.0,
2003-10-08,0.0,
2003-10-09,0.0,
2003-10-10,0.0,
2003-10-11,0.0,
2003-10-12,0.0,
2003-10-13,0.0,
2003-10-14,0.0,
2003-10-15,0.0,
2003-10-16,0.0,
2003-10-17,0.0,
2003-10-18,0.0,
2003-10-19,0.0,
2003-10-20,0.0,
2003-10-21,0.0,
2003-10-22,0.0,
2003-10-23,0.0,
2003-10-24,0.0,
2003-10-25,0.0,
2003-10-26,0.0,
2003-10-27,0.0,
2003-10-28,0.0,
2003-10-29,0.0,
2003-10-30,0.0,
2003-10-31,0.0,
2003-11-01,0.0,
2003-11-02,0.0,
2003-11-03,0.61,
2003-11-04,2.032,
2003-11-05,2.032,
2003-11-06,2.032,
2003-11-07,2.489,
2003-11-08,2.692,
2003-11-09,6.909,
2003-11-10,8.382,
2003-11-11,8.382,
2003-11-12,8.382,
2003-11-13,8.89,
2003-11-14,8.89,
2003-11-15,8.89,
2003-11-16,8.89,
2003-11-17,8.636,
2003-11-18,8.128,
2003-11-19,8.077,
2003-11-20,7.722,
2003-11-21,7.163,
2003-11-22,6.553,
2003-11-23,6.172,
2003-11-24,6.147,
2003-11-25,5.944,
2003-11-26,5.817,
2003-11-27,5.893,
2003-11-28,5.41,
2003-11-29,5.436,
2003-11-30,5.359,
2003-12-01,5.334,
2003-12-02,5.41,
2003-12-03,5.334,
2003-12-04,6.096,
2003-12-05,6.604,
2003-12-06,9.093,
2003-12-07,13.106,
2003-12-08,13.589,
2003-12-09,13.437,
2003-12-10,15.9,
2003-12-11,17.069,
2003-12-12,17.069,
2003-12-13,17.094,
2003-12-14,17.856,
2003-12-15,18.694,
2003-12-16,18.898,
2003-12-17,19.05,
2003-12-18,19.304,
2003-12-19,19.431,
2003-12-20,21.006,
2003-12-21,23.038,
2003-12-22,23.165,
2003-12-23,24.079,
2003-12-24,24.638,
2003-12-25,31.648,
2003-12-26,33.477,
2003-12-27,33.426,
2003-12-28,33.503,
2003-12-29,33.858,
2003-12-30,37.948,
2003-12-31,38.938,
2004-01-01,39.014,
2004-01-02,45.923,
2004-01-03,47.244,
2004-01-04,47.295,
2004-01-05,47.244,
2004-01-06,47.879,
2004-01-07,48.387,
2004-01-08,49.047,
2004-01-09,49.251,
2004-01-10,50.876,
2004-01-11,51.308,
2004-01-12,51.308,
2004-01-13,51.308,
2004-01-14,51.867,
2004-01-15,51.968,
2004-01-16,51.968,
2004-01-17,52.045,
2004-01-18,52.324,
2004-01-19,52.629,
2004-01-20,52.832,
2004-01-21,52.857,
2004-01-22,53.34,
2004-01-23,53.34,
2004-01-24,53.34,
2004-01-25,53.34,
2004-01-26,53.34,
2004-01-27,53.34,
2004-01-28,53.848,
2004-01-29,54.102,
2004-01-30,54.102,
2004-01-31,54.102,
2004-02-01,54.102,
2004-02-02,54.102,
2004-02-03,58.928,
2004-02-04,58.928,
2004-02-05,58.928,
2004-02-06,59.919,
2004-02-07,61.722,
2004-02-08,61.722,
2004-02-09,61.722,
2004-02-10,61.722,
2004-02-11,61.722,
2004-02-12,61.722,
2004-02-13,61.722,
2004-02-14,61.722,
2004-02-15,61.722,
2004-02-16,61.722,
2004-02-17,63.983,
2004-02-18,67.539,
2004-02-19,69.596,
2004-02-20,69.596,
2004-02-21,70.256,
2004-02-22,70.383,
2004-02-23,72.009,
2004-02-24,72.161,
2004-02-25,73.381,
2004-02-26,82.906,
2004-02-27,86.665,
2004-02-28,86.665,
2004-02-29,86.868,
2004-03-01,87.528,
2004-03-02,88.036,
2004-03-03,89.408,
2004-03-04,89.662,
2004-03-05,89.662,
2004-03-06,89.662,
2004-03-07,89.662,
2004-03-08,89.662,
2004-03-09,89.662,
2004-03-10,89.662,
2004-03-11,89.662,
2004-03-12,89.662,
2004-03-13,89.535,
2004-03-14,89.51,
2004-03-15,89.154,
2004-03-16,88.646,
2004-03-17,88.138,
2004-03-18,87.808,
2004-03-19,85.42,
2004-03-20,83.261,
2004-03-21,83.083,
2004-03-22,83.058,
2004-03-23,83.058,
2004-03-24,83.058,
2004-03-25,83.058,
2004-03-26,84.328,
2004-03-27,84.328,
2004-03-28,84.328,
2004-03-29,84.328,
2004-03-30,83.21,
2004-03-31,83.058,
2004-04-01,82.296,
2004-04-02,81.788,
2004-04-03,81.28,
2004-04-04,80.772,
2004-04-05,80.569,
2004-04-06,80.391,
2004-04-07,79.045,
2004-04-08,79.045,
2004-04-09,77.445,
2004-04-10,77.165,
2004-04-11,75.946,
2004-04-12,74.854,
2004-04-13,74.422,
2004-04-14,74.371,
2004-04-15,74.041,
2004-04-16,73.66,
2004-04-17,73.66,
2004-04-18,73.66,
2004-04-19,73.66,
2004-04-20,73.66,
2004-04-21,73.635,
2004-04-22,73.635,
2004-04-23,73.609,
2004-04-24,73.355,
2004-04-25,73.152,
2004-04-26,72.39,
2004-04-27,71.628,
2004-04-28,70.968,
2004-04-29,66.802,
2004-04-30,64.846,
2004-05-01,64.44,
2004-05-02,62.916,
2004-05-03,60.782,
2004-05-04,58.522,
2004-05-05,55.905,
2004-05-06,53.111,
2004-05-07,51.232,
2004-05-08,49.403,
2004-05-09,48.412,
2004-05-10,45.923,
2004-05-11,44.755,
2004-05-12,44.272,
2004-05-13,42.977,
2004-05-14,42.139,
2004-05-15,41.275,
2004-05-16,38.659,
2004-05-17,36.525,
2004-05-18,30.378,
2004-05-19,28.702,
2004-05-20,26.67,
2004-05-21,25.908,
2004-05-22,25.908,
2004-05-23,24.486,
2004-05-24,18.999,
2004-05-25,18.085,
2004-05-26,17.856,
2004-05-27,15.799,
2004-05-28,14.224,
2004-05-29,13.691,
2004-05-30,10.16,
2004-05-31,5.588,
2004-06-01,2.54,
2004-06-02,0.0,
2004-06-03,0.0,
2004-06-04,0.0,
2004-06-05,0.0,
2004-06-06,0.0,
2004-06-07,0.0,
2004-06-08,0.0,
2004-06-09,0.0,
2004-06-10,0.0,
2004-06-11,0.0,
2004-06-12,0.0,
2004-06-13,0.0,
2004-06-14,0.0,
2004-06-15,0.0,
2004-06-16,0.0,
2004-06-17,0.0,
2004-06-18,0.0,
2004-06-19,0.0,
2004-06-20,0.0,
2004-06-21,0.0,
2004-06-22,0.0,
2004-06-23,0.0,
2004-06-24,0.0,
2004-06-25,0.0,
2004-06-26,0.0,
2004-06-27,0.0,
2004-06-28,0.0,
2004-06-29,0.0,
2004-06-30,0.0,
2004-07-01,0.0,
2004-07-02,0.0,
2004-07-03,0.0,
2004-07-04,0.0,
2004-07-05,0.0,
2004-07-06,0.0,
2004-07-07,0.0,
2004-07-08,0.0,
2004-07-09,0.0,
2004-07-10,0.0,
2004-07-11,0.0,
2004-07-12,0.0,
2004-07-13,0.0,
2004-07-14,0.0,
2004-07-15,0.0,
2004-07-16,0.0,
2004-07-17,0.0,
2004-07-18,0.0,
2004-07-19,0.0,
2004-07-20,0.0,
2004-07-21,0.0,
2004-07-22,0.0,
2004-07-23,0.0,
2004-07-24,0.0,
2004-07-25,0.0,
2004-07-26,0.0,
2004-07-27,0.0,
2004-07-28,0.0,
2004-07-29,0.0,
2004-07-30,0.0,
2004-07-31,0.0,
2004-08-01,0.0,
2004-08-02,0.0,
2004-08-03,0.0,
2004-08-04,0.0,
2004-08-05,0.0,
2004-08-06,0.0,
2004-08-07,0.0,
2004-08-08,0.0,
2004-08-09,0.0,
2004-08-10,0.0,
2004-08-11,0.0,
2004-08-12,0.0,
2004-08-13,0.0,
2004-08-14,0.0,
2004-08-15,0.0,
2004-08-16,0.0,
2004-08-17,0.0,
2004-08-18,0.0,
2004-08-19,0.0,
2004-08-20,0.0,
2004-08-21,0.0,
2004-08-22,0.0,
2004-08-23,0.0,
2004-08-24,0.0,
2004-08-25,0.0,
2004-08-26,0.0,
2004-08-27,0.0,
2004-08-28,0.0,
2004-08-29,0.0,
2004-08-30,0.0,
2004-08-31,0.0,
2004-09-01,0.0,
2004-09-02,0.0,
2004-09-03,0.0,
2004-09-04,0.0,
2004-09-05,0.0,
2004-09-06,0.0,
2004-09-07,0.0,
2004-09-08,0.0,
2004-09-09,0.0,
2004-09-10,0.0,
2004-09-11,0.0,
2004-09-12,0.0,
2004-09-13,0.0,
2004-09-14,0.0,
2004-09-15,0.0,
2004-09-16,0.0,
2004-09-17,0.0,
2004-09-18,0.0,
2004-09-19,0.0,
2004-09-20,0.0,
2004-09-21,0.0,
2004-09-22,0.0,
2004-09-23,0.0,
2004-09-24,0.0,
2004-09-25,0.0,
2004-09-26,0.0,
2004-09-27,0.0,
2004-09-28,0.0,
2004-09-29,0.0,
2004-09-30,0.0,
2004-10-01,0.0,
2004-10-02,0.0,
2004-10-03,0.0,
2004-10-04,0.0,
2004-10-05,0.0,
2004-10-06,0.0,
2004-10-07,0.0,
2004-10-08,0.0,
2004-10-09,0.0,
2004-10-10,0.0,
2004-10-11,0.0,
2004-10-12,0.0,
2004-10-13,0.0,
2004-10-14,0.0,
2004-10-15,0.0,
2004-10-16,0.0,
2004-10-17,0.0,
2004-10-18,4.14,
2004-10-19,4.572,
2004-10-20,11.938,
2004-10-21,16.027,
2004-10-22,16.104,
2004-10-23,16.104,
2004-10-24,16.281,
2004-10-25,16.84,
2004-10-26,17.526,
2004-10-27,23.952,
2004-10-28,24.105,
2004-10-29,24.105,
2004-10-30,24.079,
2004-10-31,24.003,
2004-11-01,24.003,
2004-11-02,23.876,
2004-11-03,23.876,
2004-11-04,26.01,
2004-11-05,26.34,
2004-11-06,26.264,
2004-11-07,26.213,
2004-11-08,28.473,
2004-11-09,29.972,
2004-11-10,29.972,
2004-11-11,29.972,
2004-11-12,29.972,
2004-11-13,29.972,
2004-11-14,29.972,
2004-11-15,29.972,
2004-11-16,29.972,
2004-11-17,29.972,
2004-11-18,29.972,
2004-11-19,29.718,
2004-11-20,29.718,
2004-11-21,29.718,
2004-11-22,29.718,
2004-11-23,29.718,
2004-11-24,29.718,
2004-11-25,29.718,
2004-11-26,29.718,
2004-11-27,29.718,
2004-11-28,34.366,
2004-11-29,34.366,
2004-11-30,34.265,
2004-12-01,34.239,
2004-12-02,34.29,
2004-12-03,34.341,
2004-12-04,34.392,
2004-12-05,34.468,
2004-12-06,34.417,
2004-12-07,34.823,
2004-12-08,34.798,
2004-12-09,34.798,
2004-12-10,34.798,
2004-12-11,34.798,
2004-12-12,34.798,
2004-12-13,34.798,
2004-12-14,34.798,
2004-12-15,34.798,
2004-12-16,34.798,
2004-12-17,34.798,
2004-12-18,34.798,
2004-12-19,34.798,
2004-12-20,34.798,
2004-12-21,34.798,
2004-12-22,34.798,
2004-12-23,34.798,
2004-12-24,34.798,
2004-12-25,34.798,
2004-12-26,34.798,
2004-12-27,35.204,
2004-12-28,37.109,
2004-12-29,42.342,
2004-12-30,47.219,
2004-12-31,60.731,
2005-01-01,65.075,
2005-01-02,65.202,
2005-01-03,66.472,
2005-01-04,69.774,
2005-01-05,70.46,
2005-01-06,70.104,
2005-01-07,69.875,
2005-01-08,83.287,
2005-01-09,94.209,
2005-01-10,102.337,
2005-01-11,107.188,
2005-01-12,107.188,
2005-01-13,107.137,
2005-01-14,107.086,
2005-01-15,107.137,
2005-01-16,107.137,
2005-01-17,107.01,
2005-01-18,106.934,
2005-01-19,106.934,
2005-01-20,106.934,
2005-01-21,106.934,
2005-01-22,106.934,
2005-01-23,106.934,
2005-01-24,106.934,
2005-01-25,107.264,
2005-01-26,109.322,
2005-01-27,110.998,
2005-01-28,111.531,
2005-01-29,113.614,
2005-01-30,113.944,
2005-01-31,113.843,
2005-02-01,113.817,
2005-02-02,112.979,
2005-02-03,112.725,
2005-02-04,112.624,
2005-02-05,112.649,
2005-02-06,112.7,
2005-02-07,112.573,
2005-02-08,112.522,
2005-02-09,112.522,
2005-02-10,112.522,
2005-02-11,112.522,
2005-02-12,112.217,
2005-02-13,112.217,
2005-02-14,111.862,
2005-02-15,111.887,
2005-02-16,114.706,
2005-02-17,116.256,
2005-02-18,116.561,
2005-02-19,117.424,
2005-02-20,120.04,
2005-02-21,122.403,
2005-02-22,125.298,
2005-02-23,125.984,
2005-02-24,126.39,
2005-02-25,126.721,
2005-02-26,126.924,
2005-02-27,127.076,
2005-02-28,128.194,
2005-03-01,129.311,
2005-03-02,129.616,
2005-03-03,129.489,
2005-03-04,129.515,
2005-03-05,130.327,
2005-03-06,130.581,
2005-03-07,130.581,
2005-03-08,130.632,
2005-03-09,130.632,
2005-03-10,130.632,
2005-03-11,130.378,
2005-03-12,130.023,
2005-03-13,129.794,
2005-03-14,129.54,
2005-03-15,129.54,
2005-03-16,129.54,
2005-03-17,129.54,
2005-03-18,129.54,
2005-03-19,129.921,
2005-03-20,133.248,
2005-03-21,136.068,
2005-03-22,136.474,
2005-03-23,144.297,
2005-03-24,144.755,
2005-03-25,144.704,
2005-03-26,144.018,
2005-03-27,144.348,
2005-03-28,147.091,
2005-03-29,147.269,
2005-03-30,145.491,
2005-03-31,144.932,
2005-04-01,145.085,
2005-04-02,145.237,
2005-04-03,145.339,
2005-04-04,146.939,
2005-04-05,146.812,
2005-04-06,146.71,
2005-04-07,146.99,
2005-04-08,147.066,
2005-04-09,147.32,
2005-04-10,147.32,
2005-04-11,147.32,
2005-04-12,147.345,
2005-04-13,147.244,
2005-04-14,146.38,
2005-04-15,146.406,
2005-04-16,145.288,
2005-04-17,143.51,
2005-04-18,143.002,
2005-04-19,142.748,
2005-04-20,142.24,
2005-04-21,142.164,
2005-04-22,143.332,
2005-04-23,143.332,
2005-04-24,143.332,
2005-04-25,143.332,
2005-04-26,142.748,
2005-04-27,141.732,
2005-04-28,140.208,
2005-04-29,139.014,
2005-04-30,138.43,
2005-05-01,137.16,
2005-05-02,135.814,
2005-05-03,135.179,
2005-05-04,133.452,
2005-05-05,134.798,
2005-05-06,136.144,
2005-05-07,137.033,
2005-05-08,136.677,
2005-05-09,139.725,
2005-05-10,143.993,
2005-05-11,144.907,
2005-05-12,145.085,
2005-05-13,145.034,
2005-05-14,145.034,
2005-05-15,145.034,
2005-05-16,143.485,
2005-05-17,143.078,
2005-05-18,142.748,
2005-05-19,142.57,
2005-05-20,137.947,
2005-05-21,133.655,
2005-05-22,130.327,
2005-05-23,127.889,
2005-05-24,124.511,
2005-05-25,122.098,
2005-05-26,119.99,
2005-05-27,117.119,
2005-05-28,114.376,
2005-05-29,110.236,
2005-05-30,107.671,
2005-05-31,106.502,
2005-06-01,104.369,
2005-06-02,101.244,
2005-06-03,99.212,
2005-06-04,97.155,
2005-06-05,95.58,
2005-06-06,93.269,
2005-06-07,91.542,
2005-06-08,90.78,
2005-06-09,90.094,
2005-06-10,89.052,
2005-06-11,86.385,
2005-06-12,84.506,
2005-06-13,81.737,
2005-06-14,77.927,
2005-06-15,75.921,
2005-06-16,71.78,
2005-06-17,70.637,
2005-06-18,69.672,
2005-06-19,69.774,
2005-06-20,68.072,
2005-06-21,64.668,
2005-06-22,61.57,
2005-06-23,58.191,
2005-06-24,54.991,
2005-06-25,52.222,
2005-06-26,50.419,
2005-06-27,47.727,
2005-06-28,42.901,
2005-06-29,39.497,
2005-06-30,34.188,
2005-07-01,28.219,
2005-07-02,20.904,
2005-07-03,13.183,
2005-07-04,6.477,
2005-07-05,2.896,
2005-07-06,2.261,
2005-07-07,0.0,
2005-07-08,0.0,
2005-07-09,0.0,
2005-07-10,0.0,
2005-07-11,0.0,
2005-07-12,0.0,
2005-07-13,0.0,
2005-07-14,0.0,
2005-07-15,0.0,
2005-07-16,0.0,
2005-07-17,0.0,
2005-07-18,0.0,
2005-07-19,0.0,
2005-07-20,0.0,
2005-07-21,0.0,
2005-07-22,0.0,
2005-07-23,0.0,
2005-07-24,0.0,
2005-07-25,0.0,
2005-07-26,0.0,
2005-07-27,0.0,
2005-07-28,0.0,
2005-07-29,0.0,
2005-07-30,0.0,
2005-07-31,0.0,
2005-08-01,0.0,
2005-08-02,0.0,
2005-08-03,0.0,
2005-08-04,0.0,
2005-08-05,0.0,
2005-08-06,0.0,
2005-08-07,0.0,
2005-08-08,0.0,
2005-08-09,0.0,
2005-08-10,0.0,
2005-08-11,0.0,
2005-08-12,0.0,
2005-08-13,0.0,
2005-08-14,0.0,
2005-08-15,0.0,
2005-08-16,0.0,
2005-08-17,0.0,
2005-08-18,0.0,
2005-08-19,0.0,
2005-08-20,0.0,
2005-08-21,0.0,
2005-08-22,0.0,
2005-08-23,0.0,
2005-08-24,0.0,
2005-08-25,0.0,
2005-08-26,0.0,
2005-08-27,0.0,
2005-08-28,0.0,
2005-08-29,0.0,
2005-08-30,0.0,
2005-08-31,0.0,
2005-09-01,0.0,
2005-09-02,0.0,
2005-09-03,0.0,
2005-09-04,0.0,
2005-09-05,0.0,
2005-09-06,0.0,
2005-09-07,0.0,
2005-09-08,0.0,
2005-09-09,0.0,
2005-09-10,0.0,
2005-09-11,0.0,
2005-09-12,0.0,
2005-09-13,0.0,
2005-09-14,0.0,
2005-09-15,0.0,
2005-09-16,0.0,
2005-09-17,0.0,
2005-09-18,0.0,
2005-09-19,0.0,
2005-09-20,0.0,
2005-09-21,0.0,
2005-09-22,0.0,
2005-09-23,0.0,
2005-09-24,0.0,
2005-09-25,0.0,
2005-09-26,0.0,
2005-09-27,0.0,
2005-09-28,0.0,
2005-09-29,0.0,
2005-09-30,0.0,
2005-10-01,0.0,
2005-10-02,0.0,
2005-10-03,0.0,
2005-10-04,0.0,
2005-10-05,0.0,
2005-10-06,0.0,
2005-10-07,0.0,
2005-10-08,0.0,
2005-10-09,0.0,
2005-10-10,0.0,
2005-10-11,0.0,
2005-10-12,0.0,
2005-10-13,0.0,
2005-10-14,0.0,
2005-10-15,0.0,
2005-10-16,0.0,
2005-10-17,0.0,
2005-10-18,0.0,
2005-10-19,0.0,
2005-10-20,0.0,
2005-10-21,0.0,
2005-10-22,0.0,
2005-10-23,0.0,
2005-10-24,0.0,
2005-10-25,0.0,
2005-10-26,0.0,
2005-10-27,0.0,
2005-10-28,0.0,
2005-10-29,0.0,
2005-10-30,0.0,
2005-10-31,0.0,
2005-11-01,0.0,
2005-11-02,0.0,
2005-11-03,0.0,
2005-11-04,0.0,
2005-11-05,0.0,
2005-11-06,0.0,
2005-11-07,0.0,
2005-11-08,1.524,
2005-11-09,2.87,
2005-11-10,3.023,
2005-11-11,3.124,
2005-11-12,2.794,
2005-11-13,2.794,
2005-11-14,2.794,
2005-11-15,2.794,
2005-11-16,2.794,
2005-11-17,2.794,
2005-11-18,2.794,
2005-11-19,2.794,
2005-11-20,2.794,
2005-11-21,2.794,
2005-11-22,2.794,
2005-11-23,2.794,
2005-11-24,2.794,
2005-11-25,2.794,
2005-11-26,2.794,
2005-11-27,2.794,
2005-11-28,3.937,
2005-11-29,6.045,
2005-11-30,5.182,
2005-12-01,5.486,
2005-12-02,15.316,
2005-12-03,16.993,
2005-12-04,17.043,
2005-12-05,17.348,
2005-12-06,17.424,
2005-12-07,17.602,
2005-12-08,17.805,
2005-12-09,17.678,
2005-12-10,17.983,
2005-12-11,18.466,
2005-12-12,18.567,
2005-12-13,18.288,
2005-12-14,18.288,
2005-12-15,18.847,
2005-12-16,19.05,
2005-12-17,19.05,
2005-12-18,20.218,
2005-12-19,25.07,
2005-12-20,26.822,
2005-12-21,27.483,
2005-12-22,28.194,
2005-12-23,28.194,
2005-12-24,28.575,
2005-12-25,29.947,
2005-12-26,33.071,
2005-12-27,33.807,
2005-12-28,36.779,
2005-12-29,39.37,
2005-12-30,39.37,
2005-12-31,40.335,
2006-01-01,48.082,
2006-01-02,53.975,
2006-01-03,61.671,
2006-01-04,63.297,
2006-01-05,63.983,
2006-01-06,64.008,
2006-01-07,64.008,
2006-01-08,64.008,
2006-01-09,64.008,
2006-01-10,64.008,
2006-01-11,63.779,
2006-01-12,63.754,
2006-01-13,63.754,
2006-01-14,63.475,
2006-01-15,65.557,
2006-01-16,66.065,
2006-01-17,67.183,
2006-01-18,70.714,
2006-01-19,71.755,
2006-01-20,71.907,
2006-01-21,72.339,
2006-01-22,72.72,
2006-01-23,72.771,
2006-01-24,73.863,
2006-01-25,74.397,
2006-01-26,74.346,
2006-01-27,74.397,
2006-01-28,73.609,
2006-01-29,73.635,
2006-01-30,73.66,
2006-01-31,74.93,
2006-02-01,77.724,
2006-02-02,77.724,
2006-02-03,77.724,
2006-02-04,77.724,
2006-02-05,77.724,
2006-02-06,77.724,
2006-02-07,77.724,
2006-02-08,77.724,
2006-02-09,77.724,
2006-02-10,77.724,
2006-02-11,77.724,
2006-02-12,77.724,
2006-02-13,77.724,
2006-02-14,77.724,
2006-02-15,77.724,
2006-02-16,77.749,
2006-02-17,78.537,
2006-02-18,79.248,
2006-02-19,81.026,
2006-02-20,81.026,
2006-02-21,81.026,
2006-02-22,81.026,
2006-02-23,81.128,
2006-02-24,81.153,
2006-02-25,81.153,
2006-02-26,81.305,
2006-02-27,81.966,
2006-02-28,91.719,
2006-03-01,98.628,
2006-03-02,100.482,
2006-03-03,104.242,
2006-03-04,105.461,
2006-03-05,106.172,
2006-03-06,108.407,
2006-03-07,110.922,
2006-03-08,111.252,
2006-03-09,111.658,
2006-03-10,111.76,
2006-03-11,111.76,
2006-03-12,111.76,
2006-03-13,111.76,
2006-03-14,111.76,
2006-03-15,112.827,
2006-03-16,112.878,
2006-03-17,114.249,
2006-03-18,115.468,
2006-03-19,115.697,
2006-03-20,115.697,
2006-03-21,118.237,
2006-03-22,118.237,
2006-03-23,118.237,
2006-03-24,118.237,
2006-03-25,118.796,
2006-03-26,119.659,
2006-03-27,121.031,
2006-03-28,121.92,
2006-03-29,125.781,
2006-03-30,126.187,
2006-03-31,127.94,
2006-04-01,129.311,
2006-04-02,129.87,
2006-04-03,131.343,
2006-04-04,139.776,
2006-04-05,144.323,
2006-04-06,144.932,
2006-04-07,145.948,
2006-04-08,146.05,
2006-04-09,146.355,
2006-04-10,146.888,
2006-04-11,147.091,
2006-04-12,147.701,
2006-04-13,149.149,
2006-04-14,149.606,
2006-04-15,150.622,
2006-04-16,150.673,
2006-04-17,153.949,
2006-04-18,155.118,
2006-04-19,156.21,
2006-04-20,156.21,
2006-04-21,156.54,
2006-04-22,157.15,
2006-04-23,157.48,
2006-04-24,158.166,
2006-04-25,159.004,
2006-04-26,159.004,
2006-04-27,159.004,
2006-04-28,158.572,
2006-04-29,158.064,
2006-04-30,157.124,
2006-05-01,155.981,
2006-05-02,153.949,
2006-05-03,151.765,
2006-05-04,149.86,
2006-05-05,147.32,
2006-05-06,145.847,
2006-05-07,143.51,
2006-05-08,141.275,
2006-05-09,139.7,
2006-05-10,138.176,
2006-05-11,136.652,
2006-05-12,135.128,
2006-05-13,133.604,
2006-05-14,132.08,
2006-05-15,130.556,
2006-05-16,129.032,
2006-05-17,127.508,
2006-05-18,125.984,
2006-05-19,124.46,
2006-05-20,122.936,
2006-05-21,122.936,
2006-05-22,122.961,
2006-05-23,121.641,
2006-05-24,122.123,
2006-05-25,122.606,
2006-05-26,121.996,
2006-05-27,121.59,
2006-05-28,119.38,
2006-05-29,117.424,
2006-05-30,116.992,
2006-05-31,115.545,
2006-06-01,114.173,
2006-06-02,111.684,
2006-06-03,108.814,
2006-06-04,106.528,
2006-06-05,103.302,
2006-06-06,100.457,
2006-06-07,96.977,
2006-06-08,93.193,
2006-06-09,89.764,
2006-06-10,86.081,
2006-06-11,83.16,
2006-06-12,79.934,
2006-06-13,76.429,
2006-06-14,73.635,
2006-06-15,72.847,
2006-06-16,69.24,
2006-06-17,66.65,
2006-06-18,63.983,
2006-06-19,60.884,
2006-06-20,55.804,
2006-06-21,51.613,
2006-06-22,47.117,
2006-06-23,42.647,
2006-06-24,37.084,
2006-06-25,30.48,
2006-06-26,24.536,
2006-06-27,19.787,
2006-06-28,13.843,
2006-06-29,9.652,
2006-06-30,3.81,
2006-07-01,0.0,
2006-07-02,0.0,
2006-07-03,0.0,
2006-07-04,0.0,
2006-07-05,0.0,
2006-07-06,0.0,
2006-07-07,0.0,
2006-07-08,0.0,
2006-07-09,0.0,
2006-07-10,0.0,
2006-07-11,0.0,
2006-07-12,0.0,
2006-07-13,0.0,
2006-07-14,0.0,
2006-07-15,0.0,
2006-07-16,0.0,
2006-07-17,0.0,
2006-07-18,0.0,
2006-07-19,0.0,
2006-07-20,0.0,
2006-07-21,0.0,
2006-07-22,0.0,
2006-07-23,0.0,
2006-07-24,0.0,
2006-07-25,0.0,
2006-07-26,0.0,
2006-07-27,0.0,
2006-07-28,0.0,
2006-07-29,0.0,
2006-07-30,0.0,
2006-07-31,0.0,
2006-08-01,0.0,
2006-08-02,0.0,
2006-08-03,0.0,
2006-08-04,0.0,
2006-08-05,0.0,
2006-08-06,0.0,
2006-08-07,0.0,
2006-08-08,0.0,
2006-08-09,0.0,
2006-08-10,0.0,
2006-08-11,0.0,
2006-08-12,0.0,
2006-08-13,0.0,
2006-08-14,0.0,
2006-08-15,0.0,
2006-08-16,0.0,
2006-08-17,0.0,
2006-08-18,0.0,
2006-08-19,0.0,
2006-08-20,0.0,
2006-08-21,0.0,
2006-08-22,0.0,
2006-08-23,0.0,
2006-08-24,0.0,
2006-08-25,0.0,
2006-08-26,0.0,
2006-08-27,0.0,
2006-08-28,0.0,
2006-08-29,0.0,
2006-08-30,0.0,
2006-08-31,0.0,
2006-09-01,0.0,
2006-09-02,0.0,
2006-09-03,0.0,
2006-09-04,0.0,
2006-09-05,0.0,
2006-09-06,0.0,
2006-09-07,0.0,
2006-09-08,0.0,
2006-09-09,0.0,
2006-09-10,0.0,
2006-09-11,0.0,
2006-09-12,0.0,
2006-09-13,0.0,
2006-09-14,0.0,
2006-09-15,0.0,
2006-09-16,0.0,
2006-09-17,0.0,
2006-09-18,0.0,
2006-09-19,0.0,
2006-09-20,0.0,
2006-09-21,0.0,
2006-09-22,0.0,
2006-09-23,0.0,
2006-09-24,0.0,
2006-09-25,0.0,
2006-09-26,0.0,
2006-09-27,0.0,
2006-09-28,0.0,
2006-09-29,0.0,
2006-09-30,0.0,
2006-10-01,0.0,
2006-10-02,0.0,
2006-10-03,0.0,
2006-10-04,0.0,
2006-10-05,0.0,
2006-10-06,0.0,
2006-10-07,0.0,
2006-10-08,0.0,
2006-10-09,0.0,
2006-10-10,0.0,
2006-10-11,0.0,
2006-10-12,0.0,
2006-10-13,0.0,
2006-10-14,0.0,
2006-10-15,0.0,
2006-10-16,0.0,
2006-10-17,0.0,
2006-10-18,0.0,
2006-10-19,0.0,
2006-10-20,0.0,
2006-10-21,0.0,
2006-10-22,0.0,
2006-10-23,0.0,
2006-10-24,0.0,
2006-10-25,0.0,
2006-10-26,0.0,
2006-10-27,0.0,
2006-10-28,0.0,
2006-10-29,0.0,
2006-10-30,0.0,
2006-10-31,0.0,
2006-11-01,0.0,
2006-11-02,0.0,
2006-11-03,0.0,
2006-11-04,0.0,
2006-11-05,0.0,
2006-11-06,0.0,
2006-11-07,0.0,
2006-11-08,0.0,
2006-11-09,0.0,
2006-11-10,0.0,
2006-11-11,0.0,
2006-11-12,1.219,
2006-11-13,1.194,
2006-11-14,3.937,
2006-11-15,3.175,
2006-11-16,2.972,
2006-11-17,2.921,
2006-11-18,3.15,
2006-11-19,2.87,
2006-11-20,2.972,
2006-11-21,3.023,
2006-11-22,2.692,
2006-11-23,2.616,
2006-11-24,2.413,
2006-11-25,2.388,
2006-11-26,2.286,
2006-11-27,3.124,
2006-11-28,2.591,
2006-11-29,2.21,
2006-11-30,2.235,
2006-12-01,1.727,
2006-12-02,1.93,
2006-12-03,1.88,
2006-12-04,1.88,
2006-12-05,1.88,
2006-12-06,1.854,
2006-12-07,1.905,
2006-12-08,1.549,
2006-12-09,1.575,
2006-12-10,3.556,
2006-12-11,4.064,
2006-12-12,4.064,
2006-12-13,4.064,
2006-12-14,4.064,
2006-12-15,4.064,
2006-12-16,4.191,
2006-12-17,5.613,
2006-12-18,5.639,
2006-12-19,5.232,
2006-12-20,5.156,
2006-12-21,5.156,
2006-12-22,7.112,
2006-12-23,7.112,
2006-12-24,7.112,
2006-12-25,7.112,
2006-12-26,7.112,
2006-12-27,10.414,
2006-12-28,12.192,
2006-12-29,12.192,
2006-12-30,12.192,
2006-12-31,12.217,
2007-01-01,12.192,
2007-01-02,12.192,
2007-01-03,12.192,
2007-01-04,12.192,
2007-01-05,14.122,
2007-01-06,14.097,
2007-01-07,13.792,
2007-01-08,13.284,
2007-01-09,13.233,
2007-01-10,12.954,
2007-01-11,12.954,
2007-01-12,12.751,
2007-01-13,12.725,
2007-01-14,12.243,
2007-01-15,12.268,
2007-01-16,12.09,
2007-01-17,12.09,
2007-01-18,12.09,
2007-01-19,12.065,
2007-01-20,11.938,
2007-01-21,11.811,
2007-01-22,11.582,
2007-01-23,11.481,
2007-01-24,11.455,
2007-01-25,11.455,
2007-01-26,11.455,
2007-01-27,11.379,
2007-01-28,11.633,
2007-01-29,12.065,
2007-01-30,12.167,
2007-01-31,12.294,
2007-02-01,12.09,
2007-02-02,11.913,
2007-02-03,12.09,
2007-02-04,12.065,
2007-02-05,12.014,
2007-02-06,12.116,
2007-02-07,11.938,
2007-02-08,12.395,
2007-02-09,13.005,
2007-02-10,14.402,
2007-02-11,20.193,
2007-02-12,21.031,
2007-02-13,21.107,
2007-02-14,21.082,
2007-02-15,21.107,
2007-02-16,21.184,
2007-02-17,21.336,
2007-02-18,21.869,
2007-02-19,22.555,
2007-02-20,22.098,
2007-02-21,22.758,
2007-02-22,24.028,
2007-02-23,26.797,
2007-02-24,26.797,
2007-02-25,28.804,
2007-02-26,32.842,
2007-02-27,36.576,
2007-02-28,38.202,
2007-03-01,38.202,
2007-03-02,38.202,
2007-03-03,38.202,
2007-03-04,38.202,
2007-03-05,38.202,
2007-03-06,38.176,
2007-03-07,38.379,
2007-03-08,38.659,
2007-03-09,38.506,
2007-03-10,38.481,
2007-03-11,38.481,
2007-03-12,38.43,
2007-03-13,38.405,
2007-03-14,37.871,
2007-03-15,37.795,
2007-03-16,37.389,
2007-03-17,37.414,
2007-03-18,37.44,
2007-03-19,36.855,
2007-03-20,36.754,
2007-03-21,37.719,
2007-03-22,37.719,
2007-03-23,37.719,
2007-03-24,37.694,
2007-03-25,37.338,
2007-03-26,37.389,
2007-03-27,41.402,
2007-03-28,41.402,
2007-03-29,41.402,
2007-03-30,41.402,
2007-03-31,41.402,
2007-04-01,41.402,
2007-04-02,41.148,
2007-04-03,41.148,
2007-04-04,41.148,
2007-04-05,41.148,
2007-04-06,41.148,
2007-04-07,40.792,
2007-04-08,40.03,
2007-04-09,39.294,
2007-04-10,39.294,
2007-04-11,38.913,
2007-04-12,40.081,
2007-04-13,40.081,
2007-04-14,39.903,
2007-04-15,38.405,
2007-04-16,39.192,
2007-04-17,38.862,
2007-04-18,38.608,
2007-04-19,38.354,
2007-04-20,38.024,
2007-04-21,35.484,
2007-04-22,35.128,
2007-04-23,36.83,
2007-04-24,36.83,
2007-04-25,36.83,
2007-04-26,36.83,
2007-04-27,39.167,
2007-04-28,38.76,
2007-04-29,37.389,
2007-04-30,35.941,
2007-05-01,34.493,
2007-05-02,33.122,
2007-05-03,33.503,
2007-05-04,34.493,
2007-05-05,34.036,
2007-05-06,33.706,
2007-05-07,33.198,
2007-05-08,31.725,
2007-05-09,30.683,
2007-05-10,28.727,
2007-05-11,26.213,
2007-05-12,23.19,
2007-05-13,21.438,
2007-05-14,19.914,
2007-05-15,18.313,
2007-05-16,16.84,
2007-05-17,14.326,
2007-05-18,10.541,
2007-05-19,7.849,
2007-05-20,5.613,
2007-05-21,3.429,
2007-05-22,1.372,
2007-05-23,0.0,
2007-05-24,0.0,
2007-05-25,0.0,
2007-05-26,0.0,
2007-05-27,0.0,
2007-05-28,0.0,
2007-05-29,0.0,
2007-05-30,0.0,
2007-05-31,0.0,
2007-06-01,0.0,
2007-06-02,0.0,
2007-06-03,0.0,
2007-06-04,0.0,
2007-06-05,0.0,
2007-06-06,0.0,
2007-06-07,0.0,
2007-06-08,0.0,
2007-06-09,0.0,
2007-06-10,0.0,
2007-06-11,0.0,
2007-06-12,0.0,
2007-06-13,0.0,
2007-06-14,0.0,
2007-06-15,0.0,
2007-06-16,0.0,
2007-06-17,0.0,
2007-06-18,0.0,
2007-06-19,0.0,
2007-06-20,0.0,
2007-06-21,0.0,
2007-06-22,0.0,
2007-06-23,0.0,
2007-06-24,0.0,
2007-06-25,0.0,
2007-06-26,0.0,
2007-06-27,0.0,
2007-06-28,0.0,
2007-06-29,0.0,
2007-06-30,0.0,
2007-07-01,0.0,
2007-07-02,0.0,
2007-07-03,0.0,
2007-07-04,0.0,
2007-07-05,0.0,
2007-07-06,0.0,
2007-07-07,0.0,
2007-07-08,0.0,
2007-07-09,0.0,
2007-07-10,0.0,
2007-07-11,0.0,
2007-07-12,0.0,
2007-07-13,0.0,
2007-07-14,0.0,
2007-07-15,0.0,
2007-07-16,0.0,
2007-07-17,0.0,
2007-07-18,0.0,
2007-07-19,0.0,
2007-07-20,0.0,
2007-07-21,0.0,
2007-07-22,0.0,
2007-07-23,0.0,
2007-07-24,0.0,
2007-07-25,0.0,
2007-07-26,0.0,
2007-07-27,0.0,
2007-07-28,0.0,
2007-07-29,0.0,
2007-07-30,0.0,
2007-07-31,0.0,
2007-08-01,0.0,
2007-08-02,0.0,
2007-08-03,0.0,
2007-08-04,0.0,
2007-08-05,0.0,
2007-08-06,0.0,
2007-08-07,0.0,
2007-08-08,0.0,
2007-08-09,0.0,
2007-08-10,0.0,
2007-08-11,0.0,
2007-08-12,0.0,
2007-08-13,0.0,
2007-08-14,0.0,
2007-08-15,0.0,
2007-08-16,0.0,
2007-08-17,0.0,
2007-08-18,0.0,
2007-08-19,0.0,
2007-08-20,0.0,
2007-08-21,0.0,
2007-08-22,0.0,
2007-08-23,0.0,
2007-08-24,0.0,
2007-08-25,0.0,
2007-08-26,0.0,
2007-08-27,0.0,
2007-08-28,0.0,
2007-08-29,0.0,
2007-08-30,0.0,
2007-08-31,0.0,
2007-09-01,0.0,
2007-09-02,0.0,
2007-09-03,0.0,
2007-09-04,0.0,
2007-09-05,0.0,
2007-09-06,0.0,
2007-09-07,0.0,
2007-09-08,0.0,
2007-09-09,0.0,
2007-09-10,0.0,
2007-09-11,0.0,
2007-09-12,0.0,
2007-09-13,0.0,
2007-09-14,0.0,
2007-09-15,0.0,
2007-09-16,0.0,
2007-09-17,0.0,
2007-09-18,0.0,
2007-09-19,0.0,
2007-09-20,0.0,
2007-09-21,0.0,
2007-09-22,0.0,
2007-09-23,0.0,
2007-09-24,0.0,
2007-09-25,0.0,
2007-09-26,0.0,
2007-09-27,0.0,
2007-09-28,0.0,
2007-09-29,0.0,
2007-09-30,0.0,
2007-10-01,0.0,
2007-10-02,0.0,
2007-10-03,0.0,
2007-10-04,0.0,
2007-10-05,0.0,
2007-10-06,0.0,
2007-10-07,0.0,
2007-10-08,0.0,
2007-10-09,0.0,
2007-10-10,0.0,
2007-10-11,0.0,
2007-10-12,0.0,
2007-10-13,0.0,
2007-10-14,0.0,
2007-10-15,0.0,
2007-10-16,0.0,
2007-10-17,0.0,
2007-10-18,0.0,
2007-10-19,0.0,
2007-10-20,0.0,
2007-10-21,0.0,
2007-10-22,0.0,
2007-10-23,0.0,
2007-10-24,0.0,
2007-10-25,0.0,
2007-10-26,0.0,
2007-10-27,0.0,
2007-10-28,0.0,
2007-10-29,0.0,
2007-10-30,0.0,
2007-10-31,0.0,
2007-11-01,0.0,
2007-11-02,0.0,
2007-11-03,0.0,
2007-11-04,0.0,
2007-11-05,0.0,
2007-11-06,0.0,
2007-11-07,0.0,
2007-11-08,0.0,
2007-11-09,0.0,
2007-11-10,0.0,
2007-11-11,0.0,
2007-11-12,0.0,
2007-11-13,0.0,
2007-11-14,0.0,
2007-11-15,0.0,
2007-11-16,0.0,
2007-11-17,0.0,
2007-11-18,0.0,
2007-11-19,0.0,
2007-11-20,0.0,
2007-11-21,0.0,
2007-11-22,0.0,
2007-11-23,0.0,
2007-11-24,0.0,
2007-11-25,0.0,
2007-11-26,0.0,
2007-11-27,0.0,
2007-11-28,0.0,
2007-11-29,0.0,
2007-11-30,0.0,
2007-12-01,0.0,
2007-12-02,0.0,
2007-12-03,0.0,
2007-12-04,0.0,
2007-12-05,0.0,
2007-12-06,0.0,
2007-12-07,5.461,
2007-12-08,6.477,
2007-12-09,7.544,
2007-12-10,7.442,
2007-12-11,7.62,
2007-12-12,7.417,
2007-12-13,7.29,
2007-12-14,7.29,
2007-12-15,7.264,
2007-12-16,7.061,
2007-12-17,9.449,
2007-12-18,8.992,
2007-12-19,11.963,
2007-12-20,11.659,
2007-12-21,14.3,
2007-12-22,14.351,
2007-12-23,14.427,
2007-12-24,14.224,
2007-12-25,14.605,
2007-12-26,14.427,
2007-12-27,14.961,
2007-12-28,15.037,
2007-12-29,14.656,
2007-12-30,14.351,
2007-12-31,14.173,
2008-01-01,14.173,
2008-01-02,14.021,
2008-01-03,14.478,
2008-01-04,17.094,
2008-01-05,30.251,
2008-01-06,35.484,
2008-01-07,35.611,
2008-01-08,34.188,
2008-01-09,37.287,
2008-01-10,37.338,
2008-01-11,37.236,
2008-01-12,36.627,
2008-01-13,36.347,
2008-01-14,36.373,
2008-01-15,36.119,
2008-01-16,35.992,
2008-01-17,36.652,
2008-01-18,36.652,
2008-01-19,36.652,
2008-01-20,36.652,
2008-01-21,36.932,
2008-01-22,37.008,
2008-01-23,38.506,
2008-01-24,41.758,
2008-01-25,45.72,
2008-01-26,47.574,
2008-01-27,49.047,
2008-01-28,57.15,
2008-01-29,57.785,
2008-01-30,58.293,
2008-01-31,58.293,
2008-02-01,58.293,
2008-02-02,59.233,
2008-02-03,62.662,
2008-02-04,63.271,
2008-02-05,63.525,
2008-02-06,63.805,
2008-02-07,63.805,
2008-02-08,63.551,
2008-02-09,63.5,
2008-02-10,63.5,
2008-02-11,63.5,
2008-02-12,63.5,
2008-02-13,63.5,
2008-02-14,63.5,
2008-02-15,63.5,
2008-02-16,63.5,
2008-02-17,63.5,
2008-02-18,63.5,
2008-02-19,63.5,
2008-02-20,63.525,
2008-02-21,63.932,
2008-02-22,66.421,
2008-02-23,67.894,
2008-02-24,75.184,
2008-02-25,78.283,
2008-02-26,78.435,
2008-02-27,78.435,
2008-02-28,78.461,
2008-02-29,78.334,
2008-03-01,78.384,
2008-03-02,78.283,
2008-03-03,77.978,
2008-03-04,78.054,
2008-03-05,78.029,
2008-03-06,78.156,
2008-03-07,78.003,
2008-03-08,77.8,
2008-03-09,77.876,
2008-03-10,77.876,
2008-03-11,77.673,
2008-03-12,77.699,
2008-03-13,78.105,
2008-03-14,78.359,
2008-03-15,78.308,
2008-03-16,78.867,
2008-03-17,78.791,
2008-03-18,78.74,
2008-03-19,78.74,
2008-03-20,78.588,
2008-03-21,78.308,
2008-03-22,78.156,
2008-03-23,78.156,
2008-03-24,78.029,
2008-03-25,78.054,
2008-03-26,78.105,
2008-03-27,78.08,
2008-03-28,77.47,
2008-03-29,77.343,
2008-03-30,76.937,
2008-03-31,76.937,
2008-04-01,76.378,
2008-04-02,75.54,
2008-04-03,74.752,
2008-04-04,74.803,
2008-04-05,74.447,
2008-04-06,74.168,
2008-04-07,73.99,
2008-04-08,73.914,
2008-04-09,73.838,
2008-04-10,72.974,
2008-04-11,73.381,
2008-04-12,72.39,
2008-04-13,71.12,
2008-04-14,69.85,
2008-04-15,69.85,
2008-04-16,68.732,
2008-04-17,68.097,
2008-04-18,66.269,
2008-04-19,67.056,
2008-04-20,67.945,
2008-04-21,67.589,
2008-04-22,67.386,
2008-04-23,67.462,
2008-04-24,67.64,
2008-04-25,67.666,
2008-04-26,66.599,
2008-04-27,65.557,
2008-04-28,64.592,
2008-04-29,64.059,
2008-04-30,64.364,
2008-05-01,64.77,
2008-05-02,63.043,
2008-05-03,62.306,
2008-05-04,62.078,
2008-05-05,63.602,
2008-05-06,63.271,
2008-05-07,59.563,
2008-05-08,58.75,
2008-05-09,57.048,
2008-05-10,56.54,
2008-05-11,54.483,
2008-05-12,52.756,
2008-05-13,51.308,
2008-05-14,52.299,
2008-05-15,50.089,
2008-05-16,47.371,
2008-05-17,44.374,
2008-05-18,41.504,
2008-05-19,38.252,
2008-05-20,34.976,
2008-05-21,31.394,
2008-05-22,31.09,
2008-05-23,32.283,
2008-05-24,33.147,
2008-05-25,33.884,
2008-05-26,34.976,
2008-05-27,34.519,
2008-05-28,34.519,
2008-05-29,34.493,
2008-05-30,33.401,
2008-05-31,32.309,
2008-06-01,30.759,
2008-06-02,28.27,
2008-06-03,26.086,
2008-06-04,23.419,
2008-06-05,21.844,
2008-06-06,19.914,
2008-06-07,14.834,
2008-06-08,11.811,
2008-06-09,9.83,
2008-06-10,6.121,
2008-06-11,2.921,
2008-06-12,2.108,
2008-06-13,1.168,
2008-06-14,0.279,
2008-06-15,0.0,
2008-06-16,0.0,
2008-06-17,0.0,
2008-06-18,0.0,
2008-06-19,0.0,
2008-06-20,0.0,
2008-06-21,0.0,
2008-06-22,0.0,
2008-06-23,0.0,
2008-06-24,0.0,
2008-06-25,0.0,
2008-06-26,0.0,
2008-06-27,0.0,
2008-06-28,0.0,
2008-06-29,0.0,
2008-06-30,0.0,
2008-07-01,0.0,
2008-07-02,0.0,
2008-07-03,0.0,
2008-07-04,0.0,
2008-07-05,0.0,
2008-07-06,0.0,
2008-07-07,0.0,
2008-07-08,0.0,
2008-07-09,0.0,
2008-07-10,0.0,
2008-07-11,0.0,
2008-07-12,0.0,
2008-07-13,0.0,
2008-07-14,0.0,
2008-07-15,0.0,
2008-07-16,0.0,
2008-07-17,0.0,
2008-07-18,0.0,
2008-07-19,0.0,
2008-07-20,0.0,
2008-07-21,0.0,
2008-07-22,0.0,
2008-07-23,0.0,
2008-07-24,0.0,
2008-07-25,0.0,
2008-07-26,0.0,
2008-07-27,0.0,
2008-07-28,0.0,
2008-07-29,0.0,
2008-07-30,0.0,
2008-07-31,0.0,
2008-08-01,0.0,
2008-08-02,0.0,
2008-08-03,0.0,
2008-08-04,0.0,
2008-08-05,0.0,
2008-08-06,0.0,
2008-08-07,0.0,
2008-08-08,0.0,
2008-08-09,0.0,
2008-08-10,0.0,
2008-08-11,0.0,
2008-08-12,0.0,
2008-08-13,0.0,
2008-08-14,0.0,
2008-08-15,0.0,
2008-08-16,0.0,
2008-08-17,0.0,
2008-08-18,0.0,
2008-08-19,0.0,
2008-08-20,0.0,
2008-08-21,0.0,
2008-08-22,0.0,
2008-08-23,0.0,
2008-08-24,0.0,
2008-08-25,0.0,
2008-08-26,0.0,
2008-08-27,0.0,
2008-08-28,0.0,
2008-08-29,0.0,
2008-08-30,0.0,
2008-08-31,0.0,
2008-09-01,0.0,
2008-09-02,0.0,
2008-09-03,0.0,
2008-09-04,0.0,
2008-09-05,0.0,
2008-09-06,0.0,
2008-09-07,0.0,
2008-09-08,0.0,
2008-09-09,0.0,
2008-09-10,0.0,
2008-09-11,0.0,
2008-09-12,0.0,
2008-09-13,0.0,
2008-09-14,0.0,
2008-09-15,0.0,
2008-09-16,0.0,
2008-09-17,0.0,
2008-09-18,0.0,
2008-09-19,0.0,
2008-09-20,0.0,
2008-09-21,0.0,
2008-09-22,0.0,
2008-09-23,0.0,
2008-09-24,0.0,
2008-09-25,0.0,
2008-09-26,0.0,
2008-09-27,0.0,
2008-09-28,0.0,
2008-09-29,0.0,
2008-09-30,0.0,
2008-10-01,0.0,
2008-10-02,0.0,
2008-10-03,0.0,
2008-10-04,0.0,
2008-10-05,0.0,
2008-10-06,0.0,
2008-10-07,0.0,
2008-10-08,0.0,
2008-10-09,0.0,
2008-10-10,0.0,
2008-10-11,0.0,
2008-10-12,0.0,
2008-10-13,0.0,
2008-10-14,0.0,
2008-10-15,0.0,
2008-10-16,0.0,
2008-10-17,0.0,
2008-10-18,0.0,
2008-10-19,0.0,
2008-10-20,0.0,
2008-10-21,0.0,
2008-10-22,0.0,
2008-10-23,0.0,
2008-10-24,0.0,
2008-10-25,0.0,
2008-10-26,0.0,
2008-10-27,0.0,
2008-10-28,0.0,
2008-10-29,0.0,
2008-10-30,0.0,
2008-10-31,1.778,
2008-11-01,7.925,
2008-11-02,15.85,
2008-11-03,16.535,
2008-11-04,20.244,
2008-11-05,19.837,
2008-11-06,19.609,
2008-11-07,19.406,
2008-11-08,19.38,
2008-11-09,21.641,
2008-11-10,21.311,
2008-11-11,21.158,
2008-11-12,20.879,
2008-11-13,20.752,
2008-11-14,20.396,
2008-11-15,20.371,
2008-11-16,20.422,
2008-11-17,20.472,
2008-11-18,20.396,
2008-11-19,20.218,
2008-11-20,20.117,
2008-11-21,20.015,
2008-11-22,19.939,
2008-11-23,19.533,
2008-11-24,19.609,
2008-11-25,19.431,
2008-11-26,19.456,
2008-11-27,20.549,
2008-11-28,20.879,
2008-11-29,20.726,
2008-11-30,20.447,
2008-12-01,20.447,
2008-12-02,20.168,
2008-12-03,19.736,
2008-12-04,19.736,
2008-12-05,19.482,
2008-12-06,19.152,
2008-12-07,18.923,
2008-12-08,18.872,
2008-12-09,18.644,
2008-12-10,18.339,
2008-12-11,18.161,
2008-12-12,17.856,
2008-12-13,17.501,
2008-12-14,18.085,
2008-12-15,20.828,
2008-12-16,23.952,
2008-12-17,23.901,
2008-12-18,23.825,
2008-12-19,21.641,
2008-12-20,19.482,
2008-12-21,19.837,
2008-12-22,21.946,
2008-12-23,21.996,
2008-12-24,21.641,
2008-12-25,23.19,
2008-12-26,27.254,
2008-12-27,27.28,
2008-12-28,27.026,
2008-12-29,26.797,
2008-12-30,26.899,
2008-12-31,26.645,
2009-01-01,26.264,
2009-01-02,26.06,
2009-01-03,27.153,
2009-01-04,27.153,
2009-01-05,27.153,
2009-01-06,27.153,
2009-01-07,27.153,
2009-01-08,27.153,
2009-01-09,27.153,
2009-01-10,27.153,
2009-01-11,27.153,
2009-01-12,27.153,
2009-01-13,27.153,
2009-01-14,27.153,
2009-01-15,27.153,
2009-01-16,27.153,
2009-01-17,27.153,
2009-01-18,27.153,
2009-01-19,27.153,
2009-01-20,27.153,
2009-01-21,27.153,
2009-01-22,28.6,
2009-01-23,32.588,
2009-01-24,34.087,
2009-01-25,35.052,
2009-01-26,34.976,
2009-01-27,34.112,
2009-01-28,32.893,
2009-01-29,32.563,
2009-01-30,32.258,
2009-01-31,32.207,
2009-02-01,32.283,
2009-02-02,32.385,
2009-02-03,32.385,
2009-02-04,32.512,
2009-02-05,32.588,
2009-02-06,33.579,
2009-02-07,36.5,
2009-02-08,37.262,
2009-02-09,38.989,
2009-02-10,39.243,
2009-02-11,40.056,
2009-02-12,40.335,
2009-02-13,40.361,
2009-02-14,41.935,
2009-02-15,42.367,
2009-02-16,44.602,
2009-02-17,49.2,
2009-02-18,51.968,
2009-02-19,52.553,
2009-02-20,53.137,
2009-02-21,53.34,
2009-02-22,53.645,
2009-02-23,56.54,
2009-02-24,59.436,
2009-02-25,58.928,
2009-02-26,59.284,
2009-02-27,59.233,
2009-02-28,59.106,
2009-03-01,58.725,
2009-03-02,61.189,
2009-03-03,70.739,
2009-03-04,77.622,
2009-03-05,80.594,
2009-03-06,80.797,
2009-03-07,79.197,
2009-03-08,79.146,
2009-03-09,78.867,
2009-03-10,78.638,
2009-03-11,78.511,
2009-03-12,78.511,
2009-03-13,78.537,
2009-03-14,78.562,
2009-03-15,78.384,
2009-03-16,78.207,
2009-03-17,78.384,
2009-03-18,78.562,
2009-03-19,78.638,
2009-03-20,78.715,
2009-03-21,78.765,
2009-03-22,83.083,
2009-03-23,83.972,
2009-03-24,83.896,
2009-03-25,83.744,
2009-03-26,83.668,
2009-03-27,84.023,
2009-03-28,84.125,
2009-03-29,84.226,
2009-03-30,84.734,
2009-03-31,84.887,
2009-04-01,85.344,
2009-04-02,85.573,
2009-04-03,85.801,
2009-04-04,86.563,
2009-04-05,87.097,
2009-04-06,87.503,
2009-04-07,87.655,
2009-04-08,88.646,
2009-04-09,88.544,
2009-04-10,88.925,
2009-04-11,89.637,
2009-04-12,90.602,
2009-04-13,87.401,
2009-04-14,86.258,
2009-04-15,87.198,
2009-04-16,87.757,
2009-04-17,87.96,
2009-04-18,87.808,
2009-04-19,81.737,
2009-04-20,77.597,
2009-04-21,75.235,
2009-04-22,74.295,
2009-04-23,72.949,
2009-04-24,73.33,
2009-04-25,76.022,
2009-04-26,76.987,
2009-04-27,77.14,
2009-04-28,76.987,
2009-04-29,76.708,
2009-04-30,76.429,
2009-05-01,76.479,
2009-05-02,80.162,
2009-05-03,81.382,
2009-05-04,82.448,
2009-05-05,81.763,
2009-05-06,79.502,
2009-05-07,78.283,
2009-05-08,76.759,
2009-05-09,75.006,
2009-05-10,73.254,
2009-05-11,71.069,
2009-05-12,68.199,
2009-05-13,66.167,
2009-05-14,64.414,
2009-05-15,62.052,
2009-05-16,59.461,
2009-05-17,56.744,
2009-05-18,53.95,
2009-05-19,51.46,
2009-05-20,48.895,
2009-05-21,45.72,
2009-05-22,42.926,
2009-05-23,40.234,
2009-05-24,37.262,
2009-05-25,34.417,
2009-05-26,33.376,
2009-05-27,31.039,
2009-05-28,28.473,
2009-05-29,26.797,
2009-05-30,25.705,
2009-05-31,23.647,
2009-06-01,21.615,
2009-06-02,19.634,
2009-06-03,17.755,
2009-06-04,18.237,
2009-06-05,15.316,
2009-06-06,15.011,
2009-06-07,16.205,
2009-06-08,15.367,
2009-06-09,14.249,
2009-06-10,12.141,
2009-06-11,9.906,
2009-06-12,7.62,
2009-06-13,3.759,
2009-06-14,2.388,
2009-06-15,1.118,
2009-06-16,0.432,
2009-06-17,0.0,
2009-06-18,0.0,
2009-06-19,0.0,
2009-06-20,0.0,
2009-06-21,0.0,
2009-06-22,0.0,
2009-06-23,0.0,
2009-06-24,0.0,
2009-06-25,0.0,
2009-06-26,0.0,
2009-06-27,0.0,
2009-06-28,0.0,
2009-06-29,0.0,
2009-06-30,0.0,
2009-07-01,0.0,
2009-07-02,0.0,
2009-07-03,0.0,
2009-07-04,0.0,
2009-07-05,0.0,
2009-07-06,0.0,
2009-07-07,0.0,
2009-07-08,0.0,
2009-07-09,0.0,
2009-07-10,0.0,
2009-07-11,0.0,
2009-07-12,0.0,
2009-07-13,0.0,
2009-07-14,0.0,
2009-07-15,0.0,
2009-07-16,0.0,
2009-07-17,0.0,
2009-07-18,0.0,
2009-07-19,0.0,
2009-07-20,0.0,
2009-07-21,0.0,
2009-07-22,0.0,
2009-07-23,0.0,
2009-07-24,0.0,
2009-07-25,0.0,
2009-07-26,0.0,
2009-07-27,0.0,
2009-07-28,0.0,
2009-07-29,0.0,
2009-07-30,0.0,
2009-07-31,0.0,
2009-08-01,0.0,
2009-08-02,0.0,
2009-08-03,0.0,
2009-08-04,0.0,
2009-08-05,0.0,
2009-08-06,0.0,
2009-08-07,0.0,
2009-08-08,0.0,
2009-08-09,0.0,
2009-08-10,0.0,
2009-08-11,0.0,
2009-08-12,0.0,
2009-08-13,0.0,
2009-08-14,0.0,
2009-08-15,0.0,
2009-08-16,0.0,
2009-08-17,0.0,
2009-08-18,0.0,
2009-08-19,0.0,
2009-08-20,0.0,
2009-08-21,0.0,
2009-08-22,0.0,
2009-08-23,0.0,
2009-08-24,0.0,
2009-08-25,0.0,
2009-08-26,0.0,
2009-08-27,0.0,
2009-08-28,0.0,
2009-08-29,0.0,
2009-08-30,0.0,
2009-08-31,0.0,
2009-09-01,0.0,
2009-09-02,0.0,
2009-09-03,0.0,
2009-09-04,0.0,
2009-09-05,0.0,
2009-09-06,0.0,
2009-09-07,0.0,
2009-09-08,0.0,
2009-09-09,0.0,
2009-09-10,0.0,
2009-09-11,0.0,
2009-09-12,0.0,
2009-09-13,0.0,
2009-09-14,0.0,
2009-09-15,0.0,
2009-09-16,0.0,
2009-09-17,0.0,
2009-09-18,0.0,
2009-09-19,0.0,
2009-09-20,0.0,
2009-09-21,0.0,
2009-09-22,0.0,
2009-09-23,0.0,
2009-09-24,0.0,
2009-09-25,0.0,
2009-09-26,0.0,
2009-09-27,0.0,
2009-09-28,0.0,
2009-09-29,0.0,
2009-09-30,0.0,
2009-10-01,0.0,
2009-10-02,0.0,
2009-10-03,0.0,
2009-10-04,0.0,
2009-10-05,0.0,
2009-10-06,0.0,
2009-10-07,0.0,
2009-10-08,0.0,
2009-10-09,0.0,
2009-10-10,0.0,
2009-10-11,0.0,
2009-10-12,0.0,
2009-10-13,0.0,
2009-10-14,10.439,
2009-10-15,10.389,
2009-10-16,11.328,
2009-10-17,11.176,
2009-10-18,10.947,
2009-10-19,11.125,
2009-10-20,12.217,
2009-10-21,12.192,
2009-10-22,12.141,
2009-10-23,12.344,
2009-10-24,11.709,
2009-10-25,11.557,
2009-10-26,11.43,
2009-10-27,10.744,
2009-10-28,11.735,
2009-10-29,12.573,
2009-10-30,11.887,
2009-10-31,9.754,
2009-11-01,9.474,
2009-11-02,9.423,
2009-11-03,9.881,
2009-11-04,9.804,
2009-11-05,10.693,
2009-11-06,9.271,
2009-11-07,9.728,
2009-11-08,8.255,
2009-11-09,7.874,
2009-11-10,8.915,
2009-11-11,9.677,
2009-11-12,9.296,
2009-11-13,10.795,
2009-11-14,10.719,
2009-11-15,10.744,
2009-11-16,9.906,
2009-11-17,9.982,
2009-11-18,10.566,
2009-11-19,8.865,
2009-11-20,9.22,
2009-11-21,9.728,
2009-11-22,9.22,
2009-11-23,9.22,
2009-11-24,9.144,
2009-11-25,8.839,
2009-11-26,8.738,
2009-11-27,8.763,
2009-11-28,12.294,
2009-11-29,14.63,
2009-11-30,14.376,
2009-12-01,14.376,
2009-12-02,14.351,
2009-12-03,14.326,
2009-12-04,14.326,
2009-12-05,14.326,
2009-12-06,14.326,
2009-12-07,15.621,
2009-12-08,16.637,
2009-12-09,16.637,
2009-12-10,16.637,
2009-12-11,16.713,
2009-12-12,18.161,
2009-12-13,23.495,
2009-12-14,25.121,
2009-12-15,25.425,
2009-12-16,25.654,
2009-12-17,25.679,
2009-12-18,25.781,
2009-12-19,25.883,
2009-12-20,25.933,
2009-12-21,25.933,
2009-12-22,28.524,
2009-12-23,28.677,
2009-12-24,28.321,
2009-12-25,28.346,
2009-12-26,28.473,
2009-12-27,28.778,
2009-12-28,28.88,
2009-12-29,29.261,
2009-12-30,30.124,
2009-12-31,30.48,
2010-01-01,30.48,
2010-01-02,30.582,
2010-01-03,30.607,
2010-01-04,30.607,
2010-01-05,30.683,
2010-01-06,30.683,
2010-01-07,30.785,
2010-01-08,30.836,
2010-01-09,31.115,
2010-01-10,31.496,
2010-01-11,31.623,
2010-01-12,32.461,
2010-01-13,35.636,
2010-01-14,37.262,
2010-01-15,37.287,
2010-01-16,37.414,
2010-01-17,37.541,
2010-01-18,38.227,
2010-01-19,44.704,
2010-01-20,47.219,
2010-01-21,54.407,
2010-01-22,60.096,
2010-01-23,60.808,
2010-01-24,60.122,
2010-01-25,59.842,
2010-01-26,62.205,
2010-01-27,62.433,
2010-01-28,62.636,
2010-01-29,62.535,
2010-01-30,62.535,
2010-01-31,62.763,
2010-02-01,62.814,
2010-02-02,62.789,
2010-02-03,62.865,
2010-02-04,62.789,
2010-02-05,64.516,
2010-02-06,66.929,
2010-02-07,67.31,
2010-02-08,67.869,
2010-02-09,67.945,
2010-02-10,69.113,
2010-02-11,69.164,
2010-02-12,69.063,
2010-02-13,68.91,
2010-02-14,68.91,
2010-02-15,68.885,
2010-02-16,69.012,
2010-02-17,69.063,
2010-02-18,69.088,
2010-02-19,69.037,
2010-02-20,69.088,
2010-02-21,69.367,
2010-02-22,71.171,
2010-02-23,71.349,
2010-02-24,73.685,
2010-02-25,76.784,
2010-02-26,76.505,
2010-02-27,84.023,
2010-02-28,86.258,
2010-03-01,86.36,
2010-03-02,86.589,
2010-03-03,87.3,
2010-03-04,89.484,
2010-03-05,88.722,
2010-03-06,88.646,
2010-03-07,89.002,
2010-03-08,89.027,
2010-03-09,90.018,
2010-03-10,90.119,
2010-03-11,90.094,
2010-03-12,89.84,
2010-03-13,93.015,
2010-03-14,92.583,
2010-03-15,92.71,
2010-03-16,92.456,
2010-03-17,92.1,
2010-03-18,91.923,
2010-03-19,91.719,
2010-03-20,91.592,
2010-03-21,91.44,
2010-03-22,91.186,
2010-03-23,91.211,
2010-03-24,90.678,
2010-03-25,91.11,
2010-03-26,90.78,
2010-03-27,90.5,
2010-03-28,89.205,
2010-03-29,88.544,
2010-03-30,87.935,
2010-03-31,91.872,
2010-04-01,92.405,
2010-04-02,90.957,
2010-04-03,91.161,
2010-04-04,90.5,
2010-04-05,94.259,
2010-04-06,94.539,
2010-04-07,93.853,
2010-04-08,92.837,
2010-04-09,91.846,
2010-04-10,90.957,
2010-04-11,90.145,
2010-04-12,92.913,
2010-04-13,93.777,
2010-04-14,93.294,
2010-04-15,93.015,
2010-04-16,92.329,
2010-04-17,91.745,
2010-04-18,91.059,
2010-04-19,90.475,
2010-04-20,89.865,
2010-04-21,92.532,
2010-04-22,92.812,
2010-04-23,93.878,
2010-04-24,93.548,
2010-04-25,93.269,
2010-04-26,92.989,
2010-04-27,93.116,
2010-04-28,96.088,
2010-04-29,97.485,
2010-04-30,98.069,
2010-05-01,98.12,
2010-05-02,98.222,
2010-05-03,98.4,
2010-05-04,98.781,
2010-05-05,99.06,
2010-05-06,98.857,
2010-05-07,98.882,
2010-05-08,97.46,
2010-05-09,95.86,
2010-05-10,96.596,
2010-05-11,98.425,
2010-05-12,99.695,
2010-05-13,100.051,
2010-05-14,100.482,
2010-05-15,99.619,
2010-05-16,98.298,
2010-05-17,97.028,
2010-05-18,95.707,
2010-05-19,93.218,
2010-05-20,90.856,
2010-05-21,91.11,
2010-05-22,93.37,
2010-05-23,96.317,
2010-05-24,96.495,
2010-05-25,97.003,
2010-05-26,97.866,
2010-05-27,98.095,
2010-05-28,100.279,
2010-05-29,100.787,
2010-05-30,101.27,
2010-05-31,94.59,
2010-06-01,93.167,
2010-06-02,92.812,
2010-06-03,91.364,
2010-06-04,89.662,
2010-06-05,87.351,
2010-06-06,83.795,
2010-06-07,79.781,
2010-06-08,74.905,
2010-06-09,71.78,
2010-06-10,68.199,
2010-06-11,66.091,
2010-06-12,66.04,
2010-06-13,66.269,
2010-06-14,63.271,
2010-06-15,60.427,
2010-06-16,57.404,
2010-06-17,55.753,
2010-06-18,53.315,
2010-06-19,50.648,
2010-06-20,47.904,
2010-06-21,44.958,
2010-06-22,42.52,
2010-06-23,39.751,
2010-06-24,35.23,
2010-06-25,32.207,
2010-06-26,28.016,
2010-06-27,22.911,
2010-06-28,16.84,
2010-06-29,8.103,
2010-06-30,4.242,
2010-07-01,2.083,
2010-07-02,0.0,
2010-07-03,0.0,
2010-07-04,0.0,
2010-07-05,0.0,
2010-07-06,0.0,
2010-07-07,0.0,
2010-07-08,0.0,
2010-07-09,0.0,
2010-07-10,0.0,
2010-07-11,0.0,
2010-07-12,0.0,
2010-07-13,0.0,
2010-07-14,0.0,
2010-07-15,0.0,
2010-07-16,0.0,
2010-07-17,0.0,
2010-07-18,0.0,
2010-07-19,0.0,
2010-07-20,0.0,
2010-07-21,0.0,
2010-07-22,0.0,
2010-07-23,0.0,
2010-07-24,0.0,
2010-07-25,0.0,
2010-07-26,0.0,
2010-07-27,0.0,
2010-07-28,0.0,
2010-07-29,0.0,
2010-07-30,0.0,
2010-07-31,0.0,
2010-08-01,0.0,
2010-08-02,0.0,
2010-08-03,0.0,
2010-08-04,0.0,
2010-08-05,0.0,
2010-08-06,0.0,
2010-08-07,0.0,
2010-08-08,0.0,
2010-08-09,0.0,
2010-08-10,0.0,
2010-08-11,0.0,
2010-08-12,0.0,
2010-08-13,0.0,
2010-08-14,0.0,
2010-08-15,0.0,
2010-08-16,0.0,
2010-08-17,0.0,
2010-08-18,0.0,
2010-08-19,0.0,
2010-08-20,0.0,
2010-08-21,0.0,
2010-08-22,0.0,
2010-08-23,0.0,
2010-08-24,0.0,
2010-08-25,0.0,
2010-08-26,0.0,
2010-08-27,0.0,
2010-08-28,0.0,
2010-08-29,0.0,
2010-08-30,0.0,
2010-08-31,0.0,
2010-09-01,0.0,
2010-09-02,0.0,
2010-09-03,0.0,
2010-09-04,0.0,
2010-09-05,0.0,
2010-09-06,0.0,
2010-09-07,0.0,
2010-09-08,0.0,
2010-09-09,0.0,
2010-09-10,0.0,
2010-09-11,0.0,
2010-09-12,0.0,
2010-09-13,0.0,
2010-09-14,0.0,
2010-09-15,0.0,
2010-09-16,0.0,
2010-09-17,0.0,
2010-09-18,0.0,
2010-09-19,0.0,
2010-09-20,0.0,
2010-09-21,0.0,
2010-09-22,0.0,
2010-09-23,0.0,
2010-09-24,0.0,
2010-09-25,0.0,
2010-09-26,0.0,
2010-09-27,0.0,
2010-09-28,0.0,
2010-09-29,0.0,
2010-09-30,0.0,
2010-10-01,0.0,
2010-10-02,0.0,
2010-10-03,0.0,
2010-10-04,0.0,
2010-10-05,0.0,
2010-10-06,0.0,
2010-10-07,0.0,
2010-10-08,0.0,
2010-10-09,0.0,
2010-10-10,0.0,
2010-10-11,0.0,
2010-10-12,0.0,
2010-10-13,0.0,
2010-10-14,0.0,
2010-10-15,0.0,
2010-10-16,0.0,
2010-10-17,0.0,
2010-10-18,0.0,
2010-10-19,0.0,
2010-10-20,0.0,
2010-10-21,0.0,
2010-10-22,0.0,
2010-10-23,0.0,
2010-10-24,0.0,
2010-10-25,0.0,
2010-10-26,0.0,
2010-10-27,0.0,
2010-10-28,0.0,
2010-10-29,0.0,
2010-10-30,0.0,
2010-10-31,0.0,
2010-11-01,0.0,
2010-11-02,0.0,
2010-11-03,0.0,
2010-11-04,0.0,
2010-11-05,0.0,
2010-11-06,0.0,
2010-11-07,0.0,
2010-11-08,0.0,
2010-11-09,0.0,
2010-11-10,0.0,
2010-11-11,0.0,
2010-11-12,0.0,
2010-11-13,0.0,
2010-11-14,0.0,
2010-11-15,0.0,
2010-11-16,0.0,
2010-11-17,0.0,
2010-11-18,0.0,
2010-11-19,0.0,
2010-11-20,0.0,
2010-11-21,0.0,
2010-11-22,0.0,
2010-11-23,0.0,
2010-11-24,0.0,
2010-11-25,0.0,
2010-11-26,0.0,
2010-11-27,0.0,
2010-11-28,0.0,
2010-11-29,0.0,
2010-11-30,0.0,
2010-12-01,0.0,
2010-12-02,0.0,
2010-12-03,2.032,
2010-12-04,4.064,
2010-12-05,6.096,
2010-12-06,8.128,
2010-12-07,10.16,
2010-12-08,12.192,
2010-12-09,14.224,
2010-12-10,16.256,
2010-12-11,18.288,
2010-12-12,20.32,
2010-12-13,22.352,
2010-12-14,24.384,
2010-12-15,26.416,
2010-12-16,28.448,
2010-12-17,29.312,
2010-12-18,35.357,
2010-12-19,44.679,
2010-12-20,54.61,
2010-12-21,57.887,
2010-12-22,60.884,
2010-12-23,62.611,
2010-12-24,62.967,
2010-12-25,63.271,
2010-12-26,64.135,
2010-12-27,63.322,
2010-12-28,63.475,
2010-12-29,69.647,
2010-12-30,72.111,
2010-12-31,72.39,
2011-01-01,72.695,
2011-01-02,74.6,
2011-01-03,76.581,
2011-01-04,76.911,
2011-01-05,77.14,
2011-01-06,77.368,
2011-01-07,77.597,
2011-01-08,77.826,
2011-01-09,77.267,
2011-01-10,77.216,
2011-01-11,76.784,
2011-01-12,77.546,
2011-01-13,77.318,
2011-01-14,77.445,
2011-01-15,77.546,
2011-01-16,77.673,
2011-01-17,77.8,
2011-01-18,77.902,
2011-01-19,78.156,
2011-01-20,78.181,
2011-01-21,78.359,
2011-01-22,78.486,
2011-01-23,78.588,
2011-01-24,78.613,
2011-01-25,78.715,
2011-01-26,78.842,
2011-01-27,79.045,
2011-01-28,79.121,
2011-01-29,79.172,
2011-01-30,79.451,
2011-01-31,80.569,
2011-02-01,80.594,
2011-02-02,80.594,
2011-02-03,80.188,
2011-02-04,79.705,
2011-02-05,79.578,
2011-02-06,79.375,
2011-02-07,79.324,
2011-02-08,79.223,
2011-02-09,79.223,
2011-02-10,79.223,
2011-02-11,79.146,
2011-02-12,79.146,
2011-02-13,79.121,
2011-02-14,78.994,
2011-02-15,79.07,
2011-02-16,79.578,
2011-02-17,83.464,
2011-02-18,88.138,
2011-02-19,94.234,
2011-02-20,96.037,
2011-02-21,95.25,
2011-02-22,95.225,
2011-02-23,95.174,
2011-02-24,93.447,
2011-02-25,93.599,
2011-02-26,98.476,
2011-02-27,98.806,
2011-02-28,98.806,
2011-03-01,98.781,
2011-03-02,98.908,
2011-03-03,101.676,
2011-03-04,101.702,
2011-03-05,101.727,
2011-03-06,101.956,
2011-03-07,105.283,
2011-03-08,104.267,
2011-03-09,104.369,
2011-03-10,104.445,
2011-03-11,104.546,
2011-03-12,104.242,
2011-03-13,103.835,
2011-03-14,104.445,
2011-03-15,104.851,
2011-03-16,106.147,
2011-03-17,108.941,
2011-03-18,109.093,
2011-03-19,112.268,
2011-03-20,117.043,
2011-03-21,122.606,
2011-03-22,122.352,
2011-03-23,122.631,
2011-03-24,126.187,
2011-03-25,132.334,
2011-03-26,132.537,
2011-03-27,133.147,
2011-03-28,131.953,
2011-03-29,131.699,
2011-03-30,131.597,
2011-03-31,131.547,
2011-04-01,130.886,
2011-04-02,130.2,
2011-04-03,130.378,
2011-04-04,129.997,
2011-04-05,129.489,
2011-04-06,129.235,
2011-04-07,129.362,
2011-04-08,131.369,
2011-04-09,132.994,
2011-04-10,133.121,
2011-04-11,133.274,
2011-04-12,133.502,
2011-04-13,133.883,
2011-04-14,134.163,
2011-04-15,133.731,
2011-04-16,130.302,
2011-04-17,130.302,
2011-04-18,130.048,
2011-04-19,130.048,
2011-04-20,129.794,
2011-04-21,129.54,
2011-04-22,129.616,
2011-04-23,131.877,
2011-04-24,133.528,
2011-04-25,134.239,
2011-04-26,135.077,
2011-04-27,135.357,
2011-04-28,131.953,
2011-04-29,131.928,
2011-04-30,134.722,
2011-05-01,135.788,
2011-05-02,136.271,
2011-05-03,135.001,
2011-05-04,133.731,
2011-05-05,132.461,
2011-05-06,131.953,
2011-05-07,131.445,
2011-05-08,130.81,
2011-05-09,130.175,
2011-05-10,129.743,
2011-05-11,129.921,
2011-05-12,130.226,
2011-05-13,127.203,
2011-05-14,126.797,
2011-05-15,128.702,
2011-05-16,,
2011-05-17,,
2011-05-18,,
2011-05-19,,
2011-05-20,,
2011-05-21,,
2011-05-22,,
2011-05-23,,
2011-05-24,,
2011-05-25,,
2011-05-26,,
2011-05-27,,
2011-05-28,,
2011-05-29,,
2011-05-30,,
2011-05-31,,
2011-06-01,,
2011-06-02,,
2011-06-03,,
2011-06-04,,
2011-06-05,,
2011-06-06,,
2011-06-07,,
2011-06-08,,
2011-06-09,,
2011-06-10,,
2011-06-11,,
2011-06-12,,
2011-06-13,,
2011-06-14,,
2011-06-15,,
2011-06-16,,
2011-06-17,,
2011-06-18,,
2011-06-19,,
2011-06-20,,
2011-06-21,,
2011-06-22,,
2011-06-23,,
2011-06-24,,
2011-06-25,,
2011-06-26,,
2011-06-27,,
2011-06-28,,
2011-06-29,,
2011-06-30,,
2011-07-01,,
2011-07-02,,
2011-07-03,,
2011-07-04,,
2011-07-05,,
2011-07-06,,
2011-07-07,,
2011-07-08,,
2011-07-09,,
2011-07-10,,
2011-07-11,,
2011-07-12,,
2011-07-13,,
2011-07-14,,
2011-07-15,,
2011-07-16,,
2011-07-17,,
2011-07-18,,
2011-07-19,,
2011-07-20,,
2011-07-21,,
2011-07-22,,
2011-07-23,,
2011-07-24,,
2011-07-25,,
2011-07-26,,
2011-07-27,,
2011-07-28,,
2011-07-29,,
2011-07-30,,
2011-07-31,,
2011-08-01,,
2011-08-02,,
2011-08-03,,
2011-08-04,,
2011-08-05,,
2011-08-06,,
2011-08-07,,
2011-08-08,,
2011-08-09,,
2011-08-10,,
2011-08-11,,
2011-08-12,,
2011-08-13,,
2011-08-14,,
2011-08-15,,
2011-08-16,,
2011-08-17,,
2011-08-18,,
2011-08-19,,
2011-08-20,,
2011-08-21,,
2011-08-22,,
2011-08-23,,
2011-08-24,,
2011-08-25,,
2011-08-26,,
2011-08-27,,
2011-08-28,,
2011-08-29,,
2011-08-30,,
2011-08-31,,
2011-09-01,,
2011-09-02,,
2011-09-03,,
2011-09-04,,
2011-09-05,,
2011-09-06,,
2011-09-07,,
2011-09-08,,
2011-09-09,,
2011-09-10,,
2011-09-11,,
2011-09-12,,
2011-09-13,,
2011-09-14,,
2011-09-15,,
2011-09-16,,
2011-09-17,,
2011-09-18,,
2011-09-19,,
2011-09-20,,
2011-09-21,,
2011-09-22,,
2011-09-23,,
2011-09-24,,
2011-09-25,,
2011-09-26,,
2011-09-27,,
2011-09-28,,
2011-09-29,,
2011-09-30,,
2011-10-01,0.0,
2011-10-02,0.0,
2011-10-03,0.0,
2011-10-04,0.0,
2011-10-05,0.0,
2011-10-06,2.489,
2011-10-07,2.896,
2011-10-08,2.54,
2011-10-09,2.388,
2011-10-10,2.083,
2011-10-11,1.194,
2011-10-12,0.0,
2011-10-13,0.0,
2011-10-14,0.0,
2011-10-15,0.0,
2011-10-16,0.0,
2011-10-17,0.0,
2011-10-18,0.0,
2011-10-19,0.0,
2011-10-20,0.0,
2011-10-21,0.0,
2011-10-22,0.0,
2011-10-23,0.0,
2011-10-24,0.0,
2011-10-25,0.0,
2011-10-26,0.0,
2011-10-27,0.0,
2011-10-28,0.0,
2011-10-29,0.0,
2011-10-30,0.0,
2011-10-31,0.0,
2011-11-01,0.0,
2011-11-02,0.0,
2011-11-03,0.0,
2011-11-04,0.0,
2011-11-05,0.127,
2011-11-06,0.33,
2011-11-07,0.381,
2011-11-08,0.457,
2011-11-09,0.61,
2011-11-10,0.66,
2011-11-11,0.635,
2011-11-12,1.219,
2011-11-13,1.245,
2011-11-14,1.245,
2011-11-15,1.118,
2011-11-16,0.94,
2011-11-17,1.016,
2011-11-18,0.61,
2011-11-19,0.305,
2011-11-20,0.025,
2011-11-21,1.321,
2011-11-22,1.524,
2011-11-23,1.626,
2011-11-24,5.842,
2011-11-25,5.791,
2011-11-26,5.613,
2011-11-27,5.461,
2011-11-28,5.563,
2011-11-29,5.537,
2011-11-30,5.461,
2011-12-01,5.537,
2011-12-02,5.258,
2011-12-03,5.461,
2011-12-04,4.674,
2011-12-05,4.826,
2011-12-06,5.004,
2011-12-07,4.775,
2011-12-08,4.928,
2011-12-09,5.131,
2011-12-10,4.597,
2011-12-11,4.75,
2011-12-12,4.953,
2011-12-13,4.597,
2011-12-14,4.826,
2011-12-15,4.623,
2011-12-16,5.156,
2011-12-17,4.826,
2011-12-18,4.547,
2011-12-19,4.978,
2011-12-20,4.826,
2011-12-21,4.75,
2011-12-22,4.978,
2011-12-23,4.013,
2011-12-24,4.343,
2011-12-25,3.658,
2011-12-26,4.547,
2011-12-27,4.166,
2011-12-28,3.302,
2011-12-29,4.801,
2011-12-30,4.902,
2011-12-31,4.572,
2012-01-01,4.572,
2012-01-02,4.369,
2012-01-03,4.064,
2012-01-04,4.293,
2012-01-05,4.343,
2012-01-06,4.496,
2012-01-07,4.013,
2012-01-08,4.039,
2012-01-09,4.064,
2012-01-10,3.962,
2012-01-11,3.81,
2012-01-12,3.734,
2012-01-13,3.835,
2012-01-14,3.683,
2012-01-15,3.683,
2012-01-16,3.683,
2012-01-17,3.429,
2012-01-18,3.277,
2012-01-19,3.708,
2012-01-20,3.378,
2012-01-21,9.855,
2012-01-22,12.395,
2012-01-23,15.291,
2012-01-24,17.577,
2012-01-25,17.348,
2012-01-26,17.348,
2012-01-27,17.272,
2012-01-28,17.272,
2012-01-29,17.272,
2012-01-30,17.272,
2012-01-31,17.094,
2012-02-01,17.018,
2012-02-02,16.586,
2012-02-03,15.646,
2012-02-04,15.621,
2012-02-05,15.646,
2012-02-06,15.646,
2012-02-07,15.672,
2012-02-08,15.824,
2012-02-09,15.799,
2012-02-10,15.799,
2012-02-11,15.646,
2012-02-12,15.672,
2012-02-13,16.256,
2012-02-14,16.713,
2012-02-15,16.891,
2012-02-16,17.12,
2012-02-17,16.993,
2012-02-18,16.967,
2012-02-19,16.789,
2012-02-20,16.485,
2012-02-21,16.434,
2012-02-22,16.129,
2012-02-23,16.078,
2012-02-24,15.977,
2012-02-25,16.18,
2012-02-26,16.332,
2012-02-27,16.18,
2012-02-28,17.678,
2012-02-29,18.009,
2012-03-01,20.853,
2012-03-02,20.447,
2012-03-03,20.142,
2012-03-04,20.091,
2012-03-05,20.041,
2012-03-06,19.964,
2012-03-07,21.209,
2012-03-08,20.93,
2012-03-09,20.955,
2012-03-10,21.184,
2012-03-11,20.803,
2012-03-12,21.031,
2012-03-13,20.599,
2012-03-14,20.955,
2012-03-15,21.438,
2012-03-16,21.692,
2012-03-17,27.965,
2012-03-18,31.826,
2012-03-19,31.572,
2012-03-20,31.572,
2012-03-21,31.394,
2012-03-22,31.267,
2012-03-23,31.166,
2012-03-24,31.191,
2012-03-25,31.039,
2012-03-26,32.207,
2012-03-27,32.283,
2012-03-28,34.011,
2012-03-29,34.747,
2012-03-30,34.823,
2012-03-31,34.62,
2012-04-01,36.779,
2012-04-02,36.144,
2012-04-03,35.992,
2012-04-04,36.347,
2012-04-05,36.83,
2012-04-06,37.16,
2012-04-07,36.728,
2012-04-08,36.601,
2012-04-09,36.347,
2012-04-10,36.322,
2012-04-11,36.119,
2012-04-12,36.652,
2012-04-13,39.141,
2012-04-14,41.275,
2012-04-15,41.275,
2012-04-16,41.25,
2012-04-17,40.996,
2012-04-18,39.599,
2012-04-19,38.735,
2012-04-20,38.71,
2012-04-21,38.71,
2012-04-22,38.608,
2012-04-23,38.1,
2012-04-24,35.56,
2012-04-25,32.918,
2012-04-26,33.02,
2012-04-27,34.061,
2012-04-28,33.909,
2012-04-29,32.791,
2012-04-30,31.496,
2012-05-01,29.794,
2012-05-02,27.94,
2012-05-03,26.391,
2012-05-04,24.46,
2012-05-05,22.86,
2012-05-06,21.895,
2012-05-07,20.244,
2012-05-08,18.237,
2012-05-09,16.129,
2012-05-10,13.487,
2012-05-11,11.151,
2012-05-12,8.382,
2012-05-13,7.239,
2012-05-14,2.896,
2012-05-15,1.143,
2012-05-16,0.0,
2012-05-17,0.0,
2012-05-18,0.0,
2012-05-19,0.0,
2012-05-20,0.0,
2012-05-21,0.0,
2012-05-22,0.0,
2012-05-23,0.0,
2012-05-24,0.0,
2012-05-25,0.0,
2012-05-26,0.0,
2012-05-27,0.0,
2012-05-28,0.0,
2012-05-29,0.0,
2012-05-30,0.0,
2012-05-31,0.0,
2012-06-01,0.0,
2012-06-02,0.0,
2012-06-03,0.0,
2012-06-04,0.0,
2012-06-05,0.0,
2012-06-06,0.0,
2012-06-07,0.0,
2012-06-08,0.0,
2012-06-09,0.0,
2012-06-10,0.0,
2012-06-11,0.0,
2012-06-12,0.0,
2012-06-13,0.0,
2012-06-14,0.0,
2012-06-15,0.0,
2012-06-16,0.0,
2012-06-17,0.0,
2012-06-18,0.0,
2012-06-19,0.0,
2012-06-20,0.0,
2012-06-21,0.0,
2012-06-22,0.0,
2012-06-23,0.0,
2012-06-24,0.0,
2012-06-25,0.0,
2012-06-26,0.0,
2012-06-27,0.0,
2012-06-28,0.0,
2012-06-29,0.0,
2012-06-30,0.0,
2012-07-01,0.0,
2012-07-02,0.0,
2012-07-03,0.0,
2012-07-04,0.0,
2012-07-05,0.0,
2012-07-06,0.0,
2012-07-07,0.0,
2012-07-08,0.0,
2012-07-09,0.0,
2012-07-10,0.0,
2012-07-11,0.0,
2012-07-12,0.0,
2012-07-13,0.0,
2012-07-14,0.0,
2012-07-15,0.0,
2012-07-16,0.0,
2012-07-17,0.0,
2012-07-18,0.0,
2012-07-19,0.0,
2012-07-20,0.0,
2012-07-21,0.0,
2012-07-22,0.0,
2012-07-23,0.0,
2012-07-24,0.0,
2012-07-25,0.0,
2012-07-26,0.0,
2012-07-27,0.0,
2012-07-28,0.0,
2012-07-29,0.0,
2012-07-30,0.0,
2012-07-31,0.0,
2012-08-01,0.0,
2012-08-02,0.0,
2012-08-03,0.0,
2012-08-04,0.0,
2012-08-05,0.0,
2012-08-06,0.0,
2012-08-07,0.0,
2012-08-08,0.0,
2012-08-09,0.0,
2012-08-10,0.0,
2012-08-11,0.0,
2012-08-12,0.0,
2012-08-13,0.0,
2012-08-14,0.0,
2012-08-15,0.0,
2012-08-16,0.0,
2012-08-17,0.0,
2012-08-18,0.0,
2012-08-19,0.0,
2012-08-20,0.0,
2012-08-21,0.0,
2012-08-22,0.0,
2012-08-23,0.0,
2012-08-24,0.0,
2012-08-25,0.0,
2012-08-26,0.0,
2012-08-27,0.0,
2012-08-28,0.0,
2012-08-29,0.0,
2012-08-30,0.0,
2012-08-31,0.0,
2012-09-01,0.0,
2012-09-02,0.0,
2012-09-03,0.0,
2012-09-04,0.0,
2012-09-05,0.0,
2012-09-06,0.0,
2012-09-07,0.0,
2012-09-08,0.0,
2012-09-09,0.0,
2012-09-10,0.0,
2012-09-11,0.0,
2012-09-12,0.0,
2012-09-13,0.0,
2012-09-14,0.0,
2012-09-15,0.0,
2012-09-16,0.0,
2012-09-17,0.0,
2012-09-18,0.0,
2012-09-19,0.0,
2012-09-20,0.0,
2012-09-21,0.0,
2012-09-22,0.0,
2012-09-23,0.0,
2012-09-24,0.0,
2012-09-25,0.0,
2012-09-26,0.0,
2012-09-27,0.0,
2012-09-28,0.0,
2012-09-29,0.0,
2012-09-30,0.0,
2012-10-01,0.0,
2012-10-02,0.0,
2012-10-03,0.0,
2012-10-04,0.0,
2012-10-05,0.0,
2012-10-06,0.0,
2012-10-07,0.0,
2012-10-08,0.0,
2012-10-09,0.0,
2012-10-10,0.0,
2012-10-11,0.0,
2012-10-12,0.0,
2012-10-13,0.0,
2012-10-14,0.0,
2012-10-15,0.0,
2012-10-16,0.0,
2012-10-17,0.0,
2012-10-18,0.0,
2012-10-19,0.0,
2012-10-20,0.0,
2012-10-21,0.0,
2012-10-22,0.0,
2012-10-23,0.0,
2012-10-24,0.0,
2012-10-25,0.0,
2012-10-26,0.0,
2012-10-27,0.0,
2012-10-28,0.0,
2012-10-29,0.0,
2012-10-30,0.0,
2012-10-31,0.0,
2012-11-01,0.0,
2012-11-02,0.0,
2012-11-03,0.0,
2012-11-04,0.0,
2012-11-05,0.0,
2012-11-06,0.0,
2012-11-07,0.0,
2012-11-08,0.0,
2012-11-09,0.0,
2012-11-10,0.0,
2012-11-11,0.0,
2012-11-12,0.0,
2012-11-13,0.0,
2012-11-14,0.0,
2012-11-15,0.051,
2012-11-16,0.076,
2012-11-17,0.838,
2012-11-18,2.413,
2012-11-19,2.794,
2012-11-20,2.946,
2012-11-21,3.048,
2012-11-22,3.226,
2012-11-23,3.277,
2012-11-24,3.327,
2012-11-25,3.353,
2012-11-26,3.327,
2012-11-27,3.302,
2012-11-28,2.896,
2012-11-29,5.664,
2012-11-30,10.617,
2012-12-01,15.24,
2012-12-02,14.961,
2012-12-03,19.152,
2012-12-04,19.05,
2012-12-05,20.371,
2012-12-06,21.006,
2012-12-07,21.133,
2012-12-08,21.234,
2012-12-09,21.26,
2012-12-10,21.311,
2012-12-11,21.361,
2012-12-12,21.692,
2012-12-13,23.927,
2012-12-14,26.949,
2012-12-15,27.051,
2012-12-16,27.153,
2012-12-17,27.076,
2012-12-18,27.661,
2012-12-19,27.737,
2012-12-20,27.889,
2012-12-21,28.6,
2012-12-22,29.87,
2012-12-23,32.715,
2012-12-24,36.627,
2012-12-25,36.449,
2012-12-26,38.633,
2012-12-27,39.167,
2012-12-28,39.192,
2012-12-29,39.167,
2012-12-30,39.268,
2012-12-31,39.548,
2013-01-01,39.726,
2013-01-02,39.751,
2013-01-03,39.776,
2013-01-04,39.827,
2013-01-05,39.827,
2013-01-06,39.98,
2013-01-07,40.665,
2013-01-08,40.691,
2013-01-09,40.691,
2013-01-10,41.961,
2013-01-11,42.139,
2013-01-12,41.961,
2013-01-13,41.986,
2013-01-14,42.012,
2013-01-15,41.758,
2013-01-16,41.554,
2013-01-17,41.554,
2013-01-18,41.554,
2013-01-19,41.58,
2013-01-20,41.58,
2013-01-21,41.58,
2013-01-22,41.58,
2013-01-23,41.605,
2013-01-24,41.783,
2013-01-25,42.164,
2013-01-26,42.215,
2013-01-27,42.596,
2013-01-28,42.723,
2013-01-29,42.723,
2013-01-30,41.885,
2013-01-31,41.885,
2013-02-01,41.885,
2013-02-02,41.885,
2013-02-03,41.859,
2013-02-04,41.885,
2013-02-05,41.885,
2013-02-06,41.885,
2013-02-07,41.808,
2013-02-08,41.961,
2013-02-09,42.316,
2013-02-10,42.24,
2013-02-11,41.961,
2013-02-12,41.91,
2013-02-13,41.859,
2013-02-14,41.91,
2013-02-15,41.808,
2013-02-16,41.783,
2013-02-17,41.58,
2013-02-18,41.402,
2013-02-19,41.199,
2013-02-20,41.834,
2013-02-21,41.732,
2013-02-22,41.554,
2013-02-23,41.377,
2013-02-24,41.351,
2013-02-25,41.072,
2013-02-26,40.894,
2013-02-27,40.818,
2013-02-28,40.564,
2013-03-01,40.64,
2013-03-02,40.488,
2013-03-03,40.386,
2013-03-04,41.25,
2013-03-05,41.25,
2013-03-06,41.859,
2013-03-07,43.815,
2013-03-08,44.094,
2013-03-09,45.034,
2013-03-10,44.679,
2013-03-11,44.628,
2013-03-12,44.577,
2013-03-13,44.526,
2013-03-14,44.425,
2013-03-15,44.399,
2013-03-16,44.425,
2013-03-17,44.475,
2013-03-18,44.552,
2013-03-19,44.78,
2013-03-20,45.187,
2013-03-21,45.796,
2013-03-22,46.101,
2013-03-23,46.05,
2013-03-24,45.974,
2013-03-25,45.898,
2013-03-26,45.847,
2013-03-27,46.203,
2013-03-28,46.431,
2013-03-29,46.558,
2013-03-30,46.711,
2013-03-31,46.431,
2013-04-01,47.396,
2013-04-02,48.031,
2013-04-03,47.727,
2013-04-04,43.739,
2013-04-05,45.39,
2013-04-06,45.669,
2013-04-07,44.298,
2013-04-08,44.374,
2013-04-09,45.415,
2013-04-10,45.415,
2013-04-11,43.688,
2013-04-12,43.764,
2013-04-13,43.078,
2013-04-14,42.723,
2013-04-15,42.215,
2013-04-16,42.901,
2013-04-17,44.094,
2013-04-18,44.247,
2013-04-19,43.459,
2013-04-20,42.596,
2013-04-21,41.961,
2013-04-22,41.605,
2013-04-23,40.589,
2013-04-24,39.878,
2013-04-25,39.37,
2013-04-26,38.71,
2013-04-27,37.948,
2013-04-28,36.652,
2013-04-29,35.509,
2013-04-30,34.239,
2013-05-01,33.147,
2013-05-02,32.487,
2013-05-03,31.445,
2013-05-04,30.607,
2013-05-05,30.251,
2013-05-06,30.048,
2013-05-07,30.074,
2013-05-08,30.632,
2013-05-09,30.734,
2013-05-10,29.845,
2013-05-11,28.931,
2013-05-12,27.508,
2013-05-13,25.908,
2013-05-14,24.486,
2013-05-15,23.292,
2013-05-16,21.692,
2013-05-17,21.946,
2013-05-18,21.59,
2013-05-19,20.472,
2013-05-20,19.126,
2013-05-21,17.501,
2013-05-22,15.824,
2013-05-23,14.63,
2013-05-24,13.487,
2013-05-25,11.252,
2013-05-26,8.89,
2013-05-27,6.807,
2013-05-28,7.239,
2013-05-29,5.69,
2013-05-30,2.743,
2013-05-31,0.787,
2013-06-01,0.0,
2013-06-02,0.0,
2013-06-03,0.0,
2013-06-04,0.0,
2013-06-05,0.0,
2013-06-06,0.0,
2013-06-07,0.0,
2013-06-08,0.0,
2013-06-09,0.0,
2013-06-10,0.0,
2013-06-11,0.0,
2013-06-12,0.0,
2013-06-13,0.0,
2013-06-14,0.0,
2013-06-15,0.0,
2013-06-16,0.0,
2013-06-17,0.0,
2013-06-18,0.0,
2013-06-19,0.0,
2013-06-20,0.0,
2013-06-21,0.0,
2013-06-22,0.0,
2013-06-23,0.0,
2013-06-24,0.0,
2013-06-25,0.0,
2013-06-26,0.0,
2013-06-27,0.0,
2013-06-28,0.0,
2013-06-29,0.0,
2013-06-30,0.0,
2013-07-01,0.0,
2013-07-02,0.0,
2013-07-03,0.0,
2013-07-04,0.0,
2013-07-05,0.0,
2013-07-06,0.0,
2013-07-07,0.0,
2013-07-08,0.0,
2013-07-09,0.0,
2013-07-10,0.0,
2013-07-11,0.0,
2013-07-12,0.0,
2013-07-13,0.0,
2013-07-14,0.0,
2013-07-15,0.0,
2013-07-16,0.0,
2013-07-17,0.0,
2013-07-18,0.0,
2013-07-19,0.0,
2013-07-20,0.0,
2013-07-21,0.0,
2013-07-22,0.0,
2013-07-23,0.0,
2013-07-24,0.0,
2013-07-25,0.0,
2013-07-26,0.0,
2013-07-27,0.0,
2013-07-28,0.0,
2013-07-29,0.0,
2013-07-30,0.0,
2013-07-31,0.0,
2013-08-01,0.0,
2013-08-02,0.0,
2013-08-03,0.0,
2013-08-04,0.0,
2013-08-05,0.0,
2013-08-06,0.0,
2013-08-07,0.0,
2013-08-08,0.0,
2013-08-09,0.0,
2013-08-10,0.0,
2013-08-11,0.0,
2013-08-12,0.0,
2013-08-13,0.0,
2013-08-14,0.0,
2013-08-15,0.0,
2013-08-16,0.0,
2013-08-17,0.0,
2013-08-18,0.0,
2013-08-19,0.0,
2013-08-20,0.0,
2013-08-21,0.0,
2013-08-22,0.0,
2013-08-23,0.0,
2013-08-24,0.0,
2013-08-25,0.0,
2013-08-26,0.0,
2013-08-27,0.0,
2013-08-28,0.0,
2013-08-29,0.0,
2013-08-30,0.0,
2013-08-31,0.0,
2013-09-01,0.0,
2013-09-02,0.0,
2013-09-03,0.0,
2013-09-04,0.0,
2013-09-05,0.0,
2013-09-06,0.0,
2013-09-07,0.0,
2013-09-08,0.0,
2013-09-09,0.0,
2013-09-10,0.0,
2013-09-11,0.0,
2013-09-12,0.0,
2013-09-13,0.0,
2013-09-14,0.0,
2013-09-15,0.0,
2013-09-16,0.0,
2013-09-17,0.0,
2013-09-18,0.0,
2013-09-19,0.0,
2013-09-20,0.0,
2013-09-21,0.0,
2013-09-22,0.0,
2013-09-23,0.0,
2013-09-24,0.0,
2013-09-25,0.0,
2013-09-26,0.0,
2013-09-27,0.0,
2013-09-28,0.0,
2013-09-29,0.0,
2013-09-30,0.0,
2013-10-01,0.0,
2013-10-02,0.0,
2013-10-03,0.0,
2013-10-04,0.0,
2013-10-05,0.0,
2013-10-06,0.0,
2013-10-07,0.0,
2013-10-08,0.0,
2013-10-09,0.0,
2013-10-10,0.0,
2013-10-11,0.0,
2013-10-12,0.0,
2013-10-13,0.0,
2013-10-14,0.0,
2013-10-15,0.0,
2013-10-16,0.0,
2013-10-17,0.0,
2013-10-18,0.0,
2013-10-19,0.0,
2013-10-20,0.0,
2013-10-21,0.0,
2013-10-22,0.0,
2013-10-23,0.0,
2013-10-24,0.0,
2013-10-25,0.0,
2013-10-26,0.0,
2013-10-27,0.0,
2013-10-28,0.0,
2013-10-29,0.0,
2013-10-30,0.0,
2013-10-31,0.0,
2013-11-01,0.0,
2013-11-02,0.0,
2013-11-03,0.0,
2013-11-04,0.0,
2013-11-05,0.0,
2013-11-06,0.0,
2013-11-07,0.0,
2013-11-08,0.0,
2013-11-09,0.0,
2013-11-10,0.0,
2013-11-11,0.0,
2013-11-12,0.0,
2013-11-13,0.0,
2013-11-14,0.0,
2013-11-15,0.0,
2013-11-16,0.0,
2013-11-17,0.0,
2013-11-18,0.0,
2013-11-19,0.0,
2013-11-20,0.381,
2013-11-21,0.0,
2013-11-22,0.711,
2013-11-23,1.194,
2013-11-24,1.143,
2013-11-25,1.092,
2013-11-26,1.067,
2013-11-27,1.016,
2013-11-28,0.991,
2013-11-29,0.991,
2013-11-30,0.965,
2013-12-01,0.965,
2013-12-02,0.864,
2013-12-03,0.813,
2013-12-04,2.642,
2013-12-05,2.667,
2013-12-06,2.667,
2013-12-07,4.166,
2013-12-08,4.013,
2013-12-09,3.937,
2013-12-10,3.886,
2013-12-11,3.912,
2013-12-12,3.937,
2013-12-13,3.81,
2013-12-14,3.785,
2013-12-15,3.81,
2013-12-16,3.81,
2013-12-17,3.81,
2013-12-18,3.861,
2013-12-19,3.988,
2013-12-20,4.369,
2013-12-21,4.14,
2013-12-22,3.937,
2013-12-23,3.835,
2013-12-24,3.81,
2013-12-25,3.734,
2013-12-26,3.708,
2013-12-27,3.708,
2013-12-28,3.581,
2013-12-29,3.505,
2013-12-30,3.531,
2013-12-31,3.531,
2014-01-01,3.429,
2014-01-02,3.404,
2014-01-03,3.429,
2014-01-04,3.404,
2014-01-05,3.302,
2014-01-06,3.277,
2014-01-07,3.226,
2014-01-08,3.099,
2014-01-09,2.921,
2014-01-10,2.946,
2014-01-11,2.921,
2014-01-12,2.972,
2014-01-13,2.946,
2014-01-14,2.946,
2014-01-15,2.946,
2014-01-16,2.896,
2014-01-17,2.819,
2014-01-18,2.769,
2014-01-19,2.769,
2014-01-20,2.718,
2014-01-21,2.642,
2014-01-22,2.667,
2014-01-23,2.616,
2014-01-24,2.616,
2014-01-25,2.54,
2014-01-26,2.54,
2014-01-27,2.54,
2014-01-28,2.54,
2014-01-29,2.54,
2014-01-30,2.794,
2014-01-31,2.769,
2014-02-01,3.023,
2014-02-02,3.023,
2014-02-03,3.2,
2014-02-04,3.099,
2014-02-05,2.972,
2014-02-06,2.845,
2014-02-07,2.819,
2014-02-08,3.861,
2014-02-09,6.477,
2014-02-10,8.001,
2014-02-11,8.153,
2014-02-12,8.103,
2014-02-13,8.077,
2014-02-14,7.976,
2014-02-15,7.899,
2014-02-16,9.068,
2014-02-17,9.093,
2014-02-18,9.093,
2014-02-19,9.373,
2014-02-20,9.22,
2014-02-21,9.169,
2014-02-22,9.093,
2014-02-23,9.144,
2014-02-24,9.169,
2014-02-25,9.246,
2014-02-26,9.093,
2014-02-27,11.582,
2014-02-28,12.319,
2014-03-01,17.094,
2014-03-02,17.424,
2014-03-03,17.501,
2014-03-04,17.602,
2014-03-05,17.628,
2014-03-06,17.882,
2014-03-07,18.517,
2014-03-08,18.466,
2014-03-09,18.466,
2014-03-10,18.339,
2014-03-11,18.313,
2014-03-12,18.186,
2014-03-13,18.339,
2014-03-14,18.288,
2014-03-15,18.339,
2014-03-16,18.313,
2014-03-17,18.237,
2014-03-18,18.263,
2014-03-19,18.263,
2014-03-20,18.186,
2014-03-21,18.186,
2014-03-22,18.136,
2014-03-23,18.161,
2014-03-24,18.237,
2014-03-25,18.186,
2014-03-26,18.745,
2014-03-27,20.244,
2014-03-28,20.269,
2014-03-29,20.371,
2014-03-30,22.454,
2014-03-31,22.53,
2014-04-01,23.978,
2014-04-02,24.384,
2014-04-03,24.638,
2014-04-04,24.816,
2014-04-05,24.816,
2014-04-06,24.892,
2014-04-07,24.943,
2014-04-08,24.968,
2014-04-09,24.714,
2014-04-10,24.486,
2014-04-11,24.206,
2014-04-12,23.927,
2014-04-13,23.825,
2014-04-14,23.241,
2014-04-15,22.428,
2014-04-16,22.073,
2014-04-17,20.828,
2014-04-18,19.99,
2014-04-19,19.99,
2014-04-20,19.228,
2014-04-21,18.339,
2014-04-22,18.034,
2014-04-23,18.339,
2014-04-24,17.856,
2014-04-25,17.475,
2014-04-26,19.964,
2014-04-27,19.863,
2014-04-28,19.736,
2014-04-29,19.025,
2014-04-30,18.618,
2014-05-01,17.983,
2014-05-02,16.764,
2014-05-03,15.519,
2014-05-04,14.402,
2014-05-05,13.259,
2014-05-06,12.852,
2014-05-07,13.183,
2014-05-08,12.954,
2014-05-09,12.598,
2014-05-10,11.278,
2014-05-11,10.185,
2014-05-12,9.525,
2014-05-13,8.712,
2014-05-14,7.671,
2014-05-15,6.604,
2014-05-16,4.877,
2014-05-17,3.2,
2014-05-18,1.753,
2014-05-19,0.991,
2014-05-20,0.0,
2014-05-21,1.27,
2014-05-22,1.524,
2014-05-23,0.0,
2014-05-24,0.0,
2014-05-25,0.0,
2014-05-26,0.0,
2014-05-27,0.0,
2014-05-28,0.0,
2014-05-29,0.0,
2014-05-30,0.0,
2014-05-31,0.0,
2014-06-01,0.0,
2014-06-02,0.0,
2014-06-03,0.0,
2014-06-04,0.0,
2014-06-05,0.0,
2014-06-06,0.0,
2014-06-07,0.0,
2014-06-08,0.0,
2014-06-09,0.0,
2014-06-10,0.0,
2014-06-11,0.0,
2014-06-12,0.0,
2014-06-13,0.0,
2014-06-14,0.0,
2014-06-15,0.0,
2014-06-16,0.0,
2014-06-17,0.0,
2014-06-18,0.0,
2014-06-19,0.0,
2014-06-20,0.0,
2014-06-21,0.0,
2014-06-22,0.0,
2014-06-23,0.0,
2014-06-24,0.0,
2014-06-25,0.0,
2014-06-26,0.0,
2014-06-27,0.0,
2014-06-28,0.0,
2014-06-29,0.0,
2014-06-30,0.0,
2014-07-01,0.0,
2014-07-02,0.0,
2014-07-03,0.0,
2014-07-04,0.0,
2014-07-05,0.0,
2014-07-06,0.0,
2014-07-07,0.0,
2014-07-08,0.0,
2014-07-09,0.0,
2014-07-10,0.0,
2014-07-11,0.0,
2014-07-12,0.0,
2014-07-13,0.0,
2014-07-14,0.0,
2014-07-15,0.0,
2014-07-16,0.0,
2014-07-17,0.0,
2014-07-18,0.0,
2014-07-19,0.0,
2014-07-20,0.0,
2014-07-21,0.0,
2014-07-22,0.0,
2014-07-23,0.0,
2014-07-24,0.0,
2014-07-25,0.0,
2014-07-26,0.0,
2014-07-27,0.0,
2014-07-28,0.0,
2014-07-29,0.0,
2014-07-30,0.0,
2014-07-31,0.0,
2014-08-01,0.0,
2014-08-02,0.0,
2014-08-03,0.0,
2014-08-04,0.0,
2014-08-05,0.0,
2014-08-06,0.0,
2014-08-07,0.0,
2014-08-08,0.0,
2014-08-09,0.0,
2014-08-10,0.0,
2014-08-11,0.0,
2014-08-12,0.0,
2014-08-13,0.0,
2014-08-14,0.0,
2014-08-15,0.0,
2014-08-16,0.0,
2014-08-17,0.0,
2014-08-18,0.0,
2014-08-19,0.0,
2014-08-20,0.0,
2014-08-21,0.0,
2014-08-22,0.0,
2014-08-23,0.0,
2014-08-24,0.0,
2014-08-25,0.0,
2014-08-26,0.0,
2014-08-27,0.0,
2014-08-28,0.0,
2014-08-29,0.0,
2014-08-30,0.0,
2014-08-31,0.0,
2014-09-01,0.0,
2014-09-02,0.0,
2014-09-03,0.0,
2014-09-04,0.0,
2014-09-05,0.0,
2014-09-06,0.0,
2014-09-07,0.0,
2014-09-08,0.0,
2014-09-09,0.0,
2014-09-10,0.0,
2014-09-11,0.0,
2014-09-12,0.0,
2014-09-13,0.0,
2014-09-14,0.0,
2014-09-15,0.0,
2014-09-16,0.0,
2014-09-17,0.0,
2014-09-18,0.0,
2014-09-19,0.0,
2014-09-20,0.0,
2014-09-21,0.0,
2014-09-22,0.0,
2014-09-23,0.0,
2014-09-24,0.0,
2014-09-25,0.0,
2014-09-26,0.0,
2014-09-27,0.0,
2014-09-28,0.0,
2014-09-29,0.0,
2014-09-30,0.0,
2014-10-01,0.0,
2014-10-02,0.0,
2014-10-03,0.0,
2014-10-04,0.0,
2014-10-05,0.0,
2014-10-06,0.0,
2014-10-07,0.0,
2014-10-08,0.0,
2014-10-09,0.0,
2014-10-10,0.0,
2014-10-11,0.0,
2014-10-12,0.0,
2014-10-13,0.0,
2014-10-14,0.0,
2014-10-15,0.0,
2014-10-16,0.0,
2014-10-17,0.0,
2014-10-18,0.0,
2014-10-19,0.0,
2014-10-20,0.0,
2014-10-21,0.0,
2014-10-22,0.0,
2014-10-23,0.0,
2014-10-24,0.0,
2014-10-25,0.0,
2014-10-26,0.0,
2014-10-27,0.0,
2014-10-28,0.0,
2014-10-29,0.0,
2014-10-30,0.0,
2014-10-31,0.0,
2014-11-01,0.0,
2014-11-02,0.0,
2014-11-03,0.0,
2014-11-04,0.0,
2014-11-05,0.0,
2014-11-06,0.0,
2014-11-07,0.0,
2014-11-08,0.0,
2014-11-09,0.0,
2014-11-10,0.0,
2014-11-11,0.0,
2014-11-12,0.0,
2014-11-13,0.0,
2014-11-14,0.0,
2014-11-15,0.0,
2014-11-16,0.0,
2014-11-17,0.0,
2014-11-18,0.0,
2014-11-19,0.0,
2014-11-20,0.025,
2014-11-21,0.127,
2014-11-22,0.0,
2014-11-23,0.356,
2014-11-24,0.178,
2014-11-25,0.127,
2014-11-26,0.178,
2014-11-27,0.076,
2014-11-28,0.127,
2014-11-29,0.0,
2014-11-30,0.483,
2014-12-01,,12.7
2014-12-02,,15.24
2014-12-03,,50.8
2014-12-04,,68.58
2014-12-05,,63.5
2014-12-06,,60.96
2014-12-07,,60.96
2014-12-08,,55.88
2014-12-09,,55.88
2014-12-10,,53.34
2014-12-11,,53.34
2014-12-12,,68.58
2014-12-13,,76.2
2014-12-14,,73.66
2014-12-15,,68.58
2014-12-16,,88.9
2014-12-17,,91.44
2014-12-18,,91.44
2014-12-19,,83.82
2014-12-20,,76.2
2014-12-21,,66.04
2014-12-22,,63.5
2014-12-23,,63.5
2014-12-24,,60.96
2014-12-25,,63.5
2014-12-26,,60.96
2014-12-27,,63.5
2014-12-28,,63.5
2014-12-29,,60.96
2014-12-30,,55.88
2014-12-31,,55.88
2015-01-01,,48.26
2015-01-02,,48.26
2015-01-03,,48.26
2015-01-04,,48.26
2015-01-05,,48.26
2015-01-06,,48.26
2015-01-07,,48.26
2015-01-08,,48.26
2015-01-09,,48.26
2015-01-10,,48.26
2015-01-11,,50.8
2015-01-12,,50.8
2015-01-13,,50.8
2015-01-14,,48.26
2015-01-15,,50.8
2015-01-16,,50.8
2015-01-17,,48.26
2015-01-18,,48.26
2015-01-19,,48.26
2015-01-20,,45.72
2015-01-21,,48.26
2015-01-22,,45.72
2015-01-23,,48.26
2015-01-24,,45.72
2015-01-25,,45.72
2015-01-26,,45.72
2015-01-27,,45.72
2015-01-28,,58.42
2015-01-29,,55.88
2015-01-30,,55.88
2015-01-31,,58.42
2015-02-01,,55.88
2015-02-02,,55.88
2015-02-03,,55.88
2015-02-04,,53.34
2015-02-05,,53.34
2015-02-06,,45.72
2015-02-07,,73.66
2015-02-08,,78.74
2015-02-09,,96.52
2015-02-10,,91.44
2015-02-11,,93.98
2015-02-12,,91.44
2015-02-13,,88.9
2015-02-14,,86.36
2015-02-15,,86.36
2015-02-16,,83.82
2015-02-17,,83.82
2015-02-18,,81.28
2015-02-19,,81.28
2015-02-20,,81.28
2015-02-21,,76.2
2015-02-22,,71.12
2015-02-23,,101.6
2015-02-24,,96.52
2015-02-25,,91.44
2015-02-26,14.148,86.36
2015-02-27,29.87,86.36
2015-02-28,30.023,86.36
2015-03-01,30.429,99.06
2015-03-02,30.937,101.6
2015-03-03,31.064,99.06
2015-03-04,31.115,99.06
2015-03-05,31.14,96.52
2015-03-06,31.14,93.98
2015-03-07,31.14,93.98
2015-03-08,31.242,91.44
2015-03-09,31.318,91.44
2015-03-10,31.191,88.9
2015-03-11,31.039,86.36
2015-03-12,31.242,88.9
2015-03-13,31.242,86.36
2015-03-14,31.75,86.36
2015-03-15,30.785,83.82
2015-03-16,30.734,83.82
2015-03-17,30.734,81.28
2015-03-18,30.709,81.28
2015-03-19,30.404,81.28
2015-03-20,30.683,78.74
2015-03-21,30.582,76.2
2015-03-22,30.48,73.66
2015-03-23,30.607,73.66
2015-03-24,30.785,73.66
2015-03-25,30.658,76.2
2015-03-26,30.861,71.12
2015-03-27,30.81,68.58
2015-03-28,30.632,68.58
2015-03-29,30.328,63.5
2015-03-30,29.972,60.96
2015-03-31,29.54,58.42
2015-04-01,29.337,55.88
2015-04-02,29.693,55.88
2015-04-03,29.566,55.88
2015-04-04,28.88,55.88
2015-04-05,28.448,53.34
2015-04-06,28.016,55.88
2015-04-07,28.372,58.42
2015-04-08,29.159,88.9
2015-04-09,29.159,81.28
2015-04-10,29.591,76.2
2015-04-11,29.693,68.58
2015-04-12,28.905,66.04
2015-04-13,28.321,63.5
2015-04-14,28.499,58.42
2015-04-15,,58.42
2015-04-16,,58.42
2015-04-17,,55.88
2015-04-18,,50.8
2015-04-19,,48.26
2015-04-20,,45.72
2015-04-21,,45.72
2015-04-22,,43.18
2015-04-23,,38.1
2015-04-24,,40.64
2015-04-25,,43.18
2015-04-26,,68.58
2015-04-27,,53.34
2015-04-28,,45.72
2015-04-29,,38.1
2015-04-30,,33.02
2015-05-01,,25.4
2015-05-02,,20.32
2015-05-03,,15.24
2015-05-04,,5.08
2015-05-05,,5.08
2015-05-06,,5.08
2015-05-07,,5.08
2015-05-08,,35.56
2015-05-09,,35.56
2015-05-10,,22.86
2015-05-11,,10.16
2015-05-12,,10.16
2015-05-13,,5.08
2015-05-14,,5.08
2015-05-15,,12.7
2015-05-16,,10.16
2015-05-17,,5.08
2015-05-18,,5.08
2015-05-19,,7.62
2015-05-20,,7.62
2015-05-21,,5.08
2015-05-22,,15.24
2015-05-23,,10.16
2015-05-24,,5.08
2015-05-25,,5.08
2015-05-26,,5.08
2015-05-27,,5.08
2015-05-28,,7.62
2015-05-29,,5.08
2015-05-30,,5.08
2015-05-31,,5.08
2015-06-01,,5.08
2015-06-02,,5.08
2015-06-03,,5.08
2015-06-04,,7.62
2015-06-05,,7.62
2015-06-06,,7.62
2015-06-07,,5.08
2015-06-08,,2.54
2015-06-09,,5.08
2015-06-10,,2.54
2015-06-11,,5.08
2015-06-12,,2.54
2015-06-13,,5.08
2015-06-14,,5.08
2015-06-15,,5.08
2015-06-16,,5.08
2015-06-17,,5.08
2015-06-18,,5.08
2015-06-19,,7.62
2015-06-20,,5.08
2015-06-21,,5.08
2015-06-22,,5.08
2015-06-23,,5.08
2015-06-24,,2.54
2015-06-25,,5.08
2015-06-26,,5.08
2015-06-27,,5.08
2015-06-28,,5.08
2015-06-29,,2.54
2015-06-30,,5.08
2015-07-01,,7.62
2015-07-02,,5.08
2015-07-03,,5.08
2015-07-04,,5.08
2015-07-05,,5.08
2015-07-06,,5.08
2015-07-07,,5.08
2015-07-08,,5.08
2015-07-09,,5.08
2015-07-10,,5.08
2015-07-11,,5.08
2015-07-12,,7.62
2015-07-13,,7.62
2015-07-14,,7.62
2015-07-15,,5.08
2015-07-16,,5.08
2015-07-17,,7.62
2015-07-18,,5.08
2015-07-19,,5.08
2015-07-20,,5.08
2015-07-21,,5.08
2015-07-22,,5.08
2015-07-23,,7.62
2015-07-24,,5.08
2015-07-25,,5.08
2015-07-26,,5.08
2015-07-27,,5.08
2015-07-28,,7.62
2015-07-29,,5.08
2015-07-30,,5.08
2015-07-31,,5.08
2015-08-01,,5.08
2015-08-02,,5.08
2015-08-03,,5.08
2015-08-04,,5.08
2015-08-05,,5.08
2015-08-06,,5.08
2015-08-07,,5.08
2015-08-08,,5.08
2015-08-09,,5.08
2015-08-10,,7.62
2015-08-11,,5.08
2015-08-12,,5.08
2015-08-13,,7.62
2015-08-14,,2.54
2015-08-15,,5.08
2015-08-16,,5.08
2015-08-17,,5.08
2015-08-18,,5.08
2015-08-19,,2.54
2015-08-20,,5.08
2015-08-21,,7.62
2015-08-22,,5.08
2015-08-23,,5.08
2015-08-24,,5.08
2015-08-25,,5.08
2015-08-26,,5.08
2015-08-27,,5.08
2015-08-28,,5.08
2015-08-29,,5.08
2015-08-30,,5.08
2015-08-31,,5.08
2015-09-01,,5.08
2015-09-02,,5.08
2015-09-03,,5.08
2015-09-04,,5.08
2015-09-05,,7.62
2015-09-06,,5.08
2015-09-07,,5.08
2015-09-08,,7.62
2015-09-09,,5.08
2015-09-10,,5.08
2015-09-11,,5.08
2015-09-12,,2.54
2015-09-13,,5.08
2015-09-14,,5.08
2015-09-15,,5.08
2015-09-16,,0.0
2015-09-17,,7.62
2015-09-18,,7.62
2015-09-19,,5.08
2015-09-20,,5.08
2015-09-21,,5.08
2015-09-22,,5.08
2015-09-23,,5.08
2015-09-24,,5.08
2015-09-25,,5.08
2015-09-26,,2.54
2015-09-27,,5.08
2015-09-28,,5.08
2015-09-29,,5.08
2015-09-30,,5.08
2015-10-01,0.0,5.08
2015-10-02,0.0,7.62
2015-10-03,0.0,5.08
2015-10-04,0.0,5.08
2015-10-05,0.0,7.62
2015-10-06,0.0,7.62
2015-10-07,0.0,5.08
2015-10-08,0.0,5.08
2015-10-09,0.0,5.08
2015-10-10,0.0,5.08
2015-10-11,0.0,5.08
2015-10-12,0.0,5.08
2015-10-13,0.0,2.54
2015-10-14,0.0,5.08
2015-10-15,0.0,5.08
2015-10-16,0.152,5.08
2015-10-17,0.203,5.08
2015-10-18,0.279,0.0
2015-10-19,0.889,12.7
2015-10-20,0.889,12.7
2015-10-21,0.762,7.62
2015-10-22,0.61,10.16
2015-10-23,0.051,7.62
2015-10-24,0.33,7.62
2015-10-25,0.483,7.62
2015-10-26,0.0,5.08
2015-10-27,0.0,7.62
2015-10-28,0.0,0.0
2015-10-29,0.381,7.62
2015-10-30,0.0,7.62
2015-10-31,0.0,5.08
2015-11-01,0.0,7.62
2015-11-02,0.0,7.62
2015-11-03,2.769,396.24
2015-11-04,2.946,33.02
2015-11-05,3.023,30.48
2015-11-06,3.073,30.48
2015-11-07,3.023,30.48
2015-11-08,2.997,27.94
2015-11-09,4.318,195.58
2015-11-10,5.359,60.96
2015-11-11,5.334,53.34
2015-11-12,5.309,48.26
2015-11-13,5.283,45.72
2015-11-14,5.258,45.72
2015-11-15,5.309,43.18
2015-11-16,5.842,66.04
2015-11-17,6.502,50.8
2015-11-18,6.248,43.18
2015-11-19,6.147,43.18
2015-11-20,6.172,40.64
2015-11-21,6.172,40.64
2015-11-22,6.198,43.18
2015-11-23,6.198,40.64
2015-11-24,6.223,40.64
2015-11-25,7.163,55.88
2015-11-26,7.341,55.88
2015-11-27,7.442,50.8
2015-11-28,7.569,55.88
2015-11-29,7.595,53.34
2015-11-30,7.595,55.88
2015-12-01,7.62,53.34
2015-12-02,7.62,53.34
2015-12-03,7.544,50.8
2015-12-04,7.95,55.88
2015-12-05,8.001,55.88
2015-12-06,7.925,53.34
2015-12-07,7.95,53.34
2015-12-08,7.798,53.34
2015-12-09,7.849,53.34
2015-12-10,7.595,53.34
2015-12-11,9.423,71.12
2015-12-12,9.627,71.12
2015-12-13,9.576,66.04
2015-12-14,11.1,83.82
2015-12-15,11.303,81.28
2015-12-16,11.252,76.2
2015-12-17,11.252,76.2
2015-12-18,11.252,76.2
2015-12-19,10.871,73.66
2015-12-20,11.303,81.28
2015-12-21,10.897,71.12
2015-12-22,14.275,88.9
2015-12-23,13.945,88.9
2015-12-24,13.513,83.82
2015-12-25,14.046,81.28
2015-12-26,14.072,86.36
2015-12-27,14.097,83.82
2015-12-28,14.097,83.82
2015-12-29,14.402,396.24
2015-12-30,14.453,91.44
2015-12-31,14.249,81.28
2016-01-01,14.224,83.82
2016-01-02,14.249,81.28
2016-01-03,14.351,83.82
2016-01-04,14.3,83.82
2016-01-05,14.402,88.9
2016-01-06,15.773,114.3
2016-01-07,17.018,396.24
2016-01-08,17.12,121.92
2016-01-09,17.221,124.46
2016-01-10,17.399,111.76
2016-01-11,17.399,116.84
2016-01-12,17.374,114.3
2016-01-13,17.348,109.22
2016-01-14,17.602,106.68
2016-01-15,19.253,132.08
2016-01-16,19.431,124.46
2016-01-17,19.939,121.92
2016-01-18,21.742,119.38
2016-01-19,22.377,134.62
2016-01-20,23.825,152.4
2016-01-21,23.647,144.78
2016-01-22,23.546,139.7
2016-01-23,25.171,162.56
2016-01-24,25.222,152.4
2016-01-25,25.171,149.86
2016-01-26,25.197,147.32
2016-01-27,25.197,144.78
2016-01-28,25.222,142.24
2016-01-29,25.146,139.7
2016-01-30,26.01,-182.88
2016-01-31,27.534,162.56
2016-02-01,28.727,170.18
2016-02-02,28.778,170.18
2016-02-03,28.651,165.1
2016-02-04,28.677,162.56
2016-02-05,28.702,160.02
2016-02-06,28.727,157.48
2016-02-07,28.804,154.94
2016-02-08,28.931,152.4
2016-02-09,29.032,149.86
2016-02-10,28.956,147.32
2016-02-11,28.956,147.32
2016-02-12,28.931,142.24
2016-02-13,28.956,142.24
2016-02-14,28.753,142.24
2016-02-15,28.854,142.24
2016-02-16,28.778,139.7
2016-02-17,28.702,134.62
2016-02-18,32.791,83.82
2016-02-19,33.782,182.88
2016-02-20,33.452,177.8
2016-02-21,33.401,175.26
2016-02-22,33.376,170.18
2016-02-23,33.35,167.64
2016-02-24,33.376,165.1
2016-02-25,33.452,162.56
2016-02-26,33.426,162.56
2016-02-27,33.426,154.94
2016-02-28,33.376,154.94
2016-02-29,33.35,154.94
2016-03-01,33.274,152.4
2016-03-02,33.223,149.86
2016-03-03,33.172,147.32
2016-03-04,33.02,147.32
2016-03-05,33.528,149.86
2016-03-06,37.948,203.2
2016-03-07,39.141,205.74
2016-03-08,40.157,220.98
2016-03-09,40.107,205.74
2016-03-10,40.03,190.5
2016-03-11,40.005,190.5
2016-03-12,40.996,200.66
2016-03-13,40.869,193.04
2016-03-14,42.748,213.36
2016-03-15,42.621,210.82
2016-03-16,42.393,205.74
2016-03-17,42.367,200.66
2016-03-18,42.215,198.12
2016-03-19,42.164,193.04
2016-03-20,42.088,190.5
2016-03-21,42.037,187.96
2016-03-22,42.443,190.5
2016-03-23,42.52,187.96
2016-03-24,42.52,187.96
2016-03-25,42.596,185.42
2016-03-26,42.57,182.88
2016-03-27,42.494,182.88
2016-03-28,41.91,177.8
2016-03-29,41.91,177.8
2016-03-30,42.088,187.96
2016-03-31,42.316,187.96
2016-04-01,42.342,180.34
2016-04-02,40.742,177.8
2016-04-03,38.252,175.26
2016-04-04,38.354,172.72
2016-04-05,38.43,167.64
2016-04-06,38.151,162.56
2016-04-07,37.998,160.02
2016-04-08,38.481,160.02
2016-04-09,38.989,157.48
2016-04-10,39.853,167.64
2016-04-11,40.335,160.02
2016-04-12,40.665,167.64
2016-04-13,40.564,162.56
2016-04-14,39.472,157.48
2016-04-15,40.538,157.48
2016-04-16,40.564,154.94
2016-04-17,40.513,154.94
2016-04-18,38.862,152.4
2016-04-19,38.862,144.78
2016-04-20,38.379,142.24
2016-04-21,38.202,139.7
2016-04-22,37.567,137.16
2016-04-23,39.421,152.4
2016-04-24,39.929,142.24
2016-04-25,40.437,147.32
2016-04-26,40.589,147.32
2016-04-27,40.132,139.7
2016-04-28,40.183,142.24
2016-04-29,40.64,147.32
2016-04-30,40.64,144.78
2016-05-01,40.64,147.32
2016-05-02,40.665,144.78
2016-05-03,39.522,142.24
2016-05-04,39.04,137.16
2016-05-05,38.811,134.62
2016-05-06,39.827,142.24
2016-05-07,40.234,396.24
2016-05-08,40.716,142.24
2016-05-09,40.792,139.7
2016-05-10,38.76,134.62
2016-05-11,37.77,129.54
2016-05-12,36.017,124.46
2016-05-13,34.392,119.38
2016-05-14,33.223,114.3
2016-05-15,31.928,106.68
2016-05-16,31.242,106.68
2016-05-17,30.531,396.24
2016-05-18,29.566,101.6
2016-05-19,28.067,91.44
2016-05-20,26.645,83.82
2016-05-21,26.721,83.82
2016-05-22,27.076,88.9
2016-05-23,26.34,83.82
2016-05-24,25.806,81.28
2016-05-25,25.4,396.24
2016-05-26,25.4,81.28
2016-05-27,24.13,81.28
2016-05-28,24.359,78.74
2016-05-29,24.282,71.12
2016-05-30,22.657,71.12
2016-05-31,21.336,66.04
2016-06-01,19.202,60.96
2016-06-02,16.967,50.8
2016-06-03,14.757,45.72
2016-06-04,12.471,38.1
2016-06-05,9.296,27.94
2016-06-06,5.359,22.86
2016-06-07,2.845,5.08
2016-06-08,1.295,5.08
2016-06-09,0.787,5.08
2016-06-10,0.0,5.08
2016-06-11,0.0,5.08
2016-06-12,0.0,5.08
2016-06-13,0.0,10.16
2016-06-14,0.0,7.62
2016-06-15,0.0,5.08
2016-06-16,0.0,5.08
2016-06-17,0.0,7.62
2016-06-18,0.0,5.08
2016-06-19,0.0,5.08
2016-06-20,0.0,5.08
2016-06-21,0.0,5.08
2016-06-22,0.0,5.08
2016-06-23,0.0,5.08
2016-06-24,0.0,5.08
2016-06-25,0.0,7.62
2016-06-26,0.0,5.08
2016-06-27,0.0,5.08
2016-06-28,0.0,2.54
2016-06-29,0.0,5.08
2016-06-30,0.0,5.08
2016-07-01,0.0,7.62
2016-07-02,0.0,5.08
2016-07-03,0.0,5.08
2016-07-04,0.0,5.08
2016-07-05,0.0,5.08
2016-07-06,0.0,5.08
2016-07-07,0.0,7.62
2016-07-08,0.0,5.08
2016-07-09,0.0,5.08
2016-07-10,0.0,5.08
2016-07-11,0.0,5.08
2016-07-12,0.0,2.54
2016-07-13,0.0,5.08
2016-07-14,0.0,5.08
2016-07-15,0.0,2.54
2016-07-16,0.0,5.08
2016-07-17,0.0,5.08
2016-07-18,0.0,7.62
2016-07-19,0.0,5.08
2016-07-20,0.0,5.08
2016-07-21,0.0,5.08
2016-07-22,0.0,5.08
2016-07-23,0.0,5.08
2016-07-24,0.0,5.08
2016-07-25,0.0,5.08
2016-07-26,0.0,5.08
2016-07-27,0.0,5.08
2016-07-28,0.0,5.08
2016-07-29,0.0,5.08
2016-07-30,0.0,2.54
2016-07-31,0.0,5.08
2016-08-01,0.0,5.08
2016-08-02,0.0,5.08
2016-08-03,0.0,5.08
2016-08-04,0.0,5.08
2016-08-05,0.0,5.08
2016-08-06,0.0,5.08
2016-08-07,0.0,5.08
2016-08-08,0.0,5.08
2016-08-09,0.0,5.08
2016-08-10,0.0,5.08
2016-08-11,0.0,5.08
2016-08-12,0.0,5.08
2016-08-13,0.0,5.08
2016-08-14,0.0,2.54
2016-08-15,0.0,5.08
2016-08-16,0.0,5.08
2016-08-17,0.0,5.08
2016-08-18,0.0,2.54
2016-08-19,0.0,2.54
2016-08-20,0.0,5.08
2016-08-21,0.0,5.08
2016-08-22,0.0,5.08
2016-08-23,0.0,5.08
2016-08-24,0.0,5.08
2016-08-25,0.0,7.62
2016-08-26,0.0,5.08
2016-08-27,0.0,5.08
2016-08-28,0.0,5.08
2016-08-29,0.0,5.08
2016-08-30,0.0,5.08
2016-08-31,0.0,5.08
2016-09-01,0.0,5.08
2016-09-02,0.0,5.08
2016-09-03,0.0,5.08
2016-09-04,0.0,5.08
2016-09-05,0.0,5.08
2016-09-06,0.0,7.62
2016-09-07,0.0,5.08
2016-09-08,0.0,5.08
2016-09-09,0.0,5.08
2016-09-10,0.0,5.08
2016-09-11,0.0,5.08
2016-09-12,0.0,5.08
2016-09-13,0.0,5.08
2016-09-14,0.0,5.08
2016-09-15,0.0,5.08
2016-09-16,0.0,5.08
2016-09-17,0.0,5.08
2016-09-18,0.0,5.08
2016-09-19,0.0,5.08
2016-09-20,0.0,5.08
2016-09-21,0.0,5.08
2016-09-22,0.0,5.08
2016-09-23,0.0,5.08
2016-09-24,0.0,5.08
2016-09-25,0.0,5.08
2016-09-26,0.0,5.08
2016-09-27,0.0,5.08
2016-09-28,0.0,5.08
2016-09-29,0.0,5.08
2016-09-30,0.0,5.08
2016-10-01,0.0,5.08
2016-10-02,0.0,5.08
2016-10-03,0.0,2.54
2016-10-04,0.0,5.08
2016-10-05,0.0,5.08
2016-10-06,0.0,5.08
2016-10-07,0.0,5.08
2016-10-08,0.0,5.08
2016-10-09,0.0,5.08
2016-10-10,0.0,5.08
2016-10-11,0.0,5.08
2016-10-12,0.0,5.08
2016-10-13,0.0,5.08
2016-10-14,0.0,5.08
2016-10-15,0.0,10.16
2016-10-16,0.0,17.78
2016-10-17,0.0,396.24
2016-10-18,0.0,30.48
2016-10-19,0.0,30.48
2016-10-20,0.0,27.94
2016-10-21,0.0,27.94
2016-10-22,0.0,25.4
2016-10-23,0.0,25.4
2016-10-24,0.0,30.48
2016-10-25,0.0,38.1
2016-10-26,0.0,38.1
2016-10-27,0.0,35.56
2016-10-28,0.0,33.02
2016-10-29,0.0,43.18
2016-10-30,0.0,43.18
2016-10-31,0.0,60.96
2016-11-01,0.0,58.42
2016-11-02,0.0,58.42
2016-11-03,0.0,55.88
2016-11-04,12.827,55.88
2016-11-05,12.7,55.88
2016-11-06,12.37,55.88
2016-11-07,12.09,55.88
2016-11-08,11.76,53.34
2016-11-09,11.735,55.88
2016-11-10,11.709,53.34
2016-11-11,11.608,53.34
2016-11-12,11.455,50.8
2016-11-13,11.303,50.8
2016-11-14,11.557,50.8
2016-11-15,10.998,50.8
2016-11-16,10.77,50.8
2016-11-17,10.998,53.34
2016-11-18,12.268,50.8
2016-11-19,11.709,50.8
2016-11-20,11.405,50.8
2016-11-21,11.354,396.24
2016-11-22,11.252,55.88
2016-11-23,11.455,55.88
2016-11-24,11.659,55.88
2016-11-25,11.887,55.88
2016-11-26,11.151,53.34
2016-11-27,14.072,66.04
2016-11-28,13.843,68.58
2016-11-29,12.649,55.88
2016-11-30,13.487,55.88
2016-12-01,13.31,55.88
2016-12-02,12.954,55.88
2016-12-03,12.954,53.34
2016-12-04,12.7,53.34
2016-12-05,12.675,50.8
2016-12-06,12.09,48.26
2016-12-07,12.37,48.26
2016-12-08,14.783,55.88
2016-12-09,13.818,50.8
2016-12-10,13.945,53.34
2016-12-11,15.392,78.74
2016-12-12,15.265,76.2
2016-12-13,14.986,76.2
2016-12-14,14.783,73.66
2016-12-15,14.935,76.2
2016-12-16,18.999,134.62
2016-12-17,19.482,129.54
2016-12-18,19.507,127.0
2016-12-19,19.202,127.0
2016-12-20,18.872,124.46
2016-12-21,18.771,121.92
2016-12-22,18.771,119.38
2016-12-23,18.771,119.38
2016-12-24,19.888,147.32
2016-12-25,20.142,144.78
2016-12-26,20.218,139.7
2016-12-27,20.244,134.62
2016-12-28,20.193,132.08
2016-12-29,20.193,129.54
2016-12-30,20.244,127.0
2016-12-31,20.269,127.0
2017-01-01,20.269,127.0
2017-01-02,20.015,116.84
2017-01-03,19.761,119.38
2017-01-04,21.615,162.56
2017-01-05,25.451,180.34
2017-01-06,26.441,177.8
2017-01-07,27.33,177.8
2017-01-08,31.674,226.06
2017-01-09,39.649,269.24
2017-01-10,42.977,292.1
2017-01-11,47.523,309.88
2017-01-12,49.733,320.04
2017-01-13,51.384,332.74
2017-01-14,51.841,317.5
2017-01-15,52.019,309.88
2017-01-16,52.095,302.26
2017-01-17,51.994,289.56
2017-01-18,51.892,284.48
2017-01-19,54.178,309.88
2017-01-20,55.093,317.5
2017-01-21,57.582,396.24
2017-01-22,59.157,353.06
2017-01-23,64.643,396.24
2017-01-24,65.253,396.24
2017-01-25,65.354,342.9
2017-01-26,65.303,358.14
2017-01-27,65.1,355.6
2017-01-28,65.049,350.52
2017-01-29,64.897,345.44
2017-01-30,64.77,340.36
2017-01-31,64.643,335.28
2017-02-01,64.364,332.74
2017-02-02,64.541,332.74
2017-02-03,65.507,337.82
2017-02-04,68.377,396.24
2017-02-05,68.58,358.14
2017-02-06,69.698,355.6
2017-02-07,73.355,396.24
2017-02-08,78.943,396.24
2017-02-09,81.458,396.24
2017-02-10,85.776,396.24
2017-02-11,88.392,396.24
2017-02-12,88.9,396.24
2017-02-13,89.002,396.24
2017-02-14,89.103,396.24
2017-02-15,89.154,396.24
2017-02-16,89.51,396.24
2017-02-17,90.551,396.24
2017-02-18,93.878,396.24
2017-02-19,93.751,396.24
2017-02-20,95.275,396.24
2017-02-21,101.752,396.24
2017-02-22,105.004,396.24
2017-02-23,105.613,396.24
2017-02-24,105.791,396.24
2017-02-25,105.816,396.24
2017-02-26,105.842,396.24
2017-02-27,106.147,396.24
2017-02-28,106.324,396.24
2017-03-01,105.74,396.24
2017-03-02,105.715,396.24
2017-03-03,105.664,396.24
2017-03-04,105.689,396.24
2017-03-05,105.943,396.24
2017-03-06,105.664,396.24
2017-03-07,105.359,396.24
2017-03-08,105.258,396.24
2017-03-09,105.207,396.24
2017-03-10,105.156,396.24
2017-03-11,105.131,396.24
2017-03-12,105.054,396.24
2017-03-13,104.953,396.24
2017-03-14,104.851,396.24
2017-03-15,104.851,396.24
2017-03-16,104.877,396.24
2017-03-17,104.877,396.24
2017-03-18,104.927,396.24
2017-03-19,104.877,396.24
2017-03-20,104.978,396.24
2017-03-21,105.435,396.24
2017-03-22,108.966,396.24
2017-03-23,109.55,396.24
2017-03-24,109.703,396.24
2017-03-25,111.227,396.24
2017-03-26,111.404,396.24
2017-03-27,111.785,396.24
2017-03-28,111.785,396.24
2017-03-29,111.887,396.24
2017-03-30,111.836,396.24
2017-03-31,112.547,396.24
2017-04-01,112.166,396.24
2017-04-02,112.217,396.24
2017-04-03,112.497,396.24
2017-04-04,112.446,396.24
2017-04-05,112.497,396.24
2017-04-06,112.624,396.24
2017-04-07,116.967,396.24
2017-04-08,122.072,396.24
2017-04-09,122.885,396.24
2017-04-10,122.936,396.24
2017-04-11,123.012,396.24
2017-04-12,123.241,396.24
2017-04-13,123.241,396.24
2017-04-14,124.816,396.24
2017-04-15,124.714,396.24
2017-04-16,124.689,396.24
2017-04-17,124.993,396.24
2017-04-18,126.187,396.24
2017-04-19,127.203,396.24
2017-04-20,127.127,396.24
2017-04-21,127.0,396.24
2017-04-22,126.721,396.24
2017-04-23,126.39,396.24
2017-04-24,125.959,396.24
2017-04-25,126.111,396.24
2017-04-26,125.908,396.24
2017-04-27,122.631,396.24
2017-04-28,122.25,396.24
2017-04-29,123.088,396.24
2017-04-30,123.444,396.24
2017-05-01,123.723,396.24
2017-05-02,123.19,396.24
2017-05-03,122.682,396.24
2017-05-04,122.174,396.24
2017-05-05,121.666,396.24
2017-05-06,120.904,396.24
2017-05-07,120.396,396.24
2017-05-08,119.888,396.24
2017-05-09,119.38,396.24
2017-05-10,118.872,396.24
2017-05-11,118.364,396.24
2017-05-12,117.856,396.24
2017-05-13,117.348,396.24
2017-05-14,116.586,396.24
2017-05-15,116.078,396.24
2017-05-16,115.57,396.24
2017-05-17,115.062,396.24
2017-05-18,114.554,396.24
2017-05-19,114.046,396.24
2017-05-20,113.538,396.24
2017-05-21,112.928,396.24
2017-05-22,112.42,396.24
2017-05-23,111.989,396.24
2017-05-24,110.998,396.24
2017-05-25,109.017,396.24
2017-05-26,107.442,396.24
2017-05-27,106.477,0.0
2017-05-28,106.096,0.0
2017-05-29,105.435,0.0
2017-05-30,103.556,0.0
2017-05-31,101.829,0.0
2017-06-01,100.838,0.0
2017-06-02,100.787,0.0
2017-06-03,98.654,0.0
2017-06-04,96.342,0.0
2017-06-05,94.59,0.0
2017-06-06,92.964,0.0
2017-06-07,91.592,0.0
2017-06-08,89.941,0.0
2017-06-09,89.002,0.0
2017-06-10,87.833,0.0
2017-06-11,86.284,0.0
2017-06-12,85.674,0.0
2017-06-13,85.928,0.0
2017-06-14,84.861,0.0
2017-06-15,83.49,0.0
2017-06-16,81.178,0.0
2017-06-17,78.892,0.0
2017-06-18,75.692,0.0
2017-06-19,72.923,0.0
2017-06-20,69.571,0.0
2017-06-21,66.497,0.0
2017-06-22,63.779,0.0
2017-06-23,61.239,0.0
2017-06-24,58.598,0.0
2017-06-25,56.718,0.0
2017-06-26,54.229,0.0
2017-06-27,51.664,0.0
2017-06-28,49.606,0.0
2017-06-29,47.549,0.0
2017-06-30,45.491,0.0
2017-07-01,42.926,0.0
2017-07-02,40.31,0.0
2017-07-03,37.567,0.0
2017-07-04,34.315,0.0
2017-07-05,31.191,0.0
2017-07-06,28.092,0.0
2017-07-07,24.74,0.0
2017-07-08,20.142,0.0
2017-07-09,12.192,0.0
2017-07-10,5.893,0.0
2017-07-11,3.937,0.0
2017-07-12,2.388,0.0
2017-07-13,0.787,0.0
2017-07-14,0.0,0.0
2017-07-15,0.0,0.0
2017-07-16,0.0,0.0
2017-07-17,0.0,0.0
2017-07-18,0.0,0.0
2017-07-19,0.0,0.0
2017-07-20,0.0,0.0
2017-07-21,0.0,0.0
2017-07-22,0.0,0.0
2017-07-23,0.0,0.0
2017-07-24,0.0,0.0
2017-07-25,0.0,0.0
2017-07-26,0.0,0.0
2017-07-27,0.0,0.0
2017-07-28,0.0,0.0
2017-07-29,0.0,0.0
2017-07-30,0.0,0.0
2017-07-31,0.0,0.0
2017-08-01,0.0,0.0
2017-08-02,0.0,0.0
2017-08-03,0.0,0.0
2017-08-04,0.0,396.24
2017-08-05,0.0,0.0
2017-08-06,0.0,0.0
2017-08-07,0.0,0.0
2017-08-08,0.0,0.0
2017-08-09,0.0,0.0
2017-08-10,0.0,0.0
2017-08-11,0.0,0.0
2017-08-12,0.0,0.0
2017-08-13,0.0,0.0
2017-08-14,0.0,0.0
2017-08-15,0.0,0.0
2017-08-16,0.0,0.0
2017-08-17,0.0,0.0
2017-08-18,0.0,0.0
2017-08-19,0.0,0.0
2017-08-20,0.0,0.0
2017-08-21,0.0,0.0
2017-08-22,0.0,0.0
2017-08-23,0.0,0.0
2017-08-24,0.0,0.0
2017-08-25,0.0,0.0
2017-08-26,0.0,0.0
2017-08-27,0.0,0.0
2017-08-28,0.0,0.0
2017-08-29,0.0,0.0
2017-08-30,0.0,0.0
2017-08-31,0.0,0.0
2017-09-01,0.0,0.0
2017-09-02,0.0,0.0
2017-09-03,0.0,0.0
2017-09-04,0.0,0.0
2017-09-05,0.0,0.0
2017-09-06,0.0,0.0
2017-09-07,0.0,0.0
2017-09-08,0.0,0.0
2017-09-09,0.0,0.0
2017-09-10,0.0,0.0
2017-09-11,0.0,0.0
2017-09-12,0.0,0.0
2017-09-13,0.0,0.0
2017-09-14,0.0,0.0
2017-09-15,0.0,0.0
2017-09-16,0.0,0.0
2017-09-17,0.0,0.0
2017-09-18,0.0,0.0
2017-09-19,0.0,0.0
2017-09-20,0.0,0.0
2017-09-21,0.0,0.0
2017-09-22,0.0,0.0
2017-09-23,0.0,0.0
2017-09-24,0.0,0.0
2017-09-25,0.0,0.0
2017-09-26,0.0,0.0
2017-09-27,0.0,0.0
2017-09-28,0.0,0.0
2017-09-29,0.0,0.0
2017-09-30,0.0,0.0
2017-10-01,0.0,0.0
2017-10-02,0.0,0.0
2017-10-03,0.0,0.0
2017-10-04,0.0,0.0
2017-10-05,0.0,0.0
2017-10-06,0.0,0.0
2017-10-07,0.0,0.0
2017-10-08,0.0,0.0
2017-10-09,0.0,0.0
2017-10-10,0.0,0.0
2017-10-11,0.0,0.0
2017-10-12,0.0,0.0
2017-10-13,0.0,0.0
2017-10-14,0.0,0.0
2017-10-15,0.0,0.0
2017-10-16,0.0,0.0
2017-10-17,0.0,0.0
2017-10-18,0.0,0.0
2017-10-19,0.0,0.0
2017-10-20,0.0,0.0
2017-10-21,0.0,0.0
2017-10-22,0.0,0.0
2017-10-23,0.0,0.0
2017-10-24,0.0,0.0
2017-10-25,0.0,0.0
2017-10-26,0.0,0.0
2017-10-27,0.0,0.0
2017-10-28,0.0,0.0
2017-10-29,0.0,0.0
2017-10-30,0.0,0.0
2017-10-31,0.0,0.0
2017-11-01,0.0,0.0
2017-11-02,0.0,0.0
2017-11-03,0.0,0.0
2017-11-04,0.0,0.0
2017-11-05,0.0,0.0
2017-11-06,0.0,0.0
2017-11-07,0.0,0.0
2017-11-08,0.0,0.0
2017-11-09,0.0,0.0
2017-11-10,0.0,0.0
2017-11-11,0.0,0.0
2017-11-12,0.0,0.0
2017-11-13,0.0,0.0
2017-11-14,0.0,0.0
2017-11-15,0.0,0.0
2017-11-16,3.835,0.0
2017-11-17,8.966,0.0
2017-11-18,9.525,0.0
2017-11-19,9.576,0.0
2017-11-20,9.627,0.0
2017-11-21,9.779,0.0
2017-11-22,9.931,0.0
2017-11-23,9.982,0.0
2017-11-24,9.931,0.0
2017-11-25,9.931,0.0
2017-11-26,9.804,0.0
2017-11-27,12.675,0.0
2017-11-28,13.005,0.0
2017-11-29,13.03,0.0
2017-11-30,13.081,0.0
2017-12-01,13.081,0.0
2017-12-02,13.132,0.0
2017-12-03,13.589,0.0
2017-12-04,13.843,0.0
2017-12-05,14.072,0.0
2017-12-06,14.072,0.0
2017-12-07,14.021,0.0
2017-12-08,13.97,0.0
2017-12-09,13.97,0.0
2017-12-10,13.97,0.0
2017-12-11,13.97,0.0
2017-12-12,13.97,0.0
2017-12-13,14.021,0.0
2017-12-14,14.122,0.0
2017-12-15,14.097,0.0
2017-12-16,14.072,0.0
2017-12-17,13.767,0.0
2017-12-18,13.741,0.0
2017-12-19,13.716,0.0
2017-12-20,13.462,0.0
2017-12-21,13.462,0.0
2017-12-22,13.386,0.0
2017-12-23,13.386,0.0
2017-12-24,13.284,0.0
2017-12-25,13.03,0.0
2017-12-26,13.056,0.0
2017-12-27,13.056,0.0
2017-12-28,13.081,0.0
2017-12-29,13.106,0.0
2017-12-30,13.081,0.0
2017-12-31,13.056,0.0
2018-01-01,13.03,
2018-01-02,13.005,
2018-01-03,13.005,
2018-01-04,13.03,
2018-01-05,13.081,
2018-01-06,14.3,
2018-01-07,14.986,
2018-01-08,15.037,
2018-01-09,17.45,
2018-01-10,16.739,
2018-01-11,16.51,
2018-01-12,16.332,
2018-01-13,16.307,
2018-01-14,16.307,
2018-01-15,16.307,
2018-01-16,16.281,
2018-01-17,16.281,
2018-01-18,16.256,
2018-01-19,16.586,
2018-01-20,16.967,
2018-01-21,16.916,
2018-01-22,16.942,
2018-01-23,16.916,
2018-01-24,16.916,
2018-01-25,18.186,
2018-01-26,18.39,
2018-01-27,18.212,
2018-01-28,18.186,
2018-01-29,18.186,
2018-01-30,18.186,
2018-01-31,18.059,
2018-02-01,18.034,
2018-02-02,17.958,
2018-02-03,17.932,
2018-02-04,17.856,
2018-02-05,17.856,
2018-02-06,17.932,
2018-02-07,17.958,
2018-02-08,18.11,
2018-02-09,18.161,
2018-02-10,18.161,
2018-02-11,17.856,
2018-02-12,17.958,
2018-02-13,19.202,
2018-02-14,19.482,
2018-02-15,19.456,
2018-02-16,19.38,
2018-02-17,19.38,
2018-02-18,19.431,
2018-02-19,19.482,
2018-02-20,19.583,
2018-02-21,19.66,
2018-02-22,19.634,
2018-02-23,19.964,
2018-02-24,20.066,
2018-02-25,19.482,
2018-02-26,19.609,
2018-02-27,20.091,
2018-02-28,20.193,
2018-03-01,20.523,
2018-03-02,26.594,
2018-03-03,32.893,
2018-03-04,33.503,
2018-03-05,33.477,
2018-03-06,33.503,
2018-03-07,33.503,
2018-03-08,33.528,
2018-03-09,33.452,
2018-03-10,33.426,
2018-03-11,33.426,
2018-03-12,33.426,
2018-03-13,33.401,
2018-03-14,36.525,
2018-03-15,37.389,
2018-03-16,37.744,
2018-03-17,39.776,
2018-03-18,39.802,
2018-03-19,39.776,
2018-03-20,39.751,
2018-03-21,40.894,
2018-03-22,44.628,
2018-03-23,47.879,
2018-03-24,48.158,
2018-03-25,48.539,
2018-03-26,48.565,
2018-03-27,48.387,
2018-03-28,48.158,
2018-03-29,47.955,
2018-03-30,47.727,
2018-03-31,47.346,
2018-04-01,46.939,
2018-04-02,46.558,
2018-04-03,46.304,
2018-04-04,45.974,
2018-04-05,45.542,
2018-04-06,45.263,
2018-04-07,,
2018-04-08,,
2018-04-09,,
2018-04-10,,
2018-04-11,,
2018-04-12,,
2018-04-13,,
2018-04-14,,
2018-04-15,,
2018-04-16,,
2018-04-17,,
2018-04-18,,
2018-04-19,,
2018-04-20,,
2018-04-21,,
2018-04-22,,
2018-04-23,,
2018-04-24,,
2018-04-25,,
2018-04-26,,
2018-04-27,,
2018-04-28,,
2018-04-29,,
2018-04-30,,
2018-05-01,,
2018-05-02,,
2018-05-03,,
2018-05-04,,
2018-05-05,,
2018-05-06,,
2018-05-07,,
2018-05-08,,
2018-05-09,,
2018-05-10,,
2018-05-11,,
2018-05-12,,
2018-05-13,,
2018-05-14,,
2018-05-15,,
2018-05-16,,
2018-05-17,,
2018-05-18,,
2018-05-19,,
2018-05-20,,
2018-05-21,,
2018-05-22,,
2018-05-23,,
2018-05-24,,
2018-05-25,,
2018-05-26,,
2018-05-27,,
2018-05-28,,
2018-05-29,,
2018-05-30,,
2018-05-31,,
2018-06-01,,
2018-06-02,,
2018-06-03,,
2018-06-04,,
2018-06-05,,
2018-06-06,,
2018-06-07,,
2018-06-08,,
2018-06-09,,
2018-06-10,,
2018-06-11,,
2018-06-12,,
2018-06-13,,
2018-06-14,,
2018-06-15,,
2018-06-16,,
2018-06-17,,
2018-06-18,,
2018-06-19,,
2018-06-20,,
2018-06-21,,
2018-06-22,,
2018-06-23,,
2018-06-24,,
2018-06-25,,
2018-06-26,,
2018-06-27,,
2018-06-28,,
2018-06-29,,
2018-06-30,,
2018-07-01,,
2018-07-02,,
2018-07-03,,
2018-07-04,,
2018-07-05,,
2018-07-06,,
2018-07-07,,
2018-07-08,,
2018-07-09,,
2018-07-10,,
2018-07-11,,
2018-07-12,,
2018-07-13,,
2018-07-14,,
2018-07-15,,
2018-07-16,,
2018-07-17,,
2018-07-18,,
2018-07-19,,
2018-07-20,,
2018-07-21,,
2018-07-22,,
2018-07-23,,
2018-07-24,,
2018-07-25,,
2018-07-26,,
2018-07-27,,
2018-07-28,,
2018-07-29,,
2018-07-30,,
2018-07-31,,
2018-08-01,,
2018-08-02,,
2018-08-03,,
2018-08-04,,
2018-08-05,,
2018-08-06,,
2018-08-07,,
2018-08-08,,
2018-08-09,,
2018-08-10,,
2018-08-11,,
2018-08-12,,
2018-08-13,,
2018-08-14,,
2018-08-15,,
2018-08-16,,
2018-08-17,,
2018-08-18,,
2018-08-19,,
2018-08-20,,
2018-08-21,,
2018-08-22,,
2018-08-23,,
2018-08-24,,
2018-08-25,,
2018-08-26,,
2018-08-27,,
2018-08-28,,
2018-08-29,,
2018-08-30,,
2018-08-31,,
2018-09-01,,
2018-09-02,,
2018-09-03,,
2018-09-04,,
2018-09-05,,
2018-09-06,,
2018-09-07,,
2018-09-08,,
2018-09-09,,
2018-09-10,,
2018-09-11,,
2018-09-12,,
2018-09-13,,
2018-09-14,,
2018-09-15,,
2018-09-16,,
2018-09-17,,
2018-09-18,,
2018-09-19,,
2018-09-20,,
2018-09-21,,
2018-09-22,,
2018-09-23,,
2018-09-24,,
2018-09-25,,
2018-09-26,,
2018-09-27,,
2018-09-28,,
2018-09-29,,
2018-09-30,,
2018-10-01,0.0,
2018-10-02,0.0,
2018-10-03,0.0,
2018-10-04,0.0,
2018-10-05,0.0,
2018-10-06,0.0,
2018-10-07,0.0,
2018-10-08,0.0,
2018-10-09,0.0,
2018-10-10,0.0,
2018-10-11,0.0,
2018-10-12,0.0,
2018-10-13,0.0,
2018-10-14,0.0,
2018-10-15,0.0,
2018-10-16,0.0,
2018-10-17,0.0,
2018-10-18,0.0,
2018-10-19,0.0,
2018-10-20,0.0,
2018-10-21,0.0,
2018-10-22,0.0,
2018-10-23,0.0,
2018-10-24,0.0,
2018-10-25,0.0,
2018-10-26,0.0,
2018-10-27,0.0,
2018-10-28,0.0,
2018-10-29,0.0,
2018-10-30,0.0,
2018-10-31,0.0,
2018-11-01,0.0,
2018-11-02,0.0,
2018-11-03,0.0,
2018-11-04,0.0,
2018-11-05,0.0,
2018-11-06,0.0,
2018-11-07,0.0,
2018-11-08,0.0,
2018-11-09,0.0,
2018-11-10,0.0,
2018-11-11,0.0,
2018-11-12,0.0,
2018-11-13,0.0,
2018-11-14,0.0,
2018-11-15,0.0,
2018-11-16,0.0,
2018-11-17,0.0,
2018-11-18,0.0,
2018-11-19,0.0,
2018-11-20,0.0,
2018-11-21,0.0,
2018-11-22,2.007,
2018-11-23,2.388,
2018-11-24,1.549,
2018-11-25,1.905,
2018-11-26,1.321,
2018-11-27,1.295,
2018-11-28,3.15,
2018-11-29,5.588,
2018-11-30,8.306,
2018-12-01,7.95,
2018-12-02,8.585,
2018-12-03,8.585,
2018-12-04,8.839,
2018-12-05,9.347,
2018-12-06,9.652,
2018-12-07,9.728,
2018-12-08,9.804,
2018-12-09,9.881,
2018-12-10,9.957,
2018-12-11,10.033,
2018-12-12,9.728,
2018-12-13,9.754,
2018-12-14,9.83,
2018-12-15,10.973,
2018-12-16,10.998,
2018-12-17,11.963,
2018-12-18,12.243,
2018-12-19,11.735,
2018-12-20,11.76,
2018-12-21,12.09,
2018-12-22,12.014,
2018-12-23,12.014,
2018-12-24,12.014,
2018-12-25,13.335,
2018-12-26,13.614,
2018-12-27,13.437,
2018-12-28,13.462,
2018-12-29,13.437,
2018-12-30,13.36,
2018-12-31,13.386,
2019-01-01,13.335,
2019-01-02,13.386,
2019-01-03,13.386,
2019-01-04,13.386,
2019-01-05,13.386,
2019-01-06,15.469,
2019-01-07,18.821,
2019-01-08,19.05,
2019-01-09,19.253,
2019-01-10,20.549,
2019-01-11,20.574,
2019-01-12,20.574,
2019-01-13,20.599,
2019-01-14,20.625,
2019-01-15,20.93,
2019-01-16,22.962,
2019-01-17,28.473,
2019-01-18,30.074,
2019-01-19,29.54,
2019-01-20,29.54,
2019-01-21,31.547,
2019-01-22,31.623,
2019-01-23,31.674,
2019-01-24,31.75,
2019-01-25,31.775,
2019-01-26,31.369,
2019-01-27,31.369,
2019-01-28,31.369,
2019-01-29,31.293,
2019-01-30,31.318,
2019-01-31,31.318,
2019-02-01,31.344,
2019-02-02,32.741,
2019-02-03,38.557,
2019-02-04,44.526,
2019-02-05,50.394,
2019-02-06,50.673,
2019-02-07,50.444,
2019-02-08,50.394,
2019-02-09,51.029,
2019-02-10,54.102,
2019-02-11,55.042,
2019-02-12,54.839,
2019-02-13,57.429,
2019-02-14,62.56,
2019-02-15,66.98,
2019-02-16,67.742,
2019-02-17,67.666,
2019-02-18,67.742,
2019-02-19,67.767,
2019-02-20,66.472,
2019-02-21,66.472,
2019-02-22,66.726,
2019-02-23,66.751,
2019-02-24,66.573,
2019-02-25,66.04,
2019-02-26,66.497,
2019-02-27,68.555,
2019-02-28,70.206,
2019-03-01,70.561,
2019-03-02,70.815,
2019-03-03,72.492,
2019-03-04,72.492,
2019-03-05,72.39,
2019-03-06,75.184,
2019-03-07,77.851,
2019-03-08,77.648,
2019-03-09,76.784,
2019-03-10,76.784,
2019-03-11,76.86,
2019-03-12,76.911,
2019-03-13,76.987,
2019-03-14,76.937,
2019-03-15,76.784,
2019-03-16,76.759,
2019-03-17,76.835,
2019-03-18,76.708,
2019-03-19,76.606,
2019-03-20,77.216,
2019-03-21,77.546,
2019-03-22,77.622,
2019-03-23,77.572,
2019-03-24,77.724,
2019-03-25,77.724,
2019-03-26,77.495,
2019-03-27,77.394,
2019-03-28,79.908,
2019-03-29,80.239,
2019-03-30,80.239,
2019-03-31,80.213,
2019-04-01,80.112,
2019-04-02,80.366,
2019-04-03,80.924,
2019-04-04,80.772,
2019-04-05,80.721,
2019-04-06,80.67,
2019-04-07,80.467,
2019-04-08,80.34,
2019-04-09,80.112,
2019-04-10,80.543,
2019-04-11,80.62,
2019-04-12,80.645,
2019-04-13,80.823,
2019-04-14,80.62,
2019-04-15,80.493,
2019-04-16,81.077,
2019-04-17,81.534,
2019-04-18,81.102,
2019-04-19,81.534,
2019-04-20,80.747,
2019-04-21,81.001,
2019-04-22,81.28,
2019-04-23,81.61,
2019-04-24,,
2019-04-25,,
2019-04-26,,
2019-04-27,,
2019-04-28,,
2019-04-29,,
2019-04-30,,
2019-05-01,,
2019-05-02,,
2019-05-03,,
2019-05-04,,
2019-05-05,,
2019-05-06,,
2019-05-07,,
2019-05-08,,
2019-05-09,,
2019-05-10,,
2019-05-11,,
2019-05-12,,
2019-05-13,,
2019-05-14,,
2019-05-15,,
2019-05-16,,
2019-05-17,,
2019-05-18,,
2019-05-19,,
2019-05-20,,
2019-05-21,,
2019-05-22,,
2019-05-23,,
2019-05-24,,
2019-05-25,,
2019-05-26,,
2019-05-27,,
2019-05-28,,
2019-05-29,,
2019-05-30,,
2019-05-31,,
2019-06-01,,
2019-06-02,,
2019-06-03,,
2019-06-04,,
2019-06-05,,
2019-06-06,,
2019-06-07,,
2019-06-08,,
2019-06-09,,
2019-06-10,,
2019-06-11,,
2019-06-12,,
2019-06-13,,
2019-06-14,,
2019-06-15,,
2019-06-16,,
2019-06-17,,
2019-06-18,,
2019-06-19,,
2019-06-20,,
2019-06-21,,
2019-06-22,,
2019-06-23,,
2019-06-24,,
2019-06-25,,
2019-06-26,,
2019-06-27,,
2019-06-28,,
2019-06-29,,
2019-06-30,,
2019-07-01,,
2019-07-02,,
2019-07-03,,
2019-07-04,,
2019-07-05,,
2019-07-06,,
2019-07-07,,
2019-07-08,,
2019-07-09,,
2019-07-10,,
2019-07-11,,
2019-07-12,,
2019-07-13,,
2019-07-14,,
2019-07-15,,
2019-07-16,,
2019-07-17,,
2019-07-18,,
2019-07-19,,
2019-07-20,,
2019-07-21,,
2019-07-22,,
2019-07-23,,
2019-07-24,,
2019-07-25,,
2019-07-26,,
2019-07-27,,
2019-07-28,,
2019-07-29,,
2019-07-30,,
2019-07-31,,
2019-08-01,,
2019-08-02,,
2019-08-03,,
2019-08-04,,
2019-08-05,,
2019-08-06,,
2019-08-07,,
2019-08-08,,
2019-08-09,,
2019-08-10,,
2019-08-11,,
2019-08-12,,
2019-08-13,,
2019-08-14,,
2019-08-15,,
2019-08-16,,
2019-08-17,,
2019-08-18,,
2019-08-19,,
2019-08-20,,
2019-08-21,,
2019-08-22,,
2019-08-23,,
2019-08-24,,
2019-08-25,,
2019-08-26,,
2019-08-27,,
2019-08-28,,
2019-08-29,,
2019-08-30,,
2019-08-31,,
2019-09-01,,
2019-09-02,,
2019-09-03,,
2019-09-04,,
2019-09-05,,
2019-09-06,,
2019-09-07,,
2019-09-08,,
2019-09-09,,
2019-09-10,,
2019-09-11,,
2019-09-12,,
2019-09-13,,
2019-09-14,,
2019-09-15,,
2019-09-16,,
2019-09-17,,
2019-09-18,,
2019-09-19,,
2019-09-20,,
2019-09-21,,
2019-09-22,,
2019-09-23,,
2019-09-24,,
2019-09-25,,
2019-09-26,,
2019-09-27,,
2019-09-28,,
2019-09-29,,
2019-09-30,,
2019-10-01,0.0,
2019-10-02,0.0,
2019-10-03,0.0,
2019-10-04,0.0,
2019-10-05,0.0,
2019-10-06,0.0,
2019-10-07,0.0,
2019-10-08,0.0,
2019-10-09,0.0,
2019-10-10,0.0,
2019-10-11,0.0,
2019-10-12,0.0,
2019-10-13,0.0,
2019-10-14,0.0,
2019-10-15,0.0,
2019-10-16,0.0,
2019-10-17,0.0,
2019-10-18,0.0,
2019-10-19,0.0,
2019-10-20,0.0,
2019-10-21,0.0,
2019-10-22,0.0,
2019-10-23,0.0,
2019-10-24,0.0,
2019-10-25,0.0,
2019-10-26,0.0,
2019-10-27,0.0,
2019-10-28,0.0,
2019-10-29,0.0,
2019-10-30,0.0,
2019-10-31,0.0,
2019-11-01,0.0,
2019-11-02,0.0,
2019-11-03,0.0,
2019-11-04,0.0,
2019-11-05,0.0,
2019-11-06,0.0,
2019-11-07,0.0,
2019-11-08,0.0,
2019-11-09,0.0,
2019-11-10,0.0,
2019-11-11,0.0,
2019-11-12,0.0,
2019-11-13,0.0,
2019-11-14,0.0,
2019-11-15,0.0,
2019-11-16,0.0,
2019-11-17,0.0,
2019-11-18,0.0,
2019-11-19,0.0,
2019-11-20,0.279,
2019-11-21,0.432,
2019-11-22,0.457,
2019-11-23,0.457,
2019-11-24,0.457,
2019-11-25,0.406,
2019-11-26,0.33,
2019-11-27,3.073,
2019-11-28,3.988,
2019-11-29,4.826,
2019-11-30,4.953,
2019-12-01,5.537,
2019-12-02,7.239,
2019-12-03,7.391,
2019-12-04,7.417,
2019-12-05,8.255,
2019-12-06,8.28,
2019-12-07,9.957,
2019-12-08,13.919,
2019-12-09,14.046,
2019-12-10,14.021,
2019-12-11,13.919,
2019-12-12,13.208,
2019-12-13,13.157,
2019-12-14,15.189,
2019-12-15,15.392,
2019-12-16,15.392,
2019-12-17,15.291,
2019-12-18,15.24,
2019-12-19,15.265,
2019-12-20,15.265,
2019-12-21,15.367,
2019-12-22,15.113,
2019-12-23,16.104,
2019-12-24,16.485,
2019-12-25,16.535,
2019-12-26,16.916,
2019-12-27,17.272,
2019-12-28,17.221,
2019-12-29,17.12,
2019-12-30,17.196,
2019-12-31,17.374,
2020-01-01,17.272,
2020-01-02,16.967,
2020-01-03,16.891,
2020-01-04,17.094,
2020-01-05,17.551,
2020-01-06,17.475,
2020-01-07,17.577,
2020-01-08,17.755,
2020-01-09,17.704,
2020-01-10,17.856,
2020-01-11,17.653,
2020-01-12,17.628,
2020-01-13,17.501,
2020-01-14,17.475,
2020-01-15,17.501,
2020-01-16,17.45,
2020-01-17,17.983,
2020-01-18,17.704,
2020-01-19,17.678,
2020-01-20,17.628,
2020-01-21,17.653,
2020-01-22,17.526,
2020-01-23,17.551,
2020-01-24,17.577,
2020-01-25,17.475,
2020-01-26,17.526,
2020-01-27,17.628,
2020-01-28,17.628,
2020-01-29,17.399,
2020-01-30,17.348,
2020-01-31,17.424,
2020-02-01,17.424,
2020-02-02,17.424,
2020-02-03,17.297,
2020-02-04,17.221,
2020-02-05,17.247,
2020-02-06,17.145,
2020-02-07,17.094,
2020-02-08,17.094,
2020-02-09,17.221,
2020-02-10,16.942,
2020-02-11,16.916,
2020-02-12,16.866,
2020-02-13,16.815,
2020-02-14,16.789,
2020-02-15,16.789,
2020-02-16,16.789,
2020-02-17,16.866,
2020-02-18,16.891,
2020-02-19,16.815,
2020-02-20,16.713,
2020-02-21,16.586,
2020-02-22,16.662,
2020-02-23,16.866,
2020-02-24,16.916,
2020-02-25,16.815,
2020-02-26,16.866,
2020-02-27,16.942,
2020-02-28,16.866,
2020-02-29,16.713,
2020-03-01,17.424,
2020-03-02,17.907,
2020-03-03,17.678,
2020-03-04,17.704,
2020-03-05,17.78,
2020-03-06,17.729,
2020-03-07,17.602,
2020-03-08,17.958,
2020-03-09,17.907,
2020-03-10,17.805,
2020-03-11,17.805,
2020-03-12,17.907,
2020-03-13,18.009,
2020-03-14,18.136,
2020-03-15,21.133,
2020-03-16,24.714,
2020-03-17,26.238,
2020-03-18,26.289,
2020-03-19,26.467,
2020-03-20,26.797,
2020-03-21,26.899,
2020-03-22,27.102,
2020-03-23,27.381,
2020-03-24,27.356,
2020-03-25,28.448,
2020-03-26,29.058,
2020-03-27,29.489,
2020-03-28,29.464,
2020-03-29,29.566,
2020-03-30,29.566,
2020-03-31,29.515,
2020-04-01,29.388,
2020-04-02,29.108,
2020-04-03,28.981,
2020-04-04,28.931,
2020-04-05,29.972,
2020-04-06,34.366,
2020-04-07,35.103,
2020-04-08,35.509,
2020-04-09,36.982,
2020-04-10,37.821,
2020-04-11,37.948,
2020-04-12,37.998,
2020-04-13,38.278,
2020-04-14,38.303,
2020-04-15,38.176,
2020-04-16,37.846,
2020-04-17,37.617,
2020-04-18,38.049,
2020-04-19,38.1,
2020-04-20,37.948,
2020-04-21,37.948,
2020-04-22,38.024,
2020-04-23,37.668,
2020-04-24,37.186,
2020-04-25,36.576,
2020-04-26,35.992,
2020-04-27,35.763,
2020-04-28,35.357,
2020-04-29,34.544,
2020-04-30,33.858,
2020-05-01,33.096,
2020-05-02,32.055,
2020-05-03,31.648,
2020-05-04,30.886,
2020-05-05,29.972,
2020-05-06,29.159,
2020-05-07,28.092,
2020-05-08,27.0,
2020-05-09,25.832,
2020-05-10,24.105,
2020-05-11,22.682,
2020-05-12,21.59,
2020-05-13,21.184,
2020-05-14,20.803,
2020-05-15,20.549,
2020-05-16,19.507,
2020-05-17,17.831,
2020-05-18,19.38,
2020-05-19,20.396,
2020-05-20,19.914,
2020-05-21,19.634,
2020-05-22,19.075,
2020-05-23,17.958,
2020-05-24,17.424,
2020-05-25,16.205,
2020-05-26,14.808,
2020-05-27,12.217,
2020-05-28,9.728,
2020-05-29,6.629,
2020-05-30,4.089,
2020-05-31,2.489,
2020-06-01,0.94,
2020-06-02,0.457,
2020-06-03,0.0,
2020-06-04,0.0,
2020-06-05,0.0,
2020-06-06,0.0,
2020-06-07,0.0,
2020-06-08,0.0,
2020-06-09,0.0,
2020-06-10,0.0,
2020-06-11,0.0,
2020-06-12,0.0,
2020-06-13,0.0,
2020-06-14,0.0,
2020-06-15,0.0,
2020-06-16,0.0,
2020-06-17,0.0,
2020-06-18,0.0,
2020-06-19,0.0,
2020-06-20,0.0,
2020-06-21,0.0,
2020-06-22,0.0,
2020-06-23,0.0,
2020-06-24,0.0,
2020-06-25,0.0,
2020-06-26,0.0,
2020-06-27,0.0,
2020-06-28,0.0,
2020-06-29,0.0,
2020-06-30,0.0,
2020-07-01,0.0,
2020-07-02,0.0,
2020-07-03,0.0,
2020-07-04,0.0,
2020-07-05,0.0,
2020-07-06,0.0,
2020-07-07,0.0,
2020-07-08,0.0,
2020-07-09,0.0,
2020-07-10,0.0,
2020-07-11,0.0,
2020-07-12,0.0,
2020-07-13,0.0,
2020-07-14,0.0,
2020-07-15,0.0,
2020-07-16,0.0,
2020-07-17,0.0,
2020-07-18,0.0,
2020-07-19,0.0,
2020-07-20,0.0,
2020-07-21,0.0,
2020-07-22,0.0,
2020-07-23,0.0,
2020-07-24,0.0,
2020-07-25,0.0,
2020-07-26,0.0,
2020-07-27,0.0,
2020-07-28,0.0,
2020-07-29,0.0,
2020-07-30,0.0,
2020-07-31,0.0,
2020-08-01,0.0,
2020-08-02,0.0,
2020-08-03,0.0,
2020-08-04,0.0,
2020-08-05,0.0,
2020-08-06,0.0,
2020-08-07,0.0,
2020-08-08,0.0,
2020-08-09,0.0,
2020-08-10,0.0,
2020-08-11,0.0,
2020-08-12,0.0,
2020-08-13,0.0,
2020-08-14,0.0,
2020-08-15,0.0,
2020-08-16,0.0,
2020-08-17,0.0,
2020-08-18,0.0,
2020-08-19,0.0,
2020-08-20,0.0,
2020-08-21,0.0,
2020-08-22,0.0,
2020-08-23,0.0,
2020-08-24,0.0,
2020-08-25,0.0,
2020-08-26,0.0,
2020-08-27,0.0,
2020-08-28,0.0,
2020-08-29,0.0,
2020-08-30,0.0,
2020-08-31,0.0,
2020-09-01,0.0,
2020-09-02,0.0,
2020-09-03,0.0,
2020-09-04,0.0,
2020-09-05,0.0,
2020-09-06,0.0,
2020-09-07,0.0,
2020-09-08,0.0,
2020-09-09,0.0,
2020-09-10,0.0,
2020-09-11,0.0,
2020-09-12,0.0,
2020-09-13,0.0,
2020-09-14,0.0,
2020-09-15,0.0,
2020-09-16,0.0,
2020-09-17,0.0,
2020-09-18,0.0,
2020-09-19,0.0,
2020-09-20,0.0,
2020-09-21,0.0,
2020-09-22,0.0,
2020-09-23,0.0,
2020-09-24,0.0,
2020-09-25,0.0,
2020-09-26,0.0,
2020-09-27,0.0,
2020-09-28,0.0,
2020-09-29,0.0,
2020-09-30,0.0,
2020-10-01,0.0,
2020-10-02,0.0,
2020-10-03,0.0,
2020-10-04,0.0,
2020-10-05,0.0,
2020-10-06,0.0,
2020-10-07,0.0,
2020-10-08,0.0,
2020-10-09,0.0,
2020-10-10,0.0,
2020-10-11,0.0,
2020-10-12,0.0,
2020-10-13,0.0,
2020-10-14,0.0,
2020-10-15,0.0,
2020-10-16,0.0,
2020-10-17,0.0,
2020-10-18,0.0,
2020-10-19,0.0,
2020-10-20,0.0,
2020-10-21,0.0,
2020-10-22,0.0,
2020-10-23,0.0,
2020-10-24,0.0,
2020-10-25,0.0,
2020-10-26,0.0,
2020-10-27,0.0,
2020-10-28,0.0,
2020-10-29,0.0,
2020-10-30,0.0,
2020-10-31,0.0,
2020-11-01,0.0,
2020-11-02,0.0,
2020-11-03,0.0,
2020-11-04,0.0,
2020-11-05,0.0,
2020-11-06,0.229,
2020-11-07,1.372,
2020-11-08,0.686,
2020-11-09,1.397,
2020-11-10,1.321,
2020-11-11,1.143,
2020-11-12,0.432,
2020-11-13,0.533,
2020-11-14,1.346,
2020-11-15,2.337,
2020-11-16,2.134,
2020-11-17,2.134,
2020-11-18,1.778,
2020-11-19,4.851,
2020-11-20,5.232,
2020-11-21,4.801,
2020-11-22,4.851,
2020-11-23,4.978,
2020-11-24,4.521,
2020-11-25,4.851,
2020-11-26,4.597,
2020-11-27,4.75,
2020-11-28,4.547,
2020-11-29,4.242,
2020-11-30,4.42,
2020-12-01,4.318,
2020-12-02,4.42,
2020-12-03,4.42,
2020-12-04,4.191,
2020-12-05,4.242,
2020-12-06,4.369,
2020-12-07,4.343,
2020-12-08,3.937,
2020-12-09,4.242,
2020-12-10,4.191,
2020-12-11,4.242,
2020-12-12,5.359,
2020-12-13,4.191,
2020-12-14,8.484,
2020-12-15,8.255,
2020-12-16,8.407,
2020-12-17,9.754,
2020-12-18,10.744,
2020-12-19,10.363,
2020-12-20,10.541,
2020-12-21,10.541,
2020-12-22,10.795,
2020-12-23,10.058,
2020-12-24,9.931,
2020-12-25,10.058,
2020-12-26,10.922,
2020-12-27,11.709,
2020-12-28,13.36,
2020-12-29,13.691,
2020-12-30,13.437,
2020-12-31,13.716,
2021-01-01,13.589,
2021-01-02,13.462,
2021-01-03,13.208,
2021-01-04,13.03,
2021-01-05,13.767,
2021-01-06,13.335,
2021-01-07,13.386,
2021-01-08,13.335,
2021-01-09,13.335,
2021-01-10,13.335,
2021-01-11,13.335,
2021-01-12,,
2021-01-13,,
2021-01-14,,
2021-01-15,,
2021-01-16,,
2021-01-17,,
2021-01-18,,
2021-01-19,,
2021-01-20,,
2021-01-21,,
2021-01-22,,
2021-01-23,,
2021-01-24,,
2021-01-25,,
2021-01-26,,
2021-01-27,,
2021-01-28,,
2021-01-29,,
2021-01-30,,
2021-01-31,,
2021-02-01,,
2021-02-02,,
2021-02-03,,
2021-02-04,,
2021-02-05,,
2021-02-06,,
2021-02-07,,
2021-02-08,,
2021-02-09,,
2021-02-10,,
2021-02-11,,
2021-02-12,,
2021-02-13,,
2021-02-14,,
2021-02-15,,
2021-02-16,,
2021-02-17,,
2021-02-18,,
2021-02-19,,
2021-02-20,,
2021-02-21,,
2021-02-22,,
2021-02-23,,
2021-02-24,,
2021-02-25,,
2021-02-26,,
2021-02-27,,
2021-02-28,,
2021-03-01,,
2021-03-02,,
2021-03-03,,
2021-03-04,,
2021-03-05,,
2021-03-06,,
2021-03-07,,
2021-03-08,,
2021-03-09,,
2021-03-10,,
2021-03-11,,
2021-03-12,,
2021-03-13,,
2021-03-14,,
2021-03-15,,
2021-03-16,,
2021-03-17,,
2021-03-18,,
2021-03-19,,
2021-03-20,,
2021-03-21,,
2021-03-22,,
2021-03-23,,
2021-03-24,,
2021-03-25,,
2021-03-26,,
2021-03-27,,
2021-03-28,,
2021-03-29,,
2021-03-30,,
2021-03-31,,
2021-04-01,,
2021-04-02,,
2021-04-03,,
2021-04-04,,
2021-04-05,,
2021-04-06,,
2021-04-07,,
2021-04-08,,
2021-04-09,,
2021-04-10,,
2021-04-11,,
2021-04-12,,
2021-04-13,,
2021-04-14,,
2021-04-15,,
2021-04-16,,
2021-04-17,,
2021-04-18,,
2021-04-19,,
2021-04-20,,
2021-04-21,,
2021-04-22,,
2021-04-23,,
2021-04-24,,
2021-04-25,,
2021-04-26,,
2021-04-27,,
2021-04-28,,
2021-04-29,,
2021-04-30,,
2021-05-01,,
2021-05-02,,
2021-05-03,,
2021-05-04,,
2021-05-05,,
2021-05-06,,
2021-05-07,,
2021-05-08,,
2021-05-09,,
2021-05-10,,
2021-05-11,,
2021-05-12,,
2021-05-13,,
2021-05-14,,
2021-05-15,,
2021-05-16,,
2021-05-17,,
2021-05-18,,
2021-05-19,,
2021-05-20,,
2021-05-21,,
2021-05-22,,
2021-05-23,,
2021-05-24,,
2021-05-25,,
2021-05-26,,
2021-05-27,,
2021-05-28,,
2021-05-29,,
2021-05-30,,
2021-05-31,,
2021-06-01,,
2021-06-02,,
2021-06-03,,
2021-06-04,,
2021-06-05,,
2021-06-06,,
2021-06-07,,
2021-06-08,,
2021-06-09,,
2021-06-10,,
2021-06-11,,
2021-06-12,,
2021-06-13,,
2021-06-14,,
2021-06-15,,
2021-06-16,,
2021-06-17,,
2021-06-18,,
2021-06-19,,
2021-06-20,,
2021-06-21,,
2021-06-22,,
2021-06-23,,
2021-06-24,,
2021-06-25,,
2021-06-26,,
2021-06-27,,
2021-06-28,,
2021-06-29,,
2021-06-30,,
2021-07-01,,
2021-07-02,,
2021-07-03,,
2021-07-04,,
2021-07-05,,
2021-07-06,,
2021-07-07,,
2021-07-08,,
2021-07-09,,
2021-07-10,,
2021-07-11,,
2021-07-12,,
2021-07-13,,
2021-07-14,,
2021-07-15,,
2021-07-16,,
2021-07-17,,
2021-07-18,,
2021-07-19,,
2021-07-20,,
2021-07-21,,
2021-07-22,,
2021-07-23,,
2021-07-24,,
2021-07-25,,
2021-07-26,,
2021-07-27,,
2021-07-28,,
2021-07-29,,
2021-07-30,,
2021-07-31,,
2021-08-01,,
2021-08-02,,
2021-08-03,,
2021-08-04,,
2021-08-05,,
2021-08-06,,
2021-08-07,,
2021-08-08,,
2021-08-09,,
2021-08-10,,
2021-08-11,,
2021-08-12,,
2021-08-13,,
2021-08-14,,
2021-08-15,,
2021-08-16,,
2021-08-17,,
2021-08-18,,
2021-08-19,,
2021-08-20,,
2021-08-21,,
2021-08-22,,
2021-08-23,,
2021-08-24,,
2021-08-25,,
2021-08-26,,
2021-08-27,,
2021-08-28,,
2021-08-29,,
2021-08-30,,
2021-08-31,,
2021-09-01,,
2021-09-02,,
2021-09-03,,
2021-09-04,,
2021-09-05,,
2021-09-06,,
2021-09-07,,
2021-09-08,,
2021-09-09,,
2021-09-10,,
2021-09-11,,
2021-09-12,,
2021-09-13,,
2021-09-14,,
2021-09-15,,
2021-09-16,,
2021-09-17,,
2021-09-18,,
2021-09-19,,
2021-09-20,,
2021-09-21,,
2021-09-22,,
2021-09-23,,
2021-09-24,,
2021-09-25,,
2021-09-26,,
2021-09-27,,
2021-09-28,,
2021-09-29,,
2021-09-30,,
2021-10-01,,
2021-10-02,,
2021-10-03,,
2021-10-04,,
2021-10-05,,
2021-10-06,,
2021-10-07,,
2021-10-08,0.0,
2021-10-09,1.524,
2021-10-10,1.6,
2021-10-11,1.346,
2021-10-12,1.626,
2021-10-13,1.6,
2021-10-14,1.524,
2021-10-15,1.295,
2021-10-16,1.727,
2021-10-17,1.219,
2021-10-18,1.575,
2021-10-19,1.448,
2021-10-20,1.397,
2021-10-21,1.854,
2021-10-22,1.829,
2021-10-23,2.032,
2021-10-24,1.473,
2021-10-25,11.176,
2021-10-26,15.342,
2021-10-27,15.316,
2021-10-28,15.519,
2021-10-29,15.392,
2021-10-30,15.088,
2021-10-31,14.656,
2021-11-01,14.275,
2021-11-02,14.021,
2021-11-03,13.894,
2021-11-04,14.072,
2021-11-05,14.453,
2021-11-06,14.707,
2021-11-07,14.453,
2021-11-08,14.834,
2021-11-09,17.678,
2021-11-10,19.304,
2021-11-11,19.304,
2021-11-12,19.304,
2021-11-13,19.304,
2021-11-14,19.304,
2021-11-15,19.304,
2021-11-16,19.304,
2021-11-17,19.304,
2021-11-18,19.304,
2021-11-19,19.304,
2021-11-20,19.304,
2021-11-21,19.304,
2021-11-22,19.304,
2021-11-23,19.304,
2021-11-24,19.304,
2021-11-25,19.304,
2021-11-26,19.304,
2021-11-27,19.304,
2021-11-28,19.304,
2021-11-29,19.304,
2021-11-30,19.304,
2021-12-01,19.304,
2021-12-02,19.304,
2021-12-03,19.304,
2021-12-04,19.304,
2021-12-05,19.304,
2021-12-06,19.304,
2021-12-07,19.304,40.64
2021-12-08,19.304,40.64
2021-12-09,19.304,45.72
2021-12-10,19.304,58.42
2021-12-11,19.304,55.88
2021-12-12,19.304,53.34
2021-12-13,20.396,55.88
2021-12-14,28.499,124.46
2021-12-15,29.972,134.62
2021-12-16,31.598,139.7
2021-12-17,32.461,139.7
2021-12-18,31.902,134.62
2021-12-19,31.039,132.08
2021-12-20,30.099,124.46
2021-12-21,29.54,121.92
2021-12-22,29.54,127.0
2021-12-23,33.452,154.94
2021-12-24,40.183,198.12
2021-12-25,43.967,198.12
2021-12-26,49.276,233.68
2021-12-27,51.867,220.98
2021-12-28,53.416,226.06
2021-12-29,54.051,220.98
2021-12-30,54.102,223.52
2021-12-31,53.924,205.74
2022-01-01,53.289,200.66
2022-01-02,53.67,198.12
2022-01-03,54.229,195.58
2022-01-04,52.629,172.72
2022-01-05,51.74,172.72
2022-01-06,51.994,170.18
2022-01-07,52.426,167.64
2022-01-08,52.934,167.64
2022-01-09,53.289,167.64
2022-01-10,53.924,165.1
2022-01-11,54.483,165.1
2022-01-12,54.915,165.1
2022-01-13,55.347,162.56
2022-01-14,55.27,162.56
2022-01-15,55.474,160.02
2022-01-16,55.829,160.02
2022-01-17,55.905,160.02
2022-01-18,55.956,160.02
2022-01-19,55.905,157.48
2022-01-20,56.134,157.48
2022-01-21,56.566,157.48
2022-01-22,55.778,154.94
2022-01-23,55.575,152.4
2022-01-24,55.829,152.4
2022-01-25,55.778,152.4
2022-01-26,55.651,152.4
2022-01-27,55.524,149.86
2022-01-28,55.778,149.86
2022-01-29,55.778,149.86
2022-01-30,55.702,149.86
2022-01-31,55.702,149.86
2022-02-01,56.032,149.86
2022-02-02,55.702,147.32
2022-02-03,54.661,147.32
2022-02-04,54.788,147.32
2022-02-05,55.093,147.32
2022-02-06,55.093,147.32
2022-02-07,55.22,147.32
2022-02-08,55.575,144.78
2022-02-09,55.524,144.78
2022-02-10,55.22,144.78
2022-02-11,55.397,144.78
2022-02-12,55.093,144.78
2022-02-13,54.534,144.78
2022-02-14,53.67,144.78
2022-02-15,52.934,142.24
2022-02-16,52.807,152.4
2022-02-17,51.74,144.78
2022-02-18,51.74,144.78
2022-02-19,51.867,144.78
2022-02-20,51.994,144.78
2022-02-21,52.07,144.78
2022-02-22,52.426,144.78
2022-02-23,52.73,147.32
2022-02-24,53.238,
2022-02-25,53.797,
2022-02-26,54.534,
2022-02-27,55.22,
2022-02-28,56.261,
2022-03-01,56.896,
2022-03-02,57.328,
2022-03-03,58.064,
2022-03-04,57.506,
2022-03-05,58.318,
2022-03-06,58.115,
2022-03-07,58.064,
2022-03-08,57.633,
2022-03-09,57.379,
2022-03-10,57.252,
2022-03-11,56.998,
2022-03-12,57.201,
2022-03-13,57.074,
2022-03-14,56.21,
2022-03-15,,
2022-03-16,,
2022-03-17,,
2022-03-18,,
2022-03-19,,
2022-03-20,,
2022-03-21,,
2022-03-22,,
2022-03-23,,
2022-03-24,,
2022-03-25,,
2022-03-26,,
2022-03-27,,
2022-03-28,,
2022-03-29,,
2022-03-30,,
2022-03-31,,
2022-04-01,,
2022-04-02,,
2022-04-03,,
2022-04-04,,
2022-04-05,,
2022-04-06,,
2022-04-07,,
2022-04-08,,
2022-04-09,,
2022-04-10,,
2022-04-11,,
2022-04-12,,
2022-04-13,,
2022-04-14,,
2022-04-15,,
2022-04-16,,
2022-04-17,,
2022-04-18,,
2022-04-19,,
2022-04-20,,
2022-04-21,,
2022-04-22,,
2022-04-23,,
2022-04-24,,
2022-04-25,,
2022-04-26,,
2022-04-27,,
2022-04-28,,
2022-04-29,,
2022-04-30,,
2022-05-01,,
2022-05-02,,
2022-05-03,,
2022-05-04,,
2022-05-05,,
2022-05-06,,
2022-05-07,,
2022-05-08,,
2022-05-09,,
2022-05-10,,
2022-05-11,,
2022-05-12,,
2022-05-13,,
2022-05-14,,
2022-05-15,,
2022-05-16,,
2022-05-17,,
2022-05-18,,
2022-05-19,,
2022-05-20,,
2022-05-21,,
2022-05-22,,
2022-05-23,,
2022-05-24,,
2022-05-25,,
2022-05-26,,
2022-05-27,,
2022-05-28,,
2022-05-29,,
2022-05-30,,
2022-05-31,,
2022-06-01,,
2022-06-02,,
2022-06-03,,
2022-06-04,,
2022-06-05,,
2022-06-06,,
2022-06-07,,
2022-06-08,,
2022-06-09,,
2022-06-10,,
2022-06-11,,
2022-06-12,,
2022-06-13,,
2022-06-14,,
2022-06-15,,
2022-06-16,,
2022-06-17,,
2022-06-18,,
2022-06-19,,
2022-06-20,,
2022-06-21,,
2022-06-22,,
2022-06-23,,
2022-06-24,,
2022-06-25,,
2022-06-26,,
2022-06-27,,
2022-06-28,,
2022-06-29,,
2022-06-30,,
2022-07-01,,
2022-07-02,,
2022-07-03,,
2022-07-04,,
2022-07-05,,
2022-07-06,,
2022-07-07,,
2022-07-08,,
2022-07-09,,
2022-07-10,,
2022-07-11,,
2022-07-12,,
2022-07-13,,
2022-07-14,,
2022-07-15,,
2022-07-16,,
2022-07-17,,
2022-07-18,,
2022-07-19,,
2022-07-20,,
2022-07-21,,
2022-07-22,,
2022-07-23,,
2022-07-24,,
2022-07-25,,
2022-07-26,,
2022-07-27,,
2022-07-28,,
2022-07-29,,
2022-07-30,,
2022-07-31,,
2022-08-01,,
2022-08-02,,
2022-08-03,,
2022-08-04,,
2022-08-05,,
2022-08-06,,
2022-08-07,,
2022-08-08,,
2022-08-09,,
2022-08-10,,
2022-08-11,,
2022-08-12,,
2022-08-13,,
2022-08-14,,
2022-08-15,,
2022-08-16,,
2022-08-17,,
2022-08-18,,
2022-08-19,,
2022-08-20,,
2022-08-21,,
2022-08-22,,
2022-08-23,,
2022-08-24,,
2022-08-25,,
2022-08-26,,
2022-08-27,,
2022-08-28,,
2022-08-29,,
2022-08-30,,
2022-08-31,,
2022-09-01,,
2022-09-02,,
2022-09-03,,
2022-09-04,,
2022-09-05,,
2022-09-06,,
2022-09-07,,
2022-09-08,,
2022-09-09,,
2022-09-10,,
2022-09-11,,
2022-09-12,,
2022-09-13,,
2022-09-14,,
2022-09-15,,5.08
2022-09-16,,5.08
2022-09-17,,5.08
2022-09-18,,5.08
2022-09-19,,5.08
2022-09-20,,2.54
2022-09-21,,5.08
2022-09-22,,5.08
2022-09-23,,5.08
2022-09-24,,5.08
2022-09-25,,5.08
2022-09-26,,5.08
2022-09-27,,5.08
2022-09-28,,5.08
2022-09-29,,5.08
2022-09-30,,5.08
2022-10-01,,5.08
2022-10-02,,5.08
2022-10-03,,5.08
2022-10-04,,5.08
2022-10-05,,5.08
2022-10-06,,5.08
2022-10-07,,5.08
2022-10-08,,5.08
2022-10-09,,5.08
2022-10-10,,5.08
2022-10-11,,5.08
2022-10-12,,5.08
2022-10-13,,5.08
2022-10-14,,5.08
2022-10-15,,5.08
2022-10-16,,5.08
2022-10-17,,5.08
2022-10-18,,2.54
2022-10-19,,2.54
2022-10-20,,2.54
2022-10-21,,5.08
2022-10-22,,2.54
2022-10-23,,2.54
2022-10-24,,2.54
2022-10-25,,2.54
2022-10-26,,2.54
2022-10-27,,2.54
2022-10-28,,2.54
2022-10-29,,2.54
2022-10-30,0.0,2.54
2022-10-31,0.0,2.54
2022-11-01,0.0,5.08
2022-11-02,0.94,12.7
2022-11-03,1.676,17.78
2022-11-04,1.194,10.16
2022-11-05,1.067,5.08
2022-11-06,0.711,5.08
2022-11-07,1.88,7.62
2022-11-08,6.248,20.32
2022-11-09,12.624,83.82
2022-11-10,13.132,73.66
2022-11-11,13.411,66.04
2022-11-12,13.64,60.96
2022-11-13,14.046,58.42
2022-11-14,13.995,55.88
2022-11-15,14.046,53.34
2022-11-16,14.072,50.8
2022-11-17,14.224,50.8
2022-11-18,14.326,50.8
2022-11-19,14.122,48.26
2022-11-20,14.097,48.26
2022-11-21,14.097,48.26
2022-11-22,14.021,48.26
2022-11-23,13.995,48.26
2022-11-24,13.767,45.72
2022-11-25,13.945,45.72
2022-11-26,13.945,45.72
2022-11-27,13.818,43.18
2022-11-28,12.903,43.18
2022-11-29,11.963,35.56
2022-11-30,12.014,35.56
2022-12-01,12.344,35.56
2022-12-02,16.586,83.82
2022-12-03,16.662,76.2
2022-12-04,20.879,101.6
2022-12-05,22.479,114.3
2022-12-06,22.657,111.76
2022-12-07,22.733,111.76
2022-12-08,22.784,106.68
2022-12-09,22.352,101.6
2022-12-10,22.657,93.98
2022-12-11,35.839,154.94
2022-12-12,38.43,157.48
2022-12-13,38.735,152.4
2022-12-14,38.811,147.32
2022-12-15,39.065,142.24
2022-12-16,39.116,139.7
2022-12-17,39.294,137.16
2022-12-18,39.167,134.62
2022-12-19,39.243,134.62
2022-12-20,39.853,132.08
2022-12-21,39.726,132.08
2022-12-22,39.548,129.54
2022-12-23,39.421,127.0
2022-12-24,39.802,127.0
2022-12-25,39.98,124.46
2022-12-26,39.98,124.46
2022-12-27,43.256,137.16
2022-12-28,49.936,182.88
2022-12-29,49.378,170.18
2022-12-30,49.251,170.18
2022-12-31,55.753,203.2
2023-01-01,66.446,271.78
2023-01-02,67.081,256.54
2023-01-03,66.878,256.54
2023-01-04,67.386,246.38
2023-01-05,68.555,271.78
2023-01-06,73.381,281.94
2023-01-07,73.736,279.4
2023-01-08,76.048,289.56
2023-01-09,79.502,312.42
2023-01-10,93.218,373.38
2023-01-11,99.035,396.24
2023-01-12,100.025,378.46
2023-01-13,100.025,365.76
2023-01-14,103.378,370.84
2023-01-15,110.744,421.64
2023-01-16,113.081,421.64
2023-01-17,112.903,431.8
2023-01-18,113.944,431.8
2023-01-19,115.799,431.8
2023-01-20,115.672,398.78
2023-01-21,115.672,391.16
2023-01-22,114.503,386.08
2023-01-23,115.494,375.92
2023-01-24,114.757,368.3
2023-01-25,114.935,360.68
2023-01-26,114.884,355.6
2023-01-27,114.808,347.98
2023-01-28,114.884,342.9
2023-01-29,114.757,337.82
2023-01-30,115.113,340.36
2023-01-31,115.113,332.74
2023-02-01,115.062,332.74
2023-02-02,115.062,330.2
2023-02-03,115.011,325.12
2023-02-04,114.579,322.58
2023-02-05,118.034,337.82
2023-02-06,118.339,342.9
2023-02-07,118.339,337.82
2023-02-08,118.516,335.28
2023-02-09,118.212,332.74
2023-02-10,118.034,327.66
2023-02-11,117.907,325.12
2023-02-12,117.729,
2023-02-13,117.526,
2023-02-14,117.348,320.04
2023-02-15,117.856,325.12
2023-02-16,117.729,322.58
2023-02-17,117.78,320.04
2023-02-18,117.653,317.5
2023-02-19,117.602,317.5
2023-02-20,117.526,314.96
2023-02-21,117.602,312.42
2023-02-22,,
2023-02-23,,
2023-02-24,,
2023-02-25,,
2023-02-26,,
2023-02-27,,
2023-02-28,,
2023-03-01,,
2023-03-02,,
2023-03-03,,
2023-03-04,,
2023-03-05,,
2023-03-06,,
2023-03-07,,
2023-03-08,,
2023-03-09,,
2023-03-10,,
2023-03-11,,
2023-03-12,,
2023-03-13,,
2023-03-14,,
2023-03-15,,
2023-03-16,,
2023-03-17,,
2023-03-18,,
2023-03-19,,
2023-03-20,,
2023-03-21,,
2023-03-22,,
2023-03-23,,
2023-03-24,,
2023-03-25,,
2023-03-26,,
2023-03-27,,
2023-03-28,,
2023-03-29,,
2023-03-30,,
2023-03-31,,
2023-04-01,,
2023-04-02,,
2023-04-03,,
2023-04-04,,
2023-04-05,,
2023-04-06,,
2023-04-07,,
2023-04-08,,
2023-04-09,,
2023-04-10,,
2023-04-11,,
2023-04-12,,
2023-04-13,,
2023-04-14,,
2023-04-15,,
2023-04-16,,
2023-04-17,,
2023-04-18,,
2023-04-19,,
2023-04-20,,
2023-04-21,,
2023-04-22,,
2023-04-23,,
2023-04-24,,
2023-04-25,,
2023-04-26,,
2023-04-27,,
2023-04-28,,
2023-04-29,,
2023-04-30,,
2023-05-01,,
2023-05-02,,
2023-05-03,,
2023-05-04,,
2023-05-05,,
2023-05-06,,
2023-05-07,,
2023-05-08,,
2023-05-09,,
2023-05-10,,
2023-05-11,,
2023-05-12,,
2023-05-13,,
2023-05-14,,
2023-05-15,,
2023-05-16,,
2023-05-17,,
2023-05-18,,
2023-05-19,,
2023-05-20,,
2023-05-21,,
2023-05-22,,
2023-05-23,,
2023-05-24,,
2023-05-25,,
2023-05-26,,
2023-05-27,,
2023-05-28,,
2023-05-29,,
2023-05-30,,
2023-05-31,,
2023-06-01,,
2023-06-02,,
2023-06-03,,
2023-06-04,,
2023-06-05,,
2023-06-06,,
2023-06-07,,
2023-06-08,,
2023-06-09,,
2023-06-10,,
2023-06-11,,
2023-06-12,,
2023-06-13,,
2023-06-14,,
2023-06-15,,
2023-06-16,,
2023-06-17,,
2023-06-18,,
2023-06-19,,
2023-06-20,,
2023-06-21,,
2023-06-22,,
2023-06-23,,
2023-06-24,,
2023-06-25,,
2023-06-26,,
2023-06-27,,
2023-06-28,,
2023-06-29,,
2023-06-30,,
2023-07-01,,
2023-07-02,,
2023-07-03,,
2023-07-04,,
2023-07-05,,
2023-07-06,,
2023-07-07,,
2023-07-08,,
2023-07-09,,
2023-07-10,,
2023-07-11,,
2023-07-12,,
2023-07-13,,
2023-07-14,,
2023-07-15,,
2023-07-16,,
2023-07-17,,
2023-07-18,,
2023-07-19,,
2023-07-20,,
2023-07-21,,
2023-07-22,,
2023-07-23,,
2023-07-24,,
2023-07-25,,
2023-07-26,,
2023-07-27,,
2023-07-28,,
2023-07-29,,
2023-07-30,,
2023-07-31,,
2023-08-01,,
2023-08-02,,
2023-08-03,,
2023-08-04,,
2023-08-05,,
2023-08-06,,
2023-08-07,,
2023-08-08,,
2023-08-09,,
2023-08-10,,
2023-08-11,,
2023-08-12,,
2023-08-13,,
2023-08-14,,
2023-08-15,,
2023-08-16,,
2023-08-17,,
2023-08-18,,
2023-08-19,,
2023-08-20,,
2023-08-21,,
2023-08-22,,
2023-08-23,,
2023-08-24,,
2023-08-25,,
2023-08-26,,
2023-08-27,,
2023-08-28,,
2023-08-29,,
2023-08-30,,
2023-08-31,,
2023-09-01,,
2023-09-02,,
2023-09-03,,
2023-09-04,,
2023-09-05,,
2023-09-06,,
2023-09-07,,
2023-09-08,,
2023-09-09,,
2023-09-10,,
2023-09-11,,
2023-09-12,,
2023-09-13,,
2023-09-14,,
2023-09-15,,
2023-09-16,,
2023-09-17,,
2023-09-18,,
2023-09-19,,
2023-09-20,,
2023-09-21,,
2023-09-22,,
2023-09-23,,
2023-09-24,,
2023-09-25,,
2023-09-26,,
2023-09-27,,
2023-09-28,,
2023-09-29,,
2023-09-30,,
2023-10-01,,
2023-10-02,,
2023-10-03,,
2023-10-04,,
2023-10-05,,
2023-10-06,,
2023-10-07,,
2023-10-08,,
2023-10-09,,
2023-10-10,,
2023-10-11,,
2023-10-12,,
2023-10-13,,
2023-10-14,,
2023-10-15,,
2023-10-16,,
2023-10-17,,
2023-10-18,,
2023-10-19,,
2023-10-20,,
2023-10-21,,
2023-10-22,,
2023-10-23,,
2023-10-24,,
2023-10-25,,
2023-10-26,,
2023-10-27,,
2023-10-28,,
2023-10-29,,
2023-10-30,,
2023-10-31,,
2023-11-01,,
2023-11-02,,
2023-11-03,,
2023-11-04,,
2023-11-05,,
2023-11-06,,
2023-11-07,,
2023-11-08,,
2023-11-09,,
2023-11-10,,
2023-11-11,,
2023-11-12,,
2023-11-13,,
2023-11-14,,
2023-11-15,,
2023-11-16,,
2023-11-17,,
2023-11-18,,
2023-11-19,,
2023-11-20,,
2023-11-21,,
2023-11-22,,
2023-11-23,,
2023-11-24,,
2023-11-25,,
2023-11-26,,
2023-11-27,,
2023-11-28,,
2023-11-29,,
2023-11-30,,
2023-12-01,,
2023-12-02,,
2023-12-03,,
2023-12-04,,
2023-12-05,,
2023-12-06,,
2023-12-07,,
2023-12-08,,
2023-12-09,,
2023-12-10,,
2023-12-11,,
2023-12-12,,
2023-12-13,,
2023-12-14,,
2023-12-15,,
2023-12-16,,
2023-12-17,,
2023-12-18,,
2023-12-19,,
2023-12-20,,
2023-12-21,,
2023-12-22,,
2023-12-23,,
2023-12-24,,
2023-12-25,,
2023-12-26,,
2023-12-27,,
2023-12-28,,
2023-12-29,,
2023-12-30,,
2023-12-31,,
2024-01-01,,
2024-01-02,,
2024-01-03,,
2024-01-04,,
2024-01-05,,
2024-01-06,,
2024-01-07,,
2024-01-08,,
2024-01-09,,
2024-01-10,,
2024-01-11,,
2024-01-12,,
2024-01-13,,
2024-01-14,,
2024-01-15,,
2024-01-16,,
2024-01-17,,
2024-01-18,,
2024-01-19,,
2024-01-20,,
2024-01-21,,
2024-01-22,,
2024-01-23,,
2024-01-24,,
2024-01-25,,
2024-01-26,,
2024-01-27,,
2024-01-28,,
2024-01-29,,
2024-01-30,,
2024-01-31,,
2024-02-01,,
2024-02-02,,0.0
2024-02-03,,0.0
2024-02-04,,0.0
2024-02-05,,0.0
2024-02-06,,0.0
2024-02-07,,0.0
2024-02-08,,0.0
2024-02-09,,0.0
2024-02-10,,0.0
2024-02-11,,0.0
2024-02-12,,0.0
2024-02-13,,0.0
2024-02-14,,0.0
2024-02-15,,0.0
2024-02-16,,0.0
2024-02-17,,0.0
2024-02-18,,0.0
2024-02-19,,0.0
2024-02-20,,0.0
2024-02-21,,0.0
2024-02-22,,0.0
2024-02-23,,0.0
2024-02-24,,0.0
2024-02-25,,0.0
2024-02-26,,0.0
2024-02-27,,0.0
2024-02-28,,0.0
2024-02-29,,0.0
2024-03-01,,0.0
2024-03-02,,0.0
2024-03-03,,0.0
2024-03-04,,0.0
2024-03-05,,0.0
2024-03-06,,0.0
2024-03-07,,0.0
2024-03-08,,0.0
2024-03-09,,0.0
2024-03-10,,0.0
2024-03-11,,0.0
2024-03-12,,0.0
2024-03-13,,0.0
2024-03-14,,0.0
2024-03-15,,0.0
2024-03-16,,0.0
2024-03-17,,0.0
2024-03-18,,0.0
2024-03-19,,0.0
2024-03-20,,0.0
2024-03-21,,0.0
2024-03-22,,0.0
2024-03-23,,0.0
2024-03-24,,0.0
2024-03-25,,0.0
2024-03-26,,0.0
2024-03-27,,0.0
2024-03-28,,0.0
2024-03-29,,0.0
2024-03-30,,0.0
2024-03-31,,0.0
2024-04-01,,0.0
2024-04-02,,0.0
2024-04-03,,0.0
2024-04-04,,0.0
2024-04-05,,0.0
2024-04-06,,0.0
2024-04-07,,0.0
2024-04-08,,0.0
2024-04-09,,0.0
2024-04-10,,0.0
2024-04-11,,0.0
2024-04-12,,0.0
2024-04-13,,0.0
2024-04-14,,0.0
2024-04-15,,0.0
2024-04-16,,0.0
2024-04-17,,0.0
2024-04-18,,0.0
2024-04-19,,0.0
2024-04-20,,0.0
2024-04-21,,0.0
2024-04-22,,0.0
2024-04-23,,0.0
2024-04-24,,0.0
2024-04-25,,0.0
2024-04-26,,0.0
2024-04-27,,0.0
2024-04-28,,0.0
2024-04-29,,0.0
2024-04-30,,0.0
2024-05-01,,0.0
2024-05-02,,0.0
2024-05-03,,0.0
2024-05-04,,0.0
2024-05-05,,0.0
2024-05-06,,0.0
2024-05-07,,0.0
2024-05-08,,0.0
2024-05-09,,0.0
2024-05-10,,0.0
2024-05-11,,0.0
2024-05-12,,0.0
2024-05-13,,0.0
2024-05-14,,0.0
2024-05-15,,0.0
2024-05-16,,0.0
2024-05-17,,0.0
2024-05-18,,0.0
2024-05-19,,0.0
2024-05-20,,0.0
2024-05-21,,0.0
2024-05-22,,0.0
2024-05-23,,0.0
2024-05-24,,0.0
2024-05-25,,0.0
2024-05-26,,0.0
2024-05-27,,0.0
2024-05-28,,0.0
2024-05-29,,0.0
2024-05-30,,0.0
2024-05-31,,0.0
2024-06-01,,0.0
2024-06-02,,0.0
2024-06-03,,0.0
2024-06-04,,0.0
2024-06-05,,0.0
2024-06-06,,0.0
2024-06-07,,0.0
2024-06-08,,0.0
2024-06-09,,0.0
2024-06-10,,0.0
2024-06-11,,0.0
2024-06-12,,0.0
2024-06-13,,0.0
2024-06-14,,0.0
2024-06-15,,0.0
2024-06-16,,0.0
2024-06-17,,0.0
2024-06-18,,0.0
2024-06-19,,0.0
2024-06-20,,0.0
2024-06-21,,0.0
2024-06-22,,0.0
2024-06-23,,0.0
2024-06-24,,0.0
2024-06-25,,0.0
2024-06-26,,0.0
2024-06-27,,0.0
2024-06-28,,0.0
2024-06-29,,0.0
2024-06-30,,0.0
2024-07-01,,0.0
2024-07-02,,0.0
2024-07-03,,0.0
2024-07-04,,0.0
2024-07-05,,0.0
2024-07-06,,0.0
2024-07-07,,0.0
2024-07-08,,0.0
2024-07-09,,0.0
2024-07-10,,0.0
2024-07-11,,0.0
2024-07-12,,0.0
2024-07-13,,0.0
2024-07-14,,0.0
2024-07-15,,0.0
2024-07-16,,0.0
2024-07-17,,0.0
2024-07-18,,0.0
2024-07-19,,0.0
2024-07-20,,0.0
2024-07-21,,0.0
2024-07-22,,0.0
2024-07-23,,0.0
2024-07-24,,0.0
2024-07-25,,0.0
2024-07-26,,0.0
2024-07-27,,0.0
2024-07-28,,0.0
2024-07-29,,0.0
2024-07-30,,0.0
2024-07-31,,0.0
2024-08-01,,0.0
2024-08-02,,0.0
2024-08-03,,0.0
2024-08-04,,0.0
2024-08-05,,0.0
2024-08-06,,0.0
2024-08-07,,0.0
2024-08-08,,0.0
2024-08-09,,0.0
2024-08-10,,0.0
2024-08-11,,0.0
2024-08-12,,0.0
2024-08-13,,0.0
2024-08-14,,0.0
2024-08-15,,0.0
2024-08-16,,0.0
2024-08-17,,0.0
2024-08-18,,0.0
2024-08-19,,0.0
2024-08-20,,0.0
2024-08-21,,0.0
2024-08-22,,0.0
2024-08-23,,0.0
2024-08-24,,0.0
2024-08-25,,0.0
2024-08-26,,0.0
2024-08-27,,0.0
2024-08-28,,0.0
2024-08-29,,0.0
2024-08-30,,0.0
2024-08-31,,0.0
2024-09-01,,0.0
2024-09-02,,0.0
2024-09-03,,0.0
2024-09-04,,0.0
2024-09-05,,0.0
2024-09-06,,0.0
2024-09-07,,0.0
2024-09-08,,0.0
2024-09-09,,0.0
2024-09-10,,0.0
2024-09-11,,0.0
2024-09-12,,0.0
2024-09-13,,0.0
2024-09-14,,0.0
2024-09-15,,0.0
2024-09-16,,0.0
2024-09-17,,0.0
2024-09-18,,0.0
2024-09-19,,0.0
2024-09-20,,0.0
2024-09-21,,0.0
2024-09-22,,0.0
2024-09-23,,0.0
2024-09-24,,0.0
2024-09-25,,0.0
2024-09-26,,0.0
2024-09-27,,0.0
2024-09-28,,0.0
2024-09-29,,0.0
2024-09-30,,0.0
2024-10-01,,0.0
2024-10-02,,0.0
2024-10-03,,0.0
2024-10-04,,0.0
2024-10-05,,0.0
2024-10-06,,0.0
2024-10-07,,0.0
2024-10-08,,0.0
2024-10-09,,0.0
2024-10-10,,0.0
2024-10-11,,0.0
2024-10-12,,0.0
2024-10-13,,0.0
2024-10-14,,0.0
2024-10-15,,0.0
2024-10-16,,0.0
2024-10-17,,0.0
2024-10-18,,0.0
2024-10-19,,0.0
2024-10-20,,0.0
2024-10-21,,0.0
2024-10-22,,0.0
2024-10-23,,0.0
2024-10-24,,0.0
2024-10-25,,0.0
2024-10-26,,0.0
2024-10-27,,0.0
2024-10-28,,0.0
2024-10-29,,0.0
2024-10-30,,0.0
2024-10-31,,0.0
2024-11-01,,0.0
2024-11-02,,0.0
2024-11-03,,0.0
2024-11-04,,0.0
2024-11-05,,0.0
2024-11-06,,0.0
2024-11-07,,0.0
2024-11-08,,0.0
2024-11-09,,0.0
2024-11-10,,0.0
2024-11-11,,0.0
2024-11-12,,0.0
2024-11-13,,0.0
2024-11-14,,0.0
2024-11-15,,0.0
2024-11-16,,0.0
2024-11-17,,0.0
2024-11-18,,0.0
2024-11-19,,0.0
2024-11-20,,0.0
2024-11-21,,0.0
2024-11-22,,0.0
2024-11-23,,0.0
2024-11-24,,0.0
2024-11-25,,0.0
2024-11-26,,0.0
2024-11-27,,0.0
2024-11-28,,0.0
2024-11-29,,0.0
2024-11-30,,0.0
2024-12-01,,0.0
2024-12-02,,0.0
2024-12-03,,0.0
2024-12-04,,0.0
2024-12-05,,0.0
2024-12-06,,0.0
2024-12-07,,0.0
2024-12-08,,0.0
2024-12-09,,0.0
2024-12-10,,0.0
2024-12-11,,0.0
2024-12-12,,0.0
2024-12-13,,
2024-12-14,,
2024-12-15,,
2024-12-16,,
2024-12-17,,
2024-12-18,,
2024-12-19,,
2024-12-20,,
2024-12-21,,
2024-12-22,,
2024-12-23,,
2024-12-24,,
2024-12-25,,
2024-12-26,,
2024-12-27,,
2024-12-28,,
2024-12-29,,
2024-12-30,,
2024-12-31,,
2025-01-01,,
2025-01-02,,
2025-01-03,,
2025-01-04,,
2025-01-05,,
2025-01-06,,
2025-01-07,,
2025-01-08,,
2025-01-09,,
2025-01-10,,
2025-01-11,,
2025-01-12,,
2025-01-13,,
2025-01-14,,
2025-01-15,,
2025-01-16,,
2025-01-17,,
2025-01-18,,
2025-01-19,,
2025-01-20,,
2025-01-21,,
2025-01-22,,
2025-01-23,,
2025-01-24,,
2025-01-25,,
2025-01-26,,
2025-01-27,,
2025-01-28,,
2025-01-29,,
2025-01-30,,
2025-01-31,,
2025-02-01,,
2025-02-02,,
2025-02-03,,
2025-02-04,,
2025-02-05,,
2025-02-06,,
2025-02-07,,
2025-02-08,,
2025-02-09,,
2025-02-10,,
2025-02-11,,
2025-02-12,,
2025-02-13,,
2025-02-14,,
2025-02-15,,
2025-02-16,,
2025-02-17,,
2025-02-18,,
2025-02-19,,
2025-02-20,,
2025-02-21,,
2025-02-22,,
2025-02-23,,
2025-02-24,,
2025-02-25,,
2025-02-26,,
2025-02-27,,
2025-02-28,,
2025-03-01,,
2025-03-02,,
2025-03-03,,
2025-03-04,,
2025-03-05,,
2025-03-06,,
2025-03-07,,
2025-03-08,,
2025-03-09,,
2025-03-10,,
2025-03-11,,
2025-03-12,,
2025-03-13,,
2025-03-14,,
2025-03-15,,
2025-03-16,,
2025-03-17,,
2025-03-18,,
2025-03-19,,
2025-03-20,,
2025-03-21,,
2025-03-22,,
2025-03-23,,
2025-03-24,,
2025-03-25,,
2025-03-26,,
2025-03-27,,
2025-03-28,,
2025-03-29,,
2025-03-30,,
2025-03-31,,
2025-04-01,,
2025-04-02,,
2025-04-03,,
2025-04-04,,
2025-04-05,,
2025-04-06,,
2025-04-07,,
2025-04-08,,
2025-04-09,,
2025-04-10,,
2025-04-11,,
2025-04-12,,
2025-04-13,,
2025-04-14,,
2025-04-15,,
2025-04-16,,
2025-04-17,,
2025-04-18,,
2025-04-19,,
2025-04-20,,
2025-04-21,,
2025-04-22,,
2025-04-23,,
2025-04-24,,
2025-04-25,,
2025-04-26,,
2025-04-27,,
2025-04-28,,
2025-04-29,,
2025-04-30,,
2025-05-01,,
2025-05-02,,
2025-05-03,,
2025-05-04,,
2025-05-05,,
2025-05-06,,
2025-05-07,,
2025-05-08,,
2025-05-09,,
2025-05-10,,
2025-05-11,,
2025-05-12,,
2025-05-13,,
2025-05-14,,
2025-05-15,,
2025-05-16,,
2025-05-17,,
2025-05-18,,
2025-05-19,,
2025-05-20,,
2025-05-21,,
2025-05-22,,
2025-05-23,,
2025-05-24,,
2025-05-25,,
2025-05-26,,
2025-05-27,,
2025-05-28,,
2025-05-29,,
2025-05-30,,
2025-05-31,,
2025-06-01,,
2025-06-02,,
2025-06-03,,
2025-06-04,,
2025-06-05,,
2025-06-06,,
2025-06-07,,
2025-06-08,,
2025-06-09,,
2025-06-10,,
2025-06-11,,
2025-06-12,,
2025-06-13,,
2025-06-14,,
2025-06-15,,
2025-06-16,,
2025-06-17,,
2025-06-18,,
2025-06-19,,
2025-06-20,,
2025-06-21,,
2025-06-22,,
2025-06-23,,
2025-06-24,,
2025-06-25,,
2025-06-26,,
2025-06-27,,
2025-06-28,,
2025-06-29,,
2025-06-30,,
2025-07-01,,
2025-07-02,,
2025-07-03,,
2025-07-04,,
2025-07-05,,
2025-07-06,,
2025-07-07,,
2025-07-08,,
2025-07-09,,
2025-07-10,,
2025-07-11,,
2025-07-12,,
2025-07-13,,
2025-07-14,,
2025-07-15,,
2025-07-16,,
2025-07-17,,
2025-07-18,,
2025-07-19,,
2025-07-20,,
2025-07-21,,
2025-07-22,,
2025-07-23,,
2025-07-24,,
2025-07-25,,
2025-07-26,,
2025-07-27,,
2025-07-28,,
2025-07-29,,
2025-07-30,,
2025-07-31,,
2025-08-01,,
2025-08-02,,
2025-08-03,,
2025-08-04,,
2025-08-05,,
2025-08-06,,
2025-08-07,,
2025-08-08,,
2025-08-09,,
2025-08-10,,
2025-08-11,,
2025-08-12,,
2025-08-13,,
2025-08-14,,
2025-08-15,,
2025-08-16,,
2025-08-17,,
2025-08-18,,
2025-08-19,,
2025-08-20,,
2025-08-21,,
2025-08-22,,
2025-08-23,,
2025-08-24,,
2025-08-25,,
2025-08-26,,
2025-08-27,,
2025-08-28,,
2025-08-29,,
2025-08-30,,
2025-08-31,,
2025-09-01,,
2025-09-02,,
2025-09-03,,
2025-09-04,,
2025-09-05,,
2025-09-06,,
2025-09-07,,
2025-09-08,,
2025-09-09,,
2025-09-10,,
2025-09-11,,
2025-09-12,,
2025-09-13,,
2025-09-14,,
2025-09-15,,
2025-09-16,,
2025-09-17,,
2025-09-18,,
2025-09-19,,
2025-09-20,,
2025-09-21,,
2025-09-22,,
2025-09-23,,
2025-09-24,,
2025-09-25,,
2025-09-26,,
2025-09-27,,
2025-09-28,,
2025-09-29,,
2025-09-30,,
2025-10-01,,
2025-10-02,,
2025-10-03,,
2025-10-04,,
2025-10-05,,
2025-10-06,,
2025-10-07,,
2025-10-08,,
2025-10-09,,
2025-10-10,,
2025-10-11,,
2025-10-12,,
2025-10-13,,
2025-10-14,,
2025-10-15,,
2025-10-16,,
2025-10-17,,
2025-10-18,,
2025-10-19,,
2025-10-20,,
2025-10-21,,
2025-10-22,,
2025-10-23,,
2025-10-24,,
2025-10-25,,
2025-10-26,,
2025-10-27,,
2025-10-28,,
2025-10-29,,
2025-10-30,,
2025-10-31,,
2025-11-01,,
2025-11-02,,
2025-11-03,,
2025-11-04,,
2025-11-05,,
2025-11-06,,
2025-11-07,,
2025-11-08,,
2025-11-09,,
2025-11-10,,
2025-11-11,,
2025-11-12,,
2025-11-13,,
2025-11-14,,
2025-11-15,,
2025-11-16,,
2025-11-17,,
2025-11-18,,
2025-11-19,,
2025-11-20,,
2025-11-21,,
2025-11-22,,
2025-11-23,,
2025-11-24,,
2025-11-25,,
2025-11-26,,
2025-11-27,,
2025-11-28,,
2025-11-29,,
2025-11-30,,
2025-12-01,,
2025-12-02,,
2025-12-03,,
2025-12-04,,
2025-12-05,,
2025-12-06,,
2025-12-07,,
2025-12-08,,
2025-12-09,,
2025-12-10,,
2025-12-11,,
2025-12-12,,
2025-12-13,,
2025-12-14,,
2025-12-15,,
2025-12-16,,
2025-12-17,,
2025-12-18,,
2025-12-19,,
2025-12-20,,
2025-12-21,,
2025-12-22,,
2025-12-23,,
2025-12-24,,
2025-12-25,,
2025-12-26,,
2025-12-27,,
2025-12-28,,
2025-12-29,,
2025-12-30,,
2025-12-31,,
2026-01-01,,
2026-01-02,,
2026-01-03,,
2026-01-04,,
2026-01-05,,
2026-01-06,,
2026-01-07,,
2026-01-08,,
2026-01-09,,
2026-01-10,,
2026-01-11,,
2026-01-12,,
2026-01-13,,
2026-01-14,,
2026-01-15,,
2026-01-16,,
2026-01-17,,
2026-01-18,,
2026-01-19,,
2026-01-20,,
2026-01-21,,
2026-01-22,,
2026-01-23,,
2026-01-24,,
2026-01-25,,
2026-01-26,,
2026-01-27,,
2026-01-28,,
2026-01-29,,
2026-01-30,,
2026-01-31,,
2026-02-01,,
2026-02-02,,
2026-02-03,,
2026-02-04,,
2026-02-05,,
2026-02-06,,
2026-02-07,,
2026-02-08,,
2026-02-09,,
2026-02-10,,
2026-02-11,,
2026-02-12,,
2026-02-13,,
2026-02-14,,
2026-02-15,,
2026-02-16,,
2026-02-17,,
2026-02-18,,
2026-02-19,,
2026-02-20,,
2026-02-21,,
2026-02-22,,
2026-02-23,,
2026-02-24,,
2026-02-25,,
2026-02-26,,
2026-02-27,,
2026-02-28,,
2026-03-01,,
2026-03-02,,
2026-03-03,,
2026-03-04,,
2026-03-05,,
2026-03-06,,
2026-03-07,,
2026-03-08,,
2026-03-09,,
2026-03-10,,
2026-03-11,,
2026-03-12,,
2026-03-13,,
2026-03-14,,
2026-03-15,,
2026-03-16,,
2026-03-17,,
2026-03-18,,
2026-03-19,,
2026-03-20,,
2026-03-21,,
2026-03-22,,
2026-03-23,,
2026-03-24,,
2026-03-25,,
2026-03-26,,
2026-03-27,,
2026-03-28,,
2026-03-29,,
2026-03-30,,
2026-03-31,,
2026-04-01,,
2026-04-02,,
2026-04-03,,
2026-04-04,,
2026-04-05,,
2026-04-06,,
2026-04-07,,
2026-04-08,,
2026-04-09,,
2026-04-10,,
2026-04-11,,
2026-04-12,,
2026-04-13,,
2026-04-14,,
2026-04-15,,
2026-04-16,,
2026-04-17,,
2026-04-18,,
2026-04-19,,
2026-04-20,,
2026-04-21,,
2026-04-22,,
2026-04-23,,
2026-04-24,,
2026-04-25,,
2026-04-26,,
2026-04-27,,
2026-04-28,,
2026-04-29,,
2026-04-30,,
2026-05-01,,
2026-05-02,,
2026-05-03,,
2026-05-04,,
2026-05-05,,
2026-05-06,,
2026-05-07,,
2026-05-08,,
2026-05-09,,
2026-05-10,,
2026-05-11,,
2026-05-12,,
2026-05-13,,
2026-05-14,,
2026-05-15,,
2026-05-16,,
2026-05-17,,
2026-05-18,,
2026-05-19,,
2026-05-20,,
2026-05-21,,
2026-05-22,,
2026-05-23,,
2026-05-24,,
2026-05-25,,
2026-05-26,,
2026-05-27,,
2026-05-28,,
2026-05-29,,
2026-05-30,,
2026-05-31,,
2026-06-01,,
2026-06-02,,
2026-06-03,,
2026-06-04,,
2026-06-05,,
2026-06-06,,
2026-06-07,,
2026-06-08,,
2026-06-09,,
2026-06-10,,
2026-06-11,,
2026-06-12,,
2026-06-13,,
2026-06-14,,
2026-06-15,,
2026-06-16,,
2026-06-17,,
2026-06-18,,
2026-06-19,,
2026-06-20,,
2026-06-21,,
2026-06-22,,
2026-06-23,,
2026-06-24,,
2026-06-25,,
2026-06-26,,
2026-06-27,,
2026-06-28,,
2026-06-29,,
2026-06-30,,
2026-07-01,,
2026-07-02,,
2026-07-03,,
2026-07-04,,
2026-07-05,,
2026-07-06,,
2026-07-07,,
2026-07-08,,
2026-07-09,,
2026-07-10,,
2026-07-11,,
2026-07-12,,
2026-07-13,,
2026-07-14,,
2026-07-15,,
2026-07-16,,
2026-07-17,,
2026-07-18,,
2026-07-19,,
2026-07-20,,
2026-07-21,,
2026-07-22,,
2026-07-23,,
2026-07-24,,
2026-07-25,,
2026-07-26,,
2026-07-27,,
2026-07-28,,
2026-07-29,,
2026-07-30,,
2026-07-31,,
2026-08-01,,
2026-08-02,,
2026-08-03,,
2026-08-04,,
2026-08-05,,
2026-08-06,,
2026-08-07,,
2026-08-08,,
2026-08-09,,
2026-08-10,,
2026-08-11,,
2026-08-12,,
2026-08-13,,
2026-08-14,,
2026-08-15,,
2026-08-16,,
2026-08-17,,
2026-08-18,,
2026-08-19,,
2026-08-20,,
2026-08-21,,
