date,wteq_cm,snwd_cm
1983-01-01,,
1983-01-02,,
1983-01-03,,
1983-01-04,,
1983-01-05,,
1983-01-06,,
1983-01-07,,
1983-01-08,,
1983-01-09,,
1983-01-10,,
1983-01-11,,
1983-01-12,,
1983-01-13,,
1983-01-14,,
1983-01-15,,
1983-01-16,,
1983-01-17,,
1983-01-18,,
1983-01-19,,
1983-01-20,,
1983-01-21,,
1983-01-22,,
1983-01-23,,
1983-01-24,,
1983-01-25,,
1983-01-26,,
1983-01-27,,
1983-01-28,,
1983-01-29,,
1983-01-30,,
1983-01-31,,
1983-02-01,,
1983-02-02,,
1983-02-03,,
1983-02-04,,
1983-02-05,,
1983-02-06,,
1983-02-07,,
1983-02-08,,
1983-02-09,,
1983-02-10,,
1983-02-11,,
1983-02-12,,
1983-02-13,,
1983-02-14,,
1983-02-15,,
1983-02-16,,
1983-02-17,,
1983-02-18,,
1983-02-19,,
1983-02-20,,
1983-02-21,,
1983-02-22,,
1983-02-23,,
1983-02-24,,
1983-02-25,,
1983-02-26,,
1983-02-27,,
1983-02-28,,
1983-03-01,,
1983-03-02,,
1983-03-03,,
1983-03-04,,
1983-03-05,,
1983-03-06,,
1983-03-07,,
1983-03-08,,
1983-03-09,,
1983-03-10,,
1983-03-11,,
1983-03-12,,
1983-03-13,,
1983-03-14,,
1983-03-15,,
1983-03-16,,
1983-03-17,,
1983-03-18,,
1983-03-19,,
1983-03-20,,
1983-03-21,,
1983-03-22,,
1983-03-23,,
1983-03-24,,
1983-03-25,,
1983-03-26,,
1983-03-27,,
1983-03-28,,
1983-03-29,,
1983-03-30,,
1983-03-31,,
1983-04-01,,
1983-04-02,,
1983-04-03,,
1983-04-04,,
1983-04-05,,
1983-04-06,,
1983-04-07,,
1983-04-08,,
1983-04-09,,
1983-04-10,,
1983-04-11,,
1983-04-12,,
1983-04-13,,
1983-04-14,,
1983-04-15,,
1983-04-16,,
1983-04-17,,
1983-04-18,,
1983-04-19,,
1983-04-20,,
1983-04-21,,
1983-04-22,,
1983-04-23,,
1983-04-24,,
1983-04-25,,
1983-04-26,,
1983-04-27,,
1983-04-28,,
1983-04-29,,
1983-04-30,,
1983-05-01,,
1983-05-02,,
1983-05-03,,
1983-05-04,,
1983-05-05,,
1983-05-06,,
1983-05-07,,
1983-05-08,,
1983-05-09,,
1983-05-10,,
1983-05-11,,
1983-05-12,,
1983-05-13,,
1983-05-14,,
1983-05-15,,
1983-05-16,,
1983-05-17,,
1983-05-18,,
1983-05-19,,
1983-05-20,,
1983-05-21,,
1983-05-22,,
1983-05-23,,
1983-05-24,,
1983-05-25,,
1983-05-26,,
1983-05-27,,
1983-05-28,,
1983-05-29,,
1983-05-30,,
1983-05-31,,
1983-06-01,,
1983-06-02,,
1983-06-03,,
1983-06-04,,
1983-06-05,,
1983-06-06,,
1983-06-07,,
1983-06-08,,
1983-06-09,,
1983-06-10,,
1983-06-11,,
1983-06-12,,
1983-06-13,,
1983-06-14,,
1983-06-15,,
1983-06-16,,
1983-06-17,,
1983-06-18,,
1983-06-19,,
1983-06-20,,
1983-06-21,,
1983-06-22,,
1983-06-23,,
1983-06-24,,
1983-06-25,,
1983-06-26,,
1983-06-27,,
1983-06-28,,
1983-06-29,,
1983-06-30,,
1983-07-01,,
1983-07-02,,
1983-07-03,,
1983-07-04,,
1983-07-05,,
1983-07-06,,
1983-07-07,,
1983-07-08,,
1983-07-09,,
1983-07-10,,
1983-07-11,,
1983-07-12,,
1983-07-13,,
1983-07-14,,
1983-07-15,,
1983-07-16,,
1983-07-17,,
1983-07-18,,
1983-07-19,,
1983-07-20,,
1983-07-21,,
1983-07-22,,
1983-07-23,,
1983-07-24,,
1983-07-25,,
1983-07-26,,
1983-07-27,,
1983-07-28,,
1983-07-29,,
1983-07-30,,
1983-07-31,,
1983-08-01,,
1983-08-02,,
1983-08-03,,
1983-08-04,,
1983-08-05,,
1983-08-06,,
1983-08-07,,
1983-08-08,,
1983-08-09,,
1983-08-10,,
1983-08-11,,
1983-08-12,,
1983-08-13,,
1983-08-14,,
1983-08-15,,
1983-08-16,,
1983-08-17,,
1983-08-18,,
1983-08-19,,
1983-08-20,,
1983-08-21,,
1983-08-22,,
1983-08-23,,
1983-08-24,,
1983-08-25,,
1983-08-26,,
1983-08-27,,
1983-08-28,,
1983-08-29,,
1983-08-30,,
1983-08-31,,
1983-09-01,,
1983-09-02,,
1983-09-03,,
1983-09-04,,
1983-09-05,,
1983-09-06,,
1983-09-07,,
1983-09-08,,
1983-09-09,,
1983-09-10,,
1983-09-11,,
1983-09-12,,
1983-09-13,,
1983-09-14,,
1983-09-15,,
1983-09-16,,
1983-09-17,,
1983-09-18,,
1983-09-19,,
1983-09-20,,
1983-09-21,,
1983-09-22,,
1983-09-23,,
1983-09-24,,
1983-09-25,,
1983-09-26,,
1983-09-27,,
1983-09-28,,
1983-09-29,,
1983-09-30,,
1983-10-01,,
1983-10-02,,
1983-10-03,,
1983-10-04,,
1983-10-05,,
1983-10-06,,
1983-10-07,,
1983-10-08,,
1983-10-09,,
1983-10-10,,
1983-10-11,,
1983-10-12,,
1983-10-13,,
1983-10-14,,
1983-10-15,,
1983-10-16,,
1983-10-17,,
1983-10-18,,
1983-10-19,,
1983-10-20,,
1983-10-21,,
1983-10-22,,
1983-10-23,,
1983-10-24,,
1983-10-25,,
1983-10-26,,
1983-10-27,,
1983-10-28,,
1983-10-29,,
1983-10-30,,
1983-10-31,,
1983-11-01,,
1983-11-02,,
1983-11-03,,
1983-11-04,,
1983-11-05,,
1983-11-06,,
1983-11-07,,
1983-11-08,,
1983-11-09,,
1983-11-10,,
1983-11-11,,
1983-11-12,,
1983-11-13,,
1983-11-14,,
1983-11-15,,
1983-11-16,,
1983-11-17,,
1983-11-18,,
1983-11-19,,
1983-11-20,,
1983-11-21,,
1983-11-22,,
1983-11-23,,
1983-11-24,,
1983-11-25,,
1983-11-26,,
1983-11-27,,
1983-11-28,,
1983-11-29,,
1983-11-30,,
1983-12-01,,
1983-12-02,,
1983-12-03,,
1983-12-04,,
1983-12-05,,
1983-12-06,,
1983-12-07,,
1983-12-08,,
1983-12-09,,
1983-12-10,,
1983-12-11,,
1983-12-12,,
1983-12-13,,
1983-12-14,,
1983-12-15,,
1983-12-16,,
1983-12-17,,
1983-12-18,,
1983-12-19,,
1983-12-20,,
1983-12-21,,
1983-12-22,,
1983-12-23,,
1983-12-24,,
1983-12-25,,
1983-12-26,,
1983-12-27,,
1983-12-28,,
1983-12-29,,
1983-12-30,,
1983-12-31,,
1984-11-02,0.0,
1984-11-03,2.032,
1984-11-04,4.064,
1984-11-05,5.842,
1984-11-06,7.874,
1984-11-07,9.906,
1984-11-08,11.43,
1984-11-09,16.51,
1984-11-10,17.018,
1984-11-11,17.018,
1984-11-12,17.018,
1984-11-13,23.622,
1984-11-14,25.4,
1984-11-15,25.4,
1984-11-16,25.908,
1984-11-17,26.924,
1984-11-18,28.448,
1984-11-19,28.448,
1984-11-20,28.448,
1984-11-21,29.464,
1984-11-22,30.988,
1984-11-23,30.988,
1984-11-24,31.496,
1984-11-25,37.592,
1984-11-26,37.592,
1984-11-27,38.1,
1984-11-28,43.434,
1984-11-29,45.466,
1984-11-30,45.466,
1984-12-01,45.466,
1984-12-02,45.466,
1984-12-03,45.466,
1984-12-04,45.466,
1984-12-05,46.482,
1984-12-06,46.482,
1984-12-07,46.482,
1984-12-08,46.482,
1984-12-09,46.482,
1984-12-10,48.26,
1984-12-11,48.514,
1984-12-12,49.022,
1984-12-13,49.022,
1984-12-14,49.022,
1984-12-15,49.022,
1984-12-16,49.53,
1984-12-17,49.53,
1984-12-18,49.53,
1984-12-19,49.53,
1984-12-20,50.038,
1984-12-21,50.038,
1984-12-22,50.038,
1984-12-23,50.038,
1984-12-24,50.038,
1984-12-25,50.038,
1984-12-26,50.038,
1984-12-27,50.038,
1984-12-28,50.038,
1984-12-29,50.038,
1984-12-30,50.038,
1984-12-31,50.038,
1985-01-01,50.038,
1985-01-02,50.038,
1985-01-03,50.038,
1985-01-04,50.038,
1985-01-05,50.038,
1985-01-06,50.038,
1985-01-07,52.07,
1985-01-08,52.578,
1985-01-09,53.086,
1985-01-10,53.086,
1985-01-11,53.086,
1985-01-12,53.086,
1985-01-13,53.086,
1985-01-14,53.086,
1985-01-15,53.086,
1985-01-16,53.086,
1985-01-17,53.086,
1985-01-18,53.086,
1985-01-19,53.086,
1985-01-20,53.086,
1985-01-21,53.086,
1985-01-22,53.086,
1985-01-23,53.086,
1985-01-24,53.086,
1985-01-25,53.086,
1985-01-26,53.086,
1985-01-27,55.118,
1985-01-28,55.118,
1985-01-29,55.626,
1985-01-30,55.626,
1985-01-31,55.626,
1985-02-01,55.626,
1985-02-02,56.134,
1985-02-03,57.912,
1985-02-04,57.912,
1985-02-05,57.912,
1985-02-06,57.912,
1985-02-07,57.912,
1985-02-08,61.468,
1985-02-09,70.612,
1985-02-10,70.612,
1985-02-11,71.628,
1985-02-12,71.628,
1985-02-13,71.628,
1985-02-14,71.628,
1985-02-15,71.628,
1985-02-16,71.628,
1985-02-17,71.628,
1985-02-18,71.628,
1985-02-19,71.628,
1985-02-20,71.628,
1985-02-21,71.628,
1985-02-22,71.628,
1985-02-23,71.628,
1985-02-24,71.628,
1985-02-25,71.628,
1985-02-26,71.628,
1985-02-27,71.628,
1985-02-28,71.628,
1985-03-01,71.628,
1985-03-02,71.628,
1985-03-03,72.212,
1985-03-04,72.771,
1985-03-05,73.355,
1985-03-06,73.914,
1985-03-07,77.47,
1985-03-08,79.502,
1985-03-09,80.01,
1985-03-10,80.01,
1985-03-11,83.058,
1985-03-12,84.582,
1985-03-13,85.598,
1985-03-14,85.598,
1985-03-15,85.598,
1985-03-16,85.598,
1985-03-17,85.598,
1985-03-18,85.598,
1985-03-19,85.598,
1985-03-20,86.106,
1985-03-21,86.106,
1985-03-22,86.106,
1985-03-23,86.106,
1985-03-24,87.122,
1985-03-25,87.122,
1985-03-26,88.392,
1985-03-27,91.948,
1985-03-28,99.06,
1985-03-29,100.584,
1985-03-30,101.092,
1985-03-31,101.016,
1985-04-01,100.94,
1985-04-02,100.863,
1985-04-03,100.813,
1985-04-04,100.736,
1985-04-05,100.66,
1985-04-06,100.584,
1985-04-07,98.044,
1985-04-08,94.488,
1985-04-09,91.948,
1985-04-10,91.44,
1985-04-11,90.932,
1985-04-12,89.408,
1985-04-13,88.392,
1985-04-14,86.614,
1985-04-15,83.566,
1985-04-16,81.026,
1985-04-17,80.518,
1985-04-18,80.518,
1985-04-19,80.518,
1985-04-20,80.518,
1985-04-21,80.518,
1985-04-22,80.518,
1985-04-23,81.28,
1985-04-24,80.01,
1985-04-25,78.994,
1985-04-26,78.994,
1985-04-27,76.962,
1985-04-28,76.454,
1985-04-29,72.898,
1985-04-30,71.12,
1985-05-01,69.088,
1985-05-02,67.056,
1985-05-03,64.516,
1985-05-04,61.468,
1985-05-05,58.42,
1985-05-06,56.134,
1985-05-07,53.594,
1985-05-08,52.07,
1985-05-09,49.53,
1985-05-10,48.514,
1985-05-11,48.006,
1985-05-12,48.006,
1985-05-13,46.482,
1985-05-14,43.434,
1985-05-15,40.386,
1985-05-16,37.592,
1985-05-17,34.544,
1985-05-18,29.972,
1985-05-19,26.924,
1985-05-20,23.622,
1985-05-21,20.574,
1985-05-22,14.986,
1985-05-23,11.938,
1985-05-24,7.112,
1985-05-25,4.572,
1985-05-26,2.032,
1985-05-27,0.0,
1985-05-28,,
1985-05-29,,
1985-05-30,,
1985-05-31,,
1985-06-01,,
1985-06-02,,
1985-06-03,,
1985-06-04,,
1985-06-05,,
1985-06-06,,
1985-06-07,,
1985-06-08,,
1985-06-09,,
1985-06-10,,
1985-06-11,,
1985-06-12,,
1985-06-13,,
1985-06-14,,
1985-06-15,,
1985-06-16,,
1985-06-17,,
1985-06-18,,
1985-06-19,,
1985-06-20,,
1985-06-21,,
1985-06-22,,
1985-06-23,,
1985-06-24,,
1985-06-25,,
1985-06-26,,
1985-06-27,,
1985-06-28,,
1985-06-29,,
1985-06-30,,
1985-07-01,,
1985-07-02,,
1985-07-03,,
1985-07-04,,
1985-07-05,,
1985-07-06,,
1985-07-07,,
1985-07-08,,
1985-07-09,,
1985-07-10,,
1985-07-11,,
1985-07-12,,
1985-07-13,,
1985-07-14,,
1985-07-15,,
1985-07-16,,
1985-07-17,,
1985-07-18,,
1985-07-19,,
1985-07-20,,
1985-07-21,,
1985-07-22,,
1985-07-23,,
1985-07-24,,
1985-07-25,,
1985-07-26,,
1985-07-27,,
1985-07-28,,
1985-07-29,,
1985-07-30,,
1985-07-31,,
1985-08-01,,
1985-08-02,,
1985-08-03,,
1985-08-04,,
1985-08-05,,
1985-08-06,,
1985-08-07,,
1985-08-08,,
1985-08-09,,
1985-08-10,,
1985-08-11,,
1985-08-12,,
1985-08-13,,
1985-08-14,,
1985-08-15,,
1985-08-16,,
1985-08-17,,
1985-08-18,,
1985-08-19,,
1985-08-20,,
1985-08-21,,
1985-08-22,,
1985-08-23,,
1985-08-24,,
1985-08-25,,
1985-08-26,,
1985-08-27,,
1985-08-28,,
1985-08-29,,
1985-08-30,,
1985-08-31,,
1985-09-01,,
1985-09-02,,
1985-09-03,,
1985-09-04,,
1985-09-05,,
1985-09-06,,
1985-09-07,,
1985-09-08,,
1985-09-09,,
1985-09-10,,
1985-09-11,,
1985-09-12,,
1985-09-13,,
1985-09-14,,
1985-09-15,,
1985-09-16,,
1985-09-17,,
1985-09-18,,
1985-09-19,,
1985-09-20,,
1985-09-21,,
1985-09-22,,
1985-09-23,,
1985-09-24,,
1985-09-25,,
1985-09-26,,
1985-09-27,,
1985-09-28,,
1985-09-29,,
1985-09-30,,
1985-10-01,,
1985-10-02,,
1985-10-03,,
1985-10-04,,
1985-10-05,,
1985-10-06,,
1985-10-07,,
1985-10-08,,
1985-10-09,,
1985-10-10,,
1985-10-11,,
1985-10-12,,
1985-10-13,,
1985-10-14,,
1985-10-15,,
1985-10-16,,
1985-10-17,,
1985-10-18,,
1985-10-19,,
1985-10-20,,
1985-10-21,,
1985-10-22,,
1985-10-23,,
1985-10-24,,
1985-10-25,,
1985-10-26,,
1985-10-27,,
1985-10-28,,
1985-10-29,,
1985-10-30,,
1985-10-31,,
1985-11-01,,
1985-11-02,,
1985-11-03,,
1985-11-04,,
1985-11-05,,
1985-11-06,,
1985-11-07,,
1985-11-08,,
1985-11-09,,
1985-11-10,,
1985-11-11,0.0,
1985-11-12,6.604,
1985-11-13,6.604,
1985-11-14,6.604,
1985-11-15,6.604,
1985-11-16,6.604,
1985-11-17,8.636,
1985-11-18,8.636,
1985-11-19,8.89,
1985-11-20,8.89,
1985-11-21,8.89,
1985-11-22,9.398,
1985-11-23,9.398,
1985-11-24,9.398,
1985-11-25,9.398,
1985-11-26,12.446,
1985-11-27,12.446,
1985-11-28,12.446,
1985-11-29,12.446,
1985-11-30,18.034,
1985-12-01,18.034,
1985-12-02,21.082,
1985-12-03,26.924,
1985-12-04,26.924,
1985-12-05,26.924,
1985-12-06,27.432,
1985-12-07,27.94,
1985-12-08,29.972,
1985-12-09,29.972,
1985-12-10,29.972,
1985-12-11,29.972,
1985-12-12,29.972,
1985-12-13,29.972,
1985-12-14,29.972,
1985-12-15,29.972,
1985-12-16,29.972,
1985-12-17,29.972,
1985-12-18,29.972,
1985-12-19,29.972,
1985-12-20,29.972,
1985-12-21,29.972,
1985-12-22,29.972,
1985-12-23,29.972,
1985-12-24,29.972,
1985-12-25,29.972,
1985-12-26,29.972,
1985-12-27,29.972,
1985-12-28,29.972,
1985-12-29,29.972,
1985-12-30,32.512,
1985-12-31,34.544,
1986-01-01,35.56,
1986-01-02,35.56,
1986-01-03,35.56,
1986-01-04,35.56,
1986-01-05,35.56,
1986-01-06,38.608,
1986-01-07,38.608,
1986-01-08,38.608,
1986-01-09,38.608,
1986-01-10,38.608,
1986-01-11,38.608,
1986-01-12,38.608,
1986-01-13,38.608,
1986-01-14,38.608,
1986-01-15,38.608,
1986-01-16,39.192,
1986-01-17,39.802,
1986-01-18,45.466,
1986-01-19,45.872,
1986-01-20,46.279,
1986-01-21,46.685,
1986-01-22,47.092,
1986-01-23,47.498,
1986-01-24,47.498,
1986-01-25,47.498,
1986-01-26,47.498,
1986-01-27,47.498,
1986-01-28,47.498,
1986-01-29,47.498,
1986-01-30,48.006,
1986-01-31,50.038,
1986-02-01,51.562,
1986-02-02,52.578,
1986-02-03,56.134,
1986-02-04,56.896,
1986-02-05,57.404,
1986-02-06,57.404,
1986-02-07,57.404,
1986-02-08,57.404,
1986-02-09,57.404,
1986-02-10,57.404,
1986-02-11,57.404,
1986-02-12,57.404,
1986-02-13,64.516,
1986-02-14,72.136,
1986-02-15,76.454,
1986-02-16,85.598,
1986-02-17,97.028,
1986-02-18,109.474,
1986-02-19,119.126,
1986-02-20,127.508,
1986-02-21,132.08,
1986-02-22,135.128,
1986-02-23,135.128,
1986-02-24,135.128,
1986-02-25,135.128,
1986-02-26,135.128,
1986-02-27,135.128,
1986-02-28,135.128,
1986-03-01,135.128,
1986-03-02,135.128,
1986-03-03,135.128,
1986-03-04,135.128,
1986-03-05,135.128,
1986-03-06,135.128,
1986-03-07,135.128,
1986-03-08,139.446,
1986-03-09,152.908,
1986-03-10,152.908,
1986-03-11,155.956,
1986-03-12,157.988,
1986-03-13,159.004,
1986-03-14,159.512,
1986-03-15,159.512,
1986-03-16,160.02,
1986-03-17,162.052,
1986-03-18,162.052,
1986-03-19,162.052,
1986-03-20,162.052,
1986-03-21,162.052,
1986-03-22,162.052,
1986-03-23,161.544,
1986-03-24,160.528,
1986-03-25,160.02,
1986-03-26,159.512,
1986-03-27,159.512,
1986-03-28,159.512,
1986-03-29,159.512,
1986-03-30,159.004,
1986-03-31,159.004,
1986-04-01,156.972,
1986-04-02,155.448,
1986-04-03,153.416,
1986-04-04,153.416,
1986-04-05,152.908,
1986-04-06,152.908,
1986-04-07,152.908,
1986-04-08,152.908,
1986-04-09,152.908,
1986-04-10,152.908,
1986-04-11,152.908,
1986-04-12,152.908,
1986-04-13,152.908,
1986-04-14,152.908,
1986-04-15,152.4,
1986-04-16,151.638,
1986-04-17,151.638,
1986-04-18,151.638,
1986-04-19,151.638,
1986-04-20,151.638,
1986-04-21,151.13,
1986-04-22,146.05,
1986-04-23,145.847,
1986-04-24,145.644,
1986-04-25,145.44,
1986-04-26,145.237,
1986-04-27,145.034,
1986-04-28,140.97,
1986-04-29,138.862,
1986-04-30,136.728,
1986-05-01,134.62,
1986-05-02,133.096,
1986-05-03,129.032,
1986-05-04,124.46,
1986-05-05,126.492,
1986-05-06,129.54,
1986-05-07,133.096,
1986-05-08,136.398,
1986-05-09,136.398,
1986-05-10,136.398,
1986-05-11,136.398,
1986-05-12,134.62,
1986-05-13,132.436,
1986-05-14,130.251,
1986-05-15,128.041,
1986-05-16,125.857,
1986-05-17,123.673,
1986-05-18,121.463,
1986-05-19,119.278,
1986-05-20,117.094,
1986-05-21,116.078,
1986-05-22,115.57,
1986-05-23,114.554,
1986-05-24,114.554,
1986-05-25,109.22,
1986-05-26,105.156,
1986-05-27,102.108,
1986-05-28,98.552,
1986-05-29,96.52,
1986-05-30,93.218,
1986-05-31,87.63,
1986-06-01,84.582,
1986-06-02,81.026,
1986-06-03,77.978,
1986-06-04,74.676,
1986-06-05,70.104,
1986-06-06,66.548,
1986-06-07,64.008,
1986-06-08,61.214,
1986-06-09,58.674,
1986-06-10,57.15,
1986-06-11,54.102,
1986-06-12,50.038,
1986-06-13,47.498,
1986-06-14,43.18,
1986-06-15,38.608,
1986-06-16,33.528,
1986-06-17,28.702,
1986-06-18,23.114,
1986-06-19,17.526,
1986-06-20,11.176,
1986-06-21,8.636,
1986-06-22,3.048,
1986-06-23,0.508,
1986-06-24,0.0,
1986-06-25,,
1986-06-26,,
1986-06-27,,
1986-06-28,,
1986-06-29,,
1986-06-30,,
1986-07-01,,
1986-07-02,,
1986-07-03,,
1986-07-04,,
1986-07-05,,
1986-07-06,,
1986-07-07,,
1986-07-08,,
1986-07-09,,
1986-07-10,,
1986-07-11,,
1986-07-12,,
1986-07-13,,
1986-07-14,,
1986-07-15,,
1986-07-16,,
1986-07-17,,
1986-07-18,,
1986-07-19,,
1986-07-20,,
1986-07-21,,
1986-07-22,,
1986-07-23,,
1986-07-24,,
1986-07-25,,
1986-07-26,,
1986-07-27,,
1986-07-28,,
1986-07-29,,
1986-07-30,,
1986-07-31,,
1986-08-01,,
1986-08-02,,
1986-08-03,,
1986-08-04,,
1986-08-05,,
1986-08-06,,
1986-08-07,,
1986-08-08,,
1986-08-09,,
1986-08-10,,
1986-08-11,,
1986-08-12,,
1986-08-13,,
1986-08-14,,
1986-08-15,,
1986-08-16,,
1986-08-17,,
1986-08-18,,
1986-08-19,,
1986-08-20,,
1986-08-21,,
1986-08-22,,
1986-08-23,,
1986-08-24,,
1986-08-25,,
1986-08-26,,
1986-08-27,,
1986-08-28,,
1986-08-29,,
1986-08-30,,
1986-08-31,,
1986-09-01,,
1986-09-02,,
1986-09-03,,
1986-09-04,,
1986-09-05,,
1986-09-06,,
1986-09-07,,
1986-09-08,,
1986-09-09,,
1986-09-10,,
1986-09-11,,
1986-09-12,,
1986-09-13,,
1986-09-14,,
1986-09-15,,
1986-09-16,,
1986-09-17,,
1986-09-18,,
1986-09-19,,
1986-09-20,,
1986-09-21,,
1986-09-22,,
1986-09-23,,
1986-09-24,,
1986-09-25,,
1986-09-26,,
1986-09-27,,
1986-09-28,,
1986-09-29,,
1986-09-30,,
1986-10-01,,
1986-10-02,,
1986-10-03,,
1986-10-04,,
1986-10-05,,
1986-10-06,,
1986-10-07,,
1986-10-08,,
1986-10-09,,
1986-10-10,,
1986-10-11,,
1986-10-12,,
1986-10-13,,
1986-10-14,,
1986-10-15,,
1986-10-16,,
1986-10-17,,
1986-10-18,,
1986-10-19,,
1986-10-20,,
1986-10-21,,
1986-10-22,,
1986-10-23,,
1986-10-24,,
1986-10-25,,
1986-10-26,,
1986-10-27,,
1986-10-28,,
1986-10-29,,
1986-10-30,,
1986-10-31,,
1986-11-01,,
1986-11-02,,
1986-11-03,,
1986-11-04,,
1986-11-05,,
1986-11-06,,
1986-11-07,,
1986-11-08,,
1986-11-09,,
1986-11-10,,
1986-11-11,,
1986-11-12,,
1986-11-13,,
1986-11-14,,
1986-11-15,,
1986-11-16,,
1986-11-17,,
1986-11-18,,
1986-11-19,,
1986-11-20,,
1986-11-21,,
1986-11-22,,
1986-11-23,,
1986-11-24,,
1986-11-25,,
1986-11-26,,
1986-11-27,,
1986-11-28,,
1986-11-29,,
1986-11-30,,
1986-12-01,,
1986-12-02,,
1986-12-03,,
1986-12-04,,
1986-12-05,,
1986-12-06,,
1986-12-07,,
1986-12-08,,
1986-12-09,,
1986-12-10,,
1986-12-11,,
1986-12-12,,
1986-12-13,,
1986-12-14,,
1986-12-15,,
1986-12-16,,
1986-12-17,,
1986-12-18,,
1986-12-19,,
1986-12-20,,
1986-12-21,,
1986-12-22,,
1986-12-23,,
1986-12-24,,
1986-12-25,,
1986-12-26,,
1986-12-27,,
1986-12-28,,
1986-12-29,,
1986-12-30,,
1986-12-31,,
1987-01-01,5.08,
1987-01-02,6.096,
1987-01-03,6.604,
1987-01-04,12.954,
1987-01-05,14.986,
1987-01-06,14.986,
1987-01-07,15.494,
1987-01-08,15.494,
1987-01-09,15.494,
1987-01-10,15.494,
1987-01-11,15.494,
1987-01-12,15.494,
1987-01-13,15.494,
1987-01-14,15.494,
1987-01-15,15.494,
1987-01-16,15.494,
1987-01-17,15.494,
1987-01-18,15.494,
1987-01-19,15.494,
1987-01-20,15.494,
1987-01-21,15.494,
1987-01-22,15.494,
1987-01-23,15.494,
1987-01-24,16.18,
1987-01-25,16.84,
1987-01-26,17.526,
1987-01-27,17.526,
1987-01-28,18.034,
1987-01-29,20.574,
1987-01-30,20.574,
1987-01-31,20.574,
1987-02-01,20.574,
1987-02-02,20.574,
1987-02-03,20.574,
1987-02-04,21.082,
1987-02-05,21.082,
1987-02-06,21.082,
1987-02-07,21.082,
1987-02-08,21.082,
1987-02-09,21.082,
1987-02-10,21.082,
1987-02-11,21.082,
1987-02-12,24.384,
1987-02-13,28.448,
1987-02-14,33.528,
1987-02-15,36.068,
1987-02-16,39.116,
1987-02-17,39.116,
1987-02-18,39.116,
1987-02-19,39.116,
1987-02-20,39.116,
1987-02-21,39.116,
1987-02-22,39.116,
1987-02-23,39.116,
1987-02-24,39.497,
1987-02-25,39.878,
1987-02-26,40.234,
1987-02-27,40.615,
1987-02-28,40.996,
1987-03-01,40.894,
1987-03-02,40.894,
1987-03-03,40.894,
1987-03-04,40.894,
1987-03-05,40.894,
1987-03-06,45.974,
1987-03-07,47.498,
1987-03-08,48.006,
1987-03-09,48.717,
1987-03-10,49.428,
1987-03-11,50.14,
1987-03-12,50.851,
1987-03-13,51.562,
1987-03-14,54.102,
1987-03-15,56.896,
1987-03-16,57.404,
1987-03-17,57.404,
1987-03-18,57.404,
1987-03-19,58.42,
1987-03-20,59.944,
1987-03-21,59.944,
1987-03-22,59.944,
1987-03-23,63.5,
1987-03-24,64.008,
1987-03-25,64.516,
1987-03-26,64.516,
1987-03-27,64.516,
1987-03-28,64.516,
1987-03-29,64.516,
1987-03-30,64.516,
1987-03-31,64.516,
1987-04-01,64.516,
1987-04-02,64.516,
1987-04-03,63.475,
1987-04-04,62.459,
1987-04-05,61.417,
1987-04-06,60.376,
1987-04-07,59.334,
1987-04-08,58.318,
1987-04-09,57.277,
1987-04-10,56.236,
1987-04-11,55.22,
1987-04-12,54.178,
1987-04-13,53.137,
1987-04-14,52.095,
1987-04-15,51.079,
1987-04-16,50.038,
1987-04-17,48.006,
1987-04-18,46.99,
1987-04-19,45.466,
1987-04-20,44.958,
1987-04-21,44.45,
1987-04-22,42.164,
1987-04-23,41.656,
1987-04-24,39.116,
1987-04-25,36.068,
1987-04-26,33.528,
1987-04-27,32.004,
1987-04-28,29.972,
1987-04-29,27.686,
1987-04-30,24.638,
1987-05-01,24.638,
1987-05-02,24.638,
1987-05-03,24.638,
1987-05-04,23.622,
1987-05-05,20.066,
1987-05-06,17.018,
1987-05-07,13.97,
1987-05-08,10.922,
1987-05-09,8.636,
1987-05-10,6.604,
1987-05-11,4.572,
1987-05-12,2.032,
1987-05-13,0.508,
1987-05-14,0.0,
1987-05-15,,
1987-05-16,,
1987-05-17,,
1987-05-18,,
1987-05-19,,
1987-05-20,,
1987-05-21,,
1987-05-22,,
1987-05-23,,
1987-05-24,,
1987-05-25,,
1987-05-26,,
1987-05-27,,
1987-05-28,,
1987-05-29,,
1987-05-30,,
1987-05-31,,
1987-06-01,,
1987-06-02,,
1987-06-03,,
1987-06-04,,
1987-06-05,,
1987-06-06,,
1987-06-07,,
1987-06-08,,
1987-06-09,,
1987-06-10,,
1987-06-11,,
1987-06-12,,
1987-06-13,,
1987-06-14,,
1987-06-15,,
1987-06-16,,
1987-06-17,,
1987-06-18,,
1987-06-19,,
1987-06-20,,
1987-06-21,,
1987-06-22,,
1987-06-23,,
1987-06-24,,
1987-06-25,,
1987-06-26,,
1987-06-27,,
1987-06-28,,
1987-06-29,,
1987-06-30,,
1987-07-01,,
1987-07-02,,
1987-07-03,,
1987-07-04,,
1987-07-05,,
1987-07-06,,
1987-07-07,,
1987-07-08,,
1987-07-09,,
1987-07-10,,
1987-07-11,,
1987-07-12,,
1987-07-13,,
1987-07-14,,
1987-07-15,,
1987-07-16,,
1987-07-17,,
1987-07-18,,
1987-07-19,,
1987-07-20,,
1987-07-21,,
1987-07-22,,
1987-07-23,,
1987-07-24,,
1987-07-25,,
1987-07-26,,
1987-07-27,,
1987-07-28,,
1987-07-29,,
1987-07-30,,
1987-07-31,,
1987-08-01,,
1987-08-02,,
1987-08-03,,
1987-08-04,,
1987-08-05,,
1987-08-06,,
1987-08-07,,
1987-08-08,,
1987-08-09,,
1987-08-10,,
1987-08-11,,
1987-08-12,,
1987-08-13,,
1987-08-14,,
1987-08-15,,
1987-08-16,,
1987-08-17,,
1987-08-18,,
1987-08-19,,
1987-08-20,,
1987-08-21,,
1987-08-22,,
1987-08-23,,
1987-08-24,,
1987-08-25,,
1987-08-26,,
1987-08-27,,
1987-08-28,,
1987-08-29,,
1987-08-30,,
1987-08-31,,
1987-09-01,,
1987-09-02,,
1987-09-03,,
1987-09-04,,
1987-09-05,,
1987-09-06,,
1987-09-07,,
1987-09-08,,
1987-09-09,,
1987-09-10,,
1987-09-11,,
1987-09-12,,
1987-09-13,,
1987-09-14,,
1987-09-15,,
1987-09-16,,
1987-09-17,,
1987-09-18,,
1987-09-19,,
1987-09-20,,
1987-09-21,,
1987-09-22,,
1987-09-23,,
1987-09-24,,
1987-09-25,,
1987-09-26,,
1987-09-27,,
1987-09-28,,
1987-09-29,,
1987-09-30,,
1987-10-01,,
1987-10-02,,
1987-10-03,,
1987-10-04,,
1987-10-05,,
1987-10-06,,
1987-10-07,,
1987-10-08,,
1987-10-09,,
1987-10-10,,
1987-10-11,,
1987-10-12,,
1987-10-13,,
1987-10-14,,
1987-10-15,,
1987-10-16,,
1987-10-17,,
1987-10-18,,
1987-10-19,,
1987-10-20,,
1987-10-21,,
1987-10-22,,
1987-10-23,,
1987-10-24,0.0,
1987-10-25,2.032,
1987-10-26,2.032,
1987-10-27,2.032,
1987-10-28,2.032,
1987-10-29,2.032,
1987-10-30,2.032,
1987-10-31,2.032,
1987-11-01,2.032,
1987-11-02,2.032,
1987-11-03,2.032,
1987-11-04,2.032,
1987-11-05,2.032,
1987-11-06,2.54,
1987-11-07,2.54,
1987-11-08,3.048,
1987-11-09,3.048,
1987-11-10,3.048,
1987-11-11,3.048,
1987-11-12,3.048,
1987-11-13,3.048,
1987-11-14,5.08,
1987-11-15,5.588,
1987-11-16,5.588,
1987-11-17,6.096,
1987-11-18,6.096,
1987-11-19,7.62,
1987-11-20,7.62,
1987-11-21,8.636,
1987-11-22,8.89,
1987-11-23,8.89,
1987-11-24,8.89,
1987-11-25,8.89,
1987-11-26,8.89,
1987-11-27,8.89,
1987-11-28,8.89,
1987-11-29,8.89,
1987-11-30,8.89,
1987-12-01,9.398,
1987-12-02,10.922,
1987-12-03,10.922,
1987-12-04,10.922,
1987-12-05,10.922,
1987-12-06,10.922,
1987-12-07,14.986,
1987-12-08,17.018,
1987-12-09,18.034,
1987-12-10,19.558,
1987-12-11,19.558,
1987-12-12,19.558,
1987-12-13,19.558,
1987-12-14,19.558,
1987-12-15,19.558,
1987-12-16,19.558,
1987-12-17,20.574,
1987-12-18,21.082,
1987-12-19,21.082,
1987-12-20,22.098,
1987-12-21,22.098,
1987-12-22,23.114,
1987-12-23,26.162,
1987-12-24,26.162,
1987-12-25,26.162,
1987-12-26,26.162,
1987-12-27,26.162,
1987-12-28,26.162,
1987-12-29,29.464,
1987-12-30,30.48,
1987-12-31,32.512,
1988-01-01,32.512,
1988-01-02,32.512,
1988-01-03,35.814,
1988-01-04,39.116,
1988-01-05,41.402,
1988-01-06,44.45,
1988-01-07,44.45,
1988-01-08,44.958,
1988-01-09,46.99,
1988-01-10,46.99,
1988-01-11,47.498,
1988-01-12,47.498,
1988-01-13,47.498,
1988-01-14,47.498,
1988-01-15,48.006,
1988-01-16,48.006,
1988-01-17,50.546,
1988-01-18,53.594,
1988-01-19,53.594,
1988-01-20,53.594,
1988-01-21,53.594,
1988-01-22,53.594,
1988-01-23,53.594,
1988-01-24,53.594,
1988-01-25,53.594,
1988-01-26,53.594,
1988-01-27,53.594,
1988-01-28,53.594,
1988-01-29,53.594,
1988-01-30,53.594,
1988-01-31,54.102,
1988-02-01,54.102,
1988-02-02,54.102,
1988-02-03,54.102,
1988-02-04,54.102,
1988-02-05,54.102,
1988-02-06,54.102,
1988-02-07,54.102,
1988-02-08,54.102,
1988-02-09,54.102,
1988-02-10,54.102,
1988-02-11,54.102,
1988-02-12,54.102,
1988-02-13,54.102,
1988-02-14,54.102,
1988-02-15,54.102,
1988-02-16,54.102,
1988-02-17,54.102,
1988-02-18,54.102,
1988-02-19,54.102,
1988-02-20,54.102,
1988-02-21,54.102,
1988-02-22,54.102,
1988-02-23,54.102,
1988-02-24,54.102,
1988-02-25,54.102,
1988-02-26,54.102,
1988-02-27,54.102,
1988-02-28,54.762,
1988-02-29,55.423,
1988-03-01,56.083,
1988-03-02,56.744,
1988-03-03,57.404,
1988-03-04,57.353,
1988-03-05,57.302,
1988-03-06,57.226,
1988-03-07,57.175,
1988-03-08,57.125,
1988-03-09,57.074,
1988-03-10,56.998,
1988-03-11,56.947,
1988-03-12,56.896,
1988-03-13,56.82,
1988-03-14,56.744,
1988-03-15,56.667,
1988-03-16,56.617,
1988-03-17,56.54,
1988-03-18,56.464,
1988-03-19,56.388,
1988-03-20,55.626,
1988-03-21,55.118,
1988-03-22,55.118,
1988-03-23,55.118,
1988-03-24,53.594,
1988-03-25,54.102,
1988-03-26,53.594,
1988-03-27,51.054,
1988-03-28,51.054,
1988-03-29,50.546,
1988-03-30,50.038,
1988-03-31,48.514,
1988-04-01,47.498,
1988-04-02,45.466,
1988-04-03,44.958,
1988-04-04,44.45,
1988-04-05,44.45,
1988-04-06,42.418,
1988-04-07,40.894,
1988-04-08,40.386,
1988-04-09,38.608,
1988-04-10,37.592,
1988-04-11,35.56,
1988-04-12,34.544,
1988-04-13,33.02,
1988-04-14,32.512,
1988-04-15,33.02,
1988-04-16,33.02,
1988-04-17,33.02,
1988-04-18,33.02,
1988-04-19,33.02,
1988-04-20,36.576,
1988-04-21,38.608,
1988-04-22,39.116,
1988-04-23,39.624,
1988-04-24,40.894,
1988-04-25,40.894,
1988-04-26,40.894,
1988-04-27,40.894,
1988-04-28,40.386,
1988-04-29,39.624,
1988-04-30,39.116,
1988-05-01,38.608,
1988-05-02,38.608,
1988-05-03,38.608,
1988-05-04,37.998,
1988-05-05,37.592,
1988-05-06,37.592,
1988-05-07,37.592,
1988-05-08,37.592,
1988-05-09,38.1,
1988-05-10,38.1,
1988-05-11,37.084,
1988-05-12,33.528,
1988-05-13,32.004,
1988-05-14,32.004,
1988-05-15,32.004,
1988-05-16,21.082,
1988-05-17,21.082,
1988-05-18,21.082,
1988-05-19,20.066,
1988-05-20,17.526,
1988-05-21,12.446,
1988-05-22,8.636,
1988-05-23,4.496,
1988-05-24,2.997,
1988-05-25,2.997,
1988-05-26,2.489,
1988-05-27,1.27,
1988-05-28,0.0,
1988-05-29,,
1988-05-30,,
1988-05-31,,
1988-06-01,,
1988-06-02,,
1988-06-03,,
1988-06-04,,
1988-06-05,,
1988-06-06,,
1988-06-07,,
1988-06-08,,
1988-06-09,,
1988-06-10,,
1988-06-11,,
1988-06-12,,
1988-06-13,,
1988-06-14,,
1988-06-15,,
1988-06-16,,
1988-06-17,,
1988-06-18,,
1988-06-19,,
1988-06-20,,
1988-06-21,,
1988-06-22,,
1988-06-23,,
1988-06-24,,
1988-06-25,,
1988-06-26,,
1988-06-27,,
1988-06-28,,
1988-06-29,,
1988-06-30,,
1988-07-01,,
1988-07-02,,
1988-07-03,,
1988-07-04,,
1988-07-05,,
1988-07-06,,
1988-07-07,,
1988-07-08,,
1988-07-09,,
1988-07-10,,
1988-07-11,,
1988-07-12,,
1988-07-13,,
1988-07-14,,
1988-07-15,,
1988-07-16,,
1988-07-17,,
1988-07-18,,
1988-07-19,,
1988-07-20,,
1988-07-21,,
1988-07-22,,
1988-07-23,,
1988-07-24,,
1988-07-25,,
1988-07-26,,
1988-07-27,,
1988-07-28,,
1988-07-29,,
1988-07-30,,
1988-07-31,,
1988-08-01,,
1988-08-02,,
1988-08-03,,
1988-08-04,,
1988-08-05,,
1988-08-06,,
1988-08-07,,
1988-08-08,,
1988-08-09,,
1988-08-10,,
1988-08-11,,
1988-08-12,,
1988-08-13,,
1988-08-14,,
1988-08-15,,
1988-08-16,,
1988-08-17,,
1988-08-18,,
1988-08-19,,
1988-08-20,,
1988-08-21,,
1988-08-22,,
1988-08-23,,
1988-08-24,,
1988-08-25,,
1988-08-26,,
1988-08-27,,
1988-08-28,,
1988-08-29,,
1988-08-30,,
1988-08-31,,
1988-09-01,,
1988-09-02,,
1988-09-03,,
1988-09-04,,
1988-09-05,,
1988-09-06,,
1988-09-07,,
1988-09-08,,
1988-09-09,,
1988-09-10,,
1988-09-11,,
1988-09-12,,
1988-09-13,,
1988-09-14,,
1988-09-15,,
1988-09-16,,
1988-09-17,,
1988-09-18,,
1988-09-19,,
1988-09-20,,
1988-09-21,,
1988-09-22,,
1988-09-23,,
1988-09-24,,
1988-09-25,,
1988-09-26,,
1988-09-27,,
1988-09-28,,
1988-09-29,,
1988-09-30,,
1988-10-01,,
1988-10-02,,
1988-10-03,,
1988-10-04,,
1988-10-05,,
1988-10-06,,
1988-10-07,,
1988-10-08,,
1988-10-09,,
1988-10-10,,
1988-10-11,,
1988-10-12,,
1988-10-13,,
1988-10-14,,
1988-10-15,,
1988-10-16,,
1988-10-17,,
1988-10-18,,
1988-10-19,,
1988-10-20,,
1988-10-21,,
1988-10-22,,
1988-10-23,,
1988-10-24,,
1988-10-25,,
1988-10-26,,
1988-10-27,,
1988-10-28,,
1988-10-29,,
1988-10-30,,
1988-10-31,,
1988-11-01,,
1988-11-02,,
1988-11-03,,
1988-11-04,,
1988-11-05,,
1988-11-06,,
1988-11-07,,
1988-11-08,,
1988-11-09,,
1988-11-10,,
1988-11-11,,
1988-11-12,,
1988-11-13,,
1988-11-14,,
1988-11-15,,
1988-11-16,,
1988-11-17,,
1988-11-18,,
1988-11-19,,
1988-11-20,,
1988-11-21,,
1988-11-22,,
1988-11-23,,
1988-11-24,,
1988-11-25,,
1988-11-26,,
1988-11-27,,
1988-11-28,,
1988-11-29,,
1988-11-30,,
1988-12-01,,
1988-12-02,,
1988-12-03,,
1988-12-04,,
1988-12-05,,
1988-12-06,,
1988-12-07,,
1988-12-08,,
1988-12-09,,
1988-12-10,,
1988-12-11,,
1988-12-12,,
1988-12-13,,
1988-12-14,,
1988-12-15,,
1988-12-16,,
1988-12-17,,
1988-12-18,,
1988-12-19,,
1988-12-20,,
1988-12-21,,
1988-12-22,,
1988-12-23,,
1988-12-24,,
1988-12-25,,
1988-12-26,,
1988-12-27,,
1988-12-28,,
1988-12-29,,
1988-12-30,,
1988-12-31,,
1989-01-01,,
1989-01-02,,
1989-01-03,,
1989-01-04,,
1989-01-05,,
1989-01-06,,
1989-01-07,,
1989-01-08,,
1989-01-09,,
1989-01-10,,
1989-01-11,,
1989-01-12,,
1989-01-13,,
1989-01-14,,
1989-01-15,,
1989-01-16,,
1989-01-17,,
1989-01-18,,
1989-01-19,,
1989-01-20,,
1989-01-21,,
1989-01-22,,
1989-01-23,,
1989-01-24,,
1989-01-25,,
1989-01-26,,
1989-01-27,,
1989-01-28,,
1989-01-29,,
1989-01-30,,
1989-01-31,,
1989-02-01,54.0,
1989-02-02,54.0,
1989-02-03,60.503,
1989-02-04,60.503,
1989-02-05,60.503,
1989-02-06,60.503,
1989-02-07,60.452,
1989-02-08,60.706,
1989-02-09,67.564,
1989-02-10,67.564,
1989-02-11,67.564,
1989-02-12,67.564,
1989-02-13,67.564,
1989-02-14,67.564,
1989-02-15,67.564,
1989-02-16,67.564,
1989-02-17,67.564,
1989-02-18,69.342,
1989-02-19,69.342,
1989-02-20,69.596,
1989-02-21,69.596,
1989-02-22,69.596,
1989-02-23,69.596,
1989-02-24,69.596,
1989-02-25,69.596,
1989-02-26,69.596,
1989-02-27,69.596,
1989-02-28,69.596,
1989-03-01,69.596,
1989-03-02,69.596,
1989-03-03,69.596,
1989-03-04,75.438,
1989-03-05,75.438,
1989-03-06,75.438,
1989-03-07,75.438,
1989-03-08,75.438,
1989-03-09,75.438,
1989-03-10,81.28,
1989-03-11,82.042,
1989-03-12,84.328,
1989-03-13,84.328,
1989-03-14,84.328,
1989-03-15,84.328,
1989-03-16,84.328,
1989-03-17,87.63,
1989-03-18,90.932,
1989-03-19,90.932,
1989-03-20,91.44,
1989-03-21,91.44,
1989-03-22,91.44,
1989-03-23,91.44,
1989-03-24,91.44,
1989-03-25,96.52,
1989-03-26,98.552,
1989-03-27,99.568,
1989-03-28,99.568,
1989-03-29,99.568,
1989-03-30,94.234,
1989-03-31,96.52,
1989-04-01,97.028,
1989-04-02,97.028,
1989-04-03,97.282,
1989-04-04,96.52,
1989-04-05,95.758,
1989-04-06,94.996,
1989-04-07,93.98,
1989-04-08,91.44,
1989-04-09,90.424,
1989-04-10,90.424,
1989-04-11,87.376,
1989-04-12,86.868,
1989-04-13,84.836,
1989-04-14,84.328,
1989-04-15,81.788,
1989-04-16,81.28,
1989-04-17,80.518,
1989-04-18,79.502,
1989-04-19,78.486,
1989-04-20,78.486,
1989-04-21,82.296,
1989-04-22,80.518,
1989-04-23,80.696,
1989-04-24,80.899,
1989-04-25,81.102,
1989-04-26,81.28,
1989-04-27,80.442,
1989-04-28,79.578,
1989-04-29,78.74,
1989-04-30,78.74,
1989-05-01,78.74,
1989-05-02,76.962,
1989-05-03,73.66,
1989-05-04,72.39,
1989-05-05,70.104,
1989-05-06,66.294,
1989-05-07,64.516,
1989-05-08,63.246,
1989-05-09,60.452,
1989-05-10,59.69,
1989-05-11,58.928,
1989-05-12,58.166,
1989-05-13,57.404,
1989-05-14,56.642,
1989-05-15,55.88,
1989-05-16,53.975,
1989-05-17,52.07,
1989-05-18,50.165,
1989-05-19,48.26,
1989-05-20,46.355,
1989-05-21,44.45,
1989-05-22,42.545,
1989-05-23,40.64,
1989-05-24,36.957,
1989-05-25,33.249,
1989-05-26,29.566,
1989-05-27,25.857,
1989-05-28,22.174,
1989-05-29,18.466,
1989-05-30,14.783,
1989-05-31,11.074,
1989-06-01,7.391,
1989-06-02,3.683,
1989-06-03,0.0,
1989-06-04,,
1989-06-05,,
1989-06-06,,
1989-06-07,,
1989-06-08,,
1989-06-09,,
1989-06-10,,
1989-06-11,,
1989-06-12,,
1989-06-13,,
1989-06-14,,
1989-06-15,,
1989-06-16,,
1989-06-17,,
1989-06-18,,
1989-06-19,,
1989-06-20,,
1989-06-21,,
1989-06-22,,
1989-06-23,,
1989-06-24,,
1989-06-25,,
1989-06-26,,
1989-06-27,,
1989-06-28,,
1989-06-29,,
1989-06-30,,
1989-07-01,,
1989-07-02,,
1989-07-03,,
1989-07-04,,
1989-07-05,,
1989-07-06,,
1989-07-07,,
1989-07-08,,
1989-07-09,,
1989-07-10,,
1989-07-11,,
1989-07-12,,
1989-07-13,,
1989-07-14,,
1989-07-15,,
1989-07-16,,
1989-07-17,,
1989-07-18,,
1989-07-19,,
1989-07-20,,
1989-07-21,,
1989-07-22,,
1989-07-23,,
1989-07-24,,
1989-07-25,,
1989-07-26,,
1989-07-27,,
1989-07-28,,
1989-07-29,,
1989-07-30,,
1989-07-31,,
1989-08-01,,
1989-08-02,,
1989-08-03,,
1989-08-04,,
1989-08-05,,
1989-08-06,,
1989-08-07,,
1989-08-08,,
1989-08-09,,
1989-08-10,,
1989-08-11,,
1989-08-12,,
1989-08-13,,
1989-08-14,,
1989-08-15,,
1989-08-16,,
1989-08-17,,
1989-08-18,,
1989-08-19,,
1989-08-20,,
1989-08-21,,
1989-08-22,,
1989-08-23,,
1989-08-24,,
1989-08-25,,
1989-08-26,,
1989-08-27,,
1989-08-28,,
1989-08-29,,
1989-08-30,,
1989-08-31,,
1989-09-01,,
1989-09-02,,
1989-09-03,,
1989-09-04,,
1989-09-05,,
1989-09-06,,
1989-09-07,,
1989-09-08,,
1989-09-09,,
1989-09-10,,
1989-09-11,,
1989-09-12,,
1989-09-13,,
1989-09-14,,
1989-09-15,,
1989-09-16,,
1989-09-17,,
1989-09-18,,
1989-09-19,,
1989-09-20,,
1989-09-21,,
1989-09-22,,
1989-09-23,,
1989-09-24,,
1989-09-25,,
1989-09-26,,
1989-09-27,,
1989-09-28,,
1989-09-29,,
1989-09-30,,
1989-10-01,,
1989-10-02,,
1989-10-03,,
1989-10-04,,
1989-10-05,,
1989-10-06,,
1989-10-07,,
1989-10-08,,
1989-10-09,,
1989-10-10,,
1989-10-11,,
1989-10-12,,
1989-10-13,,
1989-10-14,,
1989-10-15,,
1989-10-16,,
1989-10-17,,
1989-10-18,,
1989-10-19,,
1989-10-20,,
1989-10-21,,
1989-10-22,0.0,
1989-10-23,2.515,
1989-10-24,8.509,
1989-10-25,14.021,
1989-10-26,14.503,
1989-10-27,14.503,
1989-10-28,14.503,
1989-10-29,14.503,
1989-10-30,14.503,
1989-10-31,14.503,
1989-11-01,14.503,
1989-11-02,14.503,
1989-11-03,14.503,
1989-11-04,14.503,
1989-11-05,14.503,
1989-11-06,14.503,
1989-11-07,14.326,
1989-11-08,14.173,
1989-11-09,13.995,
1989-11-10,13.843,
1989-11-11,13.665,
1989-11-12,13.513,
1989-11-13,13.335,
1989-11-14,13.183,
1989-11-15,13.005,
1989-11-16,12.827,
1989-11-17,12.675,
1989-11-18,12.497,
1989-11-19,12.344,
1989-11-20,12.167,
1989-11-21,12.014,
1989-11-22,11.836,
1989-11-23,11.684,
1989-11-24,11.506,
1989-11-25,11.506,
1989-11-26,17.501,
1989-11-27,17.501,
1989-11-28,17.526,
1989-11-29,17.526,
1989-11-30,17.526,
1989-12-01,17.526,
1989-12-02,17.526,
1989-12-03,17.526,
1989-12-04,17.526,
1989-12-05,17.526,
1989-12-06,17.526,
1989-12-07,17.526,
1989-12-08,17.526,
1989-12-09,17.526,
1989-12-10,17.526,
1989-12-11,17.526,
1989-12-12,17.526,
1989-12-13,18.034,
1989-12-14,20.066,
1989-12-15,20.066,
1989-12-16,20.066,
1989-12-17,20.066,
1989-12-18,20.066,
1989-12-19,20.066,
1989-12-20,20.549,
1989-12-21,20.549,
1989-12-22,20.549,
1989-12-23,20.523,
1989-12-24,20.523,
1989-12-25,20.523,
1989-12-26,20.523,
1989-12-27,20.523,
1989-12-28,20.523,
1989-12-29,20.523,
1989-12-30,20.523,
1989-12-31,20.523,
1990-01-01,22.352,
1990-01-02,22.352,
1990-01-03,22.504,
1990-01-04,22.504,
1990-01-05,22.504,
1990-01-06,22.504,
1990-01-07,22.504,
1990-01-08,23.368,
1990-01-09,24.13,
1990-01-10,24.13,
1990-01-11,24.13,
1990-01-12,24.13,
1990-01-13,24.003,
1990-01-14,28.499,
1990-01-15,29.515,
1990-01-16,29.515,
1990-01-17,31.013,
1990-01-18,32.004,
1990-01-19,32.004,
1990-01-20,32.004,
1990-01-21,32.004,
1990-01-22,32.004,
1990-01-23,32.004,
1990-01-24,32.004,
1990-01-25,32.004,
1990-01-26,32.004,
1990-01-27,32.004,
1990-01-28,32.004,
1990-01-29,32.004,
1990-01-30,32.004,
1990-01-31,32.512,
1990-02-01,33.503,
1990-02-02,35.052,
1990-02-03,35.509,
1990-02-04,38.024,
1990-02-05,38.506,
1990-02-06,39.014,
1990-02-07,40.996,
1990-02-08,41.402,
1990-02-09,41.402,
1990-02-10,41.402,
1990-02-11,41.783,
1990-02-12,41.91,
1990-02-13,41.91,
1990-02-14,42.012,
1990-02-15,42.012,
1990-02-16,42.012,
1990-02-17,47.523,
1990-02-18,51.003,
1990-02-19,52.502,
1990-02-20,53.01,
1990-02-21,53.594,
1990-02-22,53.518,
1990-02-23,54.0,
1990-02-24,54.0,
1990-02-25,54.0,
1990-02-26,54.0,
1990-02-27,54.0,
1990-02-28,54.0,
1990-03-01,54.0,
1990-03-02,54.0,
1990-03-03,54.0,
1990-03-04,55.499,
1990-03-05,56.515,
1990-03-06,57.506,
1990-03-07,58.014,
1990-03-08,58.014,
1990-03-09,58.014,
1990-03-10,58.014,
1990-03-11,59.512,
1990-03-12,62.001,
1990-03-13,62.992,
1990-03-14,63.5,
1990-03-15,64.999,
1990-03-16,64.999,
1990-03-17,64.999,
1990-03-18,65.507,
1990-03-19,65.532,
1990-03-20,65.507,
1990-03-21,65.507,
1990-03-22,65.507,
1990-03-23,65.024,
1990-03-24,63.017,
1990-03-25,62.001,
1990-03-26,62.001,
1990-03-27,60.96,
1990-03-28,60.02,
1990-03-29,60.02,
1990-03-30,60.02,
1990-03-31,59.436,
1990-04-01,59.436,
1990-04-02,57.506,
1990-04-03,56.515,
1990-04-04,56.515,
1990-04-05,55.499,
1990-04-06,54.102,
1990-04-07,54.102,
1990-04-08,56.515,
1990-04-09,53.594,
1990-04-10,53.594,
1990-04-11,53.01,
1990-04-12,51.003,
1990-04-13,49.53,
1990-04-14,47.498,
1990-04-15,45.974,
1990-04-16,43.434,
1990-04-17,42.418,
1990-04-18,42.418,
1990-04-19,42.494,
1990-04-20,42.012,
1990-04-21,42.012,
1990-04-22,41.504,
1990-04-23,41.504,
1990-04-24,41.504,
1990-04-25,42.012,
1990-04-26,42.012,
1990-04-27,40.513,
1990-04-28,38.024,
1990-04-29,35.509,
1990-04-30,32.512,
1990-05-01,32.004,
1990-05-02,30.023,
1990-05-03,27.508,
1990-05-04,23.52,
1990-05-05,20.523,
1990-05-06,16.51,
1990-05-07,12.014,
1990-05-08,8.509,
1990-05-09,5.004,
1990-05-10,3.505,
1990-05-11,3.023,
1990-05-12,2.54,
1990-05-13,2.54,
1990-05-14,2.54,
1990-05-15,2.54,
1990-05-16,2.54,
1990-05-17,2.54,
1990-05-18,2.54,
1990-05-19,2.54,
1990-05-20,2.54,
1990-05-21,2.54,
1990-05-22,2.54,
1990-05-23,2.54,
1990-05-24,2.54,
1990-05-25,3.023,
1990-05-26,3.023,
1990-05-27,3.023,
1990-05-28,3.023,
1990-05-29,3.023,
1990-05-30,3.023,
1990-05-31,4.521,
1990-06-01,5.004,
1990-06-02,5.004,
1990-06-03,3.023,
1990-06-04,3.023,
1990-06-05,0.0,
1990-06-06,0.0,
1990-06-07,0.0,
1990-06-08,0.0,
1990-06-09,0.0,
1990-06-10,,
1990-06-11,,
1990-06-12,,
1990-06-13,,
1990-06-14,,
1990-06-15,,
1990-06-16,0.0,
1990-06-17,0.0,
1990-06-18,0.0,
1990-06-19,0.0,
1990-06-20,0.0,
1990-06-21,0.0,
1990-06-22,0.0,
1990-06-23,0.0,
1990-06-24,0.0,
1990-06-25,0.0,
1990-06-26,0.0,
1990-06-27,0.0,
1990-06-28,0.0,
1990-06-29,0.0,
1990-06-30,0.0,
1990-07-01,0.0,
1990-07-02,0.0,
1990-07-03,,
1990-07-04,0.0,
1990-07-05,0.0,
1990-07-06,0.0,
1990-07-07,0.0,
1990-07-08,0.0,
1990-07-09,0.0,
1990-07-10,0.0,
1990-07-11,,
1990-07-12,,
1990-07-13,,
1990-07-14,,
1990-07-15,,
1990-07-16,,
1990-07-17,0.0,
1990-07-18,0.0,
1990-07-19,0.0,
1990-07-20,0.0,
1990-07-21,0.0,
1990-07-22,0.0,
1990-07-23,0.0,
1990-07-24,0.0,
1990-07-25,,
1990-07-26,0.0,
1990-07-27,0.0,
1990-07-28,0.0,
1990-07-29,0.0,
1990-07-30,0.0,
1990-07-31,,
1990-08-01,0.0,
1990-08-02,0.0,
1990-08-03,0.0,
1990-08-04,0.0,
1990-08-05,0.0,
1990-08-06,,
1990-08-07,0.0,
1990-08-08,0.0,
1990-08-09,0.0,
1990-08-10,0.0,
1990-08-11,,
1990-08-12,,
1990-08-13,,
1990-08-14,,
1990-08-15,,
1990-08-16,,
1990-08-17,0.0,
1990-08-18,0.0,
1990-08-19,0.0,
1990-08-20,0.0,
1990-08-21,0.0,
1990-08-22,,
1990-08-23,,
1990-08-24,0.0,
1990-08-25,0.0,
1990-08-26,0.0,
1990-08-27,0.0,
1990-08-28,0.0,
1990-08-29,0.0,
1990-08-30,0.0,
1990-08-31,0.0,
1990-09-01,,
1990-09-02,0.0,
1990-09-03,0.0,
1990-09-04,0.0,
1990-09-05,,
1990-09-06,0.0,
1990-09-07,0.0,
1990-09-08,0.0,
1990-09-09,0.0,
1990-09-10,0.0,
1990-09-11,,
1990-09-12,,
1990-09-13,,
1990-09-14,,
1990-09-15,,
1990-09-16,,
1990-09-17,0.0,
1990-09-18,0.0,
1990-09-19,0.0,
1990-09-20,0.0,
1990-09-21,0.0,
1990-09-22,0.0,
1990-09-23,0.0,
1990-09-24,0.0,
1990-09-25,0.0,
1990-09-26,0.0,
1990-09-27,0.0,
1990-09-28,0.0,
1990-09-29,0.0,
1990-09-30,0.0,
1990-10-01,0.0,
1990-10-02,0.0,
1990-10-03,0.0,
1990-10-04,0.0,
1990-10-05,0.0,
1990-10-06,0.0,
1990-10-07,0.0,
1990-10-08,0.0,
1990-10-09,0.0,
1990-10-10,0.0,
1990-10-11,0.0,
1990-10-12,0.0,
1990-10-13,0.0,
1990-10-14,0.0,
1990-10-15,0.0,
1990-10-16,0.0,
1990-10-17,0.0,
1990-10-18,0.0,
1990-10-19,0.0,
1990-10-20,0.0,
1990-10-21,0.0,
1990-10-22,0.0,
1990-10-23,0.0,
1990-10-24,0.0,
1990-10-25,0.0,
1990-10-26,0.0,
1990-10-27,0.0,
1990-10-28,0.0,
1990-10-29,0.0,
1990-10-30,0.0,
1990-10-31,0.0,
1990-11-01,0.0,
1990-11-02,0.0,
1990-11-03,0.0,
1990-11-04,0.0,
1990-11-05,0.0,
1990-11-06,0.0,
1990-11-07,0.0,
1990-11-08,0.0,
1990-11-09,0.0,
1990-11-10,0.0,
1990-11-11,0.0,
1990-11-12,0.0,
1990-11-13,0.0,
1990-11-14,0.0,
1990-11-15,0.0,
1990-11-16,0.0,
1990-11-17,0.0,
1990-11-18,0.0,
1990-11-19,0.0,
1990-11-20,0.0,
1990-11-21,0.0,
1990-11-22,0.0,
1990-11-23,0.0,
1990-11-24,0.0,
1990-11-25,0.0,
1990-11-26,0.508,
1990-11-27,3.505,
1990-11-28,3.988,
1990-11-29,3.988,
1990-11-30,3.988,
1990-12-01,3.988,
1990-12-02,3.988,
1990-12-03,3.988,
1990-12-04,3.988,
1990-12-05,3.988,
1990-12-06,3.988,
1990-12-07,3.988,
1990-12-08,3.988,
1990-12-09,3.988,
1990-12-10,3.988,
1990-12-11,3.988,
1990-12-12,3.988,
1990-12-13,4.064,
1990-12-14,4.572,
1990-12-15,4.572,
1990-12-16,5.588,
1990-12-17,6.604,
1990-12-18,6.502,
1990-12-19,7.01,
1990-12-20,10.008,
1990-12-21,10.49,
1990-12-22,10.49,
1990-12-23,10.49,
1990-12-24,10.49,
1990-12-25,10.49,
1990-12-26,10.49,
1990-12-27,10.49,
1990-12-28,10.414,
1990-12-29,10.414,
1990-12-30,10.414,
1990-12-31,10.49,
1991-01-01,10.49,
1991-01-02,10.49,
1991-01-03,10.49,
1991-01-04,10.998,
1991-01-05,13.005,
1991-01-06,13.005,
1991-01-07,13.005,
1991-01-08,13.487,
1991-01-09,13.487,
1991-01-10,13.487,
1991-01-11,13.487,
1991-01-12,13.462,
1991-01-13,14.478,
1991-01-14,14.478,
1991-01-15,14.478,
1991-01-16,14.503,
1991-01-17,14.478,
1991-01-18,14.503,
1991-01-19,14.503,
1991-01-20,14.503,
1991-01-21,14.503,
1991-01-22,14.503,
1991-01-23,14.478,
1991-01-24,14.503,
1991-01-25,14.503,
1991-01-26,14.503,
1991-01-27,14.503,
1991-01-28,14.503,
1991-01-29,14.503,
1991-01-30,14.503,
1991-01-31,14.503,
1991-02-01,14.503,
1991-02-02,14.503,
1991-02-03,14.503,
1991-02-04,14.503,
1991-02-05,16.002,
1991-02-06,16.993,
1991-02-07,16.993,
1991-02-08,16.993,
1991-02-09,16.993,
1991-02-10,16.993,
1991-02-11,16.993,
1991-02-12,16.993,
1991-02-13,17.018,
1991-02-14,17.018,
1991-02-15,17.018,
1991-02-16,16.993,
1991-02-17,17.018,
1991-02-18,16.993,
1991-02-19,16.993,
1991-02-20,16.993,
1991-02-21,16.993,
1991-02-22,16.993,
1991-02-23,16.002,
1991-02-24,16.002,
1991-02-25,16.002,
1991-02-26,16.51,
1991-02-27,17.501,
1991-02-28,17.501,
1991-03-01,24.511,
1991-03-02,30.988,
1991-03-03,32.004,
1991-03-04,40.996,
1991-03-05,43.51,
1991-03-06,43.434,
1991-03-07,43.51,
1991-03-08,43.51,
1991-03-09,43.993,
1991-03-10,43.993,
1991-03-11,46.99,
1991-03-12,46.99,
1991-03-13,48.997,
1991-03-14,52.502,
1991-03-15,53.01,
1991-03-16,54.864,
1991-03-17,54.864,
1991-03-18,57.988,
1991-03-19,61.493,
1991-03-20,61.493,
1991-03-21,64.008,
1991-03-22,64.008,
1991-03-23,64.008,
1991-03-24,64.516,
1991-03-25,70.993,
1991-03-26,73.99,
1991-03-27,75.997,
1991-03-28,75.997,
1991-03-29,75.997,
1991-03-30,75.997,
1991-03-31,75.997,
1991-04-01,74.498,
1991-04-02,74.498,
1991-04-03,73.99,
1991-04-04,70.002,
1991-04-05,67.488,
1991-04-06,67.488,
1991-04-07,67.996,
1991-04-08,70.51,
1991-04-09,73.0,
1991-04-10,73.0,
1991-04-11,73.0,
1991-04-12,73.99,
1991-04-13,76.505,
1991-04-14,76.505,
1991-04-15,75.946,
1991-04-16,75.946,
1991-04-17,76.454,
1991-04-18,76.987,
1991-04-19,78.994,
1991-04-20,78.994,
1991-04-21,79.502,
1991-04-22,80.01,
1991-04-23,80.493,
1991-04-24,79.502,
1991-04-25,80.01,
1991-04-26,82.499,
1991-04-27,82.499,
1991-04-28,82.499,
1991-04-29,79.502,
1991-04-30,78.994,
1991-05-01,76.987,
1991-05-02,76.987,
1991-05-03,78.511,
1991-05-04,80.01,
1991-05-05,78.994,
1991-05-06,76.505,
1991-05-07,74.498,
1991-05-08,73.508,
1991-05-09,70.51,
1991-05-10,70.51,
1991-05-11,70.51,
1991-05-12,70.51,
1991-05-13,70.51,
1991-05-14,70.51,
1991-05-15,71.501,
1991-05-16,67.996,
1991-05-17,67.005,
1991-05-18,67.005,
1991-05-19,67.488,
1991-05-20,70.002,
1991-05-21,70.002,
1991-05-22,68.504,
1991-05-23,64.999,
1991-05-24,62.509,
1991-05-25,61.011,
1991-05-26,58.496,
1991-05-27,56.007,
1991-05-28,53.492,
1991-05-29,50.013,
1991-05-30,47.498,
1991-05-31,46.99,
1991-06-01,45.009,
1991-06-02,40.996,
1991-06-03,37.49,
1991-06-04,33.503,
1991-06-05,29.007,
1991-06-06,25.502,
1991-06-07,19.99,
1991-06-08,16.002,
1991-06-09,9.5,
1991-06-10,4.496,
1991-06-11,3.988,
1991-06-12,0.0,
1991-06-13,0.0,
1991-06-14,0.0,
1991-06-15,0.0,
1991-06-16,0.0,
1991-06-17,0.0,
1991-06-18,0.0,
1991-06-19,0.0,
1991-06-20,0.0,
1991-06-21,0.0,
1991-06-22,0.0,
1991-06-23,0.0,
1991-06-24,0.0,
1991-06-25,0.0,
1991-06-26,0.0,
1991-06-27,0.0,
1991-06-28,0.0,
1991-06-29,0.0,
1991-06-30,0.0,
1991-07-01,0.0,
1991-07-02,0.0,
1991-07-03,0.0,
1991-07-04,0.0,
1991-07-05,0.0,
1991-07-06,0.0,
1991-07-07,0.0,
1991-07-08,0.0,
1991-07-09,0.0,
1991-07-10,0.0,
1991-07-11,0.0,
1991-07-12,0.0,
1991-07-13,0.0,
1991-07-14,0.0,
1991-07-15,0.0,
1991-07-16,0.0,
1991-07-17,0.0,
1991-07-18,0.0,
1991-07-19,0.0,
1991-07-20,0.0,
1991-07-21,0.0,
1991-07-22,0.0,
1991-07-23,0.0,
1991-07-24,0.0,
1991-07-25,0.0,
1991-07-26,0.0,
1991-07-27,0.0,
1991-07-28,0.0,
1991-07-29,0.0,
1991-07-30,0.0,
1991-07-31,0.0,
1991-08-01,0.0,
1991-08-02,0.0,
1991-08-03,0.0,
1991-08-04,0.0,
1991-08-05,0.0,
1991-08-06,0.0,
1991-08-07,0.0,
1991-08-08,0.0,
1991-08-09,0.0,
1991-08-10,0.0,
1991-08-11,0.0,
1991-08-12,0.0,
1991-08-13,0.0,
1991-08-14,0.0,
1991-08-15,0.0,
1991-08-16,0.0,
1991-08-17,0.0,
1991-08-18,0.0,
1991-08-19,0.0,
1991-08-20,0.0,
1991-08-21,0.0,
1991-08-22,0.0,
1991-08-23,0.0,
1991-08-24,0.0,
1991-08-25,0.0,
1991-08-26,0.0,
1991-08-27,0.0,
1991-08-28,0.0,
1991-08-29,0.0,
1991-08-30,0.0,
1991-08-31,0.0,
1991-09-01,0.0,
1991-09-02,0.0,
1991-09-03,0.0,
1991-09-04,0.0,
1991-09-05,0.0,
1991-09-06,0.0,
1991-09-07,0.0,
1991-09-08,0.0,
1991-09-09,0.0,
1991-09-10,0.0,
1991-09-11,0.0,
1991-09-12,0.0,
1991-09-13,0.0,
1991-09-14,0.0,
1991-09-15,0.0,
1991-09-16,0.0,
1991-09-17,0.0,
1991-09-18,0.0,
1991-09-19,0.0,
1991-09-20,0.0,
1991-09-21,0.0,
1991-09-22,0.0,
1991-09-23,0.0,
1991-09-24,0.0,
1991-09-25,0.0,
1991-09-26,0.0,
1991-09-27,0.0,
1991-09-28,0.0,
1991-09-29,0.0,
1991-09-30,0.0,
1991-10-01,0.0,
1991-10-02,0.0,
1991-10-03,0.0,
1991-10-04,0.0,
1991-10-05,0.0,
1991-10-06,0.0,
1991-10-07,0.0,
1991-10-08,0.0,
1991-10-09,0.0,
1991-10-10,0.0,
1991-10-11,0.0,
1991-10-12,0.0,
1991-10-13,0.0,
1991-10-14,0.0,
1991-10-15,0.0,
1991-10-16,0.0,
1991-10-17,0.0,
1991-10-18,0.0,
1991-10-19,0.0,
1991-10-20,0.0,
1991-10-21,0.0,
1991-10-22,0.0,
1991-10-23,0.0,
1991-10-24,0.0,
1991-10-25,0.0,
1991-10-26,0.0,
1991-10-27,0.0,
1991-10-28,3.302,
1991-10-29,6.502,
1991-10-30,6.502,
1991-10-31,7.112,
1991-11-01,8.001,
1991-11-02,8.001,
1991-11-03,8.001,
1991-11-04,8.001,
1991-11-05,8.001,
1991-11-06,8.001,
1991-11-07,8.001,
1991-11-08,8.001,
1991-11-09,8.001,
1991-11-10,5.994,
1991-11-11,5.512,
1991-11-12,5.512,
1991-11-13,3.505,
1991-11-14,2.997,
1991-11-15,2.997,
1991-11-16,2.997,
1991-11-17,5.334,
1991-11-18,7.493,
1991-11-19,7.874,
1991-11-20,8.255,
1991-11-21,8.636,
1991-11-22,8.992,
1991-11-23,8.992,
1991-11-24,8.992,
1991-11-25,8.509,
1991-11-26,7.493,
1991-11-27,5.994,
1991-11-28,5.512,
1991-11-29,5.512,
1991-11-30,5.512,
1991-12-01,5.994,
1991-12-02,7.493,
1991-12-03,15.494,
1991-12-04,15.494,
1991-12-05,15.494,
1991-12-06,15.494,
1991-12-07,15.494,
1991-12-08,15.494,
1991-12-09,15.494,
1991-12-10,13.995,
1991-12-11,13.487,
1991-12-12,13.487,
1991-12-13,13.487,
1991-12-14,13.487,
1991-12-15,13.487,
1991-12-16,13.487,
1991-12-17,13.487,
1991-12-18,13.462,
1991-12-19,13.462,
1991-12-20,13.462,
1991-12-21,13.462,
1991-12-22,13.462,
1991-12-23,13.462,
1991-12-24,13.462,
1991-12-25,13.462,
1991-12-26,13.462,
1991-12-27,14.503,
1991-12-28,14.986,
1991-12-29,16.485,
1991-12-30,18.999,
1991-12-31,18.999,
1992-01-01,18.999,
1992-01-02,18.999,
1992-01-03,18.999,
1992-01-04,18.999,
1992-01-05,20.498,
1992-01-06,22.987,
1992-01-07,24.003,
1992-01-08,24.994,
1992-01-09,24.994,
1992-01-10,25.502,
1992-01-11,25.502,
1992-01-12,25.502,
1992-01-13,25.502,
1992-01-14,25.502,
1992-01-15,25.502,
1992-01-16,25.4,
1992-01-17,25.502,
1992-01-18,25.502,
1992-01-19,25.502,
1992-01-20,25.502,
1992-01-21,26.416,
1992-01-22,26.924,
1992-01-23,27.508,
1992-01-24,27.508,
1992-01-25,27.508,
1992-01-26,27.991,
1992-01-27,27.991,
1992-01-28,27.991,
1992-01-29,27.991,
1992-01-30,27.991,
1992-01-31,27.94,
1992-02-01,27.991,
1992-02-02,27.991,
1992-02-03,27.991,
1992-02-04,28.499,
1992-02-05,28.499,
1992-02-06,28.499,
1992-02-07,28.499,
1992-02-08,29.007,
1992-02-09,30.505,
1992-02-10,30.505,
1992-02-11,36.5,
1992-02-12,39.497,
1992-02-13,43.485,
1992-02-14,45.491,
1992-02-15,49.505,
1992-02-16,52.502,
1992-02-17,54.991,
1992-02-18,55.626,
1992-02-19,55.626,
1992-02-20,57.988,
1992-02-21,58.42,
1992-02-22,60.503,
1992-02-23,60.503,
1992-02-24,60.503,
1992-02-25,60.503,
1992-02-26,60.503,
1992-02-27,60.503,
1992-02-28,60.503,
1992-02-29,60.503,
1992-03-01,60.503,
1992-03-02,60.985,
1992-03-03,60.985,
1992-03-04,61.493,
1992-03-05,61.493,
1992-03-06,66.497,
1992-03-07,67.005,
1992-03-08,67.488,
1992-03-09,67.996,
1992-03-10,68.58,
1992-03-11,69.494,
1992-03-12,69.494,
1992-03-13,69.494,
1992-03-14,69.494,
1992-03-15,69.494,
1992-03-16,70.002,
1992-03-17,72.492,
1992-03-18,73.0,
1992-03-19,72.898,
1992-03-20,72.898,
1992-03-21,73.406,
1992-03-22,73.406,
1992-03-23,73.914,
1992-03-24,75.489,
1992-03-25,75.997,
1992-03-26,75.946,
1992-03-27,75.997,
1992-03-28,75.997,
1992-03-29,78.994,
1992-03-30,79.502,
1992-03-31,79.502,
1992-04-01,79.502,
1992-04-02,76.505,
1992-04-03,73.99,
1992-04-04,73.508,
1992-04-05,73.0,
1992-04-06,71.501,
1992-04-07,70.485,
1992-04-08,70.002,
1992-04-09,70.002,
1992-04-10,67.996,
1992-04-11,67.005,
1992-04-12,66.497,
1992-04-13,65.989,
1992-04-14,65.989,
1992-04-15,65.989,
1992-04-16,65.989,
1992-04-17,64.491,
1992-04-18,62.001,
1992-04-19,60.985,
1992-04-20,59.004,
1992-04-21,57.988,
1992-04-22,56.49,
1992-04-23,54.991,
1992-04-24,54.508,
1992-04-25,52.502,
1992-04-26,51.994,
1992-04-27,49.505,
1992-04-28,46.507,
1992-04-29,45.009,
1992-04-30,40.996,
1992-05-01,40.005,
1992-05-02,38.989,
1992-05-03,37.008,
1992-05-04,34.493,
1992-05-05,32.995,
1992-05-06,30.988,
1992-05-07,27.991,
1992-05-08,24.994,
1992-05-09,21.488,
1992-05-10,16.485,
1992-05-11,13.005,
1992-05-12,8.001,
1992-05-13,4.496,
1992-05-14,0.0,
1992-05-15,0.0,
1992-05-16,0.0,
1992-05-17,0.0,
1992-05-18,0.0,
1992-05-19,0.0,
1992-05-20,0.0,
1992-05-21,0.0,
1992-05-22,0.0,
1992-05-23,0.0,
1992-05-24,0.0,
1992-05-25,0.0,
1992-05-26,0.0,
1992-05-27,0.0,
1992-05-28,0.0,
1992-05-29,0.0,
1992-05-30,0.0,
1992-05-31,0.0,
1992-06-01,0.0,
1992-06-02,0.0,
1992-06-03,0.0,
1992-06-04,0.0,
1992-06-05,0.0,
1992-06-06,0.0,
1992-06-07,0.0,
1992-06-08,0.0,
1992-06-09,0.0,
1992-06-10,0.0,
1992-06-11,0.0,
1992-06-12,0.0,
1992-06-13,0.0,
1992-06-14,0.0,
1992-06-15,0.0,
1992-06-16,0.0,
1992-06-17,0.0,
1992-06-18,0.0,
1992-06-19,0.0,
1992-06-20,0.0,
1992-06-21,0.0,
1992-06-22,0.0,
1992-06-23,0.0,
1992-06-24,0.0,
1992-06-25,0.0,
1992-06-26,0.0,
1992-06-27,0.0,
1992-06-28,0.0,
1992-06-29,0.0,
1992-06-30,0.0,
1992-07-01,0.0,
1992-07-02,0.0,
1992-07-03,0.0,
1992-07-04,0.0,
1992-07-05,0.0,
1992-07-06,0.0,
1992-07-07,0.0,
1992-07-08,0.0,
1992-07-09,0.0,
1992-07-10,0.0,
1992-07-11,0.0,
1992-07-12,0.0,
1992-07-13,0.0,
1992-07-14,0.0,
1992-07-15,0.0,
1992-07-16,0.0,
1992-07-17,0.0,
1992-07-18,0.0,
1992-07-19,0.0,
1992-07-20,0.0,
1992-07-21,0.0,
1992-07-22,0.0,
1992-07-23,0.0,
1992-07-24,0.0,
1992-07-25,0.0,
1992-07-26,0.0,
1992-07-27,0.0,
1992-07-28,0.0,
1992-07-29,0.0,
1992-07-30,0.0,
1992-07-31,0.0,
1992-08-01,0.0,
1992-08-02,0.0,
1992-08-03,0.0,
1992-08-04,0.0,
1992-08-05,0.0,
1992-08-06,0.0,
1992-08-07,0.0,
1992-08-08,0.0,
1992-08-09,0.0,
1992-08-10,0.0,
1992-08-11,0.0,
1992-08-12,0.0,
1992-08-13,0.0,
1992-08-14,0.0,
1992-08-15,0.0,
1992-08-16,0.0,
1992-08-17,0.0,
1992-08-18,0.0,
1992-08-19,0.0,
1992-08-20,0.0,
1992-08-21,0.0,
1992-08-22,0.0,
1992-08-23,0.0,
1992-08-24,0.0,
1992-08-25,0.0,
1992-08-26,0.0,
1992-08-27,0.0,
1992-08-28,0.0,
1992-08-29,0.0,
1992-08-30,0.0,
1992-08-31,0.0,
1992-09-01,0.0,
1992-09-02,0.0,
1992-09-03,0.0,
1992-09-04,0.0,
1992-09-05,0.0,
1992-09-06,0.0,
1992-09-07,0.0,
1992-09-08,0.0,
1992-09-09,0.0,
1992-09-10,0.0,
1992-09-11,0.0,
1992-09-12,0.0,
1992-09-13,0.0,
1992-09-14,0.0,
1992-09-15,0.0,
1992-09-16,0.0,
1992-09-17,0.0,
1992-09-18,0.0,
1992-09-19,0.0,
1992-09-20,0.0,
1992-09-21,0.0,
1992-09-22,0.0,
1992-09-23,0.0,
1992-09-24,0.0,
1992-09-25,0.0,
1992-09-26,0.0,
1992-09-27,0.0,
1992-09-28,0.0,
1992-09-29,0.0,
1992-09-30,0.0,
1992-10-01,,
1992-10-02,,
1992-10-03,,
1992-10-04,,
1992-10-05,,
1992-10-06,,
1992-10-07,,
1992-10-08,,
1992-10-09,,
1992-10-10,,
1992-10-11,,
1992-10-12,,
1992-10-13,,
1992-10-14,,
1992-10-15,,
1992-10-16,,
1992-10-17,,
1992-10-18,,
1992-10-19,,
1992-10-20,,
1992-10-21,,
1992-10-22,,
1992-10-23,,
1992-10-24,,
1992-10-25,,
1992-10-26,,
1992-10-27,,
1992-10-28,,
1992-10-29,,
1992-10-30,,
1992-10-31,,
1992-11-01,,
1992-11-02,,
1992-11-03,,
1992-11-04,7.01,
1992-11-05,7.01,
1992-11-06,7.01,
1992-11-07,7.01,
1992-11-08,7.01,
1992-11-09,7.01,
1992-11-10,7.01,
1992-11-11,6.502,
1992-11-12,6.502,
1992-11-13,6.528,
1992-11-14,6.528,
1992-11-15,6.528,
1992-11-16,6.528,
1992-11-17,6.528,
1992-11-18,6.528,
1992-11-19,6.528,
1992-11-20,6.528,
1992-11-21,6.528,
1992-11-22,6.528,
1992-11-23,6.528,
1992-11-24,6.528,
1992-11-25,6.528,
1992-11-26,6.528,
1992-11-27,6.528,
1992-11-28,6.528,
1992-11-29,6.604,
1992-11-30,6.604,
1992-12-01,9.525,
1992-12-02,9.5,
1992-12-03,9.5,
1992-12-04,9.5,
1992-12-05,9.5,
1992-12-06,9.5,
1992-12-07,14.503,
1992-12-08,18.009,
1992-12-09,22.504,
1992-12-10,27.178,
1992-12-11,32.004,
1992-12-12,33.503,
1992-12-13,34.011,
1992-12-14,34.011,
1992-12-15,35.001,
1992-12-16,35.001,
1992-12-17,35.001,
1992-12-18,37.008,
1992-12-19,38.506,
1992-12-20,38.506,
1992-12-21,38.989,
1992-12-22,38.989,
1992-12-23,38.989,
1992-12-24,38.989,
1992-12-25,38.989,
1992-12-26,38.989,
1992-12-27,39.243,
1992-12-28,39.497,
1992-12-29,45.491,
1992-12-30,54.0,
1992-12-31,54.508,
1993-01-01,56.007,
1993-01-02,56.642,
1993-01-03,60.503,
1993-01-04,60.503,
1993-01-05,60.503,
1993-01-06,60.96,
1993-01-07,63.5,
1993-01-08,72.009,
1993-01-09,73.0,
1993-01-10,75.997,
1993-01-11,78.511,
1993-01-12,78.994,
1993-01-13,83.998,
1993-01-14,90.5,
1993-01-15,94.005,
1993-01-16,97.993,
1993-01-17,100.0,
1993-01-18,102.997,
1993-01-19,103.505,
1993-01-20,105.512,
1993-01-21,110.998,
1993-01-22,115.011,
1993-01-23,116.992,
1993-01-24,117.5,
1993-01-25,117.5,
1993-01-26,117.5,
1993-01-27,117.5,
1993-01-28,117.5,
1993-01-29,117.5,
1993-01-30,117.5,
1993-01-31,117.5,
1993-02-01,117.5,
1993-02-02,117.5,
1993-02-03,117.5,
1993-02-04,117.5,
1993-02-05,117.5,
1993-02-06,118.008,
1993-02-07,118.008,
1993-02-08,119.507,
1993-02-09,121.006,
1993-02-10,123.495,
1993-02-11,123.495,
1993-02-12,124.003,
1993-02-13,124.003,
1993-02-14,124.003,
1993-02-15,124.003,
1993-02-16,124.003,
1993-02-17,124.003,
1993-02-18,127.0,
1993-02-19,131.496,
1993-02-20,137.998,
1993-02-21,141.503,
1993-02-22,143.002,
1993-02-23,144.501,
1993-02-24,148.488,
1993-02-25,150.495,
1993-02-26,150.495,
1993-02-27,151.511,
1993-02-28,152.502,
1993-03-01,152.502,
1993-03-02,152.502,
1993-03-03,152.502,
1993-03-04,152.502,
1993-03-05,152.502,
1993-03-06,152.502,
1993-03-07,152.502,
1993-03-08,152.502,
1993-03-09,151.994,
1993-03-10,151.003,
1993-03-11,150.495,
1993-03-12,150.495,
1993-03-13,150.495,
1993-03-14,149.987,
1993-03-15,149.987,
1993-03-16,149.987,
1993-03-17,149.987,
1993-03-18,151.003,
1993-03-19,151.003,
1993-03-20,151.003,
1993-03-21,151.003,
1993-03-22,151.003,
1993-03-23,151.003,
1993-03-24,151.511,
1993-03-25,155.499,
1993-03-26,159.487,
1993-03-27,159.995,
1993-03-28,161.493,
1993-03-29,162.001,
1993-03-30,162.001,
1993-03-31,162.001,
1993-04-01,162.001,
1993-04-02,162.001,
1993-04-03,162.509,
1993-04-04,162.509,
1993-04-05,162.509,
1993-04-06,162.509,
1993-04-07,162.509,
1993-04-08,162.509,
1993-04-09,160.503,
1993-04-10,159.487,
1993-04-11,157.505,
1993-04-12,156.997,
1993-04-13,156.997,
1993-04-14,156.997,
1993-04-15,156.997,
1993-04-16,156.007,
1993-04-17,156.007,
1993-04-18,156.007,
1993-04-19,156.489,
1993-04-20,156.489,
1993-04-21,156.489,
1993-04-22,156.489,
1993-04-23,156.489,
1993-04-24,156.489,
1993-04-25,156.489,
1993-04-26,154.991,
1993-04-27,153.492,
1993-04-28,150.495,
1993-04-29,144.501,
1993-04-30,138.506,
1993-05-01,138.506,
1993-05-02,140.513,
1993-05-03,141.503,
1993-05-04,142.011,
1993-05-05,143.993,
1993-05-06,138.506,
1993-05-07,138.989,
1993-05-08,138.506,
1993-05-09,137.998,
1993-05-10,137.998,
1993-05-11,137.998,
1993-05-12,135.509,
1993-05-13,135.001,
1993-05-14,132.994,
1993-05-15,131.496,
1993-05-16,129.997,
1993-05-17,129.489,
1993-05-18,127.508,
1993-05-19,126.009,
1993-05-20,123.495,
1993-05-21,120.498,
1993-05-22,117.5,
1993-05-23,115.57,
1993-05-24,113.995,
1993-05-25,111.506,
1993-05-26,108.991,
1993-05-27,106.502,
1993-05-28,105.004,
1993-05-29,103.505,
1993-05-30,102.997,
1993-05-31,100.508,
1993-06-01,100.508,
1993-06-02,97.003,
1993-06-03,94.996,
1993-06-04,93.497,
1993-06-05,93.497,
1993-06-06,93.497,
1993-06-07,93.497,
1993-06-08,96.495,
1993-06-09,97.003,
1993-06-10,95.504,
1993-06-11,94.513,
1993-06-12,92.989,
1993-06-13,88.494,
1993-06-14,85.496,
1993-06-15,81.991,
1993-06-16,78.511,
1993-06-17,75.489,
1993-06-18,71.501,
1993-06-19,67.005,
1993-06-20,62.509,
1993-06-21,58.014,
1993-06-22,54.991,
1993-06-23,51.511,
1993-06-24,45.999,
1993-06-25,40.005,
1993-06-26,34.011,
1993-06-27,27.991,
1993-06-28,23.495,
1993-06-29,18.491,
1993-06-30,12.497,
1993-07-01,4.013,
1993-07-02,1.499,
1993-07-03,0.991,
1993-07-04,0.508,
1993-07-05,0.0,
1993-07-06,0.0,
1993-07-07,0.0,
1993-07-08,0.0,
1993-07-09,0.0,
1993-07-10,0.0,
1993-07-11,0.0,
1993-07-12,0.0,
1993-07-13,0.0,
1993-07-14,0.0,
1993-07-15,0.0,
1993-07-16,0.0,
1993-07-17,0.0,
1993-07-18,0.0,
1993-07-19,0.0,
1993-07-20,0.0,
1993-07-21,0.0,
1993-07-22,0.0,
1993-07-23,0.0,
1993-07-24,0.0,
1993-07-25,0.0,
1993-07-26,0.0,
1993-07-27,0.0,
1993-07-28,0.0,
1993-07-29,0.0,
1993-07-30,0.0,
1993-07-31,0.0,
1993-08-01,0.0,
1993-08-02,0.0,
1993-08-03,0.0,
1993-08-04,0.0,
1993-08-05,0.0,
1993-08-06,0.0,
1993-08-07,0.0,
1993-08-08,0.0,
1993-08-09,0.0,
1993-08-10,0.0,
1993-08-11,0.0,
1993-08-12,0.0,
1993-08-13,0.0,
1993-08-14,0.0,
1993-08-15,0.0,
1993-08-16,0.0,
1993-08-17,0.0,
1993-08-18,0.0,
1993-08-19,0.0,
1993-08-20,0.0,
1993-08-21,0.0,
1993-08-22,0.0,
1993-08-23,0.0,
1993-08-24,0.0,
1993-08-25,0.0,
1993-08-26,0.0,
1993-08-27,0.0,
1993-08-28,0.0,
1993-08-29,0.0,
1993-08-30,0.0,
1993-08-31,0.0,
1993-09-01,0.0,
1993-09-02,0.0,
1993-09-03,0.0,
1993-09-04,0.0,
1993-09-05,0.0,
1993-09-06,0.0,
1993-09-07,0.0,
1993-09-08,0.0,
1993-09-09,0.0,
1993-09-10,0.0,
1993-09-11,0.0,
1993-09-12,0.0,
1993-09-13,0.0,
1993-09-14,0.0,
1993-09-15,0.0,
1993-09-16,0.0,
1993-09-17,0.0,
1993-09-18,0.0,
1993-09-19,0.0,
1993-09-20,0.0,
1993-09-21,0.0,
1993-09-22,0.0,
1993-09-23,0.0,
1993-09-24,0.0,
1993-09-25,0.0,
1993-09-26,0.0,
1993-09-27,0.0,
1993-09-28,0.0,
1993-09-29,0.0,
1993-09-30,0.0,
1993-10-01,0.0,
1993-10-02,0.0,
1993-10-03,0.0,
1993-10-04,0.0,
1993-10-05,0.0,
1993-10-06,0.0,
1993-10-07,0.0,
1993-10-08,0.0,
1993-10-09,0.0,
1993-10-10,0.0,
1993-10-11,0.0,
1993-10-12,0.0,
1993-10-13,0.0,
1993-10-14,0.0,
1993-10-15,0.0,
1993-10-16,0.0,
1993-10-17,0.0,
1993-10-18,0.0,
1993-10-19,0.0,
1993-10-20,0.0,
1993-10-21,0.0,
1993-10-22,0.0,
1993-10-23,0.0,
1993-10-24,0.0,
1993-10-25,0.0,
1993-10-26,0.0,
1993-10-27,0.0,
1993-10-28,0.0,
1993-10-29,0.0,
1993-10-30,0.0,
1993-10-31,0.0,
1993-11-01,0.0,
1993-11-02,0.0,
1993-11-03,0.0,
1993-11-04,0.0,
1993-11-05,0.0,
1993-11-06,0.0,
1993-11-07,0.0,
1993-11-08,0.0,
1993-11-09,0.0,
1993-11-10,0.0,
1993-11-11,0.0,
1993-11-12,0.0,
1993-11-13,0.0,
1993-11-14,2.007,
1993-11-15,2.007,
1993-11-16,2.007,
1993-11-17,2.007,
1993-11-18,2.007,
1993-11-19,2.489,
1993-11-20,2.997,
1993-11-21,2.997,
1993-11-22,2.997,
1993-11-23,2.997,
1993-11-24,3.505,
1993-11-25,3.988,
1993-11-26,4.496,
1993-11-27,5.004,
1993-11-28,5.004,
1993-11-29,5.004,
1993-11-30,7.01,
1993-12-01,8.509,
1993-12-02,8.509,
1993-12-03,8.509,
1993-12-04,8.509,
1993-12-05,8.509,
1993-12-06,8.509,
1993-12-07,8.509,
1993-12-08,8.509,
1993-12-09,8.509,
1993-12-10,8.992,
1993-12-11,8.992,
1993-12-12,13.995,
1993-12-13,14.503,
1993-12-14,14.503,
1993-12-15,15.494,
1993-12-16,16.993,
1993-12-17,16.993,
1993-12-18,16.993,
1993-12-19,17.501,
1993-12-20,17.501,
1993-12-21,17.501,
1993-12-22,17.501,
1993-12-23,17.501,
1993-12-24,17.501,
1993-12-25,17.501,
1993-12-26,17.501,
1993-12-27,18.009,
1993-12-28,18.009,
1993-12-29,18.009,
1993-12-30,18.491,
1993-12-31,18.491,
1994-01-01,18.491,
1994-01-02,18.491,
1994-01-03,18.491,
1994-01-04,18.491,
1994-01-05,20.498,
1994-01-06,20.498,
1994-01-07,20.498,
1994-01-08,20.498,
1994-01-09,20.498,
1994-01-10,20.498,
1994-01-11,20.498,
1994-01-12,20.498,
1994-01-13,20.498,
1994-01-14,20.498,
1994-01-15,20.498,
1994-01-16,20.498,
1994-01-17,20.498,
1994-01-18,20.498,
1994-01-19,20.498,
1994-01-20,20.498,
1994-01-21,20.498,
1994-01-22,20.498,
1994-01-23,20.498,
1994-01-24,24.003,
1994-01-25,24.994,
1994-01-26,26.492,
1994-01-27,27.0,
1994-01-28,27.0,
1994-01-29,27.0,
1994-01-30,27.0,
1994-01-31,27.0,
1994-02-01,27.0,
1994-02-02,27.0,
1994-02-03,27.0,
1994-02-04,27.0,
1994-02-05,27.508,
1994-02-06,27.508,
1994-02-07,29.489,
1994-02-08,36.5,
1994-02-09,38.506,
1994-02-10,38.506,
1994-02-11,40.996,
1994-02-12,41.504,
1994-02-13,42.012,
1994-02-14,42.012,
1994-02-15,42.012,
1994-02-16,42.012,
1994-02-17,42.494,
1994-02-18,48.997,
1994-02-19,51.511,
1994-02-20,54.508,
1994-02-21,55.499,
1994-02-22,56.49,
1994-02-23,56.998,
1994-02-24,56.998,
1994-02-25,56.998,
1994-02-26,56.998,
1994-02-27,58.014,
1994-02-28,59.995,
1994-03-01,59.995,
1994-03-02,59.995,
1994-03-03,59.995,
1994-03-04,59.995,
1994-03-05,59.995,
1994-03-06,59.995,
1994-03-07,59.995,
1994-03-08,59.995,
1994-03-09,59.995,
1994-03-10,59.995,
1994-03-11,59.995,
1994-03-12,59.995,
1994-03-13,59.995,
1994-03-14,59.995,
1994-03-15,59.512,
1994-03-16,59.512,
1994-03-17,59.512,
1994-03-18,59.512,
1994-03-19,59.512,
1994-03-20,59.512,
1994-03-21,59.512,
1994-03-22,58.014,
1994-03-23,56.998,
1994-03-24,58.014,
1994-03-25,59.004,
1994-03-26,59.512,
1994-03-27,60.503,
1994-03-28,54.991,
1994-03-29,56.998,
1994-03-30,56.998,
1994-03-31,56.49,
1994-04-01,56.49,
1994-04-02,54.991,
1994-04-03,54.991,
1994-04-04,54.991,
1994-04-05,56.007,
1994-04-06,56.134,
1994-04-07,56.261,
1994-04-08,56.49,
1994-04-09,57.506,
1994-04-10,59.512,
1994-04-11,59.995,
1994-04-12,59.995,
1994-04-13,58.014,
1994-04-14,56.998,
1994-04-15,,
1994-04-16,54.508,
1994-04-17,53.492,
1994-04-18,51.511,
1994-04-19,50.495,
1994-04-20,48.006,
1994-04-21,45.999,
1994-04-22,45.009,
1994-04-23,42.494,
1994-04-24,42.494,
1994-04-25,42.494,
1994-04-26,47.498,
1994-04-27,48.489,
1994-04-28,48.997,
1994-04-29,50.495,
1994-04-30,50.495,
1994-05-01,50.495,
1994-05-02,49.987,
1994-05-03,48.489,
1994-05-04,48.006,
1994-05-05,46.99,
1994-05-06,46.99,
1994-05-07,46.99,
1994-05-08,46.99,
1994-05-09,47.498,
1994-05-10,45.009,
1994-05-11,42.012,
1994-05-12,38.989,
1994-05-13,36.5,
1994-05-14,34.011,
1994-05-15,30.505,
1994-05-16,29.489,
1994-05-17,29.489,
1994-05-18,27.991,
1994-05-19,30.505,
1994-05-20,32.512,
1994-05-21,32.995,
1994-05-22,32.995,
1994-05-23,32.004,
1994-05-24,29.997,
1994-05-25,27.0,
1994-05-26,24.003,
1994-05-27,21.006,
1994-05-28,17.501,
1994-05-29,11.989,
1994-05-30,7.01,
1994-05-31,5.486,
1994-06-01,3.505,
1994-06-02,3.505,
1994-06-03,2.997,
1994-06-04,0.0,
1994-06-05,0.0,
1994-06-06,0.0,
1994-06-07,0.0,
1994-06-08,0.0,
1994-06-09,0.0,
1994-06-10,0.0,
1994-06-11,0.0,
1994-06-12,0.0,
1994-06-13,0.0,
1994-06-14,0.0,
1994-06-15,0.0,
1994-06-16,0.0,
1994-06-17,0.0,
1994-06-18,0.0,
1994-06-19,0.0,
1994-06-20,0.0,
1994-06-21,0.0,
1994-06-22,0.0,
1994-06-23,0.0,
1994-06-24,0.0,
1994-06-25,0.0,
1994-06-26,0.0,
1994-06-27,0.0,
1994-06-28,0.0,
1994-06-29,0.0,
1994-06-30,0.0,
1994-07-01,0.0,
1994-07-02,0.0,
1994-07-03,0.0,
1994-07-04,0.0,
1994-07-05,0.0,
1994-07-06,0.0,
1994-07-07,0.0,
1994-07-08,0.0,
1994-07-09,0.0,
1994-07-10,0.0,
1994-07-11,0.0,
1994-07-12,0.0,
1994-07-13,0.0,
1994-07-14,0.0,
1994-07-15,0.0,
1994-07-16,0.0,
1994-07-17,0.0,
1994-07-18,0.0,
1994-07-19,0.0,
1994-07-20,0.0,
1994-07-21,0.0,
1994-07-22,0.0,
1994-07-23,0.0,
1994-07-24,0.0,
1994-07-25,0.0,
1994-07-26,0.0,
1994-07-27,0.0,
1994-07-28,0.0,
1994-07-29,0.0,
1994-07-30,0.0,
1994-07-31,0.0,
1994-08-01,0.0,
1994-08-02,0.0,
1994-08-03,0.0,
1994-08-04,0.0,
1994-08-05,0.0,
1994-08-06,0.0,
1994-08-07,0.0,
1994-08-08,0.0,
1994-08-09,0.0,
1994-08-10,0.0,
1994-08-11,0.0,
1994-08-12,0.0,
1994-08-13,0.0,
1994-08-14,0.0,
1994-08-15,0.0,
1994-08-16,0.0,
1994-08-17,0.0,
1994-08-18,0.0,
1994-08-19,0.0,
1994-08-20,0.0,
1994-08-21,0.0,
1994-08-22,0.0,
1994-08-23,0.0,
1994-08-24,0.0,
1994-08-25,0.0,
1994-08-26,0.0,
1994-08-27,0.0,
1994-08-28,0.0,
1994-08-29,0.0,
1994-08-30,0.0,
1994-08-31,0.0,
1994-09-01,0.0,
1994-09-02,0.0,
1994-09-03,0.0,
1994-09-04,0.0,
1994-09-05,0.0,
1994-09-06,0.0,
1994-09-07,0.0,
1994-09-08,0.0,
1994-09-09,0.0,
1994-09-10,0.0,
1994-09-11,0.0,
1994-09-12,0.0,
1994-09-13,0.0,
1994-09-14,0.0,
1994-09-15,0.0,
1994-09-16,0.0,
1994-09-17,0.0,
1994-09-18,0.0,
1994-09-19,0.0,
1994-09-20,0.0,
1994-09-21,0.0,
1994-09-22,0.0,
1994-09-23,0.0,
1994-09-24,0.0,
1994-09-25,0.0,
1994-09-26,0.0,
1994-09-27,0.0,
1994-09-28,0.0,
1994-09-29,0.0,
1994-09-30,0.0,
1994-10-01,0.0,
1994-10-02,0.0,
1994-10-03,0.0,
1994-10-04,0.0,
1994-10-05,5.512,
1994-10-06,5.994,
1994-10-07,6.502,
1994-10-08,6.502,
1994-10-09,6.502,
1994-10-10,6.502,
1994-10-11,5.994,
1994-10-12,5.512,
1994-10-13,5.512,
1994-10-14,5.004,
1994-10-15,4.496,
1994-10-16,4.496,
1994-10-17,3.505,
1994-10-18,3.505,
1994-10-19,2.997,
1994-10-20,2.997,
1994-10-21,4.496,
1994-10-22,2.489,
1994-10-23,2.489,
1994-10-24,2.489,
1994-10-25,2.489,
1994-10-26,2.489,
1994-10-27,2.489,
1994-10-28,2.489,
1994-10-29,2.007,
1994-10-30,2.007,
1994-10-31,2.007,
1994-11-01,2.007,
1994-11-02,2.007,
1994-11-03,2.007,
1994-11-04,2.489,
1994-11-05,2.997,
1994-11-06,8.001,
1994-11-07,8.001,
1994-11-08,8.001,
1994-11-09,8.509,
1994-11-10,10.998,
1994-11-11,11.506,
1994-11-12,11.506,
1994-11-13,11.506,
1994-11-14,11.506,
1994-11-15,11.506,
1994-11-16,12.497,
1994-11-17,13.995,
1994-11-18,18.999,
1994-11-19,19.507,
1994-11-20,19.99,
1994-11-21,19.99,
1994-11-22,19.99,
1994-11-23,19.99,
1994-11-24,19.99,
1994-11-25,20.498,
1994-11-26,27.0,
1994-11-27,29.007,
1994-11-28,29.489,
1994-11-29,29.743,
1994-11-30,29.997,
1994-12-01,29.997,
1994-12-02,29.997,
1994-12-03,29.997,
1994-12-04,32.487,
1994-12-05,34.493,
1994-12-06,35.509,
1994-12-07,35.992,
1994-12-08,35.992,
1994-12-09,35.992,
1994-12-10,35.992,
1994-12-11,35.992,
1994-12-12,37.998,
1994-12-13,38.989,
1994-12-14,40.996,
1994-12-15,41.504,
1994-12-16,41.504,
1994-12-17,41.504,
1994-12-18,41.504,
1994-12-19,41.504,
1994-12-20,41.504,
1994-12-21,41.504,
1994-12-22,41.504,
1994-12-23,41.504,
1994-12-24,41.504,
1994-12-25,44.501,
1994-12-26,44.983,
1994-12-27,44.983,
1994-12-28,44.983,
1994-12-29,45.491,
1994-12-30,46.99,
1994-12-31,46.99,
1995-01-01,46.99,
1995-01-02,46.99,
1995-01-03,46.99,
1995-01-04,46.99,
1995-01-05,53.01,
1995-01-06,56.49,
1995-01-07,62.992,
1995-01-08,65.507,
1995-01-09,72.009,
1995-01-10,81.001,
1995-01-11,87.503,
1995-01-12,88.494,
1995-01-13,92.507,
1995-01-14,97.993,
1995-01-15,103.988,
1995-01-16,105.004,
1995-01-17,105.486,
1995-01-18,105.486,
1995-01-19,105.486,
1995-01-20,106.502,
1995-01-21,106.502,
1995-01-22,106.502,
1995-01-23,110.49,
1995-01-24,113.487,
1995-01-25,117.5,
1995-01-26,120.498,
1995-01-27,122.504,
1995-01-28,124.993,
1995-01-29,124.993,
1995-01-30,124.993,
1995-01-31,124.993,
1995-02-01,124.993,
1995-02-02,124.993,
1995-02-03,124.993,
1995-02-04,124.993,
1995-02-05,124.993,
1995-02-06,124.993,
1995-02-07,124.993,
1995-02-08,124.993,
1995-02-09,124.993,
1995-02-10,124.993,
1995-02-11,124.993,
1995-02-12,124.993,
1995-02-13,124.993,
1995-02-14,125.501,
1995-02-15,125.984,
1995-02-16,125.984,
1995-02-17,125.984,
1995-02-18,125.984,
1995-02-19,125.984,
1995-02-20,125.984,
1995-02-21,125.984,
1995-02-22,125.984,
1995-02-23,125.984,
1995-02-24,125.984,
1995-02-25,125.984,
1995-02-26,125.984,
1995-02-27,125.984,
1995-02-28,125.501,
1995-03-01,125.501,
1995-03-02,125.501,
1995-03-03,126.492,
1995-03-04,130.988,
1995-03-05,132.004,
1995-03-06,132.486,
1995-03-07,134.01,
1995-03-08,134.62,
1995-03-09,135.509,
1995-03-10,140.005,
1995-03-11,155.499,
1995-03-12,161.493,
1995-03-13,162.001,
1995-03-14,164.998,
1995-03-15,165.506,
1995-03-16,167.005,
1995-03-17,167.488,
1995-03-18,167.488,
1995-03-19,170.002,
1995-03-20,170.18,
1995-03-21,173.507,
1995-03-22,177.495,
1995-03-23,186.995,
1995-03-24,193.497,
1995-03-25,194.996,
1995-03-26,195.986,
1995-03-27,198.12,
1995-03-28,198.12,
1995-03-29,197.002,
1995-03-30,197.002,
1995-03-31,197.002,
1995-04-01,197.002,
1995-04-02,191.999,
1995-04-03,189.484,
1995-04-04,185.496,
1995-04-05,168.504,
1995-04-06,167.488,
1995-04-07,167.996,
1995-04-08,173.99,
1995-04-09,179.502,
1995-04-10,183.007,
1995-04-11,185.496,
1995-04-12,180.01,
1995-04-13,176.987,
1995-04-14,185.496,
1995-04-15,191.491,
1995-04-16,195.986,
1995-04-17,197.51,
1995-04-18,203.505,
1995-04-19,205.994,
1995-04-20,209.499,
1995-04-21,209.499,
1995-04-22,203.2,
1995-04-23,198.12,
1995-04-24,194.996,
1995-04-25,191.491,
1995-04-26,193.497,
1995-04-27,197.002,
1995-04-28,202.997,
1995-04-29,208.509,
1995-04-30,213.004,
1995-05-01,217.983,
1995-05-02,228.498,
1995-05-03,227.508,
1995-05-04,227.508,
1995-05-05,225.501,
1995-05-06,225.501,
1995-05-07,225.501,
1995-05-08,225.501,
1995-05-09,227.0,
1995-05-10,227.508,
1995-05-11,228.498,
1995-05-12,226.492,
1995-05-13,224.993,
1995-05-14,227.0,
1995-05-15,229.006,
1995-05-16,230.988,
1995-05-17,232.994,
1995-05-18,233.985,
1995-05-19,233.985,
1995-05-20,228.498,
1995-05-21,229.997,
1995-05-22,230.988,
1995-05-23,229.997,
1995-05-24,227.99,
1995-05-25,227.0,
1995-05-26,225.501,
1995-05-27,225.501,
1995-05-28,227.0,
1995-05-29,227.0,
1995-05-30,225.984,
1995-05-31,224.511,
1995-06-01,221.996,
1995-06-02,218.491,
1995-06-03,214.986,
1995-06-04,212.496,
1995-06-05,208.991,
1995-06-06,203.987,
1995-06-07,200.0,
1995-06-08,195.986,
1995-06-09,194.488,
1995-06-10,194.005,
1995-06-11,194.996,
1995-06-12,195.504,
1995-06-13,191.008,
1995-06-14,184.988,
1995-06-15,179.502,
1995-06-16,176.987,
1995-06-17,175.489,
1995-06-18,173.507,
1995-06-19,171.501,
1995-06-20,171.501,
1995-06-21,170.485,
1995-06-22,170.434,
1995-06-23,167.996,
1995-06-24,165.506,
1995-06-25,161.493,
1995-06-26,156.489,
1995-06-27,152.502,
1995-06-28,150.495,
1995-06-29,144.78,
1995-06-30,138.506,
1995-07-01,135.001,
1995-07-02,131.496,
1995-07-03,127.508,
1995-07-04,122.987,
1995-07-05,119.99,
1995-07-06,113.487,
1995-07-07,107.493,
1995-07-08,102.006,
1995-07-09,97.485,
1995-07-10,91.491,
1995-07-11,85.496,
1995-07-12,79.985,
1995-07-13,75.997,
1995-07-14,71.501,
1995-07-15,65.989,
1995-07-16,59.995,
1995-07-17,53.492,
1995-07-18,48.489,
1995-07-19,44.501,
1995-07-20,38.506,
1995-07-21,32.487,
1995-07-22,25.984,
1995-07-23,19.99,
1995-07-24,10.998,
1995-07-25,5.08,
1995-07-26,0.0,
1995-07-27,0.0,
1995-07-28,0.0,
1995-07-29,0.0,
1995-07-30,0.0,
1995-07-31,0.0,
1995-08-01,0.0,
1995-08-02,0.0,
1995-08-03,0.0,
1995-08-04,0.0,
1995-08-05,0.0,
1995-08-06,0.0,
1995-08-07,0.0,
1995-08-08,0.0,
1995-08-09,0.0,
1995-08-10,0.0,
1995-08-11,0.0,
1995-08-12,0.0,
1995-08-13,0.0,
1995-08-14,0.0,
1995-08-15,0.0,
1995-08-16,0.0,
1995-08-17,0.0,
1995-08-18,0.0,
1995-08-19,0.0,
1995-08-20,0.0,
1995-08-21,0.0,
1995-08-22,0.0,
1995-08-23,0.0,
1995-08-24,0.0,
1995-08-25,0.0,
1995-08-26,0.0,
1995-08-27,0.0,
1995-08-28,0.0,
1995-08-29,0.0,
1995-08-30,0.0,
1995-08-31,0.0,
1995-09-01,0.0,
1995-09-02,0.0,
1995-09-03,0.0,
1995-09-04,0.0,
1995-09-05,0.0,
1995-09-06,0.0,
1995-09-07,0.0,
1995-09-08,0.0,
1995-09-09,0.0,
1995-09-10,0.0,
1995-09-11,0.0,
1995-09-12,0.0,
1995-09-13,0.0,
1995-09-14,0.0,
1995-09-15,0.0,
1995-09-16,0.0,
1995-09-17,0.0,
1995-09-18,0.0,
1995-09-19,0.0,
1995-09-20,0.0,
1995-09-21,0.0,
1995-09-22,0.0,
1995-09-23,0.0,
1995-09-24,0.0,
1995-09-25,0.0,
1995-09-26,0.0,
1995-09-27,0.0,
1995-09-28,0.0,
1995-09-29,0.0,
1995-09-30,0.0,
1995-10-01,0.0,
1995-10-02,0.0,
1995-10-03,0.0,
1995-10-04,0.0,
1995-10-05,0.0,
1995-10-06,0.0,
1995-10-07,0.0,
1995-10-08,0.0,
1995-10-09,0.0,
1995-10-10,0.0,
1995-10-11,0.0,
1995-10-12,0.0,
1995-10-13,0.0,
1995-10-14,0.0,
1995-10-15,0.0,
1995-10-16,0.0,
1995-10-17,0.0,
1995-10-18,0.0,
1995-10-19,0.0,
1995-10-20,0.0,
1995-10-21,0.0,
1995-10-22,0.0,
1995-10-23,0.0,
1995-10-24,0.0,
1995-10-25,0.0,
1995-10-26,0.0,
1995-10-27,0.0,
1995-10-28,0.0,
1995-10-29,0.0,
1995-10-30,0.0,
1995-10-31,0.0,
1995-11-01,0.0,
1995-11-02,0.0,
1995-11-03,0.0,
1995-11-04,0.0,
1995-11-05,0.0,
1995-11-06,0.0,
1995-11-07,0.0,
1995-11-08,0.0,
1995-11-09,0.0,
1995-11-10,0.0,
1995-11-11,0.0,
1995-11-12,0.0,
1995-11-13,0.0,
1995-11-14,0.0,
1995-11-15,0.0,
1995-11-16,0.0,
1995-11-17,0.0,
1995-11-18,0.0,
1995-11-19,0.0,
1995-11-20,0.0,
1995-11-21,0.0,
1995-11-22,0.0,
1995-11-23,0.0,
1995-11-24,0.0,
1995-11-25,0.0,
1995-11-26,0.0,
1995-11-27,0.0,
1995-11-28,0.0,
1995-11-29,0.0,
1995-11-30,0.0,
1995-12-01,0.0,
1995-12-02,0.0,
1995-12-03,0.0,
1995-12-04,0.0,
1995-12-05,0.0,
1995-12-06,0.0,
1995-12-07,0.0,
1995-12-08,0.0,
1995-12-09,0.0,
1995-12-10,0.0,
1995-12-11,0.0,
1995-12-12,7.747,
1995-12-13,14.757,
1995-12-14,17.755,
1995-12-15,17.755,
1995-12-16,20.244,
1995-12-17,20.244,
1995-12-18,20.244,
1995-12-19,20.244,
1995-12-20,20.244,
1995-12-21,20.244,
1995-12-22,20.244,
1995-12-23,20.244,
1995-12-24,20.244,
1995-12-25,20.244,
1995-12-26,20.244,
1995-12-27,20.752,
1995-12-28,20.752,
1995-12-29,20.828,
1995-12-30,23.241,
1995-12-31,23.241,
1996-01-01,23.241,
1996-01-02,23.241,
1996-01-03,23.241,
1996-01-04,23.241,
1996-01-05,23.241,
1996-01-06,23.241,
1996-01-07,23.241,
1996-01-08,23.241,
1996-01-09,23.241,
1996-01-10,23.241,
1996-01-11,23.241,
1996-01-12,23.241,
1996-01-13,23.241,
1996-01-14,23.241,
1996-01-15,23.241,
1996-01-16,23.241,
1996-01-17,31.75,
1996-01-18,31.75,
1996-01-19,37.744,
1996-01-20,38.252,
1996-01-21,40.742,
1996-01-22,41.758,
1996-01-23,41.758,
1996-01-24,45.263,
1996-01-25,51.257,
1996-01-26,53.264,
1996-01-27,53.264,
1996-01-28,59.741,
1996-01-29,59.69,
1996-01-30,59.741,
1996-01-31,61.747,
1996-02-01,62.255,
1996-02-02,62.23,
1996-02-03,62.255,
1996-02-04,63.246,
1996-02-05,68.758,
1996-02-06,68.758,
1996-02-07,68.758,
1996-02-08,68.758,
1996-02-09,68.758,
1996-02-10,68.758,
1996-02-11,68.758,
1996-02-12,68.758,
1996-02-13,68.758,
1996-02-14,68.758,
1996-02-15,68.758,
1996-02-16,68.758,
1996-02-17,68.758,
1996-02-18,68.758,
1996-02-19,69.24,
1996-02-20,80.239,
1996-02-21,83.261,
1996-02-22,90.246,
1996-02-23,92.253,
1996-02-24,92.253,
1996-02-25,94.742,
1996-02-26,95.25,
1996-02-27,95.758,
1996-02-28,95.758,
1996-02-29,95.758,
1996-03-01,96.241,
1996-03-02,96.241,
1996-03-03,96.749,
1996-03-04,97.739,
1996-03-05,104.242,
1996-03-06,107.239,
1996-03-07,107.747,
1996-03-08,107.747,
1996-03-09,107.747,
1996-03-10,107.747,
1996-03-11,107.747,
1996-03-12,110.744,
1996-03-13,113.259,
1996-03-14,113.741,
1996-03-15,113.741,
1996-03-16,113.741,
1996-03-17,113.741,
1996-03-18,113.741,
1996-03-19,113.741,
1996-03-20,113.741,
1996-03-21,113.741,
1996-03-22,113.741,
1996-03-23,113.259,
1996-03-24,113.259,
1996-03-25,113.259,
1996-03-26,113.259,
1996-03-27,113.259,
1996-03-28,113.259,
1996-03-29,114.757,
1996-03-30,115.748,
1996-03-31,115.748,
1996-04-01,115.748,
1996-04-02,119.253,
1996-04-03,119.761,
1996-04-04,119.761,
1996-04-05,119.761,
1996-04-06,119.761,
1996-04-07,119.761,
1996-04-08,119.761,
1996-04-09,119.761,
1996-04-10,119.761,
1996-04-11,119.253,
1996-04-12,118.262,
1996-04-13,116.764,
1996-04-14,116.256,
1996-04-15,114.249,
1996-04-16,113.741,
1996-04-17,113.741,
1996-04-18,116.256,
1996-04-19,116.764,
1996-04-20,116.764,
1996-04-21,116.764,
1996-04-22,116.764,
1996-04-23,116.764,
1996-04-24,116.84,
1996-04-25,116.764,
1996-04-26,116.764,
1996-04-27,113.259,
1996-04-28,108.255,
1996-04-29,104.242,
1996-04-30,99.746,
1996-05-01,96.241,
1996-05-02,94.742,
1996-05-03,92.761,
1996-05-04,91.745,
1996-05-05,90.246,
1996-05-06,87.249,
1996-05-07,85.75,
1996-05-08,83.744,
1996-05-09,83.261,
1996-05-10,83.261,
1996-05-11,81.255,
1996-05-12,80.239,
1996-05-13,77.241,
1996-05-14,74.244,
1996-05-15,70.739,
1996-05-16,69.748,
1996-05-17,68.25,
1996-05-18,67.259,
1996-05-19,65.761,
1996-05-20,65.761,
1996-05-21,64.745,
1996-05-22,62.738,
1996-05-23,62.255,
1996-05-24,60.249,
1996-05-25,59.182,
1996-05-26,58.42,
1996-05-27,56.261,
1996-05-28,54.254,
1996-05-29,53.264,
1996-05-30,51.257,
1996-05-31,49.759,
1996-06-01,46.761,
1996-06-02,43.256,
1996-06-03,38.252,
1996-06-04,32.741,
1996-06-05,26.746,
1996-06-06,20.752,
1996-06-07,14.249,
1996-06-08,7.747,
1996-06-09,3.251,
1996-06-10,0.0,
1996-06-11,0.0,
1996-06-12,0.0,
1996-06-13,0.0,
1996-06-14,0.0,
1996-06-15,0.0,
1996-06-16,0.0,
1996-06-17,0.0,
1996-06-18,0.0,
1996-06-19,0.0,
1996-06-20,0.0,
1996-06-21,0.0,
1996-06-22,0.0,
1996-06-23,0.0,
1996-06-24,0.0,
1996-06-25,0.0,
1996-06-26,0.0,
1996-06-27,0.0,
1996-06-28,0.0,
1996-06-29,0.0,
1996-06-30,0.0,
1996-07-01,0.0,
1996-07-02,0.0,
1996-07-03,0.0,
1996-07-04,0.0,
1996-07-05,0.0,
1996-07-06,0.0,
1996-07-07,0.0,
1996-07-08,0.0,
1996-07-09,0.0,
1996-07-10,0.0,
1996-07-11,0.0,
1996-07-12,0.0,
1996-07-13,0.0,
1996-07-14,0.0,
1996-07-15,0.0,
1996-07-16,0.0,
1996-07-17,0.0,
1996-07-18,0.0,
1996-07-19,0.0,
1996-07-20,0.0,
1996-07-21,0.0,
1996-07-22,0.0,
1996-07-23,0.0,
1996-07-24,0.0,
1996-07-25,0.0,
1996-07-26,0.0,
1996-07-27,0.0,
1996-07-28,0.0,
1996-07-29,0.0,
1996-07-30,0.0,
1996-07-31,0.0,
1996-08-01,0.0,
1996-08-02,0.0,
1996-08-03,0.0,
1996-08-04,0.0,
1996-08-05,0.0,
1996-08-06,0.0,
1996-08-07,0.0,
1996-08-08,0.0,
1996-08-09,0.0,
1996-08-10,0.0,
1996-08-11,0.0,
1996-08-12,0.0,
1996-08-13,0.0,
1996-08-14,0.0,
1996-08-15,0.0,
1996-08-16,0.0,
1996-08-17,0.0,
1996-08-18,0.0,
1996-08-19,0.0,
1996-08-20,0.0,
1996-08-21,0.0,
1996-08-22,0.0,
1996-08-23,0.0,
1996-08-24,0.0,
1996-08-25,0.0,
1996-08-26,0.0,
1996-08-27,0.0,
1996-08-28,0.0,
1996-08-29,0.0,
1996-08-30,0.0,
1996-08-31,0.0,
1996-09-01,0.0,
1996-09-02,0.0,
1996-09-03,0.0,
1996-09-04,0.0,
1996-09-05,0.0,
1996-09-06,0.0,
1996-09-07,0.0,
1996-09-08,0.0,
1996-09-09,0.0,
1996-09-10,0.0,
1996-09-11,0.0,
1996-09-12,0.0,
1996-09-13,0.0,
1996-09-14,0.0,
1996-09-15,0.0,
1996-09-16,0.0,
1996-09-17,0.0,
1996-09-18,0.0,
1996-09-19,0.0,
1996-09-20,0.0,
1996-09-21,0.0,
1996-09-22,0.0,
1996-09-23,0.0,
1996-09-24,0.0,
1996-09-25,0.0,
1996-09-26,0.0,
1996-09-27,0.0,
1996-09-28,0.0,
1996-09-29,0.0,
1996-09-30,0.0,
1996-10-01,0.0,
1996-10-02,0.0,
1996-10-03,0.0,
1996-10-04,0.0,
1996-10-05,0.0,
1996-10-06,0.0,
1996-10-07,0.0,
1996-10-08,0.0,
1996-10-09,0.0,
1996-10-10,0.0,
1996-10-11,0.0,
1996-10-12,0.0,
1996-10-13,0.0,
1996-10-14,0.0,
1996-10-15,0.0,
1996-10-16,0.0,
1996-10-17,0.0,
1996-10-18,0.0,
1996-10-19,0.0,
1996-10-20,0.0,
1996-10-21,0.0,
1996-10-22,0.0,
1996-10-23,0.0,
1996-10-24,0.0,
1996-10-25,0.0,
1996-10-26,0.991,
1996-10-27,2.489,
1996-10-28,2.997,
1996-10-29,2.997,
1996-10-30,5.994,
1996-10-31,6.502,
1996-11-01,7.01,
1996-11-02,7.01,
1996-11-03,7.01,
1996-11-04,7.01,
1996-11-05,7.01,
1996-11-06,7.112,
1996-11-07,7.01,
1996-11-08,7.01,
1996-11-09,7.01,
1996-11-10,7.01,
1996-11-11,7.01,
1996-11-12,7.112,
1996-11-13,7.01,
1996-11-14,7.01,
1996-11-15,7.01,
1996-11-16,7.01,
1996-11-17,10.008,
1996-11-18,17.501,
1996-11-19,17.501,
1996-11-20,17.501,
1996-11-21,17.501,
1996-11-22,18.491,
1996-11-23,21.996,
1996-11-24,21.996,
1996-11-25,21.996,
1996-11-26,21.996,
1996-11-27,21.996,
1996-11-28,21.996,
1996-11-29,21.996,
1996-11-30,21.996,
1996-12-01,21.996,
1996-12-02,21.996,
1996-12-03,21.514,
1996-12-04,18.999,
1996-12-05,21.996,
1996-12-06,27.991,
1996-12-07,30.505,
1996-12-08,30.988,
1996-12-09,33.503,
1996-12-10,37.998,
1996-12-11,51.511,
1996-12-12,56.007,
1996-12-13,58.496,
1996-12-14,59.995,
1996-12-15,59.995,
1996-12-16,59.995,
1996-12-17,59.995,
1996-12-18,59.995,
1996-12-19,59.995,
1996-12-20,59.995,
1996-12-21,59.995,
1996-12-22,69.494,
1996-12-23,73.508,
1996-12-24,75.006,
1996-12-25,75.006,
1996-12-26,75.006,
1996-12-27,78.994,
1996-12-28,81.001,
1996-12-29,81.28,
1996-12-30,85.496,
1996-12-31,89.408,
1997-01-01,89.916,
1997-01-02,95.504,
1997-01-03,99.568,
1997-01-04,99.568,
1997-01-05,99.568,
1997-01-06,99.568,
1997-01-07,99.568,
1997-01-08,99.568,
1997-01-09,99.568,
1997-01-10,99.568,
1997-01-11,99.568,
1997-01-12,99.568,
1997-01-13,99.568,
1997-01-14,100.33,
1997-01-15,101.6,
1997-01-16,102.362,
1997-01-17,103.632,
1997-01-18,105.41,
1997-01-19,106.68,
1997-01-20,106.68,
1997-01-21,110.49,
1997-01-22,114.3,
1997-01-23,123.698,
1997-01-24,125.476,
1997-01-25,128.524,
1997-01-26,136.652,
1997-01-27,140.97,
1997-01-28,142.494,
1997-01-29,143.51,
1997-01-30,144.78,
1997-01-31,146.05,
1997-02-01,146.304,
1997-02-02,146.304,
1997-02-03,146.304,
1997-02-04,147.066,
1997-02-05,147.32,
1997-02-06,147.32,
1997-02-07,148.336,
1997-02-08,149.098,
1997-02-09,149.098,
1997-02-10,150.876,
1997-02-11,150.876,
1997-02-12,150.876,
1997-02-13,150.876,
1997-02-14,150.876,
1997-02-15,150.876,
1997-02-16,150.876,
1997-02-17,150.876,
1997-02-18,150.876,
1997-02-19,150.876,
1997-02-20,150.622,
1997-02-21,150.622,
1997-02-22,150.622,
1997-02-23,150.622,
1997-02-24,150.622,
1997-02-25,150.622,
1997-02-26,150.622,
1997-02-27,150.622,
1997-02-28,150.622,
1997-03-01,150.622,
1997-03-02,150.622,
1997-03-03,151.384,
1997-03-04,152.908,
1997-03-05,152.908,
1997-03-06,153.01,
1997-03-07,152.908,
1997-03-08,153.01,
1997-03-09,153.01,
1997-03-10,153.01,
1997-03-11,153.01,
1997-03-12,153.01,
1997-03-13,153.01,
1997-03-14,153.01,
1997-03-15,153.01,
1997-03-16,153.01,
1997-03-17,153.01,
1997-03-18,153.01,
1997-03-19,153.01,
1997-03-20,153.01,
1997-03-21,153.01,
1997-03-22,153.01,
1997-03-23,151.994,
1997-03-24,150.495,
1997-03-25,149.504,
1997-03-26,146.99,
1997-03-27,141.503,
1997-03-28,136.5,
1997-03-29,132.512,
1997-03-30,130.505,
1997-03-31,129.489,
1997-04-01,129.997,
1997-04-02,131.013,
1997-04-03,132.004,
1997-04-04,132.512,
1997-04-05,132.512,
1997-04-06,132.512,
1997-04-07,132.08,
1997-04-08,132.512,
1997-04-09,131.496,
1997-04-10,131.496,
1997-04-11,130.505,
1997-04-12,129.997,
1997-04-13,127.508,
1997-04-14,126.009,
1997-04-15,125.73,
1997-04-16,125.476,
1997-04-17,125.476,
1997-04-18,124.46,
1997-04-19,123.952,
1997-04-20,123.19,
1997-04-21,122.428,
1997-04-22,121.666,
1997-04-23,120.904,
1997-04-24,120.65,
1997-04-25,119.99,
1997-04-26,116.992,
1997-04-27,115.011,
1997-04-28,113.995,
1997-04-29,112.014,
1997-04-30,112.014,
1997-05-01,111.506,
1997-05-02,109.499,
1997-05-03,108.509,
1997-05-04,106.502,
1997-05-05,105.004,
1997-05-06,102.489,
1997-05-07,100.0,
1997-05-08,97.511,
1997-05-09,95.504,
1997-05-10,92.989,
1997-05-11,89.992,
1997-05-12,86.512,
1997-05-13,82.499,
1997-05-14,79.502,
1997-05-15,76.505,
1997-05-16,73.508,
1997-05-17,70.51,
1997-05-18,67.005,
1997-05-19,64.491,
1997-05-20,61.011,
1997-05-21,57.988,
1997-05-22,54.991,
1997-05-23,51.994,
1997-05-24,51.511,
1997-05-25,51.511,
1997-05-26,49.505,
1997-05-27,48.006,
1997-05-28,43.002,
1997-05-29,39.497,
1997-05-30,34.011,
1997-05-31,28.499,
1997-06-01,22.352,
1997-06-02,16.51,
1997-06-03,10.49,
1997-06-04,7.01,
1997-06-05,5.994,
1997-06-06,4.496,
1997-06-07,0.0,
1997-06-08,0.0,
1997-06-09,0.0,
1997-06-10,0.0,
1997-06-11,0.0,
1997-06-12,0.0,
1997-06-13,0.0,
1997-06-14,0.0,
1997-06-15,0.0,
1997-06-16,0.0,
1997-06-17,0.0,
1997-06-18,0.0,
1997-06-19,0.0,
1997-06-20,0.0,
1997-06-21,0.0,
1997-06-22,0.0,
1997-06-23,0.0,
1997-06-24,0.0,
1997-06-25,0.0,
1997-06-26,0.0,
1997-06-27,0.0,
1997-06-28,0.0,
1997-06-29,0.0,
1997-06-30,0.0,
1997-07-01,0.0,
1997-07-02,0.0,
1997-07-03,0.0,
1997-07-04,0.0,
1997-07-05,0.0,
1997-07-06,0.0,
1997-07-07,0.0,
1997-07-08,0.0,
1997-07-09,0.0,
1997-07-10,0.0,
1997-07-11,0.0,
1997-07-12,0.0,
1997-07-13,0.0,
1997-07-14,0.0,
1997-07-15,0.0,
1997-07-16,0.0,
1997-07-17,0.0,
1997-07-18,0.0,
1997-07-19,0.0,
1997-07-20,0.0,
1997-07-21,0.0,
1997-07-22,0.0,
1997-07-23,0.0,
1997-07-24,0.0,
1997-07-25,0.0,
1997-07-26,0.0,
1997-07-27,0.0,
1997-07-28,0.0,
1997-07-29,0.0,
1997-07-30,0.0,
1997-07-31,0.0,
1997-08-01,0.0,
1997-08-02,0.0,
1997-08-03,0.0,
1997-08-04,0.0,
1997-08-05,0.0,
1997-08-06,0.0,
1997-08-07,0.0,
1997-08-08,0.0,
1997-08-09,0.0,
1997-08-10,0.0,
1997-08-11,0.0,
1997-08-12,0.0,
1997-08-13,0.0,
1997-08-14,0.0,
1997-08-15,0.0,
1997-08-16,0.0,
1997-08-17,0.0,
1997-08-18,0.0,
1997-08-19,0.0,
1997-08-20,0.0,
1997-08-21,0.0,
1997-08-22,0.0,
1997-08-23,0.0,
1997-08-24,0.0,
1997-08-25,0.0,
1997-08-26,0.0,
1997-08-27,0.0,
1997-08-28,0.0,
1997-08-29,0.0,
1997-08-30,0.0,
1997-08-31,0.0,
1997-09-01,0.0,
1997-09-02,0.0,
1997-09-03,0.0,
1997-09-04,0.0,
1997-09-05,0.0,
1997-09-06,0.0,
1997-09-07,0.0,
1997-09-08,0.0,
1997-09-09,0.0,
1997-09-10,0.0,
1997-09-11,0.0,
1997-09-12,0.0,
1997-09-13,0.0,
1997-09-14,0.0,
1997-09-15,0.0,
1997-09-16,0.0,
1997-09-17,0.0,
1997-09-18,0.0,
1997-09-19,0.0,
1997-09-20,0.0,
1997-09-21,0.0,
1997-09-22,0.0,
1997-09-23,0.0,
1997-09-24,0.0,
1997-09-25,0.0,
1997-09-26,0.0,
1997-09-27,0.0,
1997-09-28,0.0,
1997-09-29,0.0,
1997-09-30,0.0,
1997-10-01,0.0,
1997-10-02,0.0,
1997-10-03,0.0,
1997-10-04,0.0,
1997-10-05,0.0,
1997-10-06,0.0,
1997-10-07,0.0,
1997-10-08,0.0,
1997-10-09,0.0,
1997-10-10,0.0,
1997-10-11,0.0,
1997-10-12,3.505,
1997-10-13,4.013,
1997-10-14,4.013,
1997-10-15,4.013,
1997-10-16,3.505,
1997-10-17,3.556,
1997-10-18,2.997,
1997-10-19,2.997,
1997-10-20,0.0,
1997-10-21,0.0,
1997-10-22,0.0,
1997-10-23,0.0,
1997-10-24,0.0,
1997-10-25,0.0,
1997-10-26,0.0,
1997-10-27,0.0,
1997-10-28,0.0,
1997-10-29,0.0,
1997-10-30,0.0,
1997-10-31,0.0,
1997-11-01,0.0,
1997-11-02,0.0,
1997-11-03,0.0,
1997-11-04,0.0,
1997-11-05,0.0,
1997-11-06,0.0,
1997-11-07,0.0,
1997-11-08,0.0,
1997-11-09,0.0,
1997-11-10,0.0,
1997-11-11,0.0,
1997-11-12,0.0,
1997-11-13,0.0,
1997-11-14,0.0,
1997-11-15,0.0,
1997-11-16,2.032,
1997-11-17,2.032,
1997-11-18,3.505,
1997-11-19,4.013,
1997-11-20,5.994,
1997-11-21,6.502,
1997-11-22,6.502,
1997-11-23,6.502,
1997-11-24,6.502,
1997-11-25,6.502,
1997-11-26,8.992,
1997-11-27,15.494,
1997-11-28,15.494,
1997-11-29,15.494,
1997-11-30,15.494,
1997-12-01,15.494,
1997-12-02,15.494,
1997-12-03,15.494,
1997-12-04,15.494,
1997-12-05,15.494,
1997-12-06,18.009,
1997-12-07,19.507,
1997-12-08,27.432,
1997-12-09,29.997,
1997-12-10,29.997,
1997-12-11,29.997,
1997-12-12,29.997,
1997-12-13,29.997,
1997-12-14,29.997,
1997-12-15,30.988,
1997-12-16,30.988,
1997-12-17,30.988,
1997-12-18,30.988,
1997-12-19,30.988,
1997-12-20,30.988,
1997-12-21,30.988,
1997-12-22,30.988,
1997-12-23,30.988,
1997-12-24,30.988,
1997-12-25,30.988,
1997-12-26,30.988,
1997-12-27,30.988,
1997-12-28,30.988,
1997-12-29,30.988,
1997-12-30,30.988,
1997-12-31,30.988,
1998-01-01,30.988,
1998-01-02,30.988,
1998-01-03,34.011,
1998-01-04,34.011,
1998-01-05,38.989,
1998-01-06,38.989,
1998-01-07,39.497,
1998-01-08,40.005,
1998-01-09,40.005,
1998-01-10,42.494,
1998-01-11,45.009,
1998-01-12,48.489,
1998-01-13,53.492,
1998-01-14,54.0,
1998-01-15,59.995,
1998-01-16,66.497,
1998-01-17,67.005,
1998-01-18,67.005,
1998-01-19,72.492,
1998-01-20,72.39,
1998-01-21,72.492,
1998-01-22,72.492,
1998-01-23,72.492,
1998-01-24,72.492,
1998-01-25,72.492,
1998-01-26,72.492,
1998-01-27,72.492,
1998-01-28,72.492,
1998-01-29,72.492,
1998-01-30,78.003,
1998-01-31,78.003,
1998-02-01,78.003,
1998-02-02,81.001,
1998-02-03,89.992,
1998-02-04,96.495,
1998-02-05,96.495,
1998-02-06,99.009,
1998-02-07,105.486,
1998-02-08,112.014,
1998-02-09,115.011,
1998-02-10,115.011,
1998-02-11,117.5,
1998-02-12,118.008,
1998-02-13,119.99,
1998-02-14,120.498,
1998-02-15,126.492,
1998-02-16,127.0,
1998-02-17,129.007,
1998-02-18,129.489,
1998-02-19,129.489,
1998-02-20,135.001,
1998-02-21,135.001,
1998-02-22,140.995,
1998-02-23,142.011,
1998-02-24,145.009,
1998-02-25,145.999,
1998-02-26,146.507,
1998-02-27,146.507,
1998-02-28,146.507,
1998-03-01,146.507,
1998-03-02,146.507,
1998-03-03,146.507,
1998-03-04,146.507,
1998-03-05,146.507,
1998-03-06,147.498,
1998-03-07,148.082,
1998-03-08,148.006,
1998-03-09,148.006,
1998-03-10,148.996,
1998-03-11,148.996,
1998-03-12,149.098,
1998-03-13,148.996,
1998-03-14,148.996,
1998-03-15,148.996,
1998-03-16,148.996,
1998-03-17,148.996,
1998-03-18,148.996,
1998-03-19,148.996,
1998-03-20,148.996,
1998-03-21,148.996,
1998-03-22,148.996,
1998-03-23,148.514,
1998-03-24,147.498,
1998-03-25,154.508,
1998-03-26,156.997,
1998-03-27,157.505,
1998-03-28,161.493,
1998-03-29,162.509,
1998-03-30,162.509,
1998-03-31,162.509,
1998-04-01,164.998,
1998-04-02,164.998,
1998-04-03,165.506,
1998-04-04,167.996,
1998-04-05,168.504,
1998-04-06,169.012,
1998-04-07,171.501,
1998-04-08,172.491,
1998-04-09,173.482,
1998-04-10,173.99,
1998-04-11,173.99,
1998-04-12,175.514,
1998-04-13,176.987,
1998-04-14,178.994,
1998-04-15,181.0,
1998-04-16,181.0,
1998-04-17,182.499,
1998-04-18,182.499,
1998-04-19,182.499,
1998-04-20,183.007,
1998-04-21,183.007,
1998-04-22,184.506,
1998-04-23,184.506,
1998-04-24,184.506,
1998-04-25,184.506,
1998-04-26,184.506,
1998-04-27,183.998,
1998-04-28,181.508,
1998-04-29,180.492,
1998-04-30,180.01,
1998-05-01,177.8,
1998-05-02,177.038,
1998-05-03,176.53,
1998-05-04,175.514,
1998-05-05,174.498,
1998-05-06,175.006,
1998-05-07,176.505,
1998-05-08,176.987,
1998-05-09,176.987,
1998-05-10,175.006,
1998-05-11,172.999,
1998-05-12,172.491,
1998-05-13,172.491,
1998-05-14,172.491,
1998-05-15,172.491,
1998-05-16,172.491,
1998-05-17,172.491,
1998-05-18,172.491,
1998-05-19,172.491,
1998-05-20,172.009,
1998-05-21,169.494,
1998-05-22,168.402,
1998-05-23,168.504,
1998-05-24,166.116,
1998-05-25,164.338,
1998-05-26,162.56,
1998-05-27,162.56,
1998-05-28,162.001,
1998-05-29,165.506,
1998-05-30,167.996,
1998-05-31,168.504,
1998-06-01,167.132,
1998-06-02,167.132,
1998-06-03,166.624,
1998-06-04,166.218,
1998-06-05,165.608,
1998-06-06,165.1,
1998-06-07,164.592,
1998-06-08,164.084,
1998-06-09,164.084,
1998-06-10,163.83,
1998-06-11,163.576,
1998-06-12,163.322,
1998-06-13,162.56,
1998-06-14,160.02,
1998-06-15,156.21,
1998-06-16,150.114,
1998-06-17,145.009,
1998-06-18,140.487,
1998-06-19,138.506,
1998-06-20,135.509,
1998-06-21,129.997,
1998-06-22,126.009,
1998-06-23,121.488,
1998-06-24,118.999,
1998-06-25,117.5,
1998-06-26,116.51,
1998-06-27,113.513,
1998-06-28,109.499,
1998-06-29,105.994,
1998-06-30,102.489,
1998-07-01,97.993,
1998-07-02,94.005,
1998-07-03,90.5,
1998-07-04,86.004,
1998-07-05,81.991,
1998-07-06,78.511,
1998-07-07,73.508,
1998-07-08,69.012,
1998-07-09,63.5,
1998-07-10,57.658,
1998-07-11,51.816,
1998-07-12,45.72,
1998-07-13,39.624,
1998-07-14,33.782,
1998-07-15,27.94,
1998-07-16,22.098,
1998-07-17,16.256,
1998-07-18,10.16,
1998-07-19,5.486,
1998-07-20,2.997,
1998-07-21,0.0,
1998-07-22,0.0,
1998-07-23,0.0,
1998-07-24,0.0,
1998-07-25,0.0,
1998-07-26,0.0,
1998-07-27,0.0,
1998-07-28,0.0,
1998-07-29,0.0,
1998-07-30,0.0,
1998-07-31,0.0,
1998-08-01,0.0,
1998-08-02,0.0,
1998-08-03,0.0,
1998-08-04,0.0,
1998-08-05,0.0,
1998-08-06,0.0,
1998-08-07,0.0,
1998-08-08,0.0,
1998-08-09,0.0,
1998-08-10,0.0,
1998-08-11,0.0,
1998-08-12,0.0,
1998-08-13,0.0,
1998-08-14,0.0,
1998-08-15,0.0,
1998-08-16,0.0,
1998-08-17,0.0,
1998-08-18,0.0,
1998-08-19,0.0,
1998-08-20,0.0,
1998-08-21,0.0,
1998-08-22,0.0,
1998-08-23,0.0,
1998-08-24,0.0,
1998-08-25,0.0,
1998-08-26,0.0,
1998-08-27,0.0,
1998-08-28,0.0,
1998-08-29,0.0,
1998-08-30,0.0,
1998-08-31,0.0,
1998-09-01,0.0,
1998-09-02,0.0,
1998-09-03,0.0,
1998-09-04,0.0,
1998-09-05,0.0,
1998-09-06,0.0,
1998-09-07,0.0,
1998-09-08,0.0,
1998-09-09,0.0,
1998-09-10,0.0,
1998-09-11,0.0,
1998-09-12,0.0,
1998-09-13,0.0,
1998-09-14,0.0,
1998-09-15,0.0,
1998-09-16,0.0,
1998-09-17,0.0,
1998-09-18,0.0,
1998-09-19,0.0,
1998-09-20,0.0,
1998-09-21,0.0,
1998-09-22,0.0,
1998-09-23,0.0,
1998-09-24,0.0,
1998-09-25,0.0,
1998-09-26,0.0,
1998-09-27,0.0,
1998-09-28,0.0,
1998-09-29,0.0,
1998-09-30,0.0,
1998-10-01,0.0,
1998-10-02,0.0,
1998-10-03,0.0,
1998-10-04,0.0,
1998-10-05,0.0,
1998-10-06,0.0,
1998-10-07,0.0,
1998-10-08,0.0,
1998-10-09,0.0,
1998-10-10,0.0,
1998-10-11,0.0,
1998-10-12,0.0,
1998-10-13,0.0,
1998-10-14,0.0,
1998-10-15,0.0,
1998-10-16,0.0,
1998-10-17,0.0,
1998-10-18,0.0,
1998-10-19,0.0,
1998-10-20,0.0,
1998-10-21,0.0,
1998-10-22,0.0,
1998-10-23,0.0,
1998-10-24,0.0,
1998-10-25,0.0,
1998-10-26,0.0,
1998-10-27,0.0,
1998-10-28,0.0,
1998-10-29,0.0,
1998-10-30,0.0,
1998-10-31,0.025,
1998-11-01,0.025,
1998-11-02,0.0,
1998-11-03,0.0,
1998-11-04,0.0,
1998-11-05,0.0,
1998-11-06,0.0,
1998-11-07,0.0,
1998-11-08,0.254,
1998-11-09,0.254,
1998-11-10,0.254,
1998-11-11,0.229,
1998-11-12,0.254,
1998-11-13,0.356,
1998-11-14,0.381,
1998-11-15,0.406,
1998-11-16,0.432,
1998-11-17,0.432,
1998-11-18,0.508,
1998-11-19,0.584,
1998-11-20,0.61,
1998-11-21,0.61,
1998-11-22,0.61,
1998-11-23,0.686,
1998-11-24,12.802,
1998-11-25,13.716,
1998-11-26,14.63,
1998-11-27,14.63,
1998-11-28,14.63,
1998-11-29,15.24,
1998-11-30,19.202,
1998-12-01,26.518,
1998-12-02,27.127,
1998-12-03,27.432,
1998-12-04,30.48,
1998-12-05,30.785,
1998-12-06,32.004,
1998-12-07,32.918,
1998-12-08,33.223,
1998-12-09,33.833,
1998-12-10,33.833,
1998-12-11,33.833,
1998-12-12,33.833,
1998-12-13,33.833,
1998-12-14,33.833,
1998-12-15,34.138,
1998-12-16,34.442,
1998-12-17,34.747,
1998-12-18,34.747,
1998-12-19,34.747,
1998-12-20,34.747,
1998-12-21,35.052,
1998-12-22,35.966,
1998-12-23,36.271,
1998-12-24,36.322,
1998-12-25,36.576,
1998-12-26,36.881,
1998-12-27,37.186,
1998-12-28,37.49,
1998-12-29,37.795,
1998-12-30,37.795,
1998-12-31,37.846,
1999-01-01,37.846,
1999-01-02,37.846,
1999-01-03,37.795,
1999-01-04,37.795,
1999-01-05,37.795,
1999-01-06,38.1,
1999-01-07,38.1,
1999-01-08,38.1,
1999-01-09,38.1,
1999-01-10,38.405,
1999-01-11,38.405,
1999-01-12,38.405,
1999-01-13,38.405,
1999-01-14,38.405,
1999-01-15,38.71,
1999-01-16,40.538,
1999-01-17,40.64,
1999-01-18,40.538,
1999-01-19,46.939,
1999-01-20,53.34,
1999-01-21,59.436,
1999-01-22,60.35,
1999-01-23,61.265,
1999-01-24,66.142,
1999-01-25,66.751,
1999-01-26,67.666,
1999-01-27,68.885,
1999-01-28,69.19,
1999-01-29,69.494,
1999-01-30,69.799,
1999-01-31,69.799,
1999-02-01,71.628,
1999-02-02,72.238,
1999-02-03,72.542,
1999-02-04,72.847,
1999-02-05,72.847,
1999-02-06,72.847,
1999-02-07,75.59,
1999-02-08,82.296,
1999-02-09,88.697,
1999-02-10,94.793,
1999-02-11,95.402,
1999-02-12,96.012,
1999-02-13,96.317,
1999-02-14,96.317,
1999-02-15,96.622,
1999-02-16,96.926,
1999-02-17,100.584,
1999-02-18,101.803,
1999-02-19,103.327,
1999-02-20,103.937,
1999-02-21,107.95,
1999-02-22,109.423,
1999-02-23,110.033,
1999-02-24,110.338,
1999-02-25,110.642,
1999-02-26,111.862,
1999-02-27,112.471,
1999-02-28,112.471,
1999-03-01,112.471,
1999-03-02,113.081,
1999-03-03,113.386,
1999-03-04,114.3,
1999-03-05,114.605,
1999-03-06,114.605,
1999-03-07,114.605,
1999-03-08,114.605,
1999-03-09,116.129,
1999-03-10,118.567,
1999-03-11,118.872,
1999-03-12,119.177,
1999-03-13,119.126,
1999-03-14,119.482,
1999-03-15,119.482,
1999-03-16,119.482,
1999-03-17,119.482,
1999-03-18,119.482,
1999-03-19,119.482,
1999-03-20,119.38,
1999-03-21,119.482,
1999-03-22,119.482,
1999-03-23,120.091,
1999-03-24,121.006,
1999-03-25,121.31,
1999-03-26,121.615,
1999-03-27,121.615,
1999-03-28,121.615,
1999-03-29,121.615,
1999-03-30,121.615,
1999-03-31,122.225,
1999-04-01,123.698,
1999-04-02,124.358,
1999-04-03,124.968,
1999-04-04,125.882,
1999-04-05,126.492,
1999-04-06,129.845,
1999-04-07,131.369,
1999-04-08,132.588,
1999-04-09,138.074,
1999-04-10,139.294,
1999-04-11,140.818,
1999-04-12,141.732,
1999-04-13,142.342,
1999-04-14,142.342,
1999-04-15,142.037,
1999-04-16,141.427,
1999-04-17,141.122,
1999-04-18,140.208,
1999-04-19,139.598,
1999-04-20,138.684,
1999-04-21,137.77,
1999-04-22,137.16,
1999-04-23,136.55,
1999-04-24,136.246,
1999-04-25,136.246,
1999-04-26,135.941,
1999-04-27,135.636,
1999-04-28,135.636,
1999-04-29,134.722,
1999-04-30,134.722,
1999-05-01,134.62,
1999-05-02,134.722,
1999-05-03,134.722,
1999-05-04,135.636,
1999-05-05,136.246,
1999-05-06,136.246,
1999-05-07,132.283,
1999-05-08,127.406,
1999-05-09,127.102,
1999-05-10,126.797,
1999-05-11,122.53,
1999-05-12,118.11,
1999-05-13,115.57,
1999-05-14,114.3,
1999-05-15,113.03,
1999-05-16,111.76,
1999-05-17,107.95,
1999-05-18,104.14,
1999-05-19,100.584,
1999-05-20,97.79,
1999-05-21,95.098,
1999-05-22,92.354,
1999-05-23,90.526,
1999-05-24,87.173,
1999-05-25,84.43,
1999-05-26,81.686,
1999-05-27,78.334,
1999-05-28,74.981,
1999-05-29,71.323,
1999-05-30,67.97,
1999-05-31,64.922,
1999-06-01,61.874,
1999-06-02,59.131,
1999-06-03,58.522,
1999-06-04,59.131,
1999-06-05,60.35,
1999-06-06,59.69,
1999-06-07,59.436,
1999-06-08,57.607,
1999-06-09,55.169,
1999-06-10,51.206,
1999-06-11,48.158,
1999-06-12,44.196,
1999-06-13,40.538,
1999-06-14,35.662,
1999-06-15,30.175,
1999-06-16,24.994,
1999-06-17,19.202,
1999-06-18,12.192,
1999-06-19,4.572,
1999-06-20,0.0,
1999-06-21,0.0,
1999-06-22,0.0,
1999-06-23,0.0,
1999-06-24,0.0,
1999-06-25,0.0,
1999-06-26,0.0,
1999-06-27,0.0,
1999-06-28,0.0,
1999-06-29,0.0,
1999-06-30,0.0,
1999-07-01,0.0,
1999-07-02,0.0,
1999-07-03,0.0,
1999-07-04,0.0,
1999-07-05,0.0,
1999-07-06,0.0,
1999-07-07,0.0,
1999-07-08,0.0,
1999-07-09,0.0,
1999-07-10,0.0,
1999-07-11,0.0,
1999-07-12,0.0,
1999-07-13,0.0,
1999-07-14,0.0,
1999-07-15,0.0,
1999-07-16,0.0,
1999-07-17,0.0,
1999-07-18,0.0,
1999-07-19,0.0,
1999-07-20,0.0,
1999-07-21,0.0,
1999-07-22,0.0,
1999-07-23,0.0,
1999-07-24,0.0,
1999-07-25,0.0,
1999-07-26,0.0,
1999-07-27,0.0,
1999-07-28,0.0,
1999-07-29,0.0,
1999-07-30,0.0,
1999-07-31,0.0,
1999-08-01,0.0,
1999-08-02,0.0,
1999-08-03,0.0,
1999-08-04,0.0,
1999-08-05,0.0,
1999-08-06,0.0,
1999-08-07,0.0,
1999-08-08,0.0,
1999-08-09,0.0,
1999-08-10,0.0,
1999-08-11,0.0,
1999-08-12,0.0,
1999-08-13,0.0,
1999-08-14,0.0,
1999-08-15,0.0,
1999-08-16,0.0,
1999-08-17,0.0,
1999-08-18,0.0,
1999-08-19,0.0,
1999-08-20,0.0,
1999-08-21,0.0,
1999-08-22,0.0,
1999-08-23,0.0,
1999-08-24,0.0,
1999-08-25,0.0,
1999-08-26,0.0,
1999-08-27,0.0,
1999-08-28,0.0,
1999-08-29,0.0,
1999-08-30,0.0,
1999-08-31,0.0,
1999-09-01,0.0,
1999-09-02,0.0,
1999-09-03,0.0,
1999-09-04,0.0,
1999-09-05,0.0,
1999-09-06,0.0,
1999-09-07,0.0,
1999-09-08,0.0,
1999-09-09,0.0,
1999-09-10,0.0,
1999-09-11,0.0,
1999-09-12,0.0,
1999-09-13,0.0,
1999-09-14,0.0,
1999-09-15,0.0,
1999-09-16,0.0,
1999-09-17,0.0,
1999-09-18,0.0,
1999-09-19,0.0,
1999-09-20,0.0,
1999-09-21,0.0,
1999-09-22,0.0,
1999-09-23,0.0,
1999-09-24,0.0,
1999-09-25,0.0,
1999-09-26,0.0,
1999-09-27,0.0,
1999-09-28,0.0,
1999-09-29,0.0,
1999-09-30,0.0,
1999-10-01,0.0,
1999-10-02,0.0,
1999-10-03,0.0,
1999-10-04,0.0,
1999-10-05,0.0,
1999-10-06,0.0,
1999-10-07,0.0,
1999-10-08,0.0,
1999-10-09,0.0,
1999-10-10,0.0,
1999-10-11,0.0,
1999-10-12,0.0,
1999-10-13,0.0,
1999-10-14,0.0,
1999-10-15,0.0,
1999-10-16,0.0,
1999-10-17,0.0,
1999-10-18,0.0,
1999-10-19,0.0,
1999-10-20,0.0,
1999-10-21,0.0,
1999-10-22,0.0,
1999-10-23,0.0,
1999-10-24,0.0,
1999-10-25,0.0,
1999-10-26,0.0,
1999-10-27,0.0,
1999-10-28,0.0,
1999-10-29,0.0,
1999-10-30,0.0,
1999-10-31,0.0,
1999-11-01,0.0,
1999-11-02,0.0,
1999-11-03,0.0,
1999-11-04,0.0,
1999-11-05,0.0,
1999-11-06,0.0,
1999-11-07,0.0,
1999-11-08,1.27,
1999-11-09,3.658,
1999-11-10,3.962,
1999-11-11,3.962,
1999-11-12,3.962,
1999-11-13,3.962,
1999-11-14,3.962,
1999-11-15,3.962,
1999-11-16,3.962,
1999-11-17,4.572,
1999-11-18,4.877,
1999-11-19,5.182,
1999-11-20,7.01,
1999-11-21,7.315,
1999-11-22,7.62,
1999-11-23,8.23,
1999-11-24,8.23,
1999-11-25,8.534,
1999-11-26,8.534,
1999-11-27,8.534,
1999-11-28,8.534,
1999-11-29,8.534,
1999-11-30,8.534,
1999-12-01,8.534,
1999-12-02,8.839,
1999-12-03,8.839,
1999-12-04,9.449,
1999-12-05,9.449,
1999-12-06,9.449,
1999-12-07,9.449,
1999-12-08,9.449,
1999-12-09,9.449,
1999-12-10,9.449,
1999-12-11,9.449,
1999-12-12,9.449,
1999-12-13,9.449,
1999-12-14,9.449,
1999-12-15,9.449,
1999-12-16,9.754,
1999-12-17,9.754,
1999-12-18,9.754,
1999-12-19,9.754,
1999-12-20,9.754,
1999-12-21,9.754,
1999-12-22,9.754,
1999-12-23,9.754,
1999-12-24,10.058,
1999-12-25,10.058,
1999-12-26,10.363,
1999-12-27,10.668,
1999-12-28,11.887,
1999-12-29,12.802,
1999-12-30,13.106,
1999-12-31,13.716,
2000-01-01,13.716,
2000-01-02,14.326,
2000-01-03,15.24,
2000-01-04,16.154,
2000-01-05,16.154,
2000-01-06,17.069,
2000-01-07,17.069,
2000-01-08,17.069,
2000-01-09,17.069,
2000-01-10,17.069,
2000-01-11,17.069,
2000-01-12,17.983,
2000-01-13,17.983,
2000-01-14,17.678,
2000-01-15,17.678,
2000-01-16,19.812,
2000-01-17,22.86,
2000-01-18,25.908,
2000-01-19,30.175,
2000-01-20,31.394,
2000-01-21,32.004,
2000-01-22,32.004,
2000-01-23,32.004,
2000-01-24,35.662,
2000-01-25,46.025,
2000-01-26,48.463,
2000-01-27,49.073,
2000-01-28,49.073,
2000-01-29,49.378,
2000-01-30,49.378,
2000-01-31,52.73,
2000-02-01,53.645,
2000-02-02,53.95,
2000-02-03,54.254,
2000-02-04,54.254,
2000-02-05,54.559,
2000-02-06,54.559,
2000-02-07,54.559,
2000-02-08,54.254,
2000-02-09,53.645,
2000-02-10,53.645,
2000-02-11,55.474,
2000-02-12,58.826,
2000-02-13,60.96,
2000-02-14,69.799,
2000-02-15,73.152,
2000-02-16,73.762,
2000-02-17,75.59,
2000-02-18,75.59,
2000-02-19,75.59,
2000-02-20,75.59,
2000-02-21,76.81,
2000-02-22,77.114,
2000-02-23,80.162,
2000-02-24,83.82,
2000-02-25,84.43,
2000-02-26,85.039,
2000-02-27,88.087,
2000-02-28,95.707,
2000-02-29,96.622,
2000-03-01,99.67,
2000-03-02,100.279,
2000-03-03,100.279,
2000-03-04,100.584,
2000-03-05,100.584,
2000-03-06,102.108,
2000-03-07,103.327,
2000-03-08,105.156,
2000-03-09,108.204,
2000-03-10,109.728,
2000-03-11,110.338,
2000-03-12,110.338,
2000-03-13,110.338,
2000-03-14,110.338,
2000-03-15,110.033,
2000-03-16,110.033,
2000-03-17,109.423,
2000-03-18,109.118,
2000-03-19,108.814,
2000-03-20,108.204,
2000-03-21,107.29,
2000-03-22,106.985,
2000-03-23,106.985,
2000-03-24,106.985,
2000-03-25,106.375,
2000-03-26,106.07,
2000-03-27,105.766,
2000-03-28,104.851,
2000-03-29,104.242,
2000-03-30,103.632,
2000-03-31,103.022,
2000-04-01,102.413,
2000-04-02,102.108,
2000-04-03,99.974,
2000-04-04,97.231,
2000-04-05,96.317,
2000-04-06,95.707,
2000-04-07,95.098,
2000-04-08,94.488,
2000-04-09,93.218,
2000-04-10,91.694,
2000-04-11,89.916,
2000-04-12,88.697,
2000-04-13,86.868,
2000-04-14,86.868,
2000-04-15,89.002,
2000-04-16,89.916,
2000-04-17,92.05,
2000-04-18,96.317,
2000-04-19,97.841,
2000-04-20,98.755,
2000-04-21,97.841,
2000-04-22,97.231,
2000-04-23,96.012,
2000-04-24,95.25,
2000-04-25,92.05,
2000-04-26,90.17,
2000-04-27,89.154,
2000-04-28,88.138,
2000-04-29,86.868,
2000-04-30,85.039,
2000-05-01,83.82,
2000-05-02,82.906,
2000-05-03,82.296,
2000-05-04,81.686,
2000-05-05,81.382,
2000-05-06,81.077,
2000-05-07,82.296,
2000-05-08,82.296,
2000-05-09,80.772,
2000-05-10,80.772,
2000-05-11,80.772,
2000-05-12,80.772,
2000-05-13,80.772,
2000-05-14,80.467,
2000-05-15,79.858,
2000-05-16,80.162,
2000-05-17,82.296,
2000-05-18,81.686,
2000-05-19,79.248,
2000-05-20,76.81,
2000-05-21,74.981,
2000-05-22,72.542,
2000-05-23,70.409,
2000-05-24,68.275,
2000-05-25,65.227,
2000-05-26,62.179,
2000-05-27,59.131,
2000-05-28,55.169,
2000-05-29,51.816,
2000-05-30,48.158,
2000-05-31,45.11,
2000-06-01,41.758,
2000-06-02,38.71,
2000-06-03,34.442,
2000-06-04,29.87,
2000-06-05,24.689,
2000-06-06,19.812,
2000-06-07,14.63,
2000-06-08,9.144,
2000-06-09,10.058,
2000-06-10,9.754,
2000-06-11,6.706,
2000-06-12,3.048,
2000-06-13,0.0,
2000-06-14,0.0,
2000-06-15,0.0,
2000-06-16,0.0,
2000-06-17,0.0,
2000-06-18,0.0,
2000-06-19,0.0,
2000-06-20,0.0,
2000-06-21,0.0,
2000-06-22,0.0,
2000-06-23,0.0,
2000-06-24,0.0,
2000-06-25,0.0,
2000-06-26,0.0,
2000-06-27,0.0,
2000-06-28,0.0,
2000-06-29,0.0,
2000-06-30,0.0,
2000-07-01,0.0,
2000-07-02,0.0,
2000-07-03,0.0,
2000-07-04,0.0,
2000-07-05,0.0,
2000-07-06,0.0,
2000-07-07,0.0,
2000-07-08,0.0,
2000-07-09,0.0,
2000-07-10,0.0,
2000-07-11,0.0,
2000-07-12,0.0,
2000-07-13,0.0,
2000-07-14,0.0,
2000-07-15,0.0,
2000-07-16,0.0,
2000-07-17,0.0,
2000-07-18,0.0,
2000-07-19,0.0,
2000-07-20,0.0,
2000-07-21,0.0,
2000-07-22,0.0,
2000-07-23,0.0,
2000-07-24,0.0,
2000-07-25,0.0,
2000-07-26,0.0,
2000-07-27,0.0,
2000-07-28,0.0,
2000-07-29,0.0,
2000-07-30,0.0,
2000-07-31,0.0,
2000-08-01,0.0,
2000-08-02,0.0,
2000-08-03,0.0,
2000-08-04,0.0,
2000-08-05,0.0,
2000-08-06,0.0,
2000-08-07,0.0,
2000-08-08,0.0,
2000-08-09,0.0,
2000-08-10,0.0,
2000-08-11,0.0,
2000-08-12,0.0,
2000-08-13,0.0,
2000-08-14,0.0,
2000-08-15,0.0,
2000-08-16,0.0,
2000-08-17,0.0,
2000-08-18,0.0,
2000-08-19,0.0,
2000-08-20,0.0,
2000-08-21,0.0,
2000-08-22,0.0,
2000-08-23,0.0,
2000-08-24,0.0,
2000-08-25,0.0,
2000-08-26,0.0,
2000-08-27,0.0,
2000-08-28,0.0,
2000-08-29,0.0,
2000-08-30,0.0,
2000-08-31,0.0,
2000-09-01,0.0,
2000-09-02,0.0,
2000-09-03,0.0,
2000-09-04,0.0,
2000-09-05,0.0,
2000-09-06,0.0,
2000-09-07,0.0,
2000-09-08,0.0,
2000-09-09,0.0,
2000-09-10,0.0,
2000-09-11,0.0,
2000-09-12,0.0,
2000-09-13,0.0,
2000-09-14,0.0,
2000-09-15,0.0,
2000-09-16,0.0,
2000-09-17,0.0,
2000-09-18,0.0,
2000-09-19,0.0,
2000-09-20,0.0,
2000-09-21,0.0,
2000-09-22,0.0,
2000-09-23,0.0,
2000-09-24,0.0,
2000-09-25,0.0,
2000-09-26,0.0,
2000-09-27,0.0,
2000-09-28,0.0,
2000-09-29,0.0,
2000-09-30,0.0,
2000-10-01,0.0,
2000-10-02,0.0,
2000-10-03,0.0,
2000-10-04,0.0,
2000-10-05,0.0,
2000-10-06,0.0,
2000-10-07,0.0,
2000-10-08,0.0,
2000-10-09,0.0,
2000-10-10,0.61,
2000-10-11,2.743,
2000-10-12,2.743,
2000-10-13,3.048,
2000-10-14,3.353,
2000-10-15,3.353,
2000-10-16,2.743,
2000-10-17,2.134,
2000-10-18,1.829,
2000-10-19,1.524,
2000-10-20,1.524,
2000-10-21,1.219,
2000-10-22,1.219,
2000-10-23,0.914,
2000-10-24,0.914,
2000-10-25,0.914,
2000-10-26,1.829,
2000-10-27,2.743,
2000-10-28,3.353,
2000-10-29,7.01,
2000-10-30,9.754,
2000-10-31,10.058,
2000-11-01,10.668,
2000-11-02,10.668,
2000-11-03,10.668,
2000-11-04,10.668,
2000-11-05,10.668,
2000-11-06,10.668,
2000-11-07,10.668,
2000-11-08,10.363,
2000-11-09,10.363,
2000-11-10,10.668,
2000-11-11,10.973,
2000-11-12,11.278,
2000-11-13,11.582,
2000-11-14,11.582,
2000-11-15,11.887,
2000-11-16,12.192,
2000-11-17,12.192,
2000-11-18,12.497,
2000-11-19,12.497,
2000-11-20,12.497,
2000-11-21,12.497,
2000-11-22,12.497,
2000-11-23,12.497,
2000-11-24,12.497,
2000-11-25,12.497,
2000-11-26,12.497,
2000-11-27,12.497,
2000-11-28,12.497,
2000-11-29,12.497,
2000-11-30,13.716,
2000-12-01,14.326,
2000-12-02,14.326,
2000-12-03,14.326,
2000-12-04,14.63,
2000-12-05,14.63,
2000-12-06,14.63,
2000-12-07,14.63,
2000-12-08,14.63,
2000-12-09,14.63,
2000-12-10,14.63,
2000-12-11,14.63,
2000-12-12,15.24,
2000-12-13,16.459,
2000-12-14,17.374,
2000-12-15,19.507,
2000-12-16,20.117,
2000-12-17,20.422,
2000-12-18,20.422,
2000-12-19,20.726,
2000-12-20,20.726,
2000-12-21,20.726,
2000-12-22,20.726,
2000-12-23,20.422,
2000-12-24,20.422,
2000-12-25,20.422,
2000-12-26,20.422,
2000-12-27,20.422,
2000-12-28,20.422,
2000-12-29,20.422,
2000-12-30,20.422,
2000-12-31,20.422,
2001-01-01,20.422,
2001-01-02,20.422,
2001-01-03,20.422,
2001-01-04,20.422,
2001-01-05,20.422,
2001-01-06,20.422,
2001-01-07,20.422,
2001-01-08,20.422,
2001-01-09,20.422,
2001-01-10,20.726,
2001-01-11,27.737,
2001-01-12,30.175,
2001-01-13,30.785,
2001-01-14,30.785,
2001-01-15,30.785,
2001-01-16,30.785,
2001-01-17,31.09,
2001-01-18,31.09,
2001-01-19,31.394,
2001-01-20,31.394,
2001-01-21,31.394,
2001-01-22,31.699,
2001-01-23,31.699,
2001-01-24,34.138,
2001-01-25,36.271,
2001-01-26,38.1,
2001-01-27,38.71,
2001-01-28,39.014,
2001-01-29,39.014,
2001-01-30,39.319,
2001-01-31,39.319,
2001-02-01,39.294,
2001-02-02,39.319,
2001-02-03,39.624,
2001-02-04,39.624,
2001-02-05,39.624,
2001-02-06,39.624,
2001-02-07,39.624,
2001-02-08,39.624,
2001-02-09,39.624,
2001-02-10,42.977,
2001-02-11,46.33,
2001-02-12,49.682,
2001-02-13,49.682,
2001-02-14,49.682,
2001-02-15,49.987,
2001-02-16,49.987,
2001-02-17,49.987,
2001-02-18,49.987,
2001-02-19,50.292,
2001-02-20,56.388,
2001-02-21,58.217,
2001-02-22,60.046,
2001-02-23,62.179,
2001-02-24,62.484,
2001-02-25,65.837,
2001-02-26,66.446,
2001-02-27,66.446,
2001-02-28,66.446,
2001-03-01,66.446,
2001-03-02,66.446,
2001-03-03,67.666,
2001-03-04,67.97,
2001-03-05,75.59,
2001-03-06,78.638,
2001-03-07,78.943,
2001-03-08,78.943,
2001-03-09,78.943,
2001-03-10,78.943,
2001-03-11,78.943,
2001-03-12,78.943,
2001-03-13,78.943,
2001-03-14,78.943,
2001-03-15,78.943,
2001-03-16,78.943,
2001-03-17,78.638,
2001-03-18,78.638,
2001-03-19,78.334,
2001-03-20,78.029,
2001-03-21,77.419,
2001-03-22,76.2,
2001-03-23,75.59,
2001-03-24,75.184,
2001-03-25,74.93,
2001-03-26,74.676,
2001-03-27,74.066,
2001-03-28,71.323,
2001-03-29,70.104,
2001-03-30,69.19,
2001-03-31,68.275,
2001-04-01,67.666,
2001-04-02,67.056,
2001-04-03,66.142,
2001-04-04,66.142,
2001-04-05,66.142,
2001-04-06,66.142,
2001-04-07,68.58,
2001-04-08,70.714,
2001-04-09,71.628,
2001-04-10,72.238,
2001-04-11,72.238,
2001-04-12,73.152,
2001-04-13,73.762,
2001-04-14,74.066,
2001-04-15,74.066,
2001-04-16,72.847,
2001-04-17,68.885,
2001-04-18,69.799,
2001-04-19,71.628,
2001-04-20,75.895,
2001-04-21,81.077,
2001-04-22,81.991,
2001-04-23,82.601,
2001-04-24,81.28,
2001-04-25,80.264,
2001-04-26,78.74,
2001-04-27,77.419,
2001-04-28,76.505,
2001-04-29,75.895,
2001-04-30,74.066,
2001-05-01,72.542,
2001-05-02,69.799,
2001-05-03,67.97,
2001-05-04,67.056,
2001-05-05,65.227,
2001-05-06,64.008,
2001-05-07,60.35,
2001-05-08,57.912,
2001-05-09,54.864,
2001-05-10,52.121,
2001-05-11,49.682,
2001-05-12,46.634,
2001-05-13,44.806,
2001-05-14,42.367,
2001-05-15,40.234,
2001-05-16,38.71,
2001-05-17,35.966,
2001-05-18,33.223,
2001-05-19,29.87,
2001-05-20,27.127,
2001-05-21,23.774,
2001-05-22,19.202,
2001-05-23,14.021,
2001-05-24,7.925,
2001-05-25,3.353,
2001-05-26,0.0,
2001-05-27,0.0,
2001-05-28,0.0,
2001-05-29,0.0,
2001-05-30,0.0,
2001-05-31,0.0,
2001-06-01,0.61,
2001-06-02,0.0,
2001-06-03,0.0,
2001-06-04,0.0,
2001-06-05,0.0,
2001-06-06,0.0,
2001-06-07,0.0,
2001-06-08,0.0,
2001-06-09,0.0,
2001-06-10,0.0,
2001-06-11,0.0,
2001-06-12,0.0,
2001-06-13,0.0,
2001-06-14,0.0,
2001-06-15,0.0,
2001-06-16,0.0,
2001-06-17,0.0,
2001-06-18,0.0,
2001-06-19,0.0,
2001-06-20,0.0,
2001-06-21,0.0,
2001-06-22,0.0,
2001-06-23,0.0,
2001-06-24,0.0,
2001-06-25,0.0,
2001-06-26,0.0,
2001-06-27,0.0,
2001-06-28,0.0,
2001-06-29,0.0,
2001-06-30,0.0,
2001-07-01,0.0,
2001-07-02,0.0,
2001-07-03,0.0,
2001-07-04,0.0,
2001-07-05,0.0,
2001-07-06,0.0,
2001-07-07,0.0,
2001-07-08,0.0,
2001-07-09,0.0,
2001-07-10,0.0,
2001-07-11,0.0,
2001-07-12,0.0,
2001-07-13,0.0,
2001-07-14,0.0,
2001-07-15,0.0,
2001-07-16,0.0,
2001-07-17,0.0,
2001-07-18,0.0,
2001-07-19,0.0,
2001-07-20,0.0,
2001-07-21,0.0,
2001-07-22,0.0,
2001-07-23,0.0,
2001-07-24,0.0,
2001-07-25,0.0,
2001-07-26,0.0,
2001-07-27,0.0,
2001-07-28,0.0,
2001-07-29,0.0,
2001-07-30,0.0,
2001-07-31,0.0,
2001-08-01,0.0,
2001-08-02,0.0,
2001-08-03,0.0,
2001-08-04,0.0,
2001-08-05,0.0,
2001-08-06,0.0,
2001-08-07,0.0,
2001-08-08,0.0,
2001-08-09,0.0,
2001-08-10,0.0,
2001-08-11,0.0,
2001-08-12,0.0,
2001-08-13,0.0,
2001-08-14,0.0,
2001-08-15,0.0,
2001-08-16,0.0,
2001-08-17,0.0,
2001-08-18,0.0,
2001-08-19,0.0,
2001-08-20,0.0,
2001-08-21,0.0,
2001-08-22,0.0,
2001-08-23,0.0,
2001-08-24,0.0,
2001-08-25,0.0,
2001-08-26,0.0,
2001-08-27,0.0,
2001-08-28,0.0,
2001-08-29,0.0,
2001-08-30,0.0,
2001-08-31,0.0,
2001-09-01,0.0,
2001-09-02,0.0,
2001-09-03,0.0,
2001-09-04,0.0,
2001-09-05,0.0,
2001-09-06,0.0,
2001-09-07,0.0,
2001-09-08,0.0,
2001-09-09,0.0,
2001-09-10,0.0,
2001-09-11,0.0,
2001-09-12,0.0,
2001-09-13,0.0,
2001-09-14,0.0,
2001-09-15,0.0,
2001-09-16,0.0,
2001-09-17,0.0,
2001-09-18,0.0,
2001-09-19,0.0,
2001-09-20,0.0,
2001-09-21,0.0,
2001-09-22,0.0,
2001-09-23,0.0,
2001-09-24,0.0,
2001-09-25,0.0,
2001-09-26,0.0,
2001-09-27,0.0,
2001-09-28,0.0,
2001-09-29,0.0,
2001-09-30,0.0,
2001-10-01,0.0,
2001-10-02,0.0,
2001-10-03,0.0,
2001-10-04,0.0,
2001-10-05,0.0,
2001-10-06,0.0,
2001-10-07,0.0,
2001-10-08,0.0,
2001-10-09,0.0,
2001-10-10,0.0,
2001-10-11,0.0,
2001-10-12,0.0,
2001-10-13,0.0,
2001-10-14,0.0,
2001-10-15,0.0,
2001-10-16,0.0,
2001-10-17,0.0,
2001-10-18,0.0,
2001-10-19,0.0,
2001-10-20,0.0,
2001-10-21,0.0,
2001-10-22,0.0,
2001-10-23,0.0,
2001-10-24,0.0,
2001-10-25,0.0,
2001-10-26,0.0,
2001-10-27,0.0,
2001-10-28,0.0,
2001-10-29,0.0,
2001-10-30,0.0,
2001-10-31,0.61,
2001-11-01,1.219,
2001-11-02,1.524,
2001-11-03,1.524,
2001-11-04,1.524,
2001-11-05,1.524,
2001-11-06,1.524,
2001-11-07,1.524,
2001-11-08,1.524,
2001-11-09,1.524,
2001-11-10,1.219,
2001-11-11,1.219,
2001-11-12,1.829,
2001-11-13,3.962,
2001-11-14,4.572,
2001-11-15,5.182,
2001-11-16,5.182,
2001-11-17,5.182,
2001-11-18,5.182,
2001-11-19,5.182,
2001-11-20,5.182,
2001-11-21,5.182,
2001-11-22,7.925,
2001-11-23,10.058,
2001-11-24,10.058,
2001-11-25,17.374,
2001-11-26,17.678,
2001-11-27,17.678,
2001-11-28,17.678,
2001-11-29,19.812,
2001-11-30,21.641,
2001-12-01,22.555,
2001-12-02,29.261,
2001-12-03,38.1,
2001-12-04,38.71,
2001-12-05,39.014,
2001-12-06,39.929,
2001-12-07,40.538,
2001-12-08,40.538,
2001-12-09,40.843,
2001-12-10,41.148,
2001-12-11,41.148,
2001-12-12,41.148,
2001-12-13,41.148,
2001-12-14,41.758,
2001-12-15,43.891,
2001-12-16,43.891,
2001-12-17,44.196,
2001-12-18,45.11,
2001-12-19,45.415,
2001-12-20,45.72,
2001-12-21,48.768,
2001-12-22,49.378,
2001-12-23,51.511,
2001-12-24,52.121,
2001-12-25,52.121,
2001-12-26,52.121,
2001-12-27,52.426,
2001-12-28,52.73,
2001-12-29,55.474,
2001-12-30,58.217,
2001-12-31,60.35,
2002-01-01,60.655,
2002-01-02,60.655,
2002-01-03,64.313,
2002-01-04,64.618,
2002-01-05,64.618,
2002-01-06,64.618,
2002-01-07,65.227,
2002-01-08,65.227,
2002-01-09,65.227,
2002-01-10,65.532,
2002-01-11,65.532,
2002-01-12,65.532,
2002-01-13,65.532,
2002-01-14,65.837,
2002-01-15,65.837,
2002-01-16,65.837,
2002-01-17,65.837,
2002-01-18,65.532,
2002-01-19,65.532,
2002-01-20,65.532,
2002-01-21,65.532,
2002-01-22,65.532,
2002-01-23,65.532,
2002-01-24,65.532,
2002-01-25,65.532,
2002-01-26,65.532,
2002-01-27,65.837,
2002-01-28,66.142,
2002-01-29,67.056,
2002-01-30,67.361,
2002-01-31,67.97,
2002-02-01,67.97,
2002-02-02,67.97,
2002-02-03,67.97,
2002-02-04,67.97,
2002-02-05,67.97,
2002-02-06,67.97,
2002-02-07,67.97,
2002-02-08,68.58,
2002-02-09,69.19,
2002-02-10,69.799,
2002-02-11,70.104,
2002-02-12,70.104,
2002-02-13,70.104,
2002-02-14,70.104,
2002-02-15,70.104,
2002-02-16,70.104,
2002-02-17,70.714,
2002-02-18,73.457,
2002-02-19,74.066,
2002-02-20,76.505,
2002-02-21,77.419,
2002-02-22,77.724,
2002-02-23,77.724,
2002-02-24,77.724,
2002-02-25,78.029,
2002-02-26,78.334,
2002-02-27,78.334,
2002-02-28,78.334,
2002-03-01,78.334,
2002-03-02,78.334,
2002-03-03,78.334,
2002-03-04,78.638,
2002-03-05,78.638,
2002-03-06,78.638,
2002-03-07,82.296,
2002-03-08,86.868,
2002-03-09,88.087,
2002-03-10,88.087,
2002-03-11,89.306,
2002-03-12,89.916,
2002-03-13,89.916,
2002-03-14,89.916,
2002-03-15,89.916,
2002-03-16,89.916,
2002-03-17,90.526,
2002-03-18,91.44,
2002-03-19,92.05,
2002-03-20,92.05,
2002-03-21,92.05,
2002-03-22,92.05,
2002-03-23,92.05,
2002-03-24,95.402,
2002-03-25,96.317,
2002-03-26,96.622,
2002-03-27,96.622,
2002-03-28,96.622,
2002-03-29,96.317,
2002-03-30,94.488,
2002-03-31,92.659,
2002-04-01,89.611,
2002-04-02,85.344,
2002-04-03,82.601,
2002-04-04,81.991,
2002-04-05,81.686,
2002-04-06,81.686,
2002-04-07,81.686,
2002-04-08,80.467,
2002-04-09,80.162,
2002-04-10,80.162,
2002-04-11,78.638,
2002-04-12,78.638,
2002-04-13,78.029,
2002-04-14,77.724,
2002-04-15,76.505,
2002-04-16,75.59,
2002-04-17,76.81,
2002-04-18,78.029,
2002-04-19,79.248,
2002-04-20,79.553,
2002-04-21,79.553,
2002-04-22,79.248,
2002-04-23,76.505,
2002-04-24,76.2,
2002-04-25,75.895,
2002-04-26,75.59,
2002-04-27,76.81,
2002-04-28,77.724,
2002-04-29,78.638,
2002-04-30,79.858,
2002-05-01,81.077,
2002-05-02,81.382,
2002-05-03,81.382,
2002-05-04,79.858,
2002-05-05,77.114,
2002-05-06,76.505,
2002-05-07,75.59,
2002-05-08,73.152,
2002-05-09,71.933,
2002-05-10,70.714,
2002-05-11,68.58,
2002-05-12,67.361,
2002-05-13,66.142,
2002-05-14,63.703,
2002-05-15,60.96,
2002-05-16,58.217,
2002-05-17,55.169,
2002-05-18,51.816,
2002-05-19,47.854,
2002-05-20,46.025,
2002-05-21,47.244,
2002-05-22,48.768,
2002-05-23,49.073,
2002-05-24,48.158,
2002-05-25,47.244,
2002-05-26,45.415,
2002-05-27,42.367,
2002-05-28,39.319,
2002-05-29,35.662,
2002-05-30,31.09,
2002-05-31,25.603,
2002-06-01,20.117,
2002-06-02,15.545,
2002-06-03,11.887,
2002-06-04,5.182,
2002-06-05,2.743,
2002-06-06,0.0,
2002-06-07,0.0,
2002-06-08,0.0,
2002-06-09,0.0,
2002-06-10,0.0,
2002-06-11,0.0,
2002-06-12,0.0,
2002-06-13,0.0,
2002-06-14,0.0,
2002-06-15,0.0,
2002-06-16,0.0,
2002-06-17,0.0,
2002-06-18,0.0,
2002-06-19,0.0,
2002-06-20,0.0,
2002-06-21,0.0,
2002-06-22,0.0,
2002-06-23,0.0,
2002-06-24,0.0,
2002-06-25,0.0,
2002-06-26,0.0,
2002-06-27,0.0,
2002-06-28,0.0,
2002-06-29,0.0,
2002-06-30,0.0,
2002-07-01,0.0,
2002-07-02,0.0,
2002-07-03,0.0,
2002-07-04,0.0,
2002-07-05,0.0,
2002-07-06,0.0,
2002-07-07,0.0,
2002-07-08,0.0,
2002-07-09,0.0,
2002-07-10,0.0,
2002-07-11,0.0,
2002-07-12,0.0,
2002-07-13,0.0,
2002-07-14,0.0,
2002-07-15,0.0,
2002-07-16,0.0,
2002-07-17,0.0,
2002-07-18,0.0,
2002-07-19,0.0,
2002-07-20,0.0,
2002-07-21,0.0,
2002-07-22,0.0,
2002-07-23,0.0,
2002-07-24,0.0,
2002-07-25,0.0,
2002-07-26,0.0,
2002-07-27,0.0,
2002-07-28,0.0,
2002-07-29,0.0,
2002-07-30,0.0,
2002-07-31,0.0,
2002-08-01,0.0,
2002-08-02,0.0,
2002-08-03,0.0,
2002-08-04,0.0,
2002-08-05,0.0,
2002-08-06,0.0,
2002-08-07,0.0,
2002-08-08,0.0,
2002-08-09,0.0,
2002-08-10,0.0,
2002-08-11,0.0,
2002-08-12,0.0,
2002-08-13,0.0,
2002-08-14,0.0,
2002-08-15,0.0,
2002-08-16,0.0,
2002-08-17,0.0,
2002-08-18,0.0,
2002-08-19,0.0,
2002-08-20,0.0,
2002-08-21,0.0,
2002-08-22,0.0,
2002-08-23,0.0,
2002-08-24,0.0,
2002-08-25,0.0,
2002-08-26,0.0,
2002-08-27,0.0,
2002-08-28,0.0,
2002-08-29,0.0,
2002-08-30,0.0,
2002-08-31,0.0,
2002-09-01,0.0,
2002-09-02,0.0,
2002-09-03,0.0,
2002-09-04,0.0,
2002-09-05,0.0,
2002-09-06,0.0,
2002-09-07,0.0,
2002-09-08,0.0,
2002-09-09,0.0,
2002-09-10,0.0,
2002-09-11,0.0,
2002-09-12,0.0,
2002-09-13,0.0,
2002-09-14,0.0,
2002-09-15,0.0,
2002-09-16,0.0,
2002-09-17,0.0,
2002-09-18,0.0,
2002-09-19,0.0,
2002-09-20,0.0,
2002-09-21,0.0,
2002-09-22,0.0,
2002-09-23,0.0,
2002-09-24,0.0,
2002-09-25,0.0,
2002-09-26,0.0,
2002-09-27,0.0,
2002-09-28,0.0,
2002-09-29,0.0,
2002-09-30,0.0,
2002-10-01,0.0,
2002-10-02,0.0,
2002-10-03,0.0,
2002-10-04,0.0,
2002-10-05,0.0,
2002-10-06,0.0,
2002-10-07,0.0,
2002-10-08,0.0,
2002-10-09,0.0,
2002-10-10,0.0,
2002-10-11,0.0,
2002-10-12,0.0,
2002-10-13,0.0,
2002-10-14,0.0,
2002-10-15,0.0,
2002-10-16,0.0,
2002-10-17,0.0,
2002-10-18,0.0,
2002-10-19,0.0,
2002-10-20,0.0,
2002-10-21,0.0,
2002-10-22,0.0,
2002-10-23,0.0,
2002-10-24,0.0,
2002-10-25,0.0,
2002-10-26,0.0,
2002-10-27,0.0,
2002-10-28,0.0,
2002-10-29,0.0,
2002-10-30,0.0,
2002-10-31,0.0,
2002-11-01,0.0,
2002-11-02,0.0,
2002-11-03,0.0,
2002-11-04,0.0,
2002-11-05,0.0,
2002-11-06,0.0,
2002-11-07,0.0,
2002-11-08,7.569,
2002-11-09,14.58,
2002-11-10,15.494,
2002-11-11,16.713,
2002-11-12,17.323,
2002-11-13,17.78,
2002-11-14,17.78,
2002-11-15,17.78,
2002-11-16,17.78,
2002-11-17,17.78,
2002-11-18,17.78,
2002-11-19,17.78,
2002-11-20,17.78,
2002-11-21,17.78,
2002-11-22,17.78,
2002-11-23,17.78,
2002-11-24,17.78,
2002-11-25,17.78,
2002-11-26,17.78,
2002-11-27,17.78,
2002-11-28,17.78,
2002-11-29,17.78,
2002-11-30,17.78,
2002-12-01,17.78,
2002-12-02,17.78,
2002-12-03,17.78,
2002-12-04,17.78,
2002-12-05,17.78,
2002-12-06,17.78,
2002-12-07,17.78,
2002-12-08,17.78,
2002-12-09,17.78,
2002-12-10,17.78,
2002-12-11,17.78,
2002-12-12,17.628,
2002-12-13,17.323,
2002-12-14,18.237,
2002-12-15,20.371,
2002-12-16,23.114,
2002-12-17,33.172,
2002-12-18,37.135,
2002-12-19,37.744,
2002-12-20,41.402,
2002-12-21,43.536,
2002-12-22,44.45,
2002-12-23,45.06,
2002-12-24,45.364,
2002-12-25,45.669,
2002-12-26,45.974,
2002-12-27,46.584,
2002-12-28,46.584,
2002-12-29,49.936,
2002-12-30,51.46,
2002-12-31,53.289,
2003-01-01,55.118,
2003-01-02,55.423,
2003-01-03,55.423,
2003-01-04,55.423,
2003-01-05,55.423,
2003-01-06,55.423,
2003-01-07,55.423,
2003-01-08,55.423,
2003-01-09,55.423,
2003-01-10,55.423,
2003-01-11,55.423,
2003-01-12,55.423,
2003-01-13,55.423,
2003-01-14,55.88,
2003-01-15,55.88,
2003-01-16,55.88,
2003-01-17,55.88,
2003-01-18,55.88,
2003-01-19,55.88,
2003-01-20,55.88,
2003-01-21,55.88,
2003-01-22,55.88,
2003-01-23,56.642,
2003-01-24,57.404,
2003-01-25,57.404,
2003-01-26,57.404,
2003-01-27,57.404,
2003-01-28,57.404,
2003-01-29,57.404,
2003-01-30,57.404,
2003-01-31,57.404,
2003-02-01,57.404,
2003-02-02,57.404,
2003-02-03,57.404,
2003-02-04,57.404,
2003-02-05,57.404,
2003-02-06,57.404,
2003-02-07,57.404,
2003-02-08,57.404,
2003-02-09,57.252,
2003-02-10,57.252,
2003-02-11,56.947,
2003-02-12,56.947,
2003-02-13,57.252,
2003-02-14,59.08,
2003-02-15,60.3,
2003-02-16,61.824,
2003-02-17,63.652,
2003-02-18,64.262,
2003-02-19,64.872,
2003-02-20,65.176,
2003-02-21,66.396,
2003-02-22,67.31,
2003-02-23,67.615,
2003-02-24,67.92,
2003-02-25,67.92,
2003-02-26,67.92,
2003-02-27,68.834,
2003-02-28,69.139,
2003-03-01,69.748,
2003-03-02,70.663,
2003-03-03,70.663,
2003-03-04,70.663,
2003-03-05,70.663,
2003-03-06,70.663,
2003-03-07,71.577,
2003-03-08,71.577,
2003-03-09,71.577,
2003-03-10,71.577,
2003-03-11,71.577,
2003-03-12,70.968,
2003-03-13,70.663,
2003-03-14,70.053,
2003-03-15,67.005,
2003-03-16,70.663,
2003-03-17,72.492,
2003-03-18,78.74,
2003-03-19,78.74,
2003-03-20,78.74,
2003-03-21,78.74,
2003-03-22,78.74,
2003-03-23,78.74,
2003-03-24,78.74,
2003-03-25,78.588,
2003-03-26,78.588,
2003-03-27,78.588,
2003-03-28,78.588,
2003-03-29,78.588,
2003-03-30,78.588,
2003-03-31,77.673,
2003-04-01,77.673,
2003-04-02,79.197,
2003-04-03,83.769,
2003-04-04,85.293,
2003-04-05,88.341,
2003-04-06,89.256,
2003-04-07,89.56,
2003-04-08,88.9,
2003-04-09,86.208,
2003-04-10,86.208,
2003-04-11,86.512,
2003-04-12,86.817,
2003-04-13,90.475,
2003-04-14,98.095,
2003-04-15,99.924,
2003-04-16,100.533,
2003-04-17,101.448,
2003-04-18,102.667,
2003-04-19,103.276,
2003-04-20,103.581,
2003-04-21,103.581,
2003-04-22,104.191,
2003-04-23,104.496,
2003-04-24,104.8,
2003-04-25,106.629,
2003-04-26,109.068,
2003-04-27,109.372,
2003-04-28,109.982,
2003-04-29,111.506,
2003-04-30,112.42,
2003-05-01,112.725,
2003-05-02,113.335,
2003-05-03,113.64,
2003-05-04,116.383,
2003-05-05,116.992,
2003-05-06,117.602,
2003-05-07,117.602,
2003-05-08,117.907,
2003-05-09,120.04,
2003-05-10,120.65,
2003-05-11,121.26,
2003-05-12,121.26,
2003-05-13,119.38,
2003-05-14,116.84,
2003-05-15,113.64,
2003-05-16,114.859,
2003-05-17,114.859,
2003-05-18,114.249,
2003-05-19,113.03,
2003-05-20,112.42,
2003-05-21,111.201,
2003-05-22,109.982,
2003-05-23,106.629,
2003-05-24,102.667,
2003-05-25,99.009,
2003-05-26,95.656,
2003-05-27,93.523,
2003-05-28,91.084,
2003-05-29,85.903,
2003-05-30,80.416,
2003-05-31,75.54,
2003-06-01,70.968,
2003-06-02,66.7,
2003-06-03,62.128,
2003-06-04,57.252,
2003-06-05,52.375,
2003-06-06,46.888,
2003-06-07,42.621,
2003-06-08,37.744,
2003-06-09,32.563,
2003-06-10,27.076,
2003-06-11,21.895,
2003-06-12,18.847,
2003-06-13,14.58,
2003-06-14,7.874,
2003-06-15,2.997,
2003-06-16,0.0,
2003-06-17,0.0,
2003-06-18,0.0,
2003-06-19,0.0,
2003-06-20,0.0,
2003-06-21,0.0,
2003-06-22,0.0,
2003-06-23,0.0,
2003-06-24,0.0,
2003-06-25,0.0,
2003-06-26,0.0,
2003-06-27,0.0,
2003-06-28,0.0,
2003-06-29,0.0,
2003-06-30,0.0,
2003-07-01,0.0,
2003-07-02,0.0,
2003-07-03,0.0,
2003-07-04,0.0,
2003-07-05,0.0,
2003-07-06,0.0,
2003-07-07,0.0,
2003-07-08,0.0,
2003-07-09,0.0,
2003-07-10,0.0,
2003-07-11,0.0,
2003-07-12,0.0,
2003-07-13,0.0,
2003-07-14,0.0,
2003-07-15,0.0,
2003-07-16,0.0,
2003-07-17,0.0,
2003-07-18,0.0,
2003-07-19,0.0,
2003-07-20,0.0,
2003-07-21,0.0,
2003-07-22,0.0,
2003-07-23,0.0,
2003-07-24,0.0,
2003-07-25,0.0,
2003-07-26,0.0,
2003-07-27,0.0,
2003-07-28,0.0,
2003-07-29,0.0,
2003-07-30,0.0,
2003-07-31,0.0,
2003-08-01,0.0,
2003-08-02,0.0,
2003-08-03,0.0,
2003-08-04,0.0,
2003-08-05,0.0,
2003-08-06,0.0,
2003-08-07,0.0,
2003-08-08,0.0,
2003-08-09,0.0,
2003-08-10,0.0,
2003-08-11,0.0,
2003-08-12,0.0,
2003-08-13,0.0,
2003-08-14,0.0,
2003-08-15,0.0,
2003-08-16,0.0,
2003-08-17,0.0,
2003-08-18,0.0,
2003-08-19,0.0,
2003-08-20,0.0,
2003-08-21,0.0,
2003-08-22,0.0,
2003-08-23,0.0,
2003-08-24,0.0,
2003-08-25,0.0,
2003-08-26,0.0,
2003-08-27,0.0,
2003-08-28,0.0,
2003-08-29,0.0,
2003-08-30,0.0,
2003-08-31,0.0,
2003-09-01,0.0,
2003-09-02,0.0,
2003-09-03,0.0,
2003-09-04,0.0,
2003-09-05,0.0,
2003-09-06,0.0,
2003-09-07,0.0,
2003-09-08,0.0,
2003-09-09,0.0,
2003-09-10,0.0,
2003-09-11,0.0,
2003-09-12,0.0,
2003-09-13,0.0,
2003-09-14,0.0,
2003-09-15,0.0,
2003-09-16,0.0,
2003-09-17,0.0,
2003-09-18,0.0,
2003-09-19,0.0,
2003-09-20,0.0,
2003-09-21,0.0,
2003-09-22,0.0,
2003-09-23,0.0,
2003-09-24,0.0,
2003-09-25,0.0,
2003-09-26,0.0,
2003-09-27,0.0,
2003-09-28,0.0,
2003-09-29,0.0,
2003-09-30,0.0,
2003-10-01,0.0,
2003-10-02,0.0,
2003-10-03,0.0,
2003-10-04,0.0,
2003-10-05,0.0,
2003-10-06,0.0,
2003-10-07,0.0,
2003-10-08,0.0,
2003-10-09,0.0,
2003-10-10,0.0,
2003-10-11,0.0,
2003-10-12,0.0,
2003-10-13,0.0,
2003-10-14,0.0,
2003-10-15,0.0,
2003-10-16,0.0,
2003-10-17,0.0,
2003-10-18,0.0,
2003-10-19,0.0,
2003-10-20,0.0,
2003-10-21,0.0,
2003-10-22,0.0,
2003-10-23,0.0,
2003-10-24,0.0,
2003-10-25,0.0,
2003-10-26,0.0,
2003-10-27,0.0,
2003-10-28,0.0,
2003-10-29,0.0,
2003-10-30,0.0,
2003-10-31,0.0,
2003-11-01,0.0,
2003-11-02,0.559,
2003-11-03,0.864,
2003-11-04,2.083,
2003-11-05,2.692,
2003-11-06,2.692,
2003-11-07,2.692,
2003-11-08,2.692,
2003-11-09,6.35,
2003-11-10,11.227,
2003-11-11,11.836,
2003-11-12,12.141,
2003-11-13,12.141,
2003-11-14,12.141,
2003-11-15,12.141,
2003-11-16,13.36,
2003-11-17,13.97,
2003-11-18,14.275,
2003-11-19,14.275,
2003-11-20,14.275,
2003-11-21,14.275,
2003-11-22,14.275,
2003-11-23,14.275,
2003-11-24,14.275,
2003-11-25,14.275,
2003-11-26,14.275,
2003-11-27,14.275,
2003-11-28,14.275,
2003-11-29,14.275,
2003-11-30,14.275,
2003-12-01,14.275,
2003-12-02,14.275,
2003-12-03,14.58,
2003-12-04,14.58,
2003-12-05,14.58,
2003-12-06,15.189,
2003-12-07,20.066,
2003-12-08,20.98,
2003-12-09,21.285,
2003-12-10,22.504,
2003-12-11,27.076,
2003-12-12,27.991,
2003-12-13,28.905,
2003-12-14,29.21,
2003-12-15,32.868,
2003-12-16,32.868,
2003-12-17,32.868,
2003-12-18,32.868,
2003-12-19,32.868,
2003-12-20,33.172,
2003-12-21,34.087,
2003-12-22,34.392,
2003-12-23,34.392,
2003-12-24,36.22,
2003-12-25,43.231,
2003-12-26,46.584,
2003-12-27,47.498,
2003-12-28,47.498,
2003-12-29,48.412,
2003-12-30,54.813,
2003-12-31,55.728,
2004-01-01,57.556,
2004-01-02,64.872,
2004-01-03,66.7,
2004-01-04,67.005,
2004-01-05,67.005,
2004-01-06,67.615,
2004-01-07,67.92,
2004-01-08,69.444,
2004-01-09,69.748,
2004-01-10,70.053,
2004-01-11,70.053,
2004-01-12,70.053,
2004-01-13,70.053,
2004-01-14,70.053,
2004-01-15,70.053,
2004-01-16,70.053,
2004-01-17,70.053,
2004-01-18,70.053,
2004-01-19,70.053,
2004-01-20,70.053,
2004-01-21,70.053,
2004-01-22,70.053,
2004-01-23,70.053,
2004-01-24,70.053,
2004-01-25,70.053,
2004-01-26,70.053,
2004-01-27,70.053,
2004-01-28,70.968,
2004-01-29,71.577,
2004-01-30,71.882,
2004-01-31,71.882,
2004-02-01,71.882,
2004-02-02,71.882,
2004-02-03,75.844,
2004-02-04,77.064,
2004-02-05,77.673,
2004-02-06,77.978,
2004-02-07,77.978,
2004-02-08,78.588,
2004-02-09,78.588,
2004-02-10,78.892,
2004-02-11,78.892,
2004-02-12,79.197,
2004-02-13,79.197,
2004-02-14,79.197,
2004-02-15,79.197,
2004-02-16,79.197,
2004-02-17,81.94,
2004-02-18,82.55,
2004-02-19,88.036,
2004-02-20,88.646,
2004-02-21,88.951,
2004-02-22,88.951,
2004-02-23,90.17,
2004-02-24,90.78,
2004-02-25,91.389,
2004-02-26,98.704,
2004-02-27,102.972,
2004-02-28,103.886,
2004-02-29,103.886,
2004-03-01,104.191,
2004-03-02,106.02,
2004-03-03,106.02,
2004-03-04,106.02,
2004-03-05,106.02,
2004-03-06,106.02,
2004-03-07,106.02,
2004-03-08,106.02,
2004-03-09,106.02,
2004-03-10,105.715,
2004-03-11,105.41,
2004-03-12,105.105,
2004-03-13,104.8,
2004-03-14,104.496,
2004-03-15,104.191,
2004-03-16,103.581,
2004-03-17,102.667,
2004-03-18,101.448,
2004-03-19,98.4,
2004-03-20,96.876,
2004-03-21,94.742,
2004-03-22,92.456,
2004-03-23,89.916,
2004-03-24,87.376,
2004-03-25,84.684,
2004-03-26,86.208,
2004-03-27,88.036,
2004-03-28,89.56,
2004-03-29,88.341,
2004-03-30,86.817,
2004-03-31,86.817,
2004-04-01,86.512,
2004-04-02,86.512,
2004-04-03,86.106,
2004-04-04,84.684,
2004-04-05,84.074,
2004-04-06,82.855,
2004-04-07,81.94,
2004-04-08,81.026,
2004-04-09,80.112,
2004-04-10,78.892,
2004-04-11,77.368,
2004-04-12,76.149,
2004-04-13,75.235,
2004-04-14,74.32,
2004-04-15,73.711,
2004-04-16,73.101,
2004-04-17,73.406,
2004-04-18,74.016,
2004-04-19,75.235,
2004-04-20,76.149,
2004-04-21,76.454,
2004-04-22,75.235,
2004-04-23,75.235,
2004-04-24,74.93,
2004-04-25,74.625,
2004-04-26,74.32,
2004-04-27,72.492,
2004-04-28,70.663,
2004-04-29,68.529,
2004-04-30,66.7,
2004-05-01,64.872,
2004-05-02,62.738,
2004-05-03,60.3,
2004-05-04,57.252,
2004-05-05,54.204,
2004-05-06,51.156,
2004-05-07,48.717,
2004-05-08,46.279,
2004-05-09,43.536,
2004-05-10,40.183,
2004-05-11,38.964,
2004-05-12,38.049,
2004-05-13,36.22,
2004-05-14,33.477,
2004-05-15,30.734,
2004-05-16,27.991,
2004-05-17,24.638,
2004-05-18,21.895,
2004-05-19,20.066,
2004-05-20,18.237,
2004-05-21,16.408,
2004-05-22,13.665,
2004-05-23,12.141,
2004-05-24,7.264,
2004-05-25,4.826,
2004-05-26,3.302,
2004-05-27,0.0,
2004-05-28,0.0,
2004-05-29,0.0,
2004-05-30,0.0,
2004-05-31,0.0,
2004-06-01,0.0,
2004-06-02,0.0,
2004-06-03,0.0,
2004-06-04,0.0,
2004-06-05,0.0,
2004-06-06,0.0,
2004-06-07,0.0,
2004-06-08,0.0,
2004-06-09,0.0,
2004-06-10,0.0,
2004-06-11,0.0,
2004-06-12,0.0,
2004-06-13,0.0,
2004-06-14,0.0,
2004-06-15,0.0,
2004-06-16,0.0,
2004-06-17,0.0,
2004-06-18,0.0,
2004-06-19,0.0,
2004-06-20,0.0,
2004-06-21,0.0,
2004-06-22,0.0,
2004-06-23,0.0,
2004-06-24,0.0,
2004-06-25,0.0,
2004-06-26,0.0,
2004-06-27,0.0,
2004-06-28,0.0,
2004-06-29,0.0,
2004-06-30,0.0,
2004-07-01,0.0,
2004-07-02,0.0,
2004-07-03,0.0,
2004-07-04,0.0,
2004-07-05,0.0,
2004-07-06,0.0,
2004-07-07,0.0,
2004-07-08,0.0,
2004-07-09,0.0,
2004-07-10,0.0,
2004-07-11,0.0,
2004-07-12,0.0,
2004-07-13,0.0,
2004-07-14,0.0,
2004-07-15,0.0,
2004-07-16,0.0,
2004-07-17,0.0,
2004-07-18,0.0,
2004-07-19,0.0,
2004-07-20,0.0,
2004-07-21,0.0,
2004-07-22,0.0,
2004-07-23,0.0,
2004-07-24,0.0,
2004-07-25,0.0,
2004-07-26,0.0,
2004-07-27,0.0,
2004-07-28,0.0,
2004-07-29,0.0,
2004-07-30,0.0,
2004-07-31,0.0,
2004-08-01,0.0,
2004-08-02,0.0,
2004-08-03,0.0,
2004-08-04,0.0,
2004-08-05,0.0,
2004-08-06,0.0,
2004-08-07,0.0,
2004-08-08,0.0,
2004-08-09,0.0,
2004-08-10,0.0,
2004-08-11,0.0,
2004-08-12,0.0,
2004-08-13,0.0,
2004-08-14,0.0,
2004-08-15,0.0,
2004-08-16,0.0,
2004-08-17,0.0,
2004-08-18,0.0,
2004-08-19,0.0,
2004-08-20,0.0,
2004-08-21,0.0,
2004-08-22,0.0,
2004-08-23,0.0,
2004-08-24,0.0,
2004-08-25,0.0,
2004-08-26,0.0,
2004-08-27,0.0,
2004-08-28,0.0,
2004-08-29,0.0,
2004-08-30,0.0,
2004-08-31,0.0,
2004-09-01,0.0,
2004-09-02,0.0,
2004-09-03,0.0,
2004-09-04,0.0,
2004-09-05,0.0,
2004-09-06,0.0,
2004-09-07,0.0,
2004-09-08,0.0,
2004-09-09,0.0,
2004-09-10,0.0,
2004-09-11,0.0,
2004-09-12,0.0,
2004-09-13,0.0,
2004-09-14,0.0,
2004-09-15,0.0,
2004-09-16,0.0,
2004-09-17,0.0,
2004-09-18,0.0,
2004-09-19,0.0,
2004-09-20,0.0,
2004-09-21,0.0,
2004-09-22,0.0,
2004-09-23,0.0,
2004-09-24,0.0,
2004-09-25,0.0,
2004-09-26,0.0,
2004-09-27,0.0,
2004-09-28,0.0,
2004-09-29,0.0,
2004-09-30,0.0,
2004-10-01,0.0,
2004-10-02,0.0,
2004-10-03,0.0,
2004-10-04,0.0,
2004-10-05,0.0,
2004-10-06,0.0,
2004-10-07,0.0,
2004-10-08,0.0,
2004-10-09,0.0,
2004-10-10,0.0,
2004-10-11,0.0,
2004-10-12,0.0,
2004-10-13,0.0,
2004-10-14,0.0,
2004-10-15,0.0,
2004-10-16,0.0,
2004-10-17,0.0,
2004-10-18,4.521,
2004-10-19,6.045,
2004-10-20,13.36,
2004-10-21,18.542,
2004-10-22,18.847,
2004-10-23,18.847,
2004-10-24,18.847,
2004-10-25,19.456,
2004-10-26,20.371,
2004-10-27,26.772,
2004-10-28,27.381,
2004-10-29,27.381,
2004-10-30,27.991,
2004-10-31,27.991,
2004-11-01,27.991,
2004-11-02,27.991,
2004-11-03,27.991,
2004-11-04,28.296,
2004-11-05,28.905,
2004-11-06,29.515,
2004-11-07,29.515,
2004-11-08,29.515,
2004-11-09,29.82,
2004-11-10,29.82,
2004-11-11,29.82,
2004-11-12,31.039,
2004-11-13,31.648,
2004-11-14,31.953,
2004-11-15,32.258,
2004-11-16,32.258,
2004-11-17,31.953,
2004-11-18,31.953,
2004-11-19,31.953,
2004-11-20,31.648,
2004-11-21,31.344,
2004-11-22,31.039,
2004-11-23,31.039,
2004-11-24,31.039,
2004-11-25,31.039,
2004-11-26,31.039,
2004-11-27,31.648,
2004-11-28,37.135,
2004-11-29,37.135,
2004-11-30,37.135,
2004-12-01,37.135,
2004-12-02,37.135,
2004-12-03,37.135,
2004-12-04,37.135,
2004-12-05,37.135,
2004-12-06,37.135,
2004-12-07,37.744,
2004-12-08,42.012,
2004-12-09,47.498,
2004-12-10,47.498,
2004-12-11,47.498,
2004-12-12,47.498,
2004-12-13,47.498,
2004-12-14,47.498,
2004-12-15,47.193,
2004-12-16,47.193,
2004-12-17,47.193,
2004-12-18,47.193,
2004-12-19,47.193,
2004-12-20,47.193,
2004-12-21,47.193,
2004-12-22,46.888,
2004-12-23,46.888,
2004-12-24,46.888,
2004-12-25,46.888,
2004-12-26,46.888,
2004-12-27,46.888,
2004-12-28,47.498,
2004-12-29,49.936,
2004-12-30,54.813,
2004-12-31,63.652,
2005-01-01,68.834,
2005-01-02,70.358,
2005-01-03,71.272,
2005-01-04,71.882,
2005-01-05,72.187,
2005-01-06,72.187,
2005-01-07,72.187,
2005-01-08,79.502,
2005-01-09,88.341,
2005-01-10,94.437,
2005-01-11,98.095,
2005-01-12,101.143,
2005-01-13,101.448,
2005-01-14,101.448,
2005-01-15,101.448,
2005-01-16,101.448,
2005-01-17,101.448,
2005-01-18,101.448,
2005-01-19,101.448,
2005-01-20,101.448,
2005-01-21,101.448,
2005-01-22,101.448,
2005-01-23,101.448,
2005-01-24,101.448,
2005-01-25,101.448,
2005-01-26,101.448,
2005-01-27,105.715,
2005-01-28,106.324,
2005-01-29,109.068,
2005-01-30,109.677,
2005-01-31,109.677,
2005-02-01,109.677,
2005-02-02,109.677,
2005-02-03,109.677,
2005-02-04,109.677,
2005-02-05,109.677,
2005-02-06,109.677,
2005-02-07,109.677,
2005-02-08,109.677,
2005-02-09,109.677,
2005-02-10,109.677,
2005-02-11,109.677,
2005-02-12,110.287,
2005-02-13,110.592,
2005-02-14,110.592,
2005-02-15,110.592,
2005-02-16,113.64,
2005-02-17,115.773,
2005-02-18,116.078,
2005-02-19,117.297,
2005-02-20,120.04,
2005-02-21,122.479,
2005-02-22,124.003,
2005-02-23,124.308,
2005-02-24,124.612,
2005-02-25,124.612,
2005-02-26,124.612,
2005-02-27,124.917,
2005-02-28,126.746,
2005-03-01,127.66,
2005-03-02,130.099,
2005-03-03,130.099,
2005-03-04,130.099,
2005-03-05,130.099,
2005-03-06,130.099,
2005-03-07,130.099,
2005-03-08,130.099,
2005-03-09,130.099,
2005-03-10,129.794,
2005-03-11,129.489,
2005-03-12,129.184,
2005-03-13,128.88,
2005-03-14,128.575,
2005-03-15,127.965,
2005-03-16,127.66,
2005-03-17,127.66,
2005-03-18,127.356,
2005-03-19,127.356,
2005-03-20,130.708,
2005-03-21,136.195,
2005-03-22,139.243,
2005-03-23,146.558,
2005-03-24,150.825,
2005-03-25,152.044,
2005-03-26,152.654,
2005-03-27,152.654,
2005-03-28,154.788,
2005-03-29,157.226,
2005-03-30,159.055,
2005-03-31,159.36,
2005-04-01,159.664,
2005-04-02,159.664,
2005-04-03,159.664,
2005-04-04,161.798,
2005-04-05,161.798,
2005-04-06,161.798,
2005-04-07,161.798,
2005-04-08,161.493,
2005-04-09,163.627,
2005-04-10,163.627,
2005-04-11,163.627,
2005-04-12,163.627,
2005-04-13,162.712,
2005-04-14,162.103,
2005-04-15,161.798,
2005-04-16,161.493,
2005-04-17,157.836,
2005-04-18,150.825,
2005-04-19,151.74,
2005-04-20,151.74,
2005-04-21,151.74,
2005-04-22,151.13,
2005-04-23,151.13,
2005-04-24,150.825,
2005-04-25,150.825,
2005-04-26,150.825,
2005-04-27,149.86,
2005-04-28,148.082,
2005-04-29,146.304,
2005-04-30,144.78,
2005-05-01,143.002,
2005-05-02,141.681,
2005-05-03,139.243,
2005-05-04,138.938,
2005-05-05,138.684,
2005-05-06,138.43,
2005-05-07,138.328,
2005-05-08,140.157,
2005-05-09,144.12,
2005-05-10,148.082,
2005-05-11,148.996,
2005-05-12,148.082,
2005-05-13,145.796,
2005-05-14,144.78,
2005-05-15,144.424,
2005-05-16,144.272,
2005-05-17,144.78,
2005-05-18,147.32,
2005-05-19,145.644,
2005-05-20,144.729,
2005-05-21,143.51,
2005-05-22,141.681,
2005-05-23,140.462,
2005-05-24,138.938,
2005-05-25,136.5,
2005-05-26,134.671,
2005-05-27,133.452,
2005-05-28,129.489,
2005-05-29,126.746,
2005-05-30,122.479,
2005-05-31,120.65,
2005-06-01,117.907,
2005-06-02,116.383,
2005-06-03,113.03,
2005-06-04,109.677,
2005-06-05,106.02,
2005-06-06,103.886,
2005-06-07,100.838,
2005-06-08,98.704,
2005-06-09,97.79,
2005-06-10,97.18,
2005-06-11,94.742,
2005-06-12,92.304,
2005-06-13,90.475,
2005-06-14,86.512,
2005-06-15,81.636,
2005-06-16,77.064,
2005-06-17,74.625,
2005-06-18,74.32,
2005-06-19,73.101,
2005-06-20,71.272,
2005-06-21,68.834,
2005-06-22,64.567,
2005-06-23,59.995,
2005-06-24,55.728,
2005-06-25,51.156,
2005-06-26,47.193,
2005-06-27,42.316,
2005-06-28,36.83,
2005-06-29,31.953,
2005-06-30,25.248,
2005-07-01,15.494,
2005-07-02,4.826,
2005-07-03,0.0,
2005-07-04,0.0,
2005-07-05,0.0,
2005-07-06,0.0,
2005-07-07,0.0,
2005-07-08,0.0,
2005-07-09,0.0,
2005-07-10,0.0,
2005-07-11,0.0,
2005-07-12,0.0,
2005-07-13,0.0,
2005-07-14,0.0,
2005-07-15,0.0,
2005-07-16,0.0,
2005-07-17,0.0,
2005-07-18,0.0,
2005-07-19,0.0,
2005-07-20,0.0,
2005-07-21,0.0,
2005-07-22,0.0,
2005-07-23,0.0,
2005-07-24,0.0,
2005-07-25,0.0,
2005-07-26,0.0,
2005-07-27,0.0,
2005-07-28,0.0,
2005-07-29,0.0,
2005-07-30,0.0,
2005-07-31,0.0,
2005-08-01,0.0,
2005-08-02,0.0,
2005-08-03,0.0,
2005-08-04,0.0,
2005-08-05,0.0,
2005-08-06,0.0,
2005-08-07,0.0,
2005-08-08,0.0,
2005-08-09,0.0,
2005-08-10,0.0,
2005-08-11,0.0,
2005-08-12,0.0,
2005-08-13,0.0,
2005-08-14,0.0,
2005-08-15,0.0,
2005-08-16,0.0,
2005-08-17,0.0,
2005-08-18,0.0,
2005-08-19,0.0,
2005-08-20,0.0,
2005-08-21,0.0,
2005-08-22,0.0,
2005-08-23,0.0,
2005-08-24,0.0,
2005-08-25,0.0,
2005-08-26,0.0,
2005-08-27,0.0,
2005-08-28,0.0,
2005-08-29,0.0,
2005-08-30,0.0,
2005-08-31,0.0,
2005-09-01,0.0,
2005-09-02,0.0,
2005-09-03,0.0,
2005-09-04,0.0,
2005-09-05,0.0,
2005-09-06,0.0,
2005-09-07,0.0,
2005-09-08,0.0,
2005-09-09,0.0,
2005-09-10,0.0,
2005-09-11,0.0,
2005-09-12,0.0,
2005-09-13,0.0,
2005-09-14,0.0,
2005-09-15,0.0,
2005-09-16,0.0,
2005-09-17,0.0,
2005-09-18,0.0,
2005-09-19,0.0,
2005-09-20,0.0,
2005-09-21,0.0,
2005-09-22,0.0,
2005-09-23,0.0,
2005-09-24,0.0,
2005-09-25,0.0,
2005-09-26,0.0,
2005-09-27,0.0,
2005-09-28,0.0,
2005-09-29,0.0,
2005-09-30,0.0,
2005-10-01,0.0,
2005-10-02,0.0,
2005-10-03,0.0,
2005-10-04,0.0,
2005-10-05,0.0,
2005-10-06,0.0,
2005-10-07,0.0,
2005-10-08,0.0,
2005-10-09,0.0,
2005-10-10,0.0,
2005-10-11,0.0,
2005-10-12,0.0,
2005-10-13,0.0,
2005-10-14,0.0,
2005-10-15,0.0,
2005-10-16,0.0,
2005-10-17,0.0,
2005-10-18,0.0,
2005-10-19,0.0,
2005-10-20,0.0,
2005-10-21,0.0,
2005-10-22,0.0,
2005-10-23,0.0,
2005-10-24,0.0,
2005-10-25,1.168,
2005-10-26,1.168,
2005-10-27,0.864,
2005-10-28,2.083,
2005-10-29,2.388,
2005-10-30,2.388,
2005-10-31,2.388,
2005-11-01,1.778,
2005-11-02,1.168,
2005-11-03,1.168,
2005-11-04,1.168,
2005-11-05,1.168,
2005-11-06,0.864,
2005-11-07,0.864,
2005-11-08,2.083,
2005-11-09,2.083,
2005-11-10,2.388,
2005-11-11,2.083,
2005-11-12,1.778,
2005-11-13,1.473,
2005-11-14,1.168,
2005-11-15,0.0,
2005-11-16,0.0,
2005-11-17,0.0,
2005-11-18,0.0,
2005-11-19,0.0,
2005-11-20,0.0,
2005-11-21,0.0,
2005-11-22,0.0,
2005-11-23,0.0,
2005-11-24,0.0,
2005-11-25,0.0,
2005-11-26,1.778,
2005-11-27,2.388,
2005-11-28,2.388,
2005-11-29,6.045,
2005-11-30,9.398,
2005-12-01,9.398,
2005-12-02,21.285,
2005-12-03,22.504,
2005-12-04,22.504,
2005-12-05,22.809,
2005-12-06,23.114,
2005-12-07,23.114,
2005-12-08,24.333,
2005-12-09,24.943,
2005-12-10,24.943,
2005-12-11,25.248,
2005-12-12,25.248,
2005-12-13,25.248,
2005-12-14,25.552,
2005-12-15,25.552,
2005-12-16,25.552,
2005-12-17,25.552,
2005-12-18,28.6,
2005-12-19,34.29,
2005-12-20,36.525,
2005-12-21,36.525,
2005-12-22,36.525,
2005-12-23,37.44,
2005-12-24,38.354,
2005-12-25,38.964,
2005-12-26,42.316,
2005-12-27,45.06,
2005-12-28,45.06,
2005-12-29,45.72,
2005-12-30,48.108,
2005-12-31,48.108,
2006-01-01,57.252,
2006-01-02,62.738,
2006-01-03,70.663,
2006-01-04,71.882,
2006-01-05,73.101,
2006-01-06,73.711,
2006-01-07,74.32,
2006-01-08,75.235,
2006-01-09,75.844,
2006-01-10,75.844,
2006-01-11,75.844,
2006-01-12,75.844,
2006-01-13,76.759,
2006-01-14,77.064,
2006-01-15,82.855,
2006-01-16,83.769,
2006-01-17,84.684,
2006-01-18,86.817,
2006-01-19,90.78,
2006-01-20,91.389,
2006-01-21,91.694,
2006-01-22,92.304,
2006-01-23,92.304,
2006-01-24,92.608,
2006-01-25,92.608,
2006-01-26,92.608,
2006-01-27,92.608,
2006-01-28,92.913,
2006-01-29,94.437,
2006-01-30,94.742,
2006-01-31,96.876,
2006-02-01,97.485,
2006-02-02,97.79,
2006-02-03,99.009,
2006-02-04,99.314,
2006-02-05,99.314,
2006-02-06,99.619,
2006-02-07,99.619,
2006-02-08,99.619,
2006-02-09,99.924,
2006-02-10,99.924,
2006-02-11,99.924,
2006-02-12,99.924,
2006-02-13,99.924,
2006-02-14,99.619,
2006-02-15,99.314,
2006-02-16,99.009,
2006-02-17,99.314,
2006-02-18,102.362,
2006-02-19,102.362,
2006-02-20,102.362,
2006-02-21,102.362,
2006-02-22,102.362,
2006-02-23,102.362,
2006-02-24,102.362,
2006-02-25,102.362,
2006-02-26,102.362,
2006-02-27,102.972,
2006-02-28,102.87,
2006-03-01,102.87,
2006-03-02,104.496,
2006-03-03,111.201,
2006-03-04,118.212,
2006-03-05,120.65,
2006-03-06,122.784,
2006-03-07,126.441,
2006-03-08,128.88,
2006-03-09,130.708,
2006-03-10,132.537,
2006-03-11,135.585,
2006-03-12,136.804,
2006-03-13,137.719,
2006-03-14,138.633,
2006-03-15,141.986,
2006-03-16,142.596,
2006-03-17,143.205,
2006-03-18,145.948,
2006-03-19,146.863,
2006-03-20,147.168,
2006-03-21,149.301,
2006-03-22,149.911,
2006-03-23,149.911,
2006-03-24,150.216,
2006-03-25,150.52,
2006-03-26,154.788,
2006-03-27,155.702,
2006-03-28,156.312,
2006-03-29,159.36,
2006-03-30,160.274,
2006-03-31,161.493,
2006-04-01,164.846,
2006-04-02,165.76,
2006-04-03,168.199,
2006-04-04,173.99,
2006-04-05,180.086,
2006-04-06,182.524,
2006-04-07,183.134,
2006-04-08,184.658,
2006-04-09,185.268,
2006-04-10,186.182,
2006-04-11,188.011,
2006-04-12,190.144,
2006-04-13,191.668,
2006-04-14,191.668,
2006-04-15,192.583,
2006-04-16,192.888,
2006-04-17,200.812,
2006-04-18,200.812,
2006-04-19,200.812,
2006-04-20,200.812,
2006-04-21,200.812,
2006-04-22,200.812,
2006-04-23,200.812,
2006-04-24,200.812,
2006-04-25,200.812,
2006-04-26,200.812,
2006-04-27,200.508,
2006-04-28,199.593,
2006-04-29,180.34,
2006-04-30,177.8,
2006-05-01,175.26,
2006-05-02,172.72,
2006-05-03,170.18,
2006-05-04,166.624,
2006-05-05,163.576,
2006-05-06,160.528,
2006-05-07,157.48,
2006-05-08,155.702,
2006-05-09,153.568,
2006-05-10,151.435,
2006-05-11,150.216,
2006-05-12,148.336,
2006-05-13,150.216,
2006-05-14,148.387,
2006-05-15,147.472,
2006-05-16,145.644,
2006-05-17,143.815,
2006-05-18,143.51,
2006-05-19,141.986,
2006-05-20,138.633,
2006-05-21,136.5,
2006-05-22,135.89,
2006-05-23,135.89,
2006-05-24,135.28,
2006-05-25,134.671,
2006-05-26,131.928,
2006-05-27,128.575,
2006-05-28,126.136,
2006-05-29,125.222,
2006-05-30,124.612,
2006-05-31,123.393,
2006-06-01,121.26,
2006-06-02,117.602,
2006-06-03,113.944,
2006-06-04,110.287,
2006-06-05,105.715,
2006-06-06,101.752,
2006-06-07,96.266,
2006-06-08,91.999,
2006-06-09,86.512,
2006-06-10,82.245,
2006-06-11,77.978,
2006-06-12,73.711,
2006-06-13,69.748,
2006-06-14,67.31,
2006-06-15,64.567,
2006-06-16,60.909,
2006-06-17,56.642,
2006-06-18,51.46,
2006-06-19,45.669,
2006-06-20,40.792,
2006-06-21,35.001,
2006-06-22,28.6,
2006-06-23,21.285,
2006-06-24,12.141,
2006-06-25,5.74,
2006-06-26,2.54,
2006-06-27,0.0,
2006-06-28,0.0,
2006-06-29,0.0,
2006-06-30,0.0,
2006-07-01,0.0,
2006-07-02,0.0,
2006-07-03,0.0,
2006-07-04,0.0,
2006-07-05,0.0,
2006-07-06,0.0,
2006-07-07,0.0,
2006-07-08,0.0,
2006-07-09,0.0,
2006-07-10,0.0,
2006-07-11,0.0,
2006-07-12,0.0,
2006-07-13,0.0,
2006-07-14,0.0,
2006-07-15,0.0,
2006-07-16,0.0,
2006-07-17,0.0,
2006-07-18,0.0,
2006-07-19,0.0,
2006-07-20,0.0,
2006-07-21,0.0,
2006-07-22,0.0,
2006-07-23,0.0,
2006-07-24,0.0,
2006-07-25,0.0,
2006-07-26,0.0,
2006-07-27,0.0,
2006-07-28,0.0,
2006-07-29,0.0,
2006-07-30,0.0,
2006-07-31,0.0,
2006-08-01,0.0,
2006-08-02,0.0,
2006-08-03,0.0,
2006-08-04,0.0,
2006-08-05,0.0,
2006-08-06,0.0,
2006-08-07,0.0,
2006-08-08,0.0,
2006-08-09,0.0,
2006-08-10,0.0,
2006-08-11,0.0,
2006-08-12,0.0,
2006-08-13,0.0,
2006-08-14,0.0,
2006-08-15,0.0,
2006-08-16,0.0,
2006-08-17,0.0,
2006-08-18,0.0,
2006-08-19,0.0,
2006-08-20,0.0,
2006-08-21,0.0,
2006-08-22,0.0,
2006-08-23,0.0,
2006-08-24,0.0,
2006-08-25,0.0,
2006-08-26,0.0,
2006-08-27,0.0,
2006-08-28,0.0,
2006-08-29,0.0,
2006-08-30,0.0,
2006-08-31,0.0,
2006-09-01,0.0,
2006-09-02,0.0,
2006-09-03,0.0,
2006-09-04,0.0,
2006-09-05,0.0,
2006-09-06,0.0,
2006-09-07,0.0,
2006-09-08,0.0,
2006-09-09,0.0,
2006-09-10,0.0,
2006-09-11,0.0,
2006-09-12,0.0,
2006-09-13,0.0,
2006-09-14,0.0,
2006-09-15,0.0,
2006-09-16,0.0,
2006-09-17,0.0,
2006-09-18,0.0,
2006-09-19,0.0,
2006-09-20,0.0,
2006-09-21,0.0,
2006-09-22,0.0,
2006-09-23,0.0,
2006-09-24,0.0,
2006-09-25,0.0,
2006-09-26,0.0,
2006-09-27,0.0,
2006-09-28,0.0,
2006-09-29,0.0,
2006-09-30,0.0,
2006-10-01,0.0,
2006-10-02,0.0,
2006-10-03,0.0,
2006-10-04,0.0,
2006-10-05,0.0,
2006-10-06,0.0,
2006-10-07,0.0,
2006-10-08,0.0,
2006-10-09,0.0,
2006-10-10,0.0,
2006-10-11,0.0,
2006-10-12,0.0,
2006-10-13,0.0,
2006-10-14,0.0,
2006-10-15,0.0,
2006-10-16,0.0,
2006-10-17,0.0,
2006-10-18,0.0,
2006-10-19,0.0,
2006-10-20,0.0,
2006-10-21,0.0,
2006-10-22,0.0,
2006-10-23,0.0,
2006-10-24,0.0,
2006-10-25,0.0,
2006-10-26,0.0,
2006-10-27,0.0,
2006-10-28,0.0,
2006-10-29,0.0,
2006-10-30,0.0,
2006-10-31,0.0,
2006-11-01,0.0,
2006-11-02,0.0,
2006-11-03,0.0,
2006-11-04,0.0,
2006-11-05,0.0,
2006-11-06,0.0,
2006-11-07,0.0,
2006-11-08,0.0,
2006-11-09,0.0,
2006-11-10,0.0,
2006-11-11,0.0,
2006-11-12,0.0,
2006-11-13,0.0,
2006-11-14,0.0,
2006-11-15,0.0,
2006-11-16,0.0,
2006-11-17,0.0,
2006-11-18,0.0,
2006-11-19,0.0,
2006-11-20,0.0,
2006-11-21,0.0,
2006-11-22,0.0,
2006-11-23,0.0,
2006-11-24,0.0,
2006-11-25,0.0,
2006-11-26,0.0,
2006-11-27,0.559,
2006-11-28,1.473,
2006-11-29,1.778,
2006-11-30,1.778,
2006-12-01,2.083,
2006-12-02,2.083,
2006-12-03,2.083,
2006-12-04,2.388,
2006-12-05,2.692,
2006-12-06,2.997,
2006-12-07,3.302,
2006-12-08,3.607,
2006-12-09,3.607,
2006-12-10,6.655,
2006-12-11,7.874,
2006-12-12,10.617,
2006-12-13,10.617,
2006-12-14,10.617,
2006-12-15,10.617,
2006-12-16,10.617,
2006-12-17,12.751,
2006-12-18,13.056,
2006-12-19,13.056,
2006-12-20,13.056,
2006-12-21,13.056,
2006-12-22,15.799,
2006-12-23,16.104,
2006-12-24,16.408,
2006-12-25,16.408,
2006-12-26,16.408,
2006-12-27,18.847,
2006-12-28,21.285,
2006-12-29,21.285,
2006-12-30,21.895,
2006-12-31,22.2,
2007-01-01,22.2,
2007-01-02,22.504,
2007-01-03,22.504,
2007-01-04,23.114,
2007-01-05,28.905,
2007-01-06,28.905,
2007-01-07,28.905,
2007-01-08,28.905,
2007-01-09,28.905,
2007-01-10,28.905,
2007-01-11,28.905,
2007-01-12,28.905,
2007-01-13,28.905,
2007-01-14,28.905,
2007-01-15,28.905,
2007-01-16,28.905,
2007-01-17,28.905,
2007-01-18,28.905,
2007-01-19,28.905,
2007-01-20,28.905,
2007-01-21,28.905,
2007-01-22,28.905,
2007-01-23,28.6,
2007-01-24,28.6,
2007-01-25,28.6,
2007-01-26,28.6,
2007-01-27,28.6,
2007-01-28,28.6,
2007-01-29,28.6,
2007-01-30,28.6,
2007-01-31,28.6,
2007-02-01,28.6,
2007-02-02,28.6,
2007-02-03,28.6,
2007-02-04,28.6,
2007-02-05,28.6,
2007-02-06,28.6,
2007-02-07,28.6,
2007-02-08,28.6,
2007-02-09,29.515,
2007-02-10,31.953,
2007-02-11,36.83,
2007-02-12,39.573,
2007-02-13,40.183,
2007-02-14,40.792,
2007-02-15,41.097,
2007-02-16,41.402,
2007-02-17,41.402,
2007-02-18,41.402,
2007-02-19,41.402,
2007-02-20,41.402,
2007-02-21,41.402,
2007-02-22,41.402,
2007-02-23,45.364,
2007-02-24,46.584,
2007-02-25,47.803,
2007-02-26,53.289,
2007-02-27,60.604,
2007-02-28,65.786,
2007-03-01,65.786,
2007-03-02,65.786,
2007-03-03,65.786,
2007-03-04,65.786,
2007-03-05,65.786,
2007-03-06,65.786,
2007-03-07,65.786,
2007-03-08,65.786,
2007-03-09,65.786,
2007-03-10,65.786,
2007-03-11,65.481,
2007-03-12,64.872,
2007-03-13,63.957,
2007-03-14,62.433,
2007-03-15,61.519,
2007-03-16,60.604,
2007-03-17,59.995,
2007-03-18,58.471,
2007-03-19,56.642,
2007-03-20,56.337,
2007-03-21,56.337,
2007-03-22,54.864,
2007-03-23,54.102,
2007-03-24,53.34,
2007-03-25,52.984,
2007-03-26,52.68,
2007-03-27,54.61,
2007-03-28,56.032,
2007-03-29,56.032,
2007-03-30,56.032,
2007-03-31,55.728,
2007-04-01,54.813,
2007-04-02,53.594,
2007-04-03,52.07,
2007-04-04,51.156,
2007-04-05,51.156,
2007-04-06,50.851,
2007-04-07,49.327,
2007-04-08,48.412,
2007-04-09,47.803,
2007-04-10,47.193,
2007-04-11,46.279,
2007-04-12,47.498,
2007-04-13,47.498,
2007-04-14,47.193,
2007-04-15,48.108,
2007-04-16,48.108,
2007-04-17,46.584,
2007-04-18,46.888,
2007-04-19,47.803,
2007-04-20,47.803,
2007-04-21,48.108,
2007-04-22,49.327,
2007-04-23,52.984,
2007-04-24,52.984,
2007-04-25,52.984,
2007-04-26,52.375,
2007-04-27,49.022,
2007-04-28,47.803,
2007-04-29,46.584,
2007-04-30,45.364,
2007-05-01,43.536,
2007-05-02,42.012,
2007-05-03,42.621,
2007-05-04,44.145,
2007-05-05,45.974,
2007-05-06,45.974,
2007-05-07,43.84,
2007-05-08,42.316,
2007-05-09,41.097,
2007-05-10,39.573,
2007-05-11,37.135,
2007-05-12,34.696,
2007-05-13,32.258,
2007-05-14,29.82,
2007-05-15,27.076,
2007-05-16,24.333,
2007-05-17,20.676,
2007-05-18,17.323,
2007-05-19,13.665,
2007-05-20,9.398,
2007-05-21,5.334,
2007-05-22,2.388,
2007-05-23,0.864,
2007-05-24,0.0,
2007-05-25,0.0,
2007-05-26,0.0,
2007-05-27,0.0,
2007-05-28,0.0,
2007-05-29,0.0,
2007-05-30,0.0,
2007-05-31,0.0,
2007-06-01,0.0,
2007-06-02,0.0,
2007-06-03,0.0,
2007-06-04,0.0,
2007-06-05,0.0,
2007-06-06,0.0,
2007-06-07,0.0,
2007-06-08,0.0,
2007-06-09,0.0,
2007-06-10,0.0,
2007-06-11,0.0,
2007-06-12,0.0,
2007-06-13,0.0,
2007-06-14,0.0,
2007-06-15,0.0,
2007-06-16,0.0,
2007-06-17,0.0,
2007-06-18,0.0,
2007-06-19,0.0,
2007-06-20,0.0,
2007-06-21,0.0,
2007-06-22,0.0,
2007-06-23,0.0,
2007-06-24,0.0,
2007-06-25,0.0,
2007-06-26,0.0,
2007-06-27,0.0,
2007-06-28,0.0,
2007-06-29,0.0,
2007-06-30,0.0,
2007-07-01,0.0,
2007-07-02,0.0,
2007-07-03,0.0,
2007-07-04,0.0,
2007-07-05,0.0,
2007-07-06,0.0,
2007-07-07,0.0,
2007-07-08,0.0,
2007-07-09,0.0,
2007-07-10,0.0,
2007-07-11,0.0,
2007-07-12,0.0,
2007-07-13,0.0,
2007-07-14,0.0,
2007-07-15,0.0,
2007-07-16,0.0,
2007-07-17,0.0,
2007-07-18,0.0,
2007-07-19,0.0,
2007-07-20,0.0,
2007-07-21,0.0,
2007-07-22,0.0,
2007-07-23,0.0,
2007-07-24,0.0,
2007-07-25,0.0,
2007-07-26,0.0,
2007-07-27,0.0,
2007-07-28,0.0,
2007-07-29,0.0,
2007-07-30,0.0,
2007-07-31,0.0,
2007-08-01,0.0,
2007-08-02,0.0,
2007-08-03,0.0,
2007-08-04,0.0,
2007-08-05,0.0,
2007-08-06,0.0,
2007-08-07,0.0,
2007-08-08,0.0,
2007-08-09,0.0,
2007-08-10,0.0,
2007-08-11,0.0,
2007-08-12,0.0,
2007-08-13,0.0,
2007-08-14,0.0,
2007-08-15,0.0,
2007-08-16,0.0,
2007-08-17,0.0,
2007-08-18,0.0,
2007-08-19,0.0,
2007-08-20,0.0,
2007-08-21,0.0,
2007-08-22,0.0,
2007-08-23,0.0,
2007-08-24,0.0,
2007-08-25,0.0,
2007-08-26,0.0,
2007-08-27,0.0,
2007-08-28,0.0,
2007-08-29,0.0,
2007-08-30,0.0,
2007-08-31,0.0,
2007-09-01,0.0,
2007-09-02,0.0,
2007-09-03,0.0,
2007-09-04,0.0,
2007-09-05,0.0,
2007-09-06,0.0,
2007-09-07,0.0,
2007-09-08,0.0,
2007-09-09,0.0,
2007-09-10,0.0,
2007-09-11,0.0,
2007-09-12,0.0,
2007-09-13,0.0,
2007-09-14,0.0,
2007-09-15,0.0,
2007-09-16,0.0,
2007-09-17,0.0,
2007-09-18,0.0,
2007-09-19,0.0,
2007-09-20,0.0,
2007-09-21,0.0,
2007-09-22,0.0,
2007-09-23,0.0,
2007-09-24,0.0,
2007-09-25,0.0,
2007-09-26,0.0,
2007-09-27,0.0,
2007-09-28,0.0,
2007-09-29,0.0,
2007-09-30,0.0,
2007-10-01,0.0,
2007-10-02,0.0,
2007-10-03,0.0,
2007-10-04,0.0,
2007-10-05,0.0,
2007-10-06,0.0,
2007-10-07,0.0,
2007-10-08,0.0,
2007-10-09,0.0,
2007-10-10,0.0,
2007-10-11,0.0,
2007-10-12,0.0,
2007-10-13,0.0,
2007-10-14,0.0,
2007-10-15,0.0,
2007-10-16,0.0,
2007-10-17,0.0,
2007-10-18,0.0,
2007-10-19,0.0,
2007-10-20,0.0,
2007-10-21,0.0,
2007-10-22,0.0,
2007-10-23,0.0,
2007-10-24,0.0,
2007-10-25,0.0,
2007-10-26,0.0,
2007-10-27,0.0,
2007-10-28,0.0,
2007-10-29,0.0,
2007-10-30,0.0,
2007-10-31,0.0,
2007-11-01,0.0,
2007-11-02,0.0,
2007-11-03,0.0,
2007-11-04,0.0,
2007-11-05,0.0,
2007-11-06,0.0,
2007-11-07,0.0,
2007-11-08,0.0,
2007-11-09,0.0,
2007-11-10,0.0,
2007-11-11,0.838,
2007-11-12,1.448,
2007-11-13,1.753,
2007-11-14,1.448,
2007-11-15,0.889,
2007-11-16,0.889,
2007-11-17,0.838,
2007-11-18,0.838,
2007-11-19,0.838,
2007-11-20,0.533,
2007-11-21,0.533,
2007-11-22,0.229,
2007-11-23,0.229,
2007-11-24,0.0,
2007-11-25,0.0,
2007-11-26,0.0,
2007-11-27,0.0,
2007-11-28,0.0,
2007-11-29,0.0,
2007-11-30,0.0,
2007-12-01,0.0,
2007-12-02,0.0,
2007-12-03,0.0,
2007-12-04,0.0,
2007-12-05,0.0,
2007-12-06,1.168,
2007-12-07,5.131,
2007-12-08,6.96,
2007-12-09,7.366,
2007-12-10,7.569,
2007-12-11,7.696,
2007-12-12,7.696,
2007-12-13,7.696,
2007-12-14,7.696,
2007-12-15,7.696,
2007-12-16,7.696,
2007-12-17,7.696,
2007-12-18,8.001,
2007-12-19,12.573,
2007-12-20,13.792,
2007-12-21,16.84,
2007-12-22,17.145,
2007-12-23,17.145,
2007-12-24,17.45,
2007-12-25,17.45,
2007-12-26,17.45,
2007-12-27,17.45,
2007-12-28,17.45,
2007-12-29,17.45,
2007-12-30,18.059,
2007-12-31,18.669,
2008-01-01,18.669,
2008-01-02,18.974,
2008-01-03,18.974,
2008-01-04,18.974,
2008-01-05,32.08,
2008-01-06,38.786,
2008-01-07,39.395,
2008-01-08,39.7,
2008-01-09,42.139,
2008-01-10,42.443,
2008-01-11,43.358,
2008-01-12,43.663,
2008-01-13,43.967,
2008-01-14,43.967,
2008-01-15,43.967,
2008-01-16,44.272,
2008-01-17,44.272,
2008-01-18,44.272,
2008-01-19,44.272,
2008-01-20,44.272,
2008-01-21,44.272,
2008-01-22,44.272,
2008-01-23,45.491,
2008-01-24,47.93,
2008-01-25,49.759,
2008-01-26,50.978,
2008-01-27,52.197,
2008-01-28,60.427,
2008-01-29,61.646,
2008-01-30,62.56,
2008-01-31,63.17,
2008-02-01,66.218,
2008-02-02,66.827,
2008-02-03,71.399,
2008-02-04,74.752,
2008-02-05,75.057,
2008-02-06,75.362,
2008-02-07,75.362,
2008-02-08,75.362,
2008-02-09,75.667,
2008-02-10,75.667,
2008-02-11,75.667,
2008-02-12,75.667,
2008-02-13,75.667,
2008-02-14,75.362,
2008-02-15,75.057,
2008-02-16,75.057,
2008-02-17,75.057,
2008-02-18,75.057,
2008-02-19,75.057,
2008-02-20,75.057,
2008-02-21,75.667,
2008-02-22,76.276,
2008-02-23,79.324,
2008-02-24,85.42,
2008-02-25,90.907,
2008-02-26,91.821,
2008-02-27,92.126,
2008-02-28,92.431,
2008-02-29,92.431,
2008-03-01,92.431,
2008-03-02,92.431,
2008-03-03,92.431,
2008-03-04,92.431,
2008-03-05,92.431,
2008-03-06,92.431,
2008-03-07,92.431,
2008-03-08,92.431,
2008-03-09,92.431,
2008-03-10,92.126,
2008-03-11,91.516,
2008-03-12,91.211,
2008-03-13,90.602,
2008-03-14,91.516,
2008-03-15,91.516,
2008-03-16,92.126,
2008-03-17,92.431,
2008-03-18,92.735,
2008-03-19,93.345,
2008-03-20,93.345,
2008-03-21,93.345,
2008-03-22,93.04,
2008-03-23,92.431,
2008-03-24,91.516,
2008-03-25,91.516,
2008-03-26,91.516,
2008-03-27,91.516,
2008-03-28,91.516,
2008-03-29,92.126,
2008-03-30,92.431,
2008-03-31,92.431,
2008-04-01,92.735,
2008-04-02,92.735,
2008-04-03,92.735,
2008-04-04,91.821,
2008-04-05,91.44,
2008-04-06,91.186,
2008-04-07,89.383,
2008-04-08,88.163,
2008-04-09,86.944,
2008-04-10,85.725,
2008-04-11,84.506,
2008-04-12,83.591,
2008-04-13,83.591,
2008-04-14,83.287,
2008-04-15,82.372,
2008-04-16,82.677,
2008-04-17,81.458,
2008-04-18,79.324,
2008-04-19,78.41,
2008-04-20,78.105,
2008-04-21,78.105,
2008-04-22,78.41,
2008-04-23,78.105,
2008-04-24,79.324,
2008-04-25,80.239,
2008-04-26,75.057,
2008-04-27,74.752,
2008-04-28,73.533,
2008-04-29,71.704,
2008-04-30,70.18,
2008-05-01,68.656,
2008-05-02,67.437,
2008-05-03,66.827,
2008-05-04,65.608,
2008-05-05,64.694,
2008-05-06,64.389,
2008-05-07,62.255,
2008-05-08,60.122,
2008-05-09,58.903,
2008-05-10,57.074,
2008-05-11,55.245,
2008-05-12,52.502,
2008-05-13,50.978,
2008-05-14,48.235,
2008-05-15,45.491,
2008-05-16,41.834,
2008-05-17,37.567,
2008-05-18,33.299,
2008-05-19,28.727,
2008-05-20,24.765,
2008-05-21,20.498,
2008-05-22,17.45,
2008-05-23,15.316,
2008-05-24,15.011,
2008-05-25,16.84,
2008-05-26,18.059,
2008-05-27,18.669,
2008-05-28,18.974,
2008-05-29,19.583,
2008-05-30,19.583,
2008-05-31,18.364,
2008-06-01,17.145,
2008-06-02,15.926,
2008-06-03,12.878,
2008-06-04,8.915,
2008-06-05,5.258,
2008-06-06,3.734,
2008-06-07,3.124,
2008-06-08,2.515,
2008-06-09,2.21,
2008-06-10,0.0,
2008-06-11,0.0,
2008-06-12,0.0,
2008-06-13,0.0,
2008-06-14,0.0,
2008-06-15,0.0,
2008-06-16,0.0,
2008-06-17,0.0,
2008-06-18,0.0,
2008-06-19,0.0,
2008-06-20,0.0,
2008-06-21,0.0,
2008-06-22,0.0,
2008-06-23,0.0,
2008-06-24,0.0,
2008-06-25,0.0,
2008-06-26,0.0,
2008-06-27,0.0,
2008-06-28,0.0,
2008-06-29,0.0,
2008-06-30,0.0,
2008-07-01,0.0,
2008-07-02,0.0,
2008-07-03,0.0,
2008-07-04,0.0,
2008-07-05,0.0,
2008-07-06,0.0,
2008-07-07,0.0,
2008-07-08,0.0,
2008-07-09,0.0,
2008-07-10,0.0,
2008-07-11,0.0,
2008-07-12,0.0,
2008-07-13,0.0,
2008-07-14,0.0,
2008-07-15,0.0,
2008-07-16,0.0,
2008-07-17,0.0,
2008-07-18,0.0,
2008-07-19,0.0,
2008-07-20,0.0,
2008-07-21,0.0,
2008-07-22,0.0,
2008-07-23,0.0,
2008-07-24,0.0,
2008-07-25,0.0,
2008-07-26,0.0,
2008-07-27,0.0,
2008-07-28,0.0,
2008-07-29,0.0,
2008-07-30,0.0,
2008-07-31,0.0,
2008-08-01,0.0,
2008-08-02,0.0,
2008-08-03,0.0,
2008-08-04,0.0,
2008-08-05,0.0,
2008-08-06,0.0,
2008-08-07,0.0,
2008-08-08,0.0,
2008-08-09,0.0,
2008-08-10,0.0,
2008-08-11,0.0,
2008-08-12,0.0,
2008-08-13,0.0,
2008-08-14,0.0,
2008-08-15,0.0,
2008-08-16,0.0,
2008-08-17,0.0,
2008-08-18,0.0,
2008-08-19,0.0,
2008-08-20,0.0,
2008-08-21,0.0,
2008-08-22,0.0,
2008-08-23,0.0,
2008-08-24,0.0,
2008-08-25,0.0,
2008-08-26,0.0,
2008-08-27,0.0,
2008-08-28,0.0,
2008-08-29,0.0,
2008-08-30,0.0,
2008-08-31,0.0,
2008-09-01,0.0,
2008-09-02,0.0,
2008-09-03,0.0,
2008-09-04,0.0,
2008-09-05,0.0,
2008-09-06,0.0,
2008-09-07,0.0,
2008-09-08,0.0,
2008-09-09,0.0,
2008-09-10,0.0,
2008-09-11,0.0,
2008-09-12,0.0,
2008-09-13,0.0,
2008-09-14,0.0,
2008-09-15,0.0,
2008-09-16,0.0,
2008-09-17,0.0,
2008-09-18,0.0,
2008-09-19,0.0,
2008-09-20,0.0,
2008-09-21,0.0,
2008-09-22,0.0,
2008-09-23,0.0,
2008-09-24,0.0,
2008-09-25,0.0,
2008-09-26,0.0,
2008-09-27,0.0,
2008-09-28,0.0,
2008-09-29,0.0,
2008-09-30,0.0,
2008-10-01,0.0,0.0
2008-10-02,0.0,0.0
2008-10-03,0.0,0.0
2008-10-04,0.0,0.0
2008-10-05,0.0,0.0
2008-10-06,0.0,0.0
2008-10-07,0.0,0.0
2008-10-08,0.0,0.0
2008-10-09,0.0,0.0
2008-10-10,0.0,0.0
2008-10-11,0.0,0.0
2008-10-12,0.0,0.0
2008-10-13,0.0,0.0
2008-10-14,0.0,0.0
2008-10-15,0.0,0.0
2008-10-16,0.0,0.0
2008-10-17,0.0,0.0
2008-10-18,0.0,0.0
2008-10-19,0.0,0.0
2008-10-20,0.0,0.0
2008-10-21,0.0,0.0
2008-10-22,0.0,0.0
2008-10-23,0.0,0.0
2008-10-24,0.0,0.0
2008-10-25,0.0,0.0
2008-10-26,0.0,0.0
2008-10-27,0.0,0.0
2008-10-28,0.0,0.0
2008-10-29,0.0,0.0
2008-10-30,0.025,2.54
2008-10-31,0.94,10.16
2008-11-01,1.854,5.08
2008-11-02,1.854,15.24
2008-11-03,3.378,27.94
2008-11-04,5.512,35.56
2008-11-05,6.121,33.02
2008-11-06,6.731,30.48
2008-11-07,7.036,25.4
2008-11-08,7.036,27.94
2008-11-09,7.036,30.48
2008-11-10,7.341,30.48
2008-11-11,7.341,30.48
2008-11-12,7.645,25.4
2008-11-13,7.645,25.4
2008-11-14,7.645,22.86
2008-11-15,7.036,20.32
2008-11-16,6.426,15.24
2008-11-17,6.121,15.24
2008-11-18,5.817,15.24
2008-11-19,5.817,15.24
2008-11-20,5.817,15.24
2008-11-21,5.817,12.7
2008-11-22,5.207,12.7
2008-11-23,4.293,10.16
2008-11-24,4.293,12.7
2008-11-25,4.293,12.7
2008-11-26,4.293,17.78
2008-11-27,4.293,17.78
2008-11-28,4.293,17.78
2008-11-29,3.988,17.78
2008-11-30,4.293,12.7
2008-12-01,4.293,12.7
2008-12-02,3.988,12.7
2008-12-03,3.988,12.7
2008-12-04,3.988,12.7
2008-12-05,3.683,12.7
2008-12-06,3.683,12.7
2008-12-07,3.683,12.7
2008-12-08,3.683,12.7
2008-12-09,3.683,12.7
2008-12-10,3.683,10.16
2008-12-11,3.683,10.16
2008-12-12,3.683,10.16
2008-12-13,6.121,20.32
2008-12-14,6.121,38.1
2008-12-15,7.036,71.12
2008-12-16,9.474,73.66
2008-12-17,9.779,68.58
2008-12-18,10.084,58.42
2008-12-19,10.084,66.04
2008-12-20,10.389,60.96
2008-12-21,10.998,81.28
2008-12-22,14.046,101.6
2008-12-23,15.57,104.14
2008-12-24,16.18,116.84
2008-12-25,19.837,165.1
2008-12-26,26.238,172.72
2008-12-27,26.848,160.02
2008-12-28,27.153,147.32
2008-12-29,27.762,142.24
2008-12-30,27.762,134.62
2008-12-31,27.762,132.08
2009-01-01,27.762,127.0
2009-01-02,28.067,137.16
2009-01-03,28.981,134.62
2009-01-04,29.286,129.54
2009-01-05,29.591,132.08
2009-01-06,30.201,129.54
2009-01-07,30.505,127.0
2009-01-08,30.81,124.46
2009-01-09,30.81,121.92
2009-01-10,30.81,119.38
2009-01-11,31.115,116.84
2009-01-12,31.115,116.84
2009-01-13,31.115,114.3
2009-01-14,31.115,114.3
2009-01-15,31.42,111.76
2009-01-16,31.42,109.22
2009-01-17,31.42,109.22
2009-01-18,31.42,106.68
2009-01-19,31.42,106.68
2009-01-20,31.42,104.14
2009-01-21,31.42,101.6
2009-01-22,31.42,116.84
2009-01-23,35.382,142.24
2009-01-24,40.869,170.18
2009-01-25,46.05,182.88
2009-01-26,47.269,180.34
2009-01-27,47.879,172.72
2009-01-28,48.489,165.1
2009-01-29,49.098,160.02
2009-01-30,49.403,154.94
2009-01-31,49.708,152.4
2009-02-01,49.708,147.32
2009-02-02,50.013,144.78
2009-02-03,50.317,142.24
2009-02-04,50.317,139.7
2009-02-05,50.317,142.24
2009-02-06,50.317,162.56
2009-02-07,50.622,170.18
2009-02-08,51.537,182.88
2009-02-09,53.365,203.2
2009-02-10,53.975,198.12
2009-02-11,54.28,215.9
2009-02-12,55.499,218.44
2009-02-13,55.804,243.84
2009-02-14,58.242,254.0
2009-02-15,58.852,256.54
2009-02-16,60.376,274.32
2009-02-17,63.119,304.8
2009-02-18,66.167,304.8
2009-02-19,66.777,284.48
2009-02-20,66.777,269.24
2009-02-21,66.777,259.08
2009-02-22,66.777,279.4
2009-02-23,69.215,294.64
2009-02-24,72.873,292.1
2009-02-25,73.482,279.4
2009-02-26,74.092,281.94
2009-02-27,74.701,276.86
2009-02-28,75.006,271.78
2009-03-01,75.006,284.48
2009-03-02,77.14,299.72
2009-03-03,84.15,340.36
2009-03-04,91.465,375.92
2009-03-05,95.428,363.22
2009-03-06,96.342,353.06
2009-03-07,96.647,345.44
2009-03-08,97.257,335.28
2009-03-09,97.561,330.2
2009-03-10,97.561,325.12
2009-03-11,97.561,320.04
2009-03-12,97.561,314.96
2009-03-13,97.561,309.88
2009-03-14,97.561,304.8
2009-03-15,97.561,302.26
2009-03-16,97.257,297.18
2009-03-17,97.257,292.1
2009-03-18,97.561,287.02
2009-03-19,97.561,279.4
2009-03-20,97.257,271.78
2009-03-21,97.257,276.86
2009-03-22,98.171,312.42
2009-03-23,100.914,309.88
2009-03-24,101.829,299.72
2009-03-25,102.438,289.56
2009-03-26,102.438,284.48
2009-03-27,102.438,279.4
2009-03-28,102.438,271.78
2009-03-29,101.219,269.24
2009-03-30,100.914,266.7
2009-03-31,100.609,264.16
2009-04-01,100.0,259.08
2009-04-02,98.171,254.0
2009-04-03,97.257,251.46
2009-04-04,96.952,251.46
2009-04-05,96.342,248.92
2009-04-06,96.647,246.38
2009-04-07,96.037,269.24
2009-04-08,95.428,276.86
2009-04-09,96.647,279.4
2009-04-10,97.866,287.02
2009-04-11,98.781,281.94
2009-04-12,99.085,269.24
2009-04-13,99.39,259.08
2009-04-14,98.476,259.08
2009-04-15,97.866,259.08
2009-04-16,97.866,254.0
2009-04-17,98.781,248.92
2009-04-18,97.257,243.84
2009-04-19,95.733,238.76
2009-04-20,95.123,233.68
2009-04-21,95.123,228.6
2009-04-22,94.513,223.52
2009-04-23,93.599,218.44
2009-04-24,92.685,231.14
2009-04-25,91.77,231.14
2009-04-26,92.075,220.98
2009-04-27,92.989,215.9
2009-04-28,93.294,213.36
2009-04-29,91.77,210.82
2009-04-30,90.551,205.74
2009-05-01,89.637,220.98
2009-05-02,89.941,236.22
2009-05-03,93.599,231.14
2009-05-04,94.818,226.06
2009-05-05,94.513,223.52
2009-05-06,93.904,218.44
2009-05-07,92.38,208.28
2009-05-08,91.161,203.2
2009-05-09,89.941,198.12
2009-05-10,89.027,190.5
2009-05-11,87.198,185.42
2009-05-12,84.76,177.8
2009-05-13,82.321,172.72
2009-05-14,80.188,167.64
2009-05-15,77.445,162.56
2009-05-16,75.006,154.94
2009-05-17,71.958,149.86
2009-05-18,68.301,137.16
2009-05-19,65.253,132.08
2009-05-20,61.595,124.46
2009-05-21,58.242,116.84
2009-05-22,55.194,109.22
2009-05-23,51.537,99.06
2009-05-24,47.879,91.44
2009-05-25,44.221,83.82
2009-05-26,40.869,76.2
2009-05-27,37.211,66.04
2009-05-28,34.468,58.42
2009-05-29,32.029,50.8
2009-05-30,28.981,45.72
2009-05-31,26.543,40.64
2009-06-01,21.666,30.48
2009-06-02,18.618,25.4
2009-06-03,15.875,20.32
2009-06-04,13.437,15.24
2009-06-05,9.779,12.7
2009-06-06,9.474,15.24
2009-06-07,9.474,15.24
2009-06-08,7.95,5.08
2009-06-09,6.121,2.54
2009-06-10,3.988,2.54
2009-06-11,2.769,2.54
2009-06-12,2.769,0.0
2009-06-13,2.159,2.54
2009-06-14,2.159,2.54
2009-06-15,2.464,2.54
2009-06-16,2.159,2.54
2009-06-17,1.854,416.56
2009-06-18,1.854,2.54
2009-06-19,1.549,2.54
2009-06-20,1.245,2.54
2009-06-21,0.94,2.54
2009-06-22,0.0,2.54
2009-06-23,0.0,0.0
2009-06-24,0.0,0.0
2009-06-25,0.0,0.0
2009-06-26,0.0,0.0
2009-06-27,0.0,2.54
2009-06-28,0.0,2.54
2009-06-29,0.0,0.0
2009-06-30,0.0,0.0
2009-07-01,0.0,0.0
2009-07-02,0.0,0.0
2009-07-03,0.0,0.0
2009-07-04,0.0,0.0
2009-07-05,0.0,2.54
2009-07-06,0.0,2.54
2009-07-07,0.0,2.54
2009-07-08,0.0,2.54
2009-07-09,0.0,2.54
2009-07-10,0.0,2.54
2009-07-11,0.0,2.54
2009-07-12,0.0,2.54
2009-07-13,0.0,2.54
2009-07-14,0.0,0.0
2009-07-15,0.0,0.0
2009-07-16,0.0,0.0
2009-07-17,0.0,0.0
2009-07-18,0.0,0.0
2009-07-19,0.0,0.0
2009-07-20,0.0,0.0
2009-07-21,0.0,0.0
2009-07-22,0.0,0.0
2009-07-23,0.0,2.54
2009-07-24,0.0,0.0
2009-07-25,0.0,0.0
2009-07-26,0.0,0.0
2009-07-27,0.0,0.0
2009-07-28,0.0,0.0
2009-07-29,0.0,0.0
2009-07-30,0.0,0.0
2009-07-31,0.0,0.0
2009-08-01,0.0,0.0
2009-08-02,0.0,0.0
2009-08-03,0.0,2.54
2009-08-04,0.0,0.0
2009-08-05,0.0,2.54
2009-08-06,0.0,2.54
2009-08-07,0.0,0.0
2009-08-08,0.0,0.0
2009-08-09,0.0,0.0
2009-08-10,0.0,0.0
2009-08-11,0.0,0.0
2009-08-12,0.0,0.0
2009-08-13,0.0,0.0
2009-08-14,0.0,2.54
2009-08-15,0.0,2.54
2009-08-16,0.0,0.0
2009-08-17,0.0,0.0
2009-08-18,0.0,0.0
2009-08-19,0.0,0.0
2009-08-20,0.0,0.0
2009-08-21,0.0,0.0
2009-08-22,0.0,0.0
2009-08-23,0.0,2.54
2009-08-24,0.0,2.54
2009-08-25,0.0,2.54
2009-08-26,0.0,2.54
2009-08-27,0.0,2.54
2009-08-28,0.0,2.54
2009-08-29,0.0,0.0
2009-08-30,0.0,0.0
2009-08-31,0.0,2.54
2009-09-01,0.0,2.54
2009-09-02,0.0,0.0
2009-09-03,0.0,0.0
2009-09-04,0.0,0.0
2009-09-05,0.0,2.54
2009-09-06,0.0,2.54
2009-09-07,0.0,2.54
2009-09-08,0.0,0.0
2009-09-09,0.0,0.0
2009-09-10,0.0,0.0
2009-09-11,0.0,0.0
2009-09-12,0.0,0.0
2009-09-13,0.0,2.54
2009-09-14,0.0,2.54
2009-09-15,0.0,2.54
2009-09-16,0.0,2.54
2009-09-17,0.0,0.0
2009-09-18,0.0,0.0
2009-09-19,0.0,2.54
2009-09-20,0.0,2.54
2009-09-21,0.0,0.0
2009-09-22,0.0,0.0
2009-09-23,0.0,2.54
2009-09-24,0.0,2.54
2009-09-25,0.0,2.54
2009-09-26,0.0,2.54
2009-09-27,0.0,5.08
2009-09-28,0.0,5.08
2009-09-29,0.0,2.54
2009-09-30,0.0,5.08
2009-10-01,0.0,0.0
2009-10-02,0.0,2.54
2009-10-03,0.0,2.54
2009-10-04,0.0,5.08
2009-10-05,0.0,5.08
2009-10-06,0.0,2.54
2009-10-07,0.0,2.54
2009-10-08,0.0,2.54
2009-10-09,0.0,2.54
2009-10-10,0.0,2.54
2009-10-11,0.0,2.54
2009-10-12,0.0,2.54
2009-10-13,0.0,17.78
2009-10-14,4.293,7.62
2009-10-15,3.378,5.08
2009-10-16,1.854,0.0
2009-10-17,1.245,2.54
2009-10-18,1.245,2.54
2009-10-19,1.245,5.08
2009-10-20,1.245,5.08
2009-10-21,1.245,2.54
2009-10-22,1.245,2.54
2009-10-23,1.245,0.0
2009-10-24,1.245,2.54
2009-10-25,0.94,2.54
2009-10-26,0.94,2.54
2009-10-27,0.94,2.54
2009-10-28,0.94,2.54
2009-10-29,0.94,2.54
2009-10-30,0.635,2.54
2009-10-31,0.635,2.54
2009-11-01,0.635,0.0
2009-11-02,0.635,0.0
2009-11-03,0.635,0.0
2009-11-04,0.635,0.0
2009-11-05,0.635,2.54
2009-11-06,0.33,0.0
2009-11-07,0.33,2.54
2009-11-08,0.33,2.54
2009-11-09,0.33,0.0
2009-11-10,0.33,0.0
2009-11-11,0.33,
2009-11-12,0.33,2.54
2009-11-13,0.94,10.16
2009-11-14,0.94,7.62
2009-11-15,0.94,10.16
2009-11-16,0.94,5.08
2009-11-17,1.245,5.08
2009-11-18,1.549,5.08
2009-11-19,1.549,5.08
2009-11-20,2.159,5.08
2009-11-21,2.464,15.24
2009-11-22,3.073,15.24
2009-11-23,3.073,12.7
2009-11-24,3.073,12.7
2009-11-25,3.378,12.7
2009-11-26,3.683,10.16
2009-11-27,3.988,12.7
2009-11-28,3.988,22.86
2009-11-29,3.988,15.24
2009-11-30,4.293,12.7
2009-12-01,4.902,12.7
2009-12-02,5.817,12.7
2009-12-03,6.121,12.7
2009-12-04,6.426,12.7
2009-12-05,6.426,12.7
2009-12-06,6.121,12.7
2009-12-07,6.426,
2009-12-08,9.474,71.12
2009-12-09,10.084,60.96
2009-12-10,10.389,50.8
2009-12-11,10.693,53.34
2009-12-12,14.351,76.2
2009-12-13,21.361,
2009-12-14,23.8,121.92
2009-12-15,24.105,114.3
2009-12-16,24.105,109.22
2009-12-17,24.105,104.14
2009-12-18,24.409,101.6
2009-12-19,24.409,99.06
2009-12-20,24.409,96.52
2009-12-21,24.409,93.98
2009-12-22,26.543,119.38
2009-12-23,27.153,114.3
2009-12-24,27.457,109.22
2009-12-25,27.457,106.68
2009-12-26,27.457,106.68
2009-12-27,27.457,104.14
2009-12-28,27.457,111.76
2009-12-29,27.457,114.3
2009-12-30,27.762,121.92
2009-12-31,28.677,121.92
2010-01-01,28.981,116.84
2010-01-02,28.981,116.84
2010-01-03,28.981,114.3
2010-01-04,29.286,111.76
2010-01-05,29.286,111.76
2010-01-06,29.286,109.22
2010-01-07,29.286,106.68
2010-01-08,29.286,106.68
2010-01-09,29.286,106.68
2010-01-10,29.286,106.68
2010-01-11,29.896,96.52
2010-01-12,30.201,106.68
2010-01-13,32.029,129.54
2010-01-14,35.077,144.78
2010-01-15,35.687,139.7
2010-01-16,35.992,137.16
2010-01-17,35.992,134.62
2010-01-18,36.601,144.78
2010-01-19,44.221,195.58
2010-01-20,48.184,223.52
2010-01-21,55.499,259.08
2010-01-22,59.461,284.48
2010-01-23,61.9,287.02
2010-01-24,62.205,271.78
2010-01-25,63.119,266.7
2010-01-26,64.643,269.24
2010-01-27,65.253,259.08
2010-01-28,65.278,
2010-01-29,65.557,248.92
2010-01-30,65.557,243.84
2010-01-31,65.557,243.84
2010-02-01,65.557,238.76
2010-02-02,65.557,236.22
2010-02-03,65.557,236.22
2010-02-04,65.557,233.68
2010-02-05,65.862,243.84
2010-02-06,67.996,256.54
2010-02-07,70.434,271.78
2010-02-08,71.044,264.16
2010-02-09,71.044,261.62
2010-02-10,71.349,259.08
2010-02-11,71.349,254.0
2010-02-12,71.349,248.92
2010-02-13,71.653,243.84
2010-02-14,71.653,241.3
2010-02-15,71.653,238.76
2010-02-16,71.653,236.22
2010-02-17,71.653,231.14
2010-02-18,71.349,226.06
2010-02-19,71.044,223.52
2010-02-20,70.739,228.6
2010-02-21,70.739,231.14
2010-02-22,71.044,251.46
2010-02-23,71.044,241.3
2010-02-24,72.263,266.7
2010-02-25,74.397,269.24
2010-02-26,75.311,264.16
2010-02-27,79.578,312.42
2010-02-28,81.407,309.88
2010-03-01,82.017,299.72
2010-03-02,82.017,292.1
2010-03-03,83.541,309.88
2010-03-04,86.284,335.28
2010-03-05,86.893,325.12
2010-03-06,87.198,317.5
2010-03-07,87.198,309.88
2010-03-08,87.503,304.8
2010-03-09,87.503,309.88
2010-03-10,88.113,317.5
2010-03-11,88.722,309.88
2010-03-12,89.332,302.26
2010-03-13,92.075,337.82
2010-03-14,92.989,327.66
2010-03-15,93.599,317.5
2010-03-16,93.904,309.88
2010-03-17,93.599,302.26
2010-03-18,93.599,294.64
2010-03-19,93.294,287.02
2010-03-20,92.989,279.4
2010-03-21,92.38,274.32
2010-03-22,91.77,274.32
2010-03-23,91.465,269.24
2010-03-24,90.856,264.16
2010-03-25,90.246,264.16
2010-03-26,89.637,271.78
2010-03-27,89.637,264.16
2010-03-28,89.332,259.08
2010-03-29,88.417,256.54
2010-03-30,87.808,251.46
2010-03-31,88.722,274.32
2010-04-01,89.941,284.48
2010-04-02,89.941,281.94
2010-04-03,91.465,294.64
2010-04-04,92.075,289.56
2010-04-05,95.733,335.28
2010-04-06,98.171,335.28
2010-04-07,99.085,320.04
2010-04-08,99.695,304.8
2010-04-09,99.695,294.64
2010-04-10,98.476,289.56
2010-04-11,97.866,284.48
2010-04-12,100.0,325.12
2010-04-13,103.353,337.82
2010-04-14,103.962,327.66
2010-04-15,104.572,320.04
2010-04-16,105.181,309.88
2010-04-17,105.181,304.8
2010-04-18,101.219,294.64
2010-04-19,95.123,287.02
2010-04-20,95.123,281.94
2010-04-21,99.695,312.42
2010-04-22,104.572,322.58
2010-04-23,107.01,307.34
2010-04-24,106.096,294.64
2010-04-25,100.914,287.02
2010-04-26,99.39,279.4
2010-04-27,100.305,274.32
2010-04-28,105.181,281.94
2010-04-29,111.277,314.96
2010-04-30,113.716,304.8
2010-05-01,115.545,292.1
2010-05-02,116.764,284.48
2010-05-03,108.839,279.4
2010-05-04,108.534,274.32
2010-05-05,110.058,269.24
2010-05-06,110.973,264.16
2010-05-07,111.277,259.08
2010-05-08,111.582,254.0
2010-05-09,111.887,248.92
2010-05-10,111.887,254.0
2010-05-11,114.021,281.94
2010-05-12,115.849,269.24
2010-05-13,117.678,259.08
2010-05-14,117.983,254.0
2010-05-15,115.24,248.92
2010-05-16,114.935,243.84
2010-05-17,114.63,236.22
2010-05-18,114.021,248.92
2010-05-19,114.021,241.3
2010-05-20,114.63,236.22
2010-05-21,114.63,228.6
2010-05-22,112.497,231.14
2010-05-23,111.887,241.3
2010-05-24,112.192,231.14
2010-05-25,112.497,231.14
2010-05-26,114.021,238.76
2010-05-27,114.63,241.3
2010-05-28,116.154,266.7
2010-05-29,117.678,251.46
2010-05-30,117.373,238.76
2010-05-31,114.935,233.68
2010-06-01,114.325,228.6
2010-06-02,114.021,220.98
2010-06-03,113.411,213.36
2010-06-04,110.668,205.74
2010-06-05,107.315,198.12
2010-06-06,104.267,185.42
2010-06-07,99.695,177.8
2010-06-08,93.599,170.18
2010-06-09,89.027,160.02
2010-06-10,85.065,152.4
2010-06-11,81.712,142.24
2010-06-12,78.74,137.16
2010-06-13,75.921,132.08
2010-06-14,72.873,124.46
2010-06-15,69.215,116.84
2010-06-16,64.948,109.22
2010-06-17,61.595,96.52
2010-06-18,58.242,91.44
2010-06-19,54.585,86.36
2010-06-20,50.927,83.82
2010-06-21,46.66,73.66
2010-06-22,42.088,66.04
2010-06-23,36.906,60.96
2010-06-24,31.115,43.18
2010-06-25,26.848,33.02
2010-06-26,22.885,20.32
2010-06-27,15.57,22.86
2010-06-28,7.341,7.62
2010-06-29,3.683,
2010-06-30,2.159,
2010-07-01,0.762,0.0
2010-07-02,0.0,
2010-07-03,0.0,0.0
2010-07-04,0.0,
2010-07-05,0.0,
2010-07-06,0.0,
2010-07-07,0.0,0.0
2010-07-08,0.0,0.0
2010-07-09,0.0,
2010-07-10,0.0,
2010-07-11,0.0,0.0
2010-07-12,0.0,0.0
2010-07-13,0.0,0.0
2010-07-14,0.0,0.0
2010-07-15,0.0,0.0
2010-07-16,0.0,0.0
2010-07-17,0.0,0.0
2010-07-18,0.0,0.0
2010-07-19,0.0,2.54
2010-07-20,0.0,0.0
2010-07-21,0.0,2.54
2010-07-22,0.0,0.0
2010-07-23,0.0,0.0
2010-07-24,0.0,0.0
2010-07-25,0.0,0.0
2010-07-26,0.0,0.0
2010-07-27,0.0,0.0
2010-07-28,0.0,2.54
2010-07-29,0.0,0.0
2010-07-30,0.0,0.0
2010-07-31,0.0,2.54
2010-08-01,0.0,0.0
2010-08-02,0.0,0.0
2010-08-03,0.0,0.0
2010-08-04,0.0,0.0
2010-08-05,0.0,2.54
2010-08-06,0.0,0.0
2010-08-07,0.0,0.0
2010-08-08,0.0,0.0
2010-08-09,0.0,0.0
2010-08-10,0.0,2.54
2010-08-11,0.0,0.0
2010-08-12,0.0,2.54
2010-08-13,0.0,0.0
2010-08-14,0.0,0.0
2010-08-15,0.0,0.0
2010-08-16,0.0,0.0
2010-08-17,0.0,0.0
2010-08-18,0.0,2.54
2010-08-19,0.0,2.54
2010-08-20,0.0,0.0
2010-08-21,0.0,0.0
2010-08-22,0.0,2.54
2010-08-23,0.0,0.0
2010-08-24,0.0,0.0
2010-08-25,0.0,0.0
2010-08-26,0.0,0.0
2010-08-27,0.0,2.54
2010-08-28,0.0,2.54
2010-08-29,0.0,0.0
2010-08-30,0.0,0.0
2010-08-31,0.0,0.0
2010-09-01,0.0,0.0
2010-09-02,0.0,0.0
2010-09-03,0.0,2.54
2010-09-04,0.0,2.54
2010-09-05,0.0,2.54
2010-09-06,0.0,0.0
2010-09-07,0.0,2.54
2010-09-08,0.0,2.54
2010-09-09,0.0,2.54
2010-09-10,0.0,0.0
2010-09-11,0.0,2.54
2010-09-12,0.0,2.54
2010-09-13,0.0,2.54
2010-09-14,0.0,2.54
2010-09-15,0.0,0.0
2010-09-16,0.0,0.0
2010-09-17,0.0,0.0
2010-09-18,0.0,0.0
2010-09-19,0.0,2.54
2010-09-20,0.0,2.54
2010-09-21,0.0,2.54
2010-09-22,0.0,2.54
2010-09-23,0.0,0.0
2010-09-24,0.0,0.0
2010-09-25,0.0,0.0
2010-09-26,0.0,0.0
2010-09-27,0.0,0.0
2010-09-28,0.0,0.0
2010-09-29,0.0,0.0
2010-09-30,0.0,0.0
2010-10-01,0.0,0.0
2010-10-02,0.0,0.0
2010-10-03,0.0,2.54
2010-10-04,0.0,0.0
2010-10-05,0.0,0.0
2010-10-06,0.0,0.0
2010-10-07,0.0,2.54
2010-10-08,0.0,
2010-10-09,0.0,0.0
2010-10-10,0.0,0.0
2010-10-11,0.0,0.0
2010-10-12,0.0,0.0
2010-10-13,0.0,0.0
2010-10-14,0.0,0.0
2010-10-15,0.0,0.0
2010-10-16,0.0,0.0
2010-10-17,0.0,0.0
2010-10-18,0.0,0.0
2010-10-19,0.0,2.54
2010-10-20,0.0,0.0
2010-10-21,0.0,
2010-10-22,0.0,0.0
2010-10-23,0.0,
2010-10-24,0.0,
2010-10-25,0.0,0.0
2010-10-26,0.0,2.54
2010-10-27,0.0,2.54
2010-10-28,0.0,0.0
2010-10-29,0.0,0.0
2010-10-30,0.0,2.54
2010-10-31,0.0,5.08
2010-11-01,0.0,2.54
2010-11-02,0.0,0.0
2010-11-03,0.0,0.0
2010-11-04,0.0,
2010-11-05,0.0,0.0
2010-11-06,0.0,2.54
2010-11-07,0.0,0.0
2010-11-08,0.0,30.48
2010-11-09,0.0,27.94
2010-11-10,0.0,30.48
2010-11-11,0.0,33.02
2010-11-12,0.0,30.48
2010-11-13,0.0,27.94
2010-11-14,0.0,25.4
2010-11-15,0.0,20.32
2010-11-16,5.207,17.78
2010-11-17,5.207,17.78
2010-11-18,4.902,17.78
2010-11-19,4.597,17.78
2010-11-20,6.121,
2010-11-21,12.217,
2010-11-22,16.18,
2010-11-23,16.789,116.84
2010-11-24,21.057,132.08
2010-11-25,21.057,124.46
2010-11-26,21.361,119.38
2010-11-27,21.666,111.76
2010-11-28,25.629,
2010-11-29,25.933,139.7
2010-11-30,25.933,132.08
2010-12-01,26.238,127.0
2010-12-02,26.543,124.46
2010-12-03,26.543,121.92
2010-12-04,26.543,116.84
2010-12-05,26.543,119.38
2010-12-06,30.505,142.24
2010-12-07,31.725,142.24
2010-12-08,32.029,137.16
2010-12-09,31.42,134.62
2010-12-10,33.249,132.08
2010-12-11,33.249,127.0
2010-12-12,33.858,124.46
2010-12-13,33.858,119.38
2010-12-14,33.858,119.38
2010-12-15,38.43,162.56
2010-12-16,38.735,157.48
2010-12-17,39.04,157.48
2010-12-18,46.66,193.04
2010-12-19,52.832,
2010-12-20,60.198,
2010-12-21,62.23,
2010-12-22,63.246,
2010-12-23,66.7,
2010-12-24,66.777,241.3
2010-12-25,67.081,236.22
2010-12-26,70.129,256.54
2010-12-27,70.434,248.92
2010-12-28,70.739,243.84
2010-12-29,78.054,302.26
2010-12-30,82.626,317.5
2010-12-31,82.626,304.8
2011-01-01,82.931,297.18
2011-01-02,86.284,314.96
2011-01-03,89.332,330.2
2011-01-04,89.637,320.04
2011-01-05,89.637,312.42
2011-01-06,89.941,307.34
2011-01-07,90.246,302.26
2011-01-08,90.246,297.18
2011-01-09,90.551,292.1
2011-01-10,90.551,289.56
2011-01-11,90.551,287.02
2011-01-12,91.161,292.1
2011-01-13,91.77,287.02
2011-01-14,91.77,281.94
2011-01-15,92.075,276.86
2011-01-16,92.38,271.78
2011-01-17,92.38,269.24
2011-01-18,92.38,264.16
2011-01-19,92.38,261.62
2011-01-20,92.38,259.08
2011-01-21,92.38,259.08
2011-01-22,92.38,256.54
2011-01-23,92.075,254.0
2011-01-24,92.075,251.46
2011-01-25,91.77,248.92
2011-01-26,91.77,246.38
2011-01-27,91.77,243.84
2011-01-28,91.77,243.84
2011-01-29,91.77,243.84
2011-01-30,91.77,259.08
2011-01-31,92.685,261.62
2011-02-01,92.989,256.54
2011-02-02,92.989,251.46
2011-02-03,92.989,248.92
2011-02-04,92.989,246.38
2011-02-05,92.989,243.84
2011-02-06,92.989,238.76
2011-02-07,92.989,236.22
2011-02-08,92.989,236.22
2011-02-09,92.685,233.68
2011-02-10,92.38,233.68
2011-02-11,92.38,233.68
2011-02-12,92.38,231.14
2011-02-13,92.38,231.14
2011-02-14,92.38,231.14
2011-02-15,92.685,233.68
2011-02-16,93.294,246.38
2011-02-17,100.0,
2011-02-18,105.791,350.52
2011-02-19,112.801,391.16
2011-02-20,115.849,381.0
2011-02-21,116.154,368.3
2011-02-22,116.459,358.14
2011-02-23,116.764,350.52
2011-02-24,116.764,345.44
2011-02-25,117.373,358.14
2011-02-26,122.555,378.46
2011-02-27,123.165,370.84
2011-02-28,123.469,360.68
2011-03-01,123.469,355.6
2011-03-02,123.469,353.06
2011-03-03,126.822,365.76
2011-03-04,128.346,365.76
2011-03-05,128.651,358.14
2011-03-06,128.956,360.68
2011-03-07,133.223,391.16
2011-03-08,135.357,391.16
2011-03-09,135.661,381.0
2011-03-10,135.966,373.38
2011-03-11,135.966,368.3
2011-03-12,135.966,363.22
2011-03-13,135.966,360.68
2011-03-14,136.271,373.38
2011-03-15,137.49,365.76
2011-03-16,140.233,373.38
2011-03-17,143.891,386.08
2011-03-18,144.196,381.0
2011-03-19,146.939,
2011-03-20,151.816,365.76
2011-03-21,161.569,
2011-03-22,164.922,
2011-03-23,165.837,
2011-03-24,170.713,
2011-03-25,177.114,
2011-03-26,178.638,
2011-03-27,181.381,
2011-03-28,181.381,
2011-03-29,181.381,
2011-03-30,181.381,
2011-03-31,181.381,
2011-04-01,180.467,
2011-04-02,179.857,
2011-04-03,179.857,
2011-04-04,180.162,
2011-04-05,180.162,
2011-04-06,179.553,
2011-04-07,179.553,
2011-04-08,180.162,
2011-04-09,180.772,
2011-04-10,181.077,
2011-04-11,181.381,
2011-04-12,181.381,
2011-04-13,181.381,
2011-04-14,181.381,
2011-04-15,181.381,
2011-04-16,181.381,
2011-04-17,181.381,
2011-04-18,180.467,
2011-04-19,177.114,
2011-04-20,174.676,
2011-04-21,170.713,
2011-04-22,170.713,
2011-04-23,173.152,
2011-04-24,174.981,
2011-04-25,175.895,
2011-04-26,176.505,
2011-04-27,177.114,
2011-04-28,177.419,
2011-04-29,174.371,
2011-04-30,171.12,
2011-05-01,168.58,
2011-05-02,166.141,
2011-05-03,163.5,
2011-05-04,159.131,
2011-05-05,157.353,
2011-05-06,156.083,
2011-05-07,155.778,
2011-05-08,154.254,
2011-05-09,152.73,
2011-05-10,151.816,
2011-05-11,151.511,
2011-05-12,151.511,
2011-05-13,151.816,
2011-05-14,151.511,
2011-05-15,149.987,416.56
2011-05-16,149.987,
2011-05-17,149.682,
2011-05-18,150.901,
2011-05-19,152.425,
2011-05-20,153.645,
2011-05-21,154.254,
2011-05-22,151.816,
2011-05-23,150.292,
2011-05-24,149.682,
2011-05-25,149.073,
2011-05-26,149.073,
2011-05-27,149.073,
2011-05-28,149.073,
2011-05-29,148.768,
2011-05-30,148.768,
2011-05-31,148.463,
2011-06-01,148.463,
2011-06-02,148.463,
2011-06-03,148.463,
2011-06-04,,
2011-06-05,,
2011-06-06,,
2011-06-07,,
2011-06-08,,
2011-06-09,,
2011-06-10,,383.54
2011-06-11,,
2011-06-12,,
2011-06-13,,
2011-06-14,,
2011-06-15,,
2011-06-16,,
2011-06-17,,
2011-06-18,,
2011-06-19,,187.96
2011-06-20,,185.42
2011-06-21,,
2011-06-22,,
2011-06-23,,457.2
2011-06-24,,
2011-06-25,,
2011-06-26,,
2011-06-27,,
2011-06-28,,
2011-06-29,,
2011-06-30,,
2011-07-01,,
2011-07-02,,
2011-07-03,,
2011-07-04,,
2011-07-05,,
2011-07-06,,
2011-07-07,,
2011-07-08,,
2011-07-09,,
2011-07-10,,
2011-07-11,,
2011-07-12,,
2011-07-13,,
2011-07-14,,
2011-07-15,,
2011-07-16,,
2011-07-17,,
2011-07-18,,
2011-07-19,,
2011-07-20,,
2011-07-21,,
2011-07-22,,
2011-07-23,,
2011-07-24,,
2011-07-25,,
2011-07-26,,
2011-07-27,,
2011-07-28,,
2011-07-29,,
2011-07-30,,
2011-07-31,,
2011-08-01,,
2011-08-02,,
2011-08-03,,
2011-08-04,,
2011-08-05,,
2011-08-06,,
2011-08-07,,
2011-08-08,,
2011-08-09,,
2011-08-10,,
2011-08-11,,
2011-08-12,,
2011-08-13,,
2011-08-14,,
2011-08-15,,
2011-08-16,,
2011-08-17,0.0,
2011-08-18,0.0,
2011-08-19,0.0,
2011-08-20,0.0,
2011-08-21,0.0,
2011-08-22,0.0,
2011-08-23,0.0,
2011-08-24,0.0,
2011-08-25,0.0,
2011-08-26,0.0,
2011-08-27,0.0,
2011-08-28,0.0,
2011-08-29,0.0,
2011-08-30,0.0,375.92
2011-08-31,0.0,
2011-09-01,0.0,
2011-09-02,0.0,
2011-09-03,0.0,
2011-09-04,0.0,
2011-09-05,0.0,
2011-09-06,0.0,
2011-09-07,0.0,
2011-09-08,0.0,
2011-09-09,0.0,2.54
2011-09-10,0.0,0.0
2011-09-11,0.0,2.54
2011-09-12,0.0,2.54
2011-09-13,0.0,2.54
2011-09-14,0.0,2.54
2011-09-15,0.0,2.54
2011-09-16,0.0,2.54
2011-09-17,0.0,2.54
2011-09-18,0.0,2.54
2011-09-19,0.0,2.54
2011-09-20,0.0,2.54
2011-09-21,0.0,2.54
2011-09-22,0.0,0.0
2011-09-23,0.0,0.0
2011-09-24,0.0,2.54
2011-09-25,0.0,0.0
2011-09-26,0.0,2.54
2011-09-27,0.0,2.54
2011-09-28,0.0,0.0
2011-09-29,0.0,0.0
2011-09-30,0.0,0.0
2011-10-01,0.0,2.54
2011-10-02,0.0,2.54
2011-10-03,0.0,0.0
2011-10-04,0.0,2.54
2011-10-05,2.159,25.4
2011-10-06,5.512,45.72
2011-10-07,6.121,38.1
2011-10-08,6.426,33.02
2011-10-09,6.426,25.4
2011-10-10,5.817,20.32
2011-10-11,4.902,10.16
2011-10-12,3.378,5.08
2011-10-13,1.854,2.54
2011-10-14,0.94,2.54
2011-10-15,0.635,0.0
2011-10-16,0.33,0.0
2011-10-17,0.33,0.0
2011-10-18,0.33,0.0
2011-10-19,0.025,
2011-10-20,0.025,2.54
2011-10-21,0.025,2.54
2011-10-22,0.0,2.54
2011-10-23,0.0,2.54
2011-10-24,0.0,0.0
2011-10-25,0.0,0.0
2011-10-26,0.0,2.54
2011-10-27,0.0,0.0
2011-10-28,0.0,0.0
2011-10-29,0.0,
2011-10-30,0.0,0.0
2011-10-31,0.0,0.0
2011-11-01,0.0,2.54
2011-11-02,0.0,2.54
2011-11-03,0.0,2.54
2011-11-04,0.33,
2011-11-05,1.549,20.32
2011-11-06,1.854,30.48
2011-11-07,2.769,30.48
2011-11-08,3.378,25.4
2011-11-09,3.378,25.4
2011-11-10,3.683,22.86
2011-11-11,3.683,22.86
2011-11-12,3.683,27.94
2011-11-13,3.988,25.4
2011-11-14,4.597,22.86
2011-11-15,4.597,22.86
2011-11-16,4.597,20.32
2011-11-17,4.597,20.32
2011-11-18,4.597,22.86
2011-11-19,4.597,22.86
2011-11-20,4.597,27.94
2011-11-21,6.121,45.72
2011-11-22,6.426,45.72
2011-11-23,6.731,40.64
2011-11-24,6.731,38.1
2011-11-25,6.731,38.1
2011-11-26,7.036,35.56
2011-11-27,7.341,35.56
2011-11-28,7.341,35.56
2011-11-29,7.341,30.48
2011-11-30,7.341,30.48
2011-12-01,7.341,30.48
2011-12-02,7.341,30.48
2011-12-03,7.341,33.02
2011-12-04,7.036,30.48
2011-12-05,7.036,30.48
2011-12-06,7.036,30.48
2011-12-07,7.036,30.48
2011-12-08,7.036,30.48
2011-12-09,7.036,30.48
2011-12-10,7.036,30.48
2011-12-11,7.341,33.02
2011-12-12,7.95,30.48
2011-12-13,8.56,30.48
2011-12-14,9.169,30.48
2011-12-15,9.779,30.48
2011-12-16,10.084,33.02
2011-12-17,10.693,33.02
2011-12-18,10.998,33.02
2011-12-19,10.998,33.02
2011-12-20,11.303,30.48
2011-12-21,11.608,30.48
2011-12-22,11.608,33.02
2011-12-23,11.608,33.02
2011-12-24,11.913,30.48
2011-12-25,12.217,30.48
2011-12-26,12.522,30.48
2011-12-27,12.522,30.48
2011-12-28,12.827,30.48
2011-12-29,12.217,30.48
2011-12-30,11.608,27.94
2011-12-31,11.303,30.48
2012-01-01,10.998,30.48
2012-01-02,11.303,27.94
2012-01-03,11.303,27.94
2012-01-04,11.303,25.4
2012-01-05,10.998,25.4
2012-01-06,10.693,25.4
2012-01-07,10.389,25.4
2012-01-08,10.16,25.4
2012-01-09,10.16,22.86
2012-01-10,9.652,22.86
2012-01-11,9.652,22.86
2012-01-12,9.652,22.86
2012-01-13,9.652,22.86
2012-01-14,9.652,22.86
2012-01-15,9.652,22.86
2012-01-16,9.652,20.32
2012-01-17,9.652,20.32
2012-01-18,9.652,22.86
2012-01-19,9.652,22.86
2012-01-20,9.652,25.4
2012-01-21,11.176,38.1
2012-01-22,13.716,68.58
2012-01-23,16.256,88.9
2012-01-24,24.714,106.68
2012-01-25,25.019,101.6
2012-01-26,25.933,93.98
2012-01-27,25.933,91.44
2012-01-28,25.933,88.9
2012-01-29,25.933,86.36
2012-01-30,25.933,86.36
2012-01-31,25.933,86.36
2012-02-01,25.933,83.82
2012-02-02,25.933,83.82
2012-02-03,26.238,81.28
2012-02-04,26.238,81.28
2012-02-05,26.848,81.28
2012-02-06,27.153,81.28
2012-02-07,27.762,78.74
2012-02-08,27.762,81.28
2012-02-09,28.067,81.28
2012-02-10,27.457,78.74
2012-02-11,26.848,78.74
2012-02-12,26.543,78.74
2012-02-13,25.933,91.44
2012-02-14,26.543,101.6
2012-02-15,26.543,106.68
2012-02-16,26.848,101.6
2012-02-17,26.848,99.06
2012-02-18,26.543,96.52
2012-02-19,26.238,93.98
2012-02-20,26.238,96.52
2012-02-21,25.933,96.52
2012-02-22,25.933,91.44
2012-02-23,25.933,91.44
2012-02-24,25.933,86.36
2012-02-25,25.908,86.36
2012-02-26,25.908,83.82
2012-02-27,25.908,88.9
2012-02-28,27.762,99.06
2012-02-29,27.762,99.06
2012-03-01,28.372,116.84
2012-03-02,28.981,119.38
2012-03-03,30.505,111.76
2012-03-04,30.81,109.22
2012-03-05,30.81,104.14
2012-03-06,30.505,99.06
2012-03-07,30.505,106.68
2012-03-08,30.81,104.14
2012-03-09,30.81,99.06
2012-03-10,30.81,96.52
2012-03-11,30.505,96.52
2012-03-12,30.201,96.52
2012-03-13,29.591,96.52
2012-03-14,29.591,101.6
2012-03-15,30.505,106.68
2012-03-16,30.81,104.14
2012-03-17,36.297,167.64
2012-03-18,40.259,200.66
2012-03-19,43.307,228.6
2012-03-20,44.526,205.74
2012-03-21,45.441,180.34
2012-03-22,49.022,
2012-03-23,52.832,157.48
2012-03-24,53.416,152.4
2012-03-25,54.0,149.86
2012-03-26,54.585,167.64
2012-03-27,55.804,165.1
2012-03-28,57.328,185.42
2012-03-29,58.852,180.34
2012-03-30,59.766,172.72
2012-03-31,60.071,162.56
2012-04-01,53.365,190.5
2012-04-02,54.585,185.42
2012-04-03,55.194,175.26
2012-04-04,55.194,170.18
2012-04-05,54.889,167.64
2012-04-06,54.28,170.18
2012-04-07,53.975,165.1
2012-04-08,53.975,165.1
2012-04-09,53.67,160.02
2012-04-10,53.365,157.48
2012-04-11,53.365,162.56
2012-04-12,53.975,187.96
2012-04-13,57.328,228.6
2012-04-14,60.681,243.84
2012-04-15,61.57,231.14
2012-04-16,61.9,215.9
2012-04-17,62.205,200.66
2012-04-18,62.205,190.5
2012-04-19,61.595,182.88
2012-04-20,60.376,172.72
2012-04-21,58.852,165.1
2012-04-22,57.023,157.48
2012-04-23,54.889,149.86
2012-04-24,52.756,142.24
2012-04-25,50.013,134.62
2012-04-26,48.793,134.62
2012-04-27,48.793,137.16
2012-04-28,48.489,134.62
2012-04-29,46.965,129.54
2012-04-30,45.136,121.92
2012-05-01,43.307,116.84
2012-05-02,40.869,111.76
2012-05-03,39.04,106.68
2012-05-04,37.516,101.6
2012-05-05,36.297,99.06
2012-05-06,34.773,96.52
2012-05-07,33.249,91.44
2012-05-08,30.81,83.82
2012-05-09,28.372,81.28
2012-05-10,25.629,71.12
2012-05-11,22.885,63.5
2012-05-12,20.142,53.34
2012-05-13,17.094,45.72
2012-05-14,13.741,35.56
2012-05-15,10.389,30.48
2012-05-16,7.036,22.86
2012-05-17,3.683,2.54
2012-05-18,1.549,2.54
2012-05-19,0.33,2.54
2012-05-20,0.0,2.54
2012-05-21,0.0,2.54
2012-05-22,0.0,0.0
2012-05-23,0.0,2.54
2012-05-24,0.0,2.54
2012-05-25,0.0,2.54
2012-05-26,0.0,
2012-05-27,0.0,7.62
2012-05-28,0.0,2.54
2012-05-29,0.0,2.54
2012-05-30,0.0,0.0
2012-05-31,0.0,
2012-06-01,0.0,0.0
2012-06-02,0.0,0.0
2012-06-03,0.0,0.0
2012-06-04,0.0,0.0
2012-06-05,0.0,10.16
2012-06-06,0.0,5.08
2012-06-07,0.0,2.54
2012-06-08,0.0,2.54
2012-06-09,0.0,2.54
2012-06-10,0.0,2.54
2012-06-11,0.0,2.54
2012-06-12,0.0,2.54
2012-06-13,0.0,0.0
2012-06-14,0.0,0.0
2012-06-15,0.0,2.54
2012-06-16,0.0,2.54
2012-06-17,0.0,0.0
2012-06-18,0.0,0.0
2012-06-19,0.0,0.0
2012-06-20,0.0,0.0
2012-06-21,0.0,0.0
2012-06-22,0.0,0.0
2012-06-23,0.0,2.54
2012-06-24,0.0,2.54
2012-06-25,0.0,2.54
2012-06-26,0.0,2.54
2012-06-27,0.0,0.0
2012-06-28,0.0,2.54
2012-06-29,0.0,2.54
2012-06-30,0.0,2.54
2012-07-01,0.0,5.08
2012-07-02,0.0,2.54
2012-07-03,0.0,2.54
2012-07-04,0.0,2.54
2012-07-05,0.0,2.54
2012-07-06,0.0,2.54
2012-07-07,0.0,2.54
2012-07-08,0.0,0.0
2012-07-09,0.0,2.54
2012-07-10,0.0,2.54
2012-07-11,0.0,
2012-07-12,0.0,2.54
2012-07-13,0.0,0.0
2012-07-14,0.0,0.0
2012-07-15,0.0,0.0
2012-07-16,0.0,0.0
2012-07-17,0.0,0.0
2012-07-18,0.0,0.0
2012-07-19,0.0,0.0
2012-07-20,0.0,2.54
2012-07-21,0.0,2.54
2012-07-22,0.0,2.54
2012-07-23,0.0,2.54
2012-07-24,0.0,2.54
2012-07-25,0.0,7.62
2012-07-26,0.0,0.0
2012-07-27,0.0,0.0
2012-07-28,0.0,2.54
2012-07-29,0.0,2.54
2012-07-30,0.0,2.54
2012-07-31,0.0,7.62
2012-08-01,0.0,2.54
2012-08-02,0.0,10.16
2012-08-03,0.0,2.54
2012-08-04,0.0,2.54
2012-08-05,0.0,0.0
2012-08-06,0.0,0.0
2012-08-07,0.0,2.54
2012-08-08,0.0,2.54
2012-08-09,0.0,2.54
2012-08-10,0.0,0.0
2012-08-11,0.0,
2012-08-12,0.0,0.0
2012-08-13,0.0,2.54
2012-08-14,0.0,0.0
2012-08-15,0.0,2.54
2012-08-16,0.0,0.0
2012-08-17,0.0,0.0
2012-08-18,0.0,0.0
2012-08-19,0.0,0.0
2012-08-20,0.0,0.0
2012-08-21,0.0,2.54
2012-08-22,0.0,0.0
2012-08-23,0.0,2.54
2012-08-24,0.0,0.0
2012-08-25,0.0,2.54
2012-08-26,0.0,2.54
2012-08-27,0.0,2.54
2012-08-28,0.0,2.54
2012-08-29,0.0,2.54
2012-08-30,0.0,2.54
2012-08-31,0.0,0.0
2012-09-01,0.0,5.08
2012-09-02,0.0,2.54
2012-09-03,0.0,5.08
2012-09-04,0.0,2.54
2012-09-05,0.0,0.0
2012-09-06,0.0,2.54
2012-09-07,0.0,0.0
2012-09-08,0.0,0.0
2012-09-09,0.0,0.0
2012-09-10,0.0,
2012-09-11,0.0,2.54
2012-09-12,0.0,2.54
2012-09-13,0.0,2.54
2012-09-14,0.0,0.0
2012-09-15,0.0,2.54
2012-09-16,0.0,2.54
2012-09-17,0.0,2.54
2012-09-18,0.0,0.0
2012-09-19,0.0,2.54
2012-09-20,0.0,0.0
2012-09-21,0.0,0.0
2012-09-22,0.0,2.54
2012-09-23,0.0,5.08
2012-09-24,0.0,2.54
2012-09-25,0.0,0.0
2012-09-26,0.0,0.0
2012-09-27,0.0,0.0
2012-09-28,0.0,0.0
2012-09-29,0.0,0.0
2012-09-30,0.0,2.54
2012-10-01,0.0,2.54
2012-10-02,0.0,2.54
2012-10-03,0.0,2.54
2012-10-04,0.0,2.54
2012-10-05,0.0,2.54
2012-10-06,0.0,2.54
2012-10-07,0.0,2.54
2012-10-08,0.0,2.54
2012-10-09,0.0,2.54
2012-10-10,0.0,2.54
2012-10-11,0.0,2.54
2012-10-12,0.0,0.0
2012-10-13,0.0,2.54
2012-10-14,0.0,2.54
2012-10-15,0.0,0.0
2012-10-16,0.0,0.0
2012-10-17,0.0,2.54
2012-10-18,0.0,0.0
2012-10-19,0.0,2.54
2012-10-20,0.0,0.0
2012-10-21,0.0,2.54
2012-10-22,0.0,7.62
2012-10-23,0.0,22.86
2012-10-24,0.0,30.48
2012-10-25,0.0,25.4
2012-10-26,0.0,22.86
2012-10-27,0.0,17.78
2012-10-28,0.0,15.24
2012-10-29,0.0,12.7
2012-10-30,0.0,7.62
2012-10-31,0.0,5.08
2012-11-01,0.0,7.62
2012-11-02,0.0,7.62
2012-11-03,0.0,5.08
2012-11-04,0.0,2.54
2012-11-05,0.0,2.54
2012-11-06,0.0,2.54
2012-11-07,0.0,2.54
2012-11-08,0.0,2.54
2012-11-09,0.0,20.32
2012-11-10,0.0,35.56
2012-11-11,0.0,30.48
2012-11-12,0.0,27.94
2012-11-13,0.0,22.86
2012-11-14,0.0,20.32
2012-11-15,0.0,20.32
2012-11-16,0.0,20.32
2012-11-17,0.0,43.18
2012-11-18,0.0,
2012-11-19,0.0,63.5
2012-11-20,0.0,58.42
2012-11-21,0.0,58.42
2012-11-22,0.0,53.34
2012-11-23,,50.8
2012-11-24,,50.8
2012-11-25,,48.26
2012-11-26,,45.72
2012-11-27,,45.72
2012-11-28,,45.72
2012-11-29,,63.5
2012-11-30,,
2012-12-01,,119.38
2012-12-02,,111.76
2012-12-03,,114.3
2012-12-04,,109.22
2012-12-05,,109.22
2012-12-06,,104.14
2012-12-07,,101.6
2012-12-08,,101.6
2012-12-09,,101.6
2012-12-10,,99.06
2012-12-11,40.538,99.06
2012-12-12,40.538,99.06
2012-12-13,42.062,121.92
2012-12-14,41.758,124.46
2012-12-15,41.758,129.54
2012-12-16,40.234,129.54
2012-12-17,39.624,129.54
2012-12-18,40.843,147.32
2012-12-19,41.758,147.32
2012-12-20,43.282,144.78
2012-12-21,44.196,142.24
2012-12-22,46.939,165.1
2012-12-23,55.169,200.66
2012-12-24,62.179,231.14
2012-12-25,63.398,220.98
2012-12-26,67.361,241.3
2012-12-27,69.799,246.38
2012-12-28,70.409,238.76
2012-12-29,71.018,236.22
2012-12-30,71.933,236.22
2012-12-31,72.238,231.14
2013-01-01,72.238,228.6
2013-01-02,72.847,223.52
2013-01-03,73.457,220.98
2013-01-04,74.066,218.44
2013-01-05,74.371,215.9
2013-01-06,74.676,218.44
2013-01-07,75.59,220.98
2013-01-08,76.2,218.44
2013-01-09,76.81,215.9
2013-01-10,77.114,220.98
2013-01-11,77.419,220.98
2013-01-12,77.419,223.52
2013-01-13,77.724,218.44
2013-01-14,77.724,215.9
2013-01-15,77.724,213.36
2013-01-16,77.724,210.82
2013-01-17,77.724,208.28
2013-01-18,77.724,205.74
2013-01-19,77.724,205.74
2013-01-20,77.724,205.74
2013-01-21,77.724,203.2
2013-01-22,77.419,203.2
2013-01-23,77.419,200.66
2013-01-24,77.114,203.2
2013-01-25,77.419,203.2
2013-01-26,77.724,198.12
2013-01-27,77.419,198.12
2013-01-28,77.419,198.12
2013-01-29,77.114,198.12
2013-01-30,77.114,198.12
2013-01-31,77.114,195.58
2013-02-01,76.505,195.58
2013-02-02,76.2,193.04
2013-02-03,76.2,193.04
2013-02-04,75.895,193.04
2013-02-05,75.286,193.04
2013-02-06,75.286,193.04
2013-02-07,74.981,190.5
2013-02-08,74.676,200.66
2013-02-09,74.676,200.66
2013-02-10,74.676,198.12
2013-02-11,74.676,198.12
2013-02-12,74.981,195.58
2013-02-13,74.981,195.58
2013-02-14,74.981,193.04
2013-02-15,74.981,190.5
2013-02-16,74.676,190.5
2013-02-17,74.676,190.5
2013-02-18,74.066,187.96
2013-02-19,74.066,190.5
2013-02-20,74.066,200.66
2013-02-21,74.066,198.12
2013-02-22,74.066,198.12
2013-02-23,74.066,195.58
2013-02-24,74.066,193.04
2013-02-25,74.066,193.04
2013-02-26,74.066,193.04
2013-02-27,73.762,193.04
2013-02-28,73.457,190.5
2013-03-01,73.457,187.96
2013-03-02,70.104,185.42
2013-03-03,71.323,187.96
2013-03-04,73.457,198.12
2013-03-05,73.66,190.5
2013-03-06,75.59,200.66
2013-03-07,78.943,223.52
2013-03-08,80.772,233.68
2013-03-09,82.601,243.84
2013-03-10,83.515,236.22
2013-03-11,84.43,228.6
2013-03-12,84.734,220.98
2013-03-13,84.43,210.82
2013-03-14,83.21,205.74
2013-03-15,82.601,203.2
2013-03-16,82.296,198.12
2013-03-17,81.991,198.12
2013-03-18,81.991,195.58
2013-03-19,81.991,193.04
2013-03-20,81.991,203.2
2013-03-21,83.515,208.28
2013-03-22,84.734,203.2
2013-03-23,85.039,200.66
2013-03-24,85.039,198.12
2013-03-25,84.125,193.04
2013-03-26,83.515,190.5
2013-03-27,83.515,193.04
2013-03-28,83.82,193.04
2013-03-29,84.125,190.5
2013-03-30,83.82,187.96
2013-03-31,83.82,190.5
2013-04-01,84.43,200.66
2013-04-02,85.039,198.12
2013-04-03,85.649,193.04
2013-04-04,84.734,187.96
2013-04-05,84.734,190.5
2013-04-06,84.43,187.96
2013-04-07,83.82,182.88
2013-04-08,83.515,193.04
2013-04-09,83.21,185.42
2013-04-10,82.906,182.88
2013-04-11,82.601,177.8
2013-04-12,81.077,172.72
2013-04-13,79.858,170.18
2013-04-14,78.029,165.1
2013-04-15,76.505,160.02
2013-04-16,75.286,162.56
2013-04-17,74.676,160.02
2013-04-18,74.066,157.48
2013-04-19,73.457,152.4
2013-04-20,72.238,147.32
2013-04-21,70.409,142.24
2013-04-22,67.97,134.62
2013-04-23,65.532,129.54
2013-04-24,63.398,121.92
2013-04-25,60.35,119.38
2013-04-26,57.607,111.76
2013-04-27,55.474,106.68
2013-04-28,51.816,101.6
2013-04-29,47.854,96.52
2013-04-30,44.501,88.9
2013-05-01,40.538,83.82
2013-05-02,36.576,76.2
2013-05-03,28.651,71.12
2013-05-04,24.689,63.5
2013-05-05,24.079,55.88
2013-05-06,24.079,50.8
2013-05-07,24.079,
2013-05-08,24.994,60.96
2013-05-09,25.603,55.88
2013-05-10,24.994,53.34
2013-05-11,23.47,45.72
2013-05-12,20.117,35.56
2013-05-13,15.85,25.4
2013-05-14,10.668,17.78
2013-05-15,6.706,12.7
2013-05-16,2.134,2.54
2013-05-17,2.134,2.54
2013-05-18,1.219,2.54
2013-05-19,0.305,2.54
2013-05-20,0.0,2.54
2013-05-21,0.0,0.0
2013-05-22,0.0,2.54
2013-05-23,0.0,2.54
2013-05-24,0.0,2.54
2013-05-25,0.0,2.54
2013-05-26,0.0,2.54
2013-05-27,0.0,2.54
2013-05-28,0.0,2.54
2013-05-29,0.0,
2013-05-30,0.0,2.54
2013-05-31,0.0,2.54
2013-06-01,0.0,0.0
2013-06-02,0.0,0.0
2013-06-03,0.0,
2013-06-04,0.0,0.0
2013-06-05,0.0,0.0
2013-06-06,0.0,0.0
2013-06-07,0.0,0.0
2013-06-08,0.0,0.0
2013-06-09,0.0,0.0
2013-06-10,0.0,0.0
2013-06-11,0.0,2.54
2013-06-12,0.0,2.54
2013-06-13,0.0,2.54
2013-06-14,0.0,0.0
2013-06-15,0.0,2.54
2013-06-16,0.0,2.54
2013-06-17,0.0,0.0
2013-06-18,0.0,2.54
2013-06-19,0.0,5.08
2013-06-20,0.0,2.54
2013-06-21,0.0,2.54
2013-06-22,0.0,0.0
2013-06-23,0.0,2.54
2013-06-24,0.0,2.54
2013-06-25,0.0,2.54
2013-06-26,0.0,2.54
2013-06-27,0.0,2.54
2013-06-28,0.0,0.0
2013-06-29,0.0,0.0
2013-06-30,0.0,2.54
2013-07-01,0.0,0.0
2013-07-02,0.0,0.0
2013-07-03,0.0,2.54
2013-07-04,0.0,2.54
2013-07-05,0.0,2.54
2013-07-06,0.0,2.54
2013-07-07,0.0,2.54
2013-07-08,0.0,0.0
2013-07-09,0.0,2.54
2013-07-10,0.0,0.0
2013-07-11,0.0,0.0
2013-07-12,0.0,2.54
2013-07-13,0.0,2.54
2013-07-14,0.0,2.54
2013-07-15,0.0,2.54
2013-07-16,0.0,2.54
2013-07-17,0.0,0.0
2013-07-18,0.0,2.54
2013-07-19,0.0,0.0
2013-07-20,0.0,2.54
2013-07-21,0.0,2.54
2013-07-22,0.0,0.0
2013-07-23,0.0,2.54
2013-07-24,0.0,2.54
2013-07-25,0.0,0.0
2013-07-26,0.0,0.0
2013-07-27,0.0,2.54
2013-07-28,0.0,2.54
2013-07-29,0.0,0.0
2013-07-30,0.0,2.54
2013-07-31,0.0,2.54
2013-08-01,0.0,2.54
2013-08-02,0.0,2.54
2013-08-03,0.0,0.0
2013-08-04,0.0,2.54
2013-08-05,0.0,5.08
2013-08-06,0.0,2.54
2013-08-07,0.0,2.54
2013-08-08,0.0,2.54
2013-08-09,0.0,2.54
2013-08-10,0.0,2.54
2013-08-11,0.0,2.54
2013-08-12,0.0,2.54
2013-08-13,0.0,2.54
2013-08-14,0.0,0.0
2013-08-15,0.0,0.0
2013-08-16,0.0,2.54
2013-08-17,0.0,0.0
2013-08-18,0.0,2.54
2013-08-19,0.0,2.54
2013-08-20,0.0,2.54
2013-08-21,0.0,0.0
2013-08-22,0.0,2.54
2013-08-23,0.0,0.0
2013-08-24,0.0,5.08
2013-08-25,0.0,0.0
2013-08-26,0.0,0.0
2013-08-27,0.0,2.54
2013-08-28,0.0,0.0
2013-08-29,0.0,0.0
2013-08-30,0.0,
2013-08-31,0.0,0.0
2013-09-01,0.0,0.0
2013-09-02,0.0,0.0
2013-09-03,0.0,0.0
2013-09-04,0.0,0.0
2013-09-05,0.0,
2013-09-06,0.0,0.0
2013-09-07,0.0,2.54
2013-09-08,0.0,2.54
2013-09-09,0.0,5.08
2013-09-10,0.0,2.54
2013-09-11,0.0,2.54
2013-09-12,0.0,2.54
2013-09-13,0.0,2.54
2013-09-14,0.0,0.0
2013-09-15,0.0,0.0
2013-09-16,0.0,2.54
2013-09-17,0.0,2.54
2013-09-18,0.0,5.08
2013-09-19,0.0,2.54
2013-09-20,0.0,2.54
2013-09-21,0.0,2.54
2013-09-22,0.0,5.08
2013-09-23,0.0,2.54
2013-09-24,0.0,5.08
2013-09-25,0.0,2.54
2013-09-26,0.0,2.54
2013-09-27,0.0,5.08
2013-09-28,0.0,0.0
2013-09-29,0.0,2.54
2013-09-30,0.0,2.54
2013-10-01,0.0,0.0
2013-10-02,0.0,0.0
2013-10-03,0.0,2.54
2013-10-04,0.0,5.08
2013-10-05,0.0,2.54
2013-10-06,0.0,2.54
2013-10-07,0.0,2.54
2013-10-08,0.0,2.54
2013-10-09,0.0,2.54
2013-10-10,0.0,5.08
2013-10-11,0.0,2.54
2013-10-12,0.0,2.54
2013-10-13,0.0,2.54
2013-10-14,0.0,2.54
2013-10-15,0.0,2.54
2013-10-16,0.0,2.54
2013-10-17,0.0,2.54
2013-10-18,0.0,2.54
2013-10-19,0.0,2.54
2013-10-20,0.0,2.54
2013-10-21,0.0,2.54
2013-10-22,1.219,2.54
2013-10-23,1.219,2.54
2013-10-24,0.0,2.54
2013-10-25,0.0,2.54
2013-10-26,0.0,0.0
2013-10-27,0.0,0.0
2013-10-28,0.0,5.08
2013-10-29,0.0,15.24
2013-10-30,2.134,15.24
2013-10-31,3.048,10.16
2013-11-01,3.353,5.08
2013-11-02,3.048,5.08
2013-11-03,2.743,2.54
2013-11-04,2.438,2.54
2013-11-05,2.134,2.54
2013-11-06,0.0,2.54
2013-11-07,0.0,5.08
2013-11-08,0.0,2.54
2013-11-09,0.0,2.54
2013-11-10,0.0,2.54
2013-11-11,0.0,5.08
2013-11-12,0.0,2.54
2013-11-13,0.0,2.54
2013-11-14,0.0,2.54
2013-11-15,0.0,2.54
2013-11-16,0.0,2.54
2013-11-17,0.0,2.54
2013-11-18,0.0,5.08
2013-11-19,0.0,2.54
2013-11-20,0.0,
2013-11-21,1.524,22.86
2013-11-22,1.524,22.86
2013-11-23,1.829,22.86
2013-11-24,1.829,17.78
2013-11-25,2.134,17.78
2013-11-26,2.134,15.24
2013-11-27,2.134,17.78
2013-11-28,2.134,15.24
2013-11-29,2.134,15.24
2013-11-30,2.134,15.24
2013-12-01,2.134,15.24
2013-12-02,2.134,15.24
2013-12-03,2.134,15.24
2013-12-04,2.743,20.32
2013-12-05,3.353,20.32
2013-12-06,3.658,22.86
2013-12-07,6.096,
2013-12-08,6.401,58.42
2013-12-09,6.706,48.26
2013-12-10,6.706,45.72
2013-12-11,6.706,43.18
2013-12-12,6.706,40.64
2013-12-13,6.706,40.64
2013-12-14,6.706,40.64
2013-12-15,6.706,38.1
2013-12-16,6.706,38.1
2013-12-17,6.706,35.56
2013-12-18,6.706,35.56
2013-12-19,6.706,35.56
2013-12-20,7.01,40.64
2013-12-21,7.01,38.1
2013-12-22,7.01,35.56
2013-12-23,7.315,35.56
2013-12-24,7.315,35.56
2013-12-25,7.315,35.56
2013-12-26,7.62,35.56
2013-12-27,7.925,35.56
2013-12-28,7.925,35.56
2013-12-29,7.925,35.56
2013-12-30,8.23,35.56
2013-12-31,8.23,35.56
2014-01-01,8.23,35.56
2014-01-02,8.23,33.02
2014-01-03,7.925,35.56
2014-01-04,7.925,35.56
2014-01-05,7.925,33.02
2014-01-06,8.23,33.02
2014-01-07,8.23,33.02
2014-01-08,8.23,33.02
2014-01-09,8.23,33.02
2014-01-10,8.23,33.02
2014-01-11,8.23,33.02
2014-01-12,8.23,38.1
2014-01-13,8.23,38.1
2014-01-14,8.839,38.1
2014-01-15,9.144,35.56
2014-01-16,9.144,35.56
2014-01-17,9.449,35.56
2014-01-18,9.754,35.56
2014-01-19,9.754,35.56
2014-01-20,9.754,35.56
2014-01-21,10.058,35.56
2014-01-22,10.058,35.56
2014-01-23,10.058,35.56
2014-01-24,10.058,35.56
2014-01-25,9.754,35.56
2014-01-26,9.449,33.02
2014-01-27,9.449,33.02
2014-01-28,9.449,35.56
2014-01-29,9.144,30.48
2014-01-30,10.363,
2014-01-31,13.106,58.42
2014-02-01,13.716,55.88
2014-02-02,14.021,53.34
2014-02-03,14.021,63.5
2014-02-04,14.021,63.5
2014-02-05,14.021,60.96
2014-02-06,14.326,66.04
2014-02-07,14.63,73.66
2014-02-08,16.764,86.36
2014-02-09,24.994,129.54
2014-02-10,32.309,152.4
2014-02-11,32.309,144.78
2014-02-12,32.309,139.7
2014-02-13,32.309,137.16
2014-02-14,32.309,132.08
2014-02-15,32.309,127.0
2014-02-16,32.004,134.62
2014-02-17,32.309,132.08
2014-02-18,32.004,129.54
2014-02-19,31.394,129.54
2014-02-20,30.785,127.0
2014-02-21,30.48,124.46
2014-02-22,29.87,124.46
2014-02-23,29.261,121.92
2014-02-24,28.346,121.92
2014-02-25,28.042,116.84
2014-02-26,27.737,116.84
2014-02-27,29.87,154.94
2014-02-28,30.785,152.4
2014-03-01,35.966,185.42
2014-03-02,36.881,185.42
2014-03-03,37.186,182.88
2014-03-04,39.014,198.12
2014-03-05,39.624,187.96
2014-03-06,40.234,182.88
2014-03-07,41.453,177.8
2014-03-08,41.453,175.26
2014-03-09,41.453,172.72
2014-03-10,41.453,170.18
2014-03-11,41.453,170.18
2014-03-12,41.453,167.64
2014-03-13,41.453,167.64
2014-03-14,41.453,165.1
2014-03-15,41.453,162.56
2014-03-16,41.453,157.48
2014-03-17,41.453,152.4
2014-03-18,41.453,149.86
2014-03-19,41.453,147.32
2014-03-20,41.453,144.78
2014-03-21,41.148,142.24
2014-03-22,40.64,139.7
2014-03-23,40.64,137.16
2014-03-24,40.64,134.62
2014-03-25,40.64,132.08
2014-03-26,41.758,147.32
2014-03-27,44.806,167.64
2014-03-28,45.72,165.1
2014-03-29,46.634,157.48
2014-03-30,49.073,187.96
2014-03-31,49.987,177.8
2014-04-01,53.035,208.28
2014-04-02,54.559,220.98
2014-04-03,55.474,210.82
2014-04-04,56.388,200.66
2014-04-05,56.693,203.2
2014-04-06,55.88,190.5
2014-04-07,55.474,180.34
2014-04-08,55.474,170.18
2014-04-09,55.474,162.56
2014-04-10,55.474,157.48
2014-04-11,54.559,149.86
2014-04-12,54.254,144.78
2014-04-13,53.035,139.7
2014-04-14,52.121,134.62
2014-04-15,50.902,129.54
2014-04-16,49.682,124.46
2014-04-17,47.854,121.92
2014-04-18,46.025,116.84
2014-04-19,45.11,111.76
2014-04-20,43.282,109.22
2014-04-21,41.453,104.14
2014-04-22,40.843,99.06
2014-04-23,40.843,104.14
2014-04-24,39.929,99.06
2014-04-25,38.405,101.6
2014-04-26,41.453,147.32
2014-04-27,42.977,134.62
2014-04-28,42.367,127.0
2014-04-29,41.148,116.84
2014-04-30,40.234,106.68
2014-05-01,39.319,101.6
2014-05-02,37.795,93.98
2014-05-03,35.357,86.36
2014-05-04,32.918,76.2
2014-05-05,30.785,71.12
2014-05-06,29.87,66.04
2014-05-07,29.261,66.04
2014-05-08,28.346,63.5
2014-05-09,28.042,60.96
2014-05-10,26.518,60.96
2014-05-11,24.994,55.88
2014-05-12,23.165,53.34
2014-05-13,20.726,48.26
2014-05-14,17.983,40.64
2014-05-15,14.326,30.48
2014-05-16,10.668,20.32
2014-05-17,5.486,15.24
2014-05-18,3.048,2.54
2014-05-19,1.524,2.54
2014-05-20,0.762,
2014-05-21,2.54,20.32
2014-05-22,2.286,7.62
2014-05-23,0.762,2.54
2014-05-24,0.0,0.0
2014-05-25,0.0,0.0
2014-05-26,0.0,0.0
2014-05-27,0.0,2.54
2014-05-28,0.0,2.54
2014-05-29,0.0,2.54
2014-05-30,0.0,2.54
2014-05-31,0.0,2.54
2014-06-01,0.0,2.54
2014-06-02,0.0,0.0
2014-06-03,0.0,0.0
2014-06-04,0.0,0.0
2014-06-05,0.0,0.0
2014-06-06,0.0,0.0
2014-06-07,0.0,0.0
2014-06-08,0.0,2.54
2014-06-09,0.0,0.0
2014-06-10,0.0,0.0
2014-06-11,0.0,0.0
2014-06-12,0.0,2.54
2014-06-13,0.0,2.54
2014-06-14,0.0,
2014-06-15,0.0,2.54
2014-06-16,0.0,2.54
2014-06-17,0.0,2.54
2014-06-18,0.0,2.54
2014-06-19,0.0,2.54
2014-06-20,0.0,2.54
2014-06-21,0.0,2.54
2014-06-22,0.0,0.0
2014-06-23,0.0,0.0
2014-06-24,0.0,0.0
2014-06-25,0.0,2.54
2014-06-26,0.0,
2014-06-27,0.0,0.0
2014-06-28,0.0,0.0
2014-06-29,0.0,0.0
2014-06-30,0.0,
2014-07-01,0.0,0.0
2014-07-02,0.0,2.54
2014-07-03,0.0,0.0
2014-07-04,0.0,
2014-07-05,0.0,2.54
2014-07-06,0.0,2.54
2014-07-07,0.0,0.0
2014-07-08,0.0,0.0
2014-07-09,0.0,0.0
2014-07-10,0.0,2.54
2014-07-11,0.0,0.0
2014-07-12,0.0,0.0
2014-07-13,0.0,0.0
2014-07-14,0.0,
2014-07-15,0.0,0.0
2014-07-16,0.0,2.54
2014-07-17,0.0,0.0
2014-07-18,0.0,
2014-07-19,0.0,0.0
2014-07-20,0.0,0.0
2014-07-21,0.0,0.0
2014-07-22,0.0,2.54
2014-07-23,0.0,2.54
2014-07-24,0.0,0.0
2014-07-25,0.0,0.0
2014-07-26,0.0,
2014-07-27,0.0,0.0
2014-07-28,0.0,0.0
2014-07-29,0.0,0.0
2014-07-30,0.0,0.0
2014-07-31,0.0,0.0
2014-08-01,0.0,0.0
2014-08-02,0.0,0.0
2014-08-03,0.0,2.54
2014-08-04,0.0,2.54
2014-08-05,0.0,0.0
2014-08-06,0.0,2.54
2014-08-07,0.0,0.0
2014-08-08,0.0,2.54
2014-08-09,0.0,
2014-08-10,0.0,2.54
2014-08-11,0.0,2.54
2014-08-12,0.0,2.54
2014-08-13,0.0,
2014-08-14,0.0,0.0
2014-08-15,0.0,2.54
2014-08-16,0.0,2.54
2014-08-17,0.0,2.54
2014-08-18,0.0,2.54
2014-08-19,0.0,2.54
2014-08-20,0.0,0.0
2014-08-21,0.0,2.54
2014-08-22,0.0,2.54
2014-08-23,0.0,2.54
2014-08-24,0.0,2.54
2014-08-25,0.0,2.54
2014-08-26,0.0,2.54
2014-08-27,0.0,2.54
2014-08-28,0.0,2.54
2014-08-29,0.0,2.54
2014-08-30,0.0,0.0
2014-08-31,0.0,2.54
2014-09-01,0.0,0.0
2014-09-02,0.0,2.54
2014-09-03,0.0,2.54
2014-09-04,0.0,2.54
2014-09-05,0.0,0.0
2014-09-06,0.0,2.54
2014-09-07,0.0,0.0
2014-09-08,0.0,2.54
2014-09-09,0.0,0.0
2014-09-10,0.0,0.0
2014-09-11,0.0,2.54
2014-09-12,0.0,2.54
2014-09-13,0.0,2.54
2014-09-14,0.0,0.0
2014-09-15,0.0,0.0
2014-09-16,0.0,2.54
2014-09-17,0.0,2.54
2014-09-18,0.0,2.54
2014-09-19,0.0,
2014-09-20,0.0,2.54
2014-09-21,0.0,0.0
2014-09-22,0.0,2.54
2014-09-23,0.0,2.54
2014-09-24,0.0,2.54
2014-09-25,0.0,2.54
2014-09-26,0.0,2.54
2014-09-27,0.0,5.08
2014-09-28,0.0,2.54
2014-09-29,0.0,2.54
2014-09-30,0.0,2.54
2014-10-01,0.0,2.54
2014-10-02,0.0,2.54
2014-10-03,0.0,2.54
2014-10-04,0.0,0.0
2014-10-05,0.0,2.54
2014-10-06,0.0,2.54
2014-10-07,0.0,2.54
2014-10-08,0.0,2.54
2014-10-09,0.0,2.54
2014-10-10,0.0,2.54
2014-10-11,0.0,2.54
2014-10-12,0.0,0.0
2014-10-13,0.0,2.54
2014-10-14,0.0,5.08
2014-10-15,0.0,2.54
2014-10-16,0.0,2.54
2014-10-17,0.0,2.54
2014-10-18,0.0,2.54
2014-10-19,0.0,2.54
2014-10-20,0.0,2.54
2014-10-21,0.0,2.54
2014-10-22,0.0,2.54
2014-10-23,0.0,2.54
2014-10-24,0.0,0.0
2014-10-25,0.0,2.54
2014-10-26,0.0,2.54
2014-10-27,0.0,2.54
2014-10-28,0.0,0.0
2014-10-29,0.0,0.0
2014-10-30,0.0,0.0
2014-10-31,0.0,2.54
2014-11-01,0.0,20.32
2014-11-02,1.524,25.4
2014-11-03,1.524,20.32
2014-11-04,1.524,17.78
2014-11-05,1.778,12.7
2014-11-06,1.778,10.16
2014-11-07,1.778,10.16
2014-11-08,1.524,7.62
2014-11-09,1.016,2.54
2014-11-10,0.0,2.54
2014-11-11,0.0,2.54
2014-11-12,0.0,2.54
2014-11-13,0.0,2.54
2014-11-14,0.0,5.08
2014-11-15,0.0,2.54
2014-11-16,0.0,2.54
2014-11-17,0.0,2.54
2014-11-18,0.0,2.54
2014-11-19,0.0,2.54
2014-11-20,0.0,5.08
2014-11-21,0.0,7.62
2014-11-22,0.0,7.62
2014-11-23,0.914,5.08
2014-11-24,1.829,5.08
2014-11-25,0.61,5.08
2014-11-26,1.219,2.54
2014-11-27,1.219,2.54
2014-11-28,0.914,2.54
2014-11-29,0.61,2.54
2014-11-30,1.524,27.94
2014-12-01,2.134,35.56
2014-12-02,2.743,33.02
2014-12-03,6.096,
2014-12-04,12.192,60.96
2014-12-05,12.497,53.34
2014-12-06,12.802,55.88
2014-12-07,13.411,53.34
2014-12-08,13.411,53.34
2014-12-09,13.411,50.8
2014-12-10,13.411,50.8
2014-12-11,13.411,50.8
2014-12-12,17.069,86.36
2014-12-13,19.507,96.52
2014-12-14,19.812,91.44
2014-12-15,19.812,88.9
2014-12-16,20.422,96.52
2014-12-17,21.336,101.6
2014-12-18,21.641,101.6
2014-12-19,21.946,96.52
2014-12-20,23.774,114.3
2014-12-21,25.298,111.76
2014-12-22,25.603,101.6
2014-12-23,25.603,96.52
2014-12-24,25.603,96.52
2014-12-25,25.603,104.14
2014-12-26,25.603,101.6
2014-12-27,25.603,101.6
2014-12-28,25.908,101.6
2014-12-29,26.213,101.6
2014-12-30,26.213,99.06
2014-12-31,26.213,96.52
2015-01-01,26.213,93.98
2015-01-02,26.213,93.98
2015-01-03,26.518,93.98
2015-01-04,26.822,93.98
2015-01-05,26.822,93.98
2015-01-06,27.127,91.44
2015-01-07,27.127,91.44
2015-01-08,26.822,91.44
2015-01-09,26.518,91.44
2015-01-10,26.518,91.44
2015-01-11,26.213,88.9
2015-01-12,26.213,88.9
2015-01-13,25.908,86.36
2015-01-14,25.908,88.9
2015-01-15,25.908,88.9
2015-01-16,25.908,88.9
2015-01-17,26.213,86.36
2015-01-18,25.908,86.36
2015-01-19,25.908,86.36
2015-01-20,25.603,86.36
2015-01-21,25.603,86.36
2015-01-22,25.603,83.82
2015-01-23,25.603,83.82
2015-01-24,25.603,86.36
2015-01-25,25.603,81.28
2015-01-26,25.603,81.28
2015-01-27,24.994,81.28
2015-01-28,24.994,86.36
2015-01-29,24.994,83.82
2015-01-30,24.994,83.82
2015-01-31,24.994,83.82
2015-02-01,24.994,83.82
2015-02-02,24.994,81.28
2015-02-03,24.994,81.28
2015-02-04,24.994,81.28
2015-02-05,24.994,81.28
2015-02-06,24.994,78.74
2015-02-07,28.346,99.06
2015-02-08,28.956,96.52
2015-02-09,31.699,99.06
2015-02-10,32.614,99.06
2015-02-11,32.614,99.06
2015-02-12,32.614,96.52
2015-02-13,32.309,93.98
2015-02-14,32.614,93.98
2015-02-15,32.614,91.44
2015-02-16,32.614,91.44
2015-02-17,32.614,88.9
2015-02-18,32.309,88.9
2015-02-19,32.309,86.36
2015-02-20,32.309,86.36
2015-02-21,31.699,83.82
2015-02-22,31.699,83.82
2015-02-23,31.394,83.82
2015-02-24,31.699,81.28
2015-02-25,31.699,81.28
2015-02-26,31.699,78.74
2015-02-27,30.785,76.2
2015-02-28,31.09,86.36
2015-03-01,31.699,33.02
2015-03-02,31.699,86.36
2015-03-03,31.699,91.44
2015-03-04,31.394,88.9
2015-03-05,30.785,86.36
2015-03-06,30.48,83.82
2015-03-07,30.48,83.82
2015-03-08,30.226,76.2
2015-03-09,29.972,76.2
2015-03-10,29.718,73.66
2015-03-11,29.566,68.58
2015-03-12,30.48,71.12
2015-03-13,29.87,68.58
2015-03-14,28.042,63.5
2015-03-15,27.432,58.42
2015-03-16,26.213,58.42
2015-03-17,24.689,53.34
2015-03-18,24.079,50.8
2015-03-19,22.555,48.26
2015-03-20,20.726,40.64
2015-03-21,19.507,40.64
2015-03-22,18.288,35.56
2015-03-23,17.069,35.56
2015-03-24,17.069,38.1
2015-03-25,16.764,38.1
2015-03-26,16.154,30.48
2015-03-27,14.326,25.4
2015-03-28,11.582,22.86
2015-03-29,9.754,17.78
2015-03-30,6.096,10.16
2015-03-31,3.353,5.08
2015-04-01,1.219,2.54
2015-04-02,0.914,5.08
2015-04-03,0.305,2.54
2015-04-04,0.0,2.54
2015-04-05,0.0,2.54
2015-04-06,0.0,15.24
2015-04-07,0.914,10.16
2015-04-08,4.572,
2015-04-09,5.486,43.18
2015-04-10,5.791,33.02
2015-04-11,5.791,27.94
2015-04-12,5.182,17.78
2015-04-13,4.267,15.24
2015-04-14,3.353,7.62
2015-04-15,2.134,7.62
2015-04-16,0.914,2.54
2015-04-17,0.305,2.54
2015-04-18,0.305,2.54
2015-04-19,0.0,2.54
2015-04-20,0.0,2.54
2015-04-21,0.0,2.54
2015-04-22,0.0,2.54
2015-04-23,0.0,5.08
2015-04-24,0.0,2.54
2015-04-25,0.0,30.48
2015-04-26,2.438,38.1
2015-04-27,2.769,25.4
2015-04-28,1.219,12.7
2015-04-29,0.0,2.54
2015-04-30,0.0,5.08
2015-05-01,0.0,2.54
2015-05-02,0.0,2.54
2015-05-03,0.0,2.54
2015-05-04,0.0,2.54
2015-05-05,0.0,2.54
2015-05-06,0.0,2.54
2015-05-07,0.0,2.54
2015-05-08,3.658,
2015-05-09,4.877,
2015-05-10,4.267,12.7
2015-05-11,3.658,7.62
2015-05-12,1.829,5.08
2015-05-13,0.61,2.54
2015-05-14,0.61,5.08
2015-05-15,1.524,15.24
2015-05-16,2.438,22.86
2015-05-17,3.048,12.7
2015-05-18,3.048,17.78
2015-05-19,3.353,12.7
2015-05-20,3.353,7.62
2015-05-21,2.743,7.62
2015-05-22,2.743,10.16
2015-05-23,2.134,5.08
2015-05-24,1.829,2.54
2015-05-25,0.914,5.08
2015-05-26,0.61,0.0
2015-05-27,0.61,2.54
2015-05-28,0.0,2.54
2015-05-29,0.0,2.54
2015-05-30,0.0,2.54
2015-05-31,0.0,2.54
2015-06-01,0.0,5.08
2015-06-02,0.0,2.54
2015-06-03,0.0,
2015-06-04,0.0,0.0
2015-06-05,0.0,
2015-06-06,0.0,0.0
2015-06-07,0.0,0.0
2015-06-08,0.0,
2015-06-09,0.0,
2015-06-10,0.0,0.0
2015-06-11,0.0,2.54
2015-06-12,0.0,2.54
2015-06-13,0.0,0.0
2015-06-14,0.0,2.54
2015-06-15,0.0,2.54
2015-06-16,0.0,2.54
2015-06-17,0.0,0.0
2015-06-18,0.0,
2015-06-19,0.0,
2015-06-20,0.0,0.0
2015-06-21,0.0,0.0
2015-06-22,0.0,0.0
2015-06-23,0.0,0.0
2015-06-24,0.0,0.0
2015-06-25,0.0,
2015-06-26,0.0,0.0
2015-06-27,0.0,0.0
2015-06-28,0.0,
2015-06-29,0.0,0.0
2015-06-30,0.0,
2015-07-01,0.0,
2015-07-02,0.0,
2015-07-03,0.0,0.0
2015-07-04,0.0,
2015-07-05,0.0,0.0
2015-07-06,0.0,
2015-07-07,0.0,
2015-07-08,0.0,
2015-07-09,0.0,0.0
2015-07-10,0.0,2.54
2015-07-11,0.0,2.54
2015-07-12,0.0,0.0
2015-07-13,0.0,0.0
2015-07-14,0.0,0.0
2015-07-15,0.0,0.0
2015-07-16,0.0,0.0
2015-07-17,0.0,
2015-07-18,0.0,
2015-07-19,0.0,0.0
2015-07-20,0.0,0.0
2015-07-21,0.0,0.0
2015-07-22,0.0,2.54
2015-07-23,0.0,2.54
2015-07-24,0.0,0.0
2015-07-25,0.0,0.0
2015-07-26,0.0,0.0
2015-07-27,0.0,0.0
2015-07-28,0.0,0.0
2015-07-29,0.0,0.0
2015-07-30,0.0,0.0
2015-07-31,0.0,
2015-08-01,0.0,
2015-08-02,0.0,
2015-08-03,0.0,
2015-08-04,0.0,
2015-08-05,0.0,0.0
2015-08-06,0.0,
2015-08-07,0.0,0.0
2015-08-08,0.0,0.0
2015-08-09,0.0,0.0
2015-08-10,0.0,0.0
2015-08-11,0.0,0.0
2015-08-12,0.0,0.0
2015-08-13,0.0,0.0
2015-08-14,0.0,2.54
2015-08-15,0.0,
2015-08-16,0.0,0.0
2015-08-17,0.0,
2015-08-18,0.0,
2015-08-19,0.0,0.0
2015-08-20,0.0,
2015-08-21,0.0,
2015-08-22,0.0,0.0
2015-08-23,0.0,0.0
2015-08-24,0.0,
2015-08-25,0.0,
2015-08-26,0.0,0.0
2015-08-27,0.0,
2015-08-28,0.0,
2015-08-29,0.0,2.54
2015-08-30,0.0,
2015-08-31,0.0,
2015-09-01,0.0,0.0
2015-09-02,0.0,
2015-09-03,0.0,0.0
2015-09-04,0.0,0.0
2015-09-05,0.0,0.0
2015-09-06,0.0,2.54
2015-09-07,0.0,2.54
2015-09-08,0.0,
2015-09-09,0.0,
2015-09-10,0.0,
2015-09-11,0.0,0.0
2015-09-12,0.0,0.0
2015-09-13,0.0,2.54
2015-09-14,0.0,
2015-09-15,0.0,0.0
2015-09-16,0.0,0.0
2015-09-17,0.0,2.54
2015-09-18,0.0,0.0
2015-09-19,0.0,
2015-09-20,0.0,
2015-09-21,0.0,
2015-09-22,0.0,2.54
2015-09-23,0.0,0.0
2015-09-24,0.0,
2015-09-25,0.0,
2015-09-26,0.0,0.0
2015-09-27,0.0,
2015-09-28,0.0,0.0
2015-09-29,0.0,0.0
2015-09-30,0.0,
2015-10-01,0.0,0.0
2015-10-02,0.914,0.0
2015-10-03,0.914,0.0
2015-10-04,0.61,0.0
2015-10-05,0.61,2.54
2015-10-06,0.305,2.54
2015-10-07,0.305,0.0
2015-10-08,0.305,0.0
2015-10-09,0.305,0.0
2015-10-10,0.305,2.54
2015-10-11,0.0,2.54
2015-10-12,0.0,0.0
2015-10-13,0.0,0.0
2015-10-14,0.0,0.0
2015-10-15,0.0,0.0
2015-10-16,0.0,0.0
2015-10-17,0.0,0.0
2015-10-18,0.914,2.54
2015-10-19,0.914,0.0
2015-10-20,0.61,2.54
2015-10-21,0.61,0.0
2015-10-22,0.61,0.0
2015-10-23,0.305,0.0
2015-10-24,0.305,2.54
2015-10-25,0.305,2.54
2015-10-26,0.305,0.0
2015-10-27,0.305,0.0
2015-10-28,0.0,2.54
2015-10-29,0.914,5.08
2015-10-30,0.914,2.54
2015-10-31,0.914,2.54
2015-11-01,0.61,2.54
2015-11-02,0.61,0.0
2015-11-03,4.267,33.02
2015-11-04,4.572,30.48
2015-11-05,4.267,30.48
2015-11-06,4.267,25.4
2015-11-07,4.267,22.86
2015-11-08,4.267,22.86
2015-11-09,4.877,43.18
2015-11-10,6.096,50.8
2015-11-11,7.01,45.72
2015-11-12,7.01,38.1
2015-11-13,7.01,40.64
2015-11-14,7.01,35.56
2015-11-15,7.01,35.56
2015-11-16,9.906,63.5
2015-11-17,9.754,55.88
2015-11-18,9.754,53.34
2015-11-19,9.754,48.26
2015-11-20,9.754,43.18
2015-11-21,9.754,40.64
2015-11-22,9.754,40.64
2015-11-23,9.754,38.1
2015-11-24,9.754,38.1
2015-11-25,10.363,
2015-11-26,11.278,58.42
2015-11-27,11.887,53.34
2015-11-28,11.887,55.88
2015-11-29,11.887,50.8
2015-11-30,11.887,53.34
2015-12-01,11.887,53.34
2015-12-02,11.887,53.34
2015-12-03,11.887,50.8
2015-12-04,11.887,55.88
2015-12-05,12.497,55.88
2015-12-06,12.497,55.88
2015-12-07,12.802,53.34
2015-12-08,12.802,53.34
2015-12-09,13.106,50.8
2015-12-10,13.106,50.8
2015-12-11,16.764,86.36
2015-12-12,17.983,86.36
2015-12-13,17.983,81.28
2015-12-14,21.031,109.22
2015-12-15,21.641,101.6
2015-12-16,21.641,96.52
2015-12-17,21.946,93.98
2015-12-18,21.946,88.9
2015-12-19,21.946,96.52
2015-12-20,24.079,114.3
2015-12-21,25.908,119.38
2015-12-22,38.71,190.5
2015-12-23,40.538,180.34
2015-12-24,40.538,172.72
2015-12-25,43.586,203.2
2015-12-26,43.891,198.12
2015-12-27,43.891,190.5
2015-12-28,43.891,185.42
2015-12-29,43.891,185.42
2015-12-30,44.196,180.34
2015-12-31,44.196,177.8
2016-01-01,44.196,175.26
2016-01-02,44.196,172.72
2016-01-03,44.196,170.18
2016-01-04,44.196,167.64
2016-01-05,44.196,175.26
2016-01-06,48.463,205.74
2016-01-07,52.426,241.3
2016-01-08,52.426,231.14
2016-01-09,52.426,226.06
2016-01-10,53.035,226.06
2016-01-11,53.34,218.44
2016-01-12,53.34,215.9
2016-01-13,53.34,210.82
2016-01-14,54.559,215.9
2016-01-15,58.217,243.84
2016-01-16,59.436,241.3
2016-01-17,60.35,233.68
2016-01-18,60.96,236.22
2016-01-19,62.789,246.38
2016-01-20,66.142,256.54
2016-01-21,66.142,251.46
2016-01-22,66.446,246.38
2016-01-23,70.409,276.86
2016-01-24,71.933,276.86
2016-01-25,71.933,269.24
2016-01-26,71.933,264.16
2016-01-27,72.238,261.62
2016-01-28,72.238,256.54
2016-01-29,72.238,251.46
2016-01-30,73.762,251.46
2016-01-31,75.59,261.62
2016-02-01,77.724,279.4
2016-02-02,77.724,269.24
2016-02-03,77.724,269.24
2016-02-04,78.334,261.62
2016-02-05,78.638,256.54
2016-02-06,78.943,254.0
2016-02-07,78.943,248.92
2016-02-08,79.248,243.84
2016-02-09,79.248,238.76
2016-02-10,79.248,236.22
2016-02-11,79.248,231.14
2016-02-12,79.248,231.14
2016-02-13,79.248,228.6
2016-02-14,79.248,226.06
2016-02-15,79.248,223.52
2016-02-16,79.248,218.44
2016-02-17,79.248,218.44
2016-02-18,81.686,248.92
2016-02-19,84.125,254.0
2016-02-20,84.734,248.92
2016-02-21,85.039,246.38
2016-02-22,85.344,243.84
2016-02-23,85.649,241.3
2016-02-24,85.649,238.76
2016-02-25,85.649,231.14
2016-02-26,85.344,228.6
2016-02-27,85.039,226.06
2016-02-28,84.43,223.52
2016-02-29,84.125,220.98
2016-03-01,83.82,220.98
2016-03-02,83.515,215.9
2016-03-03,81.382,213.36
2016-03-04,79.858,215.9
2016-03-05,76.505,231.14
2016-03-06,86.563,279.4
2016-03-07,91.44,299.72
2016-03-08,93.574,299.72
2016-03-09,94.183,289.56
2016-03-10,94.793,279.4
2016-03-11,95.098,271.78
2016-03-12,98.146,299.72
2016-03-13,99.365,299.72
2016-03-14,104.851,340.36
2016-03-15,106.07,325.12
2016-03-16,106.375,317.5
2016-03-17,106.985,304.8
2016-03-18,106.985,294.64
2016-03-19,101.498,287.02
2016-03-20,102.108,281.94
2016-03-21,103.022,274.32
2016-03-22,104.242,299.72
2016-03-23,105.766,292.1
2016-03-24,106.985,281.94
2016-03-25,107.594,276.86
2016-03-26,105.766,271.78
2016-03-27,104.242,266.7
2016-03-28,104.546,264.16
2016-03-29,105.156,271.78
2016-03-30,106.985,274.32
2016-03-31,107.899,269.24
2016-04-01,108.814,264.16
2016-04-02,103.632,259.08
2016-04-03,103.327,254.0
2016-04-04,103.327,248.92
2016-04-05,103.327,246.38
2016-04-06,102.718,241.3
2016-04-07,101.803,236.22
2016-04-08,101.194,233.68
2016-04-09,100.584,231.14
2016-04-10,100.584,251.46
2016-04-11,101.498,238.76
2016-04-12,102.413,233.68
2016-04-13,102.108,231.14
2016-04-14,100.279,228.6
2016-04-15,99.974,228.6
2016-04-16,100.279,226.06
2016-04-17,99.365,220.98
2016-04-18,98.755,215.9
2016-04-19,97.841,210.82
2016-04-20,96.012,208.28
2016-04-21,95.098,203.2
2016-04-22,92.964,198.12
2016-04-23,92.964,226.06
2016-04-24,95.402,213.36
2016-04-25,97.231,215.9
2016-04-26,98.755,215.9
2016-04-27,99.67,213.36
2016-04-28,99.67,215.9
2016-04-29,99.67,210.82
2016-04-30,94.793,208.28
2016-05-01,92.964,205.74
2016-05-02,92.659,203.2
2016-05-03,92.05,198.12
2016-05-04,91.135,193.04
2016-05-05,90.221,190.5
2016-05-06,89.611,193.04
2016-05-07,89.916,193.04
2016-05-08,91.745,190.5
2016-05-09,91.44,190.5
2016-05-10,89.916,185.42
2016-05-11,88.087,180.34
2016-05-12,85.039,172.72
2016-05-13,81.991,162.56
2016-05-14,78.334,157.48
2016-05-15,74.981,149.86
2016-05-16,72.542,144.78
2016-05-17,70.104,139.7
2016-05-18,68.58,132.08
2016-05-19,65.532,127.0
2016-05-20,61.874,119.38
2016-05-21,60.046,119.38
2016-05-22,59.741,124.46
2016-05-23,60.046,116.84
2016-05-24,60.35,116.84
2016-05-25,58.42,119.38
2016-05-26,57.785,116.84
2016-05-27,57.15,111.76
2016-05-28,57.912,106.68
2016-05-29,55.169,101.6
2016-05-30,53.035,96.52
2016-05-31,49.378,88.9
2016-06-01,45.11,81.28
2016-06-02,40.538,71.12
2016-06-03,36.271,60.96
2016-06-04,32.004,50.8
2016-06-05,28.042,45.72
2016-06-06,24.689,38.1
2016-06-07,19.507,27.94
2016-06-08,13.411,17.78
2016-06-09,6.706,7.62
2016-06-10,2.743,0.0
2016-06-11,0.0,0.0
2016-06-12,0.0,0.0
2016-06-13,0.0,
2016-06-14,0.0,0.0
2016-06-15,0.0,2.54
2016-06-16,0.0,0.0
2016-06-17,0.0,0.0
2016-06-18,0.0,0.0
2016-06-19,0.0,0.0
2016-06-20,0.0,
2016-06-21,0.0,0.0
2016-06-22,0.0,0.0
2016-06-23,0.0,
2016-06-24,0.0,0.0
2016-06-25,0.0,0.0
2016-06-26,0.0,
2016-06-27,0.0,0.0
2016-06-28,0.0,0.0
2016-06-29,0.0,
2016-06-30,0.0,0.0
2016-07-01,0.0,
2016-07-02,0.0,
2016-07-03,0.0,
2016-07-04,0.0,
2016-07-05,0.0,0.0
2016-07-06,0.0,0.0
2016-07-07,0.0,
2016-07-08,0.0,
2016-07-09,0.0,0.0
2016-07-10,0.0,0.0
2016-07-11,0.0,0.0
2016-07-12,0.0,0.0
2016-07-13,0.0,
2016-07-14,0.0,0.0
2016-07-15,0.0,0.0
2016-07-16,0.0,0.0
2016-07-17,0.0,
2016-07-18,0.0,0.0
2016-07-19,0.0,0.0
2016-07-20,0.0,0.0
2016-07-21,0.0,
2016-07-22,0.0,
2016-07-23,0.0,0.0
2016-07-24,0.0,
2016-07-25,0.0,0.0
2016-07-26,0.0,
2016-07-27,0.0,0.0
2016-07-28,0.0,
2016-07-29,0.0,
2016-07-30,0.0,
2016-07-31,0.0,
2016-08-01,0.0,
2016-08-02,0.0,0.0
2016-08-03,0.0,
2016-08-04,0.0,2.54
2016-08-05,0.0,0.0
2016-08-06,0.0,
2016-08-07,0.0,0.0
2016-08-08,0.0,0.0
2016-08-09,0.0,0.0
2016-08-10,0.0,0.0
2016-08-11,0.0,0.0
2016-08-12,0.0,0.0
2016-08-13,0.0,0.0
2016-08-14,0.0,0.0
2016-08-15,0.0,0.0
2016-08-16,0.0,0.0
2016-08-17,0.0,
2016-08-18,0.0,0.0
2016-08-19,0.0,
2016-08-20,0.0,
2016-08-21,0.0,0.0
2016-08-22,0.0,
2016-08-23,0.0,
2016-08-24,0.0,
2016-08-25,0.0,2.54
2016-08-26,0.0,0.0
2016-08-27,0.0,0.0
2016-08-28,0.0,
2016-08-29,0.0,2.54
2016-08-30,0.0,2.54
2016-08-31,0.0,2.54
2016-09-01,0.0,
2016-09-02,0.0,0.0
2016-09-03,0.0,2.54
2016-09-04,0.0,2.54
2016-09-05,0.0,2.54
2016-09-06,0.0,2.54
2016-09-07,0.0,2.54
2016-09-08,0.0,2.54
2016-09-09,0.0,2.54
2016-09-10,0.0,0.0
2016-09-11,0.0,0.0
2016-09-12,0.0,2.54
2016-09-13,0.0,2.54
2016-09-14,0.0,2.54
2016-09-15,0.0,2.54
2016-09-16,0.0,2.54
2016-09-17,0.0,
2016-09-18,0.0,2.54
2016-09-19,0.0,2.54
2016-09-20,0.0,0.0
2016-09-21,0.0,2.54
2016-09-22,0.0,2.54
2016-09-23,0.0,2.54
2016-09-24,0.0,2.54
2016-09-25,0.0,0.0
2016-09-26,0.0,2.54
2016-09-27,0.0,0.0
2016-09-28,0.0,0.0
2016-09-29,0.0,2.54
2016-09-30,0.0,2.54
2016-10-01,0.0,2.54
2016-10-02,0.0,2.54
2016-10-03,0.0,2.54
2016-10-04,0.0,2.54
2016-10-05,0.0,2.54
2016-10-06,0.0,2.54
2016-10-07,0.0,2.54
2016-10-08,0.0,0.0
2016-10-09,0.0,
2016-10-10,0.0,2.54
2016-10-11,0.0,0.0
2016-10-12,0.0,2.54
2016-10-13,0.0,0.0
2016-10-14,0.0,2.54
2016-10-15,0.0,2.54
2016-10-16,0.0,0.0
2016-10-17,0.0,5.08
2016-10-18,0.0,7.62
2016-10-19,0.0,5.08
2016-10-20,0.0,2.54
2016-10-21,0.0,0.0
2016-10-22,0.0,2.54
2016-10-23,0.0,0.0
2016-10-24,0.0,2.54
2016-10-25,0.0,2.54
2016-10-26,0.0,2.54
2016-10-27,0.0,2.54
2016-10-28,0.0,2.54
2016-10-29,0.0,2.54
2016-10-30,0.0,2.54
2016-10-31,0.0,7.62
2016-11-01,1.829,7.62
2016-11-02,2.134,10.16
2016-11-03,2.743,10.16
2016-11-04,3.048,7.62
2016-11-05,3.048,5.08
2016-11-06,3.048,7.62
2016-11-07,2.438,7.62
2016-11-08,1.829,5.08
2016-11-09,0.61,2.54
2016-11-10,0.305,2.54
2016-11-11,0.0,2.54
2016-11-12,0.0,5.08
2016-11-13,0.0,2.54
2016-11-14,0.0,2.54
2016-11-15,0.0,2.54
2016-11-16,0.0,2.54
2016-11-17,0.0,2.54
2016-11-18,0.0,2.54
2016-11-19,0.0,2.54
2016-11-20,0.0,2.54
2016-11-21,0.0,5.08
2016-11-22,0.0,7.62
2016-11-23,0.0,7.62
2016-11-24,0.914,15.24
2016-11-25,0.61,17.78
2016-11-26,0.61,15.24
2016-11-27,3.658,53.34
2016-11-28,4.572,58.42
2016-11-29,5.486,55.88
2016-11-30,6.096,53.34
2016-12-01,6.401,50.8
2016-12-02,7.01,48.26
2016-12-03,7.315,45.72
2016-12-04,7.925,43.18
2016-12-05,7.925,40.64
2016-12-06,7.925,40.64
2016-12-07,7.925,40.64
2016-12-08,9.144,50.8
2016-12-09,10.973,45.72
2016-12-10,11.278,45.72
2016-12-11,16.764,58.42
2016-12-12,16.459,58.42
2016-12-13,15.85,55.88
2016-12-14,16.154,58.42
2016-12-15,16.154,55.88
2016-12-16,19.812,81.28
2016-12-17,20.117,78.74
2016-12-18,20.117,76.2
2016-12-19,19.507,76.2
2016-12-20,19.507,73.66
2016-12-21,20.117,73.66
2016-12-22,20.422,73.66
2016-12-23,20.726,76.2
2016-12-24,24.994,109.22
2016-12-25,24.994,106.68
2016-12-26,24.994,104.14
2016-12-27,24.994,101.6
2016-12-28,25.298,99.06
2016-12-29,25.298,99.06
2016-12-30,25.603,96.52
2016-12-31,25.298,96.52
2017-01-01,24.994,93.98
2017-01-02,24.994,93.98
2017-01-03,25.603,119.38
2017-01-04,30.48,137.16
2017-01-05,38.405,162.56
2017-01-06,39.319,157.48
2017-01-07,39.319,154.94
2017-01-08,41.148,167.64
2017-01-09,44.196,
2017-01-10,53.34,208.28
2017-01-11,64.313,251.46
2017-01-12,70.104,266.7
2017-01-13,73.762,276.86
2017-01-14,74.981,264.16
2017-01-15,76.2,256.54
2017-01-16,77.114,248.92
2017-01-17,78.029,241.3
2017-01-18,78.943,238.76
2017-01-19,85.344,269.24
2017-01-20,89.306,292.1
2017-01-21,97.231,345.44
2017-01-22,99.974,345.44
2017-01-23,110.338,393.7
2017-01-24,112.166,386.08
2017-01-25,112.166,370.84
2017-01-26,113.081,360.68
2017-01-27,113.386,350.52
2017-01-28,113.386,345.44
2017-01-29,113.69,337.82
2017-01-30,113.995,330.2
2017-01-31,114.3,327.66
2017-02-01,114.3,322.58
2017-02-02,114.91,325.12
2017-02-03,117.348,332.74
2017-02-04,119.786,335.28
2017-02-05,120.091,330.2
2017-02-06,122.53,345.44
2017-02-07,129.235,373.38
2017-02-08,137.77,365.76
2017-02-09,133.35,347.98
2017-02-10,135.89,398.78
2017-02-11,138.379,408.94
2017-02-12,141.732,398.78
2017-02-13,144.475,391.16
2017-02-14,147.523,383.54
2017-02-15,149.962,375.92
2017-02-16,151.486,370.84
2017-02-17,153.619,373.38
2017-02-18,160.02,411.48
2017-02-19,162.763,411.48
2017-02-20,165.202,449.58
2017-02-21,174.955,449.58
2017-02-22,181.356,449.58
2017-02-23,183.794,449.58
2017-02-24,184.709,449.58
2017-02-25,185.014,449.58
2017-02-26,185.623,449.58
2017-02-27,186.538,449.58
2017-02-28,187.452,449.58
2017-03-01,187.452,449.58
2017-03-02,187.757,449.58
2017-03-03,187.757,449.58
2017-03-04,187.757,408.94
2017-03-05,188.976,449.58
2017-03-06,193.243,449.58
2017-03-07,193.853,449.58
2017-03-08,193.853,449.58
2017-03-09,193.853,449.58
2017-03-10,193.853,449.58
2017-03-11,193.853,411.48
2017-03-12,193.853,411.48
2017-03-13,193.853,363.22
2017-03-14,193.548,452.12
2017-03-15,192.938,129.54
2017-03-16,192.329,210.82
2017-03-17,186.842,452.12
2017-03-18,184.15,251.46
2017-03-19,181.61,246.38
2017-03-20,179.07,243.84
2017-03-21,177.8,396.24
2017-03-22,180.34,330.2
2017-03-23,182.88,279.4
2017-03-24,186.538,421.64
2017-03-25,190.5,299.72
2017-03-26,192.938,299.72
2017-03-27,194.462,266.7
2017-03-28,195.986,401.32
2017-03-29,196.291,259.08
2017-03-30,193.04,431.8
2017-03-31,189.865,431.8
2017-04-01,186.69,434.34
2017-04-02,183.515,431.8
2017-04-03,180.34,429.26
2017-04-04,180.34,434.34
2017-04-05,180.442,431.8
2017-04-06,179.222,431.8
2017-04-07,180.746,340.36
2017-04-08,187.147,388.62
2017-04-09,191.719,419.1
2017-04-10,194.462,431.8
2017-04-11,196.596,431.8
2017-04-12,198.12,368.3
2017-04-13,199.949,314.96
2017-04-14,202.387,264.16
2017-04-15,202.692,434.34
2017-04-16,202.997,431.8
2017-04-17,203.606,419.1
2017-04-18,205.74,434.34
2017-04-19,205.74,416.56
2017-04-20,204.216,426.72
2017-04-21,204.216,426.72
2017-04-22,202.082,426.72
2017-04-23,197.51,431.8
2017-04-24,197.51,429.26
2017-04-25,197.815,434.34
2017-04-26,199.339,429.26
2017-04-27,198.73,406.4
2017-04-28,197.206,434.34
2017-04-29,196.901,436.88
2017-04-30,196.901,436.88
2017-05-01,195.682,434.34
2017-05-02,195.377,429.26
2017-05-03,194.462,431.8
2017-05-04,192.634,431.8
2017-05-05,191.11,411.48
2017-05-06,188.062,431.8
2017-05-07,185.318,408.94
2017-05-08,183.794,426.72
2017-05-09,182.575,426.72
2017-05-10,181.051,429.26
2017-05-11,179.832,431.8
2017-05-12,178.003,429.26
2017-05-13,174.041,436.88
2017-05-14,171.907,436.88
2017-05-15,170.078,436.88
2017-05-16,168.859,429.26
2017-05-17,168.554,431.8
2017-05-18,168.554,447.04
2017-05-19,168.25,436.88
2017-05-20,167.64,434.34
2017-05-21,166.726,426.72
2017-05-22,164.287,421.64
2017-05-23,161.849,429.26
2017-05-24,160.02,426.72
2017-05-25,156.362,444.5
2017-05-26,153.924,426.72
2017-05-27,149.657,434.34
2017-05-28,146.304,429.26
2017-05-29,143.256,426.72
2017-05-30,139.598,388.62
2017-05-31,136.246,314.96
2017-06-01,132.893,403.86
2017-06-02,130.759,363.22
2017-06-03,129.845,373.38
2017-06-04,126.187,391.16
2017-06-05,123.139,398.78
2017-06-06,118.567,398.78
2017-06-07,114.3,403.86
2017-06-08,110.033,416.56
2017-06-09,106.68,426.72
2017-06-10,103.937,381.0
2017-06-11,100.279,421.64
2017-06-12,98.45,414.02
2017-06-13,97.536,419.1
2017-06-14,96.317,373.38
2017-06-15,95.402,406.4
2017-06-16,92.354,403.86
2017-06-17,87.782,424.18
2017-06-18,81.686,370.84
2017-06-19,75.286,421.64
2017-06-20,68.58,424.18
2017-06-21,61.57,431.8
2017-06-22,54.559,429.26
2017-06-23,48.158,431.8
2017-06-24,40.843,426.72
2017-06-25,34.138,416.56
2017-06-26,27.432,406.4
2017-06-27,20.117,429.26
2017-06-28,11.278,434.34
2017-06-29,3.962,434.34
2017-06-30,1.219,429.26
2017-07-01,0.0,431.8
2017-07-02,0.0,434.34
2017-07-03,0.0,434.34
2017-07-04,0.0,434.34
2017-07-05,0.0,439.42
2017-07-06,0.0,436.88
2017-07-07,0.0,436.88
2017-07-08,0.0,439.42
2017-07-09,0.0,439.42
2017-07-10,0.0,439.42
2017-07-11,0.0,439.42
2017-07-12,0.0,441.96
2017-07-13,0.0,444.5
2017-07-14,0.0,444.5
2017-07-15,0.0,444.5
2017-07-16,0.0,444.5
2017-07-17,0.0,444.5
2017-07-18,0.0,444.5
2017-07-19,0.0,447.04
2017-07-20,0.0,447.04
2017-07-21,0.0,447.04
2017-07-22,0.0,447.04
2017-07-23,0.0,447.04
2017-07-24,0.0,444.5
2017-07-25,0.0,447.04
2017-07-26,0.0,444.5
2017-07-27,0.0,434.34
2017-07-28,0.0,434.34
2017-07-29,0.0,419.1
2017-07-30,0.0,434.34
2017-07-31,0.0,421.64
2017-08-01,0.0,406.4
2017-08-02,0.0,411.48
2017-08-03,0.0,360.68
2017-08-04,0.0,340.36
2017-08-05,0.0,337.82
2017-08-06,0.0,332.74
2017-08-07,0.0,330.2
2017-08-08,0.0,342.9
2017-08-09,0.0,345.44
2017-08-10,0.0,370.84
2017-08-11,0.0,365.76
2017-08-12,0.0,396.24
2017-08-13,0.0,436.88
2017-08-14,0.0,439.42
2017-08-15,0.0,441.96
2017-08-16,0.0,444.5
2017-08-17,0.0,447.04
2017-08-18,0.0,411.48
2017-08-19,0.0,434.34
2017-08-20,0.0,421.64
2017-08-21,0.0,421.64
2017-08-22,0.0,327.66
2017-08-23,0.0,309.88
2017-08-24,0.0,363.22
2017-08-25,0.0,360.68
2017-08-26,0.0,424.18
2017-08-27,0.0,436.88
2017-08-28,0.0,439.42
2017-08-29,0.0,441.96
2017-08-30,0.0,441.96
2017-08-31,0.0,436.88
2017-09-01,0.0,441.96
2017-09-02,0.0,444.5
2017-09-03,0.0,444.5
2017-09-04,0.0,444.5
2017-09-05,0.0,444.5
2017-09-06,0.0,449.58
2017-09-07,0.0,441.96
2017-09-08,0.0,350.52
2017-09-09,0.0,386.08
2017-09-10,0.0,452.12
2017-09-11,0.0,439.42
2017-09-12,0.0,452.12
2017-09-13,0.0,353.06
2017-09-14,0.0,391.16
2017-09-15,0.0,388.62
2017-09-16,0.0,403.86
2017-09-17,0.0,398.78
2017-09-18,0.0,414.02
2017-09-19,0.0,406.4
2017-09-20,0.0,414.02
2017-09-21,0.0,375.92
2017-09-22,0.0,406.4
2017-09-23,0.0,414.02
2017-09-24,0.0,429.26
2017-09-25,0.0,434.34
2017-09-26,0.0,436.88
2017-09-27,0.0,436.88
2017-09-28,0.0,444.5
2017-09-29,0.0,447.04
2017-09-30,0.0,444.5
2017-10-01,0.0,447.04
2017-10-02,0.0,447.04
2017-10-03,0.0,447.04
2017-10-04,0.0,
2017-10-05,0.0,231.14
2017-10-06,0.0,228.6
2017-10-07,0.0,223.52
2017-10-08,0.0,223.52
2017-10-09,0.0,226.06
2017-10-10,0.0,223.52
2017-10-11,0.0,226.06
2017-10-12,0.0,231.14
2017-10-13,0.0,231.14
2017-10-14,0.0,228.6
2017-10-15,0.0,223.52
2017-10-16,0.0,223.52
2017-10-17,0.0,223.52
2017-10-18,0.0,220.98
2017-10-19,0.0,223.52
2017-10-20,0.914,223.52
2017-10-21,1.219,236.22
2017-10-22,1.829,228.6
2017-10-23,1.219,220.98
2017-10-24,1.219,215.9
2017-10-25,0.914,218.44
2017-10-26,0.61,220.98
2017-10-27,0.61,218.44
2017-10-28,0.305,218.44
2017-10-29,0.305,218.44
2017-10-30,0.305,223.52
2017-10-31,0.305,228.6
2017-11-01,0.0,226.06
2017-11-02,0.0,228.6
2017-11-03,0.0,226.06
2017-11-04,0.0,228.6
2017-11-05,1.219,226.06
2017-11-06,1.829,233.68
2017-11-07,2.134,233.68
2017-11-08,2.438,228.6
2017-11-09,2.438,223.52
2017-11-10,2.438,226.06
2017-11-11,2.743,233.68
2017-11-12,3.353,226.06
2017-11-13,3.353,228.6
2017-11-14,3.353,81.28
2017-11-15,3.658,226.06
2017-11-16,6.401,
2017-11-17,13.411,218.44
2017-11-18,14.021,233.68
2017-11-19,13.106,233.68
2017-11-20,11.582,228.6
2017-11-21,11.887,
2017-11-22,11.582,223.52
2017-11-23,11.278,223.52
2017-11-24,10.973,220.98
2017-11-25,10.668,220.98
2017-11-26,10.363,220.98
2017-11-27,11.278,228.6
2017-11-28,12.497,233.68
2017-11-29,13.106,233.68
2017-11-30,13.716,231.14
2017-12-01,13.411,231.14
2017-12-02,12.802,231.14
2017-12-03,13.716,226.06
2017-12-04,14.021,241.3
2017-12-05,16.764,248.92
2017-12-06,17.678,246.38
2017-12-07,17.678,243.84
2017-12-08,17.374,243.84
2017-12-09,17.069,243.84
2017-12-10,16.764,243.84
2017-12-11,16.154,246.38
2017-12-12,15.85,243.84
2017-12-13,15.545,241.3
2017-12-14,15.545,236.22
2017-12-15,15.545,241.3
2017-12-16,15.545,241.3
2017-12-17,15.545,243.84
2017-12-18,15.545,243.84
2017-12-19,15.24,243.84
2017-12-20,15.24,243.84
2017-12-21,15.545,254.0
2017-12-22,15.545,248.92
2017-12-23,15.545,243.84
2017-12-24,15.85,241.3
2017-12-25,15.85,238.76
2017-12-26,15.85,243.84
2017-12-27,15.545,243.84
2017-12-28,15.545,243.84
2017-12-29,15.85,241.3
2017-12-30,16.154,241.3
2017-12-31,16.459,243.84
2018-01-01,16.459,241.3
2018-01-02,16.459,238.76
2018-01-03,16.459,238.76
2018-01-04,16.459,233.68
2018-01-05,16.459,233.68
2018-01-06,17.374,
2018-01-07,18.593,248.92
2018-01-08,18.898,238.76
2018-01-09,23.47,
2018-01-10,23.774,243.84
2018-01-11,24.079,248.92
2018-01-12,24.079,246.38
2018-01-13,24.384,241.3
2018-01-14,24.384,238.76
2018-01-15,23.774,238.76
2018-01-16,23.165,241.3
2018-01-17,22.555,241.3
2018-01-18,21.946,238.76
2018-01-19,21.336,233.68
2018-01-20,21.336,256.54
2018-01-21,20.422,259.08
2018-01-22,19.202,251.46
2018-01-23,17.678,254.0
2018-01-24,16.459,248.92
2018-01-25,15.545,248.92
2018-01-26,15.85,254.0
2018-01-27,17.069,251.46
2018-01-28,17.983,243.84
2018-01-29,18.288,241.3
2018-01-30,17.983,243.84
2018-01-31,17.374,243.84
2018-02-01,16.764,238.76
2018-02-02,16.459,238.76
2018-02-03,15.545,241.3
2018-02-04,14.935,241.3
2018-02-05,14.021,228.6
2018-02-06,13.411,228.6
2018-02-07,13.411,226.06
2018-02-08,13.716,226.06
2018-02-09,14.935,241.3
2018-02-10,15.85,243.84
2018-02-11,16.154,248.92
2018-02-12,15.545,254.0
2018-02-13,14.935,147.32
2018-02-14,14.021,116.84
2018-02-15,13.462,111.76
2018-02-16,23.774,132.08
2018-02-17,26.518,208.28
2018-02-18,26.822,210.82
2018-02-19,26.822,215.9
2018-02-20,26.822,215.9
2018-02-21,26.822,215.9
2018-02-22,26.822,215.9
2018-02-23,26.822,215.9
2018-02-24,28.042,213.36
2018-02-25,28.042,220.98
2018-02-26,28.346,220.98
2018-02-27,28.651,223.52
2018-02-28,28.956,223.52
2018-03-01,29.261,226.06
2018-03-02,34.442,226.06
2018-03-03,39.319,226.06
2018-03-04,41.453,226.06
2018-03-05,42.672,226.06
2018-03-06,43.586,226.06
2018-03-07,44.196,223.52
2018-03-08,44.806,220.98
2018-03-09,45.415,213.36
2018-03-10,45.415,218.44
2018-03-11,45.415,220.98
2018-03-12,46.025,226.06
2018-03-13,46.33,195.58
2018-03-14,47.854,233.68
2018-03-15,49.378,233.68
2018-03-16,49.682,231.14
2018-03-17,52.426,210.82
2018-03-18,52.426,226.06
2018-03-19,51.206,226.06
2018-03-20,49.378,226.06
2018-03-21,48.463,152.4
2018-03-22,49.073,205.74
2018-03-23,53.95,228.6
2018-03-24,55.169,228.6
2018-03-25,57.607,228.6
2018-03-26,58.826,226.06
2018-03-27,59.741,226.06
2018-03-28,60.96,228.6
2018-03-29,62.179,228.6
2018-03-30,62.789,228.6
2018-03-31,63.398,228.6
2018-04-01,64.008,226.06
2018-04-02,64.008,226.06
2018-04-03,64.008,226.06
2018-04-04,64.313,226.06
2018-04-05,64.618,226.06
2018-04-06,64.618,
2018-04-07,63.703,
2018-04-08,67.361,205.74
2018-04-09,71.018,226.06
2018-04-10,71.628,226.06
2018-04-11,71.323,226.06
2018-04-12,72.542,223.52
2018-04-13,73.457,223.52
2018-04-14,74.981,226.06
2018-04-15,73.762,226.06
2018-04-16,73.762,223.52
2018-04-17,75.895,223.52
2018-04-18,77.724,223.52
2018-04-19,78.334,223.52
2018-04-20,78.943,223.52
2018-04-21,79.858,228.6
2018-04-22,74.676,231.14
2018-04-23,73.152,231.14
2018-04-24,72.542,233.68
2018-04-25,72.238,233.68
2018-04-26,71.323,236.22
2018-04-27,70.104,236.22
2018-04-28,69.19,233.68
2018-04-29,67.97,233.68
2018-04-30,67.666,231.14
2018-05-01,68.275,231.14
2018-05-02,70.409,233.68
2018-05-03,71.323,233.68
2018-05-04,66.751,233.68
2018-05-05,64.313,233.68
2018-05-06,63.398,233.68
2018-05-07,61.874,236.22
2018-05-08,59.741,236.22
2018-05-09,57.302,236.22
2018-05-10,54.559,236.22
2018-05-11,52.121,238.76
2018-05-12,50.292,236.22
2018-05-13,49.073,238.76
2018-05-14,48.463,233.68
2018-05-15,46.939,220.98
2018-05-16,46.025,238.76
2018-05-17,45.11,236.22
2018-05-18,44.501,
2018-05-19,43.282,124.46
2018-05-20,40.538,241.3
2018-05-21,38.1,238.76
2018-05-22,35.966,
2018-05-23,33.833,
2018-05-24,30.48,236.22
2018-05-25,27.127,241.3
2018-05-26,26.213,241.3
2018-05-27,25.298,241.3
2018-05-28,21.641,243.84
2018-05-29,16.154,246.38
2018-05-30,10.668,243.84
2018-05-31,6.706,243.84
2018-06-01,3.353,241.3
2018-06-02,1.524,243.84
2018-06-03,1.219,246.38
2018-06-04,0.0,246.38
2018-06-05,0.0,254.0
2018-06-06,0.0,254.0
2018-06-07,0.0,251.46
2018-06-08,0.0,251.46
2018-06-09,0.0,251.46
2018-06-10,0.0,251.46
2018-06-11,0.0,251.46
2018-06-12,0.0,251.46
2018-06-13,0.0,254.0
2018-06-14,0.0,254.0
2018-06-15,0.0,254.0
2018-06-16,0.0,254.0
2018-06-17,0.0,251.46
2018-06-18,0.0,248.92
2018-06-19,0.0,248.92
2018-06-20,0.0,248.92
2018-06-21,0.0,248.92
2018-06-22,0.0,248.92
2018-06-23,0.0,248.92
2018-06-24,0.0,248.92
2018-06-25,0.0,246.38
2018-06-26,0.0,246.38
2018-06-27,0.0,246.38
2018-06-28,0.0,246.38
2018-06-29,0.0,243.84
2018-06-30,0.0,243.84
2018-07-01,0.0,243.84
2018-07-02,0.0,246.38
2018-07-03,0.0,243.84
2018-07-04,0.0,243.84
2018-07-05,0.0,243.84
2018-07-06,0.0,243.84
2018-07-07,0.0,243.84
2018-07-08,0.0,241.3
2018-07-09,0.0,241.3
2018-07-10,0.0,241.3
2018-07-11,0.0,241.3
2018-07-12,0.0,241.3
2018-07-13,0.0,238.76
2018-07-14,0.0,238.76
2018-07-15,0.0,238.76
2018-07-16,0.0,238.76
2018-07-17,0.0,236.22
2018-07-18,0.0,236.22
2018-07-19,0.0,236.22
2018-07-20,0.0,236.22
2018-07-21,0.0,236.22
2018-07-22,0.0,236.22
2018-07-23,0.0,233.68
2018-07-24,0.0,233.68
2018-07-25,0.0,233.68
2018-07-26,0.0,233.68
2018-07-27,0.0,233.68
2018-07-28,0.0,228.6
2018-07-29,0.0,226.06
2018-07-30,0.0,226.06
2018-07-31,0.0,226.06
2018-08-01,0.0,226.06
2018-08-02,0.0,
2018-08-03,0.0,
2018-08-04,0.0,
2018-08-05,0.0,
2018-08-06,0.0,
2018-08-07,0.0,
2018-08-08,0.0,
2018-08-09,0.0,
2018-08-10,0.0,
2018-08-11,0.0,
2018-08-12,0.0,
2018-08-13,0.0,
2018-08-14,0.0,
2018-08-15,0.0,
2018-08-16,0.0,
2018-08-17,0.0,
2018-08-18,0.0,
2018-08-19,0.0,
2018-08-20,0.0,
2018-08-21,0.0,
2018-08-22,0.0,
2018-08-23,0.0,
2018-08-24,0.0,
2018-08-25,0.0,
2018-08-26,0.0,
2018-08-27,0.0,
2018-08-28,0.0,
2018-08-29,0.0,
2018-08-30,0.0,
2018-08-31,0.0,
2018-09-01,0.0,
2018-09-02,0.0,
2018-09-03,0.0,
2018-09-04,0.0,
2018-09-05,0.0,
2018-09-06,0.0,
2018-09-07,0.0,
2018-09-08,0.0,
2018-09-09,0.0,
2018-09-10,0.0,
2018-09-11,0.0,
2018-09-12,0.0,10.16
2018-09-13,0.0,7.62
2018-09-14,0.0,7.62
2018-09-15,0.0,10.16
2018-09-16,0.0,10.16
2018-09-17,0.0,5.08
2018-09-18,0.0,10.16
2018-09-19,0.0,7.62
2018-09-20,0.0,7.62
2018-09-21,0.0,7.62
2018-09-22,0.0,7.62
2018-09-23,0.0,7.62
2018-09-24,0.0,5.08
2018-09-25,0.0,7.62
2018-09-26,0.0,5.08
2018-09-27,0.0,7.62
2018-09-28,0.0,7.62
2018-09-29,0.0,7.62
2018-09-30,0.0,7.62
2018-10-01,0.0,7.62
2018-10-02,0.0,2.54
2018-10-03,0.0,2.54
2018-10-04,0.0,2.54
2018-10-05,0.0,
2018-10-06,0.0,2.54
2018-10-07,0.0,0.0
2018-10-08,0.0,
2018-10-09,0.0,
2018-10-10,0.0,0.0
2018-10-11,0.0,2.54
2018-10-12,0.0,0.0
2018-10-13,0.0,0.0
2018-10-14,0.0,2.54
2018-10-15,0.0,2.54
2018-10-16,0.0,2.54
2018-10-17,0.0,2.54
2018-10-18,0.0,2.54
2018-10-19,0.0,
2018-10-20,0.0,2.54
2018-10-21,0.0,0.0
2018-10-22,0.0,
2018-10-23,0.0,
2018-10-24,0.0,0.0
2018-10-25,0.0,
2018-10-26,0.0,0.0
2018-10-27,0.0,0.0
2018-10-28,0.0,
2018-10-29,0.0,2.54
2018-10-30,0.0,0.0
2018-10-31,0.0,2.54
2018-11-01,0.0,0.0
2018-11-02,0.0,0.0
2018-11-03,0.0,0.0
2018-11-04,0.0,2.54
2018-11-05,0.0,2.54
2018-11-06,0.0,2.54
2018-11-07,0.0,2.54
2018-11-08,0.0,2.54
2018-11-09,0.0,5.08
2018-11-10,0.0,5.08
2018-11-11,0.0,5.08
2018-11-12,0.0,5.08
2018-11-13,0.0,5.08
2018-11-14,0.0,5.08
2018-11-15,0.0,5.08
2018-11-16,0.0,5.08
2018-11-17,0.0,5.08
2018-11-18,0.0,2.54
2018-11-19,0.0,5.08
2018-11-20,0.0,5.08
2018-11-21,0.0,5.08
2018-11-22,4.318,25.4
2018-11-23,7.976,43.18
2018-11-24,13.462,53.34
2018-11-25,13.462,50.8
2018-11-26,14.376,48.26
2018-11-27,14.376,48.26
2018-11-28,15.291,
2018-11-29,21.082,78.74
2018-11-30,29.007,121.92
2018-12-01,29.616,116.84
2018-12-02,33.274,139.7
2018-12-03,33.579,129.54
2018-12-04,33.579,124.46
2018-12-05,34.188,121.92
2018-12-06,35.103,119.38
2018-12-07,35.408,116.84
2018-12-08,35.408,111.76
2018-12-09,35.712,109.22
2018-12-10,35.712,104.14
2018-12-11,35.712,104.14
2018-12-12,36.017,104.14
2018-12-13,36.017,101.6
2018-12-14,36.017,99.06
2018-12-15,36.017,96.52
2018-12-16,36.017,96.52
2018-12-17,37.846,101.6
2018-12-18,39.37,111.76
2018-12-19,39.675,109.22
2018-12-20,39.675,109.22
2018-12-21,40.284,111.76
2018-12-22,40.894,111.76
2018-12-23,40.894,109.22
2018-12-24,40.894,106.68
2018-12-25,44.552,119.38
2018-12-26,44.856,116.84
2018-12-27,44.856,116.84
2018-12-28,44.856,114.3
2018-12-29,44.552,111.76
2018-12-30,44.552,111.76
2018-12-31,45.161,111.76
2019-01-01,45.161,109.22
2019-01-02,45.161,109.22
2019-01-03,45.161,106.68
2019-01-04,45.161,109.22
2019-01-05,45.161,106.68
2019-01-06,49.428,139.7
2019-01-07,56.134,175.26
2019-01-08,57.048,167.64
2019-01-09,57.658,175.26
2019-01-10,61.925,180.34
2019-01-11,62.84,172.72
2019-01-12,63.144,170.18
2019-01-13,63.144,165.1
2019-01-14,63.754,162.56
2019-01-15,64.668,170.18
2019-01-16,70.155,208.28
2019-01-17,79.604,241.3
2019-01-18,84.176,248.92
2019-01-19,85.7,236.22
2019-01-20,86.309,226.06
2019-01-21,91.796,256.54
2019-01-22,92.71,248.92
2019-01-23,93.015,241.3
2019-01-24,93.32,233.68
2019-01-25,92.71,231.14
2019-01-26,93.32,228.6
2019-01-27,93.624,223.52
2019-01-28,93.624,220.98
2019-01-29,93.624,215.9
2019-01-30,94.234,213.36
2019-01-31,94.539,210.82
2019-02-01,94.234,208.28
2019-02-02,97.587,228.6
2019-02-03,108.56,289.56
2019-02-04,117.399,317.5
2019-02-05,127.457,378.46
2019-02-06,130.81,375.92
2019-02-07,131.724,355.6
2019-02-08,132.334,340.36
2019-02-09,133.858,347.98
2019-02-10,139.954,378.46
2019-02-11,143.612,388.62
2019-02-12,143.916,373.38
2019-02-13,145.745,368.3
2019-02-14,153.67,
2019-02-15,164.033,381.0
2019-02-16,171.653,
2019-02-17,175.006,
2019-02-18,177.14,
2019-02-19,176.835,401.32
2019-02-20,177.14,396.24
2019-02-21,178.359,401.32
2019-02-22,178.054,391.16
2019-02-23,178.054,381.0
2019-02-24,178.054,375.92
2019-02-25,178.359,368.3
2019-02-26,180.797,381.0
2019-02-27,185.369,398.78
2019-02-28,189.636,401.32
2019-03-01,189.941,396.24
2019-03-02,192.075,398.78
2019-03-03,198.171,401.32
2019-03-04,200.0,
2019-03-05,200.609,
2019-03-06,205.181,
2019-03-07,212.192,
2019-03-08,214.935,
2019-03-09,215.849,
2019-03-10,217.068,
2019-03-11,217.983,
2019-03-12,218.592,
2019-03-13,219.507,
2019-03-14,219.812,
2019-03-15,220.421,
2019-03-16,220.726,
2019-03-17,220.116,401.32
2019-03-18,221.031,401.32
2019-03-19,220.421,401.32
2019-03-20,222.25,391.16
2019-03-21,223.164,
2019-03-22,223.774,
2019-03-23,224.688,
2019-03-24,227.127,
2019-03-25,228.651,396.24
2019-03-26,228.346,383.54
2019-03-27,228.651,
2019-03-28,232.918,
2019-03-29,234.747,
2019-03-30,236.88,
2019-03-31,237.795,398.78
2019-04-01,237.49,386.08
2019-04-02,239.014,
2019-04-03,242.062,
2019-04-04,242.976,
2019-04-05,243.586,
2019-04-06,243.891,
2019-04-07,243.281,393.7
2019-04-08,244.805,401.32
2019-04-09,247.548,401.32
2019-04-10,246.329,401.32
2019-04-11,246.939,398.78
2019-04-12,247.244,398.78
2019-04-13,246.634,396.24
2019-04-14,243.84,391.16
2019-04-15,243.84,391.16
2019-04-16,241.3,398.78
2019-04-17,238.76,391.16
2019-04-18,238.76,386.08
2019-04-19,236.22,378.46
2019-04-20,233.68,373.38
2019-04-21,233.68,370.84
2019-04-22,231.14,365.76
2019-04-23,228.6,360.68
2019-04-24,223.52,353.06
2019-04-25,218.44,345.44
2019-04-26,215.9,337.82
2019-04-27,213.36,332.74
2019-04-28,213.36,327.66
2019-04-29,210.82,322.58
2019-04-30,239.624,317.5
2019-05-01,238.709,314.96
2019-05-02,,309.88
2019-05-03,,307.34
2019-05-04,,304.8
2019-05-05,,299.72
2019-05-06,,297.18
2019-05-07,,292.1
2019-05-08,,287.02
2019-05-09,,284.48
2019-05-10,,281.94
2019-05-11,,274.32
2019-05-12,,269.24
2019-05-13,,264.16
2019-05-14,,259.08
2019-05-15,,254.0
2019-05-16,,269.24
2019-05-17,,294.64
2019-05-18,,281.94
2019-05-19,,302.26
2019-05-20,,317.5
2019-05-21,,307.34
2019-05-22,,337.82
2019-05-23,,322.58
2019-05-24,,314.96
2019-05-25,,307.34
2019-05-26,,299.72
2019-05-27,,327.66
2019-05-28,,304.8
2019-05-29,,299.72
2019-05-30,,292.1
2019-05-31,,287.02
2019-06-01,,284.48
2019-06-02,,279.4
2019-06-03,,271.78
2019-06-04,,266.7
2019-06-05,,259.08
2019-06-06,,248.92
2019-06-07,,243.84
2019-06-08,,236.22
2019-06-09,,231.14
2019-06-10,,223.52
2019-06-11,,215.9
2019-06-12,,205.74
2019-06-13,,195.58
2019-06-14,,185.42
2019-06-15,,177.8
2019-06-16,,170.18
2019-06-17,,162.56
2019-06-18,,157.48
2019-06-19,,149.86
2019-06-20,,
2019-06-21,,124.46
2019-06-22,,127.0
2019-06-23,,114.3
2019-06-24,,109.22
2019-06-25,,96.52
2019-06-26,,91.44
2019-06-27,,86.36
2019-06-28,,78.74
2019-06-29,,76.2
2019-06-30,,66.04
2019-07-01,,58.42
2019-07-02,,48.26
2019-07-03,,38.1
2019-07-04,,30.48
2019-07-05,,22.86
2019-07-06,,7.62
2019-07-07,,
2019-07-08,,
2019-07-09,,
2019-07-10,,
2019-07-11,,
2019-07-12,,
2019-07-13,,
2019-07-14,,
2019-07-15,,
2019-07-16,,
2019-07-17,,
2019-07-18,,
2019-07-19,,
2019-07-20,,
2019-07-21,,
2019-07-22,,
2019-07-23,,
2019-07-24,,
2019-07-25,,
2019-07-26,,
2019-07-27,,
2019-07-28,,
2019-07-29,,
2019-07-30,,2.54
2019-07-31,,
2019-08-01,,
2019-08-02,,
2019-08-03,,
2019-08-04,,
2019-08-05,,
2019-08-06,,
2019-08-07,,
2019-08-08,,
2019-08-09,,
2019-08-10,,
2019-08-11,,0.0
2019-08-12,,
2019-08-13,,
2019-08-14,,
2019-08-15,,
2019-08-16,,
2019-08-17,,
2019-08-18,,
2019-08-19,,
2019-08-20,,
2019-08-21,,
2019-08-22,,
2019-08-23,,
2019-08-24,,
2019-08-25,,
2019-08-26,,
2019-08-27,,
2019-08-28,,
2019-08-29,,
2019-08-30,,
2019-08-31,,
2019-09-01,,
2019-09-02,,
2019-09-03,,2.54
2019-09-04,,
2019-09-05,,
2019-09-06,,
2019-09-07,,
2019-09-08,,
2019-09-09,,
2019-09-10,,
2019-09-11,,
2019-09-12,,
2019-09-13,,
2019-09-14,,2.54
2019-09-15,,0.0
2019-09-16,,5.08
2019-09-17,,0.0
2019-09-18,,2.54
2019-09-19,,0.0
2019-09-20,,2.54
2019-09-21,,2.54
2019-09-22,,2.54
2019-09-23,,0.0
2019-09-24,,2.54
2019-09-25,,
2019-09-26,,0.0
2019-09-27,,2.54
2019-09-28,,0.0
2019-09-29,,
2019-09-30,,2.54
2019-10-01,0.0,5.08
2019-10-02,0.0,2.54
2019-10-03,0.0,5.08
2019-10-04,0.0,5.08
2019-10-05,0.0,2.54
2019-10-06,0.0,2.54
2019-10-07,0.0,2.54
2019-10-08,0.0,2.54
2019-10-09,0.0,2.54
2019-10-10,0.0,5.08
2019-10-11,0.0,5.08
2019-10-12,0.0,5.08
2019-10-13,0.0,2.54
2019-10-14,0.0,2.54
2019-10-15,0.0,2.54
2019-10-16,0.0,2.54
2019-10-17,0.0,5.08
2019-10-18,0.0,2.54
2019-10-19,0.0,2.54
2019-10-20,0.0,2.54
2019-10-21,0.0,2.54
2019-10-22,0.0,2.54
2019-10-23,0.0,2.54
2019-10-24,0.0,2.54
2019-10-25,0.0,2.54
2019-10-26,0.0,0.0
2019-10-27,0.0,5.08
2019-10-28,0.0,2.54
2019-10-29,0.0,2.54
2019-10-30,0.0,
2019-10-31,0.0,5.08
2019-11-01,0.0,
2019-11-02,0.0,2.54
2019-11-03,0.0,5.08
2019-11-04,0.0,2.54
2019-11-05,0.0,2.54
2019-11-06,0.0,2.54
2019-11-07,0.0,2.54
2019-11-08,0.0,5.08
2019-11-09,0.0,2.54
2019-11-10,0.0,2.54
2019-11-11,0.0,
2019-11-12,0.0,
2019-11-13,0.0,2.54
2019-11-14,0.0,2.54
2019-11-15,0.0,2.54
2019-11-16,0.0,2.54
2019-11-17,0.0,0.0
2019-11-18,0.0,0.0
2019-11-19,0.0,0.0
2019-11-20,0.0,2.54
2019-11-21,0.0,
2019-11-22,0.0,5.08
2019-11-23,0.0,5.08
2019-11-24,0.0,2.54
2019-11-25,0.0,2.54
2019-11-26,0.0,2.54
2019-11-27,0.61,
2019-11-28,3.353,68.58
2019-11-29,4.267,76.2
2019-11-30,4.572,66.04
2019-12-01,7.315,88.9
2019-12-02,15.24,139.7
2019-12-03,18.898,152.4
2019-12-04,19.507,139.7
2019-12-05,21.031,142.24
2019-12-06,21.336,139.7
2019-12-07,22.25,139.7
2019-12-08,26.518,147.32
2019-12-09,27.127,
2019-12-10,27.127,134.62
2019-12-11,27.432,132.08
2019-12-12,27.737,137.16
2019-12-13,27.737,129.54
2019-12-14,30.48,142.24
2019-12-15,31.394,154.94
2019-12-16,32.004,147.32
2019-12-17,32.004,144.78
2019-12-18,32.004,142.24
2019-12-19,32.004,139.7
2019-12-20,32.309,137.16
2019-12-21,32.614,134.62
2019-12-22,32.614,134.62
2019-12-23,35.662,162.56
2019-12-24,37.186,172.72
2019-12-25,37.49,165.1
2019-12-26,37.49,162.56
2019-12-27,37.795,160.02
2019-12-28,38.1,154.94
2019-12-29,38.405,152.4
2019-12-30,38.405,149.86
2019-12-31,38.71,147.32
2020-01-01,38.71,144.78
2020-01-02,38.71,142.24
2020-01-03,39.319,142.24
2020-01-04,39.319,139.7
2020-01-05,39.319,137.16
2020-01-06,39.319,137.16
2020-01-07,39.624,134.62
2020-01-08,39.624,134.62
2020-01-09,39.624,134.62
2020-01-10,39.624,134.62
2020-01-11,39.929,134.62
2020-01-12,39.929,132.08
2020-01-13,39.929,132.08
2020-01-14,39.929,132.08
2020-01-15,39.929,137.16
2020-01-16,40.234,134.62
2020-01-17,42.062,
2020-01-18,42.672,154.94
2020-01-19,43.282,154.94
2020-01-20,43.586,152.4
2020-01-21,43.586,152.4
2020-01-22,43.586,149.86
2020-01-23,44.501,149.86
2020-01-24,44.501,147.32
2020-01-25,44.806,144.78
2020-01-26,45.11,142.24
2020-01-27,46.025,154.94
2020-01-28,46.634,154.94
2020-01-29,46.634,152.4
2020-01-30,46.939,152.4
2020-01-31,47.244,147.32
2020-02-01,47.549,144.78
2020-02-02,47.549,142.24
2020-02-03,47.549,144.78
2020-02-04,47.244,142.24
2020-02-05,47.244,142.24
2020-02-06,47.549,142.24
2020-02-07,47.854,139.7
2020-02-08,47.854,137.16
2020-02-09,47.854,137.16
2020-02-10,47.549,134.62
2020-02-11,47.854,134.62
2020-02-12,47.854,132.08
2020-02-13,47.549,132.08
2020-02-14,47.549,129.54
2020-02-15,47.549,129.54
2020-02-16,47.854,129.54
2020-02-17,47.854,127.0
2020-02-18,47.549,127.0
2020-02-19,47.549,124.46
2020-02-20,47.549,124.46
2020-02-21,47.549,124.46
2020-02-22,47.854,121.92
2020-02-23,47.549,121.92
2020-02-24,47.854,121.92
2020-02-25,47.854,119.38
2020-02-26,47.854,116.84
2020-02-27,47.854,114.3
2020-02-28,47.549,111.76
2020-02-29,47.244,109.22
2020-03-01,47.244,119.38
2020-03-02,47.549,127.0
2020-03-03,48.158,121.92
2020-03-04,48.158,114.3
2020-03-05,47.854,111.76
2020-03-06,47.854,109.22
2020-03-07,47.549,106.68
2020-03-08,47.549,111.76
2020-03-09,47.549,111.76
2020-03-10,47.549,109.22
2020-03-11,47.549,106.68
2020-03-12,47.549,106.68
2020-03-13,47.549,101.6
2020-03-14,47.244,99.06
2020-03-15,49.682,
2020-03-16,56.998,190.5
2020-03-17,61.265,210.82
2020-03-18,62.484,
2020-03-19,63.398,226.06
2020-03-20,64.313,208.28
2020-03-21,64.618,205.74
2020-03-22,65.227,200.66
2020-03-23,65.532,198.12
2020-03-24,65.837,200.66
2020-03-25,66.751,208.28
2020-03-26,68.885,
2020-03-27,69.799,231.14
2020-03-28,70.409,218.44
2020-03-29,71.018,218.44
2020-03-30,71.628,218.44
2020-03-31,72.542,213.36
2020-04-01,72.847,203.2
2020-04-02,73.152,195.58
2020-04-03,73.152,190.5
2020-04-04,73.152,187.96
2020-04-05,73.152,200.66
2020-04-06,79.858,279.4
2020-04-07,81.991,269.24
2020-04-08,82.906,259.08
2020-04-09,83.82,256.54
2020-04-10,84.734,241.3
2020-04-11,85.344,233.68
2020-04-12,85.954,220.98
2020-04-13,85.954,208.28
2020-04-14,85.954,210.82
2020-04-15,85.954,205.74
2020-04-16,85.954,198.12
2020-04-17,85.344,198.12
2020-04-18,85.039,
2020-04-19,84.734,195.58
2020-04-20,84.734,193.04
2020-04-21,84.43,193.04
2020-04-22,84.43,187.96
2020-04-23,84.125,182.88
2020-04-24,83.515,177.8
2020-04-25,81.991,170.18
2020-04-26,80.467,165.1
2020-04-27,77.724,154.94
2020-04-28,75.895,149.86
2020-04-29,72.238,142.24
2020-04-30,69.799,132.08
2020-05-01,67.666,129.54
2020-05-02,65.532,121.92
2020-05-03,64.313,121.92
2020-05-04,62.789,114.3
2020-05-05,60.96,111.76
2020-05-06,58.217,104.14
2020-05-07,56.083,99.06
2020-05-08,53.035,93.98
2020-05-09,49.682,81.28
2020-05-10,46.025,76.2
2020-05-11,42.062,68.58
2020-05-12,38.71,60.96
2020-05-13,37.186,60.96
2020-05-14,35.662,50.8
2020-05-15,35.052,53.34
2020-05-16,32.614,50.8
2020-05-17,28.956,43.18
2020-05-18,27.127,
2020-05-19,28.346,
2020-05-20,29.261,71.12
2020-05-21,30.175,60.96
2020-05-22,29.566,50.8
2020-05-23,28.651,45.72
2020-05-24,27.432,40.64
2020-05-25,24.689,33.02
2020-05-26,20.117,25.4
2020-05-27,14.326,15.24
2020-05-28,7.315,5.08
2020-05-29,3.353,5.08
2020-05-30,2.438,5.08
2020-05-31,2.134,5.08
2020-06-01,1.524,2.54
2020-06-02,1.524,2.54
2020-06-03,1.219,2.54
2020-06-04,0.914,2.54
2020-06-05,0.914,2.54
2020-06-06,0.914,2.54
2020-06-07,0.61,5.08
2020-06-08,0.305,5.08
2020-06-09,0.305,5.08
2020-06-10,0.305,2.54
2020-06-11,0.305,5.08
2020-06-12,0.305,2.54
2020-06-13,0.305,5.08
2020-06-14,0.305,5.08
2020-06-15,0.305,2.54
2020-06-16,0.61,2.54
2020-06-17,0.305,2.54
2020-06-18,0.305,2.54
2020-06-19,0.305,2.54
2020-06-20,0.305,2.54
2020-06-21,0.305,2.54
2020-06-22,0.61,0.0
2020-06-23,0.61,2.54
2020-06-24,0.61,2.54
2020-06-25,0.61,0.0
2020-06-26,0.305,2.54
2020-06-27,0.305,2.54
2020-06-28,0.305,0.0
2020-06-29,0.0,2.54
2020-06-30,0.0,2.54
2020-07-01,0.0,2.54
2020-07-02,0.0,2.54
2020-07-03,0.0,2.54
2020-07-04,0.0,2.54
2020-07-05,0.0,2.54
2020-07-06,0.0,0.0
2020-07-07,0.0,5.08
2020-07-08,0.0,2.54
2020-07-09,0.0,2.54
2020-07-10,0.0,2.54
2020-07-11,0.0,2.54
2020-07-12,0.0,2.54
2020-07-13,0.0,2.54
2020-07-14,0.0,2.54
2020-07-15,0.0,0.0
2020-07-16,0.0,2.54
2020-07-17,0.0,2.54
2020-07-18,0.0,2.54
2020-07-19,0.0,
2020-07-20,0.0,2.54
2020-07-21,0.0,2.54
2020-07-22,0.0,2.54
2020-07-23,0.0,
2020-07-24,0.0,
2020-07-25,0.0,0.0
2020-07-26,0.0,
2020-07-27,0.0,0.0
2020-07-28,0.0,2.54
2020-07-29,0.0,0.0
2020-07-30,0.0,2.54
2020-07-31,0.0,5.08
2020-08-01,0.0,2.54
2020-08-02,0.0,0.0
2020-08-03,0.0,2.54
2020-08-04,0.0,2.54
2020-08-05,0.0,2.54
2020-08-06,0.0,2.54
2020-08-07,0.0,2.54
2020-08-08,0.0,0.0
2020-08-09,0.0,2.54
2020-08-10,0.0,2.54
2020-08-11,0.0,2.54
2020-08-12,0.0,0.0
2020-08-13,0.0,2.54
2020-08-14,0.0,
2020-08-15,0.0,2.54
2020-08-16,0.0,0.0
2020-08-17,0.0,0.0
2020-08-18,0.0,2.54
2020-08-19,0.0,
2020-08-20,0.0,2.54
2020-08-21,0.0,2.54
2020-08-22,0.0,5.08
2020-08-23,0.0,0.0
2020-08-24,0.0,
2020-08-25,0.0,
2020-08-26,0.0,2.54
2020-08-27,0.0,
2020-08-28,0.0,2.54
2020-08-29,0.0,2.54
2020-08-30,0.0,2.54
2020-08-31,0.0,2.54
2020-09-01,0.0,2.54
2020-09-02,0.0,
2020-09-03,0.0,2.54
2020-09-04,0.0,0.0
2020-09-05,0.0,0.0
2020-09-06,0.0,2.54
2020-09-07,0.0,0.0
2020-09-08,0.0,2.54
2020-09-09,0.0,0.0
2020-09-10,0.0,0.0
2020-09-11,0.0,2.54
2020-09-12,0.0,2.54
2020-09-13,0.0,2.54
2020-09-14,0.0,2.54
2020-09-15,0.0,2.54
2020-09-16,0.0,0.0
2020-09-17,0.0,2.54
2020-09-18,0.0,0.0
2020-09-19,0.0,0.0
2020-09-20,0.0,2.54
2020-09-21,0.0,0.0
2020-09-22,0.0,2.54
2020-09-23,0.0,0.0
2020-09-24,0.0,0.0
2020-09-25,0.0,0.0
2020-09-26,0.0,2.54
2020-09-27,0.0,2.54
2020-09-28,0.0,2.54
2020-09-29,0.0,0.0
2020-09-30,0.0,
2020-10-01,0.305,2.54
2020-10-02,0.305,2.54
2020-10-03,0.305,0.0
2020-10-04,0.305,2.54
2020-10-05,0.305,2.54
2020-10-06,0.305,0.0
2020-10-07,0.305,0.0
2020-10-08,0.305,0.0
2020-10-09,0.305,2.54
2020-10-10,0.305,2.54
2020-10-11,0.305,2.54
2020-10-12,0.305,0.0
2020-10-13,0.305,0.0
2020-10-14,0.305,2.54
2020-10-15,0.61,0.0
2020-10-16,0.61,2.54
2020-10-17,0.61,2.54
2020-10-18,0.61,2.54
2020-10-19,0.305,2.54
2020-10-20,0.305,2.54
2020-10-21,0.305,2.54
2020-10-22,0.305,2.54
2020-10-23,0.305,2.54
2020-10-24,0.305,0.0
2020-10-25,0.305,2.54
2020-10-26,0.305,2.54
2020-10-27,0.305,2.54
2020-10-28,0.305,2.54
2020-10-29,0.305,0.0
2020-10-30,0.305,0.0
2020-10-31,0.305,0.0
2020-11-01,0.305,2.54
2020-11-02,0.305,2.54
2020-11-03,0.305,2.54
2020-11-04,0.305,2.54
2020-11-05,0.0,2.54
2020-11-06,0.0,2.54
2020-11-07,0.0,5.08
2020-11-08,0.0,337.82
2020-11-09,0.305,25.4
2020-11-10,0.61,20.32
2020-11-11,1.219,17.78
2020-11-12,1.219,17.78
2020-11-13,1.524,17.78
2020-11-14,1.829,20.32
2020-11-15,2.438,20.32
2020-11-16,3.048,17.78
2020-11-17,3.048,17.78
2020-11-18,3.048,
2020-11-19,4.267,35.56
2020-11-20,4.877,33.02
2020-11-21,5.182,30.48
2020-11-22,5.486,30.48
2020-11-23,5.486,33.02
2020-11-24,5.486,30.48
2020-11-25,6.096,33.02
2020-11-26,6.096,30.48
2020-11-27,6.401,30.48
2020-11-28,6.706,30.48
2020-11-29,6.706,30.48
2020-11-30,6.706,30.48
2020-12-01,6.706,30.48
2020-12-02,6.706,30.48
2020-12-03,6.706,30.48
2020-12-04,6.706,30.48
2020-12-05,6.706,30.48
2020-12-06,6.706,30.48
2020-12-07,6.706,30.48
2020-12-08,6.706,30.48
2020-12-09,6.706,27.94
2020-12-10,6.706,30.48
2020-12-11,6.706,30.48
2020-12-12,7.315,43.18
2020-12-13,8.23,43.18
2020-12-14,10.058,66.04
2020-12-15,10.973,68.58
2020-12-16,11.582,66.04
2020-12-17,11.582,203.2
2020-12-18,12.497,83.82
2020-12-19,13.411,76.2
2020-12-20,14.326,76.2
2020-12-21,14.63,73.66
2020-12-22,14.935,73.66
2020-12-23,14.935,73.66
2020-12-24,14.935,71.12
2020-12-25,14.935,71.12
2020-12-26,14.935,86.36
2020-12-27,16.459,91.44
2020-12-28,16.459,93.98
2020-12-29,16.764,96.52
2020-12-30,17.678,93.98
2020-12-31,17.678,91.44
2021-01-01,18.288,91.44
2021-01-02,18.593,91.44
2021-01-03,18.593,91.44
2021-01-04,19.202,83.82
2021-01-05,19.507,91.44
2021-01-06,20.422,91.44
2021-01-07,20.422,88.9
2021-01-08,21.031,88.9
2021-01-09,21.031,88.9
2021-01-10,21.336,86.36
2021-01-11,21.336,86.36
2021-01-12,21.641,86.36
2021-01-13,21.641,86.36
2021-01-14,21.641,83.82
2021-01-15,21.336,81.28
2021-01-16,21.336,81.28
2021-01-17,21.336,78.74
2021-01-18,21.946,81.28
2021-01-19,21.946,78.74
2021-01-20,21.336,78.74
2021-01-21,21.946,78.74
2021-01-22,21.946,78.74
2021-01-23,21.641,83.82
2021-01-24,21.641,81.28
2021-01-25,21.946,
2021-01-26,22.25,114.3
2021-01-27,24.994,129.54
2021-01-28,36.576,210.82
2021-01-29,45.72,256.54
2021-01-30,46.939,251.46
2021-01-31,48.158,241.3
2021-02-01,48.158,231.14
2021-02-02,48.463,223.52
2021-02-03,49.073,226.06
2021-02-04,49.682,218.44
2021-02-05,50.597,213.36
2021-02-06,50.902,208.28
2021-02-07,51.511,205.74
2021-02-08,51.816,200.66
2021-02-09,51.816,198.12
2021-02-10,51.816,195.58
2021-02-11,52.73,193.04
2021-02-12,54.864,223.52
2021-02-13,56.693,220.98
2021-02-14,57.912,223.52
2021-02-15,59.131,220.98
2021-02-16,60.655,218.44
2021-02-17,61.874,215.9
2021-02-18,62.179,213.36
2021-02-19,62.789,210.82
2021-02-20,63.094,213.36
2021-02-21,64.922,213.36
2021-02-22,65.532,208.28
2021-02-23,66.446,203.2
2021-02-24,66.751,200.66
2021-02-25,66.751,198.12
2021-02-26,67.056,195.58
2021-02-27,67.361,195.58
2021-02-28,67.361,193.04
2021-03-01,67.97,193.04
2021-03-02,67.97,190.5
2021-03-03,67.97,187.96
2021-03-04,67.97,185.42
2021-03-05,67.97,185.42
2021-03-06,67.97,182.88
2021-03-07,67.97,185.42
2021-03-08,67.97,182.88
2021-03-09,67.666,182.88
2021-03-10,67.056,213.36
2021-03-11,67.97,
2021-03-12,67.97,215.9
2021-03-13,67.97,210.82
2021-03-14,67.666,203.2
2021-03-15,67.97,
2021-03-16,68.275,226.06
2021-03-17,69.19,215.9
2021-03-18,68.885,210.82
2021-03-19,69.19,218.44
2021-03-20,71.628,236.22
2021-03-21,72.542,231.14
2021-03-22,72.542,228.6
2021-03-23,72.542,226.06
2021-03-24,72.542,223.52
2021-03-25,72.542,218.44
2021-03-26,72.542,215.9
2021-03-27,72.542,215.9
2021-03-28,72.542,210.82
2021-03-29,72.542,203.2
2021-03-30,72.542,200.66
2021-03-31,71.933,195.58
2021-04-01,71.628,190.5
2021-04-02,71.323,187.96
2021-04-03,69.799,182.88
2021-04-04,69.19,177.8
2021-04-05,68.58,172.72
2021-04-06,68.58,170.18
2021-04-07,67.97,167.64
2021-04-08,67.361,165.1
2021-04-09,66.446,160.02
2021-04-10,66.142,152.4
2021-04-11,64.922,147.32
2021-04-12,63.703,142.24
2021-04-13,62.179,137.16
2021-04-14,60.96,134.62
2021-04-15,60.35,134.62
2021-04-16,60.35,132.08
2021-04-17,59.741,132.08
2021-04-18,,
2021-04-19,57.912,119.38
2021-04-20,56.693,114.3
2021-04-21,54.864,109.22
2021-04-22,53.95,106.68
2021-04-23,52.73,104.14
2021-04-24,51.511,99.06
2021-04-25,50.597,99.06
2021-04-26,50.597,124.46
2021-04-27,51.511,119.38
2021-04-28,51.816,111.76
2021-04-29,51.206,101.6
2021-04-30,50.597,93.98
2021-05-01,48.158,91.44
2021-05-02,45.72,83.82
2021-05-03,43.586,78.74
2021-05-04,41.148,71.12
2021-05-05,38.1,66.04
2021-05-06,34.747,60.96
2021-05-07,31.394,53.34
2021-05-08,27.432,45.72
2021-05-09,24.384,35.56
2021-05-10,20.726,27.94
2021-05-11,15.85,20.32
2021-05-12,10.058,10.16
2021-05-13,4.572,0.0
2021-05-14,2.438,2.54
2021-05-15,1.829,2.54
2021-05-16,1.524,2.54
2021-05-17,1.524,2.54
2021-05-18,1.524,2.54
2021-05-19,0.0,2.54
2021-05-20,0.0,5.08
2021-05-21,0.0,5.08
2021-05-22,0.0,2.54
2021-05-23,0.0,2.54
2021-05-24,0.0,2.54
2021-05-25,0.0,2.54
2021-05-26,0.0,2.54
2021-05-27,0.0,2.54
2021-05-28,0.0,2.54
2021-05-29,0.0,2.54
2021-05-30,0.0,2.54
2021-05-31,0.0,0.0
2021-06-01,0.0,0.0
2021-06-02,0.0,0.0
2021-06-03,0.0,2.54
2021-06-04,0.0,0.0
2021-06-05,0.0,0.0
2021-06-06,0.0,2.54
2021-06-07,0.0,2.54
2021-06-08,0.0,2.54
2021-06-09,0.0,2.54
2021-06-10,0.0,5.08
2021-06-11,0.0,2.54
2021-06-12,0.0,2.54
2021-06-13,0.0,2.54
2021-06-14,0.0,2.54
2021-06-15,0.0,2.54
2021-06-16,0.0,0.0
2021-06-17,0.0,0.0
2021-06-18,0.0,0.0
2021-06-19,0.0,0.0
2021-06-20,0.0,0.0
2021-06-21,0.0,2.54
2021-06-22,0.0,2.54
2021-06-23,0.0,2.54
2021-06-24,0.0,2.54
2021-06-25,0.0,0.0
2021-06-26,0.0,2.54
2021-06-27,0.0,5.08
2021-06-28,0.0,2.54
2021-06-29,0.0,2.54
2021-06-30,0.0,0.0
2021-07-01,0.0,2.54
2021-07-02,0.0,2.54
2021-07-03,0.0,0.0
2021-07-04,0.0,0.0
2021-07-05,0.0,0.0
2021-07-06,0.0,0.0
2021-07-07,0.0,0.0
2021-07-08,0.0,0.0
2021-07-09,0.0,0.0
2021-07-10,0.0,0.0
2021-07-11,0.0,
2021-07-12,0.0,
2021-07-13,0.0,2.54
2021-07-14,0.0,0.0
2021-07-15,0.0,2.54
2021-07-16,0.0,2.54
2021-07-17,0.0,2.54
2021-07-18,0.0,2.54
2021-07-19,0.0,2.54
2021-07-20,0.0,0.0
2021-07-21,0.0,
2021-07-22,0.0,0.0
2021-07-23,0.0,0.0
2021-07-24,0.0,2.54
2021-07-25,0.0,
2021-07-26,0.0,0.0
2021-07-27,0.0,2.54
2021-07-28,0.0,2.54
2021-07-29,0.0,0.0
2021-07-30,0.0,0.0
2021-07-31,0.0,0.0
2021-08-01,0.0,0.0
2021-08-02,0.0,2.54
2021-08-03,0.0,2.54
2021-08-04,0.0,
2021-08-05,0.0,0.0
2021-08-06,0.0,0.0
2021-08-07,0.0,0.0
2021-08-08,0.0,0.0
2021-08-09,0.0,0.0
2021-08-10,0.0,0.0
2021-08-11,0.0,0.0
2021-08-12,0.0,0.0
2021-08-13,0.0,0.0
2021-08-14,0.0,0.0
2021-08-15,0.0,0.0
2021-08-16,0.0,
2021-08-17,0.0,2.54
2021-08-18,0.0,
2021-08-19,0.0,0.0
2021-08-20,0.0,0.0
2021-08-21,0.0,2.54
2021-08-22,0.0,2.54
2021-08-23,0.0,2.54
2021-08-24,0.0,2.54
2021-08-25,0.0,0.0
2021-08-26,0.0,0.0
2021-08-27,0.0,0.0
2021-08-28,0.0,0.0
2021-08-29,0.0,2.54
2021-08-30,0.0,0.0
2021-08-31,0.0,
2021-09-01,0.0,2.54
2021-09-02,0.0,0.0
2021-09-03,0.0,0.0
2021-09-04,0.0,2.54
2021-09-05,0.0,0.0
2021-09-06,0.0,0.0
2021-09-07,0.0,0.0
2021-09-08,0.0,
2021-09-09,0.0,0.0
2021-09-10,0.0,0.0
2021-09-11,0.0,
2021-09-12,0.0,
2021-09-13,0.0,0.0
2021-09-14,0.0,
2021-09-15,0.0,0.0
2021-09-16,0.0,2.54
2021-09-17,0.0,0.0
2021-09-18,0.0,0.0
2021-09-19,0.0,2.54
2021-09-20,0.0,0.0
2021-09-21,0.0,
2021-09-22,0.0,2.54
2021-09-23,0.0,
2021-09-24,0.0,2.54
2021-09-25,0.0,2.54
2021-09-26,0.0,2.54
2021-09-27,0.0,2.54
2021-09-28,0.0,0.0
2021-09-29,0.0,5.08
2021-09-30,0.0,2.54
2021-10-01,0.0,5.08
2021-10-02,0.0,2.54
2021-10-03,0.0,2.54
2021-10-04,0.0,5.08
2021-10-05,0.0,5.08
2021-10-06,0.0,5.08
2021-10-07,0.0,5.08
2021-10-08,0.0,
2021-10-09,0.0,5.08
2021-10-10,0.0,5.08
2021-10-11,0.0,2.54
2021-10-12,0.0,5.08
2021-10-13,0.0,5.08
2021-10-14,0.0,5.08
2021-10-15,0.0,2.54
2021-10-16,0.0,2.54
2021-10-17,0.0,7.62
2021-10-18,0.305,17.78
2021-10-19,0.61,15.24
2021-10-20,1.219,10.16
2021-10-21,0.914,5.08
2021-10-22,0.914,5.08
2021-10-23,0.914,5.08
2021-10-24,0.914,5.08
2021-10-25,0.914,5.08
2021-10-26,4.572,53.34
2021-10-27,4.877,48.26
2021-10-28,5.486,38.1
2021-10-29,5.791,33.02
2021-10-30,5.486,27.94
2021-10-31,5.182,22.86
2021-11-01,4.877,17.78
2021-11-02,4.877,20.32
2021-11-03,4.572,15.24
2021-11-04,4.267,15.24
2021-11-05,3.962,10.16
2021-11-06,3.353,7.62
2021-11-07,3.353,10.16
2021-11-08,3.048,7.62
2021-11-09,3.048,22.86
2021-11-10,3.962,17.78
2021-11-11,4.267,15.24
2021-11-12,4.267,15.24
2021-11-13,4.267,12.7
2021-11-14,4.267,10.16
2021-11-15,3.962,10.16
2021-11-16,3.962,12.7
2021-11-17,3.962,10.16
2021-11-18,3.353,10.16
2021-11-19,3.353,10.16
2021-11-20,3.048,10.16
2021-11-21,2.438,10.16
2021-11-22,2.438,5.08
2021-11-23,2.438,10.16
2021-11-24,2.743,7.62
2021-11-25,3.048,7.62
2021-11-26,3.658,5.08
2021-11-27,3.962,5.08
2021-11-28,3.048,5.08
2021-11-29,2.743,5.08
2021-11-30,2.438,5.08
2021-12-01,2.134,5.08
2021-12-02,2.134,5.08
2021-12-03,1.829,5.08
2021-12-04,2.134,5.08
2021-12-05,2.134,5.08
2021-12-06,2.134,5.08
2021-12-07,1.829,
2021-12-08,1.829,7.62
2021-12-09,2.438,22.86
2021-12-10,3.353,33.02
2021-12-11,3.353,33.02
2021-12-12,3.048,27.94
2021-12-13,3.353,48.26
2021-12-14,13.716,
2021-12-15,16.764,127.0
2021-12-16,19.507,139.7
2021-12-17,21.336,134.62
2021-12-18,21.641,127.0
2021-12-19,21.946,121.92
2021-12-20,22.25,119.38
2021-12-21,22.25,111.76
2021-12-22,22.25,109.22
2021-12-23,24.994,121.92
2021-12-24,31.699,149.86
2021-12-25,34.747,165.1
2021-12-26,41.453,210.82
2021-12-27,43.282,228.6
2021-12-28,46.33,236.22
2021-12-29,46.939,223.52
2021-12-30,48.768,231.14
2021-12-31,49.073,223.52
2022-01-01,49.073,220.98
2022-01-02,49.378,213.36
2022-01-03,49.682,208.28
2022-01-04,49.682,203.2
2022-01-05,49.682,198.12
2022-01-06,49.987,193.04
2022-01-07,50.292,190.5
2022-01-08,50.292,193.04
2022-01-09,50.292,190.5
2022-01-10,50.597,187.96
2022-01-11,50.597,185.42
2022-01-12,50.902,182.88
2022-01-13,50.902,180.34
2022-01-14,50.902,177.8
2022-01-15,50.902,175.26
2022-01-16,50.902,175.26
2022-01-17,51.206,175.26
2022-01-18,51.206,172.72
2022-01-19,51.206,170.18
2022-01-20,51.511,170.18
2022-01-21,51.511,170.18
2022-01-22,51.511,167.64
2022-01-23,51.511,167.64
2022-01-24,51.511,165.1
2022-01-25,51.816,165.1
2022-01-26,51.816,165.1
2022-01-27,51.816,162.56
2022-01-28,51.816,162.56
2022-01-29,51.816,162.56
2022-01-30,51.511,160.02
2022-01-31,51.816,160.02
2022-02-01,51.816,157.48
2022-02-02,51.816,160.02
2022-02-03,51.816,157.48
2022-02-04,52.121,157.48
2022-02-05,52.121,157.48
2022-02-06,52.73,154.94
2022-02-07,52.426,152.4
2022-02-08,51.816,152.4
2022-02-09,51.511,147.32
2022-02-10,51.511,144.78
2022-02-11,51.511,142.24
2022-02-12,51.511,139.7
2022-02-13,52.121,137.16
2022-02-14,52.426,137.16
2022-02-15,52.73,137.16
2022-02-16,52.426,137.16
2022-02-17,52.426,134.62
2022-02-18,52.121,134.62
2022-02-19,52.426,134.62
2022-02-20,52.426,132.08
2022-02-21,51.816,132.08
2022-02-22,51.816,
2022-02-23,51.816,160.02
2022-02-24,52.121,154.94
2022-02-25,52.73,152.4
2022-02-26,52.73,147.32
2022-02-27,52.73,147.32
2022-02-28,52.73,142.24
2022-03-01,52.73,137.16
2022-03-02,53.34,134.62
2022-03-03,54.254,132.08
2022-03-04,54.864,132.08
2022-03-05,55.474,
2022-03-06,56.388,142.24
2022-03-07,57.912,139.7
2022-03-08,58.522,142.24
2022-03-09,58.217,142.24
2022-03-10,57.912,139.7
2022-03-11,58.217,137.16
2022-03-12,57.912,137.16
2022-03-13,58.522,132.08
2022-03-14,59.436,132.08
2022-03-15,58.522,129.54
2022-03-16,60.046,134.62
2022-03-17,61.265,132.08
2022-03-18,61.265,132.08
2022-03-19,59.131,127.0
2022-03-20,60.35,139.7
2022-03-21,62.179,132.08
2022-03-22,60.046,124.46
2022-03-23,59.436,121.92
2022-03-24,56.998,116.84
2022-03-25,55.169,111.76
2022-03-26,53.645,109.22
2022-03-27,51.816,106.68
2022-03-28,50.292,93.98
2022-03-29,50.292,116.84
2022-03-30,51.206,106.68
2022-03-31,51.206,104.14
2022-04-01,50.292,101.6
2022-04-02,49.073,96.52
2022-04-03,47.549,93.98
2022-04-04,46.025,91.44
2022-04-05,44.501,88.9
2022-04-06,43.586,83.82
2022-04-07,41.453,78.74
2022-04-08,39.624,76.2
2022-04-09,38.1,73.66
2022-04-10,35.662,68.58
2022-04-11,33.833,63.5
2022-04-12,34.138,93.98
2022-04-13,35.662,88.9
2022-04-14,36.271,88.9
2022-04-15,36.576,99.06
2022-04-16,37.795,91.44
2022-04-17,39.624,111.76
2022-04-18,41.453,104.14
2022-04-19,41.148,93.98
2022-04-20,41.453,101.6
2022-04-21,42.367,
2022-04-22,44.806,
2022-04-23,46.634,129.54
2022-04-24,47.854,119.38
2022-04-25,46.939,106.68
2022-04-26,45.415,104.14
2022-04-27,45.415,99.06
2022-04-28,44.501,96.52
2022-04-29,43.891,91.44
2022-04-30,43.282,86.36
2022-05-01,42.367,83.82
2022-05-02,40.843,78.74
2022-05-03,38.71,73.66
2022-05-04,36.881,66.04
2022-05-05,34.442,63.5
2022-05-06,31.699,58.42
2022-05-07,29.261,50.8
2022-05-08,27.127,45.72
2022-05-09,25.298,55.88
2022-05-10,25.298,
2022-05-11,25.298,58.42
2022-05-12,25.298,55.88
2022-05-13,25.298,48.26
2022-05-14,24.079,40.64
2022-05-15,21.946,35.56
2022-05-16,18.593,27.94
2022-05-17,14.021,20.32
2022-05-18,9.449,12.7
2022-05-19,5.486,2.54
2022-05-20,3.048,5.08
2022-05-21,2.134,5.08
2022-05-22,1.829,2.54
2022-05-23,0.914,2.54
2022-05-24,0.0,2.54
2022-05-25,0.0,2.54
2022-05-26,0.0,2.54
2022-05-27,0.0,5.08
2022-05-28,0.0,5.08
2022-05-29,0.0,5.08
2022-05-30,0.0,5.08
2022-05-31,0.0,5.08
2022-06-01,0.0,2.54
2022-06-02,0.0,2.54
2022-06-03,0.0,2.54
2022-06-04,0.0,5.08
2022-06-05,0.0,5.08
2022-06-06,0.0,5.08
2022-06-07,0.0,5.08
2022-06-08,0.0,5.08
2022-06-09,0.0,5.08
2022-06-10,0.0,2.54
2022-06-11,0.0,2.54
2022-06-12,0.0,2.54
2022-06-13,0.0,5.08
2022-06-14,0.0,5.08
2022-06-15,0.0,2.54
2022-06-16,0.0,2.54
2022-06-17,0.0,5.08
2022-06-18,0.0,5.08
2022-06-19,0.0,5.08
2022-06-20,0.0,5.08
2022-06-21,0.0,5.08
2022-06-22,0.0,2.54
2022-06-23,0.0,5.08
2022-06-24,0.0,2.54
2022-06-25,0.0,5.08
2022-06-26,0.0,2.54
2022-06-27,0.0,2.54
2022-06-28,0.0,2.54
2022-06-29,0.0,2.54
2022-06-30,0.0,5.08
2022-07-01,0.0,7.62
2022-07-02,0.0,5.08
2022-07-03,0.0,5.08
2022-07-04,0.0,5.08
2022-07-05,0.0,2.54
2022-07-06,0.0,2.54
2022-07-07,0.0,5.08
2022-07-08,0.0,2.54
2022-07-09,0.0,2.54
2022-07-10,0.0,0.0
2022-07-11,0.0,2.54
2022-07-12,0.0,2.54
2022-07-13,0.0,2.54
2022-07-14,0.0,5.08
2022-07-15,0.0,2.54
2022-07-16,0.0,2.54
2022-07-17,0.0,2.54
2022-07-18,0.0,2.54
2022-07-19,0.0,5.08
2022-07-20,0.0,2.54
2022-07-21,0.0,2.54
2022-07-22,0.0,2.54
2022-07-23,0.0,2.54
2022-07-24,0.0,2.54
2022-07-25,0.0,2.54
2022-07-26,0.0,2.54
2022-07-27,0.0,2.54
2022-07-28,0.0,2.54
2022-07-29,0.0,2.54
2022-07-30,0.0,2.54
2022-07-31,0.0,2.54
2022-08-01,0.0,2.54
2022-08-02,0.0,2.54
2022-08-03,0.0,0.0
2022-08-04,0.0,5.08
2022-08-05,0.0,5.08
2022-08-06,0.0,5.08
2022-08-07,0.0,2.54
2022-08-08,0.0,2.54
2022-08-09,0.0,5.08
2022-08-10,0.0,5.08
2022-08-11,0.0,5.08
2022-08-12,0.0,5.08
2022-08-13,0.0,2.54
2022-08-14,0.0,2.54
2022-08-15,0.0,5.08
2022-08-16,0.0,2.54
2022-08-17,0.0,2.54
2022-08-18,0.0,5.08
2022-08-19,0.0,2.54
2022-08-20,0.0,5.08
2022-08-21,0.0,5.08
2022-08-22,0.0,2.54
2022-08-23,0.0,5.08
2022-08-24,0.0,2.54
2022-08-25,0.0,2.54
2022-08-26,0.0,2.54
2022-08-27,0.0,2.54
2022-08-28,0.0,5.08
2022-08-29,0.0,5.08
2022-08-30,0.0,2.54
2022-08-31,0.0,2.54
2022-09-01,0.0,5.08
2022-09-02,0.0,5.08
2022-09-03,0.0,2.54
2022-09-04,0.0,2.54
2022-09-05,0.0,2.54
2022-09-06,0.0,2.54
2022-09-07,0.0,2.54
2022-09-08,0.0,2.54
2022-09-09,0.0,0.0
2022-09-10,0.0,5.08
2022-09-11,0.0,5.08
2022-09-12,0.0,5.08
2022-09-13,0.0,5.08
2022-09-14,0.0,5.08
2022-09-15,0.0,2.54
2022-09-16,0.0,2.54
2022-09-17,0.0,2.54
2022-09-18,0.0,2.54
2022-09-19,0.0,2.54
2022-09-20,0.0,2.54
2022-09-21,0.0,2.54
2022-09-22,0.0,2.54
2022-09-23,0.0,0.0
2022-09-24,0.0,2.54
2022-09-25,0.0,0.0
2022-09-26,0.0,0.0
2022-09-27,0.0,2.54
2022-09-28,0.0,0.0
2022-09-29,0.0,0.0
2022-09-30,0.0,0.0
2022-10-01,0.0,2.54
2022-10-02,0.0,2.54
2022-10-03,0.0,0.0
2022-10-04,0.0,0.0
2022-10-05,0.0,0.0
2022-10-06,0.0,0.0
2022-10-07,0.0,0.0
2022-10-08,0.0,
2022-10-09,0.0,0.0
2022-10-10,0.0,0.0
2022-10-11,0.0,0.0
2022-10-12,0.0,
2022-10-13,0.0,0.0
2022-10-14,0.0,0.0
2022-10-15,0.0,0.0
2022-10-16,0.0,0.0
2022-10-17,0.0,0.0
2022-10-18,0.0,0.0
2022-10-19,0.0,
2022-10-20,0.0,0.0
2022-10-21,0.0,0.0
2022-10-22,0.0,2.54
2022-10-23,0.0,2.54
2022-10-24,0.0,2.54
2022-10-25,0.0,0.0
2022-10-26,0.0,2.54
2022-10-27,0.0,2.54
2022-10-28,0.0,2.54
2022-10-29,0.0,2.54
2022-10-30,0.0,0.0
2022-10-31,0.0,0.0
2022-11-01,0.0,2.54
2022-11-02,0.305,17.78
2022-11-03,0.305,17.78
2022-11-04,1.219,15.24
2022-11-05,1.524,10.16
2022-11-06,1.524,7.62
2022-11-07,1.524,
2022-11-08,3.353,40.64
2022-11-09,9.144,91.44
2022-11-10,9.754,81.28
2022-11-11,10.363,76.2
2022-11-12,10.668,71.12
2022-11-13,10.668,68.58
2022-11-14,10.668,63.5
2022-11-15,10.668,60.96
2022-11-16,10.668,58.42
2022-11-17,10.973,55.88
2022-11-18,10.973,55.88
2022-11-19,10.668,53.34
2022-11-20,10.668,50.8
2022-11-21,10.668,50.8
2022-11-22,10.668,48.26
2022-11-23,10.668,50.8
2022-11-24,10.668,45.72
2022-11-25,10.668,45.72
2022-11-26,10.668,43.18
2022-11-27,10.363,43.18
2022-11-28,10.363,43.18
2022-11-29,10.363,43.18
2022-11-30,10.363,43.18
2022-12-01,10.363,43.18
2022-12-02,14.63,93.98
2022-12-03,15.24,93.98
2022-12-04,18.898,114.3
2022-12-05,21.336,114.3
2022-12-06,21.336,109.22
2022-12-07,21.946,109.22
2022-12-08,21.946,106.68
2022-12-09,21.946,111.76
2022-12-10,22.25,109.22
2022-12-11,32.309,
2022-12-12,35.966,200.66
2022-12-13,36.271,185.42
2022-12-14,36.576,177.8
2022-12-15,36.881,172.72
2022-12-16,37.186,170.18
2022-12-17,37.186,165.1
2022-12-18,37.186,160.02
2022-12-19,37.186,157.48
2022-12-20,37.186,160.02
2022-12-21,37.186,157.48
2022-12-22,37.49,152.4
2022-12-23,37.49,152.4
2022-12-24,37.795,149.86
2022-12-25,37.795,147.32
2022-12-26,38.1,144.78
2022-12-27,39.929,157.48
2022-12-28,47.549,198.12
2022-12-29,47.854,193.04
2022-12-30,50.292,205.74
2022-12-31,49.378,195.58
2023-01-01,64.313,264.16
2023-01-02,66.142,251.46
2023-01-03,68.275,256.54
2023-01-04,69.19,246.38
2023-01-05,74.066,274.32
2023-01-06,79.858,299.72
2023-01-07,80.772,284.48
2023-01-08,82.906,297.18
2023-01-09,87.478,322.58
2023-01-10,98.146,355.6
2023-01-11,105.461,383.54
2023-01-12,108.509,375.92
2023-01-13,109.423,363.22
2023-01-14,113.386,383.54
2023-01-15,122.53,
2023-01-16,126.492,
2023-01-17,131.369,
2023-01-18,131.978,452.12
2023-01-19,133.502,452.12
2023-01-20,134.112,439.42
2023-01-21,134.112,429.26
2023-01-22,134.722,421.64
2023-01-23,134.722,411.48
2023-01-24,134.722,401.32
2023-01-25,134.722,396.24
2023-01-26,134.722,388.62
2023-01-27,134.722,386.08
2023-01-28,134.722,381.0
2023-01-29,134.722,378.46
2023-01-30,134.722,391.16
2023-01-31,134.722,383.54
2023-02-01,135.026,381.0
2023-02-02,135.331,375.92
2023-02-03,135.331,373.38
2023-02-04,135.636,368.3
2023-02-05,137.77,383.54
2023-02-06,140.208,398.78
2023-02-07,140.513,391.16
2023-02-08,140.513,386.08
2023-02-09,140.818,383.54
2023-02-10,140.818,378.46
2023-02-11,141.122,378.46
2023-02-12,141.427,375.92
2023-02-13,141.732,373.38
2023-02-14,142.037,370.84
2023-02-15,142.037,370.84
2023-02-16,142.037,368.3
2023-02-17,142.037,365.76
2023-02-18,142.342,363.22
2023-02-19,142.646,363.22
2023-02-20,143.256,360.68
2023-02-21,144.17,355.6
2023-02-22,144.475,363.22
2023-02-23,146.609,416.56
2023-02-24,149.962,439.42
2023-02-25,155.143,472.44
2023-02-26,157.886,464.82
2023-02-27,160.63,472.44
2023-02-28,165.811,513.08
2023-03-01,170.993,
2023-03-02,173.126,520.7
2023-03-03,174.041,497.84
2023-03-04,174.65,485.14
2023-03-05,177.089,502.92
2023-03-06,181.356,
2023-03-07,183.185,
2023-03-08,183.794,525.78
2023-03-09,185.014,523.24
2023-03-10,190.195,530.86
2023-03-11,197.815,530.86
2023-03-12,201.473,533.4
2023-03-13,208.636,
2023-03-14,211.226,
2023-03-15,216.713,
2023-03-16,218.542,530.86
2023-03-17,219.761,533.4
2023-03-18,220.37,528.32
2023-03-19,220.98,525.78
2023-03-20,223.418,
2023-03-21,224.942,533.4
2023-03-22,227.686,
2023-03-23,229.819,
2023-03-24,231.648,
2023-03-25,232.258,
2023-03-26,232.867,
2023-03-27,233.172,533.4
2023-03-28,233.477,533.4
2023-03-29,237.439,
2023-03-30,239.573,
2023-03-31,240.487,
2023-04-01,241.097,
2023-04-02,241.402,
2023-04-03,242.011,
2023-04-04,242.621,
2023-04-05,243.23,
2023-04-06,243.535,530.86
2023-04-07,243.84,530.86
2023-04-08,244.45,533.4
2023-04-09,244.754,528.32
2023-04-10,244.754,518.16
2023-04-11,244.754,508.0
2023-04-12,244.145,497.84
2023-04-13,243.84,495.3
2023-04-14,243.535,492.76
2023-04-15,243.535,490.22
2023-04-16,243.535,482.6
2023-04-17,243.535,477.52
2023-04-18,243.23,480.06
2023-04-19,243.23,477.52
2023-04-20,242.926,474.98
2023-04-21,242.621,469.9
2023-04-22,242.316,462.28
2023-04-23,241.706,457.2
2023-04-24,241.706,452.12
2023-04-25,241.402,447.04
2023-04-26,237.134,441.96
2023-04-27,231.038,436.88
2023-04-28,226.466,431.8
2023-04-29,217.322,424.18
2023-04-30,211.836,416.56
2023-05-01,210.922,406.4
2023-05-02,210.007,411.48
2023-05-03,213.055,431.8
2023-05-04,215.798,424.18
2023-05-05,218.237,426.72
2023-05-06,220.37,434.34
2023-05-07,222.809,444.5
2023-05-08,224.028,431.8
2023-05-09,224.638,424.18
2023-05-10,224.942,421.64
2023-05-11,225.247,419.1
2023-05-12,225.857,414.02
2023-05-13,216.103,408.94
2023-05-14,215.494,401.32
2023-05-15,215.189,396.24
2023-05-16,212.141,388.62
2023-05-17,211.531,381.0
2023-05-18,212.141,375.92
2023-05-19,213.97,370.84
2023-05-20,214.884,363.22
2023-05-21,215.494,355.6
2023-05-22,213.36,347.98
2023-05-23,211.531,342.9
2023-05-24,209.093,335.28
2023-05-25,206.045,330.2
2023-05-26,203.606,327.66
2023-05-27,201.778,322.58
2023-05-28,200.558,320.04
2023-05-29,199.949,314.96
2023-05-30,,312.42
2023-05-31,,307.34
2023-06-01,,302.26
2023-06-02,,299.72
2023-06-03,,292.1
2023-06-04,,287.02
2023-06-05,,284.48
2023-06-06,,279.4
2023-06-07,,274.32
2023-06-08,,271.78
2023-06-09,,271.78
2023-06-10,,266.7
2023-06-11,,264.16
2023-06-12,,261.62
2023-06-13,,254.0
2023-06-14,,248.92
2023-06-15,,241.3
2023-06-16,,233.68
2023-06-17,,226.06
2023-06-18,,218.44
2023-06-19,,205.74
2023-06-20,,200.66
2023-06-21,,195.58
2023-06-22,,193.04
2023-06-23,,187.96
2023-06-24,,180.34
2023-06-25,,175.26
2023-06-26,,165.1
2023-06-27,,160.02
2023-06-28,,157.48
2023-06-29,,149.86
2023-06-30,,139.7
2023-07-01,,129.54
2023-07-02,,119.38
2023-07-03,,109.22
2023-07-04,,99.06
2023-07-05,,91.44
2023-07-06,,78.74
2023-07-07,,71.12
2023-07-08,,60.96
2023-07-09,,53.34
2023-07-10,,43.18
2023-07-11,,35.56
2023-07-12,,25.4
2023-07-13,,12.7
2023-07-14,,7.62
2023-07-15,,
2023-07-16,,
2023-07-17,,
2023-07-18,,
2023-07-19,,
2023-07-20,,
2023-07-21,,
2023-07-22,,
2023-07-23,,
2023-07-24,,
2023-07-25,,
2023-07-26,,
2023-07-27,,
2023-07-28,,
2023-07-29,,
2023-07-30,,
2023-07-31,,
2023-08-01,,
2023-08-02,,
2023-08-03,,
2023-08-04,,
2023-08-05,,
2023-08-06,,
2023-08-07,,
2023-08-08,,
2023-08-09,,
2023-08-10,,
2023-08-11,,
2023-08-12,,
2023-08-13,,
2023-08-14,,
2023-08-15,,
2023-08-16,,
2023-08-17,,
2023-08-18,,
2023-08-19,,
2023-08-20,,
2023-08-21,,
2023-08-22,,
2023-08-23,,
2023-08-24,,
2023-08-25,,
2023-08-26,,
2023-08-27,,
2023-08-28,,
2023-08-29,,
2023-08-30,,
2023-08-31,,
2023-09-01,,
2023-09-02,,
2023-09-03,,
2023-09-04,,
2023-09-05,,
2023-09-06,,
2023-09-07,,
2023-09-08,,
2023-09-09,,
2023-09-10,,
2023-09-11,,
2023-09-12,,
2023-09-13,,
2023-09-14,,
2023-09-15,,
2023-09-16,,
2023-09-17,,
2023-09-18,,
2023-09-19,,
2023-09-20,,
2023-09-21,,
2023-09-22,,
2023-09-23,,
2023-09-24,,
2023-09-25,,
2023-09-26,,
2023-09-27,,
2023-09-28,,2.54
2023-09-29,,2.54
2023-09-30,,5.08
2023-10-01,,7.62
2023-10-02,,5.08
2023-10-03,,5.08
2023-10-04,,5.08
2023-10-05,,5.08
2023-10-06,,2.54
2023-10-07,,5.08
2023-10-08,,5.08
2023-10-09,,5.08
2023-10-10,,5.08
2023-10-11,,5.08
2023-10-12,,5.08
2023-10-13,,5.08
2023-10-14,,5.08
2023-10-15,,5.08
2023-10-16,,5.08
2023-10-17,,2.54
2023-10-18,,2.54
2023-10-19,,2.54
2023-10-20,,5.08
2023-10-21,,
2023-10-22,,5.08
2023-10-23,,5.08
2023-10-24,,5.08
2023-10-25,,5.08
2023-10-26,,7.62
2023-10-27,,5.08
2023-10-28,,5.08
2023-10-29,,5.08
2023-10-30,,2.54
2023-10-31,,2.54
2023-11-01,,5.08
2023-11-02,,5.08
2023-11-03,,5.08
2023-11-04,,5.08
2023-11-05,,7.62
2023-11-06,,7.62
2023-11-07,,20.32
2023-11-08,,22.86
2023-11-09,,15.24
2023-11-10,,17.78
2023-11-11,,17.78
2023-11-12,,15.24
2023-11-13,,17.78
2023-11-14,,17.78
2023-11-15,,12.7
2023-11-16,,12.7
2023-11-17,,17.78
2023-11-18,,2.54
2023-11-19,,22.86
2023-11-20,,22.86
2023-11-21,,17.78
2023-11-22,5.334,17.78
2023-11-23,5.639,20.32
2023-11-24,5.334,17.78
2023-11-25,5.944,17.78
2023-11-26,5.639,15.24
2023-11-27,4.115,17.78
2023-11-28,4.115,17.78
2023-11-29,4.115,20.32
2023-11-30,4.115,20.32
2023-12-01,4.115,27.94
2023-12-02,4.115,27.94
2023-12-03,3.81,25.4
2023-12-04,3.81,25.4
2023-12-05,3.81,25.4
2023-12-06,3.505,25.4
2023-12-07,3.2,33.02
2023-12-08,3.505,33.02
2023-12-09,3.81,33.02
2023-12-10,4.115,33.02
2023-12-11,4.115,33.02
2023-12-12,3.81,33.02
2023-12-13,3.81,33.02
2023-12-14,3.81,33.02
2023-12-15,4.115,33.02
2023-12-16,3.81,35.56
2023-12-17,3.81,30.48
2023-12-18,3.505,30.48
2023-12-19,6.248,40.64
2023-12-20,9.906,55.88
2023-12-21,10.516,
2023-12-22,11.43,53.34
2023-12-23,12.04,48.26
2023-12-24,12.649,48.26
2023-12-25,12.954,48.26
2023-12-26,13.259,48.26
2023-12-27,13.259,48.26
2023-12-28,13.259,53.34
2023-12-29,13.259,48.26
2023-12-30,13.259,50.8
2023-12-31,13.259,48.26
2024-01-01,13.259,53.34
2024-01-02,13.868,53.34
2024-01-03,17.221,91.44
2024-01-04,17.831,93.98
2024-01-05,18.44,88.9
2024-01-06,19.05,83.82
2024-01-07,19.355,114.3
2024-01-08,20.269,106.68
2024-01-09,21.184,101.6
2024-01-10,21.184,99.06
2024-01-11,23.622,124.46
2024-01-12,24.841,116.84
2024-01-13,24.841,114.3
2024-01-14,26.975,137.16
2024-01-15,28.194,129.54
2024-01-16,28.499,127.0
2024-01-17,29.413,137.16
2024-01-18,30.023,132.08
2024-01-19,30.328,129.54
2024-01-20,30.632,139.7
2024-01-21,30.937,142.24
2024-01-22,32.766,154.94
2024-01-23,34.29,160.02
2024-01-24,34.9,152.4
2024-01-25,35.204,157.48
2024-01-26,36.119,152.4
2024-01-27,36.119,149.86
2024-01-28,36.119,147.32
2024-01-29,36.424,142.24
2024-01-30,36.728,139.7
2024-01-31,36.424,137.16
2024-02-01,37.033,
2024-02-02,40.996,190.5
2024-02-03,43.739,210.82
2024-02-04,44.958,213.36
2024-02-05,53.188,238.76
2024-02-06,56.54,254.0
2024-02-07,57.76,241.3
2024-02-08,60.503,256.54
2024-02-09,61.417,248.92
2024-02-10,62.027,243.84
2024-02-11,62.941,238.76
2024-02-12,63.856,231.14
2024-02-13,64.465,226.06
2024-02-14,64.77,223.52
2024-02-15,67.818,251.46
2024-02-16,68.732,241.3
2024-02-17,69.342,236.22
2024-02-18,71.476,246.38
2024-02-19,75.438,271.78
2024-02-20,78.486,269.24
2024-02-21,80.924,281.94
2024-02-22,81.534,274.32
2024-02-23,82.144,269.24
2024-02-24,82.448,261.62
2024-02-25,83.058,256.54
2024-02-26,83.058,251.46
2024-02-27,83.668,256.54
2024-02-28,84.582,254.0
2024-02-29,84.582,248.92
2024-03-01,87.63,
2024-03-02,97.384,320.04
2024-03-03,102.26,342.9
2024-03-04,104.394,342.9
2024-03-05,105.004,332.74
2024-03-06,105.918,325.12
2024-03-07,105.918,320.04
2024-03-08,106.223,314.96
2024-03-09,106.832,312.42
2024-03-10,106.832,307.34
2024-03-11,106.832,302.26
2024-03-12,107.137,302.26
2024-03-13,107.747,307.34
2024-03-14,108.661,302.26
2024-03-15,108.661,299.72
2024-03-16,108.966,294.64
2024-03-17,109.271,287.02
2024-03-18,109.271,281.94
2024-03-19,109.271,276.86
2024-03-20,109.271,271.78
2024-03-21,109.271,266.7
2024-03-22,108.966,261.62
2024-03-23,109.525,276.86
2024-03-24,112.37,297.18
2024-03-25,115.214,297.18
2024-03-26,116.357,287.02
2024-03-27,117.5,279.4
2024-03-28,119.786,299.72
2024-03-29,123.19,294.64
2024-03-30,127.406,327.66
2024-03-31,129.083,322.58
2024-04-01,130.353,325.12
2024-04-02,131.597,312.42
2024-04-03,131.597,297.18
2024-04-04,131.597,294.64
2024-04-05,134.976,337.82
2024-04-06,137.49,332.74
2024-04-07,138.328,322.58
2024-04-08,138.76,320.04
2024-04-09,139.598,309.88
2024-04-10,139.598,297.18
2024-04-11,139.598,289.56
2024-04-12,138.684,281.94
2024-04-13,137.77,276.86
2024-04-14,137.77,284.48
2024-04-15,137.465,279.4
2024-04-16,137.465,274.32
2024-04-17,137.16,269.24
2024-04-18,136.246,266.7
2024-04-19,135.026,259.08
2024-04-20,133.807,254.0
2024-04-21,131.674,248.92
2024-04-22,128.93,241.3
2024-04-23,126.492,238.76
2024-04-24,124.663,231.14
2024-04-25,123.139,228.6
2024-04-26,121.92,228.6
2024-04-27,121.92,233.68
2024-04-28,121.615,226.06
2024-04-29,121.006,223.52
2024-04-30,118.567,218.44
2024-05-01,116.738,213.36
2024-05-02,114.91,208.28
2024-05-03,113.081,203.2
2024-05-04,111.557,200.66
2024-05-05,111.252,226.06
2024-05-06,112.166,226.06
2024-05-07,112.471,213.36
2024-05-08,112.166,208.28
2024-05-09,111.252,203.2
2024-05-10,110.947,198.12
2024-05-11,108.814,190.5
2024-05-12,106.375,185.42
2024-05-13,103.937,180.34
2024-05-14,101.498,175.26
2024-05-15,99.06,170.18
2024-05-16,96.317,160.02
2024-05-17,93.878,149.86
2024-05-18,91.135,144.78
2024-05-19,88.392,132.08
2024-05-20,85.954,132.08
2024-05-21,84.43,127.0
2024-05-22,81.382,116.84
2024-05-23,78.943,111.76
2024-05-24,76.81,101.6
2024-05-25,74.371,96.52
2024-05-26,72.238,91.44
2024-05-27,69.799,86.36
2024-05-28,66.751,66.04
2024-05-29,62.484,50.8
2024-05-30,58.826,50.8
2024-05-31,55.169,20.32
2024-06-01,52.121,
2024-06-02,48.768,
2024-06-03,45.11,
2024-06-04,42.367,
2024-06-05,37.186,
2024-06-06,31.699,
2024-06-07,24.079,
2024-06-08,15.85,
2024-06-09,10.16,
2024-06-10,3.81,
2024-06-11,0.0,
2024-06-12,0.0,
2024-06-13,0.0,
2024-06-14,0.0,111.76
2024-06-15,0.0,
2024-06-16,0.0,
2024-06-17,0.0,
2024-06-18,0.0,
2024-06-19,0.0,
2024-06-20,0.0,
2024-06-21,0.0,
2024-06-22,0.0,
2024-06-23,0.0,
2024-06-24,0.0,
2024-06-25,0.0,
2024-06-26,0.0,
2024-06-27,0.0,
2024-06-28,0.0,
2024-06-29,0.0,
2024-06-30,0.0,
2024-07-01,0.0,
2024-07-02,0.0,
2024-07-03,0.0,
2024-07-04,0.0,
2024-07-05,0.0,
2024-07-06,0.0,
2024-07-07,0.0,
2024-07-08,0.0,
2024-07-09,0.0,
2024-07-10,0.0,
2024-07-11,0.0,109.22
2024-07-12,0.0,
2024-07-13,0.0,
2024-07-14,0.0,
2024-07-15,0.0,
2024-07-16,0.0,
2024-07-17,0.0,
2024-07-18,0.0,
2024-07-19,0.0,
2024-07-20,0.0,
2024-07-21,0.0,
2024-07-22,0.0,
2024-07-23,0.0,
2024-07-24,0.0,
2024-07-25,0.0,
2024-07-26,0.0,
2024-07-27,0.0,
2024-07-28,0.0,
2024-07-29,0.0,
2024-07-30,0.0,
2024-07-31,0.0,
2024-08-01,0.0,
2024-08-02,0.0,
2024-08-03,0.0,
2024-08-04,0.0,
2024-08-05,0.0,
2024-08-06,0.0,
2024-08-07,0.0,
2024-08-08,0.0,
2024-08-09,0.0,
2024-08-10,0.0,
2024-08-11,0.0,
2024-08-12,0.0,
2024-08-13,0.0,
2024-08-14,0.0,
2024-08-15,0.0,
2024-08-16,0.0,
2024-08-17,0.0,
2024-08-18,0.0,
2024-08-19,0.0,
2024-08-20,0.0,109.22
2024-08-21,0.0,
2024-08-22,0.0,
2024-08-23,0.0,
2024-08-24,0.0,
2024-08-25,0.0,
2024-08-26,0.0,
2024-08-27,0.0,
2024-08-28,0.0,
2024-08-29,0.0,
2024-08-30,0.0,
2024-08-31,0.0,
2024-09-01,0.0,
2024-09-02,0.0,
2024-09-03,0.0,
2024-09-04,0.0,
2024-09-05,0.0,
2024-09-06,0.0,
2024-09-07,0.0,109.22
2024-09-08,0.0,
2024-09-09,0.0,
2024-09-10,0.0,
2024-09-11,0.0,
2024-09-12,0.0,
2024-09-13,0.0,
2024-09-14,0.0,
2024-09-15,0.0,
2024-09-16,0.0,
2024-09-17,0.0,
2024-09-18,0.0,538.48
2024-09-19,0.0,528.32
2024-09-20,0.0,541.02
2024-09-21,0.0,541.02
2024-09-22,0.0,535.94
2024-09-23,0.0,525.78
2024-09-24,0.0,520.7
2024-09-25,0.0,518.16
2024-09-26,0.0,0.0
2024-09-27,0.0,0.0
2024-09-28,0.0,
2024-09-29,0.0,
2024-09-30,0.0,
2024-10-01,0.0,
2024-10-02,0.0,
2024-10-03,0.0,
2024-10-04,0.0,
2024-10-05,0.0,0.0
2024-10-06,0.0,0.0
2024-10-07,0.0,2.54
2024-10-08,0.0,2.54
2024-10-09,0.0,2.54
2024-10-10,0.0,5.08
2024-10-11,0.0,
2024-10-12,0.0,
2024-10-13,0.0,
2024-10-14,0.0,
2024-10-15,0.0,2.54
2024-10-16,0.0,2.54
2024-10-17,0.0,12.7
2024-10-18,0.0,7.62
2024-10-19,0.0,7.62
2024-10-20,0.0,
2024-10-21,0.0,
2024-10-22,0.0,
2024-10-23,0.0,
2024-10-24,0.0,0.0
2024-10-25,0.0,0.0
2024-10-26,0.0,0.0
2024-10-27,0.0,0.0
2024-10-28,0.0,0.0
2024-10-29,0.0,0.0
2024-10-30,0.0,0.0
2024-10-31,0.0,0.0
2024-11-01,0.0,0.0
2024-11-02,0.0,0.0
2024-11-03,0.0,0.0
2024-11-04,0.0,0.0
2024-11-05,0.0,0.0
2024-11-06,0.0,0.0
2024-11-07,0.0,0.0
2024-11-08,0.0,0.0
2024-11-09,0.0,0.0
2024-11-10,0.0,2.54
2024-11-11,0.0,2.54
2024-11-12,0.0,12.7
2024-11-13,0.0,10.16
2024-11-14,0.0,12.7
2024-11-15,0.0,20.32
2024-11-16,0.0,25.4
2024-11-17,0.0,22.86
2024-11-18,0.0,22.86
2024-11-19,0.0,22.86
2024-11-20,0.0,20.32
2024-11-21,3.251,20.32
2024-11-22,3.251,17.78
2024-11-23,6.096,50.8
2024-11-24,7.62,53.34
2024-11-25,8.23,
2024-11-26,12.192,
2024-11-27,12.497,73.66
2024-11-28,13.106,71.12
2024-11-29,13.716,66.04
2024-11-30,13.716,66.04
2024-12-01,13.716,68.58
2024-12-02,13.716,63.5
2024-12-03,14.021,60.96
2024-12-04,14.326,60.96
2024-12-05,14.326,58.42
2024-12-06,14.326,55.88
2024-12-07,14.326,58.42
2024-12-08,14.326,55.88
2024-12-09,14.326,55.88
2024-12-10,14.326,53.34
2024-12-11,14.326,53.34
2024-12-12,14.326,50.8
2024-12-13,14.63,73.66
2024-12-14,15.85,83.82
2024-12-15,19.202,91.44
2024-12-16,20.117,91.44
2024-12-17,21.031,99.06
2024-12-18,22.25,96.52
2024-12-19,22.555,91.44
2024-12-20,22.86,91.44
2024-12-21,22.86,88.9
2024-12-22,22.86,88.9
2024-12-23,23.47,93.98
2024-12-24,24.384,91.44
2024-12-25,26.213,111.76
2024-12-26,26.518,111.76
2024-12-27,29.87,129.54
2024-12-28,31.394,124.46
2024-12-29,31.394,121.92
2024-12-30,33.528,129.54
2024-12-31,34.442,127.0
2025-01-01,34.442,127.0
2025-01-02,34.442,121.92
2025-01-03,35.052,121.92
2025-01-04,35.662,134.62
2025-01-05,36.576,132.08
2025-01-06,37.186,132.08
2025-01-07,37.186,129.54
2025-01-08,36.881,124.46
2025-01-09,36.881,119.38
2025-01-10,36.881,114.3
2025-01-11,36.576,114.3
2025-01-12,36.576,114.3
2025-01-13,36.576,114.3
2025-01-14,36.271,111.76
2025-01-15,36.271,111.76
2025-01-16,36.271,111.76
2025-01-17,36.271,111.76
2025-01-18,35.966,109.22
2025-01-19,35.966,109.22
2025-01-20,35.662,111.76
2025-01-21,35.662,109.22
2025-01-22,35.662,109.22
2025-01-23,35.662,109.22
2025-01-24,35.966,109.22
2025-01-25,35.662,106.68
2025-01-26,35.662,111.76
2025-01-27,35.357,109.22
2025-01-28,35.357,109.22
2025-01-29,35.357,109.22
2025-01-30,35.357,109.22
2025-01-31,35.662,109.22
2025-02-01,37.49,116.84
2025-02-02,34.442,121.92
2025-02-03,36.271,119.38
2025-02-04,37.186,119.38
2025-02-05,41.758,134.62
2025-02-06,43.282,134.62
2025-02-07,49.378,157.48
2025-02-08,51.206,162.56
2025-02-09,52.121,160.02
2025-02-10,52.426,160.02
2025-02-11,52.426,160.02
2025-02-12,52.426,157.48
2025-02-13,53.95,182.88
2025-02-14,68.834,241.3
2025-02-15,72.238,241.3
2025-02-16,72.669,236.22
2025-02-17,73.076,231.14
2025-02-18,73.076,226.06
2025-02-19,74.371,223.52
2025-02-20,74.371,223.52
2025-02-21,75.209,220.98
2025-02-22,76.048,218.44
2025-02-23,76.479,215.9
2025-02-24,76.479,210.82
2025-02-25,76.911,205.74
2025-02-26,77.343,203.2
2025-02-27,77.749,200.66
2025-02-28,78.181,198.12
2025-03-01,78.181,195.58
2025-03-02,78.181,
2025-03-03,78.181,215.9
2025-03-04,79.451,208.28
2025-03-05,79.451,203.2
2025-03-06,82.017,233.68
2025-03-07,82.855,233.68
2025-03-08,83.718,226.06
2025-03-09,84.988,218.44
2025-03-10,85.42,210.82
2025-03-11,85.42,208.28
2025-03-12,84.988,208.28
2025-03-13,90.094,
2025-03-14,94.336,287.02
2025-03-15,97.307,289.56
2025-03-16,98.603,276.86
2025-03-17,99.873,276.86
2025-03-18,106.68,309.88
2025-03-19,107.95,297.18
2025-03-20,108.382,292.1
2025-03-21,108.788,284.48
2025-03-22,109.22,276.86
2025-03-23,109.22,269.24
2025-03-24,109.22,261.62
2025-03-25,108.788,254.0
2025-03-26,107.95,246.38
2025-03-27,105.74,238.76
2025-03-28,104.419,233.68
2025-03-29,103.556,231.14
2025-03-30,102.667,231.14
2025-03-31,104.877,246.38
2025-04-01,109.703,266.7
2025-04-02,114.554,299.72
2025-04-03,115.875,289.56
2025-04-04,116.332,284.48
2025-04-05,117.196,276.86
2025-04-06,117.653,271.78
2025-04-07,117.653,261.62
2025-04-08,117.653,254.0
2025-04-09,117.196,246.38
2025-04-10,114.554,241.3
2025-04-11,111.481,236.22
2025-04-12,109.703,231.14
2025-04-13,107.518,226.06
2025-04-14,104.877,220.98
2025-04-15,103.099,218.44
2025-04-16,101.346,215.9
2025-04-17,100.025,213.36
2025-04-18,98.704,210.82
2025-04-19,96.495,205.74
2025-04-20,94.742,203.2
2025-04-21,95.961,200.66
2025-04-22,91.643,195.58
2025-04-23,89.891,190.5
2025-04-24,88.57,185.42
2025-04-25,86.792,185.42
2025-04-26,85.928,185.42
2025-04-27,85.928,208.28
2025-04-28,87.249,208.28
2025-04-29,88.57,193.04
2025-04-30,86.36,185.42
2025-05-01,85.75,180.34
2025-05-02,83.363,175.26
2025-05-03,82.702,172.72
2025-05-04,82.702,172.72
2025-05-05,82.702,172.72
2025-05-06,80.569,165.1
2025-05-07,79.654,160.02
2025-05-08,77.826,152.4
2025-05-09,76.302,147.32
2025-05-10,74.168,139.7
2025-05-11,71.425,134.62
2025-05-12,68.377,127.0
2025-05-13,67.767,124.46
2025-05-14,67.158,129.54
2025-05-15,66.853,124.46
2025-05-16,65.024,121.92
2025-05-17,63.805,116.84
2025-05-18,62.281,114.3
2025-05-19,60.147,109.22
2025-05-20,57.404,101.6
2025-05-21,54.966,96.52
2025-05-22,51.918,88.9
2025-05-23,48.565,88.9
2025-05-24,45.517,78.74
2025-05-25,42.164,73.66
2025-05-26,38.202,63.5
2025-05-27,34.849,58.42
2025-05-28,31.496,50.8
2025-05-29,26.924,40.64
2025-05-30,20.218,33.02
2025-05-31,12.903,20.32
2025-06-01,5.69,0.0
2025-06-02,0.0,0.0
2025-06-03,0.0,
2025-06-04,0.0,0.0
2025-06-05,0.0,
2025-06-06,0.0,0.0
2025-06-07,0.0,
2025-06-08,0.0,0.0
2025-06-09,0.0,
2025-06-10,0.0,
2025-06-11,0.0,
2025-06-12,0.0,
2025-06-13,0.0,2.54
2025-06-14,0.0,0.0
2025-06-15,0.0,0.0
2025-06-16,0.0,0.0
2025-06-17,0.0,0.0
2025-06-18,0.0,0.0
2025-06-19,0.0,
2025-06-20,0.0,2.54
2025-06-21,0.0,0.0
2025-06-22,0.0,
2025-06-23,0.0,
2025-06-24,0.0,
2025-06-25,0.0,0.0
2025-06-26,0.0,2.54
2025-06-27,0.0,2.54
2025-06-28,0.0,0.0
2025-06-29,0.0,0.0
2025-06-30,0.0,2.54
2025-07-01,0.0,2.54
2025-07-02,0.0,0.0
2025-07-03,0.0,0.0
2025-07-04,0.0,5.08
2025-07-05,0.0,2.54
2025-07-06,0.0,2.54
2025-07-07,0.0,2.54
2025-07-08,0.0,0.0
2025-07-09,0.0,2.54
2025-07-10,0.0,2.54
2025-07-11,0.0,0.0
2025-07-12,0.0,0.0
2025-07-13,0.0,2.54
2025-07-14,0.0,0.0
2025-07-15,0.0,2.54
2025-07-16,0.0,2.54
2025-07-17,0.0,2.54
2025-07-18,0.0,
2025-07-19,0.0,
2025-07-20,0.0,0.0
2025-07-21,0.0,2.54
2025-07-22,0.0,2.54
2025-07-23,0.0,2.54
2025-07-24,0.0,2.54
2025-07-25,0.0,2.54
2025-07-26,0.0,2.54
2025-07-27,0.0,2.54
2025-07-28,0.0,2.54
2025-07-29,0.0,2.54
2025-07-30,0.0,2.54
2025-07-31,0.0,
2025-08-01,0.0,2.54
2025-08-02,0.0,0.0
2025-08-03,0.0,2.54
2025-08-04,0.0,2.54
2025-08-05,0.0,0.0
2025-08-06,0.0,2.54
2025-08-07,0.0,5.08
2025-08-08,0.0,2.54
2025-08-09,0.0,2.54
2025-08-10,0.0,2.54
2025-08-11,0.0,2.54
2025-08-12,0.0,0.0
2025-08-13,0.0,2.54
2025-08-14,0.0,2.54
2025-08-15,0.0,2.54
2025-08-16,0.0,2.54
2025-08-17,0.0,2.54
2025-08-18,0.0,2.54
2025-08-19,0.0,2.54
2025-08-20,0.0,2.54
2025-08-21,0.0,2.54
2025-08-22,0.0,2.54
2025-08-23,0.0,2.54
2025-08-24,0.0,
2025-08-25,0.0,2.54
2025-08-26,0.0,0.0
2025-08-27,0.0,2.54
2025-08-28,0.0,
2025-08-29,0.0,2.54
2025-08-30,0.0,0.0
2025-08-31,0.0,0.0
2025-09-01,0.0,0.0
2025-09-02,0.0,2.54
2025-09-03,0.0,0.0
2025-09-04,0.0,2.54
2025-09-05,0.0,2.54
2025-09-06,0.0,0.0
2025-09-07,0.0,2.54
2025-09-08,0.0,2.54
2025-09-09,0.0,2.54
2025-09-10,0.0,2.54
2025-09-11,0.0,2.54
2025-09-12,0.0,2.54
2025-09-13,0.0,388.62
2025-09-14,0.0,
2025-09-15,0.0,
2025-09-16,0.0,
2025-09-17,0.0,
2025-09-18,0.0,
2025-09-19,0.0,
2025-09-20,0.0,
2025-09-21,0.0,
2025-09-22,0.0,
2025-09-23,0.0,
2025-09-24,0.0,
2025-09-25,0.0,
2025-09-26,0.0,
2025-09-27,0.0,
2025-09-28,0.0,
2025-09-29,0.0,
2025-09-30,0.0,
2025-10-01,0.0,
2025-10-02,0.0,
2025-10-03,0.0,
2025-10-04,0.0,
2025-10-05,0.0,
2025-10-06,0.0,
2025-10-07,0.0,
2025-10-08,0.0,
2025-10-09,0.0,
2025-10-10,0.0,
2025-10-11,0.0,
2025-10-12,0.0,
2025-10-13,0.0,
2025-10-14,0.0,
2025-10-15,1.981,
2025-10-16,2.896,
2025-10-17,3.505,
2025-10-18,3.505,
2025-10-19,3.2,
2025-10-20,2.896,
2025-10-21,1.676,
2025-10-22,0.762,
2025-10-23,0.0,
2025-10-24,0.0,
2025-10-25,0.0,
2025-10-26,0.0,
2025-10-27,0.0,
2025-10-28,0.0,
2025-10-29,0.0,
2025-10-30,0.0,
2025-10-31,0.0,
2025-11-01,0.0,
2025-11-02,0.0,
2025-11-03,0.0,
2025-11-04,0.0,
2025-11-05,0.0,
2025-11-06,0.0,
2025-11-07,0.0,
2025-11-08,0.0,
2025-11-09,0.0,
2025-11-10,0.0,
2025-11-11,0.0,
2025-11-12,0.0,
2025-11-13,0.0,
2025-11-14,0.0,
2025-11-15,0.0,
2025-11-16,0.0,
2025-11-17,0.0,
2025-11-18,2.286,
2025-11-19,2.896,
2025-11-20,3.2,
2025-11-21,3.2,
2025-11-22,3.505,
2025-11-23,3.505,
2025-11-24,3.81,
2025-11-25,3.81,
2025-11-26,3.81,
2025-11-27,3.81,
2025-11-28,3.81,
2025-11-29,3.81,
2025-11-30,3.81,
2025-12-01,3.81,
2025-12-02,3.81,
2025-12-03,3.81,
2025-12-04,3.81,
2025-12-05,4.115,
2025-12-06,4.115,
2025-12-07,4.115,
2025-12-08,4.115,
2025-12-09,4.115,
2025-12-10,4.42,
2025-12-11,4.42,
2025-12-12,4.115,
2025-12-13,4.42,
2025-12-14,4.42,
2025-12-15,4.724,
2025-12-16,4.724,
2025-12-17,4.724,
2025-12-18,4.115,
2025-12-19,4.115,
2025-12-20,4.115,
2025-12-21,4.115,
2025-12-22,3.505,
2025-12-23,3.505,
2025-12-24,4.724,
2025-12-25,14.478,
2025-12-26,23.317,
2025-12-27,25.756,
2025-12-28,26.365,
2025-12-29,26.365,
2025-12-30,26.365,
2025-12-31,26.365,
2026-01-01,27.28,
2026-01-02,30.937,
2026-01-03,32.461,
2026-01-04,36.424,
2026-01-05,42.824,
2026-01-06,42.824,
2026-01-07,43.129,
2026-01-08,43.129,
2026-01-09,43.434,
2026-01-10,43.739,
2026-01-11,43.739,
2026-01-12,44.044,
2026-01-13,44.044,
2026-01-14,44.044,
2026-01-15,44.044,
2026-01-16,44.044,
2026-01-17,44.044,
2026-01-18,43.739,
2026-01-19,43.739,
2026-01-20,43.434,
2026-01-21,43.434,
2026-01-22,43.129,
2026-01-23,42.824,
2026-01-24,42.52,
2026-01-25,42.215,
2026-01-26,41.91,
2026-01-27,41.91,
2026-01-28,41.605,
2026-01-29,41.605,
2026-01-30,41.91,
2026-01-31,41.605,
2026-02-01,41.605,
2026-02-02,41.3,
2026-02-03,40.691,
2026-02-04,40.691,
2026-02-05,40.691,
2026-02-06,40.691,
2026-02-07,40.386,
2026-02-08,40.386,
2026-02-09,40.691,
2026-02-10,40.386,
2026-02-11,41.605,
2026-02-12,42.824,
2026-02-13,43.739,
2026-02-14,44.348,
2026-02-15,44.348,
2026-02-16,44.348,
2026-02-17,49.225,
2026-02-18,55.931,
2026-02-19,57.455,
2026-02-20,61.417,
2026-02-21,62.027,
2026-02-22,62.332,
2026-02-23,62.636,
2026-02-24,63.246,
2026-02-25,63.246,
2026-02-26,63.246,
2026-02-27,63.246,
2026-02-28,63.246,
2026-03-01,62.941,
2026-03-02,62.941,
2026-03-03,62.941,
2026-03-04,62.941,
2026-03-05,62.636,
2026-03-06,62.636,
2026-03-07,62.941,
2026-03-08,62.941,
2026-03-09,62.636,
2026-03-10,62.332,
2026-03-11,62.027,
2026-03-12,61.722,
2026-03-13,61.722,
2026-03-14,61.417,
2026-03-15,60.808,
2026-03-16,59.588,
2026-03-17,58.064,
2026-03-18,55.931,
2026-03-19,54.102,
2026-03-20,52.578,
2026-03-21,51.054,
2026-03-22,49.835,
2026-03-23,48.616,
2026-03-24,47.396,
2026-03-25,46.177,
2026-03-26,44.653,
2026-03-27,43.739,
2026-03-28,42.52,
2026-03-29,40.386,
2026-03-30,40.64,
2026-03-31,34.874,
2026-04-01,34.874,
2026-04-02,38.329,
2026-04-03,44.094,
2026-04-04,44.094,
2026-04-05,40.64,
2026-04-06,38.329,
2026-04-07,34.874,
2026-04-08,33.35,
2026-04-09,32.614,
2026-04-10,32.029,
2026-04-11,31.394,
2026-04-12,36.932,
2026-04-13,42.951,
2026-04-14,47.574,
2026-04-15,48.717,
2026-04-16,48.717,
2026-04-17,47.574,
2026-04-18,44.094,
2026-04-19,40.64,
2026-04-20,39.497,
2026-04-21,34.874,
2026-04-22,42.951,
2026-04-23,46.406,
2026-04-24,49.886,
2026-04-25,48.717,
2026-04-26,48.717,
2026-04-27,51.029,
2026-04-28,53.34,
2026-04-29,53.95,
2026-04-30,52.73,
2026-05-01,52.121,
2026-05-02,51.206,
2026-05-03,49.987,
2026-05-04,49.073,
2026-05-05,49.073,
2026-05-06,49.378,
2026-05-07,48.463,
2026-05-08,45.72,
2026-05-09,43.282,
2026-05-10,39.929,
2026-05-11,35.966,
2026-05-12,32.004,
2026-05-13,28.042,
2026-05-14,22.86,
2026-05-15,18.288,
2026-05-16,14.935,
2026-05-17,12.497,
2026-05-18,10.363,
2026-05-19,7.722,
2026-05-20,3.048,
2026-05-21,0.0,
2026-05-22,0.0,
2026-05-23,0.0,
2026-05-24,0.0,429.26
2026-05-25,0.0,
2026-05-26,0.0,
2026-05-27,0.0,416.56
2026-05-28,0.0,
2026-05-29,0.0,350.52
2026-05-30,0.0,5.08
2026-05-31,0.0,383.54
2026-06-01,0.0,403.86
2026-06-02,0.0,408.94
2026-06-03,0.0,411.48
2026-06-04,0.0,411.48
2026-06-05,0.0,411.48
2026-06-06,0.0,414.02
2026-06-07,0.0,408.94
2026-06-08,0.0,408.94
2026-06-09,0.0,421.64
2026-06-10,0.0,287.02
2026-06-11,0.0,347.98
2026-06-12,0.0,393.7
2026-06-13,0.0,381.0
2026-06-14,0.0,414.02
2026-06-15,0.0,416.56
2026-06-16,0.0,419.1
2026-06-17,0.0,419.1
2026-06-18,0.0,419.1
2026-06-19,0.0,419.1
2026-06-20,0.0,
2026-06-21,0.0,411.48
2026-06-22,0.0,414.02
2026-06-23,,
2026-06-24,0.0,414.02
2026-06-25,0.0,411.48
2026-06-26,0.0,414.02
2026-06-27,0.0,411.48
2026-06-28,0.0,408.94
2026-06-29,0.0,406.4
2026-06-30,0.0,406.4
2026-07-01,0.0,408.94
2026-07-02,0.0,411.48
2026-07-03,0.0,411.48
2026-07-04,0.0,416.56
2026-07-05,0.0,416.56
2026-07-06,0.0,414.02
2026-07-07,0.0,414.02
2026-07-08,0.0,414.02
2026-07-09,0.0,414.02
2026-07-10,0.0,
2026-07-11,0.0,416.56
2026-07-12,0.0,
2026-07-13,0.0,421.64
2026-07-14,0.0,421.64
2026-07-15,0.0,419.1
2026-07-16,0.0,416.56
2026-07-17,0.0,416.56
2026-07-18,0.0,419.1
2026-07-19,0.0,421.64
2026-07-20,0.0,421.64
2026-07-21,0.0,426.72
2026-07-22,0.0,419.1
2026-07-23,0.0,419.1
2026-07-24,0.0,58.42
2026-07-25,0.0,421.64
2026-07-26,0.0,43.18
2026-07-27,0.0,411.48
2026-07-28,0.0,416.56
2026-07-29,0.0,416.56
2026-07-30,0.0,
2026-07-31,0.0,
2026-08-01,0.0,
2026-08-02,0.0,
2026-08-03,0.0,
2026-08-04,0.0,
2026-08-05,0.0,
2026-08-06,0.0,
2026-08-07,0.0,
2026-08-08,0.0,
2026-08-09,0.0,
2026-08-10,0.0,
2026-08-11,0.0,
2026-08-12,0.0,
2026-08-13,0.0,
2026-08-14,0.0,
2026-08-15,0.0,
2026-08-16,0.0,
2026-08-17,0.0,
2026-08-18,0.0,
2026-08-19,0.0,
2026-08-20,0.0,
2026-08-21,0.0,
2026-08-22,0.0,
2026-08-23,0.0,
2026-08-24,0.0,
2026-08-25,,
