date,wteq_cm,snwd_cm
1983-01-01,,
1983-01-02,,
1983-01-03,,
1983-01-04,,
1983-01-05,,
1983-01-06,,
1983-01-07,,
1983-01-08,,
1983-01-09,,
1983-01-10,,
1983-01-11,,
1983-01-12,,
1983-01-13,,
1983-01-14,,
1983-01-15,,
1983-01-16,,
1983-01-17,,
1983-01-18,,
1983-01-19,,
1983-01-20,,
1983-01-21,,
1983-01-22,,
1983-01-23,,
1983-01-24,,
1983-01-25,,
1983-01-26,,
1983-01-27,,
1983-01-28,,
1983-01-29,,
1983-01-30,,
1983-01-31,,
1983-02-01,,
1983-02-02,,
1983-02-03,,
1983-02-04,,
1983-02-05,,
1983-02-06,,
1983-02-07,,
1983-02-08,,
1983-02-09,,
1983-02-10,,
1983-02-11,,
1983-02-12,,
1983-02-13,,
1983-02-14,,
1983-02-15,,
1983-02-16,,
1983-02-17,,
1983-02-18,,
1983-02-19,,
1983-02-20,,
1983-02-21,,
1983-02-22,,
1983-02-23,,
1983-02-24,,
1983-02-25,,
1983-02-26,,
1983-02-27,,
1983-02-28,,
1983-03-01,,
1983-03-02,,
1983-03-03,,
1983-03-04,,
1983-03-05,,
1983-03-06,,
1983-03-07,,
1983-03-08,,
1983-03-09,,
1983-03-10,,
1983-03-11,,
1983-03-12,,
1983-03-13,,
1983-03-14,,
1983-03-15,,
1983-03-16,,
1983-03-17,,
1983-03-18,,
1983-03-19,,
1983-03-20,,
1983-03-21,,
1983-03-22,,
1983-03-23,,
1983-03-24,,
1983-03-25,,
1983-03-26,,
1983-03-27,,
1983-03-28,,
1983-03-29,,
1983-03-30,,
1983-03-31,,
1983-04-01,,
1983-04-02,,
1983-04-03,,
1983-04-04,,
1983-04-05,,
1983-04-06,,
1983-04-07,,
1983-04-08,,
1983-04-09,,
1983-04-10,,
1983-04-11,,
1983-04-12,,
1983-04-13,,
1983-04-14,,
1983-04-15,,
1983-04-16,,
1983-04-17,,
1983-04-18,,
1983-04-19,,
1983-04-20,,
1983-04-21,,
1983-04-22,,
1983-04-23,,
1983-04-24,,
1983-04-25,,
1983-04-26,,
1983-04-27,,
1983-04-28,,
1983-04-29,,
1983-04-30,,
1983-05-01,,
1983-05-02,,
1983-05-03,,
1983-05-04,,
1983-05-05,,
1983-05-06,,
1983-05-07,,
1983-05-08,,
1983-05-09,,
1983-05-10,,
1983-05-11,,
1983-05-12,,
1983-05-13,,
1983-05-14,,
1983-05-15,,
1983-05-16,,
1983-05-17,,
1983-05-18,,
1983-05-19,,
1983-05-20,,
1983-05-21,,
1983-05-22,,
1983-05-23,,
1983-05-24,,
1983-05-25,,
1983-05-26,,
1983-05-27,,
1983-05-28,,
1983-05-29,,
1983-05-30,,
1983-05-31,,
1983-06-01,,
1983-06-02,,
1983-06-03,,
1983-06-04,,
1983-06-05,,
1983-06-06,,
1983-06-07,,
1983-06-08,,
1983-06-09,,
1983-06-10,,
1983-06-11,,
1983-06-12,,
1983-06-13,,
1983-06-14,,
1983-06-15,,
1983-06-16,,
1983-06-17,,
1983-06-18,,
1983-06-19,,
1983-06-20,,
1983-06-21,,
1983-06-22,,
1983-06-23,,
1983-06-24,,
1983-06-25,,
1983-06-26,,
1983-06-27,,
1983-06-28,,
1983-06-29,,
1983-06-30,,
1983-07-01,,
1983-07-02,,
1983-07-03,,
1983-07-04,,
1983-07-05,,
1983-07-06,,
1983-07-07,,
1983-07-08,,
1983-07-09,,
1983-07-10,,
1983-07-11,,
1983-07-12,,
1983-07-13,,
1983-07-14,,
1983-07-15,,
1983-07-16,,
1983-07-17,,
1983-07-18,,
1983-07-19,,
1983-07-20,,
1983-07-21,,
1983-07-22,,
1983-07-23,,
1983-07-24,,
1983-07-25,,
1983-07-26,,
1983-07-27,,
1983-07-28,,
1983-07-29,,
1983-07-30,,
1983-07-31,,
1983-08-01,,
1983-08-02,,
1983-08-03,,
1983-08-04,,
1983-08-05,,
1983-08-06,,
1983-08-07,,
1983-08-08,,
1983-08-09,,
1983-08-10,,
1983-08-11,,
1983-08-12,,
1983-08-13,,
1983-08-14,,
1983-08-15,,
1983-08-16,,
1983-08-17,,
1983-08-18,,
1983-08-19,,
1983-08-20,,
1983-08-21,,
1983-08-22,,
1983-08-23,,
1983-08-24,,
1983-08-25,,
1983-08-26,,
1983-08-27,,
1983-08-28,,
1983-08-29,,
1983-08-30,,
1983-08-31,,
1983-09-01,,
1983-09-02,,
1983-09-03,,
1983-09-04,,
1983-09-05,,
1983-09-06,,
1983-09-07,,
1983-09-08,,
1983-09-09,,
1983-09-10,,
1983-09-11,,
1983-09-12,,
1983-09-13,,
1983-09-14,,
1983-09-15,,
1983-09-16,,
1983-09-17,,
1983-09-18,,
1983-09-19,,
1983-09-20,,
1983-09-21,,
1983-09-22,,
1983-09-23,,
1983-09-24,,
1983-09-25,,
1983-09-26,,
1983-09-27,,
1983-09-28,,
1983-09-29,,
1983-09-30,,
1983-10-01,,
1983-10-02,,
1983-10-03,,
1983-10-04,,
1983-10-05,,
1983-10-06,,
1983-10-07,,
1983-10-08,,
1983-10-09,,
1983-10-10,,
1983-10-11,,
1983-10-12,,
1983-10-13,,
1983-10-14,,
1983-10-15,,
1983-10-16,,
1983-10-17,,
1983-10-18,,
1983-10-19,,
1983-10-20,,
1983-10-21,,
1983-10-22,,
1983-10-23,,
1983-10-24,,
1983-10-25,,
1983-10-26,,
1983-10-27,,
1983-10-28,,
1983-10-29,,
1983-10-30,,
1983-10-31,,
1983-11-01,,
1983-11-02,,
1983-11-03,,
1983-11-04,,
1983-11-05,,
1983-11-06,,
1983-11-07,,
1983-11-08,,
1983-11-09,,
1983-11-10,,
1983-11-11,,
1983-11-12,,
1983-11-13,,
1983-11-14,,
1983-11-15,,
1983-11-16,,
1983-11-17,,
1983-11-18,,
1983-11-19,,
1983-11-20,,
1983-11-21,,
1983-11-22,,
1983-11-23,,
1983-11-24,,
1983-11-25,,
1983-11-26,,
1983-11-27,,
1983-11-28,,
1983-11-29,,
1983-11-30,,
1983-12-01,,
1983-12-02,,
1983-12-03,,
1983-12-04,,
1983-12-05,,
1983-12-06,,
1983-12-07,,
1983-12-08,,
1983-12-09,,
1983-12-10,,
1983-12-11,,
1983-12-12,,
1983-12-13,,
1983-12-14,,
1983-12-15,,
1983-12-16,,
1983-12-17,,
1983-12-18,,
1983-12-19,,
1983-12-20,,
1983-12-21,,
1983-12-22,,
1983-12-23,,
1983-12-24,,
1983-12-25,,
1983-12-26,,
1983-12-27,,
1983-12-28,,
1983-12-29,,
1983-12-30,,
1983-12-31,,
1984-10-26,0.0,
1984-10-27,0.0,
1984-10-28,0.0,
1984-10-29,0.254,
1984-10-30,0.762,
1984-10-31,1.016,
1984-11-01,1.27,
1984-11-02,1.524,
1984-11-03,2.54,
1984-11-04,3.81,
1984-11-05,4.826,
1984-11-06,5.08,
1984-11-07,7.112,
1984-11-08,7.62,
1984-11-09,8.636,
1984-11-10,11.938,
1984-11-11,16.764,
1984-11-12,23.114,
1984-11-13,28.956,
1984-11-14,30.48,
1984-11-15,30.48,
1984-11-16,30.988,
1984-11-17,31.75,
1984-11-18,33.528,
1984-11-19,33.528,
1984-11-20,33.528,
1984-11-21,35.306,
1984-11-22,35.306,
1984-11-23,35.306,
1984-11-24,37.846,
1984-11-25,38.1,
1984-11-26,38.1,
1984-11-27,38.354,
1984-11-28,45.974,
1984-11-29,46.99,
1984-11-30,46.99,
1984-12-01,47.498,
1984-12-02,47.498,
1984-12-03,48.514,
1984-12-04,48.514,
1984-12-05,48.514,
1984-12-06,48.514,
1984-12-07,48.514,
1984-12-08,48.26,
1984-12-09,48.26,
1984-12-10,50.546,
1984-12-11,52.832,
1984-12-12,52.324,
1984-12-13,53.086,
1984-12-14,53.848,
1984-12-15,54.61,
1984-12-16,55.118,
1984-12-17,55.88,
1984-12-18,56.642,
1984-12-19,57.404,
1984-12-20,57.404,
1984-12-21,57.404,
1984-12-22,57.404,
1984-12-23,57.404,
1984-12-24,57.404,
1984-12-25,57.404,
1984-12-26,57.404,
1984-12-27,57.404,
1984-12-28,57.404,
1984-12-29,57.404,
1984-12-30,57.404,
1984-12-31,57.404,
1985-01-01,57.404,
1985-01-02,57.404,
1985-01-03,57.658,
1985-01-04,57.658,
1985-01-05,57.658,
1985-01-06,57.912,
1985-01-07,57.912,
1985-01-08,57.912,
1985-01-09,57.912,
1985-01-10,58.166,
1985-01-11,58.166,
1985-01-12,58.166,
1985-01-13,58.42,
1985-01-14,58.42,
1985-01-15,58.42,
1985-01-16,58.42,
1985-01-17,58.166,
1985-01-18,58.166,
1985-01-19,58.166,
1985-01-20,58.166,
1985-01-21,58.166,
1985-01-22,57.912,
1985-01-23,57.912,
1985-01-24,57.912,
1985-01-25,57.912,
1985-01-26,57.912,
1985-01-27,57.658,
1985-01-28,57.658,
1985-01-29,57.658,
1985-01-30,57.658,
1985-01-31,57.658,
1985-02-01,57.404,
1985-02-02,57.404,
1985-02-03,57.404,
1985-02-04,57.404,
1985-02-05,57.404,
1985-02-06,57.404,
1985-02-07,58.166,
1985-02-08,58.928,
1985-02-09,59.944,
1985-02-10,60.706,
1985-02-11,61.468,
1985-02-12,62.484,
1985-02-13,63.246,
1985-02-14,64.008,
1985-02-15,63.754,
1985-02-16,63.754,
1985-02-17,63.5,
1985-02-18,63.246,
1985-02-19,63.246,
1985-02-20,62.992,
1985-02-21,62.738,
1985-02-22,62.738,
1985-02-23,62.484,
1985-02-24,62.23,
1985-02-25,62.23,
1985-02-26,61.976,
1985-02-27,61.722,
1985-02-28,61.722,
1985-03-01,61.468,
1985-03-02,61.214,
1985-03-03,61.214,
1985-03-04,60.96,
1985-03-05,61.976,
1985-03-06,63.246,
1985-03-07,64.262,
1985-03-08,65.278,
1985-03-09,66.548,
1985-03-10,67.564,
1985-03-11,67.564,
1985-03-12,67.31,
1985-03-13,67.31,
1985-03-14,67.056,
1985-03-15,67.056,
1985-03-16,66.802,
1985-03-17,66.548,
1985-03-18,66.04,
1985-03-19,65.786,
1985-03-20,65.532,
1985-03-21,65.278,
1985-03-22,65.024,
1985-03-23,64.77,
1985-03-24,65.024,
1985-03-25,65.278,
1985-03-26,66.802,
1985-03-27,68.58,
1985-03-28,70.104,
1985-03-29,71.882,
1985-03-30,73.406,
1985-03-31,71.374,
1985-04-01,69.342,
1985-04-02,67.564,
1985-04-03,65.532,
1985-04-04,63.5,
1985-04-05,61.468,
1985-04-06,59.69,
1985-04-07,57.658,
1985-04-08,55.626,
1985-04-09,53.594,
1985-04-10,51.816,
1985-04-11,49.784,
1985-04-12,47.752,
1985-04-13,45.974,
1985-04-14,43.942,
1985-04-15,41.91,
1985-04-16,39.878,
1985-04-17,37.846,
1985-04-18,36.068,
1985-04-19,34.036,
1985-04-20,34.29,
1985-04-21,34.544,
1985-04-22,34.798,
1985-04-23,32.512,
1985-04-24,29.972,
1985-04-25,27.432,
1985-04-26,24.13,
1985-04-27,20.574,
1985-04-28,17.272,
1985-04-29,13.716,
1985-04-30,10.414,
1985-05-01,6.858,
1985-05-02,3.556,
1985-05-03,0.0,
1985-05-04,,
1985-05-05,,
1985-05-06,,
1985-05-07,,
1985-05-08,,
1985-05-09,,
1985-05-10,,
1985-05-11,,
1985-05-12,,
1985-05-13,,
1985-05-14,,
1985-05-15,,
1985-05-16,,
1985-05-17,,
1985-05-18,,
1985-05-19,,
1985-05-20,,
1985-05-21,,
1985-05-22,,
1985-05-23,,
1985-05-24,,
1985-05-25,,
1985-05-26,,
1985-05-27,,
1985-05-28,,
1985-05-29,,
1985-05-30,,
1985-05-31,,
1985-06-01,,
1985-06-02,,
1985-06-03,,
1985-06-04,,
1985-06-05,,
1985-06-06,,
1985-06-07,,
1985-06-08,,
1985-06-09,,
1985-06-10,,
1985-06-11,,
1985-06-12,,
1985-06-13,,
1985-06-14,,
1985-06-15,,
1985-06-16,,
1985-06-17,,
1985-06-18,,
1985-06-19,,
1985-06-20,,
1985-06-21,,
1985-06-22,,
1985-06-23,,
1985-06-24,,
1985-06-25,,
1985-06-26,,
1985-06-27,,
1985-06-28,,
1985-06-29,,
1985-06-30,,
1985-07-01,,
1985-07-02,,
1985-07-03,,
1985-07-04,,
1985-07-05,,
1985-07-06,,
1985-07-07,,
1985-07-08,,
1985-07-09,,
1985-07-10,,
1985-07-11,,
1985-07-12,,
1985-07-13,,
1985-07-14,,
1985-07-15,,
1985-07-16,,
1985-07-17,,
1985-07-18,,
1985-07-19,,
1985-07-20,,
1985-07-21,,
1985-07-22,,
1985-07-23,,
1985-07-24,,
1985-07-25,,
1985-07-26,,
1985-07-27,,
1985-07-28,,
1985-07-29,,
1985-07-30,,
1985-07-31,,
1985-08-01,,
1985-08-02,,
1985-08-03,,
1985-08-04,,
1985-08-05,,
1985-08-06,,
1985-08-07,,
1985-08-08,,
1985-08-09,,
1985-08-10,,
1985-08-11,,
1985-08-12,,
1985-08-13,,
1985-08-14,,
1985-08-15,,
1985-08-16,,
1985-08-17,,
1985-08-18,,
1985-08-19,,
1985-08-20,,
1985-08-21,,
1985-08-22,,
1985-08-23,,
1985-08-24,,
1985-08-25,,
1985-08-26,,
1985-08-27,,
1985-08-28,,
1985-08-29,,
1985-08-30,,
1985-08-31,,
1985-09-01,,
1985-09-02,,
1985-09-03,,
1985-09-04,,
1985-09-05,,
1985-09-06,,
1985-09-07,,
1985-09-08,,
1985-09-09,,
1985-09-10,,
1985-09-11,,
1985-09-12,,
1985-09-13,,
1985-09-14,,
1985-09-15,,
1985-09-16,,
1985-09-17,,
1985-09-18,,
1985-09-19,,
1985-09-20,,
1985-09-21,,
1985-09-22,,
1985-09-23,,
1985-09-24,,
1985-09-25,,
1985-09-26,,
1985-09-27,,
1985-09-28,,
1985-09-29,,
1985-09-30,,
1985-10-01,,
1985-10-02,,
1985-10-03,,
1985-10-04,,
1985-10-05,,
1985-10-06,,
1985-10-07,,
1985-10-08,,
1985-10-09,,
1985-10-10,,
1985-10-11,,
1985-10-12,,
1985-10-13,,
1985-10-14,,
1985-10-15,,
1985-10-16,,
1985-10-17,,
1985-10-18,,
1985-10-19,,
1985-10-20,,
1985-10-21,,
1985-10-22,,
1985-10-23,,
1985-10-24,,
1985-10-25,,
1985-10-26,,
1985-10-27,,
1985-10-28,,
1985-10-29,,
1985-10-30,,
1985-10-31,,
1985-11-01,,
1985-11-02,,
1985-11-03,,
1985-11-04,,
1985-11-05,,
1985-11-06,,
1985-11-07,,
1985-11-08,,
1985-11-09,0.0,
1985-11-10,2.54,
1985-11-11,3.048,
1985-11-12,3.302,
1985-11-13,3.556,
1985-11-14,3.556,
1985-11-15,4.064,
1985-11-16,4.318,
1985-11-17,4.318,
1985-11-18,4.318,
1985-11-19,4.318,
1985-11-20,4.318,
1985-11-21,4.318,
1985-11-22,4.572,
1985-11-23,4.572,
1985-11-24,4.826,
1985-11-25,5.08,
1985-11-26,5.588,
1985-11-27,5.842,
1985-11-28,7.112,
1985-11-29,9.652,
1985-11-30,10.414,
1985-12-01,10.414,
1985-12-02,14.224,
1985-12-03,19.812,
1985-12-04,19.812,
1985-12-05,19.812,
1985-12-06,19.812,
1985-12-07,20.828,
1985-12-08,21.59,
1985-12-09,22.606,
1985-12-10,23.114,
1985-12-11,23.114,
1985-12-12,23.114,
1985-12-13,23.114,
1985-12-14,24.892,
1985-12-15,24.892,
1985-12-16,24.892,
1985-12-17,24.892,
1985-12-18,24.892,
1985-12-19,24.892,
1985-12-20,24.892,
1985-12-21,24.892,
1985-12-22,24.892,
1985-12-23,24.892,
1985-12-24,24.892,
1985-12-25,24.892,
1985-12-26,24.892,
1985-12-27,24.892,
1985-12-28,24.892,
1985-12-29,24.892,
1985-12-30,24.892,
1985-12-31,24.892,
1986-01-01,24.892,
1986-01-02,24.638,
1986-01-03,25.654,
1986-01-04,26.162,
1986-01-05,27.432,
1986-01-06,30.226,
1986-01-07,30.988,
1986-01-08,29.21,
1986-01-09,29.464,
1986-01-10,29.972,
1986-01-11,29.972,
1986-01-12,29.972,
1986-01-13,29.972,
1986-01-14,34.798,
1986-01-15,39.624,
1986-01-16,44.45,
1986-01-17,49.276,
1986-01-18,50.546,
1986-01-19,50.622,
1986-01-20,50.724,
1986-01-21,50.8,
1986-01-22,51.816,
1986-01-23,54.864,
1986-01-24,54.864,
1986-01-25,54.864,
1986-01-26,54.864,
1986-01-27,55.194,
1986-01-28,55.55,
1986-01-29,55.88,
1986-01-30,58.42,
1986-01-31,61.468,
1986-02-01,73.406,
1986-02-02,79.502,
1986-02-03,80.772,
1986-02-04,82.042,
1986-02-05,81.788,
1986-02-06,81.28,
1986-02-07,81.28,
1986-02-08,81.28,
1986-02-09,81.28,
1986-02-10,81.28,
1986-02-11,81.28,
1986-02-12,81.28,
1986-02-13,81.28,
1986-02-14,85.09,
1986-02-15,,
1986-02-16,,
1986-02-17,,
1986-02-18,,
1986-02-19,,
1986-02-20,,
1986-02-21,,
1986-02-22,,
1986-02-23,,
1986-02-24,,
1986-02-25,,
1986-02-26,,
1986-02-27,,
1986-02-28,,
1986-03-01,,
1986-03-02,,
1986-03-03,,
1986-03-04,,
1986-03-05,,
1986-03-06,,
1986-03-07,,
1986-03-08,,
1986-03-09,,
1986-03-10,,
1986-03-11,,
1986-03-12,,
1986-03-13,,
1986-03-14,,
1986-03-15,,
1986-03-16,,
1986-03-17,,
1986-03-18,,
1986-03-19,,
1986-03-20,,
1986-03-21,,
1986-03-22,,
1986-03-23,,
1986-03-24,,
1986-03-25,,
1986-03-26,,
1986-03-27,,
1986-03-28,,
1986-03-29,,
1986-03-30,,
1986-03-31,,
1986-04-01,,
1986-04-02,,
1986-04-03,,
1986-04-04,,
1986-04-05,,
1986-04-06,,
1986-04-07,,
1986-04-08,,
1986-04-09,,
1986-04-10,,
1986-04-11,,
1986-04-12,,
1986-04-13,,
1986-04-14,,
1986-04-15,,
1986-04-16,,
1986-04-17,,
1986-04-18,,
1986-04-19,,
1986-04-20,,
1986-04-21,,
1986-04-22,,
1986-04-23,,
1986-04-24,,
1986-04-25,,
1986-04-26,,
1986-04-27,,
1986-04-28,,
1986-04-29,,
1986-04-30,,
1986-05-01,,
1986-05-02,,
1986-05-03,,
1986-05-04,,
1986-05-05,,
1986-05-06,,
1986-05-07,,
1986-05-08,,
1986-05-09,,
1986-05-10,,
1986-05-11,,
1986-05-12,,
1986-05-13,,
1986-05-14,,
1986-05-15,,
1986-05-16,,
1986-05-17,,
1986-05-18,,
1986-05-19,,
1986-05-20,,
1986-05-21,,
1986-05-22,,
1986-05-23,,
1986-05-24,,
1986-05-25,,
1986-05-26,,
1986-05-27,,
1986-05-28,,
1986-05-29,,
1986-05-30,,
1986-05-31,,
1986-06-01,,
1986-06-02,,
1986-06-03,,
1986-06-04,,
1986-06-05,,
1986-06-06,,
1986-06-07,,
1986-06-08,,
1986-06-09,,
1986-06-10,,
1986-06-11,,
1986-06-12,,
1986-06-13,,
1986-06-14,,
1986-06-15,,
1986-06-16,,
1986-06-17,,
1986-06-18,,
1986-06-19,,
1986-06-20,,
1986-06-21,,
1986-06-22,,
1986-06-23,,
1986-06-24,,
1986-06-25,,
1986-06-26,,
1986-06-27,,
1986-06-28,,
1986-06-29,,
1986-06-30,,
1986-07-01,,
1986-07-02,,
1986-07-03,,
1986-07-04,,
1986-07-05,,
1986-07-06,,
1986-07-07,,
1986-07-08,,
1986-07-09,,
1986-07-10,,
1986-07-11,,
1986-07-12,,
1986-07-13,,
1986-07-14,,
1986-07-15,,
1986-07-16,,
1986-07-17,,
1986-07-18,,
1986-07-19,,
1986-07-20,,
1986-07-21,,
1986-07-22,,
1986-07-23,,
1986-07-24,,
1986-07-25,,
1986-07-26,,
1986-07-27,,
1986-07-28,,
1986-07-29,,
1986-07-30,,
1986-07-31,,
1986-08-01,,
1986-08-02,,
1986-08-03,,
1986-08-04,,
1986-08-05,,
1986-08-06,,
1986-08-07,,
1986-08-08,,
1986-08-09,,
1986-08-10,,
1986-08-11,,
1986-08-12,,
1986-08-13,,
1986-08-14,,
1986-08-15,,
1986-08-16,,
1986-08-17,,
1986-08-18,,
1986-08-19,,
1986-08-20,,
1986-08-21,,
1986-08-22,,
1986-08-23,,
1986-08-24,,
1986-08-25,,
1986-08-26,,
1986-08-27,,
1986-08-28,,
1986-08-29,,
1986-08-30,,
1986-08-31,,
1986-09-01,,
1986-09-02,,
1986-09-03,,
1986-09-04,,
1986-09-05,,
1986-09-06,,
1986-09-07,,
1986-09-08,,
1986-09-09,,
1986-09-10,,
1986-09-11,,
1986-09-12,,
1986-09-13,,
1986-09-14,,
1986-09-15,,
1986-09-16,,
1986-09-17,,
1986-09-18,,
1986-09-19,,
1986-09-20,,
1986-09-21,,
1986-09-22,,
1986-09-23,,
1986-09-24,,
1986-09-25,,
1986-09-26,,
1986-09-27,,
1986-09-28,,
1986-09-29,,
1986-09-30,,
1986-10-01,,
1986-10-02,,
1986-10-03,,
1986-10-04,,
1986-10-05,,
1986-10-06,,
1986-10-07,,
1986-10-08,,
1986-10-09,,
1986-10-10,,
1986-10-11,,
1986-10-12,,
1986-10-13,,
1986-10-14,,
1986-10-15,,
1986-10-16,,
1986-10-17,,
1986-10-18,,
1986-10-19,,
1986-10-20,,
1986-10-21,,
1986-10-22,,
1986-10-23,,
1986-10-24,,
1986-10-25,,
1986-10-26,,
1986-10-27,,
1986-10-28,,
1986-10-29,,
1986-10-30,,
1986-10-31,,
1986-11-01,,
1986-11-02,,
1986-11-03,,
1986-11-04,,
1986-11-05,,
1986-11-06,,
1986-11-07,,
1986-11-08,,
1986-11-09,,
1986-11-10,,
1986-11-11,,
1986-11-12,,
1986-11-13,,
1986-11-14,,
1986-11-15,,
1986-11-16,,
1986-11-17,,
1986-11-18,0.0,
1986-11-19,0.305,
1986-11-20,0.508,
1986-11-21,0.635,
1986-11-22,0.787,
1986-11-23,0.914,
1986-11-24,0.914,
1986-11-25,0.914,
1986-11-26,0.914,
1986-11-27,0.914,
1986-11-28,0.914,
1986-11-29,0.914,
1986-11-30,0.914,
1986-12-01,0.914,
1986-12-02,1.067,
1986-12-03,1.219,
1986-12-04,1.372,
1986-12-05,1.524,
1986-12-06,3.048,
1986-12-07,3.2,
1986-12-08,3.353,
1986-12-09,3.353,
1986-12-10,3.353,
1986-12-11,3.353,
1986-12-12,3.353,
1986-12-13,3.353,
1986-12-14,4.572,
1986-12-15,4.572,
1986-12-16,4.572,
1986-12-17,4.877,
1986-12-18,4.877,
1986-12-19,5.182,
1986-12-20,7.01,
1986-12-21,7.925,
1986-12-22,8.23,
1986-12-23,8.839,
1986-12-24,9.449,
1986-12-25,9.449,
1986-12-26,9.449,
1986-12-27,10.058,
1986-12-28,10.058,
1986-12-29,10.363,
1986-12-30,10.363,
1986-12-31,10.668,
1987-01-01,12.802,
1987-01-02,16.764,
1987-01-03,18.898,
1987-01-04,21.336,
1987-01-05,21.336,
1987-01-06,21.946,
1987-01-07,22.86,
1987-01-08,22.86,
1987-01-09,22.86,
1987-01-10,22.86,
1987-01-11,22.86,
1987-01-12,22.86,
1987-01-13,22.86,
1987-01-14,22.86,
1987-01-15,22.86,
1987-01-16,22.86,
1987-01-17,22.86,
1987-01-18,22.86,
1987-01-19,22.86,
1987-01-20,22.936,
1987-01-21,23.012,
1987-01-22,23.089,
1987-01-23,23.165,
1987-01-24,23.901,
1987-01-25,24.638,
1987-01-26,25.349,
1987-01-27,26.086,
1987-01-28,26.822,
1987-01-29,27.559,
1987-01-30,28.296,
1987-01-31,29.007,
1987-02-01,29.743,
1987-02-02,30.48,
1987-02-03,35.966,
1987-02-04,35.966,
1987-02-05,35.966,
1987-02-06,35.966,
1987-02-07,35.662,
1987-02-08,35.662,
1987-02-09,35.357,
1987-02-10,35.357,
1987-02-11,41.453,
1987-02-12,39.624,
1987-02-13,42.062,
1987-02-14,42.672,
1987-02-15,44.806,
1987-02-16,45.72,
1987-02-17,45.72,
1987-02-18,45.72,
1987-02-19,45.72,
1987-02-20,45.72,
1987-02-21,45.72,
1987-02-22,45.72,
1987-02-23,45.72,
1987-02-24,45.72,
1987-02-25,45.72,
1987-02-26,45.72,
1987-02-27,45.72,
1987-02-28,45.72,
1987-03-01,45.72,
1987-03-02,45.72,
1987-03-03,46.634,
1987-03-04,52.426,
1987-03-05,56.693,
1987-03-06,59.436,
1987-03-07,59.385,
1987-03-08,59.309,
1987-03-09,59.258,
1987-03-10,59.182,
1987-03-11,59.131,
1987-03-12,61.57,
1987-03-13,64.008,
1987-03-14,66.446,
1987-03-15,69.494,
1987-03-16,69.494,
1987-03-17,68.885,
1987-03-18,67.361,
1987-03-19,67.056,
1987-03-20,67.056,
1987-03-21,67.056,
1987-03-22,68.885,
1987-03-23,70.104,
1987-03-24,70.104,
1987-03-25,70.104,
1987-03-26,69.19,
1987-03-27,68.275,
1987-03-28,67.97,
1987-03-29,67.666,
1987-03-30,67.666,
1987-03-31,70.104,
1987-04-01,69.317,
1987-04-02,68.504,
1987-04-03,67.716,
1987-04-04,66.904,
1987-04-05,66.116,
1987-04-06,65.329,
1987-04-07,64.516,
1987-04-08,63.729,
1987-04-09,62.941,
1987-04-10,62.128,
1987-04-11,61.341,
1987-04-12,60.528,
1987-04-13,59.741,
1987-04-14,57.302,
1987-04-15,51.816,
1987-04-16,46.025,
1987-04-17,40.538,
1987-04-18,37.49,
1987-04-19,39.014,
1987-04-20,35.357,
1987-04-21,29.261,
1987-04-22,23.47,
1987-04-23,17.678,
1987-04-24,13.106,
1987-04-25,9.754,
1987-04-26,5.791,
1987-04-27,0.914,
1987-04-28,0.61,
1987-04-29,0.0,
1987-04-30,,
1987-05-01,,
1987-05-02,,
1987-05-03,,
1987-05-04,,
1987-05-05,,
1987-05-06,,
1987-05-07,,
1987-05-08,,
1987-05-09,,
1987-05-10,,
1987-05-11,,
1987-05-12,,
1987-05-13,,
1987-05-14,,
1987-05-15,,
1987-05-16,,
1987-05-17,,
1987-05-18,,
1987-05-19,,
1987-05-20,,
1987-05-21,,
1987-05-22,,
1987-05-23,,
1987-05-24,,
1987-05-25,,
1987-05-26,,
1987-05-27,,
1987-05-28,,
1987-05-29,,
1987-05-30,,
1987-05-31,,
1987-06-01,,
1987-06-02,,
1987-06-03,,
1987-06-04,,
1987-06-05,,
1987-06-06,,
1987-06-07,,
1987-06-08,,
1987-06-09,,
1987-06-10,,
1987-06-11,,
1987-06-12,,
1987-06-13,,
1987-06-14,,
1987-06-15,,
1987-06-16,,
1987-06-17,,
1987-06-18,,
1987-06-19,,
1987-06-20,,
1987-06-21,,
1987-06-22,,
1987-06-23,,
1987-06-24,,
1987-06-25,,
1987-06-26,,
1987-06-27,,
1987-06-28,,
1987-06-29,,
1987-06-30,,
1987-07-01,,
1987-07-02,,
1987-07-03,,
1987-07-04,,
1987-07-05,,
1987-07-06,,
1987-07-07,,
1987-07-08,,
1987-07-09,,
1987-07-10,,
1987-07-11,,
1987-07-12,,
1987-07-13,,
1987-07-14,,
1987-07-15,,
1987-07-16,,
1987-07-17,,
1987-07-18,,
1987-07-19,,
1987-07-20,,
1987-07-21,,
1987-07-22,,
1987-07-23,,
1987-07-24,,
1987-07-25,,
1987-07-26,,
1987-07-27,,
1987-07-28,,
1987-07-29,,
1987-07-30,,
1987-07-31,,
1987-08-01,,
1987-08-02,,
1987-08-03,,
1987-08-04,,
1987-08-05,,
1987-08-06,,
1987-08-07,,
1987-08-08,,
1987-08-09,,
1987-08-10,,
1987-08-11,,
1987-08-12,,
1987-08-13,,
1987-08-14,,
1987-08-15,,
1987-08-16,,
1987-08-17,,
1987-08-18,,
1987-08-19,,
1987-08-20,,
1987-08-21,,
1987-08-22,,
1987-08-23,,
1987-08-24,,
1987-08-25,,
1987-08-26,,
1987-08-27,,
1987-08-28,,
1987-08-29,,
1987-08-30,,
1987-08-31,,
1987-09-01,,
1987-09-02,,
1987-09-03,,
1987-09-04,,
1987-09-05,,
1987-09-06,,
1987-09-07,,
1987-09-08,,
1987-09-09,,
1987-09-10,,
1987-09-11,,
1987-09-12,,
1987-09-13,,
1987-09-14,,
1987-09-15,,
1987-09-16,,
1987-09-17,,
1987-09-18,,
1987-09-19,,
1987-09-20,,
1987-09-21,,
1987-09-22,,
1987-09-23,,
1987-09-24,,
1987-09-25,,
1987-09-26,,
1987-09-27,,
1987-09-28,,
1987-09-29,,
1987-09-30,,
1987-10-01,,
1987-10-02,,
1987-10-03,,
1987-10-04,,
1987-10-05,,
1987-10-06,,
1987-10-07,,
1987-10-08,,
1987-10-09,,
1987-10-10,,
1987-10-11,,
1987-10-12,,
1987-10-13,,
1987-10-14,,
1987-10-15,,
1987-10-16,,
1987-10-17,,
1987-10-18,,
1987-10-19,,
1987-10-20,,
1987-10-21,,
1987-10-22,,
1987-10-23,,
1987-10-24,,
1987-10-25,,
1987-10-26,,
1987-10-27,,
1987-10-28,,
1987-10-29,,
1987-10-30,,
1987-10-31,,
1987-11-01,,
1987-11-02,,
1987-11-03,,
1987-11-04,,
1987-11-05,,
1987-11-06,,
1987-11-07,,
1987-11-08,,
1987-11-09,,
1987-11-10,,
1987-11-11,,
1987-11-12,,
1987-11-13,,
1987-11-14,,
1987-11-15,,
1987-11-16,,
1987-11-17,,
1987-11-18,,
1987-11-19,,
1987-11-20,0.0,
1987-11-21,0.914,
1987-11-22,0.914,
1987-11-23,0.914,
1987-11-24,0.914,
1987-11-25,0.914,
1987-11-26,0.914,
1987-11-27,0.914,
1987-11-28,0.914,
1987-11-29,0.914,
1987-11-30,0.914,
1987-12-01,4.877,
1987-12-02,11.887,
1987-12-03,11.887,
1987-12-04,11.887,
1987-12-05,11.887,
1987-12-06,11.887,
1987-12-07,11.887,
1987-12-08,13.411,
1987-12-09,16.459,
1987-12-10,18.593,
1987-12-11,15.85,
1987-12-12,16.764,
1987-12-13,17.069,
1987-12-14,16.459,
1987-12-15,15.85,
1987-12-16,16.154,
1987-12-17,16.764,
1987-12-18,17.069,
1987-12-19,17.069,
1987-12-20,16.764,
1987-12-21,16.764,
1987-12-22,16.459,
1987-12-23,16.154,
1987-12-24,16.459,
1987-12-25,16.459,
1987-12-26,16.459,
1987-12-27,16.459,
1987-12-28,16.459,
1987-12-29,17.069,
1987-12-30,17.374,
1987-12-31,17.678,
1988-01-01,17.678,
1988-01-02,18.796,
1988-01-03,18.898,
1988-01-04,22.25,
1988-01-05,24.079,
1988-01-06,24.384,
1988-01-07,24.689,
1988-01-08,25.908,
1988-01-09,28.042,
1988-01-10,28.956,
1988-01-11,32.614,
1988-01-12,32.614,
1988-01-13,32.614,
1988-01-14,34.442,
1988-01-15,36.881,
1988-01-16,39.319,
1988-01-17,40.843,
1988-01-18,40.843,
1988-01-19,40.843,
1988-01-20,40.843,
1988-01-21,40.843,
1988-01-22,40.843,
1988-01-23,40.843,
1988-01-24,40.843,
1988-01-25,40.843,
1988-01-26,40.843,
1988-01-27,40.869,
1988-01-28,40.894,
1988-01-29,41.758,
1988-01-30,43.586,
1988-01-31,43.891,
1988-02-01,44.501,
1988-02-02,44.501,
1988-02-03,44.501,
1988-02-04,44.501,
1988-02-05,44.501,
1988-02-06,44.501,
1988-02-07,44.196,
1988-02-08,44.196,
1988-02-09,43.891,
1988-02-10,43.282,
1988-02-11,42.977,
1988-02-12,42.672,
1988-02-13,42.367,
1988-02-14,41.758,
1988-02-15,41.148,
1988-02-16,41.148,
1988-02-17,41.148,
1988-02-18,40.843,
1988-02-19,40.843,
1988-02-20,40.538,
1988-02-21,40.234,
1988-02-22,39.929,
1988-02-23,39.929,
1988-02-24,39.624,
1988-02-25,39.319,
1988-02-26,39.192,
1988-02-27,39.065,
1988-02-28,38.938,
1988-02-29,38.786,
1988-03-01,38.659,
1988-03-02,38.532,
1988-03-03,38.405,
1988-03-04,38.379,
1988-03-05,38.329,
1988-03-06,38.303,
1988-03-07,38.252,
1988-03-08,38.227,
1988-03-09,38.176,
1988-03-10,38.151,
1988-03-11,38.1,
1988-03-12,37.795,
1988-03-13,36.576,
1988-03-14,34.138,
1988-03-15,33.528,
1988-03-16,32.918,
1988-03-17,31.699,
1988-03-18,29.566,
1988-03-19,27.127,
1988-03-20,25.603,
1988-03-21,21.336,
1988-03-22,20.726,
1988-03-23,18.593,
1988-03-24,18.898,
1988-03-25,17.069,
1988-03-26,14.021,
1988-03-27,12.192,
1988-03-28,10.973,
1988-03-29,10.058,
1988-03-30,9.144,
1988-03-31,8.534,
1988-04-01,8.534,
1988-04-02,4.572,
1988-04-03,2.134,
1988-04-04,0.914,
1988-04-05,0.0,
1988-04-06,,
1988-04-07,,
1988-04-08,,
1988-04-09,,
1988-04-10,,
1988-04-11,,
1988-04-12,,
1988-04-13,,
1988-04-14,,
1988-04-15,,
1988-04-16,,
1988-04-17,,
1988-04-18,,
1988-04-19,,
1988-04-20,,
1988-04-21,,
1988-04-22,,
1988-04-23,,
1988-04-24,,
1988-04-25,,
1988-04-26,,
1988-04-27,,
1988-04-28,,
1988-04-29,,
1988-04-30,,
1988-05-01,,
1988-05-02,,
1988-05-03,,
1988-05-04,,
1988-05-05,,
1988-05-06,,
1988-05-07,,
1988-05-08,,
1988-05-09,,
1988-05-10,,
1988-05-11,,
1988-05-12,,
1988-05-13,,
1988-05-14,,
1988-05-15,,
1988-05-16,,
1988-05-17,,
1988-05-18,,
1988-05-19,,
1988-05-20,,
1988-05-21,,
1988-05-22,,
1988-05-23,,
1988-05-24,,
1988-05-25,,
1988-05-26,,
1988-05-27,,
1988-05-28,,
1988-05-29,,
1988-05-30,,
1988-05-31,,
1988-06-01,,
1988-06-02,,
1988-06-03,,
1988-06-04,,
1988-06-05,,
1988-06-06,,
1988-06-07,,
1988-06-08,,
1988-06-09,,
1988-06-10,,
1988-06-11,,
1988-06-12,,
1988-06-13,,
1988-06-14,,
1988-06-15,,
1988-06-16,,
1988-06-17,,
1988-06-18,,
1988-06-19,,
1988-06-20,,
1988-06-21,,
1988-06-22,,
1988-06-23,,
1988-06-24,,
1988-06-25,,
1988-06-26,,
1988-06-27,,
1988-06-28,,
1988-06-29,,
1988-06-30,,
1988-07-01,,
1988-07-02,,
1988-07-03,,
1988-07-04,,
1988-07-05,,
1988-07-06,,
1988-07-07,,
1988-07-08,,
1988-07-09,,
1988-07-10,,
1988-07-11,,
1988-07-12,,
1988-07-13,,
1988-07-14,,
1988-07-15,,
1988-07-16,,
1988-07-17,,
1988-07-18,,
1988-07-19,,
1988-07-20,,
1988-07-21,,
1988-07-22,,
1988-07-23,,
1988-07-24,,
1988-07-25,,
1988-07-26,,
1988-07-27,,
1988-07-28,,
1988-07-29,,
1988-07-30,,
1988-07-31,,
1988-08-01,,
1988-08-02,,
1988-08-03,,
1988-08-04,,
1988-08-05,,
1988-08-06,,
1988-08-07,,
1988-08-08,,
1988-08-09,,
1988-08-10,,
1988-08-11,,
1988-08-12,,
1988-08-13,,
1988-08-14,,
1988-08-15,,
1988-08-16,,
1988-08-17,,
1988-08-18,,
1988-08-19,,
1988-08-20,,
1988-08-21,,
1988-08-22,,
1988-08-23,,
1988-08-24,,
1988-08-25,,
1988-08-26,,
1988-08-27,,
1988-08-28,,
1988-08-29,,
1988-08-30,,
1988-08-31,,
1988-09-01,,
1988-09-02,,
1988-09-03,,
1988-09-04,,
1988-09-05,,
1988-09-06,,
1988-09-07,,
1988-09-08,,
1988-09-09,,
1988-09-10,,
1988-09-11,,
1988-09-12,,
1988-09-13,,
1988-09-14,,
1988-09-15,,
1988-09-16,,
1988-09-17,,
1988-09-18,,
1988-09-19,,
1988-09-20,,
1988-09-21,,
1988-09-22,,
1988-09-23,,
1988-09-24,,
1988-09-25,,
1988-09-26,,
1988-09-27,,
1988-09-28,,
1988-09-29,,
1988-09-30,,
1988-10-01,,
1988-10-02,,
1988-10-03,,
1988-10-04,,
1988-10-05,,
1988-10-06,,
1988-10-07,,
1988-10-08,,
1988-10-09,,
1988-10-10,,
1988-10-11,,
1988-10-12,,
1988-10-13,,
1988-10-14,,
1988-10-15,,
1988-10-16,,
1988-10-17,,
1988-10-18,,
1988-10-19,,
1988-10-20,,
1988-10-21,,
1988-10-22,,
1988-10-23,,
1988-10-24,,
1988-10-25,,
1988-10-26,,
1988-10-27,,
1988-10-28,,
1988-10-29,,
1988-10-30,,
1988-10-31,,
1988-11-01,,
1988-11-02,,
1988-11-03,,
1988-11-04,,
1988-11-05,,
1988-11-06,,
1988-11-07,,
1988-11-08,,
1988-11-09,0.0,
1988-11-10,1.219,
1988-11-11,1.219,
1988-11-12,1.524,
1988-11-13,1.524,
1988-11-14,3.658,
1988-11-15,3.658,
1988-11-16,4.267,
1988-11-17,7.01,
1988-11-18,7.01,
1988-11-19,7.01,
1988-11-20,7.01,
1988-11-21,7.01,
1988-11-22,12.802,
1988-11-23,18.288,
1988-11-24,17.983,
1988-11-25,18.593,
1988-11-26,18.898,
1988-11-27,18.593,
1988-11-28,17.983,
1988-11-29,17.678,
1988-11-30,17.678,
1988-12-01,17.678,
1988-12-02,17.678,
1988-12-03,17.704,
1988-12-04,17.704,
1988-12-05,17.704,
1988-12-06,17.704,
1988-12-07,17.704,
1988-12-08,17.704,
1988-12-09,17.729,
1988-12-10,17.729,
1988-12-11,17.729,
1988-12-12,17.729,
1988-12-13,17.729,
1988-12-14,17.755,
1988-12-15,17.755,
1988-12-16,17.755,
1988-12-17,17.755,
1988-12-18,17.755,
1988-12-19,17.755,
1988-12-20,17.78,
1988-12-21,17.78,
1988-12-22,17.78,
1988-12-23,20.117,
1988-12-24,21.59,
1988-12-25,22.555,
1988-12-26,22.86,
1988-12-27,22.86,
1988-12-28,23.165,
1988-12-29,23.165,
1988-12-30,22.86,
1988-12-31,23.165,
1989-01-01,23.622,
1989-01-02,23.774,
1989-01-03,23.774,
1989-01-04,23.774,
1989-01-05,24.689,
1989-01-06,25.603,
1989-01-07,25.908,
1989-01-08,26.213,
1989-01-09,26.518,
1989-01-10,26.822,
1989-01-11,27.737,
1989-01-12,27.737,
1989-01-13,27.737,
1989-01-14,28.346,
1989-01-15,28.346,
1989-01-16,28.346,
1989-01-17,28.042,
1989-01-18,28.042,
1989-01-19,28.042,
1989-01-20,27.737,
1989-01-21,27.432,
1989-01-22,27.737,
1989-01-23,28.346,
1989-01-24,28.651,
1989-01-25,28.651,
1989-01-26,28.651,
1989-01-27,28.346,
1989-01-28,28.042,
1989-01-29,27.737,
1989-01-30,27.737,
1989-01-31,27.432,
1989-02-01,27.432,
1989-02-02,26.822,
1989-02-03,26.822,
1989-02-04,26.518,
1989-02-05,26.518,
1989-02-06,26.213,
1989-02-07,25.603,
1989-02-08,25.298,
1989-02-09,24.994,
1989-02-10,25.298,
1989-02-11,25.298,
1989-02-12,25.908,
1989-02-13,26.213,
1989-02-14,26.213,
1989-02-15,26.518,
1989-02-16,26.518,
1989-02-17,26.518,
1989-02-18,26.518,
1989-02-19,28.042,
1989-02-20,28.346,
1989-02-21,28.346,
1989-02-22,28.346,
1989-02-23,28.346,
1989-02-24,28.346,
1989-02-25,28.346,
1989-02-26,28.346,
1989-02-27,28.042,
1989-02-28,27.94,
1989-03-01,27.94,
1989-03-02,29.566,
1989-03-03,31.394,
1989-03-04,32.004,
1989-03-05,37.592,
1989-03-06,37.592,
1989-03-07,39.014,
1989-03-08,41.148,
1989-03-09,43.18,
1989-03-10,43.51,
1989-03-11,43.84,
1989-03-12,44.145,
1989-03-13,44.475,
1989-03-14,44.806,
1989-03-15,45.415,
1989-03-16,45.72,
1989-03-17,46.025,
1989-03-18,46.33,
1989-03-19,47.244,
1989-03-20,48.006,
1989-03-21,48.768,
1989-03-22,49.53,
1989-03-23,50.292,
1989-03-24,51.054,
1989-03-25,51.816,
1989-03-26,52.73,
1989-03-27,54.864,
1989-03-28,55.778,
1989-03-29,55.982,
1989-03-30,56.185,
1989-03-31,56.388,
1989-04-01,56.591,
1989-04-02,56.794,
1989-04-03,56.998,
1989-04-04,55.778,
1989-04-05,53.34,
1989-04-06,51.511,
1989-04-07,49.682,
1989-04-08,48.463,
1989-04-09,45.11,
1989-04-10,41.758,
1989-04-11,38.1,
1989-04-12,34.138,
1989-04-13,29.566,
1989-04-14,23.47,
1989-04-15,18.898,
1989-04-16,16.764,
1989-04-17,13.716,
1989-04-18,11.278,
1989-04-19,7.62,
1989-04-20,3.353,
1989-04-21,0.0,
1989-04-22,,
1989-04-23,,
1989-04-24,,
1989-04-25,,
1989-04-26,,
1989-04-27,,
1989-04-28,,
1989-04-29,,
1989-04-30,,
1989-05-01,,
1989-05-02,,
1989-05-03,,
1989-05-04,,
1989-05-05,,
1989-05-06,,
1989-05-07,,
1989-05-08,,
1989-05-09,,
1989-05-10,,
1989-05-11,,
1989-05-12,,
1989-05-13,,
1989-05-14,,
1989-05-15,,
1989-05-16,,
1989-05-17,,
1989-05-18,,
1989-05-19,,
1989-05-20,,
1989-05-21,,
1989-05-22,,
1989-05-23,,
1989-05-24,,
1989-05-25,,
1989-05-26,,
1989-05-27,,
1989-05-28,,
1989-05-29,,
1989-05-30,,
1989-05-31,,
1989-06-01,,
1989-06-02,,
1989-06-03,,
1989-06-04,,
1989-06-05,,
1989-06-06,,
1989-06-07,,
1989-06-08,,
1989-06-09,,
1989-06-10,,
1989-06-11,,
1989-06-12,,
1989-06-13,,
1989-06-14,,
1989-06-15,,
1989-06-16,,
1989-06-17,,
1989-06-18,,
1989-06-19,,
1989-06-20,,
1989-06-21,,
1989-06-22,,
1989-06-23,,
1989-06-24,,
1989-06-25,,
1989-06-26,,
1989-06-27,,
1989-06-28,,
1989-06-29,,
1989-06-30,,
1989-07-01,,
1989-07-02,,
1989-07-03,,
1989-07-04,,
1989-07-05,,
1989-07-06,,
1989-07-07,,
1989-07-08,,
1989-07-09,,
1989-07-10,,
1989-07-11,,
1989-07-12,,
1989-07-13,,
1989-07-14,,
1989-07-15,,
1989-07-16,,
1989-07-17,,
1989-07-18,,
1989-07-19,,
1989-07-20,,
1989-07-21,,
1989-07-22,,
1989-07-23,,
1989-07-24,,
1989-07-25,,
1989-07-26,,
1989-07-27,,
1989-07-28,,
1989-07-29,,
1989-07-30,,
1989-07-31,,
1989-08-01,,
1989-08-02,,
1989-08-03,,
1989-08-04,,
1989-08-05,,
1989-08-06,,
1989-08-07,,
1989-08-08,,
1989-08-09,,
1989-08-10,,
1989-08-11,,
1989-08-12,,
1989-08-13,,
1989-08-14,,
1989-08-15,,
1989-08-16,,
1989-08-17,,
1989-08-18,,
1989-08-19,,
1989-08-20,,
1989-08-21,,
1989-08-22,,
1989-08-23,,
1989-08-24,,
1989-08-25,,
1989-08-26,,
1989-08-27,,
1989-08-28,,
1989-08-29,,
1989-08-30,,
1989-08-31,,
1989-09-01,,
1989-09-02,,
1989-09-03,,
1989-09-04,,
1989-09-05,,
1989-09-06,,
1989-09-07,,
1989-09-08,,
1989-09-09,,
1989-09-10,,
1989-09-11,,
1989-09-12,,
1989-09-13,,
1989-09-14,,
1989-09-15,,
1989-09-16,,
1989-09-17,,
1989-09-18,,
1989-09-19,,
1989-09-20,,
1989-09-21,,
1989-09-22,,
1989-09-23,,
1989-09-24,,
1989-09-25,,
1989-09-26,,
1989-09-27,,
1989-09-28,,
1989-09-29,,
1989-09-30,,
1989-10-01,,
1989-10-02,,
1989-10-03,,
1989-10-04,,
1989-10-05,,
1989-10-06,,
1989-10-07,,
1989-10-08,,
1989-10-09,,
1989-10-10,,
1989-10-11,,
1989-10-12,,
1989-10-13,,
1989-10-14,,
1989-10-15,,
1989-10-16,,
1989-10-17,,
1989-10-18,,
1989-10-19,,
1989-10-20,,
1989-10-21,,
1989-10-22,,
1989-10-23,,
1989-10-24,,
1989-10-25,,
1989-10-26,,
1989-10-27,,
1989-10-28,,
1989-10-29,,
1989-10-30,,
1989-10-31,,
1989-11-01,,
1989-11-02,,
1989-11-03,,
1989-11-04,,
1989-11-05,,
1989-11-06,,
1989-11-07,,
1989-11-08,,
1989-11-09,,
1989-11-10,,
1989-11-11,,
1989-11-12,,
1989-11-13,,
1989-11-14,,
1989-11-15,,
1989-11-16,,
1989-11-17,,
1989-11-18,,
1989-11-19,,
1989-11-20,,
1989-11-21,,
1989-11-22,,
1989-11-23,,
1989-11-24,,
1989-11-25,,
1989-11-26,,
1989-11-27,,
1989-11-28,,
1989-11-29,,
1989-11-30,,
1989-12-01,,
1989-12-02,,
1989-12-03,,
1989-12-04,,
1989-12-05,,
1989-12-06,,
1989-12-07,,
1989-12-08,,
1989-12-09,,
1989-12-10,,
1989-12-11,,
1989-12-12,,
1989-12-13,,
1989-12-14,,
1989-12-15,,
1989-12-16,,
1989-12-17,,
1989-12-18,,
1989-12-19,,
1989-12-20,,
1989-12-21,,
1989-12-22,,
1989-12-23,,
1989-12-24,,
1989-12-25,,
1989-12-26,,
1989-12-27,,
1989-12-28,,
1989-12-29,,
1989-12-30,,
1989-12-31,,
1990-01-01,,
1990-01-02,,
1990-01-03,,
1990-01-04,,
1990-01-05,,
1990-01-06,0.0,
1990-01-07,5.182,
1990-01-08,10.16,
1990-01-09,12.065,
1990-01-10,13.995,
1990-01-11,15.9,
1990-01-12,17.805,
1990-01-13,19.736,
1990-01-14,21.641,
1990-01-15,21.641,
1990-01-16,21.641,
1990-01-17,21.946,
1990-01-18,21.946,
1990-01-19,21.641,
1990-01-20,21.031,
1990-01-21,21.031,
1990-01-22,20.726,
1990-01-23,20.828,
1990-01-24,20.117,
1990-01-25,19.507,
1990-01-26,19.202,
1990-01-27,18.898,
1990-01-28,18.288,
1990-01-29,17.983,
1990-01-30,18.593,
1990-01-31,19.202,
1990-02-01,20.422,
1990-02-02,21.031,
1990-02-03,21.031,
1990-02-04,21.59,
1990-02-05,22.352,
1990-02-06,22.86,
1990-02-07,23.165,
1990-02-08,23.114,
1990-02-09,23.114,
1990-02-10,23.114,
1990-02-11,23.114,
1990-02-12,23.114,
1990-02-13,23.114,
1990-02-14,22.86,
1990-02-15,22.555,
1990-02-16,23.47,
1990-02-17,24.384,
1990-02-18,25.603,
1990-02-19,25.908,
1990-02-20,25.908,
1990-02-21,25.908,
1990-02-22,26.213,
1990-02-23,25.908,
1990-02-24,25.908,
1990-02-25,25.603,
1990-02-26,24.994,
1990-02-27,24.689,
1990-02-28,24.079,
1990-03-01,23.165,
1990-03-02,22.555,
1990-03-03,22.25,
1990-03-04,22.86,
1990-03-05,24.079,
1990-03-06,24.13,
1990-03-07,24.689,
1990-03-08,25.908,
1990-03-09,26.213,
1990-03-10,27.127,
1990-03-11,27.737,
1990-03-12,27.737,
1990-03-13,27.737,
1990-03-14,28.346,
1990-03-15,28.346,
1990-03-16,27.432,
1990-03-17,26.162,
1990-03-18,24.892,
1990-03-19,23.622,
1990-03-20,22.352,
1990-03-21,21.082,
1990-03-22,19.812,
1990-03-23,18.542,
1990-03-24,17.272,
1990-03-25,16.002,
1990-03-26,14.732,
1990-03-27,13.411,
1990-03-28,12.497,
1990-03-29,11.278,
1990-03-30,9.449,
1990-03-31,7.925,
1990-04-01,6.401,
1990-04-02,3.353,
1990-04-03,0.0,
1990-04-04,,
1990-04-05,,
1990-04-06,,
1990-04-07,,
1990-04-08,,
1990-04-09,,
1990-04-10,,
1990-04-11,,
1990-04-12,,
1990-04-13,,
1990-04-14,,
1990-04-15,,
1990-04-16,,
1990-04-17,,
1990-04-18,,
1990-04-19,,
1990-04-20,,
1990-04-21,,
1990-04-22,,
1990-04-23,,
1990-04-24,,
1990-04-25,,
1990-04-26,,
1990-04-27,,
1990-04-28,,
1990-04-29,,
1990-04-30,,
1990-05-01,,
1990-05-02,,
1990-05-03,,
1990-05-04,,
1990-05-05,,
1990-05-06,,
1990-05-07,,
1990-05-08,,
1990-05-09,,
1990-05-10,,
1990-05-11,,
1990-05-12,,
1990-05-13,,
1990-05-14,,
1990-05-15,,
1990-05-16,,
1990-05-17,,
1990-05-18,,
1990-05-19,,
1990-05-20,,
1990-05-21,,
1990-05-22,,
1990-05-23,,
1990-05-24,,
1990-05-25,,
1990-05-26,,
1990-05-27,,
1990-05-28,,
1990-05-29,,
1990-05-30,,
1990-05-31,,
1990-06-01,,
1990-06-02,,
1990-06-03,,
1990-06-04,,
1990-06-05,,
1990-06-06,,
1990-06-07,,
1990-06-08,,
1990-06-09,,
1990-06-10,,
1990-06-11,,
1990-06-12,,
1990-06-13,,
1990-06-14,,
1990-06-15,,
1990-06-16,,
1990-06-17,,
1990-06-18,,
1990-06-19,,
1990-06-20,,
1990-06-21,,
1990-06-22,,
1990-06-23,,
1990-06-24,,
1990-06-25,,
1990-06-26,,
1990-06-27,,
1990-06-28,,
1990-06-29,,
1990-06-30,,
1990-07-01,,
1990-07-02,,
1990-07-03,,
1990-07-04,,
1990-07-05,,
1990-07-06,,
1990-07-07,,
1990-07-08,,
1990-07-09,,
1990-07-10,,
1990-07-11,,
1990-07-12,,
1990-07-13,,
1990-07-14,,
1990-07-15,,
1990-07-16,,
1990-07-17,,
1990-07-18,,
1990-07-19,,
1990-07-20,,
1990-07-21,,
1990-07-22,,
1990-07-23,,
1990-07-24,,
1990-07-25,,
1990-07-26,,
1990-07-27,,
1990-07-28,,
1990-07-29,,
1990-07-30,,
1990-07-31,,
1990-08-01,,
1990-08-02,,
1990-08-03,,
1990-08-04,,
1990-08-05,,
1990-08-06,,
1990-08-07,,
1990-08-08,,
1990-08-09,,
1990-08-10,,
1990-08-11,,
1990-08-12,,
1990-08-13,,
1990-08-14,,
1990-08-15,,
1990-08-16,,
1990-08-17,,
1990-08-18,,
1990-08-19,,
1990-08-20,,
1990-08-21,,
1990-08-22,,
1990-08-23,,
1990-08-24,,
1990-08-25,,
1990-08-26,,
1990-08-27,,
1990-08-28,,
1990-08-29,,
1990-08-30,,
1990-08-31,,
1990-09-01,,
1990-09-02,,
1990-09-03,,
1990-09-04,,
1990-09-05,,
1990-09-06,0.0,
1990-09-07,0.0,
1990-09-08,0.0,
1990-09-09,0.0,
1990-09-10,0.0,
1990-09-11,0.0,
1990-09-12,0.0,
1990-09-13,0.0,
1990-09-14,0.0,
1990-09-15,0.0,
1990-09-16,0.0,
1990-09-17,0.0,
1990-09-18,0.0,
1990-09-19,0.0,
1990-09-20,0.0,
1990-09-21,0.0,
1990-09-22,0.0,
1990-09-23,0.0,
1990-09-24,0.0,
1990-09-25,0.0,
1990-09-26,0.0,
1990-09-27,0.0,
1990-09-28,0.0,
1990-09-29,0.0,
1990-09-30,0.0,
1990-10-01,0.0,
1990-10-02,0.0,
1990-10-03,0.0,
1990-10-04,0.0,
1990-10-05,0.0,
1990-10-06,0.0,
1990-10-07,0.0,
1990-10-08,0.0,
1990-10-09,0.0,
1990-10-10,0.0,
1990-10-11,0.0,
1990-10-12,0.0,
1990-10-13,0.0,
1990-10-14,0.0,
1990-10-15,0.0,
1990-10-16,0.0,
1990-10-17,0.0,
1990-10-18,0.0,
1990-10-19,0.0,
1990-10-20,0.0,
1990-10-21,0.0,
1990-10-22,0.0,
1990-10-23,0.0,
1990-10-24,0.0,
1990-10-25,0.0,
1990-10-26,0.0,
1990-10-27,0.0,
1990-10-28,0.0,
1990-10-29,0.0,
1990-10-30,0.0,
1990-10-31,0.0,
1990-11-01,0.0,
1990-11-02,0.0,
1990-11-03,0.0,
1990-11-04,0.0,
1990-11-05,0.0,
1990-11-06,0.0,
1990-11-07,0.0,
1990-11-08,0.0,
1990-11-09,0.0,
1990-11-10,0.0,
1990-11-11,0.0,
1990-11-12,0.0,
1990-11-13,0.0,
1990-11-14,0.0,
1990-11-15,0.0,
1990-11-16,0.0,
1990-11-17,0.0,
1990-11-18,0.0,
1990-11-19,0.0,
1990-11-20,0.0,
1990-11-21,0.0,
1990-11-22,0.0,
1990-11-23,0.0,
1990-11-24,0.0,
1990-11-25,0.0,
1990-11-26,0.0,
1990-11-27,0.0,
1990-11-28,0.0,
1990-11-29,0.0,
1990-11-30,0.0,
1990-12-01,0.0,
1990-12-02,0.0,
1990-12-03,0.0,
1990-12-04,0.0,
1990-12-05,0.0,
1990-12-06,0.0,
1990-12-07,0.0,
1990-12-08,0.0,
1990-12-09,0.0,
1990-12-10,0.0,
1990-12-11,0.0,
1990-12-12,0.0,
1990-12-13,0.0,
1990-12-14,0.0,
1990-12-15,0.0,
1990-12-16,0.0,
1990-12-17,0.0,
1990-12-18,0.0,
1990-12-19,0.0,
1990-12-20,0.0,
1990-12-21,0.0,
1990-12-22,0.0,
1990-12-23,1.397,
1990-12-24,2.794,
1990-12-25,3.099,
1990-12-26,3.404,
1990-12-27,3.404,
1990-12-28,3.404,
1990-12-29,3.404,
1990-12-30,3.404,
1990-12-31,4.013,
1991-01-01,4.318,
1991-01-02,4.318,
1991-01-03,4.318,
1991-01-04,4.318,
1991-01-05,4.318,
1991-01-06,4.318,
1991-01-07,4.623,
1991-01-08,4.623,
1991-01-09,4.623,
1991-01-10,4.623,
1991-01-11,11.176,
1991-01-12,8.28,
1991-01-13,8.585,
1991-01-14,8.89,
1991-01-15,8.89,
1991-01-16,8.585,
1991-01-17,7.976,
1991-01-18,7.976,
1991-01-19,8.28,
1991-01-20,8.585,
1991-01-21,8.28,
1991-01-22,8.28,
1991-01-23,8.28,
1991-01-24,8.28,
1991-01-25,7.976,
1991-01-26,7.061,
1991-01-27,7.061,
1991-01-28,7.061,
1991-01-29,7.061,
1991-01-30,7.061,
1991-01-31,6.452,
1991-02-01,6.452,
1991-02-02,7.061,
1991-02-03,11.328,
1991-02-04,13.157,
1991-02-05,16.815,
1991-02-06,17.424,
1991-02-07,17.729,
1991-02-08,18.034,
1991-02-09,18.034,
1991-02-10,18.034,
1991-02-11,18.034,
1991-02-12,17.12,
1991-02-13,15.9,
1991-02-14,15.291,
1991-02-15,15.596,
1991-02-16,15.596,
1991-02-17,15.596,
1991-02-18,15.9,
1991-02-19,15.9,
1991-02-20,15.9,
1991-02-21,14.681,
1991-02-22,13.462,
1991-02-23,12.852,
1991-02-24,11.938,
1991-02-25,11.633,
1991-02-26,11.024,
1991-02-27,10.109,
1991-02-28,9.195,
1991-03-01,8.89,
1991-03-02,10.109,
1991-03-03,16.51,
1991-03-04,22.301,
1991-03-05,22.911,
1991-03-06,22.911,
1991-03-07,22.911,
1991-03-08,22.911,
1991-03-09,23.216,
1991-03-10,24.13,
1991-03-11,24.74,
1991-03-12,26.568,
1991-03-13,30.226,
1991-03-14,30.836,
1991-03-15,31.75,
1991-03-16,32.055,
1991-03-17,32.664,
1991-03-18,33.274,
1991-03-19,33.579,
1991-03-20,34.798,
1991-03-21,38.151,
1991-03-22,38.456,
1991-03-23,39.98,
1991-03-24,42.723,
1991-03-25,44.552,
1991-03-26,47.295,
1991-03-27,48.819,
1991-03-28,49.733,
1991-03-29,49.428,
1991-03-30,48.514,
1991-03-31,47.295,
1991-04-01,46.38,
1991-04-02,46.99,
1991-04-03,47.295,
1991-04-04,47.6,
1991-04-05,47.295,
1991-04-06,44.856,
1991-04-07,46.685,
1991-04-08,46.99,
1991-04-09,46.076,
1991-04-10,45.771,
1991-04-11,46.38,
1991-04-12,45.771,
1991-04-13,44.856,
1991-04-14,43.942,
1991-04-15,42.723,
1991-04-16,43.332,
1991-04-17,43.942,
1991-04-18,43.637,
1991-04-19,43.18,
1991-04-20,41.504,
1991-04-21,41.199,
1991-04-22,40.284,
1991-04-23,38.76,
1991-04-24,38.76,
1991-04-25,39.065,
1991-04-26,38.76,
1991-04-27,38.151,
1991-04-28,36.932,
1991-04-29,35.712,
1991-04-30,33.274,
1991-05-01,29.616,
1991-05-02,29.921,
1991-05-03,28.397,
1991-05-04,26.568,
1991-05-05,22.911,
1991-05-06,19.863,
1991-05-07,18.948,
1991-05-08,16.51,
1991-05-09,15.291,
1991-05-10,15.596,
1991-05-11,13.157,
1991-05-12,11.938,
1991-05-13,10.109,
1991-05-14,9.5,
1991-05-15,7.976,
1991-05-16,5.537,
1991-05-17,3.099,
1991-05-18,2.794,
1991-05-19,2.794,
1991-05-20,0.0,
1991-05-21,0.0,
1991-05-22,0.0,
1991-05-23,0.0,
1991-05-24,0.0,
1991-05-25,0.0,
1991-05-26,0.0,
1991-05-27,0.0,
1991-05-28,0.0,
1991-05-29,0.0,
1991-05-30,0.0,
1991-05-31,0.0,
1991-06-01,0.0,
1991-06-02,0.0,
1991-06-03,0.0,
1991-06-04,0.0,
1991-06-05,0.0,
1991-06-06,0.0,
1991-06-07,0.0,
1991-06-08,0.0,
1991-06-09,0.0,
1991-06-10,0.0,
1991-06-11,0.0,
1991-06-12,0.0,
1991-06-13,0.0,
1991-06-14,0.0,
1991-06-15,0.0,
1991-06-16,0.0,
1991-06-17,0.0,
1991-06-18,0.0,
1991-06-19,0.0,
1991-06-20,0.0,
1991-06-21,0.0,
1991-06-22,0.0,
1991-06-23,0.0,
1991-06-24,0.0,
1991-06-25,0.0,
1991-06-26,0.0,
1991-06-27,0.0,
1991-06-28,0.0,
1991-06-29,0.0,
1991-06-30,0.0,
1991-07-01,0.0,
1991-07-02,0.0,
1991-07-03,0.0,
1991-07-04,0.0,
1991-07-05,0.0,
1991-07-06,0.0,
1991-07-07,0.0,
1991-07-08,0.0,
1991-07-09,0.0,
1991-07-10,0.0,
1991-07-11,0.0,
1991-07-12,0.0,
1991-07-13,0.0,
1991-07-14,0.0,
1991-07-15,0.0,
1991-07-16,0.0,
1991-07-17,0.0,
1991-07-18,0.0,
1991-07-19,0.0,
1991-07-20,0.0,
1991-07-21,0.0,
1991-07-22,0.0,
1991-07-23,0.0,
1991-07-24,0.0,
1991-07-25,0.0,
1991-07-26,0.0,
1991-07-27,0.0,
1991-07-28,0.0,
1991-07-29,0.0,
1991-07-30,0.0,
1991-07-31,0.0,
1991-08-01,0.0,
1991-08-02,0.0,
1991-08-03,0.0,
1991-08-04,0.0,
1991-08-05,0.0,
1991-08-06,0.0,
1991-08-07,0.0,
1991-08-08,0.0,
1991-08-09,0.0,
1991-08-10,0.0,
1991-08-11,0.0,
1991-08-12,0.0,
1991-08-13,0.0,
1991-08-14,0.0,
1991-08-15,0.0,
1991-08-16,0.0,
1991-08-17,0.0,
1991-08-18,0.0,
1991-08-19,0.0,
1991-08-20,0.0,
1991-08-21,0.0,
1991-08-22,0.0,
1991-08-23,0.0,
1991-08-24,0.0,
1991-08-25,0.0,
1991-08-26,0.0,
1991-08-27,0.0,
1991-08-28,0.0,
1991-08-29,0.0,
1991-08-30,0.0,
1991-08-31,0.0,
1991-09-01,0.0,
1991-09-02,0.0,
1991-09-03,0.0,
1991-09-04,0.0,
1991-09-05,0.0,
1991-09-06,0.0,
1991-09-07,0.0,
1991-09-08,0.0,
1991-09-09,0.0,
1991-09-10,0.0,
1991-09-11,0.0,
1991-09-12,0.0,
1991-09-13,0.0,
1991-09-14,0.0,
1991-09-15,0.0,
1991-09-16,0.0,
1991-09-17,0.0,
1991-09-18,0.0,
1991-09-19,0.0,
1991-09-20,0.0,
1991-09-21,0.0,
1991-09-22,0.0,
1991-09-23,0.0,
1991-09-24,0.0,
1991-09-25,0.0,
1991-09-26,0.0,
1991-09-27,0.0,
1991-09-28,0.0,
1991-09-29,0.0,
1991-09-30,0.0,
1991-10-01,0.0,
1991-10-02,0.0,
1991-10-03,0.0,
1991-10-04,0.0,
1991-10-05,0.0,
1991-10-06,0.0,
1991-10-07,0.0,
1991-10-08,0.0,
1991-10-09,0.0,
1991-10-10,0.0,
1991-10-11,0.0,
1991-10-12,0.0,
1991-10-13,0.0,
1991-10-14,0.0,
1991-10-15,0.0,
1991-10-16,0.0,
1991-10-17,0.0,
1991-10-18,0.0,
1991-10-19,0.0,
1991-10-20,0.0,
1991-10-21,0.0,
1991-10-22,0.0,
1991-10-23,0.0,
1991-10-24,0.0,
1991-10-25,0.0,
1991-10-26,0.0,
1991-10-27,0.0,
1991-10-28,0.0,
1991-10-29,0.0,
1991-10-30,0.0,
1991-10-31,0.0,
1991-11-01,0.0,
1991-11-02,0.0,
1991-11-03,0.0,
1991-11-04,0.0,
1991-11-05,0.0,
1991-11-06,0.0,
1991-11-07,0.0,
1991-11-08,0.0,
1991-11-09,0.0,
1991-11-10,0.0,
1991-11-11,0.0,
1991-11-12,0.0,
1991-11-13,0.0,
1991-11-14,0.0,
1991-11-15,0.0,
1991-11-16,0.0,
1991-11-17,0.0,
1991-11-18,3.353,
1991-11-19,3.658,
1991-11-20,4.318,
1991-11-21,4.877,
1991-11-22,4.877,
1991-11-23,4.877,
1991-11-24,4.572,
1991-11-25,4.267,
1991-11-26,3.353,
1991-11-27,2.743,
1991-11-28,2.032,
1991-11-29,1.219,
1991-11-30,0.914,
1991-12-01,1.778,
1991-12-02,3.048,
1991-12-03,3.962,
1991-12-04,3.302,
1991-12-05,2.743,
1991-12-06,2.134,
1991-12-07,3.175,
1991-12-08,4.267,
1991-12-09,3.302,
1991-12-10,1.524,
1991-12-11,1.524,
1991-12-12,2.438,
1991-12-13,3.962,
1991-12-14,3.962,
1991-12-15,4.267,
1991-12-16,5.182,
1991-12-17,5.182,
1991-12-18,6.401,
1991-12-19,7.315,
1991-12-20,7.366,
1991-12-21,7.366,
1991-12-22,7.62,
1991-12-23,7.62,
1991-12-24,7.925,
1991-12-25,7.925,
1991-12-26,7.925,
1991-12-27,7.925,
1991-12-28,8.534,
1991-12-29,12.802,
1991-12-30,15.85,
1991-12-31,16.459,
1992-01-01,15.24,
1992-01-02,15.24,
1992-01-03,17.069,
1992-01-04,17.374,
1992-01-05,24.689,
1992-01-06,30.785,
1992-01-07,32.309,
1992-01-08,33.223,
1992-01-09,33.833,
1992-01-10,34.747,
1992-01-11,35.052,
1992-01-12,35.662,
1992-01-13,35.966,
1992-01-14,35.966,
1992-01-15,36.576,
1992-01-16,37.186,
1992-01-17,37.592,
1992-01-18,38.405,
1992-01-19,38.405,
1992-01-20,38.405,
1992-01-21,38.608,
1992-01-22,38.71,
1992-01-23,39.014,
1992-01-24,39.319,
1992-01-25,39.014,
1992-01-26,39.014,
1992-01-27,39.37,
1992-01-28,40.64,
1992-01-29,41.758,
1992-01-30,42.062,
1992-01-31,42.062,
1992-02-01,42.062,
1992-02-02,42.672,
1992-02-03,42.672,
1992-02-04,42.926,
1992-02-05,42.672,
1992-02-06,43.282,
1992-02-07,43.688,
1992-02-08,43.891,
1992-02-09,46.025,
1992-02-10,51.206,
1992-02-11,60.35,
1992-02-12,70.409,
1992-02-13,74.981,
1992-02-14,81.077,
1992-02-15,88.087,
1992-02-16,93.269,
1992-02-17,93.269,
1992-02-18,94.488,
1992-02-19,96.622,
1992-02-20,94.996,
1992-02-21,97.231,
1992-02-22,98.806,
1992-02-23,100.076,
1992-02-24,101.092,
1992-02-25,100.279,
1992-02-26,98.45,
1992-02-27,98.146,
1992-02-28,98.146,
1992-02-29,98.146,
1992-03-01,98.146,
1992-03-02,100.889,
1992-03-03,101.6,
1992-03-04,102.362,
1992-03-05,104.242,
1992-03-06,108.712,
1992-03-07,109.728,
1992-03-08,109.728,
1992-03-09,109.728,
1992-03-10,109.22,
1992-03-11,108.814,
1992-03-12,108.204,
1992-03-13,106.68,
1992-03-14,105.766,
1992-03-15,109.728,
1992-03-16,118.872,
1992-03-17,121.31,
1992-03-18,122.53,
1992-03-19,122.834,
1992-03-20,122.834,
1992-03-21,122.834,
1992-03-22,121.31,
1992-03-23,120.396,
1992-03-24,120.091,
1992-03-25,119.126,
1992-03-26,116.738,
1992-03-27,113.081,
1992-03-28,113.665,
1992-03-29,114.3,
1992-03-30,110.338,
1992-03-31,110.338,
1992-04-01,107.188,
1992-04-02,103.022,
1992-04-03,98.755,
1992-04-04,95.707,
1992-04-05,94.793,
1992-04-06,94.793,
1992-04-07,94.488,
1992-04-08,91.745,
1992-04-09,89.306,
1992-04-10,84.43,
1992-04-11,82.296,
1992-04-12,81.077,
1992-04-13,77.419,
1992-04-14,78.638,
1992-04-15,72.542,
1992-04-16,68.58,
1992-04-17,62.789,
1992-04-18,64.618,
1992-04-19,62.789,
1992-04-20,56.083,
1992-04-21,51.816,
1992-04-22,50.597,
1992-04-23,50.292,
1992-04-24,50.292,
1992-04-25,48.158,
1992-04-26,43.586,
1992-04-27,40.843,
1992-04-28,36.271,
1992-04-29,30.48,
1992-04-30,25.603,
1992-05-01,23.47,
1992-05-02,20.422,
1992-05-03,18.288,
1992-05-04,15.85,
1992-05-05,14.021,
1992-05-06,10.363,
1992-05-07,5.182,
1992-05-08,0.305,
1992-05-09,0.0,
1992-05-10,0.0,
1992-05-11,0.0,
1992-05-12,0.0,
1992-05-13,0.0,
1992-05-14,0.0,
1992-05-15,0.0,
1992-05-16,0.0,
1992-05-17,0.0,
1992-05-18,0.0,
1992-05-19,0.0,
1992-05-20,0.0,
1992-05-21,0.0,
1992-05-22,0.0,
1992-05-23,0.0,
1992-05-24,0.0,
1992-05-25,0.0,
1992-05-26,0.0,
1992-05-27,0.0,
1992-05-28,0.0,
1992-05-29,0.0,
1992-05-30,0.0,
1992-05-31,0.0,
1992-06-01,0.0,
1992-06-02,0.0,
1992-06-03,0.0,
1992-06-04,0.0,
1992-06-05,0.0,
1992-06-06,0.0,
1992-06-07,0.0,
1992-06-08,0.0,
1992-06-09,0.0,
1992-06-10,0.0,
1992-06-11,0.0,
1992-06-12,0.0,
1992-06-13,0.0,
1992-06-14,0.0,
1992-06-15,0.0,
1992-06-16,0.0,
1992-06-17,0.0,
1992-06-18,0.0,
1992-06-19,0.0,
1992-06-20,0.0,
1992-06-21,0.0,
1992-06-22,0.0,
1992-06-23,0.0,
1992-06-24,0.0,
1992-06-25,0.0,
1992-06-26,0.0,
1992-06-27,0.0,
1992-06-28,0.0,
1992-06-29,0.0,
1992-06-30,0.0,
1992-07-01,0.0,
1992-07-02,0.0,
1992-07-03,0.0,
1992-07-04,0.0,
1992-07-05,0.0,
1992-07-06,0.0,
1992-07-07,0.0,
1992-07-08,0.0,
1992-07-09,0.0,
1992-07-10,0.0,
1992-07-11,0.0,
1992-07-12,0.0,
1992-07-13,0.0,
1992-07-14,0.0,
1992-07-15,0.0,
1992-07-16,0.0,
1992-07-17,0.0,
1992-07-18,0.0,
1992-07-19,0.0,
1992-07-20,0.0,
1992-07-21,0.0,
1992-07-22,0.0,
1992-07-23,0.0,
1992-07-24,0.0,
1992-07-25,0.0,
1992-07-26,0.0,
1992-07-27,0.0,
1992-07-28,0.0,
1992-07-29,0.0,
1992-07-30,0.0,
1992-07-31,0.0,
1992-08-01,0.0,
1992-08-02,0.0,
1992-08-03,0.0,
1992-08-04,0.0,
1992-08-05,0.0,
1992-08-06,0.0,
1992-08-07,0.0,
1992-08-08,0.0,
1992-08-09,0.0,
1992-08-10,0.0,
1992-08-11,0.0,
1992-08-12,0.0,
1992-08-13,0.0,
1992-08-14,0.0,
1992-08-15,0.0,
1992-08-16,0.0,
1992-08-17,0.0,
1992-08-18,0.0,
1992-08-19,0.0,
1992-08-20,0.0,
1992-08-21,0.0,
1992-08-22,0.0,
1992-08-23,0.0,
1992-08-24,0.0,
1992-08-25,0.0,
1992-08-26,0.0,
1992-08-27,0.0,
1992-08-28,0.0,
1992-08-29,0.0,
1992-08-30,0.0,
1992-08-31,0.0,
1992-09-01,0.0,
1992-09-02,0.0,
1992-09-03,0.0,
1992-09-04,0.0,
1992-09-05,0.0,
1992-09-06,0.0,
1992-09-07,0.0,
1992-09-08,0.0,
1992-09-09,0.0,
1992-09-10,0.0,
1992-09-11,0.0,
1992-09-12,0.0,
1992-09-13,0.0,
1992-09-14,0.0,
1992-09-15,0.0,
1992-09-16,0.0,
1992-09-17,0.0,
1992-09-18,0.0,
1992-09-19,0.0,
1992-09-20,0.0,
1992-09-21,0.0,
1992-09-22,0.0,
1992-09-23,0.0,
1992-09-24,0.0,
1992-09-25,0.0,
1992-09-26,0.0,
1992-09-27,0.0,
1992-09-28,0.0,
1992-09-29,0.0,
1992-09-30,0.0,
1992-10-01,0.0,
1992-10-02,0.0,
1992-10-03,0.0,
1992-10-04,0.0,
1992-10-05,0.0,
1992-10-06,0.0,
1992-10-07,0.0,
1992-10-08,0.0,
1992-10-09,0.0,
1992-10-10,0.0,
1992-10-11,0.0,
1992-10-12,0.0,
1992-10-13,0.0,
1992-10-14,0.0,
1992-10-15,0.0,
1992-10-16,0.0,
1992-10-17,0.0,
1992-10-18,0.0,
1992-10-19,0.0,
1992-10-20,0.0,
1992-10-21,0.0,
1992-10-22,0.0,
1992-10-23,0.0,
1992-10-24,0.0,
1992-10-25,0.0,
1992-10-26,0.0,
1992-10-27,0.0,
1992-10-28,0.0,
1992-10-29,0.0,
1992-10-30,1.194,
1992-10-31,1.194,
1992-11-01,1.194,
1992-11-02,0.0,
1992-11-03,0.0,
1992-11-04,0.0,
1992-11-05,0.0,
1992-11-06,0.0,
1992-11-07,0.0,
1992-11-08,0.0,
1992-11-09,0.0,
1992-11-10,0.0,
1992-11-11,0.584,
1992-11-12,0.584,
1992-11-13,0.279,
1992-11-14,0.279,
1992-11-15,0.279,
1992-11-16,0.279,
1992-11-17,0.279,
1992-11-18,0.279,
1992-11-19,0.584,
1992-11-20,0.889,
1992-11-21,1.194,
1992-11-22,1.803,
1992-11-23,1.803,
1992-11-24,2.134,
1992-11-25,2.438,
1992-11-26,2.438,
1992-11-27,2.438,
1992-11-28,2.743,
1992-11-29,2.743,
1992-11-30,3.937,
1992-12-01,3.937,
1992-12-02,3.632,
1992-12-03,4.242,
1992-12-04,4.242,
1992-12-05,4.547,
1992-12-06,4.851,
1992-12-07,10.058,
1992-12-08,10.973,
1992-12-09,18.288,
1992-12-10,21.031,
1992-12-11,20.701,
1992-12-12,21.031,
1992-12-13,21.311,
1992-12-14,21.615,
1992-12-15,21.311,
1992-12-16,21.311,
1992-12-17,21.311,
1992-12-18,21.92,
1992-12-19,22.25,
1992-12-20,22.25,
1992-12-21,22.555,
1992-12-22,23.165,
1992-12-23,23.165,
1992-12-24,23.165,
1992-12-25,23.876,
1992-12-26,24.638,
1992-12-27,25.4,
1992-12-28,26.01,
1992-12-29,28.702,
1992-12-30,30.734,
1992-12-31,36.271,
1993-01-01,42.951,
1993-01-02,43.891,
1993-01-03,44.171,
1993-01-04,44.171,
1993-01-05,44.171,
1993-01-06,44.501,
1993-01-07,46.304,
1993-01-08,47.828,
1993-01-09,48.743,
1993-01-10,50.267,
1993-01-11,50.571,
1993-01-12,50.571,
1993-01-13,50.571,
1993-01-14,54.534,
1993-01-15,56.972,
1993-01-16,60.63,
1993-01-17,60.63,
1993-01-18,61.239,
1993-01-19,61.874,
1993-01-20,66.142,
1993-01-21,73.762,
1993-01-22,80.137,
1993-01-23,79.832,
1993-01-24,81.382,
1993-01-25,81.686,
1993-01-26,81.686,
1993-01-27,81.686,
1993-01-28,81.686,
1993-01-29,81.686,
1993-01-30,81.686,
1993-01-31,81.686,
1993-02-01,81.356,
1993-02-02,81.051,
1993-02-03,80.747,
1993-02-04,79.832,
1993-02-05,79.832,
1993-02-06,70.688,
1993-02-07,75.565,
1993-02-08,78.613,
1993-02-09,80.442,
1993-02-10,83.795,
1993-02-11,89.281,
1993-02-12,92.05,
1993-02-13,91.719,
1993-02-14,90.5,
1993-02-15,90.221,
1993-02-16,89.306,
1993-02-17,89.306,
1993-02-18,91.719,
1993-02-19,87.173,
1993-02-20,98.45,
1993-02-21,103.632,
1993-02-22,104.851,
1993-02-23,107.29,
1993-02-24,107.874,
1993-02-25,105.461,
1993-02-26,103.632,
1993-02-27,101.778,
1993-02-28,99.974,
1993-03-01,98.146,
1993-03-02,96.926,
1993-03-03,85.623,
1993-03-04,92.659,
1993-03-05,96.596,
1993-03-06,95.377,
1993-03-07,95.098,
1993-03-08,93.853,
1993-03-09,96.926,
1993-03-10,98.146,
1993-03-11,103.632,
1993-03-12,99.974,
1993-03-13,96.291,
1993-03-14,95.377,
1993-03-15,73.025,
1993-03-16,101.778,
1993-03-17,104.216,
1993-03-18,102.692,
1993-03-19,95.377,
1993-03-20,86.563,
1993-03-21,76.175,
1993-03-22,69.774,
1993-03-23,63.373,
1993-03-24,70.688,
1993-03-25,63.983,
1993-03-26,58.522,
1993-03-27,55.753,
1993-03-28,55.143,
1993-03-29,55.448,
1993-03-30,55.448,
1993-03-31,55.448,
1993-04-01,56.058,
1993-04-02,55.448,
1993-04-03,55.143,
1993-04-04,54.534,
1993-04-05,53.619,
1993-04-06,51.511,
1993-04-07,51.511,
1993-04-08,50.571,
1993-04-09,49.962,
1993-04-10,50.267,
1993-04-11,51.181,
1993-04-12,52.4,
1993-04-13,52.4,
1993-04-14,51.181,
1993-04-15,49.657,
1993-04-16,47.219,
1993-04-17,42.037,
1993-04-18,42.037,
1993-04-19,42.037,
1993-04-20,42.647,
1993-04-21,43.891,
1993-04-22,44.171,
1993-04-23,43.891,
1993-04-24,44.45,
1993-04-25,45.085,
1993-04-26,44.78,
1993-04-27,45.085,
1993-04-28,42.951,
1993-04-29,39.624,
1993-04-30,36.551,
1993-05-01,34.112,
1993-05-02,28.651,
1993-05-03,23.165,
1993-05-04,21.92,
1993-05-05,20.091,
1993-05-06,16.129,
1993-05-07,13.081,
1993-05-08,11.557,
1993-05-09,9.728,
1993-05-10,6.985,
1993-05-11,5.461,
1993-05-12,4.242,
1993-05-13,4.242,
1993-05-14,3.632,
1993-05-15,3.632,
1993-05-16,3.632,
1993-05-17,3.632,
1993-05-18,2.438,
1993-05-19,0.0,
1993-05-20,0.0,
1993-05-21,0.0,
1993-05-22,0.0,
1993-05-23,0.0,
1993-05-24,0.0,
1993-05-25,0.0,
1993-05-26,0.0,
1993-05-27,0.0,
1993-05-28,0.0,
1993-05-29,0.0,
1993-05-30,0.0,
1993-05-31,0.0,
1993-06-01,0.0,
1993-06-02,0.0,
1993-06-03,0.0,
1993-06-04,0.0,
1993-06-05,0.0,
1993-06-06,0.0,
1993-06-07,0.0,
1993-06-08,0.0,
1993-06-09,0.0,
1993-06-10,0.0,
1993-06-11,0.0,
1993-06-12,0.0,
1993-06-13,0.0,
1993-06-14,0.0,
1993-06-15,0.0,
1993-06-16,0.0,
1993-06-17,0.0,
1993-06-18,0.0,
1993-06-19,0.0,
1993-06-20,0.0,
1993-06-21,0.0,
1993-06-22,0.0,
1993-06-23,0.0,
1993-06-24,0.0,
1993-06-25,0.0,
1993-06-26,0.0,
1993-06-27,0.0,
1993-06-28,0.0,
1993-06-29,0.0,
1993-06-30,0.0,
1993-07-01,0.0,
1993-07-02,0.0,
1993-07-03,0.0,
1993-07-04,0.0,
1993-07-05,0.0,
1993-07-06,0.0,
1993-07-07,0.0,
1993-07-08,0.0,
1993-07-09,0.0,
1993-07-10,0.0,
1993-07-11,0.0,
1993-07-12,0.0,
1993-07-13,0.0,
1993-07-14,0.0,
1993-07-15,0.0,
1993-07-16,0.0,
1993-07-17,0.0,
1993-07-18,0.0,
1993-07-19,0.0,
1993-07-20,0.0,
1993-07-21,0.0,
1993-07-22,0.0,
1993-07-23,0.0,
1993-07-24,0.0,
1993-07-25,0.0,
1993-07-26,0.0,
1993-07-27,0.0,
1993-07-28,0.0,
1993-07-29,0.0,
1993-07-30,0.0,
1993-07-31,0.0,
1993-08-01,0.0,
1993-08-02,0.0,
1993-08-03,0.0,
1993-08-04,0.0,
1993-08-05,0.0,
1993-08-06,0.0,
1993-08-07,0.0,
1993-08-08,0.0,
1993-08-09,0.0,
1993-08-10,0.0,
1993-08-11,0.0,
1993-08-12,0.0,
1993-08-13,0.0,
1993-08-14,0.0,
1993-08-15,0.0,
1993-08-16,0.0,
1993-08-17,0.0,
1993-08-18,0.0,
1993-08-19,0.0,
1993-08-20,0.0,
1993-08-21,0.0,
1993-08-22,0.0,
1993-08-23,0.0,
1993-08-24,0.0,
1993-08-25,0.0,
1993-08-26,0.0,
1993-08-27,0.0,
1993-08-28,0.0,
1993-08-29,0.0,
1993-08-30,0.0,
1993-08-31,0.0,
1993-09-01,0.0,
1993-09-02,0.0,
1993-09-03,0.0,
1993-09-04,0.0,
1993-09-05,0.0,
1993-09-06,0.0,
1993-09-07,0.0,
1993-09-08,0.0,
1993-09-09,0.0,
1993-09-10,0.0,
1993-09-11,0.0,
1993-09-12,0.0,
1993-09-13,0.0,
1993-09-14,0.0,
1993-09-15,0.0,
1993-09-16,0.0,
1993-09-17,0.0,
1993-09-18,0.0,
1993-09-19,0.0,
1993-09-20,0.0,
1993-09-21,0.0,
1993-09-22,0.0,
1993-09-23,0.0,
1993-09-24,0.0,
1993-09-25,0.0,
1993-09-26,0.0,
1993-09-27,0.0,
1993-09-28,0.0,
1993-09-29,0.0,
1993-09-30,0.0,
1993-10-01,0.0,
1993-10-02,0.0,
1993-10-03,0.0,
1993-10-04,0.0,
1993-10-05,0.0,
1993-10-06,0.0,
1993-10-07,0.0,
1993-10-08,0.0,
1993-10-09,0.0,
1993-10-10,0.0,
1993-10-11,0.0,
1993-10-12,0.0,
1993-10-13,0.0,
1993-10-14,0.0,
1993-10-15,0.0,
1993-10-16,0.0,
1993-10-17,0.0,
1993-10-18,0.0,
1993-10-19,0.0,
1993-10-20,0.0,
1993-10-21,0.0,
1993-10-22,0.0,
1993-10-23,0.0,
1993-10-24,0.0,
1993-10-25,0.0,
1993-10-26,0.0,
1993-10-27,0.0,
1993-10-28,0.0,
1993-10-29,0.0,
1993-10-30,0.0,
1993-10-31,0.0,
1993-11-01,0.0,
1993-11-02,0.0,
1993-11-03,0.0,
1993-11-04,0.0,
1993-11-05,0.0,
1993-11-06,0.0,
1993-11-07,0.0,
1993-11-08,0.0,
1993-11-09,0.0,
1993-11-10,0.0,
1993-11-11,0.0,
1993-11-12,0.0,
1993-11-13,0.0,
1993-11-14,0.0,
1993-11-15,0.0,
1993-11-16,0.0,
1993-11-17,0.0,
1993-11-18,0.0,
1993-11-19,0.0,
1993-11-20,0.0,
1993-11-21,0.0,
1993-11-22,0.584,
1993-11-23,0.584,
1993-11-24,0.889,
1993-11-25,0.584,
1993-11-26,0.889,
1993-11-27,0.889,
1993-11-28,0.889,
1993-11-29,3.632,
1993-11-30,4.547,
1993-12-01,4.547,
1993-12-02,4.547,
1993-12-03,4.547,
1993-12-04,4.547,
1993-12-05,4.851,
1993-12-06,5.156,
1993-12-07,5.156,
1993-12-08,13.081,
1993-12-09,17.348,
1993-12-10,17.678,
1993-12-11,14.91,
1993-12-12,16.434,
1993-12-13,16.434,
1993-12-14,19.177,
1993-12-15,20.091,
1993-12-16,19.787,
1993-12-17,19.787,
1993-12-18,19.787,
1993-12-19,19.787,
1993-12-20,19.482,
1993-12-21,19.177,
1993-12-22,18.593,
1993-12-23,18.593,
1993-12-24,18.593,
1993-12-25,18.593,
1993-12-26,19.177,
1993-12-27,19.482,
1993-12-28,19.482,
1993-12-29,19.482,
1993-12-30,20.396,
1993-12-31,21.92,
1994-01-01,22.225,
1994-01-02,22.555,
1994-01-03,22.835,
1994-01-04,22.835,
1994-01-05,23.165,
1994-01-06,22.835,
1994-01-07,22.25,
1994-01-08,21.031,
1994-01-09,22.25,
1994-01-10,22.25,
1994-01-11,22.25,
1994-01-12,22.25,
1994-01-13,22.25,
1994-01-14,23.165,
1994-01-15,23.774,
1994-01-16,24.689,
1994-01-17,24.689,
1994-01-18,24.689,
1994-01-19,24.689,
1994-01-20,23.774,
1994-01-21,23.47,
1994-01-22,22.25,
1994-01-23,22.555,
1994-01-24,29.54,
1994-01-25,35.052,
1994-01-26,36.881,
1994-01-27,36.881,
1994-01-28,37.16,
1994-01-29,37.49,
1994-01-30,37.795,
1994-01-31,38.075,
1994-02-01,38.075,
1994-02-02,38.405,
1994-02-03,38.075,
1994-02-04,38.075,
1994-02-05,38.075,
1994-02-06,38.075,
1994-02-07,40.818,
1994-02-08,42.037,
1994-02-09,42.342,
1994-02-10,42.647,
1994-02-11,43.561,
1994-02-12,43.891,
1994-02-13,43.561,
1994-02-14,43.561,
1994-02-15,43.282,
1994-02-16,42.951,
1994-02-17,45.999,
1994-02-18,48.743,
1994-02-19,49.073,
1994-02-20,52.121,
1994-02-21,53.315,
1994-02-22,54.254,
1994-02-23,54.254,
1994-02-24,54.254,
1994-02-25,54.254,
1994-02-26,54.254,
1994-02-27,54.839,
1994-02-28,55.143,
1994-03-01,54.254,
1994-03-02,53.924,
1994-03-03,53.315,
1994-03-04,52.705,
1994-03-05,52.705,
1994-03-06,52.705,
1994-03-07,52.705,
1994-03-08,52.121,
1994-03-09,50.902,
1994-03-10,49.657,
1994-03-11,50.267,
1994-03-12,50.267,
1994-03-13,50.267,
1994-03-14,49.073,
1994-03-15,47.219,
1994-03-16,45.999,
1994-03-17,46.634,
1994-03-18,46.304,
1994-03-19,46.914,
1994-03-20,45.999,
1994-03-21,44.501,
1994-03-22,44.501,
1994-03-23,43.282,
1994-03-24,41.732,
1994-03-25,41.732,
1994-03-26,40.513,
1994-03-27,39.294,
1994-03-28,38.075,
1994-03-29,35.052,
1994-03-30,34.722,
1994-03-31,34.722,
1994-04-01,32.004,
1994-04-02,29.54,
1994-04-03,27.102,
1994-04-04,25.908,
1994-04-05,24.689,
1994-04-06,24.638,
1994-04-07,24.511,
1994-04-08,24.384,
1994-04-09,26.492,
1994-04-10,27.407,
1994-04-11,26.797,
1994-04-12,24.384,
1994-04-13,20.32,
1994-04-14,17.78,
1994-04-15,15.24,
1994-04-16,12.7,
1994-04-17,10.16,
1994-04-18,5.08,
1994-04-19,2.743,
1994-04-20,0.279,
1994-04-21,0.0,
1994-04-22,0.0,
1994-04-23,0.0,
1994-04-24,0.0,
1994-04-25,2.438,
1994-04-26,3.632,
1994-04-27,2.743,
1994-04-28,2.134,
1994-04-29,0.889,
1994-04-30,0.0,
1994-05-01,0.0,
1994-05-02,0.0,
1994-05-03,0.0,
1994-05-04,0.0,
1994-05-05,0.0,
1994-05-06,0.0,
1994-05-07,0.0,
1994-05-08,0.0,
1994-05-09,0.0,
1994-05-10,0.0,
1994-05-11,0.0,
1994-05-12,0.0,
1994-05-13,0.0,
1994-05-14,0.0,
1994-05-15,0.0,
1994-05-16,0.0,
1994-05-17,0.0,
1994-05-18,0.0,
1994-05-19,0.0,
1994-05-20,0.0,
1994-05-21,0.0,
1994-05-22,0.0,
1994-05-23,0.0,
1994-05-24,0.0,
1994-05-25,0.0,
1994-05-26,0.0,
1994-05-27,0.0,
1994-05-28,0.0,
1994-05-29,0.0,
1994-05-30,0.0,
1994-05-31,0.0,
1994-06-01,0.0,
1994-06-02,0.0,
1994-06-03,0.0,
1994-06-04,0.0,
1994-06-05,0.0,
1994-06-06,0.0,
1994-06-07,0.0,
1994-06-08,0.0,
1994-06-09,0.0,
1994-06-10,0.0,
1994-06-11,0.0,
1994-06-12,0.0,
1994-06-13,0.0,
1994-06-14,0.0,
1994-06-15,0.0,
1994-06-16,0.0,
1994-06-17,0.0,
1994-06-18,0.0,
1994-06-19,0.0,
1994-06-20,0.0,
1994-06-21,0.0,
1994-06-22,0.0,
1994-06-23,0.0,
1994-06-24,0.0,
1994-06-25,0.0,
1994-06-26,0.0,
1994-06-27,0.0,
1994-06-28,0.0,
1994-06-29,0.0,
1994-06-30,0.0,
1994-07-01,0.0,
1994-07-02,0.0,
1994-07-03,0.0,
1994-07-04,0.0,
1994-07-05,0.0,
1994-07-06,0.0,
1994-07-07,0.0,
1994-07-08,0.0,
1994-07-09,0.0,
1994-07-10,0.0,
1994-07-11,0.0,
1994-07-12,0.0,
1994-07-13,0.0,
1994-07-14,0.0,
1994-07-15,0.0,
1994-07-16,0.0,
1994-07-17,0.0,
1994-07-18,0.0,
1994-07-19,0.0,
1994-07-20,0.0,
1994-07-21,0.0,
1994-07-22,0.0,
1994-07-23,0.0,
1994-07-24,0.0,
1994-07-25,0.0,
1994-07-26,0.0,
1994-07-27,0.0,
1994-07-28,0.0,
1994-07-29,0.0,
1994-07-30,0.0,
1994-07-31,0.0,
1994-08-01,0.0,
1994-08-02,0.0,
1994-08-03,0.0,
1994-08-04,0.0,
1994-08-05,0.0,
1994-08-06,0.0,
1994-08-07,0.0,
1994-08-08,0.0,
1994-08-09,0.0,
1994-08-10,0.0,
1994-08-11,0.0,
1994-08-12,0.0,
1994-08-13,0.0,
1994-08-14,0.0,
1994-08-15,0.0,
1994-08-16,0.0,
1994-08-17,0.0,
1994-08-18,0.0,
1994-08-19,0.0,
1994-08-20,0.0,
1994-08-21,0.0,
1994-08-22,0.0,
1994-08-23,0.0,
1994-08-24,0.0,
1994-08-25,0.0,
1994-08-26,0.0,
1994-08-27,0.0,
1994-08-28,0.0,
1994-08-29,0.0,
1994-08-30,0.0,
1994-08-31,0.0,
1994-09-01,0.0,
1994-09-02,0.0,
1994-09-03,0.0,
1994-09-04,0.0,
1994-09-05,0.0,
1994-09-06,0.0,
1994-09-07,0.0,
1994-09-08,0.0,
1994-09-09,0.0,
1994-09-10,0.0,
1994-09-11,0.0,
1994-09-12,0.0,
1994-09-13,0.0,
1994-09-14,0.0,
1994-09-15,0.0,
1994-09-16,0.0,
1994-09-17,0.0,
1994-09-18,0.0,
1994-09-19,0.0,
1994-09-20,0.0,
1994-09-21,0.0,
1994-09-22,0.0,
1994-09-23,0.0,
1994-09-24,0.0,
1994-09-25,0.0,
1994-09-26,0.0,
1994-09-27,0.0,
1994-09-28,0.0,
1994-09-29,0.0,
1994-09-30,0.0,
1994-10-01,0.0,
1994-10-02,0.0,
1994-10-03,0.0,
1994-10-04,0.0,
1994-10-05,0.0,
1994-10-06,0.0,
1994-10-07,0.0,
1994-10-08,0.0,
1994-10-09,0.0,
1994-10-10,0.0,
1994-10-11,0.0,
1994-10-12,0.0,
1994-10-13,0.0,
1994-10-14,0.0,
1994-10-15,0.0,
1994-10-16,0.0,
1994-10-17,0.0,
1994-10-18,0.0,
1994-10-19,0.0,
1994-10-20,0.0,
1994-10-21,0.0,
1994-10-22,0.0,
1994-10-23,0.0,
1994-10-24,0.0,
1994-10-25,0.0,
1994-10-26,0.0,
1994-10-27,0.0,
1994-10-28,0.0,
1994-10-29,0.0,
1994-10-30,0.0,
1994-10-31,0.0,
1994-11-01,0.0,
1994-11-02,0.0,
1994-11-03,0.0,
1994-11-04,0.0,
1994-11-05,3.023,
1994-11-06,3.937,
1994-11-07,4.547,
1994-11-08,4.547,
1994-11-09,6.071,
1994-11-10,10.338,
1994-11-11,10.338,
1994-11-12,10.338,
1994-11-13,10.338,
1994-11-14,10.033,
1994-11-15,10.033,
1994-11-16,13.081,
1994-11-17,14.3,
1994-11-18,14.91,
1994-11-19,14.91,
1994-11-20,14.91,
1994-11-21,14.91,
1994-11-22,14.605,
1994-11-23,14.3,
1994-11-24,14.605,
1994-11-25,17.958,
1994-11-26,18.872,
1994-11-27,19.177,
1994-11-28,19.482,
1994-11-29,19.787,
1994-11-30,19.787,
1994-12-01,19.787,
1994-12-02,19.177,
1994-12-03,19.177,
1994-12-04,20.091,
1994-12-05,19.787,
1994-12-06,20.091,
1994-12-07,20.396,
1994-12-08,20.396,
1994-12-09,20.396,
1994-12-10,20.396,
1994-12-11,20.396,
1994-12-12,22.225,
1994-12-13,23.139,
1994-12-14,23.444,
1994-12-15,24.968,
1994-12-16,28.321,
1994-12-17,28.626,
1994-12-18,28.321,
1994-12-19,29.235,
1994-12-20,29.845,
1994-12-21,30.15,
1994-12-22,30.15,
1994-12-23,30.15,
1994-12-24,30.15,
1994-12-25,31.369,
1994-12-26,31.369,
1994-12-27,31.064,
1994-12-28,31.064,
1994-12-29,31.674,
1994-12-30,31.369,
1994-12-31,31.064,
1995-01-01,31.064,
1995-01-02,31.369,
1995-01-03,31.369,
1995-01-04,32.588,
1995-01-05,33.198,
1995-01-06,34.112,
1995-01-07,37.77,
1995-01-08,50.267,
1995-01-09,61.239,
1995-01-10,58.496,
1995-01-11,63.983,
1995-01-12,71.603,
1995-01-13,78.308,
1995-01-14,74.651,
1995-01-15,78.003,
1995-01-16,78.308,
1995-01-17,80.442,
1995-01-18,81.051,
1995-01-19,81.661,
1995-01-20,80.747,
1995-01-21,79.223,
1995-01-22,79.527,
1995-01-23,83.795,
1995-01-24,86.233,
1995-01-25,92.634,
1995-01-26,97.206,
1995-01-27,98.73,
1995-01-28,98.425,
1995-01-29,92.024,
1995-01-30,95.377,
1995-01-31,97.815,
1995-02-01,97.511,
1995-02-02,90.5,
1995-02-03,85.014,
1995-02-04,78.003,
1995-02-05,74.346,
1995-02-06,74.346,
1995-02-07,74.346,
1995-02-08,75.26,
1995-02-09,75.87,
1995-02-10,78.003,
1995-02-11,79.832,
1995-02-12,81.051,
1995-02-13,81.966,
1995-02-14,82.271,
1995-02-15,81.051,
1995-02-16,78.308,
1995-02-17,75.26,
1995-02-18,72.822,
1995-02-19,70.688,
1995-02-20,68.25,
1995-02-21,65.811,
1995-02-22,63.983,
1995-02-23,63.373,
1995-02-24,62.459,
1995-02-25,60.63,
1995-02-26,57.277,
1995-02-27,53.924,
1995-02-28,52.095,
1995-03-01,50.267,
1995-03-02,48.133,
1995-03-03,48.438,
1995-03-04,49.657,
1995-03-05,51.181,
1995-03-06,52.095,
1995-03-07,53.315,
1995-03-08,54.229,
1995-03-09,62.763,
1995-03-10,69.469,
1995-03-11,88.367,
1995-03-12,89.281,
1995-03-13,,
1995-03-14,,
1995-03-15,,
1995-03-16,,
1995-03-17,,
1995-03-18,,
1995-03-19,,
1995-03-20,,
1995-03-21,,
1995-03-22,,
1995-03-23,,
1995-03-24,,
1995-03-25,,
1995-03-26,,
1995-03-27,,
1995-03-28,,
1995-03-29,,
1995-03-30,,
1995-03-31,,
1995-04-01,,
1995-04-02,,
1995-04-03,,
1995-04-04,,
1995-04-05,,
1995-04-06,,
1995-04-07,,
1995-04-08,,
1995-04-09,,
1995-04-10,,
1995-04-11,,
1995-04-12,,
1995-04-13,,
1995-04-14,,
1995-04-15,,
1995-04-16,,
1995-04-17,,
1995-04-18,,
1995-04-19,,
1995-04-20,,
1995-04-21,,
1995-04-22,,
1995-04-23,,
1995-04-24,,
1995-04-25,,
1995-04-26,,
1995-04-27,,
1995-04-28,,
1995-04-29,,
1995-04-30,,
1995-05-01,,
1995-05-02,,
1995-05-03,,
1995-05-04,,
1995-05-05,,
1995-05-06,,
1995-05-07,,
1995-05-08,,
1995-05-09,,
1995-05-10,,
1995-05-11,,
1995-05-12,,
1995-05-13,,
1995-05-14,,
1995-05-15,,
1995-05-16,,
1995-05-17,,
1995-05-18,,
1995-05-19,,
1995-05-20,,
1995-05-21,,
1995-05-22,,
1995-05-23,,
1995-05-24,,
1995-05-25,,
1995-05-26,,
1995-05-27,,
1995-05-28,,
1995-05-29,,
1995-05-30,,
1995-05-31,,
1995-06-01,,
1995-06-02,,
1995-06-03,,
1995-06-04,,
1995-06-05,,
1995-06-06,,
1995-06-07,,
1995-06-08,,
1995-06-09,,
1995-06-10,,
1995-06-11,,
1995-06-12,,
1995-06-13,,
1995-06-14,,
1995-06-15,,
1995-06-16,,
1995-06-17,,
1995-06-18,,
1995-06-19,,
1995-06-20,,
1995-06-21,,
1995-06-22,,
1995-06-23,,
1995-06-24,,
1995-06-25,,
1995-06-26,,
1995-06-27,,
1995-06-28,,
1995-06-29,,
1995-06-30,,
1995-07-01,,
1995-07-02,,
1995-07-03,,
1995-07-04,,
1995-07-05,,
1995-07-06,,
1995-07-07,,
1995-07-08,,
1995-07-09,,
1995-07-10,,
1995-07-11,,
1995-07-12,,
1995-07-13,,
1995-07-14,,
1995-07-15,,
1995-07-16,,
1995-07-17,,
1995-07-18,,
1995-07-19,,
1995-07-20,,
1995-07-21,,
1995-07-22,,
1995-07-23,,
1995-07-24,,
1995-07-25,,
1995-07-26,,
1995-07-27,,
1995-07-28,,
1995-07-29,,
1995-07-30,,
1995-07-31,,
1995-08-01,,
1995-08-02,,
1995-08-03,,
1995-08-04,,
1995-08-05,,
1995-08-06,,
1995-08-07,,
1995-08-08,,
1995-08-09,,
1995-08-10,,
1995-08-11,,
1995-08-12,,
1995-08-13,0.0,
1995-08-14,0.0,
1995-08-15,0.0,
1995-08-16,0.0,
1995-08-17,0.0,
1995-08-18,0.0,
1995-08-19,0.0,
1995-08-20,0.0,
1995-08-21,0.0,
1995-08-22,0.0,
1995-08-23,0.0,
1995-08-24,0.0,
1995-08-25,0.0,
1995-08-26,0.0,
1995-08-27,0.0,
1995-08-28,0.0,
1995-08-29,0.0,
1995-08-30,0.0,
1995-08-31,0.0,
1995-09-01,0.0,
1995-09-02,0.0,
1995-09-03,0.0,
1995-09-04,0.0,
1995-09-05,0.0,
1995-09-06,0.0,
1995-09-07,0.0,
1995-09-08,0.0,
1995-09-09,0.0,
1995-09-10,0.0,
1995-09-11,0.0,
1995-09-12,0.0,
1995-09-13,0.0,
1995-09-14,0.0,
1995-09-15,0.0,
1995-09-16,0.0,
1995-09-17,0.0,
1995-09-18,0.0,
1995-09-19,0.0,
1995-09-20,0.0,
1995-09-21,0.0,
1995-09-22,0.0,
1995-09-23,0.0,
1995-09-24,0.0,
1995-09-25,0.0,
1995-09-26,0.0,
1995-09-27,0.0,
1995-09-28,0.0,
1995-09-29,0.0,
1995-09-30,0.0,
1995-10-01,0.0,
1995-10-02,0.0,
1995-10-03,0.0,
1995-10-04,0.0,
1995-10-05,0.0,
1995-10-06,0.0,
1995-10-07,0.0,
1995-10-08,0.0,
1995-10-09,0.0,
1995-10-10,0.0,
1995-10-11,0.0,
1995-10-12,0.0,
1995-10-13,0.0,
1995-10-14,0.0,
1995-10-15,0.0,
1995-10-16,0.0,
1995-10-17,0.0,
1995-10-18,0.0,
1995-10-19,0.0,
1995-10-20,0.0,
1995-10-21,0.0,
1995-10-22,0.0,
1995-10-23,0.0,
1995-10-24,0.0,
1995-10-25,0.0,
1995-10-26,0.0,
1995-10-27,0.0,
1995-10-28,0.0,
1995-10-29,0.0,
1995-10-30,0.0,
1995-10-31,0.0,
1995-11-01,0.0,
1995-11-02,0.0,
1995-11-03,0.0,
1995-11-04,0.0,
1995-11-05,0.0,
1995-11-06,0.0,
1995-11-07,0.0,
1995-11-08,0.0,
1995-11-09,0.0,
1995-11-10,0.0,
1995-11-11,0.0,
1995-11-12,0.0,
1995-11-13,0.0,
1995-11-14,0.0,
1995-11-15,0.0,
1995-11-16,0.0,
1995-11-17,0.0,
1995-11-18,0.0,
1995-11-19,0.0,
1995-11-20,0.0,
1995-11-21,0.0,
1995-11-22,0.0,
1995-11-23,0.0,
1995-11-24,0.0,
1995-11-25,0.0,
1995-11-26,0.0,
1995-11-27,0.0,
1995-11-28,0.0,
1995-11-29,0.0,
1995-11-30,0.0,
1995-12-01,0.0,
1995-12-02,0.0,
1995-12-03,0.0,
1995-12-04,1.829,
1995-12-05,1.524,
1995-12-06,0.0,
1995-12-07,0.0,
1995-12-08,0.0,
1995-12-09,0.0,
1995-12-10,0.0,
1995-12-11,1.829,
1995-12-12,1.524,
1995-12-13,2.134,
1995-12-14,2.438,
1995-12-15,8.839,
1995-12-16,10.058,
1995-12-17,10.058,
1995-12-18,10.058,
1995-12-19,10.058,
1995-12-20,9.754,
1995-12-21,9.754,
1995-12-22,9.449,
1995-12-23,9.754,
1995-12-24,9.449,
1995-12-25,9.449,
1995-12-26,9.449,
1995-12-27,9.449,
1995-12-28,9.754,
1995-12-29,9.754,
1995-12-30,9.754,
1995-12-31,9.754,
1996-01-01,9.754,
1996-01-02,9.754,
1996-01-03,9.754,
1996-01-04,9.754,
1996-01-05,9.652,
1996-01-06,9.754,
1996-01-07,9.449,
1996-01-08,8.839,
1996-01-09,8.23,
1996-01-10,10.363,
1996-01-11,10.058,
1996-01-12,10.058,
1996-01-13,9.449,
1996-01-14,8.839,
1996-01-15,10.363,
1996-01-16,12.7,
1996-01-17,17.678,
1996-01-18,17.678,
1996-01-19,22.25,
1996-01-20,23.165,
1996-01-21,25.298,
1996-01-22,25.603,
1996-01-23,25.603,
1996-01-24,29.261,
1996-01-25,29.566,
1996-01-26,29.566,
1996-01-27,32.004,
1996-01-28,34.747,
1996-01-29,35.052,
1996-01-30,35.662,
1996-01-31,36.881,
1996-02-01,36.881,
1996-02-02,36.881,
1996-02-03,36.881,
1996-02-04,36.83,
1996-02-05,34.138,
1996-02-06,32.004,
1996-02-07,31.09,
1996-02-08,30.175,
1996-02-09,28.346,
1996-02-10,27.127,
1996-02-11,26.822,
1996-02-12,26.518,
1996-02-13,26.518,
1996-02-14,26.518,
1996-02-15,25.908,
1996-02-16,23.774,
1996-02-17,21.336,
1996-02-18,17.374,
1996-02-19,19.812,
1996-02-20,22.86,
1996-02-21,24.13,
1996-02-22,24.13,
1996-02-23,23.47,
1996-02-24,23.876,
1996-02-25,23.774,
1996-02-26,23.165,
1996-02-27,22.25,
1996-02-28,23.47,
1996-02-29,27.432,
1996-03-01,29.566,
1996-03-02,29.566,
1996-03-03,29.87,
1996-03-04,31.394,
1996-03-05,34.747,
1996-03-06,35.357,
1996-03-07,35.357,
1996-03-08,35.966,
1996-03-09,35.966,
1996-03-10,35.662,
1996-03-11,36.881,
1996-03-12,38.1,
1996-03-13,38.1,
1996-03-14,38.1,
1996-03-15,38.1,
1996-03-16,37.49,
1996-03-17,36.576,
1996-03-18,35.052,
1996-03-19,33.223,
1996-03-20,30.785,
1996-03-21,28.956,
1996-03-22,28.042,
1996-03-23,28.042,
1996-03-24,28.956,
1996-03-25,29.261,
1996-03-26,28.956,
1996-03-27,27.737,
1996-03-28,29.566,
1996-03-29,29.87,
1996-03-30,29.566,
1996-03-31,29.261,
1996-04-01,28.346,
1996-04-02,27.178,
1996-04-03,27.127,
1996-04-04,27.737,
1996-04-05,26.518,
1996-04-06,23.774,
1996-04-07,21.641,
1996-04-08,18.593,
1996-04-09,13.716,
1996-04-10,12.7,
1996-04-11,12.802,
1996-04-12,12.497,
1996-04-13,11.278,
1996-04-14,9.449,
1996-04-15,7.62,
1996-04-16,10.058,
1996-04-17,10.363,
1996-04-18,11.278,
1996-04-19,11.887,
1996-04-20,13.106,
1996-04-21,13.106,
1996-04-22,13.716,
1996-04-23,12.497,
1996-04-24,9.449,
1996-04-25,5.486,
1996-04-26,3.658,
1996-04-27,0.914,
1996-04-28,0.305,
1996-04-29,0.0,
1996-04-30,0.0,
1996-05-01,0.0,
1996-05-02,0.0,
1996-05-03,0.0,
1996-05-04,0.0,
1996-05-05,0.0,
1996-05-06,0.0,
1996-05-07,0.0,
1996-05-08,0.0,
1996-05-09,0.0,
1996-05-10,0.0,
1996-05-11,0.0,
1996-05-12,0.0,
1996-05-13,0.0,
1996-05-14,0.0,
1996-05-15,0.0,
1996-05-16,0.0,
1996-05-17,0.0,
1996-05-18,0.0,
1996-05-19,0.0,
1996-05-20,0.0,
1996-05-21,0.0,
1996-05-22,0.0,
1996-05-23,0.0,
1996-05-24,0.0,
1996-05-25,0.0,
1996-05-26,0.0,
1996-05-27,0.0,
1996-05-28,0.0,
1996-05-29,0.0,
1996-05-30,0.0,
1996-05-31,0.0,
1996-06-01,0.0,
1996-06-02,0.0,
1996-06-03,0.0,
1996-06-04,0.0,
1996-06-05,0.0,
1996-06-06,0.0,
1996-06-07,0.0,
1996-06-08,0.0,
1996-06-09,0.0,
1996-06-10,0.0,
1996-06-11,0.0,
1996-06-12,0.0,
1996-06-13,0.0,
1996-06-14,0.0,
1996-06-15,0.0,
1996-06-16,0.0,
1996-06-17,0.0,
1996-06-18,0.0,
1996-06-19,0.0,
1996-06-20,0.0,
1996-06-21,0.0,
1996-06-22,0.0,
1996-06-23,0.0,
1996-06-24,0.0,
1996-06-25,0.0,
1996-06-26,0.0,
1996-06-27,0.0,
1996-06-28,0.0,
1996-06-29,0.0,
1996-06-30,0.0,
1996-07-01,0.0,
1996-07-02,0.0,
1996-07-03,0.0,
1996-07-04,0.0,
1996-07-05,0.0,
1996-07-06,0.0,
1996-07-07,0.0,
1996-07-08,0.0,
1996-07-09,0.0,
1996-07-10,0.0,
1996-07-11,0.0,
1996-07-12,0.0,
1996-07-13,0.0,
1996-07-14,0.0,
1996-07-15,0.0,
1996-07-16,0.0,
1996-07-17,0.0,
1996-07-18,0.0,
1996-07-19,0.0,
1996-07-20,0.0,
1996-07-21,0.0,
1996-07-22,0.0,
1996-07-23,0.0,
1996-07-24,0.0,
1996-07-25,0.0,
1996-07-26,0.0,
1996-07-27,0.0,
1996-07-28,0.0,
1996-07-29,0.0,
1996-07-30,0.0,
1996-07-31,0.0,
1996-08-01,0.0,
1996-08-02,0.0,
1996-08-03,0.0,
1996-08-04,0.0,
1996-08-05,0.0,
1996-08-06,0.0,
1996-08-07,0.0,
1996-08-08,0.0,
1996-08-09,0.0,
1996-08-10,0.0,
1996-08-11,0.0,
1996-08-12,0.0,
1996-08-13,0.0,
1996-08-14,0.0,
1996-08-15,0.0,
1996-08-16,0.0,
1996-08-17,0.0,
1996-08-18,0.0,
1996-08-19,0.0,
1996-08-20,0.0,
1996-08-21,0.0,
1996-08-22,0.0,
1996-08-23,0.0,
1996-08-24,0.0,
1996-08-25,0.0,
1996-08-26,0.0,
1996-08-27,0.0,
1996-08-28,0.0,
1996-08-29,0.0,
1996-08-30,0.0,
1996-08-31,0.0,
1996-09-01,0.0,
1996-09-02,0.0,
1996-09-03,0.0,
1996-09-04,0.0,
1996-09-05,0.0,
1996-09-06,0.0,
1996-09-07,0.0,
1996-09-08,0.0,
1996-09-09,0.0,
1996-09-10,0.0,
1996-09-11,0.0,
1996-09-12,0.0,
1996-09-13,0.0,
1996-09-14,0.0,
1996-09-15,0.0,
1996-09-16,0.0,
1996-09-17,0.0,
1996-09-18,0.0,
1996-09-19,0.0,
1996-09-20,0.0,
1996-09-21,0.0,
1996-09-22,0.0,
1996-09-23,0.0,
1996-09-24,0.0,
1996-09-25,0.0,
1996-09-26,0.0,
1996-09-27,0.0,
1996-09-28,0.0,
1996-09-29,0.0,
1996-09-30,0.0,
1996-10-01,0.0,
1996-10-02,0.0,
1996-10-03,0.0,
1996-10-04,0.0,
1996-10-05,0.0,
1996-10-06,0.0,
1996-10-07,0.0,
1996-10-08,0.0,
1996-10-09,0.0,
1996-10-10,0.0,
1996-10-11,0.0,
1996-10-12,0.0,
1996-10-13,0.0,
1996-10-14,0.0,
1996-10-15,0.0,
1996-10-16,0.0,
1996-10-17,0.0,
1996-10-18,0.0,
1996-10-19,0.0,
1996-10-20,0.0,
1996-10-21,0.0,
1996-10-22,0.0,
1996-10-23,0.0,
1996-10-24,0.0,
1996-10-25,0.0,
1996-10-26,0.914,
1996-10-27,0.305,
1996-10-28,0.61,
1996-10-29,1.219,
1996-10-30,6.096,
1996-10-31,6.096,
1996-11-01,5.486,
1996-11-02,4.877,
1996-11-03,3.962,
1996-11-04,3.658,
1996-11-05,3.658,
1996-11-06,3.302,
1996-11-07,3.353,
1996-11-08,2.743,
1996-11-09,1.829,
1996-11-10,0.914,
1996-11-11,0.61,
1996-11-12,0.305,
1996-11-13,0.61,
1996-11-14,0.0,
1996-11-15,0.0,
1996-11-16,0.0,
1996-11-17,1.219,
1996-11-18,1.219,
1996-11-19,0.61,
1996-11-20,0.305,
1996-11-21,0.0,
1996-11-22,0.305,
1996-11-23,0.61,
1996-11-24,0.305,
1996-11-25,0.305,
1996-11-26,0.0,
1996-11-27,0.0,
1996-11-28,0.0,
1996-11-29,0.0,
1996-11-30,0.0,
1996-12-01,0.914,
1996-12-02,1.219,
1996-12-03,1.219,
1996-12-04,1.219,
1996-12-05,6.096,
1996-12-06,6.706,
1996-12-07,7.925,
1996-12-08,14.326,
1996-12-09,14.326,
1996-12-10,18.593,
1996-12-11,19.202,
1996-12-12,20.726,
1996-12-13,22.86,
1996-12-14,22.25,
1996-12-15,21.946,
1996-12-16,21.946,
1996-12-17,21.946,
1996-12-18,21.336,
1996-12-19,21.031,
1996-12-20,20.726,
1996-12-21,21.946,
1996-12-22,23.165,
1996-12-23,26.213,
1996-12-24,27.178,
1996-12-25,27.432,
1996-12-26,27.432,
1996-12-27,27.432,
1996-12-28,27.432,
1996-12-29,27.178,
1996-12-30,26.67,
1996-12-31,26.162,
1997-01-01,25.654,
1997-01-02,25.146,
1997-01-03,24.638,
1997-01-04,24.13,
1997-01-05,23.47,
1997-01-06,22.555,
1997-01-07,22.606,
1997-01-08,22.606,
1997-01-09,22.606,
1997-01-10,22.606,
1997-01-11,22.25,
1997-01-12,21.946,
1997-01-13,21.946,
1997-01-14,21.844,
1997-01-15,21.946,
1997-01-16,22.25,
1997-01-17,22.25,
1997-01-18,24.079,
1997-01-19,24.384,
1997-01-20,24.384,
1997-01-21,24.384,
1997-01-22,25.603,
1997-01-23,26.518,
1997-01-24,26.213,
1997-01-25,27.432,
1997-01-26,31.394,
1997-01-27,34.747,
1997-01-28,37.795,
1997-01-29,38.405,
1997-01-30,39.014,
1997-01-31,39.116,
1997-02-01,39.014,
1997-02-02,39.319,
1997-02-03,39.319,
1997-02-04,39.37,
1997-02-05,39.319,
1997-02-06,39.37,
1997-02-07,39.37,
1997-02-08,39.37,
1997-02-09,39.37,
1997-02-10,39.37,
1997-02-11,39.37,
1997-02-12,39.37,
1997-02-13,39.37,
1997-02-14,39.37,
1997-02-15,39.37,
1997-02-16,39.37,
1997-02-17,39.37,
1997-02-18,40.132,
1997-02-19,40.234,
1997-02-20,40.132,
1997-02-21,39.624,
1997-02-22,39.624,
1997-02-23,39.624,
1997-02-24,39.624,
1997-02-25,39.624,
1997-02-26,39.624,
1997-02-27,39.624,
1997-02-28,39.624,
1997-03-01,40.234,
1997-03-02,40.132,
1997-03-03,40.132,
1997-03-04,40.132,
1997-03-05,40.132,
1997-03-06,40.234,
1997-03-07,40.234,
1997-03-08,40.132,
1997-03-09,40.132,
1997-03-10,40.132,
1997-03-11,40.132,
1997-03-12,40.132,
1997-03-13,40.132,
1997-03-14,40.234,
1997-03-15,39.929,
1997-03-16,39.37,
1997-03-17,39.116,
1997-03-18,38.71,
1997-03-19,38.1,
1997-03-20,36.576,
1997-03-21,34.138,
1997-03-22,32.918,
1997-03-23,30.48,
1997-03-24,28.956,
1997-03-25,27.127,
1997-03-26,23.774,
1997-03-27,21.031,
1997-03-28,19.202,
1997-03-29,17.069,
1997-03-30,16.154,
1997-03-31,16.459,
1997-04-01,13.462,
1997-04-02,13.411,
1997-04-03,13.716,
1997-04-04,12.497,
1997-04-05,10.973,
1997-04-06,10.058,
1997-04-07,10.363,
1997-04-08,9.449,
1997-04-09,8.534,
1997-04-10,7.01,
1997-04-11,5.486,
1997-04-12,3.962,
1997-04-13,2.438,
1997-04-14,1.524,
1997-04-15,0.0,
1997-04-16,0.0,
1997-04-17,0.0,
1997-04-18,0.0,
1997-04-19,0.0,
1997-04-20,0.0,
1997-04-21,0.0,
1997-04-22,0.0,
1997-04-23,0.0,
1997-04-24,0.0,
1997-04-25,0.0,
1997-04-26,0.0,
1997-04-27,0.0,
1997-04-28,0.0,
1997-04-29,0.0,
1997-04-30,0.0,
1997-05-01,0.0,
1997-05-02,0.0,
1997-05-03,0.0,
1997-05-04,0.0,
1997-05-05,0.0,
1997-05-06,0.0,
1997-05-07,0.0,
1997-05-08,0.0,
1997-05-09,0.0,
1997-05-10,0.0,
1997-05-11,0.0,
1997-05-12,0.0,
1997-05-13,0.0,
1997-05-14,0.0,
1997-05-15,0.0,
1997-05-16,0.0,
1997-05-17,0.0,
1997-05-18,0.0,
1997-05-19,0.0,
1997-05-20,0.0,
1997-05-21,0.0,
1997-05-22,0.0,
1997-05-23,0.0,
1997-05-24,0.0,
1997-05-25,0.0,
1997-05-26,0.0,
1997-05-27,0.0,
1997-05-28,0.0,
1997-05-29,0.0,
1997-05-30,0.0,
1997-05-31,0.0,
1997-06-01,0.0,
1997-06-02,0.0,
1997-06-03,0.0,
1997-06-04,0.0,
1997-06-05,0.0,
1997-06-06,0.0,
1997-06-07,0.0,
1997-06-08,0.0,
1997-06-09,0.0,
1997-06-10,0.0,
1997-06-11,0.0,
1997-06-12,0.0,
1997-06-13,0.0,
1997-06-14,0.0,
1997-06-15,0.0,
1997-06-16,0.0,
1997-06-17,0.0,
1997-06-18,0.0,
1997-06-19,0.0,
1997-06-20,0.0,
1997-06-21,0.0,
1997-06-22,0.0,
1997-06-23,0.0,
1997-06-24,0.0,
1997-06-25,0.0,
1997-06-26,0.0,
1997-06-27,0.0,
1997-06-28,0.0,
1997-06-29,0.0,
1997-06-30,0.0,
1997-07-01,0.0,
1997-07-02,0.0,
1997-07-03,0.0,
1997-07-04,0.0,
1997-07-05,0.0,
1997-07-06,0.0,
1997-07-07,0.0,
1997-07-08,0.0,
1997-07-09,0.0,
1997-07-10,0.0,
1997-07-11,0.0,
1997-07-12,0.0,
1997-07-13,0.0,
1997-07-14,0.0,
1997-07-15,0.0,
1997-07-16,0.0,
1997-07-17,0.0,
1997-07-18,0.0,
1997-07-19,0.0,
1997-07-20,0.0,
1997-07-21,0.0,
1997-07-22,0.0,
1997-07-23,0.0,
1997-07-24,0.0,
1997-07-25,0.0,
1997-07-26,0.0,
1997-07-27,0.0,
1997-07-28,0.0,
1997-07-29,0.0,
1997-07-30,0.0,
1997-07-31,0.0,
1997-08-01,0.0,
1997-08-02,0.0,
1997-08-03,0.0,
1997-08-04,0.0,
1997-08-05,0.0,
1997-08-06,0.0,
1997-08-07,0.0,
1997-08-08,0.0,
1997-08-09,0.0,
1997-08-10,0.0,
1997-08-11,0.0,
1997-08-12,0.0,
1997-08-13,0.0,
1997-08-14,0.0,
1997-08-15,0.0,
1997-08-16,0.0,
1997-08-17,0.0,
1997-08-18,0.0,
1997-08-19,0.0,
1997-08-20,0.0,
1997-08-21,0.0,
1997-08-22,0.0,
1997-08-23,0.0,
1997-08-24,0.0,
1997-08-25,0.0,
1997-08-26,0.0,
1997-08-27,0.0,
1997-08-28,0.0,
1997-08-29,0.0,
1997-08-30,0.0,
1997-08-31,0.0,
1997-09-01,0.0,
1997-09-02,0.0,
1997-09-03,0.0,
1997-09-04,0.0,
1997-09-05,0.0,
1997-09-06,0.0,
1997-09-07,0.0,
1997-09-08,0.0,
1997-09-09,0.0,
1997-09-10,0.0,
1997-09-11,0.0,
1997-09-12,0.0,
1997-09-13,0.0,
1997-09-14,0.0,
1997-09-15,0.0,
1997-09-16,0.0,
1997-09-17,0.0,
1997-09-18,0.0,
1997-09-19,0.0,
1997-09-20,0.0,
1997-09-21,0.0,
1997-09-22,0.0,
1997-09-23,0.0,
1997-09-24,0.0,
1997-09-25,0.0,
1997-09-26,0.0,
1997-09-27,0.0,
1997-09-28,0.0,
1997-09-29,0.0,
1997-09-30,0.0,
1997-10-01,0.0,
1997-10-02,0.0,
1997-10-03,0.0,
1997-10-04,0.0,
1997-10-05,0.0,
1997-10-06,0.0,
1997-10-07,0.0,
1997-10-08,0.0,
1997-10-09,2.134,
1997-10-10,2.134,
1997-10-11,1.829,
1997-10-12,1.524,
1997-10-13,0.61,
1997-10-14,0.0,
1997-10-15,0.0,
1997-10-16,0.0,
1997-10-17,0.0,
1997-10-18,0.0,
1997-10-19,0.0,
1997-10-20,0.0,
1997-10-21,0.0,
1997-10-22,0.0,
1997-10-23,0.0,
1997-10-24,0.0,
1997-10-25,0.0,
1997-10-26,0.0,
1997-10-27,0.0,
1997-10-28,0.0,
1997-10-29,0.0,
1997-10-30,0.0,
1997-10-31,0.0,
1997-11-01,0.0,
1997-11-02,0.0,
1997-11-03,0.0,
1997-11-04,0.0,
1997-11-05,0.0,
1997-11-06,0.0,
1997-11-07,0.0,
1997-11-08,0.0,
1997-11-09,0.0,
1997-11-10,0.0,
1997-11-11,0.0,
1997-11-12,0.0,
1997-11-13,0.0,
1997-11-14,1.829,
1997-11-15,3.353,
1997-11-16,9.754,
1997-11-17,12.802,
1997-11-18,12.802,
1997-11-19,16.459,
1997-11-20,16.154,
1997-11-21,16.154,
1997-11-22,16.154,
1997-11-23,17.069,
1997-11-24,17.069,
1997-11-25,16.764,
1997-11-26,19.202,
1997-11-27,20.726,
1997-11-28,20.726,
1997-11-29,20.726,
1997-11-30,24.384,
1997-12-01,23.774,
1997-12-02,23.165,
1997-12-03,23.165,
1997-12-04,25.298,
1997-12-05,25.298,
1997-12-06,25.603,
1997-12-07,26.213,
1997-12-08,27.127,
1997-12-09,27.127,
1997-12-10,26.822,
1997-12-11,25.908,
1997-12-12,25.298,
1997-12-13,25.4,
1997-12-14,27.94,
1997-12-15,28.042,
1997-12-16,28.042,
1997-12-17,28.042,
1997-12-18,29.261,
1997-12-19,29.261,
1997-12-20,29.261,
1997-12-21,28.956,
1997-12-22,28.651,
1997-12-23,28.651,
1997-12-24,28.651,
1997-12-25,28.346,
1997-12-26,28.042,
1997-12-27,28.042,
1997-12-28,28.042,
1997-12-29,28.042,
1997-12-30,27.94,
1997-12-31,28.956,
1998-01-01,29.566,
1998-01-02,32.614,
1998-01-03,35.662,
1998-01-04,39.929,
1998-01-05,40.843,
1998-01-06,40.843,
1998-01-07,42.367,
1998-01-08,42.367,
1998-01-09,42.367,
1998-01-10,42.672,
1998-01-11,42.672,
1998-01-12,44.196,
1998-01-13,45.72,
1998-01-14,49.682,
1998-01-15,54.864,
1998-01-16,56.083,
1998-01-17,57.607,
1998-01-18,61.265,
1998-01-19,62.179,
1998-01-20,61.57,
1998-01-21,61.468,
1998-01-22,61.57,
1998-01-23,62.179,
1998-01-24,62.179,
1998-01-25,63.5,
1998-01-26,66.446,
1998-01-27,71.323,
1998-01-28,72.847,
1998-01-29,73.152,
1998-01-30,74.93,
1998-01-31,76.2,
1998-02-01,77.419,
1998-02-02,80.467,
1998-02-03,92.05,
1998-02-04,96.012,
1998-02-05,99.974,
1998-02-06,106.985,
1998-02-07,126.492,
1998-02-08,141.122,
1998-02-09,141.427,
1998-02-10,141.427,
1998-02-11,144.17,
1998-02-12,144.475,
1998-02-13,148.133,
1998-02-14,150.876,
1998-02-15,153.619,
1998-02-16,153.619,
1998-02-17,157.582,
1998-02-18,158.496,
1998-02-19,161.849,
1998-02-20,165.862,
1998-02-21,171.298,
1998-02-22,176.784,
1998-02-23,179.832,
1998-02-24,185.014,
1998-02-25,185.623,
1998-02-26,185.928,
1998-02-27,186.538,
1998-02-28,186.538,
1998-03-01,186.538,
1998-03-02,186.436,
1998-03-03,188.976,
1998-03-04,188.976,
1998-03-05,188.976,
1998-03-06,188.976,
1998-03-07,188.976,
1998-03-08,189.281,
1998-03-09,189.89,
1998-03-10,190.195,
1998-03-11,190.195,
1998-03-12,191.414,
1998-03-13,192.532,
1998-03-14,193.243,
1998-03-15,193.548,
1998-03-16,193.548,
1998-03-17,193.548,
1998-03-18,193.548,
1998-03-19,193.548,
1998-03-20,193.548,
1998-03-21,193.548,
1998-03-22,193.548,
1998-03-23,193.548,
1998-03-24,193.548,
1998-03-25,193.548,
1998-03-26,193.548,
1998-03-27,193.548,
1998-03-28,193.548,
1998-03-29,194.564,
1998-03-30,195.834,
1998-03-31,196.342,
1998-04-01,197.104,
1998-04-02,198.12,
1998-04-03,199.644,
1998-04-04,200.66,
1998-04-05,201.168,
1998-04-06,201.168,
1998-04-07,201.168,
1998-04-08,201.168,
1998-04-09,201.168,
1998-04-10,202.082,
1998-04-11,204.521,
1998-04-12,203.911,
1998-04-13,204.521,
1998-04-14,204.216,
1998-04-15,204.216,
1998-04-16,203.606,
1998-04-17,203.302,
1998-04-18,202.692,
1998-04-19,202.692,
1998-04-20,202.387,
1998-04-21,196.85,
1998-04-22,194.818,
1998-04-23,193.04,
1998-04-24,191.008,
1998-04-25,190.5,
1998-04-26,190.5,
1998-04-27,190.5,
1998-04-28,187.96,
1998-04-29,185.42,
1998-04-30,182.88,
1998-05-01,180.34,
1998-05-02,177.8,
1998-05-03,175.26,
1998-05-04,172.72,
1998-05-05,171.45,
1998-05-06,170.18,
1998-05-07,168.148,
1998-05-08,166.37,
1998-05-09,165.1,
1998-05-10,163.83,
1998-05-11,162.56,
1998-05-12,161.29,
1998-05-13,160.02,
1998-05-14,158.75,
1998-05-15,157.48,
1998-05-16,156.21,
1998-05-17,154.94,
1998-05-18,152.4,
1998-05-19,149.657,
1998-05-20,146.812,
1998-05-21,141.427,
1998-05-22,151.13,
1998-05-23,148.082,
1998-05-24,144.78,
1998-05-25,143.002,
1998-05-26,142.24,
1998-05-27,143.866,
1998-05-28,143.561,
1998-05-29,148.742,
1998-05-30,151.181,
1998-05-31,147.828,
1998-06-01,147.523,
1998-06-02,145.694,
1998-06-03,141.427,
1998-06-04,136.906,
1998-06-05,132.334,
1998-06-06,129.032,
1998-06-07,125.73,
1998-06-08,119.786,
1998-06-09,116.434,
1998-06-10,112.166,
1998-06-11,106.375,
1998-06-12,96.926,
1998-06-13,89.306,
1998-06-14,82.906,
1998-06-15,75.59,
1998-06-16,67.361,
1998-06-17,59.741,
1998-06-18,51.816,
1998-06-19,43.891,
1998-06-20,36.576,
1998-06-21,30.175,
1998-06-22,23.774,
1998-06-23,16.764,
1998-06-24,11.582,
1998-06-25,8.23,
1998-06-26,4.877,
1998-06-27,2.438,
1998-06-28,0.914,
1998-06-29,0.0,
1998-06-30,0.0,
1998-07-01,0.0,
1998-07-02,0.0,
1998-07-03,0.0,
1998-07-04,0.0,
1998-07-05,0.0,
1998-07-06,0.0,
1998-07-07,0.0,
1998-07-08,0.0,
1998-07-09,0.0,
1998-07-10,0.0,
1998-07-11,0.0,
1998-07-12,0.0,
1998-07-13,0.0,
1998-07-14,0.0,
1998-07-15,0.0,
1998-07-16,0.0,
1998-07-17,0.0,
1998-07-18,0.0,
1998-07-19,0.0,
1998-07-20,0.0,
1998-07-21,0.0,
1998-07-22,0.0,
1998-07-23,0.0,
1998-07-24,0.0,
1998-07-25,0.0,
1998-07-26,0.0,
1998-07-27,0.0,
1998-07-28,0.0,
1998-07-29,0.0,
1998-07-30,0.0,
1998-07-31,0.0,
1998-08-01,0.0,
1998-08-02,0.0,
1998-08-03,0.0,
1998-08-04,0.0,
1998-08-05,0.0,
1998-08-06,0.0,
1998-08-07,0.0,
1998-08-08,0.0,
1998-08-09,0.0,
1998-08-10,0.0,
1998-08-11,0.0,
1998-08-12,0.0,
1998-08-13,0.0,
1998-08-14,0.0,
1998-08-15,0.0,
1998-08-16,0.0,
1998-08-17,0.0,
1998-08-18,0.0,
1998-08-19,0.0,
1998-08-20,0.0,
1998-08-21,0.0,
1998-08-22,0.0,
1998-08-23,0.0,
1998-08-24,0.0,
1998-08-25,0.0,
1998-08-26,0.0,
1998-08-27,0.0,
1998-08-28,0.0,
1998-08-29,0.0,
1998-08-30,0.0,
1998-08-31,0.0,
1998-09-01,0.0,
1998-09-02,0.0,
1998-09-03,0.0,
1998-09-04,0.0,
1998-09-05,0.0,
1998-09-06,0.0,
1998-09-07,0.0,
1998-09-08,0.0,
1998-09-09,0.0,
1998-09-10,0.0,
1998-09-11,0.0,
1998-09-12,0.0,
1998-09-13,0.0,
1998-09-14,0.0,
1998-09-15,0.0,
1998-09-16,0.0,
1998-09-17,0.0,
1998-09-18,0.0,
1998-09-19,0.0,
1998-09-20,0.0,
1998-09-21,0.0,
1998-09-22,0.0,
1998-09-23,0.0,
1998-09-24,0.0,
1998-09-25,0.0,
1998-09-26,0.0,
1998-09-27,0.0,
1998-09-28,0.0,
1998-09-29,0.0,
1998-09-30,0.0,
1998-10-01,0.0,
1998-10-02,0.0,
1998-10-03,0.0,
1998-10-04,0.0,
1998-10-05,0.0,
1998-10-06,0.0,
1998-10-07,0.0,
1998-10-08,0.0,
1998-10-09,0.0,
1998-10-10,0.0,
1998-10-11,0.0,
1998-10-12,0.0,
1998-10-13,0.0,
1998-10-14,0.0,
1998-10-15,0.0,
1998-10-16,0.0,
1998-10-17,0.0,
1998-10-18,0.0,
1998-10-19,0.0,
1998-10-20,0.0,
1998-10-21,0.0,
1998-10-22,0.0,
1998-10-23,0.0,
1998-10-24,0.0,
1998-10-25,1.219,
1998-10-26,0.0,
1998-10-27,0.0,
1998-10-28,0.0,
1998-10-29,0.0,
1998-10-30,0.0,
1998-10-31,0.0,
1998-11-01,0.0,
1998-11-02,0.0,
1998-11-03,0.0,
1998-11-04,0.0,
1998-11-05,0.0,
1998-11-06,0.0,
1998-11-07,1.829,
1998-11-08,4.267,
1998-11-09,4.267,
1998-11-10,5.182,
1998-11-11,7.112,
1998-11-12,7.112,
1998-11-13,7.01,
1998-11-14,6.706,
1998-11-15,6.706,
1998-11-16,5.486,
1998-11-17,7.315,
1998-11-18,7.01,
1998-11-19,6.706,
1998-11-20,6.401,
1998-11-21,9.754,
1998-11-22,14.021,
1998-11-23,16.459,
1998-11-24,16.154,
1998-11-25,18.288,
1998-11-26,18.898,
1998-11-27,21.031,
1998-11-28,20.726,
1998-11-29,21.641,
1998-11-30,26.518,
1998-12-01,27.432,
1998-12-02,28.346,
1998-12-03,28.448,
1998-12-04,29.261,
1998-12-05,29.261,
1998-12-06,29.21,
1998-12-07,29.261,
1998-12-08,29.87,
1998-12-09,29.566,
1998-12-10,29.261,
1998-12-11,29.261,
1998-12-12,29.261,
1998-12-13,29.21,
1998-12-14,29.21,
1998-12-15,30.175,
1998-12-16,30.48,
1998-12-17,30.48,
1998-12-18,30.175,
1998-12-19,29.261,
1998-12-20,28.651,
1998-12-21,26.822,
1998-12-22,24.689,
1998-12-23,23.774,
1998-12-24,31.75,
1998-12-25,31.75,
1998-12-26,31.75,
1998-12-27,31.75,
1998-12-28,31.75,
1998-12-29,31.75,
1998-12-30,32.004,
1998-12-31,33.02,
1999-01-01,30.48,
1999-01-02,30.48,
1999-01-03,30.48,
1999-01-04,30.48,
1999-01-05,30.48,
1999-01-06,30.48,
1999-01-07,30.48,
1999-01-08,30.48,
1999-01-09,30.48,
1999-01-10,30.48,
1999-01-11,30.48,
1999-01-12,30.48,
1999-01-13,30.48,
1999-01-14,30.48,
1999-01-15,30.48,
1999-01-16,30.785,
1999-01-17,31.394,
1999-01-18,34.442,
1999-01-19,35.357,
1999-01-20,37.186,
1999-01-21,40.64,
1999-01-22,40.843,
1999-01-23,45.415,
1999-01-24,45.466,
1999-01-25,45.466,
1999-01-26,45.466,
1999-01-27,45.415,
1999-01-28,45.415,
1999-01-29,45.415,
1999-01-30,45.415,
1999-01-31,45.415,
1999-02-01,45.466,
1999-02-02,45.466,
1999-02-03,45.415,
1999-02-04,45.466,
1999-02-05,45.466,
1999-02-06,45.72,
1999-02-07,54.254,
1999-02-08,56.693,
1999-02-09,61.57,
1999-02-10,62.179,
1999-02-11,62.179,
1999-02-12,62.484,
1999-02-13,63.094,
1999-02-14,65.227,
1999-02-15,65.837,
1999-02-16,67.666,
1999-02-17,71.323,
1999-02-18,72.847,
1999-02-19,75.59,
1999-02-20,76.505,
1999-02-21,79.248,
1999-02-22,81.077,
1999-02-23,84.074,
1999-02-24,85.344,
1999-02-25,88.9,
1999-02-26,90.17,
1999-02-27,91.44,
1999-02-28,97.536,
1999-03-01,97.536,
1999-03-02,97.536,
1999-03-03,101.803,
1999-03-04,104.546,
1999-03-05,105.461,
1999-03-06,106.07,
1999-03-07,106.68,
1999-03-08,107.29,
1999-03-09,108.712,
1999-03-10,108.712,
1999-03-11,108.814,
1999-03-12,108.712,
1999-03-13,108.712,
1999-03-14,108.712,
1999-03-15,108.814,
1999-03-16,108.814,
1999-03-17,107.899,
1999-03-18,106.985,
1999-03-19,106.68,
1999-03-20,106.172,
1999-03-21,106.172,
1999-03-22,109.118,
1999-03-23,109.728,
1999-03-24,112.166,
1999-03-25,117.653,
1999-03-26,119.177,
1999-03-27,119.126,
1999-03-28,119.126,
1999-03-29,119.177,
1999-03-30,120.091,
1999-03-31,122.53,
1999-04-01,123.139,
1999-04-02,123.139,
1999-04-03,123.139,
1999-04-04,123.139,
1999-04-05,123.139,
1999-04-06,123.952,
1999-04-07,124.054,
1999-04-08,124.358,
1999-04-09,126.238,
1999-04-10,125.984,
1999-04-11,125.73,
1999-04-12,125.476,
1999-04-13,124.968,
1999-04-14,124.358,
1999-04-15,123.444,
1999-04-16,123.139,
1999-04-17,121.92,
1999-04-18,120.65,
1999-04-19,119.38,
1999-04-20,118.11,
1999-04-21,116.84,
1999-04-22,115.57,
1999-04-23,113.03,
1999-04-24,111.252,
1999-04-25,127.0,
1999-04-26,125.476,
1999-04-27,122.936,
1999-04-28,121.412,
1999-04-29,120.396,
1999-04-30,117.856,
1999-05-01,112.268,
1999-05-02,109.728,
1999-05-03,108.509,
1999-05-04,103.632,
1999-05-05,101.498,
1999-05-06,97.536,
1999-05-07,96.012,
1999-05-08,95.402,
1999-05-09,93.878,
1999-05-10,90.221,
1999-05-11,85.039,
1999-05-12,79.248,
1999-05-13,76.505,
1999-05-14,74.676,
1999-05-15,72.238,
1999-05-16,68.58,
1999-05-17,63.703,
1999-05-18,58.217,
1999-05-19,55.169,
1999-05-20,51.206,
1999-05-21,46.634,
1999-05-22,42.062,
1999-05-23,37.186,
1999-05-24,32.614,
1999-05-25,28.651,
1999-05-26,25.603,
1999-05-27,21.641,
1999-05-28,16.764,
1999-05-29,10.973,
1999-05-30,6.706,
1999-05-31,3.048,
1999-06-01,0.0,
1999-06-02,0.0,
1999-06-03,0.0,
1999-06-04,0.0,
1999-06-05,0.0,
1999-06-06,0.0,
1999-06-07,0.0,
1999-06-08,0.0,
1999-06-09,0.0,
1999-06-10,0.0,
1999-06-11,0.0,
1999-06-12,0.0,
1999-06-13,0.0,
1999-06-14,0.0,
1999-06-15,0.0,
1999-06-16,0.0,
1999-06-17,0.0,
1999-06-18,0.0,
1999-06-19,0.0,
1999-06-20,0.0,
1999-06-21,0.0,
1999-06-22,0.0,
1999-06-23,0.0,
1999-06-24,0.0,
1999-06-25,0.0,
1999-06-26,0.0,
1999-06-27,0.0,
1999-06-28,0.0,
1999-06-29,0.0,
1999-06-30,0.0,
1999-07-01,0.0,
1999-07-02,0.0,
1999-07-03,0.0,
1999-07-04,0.0,
1999-07-05,0.0,
1999-07-06,0.0,
1999-07-07,0.0,
1999-07-08,0.0,
1999-07-09,0.0,
1999-07-10,0.0,
1999-07-11,0.0,
1999-07-12,0.0,
1999-07-13,0.0,
1999-07-14,0.0,
1999-07-15,0.0,
1999-07-16,0.0,
1999-07-17,0.0,
1999-07-18,0.0,
1999-07-19,0.0,
1999-07-20,0.0,
1999-07-21,0.0,
1999-07-22,0.0,
1999-07-23,0.0,
1999-07-24,0.0,
1999-07-25,0.0,
1999-07-26,0.0,
1999-07-27,0.0,
1999-07-28,0.0,
1999-07-29,0.0,
1999-07-30,0.0,
1999-07-31,0.0,
1999-08-01,0.0,
1999-08-02,0.0,
1999-08-03,0.0,
1999-08-04,0.0,
1999-08-05,0.0,
1999-08-06,0.0,
1999-08-07,0.0,
1999-08-08,0.0,
1999-08-09,0.0,
1999-08-10,0.0,
1999-08-11,0.0,
1999-08-12,0.0,
1999-08-13,0.0,
1999-08-14,0.0,
1999-08-15,0.0,
1999-08-16,0.0,
1999-08-17,0.0,
1999-08-18,0.0,
1999-08-19,0.0,
1999-08-20,0.0,
1999-08-21,0.0,
1999-08-22,0.0,
1999-08-23,0.0,
1999-08-24,0.0,
1999-08-25,0.0,
1999-08-26,0.0,
1999-08-27,0.0,
1999-08-28,0.0,
1999-08-29,0.0,
1999-08-30,0.0,
1999-08-31,0.0,
1999-09-01,0.0,
1999-09-02,0.0,
1999-09-03,0.0,
1999-09-04,0.0,
1999-09-05,0.0,
1999-09-06,0.0,
1999-09-07,0.0,
1999-09-08,0.0,
1999-09-09,0.0,
1999-09-10,0.0,
1999-09-11,0.0,
1999-09-12,0.0,
1999-09-13,0.0,
1999-09-14,0.0,
1999-09-15,0.0,
1999-09-16,0.0,
1999-09-17,0.0,
1999-09-18,0.0,
1999-09-19,0.0,
1999-09-20,0.0,
1999-09-21,0.0,
1999-09-22,0.0,
1999-09-23,0.0,
1999-09-24,0.0,
1999-09-25,0.0,
1999-09-26,0.0,
1999-09-27,0.0,
1999-09-28,0.0,
1999-09-29,0.0,
1999-09-30,0.0,
1999-10-01,0.0,
1999-10-02,0.0,
1999-10-03,0.0,
1999-10-04,0.0,
1999-10-05,0.0,
1999-10-06,0.0,
1999-10-07,0.0,
1999-10-08,0.0,
1999-10-09,0.0,
1999-10-10,0.0,
1999-10-11,0.0,
1999-10-12,0.0,
1999-10-13,0.0,
1999-10-14,0.0,
1999-10-15,0.0,
1999-10-16,0.0,
1999-10-17,0.0,
1999-10-18,0.0,
1999-10-19,0.0,
1999-10-20,0.0,
1999-10-21,0.0,
1999-10-22,0.0,
1999-10-23,0.0,
1999-10-24,0.0,
1999-10-25,0.0,
1999-10-26,0.0,
1999-10-27,0.0,
1999-10-28,0.0,
1999-10-29,0.0,
1999-10-30,0.0,
1999-10-31,0.0,
1999-11-01,0.0,
1999-11-02,0.0,
1999-11-03,0.0,
1999-11-04,0.0,
1999-11-05,0.0,
1999-11-06,0.0,
1999-11-07,0.0,
1999-11-08,0.0,
1999-11-09,0.0,
1999-11-10,0.0,
1999-11-11,0.0,
1999-11-12,0.0,
1999-11-13,0.0,
1999-11-14,0.0,
1999-11-15,0.0,
1999-11-16,0.0,
1999-11-17,0.0,
1999-11-18,0.0,
1999-11-19,0.0,
1999-11-20,4.572,
1999-11-21,4.267,
1999-11-22,3.962,
1999-11-23,3.962,
1999-11-24,3.962,
1999-11-25,3.962,
1999-11-26,3.353,
1999-11-27,2.743,
1999-11-28,2.743,
1999-11-29,2.743,
1999-11-30,6.096,
1999-12-01,7.925,
1999-12-02,7.925,
1999-12-03,9.144,
1999-12-04,9.144,
1999-12-05,9.144,
1999-12-06,9.144,
1999-12-07,9.144,
1999-12-08,9.144,
1999-12-09,10.058,
1999-12-10,10.668,
1999-12-11,10.668,
1999-12-12,10.668,
1999-12-13,11.582,
1999-12-14,11.582,
1999-12-15,11.278,
1999-12-16,11.278,
1999-12-17,11.278,
1999-12-18,11.278,
1999-12-19,10.668,
1999-12-20,10.058,
1999-12-21,10.058,
1999-12-22,10.058,
1999-12-23,10.058,
1999-12-24,9.449,
1999-12-25,9.449,
1999-12-26,9.449,
1999-12-27,9.144,
1999-12-28,8.839,
1999-12-29,8.23,
1999-12-30,8.23,
1999-12-31,7.62,
2000-01-01,7.62,
2000-01-02,7.62,
2000-01-03,7.62,
2000-01-04,7.62,
2000-01-05,7.62,
2000-01-06,7.62,
2000-01-07,7.62,
2000-01-08,7.62,
2000-01-09,7.62,
2000-01-10,7.925,
2000-01-11,14.935,
2000-01-12,16.459,
2000-01-13,18.593,
2000-01-14,26.213,
2000-01-15,30.175,
2000-01-16,33.02,
2000-01-17,34.442,
2000-01-18,35.662,
2000-01-19,35.662,
2000-01-20,36.881,
2000-01-21,38.1,
2000-01-22,39.014,
2000-01-23,38.1,
2000-01-24,41.148,
2000-01-25,41.758,
2000-01-26,42.367,
2000-01-27,42.367,
2000-01-28,42.062,
2000-01-29,41.758,
2000-01-30,41.758,
2000-01-31,44.196,
2000-02-01,45.415,
2000-02-02,45.72,
2000-02-03,45.72,
2000-02-04,47.854,
2000-02-05,49.378,
2000-02-06,55.169,
2000-02-07,55.474,
2000-02-08,55.778,
2000-02-09,55.778,
2000-02-10,56.083,
2000-02-11,56.388,
2000-02-12,60.046,
2000-02-13,66.04,
2000-02-14,73.457,
2000-02-15,78.334,
2000-02-16,78.334,
2000-02-17,78.334,
2000-02-18,78.334,
2000-02-19,77.724,
2000-02-20,77.114,
2000-02-21,79.553,
2000-02-22,80.772,
2000-02-23,87.478,
2000-02-24,88.087,
2000-02-25,89.306,
2000-02-26,91.948,
2000-02-27,99.67,
2000-02-28,103.937,
2000-02-29,106.375,
2000-03-01,108.204,
2000-03-02,109.118,
2000-03-03,110.033,
2000-03-04,110.947,
2000-03-05,114.3,
2000-03-06,115.824,
2000-03-07,116.738,
2000-03-08,119.177,
2000-03-09,121.006,
2000-03-10,123.749,
2000-03-11,125.882,
2000-03-12,125.882,
2000-03-13,125.882,
2000-03-14,125.882,
2000-03-15,125.882,
2000-03-16,125.578,
2000-03-17,124.663,
2000-03-18,124.663,
2000-03-19,124.663,
2000-03-20,123.444,
2000-03-21,123.444,
2000-03-22,123.444,
2000-03-23,123.444,
2000-03-24,123.444,
2000-03-25,123.444,
2000-03-26,123.444,
2000-03-27,123.444,
2000-03-28,123.444,
2000-03-29,123.444,
2000-03-30,123.444,
2000-03-31,123.444,
2000-04-01,120.701,
2000-04-02,119.786,
2000-04-03,119.126,
2000-04-04,118.364,
2000-04-05,117.602,
2000-04-06,116.84,
2000-04-07,115.824,
2000-04-08,114.554,
2000-04-09,113.538,
2000-04-10,112.268,
2000-04-11,110.744,
2000-04-12,108.814,
2000-04-13,104.546,
2000-04-14,101.6,
2000-04-15,101.498,
2000-04-16,100.584,
2000-04-17,102.413,
2000-04-18,106.375,
2000-04-19,107.594,
2000-04-20,108.814,
2000-04-21,108.204,
2000-04-22,107.29,
2000-04-23,106.07,
2000-04-24,104.242,
2000-04-25,102.413,
2000-04-26,98.45,
2000-04-27,95.402,
2000-04-28,94.742,
2000-04-29,91.694,
2000-04-30,88.646,
2000-05-01,85.598,
2000-05-02,82.55,
2000-05-03,80.518,
2000-05-04,79.248,
2000-05-05,77.419,
2000-05-06,76.2,
2000-05-07,74.371,
2000-05-08,71.933,
2000-05-09,67.361,
2000-05-10,62.484,
2000-05-11,60.96,
2000-05-12,60.35,
2000-05-13,58.826,
2000-05-14,56.693,
2000-05-15,55.778,
2000-05-16,56.693,
2000-05-17,56.083,
2000-05-18,54.559,
2000-05-19,50.902,
2000-05-20,44.196,
2000-05-21,38.1,
2000-05-22,30.785,
2000-05-23,26.822,
2000-05-24,21.641,
2000-05-25,17.678,
2000-05-26,14.021,
2000-05-27,8.839,
2000-05-28,1.829,
2000-05-29,0.0,
2000-05-30,0.0,
2000-05-31,0.0,
2000-06-01,0.0,
2000-06-02,0.0,
2000-06-03,0.0,
2000-06-04,0.0,
2000-06-05,0.0,
2000-06-06,0.0,
2000-06-07,0.0,
2000-06-08,0.0,
2000-06-09,0.0,
2000-06-10,0.0,
2000-06-11,0.0,
2000-06-12,0.0,
2000-06-13,0.0,
2000-06-14,0.0,
2000-06-15,0.0,
2000-06-16,0.0,
2000-06-17,0.0,
2000-06-18,0.0,
2000-06-19,0.0,
2000-06-20,0.0,
2000-06-21,0.0,
2000-06-22,0.0,
2000-06-23,0.0,
2000-06-24,0.0,
2000-06-25,0.0,
2000-06-26,0.0,
2000-06-27,0.0,
2000-06-28,0.0,
2000-06-29,0.0,
2000-06-30,0.0,
2000-07-01,0.0,
2000-07-02,0.0,
2000-07-03,0.0,
2000-07-04,0.0,
2000-07-05,0.0,
2000-07-06,0.0,
2000-07-07,0.0,
2000-07-08,0.0,
2000-07-09,0.0,
2000-07-10,0.0,
2000-07-11,0.0,
2000-07-12,0.0,
2000-07-13,0.0,
2000-07-14,0.0,
2000-07-15,0.0,
2000-07-16,0.0,
2000-07-17,0.0,
2000-07-18,0.0,
2000-07-19,0.0,
2000-07-20,0.0,
2000-07-21,0.0,
2000-07-22,0.0,
2000-07-23,0.0,
2000-07-24,0.0,
2000-07-25,0.0,
2000-07-26,0.0,
2000-07-27,0.0,
2000-07-28,0.0,
2000-07-29,0.0,
2000-07-30,0.0,
2000-07-31,0.0,
2000-08-01,0.0,
2000-08-02,0.0,
2000-08-03,0.0,
2000-08-04,0.0,
2000-08-05,0.0,
2000-08-06,0.0,
2000-08-07,0.0,
2000-08-08,0.0,
2000-08-09,0.0,
2000-08-10,0.0,
2000-08-11,0.0,
2000-08-12,0.0,
2000-08-13,0.0,
2000-08-14,0.0,
2000-08-15,0.0,
2000-08-16,0.0,
2000-08-17,0.0,
2000-08-18,0.0,
2000-08-19,0.0,
2000-08-20,0.0,
2000-08-21,0.0,
2000-08-22,0.0,
2000-08-23,0.0,
2000-08-24,0.0,
2000-08-25,0.0,
2000-08-26,0.0,
2000-08-27,0.0,
2000-08-28,0.0,
2000-08-29,0.0,
2000-08-30,0.0,
2000-08-31,0.0,
2000-09-01,0.0,
2000-09-02,0.0,
2000-09-03,0.0,
2000-09-04,0.0,
2000-09-05,0.0,
2000-09-06,0.0,
2000-09-07,0.0,
2000-09-08,0.0,
2000-09-09,0.0,
2000-09-10,0.0,
2000-09-11,0.0,
2000-09-12,0.0,
2000-09-13,0.0,
2000-09-14,0.0,
2000-09-15,0.0,
2000-09-16,0.0,
2000-09-17,0.0,
2000-09-18,0.0,
2000-09-19,0.0,
2000-09-20,0.0,
2000-09-21,0.0,
2000-09-22,0.0,
2000-09-23,0.0,
2000-09-24,0.0,
2000-09-25,0.0,
2000-09-26,0.0,
2000-09-27,0.0,
2000-09-28,0.0,
2000-09-29,0.0,
2000-09-30,0.0,
2000-10-01,0.0,
2000-10-02,0.0,
2000-10-03,0.0,
2000-10-04,0.0,
2000-10-05,0.0,
2000-10-06,0.0,
2000-10-07,0.0,
2000-10-08,0.0,
2000-10-09,0.0,
2000-10-10,0.0,
2000-10-11,0.0,
2000-10-12,0.0,
2000-10-13,0.0,
2000-10-14,0.0,
2000-10-15,0.0,
2000-10-16,0.0,
2000-10-17,0.0,
2000-10-18,0.0,
2000-10-19,0.0,
2000-10-20,0.0,
2000-10-21,0.0,
2000-10-22,0.0,
2000-10-23,0.0,
2000-10-24,0.0,
2000-10-25,0.0,
2000-10-26,0.914,
2000-10-27,0.914,
2000-10-28,0.914,
2000-10-29,2.134,
2000-10-30,5.486,
2000-10-31,5.486,
2000-11-01,5.486,
2000-11-02,5.182,
2000-11-03,4.267,
2000-11-04,3.658,
2000-11-05,3.048,
2000-11-06,3.048,
2000-11-07,3.048,
2000-11-08,0.914,
2000-11-09,0.305,
2000-11-10,0.305,
2000-11-11,1.219,
2000-11-12,2.438,
2000-11-13,2.438,
2000-11-14,3.048,
2000-11-15,3.048,
2000-11-16,3.048,
2000-11-17,3.048,
2000-11-18,3.048,
2000-11-19,3.048,
2000-11-20,3.048,
2000-11-21,3.048,
2000-11-22,3.048,
2000-11-23,3.048,
2000-11-24,3.048,
2000-11-25,3.048,
2000-11-26,2.743,
2000-11-27,2.438,
2000-11-28,1.219,
2000-11-29,1.219,
2000-11-30,3.048,
2000-12-01,3.353,
2000-12-02,3.353,
2000-12-03,3.048,
2000-12-04,3.048,
2000-12-05,3.048,
2000-12-06,3.048,
2000-12-07,3.048,
2000-12-08,3.048,
2000-12-09,3.048,
2000-12-10,3.048,
2000-12-11,3.048,
2000-12-12,3.658,
2000-12-13,3.658,
2000-12-14,7.925,
2000-12-15,10.668,
2000-12-16,10.973,
2000-12-17,10.973,
2000-12-18,10.973,
2000-12-19,10.973,
2000-12-20,10.973,
2000-12-21,10.973,
2000-12-22,12.192,
2000-12-23,12.802,
2000-12-24,12.802,
2000-12-25,12.802,
2000-12-26,12.802,
2000-12-27,12.802,
2000-12-28,12.802,
2000-12-29,12.802,
2000-12-30,12.802,
2000-12-31,12.497,
2001-01-01,12.497,
2001-01-02,12.497,
2001-01-03,12.497,
2001-01-04,12.497,
2001-01-05,12.497,
2001-01-06,11.582,
2001-01-07,11.278,
2001-01-08,12.802,
2001-01-09,13.462,
2001-01-10,15.85,
2001-01-11,19.507,
2001-01-12,20.726,
2001-01-13,21.336,
2001-01-14,21.641,
2001-01-15,21.946,
2001-01-16,21.946,
2001-01-17,21.946,
2001-01-18,21.946,
2001-01-19,21.946,
2001-01-20,21.946,
2001-01-21,21.946,
2001-01-22,21.946,
2001-01-23,21.946,
2001-01-24,26.822,
2001-01-25,28.346,
2001-01-26,32.004,
2001-01-27,32.614,
2001-01-28,32.614,
2001-01-29,32.614,
2001-01-30,32.614,
2001-01-31,32.614,
2001-02-01,32.614,
2001-02-02,32.614,
2001-02-03,32.614,
2001-02-04,32.614,
2001-02-05,32.614,
2001-02-06,32.614,
2001-02-07,32.614,
2001-02-08,32.614,
2001-02-09,33.223,
2001-02-10,38.405,
2001-02-11,41.453,
2001-02-12,43.891,
2001-02-13,43.891,
2001-02-14,43.891,
2001-02-15,43.891,
2001-02-16,43.891,
2001-02-17,44.196,
2001-02-18,47.854,
2001-02-19,49.073,
2001-02-20,54.559,
2001-02-21,61.874,
2001-02-22,65.837,
2001-02-23,67.361,
2001-02-24,67.97,
2001-02-25,70.714,
2001-02-26,71.933,
2001-02-27,71.933,
2001-02-28,71.933,
2001-03-01,73.152,
2001-03-02,74.981,
2001-03-03,75.59,
2001-03-04,78.029,
2001-03-05,91.44,
2001-03-06,93.574,
2001-03-07,94.183,
2001-03-08,94.183,
2001-03-09,94.183,
2001-03-10,94.183,
2001-03-11,94.183,
2001-03-12,94.183,
2001-03-13,94.183,
2001-03-14,93.269,
2001-03-15,92.659,
2001-03-16,92.659,
2001-03-17,92.05,
2001-03-18,91.44,
2001-03-19,91.135,
2001-03-20,90.83,
2001-03-21,90.526,
2001-03-22,90.322,
2001-03-23,90.018,
2001-03-24,89.713,
2001-03-25,89.103,
2001-03-26,88.392,
2001-03-27,88.392,
2001-03-28,87.376,
2001-03-29,86.36,
2001-03-30,84.125,
2001-03-31,81.077,
2001-04-01,76.81,
2001-04-02,75.895,
2001-04-03,75.895,
2001-04-04,75.895,
2001-04-05,74.066,
2001-04-06,71.018,
2001-04-07,72.542,
2001-04-08,72.847,
2001-04-09,72.847,
2001-04-10,71.933,
2001-04-11,71.018,
2001-04-12,70.714,
2001-04-13,70.104,
2001-04-14,70.104,
2001-04-15,69.494,
2001-04-16,68.275,
2001-04-17,67.361,
2001-04-18,66.142,
2001-04-19,66.142,
2001-04-20,66.142,
2001-04-21,66.142,
2001-04-22,66.142,
2001-04-23,64.77,
2001-04-24,60.96,
2001-04-25,55.88,
2001-04-26,50.597,
2001-04-27,40.843,
2001-04-28,34.138,
2001-04-29,31.09,
2001-04-30,27.432,
2001-05-01,23.47,
2001-05-02,21.336,
2001-05-03,18.593,
2001-05-04,16.154,
2001-05-05,14.935,
2001-05-06,14.021,
2001-05-07,12.192,
2001-05-08,10.058,
2001-05-09,7.01,
2001-05-10,3.658,
2001-05-11,0.0,
2001-05-12,0.0,
2001-05-13,0.0,
2001-05-14,0.0,
2001-05-15,0.0,
2001-05-16,0.0,
2001-05-17,0.0,
2001-05-18,0.0,
2001-05-19,0.0,
2001-05-20,0.0,
2001-05-21,0.0,
2001-05-22,0.0,
2001-05-23,0.0,
2001-05-24,0.0,
2001-05-25,0.0,
2001-05-26,0.0,
2001-05-27,0.0,
2001-05-28,0.0,
2001-05-29,0.0,
2001-05-30,0.0,
2001-05-31,0.0,
2001-06-01,0.0,
2001-06-02,0.0,
2001-06-03,0.0,
2001-06-04,0.0,
2001-06-05,0.0,
2001-06-06,0.0,
2001-06-07,0.0,
2001-06-08,0.0,
2001-06-09,0.0,
2001-06-10,0.0,
2001-06-11,0.0,
2001-06-12,0.0,
2001-06-13,0.0,
2001-06-14,0.0,
2001-06-15,0.0,
2001-06-16,0.0,
2001-06-17,0.0,
2001-06-18,0.0,
2001-06-19,0.0,
2001-06-20,0.0,
2001-06-21,0.0,
2001-06-22,0.0,
2001-06-23,0.0,
2001-06-24,0.0,
2001-06-25,0.0,
2001-06-26,0.0,
2001-06-27,0.0,
2001-06-28,0.0,
2001-06-29,0.0,
2001-06-30,0.0,
2001-07-01,0.0,
2001-07-02,0.0,
2001-07-03,0.0,
2001-07-04,0.0,
2001-07-05,0.0,
2001-07-06,0.0,
2001-07-07,0.0,
2001-07-08,0.0,
2001-07-09,0.0,
2001-07-10,0.0,
2001-07-11,0.0,
2001-07-12,0.0,
2001-07-13,0.0,
2001-07-14,0.0,
2001-07-15,0.0,
2001-07-16,0.0,
2001-07-17,0.0,
2001-07-18,0.0,
2001-07-19,0.0,
2001-07-20,0.0,
2001-07-21,0.0,
2001-07-22,0.0,
2001-07-23,0.0,
2001-07-24,0.0,
2001-07-25,0.0,
2001-07-26,0.0,
2001-07-27,0.0,
2001-07-28,0.0,
2001-07-29,0.0,
2001-07-30,0.0,
2001-07-31,0.0,
2001-08-01,0.0,
2001-08-02,0.0,
2001-08-03,0.0,
2001-08-04,0.0,
2001-08-05,0.0,
2001-08-06,0.0,
2001-08-07,0.0,
2001-08-08,0.0,
2001-08-09,0.0,
2001-08-10,0.0,
2001-08-11,0.0,
2001-08-12,0.0,
2001-08-13,0.0,
2001-08-14,0.0,
2001-08-15,0.0,
2001-08-16,0.0,
2001-08-17,0.0,
2001-08-18,0.0,
2001-08-19,0.0,
2001-08-20,0.0,
2001-08-21,0.0,
2001-08-22,0.0,
2001-08-23,0.0,
2001-08-24,0.0,
2001-08-25,0.0,
2001-08-26,0.0,
2001-08-27,0.0,
2001-08-28,0.0,
2001-08-29,0.0,
2001-08-30,0.0,
2001-08-31,0.0,
2001-09-01,0.0,
2001-09-02,0.0,
2001-09-03,0.0,
2001-09-04,0.0,
2001-09-05,0.0,
2001-09-06,0.0,
2001-09-07,0.0,
2001-09-08,0.0,
2001-09-09,0.0,
2001-09-10,0.0,
2001-09-11,0.0,
2001-09-12,0.0,
2001-09-13,0.0,
2001-09-14,0.0,
2001-09-15,0.0,
2001-09-16,0.0,
2001-09-17,0.0,
2001-09-18,0.0,
2001-09-19,0.0,
2001-09-20,0.0,
2001-09-21,0.0,
2001-09-22,0.0,
2001-09-23,0.0,
2001-09-24,0.0,
2001-09-25,0.0,
2001-09-26,0.0,
2001-09-27,0.0,
2001-09-28,0.0,
2001-09-29,0.0,
2001-09-30,0.0,
2001-10-01,0.0,
2001-10-02,0.0,
2001-10-03,0.0,
2001-10-04,0.0,
2001-10-05,0.0,
2001-10-06,0.0,
2001-10-07,0.0,
2001-10-08,0.0,
2001-10-09,0.0,
2001-10-10,0.0,
2001-10-11,0.0,
2001-10-12,0.0,
2001-10-13,0.0,
2001-10-14,0.0,
2001-10-15,0.0,
2001-10-16,0.0,
2001-10-17,0.0,
2001-10-18,0.0,
2001-10-19,0.0,
2001-10-20,0.0,
2001-10-21,0.0,
2001-10-22,0.0,
2001-10-23,0.0,
2001-10-24,0.0,
2001-10-25,0.0,
2001-10-26,0.0,
2001-10-27,0.0,
2001-10-28,0.0,
2001-10-29,0.0,
2001-10-30,0.0,
2001-10-31,0.0,
2001-11-01,0.0,
2001-11-02,0.0,
2001-11-03,0.0,
2001-11-04,0.0,
2001-11-05,0.0,
2001-11-06,0.0,
2001-11-07,0.0,
2001-11-08,0.0,
2001-11-09,0.0,
2001-11-10,0.0,
2001-11-11,0.914,
2001-11-12,0.914,
2001-11-13,0.914,
2001-11-14,1.219,
2001-11-15,0.61,
2001-11-16,0.61,
2001-11-17,0.914,
2001-11-18,1.524,
2001-11-19,0.0,
2001-11-20,0.0,
2001-11-21,0.914,
2001-11-22,1.829,
2001-11-23,2.743,
2001-11-24,3.353,
2001-11-25,6.401,
2001-11-26,6.706,
2001-11-27,6.706,
2001-11-28,7.62,
2001-11-29,12.497,
2001-11-30,12.802,
2001-12-01,15.545,
2001-12-02,19.507,
2001-12-03,23.47,
2001-12-04,23.47,
2001-12-05,24.994,
2001-12-06,26.213,
2001-12-07,26.213,
2001-12-08,26.213,
2001-12-09,26.213,
2001-12-10,26.213,
2001-12-11,27.127,
2001-12-12,27.127,
2001-12-13,27.127,
2001-12-14,33.223,
2001-12-15,33.223,
2001-12-16,33.223,
2001-12-17,35.56,
2001-12-18,36.881,
2001-12-19,40.538,
2001-12-20,42.367,
2001-12-21,45.72,
2001-12-22,46.634,
2001-12-23,49.682,
2001-12-24,49.682,
2001-12-25,49.682,
2001-12-26,50.597,
2001-12-27,51.206,
2001-12-28,51.511,
2001-12-29,53.035,
2001-12-30,53.34,
2001-12-31,53.34,
2002-01-01,53.34,
2002-01-02,54.559,
2002-01-03,55.474,
2002-01-04,56.388,
2002-01-05,56.388,
2002-01-06,56.388,
2002-01-07,57.302,
2002-01-08,59.131,
2002-01-09,59.131,
2002-01-10,59.131,
2002-01-11,58.522,
2002-01-12,56.083,
2002-01-13,55.169,
2002-01-14,54.559,
2002-01-15,53.95,
2002-01-16,53.035,
2002-01-17,52.121,
2002-01-18,52.121,
2002-01-19,49.682,
2002-01-20,47.854,
2002-01-21,45.415,
2002-01-22,45.415,
2002-01-23,44.806,
2002-01-24,44.196,
2002-01-25,44.196,
2002-01-26,45.415,
2002-01-27,46.634,
2002-01-28,46.634,
2002-01-29,46.634,
2002-01-30,46.634,
2002-01-31,46.634,
2002-02-01,46.634,
2002-02-02,46.939,
2002-02-03,46.939,
2002-02-04,46.939,
2002-02-05,47.244,
2002-02-06,47.854,
2002-02-07,49.073,
2002-02-08,52.426,
2002-02-09,53.95,
2002-02-10,54.864,
2002-02-11,55.169,
2002-02-12,55.474,
2002-02-13,56.083,
2002-02-14,56.083,
2002-02-15,56.083,
2002-02-16,56.083,
2002-02-17,56.693,
2002-02-18,57.607,
2002-02-19,58.522,
2002-02-20,59.69,
2002-02-21,60.046,
2002-02-22,60.046,
2002-02-23,60.046,
2002-02-24,60.046,
2002-02-25,62.484,
2002-02-26,63.398,
2002-02-27,63.703,
2002-02-28,63.703,
2002-03-01,63.703,
2002-03-02,63.703,
2002-03-03,63.703,
2002-03-04,63.703,
2002-03-05,63.703,
2002-03-06,64.008,
2002-03-07,64.922,
2002-03-08,66.446,
2002-03-09,67.056,
2002-03-10,68.275,
2002-03-11,68.58,
2002-03-12,68.58,
2002-03-13,68.58,
2002-03-14,68.58,
2002-03-15,68.58,
2002-03-16,68.58,
2002-03-17,68.275,
2002-03-18,67.666,
2002-03-19,66.751,
2002-03-20,65.532,
2002-03-21,64.922,
2002-03-22,64.618,
2002-03-23,68.58,
2002-03-24,71.018,
2002-03-25,72.238,
2002-03-26,72.847,
2002-03-27,72.847,
2002-03-28,72.847,
2002-03-29,72.238,
2002-03-30,71.018,
2002-03-31,69.342,
2002-04-01,67.818,
2002-04-02,66.294,
2002-04-03,64.77,
2002-04-04,63.246,
2002-04-05,61.722,
2002-04-06,60.198,
2002-04-07,58.928,
2002-04-08,57.658,
2002-04-09,54.102,
2002-04-10,50.8,
2002-04-11,47.854,
2002-04-12,45.415,
2002-04-13,42.062,
2002-04-14,36.576,
2002-04-15,32.614,
2002-04-16,32.614,
2002-04-17,32.614,
2002-04-18,32.614,
2002-04-19,32.614,
2002-04-20,31.699,
2002-04-21,30.48,
2002-04-22,28.956,
2002-04-23,27.127,
2002-04-24,25.908,
2002-04-25,22.86,
2002-04-26,21.946,
2002-04-27,20.422,
2002-04-28,18.593,
2002-04-29,17.374,
2002-04-30,17.983,
2002-05-01,18.898,
2002-05-02,18.593,
2002-05-03,16.459,
2002-05-04,13.716,
2002-05-05,11.278,
2002-05-06,9.144,
2002-05-07,5.791,
2002-05-08,5.182,
2002-05-09,3.048,
2002-05-10,2.438,
2002-05-11,0.0,
2002-05-12,0.0,
2002-05-13,0.0,
2002-05-14,0.0,
2002-05-15,0.0,
2002-05-16,0.0,
2002-05-17,0.0,
2002-05-18,0.0,
2002-05-19,0.0,
2002-05-20,0.0,
2002-05-21,9.144,
2002-05-22,8.839,
2002-05-23,8.23,
2002-05-24,6.401,
2002-05-25,3.353,
2002-05-26,2.134,
2002-05-27,0.0,
2002-05-28,0.0,
2002-05-29,0.0,
2002-05-30,0.0,
2002-05-31,0.0,
2002-06-01,0.0,
2002-06-02,0.0,
2002-06-03,0.0,
2002-06-04,0.0,
2002-06-05,0.0,
2002-06-06,0.0,
2002-06-07,0.0,
2002-06-08,0.0,
2002-06-09,0.0,
2002-06-10,0.0,
2002-06-11,0.0,
2002-06-12,0.0,
2002-06-13,0.0,
2002-06-14,0.0,
2002-06-15,0.0,
2002-06-16,0.0,
2002-06-17,0.0,
2002-06-18,0.0,
2002-06-19,0.0,
2002-06-20,0.0,
2002-06-21,0.0,
2002-06-22,0.0,
2002-06-23,0.0,
2002-06-24,0.0,
2002-06-25,0.0,
2002-06-26,0.0,
2002-06-27,0.0,
2002-06-28,0.0,
2002-06-29,0.0,
2002-06-30,0.0,
2002-07-01,0.0,
2002-07-02,0.0,
2002-07-03,0.0,
2002-07-04,0.0,
2002-07-05,0.0,
2002-07-06,0.0,
2002-07-07,0.0,
2002-07-08,0.0,
2002-07-09,0.0,
2002-07-10,0.0,
2002-07-11,0.0,
2002-07-12,0.0,
2002-07-13,0.0,
2002-07-14,0.0,
2002-07-15,0.0,
2002-07-16,0.0,
2002-07-17,0.0,
2002-07-18,0.0,
2002-07-19,0.0,
2002-07-20,0.0,
2002-07-21,0.0,
2002-07-22,0.0,
2002-07-23,0.0,
2002-07-24,0.0,
2002-07-25,0.0,
2002-07-26,0.0,
2002-07-27,0.0,
2002-07-28,0.0,
2002-07-29,0.0,
2002-07-30,0.0,
2002-07-31,0.0,
2002-08-01,0.0,
2002-08-02,0.0,
2002-08-03,0.0,
2002-08-04,0.0,
2002-08-05,0.0,
2002-08-06,0.0,
2002-08-07,0.0,
2002-08-08,0.0,
2002-08-09,0.0,
2002-08-10,0.0,
2002-08-11,0.0,
2002-08-12,0.0,
2002-08-13,0.0,
2002-08-14,0.0,
2002-08-15,0.0,
2002-08-16,0.0,
2002-08-17,0.0,
2002-08-18,0.0,
2002-08-19,0.0,
2002-08-20,0.0,
2002-08-21,0.0,
2002-08-22,0.0,
2002-08-23,0.0,
2002-08-24,0.0,
2002-08-25,0.0,
2002-08-26,0.0,
2002-08-27,0.0,
2002-08-28,0.0,
2002-08-29,0.0,
2002-08-30,0.0,
2002-08-31,0.0,
2002-09-01,0.0,
2002-09-02,0.0,
2002-09-03,0.0,
2002-09-04,0.0,
2002-09-05,0.0,
2002-09-06,0.0,
2002-09-07,0.0,
2002-09-08,0.0,
2002-09-09,0.0,
2002-09-10,0.0,
2002-09-11,0.0,
2002-09-12,0.0,
2002-09-13,0.0,
2002-09-14,0.0,
2002-09-15,0.0,
2002-09-16,0.0,
2002-09-17,0.0,
2002-09-18,0.0,
2002-09-19,0.0,
2002-09-20,0.0,
2002-09-21,0.0,
2002-09-22,0.0,
2002-09-23,0.0,
2002-09-24,0.0,
2002-09-25,0.0,
2002-09-26,0.0,
2002-09-27,0.0,
2002-09-28,0.0,
2002-09-29,0.0,
2002-09-30,0.0,
2002-10-01,0.0,
2002-10-02,0.0,
2002-10-03,0.0,
2002-10-04,0.0,
2002-10-05,0.0,
2002-10-06,0.0,
2002-10-07,0.0,
2002-10-08,0.0,
2002-10-09,0.0,
2002-10-10,0.0,
2002-10-11,0.0,
2002-10-12,0.0,
2002-10-13,0.0,
2002-10-14,0.0,
2002-10-15,0.0,
2002-10-16,0.0,
2002-10-17,0.0,
2002-10-18,0.0,
2002-10-19,0.0,
2002-10-20,0.0,
2002-10-21,0.0,
2002-10-22,0.0,
2002-10-23,0.0,
2002-10-24,0.0,
2002-10-25,0.0,
2002-10-26,0.0,
2002-10-27,0.0,
2002-10-28,0.0,
2002-10-29,0.0,
2002-10-30,0.0,
2002-10-31,0.0,
2002-11-01,0.0,
2002-11-02,0.0,
2002-11-03,0.0,
2002-11-04,0.0,
2002-11-05,0.0,
2002-11-06,0.0,
2002-11-07,2.565,
2002-11-08,4.699,
2002-11-09,5.918,
2002-11-10,8.052,
2002-11-11,8.661,
2002-11-12,8.357,
2002-11-13,8.357,
2002-11-14,8.052,
2002-11-15,7.442,
2002-11-16,7.442,
2002-11-17,6.833,
2002-11-18,6.833,
2002-11-19,6.528,
2002-11-20,5.309,
2002-11-21,4.699,
2002-11-22,3.48,
2002-11-23,2.87,
2002-11-24,2.565,
2002-11-25,2.261,
2002-11-26,1.524,
2002-11-27,0.0,
2002-11-28,0.0,
2002-11-29,0.0,
2002-11-30,0.0,
2002-12-01,0.0,
2002-12-02,0.0,
2002-12-03,0.0,
2002-12-04,0.0,
2002-12-05,0.0,
2002-12-06,0.0,
2002-12-07,0.0,
2002-12-08,0.0,
2002-12-09,0.0,
2002-12-10,0.0,
2002-12-11,3.048,
2002-12-12,3.353,
2002-12-13,5.182,
2002-12-14,13.411,
2002-12-15,14.326,
2002-12-16,24.384,
2002-12-17,25.603,
2002-12-18,25.908,
2002-12-19,25.908,
2002-12-20,28.956,
2002-12-21,35.662,
2002-12-22,35.662,
2002-12-23,35.357,
2002-12-24,35.052,
2002-12-25,35.052,
2002-12-26,36.881,
2002-12-27,41.758,
2002-12-28,45.415,
2002-12-29,52.426,
2002-12-30,53.95,
2002-12-31,62.179,
2003-01-01,63.094,
2003-01-02,63.094,
2003-01-03,63.398,
2003-01-04,63.094,
2003-01-05,62.789,
2003-01-06,62.179,
2003-01-07,62.179,
2003-01-08,61.874,
2003-01-09,61.57,
2003-01-10,61.57,
2003-01-11,63.398,
2003-01-12,64.008,
2003-01-13,64.008,
2003-01-14,64.008,
2003-01-15,64.008,
2003-01-16,64.008,
2003-01-17,64.008,
2003-01-18,64.008,
2003-01-19,64.008,
2003-01-20,64.008,
2003-01-21,64.008,
2003-01-22,64.008,
2003-01-23,64.008,
2003-01-24,64.008,
2003-01-25,64.008,
2003-01-26,64.008,
2003-01-27,64.008,
2003-01-28,64.008,
2003-01-29,64.008,
2003-01-30,63.398,
2003-01-31,62.484,
2003-02-01,61.874,
2003-02-02,61.265,
2003-02-03,61.265,
2003-02-04,61.265,
2003-02-05,61.265,
2003-02-06,60.96,
2003-02-07,60.046,
2003-02-08,58.826,
2003-02-09,57.607,
2003-02-10,56.693,
2003-02-11,56.083,
2003-02-12,55.474,
2003-02-13,54.864,
2003-02-14,54.254,
2003-02-15,53.95,
2003-02-16,59.131,
2003-02-17,61.874,
2003-02-18,63.094,
2003-02-19,64.008,
2003-02-20,65.227,
2003-02-21,65.227,
2003-02-22,64.922,
2003-02-23,64.618,
2003-02-24,63.703,
2003-02-25,63.398,
2003-02-26,62.179,
2003-02-27,60.96,
2003-02-28,59.741,
2003-03-01,58.522,
2003-03-02,57.912,
2003-03-03,57.302,
2003-03-04,56.693,
2003-03-05,56.083,
2003-03-06,55.778,
2003-03-07,55.778,
2003-03-08,55.778,
2003-03-09,55.778,
2003-03-10,55.778,
2003-03-11,53.035,
2003-03-12,52.73,
2003-03-13,50.902,
2003-03-14,58.522,
2003-03-15,61.976,
2003-03-16,61.976,
2003-03-17,61.976,
2003-03-18,61.976,
2003-03-19,61.976,
2003-03-20,61.976,
2003-03-21,61.976,
2003-03-22,61.976,
2003-03-23,61.57,
2003-03-24,61.265,
2003-03-25,60.96,
2003-03-26,58.826,
2003-03-27,58.217,
2003-03-28,56.693,
2003-03-29,54.864,
2003-03-30,49.987,
2003-03-31,46.939,
2003-04-01,44.196,
2003-04-02,43.891,
2003-04-03,43.891,
2003-04-04,48.158,
2003-04-05,53.34,
2003-04-06,55.474,
2003-04-07,56.083,
2003-04-08,54.254,
2003-04-09,50.597,
2003-04-10,46.33,
2003-04-11,43.586,
2003-04-12,37.795,
2003-04-13,39.929,
2003-04-14,43.891,
2003-04-15,45.415,
2003-04-16,46.025,
2003-04-17,47.854,
2003-04-18,49.378,
2003-04-19,50.597,
2003-04-20,51.206,
2003-04-21,51.816,
2003-04-22,54.864,
2003-04-23,55.474,
2003-04-24,56.998,
2003-04-25,58.522,
2003-04-26,61.57,
2003-04-27,63.094,
2003-04-28,65.227,
2003-04-29,71.933,
2003-04-30,76.505,
2003-05-01,77.114,
2003-05-02,77.114,
2003-05-03,77.114,
2003-05-04,77.419,
2003-05-05,74.676,
2003-05-06,73.762,
2003-05-07,71.933,
2003-05-08,71.933,
2003-05-09,70.104,
2003-05-10,70.104,
2003-05-11,70.409,
2003-05-12,69.494,
2003-05-13,68.275,
2003-05-14,67.361,
2003-05-15,64.313,
2003-05-16,60.046,
2003-05-17,58.217,
2003-05-18,56.693,
2003-05-19,54.864,
2003-05-20,52.426,
2003-05-21,48.463,
2003-05-22,42.977,
2003-05-23,37.49,
2003-05-24,32.004,
2003-05-25,25.908,
2003-05-26,21.946,
2003-05-27,18.593,
2003-05-28,15.85,
2003-05-29,13.106,
2003-05-30,10.058,
2003-05-31,7.315,
2003-06-01,3.962,
2003-06-02,0.0,
2003-06-03,0.0,
2003-06-04,0.0,
2003-06-05,0.0,
2003-06-06,0.0,
2003-06-07,0.0,
2003-06-08,0.0,
2003-06-09,0.0,
2003-06-10,0.0,
2003-06-11,0.0,
2003-06-12,0.0,
2003-06-13,0.0,
2003-06-14,0.0,
2003-06-15,0.0,
2003-06-16,0.0,
2003-06-17,0.0,
2003-06-18,0.0,
2003-06-19,0.0,
2003-06-20,0.0,
2003-06-21,0.0,
2003-06-22,0.0,
2003-06-23,0.0,
2003-06-24,0.0,
2003-06-25,0.0,
2003-06-26,0.0,
2003-06-27,0.0,
2003-06-28,0.0,
2003-06-29,0.0,
2003-06-30,0.0,
2003-07-01,0.0,
2003-07-02,0.0,
2003-07-03,0.0,
2003-07-04,0.0,
2003-07-05,0.0,
2003-07-06,0.0,
2003-07-07,0.0,
2003-07-08,0.0,
2003-07-09,0.0,
2003-07-10,0.0,
2003-07-11,0.0,
2003-07-12,0.0,
2003-07-13,0.0,
2003-07-14,0.0,
2003-07-15,0.0,
2003-07-16,0.0,
2003-07-17,0.0,
2003-07-18,0.0,
2003-07-19,0.0,
2003-07-20,0.0,
2003-07-21,0.0,
2003-07-22,0.0,
2003-07-23,0.0,
2003-07-24,0.0,
2003-07-25,0.0,
2003-07-26,0.0,
2003-07-27,0.0,
2003-07-28,0.0,
2003-07-29,0.0,
2003-07-30,0.0,
2003-07-31,0.0,
2003-08-01,0.0,
2003-08-02,0.0,
2003-08-03,0.0,
2003-08-04,0.0,
2003-08-05,0.0,
2003-08-06,0.0,
2003-08-07,0.0,
2003-08-08,0.0,
2003-08-09,0.0,
2003-08-10,0.0,
2003-08-11,0.0,
2003-08-12,0.0,
2003-08-13,0.0,
2003-08-14,0.0,
2003-08-15,0.0,
2003-08-16,0.0,
2003-08-17,0.0,
2003-08-18,0.0,
2003-08-19,0.0,
2003-08-20,0.0,
2003-08-21,0.0,
2003-08-22,0.0,
2003-08-23,0.0,
2003-08-24,0.0,
2003-08-25,0.0,
2003-08-26,0.0,
2003-08-27,0.0,
2003-08-28,0.0,
2003-08-29,0.0,
2003-08-30,0.0,
2003-08-31,0.0,
2003-09-01,0.0,
2003-09-02,0.0,
2003-09-03,0.0,
2003-09-04,0.0,
2003-09-05,0.0,
2003-09-06,0.0,
2003-09-07,0.0,
2003-09-08,0.0,
2003-09-09,0.0,
2003-09-10,0.0,
2003-09-11,0.0,
2003-09-12,0.0,
2003-09-13,0.0,
2003-09-14,0.0,
2003-09-15,0.0,
2003-09-16,0.0,
2003-09-17,0.0,
2003-09-18,0.0,
2003-09-19,0.0,
2003-09-20,0.0,
2003-09-21,0.0,
2003-09-22,0.0,
2003-09-23,0.0,
2003-09-24,0.0,
2003-09-25,0.0,
2003-09-26,0.0,
2003-09-27,0.0,
2003-09-28,0.0,
2003-09-29,0.0,
2003-09-30,0.0,
2003-10-01,0.0,
2003-10-02,0.0,
2003-10-03,0.0,
2003-10-04,0.0,
2003-10-05,0.0,
2003-10-06,0.0,
2003-10-07,0.0,
2003-10-08,0.0,
2003-10-09,0.0,
2003-10-10,0.0,
2003-10-11,0.0,
2003-10-12,0.0,
2003-10-13,0.0,
2003-10-14,0.0,
2003-10-15,0.0,
2003-10-16,0.0,
2003-10-17,0.0,
2003-10-18,0.0,
2003-10-19,0.0,
2003-10-20,0.0,
2003-10-21,0.0,
2003-10-22,0.0,
2003-10-23,0.0,
2003-10-24,0.0,
2003-10-25,0.0,
2003-10-26,0.0,
2003-10-27,0.0,
2003-10-28,0.0,
2003-10-29,0.0,
2003-10-30,0.0,
2003-10-31,0.0,
2003-11-01,0.0,
2003-11-02,0.0,
2003-11-03,0.61,
2003-11-04,0.914,
2003-11-05,1.219,
2003-11-06,1.219,
2003-11-07,1.829,
2003-11-08,3.353,
2003-11-09,12.192,
2003-11-10,13.716,
2003-11-11,13.716,
2003-11-12,13.716,
2003-11-13,13.716,
2003-11-14,13.716,
2003-11-15,15.85,
2003-11-16,16.459,
2003-11-17,17.069,
2003-11-18,17.069,
2003-11-19,17.069,
2003-11-20,17.069,
2003-11-21,17.069,
2003-11-22,17.069,
2003-11-23,17.069,
2003-11-24,17.069,
2003-11-25,17.069,
2003-11-26,17.069,
2003-11-27,17.069,
2003-11-28,17.069,
2003-11-29,17.069,
2003-11-30,17.069,
2003-12-01,19.202,
2003-12-02,20.422,
2003-12-03,20.422,
2003-12-04,20.422,
2003-12-05,20.422,
2003-12-06,20.422,
2003-12-07,20.726,
2003-12-08,21.641,
2003-12-09,21.946,
2003-12-10,23.774,
2003-12-11,23.774,
2003-12-12,23.774,
2003-12-13,24.994,
2003-12-14,,
2003-12-15,,
2003-12-16,,
2003-12-17,,
2003-12-18,,
2003-12-19,,
2003-12-20,,
2003-12-21,,
2003-12-22,,
2003-12-23,,
2003-12-24,,
2003-12-25,,
2003-12-26,,
2003-12-27,,
2003-12-28,,
2003-12-29,,
2003-12-30,,
2003-12-31,,
2004-01-01,,
2004-01-02,,
2004-01-03,,
2004-01-04,,
2004-01-05,,
2004-01-06,,
2004-01-07,,
2004-01-08,,
2004-01-09,,
2004-01-10,,
2004-01-11,,
2004-01-12,,
2004-01-13,,
2004-01-14,,
2004-01-15,,
2004-01-16,,
2004-01-17,,
2004-01-18,,
2004-01-19,,
2004-01-20,,
2004-01-21,,
2004-01-22,,
2004-01-23,,
2004-01-24,,
2004-01-25,,
2004-01-26,,
2004-01-27,,
2004-01-28,,
2004-01-29,,
2004-01-30,,
2004-01-31,,
2004-02-01,,
2004-02-02,,
2004-02-03,,
2004-02-04,,
2004-02-05,,
2004-02-06,,
2004-02-07,,
2004-02-08,,
2004-02-09,,
2004-02-10,,
2004-02-11,,
2004-02-12,,
2004-02-13,,
2004-02-14,,
2004-02-15,,
2004-02-16,,
2004-02-17,,
2004-02-18,,
2004-02-19,,
2004-02-20,,
2004-02-21,,
2004-02-22,,
2004-02-23,,
2004-02-24,,
2004-02-25,,
2004-02-26,,
2004-02-27,,
2004-02-28,,
2004-02-29,,
2004-03-01,,
2004-03-02,,
2004-03-03,,
2004-03-04,,
2004-03-05,,
2004-03-06,,
2004-03-07,,
2004-03-08,,
2004-03-09,,
2004-03-10,,
2004-03-11,,
2004-03-12,,
2004-03-13,,
2004-03-14,,
2004-03-15,,
2004-03-16,,
2004-03-17,,
2004-03-18,,
2004-03-19,,
2004-03-20,,
2004-03-21,,
2004-03-22,,
2004-03-23,,
2004-03-24,,
2004-03-25,,
2004-03-26,,
2004-03-27,,
2004-03-28,,
2004-03-29,,
2004-03-30,,
2004-03-31,,
2004-04-01,,
2004-04-02,,
2004-04-03,,
2004-04-04,,
2004-04-05,,
2004-04-06,,
2004-04-07,,
2004-04-08,,
2004-04-09,,
2004-04-10,,
2004-04-11,,
2004-04-12,,
2004-04-13,,
2004-04-14,,
2004-04-15,,
2004-04-16,,
2004-04-17,,
2004-04-18,,
2004-04-19,,
2004-04-20,,
2004-04-21,,
2004-04-22,,
2004-04-23,,
2004-04-24,,
2004-04-25,,
2004-04-26,,
2004-04-27,,
2004-04-28,,
2004-04-29,,
2004-04-30,,
2004-05-01,,
2004-05-02,,
2004-05-03,,
2004-05-04,,
2004-05-05,,
2004-05-06,,
2004-05-07,,
2004-05-08,0.0,
2004-05-09,0.0,
2004-05-10,0.0,
2004-05-11,0.0,
2004-05-12,0.0,
2004-05-13,0.0,
2004-05-14,0.0,
2004-05-15,0.0,
2004-05-16,0.0,
2004-05-17,0.0,
2004-05-18,0.0,
2004-05-19,0.0,
2004-05-20,0.0,
2004-05-21,0.0,
2004-05-22,0.0,
2004-05-23,0.0,
2004-05-24,0.0,
2004-05-25,0.0,
2004-05-26,0.0,
2004-05-27,0.0,
2004-05-28,0.0,
2004-05-29,0.0,
2004-05-30,0.0,
2004-05-31,0.0,
2004-06-01,0.0,
2004-06-02,0.0,
2004-06-03,0.0,
2004-06-04,0.0,
2004-06-05,0.0,
2004-06-06,0.0,
2004-06-07,0.0,
2004-06-08,0.0,
2004-06-09,0.0,
2004-06-10,0.0,
2004-06-11,0.0,
2004-06-12,0.0,
2004-06-13,0.0,
2004-06-14,0.0,
2004-06-15,0.0,
2004-06-16,0.0,
2004-06-17,0.0,
2004-06-18,0.0,
2004-06-19,0.0,
2004-06-20,0.0,
2004-06-21,0.0,
2004-06-22,0.0,
2004-06-23,0.0,
2004-06-24,0.0,
2004-06-25,0.0,
2004-06-26,0.0,
2004-06-27,0.0,
2004-06-28,0.0,
2004-06-29,0.0,
2004-06-30,0.0,
2004-07-01,0.0,
2004-07-02,0.0,
2004-07-03,0.0,
2004-07-04,0.0,
2004-07-05,0.0,
2004-07-06,0.0,
2004-07-07,0.0,
2004-07-08,0.0,
2004-07-09,0.0,
2004-07-10,0.0,
2004-07-11,0.0,
2004-07-12,0.0,
2004-07-13,0.0,
2004-07-14,0.0,
2004-07-15,0.0,
2004-07-16,0.0,
2004-07-17,0.0,
2004-07-18,0.0,
2004-07-19,0.0,
2004-07-20,0.0,
2004-07-21,0.0,
2004-07-22,0.0,
2004-07-23,0.0,
2004-07-24,0.0,
2004-07-25,0.0,
2004-07-26,0.0,
2004-07-27,0.0,
2004-07-28,0.0,
2004-07-29,0.0,
2004-07-30,0.0,
2004-07-31,0.0,
2004-08-01,0.0,
2004-08-02,0.0,
2004-08-03,0.0,
2004-08-04,0.0,
2004-08-05,0.0,
2004-08-06,0.0,
2004-08-07,0.0,
2004-08-08,0.0,
2004-08-09,0.0,
2004-08-10,0.0,
2004-08-11,0.0,
2004-08-12,0.0,
2004-08-13,0.0,
2004-08-14,0.0,
2004-08-15,0.0,
2004-08-16,0.0,
2004-08-17,0.0,
2004-08-18,0.0,
2004-08-19,0.0,
2004-08-20,0.0,
2004-08-21,0.0,
2004-08-22,0.0,
2004-08-23,0.0,
2004-08-24,0.0,
2004-08-25,0.0,
2004-08-26,0.0,
2004-08-27,0.0,
2004-08-28,0.0,
2004-08-29,0.0,
2004-08-30,0.0,
2004-08-31,0.0,
2004-09-01,0.0,
2004-09-02,0.0,
2004-09-03,0.0,
2004-09-04,0.0,
2004-09-05,0.0,
2004-09-06,0.0,
2004-09-07,0.0,
2004-09-08,0.0,
2004-09-09,0.0,
2004-09-10,0.0,
2004-09-11,0.0,
2004-09-12,0.0,
2004-09-13,0.0,
2004-09-14,0.0,
2004-09-15,0.0,
2004-09-16,0.0,
2004-09-17,0.0,
2004-09-18,0.0,
2004-09-19,0.0,
2004-09-20,0.0,
2004-09-21,0.0,
2004-09-22,0.0,
2004-09-23,0.0,
2004-09-24,0.0,
2004-09-25,0.0,
2004-09-26,0.0,
2004-09-27,0.0,
2004-09-28,0.0,
2004-09-29,0.0,
2004-09-30,0.0,
2004-10-01,0.0,
2004-10-02,0.0,
2004-10-03,0.0,
2004-10-04,0.0,
2004-10-05,0.0,
2004-10-06,0.0,
2004-10-07,0.0,
2004-10-08,0.0,
2004-10-09,0.0,
2004-10-10,0.0,
2004-10-11,0.0,
2004-10-12,0.0,
2004-10-13,0.0,
2004-10-14,0.0,
2004-10-15,0.0,
2004-10-16,0.0,
2004-10-17,0.0,
2004-10-18,0.0,
2004-10-19,,
2004-10-20,,
2004-10-21,,
2004-10-22,,
2004-10-23,,
2004-10-24,,
2004-10-25,,
2004-10-26,,
2004-10-27,,
2004-10-28,,
2004-10-29,,
2004-10-30,,
2004-10-31,,
2004-11-01,,
2004-11-02,,
2004-11-03,,
2004-11-04,,
2004-11-05,,
2004-11-06,,
2004-11-07,,
2004-11-08,,
2004-11-09,,
2004-11-10,,
2004-11-11,,
2004-11-12,,
2004-11-13,,
2004-11-14,,
2004-11-15,,
2004-11-16,,
2004-11-17,,
2004-11-18,,
2004-11-19,,
2004-11-20,,
2004-11-21,,
2004-11-22,,
2004-11-23,,
2004-11-24,,
2004-11-25,,
2004-11-26,,
2004-11-27,,
2004-11-28,,
2004-11-29,,
2004-11-30,,
2004-12-01,,
2004-12-02,,
2004-12-03,,
2004-12-04,,
2004-12-05,,
2004-12-06,,
2004-12-07,,
2004-12-08,,
2004-12-09,,
2004-12-10,,
2004-12-11,,
2004-12-12,,
2004-12-13,,
2004-12-14,,
2004-12-15,,
2004-12-16,,
2004-12-17,,
2004-12-18,,
2004-12-19,,
2004-12-20,,
2004-12-21,,
2004-12-22,,
2004-12-23,,
2004-12-24,,
2004-12-25,,
2004-12-26,,
2004-12-27,,
2004-12-28,,
2004-12-29,,
2004-12-30,,
2004-12-31,,
2005-01-01,,
2005-01-02,,
2005-01-03,,
2005-01-04,,
2005-01-05,,
2005-01-06,,
2005-01-07,,
2005-01-08,,
2005-01-09,,
2005-01-10,,
2005-01-11,,
2005-01-12,,
2005-01-13,,
2005-01-14,,
2005-01-15,,
2005-01-16,,
2005-01-17,,
2005-01-18,,
2005-01-19,,
2005-01-20,,
2005-01-21,,
2005-01-22,,
2005-01-23,,
2005-01-24,,
2005-01-25,,
2005-01-26,,
2005-01-27,,
2005-01-28,,
2005-01-29,,
2005-01-30,61.57,
2005-01-31,61.57,
2005-02-01,61.57,
2005-02-02,61.57,
2005-02-03,61.57,
2005-02-04,61.57,
2005-02-05,61.874,
2005-02-06,61.57,
2005-02-07,60.655,
2005-02-08,60.35,
2005-02-09,59.436,
2005-02-10,58.826,
2005-02-11,58.522,
2005-02-12,57.912,
2005-02-13,58.217,
2005-02-14,59.741,
2005-02-15,60.35,
2005-02-16,60.35,
2005-02-17,59.741,
2005-02-18,59.741,
2005-02-19,60.046,
2005-02-20,62.179,
2005-02-21,62.484,
2005-02-22,62.484,
2005-02-23,62.484,
2005-02-24,62.484,
2005-02-25,62.179,
2005-02-26,61.265,
2005-02-27,61.265,
2005-02-28,68.275,
2005-03-01,68.885,
2005-03-02,69.494,
2005-03-03,69.494,
2005-03-04,69.494,
2005-03-05,69.494,
2005-03-06,69.494,
2005-03-07,69.494,
2005-03-08,,
2005-03-09,,
2005-03-10,,
2005-03-11,,
2005-03-12,,
2005-03-13,,
2005-03-14,,
2005-03-15,,
2005-03-16,,
2005-03-17,,
2005-03-18,,
2005-03-19,,
2005-03-20,,
2005-03-21,,
2005-03-22,,
2005-03-23,,
2005-03-24,,
2005-03-25,,
2005-03-26,,
2005-03-27,,
2005-03-28,,
2005-03-29,,
2005-03-30,,
2005-03-31,,
2005-04-01,,
2005-04-02,,
2005-04-03,,
2005-04-04,,
2005-04-05,,
2005-04-06,,
2005-04-07,,
2005-04-08,,
2005-04-09,,
2005-04-10,,
2005-04-11,,
2005-04-12,,
2005-04-13,,
2005-04-14,,
2005-04-15,,
2005-04-16,,
2005-04-17,,
2005-04-18,,
2005-04-19,,
2005-04-20,,
2005-04-21,,
2005-04-22,,
2005-04-23,,
2005-04-24,,
2005-04-25,,
2005-04-26,,
2005-04-27,,
2005-04-28,,
2005-04-29,,
2005-04-30,,
2005-05-01,,
2005-05-02,,
2005-05-03,,
2005-05-04,,
2005-05-05,,
2005-05-06,,
2005-05-07,,
2005-05-08,,
2005-05-09,,
2005-05-10,,
2005-05-11,,
2005-05-12,,
2005-05-13,,
2005-05-14,,
2005-05-15,,
2005-05-16,,
2005-05-17,,
2005-05-18,,
2005-05-19,,
2005-05-20,,
2005-05-21,,
2005-05-22,,
2005-05-23,,
2005-05-24,,
2005-05-25,,
2005-05-26,,
2005-05-27,,
2005-05-28,,
2005-05-29,,
2005-05-30,,
2005-05-31,,
2005-06-01,,
2005-06-02,,
2005-06-03,,
2005-06-04,,
2005-06-05,,
2005-06-06,,
2005-06-07,,
2005-06-08,,
2005-06-09,,
2005-06-10,,
2005-06-11,,
2005-06-12,,
2005-06-13,,
2005-06-14,,
2005-06-15,,
2005-06-16,,
2005-06-17,,
2005-06-18,,
2005-06-19,,
2005-06-20,,
2005-06-21,,
2005-06-22,,
2005-06-23,,
2005-06-24,,
2005-06-25,,
2005-06-26,,
2005-06-27,,
2005-06-28,,
2005-06-29,,
2005-06-30,,
2005-07-01,,
2005-07-02,,
2005-07-03,,
2005-07-04,,
2005-07-05,,
2005-07-06,,
2005-07-07,,
2005-07-08,,
2005-07-09,,
2005-07-10,,
2005-07-11,,
2005-07-12,,
2005-07-13,,
2005-07-14,,
2005-07-15,,
2005-07-16,,
2005-07-17,,
2005-07-18,,
2005-07-19,,
2005-07-20,,
2005-07-21,,
2005-07-22,0.0,
2005-07-23,0.0,
2005-07-24,0.0,
2005-07-25,0.0,
2005-07-26,0.0,
2005-07-27,0.0,
2005-07-28,0.0,
2005-07-29,0.0,
2005-07-30,0.0,
2005-07-31,0.0,
2005-08-01,0.0,
2005-08-02,0.0,
2005-08-03,0.0,
2005-08-04,0.0,
2005-08-05,0.0,
2005-08-06,0.0,
2005-08-07,0.0,
2005-08-08,0.0,
2005-08-09,0.0,
2005-08-10,0.0,
2005-08-11,0.0,
2005-08-12,0.0,
2005-08-13,0.0,
2005-08-14,0.0,
2005-08-15,0.0,
2005-08-16,0.0,
2005-08-17,0.0,
2005-08-18,0.0,
2005-08-19,0.0,
2005-08-20,0.0,
2005-08-21,0.0,
2005-08-22,0.0,
2005-08-23,0.0,
2005-08-24,0.0,
2005-08-25,0.0,
2005-08-26,0.0,
2005-08-27,0.0,
2005-08-28,0.0,
2005-08-29,0.0,
2005-08-30,0.0,
2005-08-31,0.0,
2005-09-01,0.0,
2005-09-02,0.0,
2005-09-03,0.0,
2005-09-04,0.0,
2005-09-05,0.0,
2005-09-06,0.0,
2005-09-07,0.0,
2005-09-08,0.0,
2005-09-09,0.0,
2005-09-10,0.0,
2005-09-11,0.0,
2005-09-12,0.0,
2005-09-13,0.0,
2005-09-14,0.0,
2005-09-15,0.0,
2005-09-16,0.0,
2005-09-17,0.0,
2005-09-18,0.0,
2005-09-19,0.0,
2005-09-20,0.0,
2005-09-21,0.0,
2005-09-22,0.0,
2005-09-23,0.0,
2005-09-24,0.0,
2005-09-25,0.0,
2005-09-26,0.0,
2005-09-27,0.0,
2005-09-28,0.0,
2005-09-29,0.0,
2005-09-30,0.0,
2005-10-01,0.0,
2005-10-02,0.0,
2005-10-03,0.0,
2005-10-04,0.0,
2005-10-05,0.0,
2005-10-06,0.0,
2005-10-07,0.0,
2005-10-08,0.0,
2005-10-09,0.0,
2005-10-10,0.0,
2005-10-11,0.0,
2005-10-12,0.0,
2005-10-13,0.0,
2005-10-14,0.0,
2005-10-15,0.0,
2005-10-16,0.0,
2005-10-17,0.0,
2005-10-18,0.0,
2005-10-19,0.0,
2005-10-20,0.0,
2005-10-21,0.0,
2005-10-22,0.0,
2005-10-23,0.0,
2005-10-24,0.0,
2005-10-25,0.0,
2005-10-26,0.0,
2005-10-27,0.0,
2005-10-28,1.524,
2005-10-29,2.134,
2005-10-30,2.134,
2005-10-31,2.134,
2005-11-01,2.134,
2005-11-02,2.134,
2005-11-03,2.134,
2005-11-04,5.486,
2005-11-05,5.791,
2005-11-06,5.791,
2005-11-07,5.791,
2005-11-08,5.182,
2005-11-09,5.182,
2005-11-10,4.572,
2005-11-11,3.962,
2005-11-12,3.353,
2005-11-13,2.438,
2005-11-14,2.134,
2005-11-15,1.829,
2005-11-16,0.0,
2005-11-17,0.0,
2005-11-18,0.0,
2005-11-19,0.0,
2005-11-20,0.0,
2005-11-21,0.0,
2005-11-22,0.0,
2005-11-23,0.0,
2005-11-24,0.0,
2005-11-25,0.0,
2005-11-26,2.438,
2005-11-27,2.438,
2005-11-28,2.743,
2005-11-29,4.267,
2005-11-30,4.572,
2005-12-01,9.449,
2005-12-02,13.106,
2005-12-03,13.106,
2005-12-04,12.802,
2005-12-05,12.802,
2005-12-06,12.802,
2005-12-07,13.106,
2005-12-08,13.106,
2005-12-09,13.106,
2005-12-10,13.106,
2005-12-11,13.106,
2005-12-12,13.106,
2005-12-13,13.106,
2005-12-14,13.106,
2005-12-15,13.106,
2005-12-16,13.106,
2005-12-17,13.106,
2005-12-18,13.106,
2005-12-19,19.202,
2005-12-20,19.202,
2005-12-21,19.202,
2005-12-22,19.202,
2005-12-23,19.202,
2005-12-24,19.202,
2005-12-25,19.202,
2005-12-26,19.202,
2005-12-27,19.202,
2005-12-28,19.202,
2005-12-29,19.202,
2005-12-30,19.202,
2005-12-31,22.86,
2006-01-01,22.86,
2006-01-02,25.298,
2006-01-03,25.908,
2006-01-04,30.175,
2006-01-05,30.48,
2006-01-06,30.48,
2006-01-07,30.48,
2006-01-08,30.48,
2006-01-09,30.48,
2006-01-10,30.48,
2006-01-11,33.223,
2006-01-12,33.223,
2006-01-13,33.223,
2006-01-14,35.052,
2006-01-15,37.49,
2006-01-16,37.49,
2006-01-17,38.1,
2006-01-18,40.538,
2006-01-19,41.453,
2006-01-20,41.758,
2006-01-21,42.672,
2006-01-22,43.282,
2006-01-23,43.282,
2006-01-24,43.282,
2006-01-25,43.282,
2006-01-26,43.282,
2006-01-27,44.806,
2006-01-28,46.025,
2006-01-29,48.463,
2006-01-30,50.292,
2006-01-31,52.426,
2006-02-01,54.254,
2006-02-02,56.083,
2006-02-03,56.083,
2006-02-04,56.083,
2006-02-05,56.083,
2006-02-06,56.083,
2006-02-07,56.083,
2006-02-08,56.998,
2006-02-09,56.998,
2006-02-10,56.998,
2006-02-11,56.998,
2006-02-12,56.998,
2006-02-13,56.998,
2006-02-14,58.217,
2006-02-15,58.522,
2006-02-16,55.778,
2006-02-17,56.388,
2006-02-18,56.388,
2006-02-19,56.388,
2006-02-20,56.388,
2006-02-21,56.388,
2006-02-22,56.388,
2006-02-23,56.083,
2006-02-24,56.083,
2006-02-25,56.083,
2006-02-26,56.083,
2006-02-27,60.655,
2006-02-28,64.618,
2006-03-01,64.618,
2006-03-02,67.361,
2006-03-03,71.323,
2006-03-04,73.457,
2006-03-05,76.505,
2006-03-06,87.782,
2006-03-07,90.221,
2006-03-08,90.526,
2006-03-09,91.44,
2006-03-10,91.745,
2006-03-11,92.354,
2006-03-12,92.659,
2006-03-13,93.269,
2006-03-14,96.012,
2006-03-15,98.45,
2006-03-16,102.108,
2006-03-17,106.985,
2006-03-18,107.29,
2006-03-19,107.594,
2006-03-20,107.899,
2006-03-21,108.814,
2006-03-22,110.033,
2006-03-23,110.642,
2006-03-24,113.081,
2006-03-25,114.605,
2006-03-26,116.434,
2006-03-27,116.738,
2006-03-28,120.396,
2006-03-29,125.578,
2006-03-30,126.797,
2006-03-31,131.674,
2006-04-01,138.379,
2006-04-02,142.037,
2006-04-03,145.39,
2006-04-04,149.657,
2006-04-05,150.266,
2006-04-06,151.181,
2006-04-07,151.79,
2006-04-08,153.924,
2006-04-09,156.972,
2006-04-10,160.02,
2006-04-11,163.373,
2006-04-12,170.993,
2006-04-13,175.26,
2006-04-14,176.479,
2006-04-15,179.527,
2006-04-16,184.404,
2006-04-17,184.404,
2006-04-18,184.404,
2006-04-19,184.404,
2006-04-20,183.49,
2006-04-21,181.661,
2006-04-22,180.34,
2006-04-23,178.308,
2006-04-24,176.276,
2006-04-25,174.244,
2006-04-26,172.212,
2006-04-27,170.18,
2006-04-28,168.148,
2006-04-29,166.116,
2006-04-30,163.576,
2006-05-01,160.528,
2006-05-02,157.48,
2006-05-03,153.67,
2006-05-04,149.86,
2006-05-05,146.05,
2006-05-06,144.018,
2006-05-07,142.24,
2006-05-08,140.716,
2006-05-09,137.16,
2006-05-10,134.62,
2006-05-11,132.08,
2006-05-12,129.286,
2006-05-13,125.73,
2006-05-14,121.92,
2006-05-15,118.11,
2006-05-16,114.3,
2006-05-17,110.49,
2006-05-18,106.68,
2006-05-19,102.87,
2006-05-20,99.06,
2006-05-21,97.79,
2006-05-22,93.726,
2006-05-23,86.563,
2006-05-24,81.382,
2006-05-25,77.114,
2006-05-26,73.457,
2006-05-27,71.933,
2006-05-28,70.714,
2006-05-29,69.19,
2006-05-30,66.446,
2006-05-31,61.57,
2006-06-01,55.474,
2006-06-02,50.902,
2006-06-03,44.196,
2006-06-04,37.49,
2006-06-05,29.566,
2006-06-06,23.47,
2006-06-07,18.593,
2006-06-08,16.154,
2006-06-09,14.63,
2006-06-10,12.192,
2006-06-11,8.23,
2006-06-12,5.182,
2006-06-13,2.438,
2006-06-14,0.0,
2006-06-15,0.0,
2006-06-16,0.0,
2006-06-17,0.0,
2006-06-18,0.0,
2006-06-19,0.0,
2006-06-20,0.0,
2006-06-21,0.0,
2006-06-22,0.0,
2006-06-23,0.0,
2006-06-24,0.0,
2006-06-25,0.0,
2006-06-26,0.0,
2006-06-27,0.0,
2006-06-28,0.0,
2006-06-29,0.0,
2006-06-30,0.0,
2006-07-01,0.0,
2006-07-02,0.0,
2006-07-03,0.0,
2006-07-04,0.0,
2006-07-05,0.0,
2006-07-06,0.0,
2006-07-07,0.0,
2006-07-08,0.0,
2006-07-09,0.0,
2006-07-10,0.0,
2006-07-11,0.0,
2006-07-12,0.0,
2006-07-13,0.0,
2006-07-14,0.0,
2006-07-15,0.0,
2006-07-16,0.0,
2006-07-17,0.0,
2006-07-18,0.0,
2006-07-19,0.0,
2006-07-20,0.0,
2006-07-21,0.0,
2006-07-22,0.0,
2006-07-23,0.0,
2006-07-24,0.0,
2006-07-25,0.0,
2006-07-26,0.0,
2006-07-27,0.0,
2006-07-28,0.0,
2006-07-29,0.0,
2006-07-30,0.0,
2006-07-31,0.0,
2006-08-01,0.0,
2006-08-02,0.0,
2006-08-03,0.0,
2006-08-04,0.0,
2006-08-05,0.0,
2006-08-06,0.0,
2006-08-07,0.0,
2006-08-08,0.0,
2006-08-09,0.0,
2006-08-10,0.0,
2006-08-11,0.0,
2006-08-12,0.0,
2006-08-13,0.0,
2006-08-14,0.0,
2006-08-15,0.0,
2006-08-16,0.0,
2006-08-17,0.0,
2006-08-18,0.0,
2006-08-19,0.0,
2006-08-20,0.0,
2006-08-21,0.0,
2006-08-22,0.0,
2006-08-23,0.0,
2006-08-24,0.0,
2006-08-25,0.0,
2006-08-26,0.0,
2006-08-27,0.0,
2006-08-28,0.0,
2006-08-29,0.0,
2006-08-30,0.0,
2006-08-31,0.0,
2006-09-01,0.0,
2006-09-02,0.0,
2006-09-03,0.0,
2006-09-04,0.0,
2006-09-05,0.0,
2006-09-06,0.0,
2006-09-07,0.0,
2006-09-08,0.0,
2006-09-09,0.0,
2006-09-10,0.0,
2006-09-11,0.0,
2006-09-12,0.0,
2006-09-13,0.0,
2006-09-14,0.0,
2006-09-15,0.0,
2006-09-16,0.0,
2006-09-17,0.0,
2006-09-18,0.0,
2006-09-19,0.0,
2006-09-20,0.0,
2006-09-21,0.0,
2006-09-22,0.0,
2006-09-23,0.0,
2006-09-24,0.0,
2006-09-25,0.0,
2006-09-26,0.0,
2006-09-27,0.0,
2006-09-28,0.0,
2006-09-29,0.0,
2006-09-30,0.0,
2006-10-01,0.0,
2006-10-02,0.0,
2006-10-03,0.0,
2006-10-04,0.0,
2006-10-05,0.0,
2006-10-06,0.0,
2006-10-07,0.0,
2006-10-08,0.0,
2006-10-09,0.0,
2006-10-10,0.0,
2006-10-11,0.0,
2006-10-12,0.0,
2006-10-13,0.0,
2006-10-14,0.0,
2006-10-15,0.0,
2006-10-16,0.0,
2006-10-17,0.0,
2006-10-18,0.0,
2006-10-19,0.0,
2006-10-20,0.0,
2006-10-21,0.0,
2006-10-22,0.0,
2006-10-23,0.0,
2006-10-24,0.0,
2006-10-25,0.0,
2006-10-26,0.0,
2006-10-27,0.0,
2006-10-28,0.0,
2006-10-29,0.0,
2006-10-30,0.0,
2006-10-31,0.0,
2006-11-01,0.0,
2006-11-02,0.0,
2006-11-03,0.0,
2006-11-04,0.0,
2006-11-05,0.0,
2006-11-06,0.0,
2006-11-07,0.0,
2006-11-08,0.0,
2006-11-09,0.0,
2006-11-10,0.0,
2006-11-11,0.0,
2006-11-12,1.219,
2006-11-13,5.182,
2006-11-14,7.315,
2006-11-15,7.01,
2006-11-16,6.401,
2006-11-17,4.877,
2006-11-18,4.267,
2006-11-19,3.048,
2006-11-20,0.0,
2006-11-21,0.0,
2006-11-22,0.0,
2006-11-23,0.0,
2006-11-24,0.0,
2006-11-25,0.0,
2006-11-26,0.0,
2006-11-27,5.486,
2006-11-28,5.791,
2006-11-29,6.401,
2006-11-30,6.401,
2006-12-01,6.401,
2006-12-02,6.096,
2006-12-03,6.096,
2006-12-04,6.096,
2006-12-05,6.096,
2006-12-06,5.791,
2006-12-07,5.791,
2006-12-08,5.791,
2006-12-09,8.23,
2006-12-10,10.363,
2006-12-11,11.887,
2006-12-12,15.24,
2006-12-13,15.24,
2006-12-14,15.24,
2006-12-15,15.24,
2006-12-16,15.24,
2006-12-17,14.935,
2006-12-18,14.935,
2006-12-19,14.935,
2006-12-20,14.935,
2006-12-21,14.63,
2006-12-22,15.545,
2006-12-23,15.545,
2006-12-24,16.154,
2006-12-25,16.459,
2006-12-26,16.459,
2006-12-27,21.946,
2006-12-28,22.25,
2006-12-29,22.25,
2006-12-30,22.25,
2006-12-31,22.25,
2007-01-01,22.25,
2007-01-02,22.25,
2007-01-03,22.25,
2007-01-04,25.298,
2007-01-05,25.298,
2007-01-06,25.298,
2007-01-07,25.298,
2007-01-08,25.298,
2007-01-09,25.298,
2007-01-10,25.298,
2007-01-11,25.298,
2007-01-12,25.298,
2007-01-13,25.298,
2007-01-14,25.298,
2007-01-15,25.298,
2007-01-16,25.298,
2007-01-17,25.298,
2007-01-18,25.298,
2007-01-19,25.298,
2007-01-20,25.298,
2007-01-21,25.298,
2007-01-22,25.298,
2007-01-23,25.298,
2007-01-24,25.298,
2007-01-25,24.994,
2007-01-26,24.994,
2007-01-27,24.689,
2007-01-28,24.384,
2007-01-29,24.384,
2007-01-30,24.384,
2007-01-31,24.384,
2007-02-01,24.384,
2007-02-02,24.384,
2007-02-03,24.384,
2007-02-04,24.384,
2007-02-05,24.384,
2007-02-06,24.384,
2007-02-07,24.384,
2007-02-08,24.689,
2007-02-09,28.346,
2007-02-10,28.346,
2007-02-11,28.346,
2007-02-12,28.346,
2007-02-13,30.175,
2007-02-14,30.175,
2007-02-15,30.175,
2007-02-16,29.261,
2007-02-17,28.702,
2007-02-18,28.042,
2007-02-19,28.042,
2007-02-20,28.042,
2007-02-21,29.566,
2007-02-22,38.71,
2007-02-23,40.234,
2007-02-24,40.538,
2007-02-25,43.688,
2007-02-26,45.72,
2007-02-27,46.33,
2007-02-28,47.854,
2007-03-01,48.463,
2007-03-02,48.463,
2007-03-03,48.463,
2007-03-04,47.854,
2007-03-05,46.939,
2007-03-06,46.939,
2007-03-07,46.634,
2007-03-08,50.597,
2007-03-09,50.597,
2007-03-10,50.597,
2007-03-11,50.597,
2007-03-12,50.597,
2007-03-13,49.987,
2007-03-14,49.682,
2007-03-15,49.073,
2007-03-16,48.158,
2007-03-17,47.244,
2007-03-18,46.025,
2007-03-19,42.977,
2007-03-20,40.538,
2007-03-21,38.71,
2007-03-22,38.405,
2007-03-23,37.795,
2007-03-24,36.271,
2007-03-25,32.614,
2007-03-26,28.956,
2007-03-27,29.566,
2007-03-28,33.833,
2007-03-29,33.833,
2007-03-30,31.699,
2007-03-31,29.261,
2007-04-01,26.518,
2007-04-02,24.994,
2007-04-03,23.47,
2007-04-04,20.422,
2007-04-05,17.374,
2007-04-06,14.326,
2007-04-07,11.278,
2007-04-08,7.925,
2007-04-09,5.182,
2007-04-10,3.048,
2007-04-11,1.524,
2007-04-12,2.438,
2007-04-13,2.134,
2007-04-14,0.914,
2007-04-15,1.219,
2007-04-16,0.0,
2007-04-17,0.0,
2007-04-18,0.0,
2007-04-19,0.0,
2007-04-20,0.914,
2007-04-21,0.0,
2007-04-22,3.658,
2007-04-23,3.962,
2007-04-24,3.353,
2007-04-25,1.219,
2007-04-26,0.0,
2007-04-27,0.0,
2007-04-28,0.0,
2007-04-29,0.0,
2007-04-30,0.0,
2007-05-01,0.0,
2007-05-02,0.0,
2007-05-03,0.0,
2007-05-04,0.0,
2007-05-05,0.0,
2007-05-06,0.0,
2007-05-07,0.0,
2007-05-08,0.0,
2007-05-09,0.0,
2007-05-10,0.0,
2007-05-11,0.0,
2007-05-12,0.0,
2007-05-13,0.0,
2007-05-14,0.0,
2007-05-15,0.0,
2007-05-16,0.0,
2007-05-17,0.0,
2007-05-18,0.0,
2007-05-19,0.0,
2007-05-20,0.0,
2007-05-21,0.0,
2007-05-22,0.0,
2007-05-23,0.0,
2007-05-24,0.0,
2007-05-25,0.0,
2007-05-26,0.0,
2007-05-27,0.0,
2007-05-28,0.0,
2007-05-29,0.0,
2007-05-30,0.0,
2007-05-31,0.0,
2007-06-01,0.0,
2007-06-02,0.0,
2007-06-03,0.0,
2007-06-04,0.0,
2007-06-05,0.0,
2007-06-06,0.0,
2007-06-07,0.0,
2007-06-08,0.0,
2007-06-09,0.0,
2007-06-10,0.0,
2007-06-11,0.0,
2007-06-12,0.0,
2007-06-13,0.0,
2007-06-14,0.0,
2007-06-15,0.0,
2007-06-16,0.0,
2007-06-17,0.0,
2007-06-18,0.0,
2007-06-19,0.0,
2007-06-20,0.0,
2007-06-21,0.0,
2007-06-22,0.0,
2007-06-23,0.0,
2007-06-24,0.0,
2007-06-25,0.0,
2007-06-26,0.0,
2007-06-27,0.0,
2007-06-28,0.0,
2007-06-29,0.0,
2007-06-30,0.0,
2007-07-01,0.0,
2007-07-02,0.0,
2007-07-03,0.0,
2007-07-04,0.0,
2007-07-05,0.0,
2007-07-06,0.0,
2007-07-07,0.0,
2007-07-08,0.0,
2007-07-09,0.0,
2007-07-10,0.0,
2007-07-11,0.0,
2007-07-12,0.0,
2007-07-13,0.0,
2007-07-14,0.0,
2007-07-15,0.0,
2007-07-16,0.0,
2007-07-17,0.0,
2007-07-18,0.0,
2007-07-19,0.0,
2007-07-20,0.0,
2007-07-21,0.0,
2007-07-22,0.0,
2007-07-23,0.0,
2007-07-24,0.0,
2007-07-25,0.0,
2007-07-26,0.0,
2007-07-27,0.0,
2007-07-28,0.0,
2007-07-29,0.0,
2007-07-30,0.0,
2007-07-31,0.0,
2007-08-01,0.0,
2007-08-02,0.0,
2007-08-03,0.0,
2007-08-04,0.0,
2007-08-05,0.0,
2007-08-06,0.0,
2007-08-07,0.0,
2007-08-08,0.0,
2007-08-09,0.0,
2007-08-10,0.0,
2007-08-11,0.0,
2007-08-12,0.0,
2007-08-13,0.0,
2007-08-14,0.0,
2007-08-15,0.0,
2007-08-16,0.0,
2007-08-17,0.0,
2007-08-18,0.0,
2007-08-19,0.0,
2007-08-20,0.0,
2007-08-21,0.0,
2007-08-22,0.0,
2007-08-23,0.0,
2007-08-24,0.0,
2007-08-25,0.0,
2007-08-26,0.0,
2007-08-27,0.0,
2007-08-28,0.0,
2007-08-29,0.0,
2007-08-30,0.0,
2007-08-31,0.0,
2007-09-01,0.0,
2007-09-02,0.0,
2007-09-03,0.0,
2007-09-04,0.0,
2007-09-05,0.0,
2007-09-06,0.0,
2007-09-07,0.0,
2007-09-08,0.0,
2007-09-09,0.0,
2007-09-10,0.0,
2007-09-11,0.0,
2007-09-12,0.0,
2007-09-13,0.0,
2007-09-14,0.0,
2007-09-15,0.0,
2007-09-16,0.0,
2007-09-17,0.0,
2007-09-18,0.0,
2007-09-19,0.0,
2007-09-20,0.0,
2007-09-21,0.0,
2007-09-22,0.0,
2007-09-23,0.0,
2007-09-24,0.0,
2007-09-25,0.0,
2007-09-26,0.0,
2007-09-27,0.0,
2007-09-28,0.0,
2007-09-29,0.0,
2007-09-30,0.0,
2007-10-01,0.0,
2007-10-02,0.0,
2007-10-03,0.0,
2007-10-04,0.0,
2007-10-05,0.0,
2007-10-06,0.0,
2007-10-07,0.0,
2007-10-08,0.0,
2007-10-09,0.0,
2007-10-10,0.0,
2007-10-11,0.0,
2007-10-12,0.0,
2007-10-13,0.0,
2007-10-14,0.0,
2007-10-15,0.0,
2007-10-16,0.0,
2007-10-17,0.0,
2007-10-18,0.0,
2007-10-19,0.0,
2007-10-20,0.0,
2007-10-21,0.0,
2007-10-22,0.0,
2007-10-23,0.0,
2007-10-24,0.0,
2007-10-25,0.0,
2007-10-26,0.0,
2007-10-27,0.0,
2007-10-28,0.0,
2007-10-29,0.0,
2007-10-30,0.0,
2007-10-31,0.0,
2007-11-01,0.0,
2007-11-02,0.0,
2007-11-03,0.0,
2007-11-04,0.0,
2007-11-05,0.0,
2007-11-06,0.0,
2007-11-07,0.0,
2007-11-08,0.0,
2007-11-09,0.0,
2007-11-10,0.0,
2007-11-11,0.0,
2007-11-12,0.0,
2007-11-13,0.0,
2007-11-14,0.0,
2007-11-15,0.0,
2007-11-16,0.0,
2007-11-17,0.0,
2007-11-18,0.0,
2007-11-19,0.0,
2007-11-20,0.0,
2007-11-21,0.0,
2007-11-22,0.0,
2007-11-23,0.0,
2007-11-24,0.0,
2007-11-25,0.0,
2007-11-26,0.0,
2007-11-27,0.0,
2007-11-28,0.0,
2007-11-29,0.0,
2007-11-30,0.0,
2007-12-01,0.0,
2007-12-02,0.0,
2007-12-03,4.877,
2007-12-04,6.401,
2007-12-05,6.401,
2007-12-06,6.401,
2007-12-07,7.315,
2007-12-08,7.62,
2007-12-09,8.839,
2007-12-10,8.839,
2007-12-11,10.058,
2007-12-12,9.754,
2007-12-13,9.144,
2007-12-14,10.668,
2007-12-15,9.144,
2007-12-16,8.534,
2007-12-17,10.973,
2007-12-18,15.85,
2007-12-19,18.796,
2007-12-20,23.114,
2007-12-21,25.908,
2007-12-22,26.213,
2007-12-23,26.213,
2007-12-24,26.213,
2007-12-25,25.603,
2007-12-26,25.298,
2007-12-27,24.994,
2007-12-28,25.603,
2007-12-29,25.908,
2007-12-30,26.213,
2007-12-31,26.213,
2008-01-01,26.213,
2008-01-02,26.213,
2008-01-03,25.908,
2008-01-04,31.09,
2008-01-05,42.062,
2008-01-06,45.415,
2008-01-07,47.854,
2008-01-08,49.073,
2008-01-09,53.035,
2008-01-10,54.864,
2008-01-11,54.864,
2008-01-12,55.778,
2008-01-13,56.388,
2008-01-14,56.388,
2008-01-15,56.388,
2008-01-16,56.083,
2008-01-17,56.083,
2008-01-18,56.083,
2008-01-19,56.388,
2008-01-20,56.388,
2008-01-21,56.388,
2008-01-22,56.388,
2008-01-23,56.693,
2008-01-24,56.693,
2008-01-25,59.436,
2008-01-26,63.398,
2008-01-27,66.751,
2008-01-28,69.19,
2008-01-29,69.799,
2008-01-30,71.628,
2008-01-31,72.847,
2008-02-01,78.029,
2008-02-02,78.638,
2008-02-03,84.734,
2008-02-04,85.649,
2008-02-05,85.954,
2008-02-06,86.563,
2008-02-07,87.63,
2008-02-08,87.63,
2008-02-09,87.63,
2008-02-10,87.63,
2008-02-11,87.63,
2008-02-12,87.63,
2008-02-13,87.63,
2008-02-14,87.63,
2008-02-15,87.63,
2008-02-16,87.63,
2008-02-17,87.63,
2008-02-18,87.63,
2008-02-19,87.63,
2008-02-20,88.646,
2008-02-21,90.83,
2008-02-22,94.183,
2008-02-23,94.793,
2008-02-24,98.45,
2008-02-25,104.546,
2008-02-26,104.546,
2008-02-27,104.242,
2008-02-28,104.242,
2008-02-29,104.242,
2008-03-01,103.937,
2008-03-02,103.327,
2008-03-03,103.327,
2008-03-04,103.327,
2008-03-05,103.327,
2008-03-06,103.022,
2008-03-07,103.022,
2008-03-08,103.022,
2008-03-09,103.022,
2008-03-10,102.718,
2008-03-11,102.337,
2008-03-12,101.956,
2008-03-13,101.575,
2008-03-14,101.219,
2008-03-15,100.838,
2008-03-16,100.457,
2008-03-17,99.974,
2008-03-18,99.365,
2008-03-19,99.06,
2008-03-20,98.755,
2008-03-21,98.45,
2008-03-22,98.146,
2008-03-23,97.536,
2008-03-24,96.012,
2008-03-25,94.488,
2008-03-26,93.574,
2008-03-27,93.269,
2008-03-28,94.488,
2008-03-29,96.012,
2008-03-30,96.622,
2008-03-31,96.622,
2008-04-01,96.317,
2008-04-02,95.707,
2008-04-03,95.098,
2008-04-04,93.574,
2008-04-05,93.218,
2008-04-06,92.71,
2008-04-07,92.202,
2008-04-08,91.745,
2008-04-09,91.135,
2008-04-10,90.83,
2008-04-11,88.087,
2008-04-12,87.097,
2008-04-13,86.131,
2008-04-14,85.141,
2008-04-15,84.15,
2008-04-16,83.185,
2008-04-17,82.194,
2008-04-18,81.991,
2008-04-19,80.467,
2008-04-20,80.467,
2008-04-21,80.467,
2008-04-22,81.991,
2008-04-23,85.649,
2008-04-24,84.734,
2008-04-25,82.601,
2008-04-26,78.638,
2008-04-27,70.104,
2008-04-28,70.104,
2008-04-29,69.799,
2008-04-30,69.494,
2008-05-01,67.056,
2008-05-02,64.618,
2008-05-03,61.265,
2008-05-04,57.607,
2008-05-05,51.816,
2008-05-06,45.11,
2008-05-07,38.405,
2008-05-08,34.442,
2008-05-09,30.48,
2008-05-10,28.042,
2008-05-11,25.603,
2008-05-12,23.774,
2008-05-13,21.336,
2008-05-14,18.288,
2008-05-15,14.935,
2008-05-16,13.106,
2008-05-17,10.363,
2008-05-18,6.706,
2008-05-19,3.658,
2008-05-20,2.134,
2008-05-21,1.219,
2008-05-22,1.219,
2008-05-23,0.914,
2008-05-24,0.914,
2008-05-25,0.914,
2008-05-26,0.61,
2008-05-27,0.61,
2008-05-28,0.0,
2008-05-29,0.0,
2008-05-30,0.0,
2008-05-31,0.0,
2008-06-01,0.0,
2008-06-02,0.0,
2008-06-03,0.0,
2008-06-04,0.0,
2008-06-05,0.0,
2008-06-06,0.0,
2008-06-07,0.0,
2008-06-08,0.0,
2008-06-09,0.0,
2008-06-10,0.0,
2008-06-11,0.0,
2008-06-12,0.0,
2008-06-13,0.0,
2008-06-14,0.0,
2008-06-15,0.0,
2008-06-16,0.0,
2008-06-17,0.0,
2008-06-18,0.0,
2008-06-19,0.0,
2008-06-20,0.0,
2008-06-21,0.0,
2008-06-22,0.0,
2008-06-23,0.0,
2008-06-24,0.0,
2008-06-25,0.0,
2008-06-26,0.0,
2008-06-27,0.0,
2008-06-28,0.0,
2008-06-29,0.0,
2008-06-30,0.0,
2008-07-01,0.0,
2008-07-02,0.0,
2008-07-03,0.0,
2008-07-04,0.0,
2008-07-05,0.0,
2008-07-06,0.0,
2008-07-07,0.0,
2008-07-08,0.0,
2008-07-09,0.0,
2008-07-10,0.0,
2008-07-11,0.0,
2008-07-12,0.0,
2008-07-13,0.0,
2008-07-14,0.0,
2008-07-15,0.0,
2008-07-16,0.0,
2008-07-17,0.0,
2008-07-18,0.0,
2008-07-19,0.0,
2008-07-20,0.0,
2008-07-21,0.0,
2008-07-22,0.0,
2008-07-23,0.0,
2008-07-24,0.0,
2008-07-25,0.0,
2008-07-26,0.0,
2008-07-27,0.0,
2008-07-28,0.0,
2008-07-29,0.0,
2008-07-30,0.0,
2008-07-31,0.0,
2008-08-01,0.0,
2008-08-02,0.0,
2008-08-03,0.0,
2008-08-04,0.0,
2008-08-05,0.0,
2008-08-06,0.0,
2008-08-07,0.0,
2008-08-08,0.0,
2008-08-09,0.0,
2008-08-10,0.0,
2008-08-11,0.0,
2008-08-12,0.0,
2008-08-13,0.0,
2008-08-14,0.0,
2008-08-15,0.0,
2008-08-16,0.0,
2008-08-17,0.0,
2008-08-18,0.0,
2008-08-19,0.0,
2008-08-20,0.0,
2008-08-21,0.0,
2008-08-22,0.0,
2008-08-23,0.0,
2008-08-24,0.0,
2008-08-25,0.0,
2008-08-26,0.0,
2008-08-27,0.0,
2008-08-28,0.0,
2008-08-29,0.0,
2008-08-30,0.0,
2008-08-31,0.0,
2008-09-01,0.0,
2008-09-02,0.0,
2008-09-03,0.0,
2008-09-04,0.0,
2008-09-05,0.0,
2008-09-06,0.0,
2008-09-07,0.0,
2008-09-08,0.0,
2008-09-09,0.0,
2008-09-10,0.0,
2008-09-11,0.0,
2008-09-12,0.0,
2008-09-13,0.0,
2008-09-14,0.0,
2008-09-15,0.0,
2008-09-16,0.0,
2008-09-17,0.0,
2008-09-18,0.0,
2008-09-19,0.0,
2008-09-20,0.0,
2008-09-21,0.0,
2008-09-22,0.0,
2008-09-23,0.0,
2008-09-24,0.0,
2008-09-25,0.0,
2008-09-26,0.0,
2008-09-27,0.0,
2008-09-28,0.0,
2008-09-29,0.0,
2008-09-30,0.0,
2008-10-01,0.0,
2008-10-02,0.0,
2008-10-03,0.0,
2008-10-04,0.0,
2008-10-05,0.0,
2008-10-06,0.0,
2008-10-07,0.0,
2008-10-08,0.0,
2008-10-09,0.0,
2008-10-10,0.0,
2008-10-11,0.0,
2008-10-12,0.0,
2008-10-13,0.0,
2008-10-14,0.0,
2008-10-15,0.0,
2008-10-16,0.0,
2008-10-17,0.0,
2008-10-18,0.0,
2008-10-19,0.0,
2008-10-20,0.0,
2008-10-21,0.0,
2008-10-22,0.0,
2008-10-23,0.0,
2008-10-24,0.0,
2008-10-25,0.0,
2008-10-26,0.0,
2008-10-27,0.0,
2008-10-28,0.0,
2008-10-29,0.0,
2008-10-30,0.0,
2008-10-31,0.61,
2008-11-01,0.61,
2008-11-02,0.61,
2008-11-03,0.61,
2008-11-04,5.486,
2008-11-05,5.486,
2008-11-06,5.791,
2008-11-07,5.182,
2008-11-08,4.877,
2008-11-09,4.572,
2008-11-10,3.962,
2008-11-11,3.658,
2008-11-12,3.048,
2008-11-13,2.743,
2008-11-14,1.219,
2008-11-15,0.305,
2008-11-16,0.305,
2008-11-17,0.305,
2008-11-18,0.0,
2008-11-19,0.0,
2008-11-20,0.0,
2008-11-21,0.0,
2008-11-22,0.0,
2008-11-23,0.0,
2008-11-24,0.0,
2008-11-25,0.0,
2008-11-26,0.0,
2008-11-27,0.0,
2008-11-28,0.0,
2008-11-29,0.0,
2008-11-30,0.0,
2008-12-01,0.0,
2008-12-02,0.0,
2008-12-03,0.0,
2008-12-04,0.0,
2008-12-05,0.0,
2008-12-06,0.0,
2008-12-07,0.0,
2008-12-08,0.0,
2008-12-09,0.0,
2008-12-10,0.0,
2008-12-11,0.0,
2008-12-12,0.0,
2008-12-13,0.0,
2008-12-14,0.0,
2008-12-15,1.829,
2008-12-16,2.743,
2008-12-17,2.743,
2008-12-18,3.048,
2008-12-19,5.486,
2008-12-20,5.486,
2008-12-21,5.791,
2008-12-22,7.01,
2008-12-23,7.62,
2008-12-24,8.534,
2008-12-25,11.887,
2008-12-26,11.887,
2008-12-27,11.887,
2008-12-28,12.497,
2008-12-29,14.63,
2008-12-30,14.63,
2008-12-31,14.63,
2009-01-01,14.63,
2009-01-02,15.85,
2009-01-03,16.154,
2009-01-04,16.154,
2009-01-05,16.154,
2009-01-06,16.764,
2009-01-07,16.459,
2009-01-08,16.459,
2009-01-09,16.764,
2009-01-10,16.764,
2009-01-11,16.764,
2009-01-12,16.459,
2009-01-13,16.459,
2009-01-14,16.459,
2009-01-15,16.154,
2009-01-16,15.85,
2009-01-17,15.85,
2009-01-18,15.545,
2009-01-19,15.545,
2009-01-20,15.545,
2009-01-21,14.935,
2009-01-22,14.63,
2009-01-23,14.63,
2009-01-24,14.326,
2009-01-25,14.326,
2009-01-26,14.63,
2009-01-27,14.326,
2009-01-28,15.545,
2009-01-29,15.24,
2009-01-30,13.716,
2009-01-31,12.497,
2009-02-01,11.887,
2009-02-02,11.278,
2009-02-03,10.973,
2009-02-04,9.754,
2009-02-05,9.144,
2009-02-06,14.935,
2009-02-07,17.374,
2009-02-08,17.678,
2009-02-09,17.983,
2009-02-10,17.983,
2009-02-11,19.812,
2009-02-12,22.25,
2009-02-13,25.298,
2009-02-14,28.956,
2009-02-15,34.138,
2009-02-16,39.929,
2009-02-17,42.672,
2009-02-18,44.501,
2009-02-19,44.501,
2009-02-20,44.806,
2009-02-21,45.72,
2009-02-22,48.158,
2009-02-23,49.784,
2009-02-24,50.292,
2009-02-25,50.292,
2009-02-26,52.121,
2009-02-27,52.73,
2009-02-28,52.73,
2009-03-01,53.645,
2009-03-02,59.741,
2009-03-03,64.008,
2009-03-04,66.751,
2009-03-05,67.056,
2009-03-06,66.446,
2009-03-07,65.532,
2009-03-08,64.922,
2009-03-09,64.313,
2009-03-10,63.703,
2009-03-11,63.398,
2009-03-12,63.398,
2009-03-13,63.094,
2009-03-14,62.789,
2009-03-15,63.094,
2009-03-16,67.97,
2009-03-17,73.152,
2009-03-18,73.457,
2009-03-19,73.762,
2009-03-20,73.457,
2009-03-21,72.847,
2009-03-22,73.762,
2009-03-23,74.981,
2009-03-24,75.895,
2009-03-25,76.2,
2009-03-26,75.286,
2009-03-27,73.152,
2009-03-28,71.323,
2009-03-29,71.018,
2009-03-30,71.933,
2009-03-31,71.933,
2009-04-01,68.885,
2009-04-02,66.446,
2009-04-03,65.227,
2009-04-04,64.922,
2009-04-05,64.313,
2009-04-06,62.484,
2009-04-07,60.655,
2009-04-08,58.217,
2009-04-09,58.522,
2009-04-10,62.179,
2009-04-11,62.484,
2009-04-12,62.179,
2009-04-13,61.57,
2009-04-14,59.741,
2009-04-15,60.046,
2009-04-16,61.265,
2009-04-17,61.265,
2009-04-18,59.436,
2009-04-19,57.607,
2009-04-20,53.34,
2009-04-21,49.378,
2009-04-22,44.806,
2009-04-23,39.929,
2009-04-24,36.881,
2009-04-25,36.881,
2009-04-26,35.052,
2009-04-27,32.918,
2009-04-28,30.785,
2009-04-29,29.87,
2009-04-30,30.175,
2009-05-01,28.956,
2009-05-02,27.737,
2009-05-03,26.822,
2009-05-04,24.079,
2009-05-05,24.384,
2009-05-06,20.422,
2009-05-07,18.593,
2009-05-08,18.288,
2009-05-09,15.545,
2009-05-10,13.411,
2009-05-11,10.973,
2009-05-12,9.144,
2009-05-13,6.401,
2009-05-14,4.572,
2009-05-15,3.048,
2009-05-16,1.829,
2009-05-17,1.219,
2009-05-18,0.0,
2009-05-19,0.0,
2009-05-20,0.0,
2009-05-21,0.0,
2009-05-22,0.0,
2009-05-23,0.0,
2009-05-24,0.0,
2009-05-25,0.0,
2009-05-26,0.0,
2009-05-27,0.0,
2009-05-28,0.0,
2009-05-29,0.0,
2009-05-30,0.0,
2009-05-31,0.0,
2009-06-01,0.0,
2009-06-02,0.0,
2009-06-03,0.0,
2009-06-04,0.0,
2009-06-05,0.0,
2009-06-06,0.0,
2009-06-07,0.0,
2009-06-08,0.0,
2009-06-09,0.0,
2009-06-10,0.0,
2009-06-11,0.0,
2009-06-12,0.0,
2009-06-13,0.0,
2009-06-14,0.0,
2009-06-15,0.0,
2009-06-16,0.0,
2009-06-17,0.0,
2009-06-18,0.0,
2009-06-19,0.0,
2009-06-20,0.0,
2009-06-21,0.0,
2009-06-22,0.0,
2009-06-23,0.0,
2009-06-24,0.0,
2009-06-25,0.0,
2009-06-26,0.0,
2009-06-27,0.0,
2009-06-28,0.0,
2009-06-29,0.0,
2009-06-30,0.0,
2009-07-01,0.0,
2009-07-02,0.0,
2009-07-03,0.0,
2009-07-04,0.0,
2009-07-05,0.0,
2009-07-06,0.0,
2009-07-07,0.0,
2009-07-08,0.0,
2009-07-09,0.0,
2009-07-10,0.0,
2009-07-11,0.0,
2009-07-12,0.0,
2009-07-13,0.0,
2009-07-14,0.0,
2009-07-15,0.0,
2009-07-16,0.0,
2009-07-17,0.0,
2009-07-18,0.0,
2009-07-19,0.0,
2009-07-20,0.0,
2009-07-21,0.0,
2009-07-22,0.0,
2009-07-23,0.0,
2009-07-24,0.0,
2009-07-25,0.0,
2009-07-26,0.0,
2009-07-27,0.0,
2009-07-28,0.0,
2009-07-29,0.0,
2009-07-30,0.0,
2009-07-31,0.0,
2009-08-01,0.0,
2009-08-02,0.0,
2009-08-03,0.0,
2009-08-04,0.0,
2009-08-05,0.0,
2009-08-06,0.0,
2009-08-07,0.0,
2009-08-08,0.0,
2009-08-09,0.0,
2009-08-10,0.0,
2009-08-11,0.0,
2009-08-12,0.0,
2009-08-13,0.0,
2009-08-14,0.0,
2009-08-15,0.0,
2009-08-16,0.0,
2009-08-17,0.0,
2009-08-18,0.0,
2009-08-19,0.0,
2009-08-20,0.0,
2009-08-21,0.0,
2009-08-22,0.0,
2009-08-23,0.0,
2009-08-24,0.0,
2009-08-25,0.0,
2009-08-26,0.0,
2009-08-27,0.0,
2009-08-28,0.0,
2009-08-29,0.0,
2009-08-30,0.0,
2009-08-31,0.0,
2009-09-01,0.0,
2009-09-02,0.0,
2009-09-03,0.0,
2009-09-04,0.0,
2009-09-05,0.0,
2009-09-06,0.0,
2009-09-07,0.0,
2009-09-08,0.0,
2009-09-09,0.0,
2009-09-10,0.0,
2009-09-11,0.0,
2009-09-12,0.0,
2009-09-13,0.0,
2009-09-14,0.0,
2009-09-15,0.0,
2009-09-16,0.0,
2009-09-17,0.0,
2009-09-18,0.0,
2009-09-19,0.0,
2009-09-20,0.0,
2009-09-21,0.0,
2009-09-22,0.0,
2009-09-23,0.0,
2009-09-24,0.0,
2009-09-25,0.0,
2009-09-26,0.0,
2009-09-27,0.0,
2009-09-28,0.0,
2009-09-29,0.0,
2009-09-30,0.0,
2009-10-01,0.0,
2009-10-02,0.0,
2009-10-03,0.0,
2009-10-04,0.0,
2009-10-05,0.0,
2009-10-06,0.0,
2009-10-07,0.0,
2009-10-08,0.0,
2009-10-09,0.0,
2009-10-10,0.0,
2009-10-11,0.0,
2009-10-12,0.0,
2009-10-13,0.914,
2009-10-14,0.914,
2009-10-15,0.61,
2009-10-16,0.61,
2009-10-17,0.61,
2009-10-18,0.305,
2009-10-19,0.0,
2009-10-20,0.0,
2009-10-21,0.0,
2009-10-22,0.0,
2009-10-23,0.0,
2009-10-24,0.0,
2009-10-25,0.0,
2009-10-26,0.0,
2009-10-27,0.0,
2009-10-28,0.0,
2009-10-29,0.0,
2009-10-30,0.0,
2009-10-31,0.0,
2009-11-01,0.0,
2009-11-02,0.0,
2009-11-03,0.0,
2009-11-04,0.0,
2009-11-05,0.0,
2009-11-06,0.0,
2009-11-07,0.0,
2009-11-08,0.0,
2009-11-09,0.61,
2009-11-10,1.829,
2009-11-11,1.524,
2009-11-12,1.829,
2009-11-13,1.524,
2009-11-14,1.219,
2009-11-15,1.524,
2009-11-16,1.219,
2009-11-17,0.914,
2009-11-18,1.524,
2009-11-19,1.524,
2009-11-20,1.524,
2009-11-21,3.962,
2009-11-22,4.877,
2009-11-23,4.877,
2009-11-24,4.877,
2009-11-25,4.877,
2009-11-26,4.267,
2009-11-27,5.182,
2009-11-28,5.182,
2009-11-29,6.096,
2009-11-30,4.877,
2009-12-01,6.096,
2009-12-02,6.706,
2009-12-03,5.486,
2009-12-04,4.267,
2009-12-05,3.658,
2009-12-06,7.01,
2009-12-07,8.23,
2009-12-08,9.144,
2009-12-09,11.278,
2009-12-10,11.887,
2009-12-11,9.754,
2009-12-12,9.449,
2009-12-13,9.754,
2009-12-14,8.534,
2009-12-15,9.449,
2009-12-16,14.935,
2009-12-17,15.85,
2009-12-18,15.85,
2009-12-19,15.85,
2009-12-20,15.85,
2009-12-21,18.288,
2009-12-22,18.898,
2009-12-23,18.288,
2009-12-24,18.593,
2009-12-25,19.812,
2009-12-26,20.422,
2009-12-27,21.336,
2009-12-28,22.25,
2009-12-29,22.25,
2009-12-30,24.384,
2009-12-31,24.994,
2010-01-01,29.21,
2010-01-02,32.309,
2010-01-03,33.223,
2010-01-04,33.223,
2010-01-05,33.528,
2010-01-06,33.528,
2010-01-07,33.528,
2010-01-08,33.528,
2010-01-09,31.394,
2010-01-10,31.394,
2010-01-11,31.09,
2010-01-12,33.223,
2010-01-13,35.052,
2010-01-14,36.576,
2010-01-15,37.795,
2010-01-16,38.405,
2010-01-17,39.624,
2010-01-18,43.891,
2010-01-19,52.121,
2010-01-20,64.008,
2010-01-21,76.81,
2010-01-22,79.858,
2010-01-23,81.686,
2010-01-24,84.125,
2010-01-25,88.697,
2010-01-26,93.878,
2010-01-27,95.402,
2010-01-28,96.012,
2010-01-29,96.317,
2010-01-30,97.536,
2010-01-31,97.841,
2010-02-01,98.146,
2010-02-02,98.755,
2010-02-03,99.974,
2010-02-04,100.889,
2010-02-05,109.118,
2010-02-06,112.471,
2010-02-07,114.605,
2010-02-08,114.91,
2010-02-09,115.824,
2010-02-10,116.129,
2010-02-11,116.738,
2010-02-12,119.177,
2010-02-13,121.92,
2010-02-14,123.139,
2010-02-15,125.273,
2010-02-16,126.492,
2010-02-17,126.797,
2010-02-18,127.711,
2010-02-19,128.626,
2010-02-20,129.54,
2010-02-21,130.454,
2010-02-22,130.15,
2010-02-23,131.674,
2010-02-24,136.855,
2010-02-25,138.379,
2010-02-26,140.208,
2010-02-27,146.914,
2010-02-28,148.133,
2010-03-01,149.047,
2010-03-02,149.657,
2010-03-03,156.362,
2010-03-04,159.41,
2010-03-05,160.02,
2010-03-06,160.934,
2010-03-07,160.934,
2010-03-08,161.239,
2010-03-09,161.239,
2010-03-10,162.154,
2010-03-11,162.763,
2010-03-12,163.678,
2010-03-13,167.03,
2010-03-14,167.945,
2010-03-15,168.25,
2010-03-16,167.945,
2010-03-17,167.335,
2010-03-18,167.03,
2010-03-19,166.726,
2010-03-20,166.421,
2010-03-21,164.287,
2010-03-22,164.287,
2010-03-23,163.982,
2010-03-24,162.458,
2010-03-25,159.41,
2010-03-26,159.715,
2010-03-27,161.239,
2010-03-28,161.239,
2010-03-29,158.75,
2010-03-30,152.4,
2010-03-31,152.705,
2010-04-01,154.838,
2010-04-02,156.667,
2010-04-03,162.154,
2010-04-04,163.373,
2010-04-05,168.859,
2010-04-06,168.859,
2010-04-07,168.554,
2010-04-08,167.64,
2010-04-09,167.03,
2010-04-10,166.116,
2010-04-11,166.726,
2010-04-12,172.212,
2010-04-13,178.918,
2010-04-14,179.832,
2010-04-15,181.966,
2010-04-16,182.27,
2010-04-17,181.966,
2010-04-18,169.774,
2010-04-19,166.421,
2010-04-20,171.298,
2010-04-21,178.613,
2010-04-22,182.575,
2010-04-23,185.318,
2010-04-24,182.27,
2010-04-25,178.918,
2010-04-26,178.613,
2010-04-27,182.88,
2010-04-28,194.158,
2010-04-29,195.072,
2010-04-30,197.206,
2010-05-01,199.644,
2010-05-02,196.901,
2010-05-03,194.767,
2010-05-04,193.853,
2010-05-05,195.682,
2010-05-06,198.425,
2010-05-07,197.206,
2010-05-08,195.682,
2010-05-09,195.682,
2010-05-10,195.682,
2010-05-11,197.815,
2010-05-12,196.291,
2010-05-13,192.329,
2010-05-14,191.414,
2010-05-15,195.986,
2010-05-16,201.778,
2010-05-17,195.58,
2010-05-18,193.04,
2010-05-19,190.5,
2010-05-20,186.69,
2010-05-21,,
2010-05-22,,
2010-05-23,,
2010-05-24,,
2010-05-25,,
2010-05-26,,
2010-05-27,,
2010-05-28,,
2010-05-29,,
2010-05-30,,
2010-05-31,,
2010-06-01,,
2010-06-02,,
2010-06-03,,
2010-06-04,,
2010-06-05,,
2010-06-06,,
2010-06-07,,
2010-06-08,,
2010-06-09,,
2010-06-10,,
2010-06-11,,
2010-06-12,,
2010-06-13,,
2010-06-14,,
2010-06-15,,
2010-06-16,,
2010-06-17,,
2010-06-18,,
2010-06-19,,
2010-06-20,,
2010-06-21,,
2010-06-22,,
2010-06-23,,
2010-06-24,,
2010-06-25,,
2010-06-26,,
2010-06-27,,
2010-06-28,,
2010-06-29,,
2010-06-30,,
2010-07-01,,
2010-07-02,,
2010-07-03,,
2010-07-04,,
2010-07-05,,
2010-07-06,,
2010-07-07,,
2010-07-08,,
2010-07-09,,
2010-07-10,,
2010-07-11,,
2010-07-12,,
2010-07-13,,
2010-07-14,,
2010-07-15,,
2010-07-16,,
2010-07-17,,
2010-07-18,,
2010-07-19,,
2010-07-20,,
2010-07-21,,
2010-07-22,,
2010-07-23,,
2010-07-24,,
2010-07-25,,
2010-07-26,,
2010-07-27,,
2010-07-28,,
2010-07-29,,
2010-07-30,,
2010-07-31,,
2010-08-01,,
2010-08-02,,
2010-08-03,,
2010-08-04,,
2010-08-05,,
2010-08-06,,
2010-08-07,,
2010-08-08,,
2010-08-09,,
2010-08-10,,
2010-08-11,,
2010-08-12,,
2010-08-13,,
2010-08-14,,
2010-08-15,,
2010-08-16,,
2010-08-17,,
2010-08-18,,
2010-08-19,,
2010-08-20,,
2010-08-21,,
2010-08-22,,
2010-08-23,,
2010-08-24,,
2010-08-25,,
2010-08-26,,
2010-08-27,,
2010-08-28,,
2010-08-29,,
2010-08-30,,
2010-08-31,,
2010-09-01,,
2010-09-02,,
2010-09-03,,
2010-09-04,,
2010-09-05,,
2010-09-06,,
2010-09-07,,
2010-09-08,,
2010-09-09,,
2010-09-10,,
2010-09-11,,
2010-09-12,,
2010-09-13,,
2010-09-14,,
2010-09-15,,
2010-09-16,,
2010-09-17,,
2010-09-18,,
2010-09-19,,
2010-09-20,,
2010-09-21,,
2010-09-22,,
2010-09-23,,
2010-09-24,,
2010-09-25,,
2010-09-26,,
2010-09-27,,
2010-09-28,,
2010-09-29,,
2010-09-30,,
2010-10-01,0.0,
2010-10-02,0.0,
2010-10-03,0.0,
2010-10-04,0.0,
2010-10-05,0.0,
2010-10-06,0.0,
2010-10-07,0.0,
2010-10-08,0.0,
2010-10-09,0.0,
2010-10-10,0.0,
2010-10-11,0.0,
2010-10-12,0.0,
2010-10-13,0.0,
2010-10-14,0.0,
2010-10-15,0.0,
2010-10-16,0.0,
2010-10-17,0.0,
2010-10-18,0.0,
2010-10-19,0.0,
2010-10-20,0.0,
2010-10-21,0.0,
2010-10-22,0.0,
2010-10-23,0.0,
2010-10-24,3.632,
2010-10-25,0.889,
2010-10-26,0.889,
2010-10-27,0.889,
2010-10-28,2.108,
2010-10-29,7.29,
2010-10-30,7.899,
2010-10-31,7.595,
2010-11-01,5.766,
2010-11-02,4.242,
2010-11-03,2.413,
2010-11-04,0.584,
2010-11-05,0.279,
2010-11-06,0.279,
2010-11-07,0.584,
2010-11-08,0.889,
2010-11-09,0.889,
2010-11-10,1.499,
2010-11-11,2.108,
2010-11-12,2.413,
2010-11-13,2.413,
2010-11-14,0.584,
2010-11-15,0.0,
2010-11-16,0.279,
2010-11-17,0.279,
2010-11-18,0.279,
2010-11-19,0.279,
2010-11-20,0.279,
2010-11-21,5.461,
2010-11-22,5.766,
2010-11-23,7.899,
2010-11-24,7.595,
2010-11-25,7.595,
2010-11-26,7.595,
2010-11-27,9.423,
2010-11-28,10.338,
2010-11-29,10.338,
2010-11-30,10.033,
2010-12-01,10.338,
2010-12-02,11.252,
2010-12-03,12.471,
2010-12-04,12.471,
2010-12-05,13.386,
2010-12-06,18.263,
2010-12-07,19.482,
2010-12-08,20.091,
2010-12-09,22.53,
2010-12-10,22.53,
2010-12-11,23.139,
2010-12-12,21.311,
2010-12-13,19.482,
2010-12-14,19.787,
2010-12-15,20.396,
2010-12-16,19.482,
2010-12-17,15.215,
2010-12-18,15.215,
2010-12-19,17.958,
2010-12-20,23.139,
2010-12-21,28.931,
2010-12-22,36.855,
2010-12-23,38.075,
2010-12-24,38.684,
2010-12-25,38.989,
2010-12-26,44.171,
2010-12-27,46.609,
2010-12-28,46.914,
2010-12-29,52.578,
2010-12-30,53.924,
2010-12-31,53.924,
2011-01-01,54.534,172.72
2011-01-02,54.839,165.1
2011-01-03,54.839,162.56
2011-01-04,54.839,157.48
2011-01-05,54.534,154.94
2011-01-06,54.534,152.4
2011-01-07,54.229,149.86
2011-01-08,53.924,147.32
2011-01-09,53.619,142.24
2011-01-10,53.619,142.24
2011-01-11,53.619,142.24
2011-01-12,54.534,149.86
2011-01-13,54.839,147.32
2011-01-14,54.229,144.78
2011-01-15,54.229,142.24
2011-01-16,53.619,134.62
2011-01-17,51.486,129.54
2011-01-18,50.571,127.0
2011-01-19,50.876,127.0
2011-01-20,51.181,124.46
2011-01-21,50.876,124.46
2011-01-22,50.571,119.38
2011-01-23,49.962,116.84
2011-01-24,49.657,116.84
2011-01-25,49.352,114.3
2011-01-26,48.743,114.3
2011-01-27,48.438,111.76
2011-01-28,47.828,111.76
2011-01-29,47.219,109.22
2011-01-30,47.523,114.3
2011-01-31,47.828,99.06
2011-02-01,47.523,109.22
2011-02-02,47.219,109.22
2011-02-03,46.914,109.22
2011-02-04,46.914,106.68
2011-02-05,47.219,106.68
2011-02-06,45.999,104.14
2011-02-07,45.695,101.6
2011-02-08,45.695,101.6
2011-02-09,45.085,101.6
2011-02-10,44.475,101.6
2011-02-11,45.39,99.06
2011-02-12,45.695,96.52
2011-02-13,45.39,93.98
2011-02-14,44.78,96.52
2011-02-15,46.914,111.76
2011-02-16,55.448,157.48
2011-02-17,57.582,162.56
2011-02-18,60.63,177.8
2011-02-19,61.239,177.8
2011-02-20,62.154,177.8
2011-02-21,62.154,177.8
2011-02-22,62.154,175.26
2011-02-23,61.849,172.72
2011-02-24,61.544,167.64
2011-02-25,61.849,172.72
2011-02-26,61.849,175.26
2011-02-27,62.154,
2011-02-28,61.849,
2011-03-01,62.459,170.18
2011-03-02,64.592,175.26
2011-03-03,67.335,185.42
2011-03-04,67.945,185.42
2011-03-05,68.859,182.88
2011-03-06,70.688,180.34
2011-03-07,70.688,177.8
2011-03-08,70.688,177.8
2011-03-09,71.298,175.26
2011-03-10,71.298,170.18
2011-03-11,73.431,175.26
2011-03-12,73.736,172.72
2011-03-13,74.955,177.8
2011-03-14,79.832,190.5
2011-03-15,80.442,190.5
2011-03-16,85.344,205.74
2011-03-17,86.843,205.74
2011-03-18,89.586,223.52
2011-03-19,94.767,243.84
2011-03-20,99.949,276.86
2011-03-21,108.788,304.8
2011-03-22,109.398,289.56
2011-03-23,110.007,287.02
2011-03-24,115.494,320.04
2011-03-25,125.247,360.68
2011-03-26,131.953,388.62
2011-03-27,135.915,391.16
2011-03-28,138.659,386.08
2011-03-29,139.268,373.38
2011-03-30,139.573,363.22
2011-03-31,139.573,350.52
2011-04-01,139.573,335.28
2011-04-02,140.183,320.04
2011-04-03,140.183,309.88
2011-04-04,140.487,304.8
2011-04-05,140.487,297.18
2011-04-06,140.792,289.56
2011-04-07,140.183,284.48
2011-04-08,139.573,281.94
2011-04-09,140.183,279.4
2011-04-10,140.183,276.86
2011-04-11,139.878,274.32
2011-04-12,139.268,271.78
2011-04-13,138.354,269.24
2011-04-14,137.744,269.24
2011-04-15,136.83,269.24
2011-04-16,137.135,264.16
2011-04-17,135.128,259.08
2011-04-18,132.867,254.0
2011-04-19,135.407,248.92
2011-04-20,138.049,246.38
2011-04-21,138.43,266.7
2011-04-22,139.7,254.0
2011-04-23,139.7,251.46
2011-04-24,140.97,256.54
2011-04-25,140.97,251.46
2011-04-26,143.231,251.46
2011-04-27,141.402,248.92
2011-04-28,139.573,243.84
2011-04-29,142.621,241.3
2011-04-30,144.45,238.76
2011-05-01,144.145,233.68
2011-05-02,142.011,231.14
2011-05-03,140.183,228.6
2011-05-04,140.97,223.52
2011-05-05,140.97,220.98
2011-05-06,140.97,215.9
2011-05-07,142.24,213.36
2011-05-08,144.78,210.82
2011-05-09,144.78,205.74
2011-05-10,144.78,203.2
2011-05-11,144.78,198.12
2011-05-12,141.707,193.04
2011-05-13,140.792,187.96
2011-05-14,140.183,185.42
2011-05-15,138.049,182.88
2011-05-16,132.563,193.04
2011-05-17,127.076,203.2
2011-05-18,124.333,205.74
2011-05-19,123.114,195.58
2011-05-20,120.675,187.96
2011-05-21,119.38,182.88
2011-05-22,118.11,175.26
2011-05-23,117.627,170.18
2011-05-24,117.627,167.64
2011-05-25,118.237,162.56
2011-05-26,119.456,180.34
2011-05-27,113.665,175.26
2011-05-28,108.179,167.64
2011-05-29,104.826,172.72
2011-05-30,100.559,165.1
2011-05-31,97.815,165.1
2011-06-01,99.949,195.58
2011-06-02,100.559,190.5
2011-06-03,102.387,185.42
2011-06-04,102.997,180.34
2011-06-05,101.168,172.72
2011-06-06,101.168,167.64
2011-06-07,101.168,160.02
2011-06-08,101.168,154.94
2011-06-09,101.168,147.32
2011-06-10,101.168,142.24
2011-06-11,98.12,134.62
2011-06-12,92.939,129.54
2011-06-13,86.538,121.92
2011-06-14,81.356,114.3
2011-06-15,74.955,106.68
2011-06-16,68.555,99.06
2011-06-17,63.678,96.52
2011-06-18,58.496,91.44
2011-06-19,54.229,83.82
2011-06-20,48.743,76.2
2011-06-21,42.342,68.58
2011-06-22,35.636,60.96
2011-06-23,28.321,48.26
2011-06-24,23.749,40.64
2011-06-25,20.091,30.48
2011-06-26,14.605,22.86
2011-06-27,8.204,12.7
2011-06-28,2.413,0.0
2011-06-29,0.584,
2011-06-30,0.0,
2011-07-01,0.279,
2011-07-02,0.0,
2011-07-03,0.0,
2011-07-04,0.0,
2011-07-05,0.0,
2011-07-06,0.0,
2011-07-07,0.0,
2011-07-08,0.0,
2011-07-09,0.0,
2011-07-10,0.0,
2011-07-11,0.0,
2011-07-12,0.0,0.0
2011-07-13,0.0,
2011-07-14,0.0,
2011-07-15,0.0,
2011-07-16,0.0,
2011-07-17,0.0,
2011-07-18,0.0,
2011-07-19,0.0,
2011-07-20,0.0,
2011-07-21,0.0,0.0
2011-07-22,0.0,
2011-07-23,0.0,
2011-07-24,0.0,0.0
2011-07-25,0.0,
2011-07-26,0.0,
2011-07-27,0.0,
2011-07-28,0.0,
2011-07-29,0.0,
2011-07-30,0.0,0.0
2011-07-31,0.0,
2011-08-01,0.0,
2011-08-02,0.0,
2011-08-03,0.0,
2011-08-04,0.0,
2011-08-05,0.0,
2011-08-06,0.0,
2011-08-07,0.0,
2011-08-08,0.0,
2011-08-09,0.0,
2011-08-10,0.0,0.0
2011-08-11,0.0,
2011-08-12,0.0,
2011-08-13,0.0,
2011-08-14,0.0,
2011-08-15,0.0,
2011-08-16,0.0,
2011-08-17,0.0,
2011-08-18,0.0,
2011-08-19,0.0,
2011-08-20,0.0,
2011-08-21,0.0,
2011-08-22,0.0,
2011-08-23,0.0,
2011-08-24,0.0,
2011-08-25,0.0,0.0
2011-08-26,0.0,
2011-08-27,0.0,
2011-08-28,0.0,
2011-08-29,0.0,
2011-08-30,0.0,0.0
2011-08-31,0.0,
2011-09-01,0.0,
2011-09-02,0.0,
2011-09-03,0.0,0.0
2011-09-04,0.0,
2011-09-05,0.0,
2011-09-06,0.0,
2011-09-07,0.0,
2011-09-08,0.0,
2011-09-09,0.0,
2011-09-10,0.0,
2011-09-11,0.0,
2011-09-12,0.0,0.0
2011-09-13,0.0,
2011-09-14,0.0,
2011-09-15,0.0,0.0
2011-09-16,0.0,
2011-09-17,0.0,
2011-09-18,0.0,
2011-09-19,0.0,
2011-09-20,0.0,
2011-09-21,0.0,
2011-09-22,0.0,
2011-09-23,0.0,
2011-09-24,0.0,
2011-09-25,0.0,0.0
2011-09-26,0.0,
2011-09-27,0.0,
2011-09-28,0.0,
2011-09-29,0.0,
2011-09-30,0.0,
2011-10-01,0.0,
2011-10-02,0.0,
2011-10-03,0.0,
2011-10-04,0.0,0.0
2011-10-05,4.267,
2011-10-06,4.572,
2011-10-07,4.267,12.7
2011-10-08,3.048,7.62
2011-10-09,2.134,5.08
2011-10-10,0.914,
2011-10-11,0.914,
2011-10-12,0.61,0.0
2011-10-13,0.61,
2011-10-14,0.61,0.0
2011-10-15,0.61,
2011-10-16,0.61,
2011-10-17,0.305,
2011-10-18,0.305,
2011-10-19,0.305,
2011-10-20,0.305,
2011-10-21,0.305,
2011-10-22,0.305,
2011-10-23,0.305,
2011-10-24,0.305,
2011-10-25,0.305,0.0
2011-10-26,0.0,
2011-10-27,0.0,
2011-10-28,0.0,
2011-10-29,0.0,
2011-10-30,0.305,0.0
2011-10-31,0.305,
2011-11-01,0.0,0.0
2011-11-02,0.0,0.0
2011-11-03,0.0,
2011-11-04,0.305,
2011-11-05,0.305,
2011-11-06,1.524,
2011-11-07,1.829,
2011-11-08,1.829,7.62
2011-11-09,2.134,7.62
2011-11-10,2.134,7.62
2011-11-11,1.219,5.08
2011-11-12,1.829,5.08
2011-11-13,1.829,0.0
2011-11-14,1.524,2.54
2011-11-15,0.914,0.0
2011-11-16,0.914,0.0
2011-11-17,0.914,0.0
2011-11-18,0.61,2.54
2011-11-19,1.829,10.16
2011-11-20,3.353,20.32
2011-11-21,3.658,17.78
2011-11-22,6.706,35.56
2011-11-23,9.144,35.56
2011-11-24,12.192,55.88
2011-11-25,12.192,50.8
2011-11-26,12.192,38.1
2011-11-27,11.887,43.18
2011-11-28,11.582,38.1
2011-11-29,11.278,35.56
2011-11-30,11.278,33.02
2011-12-01,10.973,30.48
2011-12-02,10.363,33.02
2011-12-03,10.668,30.48
2011-12-04,10.973,30.48
2011-12-05,11.43,30.48
2011-12-06,11.887,30.48
2011-12-07,10.973,30.48
2011-12-08,10.668,30.48
2011-12-09,11.278,27.94
2011-12-10,12.192,30.48
2011-12-11,13.106,27.94
2011-12-12,14.326,30.48
2011-12-13,13.716,27.94
2011-12-14,10.973,30.48
2011-12-15,10.058,38.1
2011-12-16,11.582,35.56
2011-12-17,11.887,35.56
2011-12-18,12.192,30.48
2011-12-19,13.106,30.48
2011-12-20,12.497,33.02
2011-12-21,12.192,30.48
2011-12-22,11.887,30.48
2011-12-23,11.582,30.48
2011-12-24,10.973,30.48
2011-12-25,9.754,30.48
2011-12-26,9.144,30.48
2011-12-27,8.534,30.48
2011-12-28,8.534,27.94
2011-12-29,10.973,25.4
2011-12-30,9.449,15.24
2011-12-31,9.144,20.32
2012-01-01,9.144,20.32
2012-01-02,9.144,20.32
2012-01-03,9.449,20.32
2012-01-04,9.449,20.32
2012-01-05,8.839,17.78
2012-01-06,8.839,17.78
2012-01-07,8.839,17.78
2012-01-08,7.62,17.78
2012-01-09,6.096,17.78
2012-01-10,6.096,15.24
2012-01-11,6.096,15.24
2012-01-12,6.096,15.24
2012-01-13,6.096,15.24
2012-01-14,9.144,15.24
2012-01-15,8.534,12.7
2012-01-16,8.128,12.7
2012-01-17,7.874,15.24
2012-01-18,7.62,20.32
2012-01-19,20.117,35.56
2012-01-20,21.641,76.2
2012-01-21,22.86,
2012-01-22,24.638,
2012-01-23,26.67,
2012-01-24,29.261,121.92
2012-01-25,29.87,104.14
2012-01-26,30.175,93.98
2012-01-27,29.87,88.9
2012-01-28,29.566,86.36
2012-01-29,29.566,86.36
2012-01-30,29.261,86.36
2012-01-31,28.956,86.36
2012-02-01,28.956,
2012-02-02,28.651,93.98
2012-02-03,27.737,88.9
2012-02-04,27.127,88.9
2012-02-05,25.908,86.36
2012-02-06,24.994,86.36
2012-02-07,24.384,83.82
2012-02-08,24.994,99.06
2012-02-09,24.994,93.98
2012-02-10,24.689,88.9
2012-02-11,24.384,86.36
2012-02-12,24.079,86.36
2012-02-13,24.689,
2012-02-14,24.994,96.52
2012-02-15,24.994,93.98
2012-02-16,24.994,91.44
2012-02-17,25.298,91.44
2012-02-18,25.298,88.9
2012-02-19,25.298,86.36
2012-02-20,25.298,86.36
2012-02-21,26.213,86.36
2012-02-22,26.518,83.82
2012-02-23,26.822,78.74
2012-02-24,26.822,78.74
2012-02-25,26.518,76.2
2012-02-26,26.518,76.2
2012-02-27,26.518,68.58
2012-02-28,28.651,76.2
2012-02-29,35.052,111.76
2012-03-01,37.186,116.84
2012-03-02,37.795,
2012-03-03,38.1,111.76
2012-03-04,37.795,101.6
2012-03-05,36.576,96.52
2012-03-06,36.271,96.52
2012-03-07,36.271,96.52
2012-03-08,35.966,93.98
2012-03-09,35.662,86.36
2012-03-10,35.052,83.82
2012-03-11,34.442,76.2
2012-03-12,34.747,86.36
2012-03-13,36.576,93.98
2012-03-14,40.843,116.84
2012-03-15,42.672,116.84
2012-03-16,42.062,111.76
2012-03-17,48.158,119.38
2012-03-18,49.378,116.84
2012-03-19,49.987,119.38
2012-03-20,49.987,116.84
2012-03-21,50.902,119.38
2012-03-22,51.435,
2012-03-23,52.121,119.38
2012-03-24,52.121,116.84
2012-03-25,54.864,137.16
2012-03-26,56.083,144.78
2012-03-27,58.826,154.94
2012-03-28,67.361,205.74
2012-03-29,69.19,203.2
2012-03-30,74.371,228.6
2012-03-31,78.943,205.74
2012-04-01,88.697,208.28
2012-04-02,91.135,200.66
2012-04-03,89.916,195.58
2012-04-04,88.392,195.58
2012-04-05,87.173,193.04
2012-04-06,87.782,190.5
2012-04-07,88.087,187.96
2012-04-08,87.782,185.42
2012-04-09,86.868,182.88
2012-04-10,86.258,180.34
2012-04-11,88.087,198.12
2012-04-12,92.05,218.44
2012-04-13,96.622,241.3
2012-04-14,98.45,243.84
2012-04-15,98.755,228.6
2012-04-16,98.146,215.9
2012-04-17,98.45,205.74
2012-04-18,94.488,198.12
2012-04-19,92.964,193.04
2012-04-20,93.574,185.42
2012-04-21,96.926,177.8
2012-04-22,98.45,172.72
2012-04-23,97.841,160.02
2012-04-24,92.659,147.32
2012-04-25,83.515,137.16
2012-04-26,74.676,127.0
2012-04-27,67.666,127.0
2012-04-28,65.837,124.46
2012-04-29,62.179,119.38
2012-04-30,58.522,114.3
2012-05-01,54.559,109.22
2012-05-02,52.73,106.68
2012-05-03,51.511,104.14
2012-05-04,51.206,106.68
2012-05-05,50.902,104.14
2012-05-06,50.902,99.06
2012-05-07,48.463,93.98
2012-05-08,45.415,88.9
2012-05-09,40.538,81.28
2012-05-10,35.357,78.74
2012-05-11,29.87,71.12
2012-05-12,26.822,68.58
2012-05-13,22.86,58.42
2012-05-14,20.117,50.8
2012-05-15,16.764,40.64
2012-05-16,13.716,25.4
2012-05-17,10.058,12.7
2012-05-18,8.839,15.24
2012-05-19,7.925,15.24
2012-05-20,5.791,2.54
2012-05-21,3.048,
2012-05-22,1.219,
2012-05-23,0.0,
2012-05-24,0.0,0.0
2012-05-25,0.0,0.0
2012-05-26,0.0,
2012-05-27,0.0,
2012-05-28,0.0,
2012-05-29,0.0,
2012-05-30,0.0,
2012-05-31,0.0,
2012-06-01,0.0,
2012-06-02,0.0,
2012-06-03,0.0,0.0
2012-06-04,0.0,0.0
2012-06-05,0.0,
2012-06-06,0.0,
2012-06-07,0.0,
2012-06-08,0.0,
2012-06-09,0.0,0.0
2012-06-10,0.0,0.0
2012-06-11,0.0,0.0
2012-06-12,0.0,0.0
2012-06-13,0.0,
2012-06-14,0.0,
2012-06-15,0.0,
2012-06-16,0.0,
2012-06-17,0.0,
2012-06-18,0.0,
2012-06-19,0.0,
2012-06-20,0.0,
2012-06-21,0.0,
2012-06-22,0.0,
2012-06-23,0.0,0.0
2012-06-24,0.0,0.0
2012-06-25,0.0,
2012-06-26,0.0,
2012-06-27,0.0,
2012-06-28,0.0,
2012-06-29,0.0,
2012-06-30,0.0,
2012-07-01,0.0,
2012-07-02,0.0,
2012-07-03,0.0,
2012-07-04,0.0,
2012-07-05,0.0,
2012-07-06,0.0,
2012-07-07,0.0,
2012-07-08,0.0,
2012-07-09,0.0,0.0
2012-07-10,0.0,
2012-07-11,0.0,
2012-07-12,0.0,
2012-07-13,0.0,
2012-07-14,0.0,
2012-07-15,0.0,
2012-07-16,0.0,0.0
2012-07-17,0.0,
2012-07-18,0.0,0.0
2012-07-19,0.0,0.0
2012-07-20,0.0,0.0
2012-07-21,0.0,0.0
2012-07-22,0.0,
2012-07-23,0.0,
2012-07-24,0.0,0.0
2012-07-25,0.0,0.0
2012-07-26,0.0,
2012-07-27,0.0,0.0
2012-07-28,0.0,
2012-07-29,0.0,
2012-07-30,0.0,0.0
2012-07-31,0.0,0.0
2012-08-01,0.0,0.0
2012-08-02,0.0,0.0
2012-08-03,0.0,0.0
2012-08-04,0.0,0.0
2012-08-05,0.0,0.0
2012-08-06,0.0,0.0
2012-08-07,0.0,
2012-08-08,0.0,0.0
2012-08-09,0.0,
2012-08-10,0.0,0.0
2012-08-11,0.0,
2012-08-12,0.0,
2012-08-13,0.0,
2012-08-14,0.0,0.0
2012-08-15,0.0,
2012-08-16,0.0,
2012-08-17,0.0,
2012-08-18,0.0,
2012-08-19,0.0,0.0
2012-08-20,0.0,
2012-08-21,0.0,
2012-08-22,0.0,
2012-08-23,0.0,
2012-08-24,0.0,
2012-08-25,0.0,
2012-08-26,0.0,
2012-08-27,0.0,
2012-08-28,0.0,
2012-08-29,0.0,
2012-08-30,0.0,
2012-08-31,0.0,
2012-09-01,0.0,
2012-09-02,0.0,0.0
2012-09-03,0.0,
2012-09-04,0.0,
2012-09-05,0.0,0.0
2012-09-06,0.0,
2012-09-07,0.0,
2012-09-08,0.0,
2012-09-09,0.0,
2012-09-10,0.0,
2012-09-11,0.0,
2012-09-12,0.0,2.54
2012-09-13,0.0,0.0
2012-09-14,0.0,
2012-09-15,0.0,
2012-09-16,0.0,
2012-09-17,0.0,
2012-09-18,0.0,
2012-09-19,0.0,
2012-09-20,0.0,
2012-09-21,0.0,
2012-09-22,0.0,
2012-09-23,0.0,
2012-09-24,0.0,
2012-09-25,0.0,
2012-09-26,0.0,
2012-09-27,0.0,
2012-09-28,0.0,0.0
2012-09-29,0.0,
2012-09-30,0.0,
2012-10-01,0.0,
2012-10-02,0.0,
2012-10-03,0.0,
2012-10-04,0.0,
2012-10-05,0.0,
2012-10-06,0.0,
2012-10-07,0.0,
2012-10-08,0.0,
2012-10-09,0.0,
2012-10-10,0.0,
2012-10-11,0.0,
2012-10-12,0.0,
2012-10-13,0.0,
2012-10-14,0.0,
2012-10-15,0.0,
2012-10-16,0.0,
2012-10-17,0.0,
2012-10-18,0.0,2.54
2012-10-19,0.0,0.0
2012-10-20,0.0,0.0
2012-10-21,0.0,0.0
2012-10-22,1.524,
2012-10-23,2.438,
2012-10-24,4.572,
2012-10-25,5.182,
2012-10-26,4.877,25.4
2012-10-27,3.962,15.24
2012-10-28,2.743,5.08
2012-10-29,0.914,0.0
2012-10-30,0.0,-2.54
2012-10-31,0.0,0.0
2012-11-01,0.0,-2.54
2012-11-02,0.0,0.0
2012-11-03,0.0,0.0
2012-11-04,0.0,0.0
2012-11-05,0.0,0.0
2012-11-06,0.0,0.0
2012-11-07,0.0,0.0
2012-11-08,0.0,0.0
2012-11-09,0.0,0.0
2012-11-10,0.0,
2012-11-11,0.0,-2.54
2012-11-12,0.0,2.54
2012-11-13,0.0,0.0
2012-11-14,0.0,-2.54
2012-11-15,0.0,0.0
2012-11-16,0.0,0.0
2012-11-17,0.914,
2012-11-18,1.524,0.0
2012-11-19,2.438,15.24
2012-11-20,5.486,7.62
2012-11-21,4.572,15.24
2012-11-22,4.267,15.24
2012-11-23,4.267,12.7
2012-11-24,5.182,12.7
2012-11-25,4.572,12.7
2012-11-26,4.064,10.16
2012-11-27,3.81,10.16
2012-11-28,3.658,10.16
2012-11-29,8.23,20.32
2012-11-30,11.887,25.4
2012-12-01,10.668,25.4
2012-12-02,8.534,20.32
2012-12-03,4.877,20.32
2012-12-04,5.486,20.32
2012-12-05,9.754,35.56
2012-12-06,10.058,33.02
2012-12-07,9.754,30.48
2012-12-08,10.058,30.48
2012-12-09,9.754,30.48
2012-12-10,9.449,
2012-12-11,9.754,30.48
2012-12-12,9.449,33.02
2012-12-13,10.363,30.48
2012-12-14,13.411,33.02
2012-12-15,13.106,
2012-12-16,12.497,38.1
2012-12-17,12.802,55.88
2012-12-18,13.106,53.34
2012-12-19,13.716,53.34
2012-12-20,13.411,50.8
2012-12-21,19.507,93.98
2012-12-22,25.298,121.92
2012-12-23,27.737,129.54
2012-12-24,31.394,142.24
2012-12-25,31.394,137.16
2012-12-26,34.442,149.86
2012-12-27,34.442,144.78
2012-12-28,34.138,139.7
2012-12-29,34.747,142.24
2012-12-30,34.442,137.16
2012-12-31,34.442,137.16
2013-01-01,34.138,132.08
2013-01-02,34.138,132.08
2013-01-03,33.833,129.54
2013-01-04,33.833,127.0
2013-01-05,33.833,124.46
2013-01-06,34.442,132.08
2013-01-07,34.442,129.54
2013-01-08,34.138,121.92
2013-01-09,34.138,119.38
2013-01-10,34.747,119.38
2013-01-11,34.747,119.38
2013-01-12,35.052,119.38
2013-01-13,35.052,116.84
2013-01-14,35.052,116.84
2013-01-15,35.052,116.84
2013-01-16,34.747,114.3
2013-01-17,34.442,114.3
2013-01-18,34.442,111.76
2013-01-19,34.442,111.76
2013-01-20,34.442,109.22
2013-01-21,34.442,109.22
2013-01-22,34.138,106.68
2013-01-23,33.833,106.68
2013-01-24,35.662,114.3
2013-01-25,35.052,109.22
2013-01-26,35.052,104.14
2013-01-27,35.052,104.14
2013-01-28,35.052,109.22
2013-01-29,35.052,104.14
2013-01-30,35.052,101.6
2013-01-31,35.052,101.6
2013-02-01,34.747,99.06
2013-02-02,34.747,96.52
2013-02-03,34.442,96.52
2013-02-04,34.442,93.98
2013-02-05,34.442,93.98
2013-02-06,34.442,91.44
2013-02-07,34.747,99.06
2013-02-08,36.271,106.68
2013-02-09,35.966,104.14
2013-02-10,35.966,101.6
2013-02-11,35.662,101.6
2013-02-12,35.966,99.06
2013-02-13,35.966,96.52
2013-02-14,35.966,93.98
2013-02-15,35.357,91.44
2013-02-16,34.747,88.9
2013-02-17,33.833,86.36
2013-02-18,34.138,86.36
2013-02-19,34.138,86.36
2013-02-20,34.442,
2013-02-21,34.442,86.36
2013-02-22,33.833,88.9
2013-02-23,33.528,88.9
2013-02-24,33.223,88.9
2013-02-25,32.614,86.36
2013-02-26,31.699,83.82
2013-02-27,31.699,83.82
2013-02-28,31.699,81.28
2013-03-01,30.175,78.74
2013-03-02,29.566,78.74
2013-03-03,29.566,73.66
2013-03-04,28.651,68.58
2013-03-05,28.042,71.12
2013-03-06,33.223,111.76
2013-03-07,34.442,111.76
2013-03-08,34.442,106.68
2013-03-09,34.442,101.6
2013-03-10,33.833,99.06
2013-03-11,33.223,93.98
2013-03-12,32.309,91.44
2013-03-13,31.09,86.36
2013-03-14,30.48,81.28
2013-03-15,29.261,76.2
2013-03-16,28.651,71.12
2013-03-17,27.737,68.58
2013-03-18,27.127,68.58
2013-03-19,26.822,66.04
2013-03-20,26.518,53.34
2013-03-21,27.432,66.04
2013-03-22,28.042,66.04
2013-03-23,28.042,63.5
2013-03-24,26.822,60.96
2013-03-25,25.908,58.42
2013-03-26,24.079,55.88
2013-03-27,23.47,50.8
2013-03-28,20.726,48.26
2013-03-29,19.507,48.26
2013-03-30,18.593,43.18
2013-03-31,16.764,38.1
2013-04-01,16.459,40.64
2013-04-02,16.154,38.1
2013-04-03,14.935,30.48
2013-04-04,13.106,30.48
2013-04-05,11.582,25.4
2013-04-06,10.668,25.4
2013-04-07,8.839,22.86
2013-04-08,7.62,20.32
2013-04-09,5.486,20.32
2013-04-10,3.658,15.24
2013-04-11,2.438,7.62
2013-04-12,1.524,5.08
2013-04-13,0.0,0.0
2013-04-14,0.0,0.0
2013-04-15,0.0,2.54
2013-04-16,0.0,2.54
2013-04-17,0.0,0.0
2013-04-18,0.0,0.0
2013-04-19,0.0,0.0
2013-04-20,0.0,0.0
2013-04-21,0.0,0.0
2013-04-22,0.0,0.0
2013-04-23,0.0,0.0
2013-04-24,0.0,0.0
2013-04-25,0.0,0.0
2013-04-26,0.0,0.0
2013-04-27,0.0,0.0
2013-04-28,0.0,0.0
2013-04-29,0.0,0.0
2013-04-30,0.0,2.54
2013-05-01,0.0,0.0
2013-05-02,0.0,0.0
2013-05-03,0.0,0.0
2013-05-04,0.0,0.0
2013-05-05,0.0,0.0
2013-05-06,0.0,0.0
2013-05-07,0.0,
2013-05-08,0.0,
2013-05-09,0.0,441.96
2013-05-10,0.0,0.0
2013-05-11,0.0,0.0
2013-05-12,0.0,0.0
2013-05-13,0.0,0.0
2013-05-14,0.0,0.0
2013-05-15,0.0,0.0
2013-05-16,0.0,0.0
2013-05-17,0.0,0.0
2013-05-18,0.0,0.0
2013-05-19,0.0,0.0
2013-05-20,0.0,0.0
2013-05-21,0.0,0.0
2013-05-22,0.0,0.0
2013-05-23,0.0,0.0
2013-05-24,0.0,0.0
2013-05-25,0.0,0.0
2013-05-26,0.0,0.0
2013-05-27,0.0,0.0
2013-05-28,0.0,2.54
2013-05-29,0.0,0.0
2013-05-30,0.0,0.0
2013-05-31,0.0,0.0
2013-06-01,0.0,0.0
2013-06-02,0.0,-2.54
2013-06-03,0.0,0.0
2013-06-04,0.0,0.0
2013-06-05,0.0,-2.54
2013-06-06,0.0,-2.54
2013-06-07,0.0,0.0
2013-06-08,0.0,0.0
2013-06-09,0.0,0.0
2013-06-10,0.0,0.0
2013-06-11,0.0,0.0
2013-06-12,0.0,0.0
2013-06-13,0.0,0.0
2013-06-14,0.0,0.0
2013-06-15,0.0,0.0
2013-06-16,0.0,0.0
2013-06-17,0.0,0.0
2013-06-18,0.0,0.0
2013-06-19,0.0,0.0
2013-06-20,0.0,0.0
2013-06-21,0.0,0.0
2013-06-22,0.0,0.0
2013-06-23,0.0,0.0
2013-06-24,0.0,0.0
2013-06-25,0.0,0.0
2013-06-26,0.0,0.0
2013-06-27,0.0,0.0
2013-06-28,0.0,0.0
2013-06-29,0.0,0.0
2013-06-30,0.0,0.0
2013-07-01,0.0,-2.54
2013-07-02,0.0,0.0
2013-07-03,0.0,0.0
2013-07-04,0.0,0.0
2013-07-05,0.0,0.0
2013-07-06,0.0,0.0
2013-07-07,0.0,0.0
2013-07-08,0.0,0.0
2013-07-09,0.0,0.0
2013-07-10,0.0,-2.54
2013-07-11,0.0,-2.54
2013-07-12,0.0,0.0
2013-07-13,0.0,0.0
2013-07-14,0.0,2.54
2013-07-15,0.0,0.0
2013-07-16,0.0,-2.54
2013-07-17,0.0,2.54
2013-07-18,0.0,0.0
2013-07-19,0.0,0.0
2013-07-20,0.0,0.0
2013-07-21,0.0,0.0
2013-07-22,0.0,2.54
2013-07-23,0.0,0.0
2013-07-24,0.0,0.0
2013-07-25,0.0,-2.54
2013-07-26,0.0,0.0
2013-07-27,0.0,
2013-07-28,0.0,0.0
2013-07-29,0.0,0.0
2013-07-30,0.0,2.54
2013-07-31,0.0,0.0
2013-08-01,0.0,0.0
2013-08-02,0.0,-2.54
2013-08-03,0.0,0.0
2013-08-04,0.0,0.0
2013-08-05,0.0,0.0
2013-08-06,0.0,0.0
2013-08-07,0.0,0.0
2013-08-08,0.0,-2.54
2013-08-09,0.0,0.0
2013-08-10,0.0,-2.54
2013-08-11,0.0,0.0
2013-08-12,0.0,0.0
2013-08-13,0.0,-2.54
2013-08-14,0.0,-2.54
2013-08-15,0.0,0.0
2013-08-16,0.0,-2.54
2013-08-17,0.0,0.0
2013-08-18,0.0,0.0
2013-08-19,0.0,0.0
2013-08-20,0.0,0.0
2013-08-21,0.0,0.0
2013-08-22,0.0,0.0
2013-08-23,0.0,-2.54
2013-08-24,0.0,0.0
2013-08-25,0.0,-2.54
2013-08-26,0.0,0.0
2013-08-27,0.0,0.0
2013-08-28,0.0,
2013-08-29,0.0,0.0
2013-08-30,0.0,0.0
2013-08-31,0.0,0.0
2013-09-01,0.0,0.0
2013-09-02,0.0,
2013-09-03,0.0,-2.54
2013-09-04,0.0,-2.54
2013-09-05,0.0,0.0
2013-09-06,0.0,0.0
2013-09-07,0.0,0.0
2013-09-08,0.0,0.0
2013-09-09,0.0,0.0
2013-09-10,0.0,0.0
2013-09-11,0.0,0.0
2013-09-12,0.0,-2.54
2013-09-13,0.0,-2.54
2013-09-14,0.0,0.0
2013-09-15,0.0,0.0
2013-09-16,0.0,0.0
2013-09-17,0.0,0.0
2013-09-18,0.0,-2.54
2013-09-19,0.0,0.0
2013-09-20,0.0,2.54
2013-09-21,0.0,2.54
2013-09-22,0.0,2.54
2013-09-23,0.0,-2.54
2013-09-24,0.0,0.0
2013-09-25,0.0,0.0
2013-09-26,0.0,0.0
2013-09-27,0.0,0.0
2013-09-28,0.0,0.0
2013-09-29,0.0,0.0
2013-09-30,0.0,0.0
2013-10-01,0.0,0.0
2013-10-02,0.0,0.0
2013-10-03,0.0,0.0
2013-10-04,0.0,0.0
2013-10-05,0.0,0.0
2013-10-06,0.0,0.0
2013-10-07,0.0,0.0
2013-10-08,0.0,2.54
2013-10-09,0.0,0.0
2013-10-10,0.0,0.0
2013-10-11,0.0,-2.54
2013-10-12,0.0,0.0
2013-10-13,0.0,0.0
2013-10-14,0.0,0.0
2013-10-15,0.0,0.0
2013-10-16,0.0,-2.54
2013-10-17,0.0,0.0
2013-10-18,0.0,-2.54
2013-10-19,0.0,0.0
2013-10-20,0.0,0.0
2013-10-21,0.0,-2.54
2013-10-22,1.88,0.0
2013-10-23,1.575,0.0
2013-10-24,0.0,-2.54
2013-10-25,0.0,0.0
2013-10-26,0.0,0.0
2013-10-27,0.0,0.0
2013-10-28,0.0,0.0
2013-10-29,0.0,0.0
2013-10-30,1.575,0.0
2013-10-31,1.575,0.0
2013-11-01,1.575,0.0
2013-11-02,1.575,0.0
2013-11-03,1.88,0.0
2013-11-04,2.184,0.0
2013-11-05,1.88,2.54
2013-11-06,0.0,0.0
2013-11-07,0.0,0.0
2013-11-08,0.0,0.0
2013-11-09,0.0,0.0
2013-11-10,0.0,0.0
2013-11-11,0.0,0.0
2013-11-12,0.0,0.0
2013-11-13,0.0,0.0
2013-11-14,0.0,0.0
2013-11-15,0.0,0.0
2013-11-16,0.0,0.0
2013-11-17,0.0,0.0
2013-11-18,0.0,0.0
2013-11-19,0.0,
2013-11-20,0.0,2.54
2013-11-21,0.0,7.62
2013-11-22,0.0,5.08
2013-11-23,0.0,2.54
2013-11-24,0.0,2.54
2013-11-25,0.0,0.0
2013-11-26,0.0,-2.54
2013-11-27,0.0,2.54
2013-11-28,0.0,0.0
2013-11-29,0.0,-2.54
2013-11-30,0.0,0.0
2013-12-01,0.0,0.0
2013-12-02,0.0,0.0
2013-12-03,0.0,0.0
2013-12-04,0.0,0.0
2013-12-05,0.0,0.0
2013-12-06,0.0,0.0
2013-12-07,4.826,
2013-12-08,4.216,
2013-12-09,4.216,10.16
2013-12-10,3.912,12.7
2013-12-11,3.912,10.16
2013-12-12,3.607,10.16
2013-12-13,3.607,7.62
2013-12-14,3.302,7.62
2013-12-15,3.302,5.08
2013-12-16,3.607,5.08
2013-12-17,3.607,-2.54
2013-12-18,2.388,0.0
2013-12-19,1.168,0.0
2013-12-20,0.0,0.0
2013-12-21,0.0,2.54
2013-12-22,0.0,0.0
2013-12-23,0.0,2.54
2013-12-24,0.0,0.0
2013-12-25,0.0,0.0
2013-12-26,0.0,0.0
2013-12-27,0.0,2.54
2013-12-28,0.0,0.0
2013-12-29,0.0,0.0
2013-12-30,0.0,0.0
2013-12-31,0.0,0.0
2014-01-01,0.0,0.0
2014-01-02,0.0,0.0
2014-01-03,0.0,0.0
2014-01-04,0.0,0.0
2014-01-05,0.0,2.54
2014-01-06,0.0,0.0
2014-01-07,0.0,0.0
2014-01-08,0.0,0.0
2014-01-09,0.0,0.0
2014-01-10,0.0,0.0
2014-01-11,0.66,0.0
2014-01-12,1.575,10.16
2014-01-13,1.575,10.16
2014-01-14,1.575,7.62
2014-01-15,1.88,5.08
2014-01-16,1.778,2.54
2014-01-17,1.778,2.54
2014-01-18,1.372,0.0
2014-01-19,1.067,0.0
2014-01-20,0.965,0.0
2014-01-21,0.66,0.0
2014-01-22,0.0,0.0
2014-01-23,0.0,0.0
2014-01-24,0.0,0.0
2014-01-25,0.0,0.0
2014-01-26,0.0,0.0
2014-01-27,0.0,2.54
2014-01-28,0.0,0.0
2014-01-29,0.0,0.0
2014-01-30,0.0,0.0
2014-01-31,0.0,2.54
2014-02-01,0.0,0.0
2014-02-02,0.0,0.0
2014-02-03,0.0,2.54
2014-02-04,0.0,0.0
2014-02-05,0.0,2.54
2014-02-06,0.0,0.0
2014-02-07,0.559,
2014-02-08,6.045,38.1
2014-02-09,8.484,40.64
2014-02-10,10.008,30.48
2014-02-11,10.008,30.48
2014-02-12,9.703,27.94
2014-02-13,9.703,25.4
2014-02-14,7.874,17.78
2014-02-15,6.858,12.7
2014-02-16,5.842,10.16
2014-02-17,4.826,10.16
2014-02-18,3.607,10.16
2014-02-19,3.048,10.16
2014-02-20,2.692,10.16
2014-02-21,2.286,10.16
2014-02-22,2.286,7.62
2014-02-23,2.286,5.08
2014-02-24,0.0,5.08
2014-02-25,0.0,0.0
2014-02-26,0.0,-2.54
2014-02-27,0.864,
2014-02-28,3.302,30.48
2014-03-01,4.521,33.02
2014-03-02,5.131,30.48
2014-03-03,4.826,25.4
2014-03-04,7.569,38.1
2014-03-05,7.264,30.48
2014-03-06,6.045,25.4
2014-03-07,5.131,25.4
2014-03-08,3.607,22.86
2014-03-09,3.607,20.32
2014-03-10,2.083,
2014-03-11,0.508,15.24
2014-03-12,0.0,12.7
2014-03-13,0.0,10.16
2014-03-14,0.0,10.16
2014-03-15,0.0,2.54
2014-03-16,0.0,0.0
2014-03-17,0.0,2.54
2014-03-18,0.0,2.54
2014-03-19,0.0,2.54
2014-03-20,0.0,0.0
2014-03-21,0.0,0.0
2014-03-22,0.0,2.54
2014-03-23,0.0,0.0
2014-03-24,0.0,0.0
2014-03-25,0.0,0.0
2014-03-26,0.0,7.62
2014-03-27,1.88,22.86
2014-03-28,2.489,
2014-03-29,6.452,
2014-03-30,6.147,22.86
2014-03-31,7.061,25.4
2014-04-01,11.024,48.26
2014-04-02,12.548,53.34
2014-04-03,12.548,38.1
2014-04-04,12.548,43.18
2014-04-05,12.243,
2014-04-06,11.328,35.56
2014-04-07,9.195,27.94
2014-04-08,7.366,20.32
2014-04-09,5.537,15.24
2014-04-10,2.489,7.62
2014-04-11,0.0,0.0
2014-04-12,0.0,0.0
2014-04-13,0.0,0.0
2014-04-14,0.0,0.0
2014-04-15,0.0,2.54
2014-04-16,0.0,0.0
2014-04-17,0.0,0.0
2014-04-18,0.0,2.54
2014-04-19,0.0,0.0
2014-04-20,0.0,0.0
2014-04-21,0.0,0.0
2014-04-22,0.0,0.0
2014-04-23,0.0,0.0
2014-04-24,0.0,0.0
2014-04-25,0.0,0.0
2014-04-26,0.0,2.54
2014-04-27,0.0,-2.54
2014-04-28,0.0,0.0
2014-04-29,0.0,0.0
2014-04-30,0.0,0.0
2014-05-01,0.0,0.0
2014-05-02,0.0,0.0
2014-05-03,0.0,0.0
2014-05-04,0.0,0.0
2014-05-05,0.0,0.0
2014-05-06,0.0,0.0
2014-05-07,0.0,2.54
2014-05-08,0.0,
2014-05-09,0.0,0.0
2014-05-10,0.0,0.0
2014-05-11,0.0,0.0
2014-05-12,0.0,0.0
2014-05-13,0.0,0.0
2014-05-14,0.0,0.0
2014-05-15,0.0,
2014-05-16,0.0,0.0
2014-05-17,0.0,0.0
2014-05-18,0.0,0.0
2014-05-19,0.0,0.0
2014-05-20,0.0,0.0
2014-05-21,0.0,0.0
2014-05-22,0.0,0.0
2014-05-23,0.0,0.0
2014-05-24,0.0,0.0
2014-05-25,0.0,0.0
2014-05-26,0.0,0.0
2014-05-27,0.0,0.0
2014-05-28,0.0,0.0
2014-05-29,0.0,0.0
2014-05-30,0.0,0.0
2014-05-31,0.0,0.0
2014-06-01,0.0,0.0
2014-06-02,0.0,0.0
2014-06-03,0.0,0.0
2014-06-04,0.0,0.0
2014-06-05,0.0,-2.54
2014-06-06,0.0,-2.54
2014-06-07,0.0,0.0
2014-06-08,0.0,0.0
2014-06-09,0.0,0.0
2014-06-10,0.0,0.0
2014-06-11,0.0,0.0
2014-06-12,0.0,0.0
2014-06-13,0.0,0.0
2014-06-14,0.0,
2014-06-15,0.0,0.0
2014-06-16,0.0,0.0
2014-06-17,0.0,0.0
2014-06-18,0.0,2.54
2014-06-19,0.0,-2.54
2014-06-20,0.0,0.0
2014-06-21,0.0,0.0
2014-06-22,0.0,0.0
2014-06-23,0.0,0.0
2014-06-24,0.0,0.0
2014-06-25,0.0,0.0
2014-06-26,0.0,0.0
2014-06-27,0.0,0.0
2014-06-28,0.0,2.54
2014-06-29,0.0,0.0
2014-06-30,0.0,2.54
2014-07-01,0.0,2.54
2014-07-02,0.0,0.0
2014-07-03,0.0,-2.54
2014-07-04,0.0,0.0
2014-07-05,0.0,0.0
2014-07-06,0.0,0.0
2014-07-07,0.0,-2.54
2014-07-08,0.0,0.0
2014-07-09,0.0,0.0
2014-07-10,0.0,
2014-07-11,0.0,0.0
2014-07-12,0.0,0.0
2014-07-13,0.0,2.54
2014-07-14,0.0,-2.54
2014-07-15,0.0,
2014-07-16,0.0,-2.54
2014-07-17,0.0,
2014-07-18,0.0,
2014-07-19,0.0,0.0
2014-07-20,0.0,0.0
2014-07-21,0.0,
2014-07-22,0.0,
2014-07-23,0.0,
2014-07-24,0.0,2.54
2014-07-25,0.0,0.0
2014-07-26,0.0,0.0
2014-07-27,0.0,5.08
2014-07-28,0.0,0.0
2014-07-29,0.0,
2014-07-30,0.0,0.0
2014-07-31,0.0,
2014-08-01,0.0,
2014-08-02,0.0,
2014-08-03,0.0,
2014-08-04,0.0,
2014-08-05,0.0,
2014-08-06,0.0,
2014-08-07,0.0,
2014-08-08,0.0,
2014-08-09,0.0,
2014-08-10,0.0,
2014-08-11,0.0,
2014-08-12,0.0,
2014-08-13,0.0,
2014-08-14,0.0,
2014-08-15,0.0,
2014-08-16,0.0,
2014-08-17,0.0,
2014-08-18,0.0,
2014-08-19,0.0,
2014-08-20,0.0,
2014-08-21,0.0,
2014-08-22,0.0,
2014-08-23,0.0,
2014-08-24,0.0,
2014-08-25,0.0,
2014-08-26,0.0,
2014-08-27,0.0,
2014-08-28,0.0,
2014-08-29,0.0,
2014-08-30,0.0,
2014-08-31,0.0,
2014-09-01,0.0,
2014-09-02,0.0,
2014-09-03,0.0,
2014-09-04,0.0,
2014-09-05,0.0,
2014-09-06,0.0,
2014-09-07,0.0,
2014-09-08,0.0,
2014-09-09,0.0,
2014-09-10,0.0,
2014-09-11,0.0,
2014-09-12,0.0,
2014-09-13,0.0,
2014-09-14,0.0,
2014-09-15,0.0,
2014-09-16,0.0,
2014-09-17,0.0,
2014-09-18,0.0,
2014-09-19,0.0,441.96
2014-09-20,0.0,
2014-09-21,0.0,
2014-09-22,0.0,
2014-09-23,0.0,
2014-09-24,0.0,
2014-09-25,0.0,
2014-09-26,0.0,
2014-09-27,0.0,
2014-09-28,0.0,
2014-09-29,0.0,
2014-09-30,0.0,
2014-10-01,0.0,
2014-10-02,0.0,
2014-10-03,0.0,-2.54
2014-10-04,0.0,
2014-10-05,0.0,
2014-10-06,0.0,
2014-10-07,0.0,
2014-10-08,0.0,
2014-10-09,0.0,
2014-10-10,0.0,
2014-10-11,0.0,
2014-10-12,0.0,
2014-10-13,0.0,
2014-10-14,0.0,-2.54
2014-10-15,0.0,-2.54
2014-10-16,0.0,
2014-10-17,0.0,
2014-10-18,0.0,
2014-10-19,0.0,
2014-10-20,0.0,
2014-10-21,0.0,
2014-10-22,0.0,
2014-10-23,0.0,
2014-10-24,0.0,
2014-10-25,0.0,-2.54
2014-10-26,0.0,
2014-10-27,0.0,
2014-10-28,0.0,
2014-10-29,0.0,441.96
2014-10-30,0.0,
2014-10-31,0.305,-2.54
2014-11-01,0.305,
2014-11-02,0.0,-2.54
2014-11-03,0.0,
2014-11-04,0.0,
2014-11-05,0.0,
2014-11-06,0.0,
2014-11-07,0.0,
2014-11-08,0.0,
2014-11-09,0.0,
2014-11-10,0.0,
2014-11-11,0.0,
2014-11-12,0.0,
2014-11-13,0.0,
2014-11-14,0.0,
2014-11-15,0.0,
2014-11-16,0.0,0.0
2014-11-17,0.0,-2.54
2014-11-18,0.0,
2014-11-19,0.305,
2014-11-20,1.829,2.54
2014-11-21,2.438,7.62
2014-11-22,3.353,7.62
2014-11-23,3.048,5.08
2014-11-24,2.438,5.08
2014-11-25,2.743,0.0
2014-11-26,2.438,5.08
2014-11-27,1.524,2.54
2014-11-28,0.914,0.0
2014-11-29,0.914,
2014-11-30,0.914,0.0
2014-12-01,1.219,-2.54
2014-12-02,0.61,
2014-12-03,0.61,
2014-12-04,0.61,
2014-12-05,0.61,
2014-12-06,0.61,-2.54
2014-12-07,0.305,-2.54
2014-12-08,0.305,-2.54
2014-12-09,0.305,
2014-12-10,0.305,-2.54
2014-12-11,0.305,-2.54
2014-12-12,1.219,-2.54
2014-12-13,1.829,
2014-12-14,1.829,7.62
2014-12-15,2.134,20.32
2014-12-16,4.267,35.56
2014-12-17,6.706,55.88
2014-12-18,8.839,63.5
2014-12-19,11.278,73.66
2014-12-20,13.106,71.12
2014-12-21,18.288,66.04
2014-12-22,17.678,55.88
2014-12-23,16.764,43.18
2014-12-24,17.678,45.72
2014-12-25,17.678,45.72
2014-12-26,17.678,45.72
2014-12-27,17.069,43.18
2014-12-28,17.069,43.18
2014-12-29,17.069,43.18
2014-12-30,18.288,43.18
2014-12-31,18.593,43.18
2015-01-01,18.593,43.18
2015-01-02,18.288,43.18
2015-01-03,17.983,45.72
2015-01-04,17.374,43.18
2015-01-05,17.069,40.64
2015-01-06,16.459,40.64
2015-01-07,16.154,38.1
2015-01-08,15.85,38.1
2015-01-09,15.545,35.56
2015-01-10,15.545,35.56
2015-01-11,15.85,35.56
2015-01-12,15.545,35.56
2015-01-13,15.545,
2015-01-14,15.545,33.02
2015-01-15,15.24,33.02
2015-01-16,15.85,
2015-01-17,16.764,25.4
2015-01-18,14.63,25.4
2015-01-19,12.192,27.94
2015-01-20,10.363,25.4
2015-01-21,10.668,25.4
2015-01-22,10.668,25.4
2015-01-23,10.363,25.4
2015-01-24,10.058,22.86
2015-01-25,9.449,22.86
2015-01-26,7.925,17.78
2015-01-27,7.62,17.78
2015-01-28,7.315,15.24
2015-01-29,6.706,15.24
2015-01-30,6.096,12.7
2015-01-31,4.877,12.7
2015-02-01,3.962,10.16
2015-02-02,3.048,7.62
2015-02-03,1.524,5.08
2015-02-04,0.305,2.54
2015-02-05,0.0,
2015-02-06,3.048,10.16
2015-02-07,9.449,20.32
2015-02-08,8.534,17.78
2015-02-09,7.01,12.7
2015-02-10,7.315,17.78
2015-02-11,6.706,15.24
2015-02-12,6.096,12.7
2015-02-13,4.877,12.7
2015-02-14,4.267,10.16
2015-02-15,3.658,10.16
2015-02-16,2.743,5.08
2015-02-17,1.829,5.08
2015-02-18,0.305,2.54
2015-02-19,0.0,
2015-02-20,0.0,
2015-02-21,0.0,-2.54
2015-02-22,0.0,0.0
2015-02-23,0.0,0.0
2015-02-24,0.0,
2015-02-25,0.0,
2015-02-26,0.0,0.0
2015-02-27,0.0,-2.54
2015-02-28,0.0,-2.54
2015-03-01,0.0,-2.54
2015-03-02,0.0,
2015-03-03,0.0,
2015-03-04,0.0,-2.54
2015-03-05,0.0,-2.54
2015-03-06,0.0,-2.54
2015-03-07,0.0,-2.54
2015-03-08,0.0,
2015-03-09,0.0,
2015-03-10,0.0,
2015-03-11,0.0,-2.54
2015-03-12,0.0,
2015-03-13,0.0,
2015-03-14,0.0,
2015-03-15,0.0,
2015-03-16,0.0,
2015-03-17,0.0,
2015-03-18,0.0,
2015-03-19,0.0,
2015-03-20,0.0,
2015-03-21,0.0,
2015-03-22,0.0,-2.54
2015-03-23,0.0,0.0
2015-03-24,0.0,
2015-03-25,0.0,
2015-03-26,0.0,-2.54
2015-03-27,0.0,-2.54
2015-03-28,0.0,-2.54
2015-03-29,0.0,
2015-03-30,0.0,
2015-03-31,0.0,
2015-04-01,0.0,
2015-04-02,0.0,
2015-04-03,0.0,
2015-04-04,0.0,
2015-04-05,0.0,
2015-04-06,0.61,7.62
2015-04-07,2.438,27.94
2015-04-08,7.01,45.72
2015-04-09,7.315,27.94
2015-04-10,7.01,22.86
2015-04-11,6.401,17.78
2015-04-12,5.486,12.7
2015-04-13,4.267,5.08
2015-04-14,1.829,2.54
2015-04-15,0.914,-2.54
2015-04-16,0.61,-2.54
2015-04-17,0.0,
2015-04-18,0.0,
2015-04-19,0.0,
2015-04-20,0.0,
2015-04-21,0.0,
2015-04-22,0.0,
2015-04-23,0.0,
2015-04-24,0.0,
2015-04-25,0.0,
2015-04-26,0.0,
2015-04-27,0.0,
2015-04-28,0.0,
2015-04-29,0.0,
2015-04-30,0.0,
2015-05-01,0.0,
2015-05-02,0.0,
2015-05-03,0.0,
2015-05-04,0.0,
2015-05-05,0.0,
2015-05-06,0.0,
2015-05-07,0.0,
2015-05-08,0.0,
2015-05-09,0.0,
2015-05-10,0.0,
2015-05-11,0.0,
2015-05-12,0.0,
2015-05-13,0.0,
2015-05-14,0.0,
2015-05-15,0.0,
2015-05-16,0.0,-2.54
2015-05-17,0.0,-2.54
2015-05-18,0.0,-2.54
2015-05-19,0.0,
2015-05-20,0.0,-2.54
2015-05-21,0.0,-2.54
2015-05-22,0.0,-2.54
2015-05-23,0.0,
2015-05-24,0.0,
2015-05-25,0.0,
2015-05-26,0.0,
2015-05-27,0.0,
2015-05-28,0.0,
2015-05-29,0.0,
2015-05-30,0.0,
2015-05-31,0.0,-2.54
2015-06-01,0.0,
2015-06-02,0.0,-2.54
2015-06-03,0.0,
2015-06-04,0.0,
2015-06-05,0.0,
2015-06-06,0.0,
2015-06-07,0.0,
2015-06-08,0.0,
2015-06-09,0.0,
2015-06-10,0.0,-2.54
2015-06-11,0.0,
2015-06-12,0.0,
2015-06-13,0.0,
2015-06-14,0.0,
2015-06-15,0.0,
2015-06-16,0.0,
2015-06-17,0.0,
2015-06-18,0.0,
2015-06-19,0.0,
2015-06-20,0.0,
2015-06-21,0.0,
2015-06-22,0.0,
2015-06-23,0.0,
2015-06-24,0.0,
2015-06-25,0.0,
2015-06-26,0.0,
2015-06-27,0.0,
2015-06-28,0.0,0.0
2015-06-29,0.0,
2015-06-30,0.0,
2015-07-01,0.0,
2015-07-02,0.0,
2015-07-03,0.0,
2015-07-04,0.0,
2015-07-05,0.0,
2015-07-06,0.0,-2.54
2015-07-07,0.0,
2015-07-08,0.0,
2015-07-09,0.0,
2015-07-10,0.0,-2.54
2015-07-11,0.0,-2.54
2015-07-12,0.0,
2015-07-13,0.0,
2015-07-14,0.0,
2015-07-15,0.0,
2015-07-16,0.0,
2015-07-17,0.0,
2015-07-18,0.0,
2015-07-19,0.0,
2015-07-20,0.0,
2015-07-21,0.0,
2015-07-22,0.0,
2015-07-23,0.0,
2015-07-24,0.0,
2015-07-25,0.0,
2015-07-26,0.0,
2015-07-27,0.0,
2015-07-28,0.0,
2015-07-29,0.0,
2015-07-30,0.0,
2015-07-31,0.0,
2015-08-01,0.0,
2015-08-02,0.0,
2015-08-03,0.0,
2015-08-04,0.0,
2015-08-05,0.0,
2015-08-06,0.0,
2015-08-07,0.0,
2015-08-08,0.0,
2015-08-09,0.0,
2015-08-10,0.0,
2015-08-11,0.0,
2015-08-12,0.0,
2015-08-13,0.0,
2015-08-14,0.0,
2015-08-15,0.0,
2015-08-16,0.0,
2015-08-17,0.0,
2015-08-18,0.0,
2015-08-19,0.0,2.54
2015-08-20,0.0,2.54
2015-08-21,0.0,0.0
2015-08-22,0.0,0.0
2015-08-23,0.0,2.54
2015-08-24,0.0,2.54
2015-08-25,0.0,2.54
2015-08-26,0.0,2.54
2015-08-27,0.0,2.54
2015-08-28,0.0,2.54
2015-08-29,0.0,2.54
2015-08-30,0.0,0.0
2015-08-31,0.0,0.0
2015-09-01,0.0,2.54
2015-09-02,0.0,2.54
2015-09-03,0.0,2.54
2015-09-04,0.0,2.54
2015-09-05,0.0,0.0
2015-09-06,0.0,2.54
2015-09-07,0.0,2.54
2015-09-08,0.0,2.54
2015-09-09,0.0,2.54
2015-09-10,0.0,2.54
2015-09-11,0.0,0.0
2015-09-12,0.0,0.0
2015-09-13,0.0,2.54
2015-09-14,0.0,2.54
2015-09-15,0.0,2.54
2015-09-16,0.0,2.54
2015-09-17,0.0,2.54
2015-09-18,0.0,2.54
2015-09-19,0.0,2.54
2015-09-20,0.0,2.54
2015-09-21,0.0,2.54
2015-09-22,0.0,0.0
2015-09-23,0.0,2.54
2015-09-24,0.0,2.54
2015-09-25,0.0,0.0
2015-09-26,0.0,2.54
2015-09-27,0.0,0.0
2015-09-28,0.0,2.54
2015-09-29,0.0,0.0
2015-09-30,0.0,2.54
2015-10-01,0.0,0.0
2015-10-02,0.0,0.0
2015-10-03,0.0,2.54
2015-10-04,0.0,0.0
2015-10-05,0.0,2.54
2015-10-06,0.0,2.54
2015-10-07,0.0,2.54
2015-10-08,0.0,0.0
2015-10-09,0.0,-2.54
2015-10-10,0.0,2.54
2015-10-11,0.0,0.0
2015-10-12,0.0,2.54
2015-10-13,0.0,2.54
2015-10-14,0.0,2.54
2015-10-15,0.0,2.54
2015-10-16,0.0,2.54
2015-10-17,0.0,2.54
2015-10-18,0.0,2.54
2015-10-19,0.0,0.0
2015-10-20,0.0,0.0
2015-10-21,0.0,2.54
2015-10-22,0.0,2.54
2015-10-23,0.0,2.54
2015-10-24,0.0,0.0
2015-10-25,0.0,0.0
2015-10-26,0.0,2.54
2015-10-27,0.0,2.54
2015-10-28,0.0,2.54
2015-10-29,0.0,2.54
2015-10-30,0.0,2.54
2015-10-31,0.0,0.0
2015-11-01,0.0,2.54
2015-11-02,0.0,2.54
2015-11-03,0.0,2.54
2015-11-04,0.0,2.54
2015-11-05,0.0,2.54
2015-11-06,0.0,0.0
2015-11-07,0.0,2.54
2015-11-08,0.61,
2015-11-09,2.438,5.08
2015-11-10,2.438,
2015-11-11,2.438,5.08
2015-11-12,2.134,7.62
2015-11-13,2.134,7.62
2015-11-14,1.524,5.08
2015-11-15,1.219,
2015-11-16,2.032,12.7
2015-11-17,2.134,10.16
2015-11-18,1.829,7.62
2015-11-19,1.524,7.62
2015-11-20,0.61,0.0
2015-11-21,0.305,2.54
2015-11-22,0.305,0.0
2015-11-23,0.0,2.54
2015-11-24,0.305,2.54
2015-11-25,1.219,
2015-11-26,0.914,10.16
2015-11-27,0.914,10.16
2015-11-28,0.61,7.62
2015-11-29,1.219,10.16
2015-11-30,2.134,10.16
2015-12-01,1.829,10.16
2015-12-02,2.134,10.16
2015-12-03,3.048,
2015-12-04,7.925,38.1
2015-12-05,8.534,38.1
2015-12-06,10.973,63.5
2015-12-07,12.192,58.42
2015-12-08,11.582,40.64
2015-12-09,10.058,30.48
2015-12-10,9.144,22.86
2015-12-11,9.144,30.48
2015-12-12,9.144,
2015-12-13,11.887,43.18
2015-12-14,15.24,63.5
2015-12-15,15.545,55.88
2015-12-16,15.545,55.88
2015-12-17,15.85,
2015-12-18,17.983,60.96
2015-12-19,23.165,83.82
2015-12-20,23.47,81.28
2015-12-21,26.518,101.6
2015-12-22,31.394,127.0
2015-12-23,31.699,116.84
2015-12-24,32.004,109.22
2015-12-25,32.309,121.92
2015-12-26,32.309,116.84
2015-12-27,32.309,114.3
2015-12-28,32.309,114.3
2015-12-29,32.309,111.76
2015-12-30,32.309,114.3
2015-12-31,32.309,111.76
2016-01-01,32.309,111.76
2016-01-02,32.614,109.22
2016-01-03,32.614,106.68
2016-01-04,32.614,106.68
2016-01-05,36.576,129.54
2016-01-06,41.453,152.4
2016-01-07,45.415,172.72
2016-01-08,45.415,165.1
2016-01-09,46.33,167.64
2016-01-10,48.463,177.8
2016-01-11,48.768,172.72
2016-01-12,49.073,165.1
2016-01-13,51.816,177.8
2016-01-14,55.474,190.5
2016-01-15,59.741,213.36
2016-01-16,60.96,210.82
2016-01-17,62.789,208.28
2016-01-18,64.008,195.58
2016-01-19,67.056,198.12
2016-01-20,70.104,203.2
2016-01-21,69.799,198.12
2016-01-22,70.104,195.58
2016-01-23,77.419,198.12
2016-01-24,80.162,195.58
2016-01-25,80.162,203.2
2016-01-26,79.248,193.04
2016-01-27,78.334,190.5
2016-01-28,77.114,185.42
2016-01-29,77.724,187.96
2016-01-30,78.943,185.42
2016-01-31,81.686,185.42
2016-02-01,81.077,182.88
2016-02-02,80.162,187.96
2016-02-03,79.248,187.96
2016-02-04,79.248,193.04
2016-02-05,79.248,187.96
2016-02-06,79.553,185.42
2016-02-07,79.553,182.88
2016-02-08,78.334,177.8
2016-02-09,78.334,172.72
2016-02-10,77.419,172.72
2016-02-11,77.114,167.64
2016-02-12,75.895,167.64
2016-02-13,75.286,162.56
2016-02-14,76.2,160.02
2016-02-15,75.946,
2016-02-16,75.692,
2016-02-17,75.692,
2016-02-18,77.47,
2016-02-19,78.74,
2016-02-20,,
2016-02-21,,
2016-02-22,,
2016-02-23,,
2016-02-24,,
2016-02-25,,
2016-02-26,,
2016-02-27,,
2016-02-28,,
2016-02-29,,
2016-03-01,,
2016-03-02,,
2016-03-03,,
2016-03-04,,
2016-03-05,,
2016-03-06,,
2016-03-07,,
2016-03-08,,
2016-03-09,,
2016-03-10,,
2016-03-11,,
2016-03-12,,
2016-03-13,,
2016-03-14,,
2016-03-15,,
2016-03-16,,
2016-03-17,,
2016-03-18,,
2016-03-19,,
2016-03-20,,
2016-03-21,,
2016-03-22,,
2016-03-23,,
2016-03-24,,
2016-03-25,,
2016-03-26,,
2016-03-27,,
2016-03-28,,
2016-03-29,,
2016-03-30,,
2016-03-31,,
2016-04-01,,
2016-04-02,,
2016-04-03,,
2016-04-04,,
2016-04-05,,
2016-04-06,,
2016-04-07,,
2016-04-08,,
2016-04-09,,
2016-04-10,,
2016-04-11,,
2016-04-12,,
2016-04-13,,
2016-04-14,,
2016-04-15,,
2016-04-16,,
2016-04-17,,
2016-04-18,,
2016-04-19,,
2016-04-20,,
2016-04-21,,
2016-04-22,,
2016-04-23,,
2016-04-24,,
2016-04-25,,
2016-04-26,,
2016-04-27,,
2016-04-28,,
2016-04-29,,
2016-04-30,,
2016-05-01,,
2016-05-02,,
2016-05-03,,
2016-05-04,,
2016-05-05,,
2016-05-06,,
2016-05-07,,
2016-05-08,,
2016-05-09,,
2016-05-10,,
2016-05-11,,
2016-05-12,,
2016-05-13,,
2016-05-14,,
2016-05-15,,
2016-05-16,,
2016-05-17,,
2016-05-18,,
2016-05-19,,
2016-05-20,,
2016-05-21,,
2016-05-22,,
2016-05-23,,
2016-05-24,,
2016-05-25,,
2016-05-26,,
2016-05-27,,
2016-05-28,,
2016-05-29,,
2016-05-30,,
2016-05-31,,
2016-06-01,,
2016-06-02,,
2016-06-03,,
2016-06-04,,
2016-06-05,,
2016-06-06,,
2016-06-07,,
2016-06-08,,
2016-06-09,,
2016-06-10,,
2016-06-11,,
2016-06-12,,
2016-06-13,,
2016-06-14,,
2016-06-15,,
2016-06-16,,
2016-06-17,,
2016-06-18,,
2016-06-19,,
2016-06-20,,
2016-06-21,,
2016-06-22,,
2016-06-23,,
2016-06-24,,
2016-06-25,,
2016-06-26,,
2016-06-27,,
2016-06-28,,
2016-06-29,,
2016-06-30,,
2016-07-01,,
2016-07-02,,
2016-07-03,,
2016-07-04,,
2016-07-05,,
2016-07-06,,
2016-07-07,,
2016-07-08,,
2016-07-09,,
2016-07-10,,
2016-07-11,,
2016-07-12,,
2016-07-13,,
2016-07-14,,
2016-07-15,,
2016-07-16,,
2016-07-17,,
2016-07-18,,
2016-07-19,,
2016-07-20,,
2016-07-21,,
2016-07-22,,
2016-07-23,,
2016-07-24,,
2016-07-25,,
2016-07-26,,
2016-07-27,,
2016-07-28,,
2016-07-29,,
2016-07-30,,
2016-07-31,,
2016-08-01,,
2016-08-02,,
2016-08-03,,
2016-08-04,,
2016-08-05,,
2016-08-06,,
2016-08-07,,
2016-08-08,,
2016-08-09,,
2016-08-10,,
2016-08-11,,
2016-08-12,,
2016-08-13,,
2016-08-14,,
2016-08-15,,
2016-08-16,,
2016-08-17,,2.54
2016-08-18,,0.0
2016-08-19,,0.0
2016-08-20,,0.0
2016-08-21,,2.54
2016-08-22,,0.0
2016-08-23,,0.0
2016-08-24,,0.0
2016-08-25,,0.0
2016-08-26,,2.54
2016-08-27,,2.54
2016-08-28,,2.54
2016-08-29,,2.54
2016-08-30,,2.54
2016-08-31,,2.54
2016-09-01,,0.0
2016-09-02,,0.0
2016-09-03,,2.54
2016-09-04,,2.54
2016-09-05,,2.54
2016-09-06,,2.54
2016-09-07,,0.0
2016-09-08,,2.54
2016-09-09,,2.54
2016-09-10,,2.54
2016-09-11,,2.54
2016-09-12,,2.54
2016-09-13,,2.54
2016-09-14,,2.54
2016-09-15,,2.54
2016-09-16,,0.0
2016-09-17,,2.54
2016-09-18,,0.0
2016-09-19,,2.54
2016-09-20,,0.0
2016-09-21,,2.54
2016-09-22,,2.54
2016-09-23,,0.0
2016-09-24,,444.5
2016-09-25,,2.54
2016-09-26,,2.54
2016-09-27,,0.0
2016-09-28,,2.54
2016-09-29,,5.08
2016-09-30,,2.54
2016-10-01,0.0,0.0
2016-10-02,0.0,-2.54
2016-10-03,0.0,
2016-10-04,0.0,5.08
2016-10-05,0.0,2.54
2016-10-06,0.0,2.54
2016-10-07,0.0,0.0
2016-10-08,0.0,2.54
2016-10-09,0.0,2.54
2016-10-10,0.0,0.0
2016-10-11,0.0,0.0
2016-10-12,0.0,0.0
2016-10-13,0.0,2.54
2016-10-14,0.0,2.54
2016-10-15,0.0,0.0
2016-10-16,0.0,0.0
2016-10-17,0.0,-2.54
2016-10-18,0.0,2.54
2016-10-19,0.0,2.54
2016-10-20,0.0,2.54
2016-10-21,0.0,2.54
2016-10-22,0.0,2.54
2016-10-23,0.0,2.54
2016-10-24,0.0,2.54
2016-10-25,0.0,2.54
2016-10-26,0.0,2.54
2016-10-27,0.0,2.54
2016-10-28,0.0,2.54
2016-10-29,0.0,2.54
2016-10-30,0.0,2.54
2016-10-31,0.0,2.54
2016-11-01,0.0,15.24
2016-11-02,0.0,10.16
2016-11-03,0.0,5.08
2016-11-04,0.0,2.54
2016-11-05,0.0,5.08
2016-11-06,0.0,2.54
2016-11-07,0.0,2.54
2016-11-08,0.0,2.54
2016-11-09,0.0,2.54
2016-11-10,0.0,2.54
2016-11-11,0.0,2.54
2016-11-12,0.0,2.54
2016-11-13,0.0,2.54
2016-11-14,0.0,2.54
2016-11-15,0.0,2.54
2016-11-16,0.0,5.08
2016-11-17,0.0,2.54
2016-11-18,0.0,5.08
2016-11-19,2.769,27.94
2016-11-20,6.121,38.1
2016-11-21,6.426,30.48
2016-11-22,6.121,
2016-11-23,8.255,43.18
2016-11-24,7.95,43.18
2016-11-25,8.865,48.26
2016-11-26,10.084,53.34
2016-11-27,13.132,81.28
2016-11-28,13.132,76.2
2016-11-29,12.827,73.66
2016-11-30,12.827,71.12
2016-12-01,12.827,66.04
2016-12-02,12.827,66.04
2016-12-03,12.522,66.04
2016-12-04,12.522,63.5
2016-12-05,12.522,58.42
2016-12-06,12.217,58.42
2016-12-07,12.217,58.42
2016-12-08,13.437,71.12
2016-12-09,14.351,68.58
2016-12-10,14.351,55.88
2016-12-11,14.656,63.5
2016-12-12,14.656,63.5
2016-12-13,14.656,60.96
2016-12-14,18.009,78.74
2016-12-15,18.009,71.12
2016-12-16,19.533,66.04
2016-12-17,19.228,63.5
2016-12-18,19.228,63.5
2016-12-19,18.618,60.96
2016-12-20,18.313,60.96
2016-12-21,18.313,58.42
2016-12-22,18.009,58.42
2016-12-23,18.009,71.12
2016-12-24,22.276,101.6
2016-12-25,22.581,96.52
2016-12-26,22.581,91.44
2016-12-27,22.581,88.9
2016-12-28,22.581,86.36
2016-12-29,22.581,83.82
2016-12-30,22.581,81.28
2016-12-31,22.276,78.74
2017-01-01,22.581,76.2
2017-01-02,22.581,
2017-01-03,24.409,
2017-01-04,31.725,142.24
2017-01-05,31.725,132.08
2017-01-06,32.029,127.0
2017-01-07,32.639,132.08
2017-01-08,36.601,144.78
2017-01-09,35.992,129.54
2017-01-10,43.002,162.56
2017-01-11,52.756,180.34
2017-01-12,52.146,170.18
2017-01-13,50.317,167.64
2017-01-14,49.403,162.56
2017-01-15,48.793,157.48
2017-01-16,48.184,154.94
2017-01-17,47.574,152.4
2017-01-18,46.965,149.86
2017-01-19,51.841,180.34
2017-01-20,54.889,193.04
2017-01-21,58.547,210.82
2017-01-22,63.119,218.44
2017-01-23,64.948,226.06
2017-01-24,65.557,220.98
2017-01-25,65.557,213.36
2017-01-26,65.557,210.82
2017-01-27,65.557,205.74
2017-01-28,65.253,200.66
2017-01-29,65.253,195.58
2017-01-30,65.253,193.04
2017-01-31,65.253,187.96
2017-02-01,64.948,185.42
2017-02-02,64.948,187.96
2017-02-03,67.996,185.42
2017-02-04,69.825,185.42
2017-02-05,72.263,187.96
2017-02-06,77.445,205.74
2017-02-07,81.712,228.6
2017-02-08,83.236,208.28
2017-02-09,82.931,187.96
2017-02-10,79.883,177.8
2017-02-11,76.53,180.34
2017-02-12,80.493,172.72
2017-02-13,82.626,172.72
2017-02-14,81.102,170.18
2017-02-15,79.273,167.64
2017-02-16,78.664,177.8
2017-02-17,79.578,180.34
2017-02-18,82.931,208.28
2017-02-19,83.541,205.74
2017-02-20,87.808,223.52
2017-02-21,90.856,223.52
2017-02-22,90.551,218.44
2017-02-23,90.551,218.44
2017-02-24,90.246,215.9
2017-02-25,90.246,223.52
2017-02-26,89.941,220.98
2017-02-27,89.637,220.98
2017-02-28,89.332,220.98
2017-03-01,88.722,215.9
2017-03-02,87.503,213.36
2017-03-03,86.893,208.28
2017-03-04,86.589,208.28
2017-03-05,87.503,218.44
2017-03-06,87.503,220.98
2017-03-07,89.027,236.22
2017-03-08,90.551,241.3
2017-03-09,89.332,228.6
2017-03-10,89.332,223.52
2017-03-11,88.113,213.36
2017-03-12,85.065,208.28
2017-03-13,86.284,205.74
2017-03-14,86.893,200.66
2017-03-15,86.589,193.04
2017-03-16,86.893,185.42
2017-03-17,87.884,182.88
2017-03-18,86.36,175.26
2017-03-19,84.836,170.18
2017-03-20,83.566,162.56
2017-03-21,81.788,157.48
2017-03-22,81.28,162.56
2017-03-23,81.28,157.48
2017-03-24,82.042,177.8
2017-03-25,83.058,187.96
2017-03-26,84.582,182.88
2017-03-27,85.344,198.12
2017-03-28,85.674,185.42
2017-03-29,86.284,180.34
2017-03-30,84.76,172.72
2017-03-31,82.626,170.18
2017-04-01,82.931,167.64
2017-04-02,81.102,165.1
2017-04-03,80.188,160.02
2017-04-04,80.797,157.48
2017-04-05,78.969,154.94
2017-04-06,74.701,170.18
2017-04-07,83.236,200.66
2017-04-08,86.893,198.12
2017-04-09,87.198,193.04
2017-04-10,86.589,195.58
2017-04-11,86.893,190.5
2017-04-12,88.417,195.58
2017-04-13,90.246,210.82
2017-04-14,90.856,203.2
2017-04-15,93.294,198.12
2017-04-16,93.904,193.04
2017-04-17,95.123,205.74
2017-04-18,96.647,200.66
2017-04-19,96.012,195.58
2017-04-20,95.123,203.2
2017-04-21,95.123,193.04
2017-04-22,93.599,187.96
2017-04-23,84.15,185.42
2017-04-24,78.054,180.34
2017-04-25,73.787,177.8
2017-04-26,77.14,175.26
2017-04-27,66.777,170.18
2017-04-28,,167.64
2017-04-29,,162.56
2017-04-30,,160.02
2017-05-01,,152.4
2017-05-02,,147.32
2017-05-03,,139.7
2017-05-04,,132.08
2017-05-05,,119.38
2017-05-06,,114.3
2017-05-07,,109.22
2017-05-08,,104.14
2017-05-09,,101.6
2017-05-10,,93.98
2017-05-11,,78.74
2017-05-12,,81.28
2017-05-13,,73.66
2017-05-14,,71.12
2017-05-15,,71.12
2017-05-16,,66.04
2017-05-17,,60.96
2017-05-18,,60.96
2017-05-19,,53.34
2017-05-20,,48.26
2017-05-21,,40.64
2017-05-22,,33.02
2017-05-23,,22.86
2017-05-24,,15.24
2017-05-25,,5.08
2017-05-26,,0.0
2017-05-27,,2.54
2017-05-28,,2.54
2017-05-29,,2.54
2017-05-30,,2.54
2017-05-31,,2.54
2017-06-01,,2.54
2017-06-02,,2.54
2017-06-03,,2.54
2017-06-04,,5.08
2017-06-05,,2.54
2017-06-06,,2.54
2017-06-07,,5.08
2017-06-08,,2.54
2017-06-09,,5.08
2017-06-10,,2.54
2017-06-11,,2.54
2017-06-12,,2.54
2017-06-13,,2.54
2017-06-14,,2.54
2017-06-15,,2.54
2017-06-16,,2.54
2017-06-17,,2.54
2017-06-18,,2.54
2017-06-19,,0.0
2017-06-20,,2.54
2017-06-21,,2.54
2017-06-22,,2.54
2017-06-23,,0.0
2017-06-24,,0.0
2017-06-25,,0.0
2017-06-26,,0.0
2017-06-27,,2.54
2017-06-28,,2.54
2017-06-29,,2.54
2017-06-30,,0.0
2017-07-01,,2.54
2017-07-02,,2.54
2017-07-03,,2.54
2017-07-04,,2.54
2017-07-05,,0.0
2017-07-06,,2.54
2017-07-07,,2.54
2017-07-08,,0.0
2017-07-09,,2.54
2017-07-10,,2.54
2017-07-11,,0.0
2017-07-12,,2.54
2017-07-13,,0.0
2017-07-14,,2.54
2017-07-15,,2.54
2017-07-16,,2.54
2017-07-17,,2.54
2017-07-18,,0.0
2017-07-19,,0.0
2017-07-20,,2.54
2017-07-21,,0.0
2017-07-22,,0.0
2017-07-23,,2.54
2017-07-24,,0.0
2017-07-25,,0.0
2017-07-26,,
2017-07-27,,2.54
2017-07-28,,0.0
2017-07-29,,0.0
2017-07-30,,
2017-07-31,,0.0
2017-08-01,,2.54
2017-08-02,,0.0
2017-08-03,,0.0
2017-08-04,,2.54
2017-08-05,,0.0
2017-08-06,,2.54
2017-08-07,,2.54
2017-08-08,,2.54
2017-08-09,,2.54
2017-08-10,,
2017-08-11,,0.0
2017-08-12,,0.0
2017-08-13,,0.0
2017-08-14,,0.0
2017-08-15,,2.54
2017-08-16,,0.0
2017-08-17,,0.0
2017-08-18,,2.54
2017-08-19,,2.54
2017-08-20,,0.0
2017-08-21,,2.54
2017-08-22,,2.54
2017-08-23,,2.54
2017-08-24,,2.54
2017-08-25,,2.54
2017-08-26,,2.54
2017-08-27,,2.54
2017-08-28,,2.54
2017-08-29,,2.54
2017-08-30,,2.54
2017-08-31,,2.54
2017-09-01,,0.0
2017-09-02,,2.54
2017-09-03,,2.54
2017-09-04,,2.54
2017-09-05,,
2017-09-06,,2.54
2017-09-07,,2.54
2017-09-08,,2.54
2017-09-09,,2.54
2017-09-10,,2.54
2017-09-11,,5.08
2017-09-12,,2.54
2017-09-13,,2.54
2017-09-14,,2.54
2017-09-15,,2.54
2017-09-16,,5.08
2017-09-17,,2.54
2017-09-18,,5.08
2017-09-19,,2.54
2017-09-20,,2.54
2017-09-21,,2.54
2017-09-22,,5.08
2017-09-23,,5.08
2017-09-24,,2.54
2017-09-25,,5.08
2017-09-26,,2.54
2017-09-27,,2.54
2017-09-28,,2.54
2017-09-29,,2.54
2017-09-30,,5.08
2017-10-01,0.0,2.54
2017-10-02,0.0,5.08
2017-10-03,0.0,2.54
2017-10-04,0.0,2.54
2017-10-05,0.0,2.54
2017-10-06,0.0,5.08
2017-10-07,0.0,5.08
2017-10-08,0.0,2.54
2017-10-09,0.0,2.54
2017-10-10,0.0,2.54
2017-10-11,0.0,2.54
2017-10-12,0.0,2.54
2017-10-13,0.0,5.08
2017-10-14,0.0,2.54
2017-10-15,0.0,2.54
2017-10-16,0.0,2.54
2017-10-17,0.0,2.54
2017-10-18,0.0,2.54
2017-10-19,0.0,2.54
2017-10-20,0.0,
2017-10-21,0.0,5.08
2017-10-22,0.0,
2017-10-23,0.0,2.54
2017-10-24,0.0,2.54
2017-10-25,0.0,2.54
2017-10-26,0.0,5.08
2017-10-27,0.0,2.54
2017-10-28,0.0,2.54
2017-10-29,0.0,2.54
2017-10-30,0.0,2.54
2017-10-31,0.0,0.0
2017-11-01,0.0,2.54
2017-11-02,0.0,2.54
2017-11-03,0.0,5.08
2017-11-04,0.0,2.54
2017-11-05,0.0,5.08
2017-11-06,0.0,7.62
2017-11-07,0.0,5.08
2017-11-08,0.0,5.08
2017-11-09,2.438,12.7
2017-11-10,2.438,12.7
2017-11-11,2.134,12.7
2017-11-12,1.829,10.16
2017-11-13,1.524,10.16
2017-11-14,0.914,10.16
2017-11-15,0.914,10.16
2017-11-16,5.486,35.56
2017-11-17,5.486,25.4
2017-11-18,5.182,
2017-11-19,5.182,33.02
2017-11-20,5.791,33.02
2017-11-21,4.877,25.4
2017-11-22,3.353,20.32
2017-11-23,1.829,12.7
2017-11-24,0.0,5.08
2017-11-25,0.0,2.54
2017-11-26,0.0,5.08
2017-11-27,0.0,2.54
2017-11-28,0.0,5.08
2017-11-29,0.0,5.08
2017-11-30,0.0,5.08
2017-12-01,0.0,0.0
2017-12-02,0.0,5.08
2017-12-03,1.829,15.24
2017-12-04,1.829,15.24
2017-12-05,0.914,12.7
2017-12-06,0.61,12.7
2017-12-07,0.0,10.16
2017-12-08,0.0,10.16
2017-12-09,0.0,10.16
2017-12-10,0.0,7.62
2017-12-11,0.0,7.62
2017-12-12,0.61,7.62
2017-12-13,1.524,5.08
2017-12-14,1.219,5.08
2017-12-15,1.829,5.08
2017-12-16,0.914,5.08
2017-12-17,0.61,5.08
2017-12-18,1.219,5.08
2017-12-19,1.829,5.08
2017-12-20,2.743,0.0
2017-12-21,2.134,12.7
2017-12-22,1.829,12.7
2017-12-23,1.524,10.16
2017-12-24,1.829,10.16
2017-12-25,1.829,10.16
2017-12-26,0.914,7.62
2017-12-27,1.219,10.16
2017-12-28,1.829,10.16
2017-12-29,1.829,7.62
2017-12-30,2.438,5.08
2017-12-31,2.438,5.08
2018-01-01,2.438,5.08
2018-01-02,1.524,5.08
2018-01-03,1.829,5.08
2018-01-04,1.524,2.54
2018-01-05,1.524,5.08
2018-01-06,0.914,5.08
2018-01-07,0.305,5.08
2018-01-08,0.914,5.08
2018-01-09,0.61,2.54
2018-01-10,0.61,5.08
2018-01-11,0.61,5.08
2018-01-12,0.61,5.08
2018-01-13,0.61,5.08
2018-01-14,0.61,5.08
2018-01-15,0.61,7.62
2018-01-16,0.61,10.16
2018-01-17,0.61,2.54
2018-01-18,0.61,2.54
2018-01-19,1.219,5.08
2018-01-20,1.524,7.62
2018-01-21,1.829,10.16
2018-01-22,4.877,
2018-01-23,4.877,33.02
2018-01-24,4.877,30.48
2018-01-25,8.23,48.26
2018-01-26,10.363,60.96
2018-01-27,10.973,60.96
2018-01-28,10.973,
2018-01-29,10.973,53.34
2018-01-30,10.973,50.8
2018-01-31,10.668,45.72
2018-02-01,10.668,43.18
2018-02-02,10.363,38.1
2018-02-03,9.754,35.56
2018-02-04,9.144,30.48
2018-02-05,8.534,27.94
2018-02-06,7.62,25.4
2018-02-07,7.01,22.86
2018-02-08,6.096,20.32
2018-02-09,5.486,20.32
2018-02-10,5.486,15.24
2018-02-11,5.334,15.24
2018-02-12,5.182,17.78
2018-02-13,4.572,17.78
2018-02-14,3.048,15.24
2018-02-15,3.048,15.24
2018-02-16,3.353,15.24
2018-02-17,4.877,15.24
2018-02-18,3.048,12.7
2018-02-19,2.159,12.7
2018-02-20,1.219,12.7
2018-02-21,1.524,12.7
2018-02-22,2.438,15.24
2018-02-23,3.353,15.24
2018-02-24,4.877,15.24
2018-02-25,4.572,15.24
2018-02-26,3.962,10.16
2018-02-27,3.962,17.78
2018-02-28,4.877,17.78
2018-03-01,6.706,50.8
2018-03-02,8.534,60.96
2018-03-03,9.449,68.58
2018-03-04,10.363,449.58
2018-03-05,10.363,66.04
2018-03-06,10.363,60.96
2018-03-07,10.058,50.8
2018-03-08,10.668,447.04
2018-03-09,11.887,
2018-03-10,12.802,50.8
2018-03-11,12.802,48.26
2018-03-12,12.192,48.26
2018-03-13,11.582,
2018-03-14,12.192,
2018-03-15,13.411,40.64
2018-03-16,15.85,416.56
2018-03-17,16.459,
2018-03-18,16.459,
2018-03-19,16.154,
2018-03-20,14.935,53.34
2018-03-21,15.545,
2018-03-22,14.63,48.26
2018-03-23,14.326,48.26
2018-03-24,15.24,
2018-03-25,16.154,
2018-03-26,16.764,
2018-03-27,16.764,60.96
2018-03-28,16.154,53.34
2018-03-29,15.545,48.26
2018-03-30,14.935,45.72
2018-03-31,14.021,40.64
2018-04-01,13.106,38.1
2018-04-02,11.278,33.02
2018-04-03,10.668,30.48
2018-04-04,8.839,25.4
2018-04-05,6.706,20.32
2018-04-06,7.315,
2018-04-07,5.486,
2018-04-08,2.743,
2018-04-09,1.219,2.54
2018-04-10,0.914,5.08
2018-04-11,0.914,
2018-04-12,2.134,15.24
2018-04-13,2.438,10.16
2018-04-14,0.914,2.54
2018-04-15,0.914,5.08
2018-04-16,1.829,
2018-04-17,1.829,
2018-04-18,1.219,5.08
2018-04-19,0.914,
2018-04-20,0.61,5.08
2018-04-21,0.61,5.08
2018-04-22,0.61,5.08
2018-04-23,0.61,5.08
2018-04-24,0.0,5.08
2018-04-25,0.0,2.54
2018-04-26,0.0,5.08
2018-04-27,0.0,5.08
2018-04-28,0.0,
2018-04-29,0.0,
2018-04-30,0.0,368.3
2018-05-01,0.0,2.54
2018-05-02,0.0,2.54
2018-05-03,0.0,2.54
2018-05-04,0.0,2.54
2018-05-05,0.0,2.54
2018-05-06,0.0,5.08
2018-05-07,0.0,2.54
2018-05-08,0.0,5.08
2018-05-09,0.0,2.54
2018-05-10,0.0,0.0
2018-05-11,0.0,5.08
2018-05-12,0.0,5.08
2018-05-13,0.0,2.54
2018-05-14,0.0,
2018-05-15,0.0,
2018-05-16,0.0,2.54
2018-05-17,0.0,5.08
2018-05-18,0.0,2.54
2018-05-19,0.0,2.54
2018-05-20,0.0,0.0
2018-05-21,0.0,2.54
2018-05-22,0.0,5.08
2018-05-23,0.0,
2018-05-24,0.0,5.08
2018-05-25,0.0,2.54
2018-05-26,0.0,5.08
2018-05-27,0.0,2.54
2018-05-28,0.0,5.08
2018-05-29,0.0,0.0
2018-05-30,0.0,2.54
2018-05-31,0.0,5.08
2018-06-01,0.0,
2018-06-02,0.0,5.08
2018-06-03,0.0,5.08
2018-06-04,0.0,2.54
2018-06-05,0.0,5.08
2018-06-06,0.0,5.08
2018-06-07,0.0,
2018-06-08,0.0,5.08
2018-06-09,0.0,5.08
2018-06-10,0.0,2.54
2018-06-11,0.0,
2018-06-12,0.0,5.08
2018-06-13,0.0,5.08
2018-06-14,0.0,2.54
2018-06-15,0.0,2.54
2018-06-16,0.0,2.54
2018-06-17,0.0,5.08
2018-06-18,0.0,
2018-06-19,0.0,5.08
2018-06-20,0.0,5.08
2018-06-21,0.0,5.08
2018-06-22,0.0,2.54
2018-06-23,0.0,2.54
2018-06-24,0.0,5.08
2018-06-25,0.0,5.08
2018-06-26,0.0,2.54
2018-06-27,0.0,2.54
2018-06-28,0.0,2.54
2018-06-29,0.0,2.54
2018-06-30,0.0,2.54
2018-07-01,0.0,5.08
2018-07-02,0.0,2.54
2018-07-03,0.0,2.54
2018-07-04,0.0,5.08
2018-07-05,0.0,2.54
2018-07-06,0.0,5.08
2018-07-07,0.0,2.54
2018-07-08,0.0,2.54
2018-07-09,0.0,0.0
2018-07-10,0.0,0.0
2018-07-11,0.0,2.54
2018-07-12,0.0,2.54
2018-07-13,0.0,2.54
2018-07-14,0.0,2.54
2018-07-15,0.0,2.54
2018-07-16,0.0,5.08
2018-07-17,0.0,2.54
2018-07-18,0.0,2.54
2018-07-19,0.0,2.54
2018-07-20,0.0,0.0
2018-07-21,0.0,2.54
2018-07-22,0.0,2.54
2018-07-23,0.0,5.08
2018-07-24,0.0,5.08
2018-07-25,0.0,5.08
2018-07-26,0.0,2.54
2018-07-27,0.0,2.54
2018-07-28,0.0,2.54
2018-07-29,0.0,2.54
2018-07-30,0.0,2.54
2018-07-31,0.0,2.54
2018-08-01,0.0,2.54
2018-08-02,0.0,5.08
2018-08-03,0.0,2.54
2018-08-04,0.0,2.54
2018-08-05,0.0,2.54
2018-08-06,0.0,2.54
2018-08-07,0.0,2.54
2018-08-08,0.0,2.54
2018-08-09,0.0,2.54
2018-08-10,0.0,2.54
2018-08-11,0.0,2.54
2018-08-12,0.0,2.54
2018-08-13,0.0,2.54
2018-08-14,0.0,2.54
2018-08-15,0.0,2.54
2018-08-16,0.0,2.54
2018-08-17,0.0,2.54
2018-08-18,0.0,2.54
2018-08-19,0.0,2.54
2018-08-20,0.0,2.54
2018-08-21,0.0,2.54
2018-08-22,0.0,2.54
2018-08-23,0.0,2.54
2018-08-24,0.0,2.54
2018-08-25,0.0,2.54
2018-08-26,0.0,2.54
2018-08-27,0.0,2.54
2018-08-28,0.0,2.54
2018-08-29,0.0,2.54
2018-08-30,0.0,436.88
2018-08-31,0.0,2.54
2018-09-01,0.0,5.08
2018-09-02,0.0,2.54
2018-09-03,0.0,2.54
2018-09-04,0.0,2.54
2018-09-05,0.0,2.54
2018-09-06,0.0,2.54
2018-09-07,0.0,2.54
2018-09-08,0.0,2.54
2018-09-09,0.0,2.54
2018-09-10,0.0,2.54
2018-09-11,0.0,2.54
2018-09-12,0.0,416.56
2018-09-13,0.0,
2018-09-14,0.0,
2018-09-15,0.0,2.54
2018-09-16,0.0,
2018-09-17,0.0,5.08
2018-09-18,0.0,5.08
2018-09-19,0.0,
2018-09-20,0.0,5.08
2018-09-21,0.0,2.54
2018-09-22,0.0,0.0
2018-09-23,0.0,-2.54
2018-09-24,0.0,5.08
2018-09-25,0.0,2.54
2018-09-26,0.0,2.54
2018-09-27,0.0,2.54
2018-09-28,0.0,2.54
2018-09-29,0.0,5.08
2018-09-30,0.0,
2018-10-01,0.0,
2018-10-02,0.0,
2018-10-03,0.0,
2018-10-04,0.0,
2018-10-05,0.0,
2018-10-06,0.0,
2018-10-07,0.0,
2018-10-08,0.0,
2018-10-09,0.0,
2018-10-10,0.0,5.08
2018-10-11,0.0,
2018-10-12,0.0,5.08
2018-10-13,0.0,2.54
2018-10-14,0.0,2.54
2018-10-15,0.0,5.08
2018-10-16,0.0,2.54
2018-10-17,0.0,5.08
2018-10-18,0.0,2.54
2018-10-19,0.0,2.54
2018-10-20,0.0,2.54
2018-10-21,0.0,2.54
2018-10-22,0.0,5.08
2018-10-23,0.0,2.54
2018-10-24,0.0,5.08
2018-10-25,0.0,5.08
2018-10-26,0.0,2.54
2018-10-27,0.0,5.08
2018-10-28,0.0,2.54
2018-10-29,0.0,
2018-10-30,0.0,
2018-10-31,0.0,5.08
2018-11-01,0.0,
2018-11-02,0.0,2.54
2018-11-03,0.0,2.54
2018-11-04,0.0,2.54
2018-11-05,0.0,5.08
2018-11-06,0.0,5.08
2018-11-07,0.0,5.08
2018-11-08,0.0,5.08
2018-11-09,0.0,2.54
2018-11-10,0.0,2.54
2018-11-11,0.0,5.08
2018-11-12,0.0,2.54
2018-11-13,0.0,2.54
2018-11-14,0.0,2.54
2018-11-15,0.0,5.08
2018-11-16,0.0,5.08
2018-11-17,0.0,2.54
2018-11-18,0.0,5.08
2018-11-19,0.0,2.54
2018-11-20,0.0,2.54
2018-11-21,0.0,
2018-11-22,2.743,
2018-11-23,5.182,
2018-11-24,8.23,
2018-11-25,8.23,
2018-11-26,7.925,40.64
2018-11-27,7.925,
2018-11-28,7.925,
2018-11-29,12.802,
2018-11-30,14.63,
2018-12-01,15.545,
2018-12-02,16.154,
2018-12-03,16.154,
2018-12-04,16.154,
2018-12-05,16.154,
2018-12-06,15.85,
2018-12-07,15.85,
2018-12-08,15.545,
2018-12-09,15.24,
2018-12-10,15.545,
2018-12-11,15.24,60.96
2018-12-12,14.935,60.96
2018-12-13,14.63,60.96
2018-12-14,14.326,208.28
2018-12-15,15.24,
2018-12-16,14.935,
2018-12-17,18.288,
2018-12-18,20.117,
2018-12-19,21.336,
2018-12-20,21.946,
2018-12-21,23.165,
2018-12-22,23.47,73.66
2018-12-23,22.555,
2018-12-24,22.86,
2018-12-25,24.689,
2018-12-26,24.994,88.9
2018-12-27,24.384,86.36
2018-12-28,23.774,86.36
2018-12-29,23.47,
2018-12-30,23.165,
2018-12-31,23.165,
2019-01-01,23.165,81.28
2019-01-02,23.165,
2019-01-03,22.86,81.28
2019-01-04,22.25,81.28
2019-01-05,22.25,78.74
2019-01-06,24.689,
2019-01-07,29.261,
2019-01-08,30.785,
2019-01-09,37.186,
2019-01-10,40.234,
2019-01-11,41.148,
2019-01-12,41.453,132.08
2019-01-13,42.062,
2019-01-14,42.367,127.0
2019-01-15,42.672,
2019-01-16,46.939,
2019-01-17,57.912,
2019-01-18,60.046,
2019-01-19,63.703,
2019-01-20,59.131,
2019-01-21,60.96,254.0
2019-01-22,60.35,167.64
2019-01-23,59.741,165.1
2019-01-24,59.131,162.56
2019-01-25,59.131,160.02
2019-01-26,59.131,157.48
2019-01-27,59.436,154.94
2019-01-28,60.046,152.4
2019-01-29,59.741,149.86
2019-01-30,59.131,149.86
2019-01-31,59.436,147.32
2019-02-01,58.217,
2019-02-02,59.741,
2019-02-03,64.008,
2019-02-04,65.837,449.58
2019-02-05,65.837,
2019-02-06,66.142,193.04
2019-02-07,66.142,449.58
2019-02-08,66.751,
2019-02-09,66.751,
2019-02-10,69.494,
2019-02-11,70.104,
2019-02-12,71.018,
2019-02-13,75.895,
2019-02-14,82.601,
2019-02-15,81.686,
2019-02-16,84.125,
2019-02-17,85.344,
2019-02-18,86.258,
2019-02-19,87.782,
2019-02-20,88.392,
2019-02-21,89.002,
2019-02-22,89.002,228.6
2019-02-23,89.306,226.06
2019-02-24,89.611,
2019-02-25,93.878,
2019-02-26,102.718,
2019-02-27,113.995,
2019-02-28,118.567,
2019-03-01,119.482,330.2
2019-03-02,120.091,
2019-03-03,121.006,
2019-03-04,121.31,
2019-03-05,121.615,
2019-03-06,125.578,
2019-03-07,128.93,
2019-03-08,129.845,
2019-03-09,130.15,317.5
2019-03-10,132.283,
2019-03-11,133.502,330.2
2019-03-12,133.807,322.58
2019-03-13,133.807,317.5
2019-03-14,134.112,312.42
2019-03-15,134.417,309.88
2019-03-16,134.417,304.8
2019-03-17,133.807,299.72
2019-03-18,133.198,292.1
2019-03-19,132.283,287.02
2019-03-20,131.978,
2019-03-21,134.417,
2019-03-22,136.246,
2019-03-23,138.989,
2019-03-24,140.208,
2019-03-25,141.427,289.56
2019-03-26,145.39,
2019-03-27,147.218,
2019-03-28,149.657,
2019-03-29,151.79,
2019-03-30,152.095,
2019-03-31,151.79,325.12
2019-04-01,151.181,314.96
2019-04-02,150.571,
2019-04-03,149.098,
2019-04-04,147.574,
2019-04-05,146.05,
2019-04-06,144.272,
2019-04-07,142.646,
2019-04-08,144.78,
2019-04-09,143.51,279.4
2019-04-10,140.97,274.32
2019-04-11,139.7,271.78
2019-04-12,134.62,
2019-04-13,130.81,264.16
2019-04-14,127.0,259.08
2019-04-15,123.139,256.54
2019-04-16,122.834,
2019-04-17,131.369,264.16
2019-04-18,134.417,254.0
2019-04-19,123.444,246.38
2019-04-20,107.29,238.76
2019-04-21,95.402,
2019-04-22,85.954,233.68
2019-04-23,74.676,226.06
2019-04-24,62.789,218.44
2019-04-25,53.95,210.82
2019-04-26,47.244,203.2
2019-04-27,43.586,198.12
2019-04-28,39.319,
2019-04-29,35.662,187.96
2019-04-30,32.614,182.88
2019-05-01,30.48,177.8
2019-05-02,28.956,172.72
2019-05-03,28.042,167.64
2019-05-04,26.213,162.56
2019-05-05,23.47,154.94
2019-05-06,21.641,149.86
2019-05-07,19.812,144.78
2019-05-08,17.678,137.16
2019-05-09,15.85,134.62
2019-05-10,14.63,127.0
2019-05-11,13.411,121.92
2019-05-12,11.582,114.3
2019-05-13,9.449,106.68
2019-05-14,7.01,444.5
2019-05-15,4.877,
2019-05-16,4.267,99.06
2019-05-17,3.048,
2019-05-18,2.743,
2019-05-19,2.743,
2019-05-20,3.353,
2019-05-21,3.962,106.68
2019-05-22,4.877,
2019-05-23,6.096,96.52
2019-05-24,6.401,
2019-05-25,6.401,83.82
2019-05-26,6.401,
2019-05-27,6.096,238.76
2019-05-28,6.401,
2019-05-29,6.401,
2019-05-30,6.706,
2019-05-31,6.706,
2019-06-01,7.315,
2019-06-02,9.449,
2019-06-03,8.23,
2019-06-04,4.572,
2019-06-05,2.743,5.08
2019-06-06,1.219,5.08
2019-06-07,0.305,0.0
2019-06-08,0.0,5.08
2019-06-09,0.0,5.08
2019-06-10,0.0,2.54
2019-06-11,0.0,2.54
2019-06-12,0.0,0.0
2019-06-13,0.0,0.0
2019-06-14,0.0,187.96
2019-06-15,0.0,
2019-06-16,0.0,5.08
2019-06-17,0.0,0.0
2019-06-18,0.0,5.08
2019-06-19,0.0,0.0
2019-06-20,0.0,5.08
2019-06-21,0.0,5.08
2019-06-22,0.0,5.08
2019-06-23,0.0,2.54
2019-06-24,0.0,2.54
2019-06-25,0.0,2.54
2019-06-26,0.0,2.54
2019-06-27,0.0,
2019-06-28,0.0,
2019-06-29,0.0,
2019-06-30,0.0,5.08
2019-07-01,0.0,0.0
2019-07-02,0.0,
2019-07-03,0.0,
2019-07-04,0.0,2.54
2019-07-05,0.0,0.0
2019-07-06,0.0,2.54
2019-07-07,0.0,0.0
2019-07-08,0.0,
2019-07-09,0.0,
2019-07-10,0.0,
2019-07-11,0.0,
2019-07-12,0.0,
2019-07-13,0.0,
2019-07-14,0.0,
2019-07-15,0.0,
2019-07-16,0.0,
2019-07-17,0.0,
2019-07-18,0.0,
2019-07-19,0.0,
2019-07-20,0.0,
2019-07-21,0.0,
2019-07-22,0.0,
2019-07-23,0.0,
2019-07-24,0.0,104.14
2019-07-25,0.0,
2019-07-26,0.0,
2019-07-27,0.0,
2019-07-28,0.0,284.48
2019-07-29,0.0,
2019-07-30,0.0,
2019-07-31,0.0,
2019-08-01,0.0,0.0
2019-08-02,0.0,
2019-08-03,0.0,
2019-08-04,0.0,325.12
2019-08-05,0.0,2.54
2019-08-06,0.0,
2019-08-07,0.0,
2019-08-08,0.0,0.0
2019-08-09,0.0,
2019-08-10,0.0,
2019-08-11,0.0,
2019-08-12,0.0,
2019-08-13,0.0,
2019-08-14,0.0,401.32
2019-08-15,0.0,
2019-08-16,0.0,
2019-08-17,0.0,
2019-08-18,0.0,
2019-08-19,0.0,0.0
2019-08-20,0.0,
2019-08-21,0.0,0.0
2019-08-22,0.0,0.0
2019-08-23,0.0,2.54
2019-08-24,0.0,2.54
2019-08-25,0.0,2.54
2019-08-26,0.0,2.54
2019-08-27,0.0,0.0
2019-08-28,0.0,2.54
2019-08-29,0.0,0.0
2019-08-30,0.0,2.54
2019-08-31,0.0,2.54
2019-09-01,0.0,2.54
2019-09-02,0.0,2.54
2019-09-03,0.0,2.54
2019-09-04,0.0,0.0
2019-09-05,0.0,2.54
2019-09-06,0.0,2.54
2019-09-07,0.0,2.54
2019-09-08,0.0,2.54
2019-09-09,0.0,2.54
2019-09-10,0.0,2.54
2019-09-11,0.0,0.0
2019-09-12,0.0,2.54
2019-09-13,0.0,2.54
2019-09-14,0.0,2.54
2019-09-15,0.0,0.0
2019-09-16,0.0,2.54
2019-09-17,0.0,2.54
2019-09-18,0.0,2.54
2019-09-19,0.0,2.54
2019-09-20,0.0,2.54
2019-09-21,0.0,2.54
2019-09-22,0.0,0.0
2019-09-23,0.0,0.0
2019-09-24,0.0,2.54
2019-09-25,0.0,2.54
2019-09-26,0.0,2.54
2019-09-27,0.0,2.54
2019-09-28,0.0,5.08
2019-09-29,0.0,2.54
2019-09-30,0.0,10.16
2019-10-01,0.0,5.08
2019-10-02,0.0,5.08
2019-10-03,0.0,2.54
2019-10-04,0.0,5.08
2019-10-05,0.0,5.08
2019-10-06,0.0,2.54
2019-10-07,0.0,2.54
2019-10-08,0.0,2.54
2019-10-09,0.0,2.54
2019-10-10,0.0,2.54
2019-10-11,0.0,2.54
2019-10-12,0.0,2.54
2019-10-13,0.0,2.54
2019-10-14,0.0,2.54
2019-10-15,0.0,2.54
2019-10-16,0.0,2.54
2019-10-17,0.0,5.08
2019-10-18,0.0,5.08
2019-10-19,0.0,2.54
2019-10-20,0.0,2.54
2019-10-21,0.0,2.54
2019-10-22,0.0,2.54
2019-10-23,0.0,2.54
2019-10-24,0.0,2.54
2019-10-25,0.0,0.0
2019-10-26,0.0,5.08
2019-10-27,0.0,2.54
2019-10-28,0.0,2.54
2019-10-29,0.0,2.54
2019-10-30,0.0,
2019-10-31,0.0,2.54
2019-11-01,0.0,2.54
2019-11-02,0.0,2.54
2019-11-03,0.0,2.54
2019-11-04,0.0,2.54
2019-11-05,0.0,2.54
2019-11-06,0.0,2.54
2019-11-07,0.0,2.54
2019-11-08,0.0,0.0
2019-11-09,0.0,2.54
2019-11-10,0.0,2.54
2019-11-11,0.0,2.54
2019-11-12,0.0,2.54
2019-11-13,0.0,2.54
2019-11-14,0.0,2.54
2019-11-15,0.0,2.54
2019-11-16,0.0,2.54
2019-11-17,0.0,2.54
2019-11-18,0.0,2.54
2019-11-19,0.0,2.54
2019-11-20,0.0,2.54
2019-11-21,0.0,5.08
2019-11-22,0.0,0.0
2019-11-23,0.0,2.54
2019-11-24,0.0,2.54
2019-11-25,0.0,2.54
2019-11-26,0.0,2.54
2019-11-27,,
2019-11-28,,
2019-11-29,,
2019-11-30,,
2019-12-01,,
2019-12-02,,
2019-12-03,,
2019-12-04,,
2019-12-05,,
2019-12-06,,
2019-12-07,,
2019-12-08,,
2019-12-09,,
2019-12-10,,
2019-12-11,,
2019-12-12,,
2019-12-13,,
2019-12-14,,
2019-12-15,,
2019-12-16,,
2019-12-17,,
2019-12-18,,
2019-12-19,,
2019-12-20,,
2019-12-21,,
2019-12-22,,
2019-12-23,,
2019-12-24,,
2019-12-25,,
2019-12-26,,
2019-12-27,,
2019-12-28,,
2019-12-29,,
2019-12-30,,
2019-12-31,,
2020-01-01,,
2020-01-02,,
2020-01-03,,
2020-01-04,,
2020-01-05,,
2020-01-06,,
2020-01-07,,
2020-01-08,,
2020-01-09,,
2020-01-10,,
2020-01-11,,
2020-01-12,,
2020-01-13,,
2020-01-14,,
2020-01-15,,
2020-01-16,,
2020-01-17,,
2020-01-18,,
2020-01-19,,
2020-01-20,,
2020-01-21,,
2020-01-22,,
2020-01-23,,
2020-01-24,,
2020-01-25,,
2020-01-26,,
2020-01-27,,
2020-01-28,,
2020-01-29,,
2020-01-30,,
2020-01-31,,
2020-02-01,,
2020-02-02,,
2020-02-03,,
2020-02-04,,
2020-02-05,,
2020-02-06,,
2020-02-07,,
2020-02-08,,
2020-02-09,,
2020-02-10,,
2020-02-11,,
2020-02-12,,
2020-02-13,,
2020-02-14,,
2020-02-15,,
2020-02-16,,
2020-02-17,,
2020-02-18,,
2020-02-19,,
2020-02-20,,
2020-02-21,,
2020-02-22,,
2020-02-23,,
2020-02-24,,
2020-02-25,,
2020-02-26,,
2020-02-27,,
2020-02-28,,
2020-02-29,,
2020-03-01,,
2020-03-02,,
2020-03-03,,
2020-03-04,,
2020-03-05,,
2020-03-06,,
2020-03-07,,
2020-03-08,,
2020-03-09,,
2020-03-10,,
2020-03-11,,
2020-03-12,,
2020-03-13,,
2020-03-14,,
2020-03-15,,
2020-03-16,,
2020-03-17,,
2020-03-18,,
2020-03-19,,
2020-03-20,,
2020-03-21,,
2020-03-22,,
2020-03-23,,
2020-03-24,,
2020-03-25,,
2020-03-26,,
2020-03-27,,
2020-03-28,,
2020-03-29,,
2020-03-30,,
2020-03-31,,
2020-04-01,,
2020-04-02,,
2020-04-03,,
2020-04-04,,
2020-04-05,,
2020-04-06,,
2020-04-07,,
2020-04-08,,
2020-04-09,,
2020-04-10,,
2020-04-11,,
2020-04-12,,
2020-04-13,,
2020-04-14,,
2020-04-15,,
2020-04-16,,
2020-04-17,,
2020-04-18,,
2020-04-19,,
2020-04-20,,
2020-04-21,,
2020-04-22,,
2020-04-23,,
2020-04-24,,
2020-04-25,,
2020-04-26,,
2020-04-27,,
2020-04-28,,
2020-04-29,,
2020-04-30,,
2020-05-01,,
2020-05-02,,
2020-05-03,,
2020-05-04,,
2020-05-05,,
2020-05-06,,
2020-05-07,,
2020-05-08,,
2020-05-09,,
2020-05-10,,
2020-05-11,,
2020-05-12,,
2020-05-13,,
2020-05-14,,
2020-05-15,,
2020-05-16,,
2020-05-17,,
2020-05-18,,
2020-05-19,,
2020-05-20,,
2020-05-21,,
2020-05-22,,
2020-05-23,,
2020-05-24,,
2020-05-25,,
2020-05-26,,
2020-05-27,,
2020-05-28,,
2020-05-29,,
2020-05-30,,
2020-05-31,,
2020-06-01,,
2020-06-02,,
2020-06-03,,
2020-06-04,,
2020-06-05,,
2020-06-06,,
2020-06-07,,
2020-06-08,,
2020-06-09,,
2020-06-10,,
2020-06-11,,
2020-06-12,,
2020-06-13,,
2020-06-14,,
2020-06-15,,
2020-06-16,,
2020-06-17,,
2020-06-18,,
2020-06-19,,
2020-06-20,,
2020-06-21,,
2020-06-22,,
2020-06-23,,
2020-06-24,,
2020-06-25,,
2020-06-26,,
2020-06-27,,
2020-06-28,,
2020-06-29,,
2020-06-30,,
2020-07-01,,
2020-07-02,,
2020-07-03,,
2020-07-04,,
2020-07-05,,
2020-07-06,,
2020-07-07,,
2020-07-08,,
2020-07-09,,
2020-07-10,,
2020-07-11,,
2020-07-12,,
2020-07-13,,
2020-07-14,,
2020-07-15,,
2020-07-16,,2.54
2020-07-17,,2.54
2020-07-18,,0.0
2020-07-19,,2.54
2020-07-20,,2.54
2020-07-21,,2.54
2020-07-22,,2.54
2020-07-23,,2.54
2020-07-24,,2.54
2020-07-25,,2.54
2020-07-26,,2.54
2020-07-27,,2.54
2020-07-28,,2.54
2020-07-29,,2.54
2020-07-30,,5.08
2020-07-31,,2.54
2020-08-01,,0.0
2020-08-02,,2.54
2020-08-03,,2.54
2020-08-04,,2.54
2020-08-05,,2.54
2020-08-06,,2.54
2020-08-07,,0.0
2020-08-08,,2.54
2020-08-09,,2.54
2020-08-10,,2.54
2020-08-11,,0.0
2020-08-12,,0.0
2020-08-13,,-2.54
2020-08-14,,2.54
2020-08-15,,0.0
2020-08-16,,0.0
2020-08-17,,-2.54
2020-08-18,,2.54
2020-08-19,,0.0
2020-08-20,,2.54
2020-08-21,,2.54
2020-08-22,,2.54
2020-08-23,,0.0
2020-08-24,,2.54
2020-08-25,,2.54
2020-08-26,,2.54
2020-08-27,,2.54
2020-08-28,,2.54
2020-08-29,,0.0
2020-08-30,,0.0
2020-08-31,,2.54
2020-09-01,,0.0
2020-09-02,,2.54
2020-09-03,,0.0
2020-09-04,,0.0
2020-09-05,,2.54
2020-09-06,,0.0
2020-09-07,,0.0
2020-09-08,,2.54
2020-09-09,,2.54
2020-09-10,,2.54
2020-09-11,,5.08
2020-09-12,,2.54
2020-09-13,,2.54
2020-09-14,,2.54
2020-09-15,,5.08
2020-09-16,,0.0
2020-09-17,,2.54
2020-09-18,,2.54
2020-09-19,,2.54
2020-09-20,,2.54
2020-09-21,,0.0
2020-09-22,,2.54
2020-09-23,,5.08
2020-09-24,,2.54
2020-09-25,,2.54
2020-09-26,,2.54
2020-09-27,,5.08
2020-09-28,,5.08
2020-09-29,,2.54
2020-09-30,,2.54
2020-10-01,,2.54
2020-10-02,,2.54
2020-10-03,,2.54
2020-10-04,,2.54
2020-10-05,,2.54
2020-10-06,,2.54
2020-10-07,,2.54
2020-10-08,,2.54
2020-10-09,,2.54
2020-10-10,,2.54
2020-10-11,,5.08
2020-10-12,,2.54
2020-10-13,,2.54
2020-10-14,,2.54
2020-10-15,,2.54
2020-10-16,,2.54
2020-10-17,,2.54
2020-10-18,,2.54
2020-10-19,,2.54
2020-10-20,,2.54
2020-10-21,,2.54
2020-10-22,,2.54
2020-10-23,,2.54
2020-10-24,,5.08
2020-10-25,,5.08
2020-10-26,,2.54
2020-10-27,,2.54
2020-10-28,,2.54
2020-10-29,,2.54
2020-10-30,,2.54
2020-10-31,,2.54
2020-11-01,0.0,2.54
2020-11-02,0.0,2.54
2020-11-03,0.0,5.08
2020-11-04,0.0,2.54
2020-11-05,0.0,2.54
2020-11-06,0.0,5.08
2020-11-07,0.0,5.08
2020-11-08,0.0,7.62
2020-11-09,0.0,5.08
2020-11-10,0.0,2.54
2020-11-11,0.0,2.54
2020-11-12,0.0,5.08
2020-11-13,0.0,2.54
2020-11-14,2.743,20.32
2020-11-15,3.048,20.32
2020-11-16,2.134,10.16
2020-11-17,1.219,7.62
2020-11-18,1.219,7.62
2020-11-19,1.219,10.16
2020-11-20,0.914,10.16
2020-11-21,0.61,10.16
2020-11-22,0.305,10.16
2020-11-23,1.219,12.7
2020-11-24,2.743,7.62
2020-11-25,2.743,5.08
2020-11-26,0.914,10.16
2020-11-27,2.438,10.16
2020-11-28,3.658,10.16
2020-11-29,3.048,7.62
2020-11-30,1.219,7.62
2020-12-01,0.61,5.08
2020-12-02,0.61,5.08
2020-12-03,0.914,5.08
2020-12-04,0.61,5.08
2020-12-05,0.61,5.08
2020-12-06,0.61,5.08
2020-12-07,0.61,5.08
2020-12-08,0.61,5.08
2020-12-09,0.61,5.08
2020-12-10,1.219,5.08
2020-12-11,1.219,5.08
2020-12-12,1.524,
2020-12-13,1.829,10.16
2020-12-14,4.572,30.48
2020-12-15,4.572,27.94
2020-12-16,4.572,25.4
2020-12-17,6.401,
2020-12-18,6.096,
2020-12-19,6.096,27.94
2020-12-20,6.096,27.94
2020-12-21,6.096,25.4
2020-12-22,6.096,25.4
2020-12-23,6.096,27.94
2020-12-24,5.791,27.94
2020-12-25,5.791,25.4
2020-12-26,11.278,55.88
2020-12-27,12.192,
2020-12-28,12.192,53.34
2020-12-29,12.192,53.34
2020-12-30,12.192,50.8
2020-12-31,12.497,55.88
2021-01-01,12.497,55.88
2021-01-02,13.411,58.42
2021-01-03,14.224,
2021-01-04,16.154,60.96
2021-01-05,19.812,81.28
2021-01-06,20.117,78.74
2021-01-07,21.946,81.28
2021-01-08,23.165,91.44
2021-01-09,23.47,88.9
2021-01-10,23.47,88.9
2021-01-11,23.47,86.36
2021-01-12,23.47,83.82
2021-01-13,24.079,83.82
2021-01-14,23.774,81.28
2021-01-15,23.774,78.74
2021-01-16,23.774,78.74
2021-01-17,23.774,76.2
2021-01-18,23.47,73.66
2021-01-19,23.47,71.12
2021-01-20,23.47,71.12
2021-01-21,22.86,71.12
2021-01-22,22.86,71.12
2021-01-23,22.86,
2021-01-24,22.86,66.04
2021-01-25,23.165,78.74
2021-01-26,23.47,76.2
2021-01-27,27.737,116.84
2021-01-28,33.528,147.32
2021-01-29,35.662,
2021-01-30,36.271,149.86
2021-01-31,38.405,149.86
2021-02-01,40.538,152.4
2021-02-02,43.282,157.48
2021-02-03,43.586,152.4
2021-02-04,45.11,157.48
2021-02-05,45.415,152.4
2021-02-06,45.415,144.78
2021-02-07,45.415,139.7
2021-02-08,45.11,137.16
2021-02-09,45.11,134.62
2021-02-10,45.11,132.08
2021-02-11,44.806,129.54
2021-02-12,46.939,
2021-02-13,47.549,142.24
2021-02-14,47.854,139.7
2021-02-15,48.463,147.32
2021-02-16,48.463,142.24
2021-02-17,48.463,139.7
2021-02-18,48.463,137.16
2021-02-19,49.378,149.86
2021-02-20,49.987,149.86
2021-02-21,50.902,147.32
2021-02-22,50.902,144.78
2021-02-23,50.597,139.7
2021-02-24,50.292,137.16
2021-02-25,49.987,137.16
2021-02-26,49.987,132.08
2021-02-27,49.987,132.08
2021-02-28,49.987,132.08
2021-03-01,49.987,127.0
2021-03-02,49.682,127.0
2021-03-03,49.378,124.46
2021-03-04,49.073,121.92
2021-03-05,48.768,119.38
2021-03-06,49.682,137.16
2021-03-07,50.292,132.08
2021-03-08,50.292,127.0
2021-03-09,50.597,134.62
2021-03-10,53.95,162.56
2021-03-11,54.559,160.02
2021-03-12,54.559,152.4
2021-03-13,54.559,147.32
2021-03-14,53.95,139.7
2021-03-15,55.778,165.1
2021-03-16,56.388,157.48
2021-03-17,56.693,152.4
2021-03-18,56.693,149.86
2021-03-19,59.436,165.1
2021-03-20,59.741,160.02
2021-03-21,60.046,157.48
2021-03-22,59.741,154.94
2021-03-23,59.741,152.4
2021-03-24,59.436,149.86
2021-03-25,59.131,147.32
2021-03-26,58.826,144.78
2021-03-27,58.217,142.24
2021-03-28,56.998,137.16
2021-03-29,56.083,132.08
2021-03-30,55.474,129.54
2021-03-31,55.169,124.46
2021-04-01,54.102,121.92
2021-04-02,49.378,116.84
2021-04-03,48.768,114.3
2021-04-04,47.244,111.76
2021-04-05,43.282,106.68
2021-04-06,41.148,99.06
2021-04-07,38.405,93.98
2021-04-08,36.271,88.9
2021-04-09,34.138,83.82
2021-04-10,32.004,78.74
2021-04-11,29.566,71.12
2021-04-12,27.432,68.58
2021-04-13,25.603,66.04
2021-04-14,24.079,60.96
2021-04-15,22.555,55.88
2021-04-16,20.726,55.88
2021-04-17,19.507,50.8
2021-04-18,,
2021-04-19,14.935,38.1
2021-04-20,12.192,35.56
2021-04-21,10.058,33.02
2021-04-22,7.62,25.4
2021-04-23,5.182,20.32
2021-04-24,3.353,12.7
2021-04-25,3.353,15.24
2021-04-26,5.486,25.4
2021-04-27,5.486,20.32
2021-04-28,3.658,12.7
2021-04-29,2.134,2.54
2021-04-30,0.61,5.08
2021-05-01,0.0,2.54
2021-05-02,0.0,5.08
2021-05-03,0.0,5.08
2021-05-04,0.0,5.08
2021-05-05,0.0,2.54
2021-05-06,0.0,2.54
2021-05-07,0.0,2.54
2021-05-08,0.0,2.54
2021-05-09,0.0,5.08
2021-05-10,0.0,2.54
2021-05-11,0.0,5.08
2021-05-12,0.0,2.54
2021-05-13,0.0,2.54
2021-05-14,0.0,5.08
2021-05-15,0.0,2.54
2021-05-16,0.0,2.54
2021-05-17,0.0,2.54
2021-05-18,0.0,2.54
2021-05-19,0.0,2.54
2021-05-20,0.0,5.08
2021-05-21,0.0,5.08
2021-05-22,0.0,5.08
2021-05-23,0.0,5.08
2021-05-24,0.0,5.08
2021-05-25,0.0,5.08
2021-05-26,0.0,5.08
2021-05-27,0.0,5.08
2021-05-28,0.0,2.54
2021-05-29,0.0,5.08
2021-05-30,0.0,2.54
2021-05-31,0.0,2.54
2021-06-01,0.0,2.54
2021-06-02,0.0,2.54
2021-06-03,0.0,2.54
2021-06-04,0.0,2.54
2021-06-05,0.0,2.54
2021-06-06,0.0,5.08
2021-06-07,0.0,5.08
2021-06-08,0.0,5.08
2021-06-09,0.0,5.08
2021-06-10,0.0,5.08
2021-06-11,0.0,5.08
2021-06-12,0.0,5.08
2021-06-13,0.0,2.54
2021-06-14,0.0,2.54
2021-06-15,0.0,2.54
2021-06-16,0.0,5.08
2021-06-17,0.0,2.54
2021-06-18,0.0,2.54
2021-06-19,0.0,0.0
2021-06-20,0.0,2.54
2021-06-21,0.0,2.54
2021-06-22,0.0,2.54
2021-06-23,0.0,5.08
2021-06-24,0.0,2.54
2021-06-25,0.0,2.54
2021-06-26,0.0,2.54
2021-06-27,0.0,0.0
2021-06-28,0.0,0.0
2021-06-29,0.0,2.54
2021-06-30,0.0,2.54
2021-07-01,0.0,2.54
2021-07-02,0.0,2.54
2021-07-03,0.0,2.54
2021-07-04,0.0,2.54
2021-07-05,0.0,0.0
2021-07-06,0.0,2.54
2021-07-07,0.0,2.54
2021-07-08,0.0,2.54
2021-07-09,0.0,2.54
2021-07-10,0.0,2.54
2021-07-11,0.0,2.54
2021-07-12,0.0,2.54
2021-07-13,0.0,2.54
2021-07-14,0.0,5.08
2021-07-15,0.0,2.54
2021-07-16,0.0,2.54
2021-07-17,0.0,2.54
2021-07-18,0.0,5.08
2021-07-19,0.0,2.54
2021-07-20,0.0,2.54
2021-07-21,0.0,2.54
2021-07-22,0.0,2.54
2021-07-23,0.0,
2021-07-24,0.0,2.54
2021-07-25,0.0,2.54
2021-07-26,0.0,2.54
2021-07-27,0.0,2.54
2021-07-28,0.0,2.54
2021-07-29,0.0,2.54
2021-07-30,0.0,0.0
2021-07-31,0.0,0.0
2021-08-01,0.0,0.0
2021-08-02,0.0,0.0
2021-08-03,0.0,0.0
2021-08-04,0.0,2.54
2021-08-05,0.0,2.54
2021-08-06,0.0,2.54
2021-08-07,0.0,2.54
2021-08-08,0.0,2.54
2021-08-09,0.0,2.54
2021-08-10,0.0,2.54
2021-08-11,0.0,2.54
2021-08-12,0.0,2.54
2021-08-13,0.0,0.0
2021-08-14,0.0,2.54
2021-08-15,0.0,0.0
2021-08-16,0.0,2.54
2021-08-17,0.0,2.54
2021-08-18,0.0,5.08
2021-08-19,0.0,2.54
2021-08-20,0.0,2.54
2021-08-21,0.0,2.54
2021-08-22,0.0,5.08
2021-08-23,0.0,2.54
2021-08-24,0.0,2.54
2021-08-25,0.0,2.54
2021-08-26,0.0,2.54
2021-08-27,0.0,2.54
2021-08-28,0.0,5.08
2021-08-29,0.0,2.54
2021-08-30,0.0,2.54
2021-08-31,0.0,2.54
2021-09-01,0.0,2.54
2021-09-02,0.0,5.08
2021-09-03,0.0,2.54
2021-09-04,0.0,5.08
2021-09-05,0.0,2.54
2021-09-06,0.0,2.54
2021-09-07,0.0,0.0
2021-09-08,0.0,2.54
2021-09-09,0.0,2.54
2021-09-10,0.0,2.54
2021-09-11,0.0,2.54
2021-09-12,0.0,2.54
2021-09-13,0.0,2.54
2021-09-14,0.0,2.54
2021-09-15,0.0,2.54
2021-09-16,0.0,2.54
2021-09-17,0.0,2.54
2021-09-18,0.0,2.54
2021-09-19,0.0,5.08
2021-09-20,0.0,5.08
2021-09-21,0.0,2.54
2021-09-22,0.0,2.54
2021-09-23,0.0,5.08
2021-09-24,0.0,5.08
2021-09-25,0.0,2.54
2021-09-26,0.0,2.54
2021-09-27,0.0,5.08
2021-09-28,0.0,5.08
2021-09-29,0.0,5.08
2021-09-30,0.0,5.08
2021-10-01,0.0,2.54
2021-10-02,0.0,2.54
2021-10-03,0.0,2.54
2021-10-04,0.0,2.54
2021-10-05,0.0,5.08
2021-10-06,0.0,5.08
2021-10-07,0.0,5.08
2021-10-08,0.0,5.08
2021-10-09,0.0,5.08
2021-10-10,0.0,5.08
2021-10-11,0.0,5.08
2021-10-12,0.0,5.08
2021-10-13,0.0,5.08
2021-10-14,0.0,5.08
2021-10-15,0.0,5.08
2021-10-16,0.0,2.54
2021-10-17,0.0,5.08
2021-10-18,0.61,15.24
2021-10-19,0.305,5.08
2021-10-20,2.134,17.78
2021-10-21,1.524,10.16
2021-10-22,0.0,5.08
2021-10-23,0.0,5.08
2021-10-24,0.914,10.16
2021-10-25,0.305,5.08
2021-10-26,0.0,5.08
2021-10-27,0.0,5.08
2021-10-28,0.0,
2021-10-29,0.0,5.08
2021-10-30,0.0,5.08
2021-10-31,0.0,5.08
2021-11-01,0.0,5.08
2021-11-02,0.0,5.08
2021-11-03,0.0,5.08
2021-11-04,0.0,5.08
2021-11-05,0.0,5.08
2021-11-06,0.0,5.08
2021-11-07,0.0,5.08
2021-11-08,0.0,5.08
2021-11-09,3.353,30.48
2021-11-10,3.962,27.94
2021-11-11,3.353,
2021-11-12,2.743,17.78
2021-11-13,2.134,15.24
2021-11-14,1.219,10.16
2021-11-15,0.305,7.62
2021-11-16,0.0,5.08
2021-11-17,0.0,5.08
2021-11-18,0.0,5.08
2021-11-19,0.0,5.08
2021-11-20,0.0,5.08
2021-11-21,0.0,5.08
2021-11-22,0.0,2.54
2021-11-23,0.0,5.08
2021-11-24,0.0,2.54
2021-11-25,0.0,5.08
2021-11-26,0.0,5.08
2021-11-27,0.0,5.08
2021-11-28,0.0,2.54
2021-11-29,0.0,2.54
2021-11-30,0.0,5.08
2021-12-01,0.0,5.08
2021-12-02,0.0,5.08
2021-12-03,0.0,2.54
2021-12-04,0.0,5.08
2021-12-05,0.0,5.08
2021-12-06,0.0,5.08
2021-12-07,0.305,5.08
2021-12-08,0.305,5.08
2021-12-09,0.305,5.08
2021-12-10,0.305,7.62
2021-12-11,0.61,7.62
2021-12-12,4.572,40.64
2021-12-13,7.315,53.34
2021-12-14,12.192,68.58
2021-12-15,11.582,68.58
2021-12-16,16.764,106.68
2021-12-17,17.069,101.6
2021-12-18,17.069,93.98
2021-12-19,17.069,88.9
2021-12-20,17.069,86.36
2021-12-21,16.764,81.28
2021-12-22,18.288,91.44
2021-12-23,23.774,116.84
2021-12-24,24.384,111.76
2021-12-25,25.603,127.0
2021-12-26,26.67,
2021-12-27,28.956,
2021-12-28,28.956,129.54
2021-12-29,29.566,134.62
2021-12-30,29.87,127.0
2021-12-31,29.87,124.46
2022-01-01,29.718,
2022-01-02,29.566,116.84
2022-01-03,29.261,114.3
2022-01-04,31.699,119.38
2022-01-05,32.614,124.46
2022-01-06,33.223,119.38
2022-01-07,34.138,121.92
2022-01-08,35.357,124.46
2022-01-09,35.357,121.92
2022-01-10,35.357,119.38
2022-01-11,35.357,119.38
2022-01-12,35.357,116.84
2022-01-13,35.357,114.3
2022-01-14,35.357,111.76
2022-01-15,35.052,111.76
2022-01-16,35.052,109.22
2022-01-17,35.052,106.68
2022-01-18,35.052,106.68
2022-01-19,35.052,106.68
2022-01-20,35.052,104.14
2022-01-21,34.747,101.6
2022-01-22,34.442,99.06
2022-01-23,34.138,96.52
2022-01-24,34.138,96.52
2022-01-25,33.833,96.52
2022-01-26,33.528,93.98
2022-01-27,32.918,91.44
2022-01-28,32.918,91.44
2022-01-29,33.528,91.44
2022-01-30,33.528,88.9
2022-01-31,33.223,88.9
2022-02-01,33.223,88.9
2022-02-02,32.918,86.36
2022-02-03,32.918,86.36
2022-02-04,32.918,86.36
2022-02-05,32.614,83.82
2022-02-06,32.004,83.82
2022-02-07,32.004,81.28
2022-02-08,31.394,78.74
2022-02-09,30.175,78.74
2022-02-10,28.346,76.2
2022-02-11,27.737,71.12
2022-02-12,27.127,71.12
2022-02-13,26.518,66.04
2022-02-14,25.908,66.04
2022-02-15,25.603,63.5
2022-02-16,24.689,63.5
2022-02-17,23.47,63.5
2022-02-18,22.25,60.96
2022-02-19,21.641,58.42
2022-02-20,21.336,55.88
2022-02-21,21.336,55.88
2022-02-22,20.955,53.34
2022-02-23,20.574,55.88
2022-02-24,20.422,55.88
2022-02-25,20.32,55.88
2022-02-26,20.32,55.88
2022-02-27,20.32,55.88
2022-02-28,20.117,55.88
2022-03-01,21.031,53.34
2022-03-02,22.25,50.8
2022-03-03,21.641,48.26
2022-03-04,21.031,45.72
2022-03-05,20.117,48.26
2022-03-06,19.812,48.26
2022-03-07,18.288,45.72
2022-03-08,17.069,43.18
2022-03-09,15.545,38.1
2022-03-10,16.459,40.64
2022-03-11,14.021,40.64
2022-03-12,14.021,35.56
2022-03-13,13.716,48.26
2022-03-14,14.935,43.18
2022-03-15,15.545,40.64
2022-03-16,15.545,38.1
2022-03-17,14.021,33.02
2022-03-18,13.106,30.48
2022-03-19,11.278,30.48
2022-03-20,11.278,30.48
2022-03-21,9.754,27.94
2022-03-22,8.534,25.4
2022-03-23,6.706,20.32
2022-03-24,3.962,15.24
2022-03-25,1.829,12.7
2022-03-26,1.219,5.08
2022-03-27,0.0,2.54
2022-03-28,0.0,5.08
2022-03-29,0.0,2.54
2022-03-30,0.0,5.08
2022-03-31,0.0,5.08
2022-04-01,0.0,5.08
2022-04-02,0.0,5.08
2022-04-03,0.0,2.54
2022-04-04,0.0,2.54
2022-04-05,0.0,5.08
2022-04-06,0.0,2.54
2022-04-07,0.0,2.54
2022-04-08,0.0,2.54
2022-04-09,0.0,5.08
2022-04-10,0.0,5.08
2022-04-11,0.305,7.62
2022-04-12,0.0,5.08
2022-04-13,0.0,5.08
2022-04-14,3.353,
2022-04-15,3.353,25.4
2022-04-16,6.401,
2022-04-17,6.706,30.48
2022-04-18,6.401,22.86
2022-04-19,7.62,25.4
2022-04-20,9.144,35.56
2022-04-21,13.106,50.8
2022-04-22,13.716,
2022-04-23,14.326,38.1
2022-04-24,13.106,40.64
2022-04-25,11.582,35.56
2022-04-26,10.058,30.48
2022-04-27,8.534,25.4
2022-04-28,7.315,
2022-04-29,6.706,20.32
2022-04-30,4.572,15.24
2022-05-01,2.134,10.16
2022-05-02,0.914,5.08
2022-05-03,0.61,5.08
2022-05-04,0.61,5.08
2022-05-05,0.61,2.54
2022-05-06,0.914,5.08
2022-05-07,0.61,5.08
2022-05-08,0.61,5.08
2022-05-09,0.61,5.08
2022-05-10,1.219,15.24
2022-05-11,1.524,5.08
2022-05-12,0.914,5.08
2022-05-13,0.61,5.08
2022-05-14,0.0,2.54
2022-05-15,0.0,5.08
2022-05-16,0.0,5.08
2022-05-17,0.0,2.54
2022-05-18,0.0,2.54
2022-05-19,0.0,5.08
2022-05-20,0.0,2.54
2022-05-21,0.0,2.54
2022-05-22,0.0,5.08
2022-05-23,0.0,5.08
2022-05-24,0.0,2.54
2022-05-25,0.0,2.54
2022-05-26,0.0,0.0
2022-05-27,0.0,5.08
2022-05-28,0.0,5.08
2022-05-29,0.0,5.08
2022-05-30,0.0,5.08
2022-05-31,0.0,5.08
2022-06-01,0.0,2.54
2022-06-02,0.0,2.54
2022-06-03,0.0,5.08
2022-06-04,0.0,5.08
2022-06-05,0.0,5.08
2022-06-06,0.0,2.54
2022-06-07,0.0,5.08
2022-06-08,0.0,2.54
2022-06-09,0.0,2.54
2022-06-10,0.0,2.54
2022-06-11,0.0,2.54
2022-06-12,0.0,2.54
2022-06-13,0.0,5.08
2022-06-14,0.0,5.08
2022-06-15,0.0,2.54
2022-06-16,0.0,2.54
2022-06-17,0.0,5.08
2022-06-18,0.0,2.54
2022-06-19,0.0,5.08
2022-06-20,0.0,2.54
2022-06-21,0.0,2.54
2022-06-22,0.0,2.54
2022-06-23,0.0,2.54
2022-06-24,0.0,2.54
2022-06-25,0.0,2.54
2022-06-26,0.0,2.54
2022-06-27,0.0,2.54
2022-06-28,0.0,5.08
2022-06-29,0.0,2.54
2022-06-30,0.0,5.08
2022-07-01,0.0,2.54
2022-07-02,0.0,5.08
2022-07-03,0.0,2.54
2022-07-04,0.0,5.08
2022-07-05,0.0,5.08
2022-07-06,0.0,5.08
2022-07-07,0.0,2.54
2022-07-08,0.0,5.08
2022-07-09,0.0,2.54
2022-07-10,0.0,5.08
2022-07-11,0.0,2.54
2022-07-12,0.0,0.0
2022-07-13,0.0,2.54
2022-07-14,0.0,2.54
2022-07-15,0.0,2.54
2022-07-16,0.0,2.54
2022-07-17,0.0,2.54
2022-07-18,0.0,0.0
2022-07-19,0.0,2.54
2022-07-20,0.0,2.54
2022-07-21,0.0,2.54
2022-07-22,0.0,2.54
2022-07-23,0.0,2.54
2022-07-24,0.0,2.54
2022-07-25,0.0,2.54
2022-07-26,0.0,2.54
2022-07-27,0.0,2.54
2022-07-28,0.0,0.0
2022-07-29,0.0,0.0
2022-07-30,0.0,0.0
2022-07-31,0.0,2.54
2022-08-01,0.0,2.54
2022-08-02,0.0,2.54
2022-08-03,0.0,0.0
2022-08-04,0.0,2.54
2022-08-05,0.0,0.0
2022-08-06,0.0,5.08
2022-08-07,0.0,0.0
2022-08-08,0.0,2.54
2022-08-09,0.0,2.54
2022-08-10,0.0,5.08
2022-08-11,0.0,5.08
2022-08-12,0.0,2.54
2022-08-13,0.0,2.54
2022-08-14,0.0,2.54
2022-08-15,0.0,2.54
2022-08-16,0.0,2.54
2022-08-17,0.0,2.54
2022-08-18,0.0,2.54
2022-08-19,0.0,5.08
2022-08-20,0.0,2.54
2022-08-21,0.0,2.54
2022-08-22,0.0,2.54
2022-08-23,0.0,2.54
2022-08-24,0.0,0.0
2022-08-25,0.0,2.54
2022-08-26,0.0,2.54
2022-08-27,0.0,2.54
2022-08-28,0.0,2.54
2022-08-29,0.0,2.54
2022-08-30,0.0,2.54
2022-08-31,0.0,2.54
2022-09-01,0.0,2.54
2022-09-02,0.0,2.54
2022-09-03,0.0,2.54
2022-09-04,0.0,2.54
2022-09-05,0.0,0.0
2022-09-06,0.0,0.0
2022-09-07,0.0,0.0
2022-09-08,0.0,2.54
2022-09-09,0.0,2.54
2022-09-10,0.0,0.0
2022-09-11,0.0,2.54
2022-09-12,0.0,2.54
2022-09-13,0.0,2.54
2022-09-14,0.0,0.0
2022-09-15,0.0,5.08
2022-09-16,0.0,5.08
2022-09-17,0.0,2.54
2022-09-18,0.0,5.08
2022-09-19,0.0,2.54
2022-09-20,0.0,2.54
2022-09-21,0.0,2.54
2022-09-22,0.0,2.54
2022-09-23,0.0,2.54
2022-09-24,0.0,2.54
2022-09-25,0.0,2.54
2022-09-26,0.0,2.54
2022-09-27,0.0,2.54
2022-09-28,0.0,2.54
2022-09-29,0.0,2.54
2022-09-30,0.0,5.08
2022-10-01,0.0,5.08
2022-10-02,0.0,2.54
2022-10-03,0.0,2.54
2022-10-04,0.0,2.54
2022-10-05,0.0,2.54
2022-10-06,0.0,2.54
2022-10-07,0.0,2.54
2022-10-08,0.0,0.0
2022-10-09,0.0,2.54
2022-10-10,0.0,2.54
2022-10-11,0.0,2.54
2022-10-12,0.0,2.54
2022-10-13,0.0,2.54
2022-10-14,0.0,2.54
2022-10-15,0.0,2.54
2022-10-16,0.0,5.08
2022-10-17,0.0,2.54
2022-10-18,0.0,
2022-10-19,0.0,
2022-10-20,0.0,
2022-10-21,0.0,
2022-10-22,0.0,
2022-10-23,0.0,
2022-10-24,0.0,2.54
2022-10-25,0.0,
2022-10-26,0.0,
2022-10-27,0.0,
2022-10-28,0.0,
2022-10-29,0.0,
2022-10-30,0.0,
2022-10-31,0.0,5.08
2022-11-01,0.0,
2022-11-02,,
2022-11-03,,
2022-11-04,,
2022-11-05,,
2022-11-06,,
2022-11-07,0.0,2.54
2022-11-08,1.829,60.96
2022-11-09,4.572,68.58
2022-11-10,4.267,60.96
2022-11-11,4.267,55.88
2022-11-12,3.962,55.88
2022-11-13,3.962,53.34
2022-11-14,3.658,50.8
2022-11-15,3.658,45.72
2022-11-16,3.353,43.18
2022-11-17,3.353,40.64
2022-11-18,3.353,38.1
2022-11-19,3.048,35.56
2022-11-20,2.743,35.56
2022-11-21,2.743,33.02
2022-11-22,2.743,33.02
2022-11-23,2.438,30.48
2022-11-24,2.134,27.94
2022-11-25,1.829,27.94
2022-11-26,1.524,25.4
2022-11-27,1.219,22.86
2022-11-28,1.219,25.4
2022-11-29,1.219,25.4
2022-11-30,1.219,25.4
2022-12-01,3.962,55.88
2022-12-02,4.267,50.8
2022-12-03,4.267,53.34
2022-12-04,5.182,58.42
2022-12-05,8.23,76.2
2022-12-06,9.754,86.36
2022-12-07,9.754,78.74
2022-12-08,10.058,
2022-12-09,12.497,91.44
2022-12-10,14.63,109.22
2022-12-11,19.507,124.46
2022-12-12,19.507,119.38
2022-12-13,19.507,114.3
2022-12-14,19.507,111.76
2022-12-15,19.507,106.68
2022-12-16,19.507,106.68
2022-12-17,19.202,101.6
2022-12-18,19.202,101.6
2022-12-19,19.202,99.06
2022-12-20,19.202,96.52
2022-12-21,19.202,96.52
2022-12-22,18.898,91.44
2022-12-23,17.983,88.9
2022-12-24,17.983,83.82
2022-12-25,17.678,76.2
2022-12-26,16.764,71.12
2022-12-27,20.726,86.36
2022-12-28,22.25,83.82
2022-12-29,23.47,88.9
2022-12-30,27.127,111.76
2022-12-31,26.822,101.6
2023-01-01,26.822,101.6
2023-01-02,27.127,99.06
2023-01-03,27.127,104.14
2023-01-04,28.042,109.22
2023-01-05,34.747,121.92
2023-01-06,38.71,137.16
2023-01-07,43.586,154.94
2023-01-08,54.559,203.2
2023-01-09,61.874,218.44
2023-01-10,64.313,213.36
2023-01-11,70.409,236.22
2023-01-12,76.2,254.0
2023-01-13,75.59,226.06
2023-01-14,82.601,259.08
2023-01-15,88.392,269.24
2023-01-16,91.135,269.24
2023-01-17,92.354,259.08
2023-01-18,92.964,259.08
2023-01-19,95.402,271.78
2023-01-20,96.317,266.7
2023-01-21,96.622,264.16
2023-01-22,97.231,256.54
2023-01-23,97.231,254.0
2023-01-24,93.574,246.38
2023-01-25,95.707,241.3
2023-01-26,96.926,238.76
2023-01-27,97.536,236.22
2023-01-28,97.231,233.68
2023-01-29,97.231,233.68
2023-01-30,96.926,231.14
2023-01-31,97.231,231.14
2023-02-01,96.926,228.6
2023-02-02,96.926,228.6
2023-02-03,96.622,228.6
2023-02-04,97.841,238.76
2023-02-05,99.365,248.92
2023-02-06,100.279,248.92
2023-02-07,100.584,246.38
2023-02-08,100.889,243.84
2023-02-09,100.584,238.76
2023-02-10,98.45,236.22
2023-02-11,99.67,233.68
2023-02-12,101.498,233.68
2023-02-13,102.413,231.14
2023-02-14,102.108,228.6
2023-02-15,101.803,231.14
2023-02-16,102.108,231.14
2023-02-17,101.803,228.6
2023-02-18,101.498,228.6
2023-02-19,100.889,228.6
2023-02-20,99.974,223.52
2023-02-21,99.974,220.98
2023-02-22,97.841,220.98
2023-02-23,98.755,218.44
2023-02-24,101.803,269.24
2023-02-25,104.546,276.86
2023-02-26,103.937,269.24
2023-02-27,104.851,269.24
2023-02-28,108.509,297.18
2023-03-01,110.642,302.26
2023-03-02,110.947,294.64
2023-03-03,108.204,281.94
2023-03-04,109.118,279.4
2023-03-05,112.471,299.72
2023-03-06,114.91,307.34
2023-03-07,116.434,317.5
2023-03-08,118.567,340.36
2023-03-09,120.091,335.28
2023-03-10,126.187,378.46
2023-03-11,128.321,363.22
2023-03-12,129.54,360.68
2023-03-13,134.722,373.38
2023-03-14,138.379,370.84
2023-03-15,143.256,381.0
2023-03-16,144.78,368.3
2023-03-17,145.39,360.68
2023-03-18,145.39,355.6
2023-03-19,145.39,353.06
2023-03-20,147.828,368.3
2023-03-21,148.133,360.68
2023-03-22,,
2023-03-23,,
2023-03-24,,
2023-03-25,,
2023-03-26,,
2023-03-27,,
2023-03-28,,
2023-03-29,,
2023-03-30,,
2023-03-31,,
2023-04-01,,
2023-04-02,,
2023-04-03,,
2023-04-04,,
2023-04-05,,
2023-04-06,,
2023-04-07,,
2023-04-08,,
2023-04-09,,
2023-04-10,,
2023-04-11,,
2023-04-12,,
2023-04-13,,
2023-04-14,,
2023-04-15,,
2023-04-16,,
2023-04-17,,
2023-04-18,,
2023-04-19,,
2023-04-20,,
2023-04-21,,
2023-04-22,,
2023-04-23,,
2023-04-24,,
2023-04-25,,
2023-04-26,,
2023-04-27,,
2023-04-28,,
2023-04-29,,
2023-04-30,,
2023-05-01,,
2023-05-02,,
2023-05-03,,
2023-05-04,,
2023-05-05,,
2023-05-06,,
2023-05-07,,
2023-05-08,,
2023-05-09,,
2023-05-10,,
2023-05-11,,
2023-05-12,,
2023-05-13,,
2023-05-14,,
2023-05-15,,
2023-05-16,,
2023-05-17,,
2023-05-18,,
2023-05-19,,
2023-05-20,,
2023-05-21,,
2023-05-22,,
2023-05-23,,
2023-05-24,,
2023-05-25,,
2023-05-26,,
2023-05-27,,
2023-05-28,,
2023-05-29,,
2023-05-30,,
2023-05-31,,
2023-06-01,,
2023-06-02,,
2023-06-03,,
2023-06-04,,
2023-06-05,,
2023-06-06,,
2023-06-07,,
2023-06-08,,
2023-06-09,,
2023-06-10,,
2023-06-11,,
2023-06-12,,
2023-06-13,,
2023-06-14,,
2023-06-15,,
2023-06-16,,
2023-06-17,,
2023-06-18,,
2023-06-19,,
2023-06-20,,
2023-06-21,,
2023-06-22,,
2023-06-23,,
2023-06-24,,
2023-06-25,,
2023-06-26,,
2023-06-27,,
2023-06-28,,
2023-06-29,,
2023-06-30,,
2023-07-01,,
2023-07-02,,
2023-07-03,,
2023-07-04,,
2023-07-05,,
2023-07-06,,
2023-07-07,,
2023-07-08,,
2023-07-09,,
2023-07-10,,
2023-07-11,,
2023-07-12,,
2023-07-13,,
2023-07-14,,
2023-07-15,,
2023-07-16,,
2023-07-17,,
2023-07-18,,
2023-07-19,,
2023-07-20,,
2023-07-21,,
2023-07-22,,
2023-07-23,,
2023-07-24,,
2023-07-25,,
2023-07-26,,
2023-07-27,,
2023-07-28,,
2023-07-29,,
2023-07-30,,
2023-07-31,,
2023-08-01,,
2023-08-02,,
2023-08-03,,
2023-08-04,,
2023-08-05,,
2023-08-06,,
2023-08-07,,
2023-08-08,,
2023-08-09,,
2023-08-10,,
2023-08-11,,
2023-08-12,,
2023-08-13,,
2023-08-14,,
2023-08-15,,
2023-08-16,,
2023-08-17,,
2023-08-18,,
2023-08-19,,
2023-08-20,,
2023-08-21,,
2023-08-22,,
2023-08-23,,
2023-08-24,,
2023-08-25,,
2023-08-26,,
2023-08-27,,
2023-08-28,,
2023-08-29,,
2023-08-30,,
2023-08-31,,
2023-09-01,,
2023-09-02,,
2023-09-03,,
2023-09-04,,
2023-09-05,,
2023-09-06,,
2023-09-07,,
2023-09-08,,
2023-09-09,,
2023-09-10,,
2023-09-11,,
2023-09-12,,
2023-09-13,,
2023-09-14,,
2023-09-15,,
2023-09-16,,
2023-09-17,,
2023-09-18,,
2023-09-19,,
2023-09-20,,
2023-09-21,,
2023-09-22,,
2023-09-23,,
2023-09-24,,
2023-09-25,,
2023-09-26,,
2023-09-27,,
2023-09-28,,
2023-09-29,,
2023-09-30,,
2023-10-01,,
2023-10-02,,
2023-10-03,,
2023-10-04,,
2023-10-05,,
2023-10-06,,
2023-10-07,,
2023-10-08,,
2023-10-09,,
2023-10-10,,
2023-10-11,,
2023-10-12,,
2023-10-13,,
2023-10-14,,
2023-10-15,,
2023-10-16,,
2023-10-17,,
2023-10-18,,
2023-10-19,,
2023-10-20,,
2023-10-21,,
2023-10-22,,
2023-10-23,,
2023-10-24,,
2023-10-25,,
2023-10-26,,
2023-10-27,,
2023-10-28,,
2023-10-29,,
2023-10-30,,
2023-10-31,,
2023-11-01,,
2023-11-02,,
2023-11-03,,
2023-11-04,,
2023-11-05,,
2023-11-06,,
2023-11-07,,
2023-11-08,,
2023-11-09,,223.52
2023-11-10,,220.98
2023-11-11,,215.9
2023-11-12,,210.82
2023-11-13,,213.36
2023-11-14,,215.9
2023-11-15,,218.44
2023-11-16,,205.74
2023-11-17,,10.16
2023-11-18,,-2.54
2023-11-19,,10.16
2023-11-20,,7.62
2023-11-21,,-7.62
2023-11-22,,-2.54
2023-11-23,,5.08
2023-11-24,0.0,25.4
2023-11-25,0.0,25.4
2023-11-26,0.0,20.32
2023-11-27,0.0,22.86
2023-11-28,0.0,20.32
2023-11-29,0.0,25.4
2023-11-30,0.0,20.32
2023-12-01,0.0,27.94
2023-12-02,0.0,22.86
2023-12-03,0.0,15.24
2023-12-04,0.0,-5.08
2023-12-05,0.0,-38.1
2023-12-06,0.0,-53.34
2023-12-07,1.981,-33.02
2023-12-08,3.378,2.54
2023-12-09,3.378,-7.62
2023-12-10,3.378,-12.7
2023-12-11,3.378,-10.16
2023-12-12,3.378,-5.08
2023-12-13,3.632,2.54
2023-12-14,3.632,2.54
2023-12-15,3.632,12.7
2023-12-16,3.632,12.7
2023-12-17,3.632,10.16
2023-12-18,3.632,10.16
2023-12-19,5.029,7.62
2023-12-20,3.632,-7.62
2023-12-21,2.54,-22.86
2023-12-22,2.819,-76.2
2023-12-23,2.54,-48.26
2023-12-24,1.143,-58.42
2023-12-25,1.702,-81.28
2023-12-26,1.702,
2023-12-27,0.864,-53.34
2023-12-28,4.191,-58.42
2023-12-29,3.632,-88.9
2023-12-30,4.47,-101.6
2023-12-31,5.029,-129.54
2024-01-01,4.75,-134.62
2024-01-02,4.191,-139.7
2024-01-03,6.426,-139.7
2024-01-04,7.518,-134.62
2024-01-05,7.798,-132.08
2024-01-06,8.077,-106.68
2024-01-07,9.754,-66.04
2024-01-08,9.754,-53.34
2024-01-09,10.312,-83.82
2024-01-10,10.566,-58.42
2024-01-11,11.684,93.98
2024-01-12,11.684,91.44
2024-01-13,11.963,76.2
2024-01-14,17.247,45.72
2024-01-15,17.247,38.1
2024-01-16,17.247,48.26
2024-01-17,18.898,43.18
2024-01-18,19.177,33.02
2024-01-19,19.177,27.94
2024-01-20,21.666,25.4
2024-01-21,27.508,17.78
2024-01-22,30.836,2.54
2024-01-23,30.556,-5.08
2024-01-24,30.556,-20.32
2024-01-25,31.648,-15.24
2024-01-26,31.09,-30.48
2024-01-27,29.159,-38.1
2024-01-28,29.997,-53.34
2024-01-29,28.6,-48.26
2024-01-30,27.762,-33.02
2024-01-31,25.832,-25.4
2024-02-01,31.648,-15.24
2024-02-02,33.045,-20.32
2024-02-03,33.604,
2024-02-04,33.604,
2024-02-05,43.307,
2024-02-06,47.473,
2024-02-07,48.031,
2024-02-08,48.311,
2024-02-09,48.311,
2024-02-10,48.565,
2024-02-11,48.565,
2024-02-12,48.565,
2024-02-13,48.565,
2024-02-14,48.565,
2024-02-15,52.451,
2024-02-16,53.848,
2024-02-17,53.848,
2024-02-18,57.455,
2024-02-19,61.62,
2024-02-20,71.044,
2024-02-21,74.93,
2024-02-22,76.302,
2024-02-23,76.581,
2024-02-24,76.581,
2024-02-25,76.86,
2024-02-26,76.581,
2024-02-27,76.302,
2024-02-28,76.048,
2024-02-29,76.048,
2024-03-01,77.978,
2024-03-02,80.188,
2024-03-03,81.305,
2024-03-04,82.423,
2024-03-05,85.192,
2024-03-06,89.078,
2024-03-07,90.17,
2024-03-08,90.449,
2024-03-09,90.449,
2024-03-10,90.729,
2024-03-11,91.567,
2024-03-12,93.497,
2024-03-13,94.336,
2024-03-14,94.615,
2024-03-15,94.615,
2024-03-16,93.777,
2024-03-17,91.288,
2024-03-18,90.449,
2024-03-19,89.637,
2024-03-20,87.122,
2024-03-21,85.192,
2024-03-22,84.353,
2024-03-23,89.916,
2024-03-24,92.964,
2024-03-25,91.567,
2024-03-26,89.637,
2024-03-27,87.122,
2024-03-28,88.24,
2024-03-29,88.798,
2024-03-30,91.008,
2024-03-31,91.846,
2024-04-01,89.637,
2024-04-02,89.357,
2024-04-03,88.519,
2024-04-04,89.916,
2024-04-05,89.916,
2024-04-06,90.449,
2024-04-07,89.357,
2024-04-08,89.078,
2024-04-09,87.122,
2024-04-10,83.236,
2024-04-11,82.144,
2024-04-12,82.702,
2024-04-13,88.24,
2024-04-14,92.685,
2024-04-15,92.685,
2024-04-16,89.637,
2024-04-17,86.03,
2024-04-18,84.912,
2024-04-19,84.074,
2024-04-20,82.982,
2024-04-21,82.982,
2024-04-22,80.747,
2024-04-23,76.581,
2024-04-24,72.695,
2024-04-25,68.275,
2024-04-26,66.04,
2024-04-27,62.179,
2024-04-28,61.062,
2024-04-29,60.223,
2024-04-30,58.826,
2024-05-01,58.014,
2024-05-02,56.337,
2024-05-03,53.01,
2024-05-04,50.241,
2024-05-05,49.682,
2024-05-06,49.403,
2024-05-07,49.682,
2024-05-08,50.521,
2024-05-09,48.844,
2024-05-10,45.237,
2024-05-11,39.141,
2024-05-12,33.604,
2024-05-13,26.67,
2024-05-14,23.343,
2024-05-15,21.387,
2024-05-16,19.177,
2024-05-17,18.059,
2024-05-18,17.78,
2024-05-19,16.129,
2024-05-20,13.081,
2024-05-21,10.566,
2024-05-22,7.798,
2024-05-23,5.867,
2024-05-24,3.378,
2024-05-25,2.54,
2024-05-26,1.143,
2024-05-27,0.584,
2024-05-28,0.0,
2024-05-29,0.0,
2024-05-30,0.0,
2024-05-31,0.0,
2024-06-01,0.0,
2024-06-02,0.0,
2024-06-03,0.0,
2024-06-04,0.0,
2024-06-05,0.0,
2024-06-06,0.0,
2024-06-07,0.0,
2024-06-08,0.0,
2024-06-09,0.0,
2024-06-10,0.0,
2024-06-11,0.0,
2024-06-12,0.0,
2024-06-13,0.0,
2024-06-14,0.0,
2024-06-15,0.0,
2024-06-16,0.0,
2024-06-17,0.0,
2024-06-18,0.0,
2024-06-19,0.0,
2024-06-20,0.0,
2024-06-21,0.0,
2024-06-22,0.0,
2024-06-23,0.0,
2024-06-24,0.0,
2024-06-25,0.0,
2024-06-26,0.0,
2024-06-27,0.0,
2024-06-28,0.0,
2024-06-29,0.0,
2024-06-30,0.0,
2024-07-01,0.0,
2024-07-02,0.0,
2024-07-03,0.0,
2024-07-04,0.0,
2024-07-05,0.0,
2024-07-06,0.0,
2024-07-07,0.0,
2024-07-08,0.0,
2024-07-09,0.0,
2024-07-10,0.0,
2024-07-11,0.0,
2024-07-12,0.0,
2024-07-13,0.0,
2024-07-14,0.0,
2024-07-15,0.0,
2024-07-16,0.0,
2024-07-17,0.0,
2024-07-18,0.0,
2024-07-19,0.0,
2024-07-20,0.0,
2024-07-21,0.0,
2024-07-22,0.0,
2024-07-23,0.0,
2024-07-24,0.0,
2024-07-25,0.0,
2024-07-26,0.0,
2024-07-27,0.0,
2024-07-28,0.0,
2024-07-29,0.0,
2024-07-30,0.0,
2024-07-31,0.0,
2024-08-01,0.0,
2024-08-02,0.0,
2024-08-03,0.0,
2024-08-04,0.0,
2024-08-05,0.0,
2024-08-06,0.0,
2024-08-07,0.0,
2024-08-08,0.0,
2024-08-09,0.0,
2024-08-10,0.0,
2024-08-11,0.0,
2024-08-12,0.0,
2024-08-13,0.0,
2024-08-14,0.0,
2024-08-15,0.0,
2024-08-16,0.0,
2024-08-17,0.0,
2024-08-18,0.0,
2024-08-19,0.0,
2024-08-20,0.0,
2024-08-21,0.0,
2024-08-22,0.0,
2024-08-23,0.0,
2024-08-24,0.0,
2024-08-25,0.0,
2024-08-26,0.0,
2024-08-27,0.0,
2024-08-28,0.0,
2024-08-29,0.0,
2024-08-30,0.0,
2024-08-31,0.0,
2024-09-01,0.0,
2024-09-02,0.0,
2024-09-03,0.0,
2024-09-04,0.0,
2024-09-05,0.0,
2024-09-06,0.0,
2024-09-07,0.0,
2024-09-08,0.0,
2024-09-09,0.0,
2024-09-10,0.0,
2024-09-11,0.0,
2024-09-12,0.0,
2024-09-13,0.0,
2024-09-14,0.0,
2024-09-15,0.0,
2024-09-16,0.0,
2024-09-17,0.0,
2024-09-18,0.0,
2024-09-19,0.0,
2024-09-20,0.0,
2024-09-21,0.0,
2024-09-22,0.0,
2024-09-23,0.0,
2024-09-24,0.0,
2024-09-25,0.0,
2024-09-26,0.0,
2024-09-27,0.0,
2024-09-28,0.0,
2024-09-29,0.0,
2024-09-30,0.0,
2024-10-01,0.0,
2024-10-02,0.0,
2024-10-03,0.0,
2024-10-04,0.0,
2024-10-05,0.0,
2024-10-06,0.0,
2024-10-07,0.0,
2024-10-08,0.0,
2024-10-09,0.0,
2024-10-10,0.0,
2024-10-11,0.0,
2024-10-12,0.0,
2024-10-13,0.0,
2024-10-14,0.0,
2024-10-15,0.0,
2024-10-16,0.0,
2024-10-17,0.0,
2024-10-18,0.0,
2024-10-19,0.0,
2024-10-20,0.0,
2024-10-21,0.0,
2024-10-22,0.0,
2024-10-23,0.0,
2024-10-24,0.0,
2024-10-25,0.0,
2024-10-26,0.0,
2024-10-27,0.0,
2024-10-28,0.0,
2024-10-29,0.0,
2024-10-30,0.0,
2024-10-31,0.0,
2024-11-01,0.0,
2024-11-02,0.0,
2024-11-03,0.0,
2024-11-04,0.0,
2024-11-05,0.0,
2024-11-06,0.0,
2024-11-07,0.0,
2024-11-08,0.0,
2024-11-09,0.0,
2024-11-10,0.0,
2024-11-11,0.0,
2024-11-12,0.0,
2024-11-13,0.279,
2024-11-14,5.334,
2024-11-15,5.309,
2024-11-16,4.902,
2024-11-17,5.385,
2024-11-18,5.309,
2024-11-19,5.232,
2024-11-20,9.373,
2024-11-21,19.583,
2024-11-22,22.479,
2024-11-23,24.663,
2024-11-24,26.086,
2024-11-25,30.378,
2024-11-26,33.909,
2024-11-27,34.112,
2024-11-28,34.315,
2024-11-29,34.442,
2024-11-30,34.442,
2024-12-01,34.493,
2024-12-02,34.442,
2024-12-03,33.807,
2024-12-04,33.63,
2024-12-05,33.477,
2024-12-06,33.122,129.54
2024-12-07,33.249,127.0
2024-12-08,33.198,124.46
2024-12-09,33.172,124.46
2024-12-10,33.452,121.92
2024-12-11,33.528,121.92
2024-12-12,34.849,137.16
2024-12-13,36.297,149.86
2024-12-14,43.739,205.74
2024-12-15,45.415,210.82
2024-12-16,46.177,210.82
2024-12-17,48.311,220.98
2024-12-18,48.514,215.9
2024-12-19,48.641,205.74
2024-12-20,48.235,198.12
2024-12-21,47.803,193.04
2024-12-22,49.708,203.2
2024-12-23,48.031,193.04
2024-12-24,50.673,175.26
2024-12-25,53.492,175.26
2024-12-26,53.518,187.96
2024-12-27,54.991,210.82
2024-12-28,53.416,200.66
2024-12-29,61.773,185.42
2024-12-30,66.167,185.42
2024-12-31,62.001,182.88
2025-01-01,59.131,182.88
2025-01-02,57.937,185.42
2025-01-03,56.49,177.8
2025-01-04,59.334,
2025-01-05,58.064,190.5
2025-01-06,56.21,185.42
2025-01-07,54.966,182.88
2025-01-08,54.356,182.88
2025-01-09,54.0,180.34
2025-01-10,53.365,177.8
2025-01-11,53.442,175.26
2025-01-12,53.645,175.26
2025-01-13,52.857,172.72
2025-01-14,52.045,172.72
2025-01-15,51.257,170.18
2025-01-16,51.206,167.64
2025-01-17,51.511,167.64
2025-01-18,51.791,165.1
2025-01-19,51.181,165.1
2025-01-20,51.333,165.1
2025-01-21,49.682,162.56
2025-01-22,49.403,162.56
2025-01-23,48.641,162.56
2025-01-24,47.32,157.48
2025-01-25,48.819,157.48
2025-01-26,49.53,157.48
2025-01-27,47.904,157.48
2025-01-28,46.482,154.94
2025-01-29,44.983,154.94
2025-01-30,44.018,154.94
2025-01-31,42.926,157.48
2025-02-01,46.812,185.42
2025-02-02,51.918,182.88
2025-02-03,65.786,177.8
2025-02-04,92.837,200.66
2025-02-05,90.983,226.06
2025-02-06,89.179,226.06
2025-02-07,88.265,248.92
2025-02-08,85.471,243.84
2025-02-09,83.922,238.76
2025-02-10,82.829,236.22
2025-02-11,81.966,233.68
2025-02-12,81.255,231.14
2025-02-13,81.559,243.84
2025-02-14,84.125,269.24
2025-02-15,84.404,261.62
2025-02-16,84.938,264.16
2025-02-17,85.903,264.16
2025-02-18,85.979,261.62
2025-02-19,85.954,256.54
2025-02-20,86.665,261.62
2025-02-21,86.639,256.54
2025-02-22,86.258,251.46
2025-02-23,85.573,246.38
2025-02-24,84.76,238.76
2025-02-25,85.522,233.68
2025-02-26,85.065,231.14
2025-02-27,83.82,226.06
2025-02-28,81.966,220.98
2025-03-01,80.289,218.44
2025-03-02,79.705,226.06
2025-03-03,79.477,218.44
2025-03-04,79.324,213.36
2025-03-05,79.35,215.9
2025-03-06,79.019,213.36
2025-03-07,79.019,210.82
2025-03-08,78.156,208.28
2025-03-09,76.657,205.74
2025-03-10,76.022,203.2
2025-03-11,74.879,200.66
2025-03-12,73.355,200.66
2025-03-13,77.749,228.6
2025-03-14,78.41,233.68
2025-03-15,80.467,254.0
2025-03-16,83.464,264.16
2025-03-17,87.757,279.4
2025-03-18,89.129,279.4
2025-03-19,89.814,274.32
2025-03-20,90.754,279.4
2025-03-21,91.161,274.32
2025-03-22,91.618,271.78
2025-03-23,91.059,264.16
2025-03-24,89.383,254.0
2025-03-25,86.004,246.38
2025-03-26,83.744,236.22
2025-03-27,83.744,228.6
2025-03-28,103.683,243.84
2025-03-29,106.502,241.3
2025-03-30,103.81,241.3
2025-03-31,102.946,269.24
2025-04-01,101.397,276.86
2025-04-02,100.762,276.86
2025-04-03,99.314,271.78
2025-04-04,97.765,264.16
2025-04-05,95.936,259.08
2025-04-06,93.447,251.46
2025-04-07,91.059,243.84
2025-04-08,91.999,238.76
2025-04-09,94.285,231.14
2025-04-10,97.231,223.52
2025-04-11,99.06,215.9
2025-04-12,99.314,208.28
2025-04-13,97.18,205.74
2025-04-14,93.497,200.66
2025-04-15,89.967,195.58
2025-04-16,86.538,193.04
2025-04-17,83.464,187.96
2025-04-18,81.534,182.88
2025-04-19,78.435,177.8
2025-04-20,74.244,170.18
2025-04-21,70.764,162.56
2025-04-22,67.462,157.48
2025-04-23,63.779,149.86
2025-04-24,60.579,147.32
2025-04-25,56.667,139.7
2025-04-26,53.721,137.16
2025-04-27,51.359,132.08
2025-04-28,49.251,124.46
2025-04-29,46.685,121.92
2025-04-30,44.044,114.3
2025-05-01,41.453,111.76
2025-05-02,37.948,106.68
2025-05-03,33.198,96.52
2025-05-04,31.369,91.44
2025-05-05,27.305,88.9
2025-05-06,23.495,81.28
2025-05-07,20.701,73.66
2025-05-08,18.898,63.5
2025-05-09,17.653,55.88
2025-05-10,16.662,45.72
2025-05-11,15.189,38.1
2025-05-12,14.453,40.64
2025-05-13,14.427,38.1
2025-05-14,13.462,33.02
2025-05-15,11.1,25.4
2025-05-16,8.687,17.78
2025-05-17,7.036,10.16
2025-05-18,6.223,2.54
2025-05-19,4.775,2.54
2025-05-20,3.251,2.54
2025-05-21,2.362,2.54
2025-05-22,0.0,2.54
2025-05-23,0.0,2.54
2025-05-24,0.0,2.54
2025-05-25,0.0,2.54
2025-05-26,0.0,2.54
2025-05-27,0.0,2.54
2025-05-28,0.0,2.54
2025-05-29,0.0,2.54
2025-05-30,0.0,2.54
2025-05-31,0.0,2.54
2025-06-01,0.0,2.54
2025-06-02,0.0,2.54
2025-06-03,0.0,0.0
2025-06-04,0.0,0.0
2025-06-05,0.0,0.0
2025-06-06,0.0,0.0
2025-06-07,0.0,0.0
2025-06-08,0.0,0.0
2025-06-09,0.0,0.0
2025-06-10,0.0,0.0
2025-06-11,0.0,0.0
2025-06-12,0.0,0.0
2025-06-13,0.0,0.0
2025-06-14,0.0,0.0
2025-06-15,0.0,0.0
2025-06-16,0.0,0.0
2025-06-17,0.0,0.0
2025-06-18,0.0,0.0
2025-06-19,0.0,0.0
2025-06-20,0.0,0.0
2025-06-21,0.0,0.0
2025-06-22,0.0,0.0
2025-06-23,0.0,0.0
2025-06-24,0.0,0.0
2025-06-25,0.0,0.0
2025-06-26,0.0,0.0
2025-06-27,0.0,2.54
2025-06-28,0.0,0.0
2025-06-29,0.0,0.0
2025-06-30,0.0,0.0
2025-07-01,0.0,0.0
2025-07-02,0.0,0.0
2025-07-03,0.0,0.0
2025-07-04,0.0,2.54
2025-07-05,0.0,2.54
2025-07-06,0.0,0.0
2025-07-07,0.0,0.0
2025-07-08,0.0,0.0
2025-07-09,0.0,0.0
2025-07-10,0.0,0.0
2025-07-11,0.0,0.0
2025-07-12,0.0,2.54
2025-07-13,0.0,2.54
2025-07-14,0.0,2.54
2025-07-15,0.0,2.54
2025-07-16,0.0,0.0
2025-07-17,0.0,0.0
2025-07-18,0.0,0.0
2025-07-19,0.0,0.0
2025-07-20,0.0,0.0
2025-07-21,0.0,0.0
2025-07-22,0.0,0.0
2025-07-23,0.0,0.0
2025-07-24,0.0,0.0
2025-07-25,0.0,0.0
2025-07-26,0.0,0.0
2025-07-27,0.0,0.0
2025-07-28,0.0,0.0
2025-07-29,0.0,0.0
2025-07-30,0.0,0.0
2025-07-31,0.0,0.0
2025-08-01,0.0,0.0
2025-08-02,0.0,0.0
2025-08-03,0.0,0.0
2025-08-04,0.0,0.0
2025-08-05,0.0,0.0
2025-08-06,0.0,0.0
2025-08-07,0.0,0.0
2025-08-08,0.0,0.0
2025-08-09,0.0,0.0
2025-08-10,0.0,0.0
2025-08-11,0.0,0.0
2025-08-12,0.0,0.0
2025-08-13,0.0,0.0
2025-08-14,0.0,0.0
2025-08-15,0.0,0.0
2025-08-16,0.0,0.0
2025-08-17,0.0,0.0
2025-08-18,0.0,0.0
2025-08-19,0.0,0.0
2025-08-20,0.0,0.0
2025-08-21,0.0,0.0
2025-08-22,0.0,0.0
2025-08-23,0.0,0.0
2025-08-24,0.0,0.0
2025-08-25,0.0,0.0
2025-08-26,0.0,0.0
2025-08-27,0.0,0.0
2025-08-28,0.0,0.0
2025-08-29,0.0,0.0
2025-08-30,0.0,0.0
2025-08-31,0.0,0.0
2025-09-01,0.0,0.0
2025-09-02,0.0,0.0
2025-09-03,0.0,0.0
2025-09-04,0.0,0.0
2025-09-05,0.0,0.0
2025-09-06,0.0,0.0
2025-09-07,0.0,0.0
2025-09-08,0.0,0.0
2025-09-09,0.0,0.0
2025-09-10,0.0,0.0
2025-09-11,0.0,
2025-09-12,0.0,0.0
2025-09-13,0.0,0.0
2025-09-14,0.0,0.0
2025-09-15,0.0,0.0
2025-09-16,0.0,0.0
2025-09-17,0.0,0.0
2025-09-18,0.0,0.0
2025-09-19,0.0,0.0
2025-09-20,0.0,0.0
2025-09-21,0.0,0.0
2025-09-22,0.0,0.0
2025-09-23,0.0,0.0
2025-09-24,0.0,0.0
2025-09-25,0.0,0.0
2025-09-26,0.0,0.0
2025-09-27,0.0,0.0
2025-09-28,0.0,
2025-09-29,0.0,0.0
2025-09-30,0.0,0.0
2025-10-01,0.0,0.0
2025-10-02,0.0,0.0
2025-10-03,0.0,0.0
2025-10-04,0.0,0.0
2025-10-05,0.0,0.0
2025-10-06,0.0,0.0
2025-10-07,0.0,0.0
2025-10-08,0.0,0.0
2025-10-09,0.0,0.0
2025-10-10,0.0,0.0
2025-10-11,0.0,0.0
2025-10-12,0.0,0.0
2025-10-13,0.0,0.0
2025-10-14,1.321,2.54
2025-10-15,0.356,0.0
2025-10-16,0.203,0.0
2025-10-17,0.152,0.0
2025-10-18,0.051,0.0
2025-10-19,0.0,0.0
2025-10-20,0.0,0.0
2025-10-21,0.0,0.0
2025-10-22,0.0,0.0
2025-10-23,0.0,0.0
2025-10-24,0.051,0.0
2025-10-25,0.508,0.0
2025-10-26,0.457,0.0
2025-10-27,2.565,7.62
2025-10-28,2.134,5.08
2025-10-29,0.508,0.0
2025-10-30,0.356,0.0
2025-10-31,0.254,0.0
2025-11-01,0.0,0.0
2025-11-02,0.0,0.0
2025-11-03,0.0,0.0
2025-11-04,0.584,0.0
2025-11-05,0.686,0.0
2025-11-06,0.508,0.0
2025-11-07,0.508,0.0
2025-11-08,0.432,2.54
2025-11-09,0.0,0.0
2025-11-10,0.0,0.0
2025-11-11,0.127,0.0
2025-11-12,0.203,2.54
2025-11-13,0.635,2.54
2025-11-14,0.457,2.54
2025-11-15,0.406,2.54
2025-11-16,0.508,2.54
2025-11-17,2.413,7.62
2025-11-18,2.388,12.7
2025-11-19,1.905,10.16
2025-11-20,2.261,12.7
2025-11-21,3.175,10.16
2025-11-22,2.565,7.62
2025-11-23,1.626,5.08
2025-11-24,0.711,2.54
2025-11-25,0.0,2.54
2025-11-26,0.0,2.54
2025-11-27,0.0,0.0
2025-11-28,0.0,0.0
2025-11-29,0.0,0.0
2025-11-30,0.0,0.0
2025-12-01,0.0,0.0
2025-12-02,0.0,0.0
2025-12-03,0.0,0.0
2025-12-04,0.0,0.0
2025-12-05,0.0,0.0
2025-12-06,0.0,0.0
2025-12-07,0.0,0.0
2025-12-08,0.0,0.0
2025-12-09,0.0,0.0
2025-12-10,0.0,
2025-12-11,0.0,0.0
2025-12-12,0.0,0.0
2025-12-13,0.0,0.0
2025-12-14,0.0,0.0
2025-12-15,0.0,0.0
2025-12-16,0.279,0.0
2025-12-17,0.635,0.0
2025-12-18,0.356,0.0
2025-12-19,0.508,0.0
2025-12-20,0.381,0.0
2025-12-21,0.406,0.0
2025-12-22,0.305,0.0
2025-12-23,0.305,0.0
2025-12-24,0.508,0.0
2025-12-25,3.378,12.7
2025-12-26,6.502,40.64
2025-12-27,10.211,81.28
2025-12-28,10.109,76.2
2025-12-29,9.982,71.12
2025-12-30,9.931,66.04
2025-12-31,9.83,60.96
2026-01-01,10.287,53.34
2026-01-02,9.398,
2026-01-03,11.405,45.72
2026-01-04,13.284,60.96
2026-01-05,14.834,81.28
2026-01-06,17.17,104.14
2026-01-07,16.891,91.44
2026-01-08,16.84,96.52
2026-01-09,16.713,91.44
2026-01-10,16.561,88.9
2026-01-11,16.383,86.36
2026-01-12,16.154,83.82
2026-01-13,15.951,78.74
2026-01-14,15.672,76.2
2026-01-15,15.392,73.66
2026-01-16,15.062,68.58
2026-01-17,14.681,66.04
2026-01-18,14.427,66.04
2026-01-19,14.173,63.5
2026-01-20,13.995,60.96
2026-01-21,13.691,60.96
2026-01-22,13.462,60.96
2026-01-23,13.487,58.42
2026-01-24,13.487,55.88
2026-01-25,12.268,55.88
2026-01-26,9.246,53.34
2026-01-27,9.804,53.34
2026-01-28,11.049,63.5
2026-01-29,12.268,60.96
2026-01-30,13.259,58.42
2026-01-31,14.046,55.88
2026-02-01,14.097,53.34
2026-02-02,14.326,53.34
2026-02-03,13.843,50.8
2026-02-04,13.183,48.26
2026-02-05,12.725,45.72
2026-02-06,11.786,43.18
2026-02-07,11.1,40.64
2026-02-08,11.024,38.1
2026-02-09,9.881,38.1
2026-02-10,9.169,35.56
2026-02-11,9.55,48.26
2026-02-12,11.176,50.8
2026-02-13,11.43,43.18
2026-02-14,11.252,40.64
2026-02-15,11.684,48.26
2026-02-16,14.021,81.28
2026-02-17,14.707,86.36
2026-02-18,15.824,99.06
2026-02-19,16.485,106.68
2026-02-20,16.916,109.22
2026-02-21,16.891,104.14
2026-02-22,16.637,96.52
2026-02-23,17.094,96.52
2026-02-24,17.043,88.9
2026-02-25,16.205,78.74
2026-02-26,15.011,71.12
2026-02-27,13.97,68.58
2026-02-28,12.421,63.5
2026-03-01,11.811,55.88
2026-03-02,10.998,53.34
2026-03-03,10.77,50.8
2026-03-04,9.423,45.72
2026-03-05,8.585,43.18
2026-03-06,7.696,40.64
2026-03-07,6.756,38.1
2026-03-08,4.674,33.02
2026-03-09,2.311,27.94
2026-03-10,0.737,22.86
2026-03-11,0.178,22.86
2026-03-12,0.0,17.78
2026-03-13,0.0,12.7
2026-03-14,0.0,7.62
2026-03-15,0.0,0.0
2026-03-16,0.0,2.54
2026-03-17,0.0,2.54
2026-03-18,0.0,0.0
2026-03-19,0.0,0.0
2026-03-20,0.0,0.0
2026-03-21,0.0,0.0
2026-03-22,0.0,0.0
2026-03-23,0.0,0.0
2026-03-24,0.0,0.0
2026-03-25,0.0,0.0
2026-03-26,0.0,0.0
2026-03-27,0.0,0.0
2026-03-28,0.0,0.0
2026-03-29,0.0,0.0
2026-03-30,0.0,0.0
2026-03-31,0.0,0.0
2026-04-01,0.0,0.0
2026-04-02,2.159,7.62
2026-04-03,0.889,5.08
2026-04-04,0.254,2.54
2026-04-05,0.0,2.54
2026-04-06,0.0,0.0
2026-04-07,0.0,0.0
2026-04-08,0.0,0.0
2026-04-09,0.0,0.0
2026-04-10,0.0,0.0
2026-04-11,0.0,0.0
2026-04-12,7.214,40.64
2026-04-13,10.008,58.42
2026-04-14,9.017,
2026-04-15,7.899,27.94
2026-04-16,7.036,22.86
2026-04-17,6.248,20.32
2026-04-18,5.08,15.24
2026-04-19,3.658,10.16
2026-04-20,1.905,5.08
2026-04-21,5.334,35.56
2026-04-22,6.934,38.1
2026-04-23,6.375,25.4
2026-04-24,4.597,17.78
2026-04-25,2.413,7.62
2026-04-26,0.152,0.0
2026-04-27,0.0,0.0
2026-04-28,0.0,0.0
2026-04-29,0.0,0.0
2026-04-30,0.0,0.0
2026-05-01,0.0,0.0
2026-05-02,0.0,0.0
2026-05-03,0.0,0.0
2026-05-04,0.0,0.0
2026-05-05,0.0,0.0
2026-05-06,0.0,0.0
2026-05-07,0.0,0.0
2026-05-08,0.0,0.0
2026-05-09,0.0,0.0
2026-05-10,0.0,0.0
2026-05-11,0.0,0.0
2026-05-12,0.0,0.0
2026-05-13,0.0,0.0
2026-05-14,0.0,0.0
2026-05-15,0.0,0.0
2026-05-16,0.0,0.0
2026-05-17,0.0,
2026-05-18,0.0,0.0
2026-05-19,0.0,0.0
2026-05-20,0.0,0.0
2026-05-21,0.0,0.0
2026-05-22,0.0,
2026-05-23,0.0,0.0
2026-05-24,0.0,0.0
2026-05-25,0.0,0.0
2026-05-26,0.0,0.0
2026-05-27,0.0,0.0
2026-05-28,0.0,0.0
2026-05-29,0.0,0.0
2026-05-30,0.0,0.0
2026-05-31,0.0,0.0
2026-06-01,0.0,0.0
2026-06-02,0.0,0.0
2026-06-03,0.0,0.0
2026-06-04,0.0,
2026-06-05,0.0,0.0
2026-06-06,0.0,0.0
2026-06-07,0.0,0.0
2026-06-08,0.0,0.0
2026-06-09,0.0,0.0
2026-06-10,0.0,0.0
2026-06-11,0.0,0.0
2026-06-12,0.0,0.0
2026-06-13,0.0,0.0
2026-06-14,0.0,0.0
2026-06-15,0.0,0.0
2026-06-16,0.0,0.0
2026-06-17,0.0,0.0
2026-06-18,0.0,0.0
2026-06-19,0.0,0.0
2026-06-20,0.0,0.0
2026-06-21,0.0,0.0
2026-06-22,0.0,0.0
2026-06-23,,
2026-06-24,0.0,0.0
2026-06-25,0.0,0.0
2026-06-26,0.0,0.0
2026-06-27,0.0,0.0
2026-06-28,0.0,0.0
2026-06-29,0.0,0.0
2026-06-30,0.0,0.0
2026-07-01,0.0,0.0
2026-07-02,0.0,0.0
2026-07-03,0.0,0.0
2026-07-04,0.0,0.0
2026-07-05,0.0,
2026-07-06,0.0,0.0
2026-07-07,0.0,0.0
2026-07-08,0.0,0.0
2026-07-09,0.0,0.0
2026-07-10,0.0,0.0
2026-07-11,0.0,0.0
2026-07-12,0.0,0.0
2026-07-13,0.0,0.0
2026-07-14,0.0,0.0
2026-07-15,0.0,0.0
2026-07-16,0.0,0.0
2026-07-17,0.0,0.0
2026-07-18,0.0,2.54
2026-07-19,0.0,2.54
2026-07-20,0.0,2.54
2026-07-21,0.0,2.54
2026-07-22,0.0,2.54
2026-07-23,0.0,2.54
2026-07-24,0.0,2.54
2026-07-25,0.0,2.54
2026-07-26,0.0,2.54
2026-07-27,0.0,2.54
2026-07-28,0.0,2.54
2026-07-29,0.0,2.54
2026-07-30,0.0,2.54
2026-07-31,0.0,2.54
2026-08-01,0.0,2.54
2026-08-02,0.0,2.54
2026-08-03,0.0,2.54
2026-08-04,0.0,2.54
2026-08-05,0.0,2.54
2026-08-06,0.0,2.54
2026-08-07,0.0,2.54
2026-08-08,0.0,2.54
2026-08-09,0.0,2.54
2026-08-10,0.0,2.54
2026-08-11,0.0,2.54
2026-08-12,0.0,2.54
2026-08-13,0.0,2.54
2026-08-14,0.0,2.54
2026-08-15,0.0,2.54
2026-08-16,0.0,2.54
2026-08-17,0.0,2.54
2026-08-18,0.0,2.54
2026-08-19,0.0,2.54
2026-08-20,0.0,2.54
2026-08-21,0.0,2.54
2026-08-22,0.0,2.54
2026-08-23,0.0,2.54
2026-08-24,0.0,2.54
2026-08-25,0.0,2.54
2026-08-26,0.0,2.54
2026-08-27,0.0,2.54
2026-08-28,0.0,0.0
2026-08-29,0.0,2.54
2026-08-30,,
