date,wteq_cm,snwd_cm
1969-10-01,0.0,
1969-10-02,0.0,
1969-10-03,0.0,
1969-10-04,0.0,
1969-10-05,0.0,
1969-10-06,0.0,
1969-10-07,0.0,
1969-10-08,0.0,
1969-10-09,0.0,
1969-10-10,0.0,
1969-10-11,0.0,
1969-10-12,0.0,
1969-10-13,0.0,
1969-10-14,0.0,
1969-10-15,0.0,
1969-10-16,0.0,
1969-10-17,0.0,
1969-10-18,0.0,
1969-10-19,0.0,
1969-10-20,0.0,
1969-10-21,0.0,
1969-10-22,0.0,
1969-10-23,0.0,
1969-10-24,0.0,
1969-10-25,0.0,
1969-10-26,0.0,
1969-10-27,0.0,
1969-10-28,0.0,
1969-10-29,0.0,
1969-10-30,0.0,
1969-10-31,0.0,
1969-11-01,0.0,
1969-11-02,0.0,
1969-11-03,0.0,
1969-11-04,0.0,
1969-11-05,0.0,
1969-11-06,0.0,
1969-11-07,0.0,
1969-11-08,0.0,
1969-11-09,0.0,
1969-11-10,0.0,
1969-11-11,0.0,
1969-11-12,0.0,
1969-11-13,0.0,
1969-11-14,0.0,
1969-11-15,0.0,
1969-11-16,0.0,
1969-11-17,1.27,
1969-11-18,3.048,
1969-11-19,3.048,
1969-11-20,3.048,
1969-11-21,3.048,
1969-11-22,3.048,
1969-11-23,3.048,
1969-11-24,3.048,
1969-11-25,3.048,
1969-11-26,3.048,
1969-11-27,3.048,
1969-11-28,3.048,
1969-11-29,3.048,
1969-11-30,3.048,
1969-12-01,3.048,
1969-12-02,3.048,
1969-12-03,3.048,
1969-12-04,3.048,
1969-12-05,3.048,
1969-12-06,3.048,
1969-12-07,2.54,
1969-12-08,2.54,
1969-12-09,2.54,
1969-12-10,2.54,
1969-12-11,2.54,
1969-12-12,2.54,
1969-12-13,2.54,
1969-12-14,2.54,
1969-12-15,2.54,
1969-12-16,2.54,
1969-12-17,2.54,
1969-12-18,2.54,
1969-12-19,3.048,
1969-12-20,5.08,
1969-12-21,5.588,
1969-12-22,6.604,
1969-12-23,6.604,
1969-12-24,7.112,
1969-12-25,7.62,
1969-12-26,8.636,
1969-12-27,10.16,
1969-12-28,11.684,
1969-12-29,12.192,
1969-12-30,12.446,
1969-12-31,12.7,
1970-01-01,13.462,
1970-01-02,14.732,
1970-01-03,15.24,
1970-01-04,16.002,
1970-01-05,17.272,
1970-01-06,19.558,
1970-01-07,19.558,
1970-01-08,22.352,
1970-01-09,24.384,
1970-01-10,30.734,
1970-01-11,31.242,
1970-01-12,32.004,
1970-01-13,32.258,
1970-01-14,35.56,
1970-01-15,52.324,
1970-01-16,58.166,
1970-01-17,53.848,
1970-01-18,53.848,
1970-01-19,54.102,
1970-01-20,54.61,
1970-01-21,56.642,
1970-01-22,55.372,
1970-01-23,56.134,
1970-01-24,58.674,
1970-01-25,59.436,
1970-01-26,59.944,
1970-01-27,62.738,
1970-01-28,62.484,
1970-01-29,63.754,
1970-01-30,63.5,
1970-01-31,62.738,
1970-02-01,62.738,
1970-02-02,62.738,
1970-02-03,62.738,
1970-02-04,64.77,
1970-02-05,64.262,
1970-02-06,64.262,
1970-02-07,64.516,
1970-02-08,64.77,
1970-02-09,65.024,
1970-02-10,65.278,
1970-02-11,64.262,
1970-02-12,65.278,
1970-02-13,66.802,
1970-02-14,69.342,
1970-02-15,69.342,
1970-02-16,69.85,
1970-02-17,70.866,
1970-02-18,71.882,
1970-02-19,71.882,
1970-02-20,73.406,
1970-02-21,71.882,
1970-02-22,72.39,
1970-02-23,72.898,
1970-02-24,72.644,
1970-02-25,72.136,
1970-02-26,72.644,
1970-02-27,73.914,
1970-02-28,75.438,
1970-03-01,78.994,
1970-03-02,81.534,
1970-03-03,81.534,
1970-03-04,83.058,
1970-03-05,83.058,
1970-03-06,83.566,
1970-03-07,84.836,
1970-03-08,85.09,
1970-03-09,85.598,
1970-03-10,85.598,
1970-03-11,85.852,
1970-03-12,84.836,
1970-03-13,84.836,
1970-03-14,85.344,
1970-03-15,85.852,
1970-03-16,86.36,
1970-03-17,86.868,
1970-03-18,85.852,
1970-03-19,84.836,
1970-03-20,84.074,
1970-03-21,84.328,
1970-03-22,84.074,
1970-03-23,84.074,
1970-03-24,85.09,
1970-03-25,85.598,
1970-03-26,86.868,
1970-03-27,85.852,
1970-03-28,84.582,
1970-03-29,83.312,
1970-03-30,82.804,
1970-03-31,82.296,
1970-04-01,82.804,
1970-04-02,85.598,
1970-04-03,84.328,
1970-04-04,83.566,
1970-04-05,83.312,
1970-04-06,85.344,
1970-04-07,84.328,
1970-04-08,83.82,
1970-04-09,82.804,
1970-04-10,81.534,
1970-04-11,81.28,
1970-04-12,74.93,
1970-04-13,73.914,
1970-04-14,71.12,
1970-04-15,68.834,
1970-04-16,66.802,
1970-04-17,66.04,
1970-04-18,63.5,
1970-04-19,59.944,
1970-04-20,57.15,
1970-04-21,55.88,
1970-04-22,54.864,
1970-04-23,53.34,
1970-04-24,52.578,
1970-04-25,53.594,
1970-04-26,53.594,
1970-04-27,53.594,
1970-04-28,53.594,
1970-04-29,53.594,
1970-04-30,53.594,
1970-05-01,53.594,
1970-05-02,52.832,
1970-05-03,53.34,
1970-05-04,53.848,
1970-05-05,53.594,
1970-05-06,52.832,
1970-05-07,51.054,
1970-05-08,51.816,
1970-05-09,49.276,
1970-05-10,48.006,
1970-05-11,46.99,
1970-05-12,45.72,
1970-05-13,44.704,
1970-05-14,42.672,
1970-05-15,41.656,
1970-05-16,40.894,
1970-05-17,40.132,
1970-05-18,38.608,
1970-05-19,36.83,
1970-05-20,35.814,
1970-05-21,34.036,
1970-05-22,32.258,
1970-05-23,30.734,
1970-05-24,28.194,
1970-05-25,27.432,
1970-05-26,25.654,
1970-05-27,24.384,
1970-05-28,21.336,
1970-05-29,19.304,
1970-05-30,17.78,
1970-05-31,16.256,
1970-06-01,13.462,
1970-06-02,9.144,
1970-06-03,5.842,
1970-06-04,3.556,
1970-06-05,3.048,
1970-06-06,2.794,
1970-06-07,1.27,
1970-06-08,0.0,
1970-06-09,0.0,
1970-06-10,0.0,
1970-06-11,0.0,
1970-06-12,0.0,
1970-06-13,0.0,
1970-06-14,0.0,
1970-06-15,0.0,
1970-06-16,0.0,
1970-06-17,0.0,
1970-06-18,0.0,
1970-06-19,0.0,
1970-06-20,0.0,
1970-06-21,0.0,
1970-06-22,0.0,
1970-06-23,0.0,
1970-06-24,0.0,
1970-06-25,0.0,
1970-06-26,0.0,
1970-06-27,0.0,
1970-06-28,0.0,
1970-06-29,0.0,
1970-06-30,0.0,
1970-07-01,0.0,
1970-07-02,0.0,
1970-07-03,0.0,
1970-07-04,0.0,
1970-07-05,0.0,
1970-07-06,0.0,
1970-07-07,0.0,
1970-07-08,0.0,
1970-07-09,0.0,
1970-07-10,0.0,
1970-07-11,0.0,
1970-07-12,0.0,
1970-07-13,0.0,
1970-07-14,0.0,
1970-07-15,0.0,
1970-07-16,0.0,
1970-07-17,0.0,
1970-07-18,0.0,
1970-07-19,0.0,
1970-07-20,0.0,
1970-07-21,0.0,
1970-07-22,0.0,
1970-07-23,0.0,
1970-07-24,0.0,
1970-07-25,0.0,
1970-07-26,0.0,
1970-07-27,0.0,
1970-07-28,0.0,
1970-07-29,0.0,
1970-07-30,0.0,
1970-07-31,0.0,
1970-08-01,0.0,
1970-08-02,0.0,
1970-08-03,0.0,
1970-08-04,0.0,
1970-08-05,0.0,
1970-08-06,0.0,
1970-08-07,0.0,
1970-08-08,0.0,
1970-08-09,0.0,
1970-08-10,0.0,
1970-08-11,0.0,
1970-08-12,0.0,
1970-08-13,0.0,
1970-08-14,0.0,
1970-08-15,0.0,
1970-08-16,0.0,
1970-08-17,0.0,
1970-08-18,0.0,
1970-08-19,0.0,
1970-08-20,0.0,
1970-08-21,0.0,
1970-08-22,0.0,
1970-08-23,0.0,
1970-08-24,0.0,
1970-08-25,0.0,
1970-08-26,0.0,
1970-08-27,0.0,
1970-08-28,0.0,
1970-08-29,0.0,
1970-08-30,0.0,
1970-08-31,0.0,
1970-09-01,0.0,
1970-09-02,0.0,
1970-09-03,0.0,
1970-09-04,0.0,
1970-09-05,0.0,
1970-09-06,0.0,
1970-09-07,0.0,
1970-09-08,0.0,
1970-09-09,0.0,
1970-09-10,0.0,
1970-09-11,0.0,
1970-09-12,0.0,
1970-09-13,0.0,
1970-09-14,0.0,
1970-09-15,0.0,
1970-09-16,0.0,
1970-09-17,0.0,
1970-09-18,0.0,
1970-09-19,0.0,
1970-09-20,0.0,
1970-09-21,0.0,
1970-09-22,0.0,
1970-09-23,0.0,
1970-09-24,0.0,
1970-09-25,0.0,
1970-09-26,0.0,
1970-09-27,0.0,
1970-09-28,0.0,
1970-09-29,0.0,
1970-09-30,0.0,
1970-10-01,,
1970-10-02,,
1970-10-03,,
1970-10-04,,
1970-10-05,,
1970-10-06,,
1970-10-07,,
1970-10-08,,
1970-10-09,,
1970-10-10,,
1970-10-11,,
1970-10-12,,
1970-10-13,,
1970-10-14,,
1970-10-15,,
1970-10-16,,
1970-10-17,,
1970-10-18,,
1970-10-19,,
1970-10-20,,
1970-10-21,,
1970-10-22,,
1970-10-23,,
1970-10-24,,
1970-10-25,,
1970-10-26,,
1970-10-27,,
1970-10-28,,
1970-10-29,,
1970-10-30,,
1970-10-31,,
1970-11-01,,
1970-11-02,,
1970-11-03,,
1970-11-04,,
1970-11-05,,
1970-11-06,,
1970-11-07,,
1970-11-08,,
1970-11-09,,
1970-11-10,,
1970-11-11,,
1970-11-12,,
1970-11-13,,
1970-11-14,,
1970-11-15,,
1970-11-16,,
1970-11-17,,
1970-11-18,,
1970-11-19,,
1970-11-20,,
1970-11-21,,
1970-11-22,,
1970-11-23,,
1970-11-24,,
1970-11-25,,
1970-11-26,,
1970-11-27,,
1970-11-28,,
1970-11-29,,
1970-11-30,,
1970-12-01,,
1970-12-02,,
1970-12-03,,
1970-12-04,,
1970-12-05,,
1970-12-06,,
1970-12-07,,
1970-12-08,,
1970-12-09,,
1970-12-10,,
1970-12-11,,
1970-12-12,,
1970-12-13,,
1970-12-14,,
1970-12-15,,
1970-12-16,,
1970-12-17,,
1970-12-18,,
1970-12-19,,
1970-12-20,,
1970-12-21,,
1970-12-22,,
1970-12-23,,
1970-12-24,,
1970-12-25,,
1970-12-26,,
1970-12-27,,
1970-12-28,,
1970-12-29,,
1970-12-30,,
1970-12-31,,
1971-01-01,,
1971-01-02,,
1971-01-03,,
1971-01-04,,
1971-01-05,,
1971-01-06,,
1971-01-07,,
1971-01-08,,
1971-01-09,,
1971-01-10,,
1971-01-11,,
1971-01-12,,
1971-01-13,,
1971-01-14,,
1971-01-15,,
1971-01-16,,
1971-01-17,,
1971-01-18,,
1971-01-19,,
1971-01-20,,
1971-01-21,,
1971-01-22,,
1971-01-23,,
1971-01-24,,
1971-01-25,,
1971-01-26,,
1971-01-27,,
1971-01-28,,
1971-01-29,,
1971-01-30,,
1971-01-31,,
1971-02-01,,
1971-02-02,,
1971-02-03,,
1971-02-04,,
1971-02-05,,
1971-02-06,,
1971-02-07,,
1971-02-08,,
1971-02-09,,
1971-02-10,,
1971-02-11,,
1971-02-12,,
1971-02-13,,
1971-02-14,,
1971-02-15,,
1971-02-16,,
1971-02-17,,
1971-02-18,,
1971-02-19,,
1971-02-20,,
1971-02-21,,
1971-02-22,,
1971-02-23,,
1971-02-24,,
1971-02-25,,
1971-02-26,,
1971-02-27,,
1971-02-28,,
1971-03-01,,
1971-03-02,,
1971-03-03,,
1971-03-04,,
1971-03-05,,
1971-03-06,,
1971-03-07,,
1971-03-08,,
1971-03-09,,
1971-03-10,,
1971-03-11,,
1971-03-12,,
1971-03-13,,
1971-03-14,,
1971-03-15,,
1971-03-16,,
1971-03-17,,
1971-03-18,,
1971-03-19,,
1971-03-20,,
1971-03-21,,
1971-03-22,,
1971-03-23,,
1971-03-24,,
1971-03-25,,
1971-03-26,,
1971-03-27,,
1971-03-28,,
1971-03-29,,
1971-03-30,,
1971-03-31,,
1971-04-01,,
1971-04-02,,
1971-04-03,,
1971-04-04,,
1971-04-05,,
1971-04-06,,
1971-04-07,,
1971-04-08,,
1971-04-09,,
1971-04-10,,
1971-04-11,,
1971-04-12,,
1971-04-13,,
1971-04-14,,
1971-04-15,,
1971-04-16,,
1971-04-17,,
1971-04-18,,
1971-04-19,,
1971-04-20,,
1971-04-21,,
1971-04-22,,
1971-04-23,,
1971-04-24,,
1971-04-25,,
1971-04-26,,
1971-04-27,,
1971-04-28,,
1971-04-29,,
1971-04-30,,
1971-05-01,,
1971-05-02,,
1971-05-03,,
1971-05-04,,
1971-05-05,,
1971-05-06,,
1971-05-07,,
1971-05-08,,
1971-05-09,,
1971-05-10,,
1971-05-11,,
1971-05-12,,
1971-05-13,,
1971-05-14,,
1971-05-15,,
1971-05-16,,
1971-05-17,,
1971-05-18,,
1971-05-19,,
1971-05-20,,
1971-05-21,,
1971-05-22,,
1971-05-23,,
1971-05-24,,
1971-05-25,,
1971-05-26,,
1971-05-27,,
1971-05-28,,
1971-05-29,,
1971-05-30,,
1971-05-31,,
1971-06-01,,
1971-06-02,,
1971-06-03,,
1971-06-04,,
1971-06-05,,
1971-06-06,,
1971-06-07,,
1971-06-08,,
1971-06-09,,
1971-06-10,,
1971-06-11,,
1971-06-12,,
1971-06-13,,
1971-06-14,,
1971-06-15,,
1971-06-16,,
1971-06-17,,
1971-06-18,,
1971-06-19,,
1971-06-20,,
1971-06-21,,
1971-06-22,,
1971-06-23,,
1971-06-24,,
1971-06-25,,
1971-06-26,,
1971-06-27,,
1971-06-28,,
1971-06-29,,
1971-06-30,,
1971-07-01,,
1971-07-02,,
1971-07-03,,
1971-07-04,,
1971-07-05,,
1971-07-06,,
1971-07-07,,
1971-07-08,,
1971-07-09,,
1971-07-10,,
1971-07-11,,
1971-07-12,,
1971-07-13,,
1971-07-14,,
1971-07-15,,
1971-07-16,,
1971-07-17,,
1971-07-18,,
1971-07-19,,
1971-07-20,,
1971-07-21,,
1971-07-22,,
1971-07-23,,
1971-07-24,,
1971-07-25,,
1971-07-26,,
1971-07-27,,
1971-07-28,,
1971-07-29,,
1971-07-30,,
1971-07-31,,
1971-08-01,,
1971-08-02,,
1971-08-03,,
1971-08-04,,
1971-08-05,,
1971-08-06,,
1971-08-07,,
1971-08-08,,
1971-08-09,,
1971-08-10,,
1971-08-11,,
1971-08-12,,
1971-08-13,,
1971-08-14,,
1971-08-15,,
1971-08-16,,
1971-08-17,,
1971-08-18,,
1971-08-19,,
1971-08-20,,
1971-08-21,,
1971-08-22,,
1971-08-23,,
1971-08-24,,
1971-08-25,,
1971-08-26,,
1971-08-27,,
1971-08-28,,
1971-08-29,,
1971-08-30,,
1971-08-31,,
1971-09-01,,
1971-09-02,,
1971-09-03,,
1971-09-04,,
1971-09-05,,
1971-09-06,,
1971-09-07,,
1971-09-08,,
1971-09-09,,
1971-09-10,,
1971-09-11,,
1971-09-12,,
1971-09-13,,
1971-09-14,,
1971-09-15,,
1971-09-16,,
1971-09-17,,
1971-09-18,,
1971-09-19,,
1971-09-20,,
1971-09-21,,
1971-09-22,,
1971-09-23,,
1971-09-24,,
1971-09-25,,
1971-09-26,,
1971-09-27,,
1971-09-28,,
1971-09-29,,
1971-09-30,,
1971-10-01,,
1971-10-02,,
1971-10-03,,
1971-10-04,,
1971-10-05,,
1971-10-06,,
1971-10-07,,
1971-10-08,,
1971-10-09,,
1971-10-10,,
1971-10-11,,
1971-10-12,,
1971-10-13,,
1971-10-14,,
1971-10-15,,
1971-10-16,,
1971-10-17,,
1971-10-18,,
1971-10-19,,
1971-10-20,,
1971-10-21,,
1971-10-22,,
1971-10-23,,
1971-10-24,,
1971-10-25,,
1971-10-26,,
1971-10-27,,
1971-10-28,,
1971-10-29,,
1971-10-30,,
1971-10-31,,
1971-11-01,,
1971-11-02,,
1971-11-03,,
1971-11-04,,
1971-11-05,,
1971-11-06,,
1971-11-07,,
1971-11-08,,
1971-11-09,,
1971-11-10,,
1971-11-11,,
1971-11-12,,
1971-11-13,,
1971-11-14,,
1971-11-15,,
1971-11-16,,
1971-11-17,,
1971-11-18,,
1971-11-19,,
1971-11-20,,
1971-11-21,,
1971-11-22,,
1971-11-23,,
1971-11-24,,
1971-11-25,,
1971-11-26,,
1971-11-27,,
1971-11-28,,
1971-11-29,,
1971-11-30,,
1971-12-01,,
1971-12-02,,
1971-12-03,,
1971-12-04,,
1971-12-05,,
1971-12-06,,
1971-12-07,,
1971-12-08,,
1971-12-09,,
1971-12-10,,
1971-12-11,,
1971-12-12,,
1971-12-13,,
1971-12-14,,
1971-12-15,,
1971-12-16,,
1971-12-17,,
1971-12-18,,
1971-12-19,,
1971-12-20,,
1971-12-21,,
1971-12-22,,
1971-12-23,,
1971-12-24,,
1971-12-25,,
1971-12-26,,
1971-12-27,,
1971-12-28,,
1971-12-29,,
1971-12-30,,
1971-12-31,,
1972-01-01,,
1972-01-02,,
1972-01-03,,
1972-01-04,,
1972-01-05,,
1972-01-06,,
1972-01-07,,
1972-01-08,,
1972-01-09,,
1972-01-10,27.432,
1972-01-11,,
1972-01-12,,
1972-01-13,,
1972-01-14,,
1972-01-15,,
1972-01-16,,
1972-01-17,,
1972-01-18,,
1972-01-19,,
1972-01-20,,
1972-01-21,,
1972-01-22,,
1972-01-23,,
1972-01-24,40.894,
1972-01-25,,
1972-01-26,29.21,
1972-01-27,,
1972-01-28,32.258,
1972-01-29,,
1972-01-30,,
1972-01-31,32.258,
1972-02-01,,
1972-02-02,33.02,
1972-02-03,31.75,
1972-02-04,32.004,
1972-02-05,,
1972-02-06,,
1972-02-07,,
1972-02-08,35.052,
1972-02-09,,
1972-02-10,35.052,
1972-02-11,34.29,
1972-02-12,,
1972-02-13,,
1972-02-14,,
1972-02-15,,
1972-02-16,34.036,
1972-02-17,,
1972-02-18,,
1972-02-19,,
1972-02-20,,
1972-02-21,,
1972-02-22,,
1972-02-23,,
1972-02-24,,
1972-02-25,35.306,
1972-02-26,,
1972-02-27,,
1972-02-28,,
1972-02-29,,
1972-03-01,,
1972-03-02,,
1972-03-03,,
1972-03-04,,
1972-03-05,,
1972-03-06,,
1972-03-07,,
1972-03-08,,
1972-03-09,,
1972-03-10,,
1972-03-11,,
1972-03-12,,
1972-03-13,,
1972-03-14,,
1972-03-15,,
1972-03-16,,
1972-03-17,,
1972-03-18,,
1972-03-19,,
1972-03-20,,
1972-03-21,,
1972-03-22,,
1972-03-23,,
1972-03-24,,
1972-03-25,,
1972-03-26,,
1972-03-27,,
1972-03-28,,
1972-03-29,,
1972-03-30,,
1972-03-31,,
1972-04-01,,
1972-04-02,,
1972-04-03,26.416,
1972-04-04,25.4,
1972-04-05,26.416,
1972-04-06,,
1972-04-07,,
1972-04-08,,
1972-04-09,,
1972-04-10,,
1972-04-11,,
1972-04-12,,
1972-04-13,,
1972-04-14,,
1972-04-15,,
1972-04-16,,
1972-04-17,,
1972-04-18,,
1972-04-19,,
1972-04-20,,
1972-04-21,,
1972-04-22,,
1972-04-23,,
1972-04-24,,
1972-04-25,,
1972-04-26,,
1972-04-27,,
1972-04-28,,
1972-04-29,,
1972-04-30,,
1972-05-01,,
1972-05-02,,
1972-05-03,,
1972-05-04,,
1972-05-05,,
1972-05-06,,
1972-05-07,,
1972-05-08,,
1972-05-09,,
1972-05-10,,
1972-05-11,,
1972-05-12,,
1972-05-13,,
1972-05-14,,
1972-05-15,,
1972-05-16,,
1972-05-17,,
1972-05-18,,
1972-05-19,,
1972-05-20,,
1972-05-21,,
1972-05-22,,
1972-05-23,,
1972-05-24,,
1972-05-25,,
1972-05-26,,
1972-05-27,,
1972-05-28,,
1972-05-29,,
1972-05-30,,
1972-05-31,,
1972-06-01,,
1972-06-02,,
1972-06-03,,
1972-06-04,,
1972-06-05,,
1972-06-06,,
1972-06-07,,
1972-06-08,,
1972-06-09,,
1972-06-10,,
1972-06-11,,
1972-06-12,,
1972-06-13,,
1972-06-14,,
1972-06-15,,
1972-06-16,,
1972-06-17,,
1972-06-18,,
1972-06-19,,
1972-06-20,,
1972-06-21,,
1972-06-22,,
1972-06-23,,
1972-06-24,,
1972-06-25,,
1972-06-26,,
1972-06-27,,
1972-06-28,,
1972-06-29,,
1972-06-30,,
1972-07-01,,
1972-07-02,,
1972-07-03,,
1972-07-04,,
1972-07-05,,
1972-07-06,,
1972-07-07,,
1972-07-08,,
1972-07-09,,
1972-07-10,,
1972-07-11,,
1972-07-12,,
1972-07-13,,
1972-07-14,,
1972-07-15,,
1972-07-16,,
1972-07-17,,
1972-07-18,,
1972-07-19,,
1972-07-20,,
1972-07-21,,
1972-07-22,,
1972-07-23,,
1972-07-24,,
1972-07-25,,
1972-07-26,,
1972-07-27,,
1972-07-28,,
1972-07-29,,
1972-07-30,,
1972-07-31,,
1972-08-01,,
1972-08-02,,
1972-08-03,,
1972-08-04,,
1972-08-05,,
1972-08-06,,
1972-08-07,,
1972-08-08,,
1972-08-09,,
1972-08-10,,
1972-08-11,,
1972-08-12,,
1972-08-13,,
1972-08-14,,
1972-08-15,,
1972-08-16,,
1972-08-17,,
1972-08-18,,
1972-08-19,,
1972-08-20,,
1972-08-21,,
1972-08-22,,
1972-08-23,,
1972-08-24,,
1972-08-25,,
1972-08-26,,
1972-08-27,,
1972-08-28,,
1972-08-29,,
1972-08-30,,
1972-08-31,,
1972-09-01,,
1972-09-02,,
1972-09-03,,
1972-09-04,,
1972-09-05,,
1972-09-06,,
1972-09-07,,
1972-09-08,,
1972-09-09,,
1972-09-10,,
1972-09-11,,
1972-09-12,,
1972-09-13,,
1972-09-14,,
1972-09-15,,
1972-09-16,,
1972-09-17,,
1972-09-18,,
1972-09-19,,
1972-09-20,,
1972-09-21,,
1972-09-22,,
1972-09-23,,
1972-09-24,,
1972-09-25,,
1972-09-26,,
1972-09-27,,
1972-09-28,,
1972-09-29,,
1972-09-30,,
1972-10-01,,
1972-10-02,,
1972-10-03,,
1972-10-04,,
1972-10-05,,
1972-10-06,,
1972-10-07,,
1972-10-08,,
1972-10-09,,
1972-10-10,,
1972-10-11,,
1972-10-12,,
1972-10-13,,
1972-10-14,,
1972-10-15,,
1972-10-16,,
1972-10-17,,
1972-10-18,,
1972-10-19,,
1972-10-20,,
1972-10-21,,
1972-10-22,,
1972-10-23,,
1972-10-24,,
1972-10-25,,
1972-10-26,,
1972-10-27,,
1972-10-28,,
1972-10-29,,
1972-10-30,,
1972-10-31,,
1972-11-01,,
1972-11-02,,
1972-11-03,,
1972-11-04,0.0,
1972-11-05,1.27,
1972-11-06,1.27,
1972-11-07,1.524,
1972-11-08,2.794,
1972-11-09,2.794,
1972-11-10,2.794,
1972-11-11,4.318,
1972-11-12,6.096,
1972-11-13,6.35,
1972-11-14,10.414,
1972-11-15,16.002,
1972-11-16,17.78,
1972-11-17,18.288,
1972-11-18,18.542,
1972-11-19,18.542,
1972-11-20,18.542,
1972-11-21,18.542,
1972-11-22,18.542,
1972-11-23,18.542,
1972-11-24,18.542,
1972-11-25,18.542,
1972-11-26,18.542,
1972-11-27,18.542,
1972-11-28,18.288,
1972-11-29,18.288,
1972-11-30,18.288,
1972-12-01,18.288,
1972-12-02,18.288,
1972-12-03,18.288,
1972-12-04,23.114,
1972-12-05,25.4,
1972-12-06,25.654,
1972-12-07,30.734,
1972-12-08,33.274,
1972-12-09,34.29,
1972-12-10,34.29,
1972-12-11,34.29,
1972-12-12,34.29,
1972-12-13,36.322,
1972-12-14,36.322,
1972-12-15,36.322,
1972-12-16,36.576,
1972-12-17,36.576,
1972-12-18,36.576,
1972-12-19,,
1972-12-20,,
1972-12-21,,
1972-12-22,,
1972-12-23,,
1972-12-24,,
1972-12-25,,
1972-12-26,,
1972-12-27,,
1972-12-28,,
1972-12-29,,
1972-12-30,,
1972-12-31,,
1973-01-01,,
1973-01-02,,
1973-01-03,,
1973-01-04,,
1973-01-05,,
1973-01-06,,
1973-01-07,,
1973-01-08,,
1973-01-09,,
1973-01-10,,
1973-01-11,,
1973-01-12,,
1973-01-13,,
1973-01-14,,
1973-01-15,,
1973-01-16,,
1973-01-17,,
1973-01-18,,
1973-01-19,,
1973-01-20,,
1973-01-21,,
1973-01-22,,
1973-01-23,,
1973-01-24,,
1973-01-25,,
1973-01-26,,
1973-01-27,,
1973-01-28,,
1973-01-29,,
1973-01-30,,
1973-01-31,,
1973-02-01,,
1973-02-02,,
1973-02-03,,
1973-02-04,,
1973-02-05,,
1973-02-06,,
1973-02-07,,
1973-02-08,,
1973-02-09,,
1973-02-10,,
1973-02-11,,
1973-02-12,,
1973-02-13,,
1973-02-14,,
1973-02-15,,
1973-02-16,,
1973-02-17,,
1973-02-18,,
1973-02-19,,
1973-02-20,,
1973-02-21,,
1973-02-22,,
1973-02-23,,
1973-02-24,,
1973-02-25,,
1973-02-26,,
1973-02-27,,
1973-02-28,,
1973-03-01,,
1973-03-02,,
1973-03-03,,
1973-03-04,,
1973-03-05,,
1973-03-06,,
1973-03-07,,
1973-03-08,,
1973-03-09,,
1973-03-10,,
1973-03-11,,
1973-03-12,,
1973-03-13,,
1973-03-14,,
1973-03-15,,
1973-03-16,,
1973-03-17,,
1973-03-18,,
1973-03-19,,
1973-03-20,,
1973-03-21,,
1973-03-22,,
1973-03-23,,
1973-03-24,,
1973-03-25,,
1973-03-26,,
1973-03-27,,
1973-03-28,,
1973-03-29,,
1973-03-30,,
1973-03-31,,
1973-04-01,,
1973-04-02,,
1973-04-03,,
1973-04-04,,
1973-04-05,,
1973-04-06,,
1973-04-07,113.792,
1973-04-08,113.538,
1973-04-09,112.014,
1973-04-10,111.76,
1973-04-11,110.744,
1973-04-12,109.22,
1973-04-13,108.712,
1973-04-14,108.712,
1973-04-15,108.458,
1973-04-16,108.458,
1973-04-17,108.458,
1973-04-18,106.934,
1973-04-19,106.934,
1973-04-20,106.68,
1973-04-21,106.68,
1973-04-22,106.68,
1973-04-23,102.87,
1973-04-24,92.71,
1973-04-25,91.186,
1973-04-26,91.694,
1973-04-27,92.202,
1973-04-28,92.202,
1973-04-29,92.202,
1973-04-30,92.202,
1973-05-01,92.456,
1973-05-02,92.964,
1973-05-03,92.964,
1973-05-04,92.964,
1973-05-05,92.202,
1973-05-06,92.202,
1973-05-07,90.678,
1973-05-08,91.186,
1973-05-09,88.646,
1973-05-10,86.106,
1973-05-11,83.82,
1973-05-12,81.534,
1973-05-13,78.994,
1973-05-14,77.216,
1973-05-15,75.946,
1973-05-16,73.66,
1973-05-17,71.882,
1973-05-18,69.088,
1973-05-19,66.548,
1973-05-20,63.246,
1973-05-21,60.96,
1973-05-22,58.674,
1973-05-23,56.134,
1973-05-24,52.832,
1973-05-25,50.038,
1973-05-26,47.244,
1973-05-27,44.45,
1973-05-28,40.132,
1973-05-29,34.798,
1973-05-30,31.242,
1973-05-31,27.94,
1973-06-01,23.622,
1973-06-02,19.812,
1973-06-03,15.748,
1973-06-04,11.684,
1973-06-05,8.128,
1973-06-06,4.064,
1973-06-07,0.0,
1973-06-08,,
1973-06-09,,
1973-06-10,,
1973-06-11,,
1973-06-12,,
1973-06-13,,
1973-06-14,,
1973-06-15,,
1973-06-16,,
1973-06-17,,
1973-06-18,,
1973-06-19,,
1973-06-20,,
1973-06-21,,
1973-06-22,,
1973-06-23,,
1973-06-24,,
1973-06-25,,
1973-06-26,,
1973-06-27,,
1973-06-28,,
1973-06-29,,
1973-06-30,,
1973-07-01,,
1973-07-02,,
1973-07-03,,
1973-07-04,,
1973-07-05,,
1973-07-06,,
1973-07-07,,
1973-07-08,,
1973-07-09,,
1973-07-10,,
1973-07-11,,
1973-07-12,,
1973-07-13,,
1973-07-14,,
1973-07-15,,
1973-07-16,,
1973-07-17,,
1973-07-18,,
1973-07-19,,
1973-07-20,,
1973-07-21,,
1973-07-22,,
1973-07-23,,
1973-07-24,,
1973-07-25,,
1973-07-26,,
1973-07-27,,
1973-07-28,,
1973-07-29,,
1973-07-30,,
1973-07-31,,
1973-08-01,,
1973-08-02,,
1973-08-03,,
1973-08-04,,
1973-08-05,,
1973-08-06,,
1973-08-07,,
1973-08-08,,
1973-08-09,,
1973-08-10,,
1973-08-11,,
1973-08-12,,
1973-08-13,,
1973-08-14,,
1973-08-15,,
1973-08-16,,
1973-08-17,,
1973-08-18,,
1973-08-19,,
1973-08-20,,
1973-08-21,,
1973-08-22,,
1973-08-23,,
1973-08-24,,
1973-08-25,,
1973-08-26,,
1973-08-27,,
1973-08-28,,
1973-08-29,,
1973-08-30,,
1973-08-31,,
1973-09-01,,
1973-09-02,,
1973-09-03,,
1973-09-04,,
1973-09-05,,
1973-09-06,,
1973-09-07,,
1973-09-08,,
1973-09-09,,
1973-09-10,,
1973-09-11,,
1973-09-12,,
1973-09-13,,
1973-09-14,,
1973-09-15,,
1973-09-16,,
1973-09-17,,
1973-09-18,,
1973-09-19,,
1973-09-20,,
1973-09-21,,
1973-09-22,,
1973-09-23,,
1973-09-24,,
1973-09-25,,
1973-09-26,,
1973-09-27,,
1973-09-28,,
1973-09-29,,
1973-09-30,,
1973-10-01,,
1973-10-02,,
1973-10-03,,
1973-10-04,,
1973-10-05,,
1973-10-06,,
1973-10-07,,
1973-10-08,,
1973-10-09,,
1973-10-10,,
1973-10-11,,
1973-10-12,,
1973-10-13,,
1973-10-14,,
1973-10-15,,
1973-10-16,,
1973-10-17,,
1973-10-18,,
1973-10-19,,
1973-10-20,,
1973-10-21,,
1973-10-22,,
1973-10-23,,
1973-10-24,,
1973-10-25,,
1973-10-26,,
1973-10-27,,
1973-10-28,,
1973-10-29,,
1973-10-30,,
1973-10-31,,
1973-11-01,,
1973-11-02,,
1973-11-03,,
1973-11-04,,
1973-11-05,,
1973-11-06,0.0,
1973-11-07,0.508,
1973-11-08,0.508,
1973-11-09,0.508,
1973-11-10,2.286,
1973-11-11,3.81,
1973-11-12,5.588,
1973-11-13,7.112,
1973-11-14,8.89,
1973-11-15,8.89,
1973-11-16,8.89,
1973-11-17,8.89,
1973-11-18,11.43,
1973-11-19,13.716,
1973-11-20,16.256,
1973-11-21,18.796,
1973-11-22,19.05,
1973-11-23,19.05,
1973-11-24,19.304,
1973-11-25,19.304,
1973-11-26,19.558,
1973-11-27,19.558,
1973-11-28,19.558,
1973-11-29,19.558,
1973-11-30,19.558,
1973-12-01,21.844,
1973-12-02,27.686,
1973-12-03,27.686,
1973-12-04,27.686,
1973-12-05,27.432,
1973-12-06,27.432,
1973-12-07,27.432,
1973-12-08,27.432,
1973-12-09,27.432,
1973-12-10,27.432,
1973-12-11,27.432,
1973-12-12,27.432,
1973-12-13,28.194,
1973-12-14,30.48,
1973-12-15,30.48,
1973-12-16,30.48,
1973-12-17,30.48,
1973-12-18,30.48,
1973-12-19,30.48,
1973-12-20,30.48,
1973-12-21,30.48,
1973-12-22,35.306,
1973-12-23,35.306,
1973-12-24,35.306,
1973-12-25,35.306,
1973-12-26,35.306,
1973-12-27,38.1,
1973-12-28,40.132,
1973-12-29,40.894,
1973-12-30,40.894,
1973-12-31,40.894,
1974-01-01,43.688,
1974-01-02,44.196,
1974-01-03,44.196,
1974-01-04,44.45,
1974-01-05,46.482,
1974-01-06,49.022,
1974-01-07,53.848,
1974-01-08,54.61,
1974-01-09,55.118,
1974-01-10,54.61,
1974-01-11,53.594,
1974-01-12,,
1974-01-13,,
1974-01-14,,
1974-01-15,,
1974-01-16,,
1974-01-17,,
1974-01-18,,
1974-01-19,,
1974-01-20,,
1974-01-21,,
1974-01-22,,
1974-01-23,,
1974-01-24,,
1974-01-25,,
1974-01-26,,
1974-01-27,,
1974-01-28,,
1974-01-29,,
1974-01-30,,
1974-01-31,,
1974-02-01,,
1974-02-02,,
1974-02-03,,
1974-02-04,,
1974-02-05,,
1974-02-06,,
1974-02-07,,
1974-02-08,,
1974-02-09,,
1974-02-10,,
1974-02-11,,
1974-02-12,,
1974-02-13,,
1974-02-14,,
1974-02-15,,
1974-02-16,,
1974-02-17,,
1974-02-18,,
1974-02-19,,
1974-02-20,,
1974-02-21,,
1974-02-22,,
1974-02-23,,
1974-02-24,,
1974-02-25,,
1974-02-26,,
1974-02-27,,
1974-02-28,,
1974-03-01,,
1974-03-02,,
1974-03-03,,
1974-03-04,,
1974-03-05,,
1974-03-06,,
1974-03-07,,
1974-03-08,,
1974-03-09,,
1974-03-10,,
1974-03-11,,
1974-03-12,,
1974-03-13,,
1974-03-14,,
1974-03-15,,
1974-03-16,,
1974-03-17,,
1974-03-18,,
1974-03-19,,
1974-03-20,,
1974-03-21,,
1974-03-22,,
1974-03-23,,
1974-03-24,,
1974-03-25,,
1974-03-26,,
1974-03-27,,
1974-03-28,,
1974-03-29,,
1974-03-30,,
1974-03-31,,
1974-04-01,,
1974-04-02,,
1974-04-03,,
1974-04-04,,
1974-04-05,,
1974-04-06,,
1974-04-07,,
1974-04-08,,
1974-04-09,,
1974-04-10,,
1974-04-11,,
1974-04-12,,
1974-04-13,,
1974-04-14,,
1974-04-15,,
1974-04-16,,
1974-04-17,,
1974-04-18,,
1974-04-19,,
1974-04-20,,
1974-04-21,,
1974-04-22,,
1974-04-23,,
1974-04-24,,
1974-04-25,,
1974-04-26,,
1974-04-27,,
1974-04-28,,
1974-04-29,,
1974-04-30,,
1974-05-01,,
1974-05-02,,
1974-05-03,,
1974-05-04,,
1974-05-05,,
1974-05-06,,
1974-05-07,,
1974-05-08,,
1974-05-09,,
1974-05-10,,
1974-05-11,,
1974-05-12,,
1974-05-13,,
1974-05-14,,
1974-05-15,,
1974-05-16,,
1974-05-17,,
1974-05-18,,
1974-05-19,,
1974-05-20,,
1974-05-21,,
1974-05-22,,
1974-05-23,,
1974-05-24,,
1974-05-25,,
1974-05-26,,
1974-05-27,,
1974-05-28,,
1974-05-29,,
1974-05-30,,
1974-05-31,,
1974-06-01,,
1974-06-02,,
1974-06-03,,
1974-06-04,,
1974-06-05,,
1974-06-06,,
1974-06-07,,
1974-06-08,,
1974-06-09,,
1974-06-10,,
1974-06-11,,
1974-06-12,,
1974-06-13,,
1974-06-14,,
1974-06-15,,
1974-06-16,,
1974-06-17,,
1974-06-18,,
1974-06-19,,
1974-06-20,,
1974-06-21,,
1974-06-22,,
1974-06-23,,
1974-06-24,,
1974-06-25,,
1974-06-26,,
1974-06-27,,
1974-06-28,,
1974-06-29,,
1974-06-30,,
1974-07-01,,
1974-07-02,,
1974-07-03,,
1974-07-04,,
1974-07-05,,
1974-07-06,,
1974-07-07,,
1974-07-08,,
1974-07-09,,
1974-07-10,,
1974-07-11,,
1974-07-12,,
1974-07-13,,
1974-07-14,,
1974-07-15,,
1974-07-16,,
1974-07-17,,
1974-07-18,,
1974-07-19,,
1974-07-20,,
1974-07-21,,
1974-07-22,,
1974-07-23,,
1974-07-24,,
1974-07-25,,
1974-07-26,,
1974-07-27,,
1974-07-28,,
1974-07-29,,
1974-07-30,,
1974-07-31,,
1974-08-01,,
1974-08-02,,
1974-08-03,,
1974-08-04,,
1974-08-05,,
1974-08-06,,
1974-08-07,,
1974-08-08,,
1974-08-09,,
1974-08-10,,
1974-08-11,,
1974-08-12,,
1974-08-13,,
1974-08-14,,
1974-08-15,,
1974-08-16,,
1974-08-17,,
1974-08-18,,
1974-08-19,,
1974-08-20,,
1974-08-21,,
1974-08-22,,
1974-08-23,,
1974-08-24,,
1974-08-25,,
1974-08-26,,
1974-08-27,,
1974-08-28,,
1974-08-29,,
1974-08-30,,
1974-08-31,,
1974-09-01,,
1974-09-02,,
1974-09-03,,
1974-09-04,,
1974-09-05,,
1974-09-06,,
1974-09-07,,
1974-09-08,,
1974-09-09,,
1974-09-10,,
1974-09-11,,
1974-09-12,,
1974-09-13,,
1974-09-14,,
1974-09-15,,
1974-09-16,,
1974-09-17,,
1974-09-18,,
1974-09-19,,
1974-09-20,,
1974-09-21,,
1974-09-22,,
1974-09-23,,
1974-09-24,,
1974-09-25,,
1974-09-26,,
1974-09-27,,
1974-09-28,,
1974-09-29,,
1974-09-30,,
1974-10-01,,
1974-10-02,,
1974-10-03,,
1974-10-04,,
1974-10-05,,
1974-10-06,,
1974-10-07,,
1974-10-08,,
1974-10-09,,
1974-10-10,,
1974-10-11,,
1974-10-12,,
1974-10-13,,
1974-10-14,,
1974-10-15,,
1974-10-16,,
1974-10-17,,
1974-10-18,,
1974-10-19,,
1974-10-20,,
1974-10-21,,
1974-10-22,,
1974-10-23,,
1974-10-24,,
1974-10-25,,
1974-10-26,,
1974-10-27,0.0,
1974-10-28,1.27,
1974-10-29,5.08,
1974-10-30,5.588,
1974-10-31,6.35,
1974-11-01,6.858,
1974-11-02,7.112,
1974-11-03,7.112,
1974-11-04,7.112,
1974-11-05,7.112,
1974-11-06,7.112,
1974-11-07,7.112,
1974-11-08,7.366,
1974-11-09,7.366,
1974-11-10,7.366,
1974-11-11,7.366,
1974-11-12,7.366,
1974-11-13,7.366,
1974-11-14,7.366,
1974-11-15,7.112,
1974-11-16,7.112,
1974-11-17,7.366,
1974-11-18,7.366,
1974-11-19,7.112,
1974-11-20,7.366,
1974-11-21,7.366,
1974-11-22,11.176,
1974-11-23,11.176,
1974-11-24,11.176,
1974-11-25,11.43,
1974-11-26,11.43,
1974-11-27,11.43,
1974-11-28,11.43,
1974-11-29,11.43,
1974-11-30,11.43,
1974-12-01,11.43,
1974-12-02,11.43,
1974-12-03,11.684,
1974-12-04,20.828,
1974-12-05,22.352,
1974-12-06,22.606,
1974-12-07,22.606,
1974-12-08,22.86,
1974-12-09,22.86,
1974-12-10,22.86,
1974-12-11,22.86,
1974-12-12,22.86,
1974-12-13,22.86,
1974-12-14,22.606,
1974-12-15,22.86,
1974-12-16,22.86,
1974-12-17,22.86,
1974-12-18,22.86,
1974-12-19,22.86,
1974-12-20,22.86,
1974-12-21,22.86,
1974-12-22,22.86,
1974-12-23,22.86,
1974-12-24,22.86,
1974-12-25,22.86,
1974-12-26,22.86,
1974-12-27,22.86,
1974-12-28,24.638,
1974-12-29,25.654,
1974-12-30,25.654,
1974-12-31,26.162,
1975-01-01,26.162,
1975-01-02,26.162,
1975-01-03,26.162,
1975-01-04,26.162,
1975-01-05,26.162,
1975-01-06,26.67,
1975-01-07,27.178,
1975-01-08,30.988,
1975-01-09,35.306,
1975-01-10,35.306,
1975-01-11,35.306,
1975-01-12,35.306,
1975-01-13,35.306,
1975-01-14,35.306,
1975-01-15,35.306,
1975-01-16,35.306,
1975-01-17,35.306,
1975-01-18,35.306,
1975-01-19,35.306,
1975-01-20,35.306,
1975-01-21,35.306,
1975-01-22,35.306,
1975-01-23,35.306,
1975-01-24,35.306,
1975-01-25,35.306,
1975-01-26,35.306,
1975-01-27,35.052,
1975-01-28,35.306,
1975-01-29,35.56,
1975-01-30,35.56,
1975-01-31,35.814,
1975-02-01,37.846,
1975-02-02,42.926,
1975-02-03,47.498,
1975-02-04,48.26,
1975-02-05,51.308,
1975-02-06,51.562,
1975-02-07,51.816,
1975-02-08,52.324,
1975-02-09,55.626,
1975-02-10,61.214,
1975-02-11,62.23,
1975-02-12,62.23,
1975-02-13,62.738,
1975-02-14,65.278,
1975-02-15,65.278,
1975-02-16,65.278,
1975-02-17,65.532,
1975-02-18,65.532,
1975-02-19,65.786,
1975-02-20,66.548,
1975-02-21,66.548,
1975-02-22,66.294,
1975-02-23,66.294,
1975-02-24,66.548,
1975-02-25,66.548,
1975-02-26,66.548,
1975-02-27,66.294,
1975-02-28,66.548,
1975-03-01,66.294,
1975-03-02,66.294,
1975-03-03,65.786,
1975-03-04,65.786,
1975-03-05,65.786,
1975-03-06,70.104,
1975-03-07,71.882,
1975-03-08,77.724,
1975-03-09,78.74,
1975-03-10,80.01,
1975-03-11,81.28,
1975-03-12,81.28,
1975-03-13,81.28,
1975-03-14,83.82,
1975-03-15,83.82,
1975-03-16,85.344,
1975-03-17,85.852,
1975-03-18,85.852,
1975-03-19,86.106,
1975-03-20,85.852,
1975-03-21,85.852,
1975-03-22,93.472,
1975-03-23,93.726,
1975-03-24,93.98,
1975-03-25,98.044,
1975-03-26,99.314,
1975-03-27,99.06,
1975-03-28,99.314,
1975-03-29,100.076,
1975-03-30,99.314,
1975-03-31,99.314,
1975-04-01,100.076,
1975-04-02,99.822,
1975-04-03,100.076,
1975-04-04,100.076,
1975-04-05,102.87,
1975-04-06,108.204,
1975-04-07,108.458,
1975-04-08,108.966,
1975-04-09,108.712,
1975-04-10,108.966,
1975-04-11,108.712,
1975-04-12,108.712,
1975-04-13,108.966,
1975-04-14,109.22,
1975-04-15,112.268,
1975-04-16,113.284,
1975-04-17,114.3,
1975-04-18,111.76,
1975-04-19,114.3,
1975-04-20,114.3,
1975-04-21,114.3,
1975-04-22,113.792,
1975-04-23,113.284,
1975-04-24,113.284,
1975-04-25,116.84,
1975-04-26,116.84,
1975-04-27,115.062,
1975-04-28,115.316,
1975-04-29,115.062,
1975-04-30,114.808,
1975-05-01,114.3,
1975-05-02,114.046,
1975-05-03,113.792,
1975-05-04,113.792,
1975-05-05,113.284,
1975-05-06,113.792,
1975-05-07,113.792,
1975-05-08,113.284,
1975-05-09,102.87,
1975-05-10,99.06,
1975-05-11,96.774,
1975-05-12,94.996,
1975-05-13,93.472,
1975-05-14,91.948,
1975-05-15,91.694,
1975-05-16,90.932,
1975-05-17,90.17,
1975-05-18,89.154,
1975-05-19,87.376,
1975-05-20,86.614,
1975-05-21,86.868,
1975-05-22,87.376,
1975-05-23,85.344,
1975-05-24,84.074,
1975-05-25,84.074,
1975-05-26,82.804,
1975-05-27,80.772,
1975-05-28,78.74,
1975-05-29,76.708,
1975-05-30,74.676,
1975-05-31,71.882,
1975-06-01,69.85,
1975-06-02,65.278,
1975-06-03,61.976,
1975-06-04,58.674,
1975-06-05,54.102,
1975-06-06,49.784,
1975-06-07,45.466,
1975-06-08,40.64,
1975-06-09,36.068,
1975-06-10,31.496,
1975-06-11,26.67,
1975-06-12,21.844,
1975-06-13,18.796,
1975-06-14,13.716,
1975-06-15,9.652,
1975-06-16,7.62,
1975-06-17,3.81,
1975-06-18,0.0,
1975-06-19,,
1975-06-20,,
1975-06-21,,
1975-06-22,,
1975-06-23,,
1975-06-24,,
1975-06-25,,
1975-06-26,,
1975-06-27,,
1975-06-28,,
1975-06-29,,
1975-06-30,,
1975-07-01,,
1975-07-02,,
1975-07-03,,
1975-07-04,,
1975-07-05,,
1975-07-06,,
1975-07-07,,
1975-07-08,,
1975-07-09,,
1975-07-10,,
1975-07-11,,
1975-07-12,,
1975-07-13,,
1975-07-14,,
1975-07-15,,
1975-07-16,,
1975-07-17,,
1975-07-18,,
1975-07-19,,
1975-07-20,,
1975-07-21,,
1975-07-22,,
1975-07-23,,
1975-07-24,,
1975-07-25,,
1975-07-26,,
1975-07-27,,
1975-07-28,,
1975-07-29,,
1975-07-30,,
1975-07-31,,
1975-08-01,,
1975-08-02,,
1975-08-03,,
1975-08-04,,
1975-08-05,,
1975-08-06,,
1975-08-07,,
1975-08-08,,
1975-08-09,,
1975-08-10,,
1975-08-11,,
1975-08-12,,
1975-08-13,,
1975-08-14,,
1975-08-15,,
1975-08-16,,
1975-08-17,,
1975-08-18,,
1975-08-19,,
1975-08-20,,
1975-08-21,,
1975-08-22,,
1975-08-23,,
1975-08-24,,
1975-08-25,,
1975-08-26,,
1975-08-27,,
1975-08-28,,
1975-08-29,,
1975-08-30,,
1975-08-31,,
1975-09-01,,
1975-09-02,,
1975-09-03,,
1975-09-04,,
1975-09-05,,
1975-09-06,,
1975-09-07,,
1975-09-08,,
1975-09-09,,
1975-09-10,,
1975-09-11,,
1975-09-12,,
1975-09-13,,
1975-09-14,,
1975-09-15,,
1975-09-16,,
1975-09-17,,
1975-09-18,,
1975-09-19,,
1975-09-20,,
1975-09-21,,
1975-09-22,,
1975-09-23,,
1975-09-24,,
1975-09-25,,
1975-09-26,,
1975-09-27,,
1975-09-28,,
1975-09-29,,
1975-09-30,,
1975-10-01,,
1975-10-02,,
1975-10-03,,
1975-10-04,,
1975-10-05,,
1975-10-06,,
1975-10-07,,
1975-10-08,,
1975-10-09,,
1975-10-10,,
1975-10-11,,
1975-10-12,,
1975-10-13,,
1975-10-14,,
1975-10-15,,
1975-10-16,,
1975-10-17,,
1975-10-18,,
1975-10-19,,
1975-10-20,,
1975-10-21,,
1975-10-22,,
1975-10-23,,
1975-10-24,,
1975-10-25,,
1975-10-26,,
1975-10-27,,
1975-10-28,,
1975-10-29,0.0,
1975-10-30,1.016,
1975-10-31,3.556,
1975-11-01,3.556,
1975-11-02,3.302,
1975-11-03,3.048,
1975-11-04,2.54,
1975-11-05,2.54,
1975-11-06,2.54,
1975-11-07,2.286,
1975-11-08,2.032,
1975-11-09,3.556,
1975-11-10,2.286,
1975-11-11,2.54,
1975-11-12,2.54,
1975-11-13,3.556,
1975-11-14,3.556,
1975-11-15,3.556,
1975-11-16,3.556,
1975-11-17,3.556,
1975-11-18,3.556,
1975-11-19,3.556,
1975-11-20,3.556,
1975-11-21,4.826,
1975-11-22,4.572,
1975-11-23,4.572,
1975-11-24,4.572,
1975-11-25,4.572,
1975-11-26,4.572,
1975-11-27,4.572,
1975-11-28,5.334,
1975-11-29,6.096,
1975-11-30,6.096,
1975-12-01,6.096,
1975-12-02,6.096,
1975-12-03,7.112,
1975-12-04,7.112,
1975-12-05,7.874,
1975-12-06,7.874,
1975-12-07,7.874,
1975-12-08,7.874,
1975-12-09,7.874,
1975-12-10,7.874,
1975-12-11,7.874,
1975-12-12,7.874,
1975-12-13,7.874,
1975-12-14,7.874,
1975-12-15,7.874,
1975-12-16,7.874,
1975-12-17,8.128,
1975-12-18,8.128,
1975-12-19,8.128,
1975-12-20,8.128,
1975-12-21,8.128,
1975-12-22,8.128,
1975-12-23,8.128,
1975-12-24,8.128,
1975-12-25,8.128,
1975-12-26,8.128,
1975-12-27,8.128,
1975-12-28,8.382,
1975-12-29,8.382,
1975-12-30,8.636,
1975-12-31,9.144,
1976-01-01,9.398,
1976-01-02,9.144,
1976-01-03,8.382,
1976-01-04,8.128,
1976-01-05,8.128,
1976-01-06,8.636,
1976-01-07,8.636,
1976-01-08,8.89,
1976-01-09,8.89,
1976-01-10,9.906,
1976-01-11,9.906,
1976-01-12,9.906,
1976-01-13,9.906,
1976-01-14,9.906,
1976-01-15,9.906,
1976-01-16,9.906,
1976-01-17,9.906,
1976-01-18,9.906,
1976-01-19,10.16,
1976-01-20,10.16,
1976-01-21,10.16,
1976-01-22,10.16,
1976-01-23,10.16,
1976-01-24,10.16,
1976-01-25,10.16,
1976-01-26,10.16,
1976-01-27,10.16,
1976-01-28,10.16,
1976-01-29,10.16,
1976-01-30,10.16,
1976-01-31,10.16,
1976-02-01,10.16,
1976-02-02,10.16,
1976-02-03,10.16,
1976-02-04,10.16,
1976-02-05,13.97,
1976-02-06,14.732,
1976-02-07,16.002,
1976-02-08,16.51,
1976-02-09,17.526,
1976-02-10,20.066,
1976-02-11,20.32,
1976-02-12,20.574,
1976-02-13,20.574,
1976-02-14,21.082,
1976-02-15,21.844,
1976-02-16,22.098,
1976-02-17,23.114,
1976-02-18,23.114,
1976-02-19,23.114,
1976-02-20,25.146,
1976-02-21,25.146,
1976-02-22,25.146,
1976-02-23,25.146,
1976-02-24,25.146,
1976-02-25,25.146,
1976-02-26,25.146,
1976-02-27,25.146,
1976-02-28,25.146,
1976-02-29,25.146,
1976-03-01,30.734,
1976-03-02,32.766,
1976-03-03,35.306,
1976-03-04,35.306,
1976-03-05,35.306,
1976-03-06,35.306,
1976-03-07,35.306,
1976-03-08,35.56,
1976-03-09,35.56,
1976-03-10,35.56,
1976-03-11,35.56,
1976-03-12,35.56,
1976-03-13,35.56,
1976-03-14,35.56,
1976-03-15,35.56,
1976-03-16,35.814,
1976-03-17,36.322,
1976-03-18,36.576,
1976-03-19,37.338,
1976-03-20,37.338,
1976-03-21,37.338,
1976-03-22,37.338,
1976-03-23,37.592,
1976-03-24,37.338,
1976-03-25,37.338,
1976-03-26,37.084,
1976-03-27,37.084,
1976-03-28,36.83,
1976-03-29,36.83,
1976-03-30,36.576,
1976-03-31,36.576,
1976-04-01,36.576,
1976-04-02,36.576,
1976-04-03,36.576,
1976-04-04,36.576,
1976-04-05,36.576,
1976-04-06,36.576,
1976-04-07,36.83,
1976-04-08,36.83,
1976-04-09,37.338,
1976-04-10,37.846,
1976-04-11,37.592,
1976-04-12,38.354,
1976-04-13,38.862,
1976-04-14,39.37,
1976-04-15,39.624,
1976-04-16,40.894,
1976-04-17,40.894,
1976-04-18,41.148,
1976-04-19,41.148,
1976-04-20,41.148,
1976-04-21,40.386,
1976-04-22,40.132,
1976-04-23,39.624,
1976-04-24,37.338,
1976-04-25,36.068,
1976-04-26,35.306,
1976-04-27,34.544,
1976-04-28,33.782,
1976-04-29,32.766,
1976-04-30,31.242,
1976-05-01,29.464,
1976-05-02,27.432,
1976-05-03,25.4,
1976-05-04,23.114,
1976-05-05,22.352,
1976-05-06,21.59,
1976-05-07,22.098,
1976-05-08,21.844,
1976-05-09,22.352,
1976-05-10,23.114,
1976-05-11,22.606,
1976-05-12,20.574,
1976-05-13,15.748,
1976-05-14,12.446,
1976-05-15,8.128,
1976-05-16,6.604,
1976-05-17,5.334,
1976-05-18,4.572,
1976-05-19,2.54,
1976-05-20,0.0,
1976-05-21,,
1976-05-22,,
1976-05-23,,
1976-05-24,,
1976-05-25,,
1976-05-26,,
1976-05-27,,
1976-05-28,,
1976-05-29,,
1976-05-30,,
1976-05-31,,
1976-06-01,,
1976-06-02,,
1976-06-03,,
1976-06-04,,
1976-06-05,,
1976-06-06,,
1976-06-07,,
1976-06-08,,
1976-06-09,,
1976-06-10,,
1976-06-11,,
1976-06-12,,
1976-06-13,,
1976-06-14,,
1976-06-15,,
1976-06-16,,
1976-06-17,,
1976-06-18,,
1976-06-19,,
1976-06-20,,
1976-06-21,,
1976-06-22,,
1976-06-23,,
1976-06-24,,
1976-06-25,,
1976-06-26,,
1976-06-27,,
1976-06-28,,
1976-06-29,,
1976-06-30,,
1976-07-01,,
1976-07-02,,
1976-07-03,,
1976-07-04,,
1976-07-05,,
1976-07-06,,
1976-07-07,,
1976-07-08,,
1976-07-09,,
1976-07-10,,
1976-07-11,,
1976-07-12,,
1976-07-13,,
1976-07-14,,
1976-07-15,,
1976-07-16,,
1976-07-17,,
1976-07-18,,
1976-07-19,,
1976-07-20,,
1976-07-21,,
1976-07-22,,
1976-07-23,,
1976-07-24,,
1976-07-25,,
1976-07-26,,
1976-07-27,,
1976-07-28,,
1976-07-29,,
1976-07-30,,
1976-07-31,,
1976-08-01,,
1976-08-02,,
1976-08-03,,
1976-08-04,,
1976-08-05,,
1976-08-06,,
1976-08-07,,
1976-08-08,,
1976-08-09,,
1976-08-10,,
1976-08-11,,
1976-08-12,,
1976-08-13,,
1976-08-14,,
1976-08-15,,
1976-08-16,,
1976-08-17,,
1976-08-18,,
1976-08-19,,
1976-08-20,,
1976-08-21,,
1976-08-22,,
1976-08-23,,
1976-08-24,,
1976-08-25,,
1976-08-26,,
1976-08-27,,
1976-08-28,,
1976-08-29,,
1976-08-30,,
1976-08-31,,
1976-09-01,,
1976-09-02,,
1976-09-03,,
1976-09-04,,
1976-09-05,,
1976-09-06,,
1976-09-07,,
1976-09-08,,
1976-09-09,,
1976-09-10,,
1976-09-11,,
1976-09-12,,
1976-09-13,,
1976-09-14,,
1976-09-15,,
1976-09-16,,
1976-09-17,,
1976-09-18,,
1976-09-19,,
1976-09-20,,
1976-09-21,,
1976-09-22,,
1976-09-23,,
1976-09-24,,
1976-09-25,,
1976-09-26,,
1976-09-27,,
1976-09-28,,
1976-09-29,,
1976-09-30,,
1976-10-01,,
1976-10-02,,
1976-10-03,,
1976-10-04,,
1976-10-05,,
1976-10-06,,
1976-10-07,,
1976-10-08,,
1976-10-09,,
1976-10-10,,
1976-10-11,,
1976-10-12,,
1976-10-13,,
1976-10-14,,
1976-10-15,,
1976-10-16,,
1976-10-17,,
1976-10-18,,
1976-10-19,,
1976-10-20,,
1976-10-21,,
1976-10-22,,
1976-10-23,,
1976-10-24,,
1976-10-25,,
1976-10-26,,
1976-10-27,,
1976-10-28,,
1976-10-29,,
1976-10-30,,
1976-10-31,,
1976-11-01,,
1976-11-02,,
1976-11-03,,
1976-11-04,,
1976-11-05,,
1976-11-06,,
1976-11-07,,
1976-11-08,,
1976-11-09,,
1976-11-10,,
1976-11-11,,
1976-11-12,,
1976-11-13,,
1976-11-14,,
1976-11-15,,
1976-11-16,,
1976-11-17,,
1976-11-18,,
1976-11-19,,
1976-11-20,,
1976-11-21,,
1976-11-22,,
1976-11-23,,
1976-11-24,,
1976-11-25,,
1976-11-26,,
1976-11-27,,
1976-11-28,,
1976-11-29,,
1976-11-30,,
1976-12-01,,
1976-12-02,,
1976-12-03,,
1976-12-04,,
1976-12-05,,
1976-12-06,,
1976-12-07,,
1976-12-08,,
1976-12-09,,
1976-12-10,,
1976-12-11,,
1976-12-12,,
1976-12-13,,
1976-12-14,,
1976-12-15,,
1976-12-16,,
1976-12-17,,
1976-12-18,,
1976-12-19,,
1976-12-20,,
1976-12-21,,
1976-12-22,,
1976-12-23,,
1976-12-24,,
1976-12-25,,
1976-12-26,,
1976-12-27,,
1976-12-28,,
1976-12-29,,
1976-12-30,0.0,
1976-12-31,0.508,
1977-01-01,2.54,
1977-01-02,3.556,
1977-01-03,10.16,
1977-01-04,10.414,
1977-01-05,10.414,
1977-01-06,10.414,
1977-01-07,10.414,
1977-01-08,10.414,
1977-01-09,10.414,
1977-01-10,10.414,
1977-01-11,10.414,
1977-01-12,10.414,
1977-01-13,10.414,
1977-01-14,10.414,
1977-01-15,10.414,
1977-01-16,10.414,
1977-01-17,10.414,
1977-01-18,10.414,
1977-01-19,10.414,
1977-01-20,10.414,
1977-01-21,10.414,
1977-01-22,10.922,
1977-01-23,11.176,
1977-01-24,11.176,
1977-01-25,11.176,
1977-01-26,11.176,
1977-01-27,11.176,
1977-01-28,11.176,
1977-01-29,11.176,
1977-01-30,11.176,
1977-01-31,11.176,
1977-02-01,11.176,
1977-02-02,11.176,
1977-02-03,11.176,
1977-02-04,11.176,
1977-02-05,11.176,
1977-02-06,11.176,
1977-02-07,11.176,
1977-02-08,11.176,
1977-02-09,11.43,
1977-02-10,11.43,
1977-02-11,11.43,
1977-02-12,11.43,
1977-02-13,11.43,
1977-02-14,11.43,
1977-02-15,11.43,
1977-02-16,11.43,
1977-02-17,11.43,
1977-02-18,11.43,
1977-02-19,11.43,
1977-02-20,11.43,
1977-02-21,11.43,
1977-02-22,17.78,
1977-02-23,18.288,
1977-02-24,20.574,
1977-02-25,20.828,
1977-02-26,20.828,
1977-02-27,20.828,
1977-02-28,20.828,
1977-03-01,20.828,
1977-03-02,20.828,
1977-03-03,20.828,
1977-03-04,21.082,
1977-03-05,21.082,
1977-03-06,21.082,
1977-03-07,21.082,
1977-03-08,21.082,
1977-03-09,21.082,
1977-03-10,21.082,
1977-03-11,21.082,
1977-03-12,25.146,
1977-03-13,24.13,
1977-03-14,24.384,
1977-03-15,24.638,
1977-03-16,24.384,
1977-03-17,25.146,
1977-03-18,25.146,
1977-03-19,25.4,
1977-03-20,25.4,
1977-03-21,25.4,
1977-03-22,25.4,
1977-03-23,25.4,
1977-03-24,26.924,
1977-03-25,27.178,
1977-03-26,27.178,
1977-03-27,27.178,
1977-03-28,27.178,
1977-03-29,27.686,
1977-03-30,27.686,
1977-03-31,28.702,
1977-04-01,28.956,
1977-04-02,28.956,
1977-04-03,28.956,
1977-04-04,28.956,
1977-04-05,28.956,
1977-04-06,28.956,
1977-04-07,28.448,
1977-04-08,27.686,
1977-04-09,26.162,
1977-04-10,25.146,
1977-04-11,25.146,
1977-04-12,24.638,
1977-04-13,24.13,
1977-04-14,22.86,
1977-04-15,22.606,
1977-04-16,21.59,
1977-04-17,17.78,
1977-04-18,18.796,
1977-04-19,17.272,
1977-04-20,16.764,
1977-04-21,15.494,
1977-04-22,13.97,
1977-04-23,12.7,
1977-04-24,11.43,
1977-04-25,9.906,
1977-04-26,8.382,
1977-04-27,6.096,
1977-04-28,3.81,
1977-04-29,3.302,
1977-04-30,0.0,
1977-05-01,,
1977-05-02,,
1977-05-03,,
1977-05-04,,
1977-05-05,,
1977-05-06,,
1977-05-07,,
1977-05-08,,
1977-05-09,,
1977-05-10,,
1977-05-11,,
1977-05-12,,
1977-05-13,,
1977-05-14,,
1977-05-15,,
1977-05-16,,
1977-05-17,,
1977-05-18,,
1977-05-19,,
1977-05-20,,
1977-05-21,,
1977-05-22,,
1977-05-23,,
1977-05-24,,
1977-05-25,,
1977-05-26,,
1977-05-27,,
1977-05-28,,
1977-05-29,,
1977-05-30,,
1977-05-31,,
1977-06-01,,
1977-06-02,,
1977-06-03,,
1977-06-04,,
1977-06-05,,
1977-06-06,,
1977-06-07,,
1977-06-08,,
1977-06-09,,
1977-06-10,,
1977-06-11,,
1977-06-12,,
1977-06-13,,
1977-06-14,,
1977-06-15,,
1977-06-16,,
1977-06-17,,
1977-06-18,,
1977-06-19,,
1977-06-20,,
1977-06-21,,
1977-06-22,,
1977-06-23,,
1977-06-24,,
1977-06-25,,
1977-06-26,,
1977-06-27,,
1977-06-28,,
1977-06-29,,
1977-06-30,,
1977-07-01,,
1977-07-02,,
1977-07-03,,
1977-07-04,,
1977-07-05,,
1977-07-06,,
1977-07-07,,
1977-07-08,,
1977-07-09,,
1977-07-10,,
1977-07-11,,
1977-07-12,,
1977-07-13,,
1977-07-14,,
1977-07-15,,
1977-07-16,,
1977-07-17,,
1977-07-18,,
1977-07-19,,
1977-07-20,,
1977-07-21,,
1977-07-22,,
1977-07-23,,
1977-07-24,,
1977-07-25,,
1977-07-26,,
1977-07-27,,
1977-07-28,,
1977-07-29,,
1977-07-30,,
1977-07-31,,
1977-08-01,,
1977-08-02,,
1977-08-03,,
1977-08-04,,
1977-08-05,,
1977-08-06,,
1977-08-07,,
1977-08-08,,
1977-08-09,,
1977-08-10,,
1977-08-11,,
1977-08-12,,
1977-08-13,,
1977-08-14,,
1977-08-15,,
1977-08-16,,
1977-08-17,,
1977-08-18,,
1977-08-19,,
1977-08-20,,
1977-08-21,,
1977-08-22,,
1977-08-23,,
1977-08-24,,
1977-08-25,,
1977-08-26,,
1977-08-27,,
1977-08-28,,
1977-08-29,,
1977-08-30,,
1977-08-31,,
1977-09-01,,
1977-09-02,,
1977-09-03,,
1977-09-04,,
1977-09-05,,
1977-09-06,,
1977-09-07,,
1977-09-08,,
1977-09-09,,
1977-09-10,,
1977-09-11,,
1977-09-12,,
1977-09-13,,
1977-09-14,,
1977-09-15,,
1977-09-16,,
1977-09-17,,
1977-09-18,,
1977-09-19,,
1977-09-20,,
1977-09-21,,
1977-09-22,,
1977-09-23,,
1977-09-24,,
1977-09-25,,
1977-09-26,,
1977-09-27,,
1977-09-28,,
1977-09-29,,
1977-09-30,,
1977-10-01,,
1977-10-02,,
1977-10-03,,
1977-10-04,,
1977-10-05,,
1977-10-06,,
1977-10-07,,
1977-10-08,,
1977-10-09,,
1977-10-10,,
1977-10-11,,
1977-10-12,,
1977-10-13,,
1977-10-14,,
1977-10-15,,
1977-10-16,,
1977-10-17,,
1977-10-18,,
1977-10-19,,
1977-10-20,,
1977-10-21,,
1977-10-22,,
1977-10-23,,
1977-10-24,,
1977-10-25,,
1977-10-26,,
1977-10-27,,
1977-10-28,,
1977-10-29,,
1977-10-30,,
1977-10-31,,
1977-11-01,,
1977-11-02,,
1977-11-03,,
1977-11-04,0.0,
1977-11-05,1.016,
1977-11-06,2.286,
1977-11-07,2.286,
1977-11-08,2.286,
1977-11-09,2.286,
1977-11-10,2.286,
1977-11-11,2.286,
1977-11-12,2.286,
1977-11-13,2.286,
1977-11-14,2.286,
1977-11-15,2.286,
1977-11-16,2.286,
1977-11-17,2.286,
1977-11-18,2.286,
1977-11-19,2.286,
1977-11-20,2.54,
1977-11-21,2.794,
1977-11-22,10.414,
1977-11-23,10.668,
1977-11-24,10.668,
1977-11-25,10.922,
1977-11-26,11.176,
1977-11-27,11.176,
1977-11-28,11.176,
1977-11-29,11.43,
1977-11-30,11.684,
1977-12-01,11.684,
1977-12-02,11.684,
1977-12-03,11.684,
1977-12-04,11.684,
1977-12-05,11.684,
1977-12-06,11.684,
1977-12-07,11.684,
1977-12-08,11.684,
1977-12-09,11.684,
1977-12-10,11.684,
1977-12-11,11.684,
1977-12-12,11.684,
1977-12-13,11.684,
1977-12-14,11.684,
1977-12-15,16.256,
1977-12-16,16.256,
1977-12-17,21.59,
1977-12-18,30.988,
1977-12-19,32.004,
1977-12-20,32.512,
1977-12-21,32.766,
1977-12-22,32.766,
1977-12-23,44.196,
1977-12-24,47.244,
1977-12-25,47.244,
1977-12-26,47.244,
1977-12-27,47.244,
1977-12-28,49.784,
1977-12-29,57.912,
1977-12-30,57.912,
1977-12-31,57.912,
1978-01-01,57.912,
1978-01-02,57.912,
1978-01-03,57.912,
1978-01-04,57.912,
1978-01-05,57.912,
1978-01-06,66.548,
1978-01-07,66.548,
1978-01-08,66.548,
1978-01-09,66.802,
1978-01-10,72.136,
1978-01-11,71.628,
1978-01-12,71.628,
1978-01-13,72.136,
1978-01-14,73.66,
1978-01-15,82.296,
1978-01-16,83.312,
1978-01-17,94.742,
1978-01-18,95.758,
1978-01-19,98.298,
1978-01-20,98.552,
1978-01-21,98.552,
1978-01-22,98.552,
1978-01-23,98.298,
1978-01-24,98.298,
1978-01-25,98.044,
1978-01-26,98.044,
1978-01-27,98.806,
1978-01-28,97.536,
1978-01-29,97.282,
1978-01-30,97.282,
1978-01-31,97.536,
1978-02-01,97.028,
1978-02-02,97.028,
1978-02-03,96.774,
1978-02-04,96.774,
1978-02-05,97.282,
1978-02-06,101.854,
1978-02-07,104.902,
1978-02-08,102.362,
1978-02-09,116.078,
1978-02-10,123.19,
1978-02-11,125.476,
1978-02-12,125.222,
1978-02-13,131.064,
1978-02-14,132.08,
1978-02-15,132.08,
1978-02-16,131.826,
1978-02-17,131.572,
1978-02-18,131.572,
1978-02-19,131.318,
1978-02-20,131.064,
1978-02-21,130.81,
1978-02-22,131.064,
1978-02-23,130.556,
1978-02-24,130.556,
1978-02-25,130.302,
1978-02-26,130.556,
1978-02-27,130.81,
1978-02-28,130.302,
1978-03-01,132.08,
1978-03-02,134.62,
1978-03-03,140.462,
1978-03-04,144.018,
1978-03-05,153.162,
1978-03-06,154.178,
1978-03-07,154.686,
1978-03-08,154.686,
1978-03-09,155.194,
1978-03-10,155.702,
1978-03-11,156.718,
1978-03-12,157.734,
1978-03-13,158.496,
1978-03-14,158.496,
1978-03-15,157.988,
1978-03-16,157.988,
1978-03-17,158.242,
1978-03-18,158.242,
1978-03-19,157.988,
1978-03-20,158.242,
1978-03-21,158.242,
1978-03-22,160.528,
1978-03-23,160.782,
1978-03-24,161.036,
1978-03-25,160.782,
1978-03-26,161.036,
1978-03-27,161.036,
1978-03-28,160.782,
1978-03-29,160.02,
1978-03-30,159.258,
1978-03-31,159.766,
1978-04-01,160.528,
1978-04-02,162.56,
1978-04-03,163.068,
1978-04-04,163.576,
1978-04-05,163.576,
1978-04-06,164.084,
1978-04-07,167.132,
1978-04-08,170.434,
1978-04-09,170.942,
1978-04-10,170.942,
1978-04-11,170.942,
1978-04-12,170.942,
1978-04-13,170.942,
1978-04-14,170.942,
1978-04-15,170.942,
1978-04-16,170.942,
1978-04-17,170.942,
1978-04-18,171.196,
1978-04-19,171.196,
1978-04-20,171.196,
1978-04-21,171.196,
1978-04-22,171.196,
1978-04-23,171.196,
1978-04-24,171.196,
1978-04-25,171.196,
1978-04-26,173.482,
1978-04-27,173.99,
1978-04-28,175.006,
1978-04-29,173.228,
1978-04-30,171.958,
1978-05-01,171.704,
1978-05-02,171.45,
1978-05-03,170.688,
1978-05-04,169.672,
1978-05-05,168.91,
1978-05-06,168.148,
1978-05-07,167.386,
1978-05-08,166.37,
1978-05-09,165.608,
1978-05-10,164.846,
1978-05-11,163.83,
1978-05-12,163.068,
1978-05-13,162.306,
1978-05-14,161.544,
1978-05-15,160.528,
1978-05-16,159.766,
1978-05-17,159.258,
1978-05-18,156.718,
1978-05-19,155.448,
1978-05-20,154.432,
1978-05-21,153.924,
1978-05-22,151.892,
1978-05-23,151.638,
1978-05-24,151.384,
1978-05-25,151.13,
1978-05-26,150.876,
1978-05-27,147.574,
1978-05-28,146.05,
1978-05-29,145.796,
1978-05-30,144.526,
1978-05-31,141.986,
1978-06-01,139.7,
1978-06-02,137.668,
1978-06-03,134.874,
1978-06-04,131.572,
1978-06-05,128.778,
1978-06-06,125.476,
1978-06-07,122.428,
1978-06-08,118.618,
1978-06-09,114.554,
1978-06-10,109.982,
1978-06-11,106.172,
1978-06-12,103.124,
1978-06-13,98.298,
1978-06-14,93.98,
1978-06-15,90.17,
1978-06-16,86.614,
1978-06-17,82.804,
1978-06-18,78.232,
1978-06-19,74.168,
1978-06-20,70.358,
1978-06-21,66.04,
1978-06-22,61.722,
1978-06-23,57.912,
1978-06-24,54.102,
1978-06-25,49.276,
1978-06-26,45.974,
1978-06-27,43.688,
1978-06-28,40.894,
1978-06-29,38.1,
1978-06-30,33.528,
1978-07-01,28.956,
1978-07-02,23.876,
1978-07-03,18.542,
1978-07-04,14.224,
1978-07-05,9.652,
1978-07-06,4.572,
1978-07-07,1.27,
1978-07-08,0.254,
1978-07-09,0.0,
1978-07-10,,
1978-07-11,,
1978-07-12,,
1978-07-13,,
1978-07-14,,
1978-07-15,,
1978-07-16,,
1978-07-17,,
1978-07-18,,
1978-07-19,,
1978-07-20,,
1978-07-21,,
1978-07-22,,
1978-07-23,,
1978-07-24,,
1978-07-25,,
1978-07-26,,
1978-07-27,,
1978-07-28,,
1978-07-29,,
1978-07-30,,
1978-07-31,,
1978-08-01,,
1978-08-02,,
1978-08-03,,
1978-08-04,,
1978-08-05,,
1978-08-06,,
1978-08-07,,
1978-08-08,,
1978-08-09,,
1978-08-10,,
1978-08-11,,
1978-08-12,,
1978-08-13,,
1978-08-14,,
1978-08-15,,
1978-08-16,,
1978-08-17,,
1978-08-18,,
1978-08-19,,
1978-08-20,,
1978-08-21,,
1978-08-22,,
1978-08-23,,
1978-08-24,,
1978-08-25,,
1978-08-26,,
1978-08-27,,
1978-08-28,,
1978-08-29,,
1978-08-30,,
1978-08-31,,
1978-09-01,,
1978-09-02,,
1978-09-03,,
1978-09-04,,
1978-09-05,,
1978-09-06,,
1978-09-07,,
1978-09-08,,
1978-09-09,,
1978-09-10,,
1978-09-11,,
1978-09-12,,
1978-09-13,,
1978-09-14,,
1978-09-15,,
1978-09-16,,
1978-09-17,,
1978-09-18,,
1978-09-19,,
1978-09-20,,
1978-09-21,,
1978-09-22,,
1978-09-23,,
1978-09-24,,
1978-09-25,,
1978-09-26,,
1978-09-27,,
1978-09-28,,
1978-09-29,,
1978-09-30,,
1978-10-01,,
1978-10-02,,
1978-10-03,,
1978-10-04,,
1978-10-05,,
1978-10-06,,
1978-10-07,,
1978-10-08,,
1978-10-09,,
1978-10-10,,
1978-10-11,,
1978-10-12,,
1978-10-13,,
1978-10-14,,
1978-10-15,,
1978-10-16,,
1978-10-17,,
1978-10-18,,
1978-10-19,,
1978-10-20,,
1978-10-21,,
1978-10-22,,
1978-10-23,,
1978-10-24,,
1978-10-25,,
1978-10-26,,
1978-10-27,,
1978-10-28,,
1978-10-29,,
1978-10-30,,
1978-10-31,,
1978-11-01,,
1978-11-02,,
1978-11-03,,
1978-11-04,,
1978-11-05,,
1978-11-06,,
1978-11-07,,
1978-11-08,,
1978-11-09,,
1978-11-10,0.0,
1978-11-11,0.762,
1978-11-12,1.524,
1978-11-13,2.54,
1978-11-14,3.302,
1978-11-15,4.064,
1978-11-16,3.81,
1978-11-17,3.81,
1978-11-18,3.556,
1978-11-19,3.556,
1978-11-20,3.556,
1978-11-21,3.556,
1978-11-22,4.826,
1978-11-23,6.35,
1978-11-24,7.62,
1978-11-25,7.62,
1978-11-26,7.62,
1978-11-27,7.62,
1978-11-28,7.62,
1978-11-29,7.62,
1978-11-30,7.62,
1978-12-01,7.62,
1978-12-02,7.62,
1978-12-03,8.89,
1978-12-04,8.89,
1978-12-05,8.89,
1978-12-06,9.144,
1978-12-07,9.144,
1978-12-08,9.144,
1978-12-09,9.144,
1978-12-10,9.144,
1978-12-11,9.144,
1978-12-12,9.144,
1978-12-13,9.144,
1978-12-14,9.144,
1978-12-15,9.144,
1978-12-16,9.144,
1978-12-17,10.16,
1978-12-18,14.478,
1978-12-19,14.478,
1978-12-20,14.478,
1978-12-21,20.574,
1978-12-22,20.574,
1978-12-23,20.574,
1978-12-24,20.574,
1978-12-25,20.574,
1978-12-26,20.574,
1978-12-27,20.574,
1978-12-28,20.574,
1978-12-29,20.574,
1978-12-30,20.574,
1978-12-31,20.574,
1979-01-01,20.574,
1979-01-02,20.574,
1979-01-03,20.574,
1979-01-04,20.574,
1979-01-05,21.844,
1979-01-06,21.844,
1979-01-07,22.606,
1979-01-08,25.4,
1979-01-09,25.654,
1979-01-10,25.654,
1979-01-11,28.702,
1979-01-12,31.75,
1979-01-13,35.052,
1979-01-14,38.1,
1979-01-15,41.148,
1979-01-16,41.148,
1979-01-17,41.148,
1979-01-18,41.148,
1979-01-19,41.402,
1979-01-20,41.402,
1979-01-21,41.402,
1979-01-22,41.402,
1979-01-23,41.656,
1979-01-24,41.656,
1979-01-25,41.656,
1979-01-26,41.91,
1979-01-27,41.91,
1979-01-28,42.164,
1979-01-29,42.164,
1979-01-30,41.91,
1979-01-31,46.228,
1979-02-01,47.752,
1979-02-02,49.276,
1979-02-03,49.276,
1979-02-04,49.276,
1979-02-05,50.8,
1979-02-06,50.8,
1979-02-07,50.8,
1979-02-08,50.8,
1979-02-09,50.8,
1979-02-10,50.8,
1979-02-11,50.8,
1979-02-12,50.8,
1979-02-13,53.34,
1979-02-14,57.15,
1979-02-15,57.15,
1979-02-16,57.15,
1979-02-17,57.15,
1979-02-18,57.15,
1979-02-19,60.96,
1979-02-20,61.214,
1979-02-21,66.802,
1979-02-22,70.866,
1979-02-23,73.66,
1979-02-24,74.422,
1979-02-25,74.422,
1979-02-26,74.676,
1979-02-27,75.184,
1979-02-28,75.184,
1979-03-01,78.232,
1979-03-02,79.502,
1979-03-03,79.502,
1979-03-04,78.994,
1979-03-05,78.486,
1979-03-06,77.978,
1979-03-07,77.978,
1979-03-08,77.978,
1979-03-09,77.978,
1979-03-10,77.978,
1979-03-11,77.978,
1979-03-12,77.978,
1979-03-13,77.978,
1979-03-14,77.978,
1979-03-15,77.978,
1979-03-16,77.978,
1979-03-17,77.978,
1979-03-18,77.978,
1979-03-19,77.978,
1979-03-20,77.978,
1979-03-21,77.978,
1979-03-22,78.486,
1979-03-23,78.232,
1979-03-24,78.232,
1979-03-25,78.232,
1979-03-26,78.232,
1979-03-27,83.566,
1979-03-28,91.186,
1979-03-29,90.678,
1979-03-30,93.472,
1979-03-31,93.472,
1979-04-01,92.202,
1979-04-02,93.218,
1979-04-03,92.456,
1979-04-04,92.456,
1979-04-05,92.456,
1979-04-06,92.456,
1979-04-07,92.456,
1979-04-08,92.456,
1979-04-09,92.456,
1979-04-10,92.456,
1979-04-11,92.456,
1979-04-12,92.456,
1979-04-13,88.9,
1979-04-14,86.36,
1979-04-15,85.598,
1979-04-16,85.598,
1979-04-17,87.376,
1979-04-18,87.884,
1979-04-19,88.646,
1979-04-20,87.884,
1979-04-21,88.9,
1979-04-22,86.868,
1979-04-23,88.646,
1979-04-24,89.154,
1979-04-25,88.9,
1979-04-26,88.392,
1979-04-27,87.884,
1979-04-28,87.63,
1979-04-29,87.122,
1979-04-30,86.614,
1979-05-01,86.106,
1979-05-02,85.598,
1979-05-03,85.09,
1979-05-04,84.836,
1979-05-05,84.328,
1979-05-06,83.82,
1979-05-07,83.312,
1979-05-08,85.09,
1979-05-09,86.868,
1979-05-10,86.868,
1979-05-11,85.344,
1979-05-12,83.82,
1979-05-13,82.042,
1979-05-14,80.518,
1979-05-15,78.994,
1979-05-16,76.708,
1979-05-17,74.422,
1979-05-18,71.374,
1979-05-19,71.374,
1979-05-20,65.786,
1979-05-21,62.738,
1979-05-22,59.182,
1979-05-23,55.626,
1979-05-24,53.594,
1979-05-25,51.562,
1979-05-26,44.45,
1979-05-27,44.196,
1979-05-28,40.386,
1979-05-29,34.798,
1979-05-30,33.782,
1979-05-31,31.75,
1979-06-01,28.702,
1979-06-02,26.162,
1979-06-03,22.606,
1979-06-04,18.796,
1979-06-05,15.24,
1979-06-06,10.668,
1979-06-07,5.588,
1979-06-08,1.016,
1979-06-09,0.0,
1979-06-10,,
1979-06-11,,
1979-06-12,,
1979-06-13,,
1979-06-14,,
1979-06-15,,
1979-06-16,,
1979-06-17,,
1979-06-18,,
1979-06-19,,
1979-06-20,,
1979-06-21,,
1979-06-22,,
1979-06-23,,
1979-06-24,,
1979-06-25,,
1979-06-26,,
1979-06-27,,
1979-06-28,,
1979-06-29,,
1979-06-30,,
1979-07-01,,
1979-07-02,,
1979-07-03,,
1979-07-04,,
1979-07-05,,
1979-07-06,,
1979-07-07,,
1979-07-08,,
1979-07-09,,
1979-07-10,,
1979-07-11,,
1979-07-12,,
1979-07-13,,
1979-07-14,,
1979-07-15,,
1979-07-16,,
1979-07-17,,
1979-07-18,,
1979-07-19,,
1979-07-20,,
1979-07-21,,
1979-07-22,,
1979-07-23,,
1979-07-24,,
1979-07-25,,
1979-07-26,,
1979-07-27,,
1979-07-28,,
1979-07-29,,
1979-07-30,,
1979-07-31,,
1979-08-01,,
1979-08-02,,
1979-08-03,,
1979-08-04,,
1979-08-05,,
1979-08-06,,
1979-08-07,,
1979-08-08,,
1979-08-09,,
1979-08-10,,
1979-08-11,,
1979-08-12,,
1979-08-13,,
1979-08-14,,
1979-08-15,,
1979-08-16,,
1979-08-17,,
1979-08-18,,
1979-08-19,,
1979-08-20,,
1979-08-21,,
1979-08-22,,
1979-08-23,,
1979-08-24,,
1979-08-25,,
1979-08-26,,
1979-08-27,,
1979-08-28,,
1979-08-29,,
1979-08-30,,
1979-08-31,,
1979-09-01,,
1979-09-02,,
1979-09-03,,
1979-09-04,,
1979-09-05,,
1979-09-06,,
1979-09-07,,
1979-09-08,,
1979-09-09,,
1979-09-10,,
1979-09-11,,
1979-09-12,,
1979-09-13,,
1979-09-14,,
1979-09-15,,
1979-09-16,,
1979-09-17,,
1979-09-18,,
1979-09-19,,
1979-09-20,,
1979-09-21,,
1979-09-22,,
1979-09-23,,
1979-09-24,,
1979-09-25,,
1979-09-26,,
1979-09-27,,
1979-09-28,,
1979-09-29,,
1979-09-30,,
1979-10-01,,
1979-10-02,,
1979-10-03,,
1979-10-04,,
1979-10-05,,
1979-10-06,,
1979-10-07,,
1979-10-08,,
1979-10-09,,
1979-10-10,,
1979-10-11,,
1979-10-12,,
1979-10-13,,
1979-10-14,,
1979-10-15,,
1979-10-16,,
1979-10-17,,
1979-10-18,,
1979-10-19,,
1979-10-20,0.0,
1979-10-21,3.556,
1979-10-22,6.604,
1979-10-23,6.35,
1979-10-24,6.096,
1979-10-25,5.588,
1979-10-26,6.604,
1979-10-27,5.588,
1979-10-28,5.588,
1979-10-29,5.334,
1979-10-30,5.08,
1979-10-31,4.826,
1979-11-01,4.572,
1979-11-02,4.318,
1979-11-03,4.064,
1979-11-04,7.62,
1979-11-05,7.62,
1979-11-06,7.366,
1979-11-07,7.366,
1979-11-08,7.62,
1979-11-09,7.62,
1979-11-10,9.144,
1979-11-11,7.62,
1979-11-12,7.366,
1979-11-13,7.366,
1979-11-14,7.366,
1979-11-15,7.366,
1979-11-16,7.366,
1979-11-17,9.144,
1979-11-18,10.668,
1979-11-19,10.414,
1979-11-20,10.414,
1979-11-21,10.414,
1979-11-22,10.414,
1979-11-23,10.414,
1979-11-24,11.176,
1979-11-25,11.176,
1979-11-26,13.462,
1979-11-27,13.97,
1979-11-28,13.97,
1979-11-29,13.97,
1979-11-30,13.97,
1979-12-01,13.97,
1979-12-02,13.97,
1979-12-03,13.97,
1979-12-04,13.97,
1979-12-05,13.97,
1979-12-06,13.97,
1979-12-07,13.97,
1979-12-08,13.97,
1979-12-09,13.97,
1979-12-10,14.224,
1979-12-11,14.224,
1979-12-12,13.97,
1979-12-13,13.97,
1979-12-14,13.716,
1979-12-15,13.716,
1979-12-16,13.462,
1979-12-17,13.208,
1979-12-18,13.208,
1979-12-19,13.208,
1979-12-20,13.716,
1979-12-21,,
1979-12-22,,
1979-12-23,,
1979-12-24,,
1979-12-25,,
1979-12-26,,
1979-12-27,,
1979-12-28,,
1979-12-29,,
1979-12-30,,
1979-12-31,,
1980-01-01,,
1980-01-02,,
1980-01-03,,
1980-01-04,,
1980-01-05,,
1980-01-06,,
1980-01-07,,
1980-01-08,,
1980-01-09,,
1980-01-10,,
1980-01-11,,
1980-01-12,,
1980-01-13,,
1980-01-14,,
1980-01-15,,
1980-01-16,,
1980-01-17,,
1980-01-18,,
1980-01-19,,
1980-01-20,,
1980-01-21,,
1980-01-22,,
1980-01-23,,
1980-01-24,,
1980-01-25,,
1980-01-26,,
1980-01-27,,
1980-01-28,,
1980-01-29,,
1980-01-30,,
1980-01-31,,
1980-02-01,,
1980-02-02,,
1980-02-03,,
1980-02-04,,
1980-02-05,,
1980-02-06,,
1980-02-07,,
1980-02-08,,
1980-02-09,,
1980-02-10,,
1980-02-11,,
1980-02-12,,
1980-02-13,,
1980-02-14,,
1980-02-15,,
1980-02-16,,
1980-02-17,,
1980-02-18,,
1980-02-19,,
1980-02-20,127.508,
1980-02-21,,
1980-02-22,,
1980-02-23,,
1980-02-24,,
1980-02-25,,
1980-02-26,,
1980-02-27,,
1980-02-28,,
1980-02-29,,
1980-03-01,,
1980-03-02,,
1980-03-03,,
1980-03-04,,
1980-03-05,,
1980-03-06,,
1980-03-07,,
1980-03-08,,
1980-03-09,,
1980-03-10,,
1980-03-11,,
1980-03-12,,
1980-03-13,,
1980-03-14,,
1980-03-15,,
1980-03-16,,
1980-03-17,,
1980-03-18,,
1980-03-19,,
1980-03-20,,
1980-03-21,,
1980-03-22,,
1980-03-23,,
1980-03-24,,
1980-03-25,,
1980-03-26,,
1980-03-27,,
1980-03-28,,
1980-03-29,,
1980-03-30,,
1980-03-31,,
1980-04-01,,
1980-04-02,,
1980-04-03,,
1980-04-04,147.32,
1980-04-05,148.59,
1980-04-06,151.384,
1980-04-07,151.384,
1980-04-08,151.384,
1980-04-09,151.13,
1980-04-10,150.368,
1980-04-11,149.606,
1980-04-12,146.05,
1980-04-13,143.256,
1980-04-14,139.7,
1980-04-15,135.89,
1980-04-16,132.842,
1980-04-17,129.794,
1980-04-18,126.492,
1980-04-19,125.984,
1980-04-20,125.984,
1980-04-21,126.492,
1980-04-22,130.048,
1980-04-23,131.064,
1980-04-24,133.604,
1980-04-25,132.334,
1980-04-26,129.54,
1980-04-27,128.524,
1980-04-28,128.524,
1980-04-29,131.064,
1980-04-30,128.524,
1980-05-01,125.73,
1980-05-02,124.968,
1980-05-03,124.968,
1980-05-04,124.968,
1980-05-05,124.968,
1980-05-06,124.968,
1980-05-07,124.968,
1980-05-08,124.968,
1980-05-09,124.968,
1980-05-10,126.492,
1980-05-11,127.762,
1980-05-12,129.286,
1980-05-13,127.762,
1980-05-14,127.762,
1980-05-15,125.73,
1980-05-16,123.698,
1980-05-17,121.666,
1980-05-18,119.634,
1980-05-19,118.872,
1980-05-20,118.11,
1980-05-21,117.348,
1980-05-22,115.824,
1980-05-23,114.3,
1980-05-24,112.776,
1980-05-25,110.998,
1980-05-26,109.474,
1980-05-27,107.95,
1980-05-28,106.426,
1980-05-29,104.902,
1980-05-30,103.378,
1980-05-31,101.854,
1980-06-01,100.33,
1980-06-02,98.552,
1980-06-03,97.028,
1980-06-04,95.504,
1980-06-05,93.98,
1980-06-06,92.456,
1980-06-07,90.932,
1980-06-08,89.408,
1980-06-09,87.884,
1980-06-10,86.106,
1980-06-11,84.582,
1980-06-12,83.058,
1980-06-13,81.534,
1980-06-14,79.248,
1980-06-15,76.708,
1980-06-16,74.422,
1980-06-17,71.882,
1980-06-18,69.596,
1980-06-19,62.484,
1980-06-20,55.372,
1980-06-21,51.054,
1980-06-22,45.974,
1980-06-23,50.8,
1980-06-24,39.878,
1980-06-25,33.02,
1980-06-26,32.004,
1980-06-27,28.194,
1980-06-28,24.13,
1980-06-29,20.32,
1980-06-30,16.256,
1980-07-01,12.446,
1980-07-02,8.382,
1980-07-03,6.604,
1980-07-04,2.794,
1980-07-05,0.0,
1980-07-06,,
1980-07-07,,
1980-07-08,,
1980-07-09,,
1980-07-10,,
1980-07-11,,
1980-07-12,,
1980-07-13,,
1980-07-14,,
1980-07-15,,
1980-07-16,,
1980-07-17,,
1980-07-18,,
1980-07-19,,
1980-07-20,,
1980-07-21,,
1980-07-22,,
1980-07-23,,
1980-07-24,,
1980-07-25,,
1980-07-26,,
1980-07-27,,
1980-07-28,,
1980-07-29,,
1980-07-30,,
1980-07-31,,
1980-08-01,,
1980-08-02,,
1980-08-03,,
1980-08-04,,
1980-08-05,,
1980-08-06,,
1980-08-07,,
1980-08-08,,
1980-08-09,,
1980-08-10,,
1980-08-11,,
1980-08-12,,
1980-08-13,,
1980-08-14,,
1980-08-15,,
1980-08-16,,
1980-08-17,,
1980-08-18,,
1980-08-19,,
1980-08-20,,
1980-08-21,,
1980-08-22,,
1980-08-23,,
1980-08-24,,
1980-08-25,,
1980-08-26,,
1980-08-27,,
1980-08-28,,
1980-08-29,,
1980-08-30,,
1980-08-31,,
1980-09-01,,
1980-09-02,,
1980-09-03,,
1980-09-04,,
1980-09-05,,
1980-09-06,,
1980-09-07,,
1980-09-08,,
1980-09-09,,
1980-09-10,,
1980-09-11,,
1980-09-12,,
1980-09-13,,
1980-09-14,,
1980-09-15,,
1980-09-16,,
1980-09-17,,
1980-09-18,,
1980-09-19,,
1980-09-20,,
1980-09-21,,
1980-09-22,,
1980-09-23,,
1980-09-24,,
1980-09-25,,
1980-09-26,,
1980-09-27,,
1980-09-28,,
1980-09-29,,
1980-09-30,,
1980-10-01,,
1980-10-02,,
1980-10-03,,
1980-10-04,,
1980-10-05,,
1980-10-06,,
1980-10-07,,
1980-10-08,,
1980-10-09,,
1980-10-10,,
1980-10-11,,
1980-10-12,,
1980-10-13,,
1980-10-14,,
1980-10-15,,
1980-10-16,,
1980-10-17,,
1980-10-18,,
1980-10-19,,
1980-10-20,,
1980-10-21,,
1980-10-22,,
1980-10-23,,
1980-10-24,,
1980-10-25,,
1980-10-26,,
1980-10-27,,
1980-10-28,,
1980-10-29,,
1980-10-30,,
1980-10-31,,
1980-11-01,,
1980-11-02,0.0,
1980-11-03,3.048,
1980-11-04,6.096,
1980-11-05,6.096,
1980-11-06,6.096,
1980-11-07,6.096,
1980-11-08,6.096,
1980-11-09,6.096,
1980-11-10,6.096,
1980-11-11,6.096,
1980-11-12,6.096,
1980-11-13,6.096,
1980-11-14,6.096,
1980-11-15,6.096,
1980-11-16,6.096,
1980-11-17,6.096,
1980-11-18,6.096,
1980-11-19,6.096,
1980-11-20,6.096,
1980-11-21,6.096,
1980-11-22,6.096,
1980-11-23,6.096,
1980-11-24,6.096,
1980-11-25,6.096,
1980-11-26,6.096,
1980-11-27,6.096,
1980-11-28,6.096,
1980-11-29,6.096,
1980-11-30,6.096,
1980-12-01,6.096,
1980-12-02,6.096,
1980-12-03,6.096,
1980-12-04,7.62,
1980-12-05,7.62,
1980-12-06,8.89,
1980-12-07,8.89,
1980-12-08,8.89,
1980-12-09,8.89,
1980-12-10,8.89,
1980-12-11,8.89,
1980-12-12,8.89,
1980-12-13,8.89,
1980-12-14,9.652,
1980-12-15,9.652,
1980-12-16,9.906,
1980-12-17,10.16,
1980-12-18,10.414,
1980-12-19,10.668,
1980-12-20,10.922,
1980-12-21,11.176,
1980-12-22,11.684,
1980-12-23,11.938,
1980-12-24,12.192,
1980-12-25,12.446,
1980-12-26,12.7,
1980-12-27,13.97,
1980-12-28,14.224,
1980-12-29,14.732,
1980-12-30,14.986,
1980-12-31,15.24,
1981-01-01,15.24,
1981-01-02,15.24,
1981-01-03,15.24,
1981-01-04,15.24,
1981-01-05,15.24,
1981-01-06,15.24,
1981-01-07,15.24,
1981-01-08,15.24,
1981-01-09,15.24,
1981-01-10,15.24,
1981-01-11,15.24,
1981-01-12,15.24,
1981-01-13,15.24,
1981-01-14,15.24,
1981-01-15,16.002,
1981-01-16,16.002,
1981-01-17,16.002,
1981-01-18,16.002,
1981-01-19,16.002,
1981-01-20,16.002,
1981-01-21,16.002,
1981-01-22,16.002,
1981-01-23,16.002,
1981-01-24,16.764,
1981-01-25,17.526,
1981-01-26,22.098,
1981-01-27,26.416,
1981-01-28,30.988,
1981-01-29,35.56,
1981-01-30,35.56,
1981-01-31,35.56,
1981-02-01,35.56,
1981-02-02,35.56,
1981-02-03,35.56,
1981-02-04,35.56,
1981-02-05,35.56,
1981-02-06,35.56,
1981-02-07,37.592,
1981-02-08,42.926,
1981-02-09,43.942,
1981-02-10,44.704,
1981-02-11,45.466,
1981-02-12,45.974,
1981-02-13,46.99,
1981-02-14,48.514,
1981-02-15,49.022,
1981-02-16,50.038,
1981-02-17,50.038,
1981-02-18,50.038,
1981-02-19,50.038,
1981-02-20,50.038,
1981-02-21,50.038,
1981-02-22,50.038,
1981-02-23,50.038,
1981-02-24,50.038,
1981-02-25,50.038,
1981-02-26,50.038,
1981-02-27,50.038,
1981-02-28,50.038,
1981-03-01,50.038,
1981-03-02,51.562,
1981-03-03,53.086,
1981-03-04,53.594,
1981-03-05,53.594,
1981-03-06,53.594,
1981-03-07,53.594,
1981-03-08,53.594,
1981-03-09,53.594,
1981-03-10,53.594,
1981-03-11,53.594,
1981-03-12,53.594,
1981-03-13,54.61,
1981-03-14,55.118,
1981-03-15,55.626,
1981-03-16,56.134,
1981-03-17,56.388,
1981-03-18,56.388,
1981-03-19,57.404,
1981-03-20,63.5,
1981-03-21,66.04,
1981-03-22,66.04,
1981-03-23,66.04,
1981-03-24,66.04,
1981-03-25,70.104,
1981-03-26,71.12,
1981-03-27,71.12,
1981-03-28,73.914,
1981-03-29,73.914,
1981-03-30,73.914,
1981-03-31,73.914,
1981-04-01,73.914,
1981-04-02,73.914,
1981-04-03,73.914,
1981-04-04,74.422,
1981-04-05,74.422,
1981-04-06,74.422,
1981-04-07,74.168,
1981-04-08,74.168,
1981-04-09,74.168,
1981-04-10,74.168,
1981-04-11,73.914,
1981-04-12,73.914,
1981-04-13,73.914,
1981-04-14,73.914,
1981-04-15,73.914,
1981-04-16,73.66,
1981-04-17,73.66,
1981-04-18,73.66,
1981-04-19,73.66,
1981-04-20,73.406,
1981-04-21,73.406,
1981-04-22,73.406,
1981-04-23,73.406,
1981-04-24,73.406,
1981-04-25,73.152,
1981-04-26,73.152,
1981-04-27,73.152,
1981-04-28,73.152,
1981-04-29,72.898,
1981-04-30,72.898,
1981-05-01,72.898,
1981-05-02,70.612,
1981-05-03,68.326,
1981-05-04,65.786,
1981-05-05,63.5,
1981-05-06,61.214,
1981-05-07,58.928,
1981-05-08,56.642,
1981-05-09,54.102,
1981-05-10,51.816,
1981-05-11,49.53,
1981-05-12,49.022,
1981-05-13,48.514,
1981-05-14,48.006,
1981-05-15,45.974,
1981-05-16,44.196,
1981-05-17,42.164,
1981-05-18,40.386,
1981-05-19,36.576,
1981-05-20,33.02,
1981-05-21,29.21,
1981-05-22,25.4,
1981-05-23,24.13,
1981-05-24,22.86,
1981-05-25,21.844,
1981-05-26,20.574,
1981-05-27,16.51,
1981-05-28,12.446,
1981-05-29,8.636,
1981-05-30,5.08,
1981-05-31,2.54,
1981-06-01,0.0,
1981-06-02,,
1981-06-03,,
1981-06-04,,
1981-06-05,,
1981-06-06,,
1981-06-07,,
1981-06-08,,
1981-06-09,,
1981-06-10,,
1981-06-11,,
1981-06-12,,
1981-06-13,,
1981-06-14,,
1981-06-15,,
1981-06-16,,
1981-06-17,,
1981-06-18,,
1981-06-19,,
1981-06-20,,
1981-06-21,,
1981-06-22,,
1981-06-23,,
1981-06-24,,
1981-06-25,,
1981-06-26,,
1981-06-27,,
1981-06-28,,
1981-06-29,,
1981-06-30,,
1981-07-01,,
1981-07-02,,
1981-07-03,,
1981-07-04,,
1981-07-05,,
1981-07-06,,
1981-07-07,,
1981-07-08,,
1981-07-09,,
1981-07-10,,
1981-07-11,,
1981-07-12,,
1981-07-13,,
1981-07-14,,
1981-07-15,,
1981-07-16,,
1981-07-17,,
1981-07-18,,
1981-07-19,,
1981-07-20,,
1981-07-21,,
1981-07-22,,
1981-07-23,,
1981-07-24,,
1981-07-25,,
1981-07-26,,
1981-07-27,,
1981-07-28,,
1981-07-29,,
1981-07-30,,
1981-07-31,,
1981-08-01,,
1981-08-02,,
1981-08-03,,
1981-08-04,,
1981-08-05,,
1981-08-06,,
1981-08-07,,
1981-08-08,,
1981-08-09,,
1981-08-10,,
1981-08-11,,
1981-08-12,,
1981-08-13,,
1981-08-14,,
1981-08-15,,
1981-08-16,,
1981-08-17,,
1981-08-18,,
1981-08-19,,
1981-08-20,,
1981-08-21,,
1981-08-22,,
1981-08-23,,
1981-08-24,,
1981-08-25,,
1981-08-26,,
1981-08-27,,
1981-08-28,,
1981-08-29,,
1981-08-30,,
1981-08-31,,
1981-09-01,,
1981-09-02,,
1981-09-03,,
1981-09-04,,
1981-09-05,,
1981-09-06,,
1981-09-07,,
1981-09-08,,
1981-09-09,,
1981-09-10,,
1981-09-11,,
1981-09-12,,
1981-09-13,,
1981-09-14,,
1981-09-15,,
1981-09-16,,
1981-09-17,,
1981-09-18,,
1981-09-19,,
1981-09-20,,
1981-09-21,,
1981-09-22,,
1981-09-23,,
1981-09-24,,
1981-09-25,,
1981-09-26,,
1981-09-27,,
1981-09-28,,
1981-09-29,,
1981-09-30,,
1981-10-01,,
1981-10-02,,
1981-10-03,,
1981-10-04,,
1981-10-05,,
1981-10-06,,
1981-10-07,,
1981-10-08,,
1981-10-09,,
1981-10-10,,
1981-10-11,,
1981-10-12,,
1981-10-13,,
1981-10-14,,
1981-10-15,,
1981-10-16,,
1981-10-17,,
1981-10-18,,
1981-10-19,,
1981-10-20,,
1981-10-21,,
1981-10-22,,
1981-10-23,,
1981-10-24,,
1981-10-25,,
1981-10-26,,
1981-10-27,,
1981-10-28,,
1981-10-29,,
1981-10-30,,
1981-10-31,0.0,
1981-11-01,2.286,
1981-11-02,4.572,
1981-11-03,7.62,
1981-11-04,6.096,
1981-11-05,5.08,
1981-11-06,3.556,
1981-11-07,3.302,
1981-11-08,3.048,
1981-11-09,2.54,
1981-11-10,2.54,
1981-11-11,2.032,
1981-11-12,1.524,
1981-11-13,2.54,
1981-11-14,11.684,
1981-11-15,11.684,
1981-11-16,11.684,
1981-11-17,16.256,
1981-11-18,16.256,
1981-11-19,16.256,
1981-11-20,16.256,
1981-11-21,16.256,
1981-11-22,16.256,
1981-11-23,16.256,
1981-11-24,16.256,
1981-11-25,16.256,
1981-11-26,16.256,
1981-11-27,18.542,
1981-11-28,19.05,
1981-11-29,19.05,
1981-11-30,19.05,
1981-12-01,19.558,
1981-12-02,20.066,
1981-12-03,20.066,
1981-12-04,20.066,
1981-12-05,20.066,
1981-12-06,20.066,
1981-12-07,20.066,
1981-12-08,20.066,
1981-12-09,20.066,
1981-12-10,20.066,
1981-12-11,20.066,
1981-12-12,20.066,
1981-12-13,20.066,
1981-12-14,21.082,
1981-12-15,21.082,
1981-12-16,20.32,
1981-12-17,21.082,
1981-12-18,21.082,
1981-12-19,21.59,
1981-12-20,22.098,
1981-12-21,22.098,
1981-12-22,22.098,
1981-12-23,22.098,
1981-12-24,22.098,
1981-12-25,22.098,
1981-12-26,22.098,
1981-12-27,22.098,
1981-12-28,22.098,
1981-12-29,27.686,
1981-12-30,33.528,
1981-12-31,34.036,
1982-01-01,36.068,
1982-01-02,38.1,
1982-01-03,40.132,
1982-01-04,40.64,
1982-01-05,56.134,
1982-01-06,61.722,
1982-01-07,61.722,
1982-01-08,61.722,
1982-01-09,61.722,
1982-01-10,61.722,
1982-01-11,61.722,
1982-01-12,61.722,
1982-01-13,61.722,
1982-01-14,61.722,
1982-01-15,61.722,
1982-01-16,61.722,
1982-01-17,61.722,
1982-01-18,61.722,
1982-01-19,62.23,
1982-01-20,64.516,
1982-01-21,70.104,
1982-01-22,70.104,
1982-01-23,73.152,
1982-01-24,73.152,
1982-01-25,73.152,
1982-01-26,73.66,
1982-01-27,75.692,
1982-01-28,75.692,
1982-01-29,76.2,
1982-01-30,76.2,
1982-01-31,76.2,
1982-02-01,76.2,
1982-02-02,76.2,
1982-02-03,76.2,
1982-02-04,76.2,
1982-02-05,76.2,
1982-02-06,76.2,
1982-02-07,76.2,
1982-02-08,76.2,
1982-02-09,76.2,
1982-02-10,76.2,
1982-02-11,76.2,
1982-02-12,76.2,
1982-02-13,77.47,
1982-02-14,78.994,
1982-02-15,80.264,
1982-02-16,81.788,
1982-02-17,83.058,
1982-02-18,84.328,
1982-02-19,85.852,
1982-02-20,87.122,
1982-02-21,88.646,
1982-02-22,89.916,
1982-02-23,91.44,
1982-02-24,92.71,
1982-02-25,92.71,
1982-02-26,92.71,
1982-02-27,92.71,
1982-02-28,92.71,
1982-03-01,93.98,
1982-03-02,95.25,
1982-03-03,96.266,
1982-03-04,97.536,
1982-03-05,98.806,
1982-03-06,100.33,
1982-03-07,101.6,
1982-03-08,102.87,
1982-03-09,104.394,
1982-03-10,105.664,
1982-03-11,107.188,
1982-03-12,108.458,
1982-03-13,109.728,
1982-03-14,111.252,
1982-03-15,112.522,
1982-03-16,112.522,
1982-03-17,112.522,
1982-03-18,112.522,
1982-03-19,112.522,
1982-03-20,112.522,
1982-03-21,112.522,
1982-03-22,112.522,
1982-03-23,112.522,
1982-03-24,112.522,
1982-03-25,112.522,
1982-03-26,114.3,
1982-03-27,116.332,
1982-03-28,118.618,
1982-03-29,120.65,
1982-03-30,122.682,
1982-03-31,124.968,
1982-04-01,127.0,
1982-04-02,127.762,
1982-04-03,128.27,
1982-04-04,128.27,
1982-04-05,129.54,
1982-04-06,130.556,
1982-04-07,131.572,
1982-04-08,132.588,
1982-04-09,133.604,
1982-04-10,134.62,
1982-04-11,138.43,
1982-04-12,139.446,
1982-04-13,140.716,
1982-04-14,141.732,
1982-04-15,142.748,
1982-04-16,143.764,
1982-04-17,144.78,
1982-04-18,145.542,
1982-04-19,146.304,
1982-04-20,146.812,
1982-04-21,147.32,
1982-04-22,143.764,
1982-04-23,142.748,
1982-04-24,141.732,
1982-04-25,140.208,
1982-04-26,138.684,
1982-04-27,137.922,
1982-04-28,136.906,
1982-04-29,135.382,
1982-04-30,133.35,
1982-05-01,132.08,
1982-05-02,129.286,
1982-05-03,127.762,
1982-05-04,125.73,
1982-05-05,122.936,
1982-05-06,120.396,
1982-05-07,117.856,
1982-05-08,114.808,
1982-05-09,112.776,
1982-05-10,111.252,
1982-05-11,110.744,
1982-05-12,110.744,
1982-05-13,110.744,
1982-05-14,110.744,
1982-05-15,110.236,
1982-05-16,108.712,
1982-05-17,106.172,
1982-05-18,103.124,
1982-05-19,100.584,
1982-05-20,97.79,
1982-05-21,94.742,
1982-05-22,90.678,
1982-05-23,87.63,
1982-05-24,82.804,
1982-05-25,78.74,
1982-05-26,74.168,
1982-05-27,70.612,
1982-05-28,66.802,
1982-05-29,63.754,
1982-05-30,61.214,
1982-05-31,58.674,
1982-06-01,55.118,
1982-06-02,52.324,
1982-06-03,49.276,
1982-06-04,46.228,
1982-06-05,42.672,
1982-06-06,40.132,
1982-06-07,37.084,
1982-06-08,33.782,
1982-06-09,28.702,
1982-06-10,22.606,
1982-06-11,15.748,
1982-06-12,12.192,
1982-06-13,9.652,
1982-06-14,8.128,
1982-06-15,7.62,
1982-06-16,6.604,
1982-06-17,6.096,
1982-06-18,3.556,
1982-06-19,0.0,
1982-06-20,,
1982-06-21,,
1982-06-22,,
1982-06-23,,
1982-06-24,,
1982-06-25,,
1982-06-26,,
1982-06-27,,
1982-06-28,,
1982-06-29,,
1982-06-30,,
1982-07-01,,
1982-07-02,,
1982-07-03,,
1982-07-04,,
1982-07-05,,
1982-07-06,,
1982-07-07,,
1982-07-08,,
1982-07-09,,
1982-07-10,,
1982-07-11,,
1982-07-12,,
1982-07-13,,
1982-07-14,,
1982-07-15,,
1982-07-16,,
1982-07-17,,
1982-07-18,,
1982-07-19,,
1982-07-20,,
1982-07-21,,
1982-07-22,,
1982-07-23,,
1982-07-24,,
1982-07-25,,
1982-07-26,,
1982-07-27,,
1982-07-28,,
1982-07-29,,
1982-07-30,,
1982-07-31,,
1982-08-01,,
1982-08-02,,
1982-08-03,,
1982-08-04,,
1982-08-05,,
1982-08-06,,
1982-08-07,,
1982-08-08,,
1982-08-09,,
1982-08-10,,
1982-08-11,,
1982-08-12,,
1982-08-13,,
1982-08-14,,
1982-08-15,,
1982-08-16,,
1982-08-17,,
1982-08-18,,
1982-08-19,,
1982-08-20,,
1982-08-21,,
1982-08-22,,
1982-08-23,,
1982-08-24,,
1982-08-25,,
1982-08-26,,
1982-08-27,,
1982-08-28,,
1982-08-29,,
1982-08-30,,
1982-08-31,,
1982-09-01,,
1982-09-02,,
1982-09-03,,
1982-09-04,,
1982-09-05,,
1982-09-06,,
1982-09-07,,
1982-09-08,,
1982-09-09,,
1982-09-10,,
1982-09-11,,
1982-09-12,,
1982-09-13,,
1982-09-14,,
1982-09-15,,
1982-09-16,,
1982-09-17,,
1982-09-18,,
1982-09-19,,
1982-09-20,,
1982-09-21,,
1982-09-22,,
1982-09-23,,
1982-09-24,,
1982-09-25,,
1982-09-26,,
1982-09-27,,
1982-09-28,,
1982-09-29,,
1982-09-30,,
1982-10-01,,
1982-10-02,,
1982-10-03,,
1982-10-04,,
1982-10-05,,
1982-10-06,,
1982-10-07,,
1982-10-08,,
1982-10-09,,
1982-10-10,,
1982-10-11,,
1982-10-12,,
1982-10-13,,
1982-10-14,,
1982-10-15,,
1982-10-16,,
1982-10-17,,
1982-10-18,,
1982-10-19,,
1982-10-20,,
1982-10-21,,
1982-10-22,,
1982-10-23,,
1982-10-24,,
1982-10-25,0.0,
1982-10-26,0.508,
1982-10-27,3.556,
1982-10-28,4.064,
1982-10-29,4.064,
1982-10-30,4.572,
1982-10-31,10.16,
1982-11-01,10.16,
1982-11-02,10.16,
1982-11-03,10.16,
1982-11-04,10.16,
1982-11-05,10.16,
1982-11-06,10.16,
1982-11-07,10.16,
1982-11-08,10.16,
1982-11-09,10.16,
1982-11-10,10.414,
1982-11-11,11.938,
1982-11-12,12.446,
1982-11-13,12.446,
1982-11-14,12.446,
1982-11-15,12.446,
1982-11-16,12.446,
1982-11-17,12.446,
1982-11-18,12.954,
1982-11-19,12.954,
1982-11-20,24.13,
1982-11-21,24.13,
1982-11-22,24.638,
1982-11-23,24.638,
1982-11-24,24.638,
1982-11-25,24.638,
1982-11-26,24.638,
1982-11-27,24.638,
1982-11-28,26.162,
1982-11-29,31.496,
1982-11-30,36.83,
1982-12-01,42.164,
1982-12-02,42.418,
1982-12-03,42.418,
1982-12-04,42.418,
1982-12-05,42.418,
1982-12-06,42.418,
1982-12-07,42.418,
1982-12-08,42.418,
1982-12-09,42.418,
1982-12-10,42.418,
1982-12-11,42.418,
1982-12-12,42.418,
1982-12-13,42.418,
1982-12-14,42.418,
1982-12-15,42.418,
1982-12-16,43.434,
1982-12-17,50.038,
1982-12-18,50.038,
1982-12-19,50.038,
1982-12-20,50.038,
1982-12-21,50.038,
1982-12-22,55.118,
1982-12-23,58.42,
1982-12-24,70.104,
1982-12-25,70.104,
1982-12-26,70.612,
1982-12-27,70.612,
1982-12-28,70.612,
1982-12-29,70.612,
1982-12-30,70.612,
1982-12-31,70.612,
1983-01-01,70.612,
1983-01-02,70.612,
1983-01-03,71.12,
1983-01-04,71.12,
1983-01-05,71.12,
1983-01-06,71.628,
1983-01-07,71.628,
1983-01-08,72.136,
1983-01-09,72.644,
1983-01-10,72.644,
1983-01-11,72.644,
1983-01-12,72.644,
1983-01-13,72.644,
1983-01-14,72.644,
1983-01-15,72.644,
1983-01-16,73.152,
1983-01-17,73.66,
1983-01-18,73.914,
1983-01-19,75.438,
1983-01-20,75.438,
1983-01-21,76.962,
1983-01-22,77.47,
1983-01-23,86.614,
1983-01-24,88.138,
1983-01-25,88.138,
1983-01-26,92.456,
1983-01-27,93.98,
1983-01-28,100.584,
1983-01-29,101.092,
1983-01-30,105.664,
1983-01-31,105.664,
1983-02-01,105.664,
1983-02-02,105.918,
1983-02-03,105.918,
1983-02-04,105.918,
1983-02-05,105.918,
1983-02-06,106.426,
1983-02-07,110.49,
1983-02-08,118.618,
1983-02-09,121.412,
1983-02-10,121.412,
1983-02-11,121.92,
1983-02-12,122.428,
1983-02-13,127.0,
1983-02-14,129.54,
1983-02-15,129.54,
1983-02-16,130.048,
1983-02-17,130.048,
1983-02-18,130.556,
1983-02-19,132.588,
1983-02-20,132.588,
1983-02-21,132.588,
1983-02-22,133.096,
1983-02-23,132.588,
1983-02-24,129.54,
1983-02-25,129.032,
1983-02-26,129.54,
1983-02-27,132.588,
1983-02-28,136.652,
1983-03-01,139.954,
1983-03-02,148.59,
1983-03-03,152.4,
1983-03-04,154.94,
1983-03-05,156.464,
1983-03-06,156.464,
1983-03-07,157.48,
1983-03-08,159.512,
1983-03-09,159.766,
1983-03-10,160.02,
1983-03-11,160.02,
1983-03-12,160.274,
1983-03-13,160.528,
1983-03-14,163.576,
1983-03-15,166.624,
1983-03-16,167.64,
1983-03-17,169.418,
1983-03-18,171.958,
1983-03-19,174.498,
1983-03-20,175.514,
1983-03-21,176.022,
1983-03-22,178.562,
1983-03-23,181.102,
1983-03-24,183.642,
1983-03-25,186.944,
1983-03-26,187.452,
1983-03-27,187.96,
1983-03-28,189.992,
1983-03-29,190.5,
1983-03-30,191.008,
1983-03-31,191.516,
1983-04-01,191.516,
1983-04-02,193.04,
1983-04-03,193.04,
1983-04-04,193.04,
1983-04-05,193.04,
1983-04-06,193.04,
1983-04-07,193.548,
1983-04-08,193.548,
1983-04-09,196.088,
1983-04-10,194.056,
1983-04-11,194.31,
1983-04-12,194.818,
1983-04-13,195.072,
1983-04-14,195.58,
1983-04-15,195.834,
1983-04-16,196.342,
1983-04-17,196.596,
1983-04-18,192.532,
1983-04-19,192.278,
1983-04-20,192.024,
1983-04-21,192.024,
1983-04-22,191.77,
1983-04-23,191.516,
1983-04-24,186.944,
1983-04-25,188.468,
1983-04-26,191.008,
1983-04-27,193.548,
1983-04-28,194.564,
1983-04-29,197.104,
1983-04-30,199.136,
1983-05-01,200.66,
1983-05-02,200.66,
1983-05-03,200.66,
1983-05-04,201.93,
1983-05-05,193.548,
1983-05-06,193.548,
1983-05-07,200.152,
1983-05-08,202.438,
1983-05-09,201.93,
1983-05-10,200.66,
1983-05-11,199.136,
1983-05-12,197.866,
1983-05-13,196.596,
1983-05-14,196.596,
1983-05-15,196.596,
1983-05-16,196.596,
1983-05-17,196.596,
1983-05-18,196.088,
1983-05-19,195.58,
1983-05-20,194.056,
1983-05-21,192.024,
1983-05-22,189.992,
1983-05-23,186.944,
1983-05-24,184.15,
1983-05-25,181.102,
1983-05-26,178.054,
1983-05-27,175.514,
1983-05-28,172.466,
1983-05-29,168.656,
1983-05-30,165.608,
1983-05-31,162.56,
1983-06-01,160.02,
1983-06-02,157.48,
1983-06-03,155.956,
1983-06-04,154.432,
1983-06-05,153.924,
1983-06-06,153.416,
1983-06-07,151.638,
1983-06-08,148.59,
1983-06-09,147.066,
1983-06-10,144.272,
1983-06-11,141.478,
1983-06-12,138.684,
1983-06-13,135.89,
1983-06-14,133.096,
1983-06-15,130.302,
1983-06-16,127.508,
1983-06-17,123.952,
1983-06-18,122.936,
1983-06-19,119.38,
1983-06-20,115.57,
1983-06-21,113.03,
1983-06-22,109.474,
1983-06-23,105.918,
1983-06-24,101.6,
1983-06-25,98.552,
1983-06-26,93.98,
1983-06-27,90.424,
1983-06-28,87.122,
1983-06-29,82.55,
1983-06-30,78.486,
1983-07-01,74.422,
1983-07-02,70.612,
1983-07-03,65.024,
1983-07-04,59.944,
1983-07-05,53.594,
1983-07-06,45.974,
1983-07-07,38.608,
1983-07-08,32.004,
1983-07-09,24.13,
1983-07-10,16.002,
1983-07-11,11.938,
1983-07-12,8.128,
1983-07-13,4.064,
1983-07-14,0.0,
1983-07-15,,
1983-07-16,,
1983-07-17,,
1983-07-18,,
1983-07-19,,
1983-07-20,,
1983-07-21,,
1983-07-22,,
1983-07-23,,
1983-07-24,,
1983-07-25,,
1983-07-26,,
1983-07-27,,
1983-07-28,,
1983-07-29,,
1983-07-30,,
1983-07-31,,
1983-08-01,,
1983-08-02,,
1983-08-03,,
1983-08-04,,
1983-08-05,,
1983-08-06,,
1983-08-07,,
1983-08-08,,
1983-08-09,,
1983-08-10,,
1983-08-11,,
1983-08-12,,
1983-08-13,,
1983-08-14,,
1983-08-15,,
1983-08-16,,
1983-08-17,,
1983-08-18,,
1983-08-19,,
1983-08-20,,
1983-08-21,,
1983-08-22,,
1983-08-23,,
1983-08-24,,
1983-08-25,,
1983-08-26,,
1983-08-27,,
1983-08-28,,
1983-08-29,,
1983-08-30,,
1983-08-31,,
1983-09-01,,
1983-09-02,,
1983-09-03,,
1983-09-04,,
1983-09-05,,
1983-09-06,,
1983-09-07,,
1983-09-08,,
1983-09-09,,
1983-09-10,,
1983-09-11,,
1983-09-12,,
1983-09-13,,
1983-09-14,,
1983-09-15,,
1983-09-16,,
1983-09-17,,
1983-09-18,,
1983-09-19,,
1983-09-20,,
1983-09-21,,
1983-09-22,,
1983-09-23,,
1983-09-24,,
1983-09-25,,
1983-09-26,,
1983-09-27,,
1983-09-28,,
1983-09-29,,
1983-09-30,,
1983-10-01,,
1983-10-02,,
1983-10-03,,
1983-10-04,,
1983-10-05,,
1983-10-06,,
1983-10-07,,
1983-10-08,,
1983-10-09,,
1983-10-10,,
1983-10-11,,
1983-10-12,,
1983-10-13,,
1983-10-14,,
1983-10-15,,
1983-10-16,,
1983-10-17,,
1983-10-18,,
1983-10-19,,
1983-10-20,,
1983-10-21,,
1983-10-22,,
1983-10-23,,
1983-10-24,,
1983-10-25,,
1983-10-26,,
1983-10-27,,
1983-10-28,,
1983-10-29,,
1983-10-30,,
1983-10-31,,
1983-11-01,,
1983-11-02,,
1983-11-03,,
1983-11-04,,
1983-11-05,,
1983-11-06,0.0,
1983-11-07,2.54,
1983-11-08,2.54,
1983-11-09,2.54,
1983-11-10,2.54,
1983-11-11,2.54,
1983-11-12,3.556,
1983-11-13,4.572,
1983-11-14,5.588,
1983-11-15,5.842,
1983-11-16,6.35,
1983-11-17,6.604,
1983-11-18,10.16,
1983-11-19,13.97,
1983-11-20,17.526,
1983-11-21,18.796,
1983-11-22,20.066,
1983-11-23,21.336,
1983-11-24,22.606,
1983-11-25,26.67,
1983-11-26,30.988,
1983-11-27,30.988,
1983-11-28,30.988,
1983-11-29,30.988,
1983-11-30,30.988,
1983-12-01,30.988,
1983-12-02,30.988,
1983-12-03,30.988,
1983-12-04,30.988,
1983-12-05,33.02,
1983-12-06,38.1,
1983-12-07,38.1,
1983-12-08,38.1,
1983-12-09,38.608,
1983-12-10,42.672,
1983-12-11,43.688,
1983-12-12,46.482,
1983-12-13,46.99,
1983-12-14,46.99,
1983-12-15,46.99,
1983-12-16,46.99,
1983-12-17,46.99,
1983-12-18,46.99,
1983-12-19,46.99,
1983-12-20,46.99,
1983-12-21,46.99,
1983-12-22,47.498,
1983-12-23,48.006,
1983-12-24,49.022,
1983-12-25,56.642,
1983-12-26,63.5,
1983-12-27,66.548,
1983-12-28,66.548,
1983-12-29,68.072,
1983-12-30,68.072,
1983-12-31,68.072,
1984-01-01,68.072,
1984-01-02,68.072,
1984-01-03,68.072,
1984-01-04,68.072,
1984-01-05,68.072,
1984-01-06,68.072,
1984-01-07,68.072,
1984-01-08,68.072,
1984-01-09,71.12,
1984-01-10,71.12,
1984-01-11,71.12,
1984-01-12,71.12,
1984-01-13,71.12,
1984-01-14,71.12,
1984-01-15,71.12,
1984-01-16,71.12,
1984-01-17,71.12,
1984-01-18,71.12,
1984-01-19,71.12,
1984-01-20,71.12,
1984-01-21,71.12,
1984-01-22,71.12,
1984-01-23,71.12,
1984-01-24,71.628,
1984-01-25,71.628,
1984-01-26,71.628,
1984-01-27,71.628,
1984-01-28,71.628,
1984-01-29,71.628,
1984-01-30,71.628,
1984-01-31,71.628,
1984-02-01,71.628,
1984-02-02,71.628,
1984-02-03,71.628,
1984-02-04,71.628,
1984-02-05,71.628,
1984-02-06,71.628,
1984-02-07,72.136,
1984-02-08,72.136,
1984-02-09,72.644,
1984-02-10,74.676,
1984-02-11,76.454,
1984-02-12,76.962,
1984-02-13,77.47,
1984-02-14,80.01,
1984-02-15,81.026,
1984-02-16,83.566,
1984-02-17,86.614,
1984-02-18,86.614,
1984-02-19,86.614,
1984-02-20,86.868,
1984-02-21,86.868,
1984-02-22,87.122,
1984-02-23,87.63,
1984-02-24,87.884,
1984-02-25,87.884,
1984-02-26,88.138,
1984-02-27,88.138,
1984-02-28,87.884,
1984-02-29,87.884,
1984-03-01,87.884,
1984-03-02,87.884,
1984-03-03,87.63,
1984-03-04,87.63,
1984-03-05,87.63,
1984-03-06,87.376,
1984-03-07,87.122,
1984-03-08,86.868,
1984-03-09,86.614,
1984-03-10,86.614,
1984-03-11,86.36,
1984-03-12,86.36,
1984-03-13,86.106,
1984-03-14,86.106,
1984-03-15,85.852,
1984-03-16,85.852,
1984-03-17,85.598,
1984-03-18,85.598,
1984-03-19,85.598,
1984-03-20,85.344,
1984-03-21,85.344,
1984-03-22,85.09,
1984-03-23,85.09,
1984-03-24,84.836,
1984-03-25,84.836,
1984-03-26,84.582,
1984-03-27,84.582,
1984-03-28,84.074,
1984-03-29,83.566,
1984-03-30,83.566,
1984-03-31,83.312,
1984-04-01,83.058,
1984-04-02,83.058,
1984-04-03,83.566,
1984-04-04,84.074,
1984-04-05,83.312,
1984-04-06,82.296,
1984-04-07,81.534,
1984-04-08,80.01,
1984-04-09,78.486,
1984-04-10,76.962,
1984-04-11,75.438,
1984-04-12,74.168,
1984-04-13,72.644,
1984-04-14,71.12,
1984-04-15,69.596,
1984-04-16,68.072,
1984-04-17,66.04,
1984-04-18,66.294,
1984-04-19,66.294,
1984-04-20,66.548,
1984-04-21,67.564,
1984-04-22,68.58,
1984-04-23,67.056,
1984-04-24,65.024,
1984-04-25,62.484,
1984-04-26,61.722,
1984-04-27,60.96,
1984-04-28,61.976,
1984-04-29,61.722,
1984-04-30,61.468,
1984-05-01,59.69,
1984-05-02,58.166,
1984-05-03,56.134,
1984-05-04,53.848,
1984-05-05,51.816,
1984-05-06,49.53,
1984-05-07,47.498,
1984-05-08,44.958,
1984-05-09,41.148,
1984-05-10,38.1,
1984-05-11,34.036,
1984-05-12,29.464,
1984-05-13,24.384,
1984-05-14,19.05,
1984-05-15,16.51,
1984-05-16,13.97,
1984-05-17,11.684,
1984-05-18,7.62,
1984-05-19,5.08,
1984-05-20,2.54,
1984-05-21,0.0,
1984-05-22,,
1984-05-23,,
1984-05-24,,
1984-05-25,,
1984-05-26,,
1984-05-27,,
1984-05-28,,
1984-05-29,,
1984-05-30,,
1984-05-31,,
1984-06-01,,
1984-06-02,,
1984-06-03,,
1984-06-04,,
1984-06-05,,
1984-06-06,,
1984-06-07,,
1984-06-08,,
1984-06-09,,
1984-06-10,,
1984-06-11,,
1984-06-12,,
1984-06-13,,
1984-06-14,,
1984-06-15,,
1984-06-16,,
1984-06-17,,
1984-06-18,,
1984-06-19,,
1984-06-20,,
1984-06-21,,
1984-06-22,,
1984-06-23,,
1984-06-24,,
1984-06-25,,
1984-06-26,,
1984-06-27,,
1984-06-28,,
1984-06-29,,
1984-06-30,,
1984-07-01,,
1984-07-02,,
1984-07-03,,
1984-07-04,,
1984-07-05,,
1984-07-06,,
1984-07-07,,
1984-07-08,,
1984-07-09,,
1984-07-10,,
1984-07-11,,
1984-07-12,,
1984-07-13,,
1984-07-14,,
1984-07-15,,
1984-07-16,,
1984-07-17,,
1984-07-18,,
1984-07-19,,
1984-07-20,,
1984-07-21,,
1984-07-22,,
1984-07-23,,
1984-07-24,,
1984-07-25,,
1984-07-26,,
1984-07-27,,
1984-07-28,,
1984-07-29,,
1984-07-30,,
1984-07-31,,
1984-08-01,,
1984-08-02,,
1984-08-03,,
1984-08-04,,
1984-08-05,,
1984-08-06,,
1984-08-07,,
1984-08-08,,
1984-08-09,,
1984-08-10,,
1984-08-11,,
1984-08-12,,
1984-08-13,,
1984-08-14,,
1984-08-15,,
1984-08-16,,
1984-08-17,,
1984-08-18,,
1984-08-19,,
1984-08-20,,
1984-08-21,,
1984-08-22,,
1984-08-23,,
1984-08-24,,
1984-08-25,,
1984-08-26,,
1984-08-27,,
1984-08-28,,
1984-08-29,,
1984-08-30,,
1984-08-31,,
1984-09-01,,
1984-09-02,,
1984-09-03,,
1984-09-04,,
1984-09-05,,
1984-09-06,,
1984-09-07,,
1984-09-08,,
1984-09-09,,
1984-09-10,,
1984-09-11,,
1984-09-12,,
1984-09-13,,
1984-09-14,,
1984-09-15,,
1984-09-16,,
1984-09-17,,
1984-09-18,,
1984-09-19,,
1984-09-20,,
1984-09-21,,
1984-09-22,,
1984-09-23,,
1984-09-24,,
1984-09-25,,
1984-09-26,,
1984-09-27,,
1984-09-28,,
1984-09-29,,
1984-09-30,,
1984-10-01,,
1984-10-02,,
1984-10-03,,
1984-10-04,,
1984-10-05,,
1984-10-06,,
1984-10-07,,
1984-10-08,,
1984-10-09,,
1984-10-10,,
1984-10-11,,
1984-10-12,,
1984-10-13,,
1984-10-14,,
1984-10-15,,
1984-10-16,0.0,
1984-10-17,0.508,
1984-10-18,2.54,
1984-10-19,2.54,
1984-10-20,3.048,
1984-10-21,2.794,
1984-10-22,2.794,
1984-10-23,2.54,
1984-10-24,2.286,
1984-10-25,2.032,
1984-10-26,2.032,
1984-10-27,1.778,
1984-10-28,1.524,
1984-10-29,1.778,
1984-10-30,1.778,
1984-10-31,2.032,
1984-11-01,2.286,
1984-11-02,2.286,
1984-11-03,2.54,
1984-11-04,2.794,
1984-11-05,2.794,
1984-11-06,3.048,
1984-11-07,3.302,
1984-11-08,3.302,
1984-11-09,3.556,
1984-11-10,3.81,
1984-11-11,4.064,
1984-11-12,4.064,
1984-11-13,5.08,
1984-11-14,8.382,
1984-11-15,8.382,
1984-11-16,8.89,
1984-11-17,9.398,
1984-11-18,9.906,
1984-11-19,9.906,
1984-11-20,9.906,
1984-11-21,10.414,
1984-11-22,10.922,
1984-11-23,11.43,
1984-11-24,11.938,
1984-11-25,16.51,
1984-11-26,16.51,
1984-11-27,17.018,
1984-11-28,21.082,
1984-11-29,21.082,
1984-11-30,21.082,
1984-12-01,21.082,
1984-12-02,21.082,
1984-12-03,21.082,
1984-12-04,21.082,
1984-12-05,23.114,
1984-12-06,23.114,
1984-12-07,23.114,
1984-12-08,23.114,
1984-12-09,23.114,
1984-12-10,24.13,
1984-12-11,24.892,
1984-12-12,24.892,
1984-12-13,24.892,
1984-12-14,24.892,
1984-12-15,26.416,
1984-12-16,27.432,
1984-12-17,28.448,
1984-12-18,28.956,
1984-12-19,29.972,
1984-12-20,30.48,
1984-12-21,30.48,
1984-12-22,30.48,
1984-12-23,30.48,
1984-12-24,30.48,
1984-12-25,30.48,
1984-12-26,30.48,
1984-12-27,30.48,
1984-12-28,30.48,
1984-12-29,30.48,
1984-12-30,30.48,
1984-12-31,30.48,
1985-01-01,31.496,
1985-01-02,31.496,
1985-01-03,31.496,
1985-01-04,31.496,
1985-01-05,31.496,
1985-01-06,32.766,
1985-01-07,34.036,
1985-01-08,34.036,
1985-01-09,34.036,
1985-01-10,34.036,
1985-01-11,34.036,
1985-01-12,34.036,
1985-01-13,34.036,
1985-01-14,34.036,
1985-01-15,35.306,
1985-01-16,36.322,
1985-01-17,37.592,
1985-01-18,37.592,
1985-01-19,37.592,
1985-01-20,37.592,
1985-01-21,37.592,
1985-01-22,37.592,
1985-01-23,37.592,
1985-01-24,37.592,
1985-01-25,37.592,
1985-01-26,38.354,
1985-01-27,39.116,
1985-01-28,39.116,
1985-01-29,39.116,
1985-01-30,39.116,
1985-01-31,39.116,
1985-02-01,39.116,
1985-02-02,39.116,
1985-02-03,39.116,
1985-02-04,39.116,
1985-02-05,39.116,
1985-02-06,39.116,
1985-02-07,39.116,
1985-02-08,41.148,
1985-02-09,43.18,
1985-02-10,44.958,
1985-02-11,46.99,
1985-02-12,49.022,
1985-02-13,49.022,
1985-02-14,49.022,
1985-02-15,49.022,
1985-02-16,49.022,
1985-02-17,49.022,
1985-02-18,49.022,
1985-02-19,49.022,
1985-02-20,49.022,
1985-02-21,49.022,
1985-02-22,49.022,
1985-02-23,49.022,
1985-02-24,49.022,
1985-02-25,49.022,
1985-02-26,49.022,
1985-02-27,49.022,
1985-02-28,49.022,
1985-03-01,49.022,
1985-03-02,49.022,
1985-03-03,49.022,
1985-03-04,49.276,
1985-03-05,49.276,
1985-03-06,49.53,
1985-03-07,50.038,
1985-03-08,50.038,
1985-03-09,55.626,
1985-03-10,56.388,
1985-03-11,57.912,
1985-03-12,58.928,
1985-03-13,58.928,
1985-03-14,59.436,
1985-03-15,59.436,
1985-03-16,59.436,
1985-03-17,59.436,
1985-03-18,59.436,
1985-03-19,59.436,
1985-03-20,59.436,
1985-03-21,59.436,
1985-03-22,59.436,
1985-03-23,59.436,
1985-03-24,59.436,
1985-03-25,59.436,
1985-03-26,59.436,
1985-03-27,60.452,
1985-03-28,66.04,
1985-03-29,68.072,
1985-03-30,68.58,
1985-03-31,68.58,
1985-04-01,68.834,
1985-04-02,68.834,
1985-04-03,68.834,
1985-04-04,69.088,
1985-04-05,69.088,
1985-04-06,67.564,
1985-04-07,66.04,
1985-04-08,64.516,
1985-04-09,63.5,
1985-04-10,61.468,
1985-04-11,58.928,
1985-04-12,56.896,
1985-04-13,54.102,
1985-04-14,51.562,
1985-04-15,49.022,
1985-04-16,46.99,
1985-04-17,44.958,
1985-04-18,44.45,
1985-04-19,44.196,
1985-04-20,43.942,
1985-04-21,43.688,
1985-04-22,43.688,
1985-04-23,43.434,
1985-04-24,41.402,
1985-04-25,40.132,
1985-04-26,38.1,
1985-04-27,36.068,
1985-04-28,34.544,
1985-04-29,32.004,
1985-04-30,29.972,
1985-05-01,26.924,
1985-05-02,23.622,
1985-05-03,21.59,
1985-05-04,18.034,
1985-05-05,14.478,
1985-05-06,9.906,
1985-05-07,6.096,
1985-05-08,4.572,
1985-05-09,2.54,
1985-05-10,0.0,
1985-05-11,,
1985-05-12,,
1985-05-13,,
1985-05-14,,
1985-05-15,,
1985-05-16,,
1985-05-17,,
1985-05-18,,
1985-05-19,,
1985-05-20,,
1985-05-21,,
1985-05-22,,
1985-05-23,,
1985-05-24,,
1985-05-25,,
1985-05-26,,
1985-05-27,,
1985-05-28,,
1985-05-29,,
1985-05-30,,
1985-05-31,,
1985-06-01,,
1985-06-02,,
1985-06-03,,
1985-06-04,,
1985-06-05,,
1985-06-06,,
1985-06-07,,
1985-06-08,,
1985-06-09,,
1985-06-10,,
1985-06-11,,
1985-06-12,,
1985-06-13,,
1985-06-14,,
1985-06-15,,
1985-06-16,,
1985-06-17,,
1985-06-18,,
1985-06-19,,
1985-06-20,,
1985-06-21,,
1985-06-22,,
1985-06-23,,
1985-06-24,,
1985-06-25,,
1985-06-26,,
1985-06-27,,
1985-06-28,,
1985-06-29,,
1985-06-30,,
1985-07-01,,
1985-07-02,,
1985-07-03,,
1985-07-04,,
1985-07-05,,
1985-07-06,,
1985-07-07,,
1985-07-08,,
1985-07-09,,
1985-07-10,,
1985-07-11,,
1985-07-12,,
1985-07-13,,
1985-07-14,,
1985-07-15,,
1985-07-16,,
1985-07-17,,
1985-07-18,,
1985-07-19,,
1985-07-20,,
1985-07-21,,
1985-07-22,,
1985-07-23,,
1985-07-24,,
1985-07-25,,
1985-07-26,,
1985-07-27,,
1985-07-28,,
1985-07-29,,
1985-07-30,,
1985-07-31,,
1985-08-01,,
1985-08-02,,
1985-08-03,,
1985-08-04,,
1985-08-05,,
1985-08-06,,
1985-08-07,,
1985-08-08,,
1985-08-09,,
1985-08-10,,
1985-08-11,,
1985-08-12,,
1985-08-13,,
1985-08-14,,
1985-08-15,,
1985-08-16,,
1985-08-17,,
1985-08-18,,
1985-08-19,,
1985-08-20,,
1985-08-21,,
1985-08-22,,
1985-08-23,,
1985-08-24,,
1985-08-25,,
1985-08-26,,
1985-08-27,,
1985-08-28,,
1985-08-29,,
1985-08-30,,
1985-08-31,,
1985-09-01,,
1985-09-02,,
1985-09-03,,
1985-09-04,,
1985-09-05,,
1985-09-06,,
1985-09-07,,
1985-09-08,,
1985-09-09,,
1985-09-10,,
1985-09-11,,
1985-09-12,,
1985-09-13,,
1985-09-14,,
1985-09-15,,
1985-09-16,,
1985-09-17,,
1985-09-18,,
1985-09-19,,
1985-09-20,,
1985-09-21,,
1985-09-22,,
1985-09-23,,
1985-09-24,,
1985-09-25,,
1985-09-26,,
1985-09-27,,
1985-09-28,,
1985-09-29,,
1985-09-30,,
1985-10-01,,
1985-10-02,,
1985-10-03,,
1985-10-04,,
1985-10-05,,
1985-10-06,,
1985-10-07,,
1985-10-08,,
1985-10-09,,
1985-10-10,,
1985-10-11,,
1985-10-12,,
1985-10-13,,
1985-10-14,,
1985-10-15,,
1985-10-16,,
1985-10-17,,
1985-10-18,,
1985-10-19,,
1985-10-20,,
1985-10-21,,
1985-10-22,,
1985-10-23,,
1985-10-24,,
1985-10-25,,
1985-10-26,,
1985-10-27,,
1985-10-28,,
1985-10-29,,
1985-10-30,,
1985-10-31,,
1985-11-01,,
1985-11-02,,
1985-11-03,,
1985-11-04,,
1985-11-05,,
1985-11-06,,
1985-11-07,,
1985-11-08,,
1985-11-09,,
1985-11-10,0.0,
1985-11-11,1.524,
1985-11-12,3.048,
1985-11-13,3.048,
1985-11-14,3.556,
1985-11-15,4.064,
1985-11-16,4.064,
1985-11-17,4.064,
1985-11-18,4.572,
1985-11-19,5.08,
1985-11-20,5.588,
1985-11-21,6.096,
1985-11-22,6.096,
1985-11-23,6.096,
1985-11-24,7.62,
1985-11-25,15.494,
1985-11-26,15.494,
1985-11-27,17.526,
1985-11-28,18.034,
1985-11-29,20.066,
1985-11-30,23.114,
1985-12-01,23.622,
1985-12-02,24.892,
1985-12-03,35.56,
1985-12-04,36.068,
1985-12-05,36.068,
1985-12-06,36.068,
1985-12-07,36.576,
1985-12-08,36.576,
1985-12-09,36.576,
1985-12-10,36.576,
1985-12-11,36.576,
1985-12-12,36.576,
1985-12-13,37.084,
1985-12-14,37.084,
1985-12-15,37.084,
1985-12-16,37.084,
1985-12-17,37.084,
1985-12-18,37.084,
1985-12-19,37.084,
1985-12-20,37.084,
1985-12-21,37.084,
1985-12-22,37.084,
1985-12-23,37.084,
1985-12-24,37.084,
1985-12-25,37.084,
1985-12-26,37.084,
1985-12-27,37.084,
1985-12-28,37.084,
1985-12-29,37.084,
1985-12-30,40.894,
1985-12-31,41.91,
1986-01-01,41.91,
1986-01-02,41.91,
1986-01-03,41.91,
1986-01-04,42.418,
1986-01-05,46.482,
1986-01-06,48.006,
1986-01-07,48.006,
1986-01-08,48.006,
1986-01-09,48.006,
1986-01-10,48.006,
1986-01-11,48.006,
1986-01-12,48.006,
1986-01-13,48.006,
1986-01-14,48.006,
1986-01-15,48.006,
1986-01-16,48.006,
1986-01-17,48.006,
1986-01-18,48.006,
1986-01-19,48.006,
1986-01-20,48.006,
1986-01-21,48.006,
1986-01-22,48.514,
1986-01-23,48.514,
1986-01-24,48.514,
1986-01-25,48.514,
1986-01-26,49.022,
1986-01-27,49.022,
1986-01-28,49.022,
1986-01-29,49.022,
1986-01-30,49.53,
1986-01-31,53.594,
1986-02-01,54.61,
1986-02-02,55.118,
1986-02-03,56.134,
1986-02-04,56.896,
1986-02-05,57.404,
1986-02-06,57.404,
1986-02-07,57.404,
1986-02-08,57.404,
1986-02-09,57.404,
1986-02-10,57.912,
1986-02-11,57.912,
1986-02-12,58.42,
1986-02-13,69.088,
1986-02-14,75.946,
1986-02-15,82.55,
1986-02-16,90.424,
1986-02-17,100.076,
1986-02-18,111.506,
1986-02-19,121.92,
1986-02-20,121.92,
1986-02-21,121.92,
1986-02-22,121.92,
1986-02-23,121.92,
1986-02-24,121.92,
1986-02-25,121.92,
1986-02-26,116.586,
1986-02-27,117.602,
1986-02-28,121.412,
1986-03-01,124.46,
1986-03-02,126.492,
1986-03-03,128.016,
1986-03-04,128.524,
1986-03-05,130.048,
1986-03-06,131.064,
1986-03-07,132.08,
1986-03-08,134.112,
1986-03-09,141.986,
1986-03-10,144.018,
1986-03-11,150.114,
1986-03-12,151.638,
1986-03-13,153.924,
1986-03-14,155.956,
1986-03-15,156.464,
1986-03-16,159.512,
1986-03-17,162.56,
1986-03-18,163.576,
1986-03-19,159.512,
1986-03-20,162.052,
1986-03-21,165.1,
1986-03-22,165.1,
1986-03-23,162.56,
1986-03-24,162.052,
1986-03-25,161.544,
1986-03-26,160.528,
1986-03-27,159.512,
1986-03-28,157.48,
1986-03-29,156.464,
1986-03-30,155.448,
1986-03-31,154.432,
1986-04-01,153.416,
1986-04-02,152.4,
1986-04-03,151.892,
1986-04-04,151.638,
1986-04-05,151.13,
1986-04-06,151.13,
1986-04-07,151.13,
1986-04-08,152.4,
1986-04-09,152.908,
1986-04-10,152.908,
1986-04-11,151.892,
1986-04-12,151.892,
1986-04-13,151.638,
1986-04-14,151.13,
1986-04-15,150.622,
1986-04-16,150.622,
1986-04-17,150.114,
1986-04-18,150.114,
1986-04-19,149.606,
1986-04-20,148.59,
1986-04-21,147.066,
1986-04-22,144.018,
1986-04-23,139.446,
1986-04-24,136.398,
1986-04-25,134.62,
1986-04-26,133.096,
1986-04-27,131.572,
1986-04-28,129.54,
1986-04-29,125.984,
1986-04-30,122.936,
1986-05-01,120.904,
1986-05-02,119.126,
1986-05-03,117.094,
1986-05-04,115.57,
1986-05-05,115.062,
1986-05-06,115.062,
1986-05-07,115.062,
1986-05-08,115.57,
1986-05-09,115.57,
1986-05-10,114.046,
1986-05-11,112.014,
1986-05-12,109.982,
1986-05-13,107.95,
1986-05-14,104.394,
1986-05-15,102.108,
1986-05-16,99.06,
1986-05-17,96.52,
1986-05-18,93.472,
1986-05-19,89.408,
1986-05-20,86.106,
1986-05-21,83.058,
1986-05-22,80.518,
1986-05-23,77.978,
1986-05-24,75.946,
1986-05-25,73.406,
1986-05-26,69.596,
1986-05-27,65.532,
1986-05-28,60.96,
1986-05-29,56.388,
1986-05-30,52.07,
1986-05-31,52.07,
1986-06-01,43.434,
1986-06-02,38.354,
1986-06-03,33.528,
1986-06-04,27.94,
1986-06-05,22.606,
1986-06-06,16.51,
1986-06-07,9.398,
1986-06-08,6.604,
1986-06-09,5.588,
1986-06-10,4.572,
1986-06-11,3.048,
1986-06-12,1.524,
1986-06-13,0.508,
1986-06-14,0.508,
1986-06-15,0.0,
1986-06-16,,
1986-06-17,,
1986-06-18,,
1986-06-19,,
1986-06-20,,
1986-06-21,,
1986-06-22,,
1986-06-23,,
1986-06-24,,
1986-06-25,,
1986-06-26,,
1986-06-27,,
1986-06-28,,
1986-06-29,,
1986-06-30,,
1986-07-01,,
1986-07-02,,
1986-07-03,,
1986-07-04,,
1986-07-05,,
1986-07-06,,
1986-07-07,,
1986-07-08,,
1986-07-09,,
1986-07-10,,
1986-07-11,,
1986-07-12,,
1986-07-13,,
1986-07-14,,
1986-07-15,,
1986-07-16,,
1986-07-17,,
1986-07-18,,
1986-07-19,,
1986-07-20,,
1986-07-21,,
1986-07-22,,
1986-07-23,,
1986-07-24,,
1986-07-25,,
1986-07-26,,
1986-07-27,,
1986-07-28,,
1986-07-29,,
1986-07-30,,
1986-07-31,,
1986-08-01,,
1986-08-02,,
1986-08-03,,
1986-08-04,,
1986-08-05,,
1986-08-06,,
1986-08-07,,
1986-08-08,,
1986-08-09,,
1986-08-10,,
1986-08-11,,
1986-08-12,,
1986-08-13,,
1986-08-14,,
1986-08-15,,
1986-08-16,,
1986-08-17,,
1986-08-18,,
1986-08-19,,
1986-08-20,,
1986-08-21,,
1986-08-22,,
1986-08-23,,
1986-08-24,,
1986-08-25,,
1986-08-26,,
1986-08-27,,
1986-08-28,,
1986-08-29,,
1986-08-30,,
1986-08-31,,
1986-09-01,,
1986-09-02,,
1986-09-03,,
1986-09-04,,
1986-09-05,,
1986-09-06,,
1986-09-07,,
1986-09-08,,
1986-09-09,,
1986-09-10,,
1986-09-11,,
1986-09-12,,
1986-09-13,,
1986-09-14,,
1986-09-15,,
1986-09-16,,
1986-09-17,,
1986-09-18,,
1986-09-19,,
1986-09-20,,
1986-09-21,,
1986-09-22,,
1986-09-23,,
1986-09-24,,
1986-09-25,,
1986-09-26,,
1986-09-27,,
1986-09-28,,
1986-09-29,,
1986-09-30,,
1986-10-01,,
1986-10-02,,
1986-10-03,,
1986-10-04,,
1986-10-05,,
1986-10-06,,
1986-10-07,,
1986-10-08,,
1986-10-09,,
1986-10-10,,
1986-10-11,,
1986-10-12,,
1986-10-13,,
1986-10-14,,
1986-10-15,,
1986-10-16,,
1986-10-17,,
1986-10-18,,
1986-10-19,,
1986-10-20,,
1986-10-21,,
1986-10-22,,
1986-10-23,,
1986-10-24,,
1986-10-25,,
1986-10-26,,
1986-10-27,,
1986-10-28,,
1986-10-29,,
1986-10-30,,
1986-10-31,,
1986-11-01,,
1986-11-02,,
1986-11-03,,
1986-11-04,,
1986-11-05,,
1986-11-06,,
1986-11-07,,
1986-11-08,,
1986-11-09,,
1986-11-10,,
1986-11-11,,
1986-11-12,,
1986-11-13,,
1986-11-14,,
1986-11-15,,
1986-11-16,,
1986-11-17,,
1986-11-18,,
1986-11-19,,
1986-11-20,,
1986-11-21,,
1986-11-22,,
1986-11-23,,
1986-11-24,,
1986-11-25,,
1986-11-26,,
1986-11-27,,
1986-11-28,,
1986-11-29,,
1986-11-30,,
1986-12-01,,
1986-12-02,,
1986-12-03,,
1986-12-04,,
1986-12-05,,
1986-12-06,,
1986-12-07,,
1986-12-08,,
1986-12-09,,
1986-12-10,,
1986-12-11,,
1986-12-12,,
1986-12-13,,
1986-12-14,,
1986-12-15,,
1986-12-16,,
1986-12-17,,
1986-12-18,,
1986-12-19,,
1986-12-20,,
1986-12-21,,
1986-12-22,,
1986-12-23,,
1986-12-24,,
1986-12-25,,
1986-12-26,,
1986-12-27,,
1986-12-28,,
1986-12-29,,
1986-12-30,,
1986-12-31,,
1987-01-01,3.556,
1987-01-02,3.556,
1987-01-03,3.556,
1987-01-04,4.064,
1987-01-05,6.604,
1987-01-06,6.604,
1987-01-07,7.62,
1987-01-08,7.62,
1987-01-09,7.62,
1987-01-10,7.62,
1987-01-11,7.62,
1987-01-12,7.62,
1987-01-13,7.62,
1987-01-14,7.62,
1987-01-15,7.62,
1987-01-16,7.62,
1987-01-17,7.62,
1987-01-18,7.62,
1987-01-19,7.62,
1987-01-20,7.62,
1987-01-21,7.62,
1987-01-22,8.128,
1987-01-23,8.128,
1987-01-24,8.128,
1987-01-25,8.128,
1987-01-26,8.128,
1987-01-27,8.128,
1987-01-28,8.636,
1987-01-29,9.906,
1987-01-30,9.906,
1987-01-31,9.906,
1987-02-01,9.906,
1987-02-02,9.906,
1987-02-03,11.176,
1987-02-04,12.446,
1987-02-05,12.446,
1987-02-06,12.446,
1987-02-07,12.446,
1987-02-08,12.446,
1987-02-09,12.446,
1987-02-10,12.446,
1987-02-11,13.462,
1987-02-12,14.503,
1987-02-13,14.503,
1987-02-14,14.503,
1987-02-15,14.503,
1987-02-16,14.503,
1987-02-17,14.503,
1987-02-18,14.478,
1987-02-19,14.478,
1987-02-20,14.478,
1987-02-21,14.478,
1987-02-22,14.478,
1987-02-23,14.478,
1987-02-24,25.019,
1987-02-25,25.146,
1987-02-26,25.908,
1987-02-27,25.908,
1987-02-28,25.908,
1987-03-01,25.908,
1987-03-02,25.908,
1987-03-03,25.908,
1987-03-04,25.908,
1987-03-05,25.908,
1987-03-06,29.464,
1987-03-07,30.988,
1987-03-08,31.013,
1987-03-09,30.988,
1987-03-10,30.988,
1987-03-11,30.988,
1987-03-12,30.988,
1987-03-13,31.521,
1987-03-14,32.004,
1987-03-15,35.052,
1987-03-16,36.068,
1987-03-17,36.576,
1987-03-18,36.576,
1987-03-19,36.576,
1987-03-20,36.576,
1987-03-21,36.576,
1987-03-22,37.592,
1987-03-23,38.608,
1987-03-24,40.132,
1987-03-25,40.132,
1987-03-26,40.132,
1987-03-27,40.132,
1987-03-28,40.132,
1987-03-29,40.132,
1987-03-30,40.132,
1987-03-31,40.132,
1987-04-01,40.132,
1987-04-02,40.132,
1987-04-03,40.64,
1987-04-04,40.64,
1987-04-05,40.64,
1987-04-06,40.64,
1987-04-07,40.64,
1987-04-08,40.64,
1987-04-09,40.64,
1987-04-10,39.116,
1987-04-11,37.084,
1987-04-12,35.56,
1987-04-13,33.528,
1987-04-14,30.988,
1987-04-15,28.956,
1987-04-16,26.924,
1987-04-17,24.638,
1987-04-18,21.59,
1987-04-19,19.05,
1987-04-20,17.526,
1987-04-21,14.986,
1987-04-22,11.43,
1987-04-23,8.128,
1987-04-24,5.588,
1987-04-25,3.556,
1987-04-26,1.524,
1987-04-27,1.016,
1987-04-28,0.0,
1987-04-29,,
1987-04-30,,
1987-05-01,,
1987-05-02,,
1987-05-03,,
1987-05-04,,
1987-05-05,,
1987-05-06,,
1987-05-07,,
1987-05-08,,
1987-05-09,,
1987-05-10,,
1987-05-11,,
1987-05-12,,
1987-05-13,,
1987-05-14,,
1987-05-15,,
1987-05-16,,
1987-05-17,,
1987-05-18,,
1987-05-19,,
1987-05-20,,
1987-05-21,,
1987-05-22,,
1987-05-23,,
1987-05-24,,
1987-05-25,,
1987-05-26,,
1987-05-27,,
1987-05-28,,
1987-05-29,,
1987-05-30,,
1987-05-31,,
1987-06-01,,
1987-06-02,,
1987-06-03,,
1987-06-04,,
1987-06-05,,
1987-06-06,,
1987-06-07,,
1987-06-08,,
1987-06-09,,
1987-06-10,,
1987-06-11,,
1987-06-12,,
1987-06-13,,
1987-06-14,,
1987-06-15,,
1987-06-16,,
1987-06-17,,
1987-06-18,,
1987-06-19,,
1987-06-20,,
1987-06-21,,
1987-06-22,,
1987-06-23,,
1987-06-24,,
1987-06-25,,
1987-06-26,,
1987-06-27,,
1987-06-28,,
1987-06-29,,
1987-06-30,,
1987-07-01,,
1987-07-02,,
1987-07-03,,
1987-07-04,,
1987-07-05,,
1987-07-06,,
1987-07-07,,
1987-07-08,,
1987-07-09,,
1987-07-10,,
1987-07-11,,
1987-07-12,,
1987-07-13,,
1987-07-14,,
1987-07-15,,
1987-07-16,,
1987-07-17,,
1987-07-18,,
1987-07-19,,
1987-07-20,,
1987-07-21,,
1987-07-22,,
1987-07-23,,
1987-07-24,,
1987-07-25,,
1987-07-26,,
1987-07-27,,
1987-07-28,,
1987-07-29,,
1987-07-30,,
1987-07-31,,
1987-08-01,,
1987-08-02,,
1987-08-03,,
1987-08-04,,
1987-08-05,,
1987-08-06,,
1987-08-07,,
1987-08-08,,
1987-08-09,,
1987-08-10,,
1987-08-11,,
1987-08-12,,
1987-08-13,,
1987-08-14,,
1987-08-15,,
1987-08-16,,
1987-08-17,,
1987-08-18,,
1987-08-19,,
1987-08-20,,
1987-08-21,,
1987-08-22,,
1987-08-23,,
1987-08-24,,
1987-08-25,,
1987-08-26,,
1987-08-27,,
1987-08-28,,
1987-08-29,,
1987-08-30,,
1987-08-31,,
1987-09-01,,
1987-09-02,,
1987-09-03,,
1987-09-04,,
1987-09-05,,
1987-09-06,,
1987-09-07,,
1987-09-08,,
1987-09-09,,
1987-09-10,,
1987-09-11,,
1987-09-12,,
1987-09-13,,
1987-09-14,,
1987-09-15,,
1987-09-16,,
1987-09-17,,
1987-09-18,,
1987-09-19,,
1987-09-20,,
1987-09-21,,
1987-09-22,,
1987-09-23,,
1987-09-24,,
1987-09-25,,
1987-09-26,,
1987-09-27,,
1987-09-28,,
1987-09-29,,
1987-09-30,,
1987-10-01,,
1987-10-02,,
1987-10-03,,
1987-10-04,,
1987-10-05,,
1987-10-06,,
1987-10-07,,
1987-10-08,,
1987-10-09,,
1987-10-10,,
1987-10-11,,
1987-10-12,,
1987-10-13,,
1987-10-14,,
1987-10-15,,
1987-10-16,,
1987-10-17,,
1987-10-18,,
1987-10-19,,
1987-10-20,,
1987-10-21,,
1987-10-22,,
1987-10-23,,
1987-10-24,,
1987-10-25,,
1987-10-26,,
1987-10-27,,
1987-10-28,,
1987-10-29,,
1987-10-30,,
1987-10-31,,
1987-11-01,,
1987-11-02,,
1987-11-03,,
1987-11-04,,
1987-11-05,,
1987-11-06,,
1987-11-07,0.0,
1987-11-08,0.508,
1987-11-09,0.508,
1987-11-10,0.508,
1987-11-11,0.508,
1987-11-12,0.508,
1987-11-13,1.016,
1987-11-14,1.016,
1987-11-15,1.016,
1987-11-16,1.016,
1987-11-17,1.524,
1987-11-18,1.524,
1987-11-19,2.032,
1987-11-20,2.032,
1987-11-21,2.032,
1987-11-22,2.54,
1987-11-23,3.048,
1987-11-24,3.048,
1987-11-25,3.048,
1987-11-26,3.048,
1987-11-27,3.048,
1987-11-28,3.048,
1987-11-29,3.048,
1987-11-30,3.048,
1987-12-01,3.556,
1987-12-02,3.556,
1987-12-03,3.556,
1987-12-04,4.064,
1987-12-05,4.064,
1987-12-06,4.064,
1987-12-07,7.62,
1987-12-08,8.128,
1987-12-09,9.398,
1987-12-10,9.906,
1987-12-11,10.414,
1987-12-12,10.414,
1987-12-13,10.414,
1987-12-14,10.414,
1987-12-15,10.414,
1987-12-16,10.414,
1987-12-17,10.922,
1987-12-18,10.922,
1987-12-19,11.43,
1987-12-20,11.43,
1987-12-21,12.954,
1987-12-22,12.954,
1987-12-23,14.478,
1987-12-24,14.478,
1987-12-25,14.478,
1987-12-26,14.986,
1987-12-27,14.986,
1987-12-28,16.002,
1987-12-29,18.034,
1987-12-30,19.558,
1987-12-31,20.066,
1988-01-01,20.066,
1988-01-02,20.066,
1988-01-03,20.574,
1988-01-04,23.114,
1988-01-05,26.924,
1988-01-06,34.544,
1988-01-07,34.544,
1988-01-08,35.052,
1988-01-09,35.56,
1988-01-10,35.56,
1988-01-11,35.56,
1988-01-12,37.084,
1988-01-13,37.592,
1988-01-14,37.592,
1988-01-15,37.592,
1988-01-16,37.592,
1988-01-17,39.624,
1988-01-18,45.974,
1988-01-19,45.974,
1988-01-20,45.974,
1988-01-21,45.974,
1988-01-22,45.974,
1988-01-23,45.974,
1988-01-24,45.974,
1988-01-25,45.974,
1988-01-26,45.974,
1988-01-27,45.974,
1988-01-28,45.974,
1988-01-29,45.974,
1988-01-30,45.974,
1988-01-31,45.974,
1988-02-01,45.974,
1988-02-02,45.974,
1988-02-03,45.974,
1988-02-04,45.974,
1988-02-05,45.974,
1988-02-06,45.974,
1988-02-07,45.974,
1988-02-08,45.974,
1988-02-09,45.974,
1988-02-10,45.974,
1988-02-11,45.974,
1988-02-12,45.974,
1988-02-13,45.974,
1988-02-14,45.974,
1988-02-15,45.974,
1988-02-16,45.974,
1988-02-17,45.974,
1988-02-18,45.974,
1988-02-19,45.974,
1988-02-20,45.974,
1988-02-21,45.974,
1988-02-22,45.974,
1988-02-23,45.974,
1988-02-24,45.974,
1988-02-25,45.974,
1988-02-26,45.974,
1988-02-27,46.228,
1988-02-28,46.482,
1988-02-29,46.736,
1988-03-01,46.99,
1988-03-02,47.244,
1988-03-03,47.498,
1988-03-04,47.498,
1988-03-05,47.498,
1988-03-06,47.498,
1988-03-07,47.498,
1988-03-08,47.498,
1988-03-09,47.498,
1988-03-10,47.498,
1988-03-11,47.498,
1988-03-12,47.498,
1988-03-13,47.498,
1988-03-14,47.498,
1988-03-15,47.498,
1988-03-16,47.498,
1988-03-17,47.498,
1988-03-18,47.498,
1988-03-19,46.99,
1988-03-20,45.974,
1988-03-21,43.942,
1988-03-22,41.402,
1988-03-23,40.132,
1988-03-24,38.608,
1988-03-25,38.1,
1988-03-26,36.576,
1988-03-27,34.036,
1988-03-28,33.02,
1988-03-29,30.48,
1988-03-30,28.956,
1988-03-31,26.924,
1988-04-01,25.4,
1988-04-02,25.4,
1988-04-03,23.114,
1988-04-04,21.59,
1988-04-05,19.05,
1988-04-06,16.002,
1988-04-07,12.954,
1988-04-08,10.414,
1988-04-09,8.128,
1988-04-10,6.096,
1988-04-11,5.08,
1988-04-12,4.064,
1988-04-13,4.064,
1988-04-14,4.064,
1988-04-15,4.064,
1988-04-16,4.064,
1988-04-17,4.064,
1988-04-18,4.064,
1988-04-19,4.064,
1988-04-20,4.064,
1988-04-21,4.064,
1988-04-22,2.54,
1988-04-23,1.016,
1988-04-24,0.0,
1988-04-25,,
1988-04-26,,
1988-04-27,,
1988-04-28,,
1988-04-29,,
1988-04-30,,
1988-05-01,,
1988-05-02,,
1988-05-03,,
1988-05-04,,
1988-05-05,,
1988-05-06,,
1988-05-07,,
1988-05-08,,
1988-05-09,,
1988-05-10,,
1988-05-11,,
1988-05-12,,
1988-05-13,,
1988-05-14,,
1988-05-15,,
1988-05-16,,
1988-05-17,,
1988-05-18,,
1988-05-19,,
1988-05-20,,
1988-05-21,,
1988-05-22,,
1988-05-23,,
1988-05-24,,
1988-05-25,,
1988-05-26,,
1988-05-27,,
1988-05-28,,
1988-05-29,,
1988-05-30,,
1988-05-31,,
1988-06-01,,
1988-06-02,,
1988-06-03,,
1988-06-04,,
1988-06-05,,
1988-06-06,,
1988-06-07,,
1988-06-08,,
1988-06-09,,
1988-06-10,,
1988-06-11,,
1988-06-12,,
1988-06-13,,
1988-06-14,,
1988-06-15,,
1988-06-16,,
1988-06-17,,
1988-06-18,,
1988-06-19,,
1988-06-20,,
1988-06-21,,
1988-06-22,,
1988-06-23,,
1988-06-24,,
1988-06-25,,
1988-06-26,,
1988-06-27,,
1988-06-28,,
1988-06-29,,
1988-06-30,,
1988-07-01,,
1988-07-02,,
1988-07-03,,
1988-07-04,,
1988-07-05,,
1988-07-06,,
1988-07-07,,
1988-07-08,,
1988-07-09,,
1988-07-10,,
1988-07-11,,
1988-07-12,,
1988-07-13,,
1988-07-14,,
1988-07-15,,
1988-07-16,,
1988-07-17,,
1988-07-18,,
1988-07-19,,
1988-07-20,,
1988-07-21,,
1988-07-22,,
1988-07-23,,
1988-07-24,,
1988-07-25,,
1988-07-26,,
1988-07-27,,
1988-07-28,,
1988-07-29,,
1988-07-30,,
1988-07-31,,
1988-08-01,,
1988-08-02,,
1988-08-03,,
1988-08-04,,
1988-08-05,,
1988-08-06,,
1988-08-07,,
1988-08-08,,
1988-08-09,,
1988-08-10,,
1988-08-11,,
1988-08-12,,
1988-08-13,,
1988-08-14,,
1988-08-15,,
1988-08-16,,
1988-08-17,,
1988-08-18,,
1988-08-19,,
1988-08-20,,
1988-08-21,,
1988-08-22,,
1988-08-23,,
1988-08-24,,
1988-08-25,,
1988-08-26,,
1988-08-27,,
1988-08-28,,
1988-08-29,,
1988-08-30,,
1988-08-31,,
1988-09-01,,
1988-09-02,,
1988-09-03,,
1988-09-04,,
1988-09-05,,
1988-09-06,,
1988-09-07,,
1988-09-08,,
1988-09-09,,
1988-09-10,,
1988-09-11,,
1988-09-12,,
1988-09-13,,
1988-09-14,,
1988-09-15,,
1988-09-16,,
1988-09-17,,
1988-09-18,,
1988-09-19,,
1988-09-20,,
1988-09-21,,
1988-09-22,,
1988-09-23,,
1988-09-24,,
1988-09-25,,
1988-09-26,,
1988-09-27,,
1988-09-28,,
1988-09-29,,
1988-09-30,,
1988-10-01,,
1988-10-02,,
1988-10-03,,
1988-10-04,,
1988-10-05,,
1988-10-06,,
1988-10-07,,
1988-10-08,,
1988-10-09,,
1988-10-10,,
1988-10-11,,
1988-10-12,,
1988-10-13,,
1988-10-14,,
1988-10-15,,
1988-10-16,,
1988-10-17,,
1988-10-18,,
1988-10-19,,
1988-10-20,,
1988-10-21,,
1988-10-22,,
1988-10-23,,
1988-10-24,,
1988-10-25,,
1988-10-26,,
1988-10-27,,
1988-10-28,,
1988-10-29,,
1988-10-30,,
1988-10-31,,
1988-11-01,,
1988-11-02,,
1988-11-03,,
1988-11-04,,
1988-11-05,,
1988-11-06,,
1988-11-07,,
1988-11-08,,
1988-11-09,,
1988-11-10,,
1988-11-11,,
1988-11-12,,
1988-11-13,,
1988-11-14,,
1988-11-15,,
1988-11-16,,
1988-11-17,,
1988-11-18,,
1988-11-19,,
1988-11-20,,
1988-11-21,,
1988-11-22,0.0,
1988-11-23,1.016,
1988-11-24,2.007,
1988-11-25,5.994,
1988-11-26,4.445,
1988-11-27,5.334,
1988-11-28,5.461,
1988-11-29,5.334,
1988-11-30,5.283,
1988-12-01,5.232,
1988-12-02,5.182,
1988-12-03,5.105,
1988-12-04,5.055,
1988-12-05,5.004,
1988-12-06,4.953,
1988-12-07,4.902,
1988-12-08,4.851,
1988-12-09,4.801,
1988-12-10,4.75,
1988-12-11,4.674,
1988-12-12,4.623,
1988-12-13,4.572,
1988-12-14,4.521,
1988-12-15,4.572,
1988-12-16,4.521,
1988-12-17,4.521,
1988-12-18,4.521,
1988-12-19,5.512,
1988-12-20,5.588,
1988-12-21,7.01,
1988-12-22,7.62,
1988-12-23,12.014,
1988-12-24,14.021,
1988-12-25,21.514,
1988-12-26,21.514,
1988-12-27,21.514,
1988-12-28,21.514,
1988-12-29,22.022,
1988-12-30,22.022,
1988-12-31,22.098,
1989-01-01,22.86,
1989-01-02,23.368,
1989-01-03,24.511,
1989-01-04,24.511,
1989-01-05,24.511,
1989-01-06,26.518,
1989-01-07,27.0,
1989-01-08,27.0,
1989-01-09,27.0,
1989-01-10,27.508,
1989-01-11,27.508,
1989-01-12,27.508,
1989-01-13,27.508,
1989-01-14,27.508,
1989-01-15,27.508,
1989-01-16,27.508,
1989-01-17,27.508,
1989-01-18,27.508,
1989-01-19,27.508,
1989-01-20,27.508,
1989-01-21,27.508,
1989-01-22,27.508,
1989-01-23,27.508,
1989-01-24,27.508,
1989-01-25,27.508,
1989-01-26,27.508,
1989-01-27,27.508,
1989-01-28,27.508,
1989-01-29,27.508,
1989-01-30,28.499,
1989-01-31,28.499,
1989-02-01,28.499,
1989-02-02,28.499,
1989-02-03,28.499,
1989-02-04,31.521,
1989-02-05,33.503,
1989-02-06,34.011,
1989-02-07,34.519,
1989-02-08,35.001,
1989-02-09,37.008,
1989-02-10,39.014,
1989-02-11,39.014,
1989-02-12,39.014,
1989-02-13,39.014,
1989-02-14,39.04,
1989-02-15,39.065,
1989-02-16,39.065,
1989-02-17,39.091,
1989-02-18,39.116,
1989-02-19,39.878,
1989-02-20,40.386,
1989-02-21,40.386,
1989-02-22,40.386,
1989-02-23,40.386,
1989-02-24,40.386,
1989-02-25,40.513,
1989-02-26,40.513,
1989-02-27,42.012,
1989-02-28,42.012,
1989-03-01,42.012,
1989-03-02,42.52,
1989-03-03,48.006,
1989-03-04,48.514,
1989-03-05,49.022,
1989-03-06,49.022,
1989-03-07,50.013,
1989-03-08,51.003,
1989-03-09,54.0,
1989-03-10,54.0,
1989-03-11,54.508,
1989-03-12,54.508,
1989-03-13,54.508,
1989-03-14,54.508,
1989-03-15,54.508,
1989-03-16,54.508,
1989-03-17,54.508,
1989-03-18,54.508,
1989-03-19,54.508,
1989-03-20,54.508,
1989-03-21,54.356,
1989-03-22,54.356,
1989-03-23,54.356,
1989-03-24,54.356,
1989-03-25,54.356,
1989-03-26,54.356,
1989-03-27,54.356,
1989-03-28,54.508,
1989-03-29,54.508,
1989-03-30,54.508,
1989-03-31,54.508,
1989-04-01,54.508,
1989-04-02,54.508,
1989-04-03,54.508,
1989-04-04,54.508,
1989-04-05,53.518,
1989-04-06,51.003,
1989-04-07,48.514,
1989-04-08,45.999,
1989-04-09,43.51,
1989-04-10,40.005,
1989-04-11,39.014,
1989-04-12,35.001,
1989-04-13,33.503,
1989-04-14,30.023,
1989-04-15,27.508,
1989-04-16,24.511,
1989-04-17,21.514,
1989-04-18,18.009,
1989-04-19,14.021,
1989-04-20,11.024,
1989-04-21,9.017,
1989-04-22,6.502,
1989-04-23,4.521,
1989-04-24,4.42,
1989-04-25,4.318,
1989-04-26,4.216,
1989-04-27,4.115,
1989-04-28,4.013,
1989-04-29,3.2,
1989-04-30,2.413,
1989-05-01,1.6,
1989-05-02,0.813,
1989-05-03,0.0,
1989-05-04,,
1989-05-05,,
1989-05-06,,
1989-05-07,,
1989-05-08,,
1989-05-09,,
1989-05-10,,
1989-05-11,,
1989-05-12,,
1989-05-13,,
1989-05-14,,
1989-05-15,,
1989-05-16,,
1989-05-17,,
1989-05-18,,
1989-05-19,,
1989-05-20,,
1989-05-21,,
1989-05-22,,
1989-05-23,,
1989-05-24,,
1989-05-25,,
1989-05-26,,
1989-05-27,,
1989-05-28,,
1989-05-29,,
1989-05-30,,
1989-05-31,,
1989-06-01,,
1989-06-02,,
1989-06-03,,
1989-06-04,,
1989-06-05,,
1989-06-06,,
1989-06-07,,
1989-06-08,,
1989-06-09,,
1989-06-10,,
1989-06-11,,
1989-06-12,,
1989-06-13,,
1989-06-14,,
1989-06-15,,
1989-06-16,,
1989-06-17,,
1989-06-18,,
1989-06-19,,
1989-06-20,,
1989-06-21,,
1989-06-22,,
1989-06-23,,
1989-06-24,,
1989-06-25,,
1989-06-26,,
1989-06-27,,
1989-06-28,,
1989-06-29,,
1989-06-30,,
1989-07-01,,
1989-07-02,,
1989-07-03,,
1989-07-04,,
1989-07-05,,
1989-07-06,,
1989-07-07,,
1989-07-08,,
1989-07-09,,
1989-07-10,,
1989-07-11,,
1989-07-12,,
1989-07-13,,
1989-07-14,,
1989-07-15,,
1989-07-16,,
1989-07-17,,
1989-07-18,,
1989-07-19,,
1989-07-20,,
1989-07-21,,
1989-07-22,,
1989-07-23,,
1989-07-24,,
1989-07-25,,
1989-07-26,,
1989-07-27,,
1989-07-28,,
1989-07-29,,
1989-07-30,,
1989-07-31,,
1989-08-01,,
1989-08-02,,
1989-08-03,,
1989-08-04,,
1989-08-05,,
1989-08-06,,
1989-08-07,,
1989-08-08,,
1989-08-09,,
1989-08-10,,
1989-08-11,,
1989-08-12,,
1989-08-13,,
1989-08-14,,
1989-08-15,,
1989-08-16,,
1989-08-17,,
1989-08-18,,
1989-08-19,,
1989-08-20,,
1989-08-21,,
1989-08-22,,
1989-08-23,,
1989-08-24,,
1989-08-25,,
1989-08-26,,
1989-08-27,,
1989-08-28,,
1989-08-29,,
1989-08-30,,
1989-08-31,,
1989-09-01,,
1989-09-02,,
1989-09-03,,
1989-09-04,,
1989-09-05,,
1989-09-06,,
1989-09-07,,
1989-09-08,,
1989-09-09,,
1989-09-10,,
1989-09-11,,
1989-09-12,,
1989-09-13,,
1989-09-14,,
1989-09-15,,
1989-09-16,,
1989-09-17,,
1989-09-18,,
1989-09-19,,
1989-09-20,,
1989-09-21,,
1989-09-22,,
1989-09-23,,
1989-09-24,,
1989-09-25,,
1989-09-26,,
1989-09-27,,
1989-09-28,,
1989-09-29,,
1989-09-30,,
1989-10-01,,
1989-10-02,,
1989-10-03,,
1989-10-04,,
1989-10-05,,
1989-10-06,,
1989-10-07,,
1989-10-08,,
1989-10-09,,
1989-10-10,,
1989-10-11,,
1989-10-12,,
1989-10-13,,
1989-10-14,,
1989-10-15,,
1989-10-16,,
1989-10-17,,
1989-10-18,,
1989-10-19,,
1989-10-20,,
1989-10-21,,
1989-10-22,,
1989-10-23,,
1989-10-24,,
1989-10-25,,
1989-10-26,,
1989-10-27,,
1989-10-28,,
1989-10-29,,
1989-10-30,,
1989-10-31,,
1989-11-01,,
1989-11-02,,
1989-11-03,,
1989-11-04,,
1989-11-05,,
1989-11-06,,
1989-11-07,,
1989-11-08,,
1989-11-09,,
1989-11-10,,
1989-11-11,,
1989-11-12,,
1989-11-13,,
1989-11-14,,
1989-11-15,,
1989-11-16,,
1989-11-17,,
1989-11-18,,
1989-11-19,,
1989-11-20,,
1989-11-21,,
1989-11-22,,
1989-11-23,,
1989-11-24,,
1989-11-25,,
1989-11-26,,
1989-11-27,,
1989-11-28,,
1989-11-29,,
1989-11-30,,
1989-12-01,0.0,
1989-12-02,0.508,
1989-12-03,0.508,
1989-12-04,0.508,
1989-12-05,0.508,
1989-12-06,0.508,
1989-12-07,0.508,
1989-12-08,0.508,
1989-12-09,0.508,
1989-12-10,0.508,
1989-12-11,0.508,
1989-12-12,0.508,
1989-12-13,0.508,
1989-12-14,0.508,
1989-12-15,0.508,
1989-12-16,0.508,
1989-12-17,0.508,
1989-12-18,0.508,
1989-12-19,0.508,
1989-12-20,0.508,
1989-12-21,1.524,
1989-12-22,2.032,
1989-12-23,2.032,
1989-12-24,2.032,
1989-12-25,2.032,
1989-12-26,2.032,
1989-12-27,2.032,
1989-12-28,2.032,
1989-12-29,2.032,
1989-12-30,2.032,
1989-12-31,2.54,
1990-01-01,2.54,
1990-01-02,2.54,
1990-01-03,2.54,
1990-01-04,2.54,
1990-01-05,2.54,
1990-01-06,3.048,
1990-01-07,3.048,
1990-01-08,3.048,
1990-01-09,3.048,
1990-01-10,3.048,
1990-01-11,3.048,
1990-01-12,3.048,
1990-01-13,4.064,
1990-01-14,11.43,
1990-01-15,11.938,
1990-01-16,12.954,
1990-01-17,14.478,
1990-01-18,14.478,
1990-01-19,14.986,
1990-01-20,14.986,
1990-01-21,14.986,
1990-01-22,14.986,
1990-01-23,14.986,
1990-01-24,15.494,
1990-01-25,15.494,
1990-01-26,15.494,
1990-01-27,15.494,
1990-01-28,15.494,
1990-01-29,15.494,
1990-01-30,15.494,
1990-01-31,15.494,
1990-02-01,17.018,
1990-02-02,17.018,
1990-02-03,17.78,
1990-02-04,18.034,
1990-02-05,18.034,
1990-02-06,19.05,
1990-02-07,20.574,
1990-02-08,21.082,
1990-02-09,21.082,
1990-02-10,21.59,
1990-02-11,23.368,
1990-02-12,23.876,
1990-02-13,23.876,
1990-02-14,23.876,
1990-02-15,24.13,
1990-02-16,24.13,
1990-02-17,26.924,
1990-02-18,30.48,
1990-02-19,32.004,
1990-02-20,32.512,
1990-02-21,32.512,
1990-02-22,32.512,
1990-02-23,33.02,
1990-02-24,33.02,
1990-02-25,33.02,
1990-02-26,33.02,
1990-02-27,33.02,
1990-02-28,33.503,
1990-03-01,34.493,
1990-03-02,34.544,
1990-03-03,34.544,
1990-03-04,34.798,
1990-03-05,35.56,
1990-03-06,36.068,
1990-03-07,37.084,
1990-03-08,37.592,
1990-03-09,37.592,
1990-03-10,37.592,
1990-03-11,38.1,
1990-03-12,38.608,
1990-03-13,38.506,
1990-03-14,39.497,
1990-03-15,39.497,
1990-03-16,39.497,
1990-03-17,39.497,
1990-03-18,40.386,
1990-03-19,40.386,
1990-03-20,40.386,
1990-03-21,40.386,
1990-03-22,40.386,
1990-03-23,40.386,
1990-03-24,40.386,
1990-03-25,39.497,
1990-03-26,36.83,
1990-03-27,36.576,
1990-03-28,35.56,
1990-03-29,34.544,
1990-03-30,32.512,
1990-03-31,31.496,
1990-04-01,29.972,
1990-04-02,28.956,
1990-04-03,26.924,
1990-04-04,24.638,
1990-04-05,23.368,
1990-04-06,23.114,
1990-04-07,21.082,
1990-04-08,20.574,
1990-04-09,20.574,
1990-04-10,19.05,
1990-04-11,16.993,
1990-04-12,13.995,
1990-04-13,10.922,
1990-04-14,7.62,
1990-04-15,5.08,
1990-04-16,3.556,
1990-04-17,3.556,
1990-04-18,3.556,
1990-04-19,2.997,
1990-04-20,3.048,
1990-04-21,3.048,
1990-04-22,3.048,
1990-04-23,3.048,
1990-04-24,2.997,
1990-04-25,2.54,
1990-04-26,2.54,
1990-04-27,2.54,
1990-04-28,2.54,
1990-04-29,2.032,
1990-04-30,2.032,
1990-05-01,0.0,
1990-05-02,0.0,
1990-05-03,0.0,
1990-05-04,0.0,
1990-05-05,,
1990-05-06,,
1990-05-07,0.0,
1990-05-08,0.0,
1990-05-09,0.0,
1990-05-10,0.0,
1990-05-11,0.0,
1990-05-12,,
1990-05-13,0.0,
1990-05-14,0.0,
1990-05-15,0.0,
1990-05-16,0.0,
1990-05-17,0.0,
1990-05-18,0.0,
1990-05-19,,
1990-05-20,,
1990-05-21,0.0,
1990-05-22,0.0,
1990-05-23,0.0,
1990-05-24,,
1990-05-25,,
1990-05-26,,
1990-05-27,,
1990-05-28,,
1990-05-29,0.0,
1990-05-30,,
1990-05-31,,
1990-06-01,0.0,
1990-06-02,0.0,
1990-06-03,0.0,
1990-06-04,,
1990-06-05,,
1990-06-06,,
1990-06-07,,
1990-06-08,,
1990-06-09,,
1990-06-10,,
1990-06-11,,
1990-06-12,0.0,
1990-06-13,0.0,
1990-06-14,0.0,
1990-06-15,,
1990-06-16,,
1990-06-17,0.0,
1990-06-18,,
1990-06-19,,
1990-06-20,,
1990-06-21,,
1990-06-22,,
1990-06-23,,
1990-06-24,,
1990-06-25,,
1990-06-26,,
1990-06-27,,
1990-06-28,0.0,
1990-06-29,0.0,
1990-06-30,0.0,
1990-07-01,0.0,
1990-07-02,0.0,
1990-07-03,0.0,
1990-07-04,0.0,
1990-07-05,,
1990-07-06,,
1990-07-07,,
1990-07-08,,
1990-07-09,,
1990-07-10,,
1990-07-11,,
1990-07-12,0.0,
1990-07-13,,
1990-07-14,,
1990-07-15,0.0,
1990-07-16,,
1990-07-17,,
1990-07-18,3.023,
1990-07-19,3.023,
1990-07-20,3.023,
1990-07-21,3.023,
1990-07-22,3.023,
1990-07-23,,
1990-07-24,3.023,
1990-07-25,3.023,
1990-07-26,3.023,
1990-07-27,3.023,
1990-07-28,3.023,
1990-07-29,3.023,
1990-07-30,3.023,
1990-07-31,3.023,
1990-08-01,3.023,
1990-08-02,,
1990-08-03,,
1990-08-04,3.023,
1990-08-05,3.023,
1990-08-06,,
1990-08-07,,
1990-08-08,,
1990-08-09,,
1990-08-10,,
1990-08-11,,
1990-08-12,,
1990-08-13,,
1990-08-14,,
1990-08-15,,
1990-08-16,,
1990-08-17,,
1990-08-18,,
1990-08-19,,
1990-08-20,,
1990-08-21,,
1990-08-22,,
1990-08-23,,
1990-08-24,,
1990-08-25,,
1990-08-26,,
1990-08-27,,
1990-08-28,,
1990-08-29,,
1990-08-30,,
1990-08-31,0.0,
1990-09-01,0.0,
1990-09-02,0.0,
1990-09-03,0.0,
1990-09-04,0.0,
1990-09-05,0.0,
1990-09-06,,
1990-09-07,0.0,
1990-09-08,0.0,
1990-09-09,0.0,
1990-09-10,0.0,
1990-09-11,0.0,
1990-09-12,0.0,
1990-09-13,0.0,
1990-09-14,0.0,
1990-09-15,0.0,
1990-09-16,0.0,
1990-09-17,0.0,
1990-09-18,0.0,
1990-09-19,0.0,
1990-09-20,,
1990-09-21,,
1990-09-22,,
1990-09-23,,
1990-09-24,,
1990-09-25,0.0,
1990-09-26,0.0,
1990-09-27,0.0,
1990-09-28,0.0,
1990-09-29,0.0,
1990-09-30,0.0,
1990-10-01,0.0,
1990-10-02,0.0,
1990-10-03,0.0,
1990-10-04,0.0,
1990-10-05,0.0,
1990-10-06,0.0,
1990-10-07,0.0,
1990-10-08,0.0,
1990-10-09,0.0,
1990-10-10,0.0,
1990-10-11,0.0,
1990-10-12,0.0,
1990-10-13,0.0,
1990-10-14,0.0,
1990-10-15,0.0,
1990-10-16,0.0,
1990-10-17,0.0,
1990-10-18,0.0,
1990-10-19,0.0,
1990-10-20,0.0,
1990-10-21,0.0,
1990-10-22,0.0,
1990-10-23,0.0,
1990-10-24,0.0,
1990-10-25,0.0,
1990-10-26,0.0,
1990-10-27,0.0,
1990-10-28,0.0,
1990-10-29,0.0,
1990-10-30,0.0,
1990-10-31,0.0,
1990-11-01,0.0,
1990-11-02,0.0,
1990-11-03,0.0,
1990-11-04,0.0,
1990-11-05,0.0,
1990-11-06,0.0,
1990-11-07,0.0,
1990-11-08,0.0,
1990-11-09,0.0,
1990-11-10,0.0,
1990-11-11,0.0,
1990-11-12,0.0,
1990-11-13,0.0,
1990-11-14,0.0,
1990-11-15,0.0,
1990-11-16,0.0,
1990-11-17,0.0,
1990-11-18,0.0,
1990-11-19,0.0,
1990-11-20,0.0,
1990-11-21,0.0,
1990-11-22,0.0,
1990-11-23,0.0,
1990-11-24,0.0,
1990-11-25,0.0,
1990-11-26,0.0,
1990-11-27,0.0,
1990-11-28,0.0,
1990-11-29,0.0,
1990-11-30,0.0,
1990-12-01,0.0,
1990-12-02,0.0,
1990-12-03,0.0,
1990-12-04,0.0,
1990-12-05,0.0,
1990-12-06,0.0,
1990-12-07,0.0,
1990-12-08,0.0,
1990-12-09,0.0,
1990-12-10,0.0,
1990-12-11,0.0,
1990-12-12,0.0,
1990-12-13,0.0,
1990-12-14,0.0,
1990-12-15,0.0,
1990-12-16,0.0,
1990-12-17,0.0,
1990-12-18,0.0,
1990-12-19,0.0,
1990-12-20,0.0,
1990-12-21,0.0,
1990-12-22,0.0,
1990-12-23,0.0,
1990-12-24,0.0,
1990-12-25,0.0,
1990-12-26,0.0,
1990-12-27,0.0,
1990-12-28,0.0,
1990-12-29,0.0,
1990-12-30,0.0,
1990-12-31,0.0,
1991-01-01,0.0,
1991-01-02,0.0,
1991-01-03,0.0,
1991-01-04,2.54,
1991-01-05,2.997,
1991-01-06,2.997,
1991-01-07,2.997,
1991-01-08,2.997,
1991-01-09,2.997,
1991-01-10,2.997,
1991-01-11,3.988,
1991-01-12,3.988,
1991-01-13,3.988,
1991-01-14,3.988,
1991-01-15,3.988,
1991-01-16,3.988,
1991-01-17,3.988,
1991-01-18,5.004,
1991-01-19,5.004,
1991-01-20,5.004,
1991-01-21,5.004,
1991-01-22,5.08,
1991-01-23,5.08,
1991-01-24,5.004,
1991-01-25,5.004,
1991-01-26,5.004,
1991-01-27,5.004,
1991-01-28,5.004,
1991-01-29,5.004,
1991-01-30,5.004,
1991-01-31,5.512,
1991-02-01,5.512,
1991-02-02,5.512,
1991-02-03,5.512,
1991-02-04,5.512,
1991-02-05,5.512,
1991-02-06,5.512,
1991-02-07,5.994,
1991-02-08,5.994,
1991-02-09,5.994,
1991-02-10,5.994,
1991-02-11,5.994,
1991-02-12,5.994,
1991-02-13,5.994,
1991-02-14,5.994,
1991-02-15,5.994,
1991-02-16,5.994,
1991-02-17,5.994,
1991-02-18,5.994,
1991-02-19,5.994,
1991-02-20,5.994,
1991-02-21,6.096,
1991-02-22,6.096,
1991-02-23,6.096,
1991-02-24,6.096,
1991-02-25,6.096,
1991-02-26,6.502,
1991-02-27,6.502,
1991-02-28,6.502,
1991-03-01,8.992,
1991-03-02,16.993,
1991-03-03,17.501,
1991-03-04,26.01,
1991-03-05,38.989,
1991-03-06,41.504,
1991-03-07,42.012,
1991-03-08,42.012,
1991-03-09,42.012,
1991-03-10,42.012,
1991-03-11,43.993,
1991-03-12,44.501,
1991-03-13,44.501,
1991-03-14,46.99,
1991-03-15,47.498,
1991-03-16,48.006,
1991-03-17,48.489,
1991-03-18,51.003,
1991-03-19,57.506,
1991-03-20,59.512,
1991-03-21,62.001,
1991-03-22,62.509,
1991-03-23,62.509,
1991-03-24,62.992,
1991-03-25,67.996,
1991-03-26,72.009,
1991-03-27,74.498,
1991-03-28,74.422,
1991-03-29,75.006,
1991-03-30,75.006,
1991-03-31,75.006,
1991-04-01,75.006,
1991-04-02,75.006,
1991-04-03,75.489,
1991-04-04,75.489,
1991-04-05,75.489,
1991-04-06,75.489,
1991-04-07,75.489,
1991-04-08,75.489,
1991-04-09,75.489,
1991-04-10,75.489,
1991-04-11,75.006,
1991-04-12,74.498,
1991-04-13,73.99,
1991-04-14,72.009,
1991-04-15,70.993,
1991-04-16,70.993,
1991-04-17,70.002,
1991-04-18,69.494,
1991-04-19,69.012,
1991-04-20,68.504,
1991-04-21,68.504,
1991-04-22,68.504,
1991-04-23,68.58,
1991-04-24,65.989,
1991-04-25,65.532,
1991-04-26,65.532,
1991-04-27,65.532,
1991-04-28,62.992,
1991-04-29,61.493,
1991-04-30,59.512,
1991-05-01,56.998,
1991-05-02,56.998,
1991-05-03,56.998,
1991-05-04,56.998,
1991-05-05,56.49,
1991-05-06,54.0,
1991-05-07,51.511,
1991-05-08,48.489,
1991-05-09,46.99,
1991-05-10,45.491,
1991-05-11,45.491,
1991-05-12,45.491,
1991-05-13,45.009,
1991-05-14,44.501,
1991-05-15,44.501,
1991-05-16,42.494,
1991-05-17,39.497,
1991-05-18,38.989,
1991-05-19,38.989,
1991-05-20,38.989,
1991-05-21,38.989,
1991-05-22,38.989,
1991-05-23,37.998,
1991-05-24,35.001,
1991-05-25,30.988,
1991-05-26,27.991,
1991-05-27,24.003,
1991-05-28,21.006,
1991-05-29,15.494,
1991-05-30,12.497,
1991-05-31,12.497,
1991-06-01,11.989,
1991-06-02,9.5,
1991-06-03,8.509,
1991-06-04,5.994,
1991-06-05,5.004,
1991-06-06,3.988,
1991-06-07,3.505,
1991-06-08,3.505,
1991-06-09,3.505,
1991-06-10,3.505,
1991-06-11,2.997,
1991-06-12,2.997,
1991-06-13,0.0,
1991-06-14,0.0,
1991-06-15,0.0,
1991-06-16,0.0,
1991-06-17,0.0,
1991-06-18,0.0,
1991-06-19,0.0,
1991-06-20,0.0,
1991-06-21,0.0,
1991-06-22,0.0,
1991-06-23,0.0,
1991-06-24,0.0,
1991-06-25,0.0,
1991-06-26,0.0,
1991-06-27,0.0,
1991-06-28,0.0,
1991-06-29,0.0,
1991-06-30,0.0,
1991-07-01,0.0,
1991-07-02,0.0,
1991-07-03,0.0,
1991-07-04,0.0,
1991-07-05,0.0,
1991-07-06,0.0,
1991-07-07,0.0,
1991-07-08,0.0,
1991-07-09,0.0,
1991-07-10,0.0,
1991-07-11,0.0,
1991-07-12,0.0,
1991-07-13,0.0,
1991-07-14,0.0,
1991-07-15,0.0,
1991-07-16,0.0,
1991-07-17,0.0,
1991-07-18,0.0,
1991-07-19,0.0,
1991-07-20,0.0,
1991-07-21,0.0,
1991-07-22,0.0,
1991-07-23,0.0,
1991-07-24,0.0,
1991-07-25,0.0,
1991-07-26,0.0,
1991-07-27,0.0,
1991-07-28,0.0,
1991-07-29,0.0,
1991-07-30,0.0,
1991-07-31,0.0,
1991-08-01,0.0,
1991-08-02,0.0,
1991-08-03,0.0,
1991-08-04,0.0,
1991-08-05,0.0,
1991-08-06,0.0,
1991-08-07,0.0,
1991-08-08,0.0,
1991-08-09,0.0,
1991-08-10,0.0,
1991-08-11,0.0,
1991-08-12,0.0,
1991-08-13,0.0,
1991-08-14,0.0,
1991-08-15,0.0,
1991-08-16,0.0,
1991-08-17,0.0,
1991-08-18,0.0,
1991-08-19,0.0,
1991-08-20,0.0,
1991-08-21,0.0,
1991-08-22,0.0,
1991-08-23,0.0,
1991-08-24,0.0,
1991-08-25,0.0,
1991-08-26,0.0,
1991-08-27,0.0,
1991-08-28,0.0,
1991-08-29,0.0,
1991-08-30,0.0,
1991-08-31,0.0,
1991-09-01,0.0,
1991-09-02,0.0,
1991-09-03,0.0,
1991-09-04,0.0,
1991-09-05,0.0,
1991-09-06,0.0,
1991-09-07,0.0,
1991-09-08,0.0,
1991-09-09,0.0,
1991-09-10,0.0,
1991-09-11,0.0,
1991-09-12,0.0,
1991-09-13,0.0,
1991-09-14,0.0,
1991-09-15,0.0,
1991-09-16,0.0,
1991-09-17,0.0,
1991-09-18,0.0,
1991-09-19,0.0,
1991-09-20,0.0,
1991-09-21,0.0,
1991-09-22,0.0,
1991-09-23,0.0,
1991-09-24,0.0,
1991-09-25,0.0,
1991-09-26,0.0,
1991-09-27,0.0,
1991-09-28,0.0,
1991-09-29,0.0,
1991-09-30,0.0,
1991-10-01,,
1991-10-02,,
1991-10-03,,
1991-10-04,,
1991-10-05,,
1991-10-06,,
1991-10-07,,
1991-10-08,,
1991-10-09,,
1991-10-10,,
1991-10-11,,
1991-10-12,,
1991-10-13,,
1991-10-14,,
1991-10-15,,
1991-10-16,,
1991-10-17,,
1991-10-18,,
1991-10-19,,
1991-10-20,,
1991-10-21,,
1991-10-22,,
1991-10-23,,
1991-10-24,,
1991-10-25,,
1991-10-26,,
1991-10-27,,
1991-10-28,,
1991-10-29,,
1991-10-30,,
1991-10-31,,
1991-11-01,,
1991-11-02,,
1991-11-03,,
1991-11-04,,
1991-11-05,,
1991-11-06,,
1991-11-07,,
1991-11-08,,
1991-11-09,,
1991-11-10,,
1991-11-11,,
1991-11-12,,
1991-11-13,,
1991-11-14,,
1991-11-15,,
1991-11-16,,
1991-11-17,,
1991-11-18,,
1991-11-19,,
1991-11-20,,
1991-11-21,,
1991-11-22,,
1991-11-23,,
1991-11-24,,
1991-11-25,,
1991-11-26,,
1991-11-27,,
1991-11-28,,
1991-11-29,,
1991-11-30,,
1991-12-01,,
1991-12-02,,
1991-12-03,,
1991-12-04,1.016,
1991-12-05,1.016,
1991-12-06,1.016,
1991-12-07,0.991,
1991-12-08,0.991,
1991-12-09,0.991,
1991-12-10,0.991,
1991-12-11,0.991,
1991-12-12,0.991,
1991-12-13,0.991,
1991-12-14,0.991,
1991-12-15,0.991,
1991-12-16,0.991,
1991-12-17,0.991,
1991-12-18,0.991,
1991-12-19,1.016,
1991-12-20,1.016,
1991-12-21,1.499,
1991-12-22,1.499,
1991-12-23,1.499,
1991-12-24,1.524,
1991-12-25,1.524,
1991-12-26,1.499,
1991-12-27,1.499,
1991-12-28,1.499,
1991-12-29,3.988,
1991-12-30,8.001,
1991-12-31,9.5,
1992-01-01,10.414,
1992-01-02,9.906,
1992-01-03,9.906,
1992-01-04,10.998,
1992-01-05,12.446,
1992-01-06,13.97,
1992-01-07,14.986,
1992-01-08,16.002,
1992-01-09,16.485,
1992-01-10,16.485,
1992-01-11,16.485,
1992-01-12,16.485,
1992-01-13,16.485,
1992-01-14,17.501,
1992-01-15,17.501,
1992-01-16,17.526,
1992-01-17,17.526,
1992-01-18,17.501,
1992-01-19,17.501,
1992-01-20,17.501,
1992-01-21,17.501,
1992-01-22,17.501,
1992-01-23,17.501,
1992-01-24,17.501,
1992-01-25,17.501,
1992-01-26,17.501,
1992-01-27,17.501,
1992-01-28,17.501,
1992-01-29,17.526,
1992-01-30,17.501,
1992-01-31,17.501,
1992-02-01,17.526,
1992-02-02,17.526,
1992-02-03,17.526,
1992-02-04,17.526,
1992-02-05,17.526,
1992-02-06,17.526,
1992-02-07,17.501,
1992-02-08,17.501,
1992-02-09,18.491,
1992-02-10,18.999,
1992-02-11,22.987,
1992-02-12,25.984,
1992-02-13,30.988,
1992-02-14,32.004,
1992-02-15,33.503,
1992-02-16,37.49,
1992-02-17,40.488,
1992-02-18,40.488,
1992-02-19,40.996,
1992-02-20,41.504,
1992-02-21,43.485,
1992-02-22,43.485,
1992-02-23,43.993,
1992-02-24,43.993,
1992-02-25,45.009,
1992-02-26,45.999,
1992-02-27,46.507,
1992-02-28,46.507,
1992-02-29,46.507,
1992-03-01,46.507,
1992-03-02,46.507,
1992-03-03,46.507,
1992-03-04,46.507,
1992-03-05,46.507,
1992-03-06,46.507,
1992-03-07,46.99,
1992-03-08,46.99,
1992-03-09,46.99,
1992-03-10,47.498,
1992-03-11,48.006,
1992-03-12,48.489,
1992-03-13,48.489,
1992-03-14,48.489,
1992-03-15,48.489,
1992-03-16,48.489,
1992-03-17,48.489,
1992-03-18,48.489,
1992-03-19,48.489,
1992-03-20,48.489,
1992-03-21,48.489,
1992-03-22,48.489,
1992-03-23,48.489,
1992-03-24,48.489,
1992-03-25,48.489,
1992-03-26,48.489,
1992-03-27,48.489,
1992-03-28,48.489,
1992-03-29,48.489,
1992-03-30,48.489,
1992-03-31,48.489,
1992-04-01,48.489,
1992-04-02,48.489,
1992-04-03,48.514,
1992-04-04,48.514,
1992-04-05,48.489,
1992-04-06,48.489,
1992-04-07,48.006,
1992-04-08,46.507,
1992-04-09,45.491,
1992-04-10,43.485,
1992-04-11,43.002,
1992-04-12,40.996,
1992-04-13,40.488,
1992-04-14,40.488,
1992-04-15,40.488,
1992-04-16,40.005,
1992-04-17,38.506,
1992-04-18,37.49,
1992-04-19,35.992,
1992-04-20,33.985,
1992-04-21,32.004,
1992-04-22,30.988,
1992-04-23,29.007,
1992-04-24,27.991,
1992-04-25,25.984,
1992-04-26,23.495,
1992-04-27,21.996,
1992-04-28,18.999,
1992-04-29,16.002,
1992-04-30,11.989,
1992-05-01,8.001,
1992-05-02,5.004,
1992-05-03,3.505,
1992-05-04,0.0,
1992-05-05,0.0,
1992-05-06,0.0,
1992-05-07,0.0,
1992-05-08,0.0,
1992-05-09,0.0,
1992-05-10,0.0,
1992-05-11,0.0,
1992-05-12,0.0,
1992-05-13,0.0,
1992-05-14,0.0,
1992-05-15,0.0,
1992-05-16,0.0,
1992-05-17,0.0,
1992-05-18,0.0,
1992-05-19,0.0,
1992-05-20,0.0,
1992-05-21,0.0,
1992-05-22,0.0,
1992-05-23,0.0,
1992-05-24,0.0,
1992-05-25,0.0,
1992-05-26,0.0,
1992-05-27,0.0,
1992-05-28,0.0,
1992-05-29,0.0,
1992-05-30,0.0,
1992-05-31,0.0,
1992-06-01,0.0,
1992-06-02,0.0,
1992-06-03,0.0,
1992-06-04,0.0,
1992-06-05,0.0,
1992-06-06,0.0,
1992-06-07,0.0,
1992-06-08,0.0,
1992-06-09,0.0,
1992-06-10,0.0,
1992-06-11,0.0,
1992-06-12,0.0,
1992-06-13,0.0,
1992-06-14,0.0,
1992-06-15,0.0,
1992-06-16,0.0,
1992-06-17,0.0,
1992-06-18,0.0,
1992-06-19,0.0,
1992-06-20,0.0,
1992-06-21,0.0,
1992-06-22,0.0,
1992-06-23,0.0,
1992-06-24,0.0,
1992-06-25,0.0,
1992-06-26,0.0,
1992-06-27,0.0,
1992-06-28,0.0,
1992-06-29,0.0,
1992-06-30,0.0,
1992-07-01,0.0,
1992-07-02,0.0,
1992-07-03,0.0,
1992-07-04,0.0,
1992-07-05,0.0,
1992-07-06,0.0,
1992-07-07,0.0,
1992-07-08,0.0,
1992-07-09,0.0,
1992-07-10,0.0,
1992-07-11,0.0,
1992-07-12,0.0,
1992-07-13,0.0,
1992-07-14,0.0,
1992-07-15,0.0,
1992-07-16,0.0,
1992-07-17,0.0,
1992-07-18,0.0,
1992-07-19,0.0,
1992-07-20,0.0,
1992-07-21,0.0,
1992-07-22,0.0,
1992-07-23,0.0,
1992-07-24,0.0,
1992-07-25,0.0,
1992-07-26,0.0,
1992-07-27,0.0,
1992-07-28,0.0,
1992-07-29,0.0,
1992-07-30,0.0,
1992-07-31,0.0,
1992-08-01,0.0,
1992-08-02,0.0,
1992-08-03,0.0,
1992-08-04,0.0,
1992-08-05,0.0,
1992-08-06,0.0,
1992-08-07,0.0,
1992-08-08,0.0,
1992-08-09,0.0,
1992-08-10,0.0,
1992-08-11,0.0,
1992-08-12,0.0,
1992-08-13,0.0,
1992-08-14,0.0,
1992-08-15,0.0,
1992-08-16,0.0,
1992-08-17,0.0,
1992-08-18,0.0,
1992-08-19,0.0,
1992-08-20,0.0,
1992-08-21,0.0,
1992-08-22,0.0,
1992-08-23,0.0,
1992-08-24,0.0,
1992-08-25,0.0,
1992-08-26,0.0,
1992-08-27,0.0,
1992-08-28,0.0,
1992-08-29,0.0,
1992-08-30,0.0,
1992-08-31,0.0,
1992-09-01,0.0,
1992-09-02,0.0,
1992-09-03,0.0,
1992-09-04,0.0,
1992-09-05,0.0,
1992-09-06,0.0,
1992-09-07,0.0,
1992-09-08,0.0,
1992-09-09,0.0,
1992-09-10,0.0,
1992-09-11,0.0,
1992-09-12,0.0,
1992-09-13,0.0,
1992-09-14,0.0,
1992-09-15,0.0,
1992-09-16,0.0,
1992-09-17,0.0,
1992-09-18,0.0,
1992-09-19,0.0,
1992-09-20,0.0,
1992-09-21,0.0,
1992-09-22,0.0,
1992-09-23,0.0,
1992-09-24,0.0,
1992-09-25,0.0,
1992-09-26,0.0,
1992-09-27,0.0,
1992-09-28,0.0,
1992-09-29,0.0,
1992-09-30,0.0,
1992-10-01,,
1992-10-02,,
1992-10-03,,
1992-10-04,,
1992-10-05,,
1992-10-06,,
1992-10-07,,
1992-10-08,,
1992-10-09,,
1992-10-10,,
1992-10-11,,
1992-10-12,,
1992-10-13,,
1992-10-14,,
1992-10-15,,
1992-10-16,,
1992-10-17,,
1992-10-18,,
1992-10-19,,
1992-10-20,,
1992-10-21,,
1992-10-22,,
1992-10-23,,
1992-10-24,,
1992-10-25,,
1992-10-26,,
1992-10-27,,
1992-10-28,,
1992-10-29,,
1992-10-30,,
1992-10-31,,
1992-11-01,,
1992-11-02,,
1992-11-03,,
1992-11-04,,
1992-11-05,,
1992-11-06,,
1992-11-07,,
1992-11-08,,
1992-11-09,,
1992-11-10,2.489,
1992-11-11,2.489,
1992-11-12,2.997,
1992-11-13,2.997,
1992-11-14,2.997,
1992-11-15,2.997,
1992-11-16,2.997,
1992-11-17,2.997,
1992-11-18,2.997,
1992-11-19,2.997,
1992-11-20,2.997,
1992-11-21,2.997,
1992-11-22,2.997,
1992-11-23,2.997,
1992-11-24,2.997,
1992-11-25,2.997,
1992-11-26,2.997,
1992-11-27,2.997,
1992-11-28,2.997,
1992-11-29,2.997,
1992-11-30,2.997,
1992-12-01,2.997,
1992-12-02,2.997,
1992-12-03,2.997,
1992-12-04,2.997,
1992-12-05,2.997,
1992-12-06,2.997,
1992-12-07,4.496,
1992-12-08,7.01,
1992-12-09,8.992,
1992-12-10,10.668,
1992-12-11,12.497,
1992-12-12,13.995,
1992-12-13,14.503,
1992-12-14,14.503,
1992-12-15,15.011,
1992-12-16,15.011,
1992-12-17,15.011,
1992-12-18,17.501,
1992-12-19,17.501,
1992-12-20,18.009,
1992-12-21,18.009,
1992-12-22,18.009,
1992-12-23,18.491,
1992-12-24,18.491,
1992-12-25,18.491,
1992-12-26,18.491,
1992-12-27,18.491,
1992-12-28,18.491,
1992-12-29,23.495,
1992-12-30,30.505,
1992-12-31,32.004,
1993-01-01,32.004,
1993-01-02,35.992,
1993-01-03,35.992,
1993-01-04,35.992,
1993-01-05,35.992,
1993-01-06,40.488,
1993-01-07,40.488,
1993-01-08,47.498,
1993-01-09,47.498,
1993-01-10,48.006,
1993-01-11,50.495,
1993-01-12,51.003,
1993-01-13,54.508,
1993-01-14,62.509,
1993-01-15,65.507,
1993-01-16,70.993,
1993-01-17,72.492,
1993-01-18,77.495,
1993-01-19,78.003,
1993-01-20,78.511,
1993-01-21,80.493,
1993-01-22,83.007,
1993-01-23,83.49,
1993-01-24,83.49,
1993-01-25,83.49,
1993-01-26,83.49,
1993-01-27,83.49,
1993-01-28,83.998,
1993-01-29,83.998,
1993-01-30,83.998,
1993-01-31,83.998,
1993-02-01,83.998,
1993-02-02,83.998,
1993-02-03,83.998,
1993-02-04,83.998,
1993-02-05,84.988,
1993-02-06,86.004,
1993-02-07,86.487,
1993-02-08,86.487,
1993-02-09,89.51,
1993-02-10,90.5,
1993-02-11,91.491,
1993-02-12,91.999,
1993-02-13,91.999,
1993-02-14,91.999,
1993-02-15,91.999,
1993-02-16,91.999,
1993-02-17,91.999,
1993-02-18,92.507,
1993-02-19,99.009,
1993-02-20,104.496,
1993-02-21,108.001,
1993-02-22,109.499,
1993-02-23,113.005,
1993-02-24,118.491,
1993-02-25,119.99,
1993-02-26,120.498,
1993-02-27,123.012,
1993-02-28,123.495,
1993-03-01,124.993,
1993-03-02,124.993,
1993-03-03,124.993,
1993-03-04,125.501,
1993-03-05,126.009,
1993-03-06,126.009,
1993-03-07,122.504,
1993-03-08,114.503,
1993-03-09,113.487,
1993-03-10,113.487,
1993-03-11,113.487,
1993-03-12,116.51,
1993-03-13,119.507,
1993-03-14,121.006,
1993-03-15,121.92,
1993-03-16,123.495,
1993-03-17,124.993,
1993-03-18,129.007,
1993-03-19,129.489,
1993-03-20,131.496,
1993-03-21,131.496,
1993-03-22,132.004,
1993-03-23,133.502,
1993-03-24,134.01,
1993-03-25,134.493,
1993-03-26,140.005,
1993-03-27,140.995,
1993-03-28,143.002,
1993-03-29,143.993,
1993-03-30,143.993,
1993-03-31,143.993,
1993-04-01,145.491,
1993-04-02,145.491,
1993-04-03,145.491,
1993-04-04,145.491,
1993-04-05,145.491,
1993-04-06,145.491,
1993-04-07,145.491,
1993-04-08,145.009,
1993-04-09,143.993,
1993-04-10,143.002,
1993-04-11,142.011,
1993-04-12,140.995,
1993-04-13,140.513,
1993-04-14,140.005,
1993-04-15,140.005,
1993-04-16,138.506,
1993-04-17,137.49,
1993-04-18,137.008,
1993-04-19,137.49,
1993-04-20,137.49,
1993-04-21,137.49,
1993-04-22,137.49,
1993-04-23,137.49,
1993-04-24,135.001,
1993-04-25,135.001,
1993-04-26,135.001,
1993-04-27,135.001,
1993-04-28,134.493,
1993-04-29,131.496,
1993-04-30,128.499,
1993-05-01,124.993,
1993-05-02,121.006,
1993-05-03,117.5,
1993-05-04,114.503,
1993-05-05,113.005,
1993-05-06,110.007,
1993-05-07,108.001,
1993-05-08,107.01,
1993-05-09,104.496,
1993-05-10,100.99,
1993-05-11,97.003,
1993-05-12,93.497,
1993-05-13,90.5,
1993-05-14,89.002,
1993-05-15,86.004,
1993-05-16,83.007,
1993-05-17,80.493,
1993-05-18,77.495,
1993-05-19,73.99,
1993-05-20,70.002,
1993-05-21,67.488,
1993-05-22,64.008,
1993-05-23,60.503,
1993-05-24,56.998,
1993-05-25,53.492,
1993-05-26,51.003,
1993-05-27,48.997,
1993-05-28,46.99,
1993-05-29,45.009,
1993-05-30,42.012,
1993-05-31,38.506,
1993-06-01,37.998,
1993-06-02,35.509,
1993-06-03,32.995,
1993-06-04,29.997,
1993-06-05,29.007,
1993-06-06,29.007,
1993-06-07,29.007,
1993-06-08,29.007,
1993-06-09,29.007,
1993-06-10,29.007,
1993-06-11,24.994,
1993-06-12,19.99,
1993-06-13,11.989,
1993-06-14,5.994,
1993-06-15,5.004,
1993-06-16,3.505,
1993-06-17,2.489,
1993-06-18,2.007,
1993-06-19,0.0,
1993-06-20,0.0,
1993-06-21,0.0,
1993-06-22,0.0,
1993-06-23,0.0,
1993-06-24,0.0,
1993-06-25,0.0,
1993-06-26,0.0,
1993-06-27,0.0,
1993-06-28,0.0,
1993-06-29,0.0,
1993-06-30,0.0,
1993-07-01,0.0,
1993-07-02,0.0,
1993-07-03,0.0,
1993-07-04,0.0,
1993-07-05,0.0,
1993-07-06,0.0,
1993-07-07,0.0,
1993-07-08,0.0,
1993-07-09,0.0,
1993-07-10,0.0,
1993-07-11,0.0,
1993-07-12,0.0,
1993-07-13,0.0,
1993-07-14,0.0,
1993-07-15,0.0,
1993-07-16,0.0,
1993-07-17,0.0,
1993-07-18,0.0,
1993-07-19,0.0,
1993-07-20,0.0,
1993-07-21,0.0,
1993-07-22,0.0,
1993-07-23,0.0,
1993-07-24,0.0,
1993-07-25,0.0,
1993-07-26,0.0,
1993-07-27,0.0,
1993-07-28,0.0,
1993-07-29,0.0,
1993-07-30,0.0,
1993-07-31,0.0,
1993-08-01,0.0,
1993-08-02,0.0,
1993-08-03,0.0,
1993-08-04,0.0,
1993-08-05,0.0,
1993-08-06,0.0,
1993-08-07,0.0,
1993-08-08,0.0,
1993-08-09,0.0,
1993-08-10,0.0,
1993-08-11,0.0,
1993-08-12,0.0,
1993-08-13,0.0,
1993-08-14,0.0,
1993-08-15,0.0,
1993-08-16,0.0,
1993-08-17,0.0,
1993-08-18,0.0,
1993-08-19,0.0,
1993-08-20,0.0,
1993-08-21,0.0,
1993-08-22,0.0,
1993-08-23,0.0,
1993-08-24,0.0,
1993-08-25,0.0,
1993-08-26,0.0,
1993-08-27,0.0,
1993-08-28,0.0,
1993-08-29,0.0,
1993-08-30,0.0,
1993-08-31,0.0,
1993-09-01,0.0,
1993-09-02,0.0,
1993-09-03,0.0,
1993-09-04,0.0,
1993-09-05,0.0,
1993-09-06,0.0,
1993-09-07,0.0,
1993-09-08,0.0,
1993-09-09,0.0,
1993-09-10,0.0,
1993-09-11,0.0,
1993-09-12,0.0,
1993-09-13,0.0,
1993-09-14,0.0,
1993-09-15,0.0,
1993-09-16,0.0,
1993-09-17,0.0,
1993-09-18,0.0,
1993-09-19,0.0,
1993-09-20,0.0,
1993-09-21,0.0,
1993-09-22,0.0,
1993-09-23,0.0,
1993-09-24,0.0,
1993-09-25,0.0,
1993-09-26,0.0,
1993-09-27,0.0,
1993-09-28,0.0,
1993-09-29,0.0,
1993-09-30,0.0,
1993-10-01,0.0,
1993-10-02,0.0,
1993-10-03,0.0,
1993-10-04,0.0,
1993-10-05,0.0,
1993-10-06,0.0,
1993-10-07,0.0,
1993-10-08,0.0,
1993-10-09,0.0,
1993-10-10,0.0,
1993-10-11,0.0,
1993-10-12,0.0,
1993-10-13,0.0,
1993-10-14,0.0,
1993-10-15,0.0,
1993-10-16,0.0,
1993-10-17,0.0,
1993-10-18,0.0,
1993-10-19,0.0,
1993-10-20,0.0,
1993-10-21,0.0,
1993-10-22,0.0,
1993-10-23,0.0,
1993-10-24,0.0,
1993-10-25,0.0,
1993-10-26,0.0,
1993-10-27,0.0,
1993-10-28,0.0,
1993-10-29,0.0,
1993-10-30,0.0,
1993-10-31,0.0,
1993-11-01,0.0,
1993-11-02,0.0,
1993-11-03,0.0,
1993-11-04,0.0,
1993-11-05,0.0,
1993-11-06,0.0,
1993-11-07,0.0,
1993-11-08,0.0,
1993-11-09,0.0,
1993-11-10,0.0,
1993-11-11,0.0,
1993-11-12,0.0,
1993-11-13,0.0,
1993-11-14,0.508,
1993-11-15,0.508,
1993-11-16,0.508,
1993-11-17,0.508,
1993-11-18,0.508,
1993-11-19,0.508,
1993-11-20,0.508,
1993-11-21,0.508,
1993-11-22,0.508,
1993-11-23,0.508,
1993-11-24,0.508,
1993-11-25,0.508,
1993-11-26,0.991,
1993-11-27,0.991,
1993-11-28,0.991,
1993-11-29,0.991,
1993-11-30,3.505,
1993-12-01,3.988,
1993-12-02,3.988,
1993-12-03,3.988,
1993-12-04,3.988,
1993-12-05,3.988,
1993-12-06,3.988,
1993-12-07,3.988,
1993-12-08,3.988,
1993-12-09,3.988,
1993-12-10,3.988,
1993-12-11,3.988,
1993-12-12,7.493,
1993-12-13,8.992,
1993-12-14,8.992,
1993-12-15,9.5,
1993-12-16,9.5,
1993-12-17,10.008,
1993-12-18,10.008,
1993-12-19,10.008,
1993-12-20,10.008,
1993-12-21,10.008,
1993-12-22,10.008,
1993-12-23,10.008,
1993-12-24,10.008,
1993-12-25,10.008,
1993-12-26,10.008,
1993-12-27,10.008,
1993-12-28,10.008,
1993-12-29,10.008,
1993-12-30,10.008,
1993-12-31,10.008,
1994-01-01,10.008,
1994-01-02,10.008,
1994-01-03,10.998,
1994-01-04,10.998,
1994-01-05,12.497,
1994-01-06,12.497,
1994-01-07,12.497,
1994-01-08,12.497,
1994-01-09,12.497,
1994-01-10,12.497,
1994-01-11,12.497,
1994-01-12,13.005,
1994-01-13,13.005,
1994-01-14,13.005,
1994-01-15,13.005,
1994-01-16,13.005,
1994-01-17,13.005,
1994-01-18,13.005,
1994-01-19,13.005,
1994-01-20,13.005,
1994-01-21,13.005,
1994-01-22,13.005,
1994-01-23,13.005,
1994-01-24,13.005,
1994-01-25,15.494,
1994-01-26,15.494,
1994-01-27,15.494,
1994-01-28,16.002,
1994-01-29,16.002,
1994-01-30,16.002,
1994-01-31,16.993,
1994-02-01,16.993,
1994-02-02,16.993,
1994-02-03,16.993,
1994-02-04,16.993,
1994-02-05,16.993,
1994-02-06,17.501,
1994-02-07,18.009,
1994-02-08,21.514,
1994-02-09,22.504,
1994-02-10,22.504,
1994-02-11,24.003,
1994-02-12,24.511,
1994-02-13,24.511,
1994-02-14,24.511,
1994-02-15,24.994,
1994-02-16,24.994,
1994-02-17,25.502,
1994-02-18,30.988,
1994-02-19,33.503,
1994-02-20,36.5,
1994-02-21,37.008,
1994-02-22,37.49,
1994-02-23,37.49,
1994-02-24,38.989,
1994-02-25,38.989,
1994-02-26,39.497,
1994-02-27,39.497,
1994-02-28,39.497,
1994-03-01,39.497,
1994-03-02,39.497,
1994-03-03,39.497,
1994-03-04,39.497,
1994-03-05,39.497,
1994-03-06,39.497,
1994-03-07,39.497,
1994-03-08,39.497,
1994-03-09,39.497,
1994-03-10,39.497,
1994-03-11,39.497,
1994-03-12,39.497,
1994-03-13,39.497,
1994-03-14,39.497,
1994-03-15,39.497,
1994-03-16,39.497,
1994-03-17,39.497,
1994-03-18,37.998,
1994-03-19,37.49,
1994-03-20,36.5,
1994-03-21,36.5,
1994-03-22,36.5,
1994-03-23,36.5,
1994-03-24,36.5,
1994-03-25,36.5,
1994-03-26,36.5,
1994-03-27,36.398,
1994-03-28,36.398,
1994-03-29,36.398,
1994-03-30,36.398,
1994-03-31,35.89,
1994-04-01,32.969,
1994-04-02,31.471,
1994-04-03,29.972,
1994-04-04,29.972,
1994-04-05,29.464,
1994-04-06,28.702,
1994-04-07,27.94,
1994-04-08,27.457,
1994-04-09,27.457,
1994-04-10,26.975,
1994-04-11,26.975,
1994-04-12,26.975,
1994-04-13,24.638,
1994-04-14,22.479,
1994-04-15,20.32,
1994-04-16,17.958,
1994-04-17,15.469,
1994-04-18,12.471,
1994-04-19,9.474,
1994-04-20,6.477,
1994-04-21,5.969,
1994-04-22,5.461,
1994-04-23,4.978,
1994-04-24,4.47,
1994-04-25,2.286,
1994-04-26,0.0,
1994-04-27,0.0,
1994-04-28,0.0,
1994-04-29,0.0,
1994-04-30,0.0,
1994-05-01,0.0,
1994-05-02,0.0,
1994-05-03,0.0,
1994-05-04,0.0,
1994-05-05,0.0,
1994-05-06,0.0,
1994-05-07,0.0,
1994-05-08,0.0,
1994-05-09,0.0,
1994-05-10,0.0,
1994-05-11,0.0,
1994-05-12,0.0,
1994-05-13,0.0,
1994-05-14,0.0,
1994-05-15,0.0,
1994-05-16,0.0,
1994-05-17,0.0,
1994-05-18,0.0,
1994-05-19,0.0,
1994-05-20,0.0,
1994-05-21,0.0,
1994-05-22,0.0,
1994-05-23,0.0,
1994-05-24,0.0,
1994-05-25,0.0,
1994-05-26,0.0,
1994-05-27,0.0,
1994-05-28,0.0,
1994-05-29,0.0,
1994-05-30,0.0,
1994-05-31,0.0,
1994-06-01,0.0,
1994-06-02,0.0,
1994-06-03,0.0,
1994-06-04,0.0,
1994-06-05,0.0,
1994-06-06,0.0,
1994-06-07,0.0,
1994-06-08,0.0,
1994-06-09,0.0,
1994-06-10,0.0,
1994-06-11,0.0,
1994-06-12,0.0,
1994-06-13,0.0,
1994-06-14,0.0,
1994-06-15,0.0,
1994-06-16,0.0,
1994-06-17,0.0,
1994-06-18,0.0,
1994-06-19,0.0,
1994-06-20,0.0,
1994-06-21,0.0,
1994-06-22,0.0,
1994-06-23,0.0,
1994-06-24,0.0,
1994-06-25,0.0,
1994-06-26,0.0,
1994-06-27,0.0,
1994-06-28,0.0,
1994-06-29,0.0,
1994-06-30,0.0,
1994-07-01,0.0,
1994-07-02,0.0,
1994-07-03,0.0,
1994-07-04,0.0,
1994-07-05,0.0,
1994-07-06,0.0,
1994-07-07,0.0,
1994-07-08,0.0,
1994-07-09,0.0,
1994-07-10,0.0,
1994-07-11,0.0,
1994-07-12,0.0,
1994-07-13,0.0,
1994-07-14,0.0,
1994-07-15,0.0,
1994-07-16,0.0,
1994-07-17,0.0,
1994-07-18,0.0,
1994-07-19,0.0,
1994-07-20,0.0,
1994-07-21,0.0,
1994-07-22,0.0,
1994-07-23,0.0,
1994-07-24,0.0,
1994-07-25,0.0,
1994-07-26,0.0,
1994-07-27,0.0,
1994-07-28,0.0,
1994-07-29,0.0,
1994-07-30,0.0,
1994-07-31,0.0,
1994-08-01,0.0,
1994-08-02,0.0,
1994-08-03,0.0,
1994-08-04,0.0,
1994-08-05,0.0,
1994-08-06,0.0,
1994-08-07,0.0,
1994-08-08,0.0,
1994-08-09,0.0,
1994-08-10,0.0,
1994-08-11,0.0,
1994-08-12,0.0,
1994-08-13,0.0,
1994-08-14,0.0,
1994-08-15,0.0,
1994-08-16,0.0,
1994-08-17,0.0,
1994-08-18,0.0,
1994-08-19,0.0,
1994-08-20,0.0,
1994-08-21,0.0,
1994-08-22,0.0,
1994-08-23,0.0,
1994-08-24,0.0,
1994-08-25,0.0,
1994-08-26,0.0,
1994-08-27,0.0,
1994-08-28,0.0,
1994-08-29,0.0,
1994-08-30,0.0,
1994-08-31,0.0,
1994-09-01,0.0,
1994-09-02,0.0,
1994-09-03,0.0,
1994-09-04,0.0,
1994-09-05,0.0,
1994-09-06,0.0,
1994-09-07,0.0,
1994-09-08,0.0,
1994-09-09,0.0,
1994-09-10,0.0,
1994-09-11,0.0,
1994-09-12,0.0,
1994-09-13,0.0,
1994-09-14,0.0,
1994-09-15,0.0,
1994-09-16,0.0,
1994-09-17,0.0,
1994-09-18,0.0,
1994-09-19,0.0,
1994-09-20,0.0,
1994-09-21,0.0,
1994-09-22,0.0,
1994-09-23,0.0,
1994-09-24,0.0,
1994-09-25,0.0,
1994-09-26,0.0,
1994-09-27,0.0,
1994-09-28,0.0,
1994-09-29,0.0,
1994-09-30,0.0,
1994-10-01,0.0,
1994-10-02,0.0,
1994-10-03,0.0,
1994-10-04,0.0,
1994-10-05,0.0,
1994-10-06,0.0,
1994-10-07,0.0,
1994-10-08,0.0,
1994-10-09,0.0,
1994-10-10,0.0,
1994-10-11,0.0,
1994-10-12,0.0,
1994-10-13,0.0,
1994-10-14,0.0,
1994-10-15,0.0,
1994-10-16,0.0,
1994-10-17,0.0,
1994-10-18,0.0,
1994-10-19,0.0,
1994-10-20,0.0,
1994-10-21,0.0,
1994-10-22,0.0,
1994-10-23,0.0,
1994-10-24,0.0,
1994-10-25,0.0,
1994-10-26,0.0,
1994-10-27,0.0,
1994-10-28,0.0,
1994-10-29,0.0,
1994-10-30,0.0,
1994-10-31,0.0,
1994-11-01,0.0,
1994-11-02,0.0,
1994-11-03,0.0,
1994-11-04,0.0,
1994-11-05,0.0,
1994-11-06,0.0,
1994-11-07,0.0,
1994-11-08,0.0,
1994-11-09,0.0,
1994-11-10,0.0,
1994-11-11,0.0,
1994-11-12,0.0,
1994-11-13,0.0,
1994-11-14,0.0,
1994-11-15,0.0,
1994-11-16,0.0,
1994-11-17,0.0,
1994-11-18,2.007,
1994-11-19,2.007,
1994-11-20,2.489,
1994-11-21,2.489,
1994-11-22,2.489,
1994-11-23,2.489,
1994-11-24,2.489,
1994-11-25,2.489,
1994-11-26,7.493,
1994-11-27,8.001,
1994-11-28,8.001,
1994-11-29,8.509,
1994-11-30,8.509,
1994-12-01,8.509,
1994-12-02,8.509,
1994-12-03,8.509,
1994-12-04,8.992,
1994-12-05,10.49,
1994-12-06,10.998,
1994-12-07,10.998,
1994-12-08,10.998,
1994-12-09,10.998,
1994-12-10,10.998,
1994-12-11,10.998,
1994-12-12,10.998,
1994-12-13,13.995,
1994-12-14,14.503,
1994-12-15,15.011,
1994-12-16,15.011,
1994-12-17,16.51,
1994-12-18,16.51,
1994-12-19,16.51,
1994-12-20,16.51,
1994-12-21,16.51,
1994-12-22,16.51,
1994-12-23,16.51,
1994-12-24,16.51,
1994-12-25,16.51,
1994-12-26,19.507,
1994-12-27,19.507,
1994-12-28,19.812,
1994-12-29,19.812,
1994-12-30,19.99,
1994-12-31,19.99,
1995-01-01,19.99,
1995-01-02,19.99,
1995-01-03,19.99,
1995-01-04,19.99,
1995-01-05,21.895,
1995-01-06,23.8,
1995-01-07,25.705,
1995-01-08,27.61,
1995-01-09,29.515,
1995-01-10,31.42,
1995-01-11,33.325,
1995-01-12,35.23,
1995-01-13,37.135,
1995-01-14,39.04,
1995-01-15,40.945,
1995-01-16,42.85,
1995-01-17,44.755,
1995-01-18,46.66,
1995-01-19,48.565,
1995-01-20,50.47,
1995-01-21,52.375,
1995-01-22,54.28,
1995-01-23,56.185,
1995-01-24,58.09,
1995-01-25,59.995,
1995-01-26,61.9,
1995-01-27,63.805,
1995-01-28,65.71,
1995-01-29,67.615,
1995-01-30,69.52,
1995-01-31,71.425,
1995-02-01,73.33,
1995-02-02,75.235,
1995-02-03,77.14,
1995-02-04,79.045,
1995-02-05,80.95,
1995-02-06,81.788,
1995-02-07,82.804,
1995-02-08,83.998,
1995-02-09,84.506,
1995-02-10,84.506,
1995-02-11,85.496,
1995-02-12,85.496,
1995-02-13,85.496,
1995-02-14,89.51,
1995-02-15,90.805,
1995-02-16,92.075,
1995-02-17,93.345,
1995-02-18,94.615,
1995-02-19,95.885,
1995-02-20,97.155,
1995-02-21,98.425,
1995-02-22,99.695,
1995-02-23,100.965,
1995-02-24,102.235,
1995-02-25,103.505,
1995-02-26,104.775,
1995-02-27,106.045,
1995-02-28,107.315,
1995-03-01,108.585,
1995-03-02,109.855,
1995-03-03,111.125,
1995-03-04,112.395,
1995-03-05,113.665,
1995-03-06,114.935,
1995-03-07,116.205,
1995-03-08,117.475,
1995-03-09,118.745,
1995-03-10,120.015,
1995-03-11,121.285,
1995-03-12,122.555,
1995-03-13,123.825,
1995-03-14,125.095,
1995-03-15,126.365,
1995-03-16,127.635,
1995-03-17,128.905,
1995-03-18,130.175,
1995-03-19,131.445,
1995-03-20,132.715,
1995-03-21,133.985,
1995-03-22,135.255,
1995-03-23,136.525,
1995-03-24,137.795,
1995-03-25,139.065,
1995-03-26,140.335,
1995-03-27,141.605,
1995-03-28,142.875,
1995-03-29,144.145,
1995-03-30,145.415,
1995-03-31,146.685,
1995-04-01,147.955,
1995-04-02,149.225,
1995-04-03,150.495,
1995-04-04,152.4,
1995-04-05,151.13,
1995-04-06,149.86,
1995-04-07,149.403,
1995-04-08,148.412,
1995-04-09,147.904,
1995-04-10,146.914,
1995-04-11,146.914,
1995-04-12,146.406,
1995-04-13,145.898,
1995-04-14,145.415,
1995-04-15,145.415,
1995-04-16,145.415,
1995-04-17,145.415,
1995-04-18,145.415,
1995-04-19,145.898,
1995-04-20,146.406,
1995-04-21,147.904,
1995-04-22,147.904,
1995-04-23,147.904,
1995-04-24,148.59,
1995-04-25,148.895,
1995-04-26,149.403,
1995-04-27,149.403,
1995-04-28,146.914,
1995-04-29,145.415,
1995-04-30,151.409,
1995-05-01,150.901,
1995-05-02,149.911,
1995-05-03,148.895,
1995-05-04,147.32,
1995-05-05,148.895,
1995-05-06,148.895,
1995-05-07,148.895,
1995-05-08,148.895,
1995-05-09,148.895,
1995-05-10,148.895,
1995-05-11,148.895,
1995-05-12,148.895,
1995-05-13,148.412,
1995-05-14,148.412,
1995-05-15,148.412,
1995-05-16,148.412,
1995-05-17,148.412,
1995-05-18,148.412,
1995-05-19,148.412,
1995-05-20,148.412,
1995-05-21,148.412,
1995-05-22,145.898,
1995-05-23,143.408,
1995-05-24,142.418,
1995-05-25,141.91,
1995-05-26,140.919,
1995-05-27,140.919,
1995-05-28,139.395,
1995-05-29,137.414,
1995-05-30,134.899,
1995-05-31,132.918,
1995-06-01,130.404,
1995-06-02,127.406,
1995-06-03,124.917,
1995-06-04,121.895,
1995-06-05,118.897,
1995-06-06,115.9,
1995-06-07,112.903,
1995-06-08,112.42,
1995-06-09,111.912,
1995-06-10,110.922,
1995-06-11,109.398,
1995-06-12,105.918,
1995-06-13,101.905,
1995-06-14,98.4,
1995-06-15,94.92,
1995-06-16,94.412,
1995-06-17,94.412,
1995-06-18,94.412,
1995-06-19,93.904,
1995-06-20,92.913,
1995-06-21,90.907,
1995-06-22,90.932,
1995-06-23,83.896,
1995-06-24,79.908,
1995-06-25,75.921,
1995-06-26,70.917,
1995-06-27,67.412,
1995-06-28,64.897,
1995-06-29,58.42,
1995-06-30,52.908,
1995-07-01,49.403,
1995-07-02,44.907,
1995-07-03,40.411,
1995-07-04,35.408,
1995-07-05,29.896,
1995-07-06,22.911,
1995-07-07,13.919,
1995-07-08,4.42,
1995-07-09,1.905,
1995-07-10,0.0,
1995-07-11,0.0,
1995-07-12,0.0,
1995-07-13,0.0,
1995-07-14,0.0,
1995-07-15,0.0,
1995-07-16,0.0,
1995-07-17,0.0,
1995-07-18,0.0,
1995-07-19,0.0,
1995-07-20,0.0,
1995-07-21,0.0,
1995-07-22,0.0,
1995-07-23,0.0,
1995-07-24,0.0,
1995-07-25,0.0,
1995-07-26,0.0,
1995-07-27,0.0,
1995-07-28,0.0,
1995-07-29,0.0,
1995-07-30,0.0,
1995-07-31,0.0,
1995-08-01,0.0,
1995-08-02,0.0,
1995-08-03,0.0,
1995-08-04,0.0,
1995-08-05,0.0,
1995-08-06,0.0,
1995-08-07,0.0,
1995-08-08,0.0,
1995-08-09,0.0,
1995-08-10,0.0,
1995-08-11,0.0,
1995-08-12,0.0,
1995-08-13,0.0,
1995-08-14,0.0,
1995-08-15,0.0,
1995-08-16,0.0,
1995-08-17,0.0,
1995-08-18,0.0,
1995-08-19,0.0,
1995-08-20,0.0,
1995-08-21,0.0,
1995-08-22,0.0,
1995-08-23,0.0,
1995-08-24,0.0,
1995-08-25,0.0,
1995-08-26,0.0,
1995-08-27,0.0,
1995-08-28,0.0,
1995-08-29,0.0,
1995-08-30,0.0,
1995-08-31,0.0,
1995-09-01,0.0,
1995-09-02,0.0,
1995-09-03,0.0,
1995-09-04,0.0,
1995-09-05,0.0,
1995-09-06,0.0,
1995-09-07,0.0,
1995-09-08,0.0,
1995-09-09,0.0,
1995-09-10,0.0,
1995-09-11,0.0,
1995-09-12,0.0,
1995-09-13,0.0,
1995-09-14,0.0,
1995-09-15,0.0,
1995-09-16,0.0,
1995-09-17,0.0,
1995-09-18,0.0,
1995-09-19,0.0,
1995-09-20,0.0,
1995-09-21,0.0,
1995-09-22,0.0,
1995-09-23,0.0,
1995-09-24,0.0,
1995-09-25,0.0,
1995-09-26,0.0,
1995-09-27,0.0,
1995-09-28,0.0,
1995-09-29,0.0,
1995-09-30,0.0,
1995-10-01,0.0,
1995-10-02,0.0,
1995-10-03,0.0,
1995-10-04,0.0,
1995-10-05,0.0,
1995-10-06,0.0,
1995-10-07,0.0,
1995-10-08,0.0,
1995-10-09,0.0,
1995-10-10,0.0,
1995-10-11,0.0,
1995-10-12,0.0,
1995-10-13,0.0,
1995-10-14,0.0,
1995-10-15,0.0,
1995-10-16,0.0,
1995-10-17,0.0,
1995-10-18,0.0,
1995-10-19,0.0,
1995-10-20,0.0,
1995-10-21,0.0,
1995-10-22,0.0,
1995-10-23,0.0,
1995-10-24,0.0,
1995-10-25,0.0,
1995-10-26,0.0,
1995-10-27,0.0,
1995-10-28,0.0,
1995-10-29,0.0,
1995-10-30,0.0,
1995-10-31,0.0,
1995-11-01,0.0,
1995-11-02,0.0,
1995-11-03,0.0,
1995-11-04,0.0,
1995-11-05,0.0,
1995-11-06,0.0,
1995-11-07,0.0,
1995-11-08,0.0,
1995-11-09,0.0,
1995-11-10,0.0,
1995-11-11,0.0,
1995-11-12,0.0,
1995-11-13,0.0,
1995-11-14,0.0,
1995-11-15,0.0,
1995-11-16,0.0,
1995-11-17,0.0,
1995-11-18,0.0,
1995-11-19,0.0,
1995-11-20,0.0,
1995-11-21,0.0,
1995-11-22,0.0,
1995-11-23,0.0,
1995-11-24,0.0,
1995-11-25,0.0,
1995-11-26,0.0,
1995-11-27,0.0,
1995-11-28,0.0,
1995-11-29,0.0,
1995-11-30,0.0,
1995-12-01,0.0,
1995-12-02,0.0,
1995-12-03,0.0,
1995-12-04,0.0,
1995-12-05,0.0,
1995-12-06,0.0,
1995-12-07,0.0,
1995-12-08,0.0,
1995-12-09,0.0,
1995-12-10,0.0,
1995-12-11,0.0,
1995-12-12,6.248,
1995-12-13,12.243,
1995-12-14,15.748,
1995-12-15,15.748,
1995-12-16,15.748,
1995-12-17,15.748,
1995-12-18,15.748,
1995-12-19,15.748,
1995-12-20,15.748,
1995-12-21,15.748,
1995-12-22,15.748,
1995-12-23,15.748,
1995-12-24,15.748,
1995-12-25,16.739,
1995-12-26,17.247,
1995-12-27,17.247,
1995-12-28,17.247,
1995-12-29,17.247,
1995-12-30,17.755,
1995-12-31,18.237,
1996-01-01,18.237,
1996-01-02,18.237,
1996-01-03,18.237,
1996-01-04,18.237,
1996-01-05,18.237,
1996-01-06,18.237,
1996-01-07,18.237,
1996-01-08,18.237,
1996-01-09,18.237,
1996-01-10,18.237,
1996-01-11,18.237,
1996-01-12,18.288,
1996-01-13,18.745,
1996-01-14,18.745,
1996-01-15,18.745,
1996-01-16,18.745,
1996-01-17,24.257,
1996-01-18,24.74,
1996-01-19,27.762,
1996-01-20,29.743,
1996-01-21,29.743,
1996-01-22,30.759,
1996-01-23,30.759,
1996-01-24,31.242,
1996-01-25,35.738,
1996-01-26,36.246,
1996-01-27,36.246,
1996-01-28,39.751,
1996-01-29,40.259,
1996-01-30,40.386,
1996-01-31,41.758,
1996-02-01,43.739,
1996-02-02,44.755,
1996-02-03,44.755,
1996-02-04,44.755,
1996-02-05,50.241,
1996-02-06,52.756,
1996-02-07,53.746,
1996-02-08,53.746,
1996-02-09,54.254,
1996-02-10,54.254,
1996-02-11,54.254,
1996-02-12,54.254,
1996-02-13,54.254,
1996-02-14,54.254,
1996-02-15,54.864,
1996-02-16,54.762,
1996-02-17,54.762,
1996-02-18,54.762,
1996-02-19,56.261,
1996-02-20,68.25,
1996-02-21,72.746,
1996-02-22,78.257,
1996-02-23,78.74,
1996-02-24,79.756,
1996-02-25,81.255,
1996-02-26,81.763,
1996-02-27,81.763,
1996-02-28,82.245,
1996-02-29,83.261,
1996-03-01,83.744,
1996-03-02,84.252,
1996-03-03,84.252,
1996-03-04,84.252,
1996-03-05,89.256,
1996-03-06,92.761,
1996-03-07,93.243,
1996-03-08,93.243,
1996-03-09,92.761,
1996-03-10,92.761,
1996-03-11,92.761,
1996-03-12,93.751,
1996-03-13,96.749,
1996-03-14,98.247,
1996-03-15,98.247,
1996-03-16,98.247,
1996-03-17,97.257,
1996-03-18,96.241,
1996-03-19,96.241,
1996-03-20,96.241,
1996-03-21,95.758,
1996-03-22,94.259,
1996-03-23,94.259,
1996-03-24,94.259,
1996-03-25,93.751,
1996-03-26,93.243,
1996-03-27,91.237,
1996-03-28,91.237,
1996-03-29,91.237,
1996-03-30,91.237,
1996-03-31,91.237,
1996-04-01,91.237,
1996-04-02,93.243,
1996-04-03,93.751,
1996-04-04,94.259,
1996-04-05,94.259,
1996-04-06,94.259,
1996-04-07,93.243,
1996-04-08,92.761,
1996-04-09,90.246,
1996-04-10,88.24,
1996-04-11,86.741,
1996-04-12,84.76,
1996-04-13,83.744,
1996-04-14,81.763,
1996-04-15,79.248,
1996-04-16,77.749,
1996-04-17,80.239,
1996-04-18,83.744,
1996-04-19,84.252,
1996-04-20,84.252,
1996-04-21,84.252,
1996-04-22,84.252,
1996-04-23,84.252,
1996-04-24,84.252,
1996-04-25,83.744,
1996-04-26,81.255,
1996-04-27,78.74,
1996-04-28,75.743,
1996-04-29,72.746,
1996-04-30,70.256,
1996-05-01,66.751,
1996-05-02,64.262,
1996-05-03,61.747,
1996-05-04,58.75,
1996-05-05,55.753,
1996-05-06,52.756,
1996-05-07,49.759,
1996-05-08,47.752,
1996-05-09,44.755,
1996-05-10,41.758,
1996-05-11,38.76,
1996-05-12,35.738,
1996-05-13,30.759,
1996-05-14,27.254,
1996-05-15,22.25,
1996-05-16,21.26,
1996-05-17,19.253,
1996-05-18,18.237,
1996-05-19,12.751,
1996-05-20,9.246,
1996-05-21,6.756,
1996-05-22,6.248,
1996-05-23,5.74,
1996-05-24,4.75,
1996-05-25,3.759,
1996-05-26,3.302,
1996-05-27,0.0,
1996-05-28,0.0,
1996-05-29,0.0,
1996-05-30,0.0,
1996-05-31,0.0,
1996-06-01,0.0,
1996-06-02,0.0,
1996-06-03,0.0,
1996-06-04,0.0,
1996-06-05,0.0,
1996-06-06,0.0,
1996-06-07,0.0,
1996-06-08,0.0,
1996-06-09,0.0,
1996-06-10,0.0,
1996-06-11,0.0,
1996-06-12,0.0,
1996-06-13,0.0,
1996-06-14,0.0,
1996-06-15,0.0,
1996-06-16,0.0,
1996-06-17,0.0,
1996-06-18,0.0,
1996-06-19,0.0,
1996-06-20,0.0,
1996-06-21,0.0,
1996-06-22,0.0,
1996-06-23,0.0,
1996-06-24,0.0,
1996-06-25,0.0,
1996-06-26,0.0,
1996-06-27,0.0,
1996-06-28,0.0,
1996-06-29,0.0,
1996-06-30,0.0,
1996-07-01,0.0,
1996-07-02,0.0,
1996-07-03,0.0,
1996-07-04,0.0,
1996-07-05,0.0,
1996-07-06,0.0,
1996-07-07,0.0,
1996-07-08,0.0,
1996-07-09,0.0,
1996-07-10,0.0,
1996-07-11,0.0,
1996-07-12,0.0,
1996-07-13,0.0,
1996-07-14,0.0,
1996-07-15,0.0,
1996-07-16,0.0,
1996-07-17,0.0,
1996-07-18,0.0,
1996-07-19,0.0,
1996-07-20,0.0,
1996-07-21,0.0,
1996-07-22,0.0,
1996-07-23,0.0,
1996-07-24,0.0,
1996-07-25,0.0,
1996-07-26,0.0,
1996-07-27,0.0,
1996-07-28,0.0,
1996-07-29,0.0,
1996-07-30,0.0,
1996-07-31,0.0,
1996-08-01,0.0,
1996-08-02,0.0,
1996-08-03,0.0,
1996-08-04,0.0,
1996-08-05,0.0,
1996-08-06,0.0,
1996-08-07,0.0,
1996-08-08,0.0,
1996-08-09,0.0,
1996-08-10,0.0,
1996-08-11,0.0,
1996-08-12,0.0,
1996-08-13,0.0,
1996-08-14,0.0,
1996-08-15,0.0,
1996-08-16,0.0,
1996-08-17,0.0,
1996-08-18,0.0,
1996-08-19,0.0,
1996-08-20,0.0,
1996-08-21,0.0,
1996-08-22,0.0,
1996-08-23,0.0,
1996-08-24,0.0,
1996-08-25,0.0,
1996-08-26,0.0,
1996-08-27,0.0,
1996-08-28,0.0,
1996-08-29,0.0,
1996-08-30,0.0,
1996-08-31,0.0,
1996-09-01,0.0,
1996-09-02,0.0,
1996-09-03,0.0,
1996-09-04,0.0,
1996-09-05,0.0,
1996-09-06,0.0,
1996-09-07,0.0,
1996-09-08,0.0,
1996-09-09,0.0,
1996-09-10,0.0,
1996-09-11,0.0,
1996-09-12,0.0,
1996-09-13,0.0,
1996-09-14,0.0,
1996-09-15,0.0,
1996-09-16,0.0,
1996-09-17,0.0,
1996-09-18,0.0,
1996-09-19,0.0,
1996-09-20,0.0,
1996-09-21,0.0,
1996-09-22,0.0,
1996-09-23,0.0,
1996-09-24,0.0,
1996-09-25,0.0,
1996-09-26,0.0,
1996-09-27,0.0,
1996-09-28,0.0,
1996-09-29,0.0,
1996-09-30,0.0,
1996-10-01,0.0,
1996-10-02,0.0,
1996-10-03,0.0,
1996-10-04,0.0,
1996-10-05,0.0,
1996-10-06,0.0,
1996-10-07,0.0,
1996-10-08,0.0,
1996-10-09,0.0,
1996-10-10,0.0,
1996-10-11,0.0,
1996-10-12,0.0,
1996-10-13,0.0,
1996-10-14,0.0,
1996-10-15,0.0,
1996-10-16,0.0,
1996-10-17,0.0,
1996-10-18,0.0,
1996-10-19,0.0,
1996-10-20,0.0,
1996-10-21,0.0,
1996-10-22,0.0,
1996-10-23,0.0,
1996-10-24,0.0,
1996-10-25,0.0,
1996-10-26,0.0,
1996-10-27,0.0,
1996-10-28,0.0,
1996-10-29,0.0,
1996-10-30,2.997,
1996-10-31,3.505,
1996-11-01,4.013,
1996-11-02,4.013,
1996-11-03,4.013,
1996-11-04,4.013,
1996-11-05,4.013,
1996-11-06,4.064,
1996-11-07,4.013,
1996-11-08,5.004,
1996-11-09,5.004,
1996-11-10,5.004,
1996-11-11,5.004,
1996-11-12,5.486,
1996-11-13,5.486,
1996-11-14,5.486,
1996-11-15,5.486,
1996-11-16,5.486,
1996-11-17,7.01,
1996-11-18,15.494,
1996-11-19,15.494,
1996-11-20,16.002,
1996-11-21,16.002,
1996-11-22,19.507,
1996-11-23,21.996,
1996-11-24,21.996,
1996-11-25,21.996,
1996-11-26,21.996,
1996-11-27,21.996,
1996-11-28,21.996,
1996-11-29,21.996,
1996-11-30,21.996,
1996-12-01,21.996,
1996-12-02,21.996,
1996-12-03,21.996,
1996-12-04,21.996,
1996-12-05,21.996,
1996-12-06,24.994,
1996-12-07,24.994,
1996-12-08,25.502,
1996-12-09,27.0,
1996-12-10,30.505,
1996-12-11,38.989,
1996-12-12,40.005,
1996-12-13,40.005,
1996-12-14,40.005,
1996-12-15,40.005,
1996-12-16,40.005,
1996-12-17,40.005,
1996-12-18,40.005,
1996-12-19,40.005,
1996-12-20,40.005,
1996-12-21,39.878,
1996-12-22,47.498,
1996-12-23,52.502,
1996-12-24,54.508,
1996-12-25,54.508,
1996-12-26,54.508,
1996-12-27,58.496,
1996-12-28,59.944,
1996-12-29,60.452,
1996-12-30,64.008,
1996-12-31,67.056,
1997-01-01,67.056,
1997-01-02,70.612,
1997-01-03,73.0,
1997-01-04,73.0,
1997-01-05,73.0,
1997-01-06,73.0,
1997-01-07,73.0,
1997-01-08,73.0,
1997-01-09,73.508,
1997-01-10,73.99,
1997-01-11,73.99,
1997-01-12,73.99,
1997-01-13,75.489,
1997-01-14,75.997,
1997-01-15,76.505,
1997-01-16,78.994,
1997-01-17,78.994,
1997-01-18,78.994,
1997-01-19,78.994,
1997-01-20,80.01,
1997-01-21,83.998,
1997-01-22,85.014,
1997-01-23,93.497,
1997-01-24,95.504,
1997-01-25,97.511,
1997-01-26,105.004,
1997-01-27,106.68,
1997-01-28,106.68,
1997-01-29,106.68,
1997-01-30,106.68,
1997-01-31,106.68,
1997-02-01,102.87,
1997-02-02,99.695,
1997-02-03,96.52,
1997-02-04,93.345,
1997-02-05,90.17,
1997-02-06,86.995,
1997-02-07,83.82,
1997-02-08,80.645,
1997-02-09,77.47,
1997-02-10,74.295,
1997-02-11,71.12,
1997-02-12,67.945,
1997-02-13,67.564,
1997-02-14,67.056,
1997-02-15,68.58,
1997-02-16,71.12,
1997-02-17,76.2,
1997-02-18,81.28,
1997-02-19,86.36,
1997-02-20,91.44,
1997-02-21,96.52,
1997-02-22,101.6,
1997-02-23,104.14,
1997-02-24,106.68,
1997-02-25,,
1997-02-26,,
1997-02-27,,
1997-02-28,,
1997-03-01,,
1997-03-02,,
1997-03-03,,
1997-03-04,,
1997-03-05,,
1997-03-06,,
1997-03-07,,
1997-03-08,,
1997-03-09,,
1997-03-10,,
1997-03-11,,
1997-03-12,,
1997-03-13,,
1997-03-14,,
1997-03-15,,
1997-03-16,,
1997-03-17,,
1997-03-18,,
1997-03-19,,
1997-03-20,,
1997-03-21,,
1997-03-22,,
1997-03-23,,
1997-03-24,,
1997-03-25,,
1997-03-26,,
1997-03-27,,
1997-03-28,,
1997-03-29,,
1997-03-30,,
1997-03-31,,
1997-04-01,,
1997-04-02,,
1997-04-03,,
1997-04-04,,
1997-04-05,,
1997-04-06,,
1997-04-07,,
1997-04-08,,
1997-04-09,,
1997-04-10,,
1997-04-11,,
1997-04-12,,
1997-04-13,,
1997-04-14,,
1997-04-15,,
1997-04-16,,
1997-04-17,,
1997-04-18,,
1997-04-19,,
1997-04-20,,
1997-04-21,,
1997-04-22,,
1997-04-23,,
1997-04-24,,
1997-04-25,,
1997-04-26,,
1997-04-27,,
1997-04-28,,
1997-04-29,,
1997-04-30,,
1997-05-01,,
1997-05-02,,
1997-05-03,,
1997-05-04,,
1997-05-05,,
1997-05-06,,
1997-05-07,,
1997-05-08,,
1997-05-09,,
1997-05-10,,
1997-05-11,,
1997-05-12,,
1997-05-13,,
1997-05-14,,
1997-05-15,,
1997-05-16,,
1997-05-17,,
1997-05-18,,
1997-05-19,,
1997-05-20,,
1997-05-21,,
1997-05-22,,
1997-05-23,,
1997-05-24,,
1997-05-25,,
1997-05-26,,
1997-05-27,,
1997-05-28,,
1997-05-29,,
1997-05-30,,
1997-05-31,,
1997-06-01,0.0,
1997-06-02,0.0,
1997-06-03,0.0,
1997-06-04,0.0,
1997-06-05,0.0,
1997-06-06,0.0,
1997-06-07,0.0,
1997-06-08,0.0,
1997-06-09,0.0,
1997-06-10,0.0,
1997-06-11,0.0,
1997-06-12,0.0,
1997-06-13,0.0,
1997-06-14,0.0,
1997-06-15,0.0,
1997-06-16,0.0,
1997-06-17,0.0,
1997-06-18,0.0,
1997-06-19,0.0,
1997-06-20,0.0,
1997-06-21,0.0,
1997-06-22,0.0,
1997-06-23,0.0,
1997-06-24,0.0,
1997-06-25,0.0,
1997-06-26,0.0,
1997-06-27,0.0,
1997-06-28,0.0,
1997-06-29,0.0,
1997-06-30,0.0,
1997-07-01,0.0,
1997-07-02,0.0,
1997-07-03,0.0,
1997-07-04,0.0,
1997-07-05,0.0,
1997-07-06,0.0,
1997-07-07,0.0,
1997-07-08,0.0,
1997-07-09,0.0,
1997-07-10,0.0,
1997-07-11,0.0,
1997-07-12,0.0,
1997-07-13,0.0,
1997-07-14,0.0,
1997-07-15,0.0,
1997-07-16,0.0,
1997-07-17,0.0,
1997-07-18,0.0,
1997-07-19,0.0,
1997-07-20,0.0,
1997-07-21,0.0,
1997-07-22,0.0,
1997-07-23,0.0,
1997-07-24,0.0,
1997-07-25,0.0,
1997-07-26,0.0,
1997-07-27,0.0,
1997-07-28,0.0,
1997-07-29,0.0,
1997-07-30,0.0,
1997-07-31,0.0,
1997-08-01,0.0,
1997-08-02,0.0,
1997-08-03,0.0,
1997-08-04,0.0,
1997-08-05,0.0,
1997-08-06,0.0,
1997-08-07,0.0,
1997-08-08,0.0,
1997-08-09,0.0,
1997-08-10,0.0,
1997-08-11,0.0,
1997-08-12,0.0,
1997-08-13,0.0,
1997-08-14,0.0,
1997-08-15,0.0,
1997-08-16,0.0,
1997-08-17,0.0,
1997-08-18,0.0,
1997-08-19,0.0,
1997-08-20,0.0,
1997-08-21,0.0,
1997-08-22,0.0,
1997-08-23,0.0,
1997-08-24,0.0,
1997-08-25,0.0,
1997-08-26,0.0,
1997-08-27,0.0,
1997-08-28,0.0,
1997-08-29,0.0,
1997-08-30,0.0,
1997-08-31,0.0,
1997-09-01,0.0,
1997-09-02,0.0,
1997-09-03,0.0,
1997-09-04,0.0,
1997-09-05,0.0,
1997-09-06,0.0,
1997-09-07,0.0,
1997-09-08,0.0,
1997-09-09,0.0,
1997-09-10,0.0,
1997-09-11,0.0,
1997-09-12,0.0,
1997-09-13,0.0,
1997-09-14,0.0,
1997-09-15,0.0,
1997-09-16,0.0,
1997-09-17,0.0,
1997-09-18,0.0,
1997-09-19,0.0,
1997-09-20,0.0,
1997-09-21,0.0,
1997-09-22,0.0,
1997-09-23,0.0,
1997-09-24,0.0,
1997-09-25,0.0,
1997-09-26,0.0,
1997-09-27,0.0,
1997-09-28,0.0,
1997-09-29,0.0,
1997-09-30,0.0,
1997-10-01,0.0,
1997-10-02,0.0,
1997-10-03,0.0,
1997-10-04,0.0,
1997-10-05,0.0,
1997-10-06,0.0,
1997-10-07,0.0,
1997-10-08,0.0,
1997-10-09,0.0,
1997-10-10,0.0,
1997-10-11,0.0,
1997-10-12,0.0,
1997-10-13,0.0,
1997-10-14,0.0,
1997-10-15,0.0,
1997-10-16,0.0,
1997-10-17,0.0,
1997-10-18,0.0,
1997-10-19,0.0,
1997-10-20,0.0,
1997-10-21,0.0,
1997-10-22,0.0,
1997-10-23,0.0,
1997-10-24,0.0,
1997-10-25,0.0,
1997-10-26,0.0,
1997-10-27,0.0,
1997-10-28,0.0,
1997-10-29,0.0,
1997-10-30,0.0,
1997-10-31,0.0,
1997-11-01,0.0,
1997-11-02,0.0,
1997-11-03,0.0,
1997-11-04,0.0,
1997-11-05,0.0,
1997-11-06,0.0,
1997-11-07,0.0,
1997-11-08,0.0,
1997-11-09,0.0,
1997-11-10,0.0,
1997-11-11,0.0,
1997-11-12,0.0,
1997-11-13,0.0,
1997-11-14,0.0,
1997-11-15,0.0,
1997-11-16,0.0,
1997-11-17,0.0,
1997-11-18,0.0,
1997-11-19,0.508,
1997-11-20,0.991,
1997-11-21,0.991,
1997-11-22,0.991,
1997-11-23,0.991,
1997-11-24,0.991,
1997-11-25,0.991,
1997-11-26,2.489,
1997-11-27,10.008,
1997-11-28,10.008,
1997-11-29,10.008,
1997-11-30,10.008,
1997-12-01,10.008,
1997-12-02,10.008,
1997-12-03,10.008,
1997-12-04,10.008,
1997-12-05,10.008,
1997-12-06,12.497,
1997-12-07,13.513,
1997-12-08,16.002,
1997-12-09,16.51,
1997-12-10,17.78,
1997-12-11,19.05,
1997-12-12,19.99,
1997-12-13,20.498,
1997-12-14,20.498,
1997-12-15,21.996,
1997-12-16,21.996,
1997-12-17,21.996,
1997-12-18,21.996,
1997-12-19,21.996,
1997-12-20,21.996,
1997-12-21,21.996,
1997-12-22,21.996,
1997-12-23,21.996,
1997-12-24,21.996,
1997-12-25,21.996,
1997-12-26,21.996,
1997-12-27,21.996,
1997-12-28,22.504,
1997-12-29,22.504,
1997-12-30,22.504,
1997-12-31,22.504,
1998-01-01,22.504,
1998-01-02,22.504,
1998-01-03,23.495,
1998-01-04,24.003,
1998-01-05,23.876,
1998-01-06,24.994,
1998-01-07,24.994,
1998-01-08,24.994,
1998-01-09,24.994,
1998-01-10,27.0,
1998-01-11,27.508,
1998-01-12,27.991,
1998-01-13,32.004,
1998-01-14,33.528,
1998-01-15,34.011,
1998-01-16,39.497,
1998-01-17,39.497,
1998-01-18,40.005,
1998-01-19,43.002,
1998-01-20,43.18,
1998-01-21,43.18,
1998-01-22,45.009,
1998-01-23,45.009,
1998-01-24,45.009,
1998-01-25,45.009,
1998-01-26,45.009,
1998-01-27,45.009,
1998-01-28,45.009,
1998-01-29,45.009,
1998-01-30,48.489,
1998-01-31,48.489,
1998-02-01,48.514,
1998-02-02,53.34,
1998-02-03,60.96,
1998-02-04,68.58,
1998-02-05,,
1998-02-06,,
1998-02-07,,
1998-02-08,,
1998-02-09,,
1998-02-10,,
1998-02-11,,
1998-02-12,,
1998-02-13,,
1998-02-14,,
1998-02-15,,
1998-02-16,,
1998-02-17,,
1998-02-18,,
1998-02-19,,
1998-02-20,,
1998-02-21,,
1998-02-22,,
1998-02-23,,
1998-02-24,,
1998-02-25,,
1998-02-26,,
1998-02-27,,
1998-02-28,,
1998-03-01,,
1998-03-02,,
1998-03-03,,
1998-03-04,,
1998-03-05,,
1998-03-06,,
1998-03-07,,
1998-03-08,,
1998-03-09,,
1998-03-10,,
1998-03-11,,
1998-03-12,,
1998-03-13,,
1998-03-14,,
1998-03-15,,
1998-03-16,,
1998-03-17,,
1998-03-18,,
1998-03-19,,
1998-03-20,,
1998-03-21,,
1998-03-22,,
1998-03-23,,
1998-03-24,,
1998-03-25,,
1998-03-26,,
1998-03-27,,
1998-03-28,,
1998-03-29,,
1998-03-30,,
1998-03-31,,
1998-04-01,,
1998-04-02,,
1998-04-03,,
1998-04-04,,
1998-04-05,,
1998-04-06,,
1998-04-07,,
1998-04-08,,
1998-04-09,,
1998-04-10,,
1998-04-11,,
1998-04-12,,
1998-04-13,,
1998-04-14,,
1998-04-15,,
1998-04-16,,
1998-04-17,,
1998-04-18,,
1998-04-19,,
1998-04-20,,
1998-04-21,,
1998-04-22,,
1998-04-23,,
1998-04-24,,
1998-04-25,,
1998-04-26,,
1998-04-27,,
1998-04-28,,
1998-04-29,,
1998-04-30,,
1998-05-01,,
1998-05-02,,
1998-05-03,,
1998-05-04,,
1998-05-05,,
1998-05-06,,
1998-05-07,,
1998-05-08,,
1998-05-09,,
1998-05-10,,
1998-05-11,,
1998-05-12,,
1998-05-13,,
1998-05-14,,
1998-05-15,,
1998-05-16,,
1998-05-17,,
1998-05-18,,
1998-05-19,,
1998-05-20,,
1998-05-21,,
1998-05-22,,
1998-05-23,,
1998-05-24,,
1998-05-25,,
1998-05-26,,
1998-05-27,,
1998-05-28,,
1998-05-29,,
1998-05-30,,
1998-05-31,,
1998-06-01,,
1998-06-02,,
1998-06-03,,
1998-06-04,,
1998-06-05,,
1998-06-06,,
1998-06-07,,
1998-06-08,,
1998-06-09,,
1998-06-10,,
1998-06-11,,
1998-06-12,,
1998-06-13,,
1998-06-14,,
1998-06-15,,
1998-06-16,,
1998-06-17,,
1998-06-18,,
1998-06-19,,
1998-06-20,,
1998-06-21,,
1998-06-22,,
1998-06-23,,
1998-06-24,,
1998-06-25,,
1998-06-26,,
1998-06-27,,
1998-06-28,,
1998-06-29,,
1998-06-30,,
1998-07-01,,
1998-07-02,,
1998-07-03,,
1998-07-04,,
1998-07-05,,
1998-07-06,,
1998-07-07,,
1998-07-08,,
1998-07-09,,
1998-07-10,,
1998-07-11,,
1998-07-12,,
1998-07-13,,
1998-07-14,,
1998-07-15,,
1998-07-16,,
1998-07-17,,
1998-07-18,,
1998-07-19,,
1998-07-20,,
1998-07-21,,
1998-07-22,,
1998-07-23,,
1998-07-24,,
1998-07-25,,
1998-07-26,,
1998-07-27,,
1998-07-28,,
1998-07-29,,
1998-07-30,,
1998-07-31,,
1998-08-01,,
1998-08-02,,
1998-08-03,,
1998-08-04,,
1998-08-05,,
1998-08-06,,
1998-08-07,,
1998-08-08,,
1998-08-09,,
1998-08-10,,
1998-08-11,,
1998-08-12,,
1998-08-13,,
1998-08-14,,
1998-08-15,,
1998-08-16,,
1998-08-17,,
1998-08-18,,
1998-08-19,,
1998-08-20,,
1998-08-21,,
1998-08-22,,
1998-08-23,,
1998-08-24,,
1998-08-25,,
1998-08-26,,
1998-08-27,,
1998-08-28,,
1998-08-29,,
1998-08-30,,
1998-08-31,,
1998-09-01,,
1998-09-02,,
1998-09-03,,
1998-09-04,,
1998-09-05,,
1998-09-06,,
1998-09-07,,
1998-09-08,,
1998-09-09,,
1998-09-10,,
1998-09-11,,
1998-09-12,,
1998-09-13,,
1998-09-14,,
1998-09-15,,
1998-09-16,,
1998-09-17,,
1998-09-18,,
1998-09-19,,
1998-09-20,,
1998-09-21,,
1998-09-22,,
1998-09-23,,
1998-09-24,,
1998-09-25,,
1998-09-26,,
1998-09-27,,
1998-09-28,,
1998-09-29,,
1998-09-30,,
1998-10-01,0.0,
1998-10-02,0.0,
1998-10-03,0.0,
1998-10-04,0.0,
1998-10-05,0.0,
1998-10-06,0.0,
1998-10-07,0.0,
1998-10-08,0.0,
1998-10-09,0.0,
1998-10-10,0.0,
1998-10-11,0.0,
1998-10-12,0.0,
1998-10-13,0.0,
1998-10-14,0.0,
1998-10-15,2.54,
1998-10-16,5.029,
1998-10-17,5.029,
1998-10-18,5.029,
1998-10-19,5.029,
1998-10-20,5.029,
1998-10-21,5.029,
1998-10-22,5.029,
1998-10-23,5.029,
1998-10-24,5.029,
1998-10-25,5.029,
1998-10-26,5.029,
1998-10-27,5.029,
1998-10-28,5.029,
1998-10-29,5.029,
1998-10-30,5.029,
1998-10-31,5.029,
1998-11-01,5.029,
1998-11-02,5.029,
1998-11-03,5.055,
1998-11-04,5.055,
1998-11-05,5.055,
1998-11-06,5.055,
1998-11-07,5.055,
1998-11-08,5.131,
1998-11-09,5.232,
1998-11-10,5.232,
1998-11-11,5.334,
1998-11-12,5.334,
1998-11-13,5.385,
1998-11-14,5.436,
1998-11-15,5.436,
1998-11-16,5.436,
1998-11-17,5.436,
1998-11-18,5.486,
1998-11-19,5.486,
1998-11-20,5.512,
1998-11-21,5.512,
1998-11-22,5.512,
1998-11-23,5.537,
1998-11-24,5.486,
1998-11-25,5.791,
1998-11-26,5.791,
1998-11-27,5.791,
1998-11-28,6.706,
1998-11-29,7.62,
1998-11-30,8.534,
1998-12-01,10.668,
1998-12-02,11.278,
1998-12-03,11.582,
1998-12-04,12.192,
1998-12-05,12.192,
1998-12-06,12.802,
1998-12-07,12.802,
1998-12-08,13.106,
1998-12-09,13.106,
1998-12-10,13.411,
1998-12-11,13.411,
1998-12-12,13.411,
1998-12-13,13.411,
1998-12-14,13.716,
1998-12-15,14.021,
1998-12-16,14.021,
1998-12-17,13.716,
1998-12-18,13.716,
1998-12-19,13.716,
1998-12-20,13.716,
1998-12-21,14.63,
1998-12-22,14.935,
1998-12-23,14.935,
1998-12-24,15.24,
1998-12-25,15.24,
1998-12-26,15.545,
1998-12-27,15.545,
1998-12-28,15.545,
1998-12-29,15.545,
1998-12-30,15.545,
1998-12-31,15.494,
1999-01-01,15.545,
1999-01-02,15.545,
1999-01-03,15.545,
1999-01-04,15.545,
1999-01-05,15.545,
1999-01-06,15.545,
1999-01-07,15.545,
1999-01-08,15.545,
1999-01-09,15.545,
1999-01-10,15.545,
1999-01-11,15.545,
1999-01-12,15.545,
1999-01-13,15.545,
1999-01-14,15.545,
1999-01-15,15.545,
1999-01-16,15.85,
1999-01-17,15.85,
1999-01-18,16.154,
1999-01-19,17.983,
1999-01-20,21.031,
1999-01-21,24.384,
1999-01-22,24.689,
1999-01-23,25.298,
1999-01-24,29.566,
1999-01-25,31.394,
1999-01-26,32.309,
1999-01-27,33.223,
1999-01-28,33.528,
1999-01-29,33.833,
1999-01-30,34.138,
1999-01-31,34.138,
1999-02-01,35.966,
1999-02-02,36.271,
1999-02-03,36.576,
1999-02-04,36.881,
1999-02-05,36.881,
1999-02-06,36.881,
1999-02-07,37.795,
1999-02-08,44.196,
1999-02-09,45.72,
1999-02-10,50.597,
1999-02-11,50.902,
1999-02-12,51.511,
1999-02-13,51.816,
1999-02-14,52.121,
1999-02-15,52.121,
1999-02-16,52.426,
1999-02-17,53.035,
1999-02-18,53.645,
1999-02-19,53.95,
1999-02-20,54.254,
1999-02-21,54.864,
1999-02-22,57.302,
1999-02-23,57.404,
1999-02-24,57.607,
1999-02-25,57.607,
1999-02-26,58.522,
1999-02-27,58.42,
1999-02-28,58.522,
1999-03-01,57.658,
1999-03-02,57.658,
1999-03-03,57.658,
1999-03-04,57.15,
1999-03-05,56.642,
1999-03-06,56.642,
1999-03-07,56.693,
1999-03-08,56.693,
1999-03-09,58.217,
1999-03-10,59.741,
1999-03-11,59.69,
1999-03-12,59.69,
1999-03-13,59.69,
1999-03-14,59.69,
1999-03-15,59.69,
1999-03-16,59.69,
1999-03-17,59.741,
1999-03-18,59.69,
1999-03-19,59.69,
1999-03-20,59.69,
1999-03-21,59.69,
1999-03-22,59.69,
1999-03-23,59.69,
1999-03-24,59.69,
1999-03-25,59.69,
1999-03-26,59.69,
1999-03-27,59.741,
1999-03-28,59.131,
1999-03-29,58.522,
1999-03-30,57.912,
1999-03-31,57.912,
1999-04-01,57.912,
1999-04-02,57.912,
1999-04-03,58.522,
1999-04-04,59.741,
1999-04-05,60.96,
1999-04-06,61.57,
1999-04-07,63.703,
1999-04-08,64.922,
1999-04-09,67.361,
1999-04-10,68.275,
1999-04-11,68.58,
1999-04-12,68.885,
1999-04-13,68.275,
1999-04-14,67.666,
1999-04-15,66.446,
1999-04-16,65.227,
1999-04-17,64.313,
1999-04-18,63.398,
1999-04-19,62.789,
1999-04-20,60.96,
1999-04-21,59.741,
1999-04-22,57.912,
1999-04-23,55.778,
1999-04-24,56.083,
1999-04-25,55.474,
1999-04-26,55.474,
1999-04-27,53.645,
1999-04-28,53.34,
1999-04-29,53.34,
1999-04-30,53.34,
1999-05-01,53.34,
1999-05-02,53.34,
1999-05-03,51.206,
1999-05-04,52.73,
1999-05-05,52.121,
1999-05-06,48.768,
1999-05-07,45.11,
1999-05-08,42.062,
1999-05-09,39.014,
1999-05-10,36.881,
1999-05-11,35.052,
1999-05-12,32.309,
1999-05-13,28.651,
1999-05-14,26.518,
1999-05-15,25.298,
1999-05-16,22.25,
1999-05-17,19.507,
1999-05-18,15.85,
1999-05-19,12.802,
1999-05-20,9.144,
1999-05-21,5.182,
1999-05-22,3.048,
1999-05-23,1.524,
1999-05-24,0.0,
1999-05-25,0.0,
1999-05-26,0.0,
1999-05-27,0.0,
1999-05-28,0.0,
1999-05-29,0.0,
1999-05-30,0.0,
1999-05-31,0.0,
1999-06-01,0.0,
1999-06-02,0.0,
1999-06-03,0.0,
1999-06-04,1.27,
1999-06-05,1.27,
1999-06-06,0.0,
1999-06-07,0.0,
1999-06-08,0.0,
1999-06-09,0.0,
1999-06-10,0.0,
1999-06-11,0.0,
1999-06-12,0.0,
1999-06-13,0.0,
1999-06-14,0.0,
1999-06-15,0.0,
1999-06-16,0.0,
1999-06-17,0.0,
1999-06-18,0.0,
1999-06-19,0.0,
1999-06-20,0.0,
1999-06-21,0.0,
1999-06-22,0.0,
1999-06-23,0.0,
1999-06-24,0.0,
1999-06-25,0.0,
1999-06-26,0.0,
1999-06-27,0.0,
1999-06-28,0.0,
1999-06-29,0.0,
1999-06-30,0.0,
1999-07-01,0.0,
1999-07-02,0.0,
1999-07-03,0.0,
1999-07-04,0.0,
1999-07-05,0.0,
1999-07-06,0.0,
1999-07-07,0.0,
1999-07-08,0.0,
1999-07-09,0.0,
1999-07-10,0.0,
1999-07-11,0.0,
1999-07-12,0.0,
1999-07-13,0.0,
1999-07-14,0.0,
1999-07-15,0.0,
1999-07-16,0.0,
1999-07-17,0.0,
1999-07-18,0.0,
1999-07-19,0.0,
1999-07-20,0.0,
1999-07-21,0.0,
1999-07-22,0.0,
1999-07-23,0.0,
1999-07-24,0.0,
1999-07-25,0.0,
1999-07-26,0.0,
1999-07-27,0.0,
1999-07-28,0.0,
1999-07-29,0.0,
1999-07-30,0.0,
1999-07-31,0.0,
1999-08-01,0.0,
1999-08-02,0.0,
1999-08-03,0.0,
1999-08-04,0.0,
1999-08-05,0.0,
1999-08-06,0.0,
1999-08-07,0.0,
1999-08-08,0.0,
1999-08-09,0.0,
1999-08-10,0.0,
1999-08-11,0.0,
1999-08-12,0.0,
1999-08-13,0.0,
1999-08-14,0.0,
1999-08-15,0.0,
1999-08-16,0.0,
1999-08-17,0.0,
1999-08-18,0.0,
1999-08-19,0.0,
1999-08-20,0.0,
1999-08-21,0.0,
1999-08-22,0.0,
1999-08-23,0.0,
1999-08-24,0.0,
1999-08-25,0.0,
1999-08-26,0.0,
1999-08-27,0.0,
1999-08-28,0.0,
1999-08-29,0.0,
1999-08-30,0.0,
1999-08-31,0.0,
1999-09-01,0.0,
1999-09-02,0.0,
1999-09-03,0.0,
1999-09-04,0.0,
1999-09-05,0.0,
1999-09-06,0.0,
1999-09-07,0.0,
1999-09-08,0.0,
1999-09-09,0.0,
1999-09-10,0.0,
1999-09-11,0.0,
1999-09-12,0.0,
1999-09-13,0.0,
1999-09-14,0.0,
1999-09-15,0.0,
1999-09-16,0.0,
1999-09-17,0.0,
1999-09-18,0.0,
1999-09-19,0.0,
1999-09-20,0.0,
1999-09-21,0.0,
1999-09-22,0.0,
1999-09-23,0.0,
1999-09-24,0.0,
1999-09-25,0.0,
1999-09-26,0.0,
1999-09-27,0.0,
1999-09-28,0.0,
1999-09-29,0.0,
1999-09-30,0.0,
1999-10-01,0.0,
1999-10-02,0.0,
1999-10-03,0.0,
1999-10-04,0.0,
1999-10-05,0.0,
1999-10-06,0.0,
1999-10-07,0.0,
1999-10-08,0.0,
1999-10-09,0.0,
1999-10-10,0.0,
1999-10-11,0.0,
1999-10-12,0.0,
1999-10-13,0.0,
1999-10-14,0.0,
1999-10-15,0.0,
1999-10-16,0.0,
1999-10-17,0.0,
1999-10-18,0.0,
1999-10-19,0.0,
1999-10-20,0.0,
1999-10-21,0.0,
1999-10-22,0.0,
1999-10-23,0.0,
1999-10-24,0.0,
1999-10-25,0.0,
1999-10-26,0.0,
1999-10-27,0.0,
1999-10-28,0.0,
1999-10-29,0.0,
1999-10-30,0.0,
1999-10-31,0.0,
1999-11-01,0.0,
1999-11-02,0.0,
1999-11-03,0.0,
1999-11-04,0.0,
1999-11-05,0.0,
1999-11-06,0.0,
1999-11-07,0.0,
1999-11-08,0.0,
1999-11-09,0.0,
1999-11-10,0.305,
1999-11-11,0.305,
1999-11-12,0.61,
1999-11-13,0.61,
1999-11-14,0.61,
1999-11-15,0.61,
1999-11-16,0.914,
1999-11-17,1.524,
1999-11-18,1.829,
1999-11-19,2.134,
1999-11-20,3.658,
1999-11-21,3.658,
1999-11-22,3.962,
1999-11-23,4.267,
1999-11-24,4.267,
1999-11-25,4.572,
1999-11-26,4.572,
1999-11-27,4.572,
1999-11-28,4.572,
1999-11-29,4.572,
1999-11-30,4.572,
1999-12-01,4.572,
1999-12-02,4.572,
1999-12-03,4.572,
1999-12-04,4.572,
1999-12-05,4.572,
1999-12-06,4.572,
1999-12-07,4.572,
1999-12-08,4.572,
1999-12-09,4.572,
1999-12-10,4.572,
1999-12-11,4.572,
1999-12-12,4.572,
1999-12-13,4.572,
1999-12-14,4.572,
1999-12-15,4.572,
1999-12-16,4.877,
1999-12-17,4.877,
1999-12-18,4.877,
1999-12-19,4.877,
1999-12-20,4.877,
1999-12-21,4.877,
1999-12-22,4.572,
1999-12-23,4.572,
1999-12-24,4.572,
1999-12-25,4.572,
1999-12-26,4.572,
1999-12-27,4.572,
1999-12-28,4.572,
1999-12-29,4.572,
1999-12-30,4.572,
1999-12-31,4.572,
2000-01-01,4.267,
2000-01-02,4.267,
2000-01-03,4.267,
2000-01-04,4.572,
2000-01-05,4.572,
2000-01-06,4.572,
2000-01-07,4.572,
2000-01-08,4.572,
2000-01-09,4.572,
2000-01-10,4.572,
2000-01-11,4.572,
2000-01-12,5.182,
2000-01-13,5.486,
2000-01-14,5.791,
2000-01-15,5.791,
2000-01-16,7.01,
2000-01-17,10.058,
2000-01-18,13.411,
2000-01-19,17.983,
2000-01-20,18.288,
2000-01-21,18.898,
2000-01-22,20.117,
2000-01-23,20.422,
2000-01-24,24.994,
2000-01-25,34.138,
2000-01-26,35.357,
2000-01-27,35.662,
2000-01-28,35.662,
2000-01-29,35.662,
2000-01-30,35.966,
2000-01-31,39.014,
2000-02-01,39.929,
2000-02-02,40.234,
2000-02-03,40.538,
2000-02-04,40.843,
2000-02-05,40.843,
2000-02-06,40.843,
2000-02-07,40.843,
2000-02-08,40.843,
2000-02-09,40.843,
2000-02-10,41.453,
2000-02-11,43.586,
2000-02-12,45.72,
2000-02-13,46.939,
2000-02-14,55.169,
2000-02-15,59.131,
2000-02-16,60.046,
2000-02-17,61.874,
2000-02-18,62.179,
2000-02-19,62.179,
2000-02-20,62.789,
2000-02-21,64.618,
2000-02-22,65.227,
2000-02-23,67.056,
2000-02-24,70.104,
2000-02-25,70.714,
2000-02-26,70.714,
2000-02-27,70.714,
2000-02-28,77.114,
2000-02-29,78.029,
2000-03-01,80.467,
2000-03-02,81.382,
2000-03-03,81.382,
2000-03-04,81.382,
2000-03-05,81.382,
2000-03-06,81.382,
2000-03-07,81.382,
2000-03-08,81.28,
2000-03-09,88.9,
2000-03-10,90.17,
2000-03-11,91.44,
2000-03-12,91.44,
2000-03-13,91.44,
2000-03-14,91.44,
2000-03-15,91.44,
2000-03-16,91.44,
2000-03-17,91.44,
2000-03-18,91.44,
2000-03-19,91.186,
2000-03-20,91.186,
2000-03-21,91.186,
2000-03-22,90.83,
2000-03-23,90.83,
2000-03-24,90.83,
2000-03-25,90.83,
2000-03-26,90.526,
2000-03-27,90.221,
2000-03-28,89.002,
2000-03-29,88.392,
2000-03-30,87.478,
2000-03-31,86.563,
2000-04-01,85.954,
2000-04-02,85.344,
2000-04-03,84.734,
2000-04-04,82.601,
2000-04-05,80.772,
2000-04-06,79.248,
2000-04-07,77.114,
2000-04-08,75.286,
2000-04-09,72.39,
2000-04-10,70.104,
2000-04-11,69.19,
2000-04-12,67.361,
2000-04-13,65.837,
2000-04-14,65.837,
2000-04-15,66.142,
2000-04-16,66.751,
2000-04-17,67.056,
2000-04-18,69.494,
2000-04-19,70.409,
2000-04-20,71.323,
2000-04-21,70.714,
2000-04-22,69.799,
2000-04-23,69.19,
2000-04-24,68.275,
2000-04-25,66.751,
2000-04-26,64.922,
2000-04-27,62.789,
2000-04-28,59.131,
2000-04-29,57.302,
2000-04-30,54.559,
2000-05-01,51.816,
2000-05-02,48.768,
2000-05-03,46.025,
2000-05-04,42.977,
2000-05-05,40.234,
2000-05-06,37.49,
2000-05-07,35.662,
2000-05-08,35.052,
2000-05-09,32.004,
2000-05-10,29.566,
2000-05-11,26.518,
2000-05-12,24.689,
2000-05-13,23.47,
2000-05-14,21.336,
2000-05-15,20.117,
2000-05-16,20.117,
2000-05-17,20.117,
2000-05-18,20.117,
2000-05-19,17.678,
2000-05-20,14.021,
2000-05-21,8.23,
2000-05-22,5.791,
2000-05-23,3.962,
2000-05-24,2.438,
2000-05-25,0.0,
2000-05-26,0.0,
2000-05-27,0.0,
2000-05-28,0.0,
2000-05-29,0.0,
2000-05-30,0.0,
2000-05-31,0.0,
2000-06-01,0.0,
2000-06-02,0.0,
2000-06-03,0.0,
2000-06-04,0.0,
2000-06-05,0.0,
2000-06-06,0.0,
2000-06-07,0.0,
2000-06-08,0.0,
2000-06-09,0.0,
2000-06-10,0.0,
2000-06-11,0.0,
2000-06-12,0.0,
2000-06-13,0.0,
2000-06-14,0.0,
2000-06-15,0.0,
2000-06-16,0.0,
2000-06-17,0.0,
2000-06-18,0.0,
2000-06-19,0.0,
2000-06-20,0.0,
2000-06-21,0.0,
2000-06-22,0.0,
2000-06-23,0.0,
2000-06-24,0.0,
2000-06-25,0.0,
2000-06-26,0.0,
2000-06-27,0.0,
2000-06-28,0.0,
2000-06-29,0.0,
2000-06-30,0.0,
2000-07-01,0.0,
2000-07-02,0.0,
2000-07-03,0.0,
2000-07-04,0.0,
2000-07-05,0.0,
2000-07-06,0.0,
2000-07-07,0.0,
2000-07-08,0.0,
2000-07-09,0.0,
2000-07-10,0.0,
2000-07-11,0.0,
2000-07-12,0.0,
2000-07-13,0.0,
2000-07-14,0.0,
2000-07-15,0.0,
2000-07-16,0.0,
2000-07-17,0.0,
2000-07-18,0.0,
2000-07-19,0.0,
2000-07-20,0.0,
2000-07-21,0.0,
2000-07-22,0.0,
2000-07-23,0.0,
2000-07-24,0.0,
2000-07-25,0.0,
2000-07-26,0.0,
2000-07-27,0.0,
2000-07-28,0.0,
2000-07-29,0.0,
2000-07-30,0.0,
2000-07-31,0.0,
2000-08-01,0.0,
2000-08-02,0.0,
2000-08-03,0.0,
2000-08-04,0.0,
2000-08-05,0.0,
2000-08-06,0.0,
2000-08-07,0.0,
2000-08-08,0.0,
2000-08-09,0.0,
2000-08-10,0.0,
2000-08-11,0.0,
2000-08-12,0.0,
2000-08-13,0.0,
2000-08-14,0.0,
2000-08-15,0.0,
2000-08-16,0.0,
2000-08-17,0.0,
2000-08-18,0.0,
2000-08-19,0.0,
2000-08-20,0.0,
2000-08-21,0.0,
2000-08-22,0.0,
2000-08-23,0.0,
2000-08-24,0.0,
2000-08-25,0.0,
2000-08-26,0.0,
2000-08-27,0.0,
2000-08-28,0.0,
2000-08-29,0.0,
2000-08-30,0.0,
2000-08-31,0.0,
2000-09-01,0.0,
2000-09-02,0.0,
2000-09-03,0.0,
2000-09-04,0.0,
2000-09-05,0.0,
2000-09-06,0.0,
2000-09-07,0.0,
2000-09-08,0.0,
2000-09-09,0.0,
2000-09-10,0.0,
2000-09-11,0.0,
2000-09-12,0.0,
2000-09-13,0.0,
2000-09-14,0.0,
2000-09-15,0.0,
2000-09-16,0.0,
2000-09-17,0.0,
2000-09-18,0.0,
2000-09-19,0.0,
2000-09-20,0.0,
2000-09-21,0.0,
2000-09-22,0.0,
2000-09-23,0.0,
2000-09-24,0.0,
2000-09-25,0.0,
2000-09-26,0.0,
2000-09-27,0.0,
2000-09-28,0.0,
2000-09-29,0.0,
2000-09-30,0.0,
2000-10-01,0.0,
2000-10-02,0.0,
2000-10-03,0.0,
2000-10-04,0.0,
2000-10-05,0.0,
2000-10-06,0.0,
2000-10-07,0.0,
2000-10-08,0.0,
2000-10-09,0.0,
2000-10-10,0.356,
2000-10-11,2.489,
2000-10-12,2.794,
2000-10-13,2.794,
2000-10-14,3.099,
2000-10-15,3.099,
2000-10-16,3.099,
2000-10-17,3.099,
2000-10-18,3.099,
2000-10-19,3.099,
2000-10-20,3.099,
2000-10-21,3.099,
2000-10-22,2.794,
2000-10-23,2.794,
2000-10-24,2.794,
2000-10-25,2.794,
2000-10-26,2.794,
2000-10-27,2.794,
2000-10-28,2.794,
2000-10-29,4.623,
2000-10-30,7.671,
2000-10-31,7.671,
2000-11-01,7.671,
2000-11-02,7.976,
2000-11-03,7.976,
2000-11-04,7.976,
2000-11-05,7.976,
2000-11-06,7.976,
2000-11-07,7.976,
2000-11-08,7.976,
2000-11-09,7.976,
2000-11-10,7.671,
2000-11-11,7.976,
2000-11-12,7.976,
2000-11-13,8.28,
2000-11-14,8.28,
2000-11-15,8.28,
2000-11-16,8.28,
2000-11-17,8.28,
2000-11-18,8.585,
2000-11-19,8.585,
2000-11-20,8.585,
2000-11-21,8.585,
2000-11-22,8.585,
2000-11-23,8.585,
2000-11-24,8.585,
2000-11-25,8.585,
2000-11-26,8.585,
2000-11-27,8.585,
2000-11-28,8.585,
2000-11-29,8.585,
2000-11-30,8.585,
2000-12-01,8.585,
2000-12-02,8.585,
2000-12-03,8.585,
2000-12-04,8.585,
2000-12-05,8.585,
2000-12-06,8.585,
2000-12-07,8.585,
2000-12-08,8.585,
2000-12-09,8.585,
2000-12-10,8.585,
2000-12-11,8.585,
2000-12-12,8.585,
2000-12-13,9.195,
2000-12-14,9.5,
2000-12-15,9.804,
2000-12-16,10.109,
2000-12-17,10.109,
2000-12-18,10.109,
2000-12-19,10.109,
2000-12-20,10.109,
2000-12-21,10.109,
2000-12-22,10.109,
2000-12-23,10.109,
2000-12-24,10.109,
2000-12-25,10.109,
2000-12-26,10.109,
2000-12-27,10.109,
2000-12-28,10.109,
2000-12-29,10.109,
2000-12-30,10.109,
2000-12-31,10.109,
2001-01-01,10.109,
2001-01-02,10.109,
2001-01-03,10.109,
2001-01-04,10.109,
2001-01-05,10.109,
2001-01-06,10.109,
2001-01-07,10.109,
2001-01-08,10.109,
2001-01-09,10.109,
2001-01-10,10.414,
2001-01-11,15.291,
2001-01-12,17.424,
2001-01-13,17.729,
2001-01-14,18.034,
2001-01-15,18.034,
2001-01-16,18.034,
2001-01-17,18.034,
2001-01-18,18.644,
2001-01-19,18.948,
2001-01-20,18.948,
2001-01-21,18.948,
2001-01-22,18.948,
2001-01-23,18.948,
2001-01-24,19.253,
2001-01-25,21.387,
2001-01-26,22.911,
2001-01-27,23.52,
2001-01-28,23.825,
2001-01-29,24.13,
2001-01-30,24.13,
2001-01-31,24.13,
2001-02-01,24.13,
2001-02-02,24.13,
2001-02-03,24.74,
2001-02-04,25.044,
2001-02-05,25.654,
2001-02-06,25.654,
2001-02-07,25.654,
2001-02-08,25.654,
2001-02-09,25.959,
2001-02-10,27.178,
2001-02-11,29.616,
2001-02-12,33.579,
2001-02-13,34.493,
2001-02-14,35.103,
2001-02-15,35.408,
2001-02-16,35.712,
2001-02-17,36.017,
2001-02-18,36.017,
2001-02-19,36.932,
2001-02-20,39.37,
2001-02-21,40.284,
2001-02-22,41.504,
2001-02-23,42.113,
2001-02-24,42.418,
2001-02-25,45.466,
2001-02-26,46.076,
2001-02-27,46.076,
2001-02-28,46.38,
2001-03-01,46.99,
2001-03-02,47.295,
2001-03-03,47.904,
2001-03-04,48.819,
2001-03-05,53.391,
2001-03-06,55.524,
2001-03-07,55.829,
2001-03-08,55.829,
2001-03-09,55.829,
2001-03-10,56.744,
2001-03-11,57.048,
2001-03-12,57.048,
2001-03-13,57.048,
2001-03-14,57.048,
2001-03-15,57.048,
2001-03-16,56.744,
2001-03-17,55.829,
2001-03-18,54.61,
2001-03-19,52.476,
2001-03-20,51.257,
2001-03-21,50.343,
2001-03-22,49.733,
2001-03-23,48.514,
2001-03-24,47.295,
2001-03-25,46.38,
2001-03-26,46.076,
2001-03-27,44.856,
2001-03-28,43.637,
2001-03-29,42.418,
2001-03-30,40.894,
2001-03-31,39.065,
2001-04-01,37.846,
2001-04-02,36.932,
2001-04-03,36.017,
2001-04-04,34.493,
2001-04-05,33.884,
2001-04-06,33.274,
2001-04-07,33.274,
2001-04-08,37.236,
2001-04-09,37.541,
2001-04-10,37.541,
2001-04-11,37.846,
2001-04-12,37.846,
2001-04-13,38.151,
2001-04-14,38.151,
2001-04-15,38.151,
2001-04-16,38.456,
2001-04-17,38.456,
2001-04-18,38.456,
2001-04-19,38.456,
2001-04-20,38.151,
2001-04-21,39.675,
2001-04-22,40.894,
2001-04-23,41.199,
2001-04-24,41.199,
2001-04-25,41.199,
2001-04-26,39.37,
2001-04-27,38.151,
2001-04-28,36.017,
2001-04-29,33.884,
2001-04-30,31.14,
2001-05-01,28.092,
2001-05-02,25.044,
2001-05-03,22.301,
2001-05-04,20.168,
2001-05-05,17.424,
2001-05-06,14.376,
2001-05-07,8.89,
2001-05-08,5.842,
2001-05-09,3.708,
2001-05-10,2.794,
2001-05-11,0.0,
2001-05-12,0.0,
2001-05-13,0.0,
2001-05-14,0.0,
2001-05-15,0.0,
2001-05-16,0.0,
2001-05-17,0.0,
2001-05-18,0.0,
2001-05-19,0.0,
2001-05-20,0.0,
2001-05-21,0.0,
2001-05-22,0.0,
2001-05-23,0.0,
2001-05-24,0.0,
2001-05-25,0.0,
2001-05-26,0.0,
2001-05-27,0.0,
2001-05-28,0.0,
2001-05-29,0.0,
2001-05-30,0.0,
2001-05-31,0.0,
2001-06-01,0.0,
2001-06-02,0.0,
2001-06-03,0.0,
2001-06-04,0.0,
2001-06-05,0.0,
2001-06-06,0.0,
2001-06-07,0.0,
2001-06-08,0.0,
2001-06-09,0.0,
2001-06-10,0.0,
2001-06-11,0.0,
2001-06-12,0.0,
2001-06-13,0.0,
2001-06-14,0.0,
2001-06-15,0.0,
2001-06-16,0.0,
2001-06-17,0.0,
2001-06-18,0.0,
2001-06-19,0.0,
2001-06-20,0.0,
2001-06-21,0.0,
2001-06-22,0.0,
2001-06-23,0.0,
2001-06-24,0.0,
2001-06-25,0.0,
2001-06-26,0.0,
2001-06-27,0.0,
2001-06-28,0.0,
2001-06-29,0.0,
2001-06-30,0.0,
2001-07-01,0.0,
2001-07-02,0.0,
2001-07-03,0.0,
2001-07-04,0.0,
2001-07-05,0.0,
2001-07-06,0.0,
2001-07-07,0.0,
2001-07-08,0.0,
2001-07-09,0.0,
2001-07-10,0.0,
2001-07-11,0.0,
2001-07-12,0.0,
2001-07-13,0.0,
2001-07-14,0.0,
2001-07-15,0.0,
2001-07-16,0.0,
2001-07-17,0.0,
2001-07-18,0.0,
2001-07-19,0.0,
2001-07-20,0.0,
2001-07-21,0.0,
2001-07-22,0.0,
2001-07-23,0.0,
2001-07-24,0.0,
2001-07-25,0.0,
2001-07-26,0.0,
2001-07-27,0.0,
2001-07-28,0.0,
2001-07-29,0.0,
2001-07-30,0.0,
2001-07-31,0.0,
2001-08-01,0.0,
2001-08-02,0.0,
2001-08-03,0.0,
2001-08-04,0.0,
2001-08-05,0.0,
2001-08-06,0.0,
2001-08-07,0.0,
2001-08-08,0.0,
2001-08-09,0.0,
2001-08-10,0.0,
2001-08-11,0.0,
2001-08-12,0.0,
2001-08-13,0.0,
2001-08-14,0.0,
2001-08-15,0.0,
2001-08-16,0.0,
2001-08-17,0.0,
2001-08-18,0.0,
2001-08-19,0.0,
2001-08-20,0.0,
2001-08-21,0.0,
2001-08-22,0.0,
2001-08-23,0.0,
2001-08-24,0.0,
2001-08-25,0.0,
2001-08-26,0.0,
2001-08-27,0.0,
2001-08-28,0.0,
2001-08-29,0.0,
2001-08-30,0.0,
2001-08-31,0.0,
2001-09-01,0.0,
2001-09-02,0.0,
2001-09-03,0.0,
2001-09-04,0.0,
2001-09-05,0.0,
2001-09-06,0.0,
2001-09-07,0.0,
2001-09-08,0.0,
2001-09-09,0.0,
2001-09-10,0.0,
2001-09-11,0.0,
2001-09-12,0.0,
2001-09-13,0.0,
2001-09-14,0.0,
2001-09-15,0.0,
2001-09-16,0.0,
2001-09-17,0.0,
2001-09-18,0.0,
2001-09-19,0.0,
2001-09-20,0.0,
2001-09-21,0.0,
2001-09-22,0.0,
2001-09-23,0.0,
2001-09-24,0.0,
2001-09-25,0.0,
2001-09-26,0.0,
2001-09-27,0.0,
2001-09-28,0.0,
2001-09-29,0.0,
2001-09-30,0.0,
2001-10-01,0.0,
2001-10-02,0.0,
2001-10-03,0.0,
2001-10-04,0.0,
2001-10-05,0.0,
2001-10-06,0.0,
2001-10-07,0.0,
2001-10-08,0.0,
2001-10-09,0.0,
2001-10-10,0.0,
2001-10-11,0.0,
2001-10-12,0.0,
2001-10-13,0.0,
2001-10-14,0.0,
2001-10-15,0.0,
2001-10-16,0.0,
2001-10-17,0.0,
2001-10-18,0.0,
2001-10-19,0.0,
2001-10-20,0.0,
2001-10-21,0.0,
2001-10-22,0.0,
2001-10-23,0.0,
2001-10-24,0.0,
2001-10-25,0.0,
2001-10-26,0.0,
2001-10-27,0.0,
2001-10-28,0.0,
2001-10-29,0.0,
2001-10-30,0.0,
2001-10-31,0.0,
2001-11-01,0.0,
2001-11-02,0.0,
2001-11-03,0.0,
2001-11-04,0.0,
2001-11-05,0.0,
2001-11-06,0.0,
2001-11-07,0.0,
2001-11-08,0.0,
2001-11-09,0.0,
2001-11-10,0.0,
2001-11-11,0.0,
2001-11-12,0.0,
2001-11-13,0.0,
2001-11-14,0.0,
2001-11-15,0.0,
2001-11-16,0.0,
2001-11-17,0.0,
2001-11-18,0.0,
2001-11-19,0.0,
2001-11-20,0.0,
2001-11-21,0.0,
2001-11-22,0.127,
2001-11-23,1.651,
2001-11-24,1.956,
2001-11-25,8.966,
2001-11-26,9.881,
2001-11-27,9.881,
2001-11-28,9.881,
2001-11-29,12.319,
2001-11-30,16.281,
2001-12-01,16.586,
2001-12-02,20.853,
2001-12-03,26.035,
2001-12-04,28.778,
2001-12-05,29.083,
2001-12-06,29.388,
2001-12-07,29.693,
2001-12-08,29.693,
2001-12-09,29.693,
2001-12-10,29.997,
2001-12-11,29.997,
2001-12-12,29.997,
2001-12-13,30.302,
2001-12-14,30.607,
2001-12-15,32.436,
2001-12-16,32.741,
2001-12-17,32.741,
2001-12-18,33.35,
2001-12-19,33.35,
2001-12-20,33.35,
2001-12-21,35.789,
2001-12-22,36.093,
2001-12-23,37.008,
2001-12-24,37.617,
2001-12-25,37.617,
2001-12-26,37.617,
2001-12-27,37.922,
2001-12-28,37.922,
2001-12-29,40.665,
2001-12-30,44.628,
2001-12-31,45.542,
2002-01-01,45.847,
2002-01-02,45.847,
2002-01-03,48.59,
2002-01-04,49.2,
2002-01-05,49.505,
2002-01-06,49.809,
2002-01-07,49.809,
2002-01-08,49.809,
2002-01-09,49.809,
2002-01-10,49.809,
2002-01-11,50.114,
2002-01-12,50.114,
2002-01-13,50.114,
2002-01-14,50.114,
2002-01-15,50.114,
2002-01-16,49.809,
2002-01-17,49.809,
2002-01-18,49.809,
2002-01-19,49.809,
2002-01-20,49.809,
2002-01-21,49.809,
2002-01-22,49.809,
2002-01-23,49.809,
2002-01-24,49.809,
2002-01-25,49.809,
2002-01-26,49.809,
2002-01-27,50.114,
2002-01-28,51.333,
2002-01-29,52.857,
2002-01-30,53.162,
2002-01-31,53.467,
2002-02-01,53.772,
2002-02-02,53.772,
2002-02-03,53.772,
2002-02-04,53.772,
2002-02-05,54.077,
2002-02-06,54.077,
2002-02-07,54.077,
2002-02-08,54.381,
2002-02-09,54.991,
2002-02-10,55.601,
2002-02-11,55.905,
2002-02-12,55.905,
2002-02-13,55.905,
2002-02-14,55.905,
2002-02-15,55.905,
2002-02-16,56.21,
2002-02-17,56.82,
2002-02-18,58.344,
2002-02-19,58.649,
2002-02-20,59.258,
2002-02-21,59.563,
2002-02-22,59.563,
2002-02-23,59.868,
2002-02-24,59.868,
2002-02-25,60.782,
2002-02-26,60.782,
2002-02-27,60.782,
2002-02-28,60.782,
2002-03-01,60.477,
2002-03-02,60.173,
2002-03-03,60.173,
2002-03-04,60.173,
2002-03-05,60.173,
2002-03-06,59.868,
2002-03-07,60.477,
2002-03-08,62.001,
2002-03-09,62.611,
2002-03-10,62.611,
2002-03-11,62.916,
2002-03-12,63.221,
2002-03-13,63.221,
2002-03-14,63.221,
2002-03-15,63.221,
2002-03-16,63.221,
2002-03-17,63.221,
2002-03-18,63.83,
2002-03-19,64.44,
2002-03-20,64.44,
2002-03-21,64.44,
2002-03-22,64.44,
2002-03-23,64.745,
2002-03-24,67.183,
2002-03-25,67.488,
2002-03-26,67.793,
2002-03-27,67.793,
2002-03-28,67.793,
2002-03-29,67.793,
2002-03-30,67.793,
2002-03-31,66.878,
2002-04-01,65.354,
2002-04-02,63.525,
2002-04-03,61.392,
2002-04-04,58.953,
2002-04-05,55.905,
2002-04-06,54.077,
2002-04-07,52.553,
2002-04-08,50.419,
2002-04-09,47.981,
2002-04-10,46.152,
2002-04-11,44.323,
2002-04-12,41.885,
2002-04-13,39.446,
2002-04-14,36.398,
2002-04-15,33.655,
2002-04-16,31.521,
2002-04-17,29.693,
2002-04-18,30.302,
2002-04-19,30.912,
2002-04-20,31.521,
2002-04-21,31.826,
2002-04-22,31.826,
2002-04-23,29.997,
2002-04-24,27.559,
2002-04-25,25.425,
2002-04-26,23.597,
2002-04-27,23.292,
2002-04-28,23.292,
2002-04-29,23.292,
2002-04-30,23.292,
2002-05-01,23.292,
2002-05-02,23.597,
2002-05-03,22.987,
2002-05-04,20.549,
2002-05-05,18.11,
2002-05-06,15.367,
2002-05-07,11.1,
2002-05-08,6.833,
2002-05-09,3.175,
2002-05-10,1.346,
2002-05-11,0.0,
2002-05-12,0.0,
2002-05-13,0.0,
2002-05-14,0.0,
2002-05-15,0.0,
2002-05-16,0.0,
2002-05-17,0.0,
2002-05-18,0.0,
2002-05-19,0.0,
2002-05-20,0.0,
2002-05-21,0.432,
2002-05-22,2.565,
2002-05-23,3.175,
2002-05-24,2.261,
2002-05-25,0.0,
2002-05-26,0.0,
2002-05-27,0.0,
2002-05-28,0.0,
2002-05-29,0.0,
2002-05-30,0.0,
2002-05-31,0.0,
2002-06-01,0.0,
2002-06-02,0.0,
2002-06-03,0.0,
2002-06-04,0.0,
2002-06-05,0.0,
2002-06-06,0.0,
2002-06-07,0.0,
2002-06-08,0.0,
2002-06-09,0.0,
2002-06-10,0.0,
2002-06-11,0.0,
2002-06-12,0.0,
2002-06-13,0.0,
2002-06-14,0.0,
2002-06-15,0.0,
2002-06-16,0.0,
2002-06-17,0.0,
2002-06-18,0.0,
2002-06-19,0.0,
2002-06-20,0.0,
2002-06-21,0.0,
2002-06-22,0.0,
2002-06-23,0.0,
2002-06-24,0.0,
2002-06-25,0.0,
2002-06-26,0.0,
2002-06-27,0.0,
2002-06-28,0.0,
2002-06-29,0.0,
2002-06-30,0.0,
2002-07-01,0.0,
2002-07-02,0.0,
2002-07-03,0.0,
2002-07-04,0.0,
2002-07-05,0.0,
2002-07-06,0.0,
2002-07-07,0.0,
2002-07-08,0.0,
2002-07-09,0.0,
2002-07-10,0.0,
2002-07-11,0.0,
2002-07-12,0.0,
2002-07-13,0.0,
2002-07-14,0.0,
2002-07-15,0.0,
2002-07-16,0.0,
2002-07-17,0.0,
2002-07-18,0.0,
2002-07-19,0.0,
2002-07-20,0.0,
2002-07-21,0.0,
2002-07-22,0.0,
2002-07-23,0.0,
2002-07-24,0.0,
2002-07-25,0.0,
2002-07-26,0.0,
2002-07-27,0.0,
2002-07-28,0.0,
2002-07-29,0.0,
2002-07-30,0.0,
2002-07-31,0.0,
2002-08-01,0.0,
2002-08-02,0.0,
2002-08-03,0.0,
2002-08-04,0.0,
2002-08-05,0.0,
2002-08-06,0.0,
2002-08-07,0.0,
2002-08-08,0.0,
2002-08-09,0.0,
2002-08-10,0.0,
2002-08-11,0.0,
2002-08-12,0.0,
2002-08-13,0.0,
2002-08-14,0.0,
2002-08-15,0.0,
2002-08-16,0.0,
2002-08-17,0.0,
2002-08-18,0.0,
2002-08-19,0.0,
2002-08-20,0.0,
2002-08-21,0.0,
2002-08-22,0.0,
2002-08-23,0.0,
2002-08-24,0.0,
2002-08-25,0.0,
2002-08-26,0.0,
2002-08-27,0.0,
2002-08-28,0.0,
2002-08-29,0.0,
2002-08-30,0.0,
2002-08-31,0.0,
2002-09-01,0.0,
2002-09-02,0.0,
2002-09-03,0.0,
2002-09-04,0.0,
2002-09-05,0.0,
2002-09-06,0.0,
2002-09-07,0.0,
2002-09-08,0.0,
2002-09-09,0.0,
2002-09-10,0.0,
2002-09-11,0.0,
2002-09-12,0.0,
2002-09-13,0.0,
2002-09-14,0.0,
2002-09-15,0.0,
2002-09-16,0.0,
2002-09-17,0.0,
2002-09-18,0.0,
2002-09-19,0.0,
2002-09-20,0.0,
2002-09-21,0.0,
2002-09-22,0.0,
2002-09-23,0.0,
2002-09-24,0.0,
2002-09-25,0.0,
2002-09-26,0.0,
2002-09-27,0.0,
2002-09-28,0.0,
2002-09-29,0.0,
2002-09-30,0.0,
2002-10-01,0.0,
2002-10-02,0.0,
2002-10-03,0.0,
2002-10-04,0.0,
2002-10-05,0.0,
2002-10-06,0.0,
2002-10-07,0.0,
2002-10-08,0.0,
2002-10-09,0.0,
2002-10-10,0.0,
2002-10-11,0.0,
2002-10-12,0.0,
2002-10-13,0.0,
2002-10-14,0.0,
2002-10-15,0.0,
2002-10-16,0.0,
2002-10-17,0.0,
2002-10-18,0.0,
2002-10-19,0.0,
2002-10-20,0.0,
2002-10-21,0.0,
2002-10-22,0.0,
2002-10-23,0.0,
2002-10-24,0.0,
2002-10-25,0.0,
2002-10-26,0.0,
2002-10-27,0.0,
2002-10-28,0.0,
2002-10-29,0.0,
2002-10-30,0.0,
2002-10-31,0.0,
2002-11-01,0.0,
2002-11-02,0.0,
2002-11-03,0.0,
2002-11-04,0.0,
2002-11-05,0.0,
2002-11-06,0.0,
2002-11-07,0.0,
2002-11-08,4.089,
2002-11-09,16.586,
2002-11-10,20.853,
2002-11-11,21.463,
2002-11-12,22.073,
2002-11-13,22.377,
2002-11-14,22.377,
2002-11-15,22.377,
2002-11-16,22.377,
2002-11-17,22.377,
2002-11-18,22.377,
2002-11-19,22.377,
2002-11-20,22.682,
2002-11-21,22.682,
2002-11-22,22.682,
2002-11-23,22.682,
2002-11-24,22.682,
2002-11-25,22.682,
2002-11-26,24.206,
2002-11-27,24.511,
2002-11-28,24.511,
2002-11-29,24.816,
2002-11-30,24.511,
2002-12-01,24.206,
2002-12-02,24.206,
2002-12-03,23.901,
2002-12-04,23.597,
2002-12-05,23.622,
2002-12-06,23.292,
2002-12-07,22.987,
2002-12-08,22.987,
2002-12-09,22.987,
2002-12-10,22.377,
2002-12-11,22.377,
2002-12-12,22.377,
2002-12-13,22.377,
2002-12-14,22.377,
2002-12-15,22.987,
2002-12-16,24.511,
2002-12-17,29.693,
2002-12-18,33.02,
2002-12-19,33.02,
2002-12-20,35.56,
2002-12-21,36.83,
2002-12-22,37.084,
2002-12-23,37.084,
2002-12-24,37.084,
2002-12-25,37.084,
2002-12-26,37.084,
2002-12-27,37.084,
2002-12-28,37.084,
2002-12-29,43.942,
2002-12-30,45.466,
2002-12-31,47.244,
2003-01-01,48.768,
2003-01-02,48.768,
2003-01-03,48.768,
2003-01-04,48.768,
2003-01-05,48.768,
2003-01-06,48.768,
2003-01-07,48.768,
2003-01-08,48.768,
2003-01-09,48.768,
2003-01-10,48.768,
2003-01-11,48.768,
2003-01-12,48.768,
2003-01-13,48.768,
2003-01-14,48.768,
2003-01-15,48.768,
2003-01-16,48.768,
2003-01-17,48.768,
2003-01-18,48.768,
2003-01-19,48.768,
2003-01-20,48.768,
2003-01-21,48.768,
2003-01-22,48.768,
2003-01-23,48.768,
2003-01-24,48.768,
2003-01-25,48.768,
2003-01-26,48.768,
2003-01-27,48.768,
2003-01-28,48.768,
2003-01-29,48.768,
2003-01-30,48.768,
2003-01-31,48.768,
2003-02-01,48.768,
2003-02-02,48.768,
2003-02-03,48.768,
2003-02-04,48.768,
2003-02-05,48.768,
2003-02-06,48.768,
2003-02-07,48.768,
2003-02-08,48.768,
2003-02-09,48.768,
2003-02-10,48.768,
2003-02-11,48.768,
2003-02-12,48.768,
2003-02-13,48.768,
2003-02-14,48.768,
2003-02-15,48.768,
2003-02-16,48.895,
2003-02-17,50.114,
2003-02-18,50.419,
2003-02-19,50.419,
2003-02-20,50.419,
2003-02-21,50.419,
2003-02-22,50.419,
2003-02-23,50.419,
2003-02-24,50.419,
2003-02-25,50.419,
2003-02-26,51.029,
2003-02-27,51.333,
2003-02-28,52.248,
2003-03-01,52.248,
2003-03-02,52.248,
2003-03-03,52.248,
2003-03-04,52.248,
2003-03-05,52.248,
2003-03-06,52.248,
2003-03-07,52.248,
2003-03-08,52.248,
2003-03-09,52.248,
2003-03-10,52.248,
2003-03-11,52.248,
2003-03-12,51.943,
2003-03-13,51.638,
2003-03-14,51.638,
2003-03-15,52.553,
2003-03-16,55.905,
2003-03-17,58.344,
2003-03-18,59.563,
2003-03-19,60.477,
2003-03-20,61.392,
2003-03-21,61.392,
2003-03-22,61.697,
2003-03-23,61.697,
2003-03-24,61.697,
2003-03-25,62.001,
2003-03-26,62.001,
2003-03-27,62.001,
2003-03-28,62.001,
2003-03-29,61.697,
2003-03-30,61.087,
2003-03-31,58.649,
2003-04-01,56.515,
2003-04-02,54.991,
2003-04-03,55.296,
2003-04-04,56.21,
2003-04-05,56.82,
2003-04-06,57.734,
2003-04-07,57.734,
2003-04-08,58.039,
2003-04-09,57.125,
2003-04-10,55.296,
2003-04-11,53.467,
2003-04-12,51.943,
2003-04-13,50.114,
2003-04-14,51.029,
2003-04-15,53.467,
2003-04-16,54.381,
2003-04-17,54.686,
2003-04-18,55.296,
2003-04-19,55.601,
2003-04-20,55.601,
2003-04-21,55.601,
2003-04-22,55.601,
2003-04-23,56.21,
2003-04-24,56.515,
2003-04-25,56.21,
2003-04-26,56.21,
2003-04-27,55.905,
2003-04-28,55.296,
2003-04-29,55.601,
2003-04-30,55.601,
2003-05-01,55.905,
2003-05-02,55.905,
2003-05-03,55.905,
2003-05-04,57.125,
2003-05-05,58.344,
2003-05-06,59.258,
2003-05-07,59.563,
2003-05-08,59.563,
2003-05-09,60.173,
2003-05-10,61.392,
2003-05-11,62.001,
2003-05-12,62.001,
2003-05-13,61.087,
2003-05-14,59.868,
2003-05-15,59.258,
2003-05-16,58.649,
2003-05-17,57.125,
2003-05-18,55.905,
2003-05-19,54.686,
2003-05-20,53.467,
2003-05-21,51.638,
2003-05-22,49.505,
2003-05-23,47.676,
2003-05-24,45.237,
2003-05-25,42.189,
2003-05-26,40.056,
2003-05-27,37.617,
2003-05-28,33.96,
2003-05-29,29.083,
2003-05-30,23.901,
2003-05-31,20.244,
2003-06-01,17.196,
2003-06-02,13.208,
2003-06-03,9.398,
2003-06-04,5.08,
2003-06-05,0.0,
2003-06-06,0.0,
2003-06-07,0.0,
2003-06-08,0.0,
2003-06-09,0.0,
2003-06-10,0.0,
2003-06-11,0.0,
2003-06-12,0.0,
2003-06-13,0.0,
2003-06-14,0.0,
2003-06-15,0.0,
2003-06-16,0.0,
2003-06-17,0.0,
2003-06-18,0.0,
2003-06-19,0.0,
2003-06-20,0.0,
2003-06-21,0.0,
2003-06-22,0.0,
2003-06-23,0.0,
2003-06-24,0.0,
2003-06-25,0.0,
2003-06-26,0.0,
2003-06-27,0.0,
2003-06-28,0.0,
2003-06-29,0.0,
2003-06-30,0.0,
2003-07-01,0.0,
2003-07-02,0.0,
2003-07-03,0.0,
2003-07-04,0.0,
2003-07-05,0.0,
2003-07-06,0.0,
2003-07-07,0.0,
2003-07-08,0.0,
2003-07-09,0.0,
2003-07-10,0.0,
2003-07-11,0.0,
2003-07-12,0.0,
2003-07-13,0.0,
2003-07-14,0.0,
2003-07-15,0.0,
2003-07-16,0.0,
2003-07-17,0.0,
2003-07-18,0.0,
2003-07-19,0.0,
2003-07-20,0.0,
2003-07-21,0.0,
2003-07-22,0.0,
2003-07-23,0.0,
2003-07-24,0.0,
2003-07-25,0.0,
2003-07-26,0.0,
2003-07-27,0.0,
2003-07-28,0.0,
2003-07-29,0.0,
2003-07-30,0.0,
2003-07-31,0.0,
2003-08-01,0.0,
2003-08-02,0.0,
2003-08-03,0.0,
2003-08-04,0.0,
2003-08-05,0.0,
2003-08-06,0.0,
2003-08-07,0.0,
2003-08-08,0.0,
2003-08-09,0.0,
2003-08-10,0.0,
2003-08-11,0.0,
2003-08-12,0.0,
2003-08-13,0.0,
2003-08-14,0.0,
2003-08-15,0.0,
2003-08-16,0.0,
2003-08-17,0.0,
2003-08-18,0.0,
2003-08-19,0.0,
2003-08-20,0.0,
2003-08-21,0.0,
2003-08-22,0.0,
2003-08-23,0.0,
2003-08-24,0.0,
2003-08-25,0.0,
2003-08-26,0.0,
2003-08-27,0.0,
2003-08-28,0.0,
2003-08-29,0.0,
2003-08-30,0.0,
2003-08-31,0.0,
2003-09-01,0.0,
2003-09-02,0.0,
2003-09-03,0.0,
2003-09-04,0.0,
2003-09-05,0.0,
2003-09-06,0.0,
2003-09-07,0.0,
2003-09-08,0.0,
2003-09-09,0.0,
2003-09-10,0.0,
2003-09-11,0.0,
2003-09-12,0.0,
2003-09-13,0.0,
2003-09-14,0.0,
2003-09-15,0.0,
2003-09-16,0.0,
2003-09-17,0.0,
2003-09-18,0.0,
2003-09-19,0.0,
2003-09-20,0.0,
2003-09-21,0.0,
2003-09-22,0.0,
2003-09-23,0.0,
2003-09-24,0.0,
2003-09-25,0.0,
2003-09-26,0.0,
2003-09-27,0.0,
2003-09-28,0.0,
2003-09-29,0.0,
2003-09-30,0.0,
2003-10-01,0.0,
2003-10-02,0.0,
2003-10-03,0.0,
2003-10-04,0.0,
2003-10-05,0.0,
2003-10-06,0.0,
2003-10-07,0.0,
2003-10-08,0.0,
2003-10-09,0.0,
2003-10-10,0.0,
2003-10-11,0.0,
2003-10-12,0.0,
2003-10-13,0.0,
2003-10-14,0.0,
2003-10-15,0.0,
2003-10-16,0.0,
2003-10-17,0.0,
2003-10-18,0.0,
2003-10-19,0.0,
2003-10-20,0.0,
2003-10-21,0.0,
2003-10-22,0.0,
2003-10-23,0.0,
2003-10-24,0.0,
2003-10-25,0.0,
2003-10-26,0.0,
2003-10-27,0.0,
2003-10-28,0.0,
2003-10-29,0.0,
2003-10-30,0.0,
2003-10-31,0.0,
2003-11-01,0.0,
2003-11-02,0.0,
2003-11-03,0.0,
2003-11-04,0.0,
2003-11-05,0.432,
2003-11-06,0.432,
2003-11-07,0.432,
2003-11-08,0.432,
2003-11-09,2.87,
2003-11-10,4.699,
2003-11-11,4.699,
2003-11-12,5.004,
2003-11-13,5.309,
2003-11-14,5.613,
2003-11-15,5.613,
2003-11-16,6.223,
2003-11-17,6.223,
2003-11-18,6.528,
2003-11-19,6.528,
2003-11-20,6.528,
2003-11-21,6.528,
2003-11-22,6.528,
2003-11-23,6.528,
2003-11-24,6.528,
2003-11-25,6.528,
2003-11-26,6.528,
2003-11-27,6.528,
2003-11-28,6.528,
2003-11-29,6.528,
2003-11-30,6.528,
2003-12-01,6.528,
2003-12-02,6.528,
2003-12-03,7.137,
2003-12-04,7.442,
2003-12-05,7.442,
2003-12-06,9.271,
2003-12-07,11.709,
2003-12-08,13.538,
2003-12-09,13.538,
2003-12-10,14.453,
2003-12-11,16.586,
2003-12-12,17.196,
2003-12-13,17.196,
2003-12-14,17.196,
2003-12-15,19.025,
2003-12-16,19.329,
2003-12-17,19.634,
2003-12-18,19.939,
2003-12-19,19.939,
2003-12-20,20.853,
2003-12-21,21.768,
2003-12-22,22.073,
2003-12-23,22.377,
2003-12-24,23.901,
2003-12-25,31.826,
2003-12-26,33.96,
2003-12-27,33.96,
2003-12-28,33.96,
2003-12-29,33.96,
2003-12-30,37.922,
2003-12-31,38.532,
2004-01-01,39.141,
2004-01-02,45.847,
2004-01-03,47.981,
2004-01-04,47.981,
2004-01-05,47.981,
2004-01-06,48.285,
2004-01-07,48.59,
2004-01-08,49.2,
2004-01-09,49.2,
2004-01-10,49.2,
2004-01-11,49.2,
2004-01-12,49.2,
2004-01-13,49.2,
2004-01-14,49.2,
2004-01-15,49.2,
2004-01-16,49.2,
2004-01-17,49.2,
2004-01-18,49.2,
2004-01-19,49.2,
2004-01-20,49.2,
2004-01-21,49.2,
2004-01-22,49.2,
2004-01-23,49.2,
2004-01-24,49.2,
2004-01-25,49.2,
2004-01-26,49.2,
2004-01-27,49.2,
2004-01-28,50.114,
2004-01-29,50.419,
2004-01-30,50.419,
2004-01-31,50.419,
2004-02-01,50.419,
2004-02-02,50.419,
2004-02-03,53.772,
2004-02-04,54.077,
2004-02-05,54.381,
2004-02-06,54.686,
2004-02-07,54.686,
2004-02-08,54.991,
2004-02-09,54.991,
2004-02-10,54.991,
2004-02-11,54.991,
2004-02-12,55.296,
2004-02-13,55.296,
2004-02-14,55.296,
2004-02-15,55.296,
2004-02-16,55.296,
2004-02-17,55.626,
2004-02-18,55.626,
2004-02-19,57.302,
2004-02-20,57.76,
2004-02-21,57.76,
2004-02-22,58.064,
2004-02-23,60.02,
2004-02-24,60.325,
2004-02-25,60.325,
2004-02-26,70.51,
2004-02-27,76.606,
2004-02-28,77.216,
2004-02-29,77.978,
2004-03-01,78.283,
2004-03-02,81.204,
2004-03-03,81.204,
2004-03-04,81.204,
2004-03-05,81.204,
2004-03-06,81.204,
2004-03-07,81.204,
2004-03-08,78.765,
2004-03-09,76.937,
2004-03-10,74.498,
2004-03-11,72.669,
2004-03-12,71.755,
2004-03-13,71.755,
2004-03-14,71.755,
2004-03-15,71.145,
2004-03-16,70.536,
2004-03-17,69.317,
2004-03-18,68.097,
2004-03-19,66.878,
2004-03-20,65.964,
2004-03-21,65.049,
2004-03-22,63.525,
2004-03-23,62.001,
2004-03-24,60.477,
2004-03-25,58.344,
2004-03-26,58.649,
2004-03-27,58.649,
2004-03-28,58.344,
2004-03-29,57.125,
2004-03-30,56.515,
2004-03-31,55.296,
2004-04-01,54.381,
2004-04-02,53.594,
2004-04-03,53.086,
2004-04-04,52.248,
2004-04-05,50.724,
2004-04-06,48.895,
2004-04-07,47.676,
2004-04-08,46.152,
2004-04-09,44.933,
2004-04-10,42.494,
2004-04-11,40.361,
2004-04-12,37.617,
2004-04-13,35.789,
2004-04-14,34.569,
2004-04-15,33.045,
2004-04-16,31.826,
2004-04-17,30.912,
2004-04-18,30.912,
2004-04-19,30.912,
2004-04-20,31.217,
2004-04-21,31.217,
2004-04-22,31.217,
2004-04-23,29.997,
2004-04-24,27.864,
2004-04-25,25.121,
2004-04-26,20.549,
2004-04-27,15.367,
2004-04-28,13.843,
2004-04-29,12.014,
2004-04-30,9.881,
2004-05-01,5.842,
2004-05-02,5.334,
2004-05-03,3.048,
2004-05-04,1.27,
2004-05-05,0.0,
2004-05-06,0.0,
2004-05-07,0.0,
2004-05-08,0.0,
2004-05-09,0.0,
2004-05-10,0.0,
2004-05-11,0.0,
2004-05-12,0.0,
2004-05-13,0.0,
2004-05-14,0.0,
2004-05-15,0.0,
2004-05-16,0.0,
2004-05-17,0.0,
2004-05-18,0.0,
2004-05-19,0.0,
2004-05-20,0.0,
2004-05-21,0.0,
2004-05-22,0.0,
2004-05-23,0.0,
2004-05-24,0.0,
2004-05-25,0.0,
2004-05-26,0.0,
2004-05-27,0.0,
2004-05-28,0.0,
2004-05-29,0.0,
2004-05-30,0.0,
2004-05-31,0.0,
2004-06-01,0.0,
2004-06-02,0.0,
2004-06-03,0.0,
2004-06-04,0.0,
2004-06-05,0.0,
2004-06-06,0.0,
2004-06-07,0.0,
2004-06-08,0.0,
2004-06-09,0.0,
2004-06-10,0.0,
2004-06-11,0.0,
2004-06-12,0.0,
2004-06-13,0.0,
2004-06-14,0.0,
2004-06-15,0.0,
2004-06-16,0.0,
2004-06-17,0.0,
2004-06-18,0.0,
2004-06-19,0.0,
2004-06-20,0.0,
2004-06-21,0.0,
2004-06-22,0.0,
2004-06-23,0.0,
2004-06-24,0.0,
2004-06-25,0.0,
2004-06-26,0.0,
2004-06-27,0.0,
2004-06-28,0.0,
2004-06-29,0.0,
2004-06-30,0.0,
2004-07-01,0.0,
2004-07-02,0.0,
2004-07-03,0.0,
2004-07-04,0.0,
2004-07-05,0.0,
2004-07-06,0.0,
2004-07-07,0.0,
2004-07-08,0.0,
2004-07-09,0.0,
2004-07-10,0.0,
2004-07-11,0.0,
2004-07-12,0.0,
2004-07-13,0.0,
2004-07-14,0.0,
2004-07-15,0.0,
2004-07-16,0.0,
2004-07-17,0.0,
2004-07-18,0.0,
2004-07-19,0.0,
2004-07-20,0.0,
2004-07-21,0.0,
2004-07-22,0.0,
2004-07-23,0.0,
2004-07-24,0.0,
2004-07-25,0.0,
2004-07-26,0.0,
2004-07-27,0.0,
2004-07-28,0.0,
2004-07-29,0.0,
2004-07-30,0.0,
2004-07-31,0.0,
2004-08-01,0.0,
2004-08-02,0.0,
2004-08-03,0.0,
2004-08-04,0.0,
2004-08-05,0.0,
2004-08-06,0.0,
2004-08-07,0.0,
2004-08-08,0.0,
2004-08-09,0.0,
2004-08-10,0.0,
2004-08-11,0.0,
2004-08-12,0.0,
2004-08-13,0.0,
2004-08-14,0.0,
2004-08-15,0.0,
2004-08-16,0.0,
2004-08-17,0.0,
2004-08-18,0.0,
2004-08-19,0.0,
2004-08-20,0.0,
2004-08-21,0.0,
2004-08-22,0.0,
2004-08-23,0.0,
2004-08-24,0.0,
2004-08-25,0.0,
2004-08-26,0.0,
2004-08-27,0.0,
2004-08-28,0.0,
2004-08-29,0.0,
2004-08-30,0.0,
2004-08-31,0.0,
2004-09-01,0.0,
2004-09-02,0.0,
2004-09-03,0.0,
2004-09-04,0.0,
2004-09-05,0.0,
2004-09-06,0.0,
2004-09-07,0.0,
2004-09-08,0.0,
2004-09-09,0.0,
2004-09-10,0.0,
2004-09-11,0.0,
2004-09-12,0.0,
2004-09-13,0.0,
2004-09-14,0.0,
2004-09-15,0.0,
2004-09-16,0.0,
2004-09-17,0.0,
2004-09-18,0.0,
2004-09-19,0.0,
2004-09-20,0.0,
2004-09-21,0.0,
2004-09-22,0.0,
2004-09-23,0.0,
2004-09-24,0.0,
2004-09-25,0.0,
2004-09-26,0.0,
2004-09-27,0.0,
2004-09-28,0.0,
2004-09-29,0.0,
2004-09-30,0.0,
2004-10-01,0.0,
2004-10-02,0.0,
2004-10-03,0.0,
2004-10-04,0.0,
2004-10-05,0.0,
2004-10-06,0.0,
2004-10-07,0.0,
2004-10-08,0.0,
2004-10-09,0.0,
2004-10-10,0.0,
2004-10-11,0.0,
2004-10-12,0.0,
2004-10-13,0.0,
2004-10-14,0.0,
2004-10-15,0.0,
2004-10-16,0.0,
2004-10-17,0.0,
2004-10-18,0.0,
2004-10-19,0.0,
2004-10-20,1.651,
2004-10-21,5.918,
2004-10-22,6.223,
2004-10-23,6.528,
2004-10-24,6.528,
2004-10-25,6.833,
2004-10-26,7.137,
2004-10-27,11.709,
2004-10-28,12.624,
2004-10-29,12.929,
2004-10-30,12.929,
2004-10-31,12.929,
2004-11-01,12.929,
2004-11-02,13.233,
2004-11-03,13.233,
2004-11-04,12.929,
2004-11-05,12.929,
2004-11-06,13.233,
2004-11-07,13.233,
2004-11-08,13.233,
2004-11-09,13.233,
2004-11-10,13.538,
2004-11-11,13.538,
2004-11-12,13.843,
2004-11-13,13.843,
2004-11-14,13.843,
2004-11-15,13.843,
2004-11-16,13.843,
2004-11-17,13.843,
2004-11-18,13.843,
2004-11-19,13.843,
2004-11-20,13.843,
2004-11-21,13.843,
2004-11-22,13.843,
2004-11-23,13.843,
2004-11-24,13.843,
2004-11-25,13.843,
2004-11-26,14.148,
2004-11-27,14.148,
2004-11-28,16.586,
2004-11-29,16.586,
2004-11-30,16.586,
2004-12-01,16.586,
2004-12-02,16.586,
2004-12-03,16.891,
2004-12-04,16.891,
2004-12-05,16.891,
2004-12-06,16.891,
2004-12-07,16.891,
2004-12-08,20.244,
2004-12-09,22.377,
2004-12-10,22.377,
2004-12-11,22.377,
2004-12-12,22.377,
2004-12-13,22.377,
2004-12-14,22.377,
2004-12-15,22.377,
2004-12-16,22.377,
2004-12-17,22.377,
2004-12-18,22.377,
2004-12-19,22.377,
2004-12-20,22.377,
2004-12-21,22.377,
2004-12-22,22.377,
2004-12-23,22.377,
2004-12-24,22.377,
2004-12-25,22.377,
2004-12-26,22.377,
2004-12-27,22.377,
2004-12-28,22.377,
2004-12-29,24.511,
2004-12-30,26.34,
2004-12-31,34.874,
2005-01-01,40.665,
2005-01-02,41.58,
2005-01-03,42.494,
2005-01-04,44.323,
2005-01-05,45.237,
2005-01-06,45.847,
2005-01-07,45.847,
2005-01-08,51.333,
2005-01-09,57.734,
2005-01-10,67.31,
2005-01-11,72.39,
2005-01-12,73.889,
2005-01-13,73.889,
2005-01-14,73.889,
2005-01-15,73.889,
2005-01-16,73.889,
2005-01-17,73.889,
2005-01-18,73.889,
2005-01-19,73.889,
2005-01-20,73.889,
2005-01-21,73.889,
2005-01-22,73.889,
2005-01-23,73.889,
2005-01-24,73.889,
2005-01-25,73.889,
2005-01-26,74.193,
2005-01-27,76.937,
2005-01-28,85.09,
2005-01-29,86.36,
2005-01-30,86.36,
2005-01-31,86.36,
2005-02-01,86.36,
2005-02-02,86.36,
2005-02-03,86.36,
2005-02-04,86.36,
2005-02-05,86.36,
2005-02-06,86.36,
2005-02-07,86.36,
2005-02-08,86.36,
2005-02-09,86.36,
2005-02-10,86.36,
2005-02-11,86.36,
2005-02-12,86.36,
2005-02-13,87.63,
2005-02-14,87.63,
2005-02-15,87.63,
2005-02-16,89.433,
2005-02-17,90.957,
2005-02-18,91.262,
2005-02-19,92.481,
2005-02-20,94.005,
2005-02-21,95.834,
2005-02-22,97.968,
2005-02-23,98.882,
2005-02-24,99.492,
2005-02-25,99.797,
2005-02-26,100.101,
2005-02-27,100.406,
2005-02-28,100.711,
2005-03-01,101.93,
2005-03-02,104.369,
2005-03-03,104.369,
2005-03-04,104.369,
2005-03-05,104.369,
2005-03-06,104.369,
2005-03-07,104.369,
2005-03-08,104.369,
2005-03-09,104.673,
2005-03-10,104.673,
2005-03-11,104.14,
2005-03-12,103.378,
2005-03-13,102.845,
2005-03-14,100.711,
2005-03-15,99.492,
2005-03-16,99.492,
2005-03-17,99.492,
2005-03-18,99.492,
2005-03-19,99.492,
2005-03-20,99.492,
2005-03-21,101.625,
2005-03-22,103.149,
2005-03-23,109.245,
2005-03-24,111.989,
2005-03-25,113.208,
2005-03-26,113.817,
2005-03-27,114.427,
2005-03-28,115.341,
2005-03-29,117.17,
2005-03-30,118.085,
2005-03-31,118.694,
2005-04-01,118.618,
2005-04-02,116.865,
2005-04-03,117.17,
2005-04-04,118.085,
2005-04-05,118.085,
2005-04-06,118.085,
2005-04-07,118.085,
2005-04-08,118.085,
2005-04-09,118.085,
2005-04-10,118.085,
2005-04-11,118.085,
2005-04-12,118.085,
2005-04-13,118.085,
2005-04-14,118.085,
2005-04-15,118.085,
2005-04-16,118.085,
2005-04-17,118.085,
2005-04-18,117.78,
2005-04-19,116.256,
2005-04-20,115.037,
2005-04-21,114.732,
2005-04-22,114.732,
2005-04-23,113.817,
2005-04-24,113.513,
2005-04-25,113.513,
2005-04-26,113.513,
2005-04-27,113.513,
2005-04-28,113.208,
2005-04-29,112.598,
2005-04-30,112.598,
2005-05-01,112.598,
2005-05-02,112.598,
2005-05-03,112.293,
2005-05-04,111.989,
2005-05-05,110.769,
2005-05-06,110.465,
2005-05-07,110.16,
2005-05-08,110.16,
2005-05-09,110.16,
2005-05-10,110.16,
2005-05-11,110.16,
2005-05-12,110.16,
2005-05-13,110.16,
2005-05-14,110.16,
2005-05-15,110.465,
2005-05-16,110.465,
2005-05-17,110.769,
2005-05-18,109.728,
2005-05-19,108.331,
2005-05-20,106.502,
2005-05-21,103.124,
2005-05-22,102.235,
2005-05-23,100.838,
2005-05-24,97.358,
2005-05-25,93.98,
2005-05-26,91.872,
2005-05-27,88.214,
2005-05-28,84.557,
2005-05-29,80.899,
2005-05-30,77.851,
2005-05-31,75.413,
2005-06-01,72.365,
2005-06-02,69.012,
2005-06-03,66.269,
2005-06-04,62.916,
2005-06-05,59.868,
2005-06-06,56.82,
2005-06-07,53.34,
2005-06-08,50.419,
2005-06-09,49.809,
2005-06-10,48.514,
2005-06-11,46.152,
2005-06-12,41.885,
2005-06-13,38.227,
2005-06-14,31.826,
2005-06-15,25.425,
2005-06-16,17.78,
2005-06-17,12.7,
2005-06-18,7.62,
2005-06-19,2.54,
2005-06-20,0.0,
2005-06-21,0.0,
2005-06-22,0.0,
2005-06-23,0.0,
2005-06-24,0.0,
2005-06-25,0.0,
2005-06-26,0.0,
2005-06-27,0.0,
2005-06-28,0.0,
2005-06-29,0.0,
2005-06-30,0.0,
2005-07-01,0.0,
2005-07-02,0.0,
2005-07-03,0.0,
2005-07-04,0.0,
2005-07-05,0.0,
2005-07-06,0.0,
2005-07-07,0.0,
2005-07-08,0.0,
2005-07-09,0.0,
2005-07-10,0.0,
2005-07-11,0.0,
2005-07-12,0.0,
2005-07-13,0.0,
2005-07-14,0.0,
2005-07-15,0.0,
2005-07-16,0.0,
2005-07-17,0.0,
2005-07-18,0.0,
2005-07-19,0.0,
2005-07-20,0.0,
2005-07-21,0.0,
2005-07-22,0.0,
2005-07-23,0.0,
2005-07-24,0.0,
2005-07-25,0.0,
2005-07-26,0.0,
2005-07-27,0.0,
2005-07-28,0.0,
2005-07-29,0.0,
2005-07-30,0.0,
2005-07-31,0.0,
2005-08-01,0.0,
2005-08-02,0.0,
2005-08-03,0.0,
2005-08-04,0.0,
2005-08-05,0.0,
2005-08-06,0.0,
2005-08-07,0.0,
2005-08-08,0.0,
2005-08-09,0.0,
2005-08-10,0.0,
2005-08-11,0.0,
2005-08-12,0.0,
2005-08-13,0.0,
2005-08-14,0.0,
2005-08-15,0.0,
2005-08-16,0.0,
2005-08-17,0.0,
2005-08-18,0.0,
2005-08-19,0.0,
2005-08-20,0.0,
2005-08-21,0.0,
2005-08-22,0.0,
2005-08-23,0.0,
2005-08-24,0.0,
2005-08-25,0.0,
2005-08-26,0.0,
2005-08-27,0.0,
2005-08-28,0.0,
2005-08-29,0.0,
2005-08-30,0.0,
2005-08-31,0.0,
2005-09-01,0.0,
2005-09-02,0.0,
2005-09-03,0.0,
2005-09-04,0.0,
2005-09-05,0.0,
2005-09-06,0.0,
2005-09-07,0.0,
2005-09-08,0.0,
2005-09-09,0.0,
2005-09-10,0.0,
2005-09-11,0.0,
2005-09-12,0.0,
2005-09-13,0.0,
2005-09-14,0.0,
2005-09-15,0.0,
2005-09-16,0.0,
2005-09-17,0.0,
2005-09-18,0.0,
2005-09-19,0.0,
2005-09-20,0.0,
2005-09-21,0.0,
2005-09-22,0.0,
2005-09-23,0.0,
2005-09-24,0.0,
2005-09-25,0.0,
2005-09-26,0.0,
2005-09-27,0.0,
2005-09-28,0.0,
2005-09-29,0.0,
2005-09-30,0.0,
2005-10-01,0.0,
2005-10-02,0.0,
2005-10-03,0.0,
2005-10-04,0.0,
2005-10-05,0.0,
2005-10-06,0.0,
2005-10-07,0.0,
2005-10-08,0.0,
2005-10-09,0.0,
2005-10-10,0.0,
2005-10-11,0.0,
2005-10-12,0.0,
2005-10-13,0.0,
2005-10-14,0.0,
2005-10-15,0.0,
2005-10-16,0.0,
2005-10-17,0.0,
2005-10-18,0.0,
2005-10-19,0.0,
2005-10-20,0.0,
2005-10-21,0.0,
2005-10-22,0.0,
2005-10-23,0.0,
2005-10-24,0.0,
2005-10-25,0.0,
2005-10-26,0.0,
2005-10-27,0.0,
2005-10-28,0.0,
2005-10-29,0.0,
2005-10-30,0.0,
2005-10-31,0.0,
2005-11-01,0.0,
2005-11-02,0.0,
2005-11-03,0.0,
2005-11-04,0.0,
2005-11-05,0.0,
2005-11-06,0.0,
2005-11-07,0.0,
2005-11-08,0.0,
2005-11-09,0.0,
2005-11-10,0.0,
2005-11-11,0.0,
2005-11-12,0.0,
2005-11-13,0.0,
2005-11-14,0.0,
2005-11-15,0.0,
2005-11-16,0.0,
2005-11-17,0.0,
2005-11-18,0.0,
2005-11-19,0.0,
2005-11-20,0.0,
2005-11-21,0.0,
2005-11-22,0.0,
2005-11-23,0.0,
2005-11-24,0.0,
2005-11-25,0.0,
2005-11-26,0.0,
2005-11-27,0.0,
2005-11-28,0.0,
2005-11-29,0.0,
2005-11-30,0.0,
2005-12-01,0.432,
2005-12-02,7.442,
2005-12-03,10.49,
2005-12-04,10.795,
2005-12-05,11.405,
2005-12-06,11.405,
2005-12-07,11.709,
2005-12-08,12.014,
2005-12-09,12.624,
2005-12-10,12.929,
2005-12-11,13.233,
2005-12-12,13.538,
2005-12-13,13.843,
2005-12-14,14.148,
2005-12-15,14.453,
2005-12-16,14.453,
2005-12-17,14.757,
2005-12-18,14.757,
2005-12-19,22.682,
2005-12-20,23.901,
2005-12-21,24.511,
2005-12-22,25.121,
2005-12-23,25.73,
2005-12-24,26.949,
2005-12-25,27.254,
2005-12-26,28.473,
2005-12-27,30.912,
2005-12-28,31.521,
2005-12-29,33.96,
2005-12-30,34.874,
2005-12-31,36.398,
2006-01-01,44.323,
2006-01-02,50.114,
2006-01-03,59.868,
2006-01-04,61.087,
2006-01-05,61.697,
2006-01-06,62.001,
2006-01-07,62.306,
2006-01-08,62.306,
2006-01-09,62.306,
2006-01-10,62.611,
2006-01-11,62.611,
2006-01-12,62.611,
2006-01-13,62.916,
2006-01-14,62.916,
2006-01-15,65.049,
2006-01-16,65.964,
2006-01-17,66.573,
2006-01-18,67.183,
2006-01-19,69.317,
2006-01-20,69.926,
2006-01-21,70.231,
2006-01-22,70.536,
2006-01-23,70.841,
2006-01-24,70.841,
2006-01-25,71.145,
2006-01-26,71.145,
2006-01-27,71.145,
2006-01-28,71.145,
2006-01-29,71.45,
2006-01-30,71.755,
2006-01-31,72.06,
2006-02-01,72.669,
2006-02-02,72.974,
2006-02-03,73.279,
2006-02-04,73.279,
2006-02-05,73.279,
2006-02-06,73.279,
2006-02-07,73.279,
2006-02-08,73.279,
2006-02-09,73.279,
2006-02-10,73.279,
2006-02-11,73.279,
2006-02-12,73.279,
2006-02-13,73.279,
2006-02-14,73.584,
2006-02-15,73.584,
2006-02-16,73.279,
2006-02-17,72.974,
2006-02-18,73.279,
2006-02-19,73.279,
2006-02-20,73.889,
2006-02-21,74.498,
2006-02-22,74.803,
2006-02-23,75.108,
2006-02-24,75.413,
2006-02-25,75.717,
2006-02-26,75.717,
2006-02-27,75.717,
2006-02-28,80.594,
2006-03-01,85.471,
2006-03-02,86.385,
2006-03-03,87.3,
2006-03-04,91.567,
2006-03-05,92.786,
2006-03-06,93.396,
2006-03-07,95.529,
2006-03-08,96.749,
2006-03-09,97.663,
2006-03-10,97.663,
2006-03-11,98.882,
2006-03-12,99.492,
2006-03-13,100.101,
2006-03-14,100.406,
2006-03-15,101.93,
2006-03-16,102.845,
2006-03-17,102.845,
2006-03-18,103.759,
2006-03-19,104.369,
2006-03-20,104.978,
2006-03-21,106.502,
2006-03-22,107.417,
2006-03-23,108.026,
2006-03-24,108.331,
2006-03-25,108.636,
2006-03-26,109.855,
2006-03-27,110.465,
2006-03-28,110.769,
2006-03-29,116.561,
2006-03-30,118.085,
2006-03-31,118.999,
2006-04-01,120.523,
2006-04-02,121.742,
2006-04-03,122.352,
2006-04-04,131.191,
2006-04-05,140.03,
2006-04-06,144.297,
2006-04-07,145.517,
2006-04-08,146.736,
2006-04-09,147.041,
2006-04-10,147.345,
2006-04-11,147.955,
2006-04-12,148.565,
2006-04-13,149.479,
2006-04-14,149.479,
2006-04-15,149.479,
2006-04-16,149.479,
2006-04-17,149.784,
2006-04-18,149.784,
2006-04-19,149.784,
2006-04-20,149.784,
2006-04-21,149.784,
2006-04-22,149.784,
2006-04-23,149.784,
2006-04-24,149.784,
2006-04-25,149.784,
2006-04-26,149.784,
2006-04-27,149.784,
2006-04-28,149.784,
2006-04-29,149.784,
2006-04-30,149.784,
2006-05-01,148.869,
2006-05-02,147.041,
2006-05-03,144.907,
2006-05-04,143.078,
2006-05-05,141.554,
2006-05-06,140.335,
2006-05-07,138.811,
2006-05-08,137.287,
2006-05-09,135.458,
2006-05-10,133.325,
2006-05-11,131.496,
2006-05-12,129.362,
2006-05-13,127.229,
2006-05-14,124.79,
2006-05-15,122.352,
2006-05-16,119.609,
2006-05-17,117.17,
2006-05-18,114.732,
2006-05-19,111.989,
2006-05-20,109.55,
2006-05-21,106.807,
2006-05-22,105.588,
2006-05-23,105.283,
2006-05-24,104.978,
2006-05-25,104.064,
2006-05-26,102.235,
2006-05-27,99.492,
2006-05-28,97.053,
2006-05-29,96.139,
2006-05-30,94.92,
2006-05-31,92.786,
2006-06-01,90.043,
2006-06-02,86.995,
2006-06-03,83.642,
2006-06-04,80.289,
2006-06-05,76.632,
2006-06-06,72.669,
2006-06-07,69.012,
2006-06-08,65.049,
2006-06-09,61.087,
2006-06-10,57.125,
2006-06-11,53.162,
2006-06-12,49.2,
2006-06-13,45.237,
2006-06-14,42.189,
2006-06-15,38.532,
2006-06-16,33.655,
2006-06-17,29.21,
2006-06-18,24.638,
2006-06-19,20.574,
2006-06-20,16.51,
2006-06-21,12.446,
2006-06-22,8.382,
2006-06-23,4.318,
2006-06-24,0.0,
2006-06-25,0.0,
2006-06-26,0.0,
2006-06-27,0.0,
2006-06-28,0.0,
2006-06-29,0.0,
2006-06-30,0.0,
2006-07-01,0.0,
2006-07-02,0.0,
2006-07-03,0.0,
2006-07-04,0.0,
2006-07-05,0.0,
2006-07-06,0.0,
2006-07-07,0.0,
2006-07-08,0.0,
2006-07-09,0.0,
2006-07-10,0.0,
2006-07-11,0.0,
2006-07-12,0.0,
2006-07-13,0.0,
2006-07-14,0.0,
2006-07-15,0.0,
2006-07-16,0.0,
2006-07-17,0.0,
2006-07-18,0.0,
2006-07-19,0.0,
2006-07-20,0.0,
2006-07-21,0.0,
2006-07-22,0.0,
2006-07-23,0.0,
2006-07-24,0.0,
2006-07-25,0.0,
2006-07-26,0.0,
2006-07-27,0.0,
2006-07-28,0.0,
2006-07-29,0.0,
2006-07-30,0.0,
2006-07-31,0.0,
2006-08-01,0.0,
2006-08-02,0.0,
2006-08-03,0.0,
2006-08-04,0.0,
2006-08-05,0.0,
2006-08-06,0.0,
2006-08-07,0.0,
2006-08-08,0.0,
2006-08-09,0.0,
2006-08-10,0.0,
2006-08-11,0.0,
2006-08-12,0.0,
2006-08-13,0.0,
2006-08-14,0.0,
2006-08-15,0.0,
2006-08-16,0.0,
2006-08-17,0.0,
2006-08-18,0.0,
2006-08-19,0.0,
2006-08-20,0.0,
2006-08-21,0.0,
2006-08-22,0.0,
2006-08-23,0.0,
2006-08-24,0.0,
2006-08-25,0.0,
2006-08-26,0.0,
2006-08-27,0.0,
2006-08-28,0.0,
2006-08-29,0.0,
2006-08-30,0.0,
2006-08-31,0.0,
2006-09-01,0.0,
2006-09-02,0.0,
2006-09-03,0.0,
2006-09-04,0.0,
2006-09-05,0.0,
2006-09-06,0.0,
2006-09-07,0.0,
2006-09-08,0.0,
2006-09-09,0.0,
2006-09-10,0.0,
2006-09-11,0.0,
2006-09-12,0.0,
2006-09-13,0.0,
2006-09-14,0.0,
2006-09-15,0.0,
2006-09-16,0.0,
2006-09-17,0.0,
2006-09-18,0.0,
2006-09-19,0.0,
2006-09-20,0.0,
2006-09-21,0.0,
2006-09-22,0.0,
2006-09-23,0.0,
2006-09-24,0.0,
2006-09-25,0.0,
2006-09-26,0.0,
2006-09-27,0.0,
2006-09-28,0.0,
2006-09-29,0.0,
2006-09-30,0.0,
2006-10-01,0.0,
2006-10-02,0.0,
2006-10-03,0.0,
2006-10-04,0.0,
2006-10-05,0.0,
2006-10-06,0.0,
2006-10-07,0.0,
2006-10-08,0.0,
2006-10-09,0.0,
2006-10-10,0.0,
2006-10-11,0.0,
2006-10-12,0.0,
2006-10-13,0.0,
2006-10-14,0.0,
2006-10-15,0.0,
2006-10-16,0.0,
2006-10-17,0.0,
2006-10-18,0.0,
2006-10-19,0.0,
2006-10-20,0.0,
2006-10-21,0.0,
2006-10-22,0.0,
2006-10-23,0.0,
2006-10-24,0.0,
2006-10-25,0.0,
2006-10-26,0.0,
2006-10-27,0.0,
2006-10-28,0.0,
2006-10-29,0.0,
2006-10-30,0.0,
2006-10-31,0.0,
2006-11-01,0.0,
2006-11-02,0.0,
2006-11-03,0.0,
2006-11-04,0.0,
2006-11-05,0.0,
2006-11-06,0.0,
2006-11-07,0.0,
2006-11-08,0.0,
2006-11-09,0.0,
2006-11-10,0.0,
2006-11-11,0.0,
2006-11-12,0.0,
2006-11-13,0.0,
2006-11-14,0.0,
2006-11-15,0.0,
2006-11-16,0.0,
2006-11-17,0.0,
2006-11-18,0.0,
2006-11-19,0.0,
2006-11-20,0.0,
2006-11-21,0.0,
2006-11-22,0.0,
2006-11-23,0.0,
2006-11-24,0.0,
2006-11-25,0.0,
2006-11-26,0.0,
2006-11-27,0.0,
2006-11-28,0.0,
2006-11-29,0.0,
2006-11-30,,
2006-12-01,,
2006-12-02,,
2006-12-03,,
2006-12-04,,
2006-12-05,,
2006-12-06,,
2006-12-07,,
2006-12-08,,
2006-12-09,,
2006-12-10,,
2006-12-11,,
2006-12-12,,
2006-12-13,,
2006-12-14,,
2006-12-15,,
2006-12-16,,
2006-12-17,,
2006-12-18,,
2006-12-19,,
2006-12-20,,
2006-12-21,,
2006-12-22,,
2006-12-23,,
2006-12-24,,
2006-12-25,,
2006-12-26,,
2006-12-27,,
2006-12-28,,
2006-12-29,,
2006-12-30,,
2006-12-31,,
2007-01-01,,
2007-01-02,,
2007-01-03,,
2007-01-04,,
2007-01-05,10.49,
2007-01-06,10.49,
2007-01-07,10.49,
2007-01-08,10.49,
2007-01-09,10.49,
2007-01-10,10.49,
2007-01-11,10.49,
2007-01-12,10.49,
2007-01-13,10.49,
2007-01-14,10.49,
2007-01-15,10.49,
2007-01-16,10.49,
2007-01-17,10.49,
2007-01-18,10.49,
2007-01-19,10.49,
2007-01-20,10.49,
2007-01-21,10.49,
2007-01-22,10.49,
2007-01-23,10.49,
2007-01-24,10.49,
2007-01-25,10.49,
2007-01-26,10.49,
2007-01-27,10.49,
2007-01-28,10.49,
2007-01-29,10.49,
2007-01-30,10.49,
2007-01-31,10.49,
2007-02-01,10.49,
2007-02-02,10.795,
2007-02-03,10.795,
2007-02-04,10.795,
2007-02-05,11.1,
2007-02-06,11.1,
2007-02-07,11.1,
2007-02-08,11.1,
2007-02-09,11.1,
2007-02-10,11.405,
2007-02-11,16.281,
2007-02-12,19.025,
2007-02-13,19.939,
2007-02-14,20.244,
2007-02-15,20.853,
2007-02-16,21.463,
2007-02-17,21.768,
2007-02-18,22.073,
2007-02-19,22.073,
2007-02-20,22.682,
2007-02-21,22.987,
2007-02-22,23.292,
2007-02-23,24.206,
2007-02-24,25.425,
2007-02-25,26.34,
2007-02-26,29.083,
2007-02-27,35.56,
2007-02-28,37.313,
2007-03-01,37.313,
2007-03-02,37.313,
2007-03-03,37.313,
2007-03-04,37.313,
2007-03-05,37.313,
2007-03-06,37.313,
2007-03-07,37.313,
2007-03-08,37.313,
2007-03-09,37.313,
2007-03-10,37.313,
2007-03-11,37.313,
2007-03-12,37.313,
2007-03-13,37.313,
2007-03-14,37.313,
2007-03-15,37.313,
2007-03-16,37.313,
2007-03-17,37.313,
2007-03-18,37.313,
2007-03-19,37.313,
2007-03-20,37.008,
2007-03-21,37.008,
2007-03-22,37.008,
2007-03-23,37.008,
2007-03-24,36.703,
2007-03-25,36.398,
2007-03-26,34.874,
2007-03-27,33.96,
2007-03-28,33.96,
2007-03-29,33.96,
2007-03-30,33.96,
2007-03-31,33.96,
2007-04-01,33.35,
2007-04-02,31.826,
2007-04-03,29.388,
2007-04-04,26.949,
2007-04-05,25.425,
2007-04-06,24.206,
2007-04-07,22.682,
2007-04-08,20.853,
2007-04-09,18.72,
2007-04-10,16.586,
2007-04-11,13.843,
2007-04-12,13.233,
2007-04-13,13.233,
2007-04-14,12.014,
2007-04-15,11.709,
2007-04-16,11.709,
2007-04-17,10.185,
2007-04-18,7.137,
2007-04-19,6.223,
2007-04-20,6.223,
2007-04-21,6.223,
2007-04-22,6.223,
2007-04-23,6.223,
2007-04-24,6.223,
2007-04-25,6.223,
2007-04-26,6.223,
2007-04-27,5.004,
2007-04-28,4.699,
2007-04-29,4.699,
2007-04-30,4.699,
2007-05-01,4.394,
2007-05-02,0.0,
2007-05-03,0.0,
2007-05-04,0.0,
2007-05-05,0.0,
2007-05-06,0.0,
2007-05-07,0.0,
2007-05-08,0.0,
2007-05-09,0.0,
2007-05-10,0.0,
2007-05-11,0.0,
2007-05-12,0.0,
2007-05-13,0.0,
2007-05-14,0.0,
2007-05-15,0.0,
2007-05-16,0.0,
2007-05-17,0.0,
2007-05-18,0.0,
2007-05-19,0.0,
2007-05-20,0.0,
2007-05-21,0.0,
2007-05-22,0.0,
2007-05-23,0.0,
2007-05-24,0.0,
2007-05-25,0.0,
2007-05-26,0.0,
2007-05-27,0.0,
2007-05-28,0.0,
2007-05-29,0.0,
2007-05-30,0.0,
2007-05-31,0.0,
2007-06-01,0.0,
2007-06-02,0.0,
2007-06-03,0.0,
2007-06-04,0.0,
2007-06-05,0.0,
2007-06-06,0.0,
2007-06-07,0.0,
2007-06-08,0.0,
2007-06-09,0.0,
2007-06-10,0.0,
2007-06-11,0.0,
2007-06-12,0.0,
2007-06-13,0.0,
2007-06-14,0.0,
2007-06-15,0.0,
2007-06-16,0.0,
2007-06-17,0.0,
2007-06-18,0.0,
2007-06-19,0.0,
2007-06-20,0.0,
2007-06-21,0.0,
2007-06-22,0.0,
2007-06-23,0.0,
2007-06-24,0.0,
2007-06-25,0.0,
2007-06-26,0.0,
2007-06-27,0.0,
2007-06-28,0.0,
2007-06-29,0.0,
2007-06-30,0.0,
2007-07-01,0.0,
2007-07-02,0.0,
2007-07-03,0.0,
2007-07-04,0.0,
2007-07-05,0.0,
2007-07-06,0.0,
2007-07-07,0.0,
2007-07-08,0.0,
2007-07-09,0.0,
2007-07-10,0.0,
2007-07-11,0.0,
2007-07-12,0.0,
2007-07-13,0.0,
2007-07-14,0.0,
2007-07-15,0.0,
2007-07-16,0.0,
2007-07-17,0.0,
2007-07-18,0.0,
2007-07-19,0.0,
2007-07-20,0.0,
2007-07-21,0.0,
2007-07-22,0.0,
2007-07-23,0.0,
2007-07-24,0.0,
2007-07-25,0.0,
2007-07-26,0.0,
2007-07-27,0.0,
2007-07-28,0.0,
2007-07-29,0.0,
2007-07-30,0.0,
2007-07-31,0.0,
2007-08-01,0.0,
2007-08-02,0.0,
2007-08-03,0.0,
2007-08-04,0.0,
2007-08-05,0.0,
2007-08-06,0.0,
2007-08-07,0.0,
2007-08-08,0.0,
2007-08-09,0.0,
2007-08-10,0.0,
2007-08-11,0.0,
2007-08-12,0.0,
2007-08-13,0.0,
2007-08-14,0.0,
2007-08-15,0.0,
2007-08-16,0.0,
2007-08-17,0.0,
2007-08-18,0.0,
2007-08-19,0.0,
2007-08-20,0.0,
2007-08-21,0.0,
2007-08-22,0.0,
2007-08-23,0.0,
2007-08-24,0.0,
2007-08-25,0.0,
2007-08-26,0.0,
2007-08-27,0.0,
2007-08-28,0.0,
2007-08-29,0.0,
2007-08-30,0.0,
2007-08-31,0.0,
2007-09-01,0.0,
2007-09-02,0.0,
2007-09-03,0.0,
2007-09-04,0.0,
2007-09-05,0.0,
2007-09-06,0.0,
2007-09-07,0.0,
2007-09-08,0.0,
2007-09-09,0.0,
2007-09-10,0.0,
2007-09-11,0.0,
2007-09-12,0.0,
2007-09-13,0.0,
2007-09-14,0.0,
2007-09-15,0.0,
2007-09-16,0.0,
2007-09-17,0.0,
2007-09-18,0.0,
2007-09-19,0.0,
2007-09-20,0.0,
2007-09-21,0.0,
2007-09-22,0.0,
2007-09-23,0.0,
2007-09-24,0.0,
2007-09-25,0.0,
2007-09-26,0.0,
2007-09-27,0.0,
2007-09-28,0.0,
2007-09-29,0.0,
2007-09-30,0.0,
2007-10-01,0.0,
2007-10-02,0.0,
2007-10-03,0.0,
2007-10-04,0.0,
2007-10-05,0.0,
2007-10-06,0.0,
2007-10-07,0.0,
2007-10-08,0.0,
2007-10-09,0.0,
2007-10-10,0.0,
2007-10-11,0.0,
2007-10-12,0.0,
2007-10-13,0.0,
2007-10-14,0.0,
2007-10-15,0.0,
2007-10-16,0.0,
2007-10-17,0.0,
2007-10-18,0.0,
2007-10-19,0.0,
2007-10-20,0.0,
2007-10-21,0.0,
2007-10-22,0.0,
2007-10-23,0.0,
2007-10-24,0.0,
2007-10-25,0.0,
2007-10-26,0.0,
2007-10-27,0.0,
2007-10-28,0.0,
2007-10-29,0.0,
2007-10-30,0.0,
2007-10-31,0.0,
2007-11-01,0.0,
2007-11-02,0.0,
2007-11-03,0.0,
2007-11-04,0.0,
2007-11-05,0.0,
2007-11-06,0.0,
2007-11-07,0.0,
2007-11-08,0.0,
2007-11-09,0.0,
2007-11-10,0.0,
2007-11-11,0.0,
2007-11-12,0.0,
2007-11-13,0.0,
2007-11-14,0.0,
2007-11-15,0.0,
2007-11-16,0.0,
2007-11-17,0.0,
2007-11-18,0.0,
2007-11-19,0.0,
2007-11-20,0.0,
2007-11-21,0.0,
2007-11-22,0.0,
2007-11-23,0.0,
2007-11-24,0.0,
2007-11-25,0.0,
2007-11-26,0.0,
2007-11-27,0.0,
2007-11-28,0.0,
2007-11-29,0.0,
2007-11-30,0.0,
2007-12-01,0.0,
2007-12-02,0.0,
2007-12-03,0.0,
2007-12-04,0.0,
2007-12-05,0.0,
2007-12-06,3.81,
2007-12-07,3.81,
2007-12-08,3.81,
2007-12-09,3.81,
2007-12-10,3.81,
2007-12-11,3.81,
2007-12-12,3.81,
2007-12-13,3.81,
2007-12-14,3.81,
2007-12-15,3.81,
2007-12-16,3.81,
2007-12-17,3.81,
2007-12-18,3.81,
2007-12-19,6.858,
2007-12-20,6.858,
2007-12-21,6.858,
2007-12-22,7.468,
2007-12-23,8.077,
2007-12-24,8.382,
2007-12-25,8.382,
2007-12-26,8.382,
2007-12-27,8.382,
2007-12-28,8.382,
2007-12-29,8.382,
2007-12-30,8.382,
2007-12-31,8.687,
2008-01-01,8.992,
2008-01-02,8.992,
2008-01-03,8.992,
2008-01-04,8.992,
2008-01-05,17.526,
2008-01-06,21.793,
2008-01-07,23.317,
2008-01-08,23.927,
2008-01-09,25.451,
2008-01-10,26.06,
2008-01-11,26.67,
2008-01-12,26.67,
2008-01-13,26.67,
2008-01-14,26.975,
2008-01-15,26.975,
2008-01-16,27.28,
2008-01-17,27.28,
2008-01-18,27.28,
2008-01-19,27.28,
2008-01-20,27.28,
2008-01-21,27.28,
2008-01-22,27.28,
2008-01-23,27.28,
2008-01-24,27.584,
2008-01-25,29.108,
2008-01-26,30.023,
2008-01-27,30.632,
2008-01-28,36.424,
2008-01-29,38.862,
2008-01-30,39.776,
2008-01-31,40.081,
2008-02-01,41.605,
2008-02-02,42.52,
2008-02-03,44.348,
2008-02-04,48.006,
2008-02-05,48.616,
2008-02-06,48.92,
2008-02-07,49.225,
2008-02-08,49.53,
2008-02-09,49.835,
2008-02-10,49.835,
2008-02-11,49.835,
2008-02-12,49.835,
2008-02-13,49.835,
2008-02-14,49.835,
2008-02-15,49.835,
2008-02-16,49.835,
2008-02-17,49.835,
2008-02-18,49.835,
2008-02-19,49.835,
2008-02-20,52.578,
2008-02-21,53.797,
2008-02-22,58.064,
2008-02-23,62.027,
2008-02-24,66.294,
2008-02-25,71.476,
2008-02-26,73.304,
2008-02-27,74.219,
2008-02-28,74.219,
2008-02-29,74.219,
2008-03-01,74.524,
2008-03-02,74.524,
2008-03-03,74.524,
2008-03-04,74.828,
2008-03-05,74.828,
2008-03-06,74.828,
2008-03-07,74.828,
2008-03-08,74.828,
2008-03-09,74.828,
2008-03-10,74.828,
2008-03-11,75.133,
2008-03-12,75.133,
2008-03-13,75.133,
2008-03-14,75.133,
2008-03-15,74.828,
2008-03-16,74.828,
2008-03-17,74.524,
2008-03-18,74.828,
2008-03-19,75.133,
2008-03-20,75.133,
2008-03-21,74.828,
2008-03-22,74.828,
2008-03-23,74.828,
2008-03-24,73.914,
2008-03-25,72.39,
2008-03-26,71.476,
2008-03-27,70.866,
2008-03-28,69.647,
2008-03-29,68.123,
2008-03-30,67.513,
2008-03-31,67.208,
2008-04-01,67.208,
2008-04-02,67.208,
2008-04-03,67.208,
2008-04-04,67.208,
2008-04-05,66.904,
2008-04-06,65.684,
2008-04-07,64.465,
2008-04-08,62.941,
2008-04-09,61.112,
2008-04-10,60.198,
2008-04-11,60.198,
2008-04-12,59.284,
2008-04-13,57.15,
2008-04-14,54.712,
2008-04-15,51.968,
2008-04-16,49.835,
2008-04-17,47.396,
2008-04-18,45.263,
2008-04-19,43.129,
2008-04-20,41.3,
2008-04-21,38.862,
2008-04-22,36.424,
2008-04-23,35.814,
2008-04-24,35.814,
2008-04-25,33.985,
2008-04-26,32.766,
2008-04-27,30.328,
2008-04-28,27.584,
2008-04-29,24.841,
2008-04-30,21.793,
2008-05-01,19.66,
2008-05-02,16.916,
2008-05-03,13.868,
2008-05-04,11.43,
2008-05-05,9.906,
2008-05-06,7.163,
2008-05-07,5.334,
2008-05-08,3.505,
2008-05-09,2.896,
2008-05-10,1.778,
2008-05-11,0.508,
2008-05-12,0.0,
2008-05-13,0.0,
2008-05-14,0.0,
2008-05-15,0.0,
2008-05-16,0.0,
2008-05-17,0.0,
2008-05-18,0.0,
2008-05-19,0.0,
2008-05-20,0.0,
2008-05-21,0.0,
2008-05-22,0.0,
2008-05-23,0.0,
2008-05-24,0.0,
2008-05-25,0.0,
2008-05-26,0.0,
2008-05-27,0.0,
2008-05-28,0.0,
2008-05-29,0.0,
2008-05-30,0.0,
2008-05-31,0.0,
2008-06-01,0.0,
2008-06-02,0.0,
2008-06-03,0.0,
2008-06-04,0.0,
2008-06-05,0.0,
2008-06-06,0.0,
2008-06-07,0.0,
2008-06-08,0.0,
2008-06-09,0.0,
2008-06-10,0.0,
2008-06-11,0.0,
2008-06-12,0.0,
2008-06-13,0.0,
2008-06-14,0.0,
2008-06-15,0.0,
2008-06-16,0.0,
2008-06-17,0.0,
2008-06-18,0.0,
2008-06-19,0.0,
2008-06-20,0.0,
2008-06-21,0.0,
2008-06-22,0.0,
2008-06-23,0.0,
2008-06-24,0.0,
2008-06-25,0.0,
2008-06-26,0.0,
2008-06-27,0.0,
2008-06-28,0.0,
2008-06-29,0.0,
2008-06-30,0.0,
2008-07-01,0.0,
2008-07-02,0.0,
2008-07-03,0.0,
2008-07-04,0.0,
2008-07-05,0.0,
2008-07-06,0.0,
2008-07-07,0.0,
2008-07-08,0.0,
2008-07-09,0.0,
2008-07-10,0.0,
2008-07-11,0.0,
2008-07-12,0.0,
2008-07-13,0.0,
2008-07-14,0.0,
2008-07-15,0.0,
2008-07-16,0.0,
2008-07-17,0.0,
2008-07-18,0.0,
2008-07-19,0.0,
2008-07-20,0.0,
2008-07-21,0.0,
2008-07-22,0.0,
2008-07-23,0.0,
2008-07-24,0.0,
2008-07-25,0.0,
2008-07-26,0.0,
2008-07-27,0.0,
2008-07-28,0.0,
2008-07-29,0.0,
2008-07-30,0.0,
2008-07-31,0.0,
2008-08-01,0.0,
2008-08-02,0.0,
2008-08-03,0.0,
2008-08-04,0.0,
2008-08-05,0.0,
2008-08-06,0.0,
2008-08-07,0.0,
2008-08-08,0.0,
2008-08-09,0.0,
2008-08-10,0.0,
2008-08-11,0.0,
2008-08-12,0.0,
2008-08-13,0.0,
2008-08-14,0.0,
2008-08-15,0.0,
2008-08-16,0.0,
2008-08-17,0.0,
2008-08-18,0.0,
2008-08-19,0.0,
2008-08-20,0.0,
2008-08-21,0.0,
2008-08-22,0.0,
2008-08-23,0.0,
2008-08-24,0.0,
2008-08-25,0.0,
2008-08-26,0.0,
2008-08-27,0.0,
2008-08-28,0.0,
2008-08-29,0.0,
2008-08-30,0.0,
2008-08-31,0.0,
2008-09-01,0.0,
2008-09-02,0.0,
2008-09-03,0.0,
2008-09-04,0.0,
2008-09-05,0.0,
2008-09-06,0.0,
2008-09-07,0.0,
2008-09-08,0.0,
2008-09-09,0.0,
2008-09-10,0.0,
2008-09-11,0.0,
2008-09-12,0.0,
2008-09-13,0.0,
2008-09-14,0.0,
2008-09-15,0.0,
2008-09-16,0.0,
2008-09-17,0.0,
2008-09-18,0.0,
2008-09-19,0.0,
2008-09-20,0.0,
2008-09-21,0.0,
2008-09-22,0.0,
2008-09-23,0.0,
2008-09-24,0.0,
2008-09-25,0.0,
2008-09-26,0.0,
2008-09-27,0.0,
2008-09-28,0.0,
2008-09-29,0.0,
2008-09-30,0.0,
2008-10-01,0.0,
2008-10-02,0.0,
2008-10-03,0.0,
2008-10-04,0.0,
2008-10-05,0.0,
2008-10-06,0.0,
2008-10-07,0.0,
2008-10-08,0.0,
2008-10-09,0.0,
2008-10-10,0.0,
2008-10-11,0.0,
2008-10-12,0.0,
2008-10-13,0.0,
2008-10-14,0.0,
2008-10-15,0.0,
2008-10-16,0.0,
2008-10-17,0.0,
2008-10-18,0.0,
2008-10-19,0.0,
2008-10-20,0.0,
2008-10-21,0.0,
2008-10-22,0.0,
2008-10-23,0.0,
2008-10-24,0.0,
2008-10-25,0.0,
2008-10-26,0.0,
2008-10-27,0.0,
2008-10-28,0.0,
2008-10-29,0.0,
2008-10-30,0.0,
2008-10-31,0.0,
2008-11-01,0.0,
2008-11-02,0.0,
2008-11-03,0.0,
2008-11-04,0.0,
2008-11-05,0.0,
2008-11-06,0.0,
2008-11-07,0.0,
2008-11-08,0.0,
2008-11-09,0.0,
2008-11-10,0.0,
2008-11-11,0.0,
2008-11-12,0.0,
2008-11-13,0.0,
2008-11-14,0.0,
2008-11-15,0.0,
2008-11-16,0.0,
2008-11-17,0.0,
2008-11-18,0.0,
2008-11-19,0.0,
2008-11-20,0.0,
2008-11-21,0.0,
2008-11-22,0.0,
2008-11-23,0.0,
2008-11-24,0.0,
2008-11-25,0.0,
2008-11-26,0.0,
2008-11-27,0.0,
2008-11-28,0.0,
2008-11-29,0.0,
2008-11-30,0.0,
2008-12-01,0.0,
2008-12-02,0.0,
2008-12-03,0.0,
2008-12-04,,
2008-12-05,,
2008-12-06,,
2008-12-07,,
2008-12-08,,
2008-12-09,,
2008-12-10,,
2008-12-11,,
2008-12-12,,
2008-12-13,,
2008-12-14,,
2008-12-15,,
2008-12-16,,
2008-12-17,,
2008-12-18,,
2008-12-19,,
2008-12-20,,
2008-12-21,,
2008-12-22,,
2008-12-23,,
2008-12-24,,
2008-12-25,,
2008-12-26,,
2008-12-27,,
2008-12-28,,
2008-12-29,,
2008-12-30,,
2008-12-31,,
2009-01-01,,
2009-01-02,,
2009-01-03,,
2009-01-04,,
2009-01-05,,
2009-01-06,,
2009-01-07,,
2009-01-08,,
2009-01-09,,
2009-01-10,,
2009-01-11,,
2009-01-12,,
2009-01-13,,
2009-01-14,,
2009-01-15,,
2009-01-16,,
2009-01-17,,
2009-01-18,,
2009-01-19,,
2009-01-20,,
2009-01-21,,
2009-01-22,,
2009-01-23,,
2009-01-24,,
2009-01-25,,
2009-01-26,,
2009-01-27,,
2009-01-28,26.365,
2009-01-29,26.67,
2009-01-30,26.975,
2009-01-31,26.975,
2009-02-01,26.975,
2009-02-02,27.28,
2009-02-03,27.28,
2009-02-04,27.28,
2009-02-05,27.28,
2009-02-06,27.28,
2009-02-07,27.889,
2009-02-08,28.499,
2009-02-09,29.413,
2009-02-10,30.632,
2009-02-11,31.242,
2009-02-12,31.852,
2009-02-13,32.156,
2009-02-14,32.766,
2009-02-15,33.376,
2009-02-16,33.376,
2009-02-17,35.814,
2009-02-18,38.252,
2009-02-19,38.862,
2009-02-20,39.472,
2009-02-21,39.776,
2009-02-22,39.776,
2009-02-23,41.3,
2009-02-24,43.434,
2009-02-25,43.739,
2009-02-26,44.044,
2009-02-27,44.044,
2009-02-28,44.348,
2009-03-01,44.348,
2009-03-02,44.653,
2009-03-03,45.568,
2009-03-04,46.787,
2009-03-05,50.14,
2009-03-06,51.054,
2009-03-07,51.359,
2009-03-08,51.664,
2009-03-09,51.968,
2009-03-10,51.968,
2009-03-11,51.968,
2009-03-12,51.968,
2009-03-13,52.273,
2009-03-14,52.273,
2009-03-15,52.273,
2009-03-16,52.273,
2009-03-17,52.273,
2009-03-18,52.273,
2009-03-19,52.578,
2009-03-20,52.578,
2009-03-21,52.578,
2009-03-22,52.273,
2009-03-23,52.273,
2009-03-24,52.273,
2009-03-25,52.273,
2009-03-26,52.273,
2009-03-27,52.578,
2009-03-28,52.578,
2009-03-29,52.578,
2009-03-30,52.273,
2009-03-31,,
2009-04-01,,
2009-04-02,,
2009-04-03,,
2009-04-04,,
2009-04-05,,
2009-04-06,,
2009-04-07,,
2009-04-08,,
2009-04-09,,
2009-04-10,,
2009-04-11,,
2009-04-12,,
2009-04-13,,
2009-04-14,,
2009-04-15,,
2009-04-16,,
2009-04-17,,
2009-04-18,,
2009-04-19,,
2009-04-20,,
2009-04-21,,
2009-04-22,,
2009-04-23,,
2009-04-24,,
2009-04-25,,
2009-04-26,,
2009-04-27,,
2009-04-28,,
2009-04-29,,
2009-04-30,,
2009-05-01,,
2009-05-02,,
2009-05-03,,
2009-05-04,,
2009-05-05,,
2009-05-06,,
2009-05-07,,
2009-05-08,,
2009-05-09,,
2009-05-10,,
2009-05-11,,
2009-05-12,,
2009-05-13,,
2009-05-14,,
2009-05-15,,
2009-05-16,,
2009-05-17,,
2009-05-18,,
2009-05-19,,
2009-05-20,,
2009-05-21,,
2009-05-22,,
2009-05-23,,
2009-05-24,,
2009-05-25,,
2009-05-26,,
2009-05-27,,
2009-05-28,,
2009-05-29,,
2009-05-30,,
2009-05-31,,
2009-06-01,,
2009-06-02,,
2009-06-03,,
2009-06-04,,
2009-06-05,,
2009-06-06,,
2009-06-07,,
2009-06-08,,
2009-06-09,,
2009-06-10,,
2009-06-11,,
2009-06-12,,
2009-06-13,,
2009-06-14,,
2009-06-15,,
2009-06-16,,
2009-06-17,,
2009-06-18,,
2009-06-19,,
2009-06-20,,
2009-06-21,,
2009-06-22,,
2009-06-23,,
2009-06-24,,
2009-06-25,,
2009-06-26,,
2009-06-27,,
2009-06-28,,
2009-06-29,,
2009-06-30,,
2009-07-01,,
2009-07-02,,
2009-07-03,,
2009-07-04,,
2009-07-05,,
2009-07-06,,
2009-07-07,,
2009-07-08,,
2009-07-09,,
2009-07-10,,
2009-07-11,,
2009-07-12,,
2009-07-13,,
2009-07-14,,
2009-07-15,,
2009-07-16,,
2009-07-17,,
2009-07-18,,
2009-07-19,,
2009-07-20,,
2009-07-21,,
2009-07-22,,
2009-07-23,,
2009-07-24,,
2009-07-25,,
2009-07-26,,
2009-07-27,,
2009-07-28,,
2009-07-29,,
2009-07-30,,
2009-07-31,,
2009-08-01,,
2009-08-02,,
2009-08-03,,
2009-08-04,,
2009-08-05,,
2009-08-06,,
2009-08-07,,
2009-08-08,,
2009-08-09,,
2009-08-10,,
2009-08-11,,
2009-08-12,,
2009-08-13,,
2009-08-14,,
2009-08-15,,
2009-08-16,,
2009-08-17,,
2009-08-18,,
2009-08-19,,
2009-08-20,,
2009-08-21,,
2009-08-22,,
2009-08-23,,
2009-08-24,,
2009-08-25,,
2009-08-26,,
2009-08-27,,
2009-08-28,,
2009-08-29,,
2009-08-30,,
2009-08-31,,
2009-09-01,,
2009-09-02,,
2009-09-03,,
2009-09-04,,
2009-09-05,,
2009-09-06,,
2009-09-07,,
2009-09-08,,
2009-09-09,,
2009-09-10,,
2009-09-11,,
2009-09-12,,
2009-09-13,,
2009-09-14,,
2009-09-15,,
2009-09-16,,
2009-09-17,,
2009-09-18,,
2009-09-19,,
2009-09-20,,
2009-09-21,,
2009-09-22,,
2009-09-23,,
2009-09-24,,
2009-09-25,,
2009-09-26,,
2009-09-27,,
2009-09-28,,
2009-09-29,,
2009-09-30,,
2009-10-01,0.0,
2009-10-02,0.0,
2009-10-03,0.0,
2009-10-04,0.0,
2009-10-05,0.0,
2009-10-06,0.0,
2009-10-07,0.0,
2009-10-08,0.0,
2009-10-09,0.0,
2009-10-10,0.0,
2009-10-11,0.0,
2009-10-12,0.0,
2009-10-13,0.457,
2009-10-14,4.724,
2009-10-15,5.334,
2009-10-16,5.334,
2009-10-17,5.334,
2009-10-18,5.334,
2009-10-19,4.724,
2009-10-20,4.115,
2009-10-21,4.42,
2009-10-22,4.42,
2009-10-23,4.115,
2009-10-24,4.115,
2009-10-25,4.115,
2009-10-26,3.81,
2009-10-27,3.81,
2009-10-28,3.505,
2009-10-29,3.2,
2009-10-30,2.286,
2009-10-31,2.286,
2009-11-01,1.524,
2009-11-02,1.524,
2009-11-03,1.524,
2009-11-04,1.524,
2009-11-05,1.524,
2009-11-06,1.524,
2009-11-07,1.524,
2009-11-08,1.524,
2009-11-09,1.219,
2009-11-10,1.524,
2009-11-11,1.524,
2009-11-12,1.219,
2009-11-13,1.219,
2009-11-14,1.219,
2009-11-15,1.219,
2009-11-16,1.219,
2009-11-17,1.219,
2009-11-18,1.219,
2009-11-19,1.219,
2009-11-20,1.219,
2009-11-21,1.219,
2009-11-22,1.219,
2009-11-23,1.219,
2009-11-24,1.219,
2009-11-25,1.219,
2009-11-26,1.219,
2009-11-27,1.219,
2009-11-28,1.219,
2009-11-29,1.219,
2009-11-30,1.219,
2009-12-01,1.219,
2009-12-02,1.219,
2009-12-03,1.219,
2009-12-04,1.219,
2009-12-05,1.219,
2009-12-06,1.219,
2009-12-07,1.219,
2009-12-08,1.219,
2009-12-09,0.914,
2009-12-10,1.219,
2009-12-11,1.219,
2009-12-12,1.524,
2009-12-13,7.62,
2009-12-14,9.754,
2009-12-15,10.058,
2009-12-16,10.363,
2009-12-17,10.668,
2009-12-18,10.668,
2009-12-19,10.973,
2009-12-20,10.973,
2009-12-21,10.973,
2009-12-22,11.582,
2009-12-23,11.887,
2009-12-24,12.497,
2009-12-25,12.802,
2009-12-26,13.106,
2009-12-27,13.106,
2009-12-28,13.106,
2009-12-29,13.106,
2009-12-30,13.716,
2009-12-31,14.63,
2010-01-01,15.24,
2010-01-02,15.24,
2010-01-03,15.24,
2010-01-04,15.545,
2010-01-05,15.545,
2010-01-06,15.545,
2010-01-07,15.85,
2010-01-08,15.85,
2010-01-09,15.85,
2010-01-10,15.85,
2010-01-11,15.85,
2010-01-12,15.85,
2010-01-13,16.154,
2010-01-14,17.983,
2010-01-15,18.288,
2010-01-16,18.593,
2010-01-17,18.593,
2010-01-18,18.593,
2010-01-19,23.47,
2010-01-20,25.298,
2010-01-21,30.48,
2010-01-22,36.271,
2010-01-23,38.405,
2010-01-24,38.71,
2010-01-25,39.319,
2010-01-26,39.929,
2010-01-27,40.234,
2010-01-28,40.538,
2010-01-29,40.538,
2010-01-30,40.538,
2010-01-31,40.538,
2010-02-01,40.538,
2010-02-02,40.843,
2010-02-03,40.843,
2010-02-04,40.843,
2010-02-05,40.843,
2010-02-06,43.282,
2010-02-07,44.501,
2010-02-08,45.11,
2010-02-09,45.415,
2010-02-10,45.72,
2010-02-11,46.025,
2010-02-12,46.33,
2010-02-13,46.634,
2010-02-14,46.939,
2010-02-15,46.939,
2010-02-16,47.854,
2010-02-17,48.768,
2010-02-18,49.073,
2010-02-19,49.073,
2010-02-20,49.073,
2010-02-21,49.073,
2010-02-22,49.987,
2010-02-23,50.292,
2010-02-24,51.816,
2010-02-25,56.693,
2010-02-26,56.998,
2010-02-27,59.741,
2010-02-28,60.96,
2010-03-01,61.265,
2010-03-02,61.265,
2010-03-03,61.265,
2010-03-04,62.484,
2010-03-05,63.398,
2010-03-06,63.398,
2010-03-07,63.703,
2010-03-08,64.008,
2010-03-09,64.313,
2010-03-10,64.922,
2010-03-11,65.227,
2010-03-12,65.532,
2010-03-13,67.666,
2010-03-14,69.19,
2010-03-15,69.799,
2010-03-16,70.104,
2010-03-17,70.104,
2010-03-18,70.104,
2010-03-19,70.104,
2010-03-20,70.104,
2010-03-21,70.104,
2010-03-22,70.104,
2010-03-23,70.104,
2010-03-24,70.104,
2010-03-25,70.104,
2010-03-26,70.104,
2010-03-27,70.104,
2010-03-28,70.104,
2010-03-29,70.104,
2010-03-30,69.799,
2010-03-31,69.494,
2010-04-01,69.494,
2010-04-02,69.494,
2010-04-03,69.494,
2010-04-04,69.494,
2010-04-05,69.494,
2010-04-06,70.714,
2010-04-07,71.018,
2010-04-08,71.323,
2010-04-09,71.323,
2010-04-10,71.323,
2010-04-11,71.323,
2010-04-12,71.323,
2010-04-13,72.847,
2010-04-14,73.762,
2010-04-15,74.066,
2010-04-16,74.066,
2010-04-17,74.066,
2010-04-18,74.066,
2010-04-19,74.066,
2010-04-20,74.066,
2010-04-21,74.066,
2010-04-22,74.066,
2010-04-23,74.066,
2010-04-24,74.371,
2010-04-25,74.371,
2010-04-26,74.371,
2010-04-27,74.371,
2010-04-28,74.371,
2010-04-29,74.371,
2010-04-30,74.371,
2010-05-01,74.371,
2010-05-02,74.371,
2010-05-03,74.371,
2010-05-04,74.371,
2010-05-05,74.371,
2010-05-06,74.066,
2010-05-07,73.152,
2010-05-08,71.933,
2010-05-09,70.409,
2010-05-10,68.58,
2010-05-11,68.275,
2010-05-12,68.275,
2010-05-13,68.275,
2010-05-14,68.58,
2010-05-15,67.97,
2010-05-16,66.751,
2010-05-17,64.313,
2010-05-18,63.094,
2010-05-19,62.484,
2010-05-20,61.265,
2010-05-21,58.826,
2010-05-22,56.693,
2010-05-23,54.559,
2010-05-24,54.254,
2010-05-25,53.95,
2010-05-26,53.035,
2010-05-27,52.73,
2010-05-28,51.511,
2010-05-29,51.206,
2010-05-30,50.292,
2010-05-31,48.768,
2010-06-01,46.025,
2010-06-02,42.977,
2010-06-03,39.624,
2010-06-04,35.966,
2010-06-05,32.309,
2010-06-06,27.432,
2010-06-07,21.641,
2010-06-08,14.63,
2010-06-09,10.973,
2010-06-10,7.01,
2010-06-11,4.267,
2010-06-12,3.556,
2010-06-13,3.048,
2010-06-14,2.134,
2010-06-15,1.524,
2010-06-16,1.219,
2010-06-17,0.0,
2010-06-18,0.0,
2010-06-19,0.0,
2010-06-20,0.0,
2010-06-21,0.0,
2010-06-22,0.0,
2010-06-23,0.0,
2010-06-24,0.0,
2010-06-25,0.0,
2010-06-26,0.0,
2010-06-27,0.0,
2010-06-28,0.0,
2010-06-29,0.0,
2010-06-30,0.0,
2010-07-01,0.0,
2010-07-02,0.0,
2010-07-03,0.0,
2010-07-04,0.0,
2010-07-05,0.0,
2010-07-06,0.0,
2010-07-07,0.0,
2010-07-08,0.0,
2010-07-09,0.0,
2010-07-10,0.0,
2010-07-11,0.0,
2010-07-12,0.0,
2010-07-13,0.0,
2010-07-14,0.0,
2010-07-15,0.0,
2010-07-16,0.0,
2010-07-17,0.0,
2010-07-18,0.0,
2010-07-19,0.0,
2010-07-20,0.0,
2010-07-21,0.0,
2010-07-22,0.0,
2010-07-23,0.0,
2010-07-24,0.0,
2010-07-25,0.0,
2010-07-26,0.0,
2010-07-27,0.0,
2010-07-28,0.0,
2010-07-29,0.0,
2010-07-30,0.0,
2010-07-31,0.0,
2010-08-01,0.0,
2010-08-02,0.0,
2010-08-03,0.0,
2010-08-04,0.0,
2010-08-05,0.0,
2010-08-06,0.0,
2010-08-07,0.0,
2010-08-08,0.0,
2010-08-09,0.0,
2010-08-10,0.0,
2010-08-11,0.0,
2010-08-12,0.0,
2010-08-13,0.0,
2010-08-14,0.0,
2010-08-15,0.0,
2010-08-16,0.0,
2010-08-17,0.0,
2010-08-18,0.0,
2010-08-19,0.0,
2010-08-20,0.0,
2010-08-21,0.0,
2010-08-22,0.0,
2010-08-23,0.0,
2010-08-24,0.0,
2010-08-25,0.0,
2010-08-26,0.0,
2010-08-27,0.0,
2010-08-28,0.0,
2010-08-29,0.0,
2010-08-30,0.0,
2010-08-31,0.0,
2010-09-01,0.0,
2010-09-02,0.0,
2010-09-03,0.0,
2010-09-04,0.0,
2010-09-05,0.0,
2010-09-06,0.0,
2010-09-07,0.0,
2010-09-08,0.0,
2010-09-09,0.0,
2010-09-10,0.0,
2010-09-11,0.0,
2010-09-12,0.0,
2010-09-13,0.0,
2010-09-14,0.0,
2010-09-15,0.0,
2010-09-16,0.0,
2010-09-17,0.0,
2010-09-18,0.0,
2010-09-19,0.0,
2010-09-20,0.0,
2010-09-21,0.0,
2010-09-22,0.0,
2010-09-23,0.0,
2010-09-24,0.0,
2010-09-25,0.0,
2010-09-26,0.0,
2010-09-27,0.0,
2010-09-28,0.0,
2010-09-29,0.0,
2010-09-30,0.0,
2010-10-01,0.0,
2010-10-02,0.0,
2010-10-03,0.0,
2010-10-04,0.0,
2010-10-05,0.0,
2010-10-06,0.0,
2010-10-07,0.0,
2010-10-08,0.0,
2010-10-09,0.0,
2010-10-10,0.0,
2010-10-11,0.0,
2010-10-12,0.0,
2010-10-13,0.0,
2010-10-14,0.0,
2010-10-15,0.0,
2010-10-16,0.0,
2010-10-17,0.0,
2010-10-18,0.0,
2010-10-19,0.0,
2010-10-20,0.0,
2010-10-21,0.0,
2010-10-22,0.0,
2010-10-23,0.0,
2010-10-24,0.0,
2010-10-25,0.0,
2010-10-26,0.0,
2010-10-27,0.0,
2010-10-28,0.0,
2010-10-29,0.0,
2010-10-30,0.0,
2010-10-31,0.0,
2010-11-01,0.0,
2010-11-02,0.0,
2010-11-03,0.0,
2010-11-04,0.0,
2010-11-05,0.0,
2010-11-06,0.0,
2010-11-07,0.0,
2010-11-08,0.0,
2010-11-09,0.0,
2010-11-10,0.0,
2010-11-11,0.0,
2010-11-12,0.0,
2010-11-13,0.0,
2010-11-14,0.0,
2010-11-15,0.0,
2010-11-16,0.457,
2010-11-17,0.457,
2010-11-18,0.457,
2010-11-19,0.457,
2010-11-20,0.152,
2010-11-21,1.981,
2010-11-22,3.505,
2010-11-23,4.318,
2010-11-24,5.08,
2010-11-25,5.842,
2010-11-26,6.604,
2010-11-27,7.366,
2010-11-28,7.62,
2010-11-29,7.874,
2010-11-30,8.382,
2010-12-01,8.687,
2010-12-02,8.992,
2010-12-03,8.992,
2010-12-04,8.992,
2010-12-05,8.992,
2010-12-06,12.344,
2010-12-07,12.649,
2010-12-08,12.954,
2010-12-09,12.954,
2010-12-10,13.259,
2010-12-11,13.868,
2010-12-12,14.173,
2010-12-13,14.173,
2010-12-14,14.173,
2010-12-15,16.002,
2010-12-16,17.221,
2010-12-17,17.221,
2010-12-18,23.317,
2010-12-19,34.595,
2010-12-20,49.835,
2010-12-21,55.016,
2010-12-22,55.931,
2010-12-23,58.064,
2010-12-24,58.979,
2010-12-25,58.979,
2010-12-26,59.284,
2010-12-27,59.588,
2010-12-28,59.588,
2010-12-29,63.246,
2010-12-30,66.904,
2010-12-31,67.208,
2011-01-01,67.513,279.4
2011-01-02,70.256,314.96
2011-01-03,73.609,330.2
2011-01-04,74.219,314.96
2011-01-05,74.524,304.8
2011-01-06,74.828,297.18
2011-01-07,74.828,289.56
2011-01-08,75.133,284.48
2011-01-09,75.133,279.4
2011-01-10,75.133,276.86
2011-01-11,75.133,271.78
2011-01-12,75.438,279.4
2011-01-13,76.048,274.32
2011-01-14,76.048,269.24
2011-01-15,76.352,264.16
2011-01-16,76.352,259.08
2011-01-17,76.352,254.0
2011-01-18,76.352,248.92
2011-01-19,76.352,246.38
2011-01-20,76.352,243.84
2011-01-21,76.352,243.84
2011-01-22,76.657,238.76
2011-01-23,76.657,238.76
2011-01-24,76.657,236.22
2011-01-25,76.657,233.68
2011-01-26,76.657,231.14
2011-01-27,76.657,231.14
2011-01-28,76.657,228.6
2011-01-29,76.657,228.6
2011-01-30,76.657,231.14
2011-01-31,76.657,246.38
2011-02-01,77.267,241.3
2011-02-02,77.267,238.76
2011-02-03,77.267,236.22
2011-02-04,77.572,233.68
2011-02-05,77.876,228.6
2011-02-06,77.876,226.06
2011-02-07,77.876,223.52
2011-02-08,77.876,220.98
2011-02-09,78.181,220.98
2011-02-10,78.791,218.44
2011-02-11,79.4,218.44
2011-02-12,79.705,218.44
2011-02-13,79.705,215.9
2011-02-14,79.705,213.36
2011-02-15,79.705,213.36
2011-02-16,79.705,213.36
2011-02-17,81.839,246.38
2011-02-18,83.363,264.16
2011-02-19,86.411,294.64
2011-02-20,88.24,287.02
2011-02-21,88.849,276.86
2011-02-22,89.154,269.24
2011-02-23,89.154,264.16
2011-02-24,89.154,259.08
2011-02-25,89.154,279.4
2011-02-26,91.288,309.88
2011-02-27,92.507,297.18
2011-02-28,93.116,284.48
2011-03-01,93.116,276.86
2011-03-02,93.726,281.94
2011-03-03,96.469,284.48
2011-03-04,97.688,287.02
2011-03-05,97.993,276.86
2011-03-06,98.298,274.32
2011-03-07,99.212,284.48
2011-03-08,101.346,279.4
2011-03-09,102.26,271.78
2011-03-10,102.565,264.16
2011-03-11,104.089,259.08
2011-03-12,104.394,254.0
2011-03-13,104.394,251.46
2011-03-14,104.394,248.92
2011-03-15,104.394,246.38
2011-03-16,104.394,243.84
2011-03-17,104.394,256.54
2011-03-18,104.089,248.92
2011-03-19,104.089,274.32
2011-03-20,104.699,284.48
2011-03-21,109.88,358.14
2011-03-22,113.843,365.76
2011-03-23,115.367,340.36
2011-03-24,120.853,396.24
2011-03-25,125.73,408.94
2011-03-26,129.083,391.16
2011-03-27,132.131,398.78
2011-03-28,133.35,378.46
2011-03-29,133.655,360.68
2011-03-30,133.655,347.98
2011-03-31,138.532,332.74
2011-04-01,140.665,320.04
2011-04-02,140.97,309.88
2011-04-03,139.446,302.26
2011-04-04,137.008,297.18
2011-04-05,135.788,289.56
2011-04-06,134.569,284.48
2011-04-07,132.74,279.4
2011-04-08,132.436,314.96
2011-04-09,132.131,312.42
2011-04-10,132.131,299.72
2011-04-11,132.131,289.56
2011-04-12,132.131,284.48
2011-04-13,131.826,279.4
2011-04-14,131.826,281.94
2011-04-15,131.521,274.32
2011-04-16,131.521,269.24
2011-04-17,131.521,264.16
2011-04-18,131.521,259.08
2011-04-19,130.302,256.54
2011-04-20,128.778,251.46
2011-04-21,127.254,251.46
2011-04-22,126.34,251.46
2011-04-23,126.035,256.54
2011-04-24,126.035,254.0
2011-04-25,125.73,251.46
2011-04-26,125.425,248.92
2011-04-27,125.425,243.84
2011-04-28,125.425,238.76
2011-04-29,125.12,238.76
2011-04-30,124.511,233.68
2011-05-01,122.987,231.14
2011-05-02,121.463,226.06
2011-05-03,121.158,223.52
2011-05-04,119.939,218.44
2011-05-05,117.5,213.36
2011-05-06,114.757,208.28
2011-05-07,111.709,200.66
2011-05-08,108.966,195.58
2011-05-09,107.747,205.74
2011-05-10,107.442,223.52
2011-05-11,106.832,203.2
2011-05-12,106.832,195.58
2011-05-13,106.528,190.5
2011-05-14,105.308,185.42
2011-05-15,103.48,177.8
2011-05-16,103.175,203.2
2011-05-17,102.87,208.28
2011-05-18,102.87,213.36
2011-05-19,102.87,213.36
2011-05-20,102.87,208.28
2011-05-21,102.87,200.66
2011-05-22,102.87,193.04
2011-05-23,102.87,187.96
2011-05-24,102.87,182.88
2011-05-25,102.565,182.88
2011-05-26,101.956,177.8
2011-05-27,100.432,172.72
2011-05-28,98.603,165.1
2011-05-29,96.469,175.26
2011-05-30,96.164,172.72
2011-05-31,95.555,167.64
2011-06-01,94.945,162.56
2011-06-02,94.031,160.02
2011-06-03,92.812,157.48
2011-06-04,91.288,152.4
2011-06-05,90.983,157.48
2011-06-06,90.983,162.56
2011-06-07,90.983,157.48
2011-06-08,90.678,154.94
2011-06-09,89.459,149.86
2011-06-10,87.02,142.24
2011-06-11,83.972,137.16
2011-06-12,81.229,134.62
2011-06-13,78.486,121.92
2011-06-14,75.438,116.84
2011-06-15,72.39,111.76
2011-06-16,68.732,101.6
2011-06-17,65.38,96.52
2011-06-18,62.027,88.9
2011-06-19,58.979,81.28
2011-06-20,55.321,71.12
2011-06-21,51.359,60.96
2011-06-22,46.787,50.8
2011-06-23,40.691,17.78
2011-06-24,33.376,
2011-06-25,22.403,
2011-06-26,14.478,
2011-06-27,12.04,
2011-06-28,10.516,406.4
2011-06-29,8.992,
2011-06-30,8.382,401.32
2011-07-01,5.639,
2011-07-02,4.115,403.86
2011-07-03,3.505,
2011-07-04,2.591,406.4
2011-07-05,1.372,406.4
2011-07-06,0.0,
2011-07-07,0.0,393.7
2011-07-08,0.0,
2011-07-09,0.0,20.32
2011-07-10,0.0,
2011-07-11,0.0,
2011-07-12,0.0,375.92
2011-07-13,0.0,373.38
2011-07-14,0.0,76.2
2011-07-15,0.0,33.02
2011-07-16,0.0,198.12
2011-07-17,0.0,368.3
2011-07-18,0.0,370.84
2011-07-19,0.0,406.4
2011-07-20,0.0,373.38
2011-07-21,0.0,365.76
2011-07-22,0.0,373.38
2011-07-23,0.0,309.88
2011-07-24,0.0,381.0
2011-07-25,0.0,373.38
2011-07-26,0.0,373.38
2011-07-27,0.0,370.84
2011-07-28,0.0,370.84
2011-07-29,0.0,403.86
2011-07-30,0.0,373.38
2011-07-31,0.0,373.38
2011-08-01,0.0,373.38
2011-08-02,0.0,373.38
2011-08-03,0.0,373.38
2011-08-04,0.0,373.38
2011-08-05,0.0,373.38
2011-08-06,0.0,373.38
2011-08-07,0.0,373.38
2011-08-08,0.0,378.46
2011-08-09,0.0,381.0
2011-08-10,0.0,381.0
2011-08-11,0.0,381.0
2011-08-12,0.0,373.38
2011-08-13,0.0,406.4
2011-08-14,0.0,373.38
2011-08-15,0.0,373.38
2011-08-16,0.0,378.46
2011-08-17,0.0,381.0
2011-08-18,0.0,381.0
2011-08-19,0.0,373.38
2011-08-20,0.0,381.0
2011-08-21,0.0,381.0
2011-08-22,0.0,373.38
2011-08-23,0.0,373.38
2011-08-24,0.0,381.0
2011-08-25,0.0,381.0
2011-08-26,0.0,381.0
2011-08-27,0.0,391.16
2011-08-28,0.0,388.62
2011-08-29,0.0,388.62
2011-08-30,0.0,388.62
2011-08-31,0.0,391.16
2011-09-01,0.0,388.62
2011-09-02,0.0,373.38
2011-09-03,0.0,373.38
2011-09-04,0.0,373.38
2011-09-05,0.0,373.38
2011-09-06,0.0,370.84
2011-09-07,0.0,
2011-09-08,0.0,
2011-09-09,0.0,
2011-09-10,0.0,
2011-09-11,0.0,
2011-09-12,0.0,
2011-09-13,0.0,
2011-09-14,0.0,
2011-09-15,0.0,
2011-09-16,0.0,
2011-09-17,0.0,
2011-09-18,0.0,
2011-09-19,0.0,
2011-09-20,0.0,
2011-09-21,0.0,
2011-09-22,0.0,
2011-09-23,0.0,
2011-09-24,0.0,
2011-09-25,0.0,
2011-09-26,0.0,
2011-09-27,0.0,
2011-09-28,0.0,
2011-09-29,0.0,
2011-09-30,0.0,
2011-10-01,0.0,
2011-10-02,0.0,
2011-10-03,0.0,
2011-10-04,0.0,
2011-10-05,0.0,
2011-10-06,0.0,
2011-10-07,0.0,
2011-10-08,0.0,
2011-10-09,0.0,
2011-10-10,0.0,
2011-10-11,0.0,
2011-10-12,0.0,
2011-10-13,0.0,
2011-10-14,0.0,
2011-10-15,0.0,
2011-10-16,0.0,
2011-10-17,0.0,
2011-10-18,0.0,
2011-10-19,0.0,
2011-10-20,0.0,
2011-10-21,0.0,
2011-10-22,0.0,
2011-10-23,0.0,
2011-10-24,0.0,
2011-10-25,0.0,
2011-10-26,0.0,
2011-10-27,0.762,0.0
2011-10-28,0.762,0.0
2011-10-29,0.457,0.0
2011-10-30,0.457,0.0
2011-10-31,0.457,2.54
2011-11-01,0.457,2.54
2011-11-02,0.457,5.08
2011-11-03,0.457,5.08
2011-11-04,0.457,5.08
2011-11-05,0.152,
2011-11-06,0.152,
2011-11-07,0.152,10.16
2011-11-08,0.152,20.32
2011-11-09,0.152,10.16
2011-11-10,0.152,10.16
2011-11-11,0.457,10.16
2011-11-12,0.152,22.86
2011-11-13,0.152,22.86
2011-11-14,0.152,30.48
2011-11-15,0.152,30.48
2011-11-16,0.152,27.94
2011-11-17,0.152,27.94
2011-11-18,0.152,27.94
2011-11-19,0.152,25.4
2011-11-20,0.152,17.78
2011-11-21,0.152,25.4
2011-11-22,0.152,43.18
2011-11-23,0.457,30.48
2011-11-24,0.457,17.78
2011-11-25,0.152,38.1
2011-11-26,0.254,30.48
2011-11-27,0.457,30.48
2011-11-28,0.457,33.02
2011-11-29,0.457,30.48
2011-11-30,0.457,30.48
2011-12-01,0.152,25.4
2011-12-02,0.152,25.4
2011-12-03,0.152,30.48
2011-12-04,0.152,27.94
2011-12-05,0.152,25.4
2011-12-06,0.457,30.48
2011-12-07,0.457,30.48
2011-12-08,0.457,27.94
2011-12-09,0.457,30.48
2011-12-10,0.457,30.48
2011-12-11,0.457,30.48
2011-12-12,0.152,30.48
2011-12-13,0.152,20.32
2011-12-14,0.152,27.94
2011-12-15,0.457,27.94
2011-12-16,0.457,30.48
2011-12-17,0.762,22.86
2011-12-18,1.067,30.48
2011-12-19,1.067,30.48
2011-12-20,1.067,30.48
2011-12-21,1.067,30.48
2011-12-22,1.067,27.94
2011-12-23,1.067,27.94
2011-12-24,1.067,27.94
2011-12-25,1.067,27.94
2011-12-26,1.067,25.4
2011-12-27,1.067,27.94
2011-12-28,1.067,25.4
2011-12-29,1.067,25.4
2011-12-30,1.067,22.86
2011-12-31,1.067,25.4
2012-01-01,1.067,25.4
2012-01-02,1.067,22.86
2012-01-03,1.067,22.86
2012-01-04,1.067,25.4
2012-01-05,1.067,22.86
2012-01-06,1.067,22.86
2012-01-07,1.067,25.4
2012-01-08,1.067,22.86
2012-01-09,1.067,20.32
2012-01-10,1.067,22.86
2012-01-11,1.067,22.86
2012-01-12,1.067,25.4
2012-01-13,1.067,22.86
2012-01-14,1.067,20.32
2012-01-15,1.067,20.32
2012-01-16,1.067,20.32
2012-01-17,0.762,20.32
2012-01-18,1.067,20.32
2012-01-19,1.067,22.86
2012-01-20,1.067,15.24
2012-01-21,3.81,63.5
2012-01-22,8.077,
2012-01-23,10.82,
2012-01-24,15.392,116.84
2012-01-25,16.307,111.76
2012-01-26,16.612,106.68
2012-01-27,16.916,104.14
2012-01-28,16.916,101.6
2012-01-29,17.221,96.52
2012-01-30,17.221,99.06
2012-01-31,17.221,91.44
2012-02-01,17.221,93.98
2012-02-02,17.221,96.52
2012-02-03,17.221,91.44
2012-02-04,17.221,91.44
2012-02-05,17.221,91.44
2012-02-06,17.221,91.44
2012-02-07,17.221,86.36
2012-02-08,17.221,
2012-02-09,17.526,86.36
2012-02-10,17.831,88.9
2012-02-11,17.831,66.04
2012-02-12,17.831,73.66
2012-02-13,17.831,
2012-02-14,18.745,101.6
2012-02-15,19.05,
2012-02-16,19.66,116.84
2012-02-17,20.269,111.76
2012-02-18,20.574,109.22
2012-02-19,20.574,104.14
2012-02-20,20.574,104.14
2012-02-21,20.574,93.98
2012-02-22,20.574,101.6
2012-02-23,20.879,99.06
2012-02-24,21.184,88.9
2012-02-25,21.488,91.44
2012-02-26,22.098,91.44
2012-02-27,22.403,76.2
2012-02-28,22.098,
2012-02-29,22.403,86.36
2012-03-01,23.012,
2012-03-02,23.622,93.98
2012-03-03,24.232,96.52
2012-03-04,24.841,93.98
2012-03-05,25.146,88.9
2012-03-06,25.146,86.36
2012-03-07,24.841,
2012-03-08,25.146,88.9
2012-03-09,25.451,86.36
2012-03-10,25.451,81.28
2012-03-11,25.451,78.74
2012-03-12,25.451,76.2
2012-03-13,25.451,76.2
2012-03-14,25.451,63.5
2012-03-15,25.451,71.12
2012-03-16,25.451,71.12
2012-03-17,25.451,78.74
2012-03-18,29.108,157.48
2012-03-19,30.632,152.4
2012-03-20,30.937,142.24
2012-03-21,31.547,121.92
2012-03-22,31.547,109.22
2012-03-23,31.547,104.14
2012-03-24,31.547,104.14
2012-03-25,31.547,99.06
2012-03-26,31.547,
2012-03-27,31.547,114.3
2012-03-28,31.547,114.3
2012-03-29,32.461,119.38
2012-03-30,32.766,109.22
2012-03-31,33.071,106.68
2012-04-01,33.376,111.76
2012-04-02,33.68,111.76
2012-04-03,33.985,104.14
2012-04-04,33.985,96.52
2012-04-05,33.985,96.52
2012-04-06,33.68,91.44
2012-04-07,33.68,91.44
2012-04-08,33.985,86.36
2012-04-09,33.985,83.82
2012-04-10,33.985,78.74
2012-04-11,33.68,73.66
2012-04-12,33.376,88.9
2012-04-13,33.376,104.14
2012-04-14,33.376,149.86
2012-04-15,33.376,137.16
2012-04-16,33.376,119.38
2012-04-17,33.68,101.6
2012-04-18,33.68,91.44
2012-04-19,33.68,86.36
2012-04-20,33.68,81.28
2012-04-21,33.68,73.66
2012-04-22,31.852,66.04
2012-04-23,28.804,55.88
2012-04-24,25.451,48.26
2012-04-25,22.403,43.18
2012-04-26,21.184,40.64
2012-04-27,20.879,48.26
2012-04-28,21.184,43.18
2012-04-29,19.66,38.1
2012-04-30,16.916,25.4
2012-05-01,14.478,25.4
2012-05-02,10.82,17.78
2012-05-03,6.553,10.16
2012-05-04,3.2,0.0
2012-05-05,1.676,2.54
2012-05-06,0.0,2.54
2012-05-07,0.0,2.54
2012-05-08,0.0,2.54
2012-05-09,0.0,0.0
2012-05-10,0.0,
2012-05-11,0.0,
2012-05-12,0.0,0.0
2012-05-13,0.0,0.0
2012-05-14,0.0,0.0
2012-05-15,0.0,2.54
2012-05-16,0.0,2.54
2012-05-17,0.0,2.54
2012-05-18,0.0,2.54
2012-05-19,0.0,0.0
2012-05-20,0.0,2.54
2012-05-21,0.0,2.54
2012-05-22,0.0,
2012-05-23,0.0,0.0
2012-05-24,0.0,
2012-05-25,0.0,2.54
2012-05-26,0.0,
2012-05-27,0.0,
2012-05-28,0.0,
2012-05-29,0.0,0.0
2012-05-30,0.0,2.54
2012-05-31,0.0,
2012-06-01,0.0,
2012-06-02,0.0,
2012-06-03,0.0,
2012-06-04,0.0,
2012-06-05,0.0,2.54
2012-06-06,0.0,0.0
2012-06-07,0.0,0.0
2012-06-08,0.0,
2012-06-09,0.0,
2012-06-10,0.0,
2012-06-11,0.0,
2012-06-12,0.0,2.54
2012-06-13,0.0,
2012-06-14,0.0,2.54
2012-06-15,0.0,
2012-06-16,0.0,
2012-06-17,0.0,
2012-06-18,0.0,5.08
2012-06-19,0.0,
2012-06-20,0.0,
2012-06-21,0.0,0.0
2012-06-22,0.0,2.54
2012-06-23,0.0,2.54
2012-06-24,0.0,2.54
2012-06-25,0.0,0.0
2012-06-26,0.0,
2012-06-27,0.0,0.0
2012-06-28,0.0,10.16
2012-06-29,0.0,5.08
2012-06-30,0.0,5.08
2012-07-01,0.0,0.0
2012-07-02,0.0,2.54
2012-07-03,0.0,5.08
2012-07-04,0.0,5.08
2012-07-05,0.0,2.54
2012-07-06,0.0,2.54
2012-07-07,0.0,2.54
2012-07-08,0.0,2.54
2012-07-09,0.0,7.62
2012-07-10,0.0,7.62
2012-07-11,0.0,2.54
2012-07-12,0.0,
2012-07-13,0.0,5.08
2012-07-14,0.0,5.08
2012-07-15,0.0,15.24
2012-07-16,0.0,15.24
2012-07-17,0.0,12.7
2012-07-18,0.0,15.24
2012-07-19,0.0,7.62
2012-07-20,0.0,12.7
2012-07-21,0.0,12.7
2012-07-22,0.0,10.16
2012-07-23,0.0,10.16
2012-07-24,0.0,0.0
2012-07-25,0.0,12.7
2012-07-26,0.0,12.7
2012-07-27,0.0,5.08
2012-07-28,0.0,10.16
2012-07-29,0.0,15.24
2012-07-30,0.0,12.7
2012-07-31,0.0,12.7
2012-08-01,0.0,12.7
2012-08-02,0.0,15.24
2012-08-03,0.0,17.78
2012-08-04,0.0,12.7
2012-08-05,0.0,2.54
2012-08-06,0.0,12.7
2012-08-07,0.0,2.54
2012-08-08,0.0,5.08
2012-08-09,0.0,
2012-08-10,0.0,10.16
2012-08-11,0.0,5.08
2012-08-12,0.0,7.62
2012-08-13,0.0,2.54
2012-08-14,0.0,0.0
2012-08-15,0.0,2.54
2012-08-16,0.0,
2012-08-17,0.0,0.0
2012-08-18,0.0,
2012-08-19,0.0,2.54
2012-08-20,0.0,0.0
2012-08-21,0.0,2.54
2012-08-22,0.0,2.54
2012-08-23,0.0,
2012-08-24,0.0,
2012-08-25,0.0,0.0
2012-08-26,0.0,0.0
2012-08-27,0.0,2.54
2012-08-28,0.0,5.08
2012-08-29,0.0,
2012-08-30,0.0,0.0
2012-08-31,0.0,2.54
2012-09-01,0.0,2.54
2012-09-02,0.0,2.54
2012-09-03,0.0,0.0
2012-09-04,0.0,0.0
2012-09-05,0.0,0.0
2012-09-06,0.0,
2012-09-07,0.0,
2012-09-08,0.0,
2012-09-09,0.0,
2012-09-10,0.0,
2012-09-11,0.0,0.0
2012-09-12,0.0,2.54
2012-09-13,0.0,2.54
2012-09-14,0.0,0.0
2012-09-15,0.0,0.0
2012-09-16,0.0,0.0
2012-09-17,0.0,
2012-09-18,0.0,5.08
2012-09-19,0.0,
2012-09-20,0.0,0.0
2012-09-21,0.0,0.0
2012-09-22,0.0,2.54
2012-09-23,0.0,2.54
2012-09-24,0.0,2.54
2012-09-25,0.0,0.0
2012-09-26,0.0,
2012-09-27,0.0,2.54
2012-09-28,0.0,0.0
2012-09-29,0.0,2.54
2012-09-30,0.0,0.0
2012-10-01,0.0,
2012-10-02,0.0,
2012-10-03,0.0,2.54
2012-10-04,0.0,
2012-10-05,0.0,2.54
2012-10-06,0.0,2.54
2012-10-07,0.0,
2012-10-08,0.0,2.54
2012-10-09,0.0,2.54
2012-10-10,0.0,2.54
2012-10-11,0.0,5.08
2012-10-12,0.0,0.0
2012-10-13,0.0,5.08
2012-10-14,0.0,2.54
2012-10-15,0.0,2.54
2012-10-16,0.0,5.08
2012-10-17,0.0,2.54
2012-10-18,0.0,2.54
2012-10-19,0.0,2.54
2012-10-20,0.0,2.54
2012-10-21,0.0,2.54
2012-10-22,0.0,7.62
2012-10-23,0.0,25.4
2012-10-24,0.0,20.32
2012-10-25,0.0,20.32
2012-10-26,0.0,15.24
2012-10-27,0.0,12.7
2012-10-28,0.0,10.16
2012-10-29,0.0,7.62
2012-10-30,0.0,5.08
2012-10-31,0.0,5.08
2012-11-01,0.0,5.08
2012-11-02,0.0,2.54
2012-11-03,0.0,5.08
2012-11-04,0.0,2.54
2012-11-05,0.0,5.08
2012-11-06,0.0,5.08
2012-11-07,0.0,2.54
2012-11-08,0.0,5.08
2012-11-09,0.0,
2012-11-10,0.0,
2012-11-11,0.0,12.7
2012-11-12,0.0,15.24
2012-11-13,0.0,12.7
2012-11-14,0.0,12.7
2012-11-15,0.0,15.24
2012-11-16,0.0,
2012-11-17,0.0,
2012-11-18,0.762,43.18
2012-11-19,1.372,45.72
2012-11-20,1.676,43.18
2012-11-21,1.676,40.64
2012-11-22,1.676,38.1
2012-11-23,1.981,38.1
2012-11-24,1.981,35.56
2012-11-25,1.981,35.56
2012-11-26,1.981,35.56
2012-11-27,1.981,35.56
2012-11-28,1.981,35.56
2012-11-29,3.505,48.26
2012-11-30,4.115,60.96
2012-12-01,10.516,91.44
2012-12-02,11.43,88.9
2012-12-03,18.44,104.14
2012-12-04,18.745,99.06
2012-12-05,19.05,96.52
2012-12-06,19.05,93.98
2012-12-07,19.355,93.98
2012-12-08,19.355,93.98
2012-12-09,19.66,91.44
2012-12-10,19.66,88.9
2012-12-11,19.66,88.9
2012-12-12,19.66,86.36
2012-12-13,19.964,
2012-12-14,20.574,114.3
2012-12-15,20.574,106.68
2012-12-16,20.574,106.68
2012-12-17,20.879,106.68
2012-12-18,22.403,116.84
2012-12-19,22.708,116.84
2012-12-20,23.317,114.3
2012-12-21,23.622,111.76
2012-12-22,23.622,109.22
2012-12-23,26.67,132.08
2012-12-24,32.156,165.1
2012-12-25,33.376,157.48
2012-12-26,36.424,
2012-12-27,37.643,180.34
2012-12-28,38.252,177.8
2012-12-29,38.557,175.26
2012-12-30,39.167,182.88
2012-12-31,39.472,180.34
2013-01-01,39.776,175.26
2013-01-02,39.776,170.18
2013-01-03,39.776,167.64
2013-01-04,40.081,165.1
2013-01-05,40.081,160.02
2013-01-06,40.081,162.56
2013-01-07,40.081,162.56
2013-01-08,40.081,160.02
2013-01-09,40.386,157.48
2013-01-10,40.386,
2013-01-11,40.386,167.64
2013-01-12,40.691,167.64
2013-01-13,40.691,165.1
2013-01-14,40.691,162.56
2013-01-15,40.996,160.02
2013-01-16,41.3,157.48
2013-01-17,41.3,154.94
2013-01-18,41.605,154.94
2013-01-19,41.605,152.4
2013-01-20,41.605,152.4
2013-01-21,41.605,152.4
2013-01-22,41.605,149.86
2013-01-23,41.605,149.86
2013-01-24,41.605,
2013-01-25,43.129,
2013-01-26,43.739,167.64
2013-01-27,44.044,165.1
2013-01-28,44.348,170.18
2013-01-29,44.348,167.64
2013-01-30,44.653,165.1
2013-01-31,44.653,165.1
2013-02-01,44.653,162.56
2013-02-02,44.653,160.02
2013-02-03,44.653,160.02
2013-02-04,44.653,157.48
2013-02-05,44.653,157.48
2013-02-06,44.653,157.48
2013-02-07,44.653,154.94
2013-02-08,44.653,165.1
2013-02-09,44.653,165.1
2013-02-10,44.653,162.56
2013-02-11,44.653,160.02
2013-02-12,44.653,160.02
2013-02-13,44.653,157.48
2013-02-14,44.653,157.48
2013-02-15,44.653,154.94
2013-02-16,44.958,152.4
2013-02-17,44.653,152.4
2013-02-18,44.653,152.4
2013-02-19,44.653,152.4
2013-02-20,44.653,157.48
2013-02-21,44.653,154.94
2013-02-22,44.653,154.94
2013-02-23,44.958,152.4
2013-02-24,44.653,152.4
2013-02-25,44.958,149.86
2013-02-26,44.958,147.32
2013-02-27,44.958,147.32
2013-02-28,44.958,144.78
2013-03-01,44.958,142.24
2013-03-02,45.263,139.7
2013-03-03,45.263,
2013-03-04,45.263,147.32
2013-03-05,45.568,139.7
2013-03-06,45.568,
2013-03-07,46.482,152.4
2013-03-08,47.701,157.48
2013-03-09,48.311,154.94
2013-03-10,48.92,149.86
2013-03-11,49.53,142.24
2013-03-12,49.53,137.16
2013-03-13,49.53,132.08
2013-03-14,49.53,127.0
2013-03-15,49.53,121.92
2013-03-16,49.53,116.84
2013-03-17,49.53,111.76
2013-03-18,49.225,106.68
2013-03-19,48.311,104.14
2013-03-20,47.396,104.14
2013-03-21,46.787,104.14
2013-03-22,46.177,99.06
2013-03-23,45.263,96.52
2013-03-24,44.348,88.9
2013-03-25,43.129,86.36
2013-03-26,41.605,83.82
2013-03-27,40.691,81.28
2013-03-28,40.081,78.74
2013-03-29,39.472,73.66
2013-03-30,38.557,73.66
2013-03-31,37.033,
2013-04-01,36.728,
2013-04-02,36.728,78.74
2013-04-03,36.424,73.66
2013-04-04,35.204,68.58
2013-04-05,34.29,68.58
2013-04-06,33.68,66.04
2013-04-07,32.461,60.96
2013-04-08,30.023,
2013-04-09,29.413,60.96
2013-04-10,28.804,55.88
2013-04-11,26.975,48.26
2013-04-12,24.536,45.72
2013-04-13,21.184,40.64
2013-04-14,19.05,33.02
2013-04-15,15.697,25.4
2013-04-16,12.04,
2013-04-17,12.04,30.48
2013-04-18,10.82,22.86
2013-04-19,8.992,15.24
2013-04-20,5.944,10.16
2013-04-21,3.81,5.08
2013-04-22,2.286,2.54
2013-04-23,0.762,
2013-04-24,0.0,
2013-04-25,0.0,5.08
2013-04-26,0.0,2.54
2013-04-27,0.0,2.54
2013-04-28,0.0,2.54
2013-04-29,0.0,0.0
2013-04-30,0.0,2.54
2013-05-01,0.0,2.54
2013-05-02,0.0,2.54
2013-05-03,0.0,0.0
2013-05-04,0.0,2.54
2013-05-05,0.0,2.54
2013-05-06,0.0,2.54
2013-05-07,0.0,
2013-05-08,0.0,2.54
2013-05-09,0.0,2.54
2013-05-10,0.0,2.54
2013-05-11,0.0,2.54
2013-05-12,0.0,2.54
2013-05-13,0.0,0.0
2013-05-14,0.0,2.54
2013-05-15,0.0,2.54
2013-05-16,0.0,2.54
2013-05-17,0.0,0.0
2013-05-18,0.0,0.0
2013-05-19,0.0,2.54
2013-05-20,0.0,0.0
2013-05-21,0.0,2.54
2013-05-22,0.0,2.54
2013-05-23,0.0,0.0
2013-05-24,0.0,2.54
2013-05-25,0.0,2.54
2013-05-26,0.0,0.0
2013-05-27,0.0,2.54
2013-05-28,0.0,0.0
2013-05-29,0.0,2.54
2013-05-30,0.0,0.0
2013-05-31,0.0,2.54
2013-06-01,0.0,
2013-06-02,0.0,0.0
2013-06-03,0.0,
2013-06-04,0.0,0.0
2013-06-05,0.0,0.0
2013-06-06,0.0,2.54
2013-06-07,0.0,2.54
2013-06-08,0.0,2.54
2013-06-09,0.0,0.0
2013-06-10,0.0,
2013-06-11,0.0,2.54
2013-06-12,0.0,0.0
2013-06-13,0.0,2.54
2013-06-14,0.0,2.54
2013-06-15,0.0,2.54
2013-06-16,0.0,2.54
2013-06-17,0.0,2.54
2013-06-18,0.0,2.54
2013-06-19,0.0,2.54
2013-06-20,0.0,5.08
2013-06-21,0.0,5.08
2013-06-22,0.0,2.54
2013-06-23,0.0,2.54
2013-06-24,0.0,2.54
2013-06-25,0.0,2.54
2013-06-26,0.0,2.54
2013-06-27,0.0,2.54
2013-06-28,0.0,0.0
2013-06-29,0.0,0.0
2013-06-30,0.0,2.54
2013-07-01,0.0,2.54
2013-07-02,0.0,2.54
2013-07-03,0.0,0.0
2013-07-04,0.0,0.0
2013-07-05,0.0,0.0
2013-07-06,0.0,
2013-07-07,0.0,2.54
2013-07-08,0.0,5.08
2013-07-09,0.0,2.54
2013-07-10,0.0,
2013-07-11,0.0,
2013-07-12,0.0,0.0
2013-07-13,0.0,
2013-07-14,0.0,2.54
2013-07-15,0.0,0.0
2013-07-16,0.0,
2013-07-17,0.0,0.0
2013-07-18,0.0,0.0
2013-07-19,0.0,0.0
2013-07-20,0.0,
2013-07-21,0.0,
2013-07-22,0.0,
2013-07-23,0.0,0.0
2013-07-24,0.0,
2013-07-25,0.0,0.0
2013-07-26,0.0,
2013-07-27,0.0,
2013-07-28,0.0,0.0
2013-07-29,0.0,0.0
2013-07-30,0.0,2.54
2013-07-31,0.0,2.54
2013-08-01,0.0,2.54
2013-08-02,0.0,0.0
2013-08-03,0.0,5.08
2013-08-04,0.0,0.0
2013-08-05,0.0,2.54
2013-08-06,0.0,2.54
2013-08-07,0.0,5.08
2013-08-08,0.0,2.54
2013-08-09,0.0,5.08
2013-08-10,0.0,2.54
2013-08-11,0.0,2.54
2013-08-12,0.0,5.08
2013-08-13,0.0,0.0
2013-08-14,0.0,2.54
2013-08-15,0.0,2.54
2013-08-16,0.0,0.0
2013-08-17,0.0,0.0
2013-08-18,0.0,
2013-08-19,0.0,
2013-08-20,0.0,2.54
2013-08-21,0.0,2.54
2013-08-22,0.0,2.54
2013-08-23,0.0,2.54
2013-08-24,0.0,2.54
2013-08-25,0.0,2.54
2013-08-26,0.0,2.54
2013-08-27,0.0,2.54
2013-08-28,0.0,
2013-08-29,0.0,2.54
2013-08-30,0.0,2.54
2013-08-31,0.0,2.54
2013-09-01,0.0,2.54
2013-09-02,0.0,2.54
2013-09-03,0.0,
2013-09-04,0.0,0.0
2013-09-05,0.0,
2013-09-06,0.0,2.54
2013-09-07,0.0,2.54
2013-09-08,0.0,2.54
2013-09-09,0.0,
2013-09-10,0.0,2.54
2013-09-11,0.0,5.08
2013-09-12,0.0,2.54
2013-09-13,0.0,2.54
2013-09-14,0.0,2.54
2013-09-15,0.0,0.0
2013-09-16,0.0,2.54
2013-09-17,0.0,2.54
2013-09-18,0.0,2.54
2013-09-19,0.0,2.54
2013-09-20,0.0,2.54
2013-09-21,0.0,5.08
2013-09-22,0.0,5.08
2013-09-23,0.0,2.54
2013-09-24,0.0,2.54
2013-09-25,0.0,2.54
2013-09-26,0.0,5.08
2013-09-27,0.0,5.08
2013-09-28,0.0,2.54
2013-09-29,0.0,5.08
2013-09-30,0.0,5.08
2013-10-01,0.0,5.08
2013-10-02,0.0,5.08
2013-10-03,0.0,5.08
2013-10-04,0.0,5.08
2013-10-05,0.0,5.08
2013-10-06,0.0,5.08
2013-10-07,0.0,2.54
2013-10-08,0.0,5.08
2013-10-09,0.0,5.08
2013-10-10,0.0,
2013-10-11,0.0,10.16
2013-10-12,0.0,5.08
2013-10-13,0.0,5.08
2013-10-14,0.0,7.62
2013-10-15,0.0,7.62
2013-10-16,0.0,7.62
2013-10-17,0.0,5.08
2013-10-18,0.0,5.08
2013-10-19,0.0,2.54
2013-10-20,0.0,5.08
2013-10-21,0.0,2.54
2013-10-22,0.0,2.54
2013-10-23,0.0,5.08
2013-10-24,0.0,5.08
2013-10-25,0.0,2.54
2013-10-26,0.0,5.08
2013-10-27,0.0,5.08
2013-10-28,0.0,5.08
2013-10-29,0.0,
2013-10-30,0.102,20.32
2013-10-31,0.711,15.24
2013-11-01,1.016,12.7
2013-11-02,1.016,12.7
2013-11-03,1.016,12.7
2013-11-04,1.016,12.7
2013-11-05,1.016,10.16
2013-11-06,0.0,12.7
2013-11-07,0.0,10.16
2013-11-08,0.0,7.62
2013-11-09,0.0,7.62
2013-11-10,0.0,7.62
2013-11-11,0.0,5.08
2013-11-12,0.0,5.08
2013-11-13,0.0,5.08
2013-11-14,0.0,5.08
2013-11-15,0.0,5.08
2013-11-16,0.0,5.08
2013-11-17,0.0,5.08
2013-11-18,0.0,5.08
2013-11-19,0.0,5.08
2013-11-20,0.0,7.62
2013-11-21,1.016,12.7
2013-11-22,1.016,17.78
2013-11-23,1.016,17.78
2013-11-24,1.016,17.78
2013-11-25,1.321,15.24
2013-11-26,1.321,7.62
2013-11-27,1.321,12.7
2013-11-28,1.321,12.7
2013-11-29,1.321,12.7
2013-11-30,1.321,12.7
2013-12-01,1.321,12.7
2013-12-02,1.321,12.7
2013-12-03,1.321,12.7
2013-12-04,2.235,25.4
2013-12-05,2.235,25.4
2013-12-06,2.54,25.4
2013-12-07,2.845,
2013-12-08,3.15,
2013-12-09,3.454,43.18
2013-12-10,4.064,40.64
2013-12-11,4.064,40.64
2013-12-12,4.369,38.1
2013-12-13,4.369,38.1
2013-12-14,4.369,35.56
2013-12-15,4.674,38.1
2013-12-16,4.674,35.56
2013-12-17,4.674,35.56
2013-12-18,4.674,33.02
2013-12-19,4.978,
2013-12-20,4.978,35.56
2013-12-21,5.283,33.02
2013-12-22,5.588,30.48
2013-12-23,5.588,33.02
2013-12-24,5.588,33.02
2013-12-25,5.588,33.02
2013-12-26,5.588,30.48
2013-12-27,5.588,33.02
2013-12-28,5.588,33.02
2013-12-29,5.588,33.02
2013-12-30,5.588,30.48
2013-12-31,5.588,30.48
2014-01-01,5.588,33.02
2014-01-02,5.588,30.48
2014-01-03,5.588,30.48
2014-01-04,5.588,33.02
2014-01-05,5.588,30.48
2014-01-06,5.588,30.48
2014-01-07,5.588,30.48
2014-01-08,5.588,30.48
2014-01-09,5.588,30.48
2014-01-10,5.588,30.48
2014-01-11,5.588,30.48
2014-01-12,5.588,27.94
2014-01-13,5.588,33.02
2014-01-14,5.588,30.48
2014-01-15,5.588,30.48
2014-01-16,5.588,33.02
2014-01-17,5.588,30.48
2014-01-18,5.588,30.48
2014-01-19,5.588,30.48
2014-01-20,5.588,30.48
2014-01-21,5.588,30.48
2014-01-22,5.588,30.48
2014-01-23,5.588,30.48
2014-01-24,5.283,30.48
2014-01-25,5.283,30.48
2014-01-26,5.283,30.48
2014-01-27,5.283,30.48
2014-01-28,5.588,27.94
2014-01-29,5.283,27.94
2014-01-30,5.588,
2014-01-31,8.941,
2014-02-01,9.246,55.88
2014-02-02,9.55,55.88
2014-02-03,9.55,58.42
2014-02-04,10.16,55.88
2014-02-05,10.465,55.88
2014-02-06,10.465,
2014-02-07,10.77,63.5
2014-02-08,11.684,
2014-02-09,12.598,73.66
2014-02-10,13.208,78.74
2014-02-11,13.513,73.66
2014-02-12,13.818,73.66
2014-02-13,14.122,71.12
2014-02-14,14.732,68.58
2014-02-15,15.037,66.04
2014-02-16,15.037,
2014-02-17,15.646,66.04
2014-02-18,15.646,66.04
2014-02-19,15.646,63.5
2014-02-20,15.951,63.5
2014-02-21,15.951,63.5
2014-02-22,16.256,60.96
2014-02-23,16.256,58.42
2014-02-24,16.561,55.88
2014-02-25,16.561,55.88
2014-02-26,16.561,50.8
2014-02-27,18.694,76.2
2014-02-28,20.218,81.28
2014-03-01,26.01,129.54
2014-03-02,26.619,121.92
2014-03-03,26.924,119.38
2014-03-04,27.229,116.84
2014-03-05,27.838,111.76
2014-03-06,27.838,
2014-03-07,28.448,106.68
2014-03-08,28.753,104.14
2014-03-09,29.058,99.06
2014-03-10,28.753,96.52
2014-03-11,28.753,93.98
2014-03-12,28.448,86.36
2014-03-13,28.143,86.36
2014-03-14,27.838,81.28
2014-03-15,27.534,76.2
2014-03-16,26.924,73.66
2014-03-17,25.705,68.58
2014-03-18,24.486,63.5
2014-03-19,23.266,60.96
2014-03-20,22.352,55.88
2014-03-21,20.828,53.34
2014-03-22,19.914,50.8
2014-03-23,18.085,43.18
2014-03-24,16.561,38.1
2014-03-25,14.732,33.02
2014-03-26,13.513,
2014-03-27,14.427,55.88
2014-03-28,14.732,50.8
2014-03-29,14.732,40.64
2014-03-30,15.342,
2014-03-31,16.256,48.26
2014-04-01,17.475,
2014-04-02,18.085,86.36
2014-04-03,18.694,71.12
2014-04-04,18.999,63.5
2014-04-05,18.999,
2014-04-06,18.796,58.42
2014-04-07,18.694,50.8
2014-04-08,17.78,45.72
2014-04-09,16.256,40.64
2014-04-10,14.427,33.02
2014-04-11,11.989,25.4
2014-04-12,9.246,20.32
2014-04-13,6.198,12.7
2014-04-14,2.845,7.62
2014-04-15,0.711,5.08
2014-04-16,0.0,5.08
2014-04-17,0.0,5.08
2014-04-18,0.0,2.54
2014-04-19,0.0,5.08
2014-04-20,0.0,5.08
2014-04-21,0.0,5.08
2014-04-22,0.0,2.54
2014-04-23,0.0,5.08
2014-04-24,0.0,5.08
2014-04-25,0.0,
2014-04-26,4.064,
2014-04-27,4.978,45.72
2014-04-28,4.978,25.4
2014-04-29,4.369,17.78
2014-04-30,2.54,7.62
2014-05-01,0.406,7.62
2014-05-02,0.0,5.08
2014-05-03,0.0,5.08
2014-05-04,0.0,5.08
2014-05-05,0.0,5.08
2014-05-06,0.0,
2014-05-07,0.0,7.62
2014-05-08,0.0,5.08
2014-05-09,0.0,5.08
2014-05-10,0.0,5.08
2014-05-11,0.0,2.54
2014-05-12,0.0,5.08
2014-05-13,0.0,5.08
2014-05-14,0.0,2.54
2014-05-15,0.0,0.0
2014-05-16,0.0,
2014-05-17,0.0,2.54
2014-05-18,0.0,5.08
2014-05-19,0.0,5.08
2014-05-20,0.0,
2014-05-21,0.0,
2014-05-22,0.0,5.08
2014-05-23,0.0,5.08
2014-05-24,0.0,2.54
2014-05-25,0.0,2.54
2014-05-26,0.0,2.54
2014-05-27,0.0,2.54
2014-05-28,0.0,2.54
2014-05-29,0.0,2.54
2014-05-30,0.0,2.54
2014-05-31,0.0,2.54
2014-06-01,0.0,2.54
2014-06-02,0.0,5.08
2014-06-03,0.0,2.54
2014-06-04,0.0,5.08
2014-06-05,0.0,5.08
2014-06-06,0.0,5.08
2014-06-07,0.0,2.54
2014-06-08,0.0,2.54
2014-06-09,0.0,
2014-06-10,0.0,5.08
2014-06-11,0.0,5.08
2014-06-12,0.0,2.54
2014-06-13,0.0,5.08
2014-06-14,0.0,
2014-06-15,0.0,2.54
2014-06-16,0.0,5.08
2014-06-17,0.0,2.54
2014-06-18,0.0,5.08
2014-06-19,0.0,5.08
2014-06-20,0.0,5.08
2014-06-21,0.0,5.08
2014-06-22,0.0,5.08
2014-06-23,0.0,2.54
2014-06-24,0.0,5.08
2014-06-25,0.0,5.08
2014-06-26,0.0,5.08
2014-06-27,0.0,5.08
2014-06-28,0.0,5.08
2014-06-29,0.0,5.08
2014-06-30,0.0,5.08
2014-07-01,0.0,5.08
2014-07-02,0.0,5.08
2014-07-03,0.0,2.54
2014-07-04,0.0,5.08
2014-07-05,0.0,5.08
2014-07-06,0.0,5.08
2014-07-07,0.0,5.08
2014-07-08,0.0,
2014-07-09,0.0,5.08
2014-07-10,0.0,5.08
2014-07-11,0.0,0.0
2014-07-12,0.0,5.08
2014-07-13,0.0,0.0
2014-07-14,0.0,2.54
2014-07-15,0.0,2.54
2014-07-16,0.0,2.54
2014-07-17,0.0,2.54
2014-07-18,0.0,2.54
2014-07-19,0.0,2.54
2014-07-20,0.0,5.08
2014-07-21,0.0,0.0
2014-07-22,0.0,2.54
2014-07-23,0.0,0.0
2014-07-24,0.0,5.08
2014-07-25,0.0,2.54
2014-07-26,0.0,2.54
2014-07-27,0.0,2.54
2014-07-28,0.0,5.08
2014-07-29,0.0,2.54
2014-07-30,0.0,2.54
2014-07-31,0.0,0.0
2014-08-01,0.0,0.0
2014-08-02,0.0,
2014-08-03,0.0,2.54
2014-08-04,0.0,5.08
2014-08-05,0.0,5.08
2014-08-06,0.0,5.08
2014-08-07,0.0,5.08
2014-08-08,0.0,5.08
2014-08-09,0.0,2.54
2014-08-10,0.0,5.08
2014-08-11,0.0,5.08
2014-08-12,0.0,2.54
2014-08-13,0.0,5.08
2014-08-14,0.0,5.08
2014-08-15,0.0,2.54
2014-08-16,0.0,2.54
2014-08-17,0.0,5.08
2014-08-18,0.0,5.08
2014-08-19,0.0,5.08
2014-08-20,0.0,5.08
2014-08-21,0.0,5.08
2014-08-22,0.0,5.08
2014-08-23,0.0,2.54
2014-08-24,0.0,5.08
2014-08-25,0.0,5.08
2014-08-26,0.0,5.08
2014-08-27,0.0,5.08
2014-08-28,0.0,2.54
2014-08-29,0.0,5.08
2014-08-30,0.0,5.08
2014-08-31,0.0,5.08
2014-09-01,0.0,2.54
2014-09-02,0.0,5.08
2014-09-03,0.0,2.54
2014-09-04,0.0,2.54
2014-09-05,0.0,5.08
2014-09-06,0.0,5.08
2014-09-07,0.0,5.08
2014-09-08,0.0,5.08
2014-09-09,0.0,5.08
2014-09-10,0.0,5.08
2014-09-11,0.0,5.08
2014-09-12,0.0,5.08
2014-09-13,0.0,5.08
2014-09-14,0.0,
2014-09-15,0.0,
2014-09-16,0.0,
2014-09-17,0.0,0.0
2014-09-18,0.0,5.08
2014-09-19,0.0,
2014-09-20,0.0,2.54
2014-09-21,0.0,2.54
2014-09-22,0.0,0.0
2014-09-23,0.0,2.54
2014-09-24,0.0,2.54
2014-09-25,0.0,5.08
2014-09-26,0.0,2.54
2014-09-27,0.0,7.62
2014-09-28,0.0,5.08
2014-09-29,0.0,5.08
2014-09-30,0.0,5.08
2014-10-01,0.0,5.08
2014-10-02,0.0,5.08
2014-10-03,0.0,5.08
2014-10-04,0.0,5.08
2014-10-05,0.0,2.54
2014-10-06,0.0,5.08
2014-10-07,0.0,5.08
2014-10-08,0.0,5.08
2014-10-09,0.0,5.08
2014-10-10,0.0,2.54
2014-10-11,0.0,5.08
2014-10-12,0.0,5.08
2014-10-13,0.0,0.0
2014-10-14,0.0,5.08
2014-10-15,0.0,5.08
2014-10-16,0.0,5.08
2014-10-17,0.0,5.08
2014-10-18,0.0,5.08
2014-10-19,0.0,5.08
2014-10-20,0.0,2.54
2014-10-21,0.0,2.54
2014-10-22,0.0,5.08
2014-10-23,0.0,5.08
2014-10-24,0.0,5.08
2014-10-25,0.0,2.54
2014-10-26,0.0,2.54
2014-10-27,0.0,2.54
2014-10-28,0.0,2.54
2014-10-29,0.0,5.08
2014-10-30,0.0,5.08
2014-10-31,0.0,5.08
2014-11-01,0.0,
2014-11-02,1.168,
2014-11-03,1.473,35.56
2014-11-04,1.473,30.48
2014-11-05,1.778,25.4
2014-11-06,1.778,20.32
2014-11-07,2.083,17.78
2014-11-08,2.083,15.24
2014-11-09,2.083,12.7
2014-11-10,2.083,10.16
2014-11-11,2.083,7.62
2014-11-12,2.083,10.16
2014-11-13,2.083,10.16
2014-11-14,2.083,12.7
2014-11-15,2.083,10.16
2014-11-16,2.083,12.7
2014-11-17,2.692,12.7
2014-11-18,2.692,12.7
2014-11-19,2.692,12.7
2014-11-20,2.692,12.7
2014-11-21,2.692,12.7
2014-11-22,2.692,12.7
2014-11-23,2.692,12.7
2014-11-24,2.692,12.7
2014-11-25,2.692,12.7
2014-11-26,2.692,10.16
2014-11-27,2.692,10.16
2014-11-28,2.692,10.16
2014-11-29,2.692,10.16
2014-11-30,2.692,10.16
2014-12-01,2.692,10.16
2014-12-02,2.692,12.7
2014-12-03,4.521,
2014-12-04,5.131,
2014-12-05,5.131,17.78
2014-12-06,5.131,17.78
2014-12-07,5.131,20.32
2014-12-08,5.131,17.78
2014-12-09,5.436,20.32
2014-12-10,5.74,17.78
2014-12-11,5.74,17.78
2014-12-12,5.74,33.02
2014-12-13,7.874,58.42
2014-12-14,8.179,53.34
2014-12-15,8.484,50.8
2014-12-16,10.008,73.66
2014-12-17,10.312,66.04
2014-12-18,10.617,63.5
2014-12-19,10.922,60.96
2014-12-20,10.922,58.42
2014-12-21,11.227,58.42
2014-12-22,11.532,55.88
2014-12-23,11.532,55.88
2014-12-24,11.532,53.34
2014-12-25,11.532,58.42
2014-12-26,11.532,55.88
2014-12-27,11.836,55.88
2014-12-28,12.446,55.88
2014-12-29,13.056,55.88
2014-12-30,13.056,53.34
2014-12-31,13.056,53.34
2015-01-01,13.056,53.34
2015-01-02,13.36,53.34
2015-01-03,13.665,53.34
2015-01-04,13.665,50.8
2015-01-05,13.665,50.8
2015-01-06,13.665,50.8
2015-01-07,13.97,50.8
2015-01-08,13.97,50.8
2015-01-09,13.97,50.8
2015-01-10,13.97,50.8
2015-01-11,13.97,48.26
2015-01-12,13.665,48.26
2015-01-13,13.665,48.26
2015-01-14,13.665,48.26
2015-01-15,13.665,48.26
2015-01-16,13.97,48.26
2015-01-17,13.97,48.26
2015-01-18,13.97,48.26
2015-01-19,13.97,45.72
2015-01-20,13.97,45.72
2015-01-21,13.97,48.26
2015-01-22,13.665,45.72
2015-01-23,13.97,45.72
2015-01-24,13.97,48.26
2015-01-25,13.97,45.72
2015-01-26,13.97,45.72
2015-01-27,13.97,
2015-01-28,13.97,45.72
2015-01-29,13.97,45.72
2015-01-30,13.97,45.72
2015-01-31,13.97,48.26
2015-02-01,13.97,45.72
2015-02-02,13.97,45.72
2015-02-03,13.97,45.72
2015-02-04,13.97,45.72
2015-02-05,13.97,45.72
2015-02-06,13.97,45.72
2015-02-07,14.275,53.34
2015-02-08,17.018,55.88
2015-02-09,19.761,58.42
2015-02-10,20.371,58.42
2015-02-11,20.98,58.42
2015-02-12,20.98,60.96
2015-02-13,20.98,53.34
2015-02-14,20.98,55.88
2015-02-15,20.98,55.88
2015-02-16,20.98,53.34
2015-02-17,20.98,53.34
2015-02-18,20.98,50.8
2015-02-19,20.98,48.26
2015-02-20,20.98,48.26
2015-02-21,20.371,45.72
2015-02-22,20.066,45.72
2015-02-23,20.066,
2015-02-24,19.761,60.96
2015-02-25,20.066,55.88
2015-02-26,20.066,50.8
2015-02-27,20.066,45.72
2015-02-28,19.761,
2015-03-01,19.761,
2015-03-02,19.456,
2015-03-03,19.456,60.96
2015-03-04,19.456,55.88
2015-03-05,19.456,53.34
2015-03-06,20.066,50.8
2015-03-07,20.066,48.26
2015-03-08,20.371,45.72
2015-03-09,20.066,35.56
2015-03-10,18.847,33.02
2015-03-11,18.237,30.48
2015-03-12,17.628,
2015-03-13,17.018,27.94
2015-03-14,15.494,25.4
2015-03-15,13.36,20.32
2015-03-16,10.617,12.7
2015-03-17,8.484,10.16
2015-03-18,6.96,7.62
2015-03-19,5.74,7.62
2015-03-20,4.521,5.08
2015-03-21,3.912,5.08
2015-03-22,2.997,5.08
2015-03-23,2.997,5.08
2015-03-24,2.692,2.54
2015-03-25,2.692,7.62
2015-03-26,2.388,5.08
2015-03-27,2.388,5.08
2015-03-28,2.083,5.08
2015-03-29,2.083,5.08
2015-03-30,1.778,5.08
2015-03-31,1.778,2.54
2015-04-01,1.473,5.08
2015-04-02,1.473,5.08
2015-04-03,1.168,5.08
2015-04-04,1.168,5.08
2015-04-05,0.864,5.08
2015-04-06,0.864,2.54
2015-04-07,0.864,5.08
2015-04-08,0.864,
2015-04-09,0.864,15.24
2015-04-10,0.864,7.62
2015-04-11,0.864,5.08
2015-04-12,0.864,7.62
2015-04-13,0.0,5.08
2015-04-14,0.0,5.08
2015-04-15,0.0,5.08
2015-04-16,0.0,5.08
2015-04-17,0.0,5.08
2015-04-18,0.0,5.08
2015-04-19,0.0,2.54
2015-04-20,0.0,2.54
2015-04-21,0.0,5.08
2015-04-22,0.0,5.08
2015-04-23,0.0,5.08
2015-04-24,0.0,2.54
2015-04-25,0.0,10.16
2015-04-26,0.305,17.78
2015-04-27,0.305,7.62
2015-04-28,0.61,5.08
2015-04-29,0.61,7.62
2015-04-30,0.305,5.08
2015-05-01,0.0,7.62
2015-05-02,0.0,5.08
2015-05-03,0.0,5.08
2015-05-04,0.0,5.08
2015-05-05,0.0,5.08
2015-05-06,0.0,5.08
2015-05-07,0.0,5.08
2015-05-08,0.0,
2015-05-09,0.0,5.08
2015-05-10,0.0,7.62
2015-05-11,0.0,2.54
2015-05-12,0.0,5.08
2015-05-13,0.0,5.08
2015-05-14,0.0,5.08
2015-05-15,0.0,2.54
2015-05-16,0.0,5.08
2015-05-17,0.0,5.08
2015-05-18,0.0,5.08
2015-05-19,0.0,7.62
2015-05-20,0.0,5.08
2015-05-21,0.0,5.08
2015-05-22,0.0,
2015-05-23,0.0,5.08
2015-05-24,0.0,5.08
2015-05-25,0.0,5.08
2015-05-26,0.0,
2015-05-27,0.0,
2015-05-28,0.0,5.08
2015-05-29,0.0,2.54
2015-05-30,0.0,5.08
2015-05-31,0.0,
2015-06-01,0.0,5.08
2015-06-02,0.0,2.54
2015-06-03,0.0,
2015-06-04,0.0,2.54
2015-06-05,0.0,5.08
2015-06-06,0.0,5.08
2015-06-07,0.0,5.08
2015-06-08,0.0,5.08
2015-06-09,0.0,2.54
2015-06-10,0.0,2.54
2015-06-11,0.0,5.08
2015-06-12,0.0,5.08
2015-06-13,0.0,5.08
2015-06-14,0.0,5.08
2015-06-15,0.0,5.08
2015-06-16,0.0,5.08
2015-06-17,0.0,5.08
2015-06-18,0.0,5.08
2015-06-19,0.0,5.08
2015-06-20,0.0,2.54
2015-06-21,0.0,5.08
2015-06-22,0.0,5.08
2015-06-23,0.0,2.54
2015-06-24,0.0,0.0
2015-06-25,0.0,
2015-06-26,0.0,5.08
2015-06-27,0.0,2.54
2015-06-28,0.0,
2015-06-29,0.0,5.08
2015-06-30,0.0,
2015-07-01,0.0,
2015-07-02,0.0,2.54
2015-07-03,0.0,2.54
2015-07-04,0.0,
2015-07-05,0.0,2.54
2015-07-06,0.0,2.54
2015-07-07,0.0,
2015-07-08,0.0,
2015-07-09,0.0,2.54
2015-07-10,0.0,5.08
2015-07-11,0.0,5.08
2015-07-12,0.0,5.08
2015-07-13,0.0,2.54
2015-07-14,0.0,5.08
2015-07-15,0.0,2.54
2015-07-16,0.0,2.54
2015-07-17,0.0,2.54
2015-07-18,0.0,2.54
2015-07-19,0.0,0.0
2015-07-20,0.0,0.0
2015-07-21,0.0,2.54
2015-07-22,0.0,5.08
2015-07-23,0.0,5.08
2015-07-24,0.0,2.54
2015-07-25,0.0,5.08
2015-07-26,0.0,5.08
2015-07-27,0.0,5.08
2015-07-28,0.0,5.08
2015-07-29,0.0,2.54
2015-07-30,0.0,2.54
2015-07-31,0.0,5.08
2015-08-01,0.0,5.08
2015-08-02,0.0,2.54
2015-08-03,0.0,2.54
2015-08-04,0.0,5.08
2015-08-05,0.0,
2015-08-06,0.0,2.54
2015-08-07,0.0,2.54
2015-08-08,0.0,5.08
2015-08-09,0.0,5.08
2015-08-10,0.0,5.08
2015-08-11,0.0,5.08
2015-08-12,0.0,2.54
2015-08-13,0.0,0.0
2015-08-14,0.0,2.54
2015-08-15,0.0,2.54
2015-08-16,0.0,0.0
2015-08-17,0.0,5.08
2015-08-18,0.0,5.08
2015-08-19,0.0,2.54
2015-08-20,0.0,5.08
2015-08-21,0.0,5.08
2015-08-22,0.0,5.08
2015-08-23,0.0,5.08
2015-08-24,0.0,2.54
2015-08-25,0.0,5.08
2015-08-26,0.0,5.08
2015-08-27,0.0,2.54
2015-08-28,0.0,2.54
2015-08-29,0.0,
2015-08-30,0.0,2.54
2015-08-31,0.0,0.0
2015-09-01,0.0,2.54
2015-09-02,0.0,5.08
2015-09-03,0.0,2.54
2015-09-04,0.0,2.54
2015-09-05,0.0,5.08
2015-09-06,0.0,2.54
2015-09-07,0.0,5.08
2015-09-08,0.0,5.08
2015-09-09,0.0,5.08
2015-09-10,0.0,5.08
2015-09-11,0.0,2.54
2015-09-12,0.0,5.08
2015-09-13,0.0,
2015-09-14,0.0,5.08
2015-09-15,0.0,5.08
2015-09-16,0.0,5.08
2015-09-17,0.0,2.54
2015-09-18,0.0,2.54
2015-09-19,0.0,0.0
2015-09-20,0.0,0.0
2015-09-21,0.0,2.54
2015-09-22,0.0,5.08
2015-09-23,0.0,5.08
2015-09-24,0.0,5.08
2015-09-25,0.0,2.54
2015-09-26,0.0,2.54
2015-09-27,0.0,5.08
2015-09-28,0.0,5.08
2015-09-29,0.0,5.08
2015-09-30,0.0,5.08
2015-10-01,0.0,5.08
2015-10-02,0.0,5.08
2015-10-03,0.0,5.08
2015-10-04,0.0,5.08
2015-10-05,0.0,5.08
2015-10-06,0.0,5.08
2015-10-07,0.0,7.62
2015-10-08,0.0,5.08
2015-10-09,0.0,5.08
2015-10-10,0.0,5.08
2015-10-11,0.0,5.08
2015-10-12,0.0,5.08
2015-10-13,0.0,2.54
2015-10-14,0.0,2.54
2015-10-15,0.0,5.08
2015-10-16,0.0,5.08
2015-10-17,0.0,7.62
2015-10-18,0.0,5.08
2015-10-19,0.0,5.08
2015-10-20,0.0,5.08
2015-10-21,0.0,5.08
2015-10-22,0.0,5.08
2015-10-23,0.0,5.08
2015-10-24,0.0,5.08
2015-10-25,0.0,2.54
2015-10-26,0.0,5.08
2015-10-27,0.0,5.08
2015-10-28,0.0,5.08
2015-10-29,0.305,7.62
2015-10-30,0.61,7.62
2015-10-31,0.61,7.62
2015-11-01,0.61,5.08
2015-11-02,0.305,5.08
2015-11-03,2.743,
2015-11-04,3.048,
2015-11-05,3.048,30.48
2015-11-06,3.048,30.48
2015-11-07,3.048,25.4
2015-11-08,3.048,27.94
2015-11-09,3.048,
2015-11-10,4.267,45.72
2015-11-11,4.572,40.64
2015-11-12,4.572,38.1
2015-11-13,4.877,38.1
2015-11-14,4.877,35.56
2015-11-15,4.877,35.56
2015-11-16,5.588,
2015-11-17,5.486,48.26
2015-11-18,6.096,45.72
2015-11-19,6.096,40.64
2015-11-20,6.096,35.56
2015-11-21,6.096,35.56
2015-11-22,6.096,33.02
2015-11-23,6.096,35.56
2015-11-24,6.096,35.56
2015-11-25,6.096,40.64
2015-11-26,6.096,
2015-11-27,6.401,
2015-11-28,6.401,
2015-11-29,6.706,
2015-11-30,7.01,48.26
2015-12-01,7.01,45.72
2015-12-02,7.01,45.72
2015-12-03,7.01,45.72
2015-12-04,7.315,43.18
2015-12-05,7.315,45.72
2015-12-06,7.315,45.72
2015-12-07,7.315,45.72
2015-12-08,7.315,45.72
2015-12-09,7.62,40.64
2015-12-10,7.62,43.18
2015-12-11,9.144,50.8
2015-12-12,10.363,66.04
2015-12-13,10.363,66.04
2015-12-14,12.802,86.36
2015-12-15,13.106,
2015-12-16,13.106,81.28
2015-12-17,13.411,76.2
2015-12-18,13.411,76.2
2015-12-19,13.716,73.66
2015-12-20,14.021,81.28
2015-12-21,14.63,83.82
2015-12-22,18.288,
2015-12-23,19.507,109.22
2015-12-24,19.812,106.68
2015-12-25,21.641,
2015-12-26,21.946,124.46
2015-12-27,21.946,121.92
2015-12-28,22.25,111.76
2015-12-29,22.25,119.38
2015-12-30,22.25,114.3
2015-12-31,22.25,111.76
2016-01-01,22.25,111.76
2016-01-02,22.25,106.68
2016-01-03,22.555,111.76
2016-01-04,22.555,106.68
2016-01-05,22.555,
2016-01-06,25.298,142.24
2016-01-07,28.042,
2016-01-08,28.346,162.56
2016-01-09,28.651,
2016-01-10,28.651,152.4
2016-01-11,28.956,147.32
2016-01-12,28.956,142.24
2016-01-13,29.261,139.7
2016-01-14,29.261,137.16
2016-01-15,30.175,152.4
2016-01-16,30.785,
2016-01-17,31.394,149.86
2016-01-18,31.699,147.32
2016-01-19,32.918,157.48
2016-01-20,36.576,175.26
2016-01-21,36.881,170.18
2016-01-22,37.186,167.64
2016-01-23,38.405,182.88
2016-01-24,40.234,187.96
2016-01-25,40.538,182.88
2016-01-26,40.843,177.8
2016-01-27,41.148,175.26
2016-01-28,41.453,172.72
2016-01-29,41.453,167.64
2016-01-30,41.453,167.64
2016-01-31,45.415,193.04
2016-02-01,49.682,233.68
2016-02-02,49.987,220.98
2016-02-03,50.292,210.82
2016-02-04,50.597,208.28
2016-02-05,50.902,203.2
2016-02-06,50.902,198.12
2016-02-07,51.206,195.58
2016-02-08,51.206,190.5
2016-02-09,51.511,185.42
2016-02-10,51.816,180.34
2016-02-11,52.426,177.8
2016-02-12,53.035,175.26
2016-02-13,53.035,175.26
2016-02-14,53.035,172.72
2016-02-15,53.035,170.18
2016-02-16,53.34,167.64
2016-02-17,53.34,165.1
2016-02-18,55.778,
2016-02-19,57.607,195.58
2016-02-20,58.217,190.5
2016-02-21,58.217,187.96
2016-02-22,58.522,182.88
2016-02-23,58.522,182.88
2016-02-24,58.217,177.8
2016-02-25,57.912,175.26
2016-02-26,58.217,172.72
2016-02-27,58.522,167.64
2016-02-28,58.826,167.64
2016-02-29,58.826,165.1
2016-03-01,58.217,162.56
2016-03-02,57.912,160.02
2016-03-03,57.607,154.94
2016-03-04,57.607,152.4
2016-03-05,58.217,167.64
2016-03-06,62.789,213.36
2016-03-07,64.922,213.36
2016-03-08,65.532,218.44
2016-03-09,66.142,205.74
2016-03-10,66.446,195.58
2016-03-11,66.751,190.5
2016-03-12,67.666,215.9
2016-03-13,68.885,203.2
2016-03-14,70.409,218.44
2016-03-15,71.018,210.82
2016-03-16,71.323,203.2
2016-03-17,70.409,193.04
2016-03-18,69.19,187.96
2016-03-19,68.275,180.34
2016-03-20,68.275,177.8
2016-03-21,66.751,172.72
2016-03-22,66.751,182.88
2016-03-23,67.361,177.8
2016-03-24,67.361,172.72
2016-03-25,66.142,167.64
2016-03-26,64.618,162.56
2016-03-27,62.789,157.48
2016-03-28,61.874,152.4
2016-03-29,61.874,162.56
2016-03-30,62.484,157.48
2016-03-31,62.789,154.94
2016-04-01,62.484,149.86
2016-04-02,60.35,144.78
2016-04-03,59.436,142.24
2016-04-04,58.826,137.16
2016-04-05,56.083,132.08
2016-04-06,54.254,124.46
2016-04-07,52.121,116.84
2016-04-08,51.511,116.84
2016-04-09,50.902,114.3
2016-04-10,50.902,
2016-04-11,51.206,124.46
2016-04-12,50.902,119.38
2016-04-13,49.682,114.3
2016-04-14,48.158,109.22
2016-04-15,46.939,106.68
2016-04-16,45.72,101.6
2016-04-17,43.891,96.52
2016-04-18,42.062,91.44
2016-04-19,39.624,86.36
2016-04-20,36.881,78.74
2016-04-21,34.442,73.66
2016-04-22,32.309,68.58
2016-04-23,31.699,81.28
2016-04-24,32.004,71.12
2016-04-25,31.699,68.58
2016-04-26,31.394,73.66
2016-04-27,31.09,66.04
2016-04-28,30.48,66.04
2016-04-29,29.566,60.96
2016-04-30,28.042,58.42
2016-05-01,26.518,55.88
2016-05-02,24.994,
2016-05-03,24.994,50.8
2016-05-04,23.165,48.26
2016-05-05,21.031,45.72
2016-05-06,20.117,
2016-05-07,19.812,
2016-05-08,19.812,
2016-05-09,19.812,
2016-05-10,17.983,40.64
2016-05-11,14.63,33.02
2016-05-12,10.058,25.4
2016-05-13,6.401,17.78
2016-05-14,3.353,5.08
2016-05-15,2.134,5.08
2016-05-16,1.016,
2016-05-17,0.0,5.08
2016-05-18,0.0,2.54
2016-05-19,0.0,5.08
2016-05-20,0.0,5.08
2016-05-21,0.0,5.08
2016-05-22,0.0,5.08
2016-05-23,0.0,2.54
2016-05-24,0.0,2.54
2016-05-25,0.0,5.08
2016-05-26,0.0,
2016-05-27,0.0,5.08
2016-05-28,0.0,5.08
2016-05-29,0.0,5.08
2016-05-30,0.0,5.08
2016-05-31,0.0,5.08
2016-06-01,0.0,
2016-06-02,0.0,2.54
2016-06-03,0.0,0.0
2016-06-04,0.0,2.54
2016-06-05,0.0,5.08
2016-06-06,0.0,2.54
2016-06-07,0.0,5.08
2016-06-08,0.0,2.54
2016-06-09,0.0,5.08
2016-06-10,0.0,2.54
2016-06-11,0.0,5.08
2016-06-12,0.0,5.08
2016-06-13,0.0,5.08
2016-06-14,0.0,5.08
2016-06-15,0.0,5.08
2016-06-16,0.0,0.0
2016-06-17,0.0,2.54
2016-06-18,0.0,5.08
2016-06-19,0.0,5.08
2016-06-20,0.0,5.08
2016-06-21,0.0,2.54
2016-06-22,0.0,5.08
2016-06-23,0.0,2.54
2016-06-24,0.0,2.54
2016-06-25,0.0,5.08
2016-06-26,0.0,5.08
2016-06-27,0.0,5.08
2016-06-28,0.0,5.08
2016-06-29,0.0,2.54
2016-06-30,0.0,2.54
2016-07-01,0.0,5.08
2016-07-02,0.0,2.54
2016-07-03,0.0,5.08
2016-07-04,0.0,0.0
2016-07-05,0.0,0.0
2016-07-06,0.0,5.08
2016-07-07,0.0,2.54
2016-07-08,0.0,0.0
2016-07-09,0.0,0.0
2016-07-10,0.0,0.0
2016-07-11,0.0,2.54
2016-07-12,0.0,2.54
2016-07-13,0.0,2.54
2016-07-14,0.0,2.54
2016-07-15,0.0,2.54
2016-07-16,0.0,0.0
2016-07-17,0.0,0.0
2016-07-18,0.0,5.08
2016-07-19,0.0,5.08
2016-07-20,0.0,5.08
2016-07-21,0.0,0.0
2016-07-22,0.0,2.54
2016-07-23,0.0,5.08
2016-07-24,0.0,5.08
2016-07-25,0.0,5.08
2016-07-26,0.0,5.08
2016-07-27,0.0,
2016-07-28,0.0,5.08
2016-07-29,0.0,2.54
2016-07-30,0.0,
2016-07-31,0.0,2.54
2016-08-01,0.0,0.0
2016-08-02,0.0,5.08
2016-08-03,0.0,5.08
2016-08-04,0.0,5.08
2016-08-05,0.0,5.08
2016-08-06,0.0,5.08
2016-08-07,0.0,5.08
2016-08-08,0.0,5.08
2016-08-09,0.0,5.08
2016-08-10,0.0,5.08
2016-08-11,0.0,5.08
2016-08-12,0.0,5.08
2016-08-13,0.0,2.54
2016-08-14,0.0,2.54
2016-08-15,0.0,2.54
2016-08-16,0.0,5.08
2016-08-17,0.0,2.54
2016-08-18,0.0,2.54
2016-08-19,0.0,2.54
2016-08-20,0.0,2.54
2016-08-21,0.0,2.54
2016-08-22,0.0,5.08
2016-08-23,0.0,5.08
2016-08-24,0.0,7.62
2016-08-25,0.0,5.08
2016-08-26,0.0,5.08
2016-08-27,0.0,0.0
2016-08-28,0.0,5.08
2016-08-29,0.0,5.08
2016-08-30,0.0,5.08
2016-08-31,0.0,2.54
2016-09-01,0.0,5.08
2016-09-02,0.0,7.62
2016-09-03,0.0,5.08
2016-09-04,0.0,5.08
2016-09-05,0.0,2.54
2016-09-06,0.0,5.08
2016-09-07,0.0,5.08
2016-09-08,0.0,5.08
2016-09-09,0.0,5.08
2016-09-10,0.0,5.08
2016-09-11,0.0,5.08
2016-09-12,0.0,2.54
2016-09-13,0.0,2.54
2016-09-14,0.0,5.08
2016-09-15,0.0,5.08
2016-09-16,0.0,5.08
2016-09-17,0.0,5.08
2016-09-18,0.0,5.08
2016-09-19,0.0,2.54
2016-09-20,0.0,5.08
2016-09-21,0.0,2.54
2016-09-22,0.0,5.08
2016-09-23,0.0,2.54
2016-09-24,0.0,2.54
2016-09-25,0.0,2.54
2016-09-26,0.0,2.54
2016-09-27,0.0,0.0
2016-09-28,0.0,2.54
2016-09-29,0.0,2.54
2016-09-30,0.0,2.54
2016-10-01,0.0,2.54
2016-10-02,0.0,0.0
2016-10-03,0.0,0.0
2016-10-04,0.0,0.0
2016-10-05,0.0,0.0
2016-10-06,0.0,
2016-10-07,0.0,2.54
2016-10-08,0.0,0.0
2016-10-09,0.0,0.0
2016-10-10,0.0,2.54
2016-10-11,0.0,0.0
2016-10-12,0.0,0.0
2016-10-13,0.0,0.0
2016-10-14,0.0,0.0
2016-10-15,0.0,
2016-10-16,0.0,0.0
2016-10-17,0.0,
2016-10-18,0.0,2.54
2016-10-19,0.0,2.54
2016-10-20,0.0,2.54
2016-10-21,0.0,2.54
2016-10-22,0.0,2.54
2016-10-23,0.0,2.54
2016-10-24,0.0,0.0
2016-10-25,0.0,2.54
2016-10-26,0.0,2.54
2016-10-27,0.0,2.54
2016-10-28,0.0,2.54
2016-10-29,0.0,2.54
2016-10-30,0.0,2.54
2016-10-31,0.0,7.62
2016-11-01,0.914,5.08
2016-11-02,0.914,5.08
2016-11-03,0.914,5.08
2016-11-04,0.914,5.08
2016-11-05,0.914,5.08
2016-11-06,0.61,5.08
2016-11-07,0.61,2.54
2016-11-08,0.305,0.0
2016-11-09,0.305,0.0
2016-11-10,0.0,0.0
2016-11-11,0.0,
2016-11-12,0.0,0.0
2016-11-13,0.0,2.54
2016-11-14,0.0,0.0
2016-11-15,0.0,0.0
2016-11-16,0.0,2.54
2016-11-17,0.0,0.0
2016-11-18,0.0,2.54
2016-11-19,0.0,2.54
2016-11-20,0.0,2.54
2016-11-21,0.0,
2016-11-22,0.0,5.08
2016-11-23,0.0,5.08
2016-11-24,0.914,5.08
2016-11-25,0.914,5.08
2016-11-26,0.914,5.08
2016-11-27,2.438,35.56
2016-11-28,3.353,
2016-11-29,3.658,40.64
2016-11-30,3.658,38.1
2016-12-01,3.658,35.56
2016-12-02,3.658,33.02
2016-12-03,3.658,30.48
2016-12-04,3.658,30.48
2016-12-05,3.658,30.48
2016-12-06,3.658,27.94
2016-12-07,3.353,27.94
2016-12-08,3.353,35.56
2016-12-09,4.877,33.02
2016-12-10,5.182,25.4
2016-12-11,7.01,43.18
2016-12-12,7.01,40.64
2016-12-13,7.01,40.64
2016-12-14,7.01,40.64
2016-12-15,7.315,38.1
2016-12-16,21.336,
2016-12-17,21.946,116.84
2016-12-18,22.25,116.84
2016-12-19,22.25,111.76
2016-12-20,22.555,109.22
2016-12-21,22.555,106.68
2016-12-22,22.555,104.14
2016-12-23,22.555,101.6
2016-12-24,26.518,147.32
2016-12-25,26.822,
2016-12-26,26.822,134.62
2016-12-27,26.822,132.08
2016-12-28,27.127,129.54
2016-12-29,27.127,127.0
2016-12-30,27.127,124.46
2016-12-31,27.127,121.92
2017-01-01,27.127,119.38
2017-01-02,27.127,116.84
2017-01-03,26.822,121.92
2017-01-04,30.48,
2017-01-05,40.843,190.5
2017-01-06,42.672,185.42
2017-01-07,42.977,182.88
2017-01-08,53.645,226.06
2017-01-09,58.522,236.22
2017-01-10,64.008,259.08
2017-01-11,71.933,
2017-01-12,75.59,287.02
2017-01-13,79.248,307.34
2017-01-14,80.162,297.18
2017-01-15,81.077,287.02
2017-01-16,81.991,279.4
2017-01-17,82.601,274.32
2017-01-18,83.21,269.24
2017-01-19,88.392,307.34
2017-01-20,91.44,314.96
2017-01-21,96.926,358.14
2017-01-22,99.974,365.76
2017-01-23,109.118,396.24
2017-01-24,112.166,391.16
2017-01-25,112.776,375.92
2017-01-26,113.69,363.22
2017-01-27,114.3,355.6
2017-01-28,114.605,347.98
2017-01-29,115.214,340.36
2017-01-30,115.519,335.28
2017-01-31,115.824,330.2
2017-02-01,115.824,325.12
2017-02-02,115.824,320.04
2017-02-03,116.434,325.12
2017-02-04,119.482,342.9
2017-02-05,120.091,335.28
2017-02-06,121.006,342.9
2017-02-07,123.749,358.14
2017-02-08,122.225,368.3
2017-02-09,126.187,353.06
2017-02-10,126.187,370.84
2017-02-11,130.15,388.62
2017-02-12,132.588,381.0
2017-02-13,134.417,370.84
2017-02-14,135.941,365.76
2017-02-15,136.55,358.14
2017-02-16,136.55,353.06
2017-02-17,137.77,360.68
2017-02-18,142.951,
2017-02-19,145.085,408.94
2017-02-20,147.218,416.56
2017-02-21,154.838,
2017-02-22,159.715,
2017-02-23,161.849,
2017-02-24,163.068,
2017-02-25,163.678,419.1
2017-02-26,164.592,416.56
2017-02-27,165.506,414.02
2017-02-28,167.03,419.1
2017-03-01,168.25,411.48
2017-03-02,168.859,401.32
2017-03-03,169.469,396.24
2017-03-04,169.672,388.62
2017-03-05,169.926,386.08
2017-03-06,170.078,419.1
2017-03-07,171.602,408.94
2017-03-08,172.822,398.78
2017-03-09,172.72,386.08
2017-03-10,172.212,375.92
2017-03-11,172.517,373.38
2017-03-12,172.822,368.3
2017-03-13,174.346,363.22
2017-03-14,173.736,355.6
2017-03-15,172.822,347.98
2017-03-16,172.212,342.9
2017-03-17,171.602,340.36
2017-03-18,171.298,335.28
2017-03-19,170.688,330.2
2017-03-20,169.469,327.66
2017-03-21,168.859,327.66
2017-03-22,169.469,335.28
2017-03-23,169.774,
2017-03-24,169.774,335.28
2017-03-25,170.688,368.3
2017-03-26,170.993,358.14
2017-03-27,171.298,358.14
2017-03-28,171.602,353.06
2017-03-29,171.602,345.44
2017-03-30,173.431,335.28
2017-03-31,173.736,340.36
2017-04-01,173.126,335.28
2017-04-02,173.431,330.2
2017-04-03,173.431,320.04
2017-04-04,172.517,320.04
2017-04-05,170.993,314.96
2017-04-06,170.078,312.42
2017-04-07,169.164,330.2
2017-04-08,174.346,365.76
2017-04-09,176.479,375.92
2017-04-10,177.089,365.76
2017-04-11,177.089,358.14
2017-04-12,177.089,355.6
2017-04-13,177.089,347.98
2017-04-14,177.394,355.6
2017-04-15,177.698,345.44
2017-04-16,178.003,340.36
2017-04-17,178.918,347.98
2017-04-18,181.051,350.52
2017-04-19,183.794,363.22
2017-04-20,184.099,355.6
2017-04-21,184.099,350.52
2017-04-22,184.099,345.44
2017-04-23,183.49,337.82
2017-04-24,181.661,332.74
2017-04-25,180.442,332.74
2017-04-26,179.527,327.66
2017-04-27,178.613,325.12
2017-04-28,178.003,320.04
2017-04-29,176.784,317.5
2017-04-30,175.565,312.42
2017-05-01,174.65,307.34
2017-05-02,173.126,302.26
2017-05-03,170.993,294.64
2017-05-04,168.859,287.02
2017-05-05,166.116,279.4
2017-05-06,163.068,274.32
2017-05-07,160.934,271.78
2017-05-08,159.41,269.24
2017-05-09,157.886,264.16
2017-05-10,156.058,259.08
2017-05-11,153.924,251.46
2017-05-12,151.486,243.84
2017-05-13,148.742,241.3
2017-05-14,146.304,236.22
2017-05-15,144.475,233.68
2017-05-16,143.256,233.68
2017-05-17,142.646,238.76
2017-05-18,141.732,231.14
2017-05-19,141.427,228.6
2017-05-20,140.513,223.52
2017-05-21,138.379,218.44
2017-05-22,135.331,210.82
2017-05-23,132.283,205.74
2017-05-24,128.626,198.12
2017-05-25,125.273,193.04
2017-05-26,122.225,187.96
2017-05-27,119.177,182.88
2017-05-28,116.129,172.72
2017-05-29,112.471,172.72
2017-05-30,109.118,165.1
2017-05-31,105.461,160.02
2017-06-01,103.022,154.94
2017-06-02,100.279,149.86
2017-06-03,97.231,144.78
2017-06-04,93.269,137.16
2017-06-05,89.611,129.54
2017-06-06,85.649,121.92
2017-06-07,81.686,111.76
2017-06-08,78.029,106.68
2017-06-09,74.066,101.6
2017-06-10,70.104,93.98
2017-06-11,66.446,83.82
2017-06-12,64.618,
2017-06-13,64.008,83.82
2017-06-14,61.265,78.74
2017-06-15,57.302,71.12
2017-06-16,52.426,63.5
2017-06-17,47.244,53.34
2017-06-18,39.929,35.56
2017-06-19,31.09,
2017-06-20,22.86,
2017-06-21,7.01,
2017-06-22,4.267,
2017-06-23,3.048,
2017-06-24,2.438,
2017-06-25,0.0,
2017-06-26,0.0,
2017-06-27,0.0,
2017-06-28,0.0,
2017-06-29,0.0,
2017-06-30,0.0,
2017-07-01,0.0,
2017-07-02,0.0,
2017-07-03,0.0,
2017-07-04,0.0,
2017-07-05,0.0,
2017-07-06,0.0,
2017-07-07,0.0,
2017-07-08,0.0,
2017-07-09,0.0,
2017-07-10,0.0,
2017-07-11,0.0,
2017-07-12,0.0,
2017-07-13,0.0,
2017-07-14,0.0,
2017-07-15,0.0,
2017-07-16,0.0,
2017-07-17,0.0,
2017-07-18,0.0,
2017-07-19,0.0,
2017-07-20,0.0,
2017-07-21,0.0,
2017-07-22,0.0,
2017-07-23,0.0,
2017-07-24,0.0,
2017-07-25,0.0,
2017-07-26,0.0,
2017-07-27,0.0,
2017-07-28,0.0,
2017-07-29,0.0,
2017-07-30,0.0,
2017-07-31,0.0,
2017-08-01,0.0,
2017-08-02,0.0,
2017-08-03,0.0,
2017-08-04,0.0,
2017-08-05,0.0,
2017-08-06,0.0,
2017-08-07,0.0,
2017-08-08,0.0,
2017-08-09,0.0,
2017-08-10,0.0,
2017-08-11,0.0,
2017-08-12,0.0,
2017-08-13,0.0,
2017-08-14,0.0,
2017-08-15,0.0,
2017-08-16,0.0,
2017-08-17,0.0,
2017-08-18,0.0,
2017-08-19,0.0,
2017-08-20,0.0,
2017-08-21,0.0,
2017-08-22,0.0,
2017-08-23,0.0,
2017-08-24,0.0,
2017-08-25,0.0,
2017-08-26,0.0,
2017-08-27,0.0,
2017-08-28,0.0,
2017-08-29,0.0,
2017-08-30,0.0,
2017-08-31,0.0,
2017-09-01,0.0,
2017-09-02,0.0,
2017-09-03,0.0,
2017-09-04,0.0,
2017-09-05,0.0,
2017-09-06,0.0,
2017-09-07,0.0,
2017-09-08,0.0,
2017-09-09,0.0,
2017-09-10,0.0,
2017-09-11,0.0,
2017-09-12,0.0,
2017-09-13,0.0,
2017-09-14,0.0,
2017-09-15,0.0,
2017-09-16,0.0,
2017-09-17,0.0,
2017-09-18,0.0,
2017-09-19,0.0,
2017-09-20,0.0,
2017-09-21,0.0,
2017-09-22,0.0,
2017-09-23,0.0,
2017-09-24,0.0,
2017-09-25,0.0,
2017-09-26,0.0,
2017-09-27,0.0,
2017-09-28,0.0,
2017-09-29,0.0,
2017-09-30,0.0,2.54
2017-10-01,0.0,0.0
2017-10-02,0.0,
2017-10-03,0.0,
2017-10-04,0.0,
2017-10-05,0.0,
2017-10-06,0.0,
2017-10-07,0.0,
2017-10-08,0.0,
2017-10-09,0.0,
2017-10-10,0.0,
2017-10-11,0.0,
2017-10-12,0.0,
2017-10-13,0.0,
2017-10-14,0.305,
2017-10-15,0.305,
2017-10-16,0.305,
2017-10-17,0.305,
2017-10-18,0.305,
2017-10-19,0.305,
2017-10-20,0.61,
2017-10-21,0.914,
2017-10-22,1.829,
2017-10-23,1.829,
2017-10-24,1.829,
2017-10-25,1.524,
2017-10-26,1.524,
2017-10-27,1.524,
2017-10-28,1.524,
2017-10-29,1.524,
2017-10-30,1.219,
2017-10-31,0.914,
2017-11-01,0.914,
2017-11-02,0.61,
2017-11-03,0.61,
2017-11-04,0.61,
2017-11-05,0.61,
2017-11-06,0.61,
2017-11-07,0.61,
2017-11-08,0.61,
2017-11-09,0.61,
2017-11-10,0.61,
2017-11-11,0.61,
2017-11-12,0.61,
2017-11-13,0.61,
2017-11-14,0.914,
2017-11-15,0.61,
2017-11-16,3.658,
2017-11-17,11.582,20.32
2017-11-18,11.887,20.32
2017-11-19,11.582,20.32
2017-11-20,11.887,20.32
2017-11-21,11.887,17.78
2017-11-22,11.887,17.78
2017-11-23,12.192,12.7
2017-11-24,12.192,15.24
2017-11-25,11.887,15.24
2017-11-26,11.887,15.24
2017-11-27,12.802,17.78
2017-11-28,13.106,22.86
2017-11-29,13.411,20.32
2017-11-30,13.411,22.86
2017-12-01,14.63,20.32
2017-12-02,14.63,20.32
2017-12-03,14.63,20.32
2017-12-04,14.63,20.32
2017-12-05,13.716,22.86
2017-12-06,14.63,22.86
2017-12-07,14.326,20.32
2017-12-08,14.935,22.86
2017-12-09,14.63,20.32
2017-12-10,14.326,22.86
2017-12-11,14.326,22.86
2017-12-12,14.935,22.86
2017-12-13,15.24,20.32
2017-12-14,15.545,22.86
2017-12-15,15.545,17.78
2017-12-16,15.545,20.32
2017-12-17,15.24,17.78
2017-12-18,15.545,20.32
2017-12-19,15.545,15.24
2017-12-20,15.545,17.78
2017-12-21,15.24,
2017-12-22,15.24,
2017-12-23,15.24,17.78
2017-12-24,15.545,17.78
2017-12-25,15.545,17.78
2017-12-26,15.545,20.32
2017-12-27,15.545,20.32
2017-12-28,15.24,20.32
2017-12-29,15.24,17.78
2017-12-30,15.24,17.78
2017-12-31,15.24,17.78
2018-01-01,15.24,20.32
2018-01-02,15.24,20.32
2018-01-03,15.545,17.78
2018-01-04,15.85,15.24
2018-01-05,18.898,17.78
2018-01-06,19.507,
2018-01-07,19.812,17.78
2018-01-08,19.812,
2018-01-09,21.336,
2018-01-10,21.641,
2018-01-11,21.946,58.42
2018-01-12,22.25,55.88
2018-01-13,22.25,53.34
2018-01-14,22.25,53.34
2018-01-15,22.25,50.8
2018-01-16,22.25,50.8
2018-01-17,21.946,50.8
2018-01-18,21.946,48.26
2018-01-19,21.946,40.64
2018-01-20,21.946,
2018-01-21,21.946,48.26
2018-01-22,21.946,55.88
2018-01-23,22.25,55.88
2018-01-24,22.555,53.34
2018-01-25,22.555,
2018-01-26,22.86,
2018-01-27,22.86,53.34
2018-01-28,22.86,60.96
2018-01-29,22.86,58.42
2018-01-30,22.86,58.42
2018-01-31,22.86,55.88
2018-02-01,22.86,53.34
2018-02-02,22.86,50.8
2018-02-03,22.86,53.34
2018-02-04,22.86,50.8
2018-02-05,22.86,50.8
2018-02-06,22.86,53.34
2018-02-07,22.555,50.8
2018-02-08,22.555,45.72
2018-02-09,22.86,48.26
2018-02-10,22.86,48.26
2018-02-11,22.86,45.72
2018-02-12,22.86,45.72
2018-02-13,22.86,
2018-02-14,22.86,48.26
2018-02-15,23.165,48.26
2018-02-16,23.774,43.18
2018-02-17,24.689,43.18
2018-02-18,24.994,45.72
2018-02-19,24.689,
2018-02-20,24.689,
2018-02-21,24.994,
2018-02-22,24.994,
2018-02-23,25.298,
2018-02-24,25.298,
2018-02-25,25.908,83.82
2018-02-26,25.908,76.2
2018-02-27,25.908,
2018-02-28,25.908,73.66
2018-03-01,26.213,
2018-03-02,27.432,
2018-03-03,28.651,
2018-03-04,29.87,
2018-03-05,30.48,157.48
2018-03-06,31.09,152.4
2018-03-07,31.699,142.24
2018-03-08,32.004,139.7
2018-03-09,32.309,132.08
2018-03-10,32.614,124.46
2018-03-11,32.918,
2018-03-12,33.528,119.38
2018-03-13,34.138,111.76
2018-03-14,35.662,
2018-03-15,37.795,
2018-03-16,39.014,
2018-03-17,40.843,
2018-03-18,42.367,
2018-03-19,42.977,139.7
2018-03-20,43.891,144.78
2018-03-21,44.806,147.32
2018-03-22,48.158,193.04
2018-03-23,53.95,218.44
2018-03-24,55.474,208.28
2018-03-25,56.693,
2018-03-26,57.607,198.12
2018-03-27,58.217,195.58
2018-03-28,58.826,187.96
2018-03-29,59.741,177.8
2018-03-30,60.655,172.72
2018-03-31,61.874,167.64
2018-04-01,62.484,162.56
2018-04-02,62.789,157.48
2018-04-03,62.789,154.94
2018-04-04,62.484,149.86
2018-04-05,61.57,144.78
2018-04-06,60.655,142.24
2018-04-07,60.655,132.08
2018-04-08,59.436,132.08
2018-04-09,57.912,127.0
2018-04-10,56.388,124.46
2018-04-11,55.169,119.38
2018-04-12,54.559,
2018-04-13,53.95,116.84
2018-04-14,53.645,116.84
2018-04-15,53.035,111.76
2018-04-16,52.121,104.14
2018-04-17,51.816,
2018-04-18,51.816,111.76
2018-04-19,51.511,
2018-04-20,51.511,109.22
2018-04-21,51.816,106.68
2018-04-22,50.902,104.14
2018-04-23,49.378,99.06
2018-04-24,47.854,91.44
2018-04-25,45.72,86.36
2018-04-26,43.282,78.74
2018-04-27,40.843,71.12
2018-04-28,38.405,63.5
2018-04-29,36.271,55.88
2018-04-30,34.747,55.88
2018-05-01,32.918,48.26
2018-05-02,32.614,45.72
2018-05-03,32.004,50.8
2018-05-04,30.175,48.26
2018-05-05,27.737,43.18
2018-05-06,25.603,35.56
2018-05-07,22.25,27.94
2018-05-08,16.459,20.32
2018-05-09,8.839,7.62
2018-05-10,5.791,0.0
2018-05-11,4.267,
2018-05-12,2.438,
2018-05-13,1.829,
2018-05-14,1.829,
2018-05-15,1.524,
2018-05-16,1.016,
2018-05-17,0.508,
2018-05-18,0.0,
2018-05-19,0.0,
2018-05-20,0.0,
2018-05-21,0.0,
2018-05-22,0.0,
2018-05-23,0.0,
2018-05-24,0.0,
2018-05-25,0.0,
2018-05-26,0.0,
2018-05-27,0.0,
2018-05-28,0.0,
2018-05-29,0.0,
2018-05-30,0.0,
2018-05-31,0.0,
2018-06-01,0.0,
2018-06-02,0.0,
2018-06-03,0.0,
2018-06-04,0.0,
2018-06-05,0.0,
2018-06-06,0.0,
2018-06-07,0.0,
2018-06-08,0.0,
2018-06-09,0.0,
2018-06-10,0.0,
2018-06-11,0.0,
2018-06-12,0.0,
2018-06-13,0.0,
2018-06-14,0.0,
2018-06-15,0.0,
2018-06-16,0.0,
2018-06-17,0.0,
2018-06-18,0.0,
2018-06-19,0.0,
2018-06-20,0.0,
2018-06-21,0.0,
2018-06-22,0.0,
2018-06-23,0.0,
2018-06-24,0.0,
2018-06-25,0.0,
2018-06-26,0.0,
2018-06-27,0.0,
2018-06-28,0.0,
2018-06-29,0.0,
2018-06-30,0.0,
2018-07-01,0.0,
2018-07-02,0.0,
2018-07-03,0.0,7.62
2018-07-04,0.0,5.08
2018-07-05,0.0,5.08
2018-07-06,0.0,5.08
2018-07-07,0.0,2.54
2018-07-08,0.0,2.54
2018-07-09,0.0,7.62
2018-07-10,0.0,7.62
2018-07-11,0.0,5.08
2018-07-12,0.0,
2018-07-13,0.0,5.08
2018-07-14,0.0,
2018-07-15,0.0,2.54
2018-07-16,0.0,5.08
2018-07-17,0.0,7.62
2018-07-18,0.0,7.62
2018-07-19,0.0,5.08
2018-07-20,0.0,7.62
2018-07-21,0.0,5.08
2018-07-22,0.0,10.16
2018-07-23,0.0,5.08
2018-07-24,0.0,2.54
2018-07-25,0.0,10.16
2018-07-26,0.0,10.16
2018-07-27,0.0,10.16
2018-07-28,0.0,7.62
2018-07-29,0.0,12.7
2018-07-30,0.0,7.62
2018-07-31,0.0,
2018-08-01,0.0,5.08
2018-08-02,0.0,5.08
2018-08-03,0.0,5.08
2018-08-04,0.0,2.54
2018-08-05,0.0,17.78
2018-08-06,0.0,12.7
2018-08-07,0.0,10.16
2018-08-08,0.0,10.16
2018-08-09,0.0,15.24
2018-08-10,0.0,15.24
2018-08-11,0.0,5.08
2018-08-12,0.0,7.62
2018-08-13,0.0,7.62
2018-08-14,0.0,10.16
2018-08-15,0.0,10.16
2018-08-16,0.0,10.16
2018-08-17,0.0,5.08
2018-08-18,0.0,7.62
2018-08-19,0.0,
2018-08-20,0.0,12.7
2018-08-21,0.0,10.16
2018-08-22,0.0,7.62
2018-08-23,0.0,7.62
2018-08-24,0.0,7.62
2018-08-25,0.0,
2018-08-26,0.0,
2018-08-27,0.0,
2018-08-28,0.0,
2018-08-29,0.0,
2018-08-30,0.0,2.54
2018-08-31,0.0,2.54
2018-09-01,0.0,2.54
2018-09-02,0.0,
2018-09-03,0.0,
2018-09-04,0.0,
2018-09-05,0.0,0.0
2018-09-06,0.0,0.0
2018-09-07,0.0,0.0
2018-09-08,0.0,
2018-09-09,0.0,
2018-09-10,0.0,
2018-09-11,0.0,0.0
2018-09-12,0.0,0.0
2018-09-13,0.0,0.0
2018-09-14,0.0,
2018-09-15,0.0,
2018-09-16,0.0,
2018-09-17,0.0,0.0
2018-09-18,0.0,0.0
2018-09-19,0.0,2.54
2018-09-20,0.0,
2018-09-21,0.0,
2018-09-22,0.0,
2018-09-23,0.0,2.54
2018-09-24,0.0,0.0
2018-09-25,0.0,
2018-09-26,0.0,2.54
2018-09-27,0.0,
2018-09-28,0.0,0.0
2018-09-29,0.0,
2018-09-30,0.0,
2018-10-01,0.0,
2018-10-02,0.0,0.0
2018-10-03,0.0,2.54
2018-10-04,0.0,5.08
2018-10-05,0.0,5.08
2018-10-06,0.0,2.54
2018-10-07,0.0,5.08
2018-10-08,0.0,2.54
2018-10-09,0.0,2.54
2018-10-10,0.0,2.54
2018-10-11,0.0,5.08
2018-10-12,0.0,2.54
2018-10-13,0.0,
2018-10-14,0.0,2.54
2018-10-15,0.0,5.08
2018-10-16,0.0,
2018-10-17,0.0,0.0
2018-10-18,0.0,5.08
2018-10-19,0.0,5.08
2018-10-20,0.0,5.08
2018-10-21,0.0,5.08
2018-10-22,0.0,5.08
2018-10-23,0.0,5.08
2018-10-24,0.0,2.54
2018-10-25,0.0,5.08
2018-10-26,0.0,2.54
2018-10-27,0.0,5.08
2018-10-28,0.0,2.54
2018-10-29,0.0,5.08
2018-10-30,0.0,5.08
2018-10-31,0.0,5.08
2018-11-01,0.0,5.08
2018-11-02,0.0,2.54
2018-11-03,0.0,5.08
2018-11-04,0.0,2.54
2018-11-05,0.0,5.08
2018-11-06,0.0,5.08
2018-11-07,0.0,2.54
2018-11-08,0.0,5.08
2018-11-09,0.0,5.08
2018-11-10,0.0,5.08
2018-11-11,0.0,5.08
2018-11-12,0.0,5.08
2018-11-13,0.0,5.08
2018-11-14,0.0,5.08
2018-11-15,0.0,2.54
2018-11-16,0.0,2.54
2018-11-17,0.0,5.08
2018-11-18,0.0,5.08
2018-11-19,0.0,7.62
2018-11-20,0.0,5.08
2018-11-21,0.0,5.08
2018-11-22,1.016,
2018-11-23,2.235,27.94
2018-11-24,3.15,33.02
2018-11-25,4.064,27.94
2018-11-26,4.674,30.48
2018-11-27,4.674,27.94
2018-11-28,4.978,
2018-11-29,8.636,63.5
2018-11-30,14.732,
2018-12-01,14.732,88.9
2018-12-02,15.342,
2018-12-03,15.646,86.36
2018-12-04,15.646,83.82
2018-12-05,15.951,86.36
2018-12-06,16.561,
2018-12-07,16.561,86.36
2018-12-08,16.866,86.36
2018-12-09,16.866,83.82
2018-12-10,16.866,81.28
2018-12-11,17.374,78.74
2018-12-12,17.374,76.2
2018-12-13,17.374,73.66
2018-12-14,17.374,73.66
2018-12-15,17.374,73.66
2018-12-16,17.374,71.12
2018-12-17,17.374,
2018-12-18,18.085,86.36
2018-12-19,18.085,83.82
2018-12-20,18.39,81.28
2018-12-21,18.39,
2018-12-22,18.39,78.74
2018-12-23,18.39,78.74
2018-12-24,18.39,76.2
2018-12-25,19.304,
2018-12-26,19.609,83.82
2018-12-27,19.914,81.28
2018-12-28,19.914,78.74
2018-12-29,19.914,81.28
2018-12-30,19.914,78.74
2018-12-31,20.218,78.74
2019-01-01,20.218,78.74
2019-01-02,20.218,78.74
2019-01-03,20.218,78.74
2019-01-04,20.218,78.74
2019-01-05,20.218,76.2
2019-01-06,22.352,
2019-01-07,26.314,
2019-01-08,26.619,121.92
2019-01-09,26.924,
2019-01-10,29.058,
2019-01-11,29.362,134.62
2019-01-12,29.362,124.46
2019-01-13,29.667,124.46
2019-01-14,29.667,124.46
2019-01-15,29.972,
2019-01-16,31.496,
2019-01-17,36.068,
2019-01-18,39.726,
2019-01-19,40.03,165.1
2019-01-20,40.335,165.1
2019-01-21,42.469,
2019-01-22,42.774,175.26
2019-01-23,43.078,170.18
2019-01-24,43.078,165.1
2019-01-25,43.383,165.1
2019-01-26,43.383,162.56
2019-01-27,43.383,157.48
2019-01-28,43.383,154.94
2019-01-29,43.383,152.4
2019-01-30,43.383,149.86
2019-01-31,43.383,149.86
2019-02-01,43.383,147.32
2019-02-02,44.602,157.48
2019-02-03,51.918,215.9
2019-02-04,56.794,236.22
2019-02-05,63.805,
2019-02-06,66.548,302.26
2019-02-07,67.158,281.94
2019-02-08,67.462,271.78
2019-02-09,68.986,297.18
2019-02-10,70.51,294.64
2019-02-11,72.339,309.88
2019-02-12,72.949,294.64
2019-02-13,73.254,284.48
2019-02-14,74.93,276.86
2019-02-15,75.082,281.94
2019-02-16,80.569,312.42
2019-02-17,83.922,309.88
2019-02-18,86.36,
2019-02-19,87.579,289.56
2019-02-20,89.103,281.94
2019-02-21,90.322,284.48
2019-02-22,90.932,276.86
2019-02-23,92.151,271.78
2019-02-24,93.066,266.7
2019-02-25,94.285,261.62
2019-02-26,94.894,259.08
2019-02-27,95.504,264.16
2019-02-28,97.333,269.24
2019-03-01,98.247,266.7
2019-03-02,99.466,276.86
2019-03-03,103.734,292.1
2019-03-04,104.648,287.02
2019-03-05,104.953,281.94
2019-03-06,107.086,297.18
2019-03-07,111.354,307.34
2019-03-08,113.487,
2019-03-09,114.402,317.5
2019-03-10,115.011,314.96
2019-03-11,115.316,314.96
2019-03-12,115.926,304.8
2019-03-13,116.23,302.26
2019-03-14,115.316,297.18
2019-03-15,115.011,289.56
2019-03-16,110.744,281.94
2019-03-17,111.354,276.86
2019-03-18,113.182,271.78
2019-03-19,114.097,266.7
2019-03-20,114.706,276.86
2019-03-21,115.316,271.78
2019-03-22,115.926,271.78
2019-03-23,117.145,269.24
2019-03-24,118.059,276.86
2019-03-25,118.669,266.7
2019-03-26,118.974,264.16
2019-03-27,118.059,259.08
2019-03-28,118.974,279.4
2019-03-29,119.888,274.32
2019-03-30,121.107,269.24
2019-03-31,121.717,264.16
2019-04-01,120.802,259.08
2019-04-02,118.974,259.08
2019-04-03,118.974,266.7
2019-04-04,119.278,259.08
2019-04-05,119.278,259.08
2019-04-06,119.278,259.08
2019-04-07,119.278,256.54
2019-04-08,118.059,248.92
2019-04-09,116.23,243.84
2019-04-10,115.926,254.0
2019-04-11,115.926,243.84
2019-04-12,115.926,243.84
2019-04-13,115.621,238.76
2019-04-14,114.402,233.68
2019-04-15,112.878,228.6
2019-04-16,111.354,246.38
2019-04-17,111.963,236.22
2019-04-18,111.963,228.6
2019-04-19,111.049,223.52
2019-04-20,110.134,215.9
2019-04-21,108.001,213.36
2019-04-22,107.086,210.82
2019-04-23,105.562,205.74
2019-04-24,104.038,198.12
2019-04-25,102.514,187.96
2019-04-26,99.771,182.88
2019-04-27,96.418,172.72
2019-04-28,93.37,170.18
2019-04-29,90.932,165.1
2019-04-30,88.189,160.02
2019-05-01,86.665,154.94
2019-05-02,84.531,152.4
2019-05-03,82.398,147.32
2019-05-04,80.264,139.7
2019-05-05,77.826,134.62
2019-05-06,75.387,132.08
2019-05-07,72.339,124.46
2019-05-08,69.901,119.38
2019-05-09,66.548,109.22
2019-05-10,64.719,
2019-05-11,63.5,106.68
2019-05-12,61.671,101.6
2019-05-13,58.318,93.98
2019-05-14,55.575,88.9
2019-05-15,52.527,78.74
2019-05-16,51.003,
2019-05-17,51.918,
2019-05-18,52.527,93.98
2019-05-19,52.527,
2019-05-20,54.356,
2019-05-21,54.966,111.76
2019-05-22,54.966,
2019-05-23,55.27,
2019-05-24,55.575,106.68
2019-05-25,55.88,106.68
2019-05-26,55.88,101.6
2019-05-27,55.88,
2019-05-28,56.49,101.6
2019-05-29,56.794,104.14
2019-05-30,55.575,101.6
2019-05-31,54.356,93.98
2019-06-01,53.442,93.98
2019-06-02,53.137,91.44
2019-06-03,51.918,86.36
2019-06-04,50.698,83.82
2019-06-05,48.26,73.66
2019-06-06,44.602,66.04
2019-06-07,42.164,60.96
2019-06-08,38.811,50.8
2019-06-09,34.849,25.4
2019-06-10,30.582,15.24
2019-06-11,26.314,
2019-06-12,20.218,
2019-06-13,11.379,
2019-06-14,7.112,
2019-06-15,5.588,
2019-06-16,4.064,
2019-06-17,0.0,
2019-06-18,0.0,
2019-06-19,0.0,396.24
2019-06-20,0.0,391.16
2019-06-21,0.0,
2019-06-22,0.0,
2019-06-23,0.0,
2019-06-24,0.0,
2019-06-25,0.0,
2019-06-26,0.0,
2019-06-27,0.0,
2019-06-28,0.0,
2019-06-29,0.0,
2019-06-30,0.0,
2019-07-01,0.0,
2019-07-02,0.0,
2019-07-03,0.0,
2019-07-04,0.0,
2019-07-05,0.0,
2019-07-06,0.0,
2019-07-07,0.0,
2019-07-08,0.0,
2019-07-09,0.0,
2019-07-10,0.0,
2019-07-11,0.0,
2019-07-12,0.0,
2019-07-13,0.0,
2019-07-14,0.0,
2019-07-15,0.0,
2019-07-16,0.0,
2019-07-17,0.0,
2019-07-18,0.0,
2019-07-19,0.0,
2019-07-20,0.0,
2019-07-21,0.0,
2019-07-22,0.0,
2019-07-23,0.0,
2019-07-24,0.0,
2019-07-25,0.0,
2019-07-26,0.0,388.62
2019-07-27,0.0,
2019-07-28,0.0,
2019-07-29,0.0,
2019-07-30,0.0,
2019-07-31,0.0,
2019-08-01,0.0,
2019-08-02,0.0,
2019-08-03,0.0,
2019-08-04,0.0,
2019-08-05,0.0,
2019-08-06,0.0,
2019-08-07,0.0,
2019-08-08,0.0,
2019-08-09,0.0,
2019-08-10,0.0,
2019-08-11,0.0,
2019-08-12,0.0,
2019-08-13,0.0,
2019-08-14,0.0,
2019-08-15,0.0,
2019-08-16,0.0,
2019-08-17,0.0,
2019-08-18,0.0,
2019-08-19,0.0,
2019-08-20,0.0,
2019-08-21,0.0,373.38
2019-08-22,0.0,
2019-08-23,0.0,
2019-08-24,0.0,
2019-08-25,0.0,
2019-08-26,0.0,
2019-08-27,0.0,
2019-08-28,0.0,
2019-08-29,0.0,
2019-08-30,0.0,
2019-08-31,0.0,
2019-09-01,0.0,370.84
2019-09-02,0.0,
2019-09-03,0.0,
2019-09-04,0.0,
2019-09-05,0.0,
2019-09-06,0.0,
2019-09-07,0.0,
2019-09-08,0.0,
2019-09-09,0.0,
2019-09-10,0.0,
2019-09-11,0.0,
2019-09-12,0.0,251.46
2019-09-13,0.0,251.46
2019-09-14,0.0,248.92
2019-09-15,0.0,251.46
2019-09-16,0.0,251.46
2019-09-17,0.0,256.54
2019-09-18,0.0,254.0
2019-09-19,0.0,254.0
2019-09-20,0.0,259.08
2019-09-21,0.0,254.0
2019-09-22,0.0,254.0
2019-09-23,0.0,254.0
2019-09-24,0.0,254.0
2019-09-25,0.0,248.92
2019-09-26,0.0,248.92
2019-09-27,0.0,248.92
2019-09-28,0.0,254.0
2019-09-29,0.0,259.08
2019-09-30,0.0,261.62
2019-10-01,0.0,261.62
2019-10-02,0.0,259.08
2019-10-03,0.0,256.54
2019-10-04,0.0,259.08
2019-10-05,0.0,256.54
2019-10-06,0.0,251.46
2019-10-07,0.0,251.46
2019-10-08,0.0,254.0
2019-10-09,0.0,254.0
2019-10-10,0.0,256.54
2019-10-11,0.0,256.54
2019-10-12,0.0,256.54
2019-10-13,0.0,256.54
2019-10-14,0.0,256.54
2019-10-15,0.0,256.54
2019-10-16,0.0,254.0
2019-10-17,0.0,2.54
2019-10-18,0.0,2.54
2019-10-19,0.0,2.54
2019-10-20,0.0,5.08
2019-10-21,0.0,2.54
2019-10-22,0.0,5.08
2019-10-23,0.0,5.08
2019-10-24,0.0,2.54
2019-10-25,0.0,5.08
2019-10-26,0.0,2.54
2019-10-27,0.0,2.54
2019-10-28,0.0,2.54
2019-10-29,0.0,2.54
2019-10-30,0.0,
2019-10-31,0.0,5.08
2019-11-01,0.0,0.0
2019-11-02,0.0,2.54
2019-11-03,0.0,2.54
2019-11-04,0.0,2.54
2019-11-05,0.0,2.54
2019-11-06,0.0,0.0
2019-11-07,0.0,2.54
2019-11-08,0.0,0.0
2019-11-09,0.0,0.0
2019-11-10,0.0,2.54
2019-11-11,0.0,0.0
2019-11-12,0.0,2.54
2019-11-13,0.0,2.54
2019-11-14,0.0,2.54
2019-11-15,0.0,2.54
2019-11-16,0.0,2.54
2019-11-17,0.0,2.54
2019-11-18,0.0,0.0
2019-11-19,0.0,2.54
2019-11-20,0.0,5.08
2019-11-21,0.0,2.54
2019-11-22,0.0,2.54
2019-11-23,0.0,2.54
2019-11-24,0.0,2.54
2019-11-25,0.0,0.0
2019-11-26,0.0,2.54
2019-11-27,0.0,
2019-11-28,5.512,
2019-11-29,7.036,
2019-11-30,7.95,
2019-12-01,9.779,
2019-12-02,11.608,88.9
2019-12-03,11.913,78.74
2019-12-04,11.913,
2019-12-05,14.046,93.98
2019-12-06,14.046,91.44
2019-12-07,14.046,83.82
2019-12-08,18.313,
2019-12-09,19.228,96.52
2019-12-10,19.228,96.52
2019-12-11,19.228,91.44
2019-12-12,19.533,91.44
2019-12-13,19.837,88.9
2019-12-14,20.752,88.9
2019-12-15,21.057,
2019-12-16,21.057,86.36
2019-12-17,21.361,86.36
2019-12-18,21.361,83.82
2019-12-19,21.361,83.82
2019-12-20,21.666,81.28
2019-12-21,21.666,78.74
2019-12-22,21.666,78.74
2019-12-23,22.581,
2019-12-24,23.495,
2019-12-25,23.8,
2019-12-26,23.8,
2019-12-27,23.8,96.52
2019-12-28,23.8,93.98
2019-12-29,23.8,91.44
2019-12-30,24.105,
2019-12-31,24.105,88.9
2020-01-01,24.105,88.9
2020-01-02,24.409,88.9
2020-01-03,24.409,81.28
2020-01-04,24.409,86.36
2020-01-05,24.409,81.28
2020-01-06,24.409,83.82
2020-01-07,24.409,81.28
2020-01-08,24.409,78.74
2020-01-09,24.409,81.28
2020-01-10,24.409,83.82
2020-01-11,24.409,81.28
2020-01-12,24.409,71.12
2020-01-13,24.409,78.74
2020-01-14,24.409,78.74
2020-01-15,24.409,81.28
2020-01-16,24.409,78.74
2020-01-17,25.629,
2020-01-18,26.238,99.06
2020-01-19,26.543,88.9
2020-01-20,26.543,88.9
2020-01-21,26.543,93.98
2020-01-22,26.543,96.52
2020-01-23,26.848,96.52
2020-01-24,26.848,93.98
2020-01-25,26.848,91.44
2020-01-26,27.153,83.82
2020-01-27,27.457,91.44
2020-01-28,27.762,91.44
2020-01-29,27.762,93.98
2020-01-30,27.762,93.98
2020-01-31,27.762,91.44
2020-02-01,27.762,88.9
2020-02-02,27.762,88.9
2020-02-03,27.762,86.36
2020-02-04,27.762,88.9
2020-02-05,27.762,88.9
2020-02-06,28.067,88.9
2020-02-07,28.067,86.36
2020-02-08,28.372,88.9
2020-02-09,28.067,86.36
2020-02-10,27.762,86.36
2020-02-11,27.762,86.36
2020-02-12,27.762,86.36
2020-02-13,28.067,86.36
2020-02-14,28.372,86.36
2020-02-15,28.372,86.36
2020-02-16,28.677,86.36
2020-02-17,28.677,83.82
2020-02-18,28.372,83.82
2020-02-19,28.067,83.82
2020-02-20,28.067,83.82
2020-02-21,28.067,81.28
2020-02-22,28.067,
2020-02-23,28.067,83.82
2020-02-24,28.372,81.28
2020-02-25,28.677,81.28
2020-02-26,28.677,78.74
2020-02-27,29.286,76.2
2020-02-28,29.591,76.2
2020-02-29,29.286,73.66
2020-03-01,29.591,88.9
2020-03-02,29.591,91.44
2020-03-03,29.896,83.82
2020-03-04,30.201,78.74
2020-03-05,30.201,76.2
2020-03-06,29.591,73.66
2020-03-07,29.286,68.58
2020-03-08,28.981,66.04
2020-03-09,28.677,68.58
2020-03-10,28.677,68.58
2020-03-11,28.677,
2020-03-12,28.677,68.58
2020-03-13,28.981,68.58
2020-03-14,28.677,66.04
2020-03-15,29.591,
2020-03-16,31.42,
2020-03-17,33.858,
2020-03-18,34.468,
2020-03-19,34.773,
2020-03-20,35.077,121.92
2020-03-21,35.687,
2020-03-22,36.297,121.92
2020-03-23,36.601,119.38
2020-03-24,37.211,119.38
2020-03-25,37.516,
2020-03-26,38.43,
2020-03-27,38.735,144.78
2020-03-28,39.04,132.08
2020-03-29,39.04,
2020-03-30,39.04,132.08
2020-03-31,39.04,127.0
2020-04-01,38.43,114.3
2020-04-02,38.125,109.22
2020-04-03,37.516,104.14
2020-04-04,37.516,99.06
2020-04-05,36.906,
2020-04-06,42.393,193.04
2020-04-07,44.831,195.58
2020-04-08,45.441,182.88
2020-04-09,46.05,165.1
2020-04-10,46.66,167.64
2020-04-11,46.965,157.48
2020-04-12,47.269,142.24
2020-04-13,47.269,129.54
2020-04-14,46.66,127.0
2020-04-15,46.05,121.92
2020-04-16,44.526,116.84
2020-04-17,43.612,111.76
2020-04-18,43.612,
2020-04-19,43.612,116.84
2020-04-20,43.307,111.76
2020-04-21,43.307,109.22
2020-04-22,43.002,109.22
2020-04-23,41.173,104.14
2020-04-24,39.345,99.06
2020-04-25,36.906,88.9
2020-04-26,34.773,83.82
2020-04-27,32.639,78.74
2020-04-28,30.201,71.12
2020-04-29,27.153,63.5
2020-04-30,23.495,53.34
2020-05-01,20.447,43.18
2020-05-02,18.009,38.1
2020-05-03,15.265,30.48
2020-05-04,12.522,22.86
2020-05-05,9.169,17.78
2020-05-06,5.817,12.7
2020-05-07,3.683,5.08
2020-05-08,2.464,2.54
2020-05-09,2.159,2.54
2020-05-10,0.0,2.54
2020-05-11,0.0,2.54
2020-05-12,0.0,0.0
2020-05-13,0.0,2.54
2020-05-14,0.0,0.0
2020-05-15,0.0,2.54
2020-05-16,0.0,0.0
2020-05-17,0.305,2.54
2020-05-18,0.914,2.54
2020-05-19,1.524,
2020-05-20,1.524,
2020-05-21,1.219,0.0
2020-05-22,0.914,2.54
2020-05-23,0.61,2.54
2020-05-24,0.61,2.54
2020-05-25,0.914,2.54
2020-05-26,0.61,
2020-05-27,0.61,
2020-05-28,0.61,0.0
2020-05-29,0.61,2.54
2020-05-30,0.61,2.54
2020-05-31,0.0,2.54
2020-06-01,0.0,2.54
2020-06-02,0.0,0.0
2020-06-03,0.0,0.0
2020-06-04,0.0,
2020-06-05,0.0,0.0
2020-06-06,0.0,2.54
2020-06-07,0.0,2.54
2020-06-08,0.0,2.54
2020-06-09,0.0,2.54
2020-06-10,0.0,2.54
2020-06-11,0.0,2.54
2020-06-12,0.0,0.0
2020-06-13,0.0,2.54
2020-06-14,0.0,
2020-06-15,0.0,
2020-06-16,0.0,0.0
2020-06-17,0.0,2.54
2020-06-18,0.0,2.54
2020-06-19,0.0,0.0
2020-06-20,0.0,0.0
2020-06-21,0.0,2.54
2020-06-22,0.0,0.0
2020-06-23,0.0,0.0
2020-06-24,0.0,2.54
2020-06-25,0.0,2.54
2020-06-26,0.0,2.54
2020-06-27,0.0,0.0
2020-06-28,0.0,2.54
2020-06-29,0.0,2.54
2020-06-30,0.0,2.54
2020-07-01,0.0,
2020-07-02,0.0,2.54
2020-07-03,0.0,2.54
2020-07-04,0.0,2.54
2020-07-05,0.0,2.54
2020-07-06,0.0,2.54
2020-07-07,0.0,2.54
2020-07-08,0.0,2.54
2020-07-09,0.0,0.0
2020-07-10,0.0,2.54
2020-07-11,0.0,2.54
2020-07-12,0.0,0.0
2020-07-13,0.0,2.54
2020-07-14,0.0,
2020-07-15,0.0,2.54
2020-07-16,0.0,2.54
2020-07-17,0.0,2.54
2020-07-18,0.0,2.54
2020-07-19,0.0,2.54
2020-07-20,0.0,2.54
2020-07-21,0.0,0.0
2020-07-22,0.0,2.54
2020-07-23,0.0,7.62
2020-07-24,0.0,5.08
2020-07-25,0.0,
2020-07-26,0.0,2.54
2020-07-27,0.0,2.54
2020-07-28,0.0,5.08
2020-07-29,0.0,0.0
2020-07-30,0.0,
2020-07-31,0.0,2.54
2020-08-01,0.0,10.16
2020-08-02,0.0,12.7
2020-08-03,0.0,5.08
2020-08-04,0.0,5.08
2020-08-05,0.0,2.54
2020-08-06,0.0,7.62
2020-08-07,0.0,2.54
2020-08-08,0.0,5.08
2020-08-09,0.0,5.08
2020-08-10,0.0,5.08
2020-08-11,0.0,
2020-08-12,0.0,2.54
2020-08-13,0.0,2.54
2020-08-14,0.0,5.08
2020-08-15,0.0,2.54
2020-08-16,0.0,2.54
2020-08-17,0.0,2.54
2020-08-18,0.0,
2020-08-19,0.0,2.54
2020-08-20,0.0,2.54
2020-08-21,0.0,5.08
2020-08-22,0.0,2.54
2020-08-23,0.0,2.54
2020-08-24,0.0,2.54
2020-08-25,0.0,2.54
2020-08-26,0.0,2.54
2020-08-27,0.0,2.54
2020-08-28,0.0,2.54
2020-08-29,0.0,5.08
2020-08-30,0.0,5.08
2020-08-31,0.0,2.54
2020-09-01,0.0,
2020-09-02,0.0,5.08
2020-09-03,0.0,2.54
2020-09-04,0.0,2.54
2020-09-05,0.0,0.0
2020-09-06,0.0,0.0
2020-09-07,0.0,2.54
2020-09-08,0.0,2.54
2020-09-09,0.0,2.54
2020-09-10,0.0,0.0
2020-09-11,0.0,0.0
2020-09-12,0.0,2.54
2020-09-13,0.0,2.54
2020-09-14,0.0,2.54
2020-09-15,0.0,2.54
2020-09-16,0.0,0.0
2020-09-17,0.0,2.54
2020-09-18,0.0,2.54
2020-09-19,0.0,2.54
2020-09-20,0.0,2.54
2020-09-21,0.0,2.54
2020-09-22,0.0,2.54
2020-09-23,0.0,2.54
2020-09-24,0.0,2.54
2020-09-25,0.0,2.54
2020-09-26,0.0,2.54
2020-09-27,0.0,2.54
2020-09-28,0.0,2.54
2020-09-29,0.0,0.0
2020-09-30,0.0,2.54
2020-10-01,0.0,0.0
2020-10-02,0.0,2.54
2020-10-03,0.0,2.54
2020-10-04,0.0,2.54
2020-10-05,0.0,2.54
2020-10-06,0.0,2.54
2020-10-07,0.0,2.54
2020-10-08,0.0,2.54
2020-10-09,0.0,
2020-10-10,0.0,0.0
2020-10-11,0.0,2.54
2020-10-12,0.0,0.0
2020-10-13,0.0,0.0
2020-10-14,0.0,2.54
2020-10-15,0.0,0.0
2020-10-16,0.0,2.54
2020-10-17,0.0,
2020-10-18,0.0,
2020-10-19,0.0,2.54
2020-10-20,0.0,
2020-10-21,0.0,0.0
2020-10-22,0.0,2.54
2020-10-23,0.0,2.54
2020-10-24,0.0,2.54
2020-10-25,0.0,2.54
2020-10-26,0.0,5.08
2020-10-27,0.0,2.54
2020-10-28,0.0,2.54
2020-10-29,0.0,0.0
2020-10-30,0.0,2.54
2020-10-31,0.0,0.0
2020-11-01,0.0,2.54
2020-11-02,0.0,0.0
2020-11-03,0.0,2.54
2020-11-04,0.0,0.0
2020-11-05,0.0,0.0
2020-11-06,0.0,0.0
2020-11-07,0.0,
2020-11-08,0.0,
2020-11-09,1.219,
2020-11-10,1.524,
2020-11-11,1.829,17.78
2020-11-12,1.829,15.24
2020-11-13,1.829,15.24
2020-11-14,1.829,15.24
2020-11-15,2.134,12.7
2020-11-16,2.134,15.24
2020-11-17,2.134,12.7
2020-11-18,2.134,10.16
2020-11-19,2.743,10.16
2020-11-20,3.048,17.78
2020-11-21,3.048,12.7
2020-11-22,3.353,15.24
2020-11-23,3.353,15.24
2020-11-24,3.353,15.24
2020-11-25,3.353,15.24
2020-11-26,3.353,15.24
2020-11-27,3.048,15.24
2020-11-28,3.353,15.24
2020-11-29,3.353,15.24
2020-11-30,3.048,15.24
2020-12-01,3.048,15.24
2020-12-02,3.353,15.24
2020-12-03,3.353,15.24
2020-12-04,3.048,15.24
2020-12-05,3.048,15.24
2020-12-06,3.048,15.24
2020-12-07,3.048,15.24
2020-12-08,3.048,15.24
2020-12-09,3.048,15.24
2020-12-10,3.048,15.24
2020-12-11,3.048,15.24
2020-12-12,3.353,25.4
2020-12-13,3.658,25.4
2020-12-14,5.486,38.1
2020-12-15,5.791,35.56
2020-12-16,5.791,35.56
2020-12-17,6.096,40.64
2020-12-18,7.315,40.64
2020-12-19,7.315,45.72
2020-12-20,7.62,43.18
2020-12-21,7.62,43.18
2020-12-22,7.925,40.64
2020-12-23,7.925,43.18
2020-12-24,7.925,40.64
2020-12-25,7.925,40.64
2020-12-26,7.925,
2020-12-27,8.23,43.18
2020-12-28,8.534,
2020-12-29,8.839,
2020-12-30,9.144,50.8
2020-12-31,9.144,
2021-01-01,9.144,48.26
2021-01-02,9.449,48.26
2021-01-03,9.449,45.72
2021-01-04,9.449,43.18
2021-01-05,9.754,45.72
2021-01-06,9.754,45.72
2021-01-07,10.058,45.72
2021-01-08,10.058,45.72
2021-01-09,10.058,45.72
2021-01-10,10.058,45.72
2021-01-11,10.058,43.18
2021-01-12,10.058,43.18
2021-01-13,10.058,43.18
2021-01-14,10.058,43.18
2021-01-15,10.363,43.18
2021-01-16,10.363,40.64
2021-01-17,10.363,40.64
2021-01-18,10.363,40.64
2021-01-19,10.058,40.64
2021-01-20,10.058,40.64
2021-01-21,9.754,40.64
2021-01-22,9.754,40.64
2021-01-23,9.754,
2021-01-24,9.754,38.1
2021-01-25,10.058,
2021-01-26,10.058,
2021-01-27,12.192,73.66
2021-01-28,20.422,129.54
2021-01-29,25.298,
2021-01-30,26.213,
2021-01-31,26.822,149.86
2021-02-01,26.822,142.24
2021-02-02,27.127,137.16
2021-02-03,27.127,134.62
2021-02-04,27.432,132.08
2021-02-05,27.432,127.0
2021-02-06,27.737,124.46
2021-02-07,27.737,121.92
2021-02-08,27.737,119.38
2021-02-09,27.737,116.84
2021-02-10,27.737,114.3
2021-02-11,28.042,114.3
2021-02-12,30.48,142.24
2021-02-13,31.09,
2021-02-14,31.394,134.62
2021-02-15,31.394,132.08
2021-02-16,31.699,132.08
2021-02-17,31.699,129.54
2021-02-18,31.699,127.0
2021-02-19,32.004,124.46
2021-02-20,32.004,121.92
2021-02-21,32.004,124.46
2021-02-22,32.309,119.38
2021-02-23,30.785,116.84
2021-02-24,32.614,114.3
2021-02-25,33.528,109.22
2021-02-26,33.833,109.22
2021-02-27,34.442,109.22
2021-02-28,34.442,106.68
2021-03-01,34.747,104.14
2021-03-02,35.052,101.6
2021-03-03,35.052,101.6
2021-03-04,34.747,101.6
2021-03-05,35.052,96.52
2021-03-06,35.052,96.52
2021-03-07,34.747,93.98
2021-03-08,34.442,91.44
2021-03-09,33.833,91.44
2021-03-10,33.833,
2021-03-11,35.052,
2021-03-12,35.052,119.38
2021-03-13,35.052,111.76
2021-03-14,35.052,106.68
2021-03-15,35.052,
2021-03-16,35.357,116.84
2021-03-17,35.357,104.14
2021-03-18,35.662,99.06
2021-03-19,35.966,
2021-03-20,38.405,127.0
2021-03-21,39.014,121.92
2021-03-22,39.014,116.84
2021-03-23,39.014,116.84
2021-03-24,39.319,111.76
2021-03-25,39.319,109.22
2021-03-26,39.319,106.68
2021-03-27,39.319,104.14
2021-03-28,39.014,99.06
2021-03-29,38.405,96.52
2021-03-30,37.49,88.9
2021-03-31,35.966,86.36
2021-04-01,34.138,78.74
2021-04-02,32.614,73.66
2021-04-03,30.48,68.58
2021-04-04,28.651,63.5
2021-04-05,26.822,55.88
2021-04-06,24.994,53.34
2021-04-07,22.555,48.26
2021-04-08,19.812,43.18
2021-04-09,17.983,38.1
2021-04-10,15.85,30.48
2021-04-11,12.192,25.4
2021-04-12,9.144,17.78
2021-04-13,0.0,12.7
2021-04-14,0.0,5.08
2021-04-15,0.0,5.08
2021-04-16,0.0,2.54
2021-04-17,0.762,2.54
2021-04-18,0.0,
2021-04-19,0.0,0.0
2021-04-20,0.0,0.0
2021-04-21,0.0,
2021-04-22,0.0,2.54
2021-04-23,0.0,2.54
2021-04-24,0.0,2.54
2021-04-25,0.0,2.54
2021-04-26,0.0,
2021-04-27,0.0,5.08
2021-04-28,0.0,2.54
2021-04-29,0.0,
2021-04-30,0.0,0.0
2021-05-01,0.0,
2021-05-02,0.0,
2021-05-03,0.0,0.0
2021-05-04,0.0,
2021-05-05,0.0,
2021-05-06,0.0,
2021-05-07,0.0,0.0
2021-05-08,0.0,
2021-05-09,0.0,0.0
2021-05-10,0.0,
2021-05-11,0.0,
2021-05-12,0.0,
2021-05-13,0.0,
2021-05-14,0.0,
2021-05-15,0.0,
2021-05-16,0.0,
2021-05-17,0.0,2.54
2021-05-18,0.0,0.0
2021-05-19,0.0,0.0
2021-05-20,0.0,0.0
2021-05-21,0.0,0.0
2021-05-22,0.0,7.62
2021-05-23,0.0,
2021-05-24,0.0,0.0
2021-05-25,0.0,0.0
2021-05-26,0.0,0.0
2021-05-27,0.0,0.0
2021-05-28,0.0,
2021-05-29,0.0,0.0
2021-05-30,0.0,
2021-05-31,0.0,
2021-06-01,0.0,
2021-06-02,0.0,
2021-06-03,0.0,
2021-06-04,0.0,
2021-06-05,0.0,
2021-06-06,0.0,
2021-06-07,0.0,
2021-06-08,0.0,
2021-06-09,0.0,
2021-06-10,0.0,0.0
2021-06-11,0.0,0.0
2021-06-12,0.0,
2021-06-13,0.0,0.0
2021-06-14,0.0,
2021-06-15,0.0,0.0
2021-06-16,0.0,0.0
2021-06-17,0.0,
2021-06-18,0.0,
2021-06-19,0.0,0.0
2021-06-20,0.0,
2021-06-21,0.0,
2021-06-22,0.0,0.0
2021-06-23,0.0,0.0
2021-06-24,0.0,
2021-06-25,0.0,0.0
2021-06-26,0.0,0.0
2021-06-27,0.0,
2021-06-28,0.0,0.0
2021-06-29,0.0,0.0
2021-06-30,0.0,0.0
2021-07-01,0.0,
2021-07-02,0.0,
2021-07-03,0.0,2.54
2021-07-04,0.0,0.0
2021-07-05,0.0,
2021-07-06,0.0,
2021-07-07,0.0,
2021-07-08,0.0,
2021-07-09,0.0,
2021-07-10,0.0,
2021-07-11,0.0,
2021-07-12,0.0,
2021-07-13,0.0,
2021-07-14,0.0,
2021-07-15,0.0,0.0
2021-07-16,0.0,0.0
2021-07-17,0.0,0.0
2021-07-18,0.0,
2021-07-19,0.0,
2021-07-20,0.0,
2021-07-21,0.0,
2021-07-22,0.0,
2021-07-23,0.0,
2021-07-24,0.0,
2021-07-25,0.0,
2021-07-26,0.0,
2021-07-27,0.0,
2021-07-28,0.0,
2021-07-29,0.0,
2021-07-30,0.0,
2021-07-31,0.0,
2021-08-01,0.0,
2021-08-02,0.0,
2021-08-03,0.0,
2021-08-04,0.0,0.0
2021-08-05,0.0,
2021-08-06,0.0,0.0
2021-08-07,0.0,
2021-08-08,0.0,
2021-08-09,0.0,
2021-08-10,0.0,
2021-08-11,0.0,0.0
2021-08-12,0.0,0.0
2021-08-13,0.0,
2021-08-14,0.0,
2021-08-15,0.0,
2021-08-16,0.0,
2021-08-17,0.0,
2021-08-18,0.0,
2021-08-19,0.0,0.0
2021-08-20,0.0,0.0
2021-08-21,0.0,
2021-08-22,0.0,
2021-08-23,0.0,0.0
2021-08-24,0.0,
2021-08-25,0.0,2.54
2021-08-26,0.0,2.54
2021-08-27,0.0,0.0
2021-08-28,0.0,0.0
2021-08-29,0.0,0.0
2021-08-30,0.0,0.0
2021-08-31,0.0,2.54
2021-09-01,0.0,0.0
2021-09-02,0.0,0.0
2021-09-03,0.0,2.54
2021-09-04,0.0,
2021-09-05,0.0,0.0
2021-09-06,0.0,
2021-09-07,0.0,
2021-09-08,0.0,0.0
2021-09-09,0.0,
2021-09-10,0.0,0.0
2021-09-11,0.0,
2021-09-12,0.0,
2021-09-13,0.0,
2021-09-14,0.0,0.0
2021-09-15,0.0,
2021-09-16,0.0,
2021-09-17,0.0,0.0
2021-09-18,0.0,
2021-09-19,0.0,
2021-09-20,0.0,
2021-09-21,0.0,
2021-09-22,0.0,0.0
2021-09-23,0.0,
2021-09-24,0.0,
2021-09-25,0.0,
2021-09-26,0.0,
2021-09-27,0.0,
2021-09-28,0.0,
2021-09-29,0.0,
2021-09-30,0.0,0.0
2021-10-01,0.0,
2021-10-02,0.0,
2021-10-03,0.0,
2021-10-04,0.0,0.0
2021-10-05,0.0,0.0
2021-10-06,0.0,0.0
2021-10-07,0.0,2.54
2021-10-08,0.0,2.54
2021-10-09,0.0,10.16
2021-10-10,0.0,5.08
2021-10-11,0.0,5.08
2021-10-12,0.0,7.62
2021-10-13,0.0,5.08
2021-10-14,0.0,2.54
2021-10-15,0.0,
2021-10-16,0.0,2.54
2021-10-17,0.0,2.54
2021-10-18,0.305,
2021-10-19,0.61,12.7
2021-10-20,0.61,7.62
2021-10-21,0.61,2.54
2021-10-22,0.305,2.54
2021-10-23,0.0,0.0
2021-10-24,0.0,0.0
2021-10-25,0.61,0.0
2021-10-26,5.791,
2021-10-27,5.791,40.64
2021-10-28,5.791,33.02
2021-10-29,5.791,27.94
2021-10-30,5.486,22.86
2021-10-31,5.182,20.32
2021-11-01,4.877,17.78
2021-11-02,4.877,12.7
2021-11-03,4.572,12.7
2021-11-04,4.572,12.7
2021-11-05,3.962,10.16
2021-11-06,3.658,10.16
2021-11-07,3.353,7.62
2021-11-08,3.048,10.16
2021-11-09,3.962,
2021-11-10,5.182,25.4
2021-11-11,5.486,22.86
2021-11-12,5.182,20.32
2021-11-13,5.182,20.32
2021-11-14,5.182,17.78
2021-11-15,5.182,17.78
2021-11-16,4.877,15.24
2021-11-17,4.572,15.24
2021-11-18,4.572,15.24
2021-11-19,4.267,15.24
2021-11-20,4.572,15.24
2021-11-21,4.877,15.24
2021-11-22,4.267,12.7
2021-11-23,4.267,15.24
2021-11-24,5.182,15.24
2021-11-25,6.706,15.24
2021-11-26,7.01,12.7
2021-11-27,6.401,12.7
2021-11-28,6.096,12.7
2021-11-29,6.096,12.7
2021-11-30,6.096,12.7
2021-12-01,5.791,10.16
2021-12-02,5.486,12.7
2021-12-03,5.486,10.16
2021-12-04,7.01,12.7
2021-12-05,8.839,12.7
2021-12-06,8.839,12.7
2021-12-07,7.62,12.7
2021-12-08,6.401,12.7
2021-12-09,8.23,
2021-12-10,9.754,40.64
2021-12-11,9.144,38.1
2021-12-12,8.839,35.56
2021-12-13,9.144,43.18
2021-12-14,13.716,
2021-12-15,17.678,111.76
2021-12-16,19.202,111.76
2021-12-17,21.946,119.38
2021-12-18,22.25,114.3
2021-12-19,22.25,109.22
2021-12-20,22.25,106.68
2021-12-21,22.25,101.6
2021-12-22,21.946,99.06
2021-12-23,24.689,132.08
2021-12-24,32.004,160.02
2021-12-25,35.052,167.64
2021-12-26,38.405,200.66
2021-12-27,39.929,208.28
2021-12-28,42.672,218.44
2021-12-29,43.282,210.82
2021-12-30,44.806,215.9
2021-12-31,45.11,208.28
2022-01-01,45.11,203.2
2022-01-02,45.11,195.58
2022-01-03,45.415,193.04
2022-01-04,45.415,187.96
2022-01-05,45.415,185.42
2022-01-06,45.415,180.34
2022-01-07,45.415,177.8
2022-01-08,45.415,175.26
2022-01-09,45.415,172.72
2022-01-10,45.415,172.72
2022-01-11,45.415,167.64
2022-01-12,45.415,165.1
2022-01-13,45.415,162.56
2022-01-14,45.415,162.56
2022-01-15,45.415,160.02
2022-01-16,45.415,160.02
2022-01-17,45.415,157.48
2022-01-18,45.415,157.48
2022-01-19,45.415,154.94
2022-01-20,45.415,154.94
2022-01-21,45.415,154.94
2022-01-22,45.415,152.4
2022-01-23,45.415,152.4
2022-01-24,45.415,152.4
2022-01-25,45.415,149.86
2022-01-26,45.72,149.86
2022-01-27,45.72,147.32
2022-01-28,45.72,147.32
2022-01-29,46.025,147.32
2022-01-30,46.025,147.32
2022-01-31,46.025,147.32
2022-02-01,46.025,144.78
2022-02-02,46.025,144.78
2022-02-03,46.025,142.24
2022-02-04,46.025,142.24
2022-02-05,46.025,142.24
2022-02-06,46.025,142.24
2022-02-07,46.025,139.7
2022-02-08,46.025,139.7
2022-02-09,46.025,139.7
2022-02-10,46.025,137.16
2022-02-11,46.025,137.16
2022-02-12,45.72,134.62
2022-02-13,45.415,134.62
2022-02-14,45.415,134.62
2022-02-15,45.11,132.08
2022-02-16,44.501,134.62
2022-02-17,44.501,132.08
2022-02-18,44.501,129.54
2022-02-19,44.196,129.54
2022-02-20,44.196,129.54
2022-02-21,43.891,129.54
2022-02-22,43.586,129.54
2022-02-23,43.586,139.7
2022-02-24,43.586,137.16
2022-02-25,43.586,134.62
2022-02-26,43.586,134.62
2022-02-27,44.196,132.08
2022-02-28,44.501,127.0
2022-03-01,44.501,127.0
2022-03-02,44.501,124.46
2022-03-03,44.577,121.92
2022-03-04,44.577,121.92
2022-03-05,44.704,137.16
2022-03-06,44.806,139.7
2022-03-07,45.72,137.16
2022-03-08,46.025,134.62
2022-03-09,46.025,132.08
2022-03-10,45.72,129.54
2022-03-11,45.72,129.54
2022-03-12,45.415,124.46
2022-03-13,44.806,121.92
2022-03-14,45.11,119.38
2022-03-15,45.11,116.84
2022-03-16,45.415,116.84
2022-03-17,45.415,114.3
2022-03-18,45.415,114.3
2022-03-19,45.11,111.76
2022-03-20,45.11,
2022-03-21,46.025,109.22
2022-03-22,45.11,104.14
2022-03-23,44.196,101.6
2022-03-24,42.062,96.52
2022-03-25,40.234,91.44
2022-03-26,38.405,86.36
2022-03-27,36.881,81.28
2022-03-28,35.357,76.2
2022-03-29,35.662,
2022-03-30,35.966,86.36
2022-03-31,35.357,81.28
2022-04-01,34.442,76.2
2022-04-02,32.614,71.12
2022-04-03,30.785,66.04
2022-04-04,29.566,60.96
2022-04-05,28.346,60.96
2022-04-06,26.518,55.88
2022-04-07,24.384,50.8
2022-04-08,22.25,43.18
2022-04-09,19.812,38.1
2022-04-10,17.983,33.02
2022-04-11,16.154,25.4
2022-04-12,14.935,40.64
2022-04-13,14.935,40.64
2022-04-14,14.935,35.56
2022-04-15,13.716,27.94
2022-04-16,12.497,33.02
2022-04-17,12.802,45.72
2022-04-18,12.802,35.56
2022-04-19,12.192,30.48
2022-04-20,11.278,22.86
2022-04-21,9.754,20.32
2022-04-22,10.058,45.72
2022-04-23,9.754,35.56
2022-04-24,9.754,30.48
2022-04-25,9.144,25.4
2022-04-26,7.62,17.78
2022-04-27,6.401,15.24
2022-04-28,4.267,12.7
2022-04-29,2.438,7.62
2022-04-30,1.219,2.54
2022-05-01,0.61,2.54
2022-05-02,0.61,0.0
2022-05-03,0.305,2.54
2022-05-04,0.305,2.54
2022-05-05,0.305,2.54
2022-05-06,0.305,0.0
2022-05-07,0.0,2.54
2022-05-08,0.0,2.54
2022-05-09,0.0,2.54
2022-05-10,0.0,2.54
2022-05-11,0.0,
2022-05-12,0.0,5.08
2022-05-13,0.0,2.54
2022-05-14,0.0,2.54
2022-05-15,0.0,0.0
2022-05-16,0.0,2.54
2022-05-17,0.0,2.54
2022-05-18,0.0,2.54
2022-05-19,0.0,
2022-05-20,0.0,2.54
2022-05-21,0.0,2.54
2022-05-22,0.0,
2022-05-23,0.0,2.54
2022-05-24,0.0,0.0
2022-05-25,0.0,0.0
2022-05-26,0.0,0.0
2022-05-27,0.0,2.54
2022-05-28,0.0,2.54
2022-05-29,0.0,2.54
2022-05-30,0.0,2.54
2022-05-31,0.0,2.54
2022-06-01,0.0,2.54
2022-06-02,0.0,2.54
2022-06-03,0.0,0.0
2022-06-04,0.0,2.54
2022-06-05,0.0,2.54
2022-06-06,0.0,0.0
2022-06-07,0.0,2.54
2022-06-08,0.0,0.0
2022-06-09,0.0,0.0
2022-06-10,0.0,2.54
2022-06-11,0.0,2.54
2022-06-12,0.0,2.54
2022-06-13,0.0,2.54
2022-06-14,0.0,2.54
2022-06-15,0.0,2.54
2022-06-16,0.0,5.08
2022-06-17,0.0,2.54
2022-06-18,0.0,2.54
2022-06-19,0.0,2.54
2022-06-20,0.0,0.0
2022-06-21,0.0,2.54
2022-06-22,0.0,5.08
2022-06-23,0.0,2.54
2022-06-24,0.0,2.54
2022-06-25,0.0,2.54
2022-06-26,0.0,2.54
2022-06-27,0.0,2.54
2022-06-28,0.0,2.54
2022-06-29,0.0,2.54
2022-06-30,0.0,
2022-07-01,0.0,2.54
2022-07-02,0.0,2.54
2022-07-03,0.0,2.54
2022-07-04,0.0,0.0
2022-07-05,0.0,2.54
2022-07-06,0.0,2.54
2022-07-07,0.0,2.54
2022-07-08,0.0,5.08
2022-07-09,0.0,2.54
2022-07-10,0.0,2.54
2022-07-11,0.0,2.54
2022-07-12,0.0,2.54
2022-07-13,0.0,2.54
2022-07-14,0.0,2.54
2022-07-15,0.0,2.54
2022-07-16,0.0,2.54
2022-07-17,0.0,2.54
2022-07-18,0.0,2.54
2022-07-19,0.0,5.08
2022-07-20,0.0,2.54
2022-07-21,0.0,2.54
2022-07-22,0.0,2.54
2022-07-23,0.0,2.54
2022-07-24,0.0,2.54
2022-07-25,0.0,2.54
2022-07-26,0.0,2.54
2022-07-27,0.0,2.54
2022-07-28,0.0,0.0
2022-07-29,0.0,2.54
2022-07-30,0.0,
2022-07-31,0.0,0.0
2022-08-01,0.0,2.54
2022-08-02,0.0,2.54
2022-08-03,0.0,2.54
2022-08-04,0.0,2.54
2022-08-05,0.0,2.54
2022-08-06,0.0,2.54
2022-08-07,0.0,5.08
2022-08-08,0.0,2.54
2022-08-09,0.0,2.54
2022-08-10,0.0,2.54
2022-08-11,0.0,2.54
2022-08-12,0.0,5.08
2022-08-13,0.0,2.54
2022-08-14,0.0,2.54
2022-08-15,0.0,5.08
2022-08-16,0.0,2.54
2022-08-17,0.0,2.54
2022-08-18,0.0,0.0
2022-08-19,0.0,0.0
2022-08-20,0.0,2.54
2022-08-21,0.0,0.0
2022-08-22,0.0,
2022-08-23,0.0,2.54
2022-08-24,0.0,2.54
2022-08-25,0.0,
2022-08-26,0.0,
2022-08-27,0.0,
2022-08-28,0.0,2.54
2022-08-29,0.0,
2022-08-30,0.0,
2022-08-31,0.0,2.54
2022-09-01,0.0,2.54
2022-09-02,0.0,2.54
2022-09-03,0.0,
2022-09-04,0.0,2.54
2022-09-05,0.0,2.54
2022-09-06,0.0,0.0
2022-09-07,0.0,0.0
2022-09-08,0.0,2.54
2022-09-09,0.0,2.54
2022-09-10,0.0,
2022-09-11,0.0,2.54
2022-09-12,0.0,2.54
2022-09-13,0.0,2.54
2022-09-14,0.0,2.54
2022-09-15,0.0,2.54
2022-09-16,0.0,2.54
2022-09-17,0.0,2.54
2022-09-18,0.0,2.54
2022-09-19,0.0,2.54
2022-09-20,0.0,2.54
2022-09-21,0.0,2.54
2022-09-22,0.0,2.54
2022-09-23,0.0,2.54
2022-09-24,0.0,2.54
2022-09-25,0.0,2.54
2022-09-26,0.0,2.54
2022-09-27,0.0,2.54
2022-09-28,0.0,2.54
2022-09-29,0.0,5.08
2022-09-30,0.0,2.54
2022-10-01,0.0,5.08
2022-10-02,0.0,2.54
2022-10-03,0.0,2.54
2022-10-04,0.0,2.54
2022-10-05,0.0,2.54
2022-10-06,0.0,2.54
2022-10-07,0.0,2.54
2022-10-08,0.0,2.54
2022-10-09,0.0,2.54
2022-10-10,0.0,2.54
2022-10-11,0.0,2.54
2022-10-12,0.0,2.54
2022-10-13,0.0,2.54
2022-10-14,0.0,5.08
2022-10-15,0.0,2.54
2022-10-16,0.0,2.54
2022-10-17,0.0,2.54
2022-10-18,0.0,2.54
2022-10-19,0.0,2.54
2022-10-20,0.0,2.54
2022-10-21,0.0,2.54
2022-10-22,0.0,2.54
2022-10-23,0.0,2.54
2022-10-24,0.0,2.54
2022-10-25,0.0,2.54
2022-10-26,0.0,2.54
2022-10-27,0.0,2.54
2022-10-28,0.0,5.08
2022-10-29,0.0,5.08
2022-10-30,0.0,2.54
2022-10-31,0.0,5.08
2022-11-01,0.0,5.08
2022-11-02,0.305,12.7
2022-11-03,0.305,
2022-11-04,0.305,15.24
2022-11-05,0.61,12.7
2022-11-06,0.61,10.16
2022-11-07,1.829,12.7
2022-11-08,5.182,
2022-11-09,10.668,
2022-11-10,11.278,78.74
2022-11-11,11.582,73.66
2022-11-12,11.582,68.58
2022-11-13,11.582,63.5
2022-11-14,11.582,60.96
2022-11-15,11.582,60.96
2022-11-16,11.582,55.88
2022-11-17,11.582,55.88
2022-11-18,11.582,53.34
2022-11-19,11.582,53.34
2022-11-20,11.582,50.8
2022-11-21,11.582,50.8
2022-11-22,11.582,50.8
2022-11-23,11.582,48.26
2022-11-24,11.582,48.26
2022-11-25,11.582,45.72
2022-11-26,11.582,45.72
2022-11-27,11.582,45.72
2022-11-28,11.582,45.72
2022-11-29,11.278,45.72
2022-11-30,11.278,45.72
2022-12-01,11.278,45.72
2022-12-02,15.545,88.9
2022-12-03,16.154,86.36
2022-12-04,20.117,106.68
2022-12-05,22.555,114.3
2022-12-06,22.86,111.76
2022-12-07,22.86,109.22
2022-12-08,22.86,106.68
2022-12-09,22.86,104.14
2022-12-10,22.86,104.14
2022-12-11,30.175,
2022-12-12,32.004,149.86
2022-12-13,32.309,147.32
2022-12-14,32.309,142.24
2022-12-15,32.614,139.7
2022-12-16,32.614,137.16
2022-12-17,32.614,134.62
2022-12-18,32.614,132.08
2022-12-19,32.614,127.0
2022-12-20,32.614,124.46
2022-12-21,32.614,124.46
2022-12-22,32.614,124.46
2022-12-23,32.918,121.92
2022-12-24,32.918,121.92
2022-12-25,32.918,119.38
2022-12-26,32.918,116.84
2022-12-27,33.833,
2022-12-28,40.843,177.8
2022-12-29,41.148,172.72
2022-12-30,42.367,180.34
2022-12-31,46.33,185.42
2023-01-01,56.388,228.6
2023-01-02,57.607,220.98
2023-01-03,59.741,236.22
2023-01-04,60.35,226.06
2023-01-05,63.094,238.76
2023-01-06,68.58,274.32
2023-01-07,68.885,261.62
2023-01-08,69.19,259.08
2023-01-09,72.847,281.94
2023-01-10,85.344,330.2
2023-01-11,91.44,350.52
2023-01-12,92.354,340.36
2023-01-13,92.964,330.2
2023-01-14,93.878,327.66
2023-01-15,99.06,365.76
2023-01-16,101.194,368.3
2023-01-17,104.242,378.46
2023-01-18,104.242,365.76
2023-01-19,104.242,360.68
2023-01-20,104.851,355.6
2023-01-21,104.851,347.98
2023-01-22,104.851,342.9
2023-01-23,104.851,337.82
2023-01-24,104.851,332.74
2023-01-25,104.851,327.66
2023-01-26,104.546,325.12
2023-01-27,104.546,320.04
2023-01-28,104.242,317.5
2023-01-29,103.937,314.96
2023-01-30,103.327,312.42
2023-01-31,103.327,312.42
2023-02-01,123.139,309.88
2023-02-02,122.834,307.34
2023-02-03,122.834,304.8
2023-02-04,122.834,302.26
2023-02-05,123.749,320.04
2023-02-06,124.968,330.2
2023-02-07,125.273,325.12
2023-02-08,125.273,320.04
2023-02-09,125.273,317.5
2023-02-10,125.273,312.42
2023-02-11,125.273,309.88
2023-02-12,125.273,317.5
2023-02-13,125.578,314.96
2023-02-14,125.578,309.88
2023-02-15,125.578,309.88
2023-02-16,125.578,307.34
2023-02-17,125.578,307.34
2023-02-18,125.578,304.8
2023-02-19,125.578,302.26
2023-02-20,125.882,299.72
2023-02-21,125.882,294.64
2023-02-22,126.187,299.72
2023-02-23,126.492,327.66
2023-02-24,126.797,332.74
2023-02-25,132.588,
2023-02-26,135.026,
2023-02-27,136.855,
2023-02-28,140.208,
2023-03-01,144.475,
2023-03-02,145.999,
2023-03-03,146.914,
2023-03-04,147.523,
2023-03-05,147.828,
2023-03-06,149.657,
2023-03-07,149.962,
2023-03-08,150.571,
2023-03-09,150.571,403.86
2023-03-10,156.058,
2023-03-11,167.335,
2023-03-12,171.602,
2023-03-13,174.65,
2023-03-14,175.565,
2023-03-15,182.27,
2023-03-16,184.404,
2023-03-17,185.318,
2023-03-18,185.928,
2023-03-19,186.233,
2023-03-20,188.976,
2023-03-21,190.5,
2023-03-22,193.853,
2023-03-23,195.377,
2023-03-24,195.682,
2023-03-25,195.986,
2023-03-26,195.986,
2023-03-27,196.291,
2023-03-28,196.291,
2023-03-29,199.034,
2023-03-30,201.168,
2023-03-31,201.778,
2023-04-01,202.082,
2023-04-02,202.082,
2023-04-03,202.082,
2023-04-04,203.606,
2023-04-05,204.826,
2023-04-06,204.826,
2023-04-07,205.435,
2023-04-08,206.045,
2023-04-09,206.35,
2023-04-10,201.473,
2023-04-11,194.462,
2023-04-12,195.377,
2023-04-13,195.682,
2023-04-14,196.901,246.38
2023-04-15,197.206,160.02
2023-04-16,197.815,160.02
2023-04-17,199.339,160.02
2023-04-18,199.644,157.48
2023-04-19,199.339,157.48
2023-04-20,199.034,160.02
2023-04-21,199.644,160.02
2023-04-22,201.778,160.02
2023-04-23,200.863,157.48
2023-04-24,199.339,154.94
2023-04-25,197.815,154.94
2023-04-26,196.596,154.94
2023-04-27,194.767,157.48
2023-04-28,192.634,152.4
2023-04-29,190.195,152.4
2023-04-30,187.452,152.4
2023-05-01,184.404,149.86
2023-05-02,182.27,149.86
2023-05-03,181.966,147.32
2023-05-04,181.966,147.32
2023-05-05,181.966,147.32
2023-05-06,181.966,147.32
2023-05-07,181.966,152.4
2023-05-08,181.661,149.86
2023-05-09,181.356,149.86
2023-05-10,181.356,152.4
2023-05-11,180.746,152.4
2023-05-12,180.746,154.94
2023-05-13,179.832,154.94
2023-05-14,177.394,154.94
2023-05-15,174.955,154.94
2023-05-16,172.212,157.48
2023-05-17,169.774,162.56
2023-05-18,167.335,160.02
2023-05-19,163.982,160.02
2023-05-20,161.239,167.64
2023-05-21,158.801,165.1
2023-05-22,156.667,167.64
2023-05-23,155.448,167.64
2023-05-24,153.314,167.64
2023-05-25,150.876,162.56
2023-05-26,148.438,165.1
2023-05-27,146.304,160.02
2023-05-28,144.475,157.48
2023-05-29,141.732,160.02
2023-05-30,139.903,160.02
2023-05-31,137.77,154.94
2023-06-01,135.331,149.86
2023-06-02,133.807,149.86
2023-06-03,131.369,149.86
2023-06-04,128.626,149.86
2023-06-05,125.882,134.62
2023-06-06,123.444,154.94
2023-06-07,121.006,127.0
2023-06-08,119.177,139.7
2023-06-09,117.653,152.4
2023-06-10,116.129,154.94
2023-06-11,113.995,165.1
2023-06-12,111.862,144.78
2023-06-13,110.338,162.56
2023-06-14,109.118,162.56
2023-06-15,106.375,27.94
2023-06-16,103.022,142.24
2023-06-17,99.67,27.94
2023-06-18,96.012,134.62
2023-06-19,91.44,137.16
2023-06-20,88.392,99.06
2023-06-21,85.344,99.06
2023-06-22,81.991,99.06
2023-06-23,78.638,111.76
2023-06-24,75.286,99.06
2023-06-25,70.383,96.52
2023-06-26,64.567,99.06
2023-06-27,57.81,88.9
2023-06-28,52.603,91.44
2023-06-29,44.958,96.52
2023-06-30,33.655,109.22
2023-07-01,18.39,68.58
2023-07-02,13.462,73.66
2023-07-03,9.779,101.6
2023-07-04,6.096,144.78
2023-07-05,3.658,205.74
2023-07-06,2.743,185.42
2023-07-07,1.829,228.6
2023-07-08,0.0,246.38
2023-07-09,0.0,243.84
2023-07-10,0.0,243.84
2023-07-11,0.0,243.84
2023-07-12,0.0,248.92
2023-07-13,0.0,246.38
2023-07-14,0.0,223.52
2023-07-15,0.0,243.84
2023-07-16,0.0,241.3
2023-07-17,0.0,243.84
2023-07-18,0.0,243.84
2023-07-19,0.0,246.38
2023-07-20,0.0,246.38
2023-07-21,0.0,243.84
2023-07-22,0.0,243.84
2023-07-23,0.0,243.84
2023-07-24,0.0,243.84
2023-07-25,0.0,243.84
2023-07-26,0.0,243.84
2023-07-27,0.0,243.84
2023-07-28,0.0,241.3
2023-07-29,0.0,243.84
2023-07-30,0.0,246.38
2023-07-31,0.0,246.38
2023-08-01,0.0,243.84
2023-08-02,0.0,246.38
2023-08-03,0.0,246.38
2023-08-04,0.0,246.38
2023-08-05,0.0,246.38
2023-08-06,0.0,246.38
2023-08-07,0.0,246.38
2023-08-08,0.0,246.38
2023-08-09,0.0,248.92
2023-08-10,0.0,246.38
2023-08-11,0.0,248.92
2023-08-12,0.0,210.82
2023-08-13,0.0,157.48
2023-08-14,0.0,246.38
2023-08-15,0.0,243.84
2023-08-16,0.0,243.84
2023-08-17,0.0,248.92
2023-08-18,0.0,246.38
2023-08-19,0.0,243.84
2023-08-20,0.0,101.6
2023-08-21,0.0,66.04
2023-08-22,0.0,175.26
2023-08-23,0.0,198.12
2023-08-24,0.0,246.38
2023-08-25,0.0,246.38
2023-08-26,0.0,246.38
2023-08-27,0.0,246.38
2023-08-28,0.0,246.38
2023-08-29,0.0,246.38
2023-08-30,0.0,243.84
2023-08-31,0.0,243.84
2023-09-01,0.0,246.38
2023-09-02,0.0,218.44
2023-09-03,0.0,243.84
2023-09-04,0.0,231.14
2023-09-05,0.0,246.38
2023-09-06,0.0,248.92
2023-09-07,0.0,246.38
2023-09-08,0.0,226.06
2023-09-09,0.0,243.84
2023-09-10,0.0,248.92
2023-09-11,0.0,198.12
2023-09-12,0.0,246.38
2023-09-13,0.0,248.92
2023-09-14,0.0,246.38
2023-09-15,0.0,246.38
2023-09-16,0.0,246.38
2023-09-17,0.0,246.38
2023-09-18,0.0,238.76
2023-09-19,0.0,246.38
2023-09-20,0.0,246.38
2023-09-21,0.0,254.0
2023-09-22,0.0,248.92
2023-09-23,0.0,248.92
2023-09-24,0.0,246.38
2023-09-25,0.0,246.38
2023-09-26,0.0,246.38
2023-09-27,0.0,246.38
2023-09-28,0.0,246.38
2023-09-29,0.0,246.38
2023-09-30,0.0,132.08
2023-10-01,0.0,210.82
2023-10-02,0.0,193.04
2023-10-03,0.0,198.12
2023-10-04,0.0,2.54
2023-10-05,0.0,2.54
2023-10-06,0.0,12.7
2023-10-07,0.0,12.7
2023-10-08,0.0,10.16
2023-10-09,0.0,12.7
2023-10-10,0.0,15.24
2023-10-11,0.0,12.7
2023-10-12,0.0,15.24
2023-10-13,0.0,15.24
2023-10-14,0.0,15.24
2023-10-15,0.0,12.7
2023-10-16,0.0,10.16
2023-10-17,0.0,15.24
2023-10-18,0.0,5.08
2023-10-19,0.0,5.08
2023-10-20,0.0,7.62
2023-10-21,0.0,5.08
2023-10-22,0.0,7.62
2023-10-23,0.0,
2023-10-24,0.0,5.08
2023-10-25,0.0,5.08
2023-10-26,0.0,7.62
2023-10-27,0.0,5.08
2023-10-28,0.0,5.08
2023-10-29,0.0,2.54
2023-10-30,0.0,5.08
2023-10-31,0.0,2.54
2023-11-01,,5.08
2023-11-02,,5.08
2023-11-03,,5.08
2023-11-04,,
2023-11-05,,
2023-11-06,,0.0
2023-11-07,,
2023-11-08,,
2023-11-09,,
2023-11-10,,
2023-11-11,,
2023-11-12,,10.16
2023-11-13,,5.08
2023-11-14,,10.16
2023-11-15,,2.54
2023-11-16,,
2023-11-17,,10.16
2023-11-18,,
2023-11-19,,
2023-11-20,,2.54
2023-11-21,,17.78
2023-11-22,,2.54
2023-11-23,4.877,5.08
2023-11-24,5.182,7.62
2023-11-25,5.182,7.62
2023-11-26,4.267,15.24
2023-11-27,4.572,15.24
2023-11-28,4.572,20.32
2023-11-29,4.267,5.08
2023-11-30,4.267,5.08
2023-12-01,4.267,
2023-12-02,4.267,
2023-12-03,4.267,5.08
2023-12-04,4.572,2.54
2023-12-05,4.877,2.54
2023-12-06,5.182,12.7
2023-12-07,5.182,
2023-12-08,4.572,
2023-12-09,4.267,
2023-12-10,4.572,
2023-12-11,5.182,5.08
2023-12-12,4.572,2.54
2023-12-13,4.267,2.54
2023-12-14,3.962,
2023-12-15,4.267,2.54
2023-12-16,4.572,
2023-12-17,4.572,
2023-12-18,5.182,
2023-12-19,8.23,
2023-12-20,8.89,
2023-12-21,8.89,
2023-12-22,8.89,
2023-12-23,8.636,
2023-12-24,8.23,22.86
2023-12-25,8.23,
2023-12-26,7.62,
2023-12-27,7.62,17.78
2023-12-28,7.62,
2023-12-29,7.62,20.32
2023-12-30,8.052,
2023-12-31,8.052,
2024-01-01,8.052,
2024-01-02,8.052,
2024-01-03,8.509,
2024-01-04,8.509,
2024-01-05,8.509,
2024-01-06,8.509,
2024-01-07,8.941,
2024-01-08,8.941,
2024-01-09,8.941,
2024-01-10,9.373,
2024-01-11,9.373,
2024-01-12,9.804,
2024-01-13,10.262,
2024-01-14,10.693,
2024-01-15,11.125,
2024-01-16,11.582,
2024-01-17,12.446,
2024-01-18,12.446,
2024-01-19,13.335,76.2
2024-01-20,13.767,
2024-01-21,14.199,81.28
2024-01-22,15.088,
2024-01-23,16.84,
2024-01-24,17.272,
2024-01-25,18.161,
2024-01-26,18.593,
2024-01-27,18.593,96.52
2024-01-28,20.803,91.44
2024-01-29,22.86,93.98
2024-01-30,24.384,93.98
2024-01-31,24.765,91.44
2024-02-01,26.289,
2024-02-02,28.931,
2024-02-03,30.074,
2024-02-04,31.217,
2024-02-05,38.049,
2024-02-06,39.954,
2024-02-07,41.097,
2024-02-08,41.834,
2024-02-09,42.596,
2024-02-10,42.596,
2024-02-11,42.977,147.32
2024-02-12,43.358,139.7
2024-02-13,44.12,142.24
2024-02-14,44.501,142.24
2024-02-15,46.406,
2024-02-16,47.168,
2024-02-17,47.93,147.32
2024-02-18,49.047,
2024-02-19,50.952,
2024-02-20,55.524,
2024-02-21,58.166,
2024-02-22,59.309,
2024-02-23,59.69,190.5
2024-02-24,59.919,187.96
2024-02-25,60.147,185.42
2024-02-26,60.147,177.8
2024-02-27,60.147,172.72
2024-02-28,60.35,172.72
2024-02-29,60.35,170.18
2024-03-01,60.35,167.64
2024-03-02,62.814,193.04
2024-03-03,66.142,
2024-03-04,67.259,215.9
2024-03-05,67.691,215.9
2024-03-06,68.148,210.82
2024-03-07,68.351,208.28
2024-03-08,68.58,203.2
2024-03-09,68.809,200.66
2024-03-10,77.445,200.66
2024-03-11,77.445,198.12
2024-03-12,77.445,193.04
2024-03-13,77.648,193.04
2024-03-14,77.876,190.5
2024-03-15,77.876,187.96
2024-03-16,78.105,187.96
2024-03-17,78.105,182.88
2024-03-18,78.105,175.26
2024-03-19,77.876,167.64
2024-03-20,77.445,162.56
2024-03-21,76.556,160.02
2024-03-22,75.438,154.94
2024-03-23,74.778,
2024-03-24,75.209,
2024-03-25,75.87,
2024-03-26,76.098,162.56
2024-03-27,76.327,157.48
2024-03-28,77.216,
2024-03-29,78.537,
2024-03-30,80.315,220.98
2024-03-31,81.661,213.36
2024-04-01,82.093,218.44
2024-04-02,82.55,203.2
2024-04-03,83.033,187.96
2024-04-04,82.55,172.72
2024-04-05,84.455,
2024-04-06,86.335,
2024-04-07,87.3,198.12
2024-04-08,87.3,193.04
2024-04-09,88.24,187.96
2024-04-10,88.24,177.8
2024-04-11,86.817,172.72
2024-04-12,84.912,167.64
2024-04-13,83.972,165.1
2024-04-14,83.033,
2024-04-15,83.033,
2024-04-16,83.49,167.64
2024-04-17,83.49,160.02
2024-04-18,82.067,157.48
2024-04-19,79.223,152.4
2024-04-20,76.378,147.32
2024-04-21,72.593,142.24
2024-04-22,68.326,134.62
2024-04-23,64.059,129.54
2024-04-24,59.792,114.3
2024-04-25,56.464,116.84
2024-04-26,52.68,
2024-04-27,50.317,104.14
2024-04-28,49.352,106.68
2024-04-29,46.99,101.6
2024-04-30,44.552,99.06
2024-05-01,42.418,91.44
2024-05-02,39.98,83.82
2024-05-03,37.846,81.28
2024-05-04,34.493,73.66
2024-05-05,34.188,
2024-05-06,34.188,86.36
2024-05-07,35.103,83.82
2024-05-08,34.493,78.74
2024-05-09,32.969,73.66
2024-05-10,30.226,66.04
2024-05-11,28.092,66.04
2024-05-12,25.044,60.96
2024-05-13,21.387,50.8
2024-05-14,18.644,45.72
2024-05-15,14.681,45.72
2024-05-16,9.5,35.56
2024-05-17,7.671,
2024-05-18,5.232,17.78
2024-05-19,3.404,
2024-05-20,1.219,2.54
2024-05-21,0.0,2.54
2024-05-22,0.0,2.54
2024-05-23,0.0,
2024-05-24,0.0,7.62
2024-05-25,0.0,
2024-05-26,0.0,7.62
2024-05-27,0.0,7.62
2024-05-28,0.0,5.08
2024-05-29,0.0,5.08
2024-05-30,0.0,5.08
2024-05-31,0.0,
2024-06-01,0.0,
2024-06-02,0.0,
2024-06-03,0.0,
2024-06-04,0.0,
2024-06-05,0.0,
2024-06-06,0.0,
2024-06-07,0.0,
2024-06-08,0.0,
2024-06-09,0.0,
2024-06-10,0.0,
2024-06-11,0.0,
2024-06-12,0.0,
2024-06-13,0.0,
2024-06-14,0.0,
2024-06-15,0.0,2.54
2024-06-16,0.0,2.54
2024-06-17,0.0,
2024-06-18,0.0,
2024-06-19,0.0,2.54
2024-06-20,0.0,
2024-06-21,0.0,
2024-06-22,0.0,
2024-06-23,0.0,
2024-06-24,0.0,
2024-06-25,0.0,
2024-06-26,0.0,
2024-06-27,0.0,
2024-06-28,0.0,2.54
2024-06-29,0.0,2.54
2024-06-30,0.0,
2024-07-01,0.0,
2024-07-02,0.0,
2024-07-03,0.0,
2024-07-04,0.0,
2024-07-05,0.0,
2024-07-06,0.0,2.54
2024-07-07,0.0,2.54
2024-07-08,0.0,2.54
2024-07-09,0.0,2.54
2024-07-10,0.0,5.08
2024-07-11,0.0,5.08
2024-07-12,0.0,2.54
2024-07-13,0.0,5.08
2024-07-14,0.0,
2024-07-15,0.0,
2024-07-16,0.0,
2024-07-17,0.0,
2024-07-18,0.0,
2024-07-19,0.0,
2024-07-20,0.0,
2024-07-21,0.0,
2024-07-22,0.0,2.54
2024-07-23,0.0,
2024-07-24,0.0,
2024-07-25,0.0,
2024-07-26,0.0,
2024-07-27,0.0,
2024-07-28,0.0,
2024-07-29,0.0,
2024-07-30,0.0,
2024-07-31,0.0,
2024-08-01,0.0,
2024-08-02,0.0,
2024-08-03,0.0,
2024-08-04,0.0,
2024-08-05,0.0,2.54
2024-08-06,0.0,5.08
2024-08-07,0.0,
2024-08-08,0.0,
2024-08-09,0.0,0.0
2024-08-10,0.0,5.08
2024-08-11,0.0,7.62
2024-08-12,0.0,
2024-08-13,0.0,5.08
2024-08-14,0.0,2.54
2024-08-15,0.0,2.54
2024-08-16,0.0,7.62
2024-08-17,0.0,7.62
2024-08-18,0.0,2.54
2024-08-19,0.0,7.62
2024-08-20,0.0,5.08
2024-08-21,0.0,2.54
2024-08-22,0.0,5.08
2024-08-23,0.0,2.54
2024-08-24,0.0,5.08
2024-08-25,0.0,2.54
2024-08-26,0.0,2.54
2024-08-27,0.0,7.62
2024-08-28,0.0,0.0
2024-08-29,0.0,7.62
2024-08-30,0.0,5.08
2024-08-31,0.0,2.54
2024-09-01,0.0,7.62
2024-09-02,0.0,
2024-09-03,0.0,5.08
2024-09-04,0.0,
2024-09-05,0.0,2.54
2024-09-06,0.0,
2024-09-07,0.0,5.08
2024-09-08,0.0,2.54
2024-09-09,0.0,
2024-09-10,0.0,5.08
2024-09-11,0.0,7.62
2024-09-12,0.0,5.08
2024-09-13,0.0,5.08
2024-09-14,0.0,5.08
2024-09-15,0.0,5.08
2024-09-16,0.0,
2024-09-17,0.0,2.54
2024-09-18,0.0,
2024-09-19,0.0,
2024-09-20,0.0,2.54
2024-09-21,0.0,
2024-09-22,0.0,7.62
2024-09-23,0.0,2.54
2024-09-24,0.0,2.54
2024-09-25,0.0,7.62
2024-09-26,0.0,2.54
2024-09-27,0.0,2.54
2024-09-28,0.0,0.0
2024-09-29,0.0,
2024-09-30,0.0,5.08
2024-10-01,0.0,
2024-10-02,0.0,
2024-10-03,0.0,5.08
2024-10-04,0.0,2.54
2024-10-05,0.0,5.08
2024-10-06,0.0,5.08
2024-10-07,0.0,2.54
2024-10-08,0.0,2.54
2024-10-09,0.0,
2024-10-10,0.0,0.0
2024-10-11,0.0,0.0
2024-10-12,0.0,0.0
2024-10-13,0.0,2.54
2024-10-14,0.0,
2024-10-15,0.0,2.54
2024-10-16,0.0,0.0
2024-10-17,0.0,0.0
2024-10-18,0.0,2.54
2024-10-19,0.0,2.54
2024-10-20,0.0,5.08
2024-10-21,0.0,2.54
2024-10-22,0.0,5.08
2024-10-23,0.0,5.08
2024-10-24,0.0,2.54
2024-10-25,0.0,5.08
2024-10-26,0.0,2.54
2024-10-27,0.0,5.08
2024-10-28,0.0,2.54
2024-10-29,0.0,0.0
2024-10-30,0.0,0.0
2024-10-31,0.0,0.0
2024-11-01,0.0,5.08
2024-11-02,0.0,
2024-11-03,0.0,
2024-11-04,0.0,
2024-11-05,0.0,5.08
2024-11-06,0.0,2.54
2024-11-07,0.0,0.0
2024-11-08,0.0,2.54
2024-11-09,0.0,0.0
2024-11-10,0.0,
2024-11-11,0.0,
2024-11-12,0.0,
2024-11-13,0.0,
2024-11-14,0.0,
2024-11-15,0.0,
2024-11-16,0.0,
2024-11-17,0.0,
2024-11-18,0.0,12.7
2024-11-19,0.0,10.16
2024-11-20,0.0,10.16
2024-11-21,0.0,10.16
2024-11-22,0.305,10.16
2024-11-23,1.829,
2024-11-24,3.658,
2024-11-25,3.962,
2024-11-26,12.192,
2024-11-27,16.154,
2024-11-28,16.459,83.82
2024-11-29,16.459,
2024-11-30,16.459,81.28
2024-12-01,16.459,
2024-12-02,16.459,86.36
2024-12-03,16.459,83.82
2024-12-04,16.459,81.28
2024-12-05,16.459,78.74
2024-12-06,16.459,76.2
2024-12-07,16.459,76.2
2024-12-08,16.459,76.2
2024-12-09,16.459,76.2
2024-12-10,16.459,71.12
2024-12-11,16.459,68.58
2024-12-12,16.459,73.66
2024-12-13,16.459,
2024-12-14,17.247,
2024-12-15,20.041,
2024-12-16,20.447,
2024-12-17,20.853,88.9
2024-12-18,21.234,86.36
2024-12-19,21.234,83.82
2024-12-20,21.234,78.74
2024-12-21,21.234,76.2
2024-12-22,21.234,73.66
2024-12-23,23.622,83.82
2024-12-24,24.028,83.82
2024-12-25,25.222,
2024-12-26,25.629,99.06
2024-12-27,26.035,
2024-12-28,26.822,93.98
2024-12-29,26.822,99.06
2024-12-30,29.21,101.6
2024-12-31,29.515,101.6
2025-01-01,29.82,99.06
2025-01-02,29.82,
2025-01-03,29.82,96.52
2025-01-04,29.82,
2025-01-05,30.124,
2025-01-06,30.429,
2025-01-07,30.429,
2025-01-08,30.429,99.06
2025-01-09,30.734,99.06
2025-01-10,30.734,88.9
2025-01-11,30.734,93.98
2025-01-12,30.734,93.98
2025-01-13,30.734,93.98
2025-01-14,30.734,93.98
2025-01-15,30.734,91.44
2025-01-16,30.734,93.98
2025-01-17,30.734,93.98
2025-01-18,30.734,93.98
2025-01-19,30.734,93.98
2025-01-20,30.734,93.98
2025-01-21,30.734,91.44
2025-01-22,30.734,91.44
2025-01-23,30.734,88.9
2025-01-24,30.734,81.28
2025-01-25,30.734,91.44
2025-01-26,30.734,
2025-01-27,31.039,
2025-01-28,31.344,
2025-01-29,31.699,
2025-01-30,31.699,
2025-01-31,32.029,
2025-02-01,32.029,99.06
2025-02-02,32.741,99.06
2025-02-03,33.071,96.52
2025-02-04,33.071,96.52
2025-02-05,36.906,
2025-02-06,37.948,104.14
2025-02-07,41.758,
2025-02-08,42.799,
2025-02-09,43.485,
2025-02-10,43.84,
2025-02-11,44.196,
2025-02-12,44.196,121.92
2025-02-13,46.609,
2025-02-14,58.064,
2025-02-15,61.189,
2025-02-16,62.586,190.5
2025-02-17,62.586,190.5
2025-02-18,62.916,187.96
2025-02-19,62.916,182.88
2025-02-20,62.916,177.8
2025-02-21,62.916,177.8
2025-02-22,62.916,175.26
2025-02-23,62.916,172.72
2025-02-24,62.586,170.18
2025-02-25,62.23,160.02
2025-02-26,61.874,162.56
2025-02-27,61.874,157.48
2025-02-28,61.544,154.94
2025-03-01,61.544,149.86
2025-03-02,61.544,
2025-03-03,61.874,
2025-03-04,61.874,157.48
2025-03-05,61.874,154.94
2025-03-06,63.271,
2025-03-07,63.627,
2025-03-08,64.313,172.72
2025-03-09,64.643,160.02
2025-03-10,63.627,157.48
2025-03-11,64.313,154.94
2025-03-12,64.313,152.4
2025-03-13,68.123,
2025-03-14,70.206,208.28
2025-03-15,72.974,
2025-03-16,74.016,210.82
2025-03-17,74.346,203.2
2025-03-18,78.156,
2025-03-19,78.867,218.44
2025-03-20,79.197,213.36
2025-03-21,79.553,205.74
2025-03-22,78.511,198.12
2025-03-23,78.511,195.58
2025-03-24,77.47,185.42
2025-03-25,77.826,180.34
2025-03-26,77.47,172.72
2025-03-27,75.082,162.56
2025-03-28,73.508,157.48
2025-03-29,72.72,157.48
2025-03-30,72.314,149.86
2025-03-31,72.72,
2025-04-01,75.489,
2025-04-02,76.683,
2025-04-03,77.064,
2025-04-04,77.064,180.34
2025-04-05,77.064,177.8
2025-04-06,77.064,170.18
2025-04-07,75.489,167.64
2025-04-08,75.489,162.56
2025-04-09,75.082,157.48
2025-04-10,73.101,149.86
2025-04-11,71.12,147.32
2025-04-12,67.945,142.24
2025-04-13,65.964,134.62
2025-04-14,63.195,129.54
2025-04-15,60.401,124.46
2025-04-16,58.42,121.92
2025-04-17,57.226,119.38
2025-04-18,55.245,114.3
2025-04-19,52.857,106.68
2025-04-20,50.876,104.14
2025-04-21,47.701,96.52
2025-04-22,44.933,91.44
2025-04-23,41.758,83.82
2025-04-24,38.964,81.28
2025-04-25,36.601,71.12
2025-04-26,34.62,76.2
2025-04-27,33.807,
2025-04-28,33.426,
2025-04-29,33.02,71.12
2025-04-30,30.582,71.12
2025-05-01,29.058,68.58
2025-05-02,26.924,55.88
2025-05-03,25.095,58.42
2025-05-04,24.486,
2025-05-05,24.486,58.42
2025-05-06,22.657,55.88
2025-05-07,20.218,48.26
2025-05-08,16.866,38.1
2025-05-09,12.903,27.94
2025-05-10,8.331,22.86
2025-05-11,4.978,15.24
2025-05-12,2.54,5.08
2025-05-13,1.016,
2025-05-14,0.0,
2025-05-15,0.0,
2025-05-16,0.0,
2025-05-17,0.0,
2025-05-18,0.0,0.0
2025-05-19,0.0,0.0
2025-05-20,0.0,
2025-05-21,0.0,0.0
2025-05-22,0.0,0.0
2025-05-23,0.0,0.0
2025-05-24,0.0,0.0
2025-05-25,0.0,0.0
2025-05-26,0.0,0.0
2025-05-27,0.0,0.0
2025-05-28,0.0,0.0
2025-05-29,0.0,0.0
2025-05-30,0.0,0.0
2025-05-31,0.0,0.0
2025-06-01,0.0,0.0
2025-06-02,0.0,0.0
2025-06-03,0.0,0.0
2025-06-04,0.0,0.0
2025-06-05,0.0,0.0
2025-06-06,0.0,0.0
2025-06-07,0.0,0.0
2025-06-08,0.0,0.0
2025-06-09,0.0,0.0
2025-06-10,0.0,0.0
2025-06-11,0.0,0.0
2025-06-12,0.0,0.0
2025-06-13,0.0,0.0
2025-06-14,0.0,0.0
2025-06-15,0.0,0.0
2025-06-16,0.0,0.0
2025-06-17,0.0,0.0
2025-06-18,0.0,0.0
2025-06-19,0.0,0.0
2025-06-20,0.0,0.0
2025-06-21,0.0,0.0
2025-06-22,0.0,0.0
2025-06-23,0.0,0.0
2025-06-24,0.0,0.0
2025-06-25,0.0,0.0
2025-06-26,0.0,0.0
2025-06-27,0.0,0.0
2025-06-28,0.0,0.0
2025-06-29,0.0,0.0
2025-06-30,0.0,0.0
2025-07-01,0.0,0.0
2025-07-02,0.0,0.0
2025-07-03,0.0,0.0
2025-07-04,0.0,0.0
2025-07-05,0.0,0.0
2025-07-06,0.0,0.0
2025-07-07,0.0,0.0
2025-07-08,0.0,0.0
2025-07-09,0.0,0.0
2025-07-10,0.0,0.0
2025-07-11,0.0,0.0
2025-07-12,0.0,0.0
2025-07-13,0.0,0.0
2025-07-14,0.0,0.0
2025-07-15,0.0,0.0
2025-07-16,0.0,0.0
2025-07-17,0.0,0.0
2025-07-18,0.0,0.0
2025-07-19,0.0,0.0
2025-07-20,0.0,0.0
2025-07-21,0.0,0.0
2025-07-22,0.0,0.0
2025-07-23,0.0,0.0
2025-07-24,0.0,0.0
2025-07-25,0.0,0.0
2025-07-26,0.0,0.0
2025-07-27,0.0,0.0
2025-07-28,0.0,0.0
2025-07-29,0.0,0.0
2025-07-30,0.0,0.0
2025-07-31,0.0,0.0
2025-08-01,0.0,0.0
2025-08-02,0.0,0.0
2025-08-03,0.0,0.0
2025-08-04,0.0,0.0
2025-08-05,0.0,0.0
2025-08-06,0.0,0.0
2025-08-07,0.0,0.0
2025-08-08,0.0,0.0
2025-08-09,0.0,0.0
2025-08-10,0.0,0.0
2025-08-11,0.0,0.0
2025-08-12,0.0,0.0
2025-08-13,0.0,0.0
2025-08-14,0.0,0.0
2025-08-15,0.0,0.0
2025-08-16,0.0,0.0
2025-08-17,0.0,0.0
2025-08-18,0.0,0.0
2025-08-19,0.0,0.0
2025-08-20,0.0,0.0
2025-08-21,0.0,0.0
2025-08-22,0.0,0.0
2025-08-23,0.0,0.0
2025-08-24,0.0,0.0
2025-08-25,0.0,0.0
2025-08-26,0.0,0.0
2025-08-27,0.0,0.0
2025-08-28,0.0,0.0
2025-08-29,0.0,0.0
2025-08-30,0.0,0.0
2025-08-31,0.0,0.0
2025-09-01,0.0,0.0
2025-09-02,0.0,0.0
2025-09-03,0.0,0.0
2025-09-04,0.0,0.0
2025-09-05,0.0,0.0
2025-09-06,0.0,0.0
2025-09-07,0.0,0.0
2025-09-08,0.0,0.0
2025-09-09,0.0,0.0
2025-09-10,0.0,0.0
2025-09-11,0.0,0.0
2025-09-12,0.0,0.0
2025-09-13,0.0,0.0
2025-09-14,0.0,0.0
2025-09-15,0.0,0.0
2025-09-16,0.0,0.0
2025-09-17,0.0,0.0
2025-09-18,0.0,0.0
2025-09-19,0.0,0.0
2025-09-20,0.0,0.0
2025-09-21,0.0,0.0
2025-09-22,0.0,0.0
2025-09-23,0.0,0.0
2025-09-24,0.0,0.0
2025-09-25,0.0,0.0
2025-09-26,0.0,0.0
2025-09-27,0.0,0.0
2025-09-28,0.0,0.0
2025-09-29,0.0,0.0
2025-09-30,0.0,0.0
2025-10-01,0.0,0.0
2025-10-02,0.0,0.0
2025-10-03,0.0,0.0
2025-10-04,0.0,0.0
2025-10-05,0.0,0.0
2025-10-06,0.0,0.0
2025-10-07,0.0,0.0
2025-10-08,0.0,0.0
2025-10-09,0.0,0.0
2025-10-10,0.0,0.0
2025-10-11,0.0,0.0
2025-10-12,0.0,0.0
2025-10-13,0.0,0.0
2025-10-14,0.305,0.0
2025-10-15,1.829,0.0
2025-10-16,2.438,27.94
2025-10-17,2.743,20.32
2025-10-18,2.743,12.7
2025-10-19,2.134,15.24
2025-10-20,1.524,10.16
2025-10-21,1.219,7.62
2025-10-22,0.914,
2025-10-23,0.305,2.54
2025-10-24,0.61,2.54
2025-10-25,0.305,2.54
2025-10-26,0.0,2.54
2025-10-27,0.0,2.54
2025-10-28,0.0,
2025-10-29,0.305,2.54
2025-10-30,0.305,2.54
2025-10-31,0.0,5.08
2025-11-01,0.0,
2025-11-02,0.0,0.0
2025-11-03,0.0,2.54
2025-11-04,-0.305,2.54
2025-11-05,-0.305,0.0
2025-11-06,0.0,5.08
2025-11-07,-0.305,0.0
2025-11-08,0.0,2.54
2025-11-09,0.0,2.54
2025-11-10,0.0,2.54
2025-11-11,0.0,5.08
2025-11-12,0.0,2.54
2025-11-13,0.0,5.08
2025-11-14,0.305,
2025-11-15,0.305,2.54
2025-11-16,0.61,
2025-11-17,1.829,
2025-11-18,3.353,
2025-11-19,3.658,
2025-11-20,3.962,
2025-11-21,3.962,
2025-11-22,3.962,
2025-11-23,3.962,17.78
2025-11-24,3.962,30.48
2025-11-25,3.962,27.94
2025-11-26,3.962,30.48
2025-11-27,3.962,25.4
2025-11-28,3.962,17.78
2025-11-29,3.962,25.4
2025-11-30,3.962,22.86
2025-12-01,3.962,20.32
2025-12-02,3.962,20.32
2025-12-03,3.962,17.78
2025-12-04,3.962,25.4
2025-12-05,3.962,25.4
2025-12-06,3.962,22.86
2025-12-07,3.962,20.32
2025-12-08,3.962,20.32
2025-12-09,3.962,22.86
2025-12-10,3.962,25.4
2025-12-11,3.962,17.78
2025-12-12,3.962,22.86
2025-12-13,3.962,20.32
2025-12-14,3.962,10.16
2025-12-15,3.962,22.86
2025-12-16,3.962,15.24
2025-12-17,3.962,10.16
2025-12-18,3.962,17.78
2025-12-19,3.962,20.32
2025-12-20,3.962,15.24
2025-12-21,3.962,20.32
2025-12-22,3.505,17.78
2025-12-23,3.505,12.7
2025-12-24,3.962,
2025-12-25,17.399,
2025-12-26,27.127,
2025-12-27,30.836,
2025-12-28,31.293,114.3
2025-12-29,31.293,
2025-12-30,31.75,
2025-12-31,31.75,99.06
2026-01-01,33.274,
2026-01-02,36.932,
2026-01-03,37.541,
2026-01-04,42.418,
2026-01-05,46.076,167.64
2026-01-06,46.38,
2026-01-07,42.824,149.86
2026-01-08,42.824,
2026-01-09,42.824,142.24
2026-01-10,42.824,142.24
2026-01-11,42.824,139.7
2026-01-12,42.824,137.16
2026-01-13,42.824,132.08
2026-01-14,42.824,134.62
2026-01-15,42.824,132.08
2026-01-16,42.367,132.08
2026-01-17,42.367,129.54
2026-01-18,42.367,129.54
2026-01-19,42.367,129.54
2026-01-20,42.367,127.0
2026-01-21,42.367,124.46
2026-01-22,42.139,121.92
2026-01-23,42.139,119.38
2026-01-24,42.139,121.92
2026-01-25,41.91,116.84
2026-01-26,41.91,116.84
2026-01-27,41.554,119.38
2026-01-28,41.173,116.84
2026-01-29,40.818,114.3
2026-01-30,40.818,114.3
2026-01-31,40.818,116.84
2026-02-01,40.818,116.84
2026-02-02,40.818,114.3
2026-02-03,40.818,116.84
2026-02-04,40.818,114.3
2026-02-05,40.818,111.76
2026-02-06,40.818,109.22
2026-02-07,40.818,111.76
2026-02-08,41.173,111.76
2026-02-09,41.173,109.22
2026-02-10,41.173,
2026-02-11,42.647,129.54
2026-02-12,43.383,
2026-02-13,43.739,
2026-02-14,43.739,111.76
2026-02-15,43.739,116.84
2026-02-16,44.12,116.84
2026-02-17,48.133,
2026-02-18,54.737,
2026-02-19,55.829,
2026-02-20,59.131,246.38
2026-02-21,59.868,228.6
2026-02-22,60.223,223.52
2026-02-23,60.604,213.36
2026-02-24,60.96,205.74
2026-02-25,60.655,193.04
2026-02-26,60.96,182.88
2026-02-27,61.265,175.26
2026-02-28,61.265,167.64
2026-03-01,60.96,162.56
2026-03-02,60.655,157.48
2026-03-03,60.96,154.94
2026-03-04,61.265,152.4
2026-03-05,61.265,149.86
2026-03-06,61.265,147.32
2026-03-07,61.265,147.32
2026-03-08,61.57,147.32
2026-03-09,61.57,144.78
2026-03-10,60.655,137.16
2026-03-11,60.046,134.62
2026-03-12,59.436,129.54
2026-03-13,58.522,127.0
2026-03-14,57.607,124.46
2026-03-15,56.388,119.38
2026-03-16,55.169,111.76
2026-03-17,53.645,106.68
2026-03-18,51.511,99.06
2026-03-19,49.682,91.44
2026-03-20,48.158,83.82
2026-03-21,45.72,76.2
2026-03-22,44.501,68.58
2026-03-23,42.672,63.5
2026-03-24,40.538,55.88
2026-03-25,37.795,50.8
2026-03-26,35.357,40.64
2026-03-27,32.918,38.1
2026-03-28,30.48,33.02
2026-03-29,27.737,22.86
2026-03-30,24.384,15.24
2026-03-31,21.946,7.62
2026-04-01,21.641,
2026-04-02,21.641,
2026-04-03,21.031,15.24
2026-04-04,18.898,5.08
2026-04-05,15.85,2.54
2026-04-06,13.106,
2026-04-07,11.887,2.54
2026-04-08,10.312,
2026-04-09,8.636,
2026-04-10,8.636,
2026-04-11,10.973,
2026-04-12,12.802,
2026-04-13,13.716,
2026-04-14,14.021,
2026-04-15,14.021,12.7
2026-04-16,13.411,7.62
2026-04-17,11.43,
2026-04-18,8.636,2.54
2026-04-19,5.588,2.54
2026-04-20,2.54,2.54
2026-04-21,1.27,
2026-04-22,3.099,
2026-04-23,3.404,12.7
2026-04-24,3.099,5.08
2026-04-25,2.794,0.0
2026-04-26,3.404,
2026-04-27,3.708,5.08
2026-04-28,2.286,
2026-04-29,1.27,2.54
2026-04-30,0.0,5.08
2026-05-01,0.0,
2026-05-02,0.0,
2026-05-03,0.0,
2026-05-04,0.0,
2026-05-05,0.0,
2026-05-06,0.0,5.08
2026-05-07,0.0,2.54
2026-05-08,0.0,5.08
2026-05-09,0.0,
2026-05-10,0.0,2.54
2026-05-11,0.0,2.54
2026-05-12,0.0,2.54
2026-05-13,0.0,0.0
2026-05-14,0.0,
2026-05-15,0.0,2.54
2026-05-16,0.0,0.0
2026-05-17,0.0,
2026-05-18,0.0,
2026-05-19,0.0,
2026-05-20,0.0,
2026-05-21,0.0,
2026-05-22,0.0,
2026-05-23,0.0,
2026-05-24,0.0,
2026-05-25,0.0,2.54
2026-05-26,0.0,
2026-05-27,0.0,2.54
2026-05-28,0.0,
2026-05-29,0.0,
2026-05-30,0.0,
2026-05-31,0.0,
2026-06-01,0.0,0.0
2026-06-02,0.0,
2026-06-03,0.0,
2026-06-04,0.0,0.0
2026-06-05,0.0,
2026-06-06,0.0,0.0
2026-06-07,0.0,
2026-06-08,0.0,
2026-06-09,0.0,
2026-06-10,0.0,
2026-06-11,0.0,
2026-06-12,0.0,
2026-06-13,0.0,
2026-06-14,0.0,
2026-06-15,0.0,
2026-06-16,0.0,
2026-06-17,0.0,
2026-06-18,0.0,
2026-06-19,0.0,
2026-06-20,0.0,
2026-06-21,0.0,
2026-06-22,0.0,
2026-06-23,,
2026-06-24,0.0,
2026-06-25,0.0,
2026-06-26,0.0,
2026-06-27,0.0,
2026-06-28,0.0,
2026-06-29,0.0,
2026-06-30,0.0,
2026-07-01,0.0,
2026-07-02,0.0,
2026-07-03,0.0,2.54
2026-07-04,0.0,
2026-07-05,0.0,
2026-07-06,0.0,
2026-07-07,0.0,
2026-07-08,0.0,2.54
2026-07-09,0.0,5.08
2026-07-10,0.0,5.08
2026-07-11,0.0,2.54
2026-07-12,0.0,5.08
2026-07-13,0.0,
2026-07-14,0.0,
2026-07-15,0.0,
2026-07-16,0.0,
2026-07-17,0.0,
2026-07-18,0.0,
2026-07-19,0.0,
2026-07-20,0.0,
2026-07-21,0.0,
2026-07-22,0.0,
2026-07-23,0.0,0.0
2026-07-24,0.0,
2026-07-25,0.0,
2026-07-26,0.0,
2026-07-27,0.0,
2026-07-28,0.0,0.0
2026-07-29,0.0,0.0
2026-07-30,0.0,
2026-07-31,0.0,2.54
2026-08-01,0.0,
2026-08-02,0.0,
2026-08-03,0.0,5.08
2026-08-04,0.0,
2026-08-05,0.0,5.08
2026-08-06,0.0,
2026-08-07,0.0,
2026-08-08,0.0,2.54
2026-08-09,0.0,
2026-08-10,0.0,
2026-08-11,0.0,
2026-08-12,,
