date,wteq_cm,snwd_cm
1983-01-01,,
1983-01-02,,
1983-01-03,,
1983-01-04,,
1983-01-05,,
1983-01-06,,
1983-01-07,,
1983-01-08,,
1983-01-09,,
1983-01-10,,
1983-01-11,,
1983-01-12,,
1983-01-13,,
1983-01-14,,
1983-01-15,,
1983-01-16,,
1983-01-17,,
1983-01-18,,
1983-01-19,,
1983-01-20,,
1983-01-21,,
1983-01-22,,
1983-01-23,,
1983-01-24,,
1983-01-25,,
1983-01-26,,
1983-01-27,,
1983-01-28,,
1983-01-29,,
1983-01-30,,
1983-01-31,,
1983-02-01,,
1983-02-02,,
1983-02-03,,
1983-02-04,,
1983-02-05,,
1983-02-06,,
1983-02-07,,
1983-02-08,,
1983-02-09,,
1983-02-10,,
1983-02-11,,
1983-02-12,,
1983-02-13,,
1983-02-14,,
1983-02-15,,
1983-02-16,,
1983-02-17,,
1983-02-18,,
1983-02-19,,
1983-02-20,,
1983-02-21,,
1983-02-22,,
1983-02-23,,
1983-02-24,,
1983-02-25,,
1983-02-26,,
1983-02-27,,
1983-02-28,,
1983-03-01,,
1983-03-02,,
1983-03-03,,
1983-03-04,,
1983-03-05,,
1983-03-06,,
1983-03-07,,
1983-03-08,,
1983-03-09,,
1983-03-10,,
1983-03-11,,
1983-03-12,,
1983-03-13,,
1983-03-14,,
1983-03-15,,
1983-03-16,,
1983-03-17,,
1983-03-18,,
1983-03-19,,
1983-03-20,,
1983-03-21,,
1983-03-22,,
1983-03-23,,
1983-03-24,,
1983-03-25,,
1983-03-26,,
1983-03-27,,
1983-03-28,,
1983-03-29,,
1983-03-30,,
1983-03-31,,
1983-04-01,,
1983-04-02,,
1983-04-03,,
1983-04-04,,
1983-04-05,,
1983-04-06,,
1983-04-07,,
1983-04-08,,
1983-04-09,,
1983-04-10,,
1983-04-11,,
1983-04-12,,
1983-04-13,,
1983-04-14,,
1983-04-15,,
1983-04-16,,
1983-04-17,,
1983-04-18,,
1983-04-19,,
1983-04-20,,
1983-04-21,,
1983-04-22,,
1983-04-23,,
1983-04-24,,
1983-04-25,,
1983-04-26,,
1983-04-27,,
1983-04-28,,
1983-04-29,,
1983-04-30,,
1983-05-01,,
1983-05-02,,
1983-05-03,,
1983-05-04,,
1983-05-05,,
1983-05-06,,
1983-05-07,,
1983-05-08,,
1983-05-09,,
1983-05-10,,
1983-05-11,,
1983-05-12,,
1983-05-13,,
1983-05-14,,
1983-05-15,,
1983-05-16,,
1983-05-17,,
1983-05-18,,
1983-05-19,,
1983-05-20,,
1983-05-21,,
1983-05-22,,
1983-05-23,,
1983-05-24,,
1983-05-25,,
1983-05-26,,
1983-05-27,,
1983-05-28,,
1983-05-29,,
1983-05-30,,
1983-05-31,,
1983-06-01,,
1983-06-02,,
1983-06-03,,
1983-06-04,,
1983-06-05,,
1983-06-06,,
1983-06-07,,
1983-06-08,,
1983-06-09,,
1983-06-10,,
1983-06-11,,
1983-06-12,,
1983-06-13,,
1983-06-14,,
1983-06-15,,
1983-06-16,,
1983-06-17,,
1983-06-18,,
1983-06-19,,
1983-06-20,,
1983-06-21,,
1983-06-22,,
1983-06-23,,
1983-06-24,,
1983-06-25,,
1983-06-26,,
1983-06-27,,
1983-06-28,,
1983-06-29,,
1983-06-30,,
1983-07-01,,
1983-07-02,,
1983-07-03,,
1983-07-04,,
1983-07-05,,
1983-07-06,,
1983-07-07,,
1983-07-08,,
1983-07-09,,
1983-07-10,,
1983-07-11,,
1983-07-12,,
1983-07-13,,
1983-07-14,,
1983-07-15,,
1983-07-16,,
1983-07-17,,
1983-07-18,,
1983-07-19,,
1983-07-20,,
1983-07-21,,
1983-07-22,,
1983-07-23,,
1983-07-24,,
1983-07-25,,
1983-07-26,,
1983-07-27,,
1983-07-28,,
1983-07-29,,
1983-07-30,,
1983-07-31,,
1983-08-01,,
1983-08-02,,
1983-08-03,,
1983-08-04,,
1983-08-05,,
1983-08-06,,
1983-08-07,,
1983-08-08,,
1983-08-09,,
1983-08-10,,
1983-08-11,,
1983-08-12,,
1983-08-13,,
1983-08-14,,
1983-08-15,,
1983-08-16,,
1983-08-17,,
1983-08-18,,
1983-08-19,,
1983-08-20,,
1983-08-21,,
1983-08-22,,
1983-08-23,,
1983-08-24,,
1983-08-25,,
1983-08-26,,
1983-08-27,,
1983-08-28,,
1983-08-29,,
1983-08-30,,
1983-08-31,,
1983-09-01,,
1983-09-02,,
1983-09-03,,
1983-09-04,,
1983-09-05,,
1983-09-06,,
1983-09-07,,
1983-09-08,,
1983-09-09,,
1983-09-10,,
1983-09-11,,
1983-09-12,,
1983-09-13,,
1983-09-14,,
1983-09-15,,
1983-09-16,,
1983-09-17,,
1983-09-18,,
1983-09-19,,
1983-09-20,,
1983-09-21,,
1983-09-22,,
1983-09-23,,
1983-09-24,,
1983-09-25,,
1983-09-26,,
1983-09-27,,
1983-09-28,,
1983-09-29,,
1983-09-30,,
1983-10-01,,
1983-10-02,,
1983-10-03,,
1983-10-04,,
1983-10-05,,
1983-10-06,,
1983-10-07,,
1983-10-08,,
1983-10-09,,
1983-10-10,,
1983-10-11,,
1983-10-12,,
1983-10-13,,
1983-10-14,,
1983-10-15,,
1983-10-16,,
1983-10-17,,
1983-10-18,,
1983-10-19,,
1983-10-20,,
1983-10-21,,
1983-10-22,,
1983-10-23,,
1983-10-24,,
1983-10-25,,
1983-10-26,,
1983-10-27,,
1983-10-28,,
1983-10-29,,
1983-10-30,,
1983-10-31,,
1983-11-01,,
1983-11-02,,
1983-11-03,,
1983-11-04,,
1983-11-05,,
1983-11-06,,
1983-11-07,,
1983-11-08,,
1983-11-09,,
1983-11-10,,
1983-11-11,,
1983-11-12,,
1983-11-13,,
1983-11-14,,
1983-11-15,,
1983-11-16,,
1983-11-17,,
1983-11-18,,
1983-11-19,,
1983-11-20,,
1983-11-21,,
1983-11-22,,
1983-11-23,,
1983-11-24,,
1983-11-25,,
1983-11-26,,
1983-11-27,,
1983-11-28,,
1983-11-29,,
1983-11-30,,
1983-12-01,,
1983-12-02,,
1983-12-03,,
1983-12-04,,
1983-12-05,,
1983-12-06,,
1983-12-07,,
1983-12-08,,
1983-12-09,,
1983-12-10,,
1983-12-11,,
1983-12-12,,
1983-12-13,,
1983-12-14,,
1983-12-15,,
1983-12-16,,
1983-12-17,,
1983-12-18,,
1983-12-19,,
1983-12-20,,
1983-12-21,,
1983-12-22,,
1983-12-23,,
1983-12-24,,
1983-12-25,,
1983-12-26,,
1983-12-27,,
1983-12-28,,
1983-12-29,,
1983-12-30,,
1983-12-31,,
1987-01-08,13.97,
1987-01-09,13.97,
1987-01-10,13.97,
1987-01-11,13.97,
1987-01-12,13.97,
1987-01-13,13.97,
1987-01-14,13.97,
1987-01-15,13.97,
1987-01-16,13.97,
1987-01-17,13.97,
1987-01-18,13.97,
1987-01-19,13.97,
1987-01-20,13.97,
1987-01-21,13.97,
1987-01-22,13.97,
1987-01-23,18.948,
1987-01-24,18.948,
1987-01-25,20.32,
1987-01-26,20.32,
1987-01-27,20.32,
1987-01-28,25.4,
1987-01-29,26.416,
1987-01-30,26.416,
1987-01-31,26.416,
1987-02-01,26.416,
1987-02-02,26.416,
1987-02-03,27.661,
1987-02-04,28.905,
1987-02-05,28.905,
1987-02-06,28.905,
1987-02-07,28.905,
1987-02-08,28.905,
1987-02-09,28.905,
1987-02-10,28.905,
1987-02-11,28.905,
1987-02-12,33.325,
1987-02-13,37.77,
1987-02-14,42.189,
1987-02-15,43.18,
1987-02-16,43.84,
1987-02-17,43.84,
1987-02-18,43.84,
1987-02-19,43.84,
1987-02-20,43.84,
1987-02-21,43.84,
1987-02-22,43.84,
1987-02-23,47.168,
1987-02-24,50.495,
1987-02-25,50.546,
1987-02-26,50.546,
1987-02-27,50.521,
1987-02-28,50.521,
1987-03-01,50.521,
1987-03-02,50.521,
1987-03-03,50.495,
1987-03-04,50.495,
1987-03-05,50.495,
1987-03-06,52.146,
1987-03-07,52.146,
1987-03-08,52.146,
1987-03-09,52.146,
1987-03-10,52.146,
1987-03-11,55.474,
1987-03-12,55.88,
1987-03-13,58.801,
1987-03-14,58.801,
1987-03-15,60.452,
1987-03-16,60.452,
1987-03-17,60.452,
1987-03-18,62.103,
1987-03-19,68.758,
1987-03-20,68.758,
1987-03-21,70.409,
1987-03-22,70.409,
1987-03-23,68.758,
1987-03-24,72.085,
1987-03-25,72.085,
1987-03-26,72.085,
1987-03-27,72.085,
1987-03-28,72.085,
1987-03-29,72.085,
1987-03-30,72.085,
1987-03-31,72.085,
1987-04-01,72.085,
1987-04-02,72.085,
1987-04-03,72.085,
1987-04-04,73.736,
1987-04-05,73.33,
1987-04-06,72.923,
1987-04-07,72.492,
1987-04-08,72.085,
1987-04-09,70.409,
1987-04-10,70.409,
1987-04-11,68.758,
1987-04-12,67.081,
1987-04-13,67.081,
1987-04-14,65.43,
1987-04-15,62.103,
1987-04-16,60.452,
1987-04-17,60.452,
1987-04-18,57.125,
1987-04-19,55.474,
1987-04-20,55.474,
1987-04-21,55.474,
1987-04-22,55.474,
1987-04-23,52.146,
1987-04-24,48.844,
1987-04-25,47.168,
1987-04-26,45.517,
1987-04-27,42.189,
1987-04-28,40.538,
1987-04-29,37.211,
1987-04-30,33.884,
1987-05-01,33.782,
1987-05-02,33.884,
1987-05-03,33.884,
1987-05-04,32.233,
1987-05-05,28.905,
1987-05-06,27.254,
1987-05-07,25.603,
1987-05-08,20.599,
1987-05-09,18.948,
1987-05-10,18.948,
1987-05-11,13.97,
1987-05-12,7.341,
1987-05-13,4.013,
1987-05-14,2.362,
1987-05-15,0.0,
1987-05-16,,
1987-05-17,,
1987-05-18,,
1987-05-19,,
1987-05-20,,
1987-05-21,,
1987-05-22,,
1987-05-23,,
1987-05-24,,
1987-05-25,,
1987-05-26,,
1987-05-27,,
1987-05-28,,
1987-05-29,,
1987-05-30,,
1987-05-31,,
1987-06-01,,
1987-06-02,,
1987-06-03,,
1987-06-04,,
1987-06-05,,
1987-06-06,,
1987-06-07,,
1987-06-08,,
1987-06-09,,
1987-06-10,,
1987-06-11,,
1987-06-12,,
1987-06-13,,
1987-06-14,,
1987-06-15,,
1987-06-16,,
1987-06-17,,
1987-06-18,,
1987-06-19,,
1987-06-20,,
1987-06-21,,
1987-06-22,,
1987-06-23,,
1987-06-24,,
1987-06-25,,
1987-06-26,,
1987-06-27,,
1987-06-28,,
1987-06-29,,
1987-06-30,,
1987-07-01,,
1987-07-02,,
1987-07-03,,
1987-07-04,,
1987-07-05,,
1987-07-06,,
1987-07-07,,
1987-07-08,,
1987-07-09,,
1987-07-10,,
1987-07-11,,
1987-07-12,,
1987-07-13,,
1987-07-14,,
1987-07-15,,
1987-07-16,,
1987-07-17,,
1987-07-18,,
1987-07-19,,
1987-07-20,,
1987-07-21,,
1987-07-22,,
1987-07-23,,
1987-07-24,,
1987-07-25,,
1987-07-26,,
1987-07-27,,
1987-07-28,,
1987-07-29,,
1987-07-30,,
1987-07-31,,
1987-08-01,,
1987-08-02,,
1987-08-03,,
1987-08-04,,
1987-08-05,,
1987-08-06,,
1987-08-07,,
1987-08-08,,
1987-08-09,,
1987-08-10,,
1987-08-11,,
1987-08-12,,
1987-08-13,,
1987-08-14,,
1987-08-15,,
1987-08-16,,
1987-08-17,,
1987-08-18,,
1987-08-19,,
1987-08-20,,
1987-08-21,,
1987-08-22,,
1987-08-23,,
1987-08-24,,
1987-08-25,,
1987-08-26,,
1987-08-27,,
1987-08-28,,
1987-08-29,,
1987-08-30,,
1987-08-31,,
1987-09-01,,
1987-09-02,,
1987-09-03,,
1987-09-04,,
1987-09-05,,
1987-09-06,,
1987-09-07,,
1987-09-08,,
1987-09-09,,
1987-09-10,,
1987-09-11,,
1987-09-12,,
1987-09-13,,
1987-09-14,,
1987-09-15,,
1987-09-16,,
1987-09-17,,
1987-09-18,,
1987-09-19,,
1987-09-20,,
1987-09-21,,
1987-09-22,,
1987-09-23,,
1987-09-24,,
1987-09-25,,
1987-09-26,,
1987-09-27,,
1987-09-28,,
1987-09-29,,
1987-09-30,,
1987-10-01,,
1987-10-02,,
1987-10-03,,
1987-10-04,,
1987-10-05,,
1987-10-06,,
1987-10-07,,
1987-10-08,,
1987-10-09,,
1987-10-10,,
1987-10-11,,
1987-10-12,,
1987-10-13,,
1987-10-14,,
1987-10-15,,
1987-10-16,,
1987-10-17,,
1987-10-18,,
1987-10-19,,
1987-10-20,,
1987-10-21,,
1987-10-22,,
1987-10-23,,
1987-10-24,,
1987-10-25,,
1987-10-26,,
1987-10-27,,
1987-10-28,,
1987-10-29,,
1987-10-30,,
1987-10-31,0.0,
1987-11-01,3.302,
1987-11-02,3.531,
1987-11-03,3.785,
1987-11-04,4.013,
1987-11-05,4.267,
1987-11-06,4.496,
1987-11-07,4.75,
1987-11-08,4.978,
1987-11-09,4.978,
1987-11-10,6.629,
1987-11-11,8.306,
1987-11-12,9.957,
1987-11-13,11.633,
1987-11-14,13.284,
1987-11-15,13.284,
1987-11-16,14.935,
1987-11-17,14.935,
1987-11-18,16.586,
1987-11-19,16.586,
1987-11-20,16.586,
1987-11-21,16.586,
1987-11-22,16.586,
1987-11-23,16.586,
1987-11-24,16.586,
1987-11-25,17.78,
1987-11-26,18.263,
1987-11-27,18.263,
1987-11-28,18.263,
1987-11-29,18.263,
1987-11-30,18.263,
1987-12-01,18.263,
1987-12-02,21.565,
1987-12-03,21.565,
1987-12-04,23.241,
1987-12-05,21.565,
1987-12-06,21.565,
1987-12-07,31.521,
1987-12-08,33.198,
1987-12-09,34.849,
1987-12-10,39.827,
1987-12-11,39.827,
1987-12-12,39.853,
1987-12-13,39.853,
1987-12-14,39.878,
1987-12-15,40.411,
1987-12-16,40.97,
1987-12-17,41.504,
1987-12-18,41.504,
1987-12-19,43.155,
1987-12-20,43.155,
1987-12-21,44.806,
1987-12-22,46.457,
1987-12-23,48.133,
1987-12-24,49.784,
1987-12-25,51.46,
1987-12-26,53.111,
1987-12-27,53.111,
1987-12-28,53.111,
1987-12-29,54.762,
1987-12-30,54.762,
1987-12-31,54.762,
1988-01-01,54.864,
1988-01-02,54.864,
1988-01-03,56.439,
1988-01-04,54.762,
1988-01-05,59.766,
1988-01-06,59.715,
1988-01-07,59.69,
1988-01-08,61.341,
1988-01-09,62.992,
1988-01-10,63.068,
1988-01-11,63.5,
1988-01-12,68.072,
1988-01-13,68.047,
1988-01-14,68.047,
1988-01-15,68.047,
1988-01-16,68.047,
1988-01-17,71.374,
1988-01-18,71.374,
1988-01-19,71.374,
1988-01-20,71.374,
1988-01-21,71.374,
1988-01-22,71.374,
1988-01-23,71.374,
1988-01-24,71.374,
1988-01-25,71.374,
1988-01-26,71.374,
1988-01-27,71.374,
1988-01-28,71.374,
1988-01-29,71.222,
1988-01-30,71.044,
1988-01-31,70.866,
1988-02-01,70.714,
1988-02-02,70.536,
1988-02-03,70.383,
1988-02-04,70.231,
1988-02-05,70.053,
1988-02-06,69.875,
1988-02-07,69.723,
1988-02-08,69.723,
1988-02-09,69.723,
1988-02-10,69.723,
1988-02-11,69.723,
1988-02-12,69.723,
1988-02-13,69.723,
1988-02-14,69.444,
1988-02-15,69.164,
1988-02-16,68.885,
1988-02-17,68.605,
1988-02-18,68.326,
1988-02-19,68.047,
1988-02-20,67.793,
1988-02-21,67.513,
1988-02-22,67.234,
1988-02-23,66.954,
1988-02-24,66.675,
1988-02-25,66.396,
1988-02-26,65.837,
1988-02-27,65.303,
1988-02-28,64.745,
1988-02-29,66.954,
1988-03-01,69.164,
1988-03-02,71.374,
1988-03-03,71.374,
1988-03-04,71.374,
1988-03-05,69.723,
1988-03-06,69.723,
1988-03-07,69.723,
1988-03-08,69.723,
1988-03-09,68.047,
1988-03-10,68.047,
1988-03-11,66.396,
1988-03-12,66.396,
1988-03-13,66.294,
1988-03-14,66.396,
1988-03-15,66.396,
1988-03-16,66.396,
1988-03-17,66.396,
1988-03-18,66.396,
1988-03-19,66.396,
1988-03-20,66.396,
1988-03-21,66.396,
1988-03-22,66.396,
1988-03-23,66.396,
1988-03-24,66.396,
1988-03-25,66.396,
1988-03-26,66.396,
1988-03-27,66.396,
1988-03-28,66.396,
1988-03-29,66.396,
1988-03-30,66.396,
1988-03-31,66.396,
1988-04-01,64.745,
1988-04-02,63.5,
1988-04-03,63.068,
1988-04-04,62.992,
1988-04-05,63.068,
1988-04-06,61.417,
1988-04-07,61.417,
1988-04-08,59.766,
1988-04-09,58.09,
1988-04-10,58.09,
1988-04-11,56.439,
1988-04-12,53.111,
1988-04-13,49.784,
1988-04-14,53.111,
1988-04-15,54.762,
1988-04-16,54.762,
1988-04-17,53.111,
1988-04-18,53.111,
1988-04-19,53.111,
1988-04-20,53.34,
1988-04-21,54.762,
1988-04-22,56.439,
1988-04-23,54.762,
1988-04-24,54.762,
1988-04-25,54.762,
1988-04-26,54.762,
1988-04-27,54.762,
1988-04-28,54.762,
1988-04-29,53.111,
1988-04-30,53.111,
1988-05-01,53.111,
1988-05-02,53.111,
1988-05-03,53.111,
1988-05-04,48.133,
1988-05-05,48.133,
1988-05-06,48.133,
1988-05-07,48.006,
1988-05-08,48.133,
1988-05-09,46.482,
1988-05-10,45.923,
1988-05-11,45.364,
1988-05-12,44.806,
1988-05-13,41.504,
1988-05-14,38.176,
1988-05-15,34.849,
1988-05-16,28.219,
1988-05-17,26.543,
1988-05-18,22.86,
1988-05-19,19.914,
1988-05-20,18.263,
1988-05-21,13.284,
1988-05-22,9.957,
1988-05-23,9.957,
1988-05-24,6.629,
1988-05-25,5.842,
1988-05-26,4.978,
1988-05-27,3.302,
1988-05-28,1.27,
1988-05-29,0.0,
1988-05-30,,
1988-05-31,,
1988-06-01,,
1988-06-02,,
1988-06-03,,
1988-06-04,,
1988-06-05,,
1988-06-06,,
1988-06-07,,
1988-06-08,,
1988-06-09,,
1988-06-10,,
1988-06-11,,
1988-06-12,,
1988-06-13,,
1988-06-14,,
1988-06-15,,
1988-06-16,,
1988-06-17,,
1988-06-18,,
1988-06-19,,
1988-06-20,,
1988-06-21,,
1988-06-22,,
1988-06-23,,
1988-06-24,,
1988-06-25,,
1988-06-26,,
1988-06-27,,
1988-06-28,,
1988-06-29,,
1988-06-30,,
1988-07-01,,
1988-07-02,,
1988-07-03,,
1988-07-04,,
1988-07-05,,
1988-07-06,,
1988-07-07,,
1988-07-08,,
1988-07-09,,
1988-07-10,,
1988-07-11,,
1988-07-12,,
1988-07-13,,
1988-07-14,,
1988-07-15,,
1988-07-16,,
1988-07-17,,
1988-07-18,,
1988-07-19,,
1988-07-20,,
1988-07-21,,
1988-07-22,,
1988-07-23,,
1988-07-24,,
1988-07-25,,
1988-07-26,,
1988-07-27,,
1988-07-28,,
1988-07-29,,
1988-07-30,,
1988-07-31,,
1988-08-01,,
1988-08-02,,
1988-08-03,,
1988-08-04,,
1988-08-05,,
1988-08-06,,
1988-08-07,,
1988-08-08,,
1988-08-09,,
1988-08-10,,
1988-08-11,,
1988-08-12,,
1988-08-13,,
1988-08-14,,
1988-08-15,,
1988-08-16,,
1988-08-17,,
1988-08-18,,
1988-08-19,,
1988-08-20,,
1988-08-21,,
1988-08-22,,
1988-08-23,,
1988-08-24,,
1988-08-25,,
1988-08-26,,
1988-08-27,,
1988-08-28,,
1988-08-29,,
1988-08-30,,
1988-08-31,,
1988-09-01,,
1988-09-02,,
1988-09-03,,
1988-09-04,,
1988-09-05,,
1988-09-06,,
1988-09-07,,
1988-09-08,,
1988-09-09,,
1988-09-10,,
1988-09-11,,
1988-09-12,,
1988-09-13,,
1988-09-14,,
1988-09-15,,
1988-09-16,,
1988-09-17,,
1988-09-18,,
1988-09-19,,
1988-09-20,,
1988-09-21,,
1988-09-22,,
1988-09-23,,
1988-09-24,,
1988-09-25,,
1988-09-26,,
1988-09-27,,
1988-09-28,,
1988-09-29,,
1988-09-30,,
1988-10-01,,
1988-10-02,,
1988-10-03,,
1988-10-04,,
1988-10-05,,
1988-10-06,,
1988-10-07,,
1988-10-08,,
1988-10-09,,
1988-10-10,,
1988-10-11,,
1988-10-12,,
1988-10-13,,
1988-10-14,,
1988-10-15,,
1988-10-16,,
1988-10-17,,
1988-10-18,,
1988-10-19,,
1988-10-20,,
1988-10-21,,
1988-10-22,,
1988-10-23,,
1988-10-24,,
1988-10-25,,
1988-10-26,,
1988-10-27,,
1988-10-28,,
1988-10-29,,
1988-10-30,,
1988-10-31,,
1988-11-01,,
1988-11-02,,
1988-11-03,,
1988-11-04,,
1988-11-05,,
1988-11-06,,
1988-11-07,0.0,
1988-11-08,0.762,
1988-11-09,2.438,
1988-11-10,7.417,
1988-11-11,7.417,
1988-11-12,7.417,
1988-11-13,16.535,
1988-11-14,25.679,
1988-11-15,25.679,
1988-11-16,25.679,
1988-11-17,32.309,
1988-11-18,32.258,
1988-11-19,32.309,
1988-11-20,32.258,
1988-11-21,32.258,
1988-11-22,32.258,
1988-11-23,35.941,
1988-11-24,39.624,
1988-11-25,43.307,
1988-11-26,46.99,
1988-11-27,46.99,
1988-11-28,47.244,
1988-11-29,47.244,
1988-11-30,45.593,
1988-12-01,45.593,
1988-12-02,43.942,
1988-12-03,42.266,
1988-12-04,42.266,
1988-12-05,42.266,
1988-12-06,38.964,
1988-12-07,38.964,
1988-12-08,35.636,
1988-12-09,35.636,
1988-12-10,35.636,
1988-12-11,34.544,
1988-12-12,33.985,
1988-12-13,33.985,
1988-12-14,33.985,
1988-12-15,32.309,
1988-12-16,32.258,
1988-12-17,32.309,
1988-12-18,32.715,
1988-12-19,33.147,
1988-12-20,33.553,
1988-12-21,33.985,
1988-12-22,34.392,
1988-12-23,34.798,
1988-12-24,35.23,
1988-12-25,35.636,
1988-12-26,35.636,
1988-12-27,35.611,
1988-12-28,35.611,
1988-12-29,35.585,
1988-12-30,35.585,
1988-12-31,35.56,
1989-01-01,,
1989-01-02,,
1989-01-03,,
1989-01-04,,
1989-01-05,,
1989-01-06,,
1989-01-07,,
1989-01-08,,
1989-01-09,,
1989-01-10,,
1989-01-11,,
1989-01-12,,
1989-01-13,,
1989-01-14,,
1989-01-15,,
1989-01-16,,
1989-01-17,,
1989-01-18,,
1989-01-19,,
1989-01-20,,
1989-01-21,,
1989-01-22,,
1989-01-23,,
1989-01-24,,
1989-01-25,,
1989-01-26,,
1989-01-27,,
1989-01-28,,
1989-01-29,,
1989-01-30,,
1989-01-31,,
1989-02-01,,
1989-02-02,,
1989-02-03,,
1989-02-04,,
1989-02-05,,
1989-02-06,,
1989-02-07,,
1989-02-08,,
1989-02-09,,
1989-02-10,,
1989-02-11,,
1989-02-12,,
1989-02-13,,
1989-02-14,,
1989-02-15,,
1989-02-16,,
1989-02-17,,
1989-02-18,,
1989-02-19,,
1989-02-20,,
1989-02-21,,
1989-02-22,,
1989-02-23,,
1989-02-24,,
1989-02-25,,
1989-02-26,,
1989-02-27,,
1989-02-28,,
1989-03-01,,
1989-03-02,,
1989-03-03,,
1989-03-04,,
1989-03-05,,
1989-03-06,,
1989-03-07,,
1989-03-08,,
1989-03-09,,
1989-03-10,,
1989-03-11,,
1989-03-12,,
1989-03-13,,
1989-03-14,,
1989-03-15,,
1989-03-16,,
1989-03-17,,
1989-03-18,,
1989-03-19,,
1989-03-20,,
1989-03-21,,
1989-03-22,,
1989-03-23,,
1989-03-24,,
1989-03-25,,
1989-03-26,,
1989-03-27,,
1989-03-28,,
1989-03-29,,
1989-03-30,,
1989-03-31,,
1989-04-01,,
1989-04-02,,
1989-04-03,,
1989-04-04,,
1989-04-05,,
1989-04-06,,
1989-04-07,,
1989-04-08,,
1989-04-09,,
1989-04-10,,
1989-04-11,,
1989-04-12,,
1989-04-13,,
1989-04-14,,
1989-04-15,,
1989-04-16,,
1989-04-17,,
1989-04-18,,
1989-04-19,,
1989-04-20,,
1989-04-21,,
1989-04-22,,
1989-04-23,,
1989-04-24,,
1989-04-25,,
1989-04-26,,
1989-04-27,,
1989-04-28,,
1989-04-29,,
1989-04-30,,
1989-05-01,,
1989-05-02,,
1989-05-03,,
1989-05-04,,
1989-05-05,,
1989-05-06,,
1989-05-07,,
1989-05-08,,
1989-05-09,,
1989-05-10,,
1989-05-11,,
1989-05-12,,
1989-05-13,,
1989-05-14,,
1989-05-15,,
1989-05-16,,
1989-05-17,,
1989-05-18,,
1989-05-19,,
1989-05-20,,
1989-05-21,,
1989-05-22,,
1989-05-23,,
1989-05-24,,
1989-05-25,,
1989-05-26,,
1989-05-27,,
1989-05-28,,
1989-05-29,,
1989-05-30,,
1989-05-31,,
1989-06-01,,
1989-06-02,,
1989-06-03,,
1989-06-04,,
1989-06-05,,
1989-06-06,,
1989-06-07,,
1989-06-08,,
1989-06-09,,
1989-06-10,,
1989-06-11,,
1989-06-12,,
1989-06-13,,
1989-06-14,,
1989-06-15,,
1989-06-16,,
1989-06-17,,
1989-06-18,,
1989-06-19,,
1989-06-20,,
1989-06-21,,
1989-06-22,,
1989-06-23,,
1989-06-24,,
1989-06-25,,
1989-06-26,,
1989-06-27,,
1989-06-28,,
1989-06-29,,
1989-06-30,,
1989-07-01,,
1989-07-02,,
1989-07-03,,
1989-07-04,,
1989-07-05,,
1989-07-06,,
1989-07-07,,
1989-07-08,,
1989-07-09,,
1989-07-10,,
1989-07-11,,
1989-07-12,,
1989-07-13,,
1989-07-14,,
1989-07-15,,
1989-07-16,,
1989-07-17,,
1989-07-18,,
1989-07-19,,
1989-07-20,,
1989-07-21,,
1989-07-22,,
1989-07-23,,
1989-07-24,,
1989-07-25,,
1989-07-26,,
1989-07-27,,
1989-07-28,,
1989-07-29,,
1989-07-30,,
1989-07-31,,
1989-08-01,,
1989-08-02,,
1989-08-03,,
1989-08-04,,
1989-08-05,,
1989-08-06,,
1989-08-07,,
1989-08-08,,
1989-08-09,,
1989-08-10,,
1989-08-11,,
1989-08-12,,
1989-08-13,,
1989-08-14,,
1989-08-15,,
1989-08-16,,
1989-08-17,,
1989-08-18,,
1989-08-19,,
1989-08-20,,
1989-08-21,,
1989-08-22,,
1989-08-23,,
1989-08-24,,
1989-08-25,,
1989-08-26,,
1989-08-27,,
1989-08-28,,
1989-08-29,,
1989-08-30,,
1989-08-31,,
1989-09-01,,
1989-09-02,,
1989-09-03,,
1989-09-04,,
1989-09-05,,
1989-09-06,,
1989-09-07,,
1989-09-08,,
1989-09-09,,
1989-09-10,,
1989-09-11,,
1989-09-12,,
1989-09-13,,
1989-09-14,,
1989-09-15,,
1989-09-16,,
1989-09-17,,
1989-09-18,,
1989-09-19,,
1989-09-20,,
1989-09-21,,
1989-09-22,,
1989-09-23,,
1989-09-24,,
1989-09-25,,
1989-09-26,,
1989-09-27,,
1989-09-28,,
1989-09-29,,
1989-09-30,,
1989-10-01,,
1989-10-02,,
1989-10-03,,
1989-10-04,,
1989-10-05,,
1989-10-06,,
1989-10-07,,
1989-10-08,,
1989-10-09,,
1989-10-10,,
1989-10-11,,
1989-10-12,,
1989-10-13,,
1989-10-14,,
1989-10-15,,
1989-10-16,,
1989-10-17,,
1989-10-18,,
1989-10-19,,
1989-10-20,,
1989-10-21,,
1989-10-22,,
1989-10-23,,
1989-10-24,,
1989-10-25,,
1989-10-26,,
1989-10-27,,
1989-10-28,,
1989-10-29,,
1989-10-30,,
1989-10-31,,
1989-11-01,,
1989-11-02,,
1989-11-03,,
1989-11-04,,
1989-11-05,,
1989-11-06,,
1989-11-07,,
1989-11-08,,
1989-11-09,,
1989-11-10,,
1989-11-11,,
1989-11-12,,
1989-11-13,,
1989-11-14,,
1989-11-15,,
1989-11-16,,
1989-11-17,,
1989-11-18,,
1989-11-19,,
1989-11-20,,
1989-11-21,,
1989-11-22,,
1989-11-23,,
1989-11-24,,
1989-11-25,,
1989-11-26,,
1989-11-27,,
1989-11-28,,
1989-11-29,,
1989-11-30,,
1989-12-01,,
1989-12-02,,
1989-12-03,,
1989-12-04,,
1989-12-05,,
1989-12-06,,
1989-12-07,,
1989-12-08,,
1989-12-09,,
1989-12-10,,
1989-12-11,,
1989-12-12,,
1989-12-13,,
1989-12-14,,
1989-12-15,,
1989-12-16,,
1989-12-17,,
1989-12-18,,
1989-12-19,,
1989-12-20,,
1989-12-21,,
1989-12-22,,
1989-12-23,,
1989-12-24,,
1989-12-25,,
1989-12-26,,
1989-12-27,,
1989-12-28,,
1989-12-29,,
1989-12-30,,
1989-12-31,,
1990-01-01,,
1990-01-02,,
1990-01-03,,
1990-01-04,,
1990-01-05,,
1990-01-06,,
1990-01-07,,
1990-01-08,,
1990-01-09,,
1990-01-10,,
1990-01-11,,
1990-01-12,,
1990-01-13,,
1990-01-14,,
1990-01-15,,
1990-01-16,,
1990-01-17,,
1990-01-18,,
1990-01-19,,
1990-01-20,,
1990-01-21,,
1990-01-22,,
1990-01-23,,
1990-01-24,,
1990-01-25,,
1990-01-26,,
1990-01-27,,
1990-01-28,,
1990-01-29,,
1990-01-30,,
1990-01-31,,
1990-02-01,,
1990-02-02,,
1990-02-03,,
1990-02-04,,
1990-02-05,,
1990-02-06,,
1990-02-07,35.89,
1990-02-08,35.89,
1990-02-09,35.89,
1990-02-10,35.89,
1990-02-11,35.89,
1990-02-12,35.89,
1990-02-13,35.89,
1990-02-14,36.322,
1990-02-15,36.728,
1990-02-16,37.135,
1990-02-17,37.567,
1990-02-18,40.869,
1990-02-19,40.742,
1990-02-20,40.615,
1990-02-21,40.488,
1990-02-22,40.361,
1990-02-23,40.234,
1990-02-24,40.107,
1990-02-25,40.005,
1990-02-26,39.878,
1990-02-27,39.751,
1990-02-28,39.624,
1990-03-01,39.497,
1990-03-02,39.37,
1990-03-03,44.196,
1990-03-04,47.523,
1990-03-05,47.523,
1990-03-06,50.825,
1990-03-07,50.825,
1990-03-08,50.825,
1990-03-09,50.8,
1990-03-10,50.825,
1990-03-11,54.153,
1990-03-12,55.804,
1990-03-13,57.48,
1990-03-14,57.48,
1990-03-15,57.48,
1990-03-16,57.48,
1990-03-17,57.48,
1990-03-18,57.404,
1990-03-19,57.48,
1990-03-20,57.48,
1990-03-21,57.48,
1990-03-22,57.404,
1990-03-23,57.404,
1990-03-24,57.48,
1990-03-25,55.804,
1990-03-26,54.102,
1990-03-27,54.153,
1990-03-28,52.502,
1990-03-29,50.825,
1990-03-30,50.825,
1990-03-31,47.523,
1990-04-01,45.847,
1990-04-02,45.847,
1990-04-03,44.196,
1990-04-04,44.196,
1990-04-05,42.545,
1990-04-06,42.418,
1990-04-07,44.196,
1990-04-08,44.196,
1990-04-09,44.196,
1990-04-10,44.196,
1990-04-11,44.196,
1990-04-12,44.196,
1990-04-13,39.218,
1990-04-14,37.567,
1990-04-15,37.567,
1990-04-16,37.567,
1990-04-17,35.89,
1990-04-18,35.89,
1990-04-19,32.563,
1990-04-20,32.563,
1990-04-21,32.563,
1990-04-22,32.563,
1990-04-23,30.734,
1990-04-24,35.56,
1990-04-25,39.218,
1990-04-26,39.218,
1990-04-27,37.567,
1990-04-28,37.567,
1990-04-29,35.89,
1990-04-30,32.563,
1990-05-01,32.563,
1990-05-02,32.563,
1990-05-03,30.912,
1990-05-04,25.933,
1990-05-05,25.933,
1990-05-06,22.606,
1990-05-07,19.304,
1990-05-08,15.977,
1990-05-09,14.326,
1990-05-10,9.322,
1990-05-11,9.322,
1990-05-12,6.02,
1990-05-13,4.343,
1990-05-14,0.0,
1990-05-15,,
1990-05-16,,
1990-05-17,,
1990-05-18,,
1990-05-19,,
1990-05-20,,
1990-05-21,,
1990-05-22,,
1990-05-23,,
1990-05-24,,
1990-05-25,,
1990-05-26,,
1990-05-27,,
1990-05-28,,
1990-05-29,,
1990-05-30,,
1990-05-31,,
1990-06-01,,
1990-06-02,,
1990-06-03,,
1990-06-04,,
1990-06-05,,
1990-06-06,,
1990-06-07,,
1990-06-08,,
1990-06-09,,
1990-06-10,,
1990-06-11,,
1990-06-12,,
1990-06-13,,
1990-06-14,,
1990-06-15,,
1990-06-16,,
1990-06-17,,
1990-06-18,,
1990-06-19,,
1990-06-20,,
1990-06-21,,
1990-06-22,,
1990-06-23,,
1990-06-24,,
1990-06-25,,
1990-06-26,,
1990-06-27,,
1990-06-28,,
1990-06-29,,
1990-06-30,,
1990-07-01,,
1990-07-02,,
1990-07-03,,
1990-07-04,,
1990-07-05,,
1990-07-06,,
1990-07-07,,
1990-07-08,,
1990-07-09,,
1990-07-10,,
1990-07-11,,
1990-07-12,,
1990-07-13,,
1990-07-14,,
1990-07-15,,
1990-07-16,,
1990-07-17,,
1990-07-18,,
1990-07-19,,
1990-07-20,,
1990-07-21,,
1990-07-22,,
1990-07-23,,
1990-07-24,,
1990-07-25,,
1990-07-26,,
1990-07-27,,
1990-07-28,,
1990-07-29,,
1990-07-30,,
1990-07-31,,
1990-08-01,,
1990-08-02,,
1990-08-03,,
1990-08-04,,
1990-08-05,,
1990-08-06,,
1990-08-07,,
1990-08-08,,
1990-08-09,,
1990-08-10,,
1990-08-11,,
1990-08-12,,
1990-08-13,,
1990-08-14,,
1990-08-15,,
1990-08-16,,
1990-08-17,,
1990-08-18,,
1990-08-19,,
1990-08-20,,
1990-08-21,,
1990-08-22,,
1990-08-23,,
1990-08-24,,
1990-08-25,,
1990-08-26,,
1990-08-27,,
1990-08-28,,
1990-08-29,,
1990-08-30,,
1990-08-31,,
1990-09-01,,
1990-09-02,,
1990-09-03,,
1990-09-04,,
1990-09-05,,
1990-09-06,,
1990-09-07,,
1990-09-08,,
1990-09-09,,
1990-09-10,,
1990-09-11,,
1990-09-12,,
1990-09-13,,
1990-09-14,,
1990-09-15,,
1990-09-16,,
1990-09-17,,
1990-09-18,,
1990-09-19,,
1990-09-20,,
1990-09-21,,
1990-09-22,,
1990-09-23,,
1990-09-24,,
1990-09-25,,
1990-09-26,,
1990-09-27,,
1990-09-28,,
1990-09-29,,
1990-09-30,,
1990-10-01,0.0,
1990-10-02,0.0,
1990-10-03,0.0,
1990-10-04,0.0,
1990-10-05,0.0,
1990-10-06,0.0,
1990-10-07,0.0,
1990-10-08,0.0,
1990-10-09,0.0,
1990-10-10,0.0,
1990-10-11,0.0,
1990-10-12,0.0,
1990-10-13,0.0,
1990-10-14,0.0,
1990-10-15,0.0,
1990-10-16,0.0,
1990-10-17,0.0,
1990-10-18,0.0,
1990-10-19,0.0,
1990-10-20,0.0,
1990-10-21,0.0,
1990-10-22,0.0,
1990-10-23,0.0,
1990-10-24,0.0,
1990-10-25,0.0,
1990-10-26,0.0,
1990-10-27,0.0,
1990-10-28,0.0,
1990-10-29,0.0,
1990-10-30,0.0,
1990-10-31,0.0,
1990-11-01,0.0,
1990-11-02,0.0,
1990-11-03,0.0,
1990-11-04,0.0,
1990-11-05,0.0,
1990-11-06,0.0,
1990-11-07,0.0,
1990-11-08,0.0,
1990-11-09,0.0,
1990-11-10,0.0,
1990-11-11,0.0,
1990-11-12,0.0,
1990-11-13,0.0,
1990-11-14,0.0,
1990-11-15,0.0,
1990-11-16,0.0,
1990-11-17,0.0,
1990-11-18,0.0,
1990-11-19,0.0,
1990-11-20,0.0,
1990-11-21,0.0,
1990-11-22,0.0,
1990-11-23,0.0,
1990-11-24,0.0,
1990-11-25,0.0,
1990-11-26,0.0,
1990-11-27,0.0,
1990-11-28,0.0,
1990-11-29,0.0,
1990-11-30,0.0,
1990-12-01,0.0,
1990-12-02,0.0,
1990-12-03,0.0,
1990-12-04,0.0,
1990-12-05,0.0,
1990-12-06,0.0,
1990-12-07,0.0,
1990-12-08,0.0,
1990-12-09,0.0,
1990-12-10,0.0,
1990-12-11,0.0,
1990-12-12,0.0,
1990-12-13,0.0,
1990-12-14,0.0,
1990-12-15,0.0,
1990-12-16,0.0,
1990-12-17,0.0,
1990-12-18,0.0,
1990-12-19,0.0,
1990-12-20,3.099,
1990-12-21,3.099,
1990-12-22,3.099,
1990-12-23,3.099,
1990-12-24,3.099,
1990-12-25,3.099,
1990-12-26,3.099,
1990-12-27,3.099,
1990-12-28,3.099,
1990-12-29,3.099,
1990-12-30,3.099,
1990-12-31,3.099,
1991-01-01,3.099,
1991-01-02,3.099,
1991-01-03,3.099,
1991-01-04,3.048,
1991-01-05,3.048,
1991-01-06,3.099,
1991-01-07,3.531,
1991-01-08,3.556,
1991-01-09,3.556,
1991-01-10,3.302,
1991-01-11,3.302,
1991-01-12,3.302,
1991-01-13,3.302,
1991-01-14,3.302,
1991-01-15,3.302,
1991-01-16,3.175,
1991-01-17,3.175,
1991-01-18,3.175,
1991-01-19,3.175,
1991-01-20,3.175,
1991-01-21,3.175,
1991-01-22,3.175,
1991-01-23,3.175,
1991-01-24,3.175,
1991-01-25,3.175,
1991-01-26,3.175,
1991-01-27,3.175,
1991-01-28,3.175,
1991-01-29,3.099,
1991-01-30,3.099,
1991-01-31,3.099,
1991-02-01,3.099,
1991-02-02,3.099,
1991-02-03,3.302,
1991-02-04,3.531,
1991-02-05,3.531,
1991-02-06,3.759,
1991-02-07,3.759,
1991-02-08,3.988,
1991-02-09,3.988,
1991-02-10,3.988,
1991-02-11,3.988,
1991-02-12,3.988,
1991-02-13,3.988,
1991-02-14,3.988,
1991-02-15,3.988,
1991-02-16,3.988,
1991-02-17,3.988,
1991-02-18,3.988,
1991-02-19,3.988,
1991-02-20,3.759,
1991-02-21,3.531,
1991-02-22,3.531,
1991-02-23,3.531,
1991-02-24,3.531,
1991-02-25,3.531,
1991-02-26,3.759,
1991-02-27,3.759,
1991-02-28,3.988,
1991-03-01,4.42,
1991-03-02,5.74,
1991-03-03,5.08,
1991-03-04,6.858,
1991-03-05,7.722,
1991-03-06,7.518,
1991-03-07,7.29,
1991-03-08,27.94,
1991-03-09,45.39,
1991-03-10,43.688,
1991-03-11,45.39,
1991-03-12,45.39,
1991-03-13,47.041,
1991-03-14,50.368,
1991-03-15,50.368,
1991-03-16,52.045,
1991-03-17,50.368,
1991-03-18,52.045,
1991-03-19,53.696,
1991-03-20,55.347,
1991-03-21,55.347,
1991-03-22,55.347,
1991-03-23,55.347,
1991-03-24,58.674,
1991-03-25,63.652,
1991-03-26,70.282,
1991-03-27,71.958,
1991-03-28,71.958,
1991-03-29,71.958,
1991-03-30,71.958,
1991-03-31,71.958,
1991-04-01,73.609,
1991-04-02,73.609,
1991-04-03,71.958,
1991-04-04,73.609,
1991-04-05,73.609,
1991-04-06,71.958,
1991-04-07,76.937,
1991-04-08,75.286,
1991-04-09,75.286,
1991-04-10,76.937,
1991-04-11,75.286,
1991-04-12,75.286,
1991-04-13,75.286,
1991-04-14,75.286,
1991-04-15,76.937,
1991-04-16,75.286,
1991-04-17,75.286,
1991-04-18,73.609,
1991-04-19,73.609,
1991-04-20,73.609,
1991-04-21,75.286,
1991-04-22,76.962,
1991-04-23,76.937,
1991-04-24,75.286,
1991-04-25,78.588,
1991-04-26,81.915,
1991-04-27,81.915,
1991-04-28,80.264,
1991-04-29,80.264,
1991-04-30,80.264,
1991-05-01,81.915,
1991-05-02,81.915,
1991-05-03,80.264,
1991-05-04,78.588,
1991-05-05,80.264,
1991-05-06,80.264,
1991-05-07,78.588,
1991-05-08,76.937,
1991-05-09,60.325,
1991-05-10,80.264,
1991-05-11,80.264,
1991-05-12,80.264,
1991-05-13,80.264,
1991-05-14,85.242,
1991-05-15,83.566,
1991-05-16,83.566,
1991-05-17,83.566,
1991-05-18,88.544,
1991-05-19,90.221,
1991-05-20,88.544,
1991-05-21,88.544,
1991-05-22,87.63,
1991-05-23,86.868,
1991-05-24,83.566,
1991-05-25,80.264,
1991-05-26,78.588,
1991-05-27,76.937,
1991-05-28,75.286,
1991-05-29,71.958,
1991-05-30,73.66,
1991-05-31,75.286,
1991-06-01,73.609,
1991-06-02,71.958,
1991-06-03,70.282,
1991-06-04,66.98,
1991-06-05,63.652,
1991-06-06,58.674,
1991-06-07,55.347,
1991-06-08,53.696,
1991-06-09,50.368,
1991-06-10,47.041,
1991-06-11,37.084,
1991-06-12,35.433,
1991-06-13,27.127,
1991-06-14,3.886,
1991-06-15,,
1991-06-16,5.563,
1991-06-17,,
1991-06-18,,
1991-06-19,,
1991-06-20,,
1991-06-21,,
1991-06-22,,
1991-06-23,,
1991-06-24,,
1991-06-25,,
1991-06-26,,
1991-06-27,,
1991-06-28,,
1991-06-29,,
1991-06-30,,
1991-07-01,,
1991-07-02,,
1991-07-03,,
1991-07-04,,
1991-07-05,,
1991-07-06,,
1991-07-07,,
1991-07-08,,
1991-07-09,,
1991-07-10,,
1991-07-11,,
1991-07-12,,
1991-07-13,,
1991-07-14,,
1991-07-15,,
1991-07-16,,
1991-07-17,,
1991-07-18,,
1991-07-19,,
1991-07-20,,
1991-07-21,,
1991-07-22,,
1991-07-23,,
1991-07-24,,
1991-07-25,,
1991-07-26,,
1991-07-27,,
1991-07-28,,
1991-07-29,,
1991-07-30,,
1991-07-31,,
1991-08-01,,
1991-08-02,,
1991-08-03,,
1991-08-04,,
1991-08-05,,
1991-08-06,,
1991-08-07,,
1991-08-08,,
1991-08-09,,
1991-08-10,,
1991-08-11,,
1991-08-12,,
1991-08-13,,
1991-08-14,,
1991-08-15,,
1991-08-16,,
1991-08-17,,
1991-08-18,,
1991-08-19,,
1991-08-20,,
1991-08-21,,
1991-08-22,,
1991-08-23,,
1991-08-24,,
1991-08-25,,
1991-08-26,,
1991-08-27,,
1991-08-28,,
1991-08-29,,
1991-08-30,,
1991-08-31,,
1991-09-01,,
1991-09-02,,
1991-09-03,,
1991-09-04,,
1991-09-05,,
1991-09-06,,
1991-09-07,,
1991-09-08,,
1991-09-09,,
1991-09-10,,
1991-09-11,,
1991-09-12,,
1991-09-13,,
1991-09-14,,
1991-09-15,,
1991-09-16,,
1991-09-17,,
1991-09-18,,
1991-09-19,,
1991-09-20,,
1991-09-21,,
1991-09-22,,
1991-09-23,,
1991-09-24,,
1991-09-25,,
1991-09-26,,
1991-09-27,,
1991-09-28,,
1991-09-29,,
1991-09-30,,
1991-10-01,0.0,
1991-10-02,0.0,
1991-10-03,0.0,
1991-10-04,0.0,
1991-10-05,0.0,
1991-10-06,0.0,
1991-10-07,0.0,
1991-10-08,0.0,
1991-10-09,0.0,
1991-10-10,0.0,
1991-10-11,0.0,
1991-10-12,0.0,
1991-10-13,0.0,
1991-10-14,0.0,
1991-10-15,0.0,
1991-10-16,0.0,
1991-10-17,0.0,
1991-10-18,0.0,
1991-10-19,0.0,
1991-10-20,0.0,
1991-10-21,0.0,
1991-10-22,0.0,
1991-10-23,0.0,
1991-10-24,0.0,
1991-10-25,0.0,
1991-10-26,,
1991-10-27,,
1991-10-28,,
1991-10-29,,
1991-10-30,,
1991-10-31,,
1991-11-01,,
1991-11-02,,
1991-11-03,,
1991-11-04,,
1991-11-05,,
1991-11-06,,
1991-11-07,,
1991-11-08,,
1991-11-09,,
1991-11-10,,
1991-11-11,,
1991-11-12,,
1991-11-13,,
1991-11-14,,
1991-11-15,,
1991-11-16,,
1991-11-17,,
1991-11-18,,
1991-11-19,,
1991-11-20,,
1991-11-21,,
1991-11-22,,
1991-11-23,,
1991-11-24,,
1991-11-25,,
1991-11-26,,
1991-11-27,,
1991-11-28,,
1991-11-29,,
1991-11-30,31.521,
1991-12-01,29.718,
1991-12-02,28.219,
1991-12-03,29.87,
1991-12-04,29.87,
1991-12-05,31.521,
1991-12-06,31.521,
1991-12-07,33.274,
1991-12-08,34.849,
1991-12-09,36.5,
1991-12-10,36.5,
1991-12-11,36.5,
1991-12-12,36.5,
1991-12-13,36.5,
1991-12-14,36.5,
1991-12-15,34.849,
1991-12-16,34.849,
1991-12-17,34.849,
1991-12-18,34.849,
1991-12-19,43.155,
1991-12-20,44.806,
1991-12-21,46.482,
1991-12-22,46.482,
1991-12-23,46.482,
1991-12-24,44.806,
1991-12-25,44.806,
1991-12-26,43.155,
1991-12-27,43.155,
1991-12-28,41.504,
1991-12-29,38.176,
1991-12-30,38.176,
1991-12-31,38.176,
1992-01-01,38.176,
1992-01-02,38.1,
1992-01-03,36.5,
1992-01-04,34.849,
1992-01-05,38.176,
1992-01-06,41.504,
1992-01-07,42.164,
1992-01-08,43.155,
1992-01-09,43.155,
1992-01-10,43.155,
1992-01-11,43.155,
1992-01-12,43.155,
1992-01-13,43.155,
1992-01-14,41.504,
1992-01-15,39.827,
1992-01-16,39.827,
1992-01-17,39.878,
1992-01-18,41.504,
1992-01-19,39.827,
1992-01-20,39.827,
1992-01-21,38.176,
1992-01-22,36.5,
1992-01-23,38.176,
1992-01-24,38.176,
1992-01-25,39.827,
1992-01-26,38.176,
1992-01-27,38.1,
1992-01-28,36.5,
1992-01-29,39.827,
1992-01-30,39.827,
1992-01-31,39.827,
1992-02-01,38.176,
1992-02-02,34.849,
1992-02-03,34.849,
1992-02-04,34.849,
1992-02-05,34.849,
1992-02-06,36.5,
1992-02-07,36.5,
1992-02-08,41.504,
1992-02-09,41.504,
1992-02-10,39.827,
1992-02-11,41.504,
1992-02-12,41.504,
1992-02-13,39.827,
1992-02-14,43.155,
1992-02-15,44.806,
1992-02-16,46.482,
1992-02-17,53.111,
1992-02-18,56.439,
1992-02-19,54.864,
1992-02-20,63.068,
1992-02-21,69.85,
1992-02-22,73.025,
1992-02-23,73.025,
1992-02-24,71.374,
1992-02-25,71.374,
1992-02-26,71.374,
1992-02-27,71.374,
1992-02-28,71.374,
1992-02-29,71.374,
1992-03-01,71.374,
1992-03-02,66.396,
1992-03-03,64.745,
1992-03-04,71.374,
1992-03-05,71.374,
1992-03-06,74.701,
1992-03-07,76.352,
1992-03-08,76.352,
1992-03-09,74.701,
1992-03-10,74.701,
1992-03-11,74.701,
1992-03-12,74.701,
1992-03-13,74.701,
1992-03-14,74.701,
1992-03-15,74.701,
1992-03-16,73.025,
1992-03-17,78.003,
1992-03-18,79.68,
1992-03-19,79.68,
1992-03-20,79.68,
1992-03-21,79.68,
1992-03-22,78.003,
1992-03-23,76.352,
1992-03-24,79.68,
1992-03-25,79.68,
1992-03-26,79.68,
1992-03-27,81.331,
1992-03-28,82.982,
1992-03-29,82.982,
1992-03-30,84.658,
1992-03-31,86.309,
1992-04-01,89.637,
1992-04-02,86.309,
1992-04-03,87.986,
1992-04-04,87.986,
1992-04-05,84.658,
1992-04-06,84.658,
1992-04-07,82.982,
1992-04-08,82.982,
1992-04-09,81.28,
1992-04-10,79.68,
1992-04-11,78.003,
1992-04-12,74.701,
1992-04-13,76.352,
1992-04-14,76.352,
1992-04-15,74.701,
1992-04-16,76.352,
1992-04-17,74.701,
1992-04-18,78.003,
1992-04-19,74.701,
1992-04-20,74.701,
1992-04-21,74.701,
1992-04-22,71.374,
1992-04-23,68.047,
1992-04-24,66.396,
1992-04-25,66.396,
1992-04-26,64.745,
1992-04-27,63.068,
1992-04-28,59.741,
1992-04-29,59.741,
1992-04-30,54.762,
1992-05-01,48.133,
1992-05-02,46.482,
1992-05-03,46.482,
1992-05-04,43.155,
1992-05-05,41.504,
1992-05-06,38.176,
1992-05-07,31.521,
1992-05-08,29.87,
1992-05-09,24.892,
1992-05-10,21.565,
1992-05-11,16.586,
1992-05-12,9.906,
1992-05-13,3.302,
1992-05-14,0.0,
1992-05-15,0.0,
1992-05-16,0.0,
1992-05-17,0.0,
1992-05-18,0.0,
1992-05-19,0.0,
1992-05-20,0.0,
1992-05-21,0.0,
1992-05-22,0.0,
1992-05-23,0.0,
1992-05-24,0.0,
1992-05-25,0.0,
1992-05-26,0.0,
1992-05-27,0.0,
1992-05-28,0.0,
1992-05-29,0.0,
1992-05-30,0.0,
1992-05-31,0.0,
1992-06-01,0.0,
1992-06-02,0.0,
1992-06-03,0.0,
1992-06-04,0.0,
1992-06-05,0.0,
1992-06-06,0.0,
1992-06-07,0.0,
1992-06-08,0.0,
1992-06-09,0.0,
1992-06-10,0.0,
1992-06-11,0.0,
1992-06-12,0.0,
1992-06-13,0.0,
1992-06-14,0.0,
1992-06-15,0.0,
1992-06-16,0.0,
1992-06-17,0.0,
1992-06-18,0.0,
1992-06-19,0.0,
1992-06-20,0.0,
1992-06-21,0.0,
1992-06-22,0.0,
1992-06-23,0.0,
1992-06-24,0.0,
1992-06-25,0.0,
1992-06-26,0.0,
1992-06-27,0.0,
1992-06-28,0.0,
1992-06-29,0.0,
1992-06-30,0.0,
1992-07-01,0.0,
1992-07-02,0.0,
1992-07-03,0.0,
1992-07-04,0.0,
1992-07-05,0.0,
1992-07-06,0.0,
1992-07-07,0.0,
1992-07-08,0.0,
1992-07-09,0.0,
1992-07-10,0.0,
1992-07-11,0.0,
1992-07-12,0.0,
1992-07-13,0.0,
1992-07-14,0.0,
1992-07-15,0.0,
1992-07-16,0.0,
1992-07-17,0.0,
1992-07-18,0.0,
1992-07-19,0.0,
1992-07-20,0.0,
1992-07-21,0.0,
1992-07-22,0.0,
1992-07-23,0.0,
1992-07-24,0.0,
1992-07-25,0.0,
1992-07-26,0.0,
1992-07-27,0.0,
1992-07-28,0.0,
1992-07-29,0.0,
1992-07-30,0.0,
1992-07-31,0.0,
1992-08-01,0.0,
1992-08-02,0.0,
1992-08-03,0.0,
1992-08-04,0.0,
1992-08-05,0.0,
1992-08-06,0.0,
1992-08-07,0.0,
1992-08-08,0.0,
1992-08-09,0.0,
1992-08-10,0.0,
1992-08-11,0.0,
1992-08-12,0.0,
1992-08-13,0.0,
1992-08-14,0.0,
1992-08-15,0.0,
1992-08-16,0.0,
1992-08-17,0.0,
1992-08-18,0.0,
1992-08-19,0.0,
1992-08-20,0.0,
1992-08-21,0.0,
1992-08-22,0.0,
1992-08-23,0.0,
1992-08-24,0.0,
1992-08-25,0.0,
1992-08-26,0.0,
1992-08-27,0.0,
1992-08-28,0.0,
1992-08-29,0.0,
1992-08-30,0.0,
1992-08-31,0.0,
1992-09-01,0.0,
1992-09-02,0.0,
1992-09-03,0.0,
1992-09-04,0.0,
1992-09-05,0.0,
1992-09-06,0.0,
1992-09-07,0.0,
1992-09-08,0.0,
1992-09-09,0.0,
1992-09-10,0.0,
1992-09-11,0.0,
1992-09-12,0.0,
1992-09-13,0.0,
1992-09-14,0.0,
1992-09-15,0.0,
1992-09-16,0.0,
1992-09-17,0.0,
1992-09-18,0.0,
1992-09-19,0.0,
1992-09-20,0.0,
1992-09-21,0.0,
1992-09-22,0.0,
1992-09-23,0.0,
1992-09-24,0.0,
1992-09-25,0.0,
1992-09-26,0.0,
1992-09-27,0.0,
1992-09-28,0.0,
1992-09-29,0.0,
1992-09-30,0.0,
1992-10-01,0.0,
1992-10-02,0.0,
1992-10-03,0.0,
1992-10-04,0.0,
1992-10-05,0.0,
1992-10-06,0.0,
1992-10-07,0.0,
1992-10-08,0.0,
1992-10-09,0.0,
1992-10-10,0.0,
1992-10-11,0.0,
1992-10-12,0.0,
1992-10-13,0.0,
1992-10-14,0.0,
1992-10-15,0.0,
1992-10-16,0.0,
1992-10-17,0.0,
1992-10-18,0.0,
1992-10-19,0.0,
1992-10-20,0.0,
1992-10-21,0.0,
1992-10-22,0.0,
1992-10-23,0.0,
1992-10-24,0.0,
1992-10-25,0.0,
1992-10-26,0.0,
1992-10-27,0.0,
1992-10-28,0.025,
1992-10-29,3.327,
1992-10-30,7.62,
1992-10-31,17.78,
1992-11-01,23.241,
1992-11-02,21.565,
1992-11-03,21.565,
1992-11-04,21.565,
1992-11-05,21.565,
1992-11-06,21.565,
1992-11-07,21.565,
1992-11-08,21.565,
1992-11-09,14.961,
1992-11-10,18.263,
1992-11-11,24.917,
1992-11-12,23.241,
1992-11-13,23.241,
1992-11-14,21.565,
1992-11-15,18.263,
1992-11-16,18.263,
1992-11-17,18.263,
1992-11-18,16.586,
1992-11-19,21.565,
1992-11-20,23.241,
1992-11-21,24.917,
1992-11-22,26.568,
1992-11-23,21.565,
1992-11-24,21.565,
1992-11-25,24.917,
1992-11-26,23.241,
1992-11-27,23.241,
1992-11-28,21.565,
1992-11-29,21.565,
1992-11-30,21.565,
1992-12-01,26.568,
1992-12-02,24.917,
1992-12-03,24.917,
1992-12-04,24.917,
1992-12-05,23.241,
1992-12-06,23.241,
1992-12-07,26.568,
1992-12-08,29.896,
1992-12-09,46.482,
1992-12-10,54.762,
1992-12-11,59.766,
1992-12-12,64.77,
1992-12-13,64.77,
1992-12-14,66.396,
1992-12-15,64.77,
1992-12-16,64.77,
1992-12-17,64.77,
1992-12-18,69.748,
1992-12-19,69.748,
1992-12-20,69.748,
1992-12-21,69.748,
1992-12-22,69.748,
1992-12-23,69.748,
1992-12-24,69.748,
1992-12-25,69.748,
1992-12-26,69.748,
1992-12-27,69.748,
1992-12-28,69.748,
1992-12-29,78.003,
1992-12-30,92.989,
1992-12-31,92.989,
1993-01-01,92.989,
1993-01-02,94.64,
1993-01-03,94.64,
1993-01-04,94.64,
1993-01-05,89.662,
1993-01-06,89.662,
1993-01-07,94.64,
1993-01-08,101.27,
1993-01-09,109.55,
1993-01-10,111.76,
1993-01-11,114.554,
1993-01-12,114.529,
1993-01-13,109.576,
1993-01-14,109.576,
1993-01-15,109.576,
1993-01-16,107.899,
1993-01-17,107.899,
1993-01-18,109.576,
1993-01-19,109.576,
1993-01-20,112.903,
1993-01-21,126.187,
1993-01-22,126.187,
1993-01-23,132.817,
1993-01-24,131.166,
1993-01-25,131.166,
1993-01-26,131.166,
1993-01-27,129.489,
1993-01-28,127.838,
1993-01-29,127.838,
1993-01-30,126.187,
1993-01-31,126.187,
1993-02-01,126.162,
1993-02-02,124.511,
1993-02-03,122.834,
1993-02-04,122.86,
1993-02-05,121.209,
1993-02-06,121.209,
1993-02-07,119.507,
1993-02-08,119.507,
1993-02-09,121.183,
1993-02-10,122.834,
1993-02-11,122.86,
1993-02-12,126.187,
1993-02-13,124.511,
1993-02-14,124.511,
1993-02-15,124.511,
1993-02-16,126.187,
1993-02-17,129.489,
1993-02-18,126.187,
1993-02-19,124.511,
1993-02-20,122.86,
1993-02-21,131.166,
1993-02-22,134.493,
1993-02-23,129.489,
1993-02-24,137.77,
1993-02-25,139.471,
1993-02-26,137.795,
1993-02-27,137.795,
1993-02-28,137.795,
1993-03-01,137.795,
1993-03-02,137.795,
1993-03-03,137.795,
1993-03-04,139.471,
1993-03-05,137.795,
1993-03-06,137.795,
1993-03-07,139.471,
1993-03-08,137.795,
1993-03-09,137.795,
1993-03-10,136.144,
1993-03-11,136.144,
1993-03-12,136.144,
1993-03-13,136.144,
1993-03-14,136.144,
1993-03-15,137.16,
1993-03-16,139.471,
1993-03-17,141.097,
1993-03-18,151.054,
1993-03-19,149.403,
1993-03-20,149.403,
1993-03-21,147.726,
1993-03-22,147.726,
1993-03-23,147.726,
1993-03-24,154.407,
1993-03-25,154.407,
1993-03-26,156.058,
1993-03-27,157.734,
1993-03-28,157.734,
1993-03-29,157.734,
1993-03-30,157.734,
1993-03-31,157.734,
1993-04-01,157.734,
1993-04-02,159.36,
1993-04-03,159.36,
1993-04-04,161.036,
1993-04-05,162.687,
1993-04-06,165.989,
1993-04-07,165.989,
1993-04-08,162.687,
1993-04-09,162.687,
1993-04-10,162.687,
1993-04-11,162.687,
1993-04-12,162.687,
1993-04-13,161.036,
1993-04-14,159.36,
1993-04-15,159.36,
1993-04-16,157.734,
1993-04-17,156.058,
1993-04-18,157.734,
1993-04-19,156.058,
1993-04-20,154.407,
1993-04-21,156.058,
1993-04-22,152.73,
1993-04-23,151.079,
1993-04-24,151.892,
1993-04-25,152.73,
1993-04-26,151.079,
1993-04-27,151.079,
1993-04-28,149.403,
1993-04-29,144.45,
1993-04-30,141.097,
1993-05-01,139.471,
1993-05-02,139.471,
1993-05-03,139.471,
1993-05-04,142.773,
1993-05-05,142.773,
1993-05-06,141.097,
1993-05-07,142.773,
1993-05-08,139.471,
1993-05-09,139.471,
1993-05-10,137.795,
1993-05-11,139.471,
1993-05-12,139.471,
1993-05-13,137.795,
1993-05-14,132.817,
1993-05-15,132.817,
1993-05-16,131.166,
1993-05-17,129.489,
1993-05-18,126.187,
1993-05-19,122.86,
1993-05-20,119.507,
1993-05-21,116.23,
1993-05-22,111.252,
1993-05-23,107.899,
1993-05-24,104.597,
1993-05-25,101.27,
1993-05-26,101.27,
1993-05-27,97.968,
1993-05-28,97.968,
1993-05-29,96.291,
1993-05-30,91.313,
1993-05-31,89.662,
1993-06-01,94.64,
1993-06-02,92.989,
1993-06-03,91.313,
1993-06-04,86.309,
1993-06-05,91.313,
1993-06-06,91.313,
1993-06-07,92.989,
1993-06-08,92.989,
1993-06-09,91.313,
1993-06-10,89.662,
1993-06-11,88.011,
1993-06-12,88.011,
1993-06-13,84.684,
1993-06-14,81.356,
1993-06-15,76.378,
1993-06-16,73.025,
1993-06-17,68.047,
1993-06-18,63.068,
1993-06-19,58.115,
1993-06-20,53.111,
1993-06-21,48.133,
1993-06-22,43.155,
1993-06-23,38.202,
1993-06-24,34.849,
1993-06-25,31.547,
1993-06-26,23.241,
1993-06-27,11.633,
1993-06-28,3.327,
1993-06-29,1.676,
1993-06-30,0.025,
1993-07-01,0.0,
1993-07-02,0.0,
1993-07-03,0.0,
1993-07-04,0.0,
1993-07-05,0.0,
1993-07-06,0.0,
1993-07-07,0.0,
1993-07-08,0.0,
1993-07-09,0.0,
1993-07-10,0.0,
1993-07-11,0.0,
1993-07-12,0.0,
1993-07-13,0.0,
1993-07-14,0.0,
1993-07-15,0.0,
1993-07-16,0.0,
1993-07-17,0.0,
1993-07-18,0.0,
1993-07-19,0.0,
1993-07-20,0.0,
1993-07-21,0.0,
1993-07-22,0.0,
1993-07-23,0.0,
1993-07-24,0.0,
1993-07-25,0.0,
1993-07-26,0.0,
1993-07-27,0.0,
1993-07-28,0.0,
1993-07-29,0.0,
1993-07-30,0.0,
1993-07-31,0.0,
1993-08-01,0.0,
1993-08-02,0.0,
1993-08-03,0.0,
1993-08-04,0.0,
1993-08-05,0.0,
1993-08-06,0.0,
1993-08-07,0.0,
1993-08-08,0.0,
1993-08-09,0.0,
1993-08-10,0.0,
1993-08-11,0.0,
1993-08-12,0.0,
1993-08-13,0.0,
1993-08-14,0.0,
1993-08-15,0.0,
1993-08-16,0.0,
1993-08-17,0.0,
1993-08-18,0.0,
1993-08-19,0.0,
1993-08-20,0.0,
1993-08-21,0.0,
1993-08-22,0.0,
1993-08-23,0.0,
1993-08-24,0.0,
1993-08-25,0.0,
1993-08-26,0.0,
1993-08-27,0.0,
1993-08-28,0.0,
1993-08-29,0.0,
1993-08-30,0.0,
1993-08-31,0.0,
1993-09-01,0.0,
1993-09-02,0.0,
1993-09-03,0.0,
1993-09-04,0.0,
1993-09-05,0.0,
1993-09-06,0.0,
1993-09-07,0.0,
1993-09-08,0.0,
1993-09-09,0.0,
1993-09-10,0.0,
1993-09-11,0.0,
1993-09-12,0.0,
1993-09-13,0.0,
1993-09-14,0.0,
1993-09-15,0.0,
1993-09-16,0.0,
1993-09-17,0.0,
1993-09-18,0.0,
1993-09-19,0.0,
1993-09-20,0.0,
1993-09-21,0.0,
1993-09-22,0.0,
1993-09-23,0.0,
1993-09-24,0.0,
1993-09-25,0.0,
1993-09-26,0.0,
1993-09-27,0.0,
1993-09-28,0.0,
1993-09-29,0.0,
1993-09-30,0.0,
1993-10-01,0.0,
1993-10-02,0.0,
1993-10-03,0.0,
1993-10-04,0.0,
1993-10-05,0.0,
1993-10-06,0.0,
1993-10-07,0.0,
1993-10-08,0.0,
1993-10-09,0.0,
1993-10-10,0.0,
1993-10-11,0.0,
1993-10-12,0.0,
1993-10-13,0.0,
1993-10-14,0.0,
1993-10-15,0.0,
1993-10-16,8.306,
1993-10-17,9.957,
1993-10-18,9.957,
1993-10-19,9.957,
1993-10-20,9.957,
1993-10-21,8.306,
1993-10-22,8.306,
1993-10-23,6.655,
1993-10-24,4.978,
1993-10-25,4.978,
1993-10-26,4.978,
1993-10-27,3.353,
1993-10-28,1.702,
1993-10-29,1.702,
1993-10-30,0.0,
1993-10-31,0.0,
1993-11-01,0.0,
1993-11-02,0.0,
1993-11-03,0.0,
1993-11-04,0.0,
1993-11-05,0.0,
1993-11-06,0.0,
1993-11-07,0.0,
1993-11-08,0.0,
1993-11-09,0.0,
1993-11-10,0.0,
1993-11-11,0.0,
1993-11-12,1.702,
1993-11-13,1.702,
1993-11-14,3.353,
1993-11-15,5.004,
1993-11-16,5.004,
1993-11-17,5.004,
1993-11-18,5.004,
1993-11-19,5.004,
1993-11-20,5.004,
1993-11-21,5.004,
1993-11-22,5.004,
1993-11-23,8.306,
1993-11-24,8.306,
1993-11-25,8.306,
1993-11-26,8.306,
1993-11-27,9.957,
1993-11-28,9.957,
1993-11-29,9.957,
1993-11-30,11.633,
1993-12-01,11.633,
1993-12-02,11.633,
1993-12-03,13.31,
1993-12-04,13.31,
1993-12-05,13.31,
1993-12-06,13.31,
1993-12-07,13.31,
1993-12-08,9.957,
1993-12-09,18.263,
1993-12-10,19.939,
1993-12-11,19.939,
1993-12-12,26.594,
1993-12-13,26.594,
1993-12-14,26.594,
1993-12-15,26.594,
1993-12-16,26.594,
1993-12-17,26.594,
1993-12-18,26.594,
1993-12-19,24.917,
1993-12-20,24.917,
1993-12-21,24.917,
1993-12-22,24.917,
1993-12-23,24.917,
1993-12-24,24.917,
1993-12-25,24.917,
1993-12-26,24.917,
1993-12-27,26.594,
1993-12-28,26.594,
1993-12-29,26.594,
1993-12-30,26.594,
1993-12-31,26.594,
1994-01-01,27.432,
1994-01-02,28.245,
1994-01-03,28.245,
1994-01-04,28.245,
1994-01-05,31.572,
1994-01-06,31.572,
1994-01-07,31.572,
1994-01-08,31.572,
1994-01-09,33.223,
1994-01-10,33.223,
1994-01-11,33.223,
1994-01-12,33.223,
1994-01-13,33.223,
1994-01-14,33.223,
1994-01-15,33.223,
1994-01-16,33.223,
1994-01-17,33.223,
1994-01-18,33.223,
1994-01-19,33.223,
1994-01-20,33.223,
1994-01-21,33.223,
1994-01-22,33.223,
1994-01-23,33.223,
1994-01-24,33.223,
1994-01-25,34.9,
1994-01-26,36.525,
1994-01-27,36.525,
1994-01-28,36.525,
1994-01-29,36.525,
1994-01-30,36.525,
1994-01-31,38.202,
1994-02-01,38.202,
1994-02-02,38.202,
1994-02-03,38.202,
1994-02-04,38.202,
1994-02-05,36.525,
1994-02-06,38.202,
1994-02-07,36.525,
1994-02-08,41.504,
1994-02-09,41.504,
1994-02-10,41.504,
1994-02-11,49.809,
1994-02-12,49.809,
1994-02-13,51.486,
1994-02-14,49.809,
1994-02-15,49.809,
1994-02-16,48.158,
1994-02-17,39.878,
1994-02-18,49.809,
1994-02-19,53.162,
1994-02-20,54.788,
1994-02-21,58.115,
1994-02-22,59.69,
1994-02-23,61.443,
1994-02-24,61.443,
1994-02-25,61.443,
1994-02-26,59.792,
1994-02-27,64.745,
1994-02-28,66.446,
1994-03-01,66.446,
1994-03-02,66.446,
1994-03-03,66.446,
1994-03-04,66.446,
1994-03-05,66.446,
1994-03-06,69.723,
1994-03-07,69.723,
1994-03-08,69.723,
1994-03-09,69.723,
1994-03-10,69.723,
1994-03-11,71.425,
1994-03-12,71.425,
1994-03-13,71.425,
1994-03-14,71.425,
1994-03-15,71.425,
1994-03-16,71.425,
1994-03-17,69.723,
1994-03-18,69.723,
1994-03-19,69.723,
1994-03-20,68.072,
1994-03-21,69.723,
1994-03-22,69.723,
1994-03-23,71.425,
1994-03-24,69.723,
1994-03-25,71.425,
1994-03-26,71.425,
1994-03-27,71.425,
1994-03-28,71.425,
1994-03-29,70.612,
1994-03-30,69.723,
1994-03-31,69.723,
1994-04-01,66.446,
1994-04-02,66.446,
1994-04-03,66.446,
1994-04-04,68.072,
1994-04-05,66.446,
1994-04-06,67.818,
1994-04-07,68.58,
1994-04-08,69.723,
1994-04-09,74.701,
1994-04-10,74.701,
1994-04-11,74.701,
1994-04-12,73.66,
1994-04-13,72.39,
1994-04-14,71.12,
1994-04-15,69.85,
1994-04-16,68.58,
1994-04-17,66.04,
1994-04-18,63.5,
1994-04-19,61.443,
1994-04-20,58.115,
1994-04-21,54.788,
1994-04-22,53.162,
1994-04-23,53.162,
1994-04-24,53.162,
1994-04-25,56.439,
1994-04-26,59.792,
1994-04-27,61.443,
1994-04-28,61.443,
1994-04-29,61.443,
1994-04-30,61.443,
1994-05-01,59.792,
1994-05-02,59.792,
1994-05-03,59.792,
1994-05-04,58.115,
1994-05-05,54.788,
1994-05-06,54.788,
1994-05-07,56.439,
1994-05-08,58.115,
1994-05-09,54.788,
1994-05-10,51.486,
1994-05-11,48.158,
1994-05-12,43.18,
1994-05-13,39.878,
1994-05-14,36.525,
1994-05-15,33.223,
1994-05-16,33.198,
1994-05-17,33.223,
1994-05-18,33.223,
1994-05-19,34.9,
1994-05-20,36.525,
1994-05-21,38.202,
1994-05-22,36.525,
1994-05-23,33.223,
1994-05-24,29.921,
1994-05-25,26.594,
1994-05-26,23.241,
1994-05-27,18.263,
1994-05-28,13.31,
1994-05-29,6.68,
1994-05-30,5.004,
1994-05-31,3.353,
1994-06-01,1.702,
1994-06-02,0.0,
1994-06-03,0.0,
1994-06-04,0.0,
1994-06-05,0.0,
1994-06-06,0.0,
1994-06-07,0.0,
1994-06-08,0.0,
1994-06-09,0.0,
1994-06-10,0.0,
1994-06-11,0.0,
1994-06-12,0.0,
1994-06-13,0.0,
1994-06-14,0.0,
1994-06-15,0.0,
1994-06-16,0.0,
1994-06-17,0.0,
1994-06-18,0.0,
1994-06-19,0.0,
1994-06-20,0.0,
1994-06-21,0.0,
1994-06-22,0.0,
1994-06-23,0.0,
1994-06-24,0.0,
1994-06-25,0.0,
1994-06-26,0.0,
1994-06-27,0.0,
1994-06-28,0.0,
1994-06-29,0.0,
1994-06-30,0.0,
1994-07-01,0.0,
1994-07-02,0.0,
1994-07-03,0.0,
1994-07-04,0.0,
1994-07-05,0.0,
1994-07-06,0.0,
1994-07-07,0.0,
1994-07-08,0.0,
1994-07-09,0.0,
1994-07-10,0.0,
1994-07-11,0.0,
1994-07-12,0.0,
1994-07-13,0.0,
1994-07-14,0.0,
1994-07-15,0.0,
1994-07-16,0.0,
1994-07-17,0.0,
1994-07-18,0.0,
1994-07-19,0.0,
1994-07-20,0.0,
1994-07-21,0.0,
1994-07-22,0.0,
1994-07-23,0.0,
1994-07-24,0.0,
1994-07-25,0.0,
1994-07-26,0.0,
1994-07-27,0.0,
1994-07-28,0.0,
1994-07-29,0.0,
1994-07-30,0.0,
1994-07-31,0.0,
1994-08-01,0.0,
1994-08-02,0.0,
1994-08-03,0.0,
1994-08-04,0.0,
1994-08-05,0.0,
1994-08-06,0.0,
1994-08-07,0.0,
1994-08-08,0.0,
1994-08-09,0.0,
1994-08-10,0.0,
1994-08-11,0.0,
1994-08-12,0.0,
1994-08-13,0.0,
1994-08-14,0.0,
1994-08-15,0.0,
1994-08-16,0.0,
1994-08-17,0.0,
1994-08-18,0.0,
1994-08-19,0.0,
1994-08-20,0.0,
1994-08-21,0.0,
1994-08-22,0.0,
1994-08-23,0.0,
1994-08-24,0.0,
1994-08-25,0.0,
1994-08-26,0.0,
1994-08-27,0.0,
1994-08-28,0.0,
1994-08-29,0.0,
1994-08-30,0.0,
1994-08-31,0.0,
1994-09-01,0.0,
1994-09-02,0.0,
1994-09-03,0.0,
1994-09-04,0.0,
1994-09-05,0.0,
1994-09-06,0.0,
1994-09-07,0.0,
1994-09-08,0.0,
1994-09-09,0.0,
1994-09-10,0.0,
1994-09-11,0.0,
1994-09-12,0.0,
1994-09-13,0.0,
1994-09-14,0.0,
1994-09-15,0.0,
1994-09-16,0.0,
1994-09-17,0.0,
1994-09-18,0.0,
1994-09-19,0.0,
1994-09-20,0.0,
1994-09-21,0.0,
1994-09-22,0.0,
1994-09-23,0.0,
1994-09-24,0.0,
1994-09-25,0.0,
1994-09-26,0.0,
1994-09-27,0.0,
1994-09-28,0.0,
1994-09-29,0.0,
1994-09-30,0.0,
1994-10-01,0.0,
1994-10-02,0.0,
1994-10-03,0.0,
1994-10-04,0.0,
1994-10-05,0.0,
1994-10-06,0.0,
1994-10-07,0.0,
1994-10-08,0.0,
1994-10-09,0.0,
1994-10-10,0.0,
1994-10-11,0.0,
1994-10-12,0.0,
1994-10-13,0.0,
1994-10-14,0.0,
1994-10-15,0.0,
1994-10-16,0.0,
1994-10-17,0.0,
1994-10-18,0.0,
1994-10-19,0.0,
1994-10-20,0.0,
1994-10-21,0.0,
1994-10-22,0.0,
1994-10-23,0.0,
1994-10-24,0.0,
1994-10-25,0.0,
1994-10-26,0.0,
1994-10-27,0.0,
1994-10-28,0.0,
1994-10-29,0.0,
1994-10-30,0.0,
1994-10-31,0.0,
1994-11-01,0.0,
1994-11-02,1.702,
1994-11-03,1.702,
1994-11-04,3.302,
1994-11-05,6.604,
1994-11-06,23.216,
1994-11-07,28.194,
1994-11-08,31.521,
1994-11-09,31.521,
1994-11-10,34.823,
1994-11-11,36.5,
1994-11-12,36.5,
1994-11-13,36.5,
1994-11-14,36.5,
1994-11-15,36.5,
1994-11-16,38.151,
1994-11-17,41.478,
1994-11-18,53.086,
1994-11-19,53.086,
1994-11-20,53.086,
1994-11-21,53.086,
1994-11-22,53.086,
1994-11-23,53.086,
1994-11-24,51.435,
1994-11-25,51.435,
1994-11-26,63.043,
1994-11-27,63.043,
1994-11-28,64.719,
1994-11-29,64.719,
1994-11-30,64.719,
1994-12-01,64.719,
1994-12-02,64.719,
1994-12-03,68.047,
1994-12-04,71.349,
1994-12-05,73.025,
1994-12-06,73.025,
1994-12-07,74.676,
1994-12-08,74.676,
1994-12-09,74.676,
1994-12-10,74.676,
1994-12-11,74.676,
1994-12-12,74.676,
1994-12-13,78.003,
1994-12-14,78.003,
1994-12-15,76.327,
1994-12-16,78.003,
1994-12-17,78.003,
1994-12-18,78.003,
1994-12-19,78.003,
1994-12-20,78.003,
1994-12-21,78.003,
1994-12-22,78.003,
1994-12-23,78.003,
1994-12-24,78.003,
1994-12-25,79.654,
1994-12-26,79.654,
1994-12-27,79.654,
1994-12-28,79.654,
1994-12-29,79.654,
1994-12-30,79.654,
1994-12-31,79.654,
1995-01-01,79.654,
1995-01-02,79.654,
1995-01-03,79.654,
1995-01-04,79.654,
1995-01-05,84.633,
1995-01-06,91.288,
1995-01-07,96.266,
1995-01-08,89.611,
1995-01-09,87.96,
1995-01-10,79.502,
1995-01-11,99.568,
1995-01-12,96.266,
1995-01-13,99.568,
1995-01-14,116.18,
1995-01-15,126.136,
1995-01-16,127.787,
1995-01-17,126.136,
1995-01-18,126.136,
1995-01-19,126.136,
1995-01-20,126.136,
1995-01-21,126.136,
1995-01-22,126.136,
1995-01-23,126.136,
1995-01-24,126.136,
1995-01-25,129.464,
1995-01-26,131.115,
1995-01-27,134.442,
1995-01-28,137.77,
1995-01-29,137.77,
1995-01-30,137.77,
1995-01-31,137.77,
1995-02-01,136.093,
1995-02-02,136.093,
1995-02-03,134.442,
1995-02-04,132.766,
1995-02-05,132.766,
1995-02-06,132.766,
1995-02-07,132.766,
1995-02-08,132.766,
1995-02-09,132.766,
1995-02-10,132.766,
1995-02-11,132.766,
1995-02-12,132.766,
1995-02-13,132.766,
1995-02-14,137.77,
1995-02-15,137.77,
1995-02-16,137.77,
1995-02-17,136.093,
1995-02-18,136.093,
1995-02-19,136.093,
1995-02-20,134.442,
1995-02-21,134.442,
1995-02-22,134.442,
1995-02-23,134.442,
1995-02-24,134.442,
1995-02-25,134.442,
1995-02-26,134.442,
1995-02-27,134.442,
1995-02-28,134.442,
1995-03-01,134.442,
1995-03-02,136.093,
1995-03-03,141.072,
1995-03-04,147.726,
1995-03-05,151.028,
1995-03-06,151.028,
1995-03-07,151.028,
1995-03-08,149.377,
1995-03-09,149.377,
1995-03-10,149.377,
1995-03-11,156.007,
1995-03-12,161.011,
1995-03-13,165.989,
1995-03-14,169.291,
1995-03-15,169.291,
1995-03-16,169.291,
1995-03-17,169.291,
1995-03-18,169.291,
1995-03-19,174.269,
1995-03-20,177.597,
1995-03-21,177.597,
1995-03-22,192.532,
1995-03-23,185.903,
1995-03-24,190.881,
1995-03-25,190.881,
1995-03-26,190.881,
1995-03-27,190.881,
1995-03-28,190.881,
1995-03-29,190.881,
1995-03-30,189.23,
1995-03-31,189.23,
1995-04-01,187.554,
1995-04-02,187.554,
1995-04-03,185.903,
1995-04-04,185.903,
1995-04-05,185.903,
1995-04-06,184.252,
1995-04-07,184.252,
1995-04-08,190.881,
1995-04-09,194.208,
1995-04-10,194.208,
1995-04-11,194.208,
1995-04-12,192.532,
1995-04-13,190.881,
1995-04-14,194.208,
1995-04-15,194.208,
1995-04-16,192.532,
1995-04-17,190.881,
1995-04-18,192.532,
1995-04-19,192.532,
1995-04-20,192.532,
1995-04-21,192.532,
1995-04-22,192.532,
1995-04-23,192.532,
1995-04-24,190.881,
1995-04-25,189.23,
1995-04-26,187.554,
1995-04-27,187.554,
1995-04-28,187.452,
1995-04-29,194.208,
1995-04-30,202.489,
1995-05-01,204.165,
1995-05-02,212.471,
1995-05-03,212.471,
1995-05-04,210.795,
1995-05-05,207.493,
1995-05-06,205.816,
1995-05-07,204.165,
1995-05-08,202.489,
1995-05-09,200.838,
1995-05-10,200.838,
1995-05-11,199.187,
1995-05-12,199.136,
1995-05-13,199.136,
1995-05-14,199.187,
1995-05-15,202.489,
1995-05-16,200.838,
1995-05-17,199.187,
1995-05-18,199.187,
1995-05-19,199.187,
1995-05-20,199.136,
1995-05-21,199.136,
1995-05-22,197.51,
1995-05-23,197.51,
1995-05-24,197.51,
1995-05-25,197.51,
1995-05-26,195.859,
1995-05-27,194.208,
1995-05-28,192.532,
1995-05-29,190.881,
1995-05-30,187.554,
1995-05-31,185.903,
1995-06-01,185.903,
1995-06-02,185.903,
1995-06-03,182.575,
1995-06-04,180.924,
1995-06-05,180.924,
1995-06-06,180.924,
1995-06-07,184.252,
1995-06-08,179.248,
1995-06-09,174.269,
1995-06-10,167.64,
1995-06-11,165.989,
1995-06-12,164.313,
1995-06-13,164.313,
1995-06-14,167.64,
1995-06-15,172.618,
1995-06-16,174.269,
1995-06-17,169.291,
1995-06-18,165.989,
1995-06-19,164.338,
1995-06-20,164.313,
1995-06-21,162.662,
1995-06-22,162.662,
1995-06-23,161.011,
1995-06-24,159.334,
1995-06-25,156.007,
1995-06-26,152.705,
1995-06-27,149.377,
1995-06-28,144.399,
1995-06-29,141.072,
1995-06-30,136.093,
1995-07-01,131.115,
1995-07-02,124.485,
1995-07-03,119.507,
1995-07-04,109.525,
1995-07-05,107.874,
1995-07-06,101.244,
1995-07-07,92.939,
1995-07-08,84.633,
1995-07-09,81.305,
1995-07-10,74.676,
1995-07-11,68.047,
1995-07-12,63.043,
1995-07-13,56.413,
1995-07-14,51.435,
1995-07-15,46.457,
1995-07-16,29.845,
1995-07-17,29.845,
1995-07-18,28.194,
1995-07-19,28.194,
1995-07-20,13.259,
1995-07-21,11.582,
1995-07-22,0.0,
1995-07-23,0.0,
1995-07-24,0.0,
1995-07-25,0.0,
1995-07-26,0.0,
1995-07-27,0.0,
1995-07-28,0.0,
1995-07-29,0.0,
1995-07-30,0.0,
1995-07-31,0.0,
1995-08-01,0.0,
1995-08-02,0.0,
1995-08-03,0.0,
1995-08-04,0.0,
1995-08-05,0.0,
1995-08-06,0.0,
1995-08-07,0.0,
1995-08-08,0.0,
1995-08-09,0.0,
1995-08-10,0.0,
1995-08-11,0.0,
1995-08-12,0.0,
1995-08-13,0.0,
1995-08-14,0.0,
1995-08-15,0.0,
1995-08-16,0.0,
1995-08-17,0.0,
1995-08-18,0.0,
1995-08-19,0.0,
1995-08-20,0.0,
1995-08-21,0.0,
1995-08-22,0.0,
1995-08-23,0.0,
1995-08-24,0.0,
1995-08-25,0.0,
1995-08-26,0.0,
1995-08-27,0.0,
1995-08-28,0.0,
1995-08-29,0.0,
1995-08-30,0.0,
1995-08-31,0.0,
1995-09-01,0.0,
1995-09-02,0.0,
1995-09-03,0.0,
1995-09-04,0.0,
1995-09-05,0.0,
1995-09-06,0.0,
1995-09-07,0.0,
1995-09-08,0.0,
1995-09-09,0.0,
1995-09-10,0.0,
1995-09-11,0.0,
1995-09-12,0.0,
1995-09-13,0.0,
1995-09-14,0.0,
1995-09-15,0.0,
1995-09-16,0.0,
1995-09-17,0.0,
1995-09-18,0.0,
1995-09-19,0.0,
1995-09-20,0.0,
1995-09-21,0.0,
1995-09-22,0.0,
1995-09-23,0.0,
1995-09-24,0.0,
1995-09-25,0.0,
1995-09-26,0.0,
1995-09-27,0.0,
1995-09-28,0.0,
1995-09-29,0.0,
1995-09-30,0.0,
1995-10-01,0.0,
1995-10-02,0.0,
1995-10-03,0.0,
1995-10-04,0.0,
1995-10-05,0.0,
1995-10-06,0.0,
1995-10-07,0.0,
1995-10-08,0.0,
1995-10-09,0.0,
1995-10-10,0.0,
1995-10-11,0.0,
1995-10-12,0.0,
1995-10-13,0.0,
1995-10-14,0.0,
1995-10-15,0.0,
1995-10-16,0.0,
1995-10-17,0.0,
1995-10-18,0.0,
1995-10-19,0.0,
1995-10-20,0.0,
1995-10-21,0.0,
1995-10-22,0.0,
1995-10-23,0.0,
1995-10-24,0.0,
1995-10-25,0.0,
1995-10-26,0.0,
1995-10-27,0.0,
1995-10-28,0.0,
1995-10-29,0.0,
1995-10-30,0.0,
1995-10-31,0.0,
1995-11-01,0.0,
1995-11-02,0.0,
1995-11-03,0.0,
1995-11-04,0.0,
1995-11-05,0.0,
1995-11-06,0.0,
1995-11-07,0.0,
1995-11-08,0.0,
1995-11-09,0.0,
1995-11-10,0.0,
1995-11-11,0.0,
1995-11-12,0.0,
1995-11-13,0.0,
1995-11-14,0.0,
1995-11-15,0.0,
1995-11-16,0.0,
1995-11-17,0.0,
1995-11-18,0.0,
1995-11-19,0.0,
1995-11-20,0.0,
1995-11-21,0.0,
1995-11-22,0.0,
1995-11-23,0.0,
1995-11-24,0.0,
1995-11-25,0.0,
1995-11-26,0.0,
1995-11-27,0.0,
1995-11-28,0.0,
1995-11-29,0.0,
1995-11-30,0.0,
1995-12-01,0.0,
1995-12-02,0.0,
1995-12-03,0.0,
1995-12-04,0.0,
1995-12-05,0.0,
1995-12-06,0.0,
1995-12-07,0.0,
1995-12-08,0.0,
1995-12-09,0.0,
1995-12-10,3.302,
1995-12-11,4.064,
1995-12-12,14.935,
1995-12-13,21.565,
1995-12-14,24.892,
1995-12-15,23.241,
1995-12-16,24.892,
1995-12-17,24.892,
1995-12-18,24.892,
1995-12-19,23.241,
1995-12-20,21.565,
1995-12-21,21.565,
1995-12-22,21.565,
1995-12-23,23.241,
1995-12-24,23.241,
1995-12-25,23.241,
1995-12-26,23.241,
1995-12-27,23.241,
1995-12-28,26.543,
1995-12-29,26.543,
1995-12-30,31.521,
1995-12-31,31.521,
1996-01-01,31.521,
1996-01-02,31.521,
1996-01-03,31.521,
1996-01-04,31.521,
1996-01-05,31.521,
1996-01-06,31.521,
1996-01-07,31.521,
1996-01-08,31.521,
1996-01-09,31.521,
1996-01-10,31.521,
1996-01-11,31.521,
1996-01-12,31.521,
1996-01-13,31.521,
1996-01-14,31.521,
1996-01-15,31.521,
1996-01-16,39.827,
1996-01-17,53.111,
1996-01-18,54.762,
1996-01-19,66.396,
1996-01-20,66.294,
1996-01-21,66.396,
1996-01-22,69.723,
1996-01-23,69.723,
1996-01-24,78.003,
1996-01-25,92.964,
1996-01-26,92.964,
1996-01-27,91.186,
1996-01-28,101.244,
1996-01-29,101.346,
1996-01-30,101.244,
1996-01-31,101.244,
1996-02-01,101.244,
1996-02-02,99.593,
1996-02-03,99.593,
1996-02-04,99.568,
1996-02-05,99.568,
1996-02-06,102.921,
1996-02-07,102.921,
1996-02-08,104.572,
1996-02-09,106.223,
1996-02-10,106.223,
1996-02-11,106.223,
1996-02-12,106.172,
1996-02-13,106.172,
1996-02-14,106.223,
1996-02-15,106.223,
1996-02-16,106.172,
1996-02-17,104.648,
1996-02-18,106.223,
1996-02-19,117.856,
1996-02-20,126.238,
1996-02-21,126.162,
1996-02-22,134.442,
1996-02-23,136.119,
1996-02-24,136.144,
1996-02-25,136.119,
1996-02-26,137.668,
1996-02-27,137.668,
1996-02-28,137.668,
1996-02-29,137.77,
1996-03-01,137.77,
1996-03-02,137.77,
1996-03-03,137.77,
1996-03-04,142.748,
1996-03-05,156.032,
1996-03-06,161.011,
1996-03-07,161.011,
1996-03-08,161.011,
1996-03-09,161.011,
1996-03-10,161.011,
1996-03-11,161.011,
1996-03-12,164.338,
1996-03-13,167.665,
1996-03-14,167.665,
1996-03-15,167.665,
1996-03-16,167.665,
1996-03-17,167.665,
1996-03-18,167.665,
1996-03-19,165.989,
1996-03-20,165.989,
1996-03-21,165.989,
1996-03-22,165.862,
1996-03-23,169.316,
1996-03-24,169.316,
1996-03-25,167.665,
1996-03-26,167.665,
1996-03-27,167.665,
1996-03-28,177.622,
1996-03-29,180.924,
1996-03-30,180.924,
1996-03-31,180.924,
1996-04-01,180.924,
1996-04-02,184.252,
1996-04-03,184.252,
1996-04-04,184.252,
1996-04-05,184.252,
1996-04-06,184.252,
1996-04-07,184.252,
1996-04-08,182.601,
1996-04-09,180.924,
1996-04-10,180.848,
1996-04-11,180.924,
1996-04-12,179.273,
1996-04-13,177.622,
1996-04-14,175.946,
1996-04-15,169.316,
1996-04-16,180.924,
1996-04-17,184.15,
1996-04-18,184.252,
1996-04-19,180.924,
1996-04-20,180.924,
1996-04-21,179.273,
1996-04-22,179.273,
1996-04-23,177.622,
1996-04-24,179.273,
1996-04-25,179.273,
1996-04-26,174.295,
1996-04-27,169.316,
1996-04-28,162.687,
1996-04-29,161.011,
1996-04-30,159.258,
1996-05-01,159.258,
1996-05-02,159.36,
1996-05-03,159.36,
1996-05-04,159.36,
1996-05-05,159.36,
1996-05-06,157.683,
1996-05-07,156.032,
1996-05-08,154.381,
1996-05-09,152.705,
1996-05-10,151.054,
1996-05-11,149.403,
1996-05-12,146.075,
1996-05-13,144.424,
1996-05-14,141.097,
1996-05-15,137.77,
1996-05-16,142.748,
1996-05-17,147.726,
1996-05-18,147.828,
1996-05-19,147.828,
1996-05-20,149.403,
1996-05-21,144.424,
1996-05-22,141.097,
1996-05-23,140.97,
1996-05-24,141.097,
1996-05-25,139.446,
1996-05-26,132.791,
1996-05-27,131.14,
1996-05-28,129.464,
1996-05-29,126.162,
1996-05-30,124.485,
1996-05-31,121.158,
1996-06-01,119.634,
1996-06-02,116.205,
1996-06-03,111.201,
1996-06-04,107.899,
1996-06-05,101.244,
1996-06-06,97.942,
1996-06-07,92.964,
1996-06-08,86.309,
1996-06-09,81.331,
1996-06-10,76.352,
1996-06-11,69.723,
1996-06-12,66.396,
1996-06-13,61.417,
1996-06-14,54.762,
1996-06-15,49.784,
1996-06-16,44.806,
1996-06-17,38.176,
1996-06-18,33.198,
1996-06-19,26.543,
1996-06-20,18.237,
1996-06-21,8.28,
1996-06-22,3.302,
1996-06-23,0.0,
1996-06-24,0.0,
1996-06-25,0.0,
1996-06-26,0.0,
1996-06-27,0.0,
1996-06-28,0.0,
1996-06-29,0.0,
1996-06-30,0.0,
1996-07-01,0.0,
1996-07-02,0.0,
1996-07-03,0.0,
1996-07-04,0.0,
1996-07-05,0.0,
1996-07-06,0.0,
1996-07-07,0.0,
1996-07-08,0.0,
1996-07-09,0.0,
1996-07-10,0.0,
1996-07-11,0.0,
1996-07-12,0.0,
1996-07-13,0.0,
1996-07-14,0.0,
1996-07-15,0.0,
1996-07-16,0.0,
1996-07-17,0.0,
1996-07-18,0.0,
1996-07-19,0.0,
1996-07-20,0.0,
1996-07-21,0.0,
1996-07-22,0.0,
1996-07-23,0.0,
1996-07-24,0.0,
1996-07-25,0.0,
1996-07-26,0.0,
1996-07-27,0.0,
1996-07-28,0.0,
1996-07-29,0.0,
1996-07-30,0.0,
1996-07-31,0.0,
1996-08-01,0.0,
1996-08-02,0.0,
1996-08-03,0.0,
1996-08-04,0.0,
1996-08-05,0.0,
1996-08-06,0.0,
1996-08-07,0.0,
1996-08-08,0.0,
1996-08-09,0.0,
1996-08-10,0.0,
1996-08-11,0.0,
1996-08-12,0.0,
1996-08-13,0.0,
1996-08-14,0.0,
1996-08-15,0.0,
1996-08-16,0.0,
1996-08-17,0.0,
1996-08-18,0.0,
1996-08-19,0.0,
1996-08-20,0.0,
1996-08-21,0.0,
1996-08-22,0.0,
1996-08-23,0.0,
1996-08-24,0.0,
1996-08-25,0.0,
1996-08-26,0.0,
1996-08-27,0.0,
1996-08-28,0.0,
1996-08-29,0.0,
1996-08-30,0.0,
1996-08-31,0.0,
1996-09-01,0.0,
1996-09-02,0.0,
1996-09-03,0.0,
1996-09-04,0.0,
1996-09-05,0.0,
1996-09-06,0.0,
1996-09-07,0.0,
1996-09-08,0.0,
1996-09-09,0.0,
1996-09-10,0.0,
1996-09-11,0.0,
1996-09-12,0.0,
1996-09-13,0.0,
1996-09-14,0.0,
1996-09-15,0.0,
1996-09-16,0.0,
1996-09-17,0.0,
1996-09-18,0.0,
1996-09-19,0.0,
1996-09-20,0.0,
1996-09-21,0.0,
1996-09-22,0.0,
1996-09-23,0.0,
1996-09-24,0.0,
1996-09-25,0.0,
1996-09-26,0.0,
1996-09-27,0.0,
1996-09-28,0.0,
1996-09-29,0.0,
1996-09-30,0.0,
1996-10-01,0.0,
1996-10-02,0.0,
1996-10-03,0.0,
1996-10-04,0.0,
1996-10-05,0.0,
1996-10-06,0.0,
1996-10-07,0.0,
1996-10-08,0.0,
1996-10-09,0.0,
1996-10-10,0.0,
1996-10-11,0.0,
1996-10-12,0.0,
1996-10-13,0.0,
1996-10-14,0.0,
1996-10-15,0.0,
1996-10-16,0.0,
1996-10-17,0.0,
1996-10-18,0.0,
1996-10-19,1.651,
1996-10-20,1.651,
1996-10-21,1.651,
1996-10-22,3.302,
1996-10-23,3.302,
1996-10-24,3.302,
1996-10-25,6.655,
1996-10-26,8.255,
1996-10-27,8.255,
1996-10-28,8.255,
1996-10-29,8.255,
1996-10-30,11.455,
1996-10-31,11.43,
1996-11-01,11.43,
1996-11-02,11.43,
1996-11-03,11.43,
1996-11-04,11.43,
1996-11-05,11.43,
1996-11-06,11.43,
1996-11-07,11.43,
1996-11-08,11.43,
1996-11-09,11.43,
1996-11-10,11.43,
1996-11-11,11.43,
1996-11-12,11.43,
1996-11-13,11.43,
1996-11-14,11.43,
1996-11-15,11.43,
1996-11-16,11.43,
1996-11-17,18.085,
1996-11-18,33.02,
1996-11-19,33.02,
1996-11-20,39.649,
1996-11-21,39.649,
1996-11-22,39.649,
1996-11-23,46.279,
1996-11-24,46.228,
1996-11-25,46.228,
1996-11-26,46.228,
1996-11-27,46.228,
1996-11-28,46.228,
1996-11-29,46.228,
1996-11-30,46.228,
1996-12-01,46.228,
1996-12-02,49.555,
1996-12-03,49.555,
1996-12-04,49.555,
1996-12-05,59.487,
1996-12-06,69.393,
1996-12-07,71.12,
1996-12-08,71.12,
1996-12-09,71.12,
1996-12-10,71.12,
1996-12-11,76.2,
1996-12-12,84.506,
1996-12-13,91.237,
1996-12-14,91.237,
1996-12-15,91.237,
1996-12-16,91.237,
1996-12-17,91.237,
1996-12-18,91.237,
1996-12-19,91.237,
1996-12-20,91.237,
1996-12-21,92.837,
1996-12-22,104.343,
1996-12-23,107.696,
1996-12-24,107.696,
1996-12-25,107.696,
1996-12-26,107.696,
1996-12-27,109.22,
1996-12-28,119.202,
1996-12-29,122.428,
1996-12-30,122.428,
1996-12-31,122.428,
1997-01-01,,
1997-01-02,,
1997-01-03,,
1997-01-04,,
1997-01-05,,
1997-01-06,,
1997-01-07,,
1997-01-08,,
1997-01-09,,
1997-01-10,,
1997-01-11,,
1997-01-12,,
1997-01-13,,
1997-01-14,,
1997-01-15,,
1997-01-16,,
1997-01-17,,
1997-01-18,,
1997-01-19,,
1997-01-20,,
1997-01-21,,
1997-01-22,,
1997-01-23,,
1997-01-24,,
1997-01-25,,
1997-01-26,,
1997-01-27,,
1997-01-28,,
1997-01-29,,
1997-01-30,,
1997-01-31,,
1997-02-01,,
1997-02-02,,
1997-02-03,,
1997-02-04,,
1997-02-05,,
1997-02-06,,
1997-02-07,,
1997-02-08,,
1997-02-09,,
1997-02-10,,
1997-02-11,,
1997-02-12,,
1997-02-13,,
1997-02-14,,
1997-02-15,,
1997-02-16,,
1997-02-17,,
1997-02-18,,
1997-02-19,,
1997-02-20,,
1997-02-21,,
1997-02-22,,
1997-02-23,,
1997-02-24,,
1997-02-25,,
1997-02-26,,
1997-02-27,,
1997-02-28,,
1997-03-01,,
1997-03-02,,
1997-03-03,,
1997-03-04,,
1997-03-05,,
1997-03-06,,
1997-03-07,,
1997-03-08,,
1997-03-09,,
1997-03-10,,
1997-03-11,,
1997-03-12,,
1997-03-13,,
1997-03-14,,
1997-03-15,,
1997-03-16,,
1997-03-17,,
1997-03-18,,
1997-03-19,,
1997-03-20,,
1997-03-21,,
1997-03-22,,
1997-03-23,,
1997-03-24,,
1997-03-25,,
1997-03-26,,
1997-03-27,,
1997-03-28,,
1997-03-29,,
1997-03-30,,
1997-03-31,,
1997-04-01,,
1997-04-02,,
1997-04-03,,
1997-04-04,,
1997-04-05,,
1997-04-06,,
1997-04-07,,
1997-04-08,,
1997-04-09,,
1997-04-10,,
1997-04-11,,
1997-04-12,,
1997-04-13,,
1997-04-14,,
1997-04-15,,
1997-04-16,,
1997-04-17,,
1997-04-18,,
1997-04-19,,
1997-04-20,,
1997-04-21,,
1997-04-22,,
1997-04-23,,
1997-04-24,,
1997-04-25,,
1997-04-26,,
1997-04-27,,
1997-04-28,,
1997-04-29,,
1997-04-30,,
1997-05-01,,
1997-05-02,,
1997-05-03,,
1997-05-04,,
1997-05-05,,
1997-05-06,,
1997-05-07,,
1997-05-08,,
1997-05-09,,
1997-05-10,,
1997-05-11,,
1997-05-12,,
1997-05-13,,
1997-05-14,,
1997-05-15,,
1997-05-16,,
1997-05-17,,
1997-05-18,,
1997-05-19,,
1997-05-20,,
1997-05-21,,
1997-05-22,,
1997-05-23,,
1997-05-24,,
1997-05-25,,
1997-05-26,,
1997-05-27,,
1997-05-28,,
1997-05-29,,
1997-05-30,,
1997-05-31,,
1997-06-01,,
1997-06-02,,
1997-06-03,,
1997-06-04,,
1997-06-05,,
1997-06-06,,
1997-06-07,,
1997-06-08,,
1997-06-09,,
1997-06-10,,
1997-06-11,,
1997-06-12,,
1997-06-13,,
1997-06-14,,
1997-06-15,,
1997-06-16,,
1997-06-17,,
1997-06-18,,
1997-06-19,,
1997-06-20,,
1997-06-21,,
1997-06-22,,
1997-06-23,,
1997-06-24,,
1997-06-25,,
1997-06-26,,
1997-06-27,,
1997-06-28,,
1997-06-29,,
1997-06-30,,
1997-07-01,,
1997-07-02,,
1997-07-03,,
1997-07-04,,
1997-07-05,,
1997-07-06,,
1997-07-07,,
1997-07-08,,
1997-07-09,,
1997-07-10,,
1997-07-11,,
1997-07-12,,
1997-07-13,,
1997-07-14,,
1997-07-15,,
1997-07-16,,
1997-07-17,,
1997-07-18,,
1997-07-19,,
1997-07-20,,
1997-07-21,,
1997-07-22,,
1997-07-23,,
1997-07-24,,
1997-07-25,,
1997-07-26,,
1997-07-27,,
1997-07-28,,
1997-07-29,,
1997-07-30,,
1997-07-31,,
1997-08-01,,
1997-08-02,0.0,
1997-08-03,0.0,
1997-08-04,0.0,
1997-08-05,0.0,
1997-08-06,0.0,
1997-08-07,0.0,
1997-08-08,0.0,
1997-08-09,0.0,
1997-08-10,0.0,
1997-08-11,0.0,
1997-08-12,0.0,
1997-08-13,0.0,
1997-08-14,0.0,
1997-08-15,0.0,
1997-08-16,0.0,
1997-08-17,0.0,
1997-08-18,0.0,
1997-08-19,0.0,
1997-08-20,0.0,
1997-08-21,0.0,
1997-08-22,0.0,
1997-08-23,0.0,
1997-08-24,0.0,
1997-08-25,0.0,
1997-08-26,0.0,
1997-08-27,0.0,
1997-08-28,0.0,
1997-08-29,0.0,
1997-08-30,0.0,
1997-08-31,0.0,
1997-09-01,0.0,
1997-09-02,0.0,
1997-09-03,0.0,
1997-09-04,0.0,
1997-09-05,0.0,
1997-09-06,0.0,
1997-09-07,0.0,
1997-09-08,0.0,
1997-09-09,0.0,
1997-09-10,0.0,
1997-09-11,0.0,
1997-09-12,0.0,
1997-09-13,0.0,
1997-09-14,0.0,
1997-09-15,0.0,
1997-09-16,0.0,
1997-09-17,0.0,
1997-09-18,0.0,
1997-09-19,0.0,
1997-09-20,0.0,
1997-09-21,0.0,
1997-09-22,0.0,
1997-09-23,0.0,
1997-09-24,0.0,
1997-09-25,0.0,
1997-09-26,0.0,
1997-09-27,0.0,
1997-09-28,0.0,
1997-09-29,0.0,
1997-09-30,0.0,
1997-10-01,0.0,
1997-10-02,0.0,
1997-10-03,0.0,
1997-10-04,0.0,
1997-10-05,0.0,
1997-10-06,0.0,
1997-10-07,0.0,
1997-10-08,0.0,
1997-10-09,0.0,
1997-10-10,4.978,
1997-10-11,8.306,
1997-10-12,8.306,
1997-10-13,8.306,
1997-10-14,8.306,
1997-10-15,6.629,
1997-10-16,6.629,
1997-10-17,6.629,
1997-10-18,4.978,
1997-10-19,4.978,
1997-10-20,3.327,
1997-10-21,3.327,
1997-10-22,1.651,
1997-10-23,0.0,
1997-10-24,0.0,
1997-10-25,0.0,
1997-10-26,0.0,
1997-10-27,0.0,
1997-10-28,0.0,
1997-10-29,0.0,
1997-10-30,0.0,
1997-10-31,0.0,
1997-11-01,0.0,
1997-11-02,0.0,
1997-11-03,0.0,
1997-11-04,0.0,
1997-11-05,0.0,
1997-11-06,0.0,
1997-11-07,0.0,
1997-11-08,0.0,
1997-11-09,0.0,
1997-11-10,0.0,
1997-11-11,0.0,
1997-11-12,0.0,
1997-11-13,0.0,
1997-11-14,0.0,
1997-11-15,0.0,
1997-11-16,0.0,
1997-11-17,0.0,
1997-11-18,0.0,
1997-11-19,1.676,
1997-11-20,4.978,
1997-11-21,4.978,
1997-11-22,4.978,
1997-11-23,4.978,
1997-11-24,4.978,
1997-11-25,8.306,
1997-11-26,11.633,
1997-11-27,16.612,
1997-11-28,16.612,
1997-11-29,16.612,
1997-11-30,16.612,
1997-12-01,16.612,
1997-12-02,16.612,
1997-12-03,16.612,
1997-12-04,16.612,
1997-12-05,16.612,
1997-12-06,18.263,
1997-12-07,21.59,
1997-12-08,29.896,
1997-12-09,31.547,
1997-12-10,31.547,
1997-12-11,31.547,
1997-12-12,31.547,
1997-12-13,31.547,
1997-12-14,29.972,
1997-12-15,29.896,
1997-12-16,29.896,
1997-12-17,29.972,
1997-12-18,29.972,
1997-12-19,29.972,
1997-12-20,29.972,
1997-12-21,29.972,
1997-12-22,29.896,
1997-12-23,29.896,
1997-12-24,29.896,
1997-12-25,29.896,
1997-12-26,29.972,
1997-12-27,,
1997-12-28,,
1997-12-29,,
1997-12-30,,
1997-12-31,,
1998-01-01,,
1998-01-02,,
1998-01-03,,
1998-01-04,,
1998-01-05,,
1998-01-06,,
1998-01-07,,
1998-01-08,,
1998-01-09,,
1998-01-10,,
1998-01-11,,
1998-01-12,,
1998-01-13,,
1998-01-14,,
1998-01-15,,
1998-01-16,,
1998-01-17,,
1998-01-18,,
1998-01-19,,
1998-01-20,,
1998-01-21,,
1998-01-22,,
1998-01-23,,
1998-01-24,,
1998-01-25,,
1998-01-26,,
1998-01-27,,
1998-01-28,,
1998-01-29,,
1998-01-30,,
1998-01-31,,
1998-02-01,,
1998-02-02,,
1998-02-03,,
1998-02-04,,
1998-02-05,,
1998-02-06,,
1998-02-07,,
1998-02-08,,
1998-02-09,,
1998-02-10,,
1998-02-11,,
1998-02-12,,
1998-02-13,,
1998-02-14,,
1998-02-15,,
1998-02-16,,
1998-02-17,,
1998-02-18,,
1998-02-19,,
1998-02-20,,
1998-02-21,,
1998-02-22,,
1998-02-23,,
1998-02-24,,
1998-02-25,,
1998-02-26,,
1998-02-27,,
1998-02-28,,
1998-03-01,,
1998-03-02,,
1998-03-03,,
1998-03-04,,
1998-03-05,,
1998-03-06,,
1998-03-07,,
1998-03-08,,
1998-03-09,,
1998-03-10,,
1998-03-11,,
1998-03-12,,
1998-03-13,,
1998-03-14,,
1998-03-15,,
1998-03-16,,
1998-03-17,,
1998-03-18,,
1998-03-19,,
1998-03-20,,
1998-03-21,,
1998-03-22,,
1998-03-23,,
1998-03-24,,
1998-03-25,,
1998-03-26,,
1998-03-27,,
1998-03-28,,
1998-03-29,,
1998-03-30,,
1998-03-31,,
1998-04-01,,
1998-04-02,,
1998-04-03,,
1998-04-04,,
1998-04-05,,
1998-04-06,,
1998-04-07,,
1998-04-08,,
1998-04-09,,
1998-04-10,,
1998-04-11,,
1998-04-12,,
1998-04-13,,
1998-04-14,,
1998-04-15,,
1998-04-16,,
1998-04-17,,
1998-04-18,,
1998-04-19,,
1998-04-20,,
1998-04-21,,
1998-04-22,,
1998-04-23,,
1998-04-24,,
1998-04-25,,
1998-04-26,,
1998-04-27,,
1998-04-28,,
1998-04-29,,
1998-04-30,,
1998-05-01,,
1998-05-02,,
1998-05-03,,
1998-05-04,,
1998-05-05,,
1998-05-06,,
1998-05-07,,
1998-05-08,,
1998-05-09,,
1998-05-10,,
1998-05-11,,
1998-05-12,,
1998-05-13,,
1998-05-14,,
1998-05-15,,
1998-05-16,,
1998-05-17,,
1998-05-18,,
1998-05-19,,
1998-05-20,,
1998-05-21,,
1998-05-22,,
1998-05-23,,
1998-05-24,,
1998-05-25,,
1998-05-26,,
1998-05-27,,
1998-05-28,,
1998-05-29,,
1998-05-30,,
1998-05-31,,
1998-06-01,,
1998-06-02,,
1998-06-03,,
1998-06-04,,
1998-06-05,,
1998-06-06,,
1998-06-07,,
1998-06-08,,
1998-06-09,,
1998-06-10,,
1998-06-11,,
1998-06-12,,
1998-06-13,,
1998-06-14,,
1998-06-15,,
1998-06-16,,
1998-06-17,,
1998-06-18,,
1998-06-19,,
1998-06-20,,
1998-06-21,,
1998-06-22,,
1998-06-23,,
1998-06-24,,
1998-06-25,,
1998-06-26,,
1998-06-27,,
1998-06-28,,
1998-06-29,,
1998-06-30,,
1998-07-01,,
1998-07-02,,
1998-07-03,,
1998-07-04,,
1998-07-05,,
1998-07-06,,
1998-07-07,,
1998-07-08,,
1998-07-09,,
1998-07-10,,
1998-07-11,,
1998-07-12,,
1998-07-13,,
1998-07-14,,
1998-07-15,,
1998-07-16,,
1998-07-17,,
1998-07-18,,
1998-07-19,,
1998-07-20,,
1998-07-21,,
1998-07-22,,
1998-07-23,,
1998-07-24,,
1998-07-25,,
1998-07-26,,
1998-07-27,,
1998-07-28,,
1998-07-29,,
1998-07-30,,
1998-07-31,,
1998-08-01,0.0,
1998-08-02,0.0,
1998-08-03,0.0,
1998-08-04,0.0,
1998-08-05,0.0,
1998-08-06,0.0,
1998-08-07,0.0,
1998-08-08,0.0,
1998-08-09,0.0,
1998-08-10,0.0,
1998-08-11,0.0,
1998-08-12,0.0,
1998-08-13,0.0,
1998-08-14,0.0,
1998-08-15,0.0,
1998-08-16,0.0,
1998-08-17,0.0,
1998-08-18,0.0,
1998-08-19,0.0,
1998-08-20,0.0,
1998-08-21,0.0,
1998-08-22,0.0,
1998-08-23,0.0,
1998-08-24,0.0,
1998-08-25,0.0,
1998-08-26,0.0,
1998-08-27,0.0,
1998-08-28,0.0,
1998-08-29,0.0,
1998-08-30,0.0,
1998-08-31,0.0,
1998-09-01,0.0,
1998-09-02,0.0,
1998-09-03,0.0,
1998-09-04,0.0,
1998-09-05,0.0,
1998-09-06,0.0,
1998-09-07,0.0,
1998-09-08,0.0,
1998-09-09,0.0,
1998-09-10,0.0,
1998-09-11,0.0,
1998-09-12,0.0,
1998-09-13,0.0,
1998-09-14,0.0,
1998-09-15,0.0,
1998-09-16,0.0,
1998-09-17,0.0,
1998-09-18,0.0,
1998-09-19,0.0,
1998-09-20,0.0,
1998-09-21,0.0,
1998-09-22,0.0,
1998-09-23,0.0,
1998-09-24,0.0,
1998-09-25,0.0,
1998-09-26,0.0,
1998-09-27,0.0,
1998-09-28,0.0,
1998-09-29,0.0,
1998-09-30,0.0,
1998-10-01,0.0,
1998-10-02,0.0,
1998-10-03,0.0,
1998-10-04,0.0,
1998-10-05,0.0,
1998-10-06,0.0,
1998-10-07,0.0,
1998-10-08,0.0,
1998-10-09,0.0,
1998-10-10,0.0,
1998-10-11,0.0,
1998-10-12,0.0,
1998-10-13,0.0,
1998-10-14,0.0,
1998-10-15,0.0,
1998-10-16,0.0,
1998-10-17,0.0,
1998-10-18,0.0,
1998-10-19,0.0,
1998-10-20,0.0,
1998-10-21,0.0,
1998-10-22,0.0,
1998-10-23,0.0,
1998-10-24,0.0,
1998-10-25,0.0,
1998-10-26,1.676,
1998-10-27,1.676,
1998-10-28,0.0,
1998-10-29,0.0,
1998-10-30,1.676,
1998-10-31,1.676,
1998-11-01,3.327,
1998-11-02,3.327,
1998-11-03,3.327,
1998-11-04,4.978,
1998-11-05,4.978,
1998-11-06,4.978,
1998-11-07,9.957,
1998-11-08,14.961,
1998-11-09,14.961,
1998-11-10,14.961,
1998-11-11,16.612,
1998-11-12,17.78,
1998-11-13,18.263,
1998-11-14,16.612,
1998-11-15,16.612,
1998-11-16,16.612,
1998-11-17,19.939,
1998-11-18,21.59,
1998-11-19,21.59,
1998-11-20,21.59,
1998-11-21,21.59,
1998-11-22,24.917,
1998-11-23,24.917,
1998-11-24,26.67,
1998-11-25,26.568,
1998-11-26,23.241,
1998-11-27,23.114,
1998-11-28,23.241,
1998-11-29,23.241,
1998-11-30,31.547,
1998-12-01,38.202,
1998-12-02,38.202,
1998-12-03,38.202,
1998-12-04,44.831,
1998-12-05,44.831,
1998-12-06,46.482,
1998-12-07,46.482,
1998-12-08,46.482,
1998-12-09,46.482,
1998-12-10,46.482,
1998-12-11,44.831,
1998-12-12,44.831,
1998-12-13,44.831,
1998-12-14,44.831,
1998-12-15,44.831,
1998-12-16,44.831,
1998-12-17,44.831,
1998-12-18,44.831,
1998-12-19,44.831,
1998-12-20,44.704,
1998-12-21,48.158,
1998-12-22,48.158,
1998-12-23,46.482,
1998-12-24,46.482,
1998-12-25,46.482,
1998-12-26,46.482,
1998-12-27,46.482,
1998-12-28,46.482,
1998-12-29,44.704,
1998-12-30,44.704,
1998-12-31,43.18,
1999-01-01,43.18,
1999-01-02,43.18,
1999-01-03,43.18,
1999-01-04,43.18,
1999-01-05,43.18,
1999-01-06,43.18,
1999-01-07,43.18,
1999-01-08,43.18,
1999-01-09,41.504,
1999-01-10,41.504,
1999-01-11,41.504,
1999-01-12,41.504,
1999-01-13,41.504,
1999-01-14,41.504,
1999-01-15,43.18,
1999-01-16,44.958,
1999-01-17,46.482,
1999-01-18,51.46,
1999-01-19,64.745,
1999-01-20,76.378,
1999-01-21,86.335,
1999-01-22,86.36,
1999-01-23,91.313,
1999-01-24,92.964,
1999-01-25,92.964,
1999-01-26,92.964,
1999-01-27,92.964,
1999-01-28,92.964,
1999-01-29,91.313,
1999-01-30,87.986,
1999-01-31,107.95,
1999-02-01,107.95,
1999-02-02,107.95,
1999-02-03,107.95,
1999-02-04,107.95,
1999-02-05,107.95,
1999-02-06,107.95,
1999-02-07,115.57,
1999-02-08,121.92,
1999-02-09,132.08,
1999-02-10,104.597,
1999-02-11,,
1999-02-12,,
1999-02-13,,
1999-02-14,,
1999-02-15,,
1999-02-16,,
1999-02-17,,
1999-02-18,,
1999-02-19,,
1999-02-20,,
1999-02-21,,
1999-02-22,,
1999-02-23,,
1999-02-24,,
1999-02-25,,
1999-02-26,,
1999-02-27,,
1999-02-28,,
1999-03-01,,
1999-03-02,,
1999-03-03,,
1999-03-04,,
1999-03-05,,
1999-03-06,,
1999-03-07,,
1999-03-08,,
1999-03-09,,
1999-03-10,,
1999-03-11,,
1999-03-12,,
1999-03-13,,
1999-03-14,,
1999-03-15,,
1999-03-16,,
1999-03-17,,
1999-03-18,,
1999-03-19,,
1999-03-20,,
1999-03-21,,
1999-03-22,,
1999-03-23,,
1999-03-24,,
1999-03-25,,
1999-03-26,,
1999-03-27,,
1999-03-28,,
1999-03-29,,
1999-03-30,,
1999-03-31,,
1999-04-01,,
1999-04-02,,
1999-04-03,,
1999-04-04,,
1999-04-05,,
1999-04-06,,
1999-04-07,,
1999-04-08,,
1999-04-09,,
1999-04-10,,
1999-04-11,,
1999-04-12,,
1999-04-13,,
1999-04-14,,
1999-04-15,,
1999-04-16,,
1999-04-17,,
1999-04-18,,
1999-04-19,,
1999-04-20,,
1999-04-21,,
1999-04-22,,
1999-04-23,,
1999-04-24,,
1999-04-25,,
1999-04-26,,
1999-04-27,,
1999-04-28,,
1999-04-29,,
1999-04-30,,
1999-05-01,,
1999-05-02,,
1999-05-03,,
1999-05-04,,
1999-05-05,,
1999-05-06,,
1999-05-07,,
1999-05-08,,
1999-05-09,,
1999-05-10,,
1999-05-11,,
1999-05-12,,
1999-05-13,,
1999-05-14,,
1999-05-15,,
1999-05-16,,
1999-05-17,,
1999-05-18,,
1999-05-19,,
1999-05-20,,
1999-05-21,,
1999-05-22,,
1999-05-23,,
1999-05-24,,
1999-05-25,,
1999-05-26,,
1999-05-27,,
1999-05-28,,
1999-05-29,,
1999-05-30,,
1999-05-31,,
1999-06-01,,
1999-06-02,,
1999-06-03,,
1999-06-04,,
1999-06-05,,
1999-06-06,,
1999-06-07,,
1999-06-08,,
1999-06-09,,
1999-06-10,,
1999-06-11,,
1999-06-12,,
1999-06-13,,
1999-06-14,,
1999-06-15,,
1999-06-16,,
1999-06-17,,
1999-06-18,,
1999-06-19,,
1999-06-20,,
1999-06-21,,
1999-06-22,,
1999-06-23,,
1999-06-24,,
1999-06-25,,
1999-06-26,,
1999-06-27,,
1999-06-28,,
1999-06-29,,
1999-06-30,,
1999-07-01,,
1999-07-02,,
1999-07-03,,
1999-07-04,,
1999-07-05,,
1999-07-06,,
1999-07-07,,
1999-07-08,,
1999-07-09,,
1999-07-10,,
1999-07-11,,
1999-07-12,,
1999-07-13,,
1999-07-14,,
1999-07-15,,
1999-07-16,,
1999-07-17,,
1999-07-18,,
1999-07-19,,
1999-07-20,,
1999-07-21,,
1999-07-22,,
1999-07-23,,
1999-07-24,,
1999-07-25,,
1999-07-26,,
1999-07-27,,
1999-07-28,,
1999-07-29,,
1999-07-30,,
1999-07-31,,
1999-08-01,0.0,
1999-08-02,0.0,
1999-08-03,0.0,
1999-08-04,0.0,
1999-08-05,0.0,
1999-08-06,0.0,
1999-08-07,0.0,
1999-08-08,0.0,
1999-08-09,0.0,
1999-08-10,0.0,
1999-08-11,0.0,
1999-08-12,0.0,
1999-08-13,0.0,
1999-08-14,0.0,
1999-08-15,0.0,
1999-08-16,0.0,
1999-08-17,0.0,
1999-08-18,0.0,
1999-08-19,0.0,
1999-08-20,0.0,
1999-08-21,0.0,
1999-08-22,0.0,
1999-08-23,0.0,
1999-08-24,0.0,
1999-08-25,0.0,
1999-08-26,0.0,
1999-08-27,0.0,
1999-08-28,0.0,
1999-08-29,0.0,
1999-08-30,0.0,
1999-08-31,0.0,
1999-09-01,0.0,
1999-09-02,0.0,
1999-09-03,0.0,
1999-09-04,0.0,
1999-09-05,0.0,
1999-09-06,0.0,
1999-09-07,0.0,
1999-09-08,0.0,
1999-09-09,0.0,
1999-09-10,0.0,
1999-09-11,0.0,
1999-09-12,0.0,
1999-09-13,0.0,
1999-09-14,0.0,
1999-09-15,0.0,
1999-09-16,0.0,
1999-09-17,0.0,
1999-09-18,0.0,
1999-09-19,0.0,
1999-09-20,0.0,
1999-09-21,0.0,
1999-09-22,0.0,
1999-09-23,0.0,
1999-09-24,0.0,
1999-09-25,0.0,
1999-09-26,0.0,
1999-09-27,0.0,
1999-09-28,0.0,
1999-09-29,0.0,
1999-09-30,0.0,
1999-10-01,0.0,
1999-10-02,0.0,
1999-10-03,0.0,
1999-10-04,0.0,
1999-10-05,0.0,
1999-10-06,0.0,
1999-10-07,0.0,
1999-10-08,0.0,
1999-10-09,0.0,
1999-10-10,0.0,
1999-10-11,0.0,
1999-10-12,0.0,
1999-10-13,0.0,
1999-10-14,0.0,
1999-10-15,0.0,
1999-10-16,0.0,
1999-10-17,0.0,
1999-10-18,0.0,
1999-10-19,0.0,
1999-10-20,0.0,
1999-10-21,0.0,
1999-10-22,0.0,
1999-10-23,0.0,
1999-10-24,0.0,
1999-10-25,0.0,
1999-10-26,0.0,
1999-10-27,0.0,
1999-10-28,1.626,
1999-10-29,1.626,
1999-10-30,1.626,
1999-10-31,1.626,
1999-11-01,1.626,
1999-11-02,1.626,
1999-11-03,0.0,
1999-11-04,0.0,
1999-11-05,0.0,
1999-11-06,0.0,
1999-11-07,0.0,
1999-11-08,4.826,
1999-11-09,4.826,
1999-11-10,0.0,
1999-11-11,0.0,
1999-11-12,0.0,
1999-11-13,0.0,
1999-11-14,0.0,
1999-11-15,0.0,
1999-11-16,0.0,
1999-11-17,4.826,
1999-11-18,4.826,
1999-11-19,4.826,
1999-11-20,11.582,
1999-11-21,13.259,
1999-11-22,13.259,
1999-11-23,13.259,
1999-11-24,13.259,
1999-11-25,13.259,
1999-11-26,13.259,
1999-11-27,13.259,
1999-11-28,13.259,
1999-11-29,13.259,
1999-11-30,13.259,
1999-12-01,16.561,
1999-12-02,16.561,
1999-12-03,19.888,
1999-12-04,19.888,
1999-12-05,19.888,
1999-12-06,19.888,
1999-12-07,19.888,
1999-12-08,21.565,
1999-12-09,21.565,
1999-12-10,23.216,
1999-12-11,23.216,
1999-12-12,23.216,
1999-12-13,24.867,
1999-12-14,26.543,
1999-12-15,26.543,
1999-12-16,26.543,
1999-12-17,26.543,
1999-12-18,26.543,
1999-12-19,26.543,
1999-12-20,26.543,
1999-12-21,26.543,
1999-12-22,24.867,
1999-12-23,24.867,
1999-12-24,24.867,
1999-12-25,24.867,
1999-12-26,24.867,
1999-12-27,24.867,
1999-12-28,24.867,
1999-12-29,24.867,
1999-12-30,24.867,
1999-12-31,26.543,
2000-01-01,26.543,
2000-01-02,26.543,
2000-01-03,26.543,
2000-01-04,26.543,
2000-01-05,26.543,
2000-01-06,26.543,
2000-01-07,26.543,
2000-01-08,26.543,
2000-01-09,26.543,
2000-01-10,26.543,
2000-01-11,26.543,
2000-01-12,26.543,
2000-01-13,28.194,
2000-01-14,26.543,
2000-01-15,26.543,
2000-01-16,26.543,
2000-01-17,26.543,
2000-01-18,26.543,
2000-01-19,29.845,
2000-01-20,33.172,
2000-01-21,36.5,
2000-01-22,39.802,
2000-01-23,39.802,
2000-01-24,48.108,
2000-01-25,63.043,
2000-01-26,66.37,
2000-01-27,66.37,
2000-01-28,66.37,
2000-01-29,66.37,
2000-01-30,66.37,
2000-01-31,66.37,
2000-02-01,68.047,
2000-02-02,68.047,
2000-02-03,68.047,
2000-02-04,68.047,
2000-02-05,68.047,
2000-02-06,68.047,
2000-02-07,68.047,
2000-02-08,68.047,
2000-02-09,68.047,
2000-02-10,68.047,
2000-02-11,68.047,
2000-02-12,69.698,
2000-02-13,74.676,
2000-02-14,91.288,
2000-02-15,92.939,
2000-02-16,92.939,
2000-02-17,94.59,
2000-02-18,94.59,
2000-02-19,94.59,
2000-02-20,94.59,
2000-02-21,94.59,
2000-02-22,94.59,
2000-02-23,96.266,
2000-02-24,97.917,
2000-02-25,97.917,
2000-02-26,99.568,
2000-02-27,99.568,
2000-02-28,102.895,
2000-02-29,102.895,
2000-03-01,106.223,
2000-03-02,106.223,
2000-03-03,106.223,
2000-03-04,106.223,
2000-03-05,106.223,
2000-03-06,106.223,
2000-03-07,106.223,
2000-03-08,106.223,
2000-03-09,107.874,
2000-03-10,112.852,
2000-03-11,114.529,
2000-03-12,114.529,
2000-03-13,114.529,
2000-03-14,114.529,
2000-03-15,114.529,
2000-03-16,114.529,
2000-03-17,114.529,
2000-03-18,114.529,
2000-03-19,112.852,
2000-03-20,112.852,
2000-03-21,112.852,
2000-03-22,112.852,
2000-03-23,111.201,
2000-03-24,111.201,
2000-03-25,111.201,
2000-03-26,111.201,
2000-03-27,111.201,
2000-03-28,111.201,
2000-03-29,109.525,
2000-03-30,109.525,
2000-03-31,109.525,
2000-04-01,109.525,
2000-04-02,107.874,
2000-04-03,106.223,
2000-04-04,104.546,
2000-04-05,102.895,
2000-04-06,101.244,
2000-04-07,99.568,
2000-04-08,97.917,
2000-04-09,97.917,
2000-04-10,97.917,
2000-04-11,97.917,
2000-04-12,96.266,
2000-04-13,94.59,
2000-04-14,99.568,
2000-04-15,101.244,
2000-04-16,101.244,
2000-04-17,101.244,
2000-04-18,101.244,
2000-04-19,101.244,
2000-04-20,101.244,
2000-04-21,101.244,
2000-04-22,99.568,
2000-04-23,97.917,
2000-04-24,97.917,
2000-04-25,96.266,
2000-04-26,89.611,
2000-04-27,86.284,
2000-04-28,84.633,
2000-04-29,82.982,
2000-04-30,82.982,
2000-05-01,81.305,
2000-05-02,78.003,
2000-05-03,76.327,
2000-05-04,74.676,
2000-05-05,74.676,
2000-05-06,73.025,
2000-05-07,71.349,
2000-05-08,78.003,
2000-05-09,81.305,
2000-05-10,81.305,
2000-05-11,81.305,
2000-05-12,82.982,
2000-05-13,82.982,
2000-05-14,82.982,
2000-05-15,82.982,
2000-05-16,82.982,
2000-05-17,82.982,
2000-05-18,81.305,
2000-05-19,81.305,
2000-05-20,81.305,
2000-05-21,79.654,
2000-05-22,78.003,
2000-05-23,74.676,
2000-05-24,73.025,
2000-05-25,69.698,
2000-05-26,64.719,
2000-05-27,63.043,
2000-05-28,59.741,
2000-05-29,56.413,
2000-05-30,53.086,
2000-05-31,48.108,
2000-06-01,46.457,
2000-06-02,43.129,
2000-06-03,38.151,
2000-06-04,34.823,
2000-06-05,31.521,
2000-06-06,26.543,
2000-06-07,23.216,
2000-06-08,16.561,
2000-06-09,18.237,
2000-06-10,16.561,
2000-06-11,11.582,
2000-06-12,8.28,
2000-06-13,6.604,
2000-06-14,4.953,
2000-06-15,1.778,
2000-06-16,0.0,
2000-06-17,0.0,
2000-06-18,0.0,
2000-06-19,0.0,
2000-06-20,0.0,
2000-06-21,0.0,
2000-06-22,0.0,
2000-06-23,0.0,
2000-06-24,0.0,
2000-06-25,0.0,
2000-06-26,0.0,
2000-06-27,0.0,
2000-06-28,0.0,
2000-06-29,0.0,
2000-06-30,0.0,
2000-07-01,0.0,
2000-07-02,0.0,
2000-07-03,0.0,
2000-07-04,0.0,
2000-07-05,0.0,
2000-07-06,0.0,
2000-07-07,0.0,
2000-07-08,0.0,
2000-07-09,0.0,
2000-07-10,0.0,
2000-07-11,0.0,
2000-07-12,0.0,
2000-07-13,0.0,
2000-07-14,0.0,
2000-07-15,0.0,
2000-07-16,0.0,
2000-07-17,0.0,
2000-07-18,0.0,
2000-07-19,0.0,
2000-07-20,0.0,
2000-07-21,0.0,
2000-07-22,0.0,
2000-07-23,0.0,
2000-07-24,0.0,
2000-07-25,0.0,
2000-07-26,0.0,
2000-07-27,0.0,
2000-07-28,0.0,
2000-07-29,0.0,
2000-07-30,0.0,
2000-07-31,0.0,
2000-08-01,0.0,
2000-08-02,0.0,
2000-08-03,0.0,
2000-08-04,0.0,
2000-08-05,0.0,
2000-08-06,0.0,
2000-08-07,0.0,
2000-08-08,0.0,
2000-08-09,0.0,
2000-08-10,0.0,
2000-08-11,0.0,
2000-08-12,0.0,
2000-08-13,0.0,
2000-08-14,0.0,
2000-08-15,0.0,
2000-08-16,0.0,
2000-08-17,0.0,
2000-08-18,0.0,
2000-08-19,0.0,
2000-08-20,0.0,
2000-08-21,0.0,
2000-08-22,0.0,
2000-08-23,0.0,
2000-08-24,0.0,
2000-08-25,0.0,
2000-08-26,0.0,
2000-08-27,0.0,
2000-08-28,0.0,
2000-08-29,0.0,
2000-08-30,0.0,
2000-08-31,0.0,
2000-09-01,0.0,
2000-09-02,6.604,
2000-09-03,6.604,
2000-09-04,4.953,
2000-09-05,3.302,
2000-09-06,1.626,
2000-09-07,0.0,
2000-09-08,0.0,
2000-09-09,0.0,
2000-09-10,0.0,
2000-09-11,0.0,
2000-09-12,0.0,
2000-09-13,0.0,
2000-09-14,0.0,
2000-09-15,0.0,
2000-09-16,0.0,
2000-09-17,0.0,
2000-09-18,0.0,
2000-09-19,0.0,
2000-09-20,0.0,
2000-09-21,0.0,
2000-09-22,0.0,
2000-09-23,0.0,
2000-09-24,0.0,
2000-09-25,0.0,
2000-09-26,0.0,
2000-09-27,0.0,
2000-09-28,0.0,
2000-09-29,0.0,
2000-09-30,0.0,
2000-10-01,0.0,
2000-10-02,0.0,
2000-10-03,0.0,
2000-10-04,0.0,
2000-10-05,0.0,
2000-10-06,0.0,
2000-10-07,0.0,
2000-10-08,0.0,
2000-10-09,0.0,
2000-10-10,0.0,
2000-10-11,0.0,
2000-10-12,0.0,
2000-10-13,0.0,
2000-10-14,0.0,
2000-10-15,0.0,
2000-10-16,0.0,
2000-10-17,0.0,
2000-10-18,0.0,
2000-10-19,0.0,
2000-10-20,0.0,
2000-10-21,0.0,
2000-10-22,0.0,
2000-10-23,0.0,
2000-10-24,0.0,
2000-10-25,0.0,
2000-10-26,0.0,
2000-10-27,0.0,
2000-10-28,0.0,
2000-10-29,6.604,
2000-10-30,8.28,
2000-10-31,9.931,
2000-11-01,9.931,
2000-11-02,9.931,
2000-11-03,9.931,
2000-11-04,9.931,
2000-11-05,9.931,
2000-11-06,9.931,
2000-11-07,9.931,
2000-11-08,8.28,
2000-11-09,11.582,
2000-11-10,13.259,
2000-11-11,13.259,
2000-11-12,13.259,
2000-11-13,13.259,
2000-11-14,13.259,
2000-11-15,13.259,
2000-11-16,13.259,
2000-11-17,13.259,
2000-11-18,13.259,
2000-11-19,13.259,
2000-11-20,13.259,
2000-11-21,13.259,
2000-11-22,11.582,
2000-11-23,11.582,
2000-11-24,11.582,
2000-11-25,11.582,
2000-11-26,11.582,
2000-11-27,11.582,
2000-11-28,11.582,
2000-11-29,11.582,
2000-11-30,14.91,
2000-12-01,14.91,
2000-12-02,13.259,
2000-12-03,13.259,
2000-12-04,13.259,
2000-12-05,13.259,
2000-12-06,13.259,
2000-12-07,13.259,
2000-12-08,13.259,
2000-12-09,13.259,
2000-12-10,14.91,
2000-12-11,14.91,
2000-12-12,18.237,
2000-12-13,18.237,
2000-12-14,23.216,
2000-12-15,28.194,
2000-12-16,28.194,
2000-12-17,28.194,
2000-12-18,28.194,
2000-12-19,28.194,
2000-12-20,28.194,
2000-12-21,28.194,
2000-12-22,28.194,
2000-12-23,26.543,
2000-12-24,26.543,
2000-12-25,26.543,
2000-12-26,26.543,
2000-12-27,26.543,
2000-12-28,24.867,
2000-12-29,24.867,
2000-12-30,24.867,
2000-12-31,24.867,
2001-01-01,24.867,
2001-01-02,24.867,
2001-01-03,24.867,
2001-01-04,24.867,
2001-01-05,24.867,
2001-01-06,24.867,
2001-01-07,24.867,
2001-01-08,24.867,
2001-01-09,24.867,
2001-01-10,26.543,
2001-01-11,28.194,
2001-01-12,28.194,
2001-01-13,28.194,
2001-01-14,29.845,
2001-01-15,29.845,
2001-01-16,29.845,
2001-01-17,29.845,
2001-01-18,29.845,
2001-01-19,29.845,
2001-01-20,29.845,
2001-01-21,29.845,
2001-01-22,29.845,
2001-01-23,29.845,
2001-01-24,29.845,
2001-01-25,31.521,
2001-01-26,31.521,
2001-01-27,31.521,
2001-01-28,33.172,
2001-01-29,33.172,
2001-01-30,33.172,
2001-01-31,33.172,
2001-02-01,33.172,
2001-02-02,34.823,
2001-02-03,34.823,
2001-02-04,34.823,
2001-02-05,34.823,
2001-02-06,34.823,
2001-02-07,34.823,
2001-02-08,34.823,
2001-02-09,34.823,
2001-02-10,38.151,
2001-02-11,41.478,
2001-02-12,43.129,
2001-02-13,43.129,
2001-02-14,43.129,
2001-02-15,43.129,
2001-02-16,43.129,
2001-02-17,43.129,
2001-02-18,43.129,
2001-02-19,43.129,
2001-02-20,44.806,
2001-02-21,44.806,
2001-02-22,46.457,
2001-02-23,46.457,
2001-02-24,48.108,
2001-02-25,48.108,
2001-02-26,48.108,
2001-02-27,48.108,
2001-02-28,48.108,
2001-03-01,48.108,
2001-03-02,48.108,
2001-03-03,49.784,
2001-03-04,49.784,
2001-03-05,49.784,
2001-03-06,51.435,
2001-03-07,51.435,
2001-03-08,51.435,
2001-03-09,51.435,
2001-03-10,51.435,
2001-03-11,51.435,
2001-03-12,51.435,
2001-03-13,51.435,
2001-03-14,51.435,
2001-03-15,51.435,
2001-03-16,51.435,
2001-03-17,51.435,
2001-03-18,49.784,
2001-03-19,49.784,
2001-03-20,48.108,
2001-03-21,48.108,
2001-03-22,48.108,
2001-03-23,48.108,
2001-03-24,48.108,
2001-03-25,48.108,
2001-03-26,48.108,
2001-03-27,48.108,
2001-03-28,48.108,
2001-03-29,46.457,
2001-03-30,46.457,
2001-03-31,46.457,
2001-04-01,44.806,
2001-04-02,44.806,
2001-04-03,44.806,
2001-04-04,43.129,
2001-04-05,41.478,
2001-04-06,41.478,
2001-04-07,43.129,
2001-04-08,44.806,
2001-04-09,44.806,
2001-04-10,44.806,
2001-04-11,44.806,
2001-04-12,46.457,
2001-04-13,46.457,
2001-04-14,46.457,
2001-04-15,46.457,
2001-04-16,46.457,
2001-04-17,46.457,
2001-04-18,46.457,
2001-04-19,46.457,
2001-04-20,53.086,
2001-04-21,58.064,
2001-04-22,59.741,
2001-04-23,59.741,
2001-04-24,58.064,
2001-04-25,58.064,
2001-04-26,56.413,
2001-04-27,56.413,
2001-04-28,56.413,
2001-04-29,56.413,
2001-04-30,54.762,
2001-05-01,53.086,
2001-05-02,53.086,
2001-05-03,53.086,
2001-05-04,51.435,
2001-05-05,49.784,
2001-05-06,48.108,
2001-05-07,46.457,
2001-05-08,44.806,
2001-05-09,41.478,
2001-05-10,38.151,
2001-05-11,34.823,
2001-05-12,31.521,
2001-05-13,28.194,
2001-05-14,26.543,
2001-05-15,23.216,
2001-05-16,19.888,
2001-05-17,16.561,
2001-05-18,14.91,
2001-05-19,11.582,
2001-05-20,8.28,
2001-05-21,6.604,
2001-05-22,3.302,
2001-05-23,0.0,
2001-05-24,0.0,
2001-05-25,0.0,
2001-05-26,0.0,
2001-05-27,0.0,
2001-05-28,0.0,
2001-05-29,0.0,
2001-05-30,0.0,
2001-05-31,0.0,
2001-06-01,0.0,
2001-06-02,0.0,
2001-06-03,0.0,
2001-06-04,0.0,
2001-06-05,0.0,
2001-06-06,0.0,
2001-06-07,0.0,
2001-06-08,0.0,
2001-06-09,0.0,
2001-06-10,0.0,
2001-06-11,0.0,
2001-06-12,0.0,
2001-06-13,0.0,
2001-06-14,0.0,
2001-06-15,0.0,
2001-06-16,0.0,
2001-06-17,0.0,
2001-06-18,0.0,
2001-06-19,0.0,
2001-06-20,0.0,
2001-06-21,0.0,
2001-06-22,0.0,
2001-06-23,0.0,
2001-06-24,0.0,
2001-06-25,0.0,
2001-06-26,0.0,
2001-06-27,0.0,
2001-06-28,0.0,
2001-06-29,0.0,
2001-06-30,0.0,
2001-07-01,0.0,
2001-07-02,0.0,
2001-07-03,0.0,
2001-07-04,0.0,
2001-07-05,0.0,
2001-07-06,0.0,
2001-07-07,0.0,
2001-07-08,0.0,
2001-07-09,0.0,
2001-07-10,0.0,
2001-07-11,0.0,
2001-07-12,0.0,
2001-07-13,0.0,
2001-07-14,0.0,
2001-07-15,0.0,
2001-07-16,0.0,
2001-07-17,0.0,
2001-07-18,0.0,
2001-07-19,0.0,
2001-07-20,0.0,
2001-07-21,0.0,
2001-07-22,0.0,
2001-07-23,0.0,
2001-07-24,0.0,
2001-07-25,0.0,
2001-07-26,0.0,
2001-07-27,0.0,
2001-07-28,0.0,
2001-07-29,0.0,
2001-07-30,0.0,
2001-07-31,0.0,
2001-08-01,0.0,
2001-08-02,0.0,
2001-08-03,0.0,
2001-08-04,0.0,
2001-08-05,0.0,
2001-08-06,0.0,
2001-08-07,0.0,
2001-08-08,0.0,
2001-08-09,0.0,
2001-08-10,0.0,
2001-08-11,0.0,
2001-08-12,0.0,
2001-08-13,0.0,
2001-08-14,0.0,
2001-08-15,0.0,
2001-08-16,0.0,
2001-08-17,0.0,
2001-08-18,0.0,
2001-08-19,0.0,
2001-08-20,0.0,
2001-08-21,0.0,
2001-08-22,0.0,
2001-08-23,0.0,
2001-08-24,0.0,
2001-08-25,0.0,
2001-08-26,0.0,
2001-08-27,0.0,
2001-08-28,0.0,
2001-08-29,0.0,
2001-08-30,0.0,
2001-08-31,0.0,
2001-09-01,0.0,
2001-09-02,0.0,
2001-09-03,0.0,
2001-09-04,0.0,
2001-09-05,0.0,
2001-09-06,0.0,
2001-09-07,0.0,
2001-09-08,0.0,
2001-09-09,0.0,
2001-09-10,0.0,
2001-09-11,0.0,
2001-09-12,0.0,
2001-09-13,0.0,
2001-09-14,0.0,
2001-09-15,0.0,
2001-09-16,0.0,
2001-09-17,0.0,
2001-09-18,0.0,
2001-09-19,0.0,
2001-09-20,0.0,
2001-09-21,0.0,
2001-09-22,0.0,
2001-09-23,0.0,
2001-09-24,0.0,
2001-09-25,0.0,
2001-09-26,0.0,
2001-09-27,0.0,
2001-09-28,0.0,
2001-09-29,0.0,
2001-09-30,0.0,
2001-10-01,0.0,
2001-10-02,0.0,
2001-10-03,0.0,
2001-10-04,0.0,
2001-10-05,0.0,
2001-10-06,0.0,
2001-10-07,0.0,
2001-10-08,0.0,
2001-10-09,0.0,
2001-10-10,0.0,
2001-10-11,0.0,
2001-10-12,0.0,
2001-10-13,0.0,
2001-10-14,0.0,
2001-10-15,0.0,
2001-10-16,0.0,
2001-10-17,0.0,
2001-10-18,0.0,
2001-10-19,0.0,
2001-10-20,0.0,
2001-10-21,0.0,
2001-10-22,0.0,
2001-10-23,0.0,
2001-10-24,0.0,
2001-10-25,0.0,
2001-10-26,0.0,
2001-10-27,0.0,
2001-10-28,0.0,
2001-10-29,0.0,
2001-10-30,0.0,
2001-10-31,3.302,
2001-11-01,3.302,
2001-11-02,3.302,
2001-11-03,3.302,
2001-11-04,3.302,
2001-11-05,3.302,
2001-11-06,3.302,
2001-11-07,1.778,
2001-11-08,1.778,
2001-11-09,1.778,
2001-11-10,1.778,
2001-11-11,1.778,
2001-11-12,1.778,
2001-11-13,1.778,
2001-11-14,1.473,
2001-11-15,1.473,
2001-11-16,1.473,
2001-11-17,1.473,
2001-11-18,1.473,
2001-11-19,1.473,
2001-11-20,1.473,
2001-11-21,1.473,
2001-11-22,16.408,
2001-11-23,19.736,
2001-11-24,19.736,
2001-11-25,29.693,
2001-11-26,29.693,
2001-11-27,29.693,
2001-11-28,29.693,
2001-11-29,31.369,
2001-11-30,31.369,
2001-12-01,31.369,
2001-12-02,31.369,
2001-12-03,41.326,
2001-12-04,41.326,
2001-12-05,41.326,
2001-12-06,44.628,
2001-12-07,44.628,
2001-12-08,44.628,
2001-12-09,44.628,
2001-12-10,44.628,
2001-12-11,44.628,
2001-12-12,44.628,
2001-12-13,44.628,
2001-12-14,47.955,
2001-12-15,47.955,
2001-12-16,47.955,
2001-12-17,,
2001-12-18,,
2001-12-19,,
2001-12-20,,
2001-12-21,,
2001-12-22,,
2001-12-23,,
2001-12-24,,
2001-12-25,,
2001-12-26,,
2001-12-27,,
2001-12-28,,
2001-12-29,,
2001-12-30,,
2001-12-31,,
2002-01-01,,
2002-01-02,,
2002-01-03,,
2002-01-04,,
2002-01-05,,
2002-01-06,,
2002-01-07,,
2002-01-08,,
2002-01-09,,
2002-01-10,,
2002-01-11,,
2002-01-12,,
2002-01-13,,
2002-01-14,,
2002-01-15,,
2002-01-16,,
2002-01-17,,
2002-01-18,,
2002-01-19,,
2002-01-20,,
2002-01-21,,
2002-01-22,,
2002-01-23,,
2002-01-24,,
2002-01-25,,
2002-01-26,,
2002-01-27,,
2002-01-28,,
2002-01-29,,
2002-01-30,,
2002-01-31,,
2002-02-01,,
2002-02-02,,
2002-02-03,,
2002-02-04,,
2002-02-05,,
2002-02-06,,
2002-02-07,,
2002-02-08,,
2002-02-09,,
2002-02-10,,
2002-02-11,,
2002-02-12,,
2002-02-13,,
2002-02-14,,
2002-02-15,,
2002-02-16,,
2002-02-17,,
2002-02-18,,
2002-02-19,,
2002-02-20,,
2002-02-21,,
2002-02-22,,
2002-02-23,,
2002-02-24,,
2002-02-25,,
2002-02-26,,
2002-02-27,,
2002-02-28,,
2002-03-01,,
2002-03-02,,
2002-03-03,,
2002-03-04,,
2002-03-05,,
2002-03-06,,
2002-03-07,,
2002-03-08,,
2002-03-09,,
2002-03-10,,
2002-03-11,,
2002-03-12,,
2002-03-13,,
2002-03-14,,
2002-03-15,,
2002-03-16,,
2002-03-17,,
2002-03-18,,
2002-03-19,,
2002-03-20,,
2002-03-21,,
2002-03-22,,
2002-03-23,,
2002-03-24,,
2002-03-25,,
2002-03-26,,
2002-03-27,,
2002-03-28,,
2002-03-29,,
2002-03-30,,
2002-03-31,,
2002-04-01,,
2002-04-02,,
2002-04-03,,
2002-04-04,,
2002-04-05,,
2002-04-06,,
2002-04-07,,
2002-04-08,,
2002-04-09,,
2002-04-10,,
2002-04-11,,
2002-04-12,,
2002-04-13,,
2002-04-14,,
2002-04-15,,
2002-04-16,,
2002-04-17,,
2002-04-18,,
2002-04-19,,
2002-04-20,,
2002-04-21,,
2002-04-22,,
2002-04-23,,
2002-04-24,,
2002-04-25,,
2002-04-26,,
2002-04-27,,
2002-04-28,,
2002-04-29,,
2002-04-30,,
2002-05-01,,
2002-05-02,,
2002-05-03,,
2002-05-04,,
2002-05-05,,
2002-05-06,,
2002-05-07,,
2002-05-08,,
2002-05-09,,
2002-05-10,,
2002-05-11,,
2002-05-12,,
2002-05-13,,
2002-05-14,,
2002-05-15,,
2002-05-16,,
2002-05-17,,
2002-05-18,,
2002-05-19,,
2002-05-20,,
2002-05-21,,
2002-05-22,,
2002-05-23,,
2002-05-24,,
2002-05-25,,
2002-05-26,,
2002-05-27,24.714,
2002-05-28,23.063,
2002-05-29,21.387,
2002-05-30,21.387,
2002-05-31,19.736,
2002-06-01,19.736,
2002-06-02,18.085,
2002-06-03,16.408,
2002-06-04,14.757,
2002-06-05,13.106,
2002-06-06,11.43,
2002-06-07,9.779,
2002-06-08,8.128,
2002-06-09,4.801,
2002-06-10,0.0,
2002-06-11,0.0,
2002-06-12,0.0,
2002-06-13,0.0,
2002-06-14,0.0,
2002-06-15,0.0,
2002-06-16,0.0,
2002-06-17,0.0,
2002-06-18,0.0,
2002-06-19,0.0,
2002-06-20,0.0,
2002-06-21,0.0,
2002-06-22,0.0,
2002-06-23,0.0,
2002-06-24,0.0,
2002-06-25,0.0,
2002-06-26,0.0,
2002-06-27,0.0,
2002-06-28,0.0,
2002-06-29,0.0,
2002-06-30,0.0,
2002-07-01,0.0,
2002-07-02,0.0,
2002-07-03,0.0,
2002-07-04,0.0,
2002-07-05,0.0,
2002-07-06,0.0,
2002-07-07,0.0,
2002-07-08,0.0,
2002-07-09,0.0,
2002-07-10,0.0,
2002-07-11,0.0,
2002-07-12,0.0,
2002-07-13,0.0,
2002-07-14,0.0,
2002-07-15,0.0,
2002-07-16,0.0,
2002-07-17,0.0,
2002-07-18,0.0,
2002-07-19,0.0,
2002-07-20,0.0,
2002-07-21,0.0,
2002-07-22,0.0,
2002-07-23,0.0,
2002-07-24,0.0,
2002-07-25,0.0,
2002-07-26,0.0,
2002-07-27,0.0,
2002-07-28,0.0,
2002-07-29,0.0,
2002-07-30,0.0,
2002-07-31,0.0,
2002-08-01,0.0,
2002-08-02,0.0,
2002-08-03,0.0,
2002-08-04,0.0,
2002-08-05,0.0,
2002-08-06,0.0,
2002-08-07,0.0,
2002-08-08,0.0,
2002-08-09,0.0,
2002-08-10,0.0,
2002-08-11,0.0,
2002-08-12,0.0,
2002-08-13,0.0,
2002-08-14,0.0,
2002-08-15,0.0,
2002-08-16,0.0,
2002-08-17,0.0,
2002-08-18,0.0,
2002-08-19,0.0,
2002-08-20,0.0,
2002-08-21,0.0,
2002-08-22,0.0,
2002-08-23,0.0,
2002-08-24,0.0,
2002-08-25,0.0,
2002-08-26,0.0,
2002-08-27,0.0,
2002-08-28,0.0,
2002-08-29,0.0,
2002-08-30,0.0,
2002-08-31,0.0,
2002-09-01,0.0,
2002-09-02,0.0,
2002-09-03,0.0,
2002-09-04,0.0,
2002-09-05,0.0,
2002-09-06,0.0,
2002-09-07,0.0,
2002-09-08,0.0,
2002-09-09,0.0,
2002-09-10,0.0,
2002-09-11,0.0,
2002-09-12,0.0,
2002-09-13,0.0,
2002-09-14,0.0,
2002-09-15,0.0,
2002-09-16,0.0,
2002-09-17,0.0,
2002-09-18,0.0,
2002-09-19,0.0,
2002-09-20,0.0,
2002-09-21,0.0,
2002-09-22,0.0,
2002-09-23,0.0,
2002-09-24,0.0,
2002-09-25,0.0,
2002-09-26,0.0,
2002-09-27,0.0,
2002-09-28,0.0,
2002-09-29,0.0,
2002-09-30,0.0,
2002-10-01,0.0,
2002-10-02,0.0,
2002-10-03,0.0,
2002-10-04,0.0,
2002-10-05,0.0,
2002-10-06,0.0,
2002-10-07,0.0,
2002-10-08,0.0,
2002-10-09,0.0,
2002-10-10,0.0,
2002-10-11,0.0,
2002-10-12,0.0,
2002-10-13,0.0,
2002-10-14,0.0,
2002-10-15,0.0,
2002-10-16,0.0,
2002-10-17,0.0,
2002-10-18,0.0,
2002-10-19,0.0,
2002-10-20,0.0,
2002-10-21,0.0,
2002-10-22,0.0,
2002-10-23,0.0,
2002-10-24,0.0,
2002-10-25,0.0,
2002-10-26,0.0,
2002-10-27,0.0,
2002-10-28,0.0,
2002-10-29,0.0,
2002-10-30,0.0,
2002-10-31,0.0,
2002-11-01,0.0,
2002-11-02,0.0,
2002-11-03,0.0,
2002-11-04,0.0,
2002-11-05,0.0,
2002-11-06,0.0,
2002-11-07,0.406,
2002-11-08,8.509,
2002-11-09,24.994,
2002-11-10,32.791,
2002-11-11,33.274,
2002-11-12,33.274,
2002-11-13,33.274,
2002-11-14,33.274,
2002-11-15,33.274,
2002-11-16,33.274,
2002-11-17,33.274,
2002-11-18,33.274,
2002-11-19,33.274,
2002-11-20,33.274,
2002-11-21,33.274,
2002-11-22,33.274,
2002-11-23,33.274,
2002-11-24,33.274,
2002-11-25,33.274,
2002-11-26,33.274,
2002-11-27,33.274,
2002-11-28,33.274,
2002-11-29,33.274,
2002-11-30,33.274,
2002-12-01,33.249,
2002-12-02,33.274,
2002-12-03,33.274,
2002-12-04,33.604,
2002-12-05,33.401,
2002-12-06,33.325,
2002-12-07,33.274,
2002-12-08,33.274,
2002-12-09,33.274,
2002-12-10,33.503,
2002-12-11,34.417,
2002-12-12,34.468,
2002-12-13,34.595,
2002-12-14,43.028,
2002-12-15,46.482,
2002-12-16,50.216,
2002-12-17,53.34,
2002-12-18,53.34,
2002-12-19,53.34,
2002-12-20,53.34,
2002-12-21,53.34,
2002-12-22,53.34,
2002-12-23,53.34,
2002-12-24,53.34,
2002-12-25,53.34,
2002-12-26,53.34,
2002-12-27,53.34,
2002-12-28,53.34,
2002-12-29,53.34,
2002-12-30,53.34,
2002-12-31,53.34,
2003-01-01,53.34,
2003-01-02,53.34,
2003-01-03,53.34,
2003-01-04,53.34,
2003-01-05,53.34,
2003-01-06,53.34,
2003-01-07,53.34,
2003-01-08,53.34,
2003-01-09,55.88,
2003-01-10,58.42,
2003-01-11,58.42,
2003-01-12,58.42,
2003-01-13,58.42,
2003-01-14,58.42,
2003-01-15,58.42,
2003-01-16,58.42,
2003-01-17,58.42,
2003-01-18,58.42,
2003-01-19,58.42,
2003-01-20,60.96,
2003-01-21,63.5,
2003-01-22,63.5,
2003-01-23,63.5,
2003-01-24,63.5,
2003-01-25,63.5,
2003-01-26,63.5,
2003-01-27,63.5,
2003-01-28,63.5,
2003-01-29,63.5,
2003-01-30,63.5,
2003-01-31,63.5,
2003-02-01,63.5,
2003-02-02,63.5,
2003-02-03,63.5,
2003-02-04,63.5,
2003-02-05,63.5,
2003-02-06,63.5,
2003-02-07,63.5,
2003-02-08,63.5,
2003-02-09,63.5,
2003-02-10,63.5,
2003-02-11,63.5,
2003-02-12,63.373,
2003-02-13,64.592,
2003-02-14,66.497,
2003-02-15,67.081,
2003-02-16,69.545,
2003-02-17,72.796,
2003-02-18,73.838,
2003-02-19,74.625,
2003-02-20,76.81,
2003-02-21,77.495,
2003-02-22,77.47,
2003-02-23,77.47,
2003-02-24,77.521,
2003-02-25,77.749,
2003-02-26,77.953,
2003-02-27,78.867,
2003-02-28,78.842,
2003-03-01,78.689,
2003-03-02,78.74,
2003-03-03,78.74,
2003-03-04,78.74,
2003-03-05,78.816,
2003-03-06,78.283,
2003-03-07,78.029,
2003-03-08,77.826,
2003-03-09,77.495,
2003-03-10,77.14,
2003-03-11,77.013,
2003-03-12,77.064,
2003-03-13,76.886,
2003-03-14,76.606,
2003-03-15,76.454,
2003-03-16,80.62,
2003-03-17,83.109,
2003-03-18,84.379,
2003-03-19,85.065,
2003-03-20,86.868,
2003-03-21,87.274,
2003-03-22,86.919,
2003-03-23,87.528,
2003-03-24,90.449,
2003-03-25,90.602,
2003-03-26,92.913,
2003-03-27,95.25,
2003-03-28,98.12,
2003-03-29,97.917,
2003-03-30,96.977,
2003-03-31,94.336,
2003-04-01,92.304,
2003-04-02,93.142,
2003-04-03,96.266,
2003-04-04,97.866,
2003-04-05,100.482,
2003-04-06,100.457,
2003-04-07,100.152,
2003-04-08,99.873,
2003-04-09,98.196,
2003-04-10,94.564,
2003-04-11,94.209,
2003-04-12,94.488,
2003-04-13,101.219,
2003-04-14,107.899,
2003-04-15,108.534,
2003-04-16,108.814,
2003-04-17,109.576,
2003-04-18,110.871,
2003-04-19,111.074,
2003-04-20,111.252,
2003-04-21,111.684,
2003-04-22,114.503,
2003-04-23,114.681,
2003-04-24,114.935,
2003-04-25,118.923,
2003-04-26,128.88,
2003-04-27,128.753,
2003-04-28,127.762,
2003-04-29,129.718,
2003-04-30,129.616,
2003-05-01,129.794,
2003-05-02,130.277,
2003-05-03,131.039,
2003-05-04,134.976,
2003-05-05,136.754,
2003-05-06,136.754,
2003-05-07,136.83,
2003-05-08,139.344,
2003-05-09,143.942,
2003-05-10,143.916,
2003-05-11,143.612,
2003-05-12,142.977,
2003-05-13,141.732,
2003-05-14,140.36,
2003-05-15,138.709,
2003-05-16,135.839,
2003-05-17,133.477,
2003-05-18,130.404,
2003-05-19,128.905,
2003-05-20,126.162,
2003-05-21,123.215,
2003-05-22,121.641,
2003-05-23,115.494,
2003-05-24,113.716,
2003-05-25,112.497,
2003-05-26,111.201,
2003-05-27,109.017,
2003-05-28,107.086,
2003-05-29,104.191,
2003-05-30,100.33,
2003-05-31,96.418,
2003-06-01,93.243,
2003-06-02,89.357,
2003-06-03,85.7,
2003-06-04,82.042,
2003-06-05,78.334,
2003-06-06,75.387,
2003-06-07,73.177,
2003-06-08,69.215,
2003-06-09,64.389,
2003-06-10,57.734,
2003-06-11,51.41,
2003-06-12,46.076,
2003-06-13,42.215,
2003-06-14,37.084,
2003-06-15,32.182,
2003-06-16,27.356,
2003-06-17,20.472,
2003-06-18,13.564,
2003-06-19,3.962,
2003-06-20,0.0,
2003-06-21,0.0,
2003-06-22,0.0,
2003-06-23,0.0,
2003-06-24,0.0,
2003-06-25,0.0,
2003-06-26,0.0,
2003-06-27,0.0,
2003-06-28,0.0,
2003-06-29,0.0,
2003-06-30,0.0,
2003-07-01,0.0,
2003-07-02,0.0,
2003-07-03,0.0,
2003-07-04,0.0,
2003-07-05,0.0,
2003-07-06,0.0,
2003-07-07,0.0,
2003-07-08,0.0,
2003-07-09,0.0,
2003-07-10,0.0,
2003-07-11,0.0,
2003-07-12,0.0,
2003-07-13,0.0,
2003-07-14,0.0,
2003-07-15,0.0,
2003-07-16,0.0,
2003-07-17,0.0,
2003-07-18,0.0,
2003-07-19,0.0,
2003-07-20,0.0,
2003-07-21,0.0,
2003-07-22,0.0,
2003-07-23,0.0,
2003-07-24,0.0,
2003-07-25,0.0,
2003-07-26,0.0,
2003-07-27,0.0,
2003-07-28,0.0,
2003-07-29,0.0,
2003-07-30,0.0,
2003-07-31,0.0,
2003-08-01,0.0,
2003-08-02,0.0,
2003-08-03,0.0,
2003-08-04,0.0,
2003-08-05,0.0,
2003-08-06,0.0,
2003-08-07,0.0,
2003-08-08,0.0,
2003-08-09,0.0,
2003-08-10,0.0,
2003-08-11,0.0,
2003-08-12,0.0,
2003-08-13,0.0,
2003-08-14,0.0,
2003-08-15,0.0,
2003-08-16,0.0,
2003-08-17,0.0,
2003-08-18,0.0,
2003-08-19,0.0,
2003-08-20,0.0,
2003-08-21,0.0,
2003-08-22,0.0,
2003-08-23,0.0,
2003-08-24,0.0,
2003-08-25,0.0,
2003-08-26,0.0,
2003-08-27,0.0,
2003-08-28,0.0,
2003-08-29,0.0,
2003-08-30,0.0,
2003-08-31,0.0,
2003-09-01,0.0,
2003-09-02,0.0,
2003-09-03,0.0,
2003-09-04,0.0,
2003-09-05,0.0,
2003-09-06,0.0,
2003-09-07,0.0,
2003-09-08,0.0,
2003-09-09,0.0,
2003-09-10,0.0,
2003-09-11,0.0,
2003-09-12,0.0,
2003-09-13,0.0,
2003-09-14,0.0,
2003-09-15,0.0,
2003-09-16,0.0,
2003-09-17,0.0,
2003-09-18,0.0,
2003-09-19,0.0,
2003-09-20,0.0,
2003-09-21,0.0,
2003-09-22,0.0,
2003-09-23,0.0,
2003-09-24,0.0,
2003-09-25,0.0,
2003-09-26,0.0,
2003-09-27,0.0,
2003-09-28,0.0,
2003-09-29,0.0,
2003-09-30,0.0,
2003-10-01,0.0,
2003-10-02,0.0,
2003-10-03,0.0,
2003-10-04,0.0,
2003-10-05,0.0,
2003-10-06,0.0,
2003-10-07,0.0,
2003-10-08,0.0,
2003-10-09,0.0,
2003-10-10,0.0,
2003-10-11,0.0,
2003-10-12,0.0,
2003-10-13,0.0,
2003-10-14,0.0,
2003-10-15,0.0,
2003-10-16,0.0,
2003-10-17,0.0,
2003-10-18,0.0,
2003-10-19,0.0,
2003-10-20,0.0,
2003-10-21,0.0,
2003-10-22,0.0,
2003-10-23,0.0,
2003-10-24,0.0,
2003-10-25,0.0,
2003-10-26,0.0,
2003-10-27,0.0,
2003-10-28,0.0,
2003-10-29,0.0,
2003-10-30,0.0,
2003-10-31,0.0,
2003-11-01,2.438,
2003-11-02,2.54,
2003-11-03,6.883,
2003-11-04,7.518,
2003-11-05,7.62,
2003-11-06,7.62,
2003-11-07,7.62,
2003-11-08,8.534,
2003-11-09,9.373,
2003-11-10,13.208,
2003-11-11,13.208,
2003-11-12,13.208,
2003-11-13,13.208,
2003-11-14,13.208,
2003-11-15,15.799,
2003-11-16,17.78,
2003-11-17,17.78,
2003-11-18,17.78,
2003-11-19,17.78,
2003-11-20,17.78,
2003-11-21,17.424,
2003-11-22,16.84,
2003-11-23,16.205,
2003-11-24,16.231,
2003-11-25,16.053,
2003-11-26,15.977,
2003-11-27,15.875,
2003-11-28,15.773,
2003-11-29,15.748,
2003-11-30,15.748,
2003-12-01,15.748,
2003-12-02,15.697,
2003-12-03,15.494,
2003-12-04,15.24,
2003-12-05,13.97,
2003-12-06,15.215,
2003-12-07,31.902,
2003-12-08,31.902,
2003-12-09,31.902,
2003-12-10,31.928,
2003-12-11,34.29,
2003-12-12,34.29,
2003-12-13,34.29,
2003-12-14,39.37,
2003-12-15,39.37,
2003-12-16,39.37,
2003-12-17,39.37,
2003-12-18,39.37,
2003-12-19,39.37,
2003-12-20,39.37,
2003-12-21,39.37,
2003-12-22,39.37,
2003-12-23,39.37,
2003-12-24,39.37,
2003-12-25,43.18,
2003-12-26,45.72,
2003-12-27,45.72,
2003-12-28,45.72,
2003-12-29,48.26,
2003-12-30,52.07,
2003-12-31,53.34,
2004-01-01,53.34,
2004-01-02,55.88,
2004-01-03,58.42,
2004-01-04,58.42,
2004-01-05,58.42,
2004-01-06,60.96,
2004-01-07,60.96,
2004-01-08,62.484,
2004-01-09,62.484,
2004-01-10,62.484,
2004-01-11,62.484,
2004-01-12,62.484,
2004-01-13,62.484,
2004-01-14,62.484,
2004-01-15,62.484,
2004-01-16,62.484,
2004-01-17,62.484,
2004-01-18,62.484,
2004-01-19,62.484,
2004-01-20,62.484,
2004-01-21,62.484,
2004-01-22,62.484,
2004-01-23,62.484,
2004-01-24,62.484,
2004-01-25,62.484,
2004-01-26,62.484,
2004-01-27,63.271,
2004-01-28,67.818,
2004-01-29,68.199,
2004-01-30,68.656,
2004-01-31,69.113,
2004-02-01,69.266,
2004-02-02,69.977,
2004-02-03,74.092,
2004-02-04,75.184,
2004-02-05,75.565,
2004-02-06,75.641,
2004-02-07,77.368,
2004-02-08,77.724,
2004-02-09,77.724,
2004-02-10,77.724,
2004-02-11,77.724,
2004-02-12,77.724,
2004-02-13,77.724,
2004-02-14,77.724,
2004-02-15,77.724,
2004-02-16,77.724,
2004-02-17,81.128,
2004-02-18,82.702,
2004-02-19,85.827,
2004-02-20,85.877,
2004-02-21,86.309,
2004-02-22,86.36,
2004-02-23,86.36,
2004-02-24,86.36,
2004-02-25,87.782,
2004-02-26,94.259,
2004-02-27,102.133,
2004-02-28,102.286,
2004-02-29,102.387,
2004-03-01,102.387,
2004-03-02,102.718,
2004-03-03,102.768,
2004-03-04,102.641,
2004-03-05,102.133,
2004-03-06,102.133,
2004-03-07,101.93,
2004-03-08,101.829,
2004-03-09,101.321,
2004-03-10,101.092,
2004-03-11,100.838,
2004-03-12,100.584,
2004-03-13,100.076,
2004-03-14,99.568,
2004-03-15,98.806,
2004-03-16,98.044,
2004-03-17,97.028,
2004-03-18,96.012,
2004-03-19,94.742,
2004-03-20,91.948,
2004-03-21,89.916,
2004-03-22,87.884,
2004-03-23,86.36,
2004-03-24,85.319,
2004-03-25,84.785,
2004-03-26,87.478,
2004-03-27,87.376,
2004-03-28,88.9,
2004-03-29,88.9,
2004-03-30,88.9,
2004-03-31,88.9,
2004-04-01,88.9,
2004-04-02,88.9,
2004-04-03,88.9,
2004-04-04,90.78,
2004-04-05,91.44,
2004-04-06,91.44,
2004-04-07,91.186,
2004-04-08,91.135,
2004-04-09,89.484,
2004-04-10,89.129,
2004-04-11,87.579,
2004-04-12,86.106,
2004-04-13,85.369,
2004-04-14,83.058,
2004-04-15,82.753,
2004-04-16,82.144,
2004-04-17,81.89,
2004-04-18,82.271,
2004-04-19,83.49,
2004-04-20,87.757,
2004-04-21,91.008,
2004-04-22,92.634,
2004-04-23,92.202,
2004-04-24,91.592,
2004-04-25,90.678,
2004-04-26,90.424,
2004-04-27,89.662,
2004-04-28,88.494,
2004-04-29,86.335,
2004-04-30,84.023,
2004-05-01,83.109,
2004-05-02,79.985,
2004-05-03,76.81,
2004-05-04,71.907,
2004-05-05,66.726,
2004-05-06,61.722,
2004-05-07,57.734,
2004-05-08,54.356,
2004-05-09,51.156,
2004-05-10,48.235,
2004-05-11,47.752,
2004-05-12,48.082,
2004-05-13,47.93,
2004-05-14,46.685,
2004-05-15,44.577,
2004-05-16,41.504,
2004-05-17,38.481,
2004-05-18,35.433,
2004-05-19,33.909,
2004-05-20,31.42,
2004-05-21,29.439,
2004-05-22,27.737,
2004-05-23,25.273,
2004-05-24,21.971,
2004-05-25,19.279,
2004-05-26,15.697,
2004-05-27,11.506,
2004-05-28,8.89,
2004-05-29,7.239,
2004-05-30,4.547,
2004-05-31,1.473,
2004-06-01,0.0,
2004-06-02,0.0,
2004-06-03,0.0,
2004-06-04,0.0,
2004-06-05,0.0,
2004-06-06,0.0,
2004-06-07,0.0,
2004-06-08,0.0,
2004-06-09,0.0,
2004-06-10,0.0,
2004-06-11,0.0,
2004-06-12,0.0,
2004-06-13,0.0,
2004-06-14,0.0,
2004-06-15,0.0,
2004-06-16,0.0,
2004-06-17,0.0,
2004-06-18,0.0,
2004-06-19,0.0,
2004-06-20,0.0,
2004-06-21,0.0,
2004-06-22,0.0,
2004-06-23,0.0,
2004-06-24,0.0,
2004-06-25,0.0,
2004-06-26,0.0,
2004-06-27,0.0,
2004-06-28,0.0,
2004-06-29,0.0,
2004-06-30,0.0,
2004-07-01,0.0,
2004-07-02,0.0,
2004-07-03,0.0,
2004-07-04,0.0,
2004-07-05,0.0,
2004-07-06,0.0,
2004-07-07,0.0,
2004-07-08,0.0,
2004-07-09,0.0,
2004-07-10,0.0,
2004-07-11,0.0,
2004-07-12,0.0,
2004-07-13,0.0,
2004-07-14,0.0,
2004-07-15,0.0,
2004-07-16,0.0,
2004-07-17,0.0,
2004-07-18,0.0,
2004-07-19,0.0,
2004-07-20,0.0,
2004-07-21,0.0,
2004-07-22,0.0,
2004-07-23,0.0,
2004-07-24,0.0,
2004-07-25,0.0,
2004-07-26,0.0,
2004-07-27,0.0,
2004-07-28,0.0,
2004-07-29,0.0,
2004-07-30,0.0,
2004-07-31,0.0,
2004-08-01,0.0,
2004-08-02,0.0,
2004-08-03,0.0,
2004-08-04,0.0,
2004-08-05,0.0,
2004-08-06,0.0,
2004-08-07,0.0,
2004-08-08,0.0,
2004-08-09,0.0,
2004-08-10,0.0,
2004-08-11,0.0,
2004-08-12,0.0,
2004-08-13,0.0,
2004-08-14,0.0,
2004-08-15,0.0,
2004-08-16,0.0,
2004-08-17,0.0,
2004-08-18,0.0,
2004-08-19,0.0,
2004-08-20,0.0,
2004-08-21,0.0,
2004-08-22,0.0,
2004-08-23,0.0,
2004-08-24,0.0,
2004-08-25,0.0,
2004-08-26,0.0,
2004-08-27,0.0,
2004-08-28,0.0,
2004-08-29,0.0,
2004-08-30,0.0,
2004-08-31,0.0,
2004-09-01,0.0,
2004-09-02,0.0,
2004-09-03,0.0,
2004-09-04,0.0,
2004-09-05,0.0,
2004-09-06,0.0,
2004-09-07,0.0,
2004-09-08,0.0,
2004-09-09,0.0,
2004-09-10,0.0,
2004-09-11,0.0,
2004-09-12,0.0,
2004-09-13,0.0,
2004-09-14,0.0,
2004-09-15,0.0,
2004-09-16,0.0,
2004-09-17,0.0,
2004-09-18,0.0,
2004-09-19,0.0,
2004-09-20,0.0,
2004-09-21,0.0,
2004-09-22,0.0,
2004-09-23,0.0,
2004-09-24,0.0,
2004-09-25,0.0,
2004-09-26,0.0,
2004-09-27,0.0,
2004-09-28,0.0,
2004-09-29,0.0,
2004-09-30,0.0,
2004-10-01,0.0,
2004-10-02,0.0,
2004-10-03,0.0,
2004-10-04,0.0,
2004-10-05,0.0,
2004-10-06,0.0,
2004-10-07,0.0,
2004-10-08,0.0,
2004-10-09,0.0,
2004-10-10,0.0,
2004-10-11,0.0,
2004-10-12,0.0,
2004-10-13,0.0,
2004-10-14,0.0,
2004-10-15,0.0,
2004-10-16,0.0,
2004-10-17,0.0,
2004-10-18,7.62,
2004-10-19,7.62,
2004-10-20,15.748,
2004-10-21,19.558,
2004-10-22,19.558,
2004-10-23,19.533,
2004-10-24,25.146,
2004-10-25,25.146,
2004-10-26,25.121,
2004-10-27,31.242,
2004-10-28,31.318,
2004-10-29,31.166,
2004-10-30,31.115,
2004-10-31,31.013,
2004-11-01,30.709,
2004-11-02,30.226,
2004-11-03,30.023,
2004-11-04,32.639,
2004-11-05,33.858,
2004-11-06,33.35,
2004-11-07,33.096,
2004-11-08,33.045,
2004-11-09,32.918,
2004-11-10,32.614,
2004-11-11,34.646,
2004-11-12,35.306,
2004-11-13,35.382,
2004-11-14,35.306,
2004-11-15,35.052,
2004-11-16,34.798,
2004-11-17,34.544,
2004-11-18,34.29,
2004-11-19,34.036,
2004-11-20,33.782,
2004-11-21,33.528,
2004-11-22,33.274,
2004-11-23,33.02,
2004-11-24,32.766,
2004-11-25,32.766,
2004-11-26,32.766,
2004-11-27,35.916,
2004-11-28,42.621,
2004-11-29,42.951,
2004-11-30,43.307,
2004-12-01,43.053,
2004-12-02,42.494,
2004-12-03,42.164,
2004-12-04,41.402,
2004-12-05,40.97,
2004-12-06,40.767,
2004-12-07,40.64,
2004-12-08,42.672,
2004-12-09,42.418,
2004-12-10,42.418,
2004-12-11,42.52,
2004-12-12,42.418,
2004-12-13,42.418,
2004-12-14,42.418,
2004-12-15,42.418,
2004-12-16,42.418,
2004-12-17,42.418,
2004-12-18,42.418,
2004-12-19,42.418,
2004-12-20,42.418,
2004-12-21,42.418,
2004-12-22,42.418,
2004-12-23,42.418,
2004-12-24,42.418,
2004-12-25,42.418,
2004-12-26,42.418,
2004-12-27,42.418,
2004-12-28,45.72,
2004-12-29,48.26,
2004-12-30,50.8,
2004-12-31,56.617,
2005-01-01,62.789,
2005-01-02,69.19,
2005-01-03,69.85,
2005-01-04,70.256,
2005-01-05,70.307,
2005-01-06,70.358,
2005-01-07,70.358,
2005-01-08,71.323,
2005-01-09,82.652,
2005-01-10,91.008,
2005-01-11,98.806,
2005-01-12,98.806,
2005-01-13,98.806,
2005-01-14,98.806,
2005-01-15,98.806,
2005-01-16,98.806,
2005-01-17,98.806,
2005-01-18,98.806,
2005-01-19,98.806,
2005-01-20,98.806,
2005-01-21,98.806,
2005-01-22,98.806,
2005-01-23,98.806,
2005-01-24,98.806,
2005-01-25,99.543,
2005-01-26,101.067,
2005-01-27,103.429,
2005-01-28,103.429,
2005-01-29,104.216,
2005-01-30,104.14,
2005-01-31,104.14,
2005-02-01,104.14,
2005-02-02,104.14,
2005-02-03,104.14,
2005-02-04,104.14,
2005-02-05,104.14,
2005-02-06,104.14,
2005-02-07,105.131,
2005-02-08,105.918,
2005-02-09,105.918,
2005-02-10,105.918,
2005-02-11,105.943,
2005-02-12,107.772,
2005-02-13,107.95,
2005-02-14,110.896,
2005-02-15,110.998,
2005-02-16,113.36,
2005-02-17,114.656,
2005-02-18,114.554,
2005-02-19,114.681,
2005-02-20,116.789,
2005-02-21,119.024,
2005-02-22,120.955,
2005-02-23,121.488,
2005-02-24,121.691,
2005-02-25,121.768,
2005-02-26,121.514,
2005-02-27,121.082,
2005-02-28,121.768,
2005-03-01,122.428,
2005-03-02,122.53,
2005-03-03,120.904,
2005-03-04,121.031,
2005-03-05,121.031,
2005-03-06,120.904,
2005-03-07,120.929,
2005-03-08,120.777,
2005-03-09,120.447,
2005-03-10,120.345,
2005-03-11,119.888,
2005-03-12,119.634,
2005-03-13,119.634,
2005-03-14,119.634,
2005-03-15,119.634,
2005-03-16,119.431,
2005-03-17,119.507,
2005-03-18,119.431,
2005-03-19,119.761,
2005-03-20,129.667,
2005-03-21,138.43,
2005-03-22,142.24,
2005-03-23,145.796,
2005-03-24,145.796,
2005-03-25,145.796,
2005-03-26,145.923,
2005-03-27,145.542,
2005-03-28,151.638,
2005-03-29,155.194,
2005-03-30,160.401,
2005-03-31,160.452,
2005-04-01,160.223,
2005-04-02,159.639,
2005-04-03,158.979,
2005-04-04,160.858,
2005-04-05,161.29,
2005-04-06,161.087,
2005-04-07,160.35,
2005-04-08,164.059,
2005-04-09,169.52,
2005-04-10,169.545,
2005-04-11,169.57,
2005-04-12,169.393,
2005-04-13,169.012,
2005-04-14,168.935,
2005-04-15,168.91,
2005-04-16,168.91,
2005-04-17,168.656,
2005-04-18,168.402,
2005-04-19,168.148,
2005-04-20,167.894,
2005-04-21,167.64,
2005-04-22,167.386,
2005-04-23,166.878,
2005-04-24,166.37,
2005-04-25,166.116,
2005-04-26,165.862,
2005-04-27,165.354,
2005-04-28,164.846,
2005-04-29,164.084,
2005-04-30,163.068,
2005-05-01,163.068,
2005-05-02,162.306,
2005-05-03,161.29,
2005-05-04,160.274,
2005-05-05,159.004,
2005-05-06,157.48,
2005-05-07,157.48,
2005-05-08,157.48,
2005-05-09,160.02,
2005-05-10,160.02,
2005-05-11,159.766,
2005-05-12,159.258,
2005-05-13,158.75,
2005-05-14,157.734,
2005-05-15,156.464,
2005-05-16,154.432,
2005-05-17,155.702,
2005-05-18,155.702,
2005-05-19,154.94,
2005-05-20,153.67,
2005-05-21,151.892,
2005-05-22,150.114,
2005-05-23,147.828,
2005-05-24,145.542,
2005-05-25,143.51,
2005-05-26,141.63,
2005-05-27,139.929,
2005-05-28,137.922,
2005-05-29,135.484,
2005-05-30,133.248,
2005-05-31,129.896,
2005-06-01,127.254,
2005-06-02,123.927,
2005-06-03,120.955,
2005-06-04,118.593,
2005-06-05,116.84,
2005-06-06,112.624,
2005-06-07,111.658,
2005-06-08,109.804,
2005-06-09,109.804,
2005-06-10,113.487,
2005-06-11,111.633,
2005-06-12,108.204,
2005-06-13,105.562,
2005-06-14,102.235,
2005-06-15,97.587,
2005-06-16,93.751,
2005-06-17,91.542,
2005-06-18,90.399,
2005-06-19,89.738,
2005-06-20,87.554,
2005-06-21,84.074,
2005-06-22,80.137,
2005-06-23,75.743,
2005-06-24,71.222,
2005-06-25,66.523,
2005-06-26,61.874,
2005-06-27,57.201,
2005-06-28,52.222,
2005-06-29,47.574,
2005-06-30,43.078,
2005-07-01,36.678,
2005-07-02,28.423,
2005-07-03,18.669,
2005-07-04,8.56,
2005-07-05,3.962,
2005-07-06,0.0,
2005-07-07,0.0,
2005-07-08,0.0,
2005-07-09,0.0,
2005-07-10,0.0,
2005-07-11,0.0,
2005-07-12,0.0,
2005-07-13,0.0,
2005-07-14,0.0,
2005-07-15,0.0,
2005-07-16,0.0,
2005-07-17,0.0,
2005-07-18,0.0,
2005-07-19,0.0,
2005-07-20,0.0,
2005-07-21,0.0,
2005-07-22,0.0,
2005-07-23,0.0,
2005-07-24,0.0,
2005-07-25,0.0,
2005-07-26,0.0,
2005-07-27,0.0,
2005-07-28,0.0,
2005-07-29,0.0,
2005-07-30,0.0,
2005-07-31,0.0,
2005-08-01,0.0,
2005-08-02,0.0,
2005-08-03,0.0,
2005-08-04,0.0,
2005-08-05,0.0,
2005-08-06,0.0,
2005-08-07,0.0,
2005-08-08,0.0,
2005-08-09,0.0,
2005-08-10,0.0,
2005-08-11,0.0,
2005-08-12,0.0,
2005-08-13,0.0,
2005-08-14,0.0,
2005-08-15,0.0,
2005-08-16,0.0,
2005-08-17,0.0,
2005-08-18,0.0,
2005-08-19,0.0,
2005-08-20,0.0,
2005-08-21,0.0,
2005-08-22,0.0,
2005-08-23,0.0,
2005-08-24,0.0,
2005-08-25,0.0,
2005-08-26,0.0,
2005-08-27,0.0,
2005-08-28,0.0,
2005-08-29,0.0,
2005-08-30,0.0,
2005-08-31,0.0,
2005-09-01,0.0,
2005-09-02,0.0,
2005-09-03,0.0,
2005-09-04,0.0,
2005-09-05,0.0,
2005-09-06,0.0,
2005-09-07,0.0,
2005-09-08,0.0,
2005-09-09,0.0,
2005-09-10,0.0,
2005-09-11,0.0,
2005-09-12,0.0,
2005-09-13,0.0,
2005-09-14,0.0,
2005-09-15,0.0,
2005-09-16,0.0,
2005-09-17,0.0,
2005-09-18,0.0,
2005-09-19,0.0,
2005-09-20,0.0,
2005-09-21,0.0,
2005-09-22,0.0,
2005-09-23,0.0,
2005-09-24,0.0,
2005-09-25,0.0,
2005-09-26,0.0,
2005-09-27,0.0,
2005-09-28,0.0,
2005-09-29,0.0,
2005-09-30,0.0,
2005-10-01,0.0,
2005-10-02,0.0,
2005-10-03,0.0,
2005-10-04,0.0,
2005-10-05,0.0,
2005-10-06,0.0,
2005-10-07,0.0,
2005-10-08,0.0,
2005-10-09,0.0,
2005-10-10,0.0,
2005-10-11,0.0,
2005-10-12,0.0,
2005-10-13,0.0,
2005-10-14,0.0,
2005-10-15,0.0,
2005-10-16,0.0,
2005-10-17,0.0,
2005-10-18,0.0,
2005-10-19,0.0,
2005-10-20,0.0,
2005-10-21,0.0,
2005-10-22,0.0,
2005-10-23,0.0,
2005-10-24,0.0,
2005-10-25,0.0,
2005-10-26,0.0,
2005-10-27,0.0,
2005-10-28,0.0,
2005-10-29,0.0,
2005-10-30,0.0,
2005-10-31,0.0,
2005-11-01,0.0,
2005-11-02,0.0,
2005-11-03,0.0,
2005-11-04,0.0,
2005-11-05,0.0,
2005-11-06,0.0,
2005-11-07,0.0,
2005-11-08,3.81,
2005-11-09,4.089,
2005-11-10,4.445,
2005-11-11,5.207,
2005-11-12,5.334,
2005-11-13,4.267,
2005-11-14,4.267,
2005-11-15,4.267,
2005-11-16,5.131,
2005-11-17,10.643,
2005-11-18,11.684,
2005-11-19,12.09,
2005-11-20,10.084,
2005-11-21,9.296,
2005-11-22,8.738,
2005-11-23,8.331,
2005-11-24,8.103,
2005-11-25,7.874,
2005-11-26,9.931,
2005-11-27,15.773,
2005-11-28,16.612,
2005-11-29,16.764,
2005-11-30,17.805,
2005-12-01,22.784,
2005-12-02,48.158,
2005-12-03,50.14,
2005-12-04,50.825,
2005-12-05,51.511,
2005-12-06,52.273,
2005-12-07,53.137,
2005-12-08,55.372,
2005-12-09,56.54,
2005-12-10,57.404,
2005-12-11,58.039,
2005-12-12,58.649,
2005-12-13,59.131,
2005-12-14,59.487,
2005-12-15,59.487,
2005-12-16,59.487,
2005-12-17,59.487,
2005-12-18,59.487,
2005-12-19,66.04,
2005-12-20,66.04,
2005-12-21,66.04,
2005-12-22,74.828,
2005-12-23,74.828,
2005-12-24,74.828,
2005-12-25,79.324,
2005-12-26,87.859,
2005-12-27,89.713,
2005-12-28,91.237,
2005-12-29,91.237,
2005-12-30,102.337,
2005-12-31,122.428,
2006-01-01,131.597,
2006-01-02,135.484,
2006-01-03,135.636,
2006-01-04,136.55,
2006-01-05,136.83,
2006-01-06,136.347,
2006-01-07,136.246,
2006-01-08,136.703,
2006-01-09,136.703,
2006-01-10,136.703,
2006-01-11,136.398,
2006-01-12,138.278,
2006-01-13,137.846,
2006-01-14,137.998,
2006-01-15,147.244,
2006-01-16,147.066,
2006-01-17,147.066,
2006-01-18,147.777,
2006-01-19,151.638,
2006-01-20,151.638,
2006-01-21,151.638,
2006-01-22,151.638,
2006-01-23,151.638,
2006-01-24,151.638,
2006-01-25,151.308,
2006-01-26,146.228,
2006-01-27,144.78,
2006-01-28,145.085,
2006-01-29,149.987,
2006-01-30,150.47,
2006-01-31,155.804,
2006-02-01,155.956,
2006-02-02,161.696,
2006-02-03,164.084,
2006-02-04,164.186,
2006-02-05,164.084,
2006-02-06,164.084,
2006-02-07,164.084,
2006-02-08,164.084,
2006-02-09,164.084,
2006-02-10,164.084,
2006-02-11,164.084,
2006-02-12,164.059,
2006-02-13,164.008,
2006-02-14,164.008,
2006-02-15,164.008,
2006-02-16,164.821,
2006-02-17,164.363,
2006-02-18,165.532,
2006-02-19,165.964,
2006-02-20,165.964,
2006-02-21,165.964,
2006-02-22,165.659,
2006-02-23,165.024,
2006-02-24,164.109,
2006-02-25,163.246,
2006-02-26,161.925,
2006-02-27,160.858,
2006-02-28,160.02,
2006-03-01,164.236,
2006-03-02,160.884,
2006-03-03,169.342,
2006-03-04,174.777,
2006-03-05,171.78,
2006-03-06,166.141,
2006-03-07,167.64,
2006-03-08,170.002,
2006-03-09,170.891,
2006-03-10,174.828,
2006-03-11,177.927,
2006-03-12,178.333,
2006-03-13,178.41,
2006-03-14,180.34,
2006-03-15,181.737,
2006-03-16,182.88,
2006-03-17,182.88,
2006-03-18,182.88,
2006-03-19,182.88,
2006-03-20,182.88,
2006-03-21,182.88,
2006-03-22,182.88,
2006-03-23,182.88,
2006-03-24,182.88,
2006-03-25,182.88,
2006-03-26,182.88,
2006-03-27,182.88,
2006-03-28,182.88,
2006-03-29,187.96,
2006-03-30,164.465,
2006-03-31,162.662,
2006-04-01,163.576,
2006-04-02,162.306,
2006-04-03,157.201,
2006-04-04,159.029,
2006-04-05,160.96,
2006-04-06,162.56,
2006-04-07,161.163,
2006-04-08,160.122,
2006-04-09,157.734,
2006-04-10,158.064,
2006-04-11,159.41,
2006-04-12,158.445,
2006-04-13,156.083,
2006-04-14,150.52,
2006-04-15,149.911,
2006-04-16,150.495,
2006-04-17,163.678,
2006-04-18,168.097,
2006-04-19,165.532,
2006-04-20,163.297,
2006-04-21,158.471,
2006-04-22,153.518,
2006-04-23,152.857,
2006-04-24,155.778,
2006-04-25,152.248,
2006-04-26,151.028,
2006-04-27,149.987,
2006-04-28,148.209,
2006-04-29,146.304,
2006-04-30,144.526,
2006-05-01,142.748,
2006-05-02,140.97,
2006-05-03,139.192,
2006-05-04,137.414,
2006-05-05,135.89,
2006-05-06,134.366,
2006-05-07,132.588,
2006-05-08,132.08,
2006-05-09,130.302,
2006-05-10,128.219,
2006-05-11,126.695,
2006-05-12,124.968,
2006-05-13,121.615,
2006-05-14,122.758,
2006-05-15,115.265,
2006-05-16,112.344,
2006-05-17,105.74,
2006-05-18,98.73,
2006-05-19,92.177,
2006-05-20,82.779,
2006-05-21,74.143,
2006-05-22,66.675,
2006-05-23,69.19,
2006-05-24,67.666,
2006-05-25,63.754,
2006-05-26,54.432,
2006-05-27,46.203,
2006-05-28,49.784,
2006-05-29,46.812,
2006-05-30,46.558,
2006-05-31,46.457,
2006-06-01,44.196,
2006-06-02,41.021,
2006-06-03,37.795,
2006-06-04,32.309,
2006-06-05,28.6,
2006-06-06,26.899,
2006-06-07,25.4,
2006-06-08,24.638,
2006-06-09,23.876,
2006-06-10,23.114,
2006-06-11,22.352,
2006-06-12,21.59,
2006-06-13,20.828,
2006-06-14,20.066,
2006-06-15,19.304,
2006-06-16,18.542,
2006-06-17,17.78,
2006-06-18,17.018,
2006-06-19,16.256,
2006-06-20,15.494,
2006-06-21,14.732,
2006-06-22,13.97,
2006-06-23,10.16,
2006-06-24,5.08,
2006-06-25,0.0,
2006-06-26,0.0,
2006-06-27,0.0,
2006-06-28,0.0,
2006-06-29,0.0,
2006-06-30,0.0,
2006-07-01,0.0,
2006-07-02,0.0,
2006-07-03,0.0,
2006-07-04,0.0,
2006-07-05,0.0,
2006-07-06,0.0,
2006-07-07,0.0,
2006-07-08,0.0,
2006-07-09,0.0,
2006-07-10,0.0,
2006-07-11,0.0,
2006-07-12,0.0,
2006-07-13,0.0,
2006-07-14,0.0,
2006-07-15,0.0,
2006-07-16,0.0,
2006-07-17,0.0,
2006-07-18,0.0,
2006-07-19,0.0,
2006-07-20,0.0,
2006-07-21,0.0,
2006-07-22,0.0,
2006-07-23,0.0,
2006-07-24,0.0,
2006-07-25,0.0,
2006-07-26,0.0,
2006-07-27,0.0,
2006-07-28,0.0,
2006-07-29,0.0,
2006-07-30,0.0,
2006-07-31,0.0,
2006-08-01,0.0,
2006-08-02,0.0,
2006-08-03,0.0,
2006-08-04,0.0,
2006-08-05,0.0,
2006-08-06,0.0,
2006-08-07,0.0,
2006-08-08,0.0,
2006-08-09,0.0,
2006-08-10,0.0,
2006-08-11,0.0,
2006-08-12,0.0,
2006-08-13,0.0,
2006-08-14,0.0,
2006-08-15,0.0,
2006-08-16,0.0,
2006-08-17,0.0,
2006-08-18,0.0,
2006-08-19,0.0,
2006-08-20,0.0,
2006-08-21,0.0,
2006-08-22,0.0,
2006-08-23,0.0,
2006-08-24,0.0,
2006-08-25,0.0,
2006-08-26,0.0,
2006-08-27,0.0,
2006-08-28,0.0,
2006-08-29,0.0,
2006-08-30,0.0,
2006-08-31,0.0,
2006-09-01,0.0,
2006-09-02,0.0,
2006-09-03,0.0,
2006-09-04,0.0,
2006-09-05,0.0,
2006-09-06,0.0,
2006-09-07,0.0,
2006-09-08,0.0,
2006-09-09,0.0,
2006-09-10,0.0,
2006-09-11,0.0,
2006-09-12,0.0,
2006-09-13,0.0,
2006-09-14,0.0,
2006-09-15,0.0,
2006-09-16,0.0,
2006-09-17,0.0,
2006-09-18,0.0,
2006-09-19,0.0,
2006-09-20,0.0,
2006-09-21,0.0,
2006-09-22,0.0,
2006-09-23,0.0,
2006-09-24,0.0,
2006-09-25,0.0,
2006-09-26,0.0,
2006-09-27,0.0,
2006-09-28,0.0,
2006-09-29,0.0,
2006-09-30,0.0,
2006-10-01,0.0,
2006-10-02,0.0,
2006-10-03,0.0,
2006-10-04,0.0,
2006-10-05,0.0,
2006-10-06,0.0,
2006-10-07,0.0,
2006-10-08,0.0,
2006-10-09,0.0,
2006-10-10,0.0,
2006-10-11,0.0,
2006-10-12,0.0,
2006-10-13,0.0,
2006-10-14,0.0,
2006-10-15,0.0,
2006-10-16,0.0,
2006-10-17,0.0,
2006-10-18,0.0,
2006-10-19,0.0,
2006-10-20,0.0,
2006-10-21,0.0,
2006-10-22,0.0,
2006-10-23,0.0,
2006-10-24,0.0,
2006-10-25,0.0,
2006-10-26,0.0,
2006-10-27,0.0,
2006-10-28,0.0,
2006-10-29,0.0,
2006-10-30,0.0,
2006-10-31,0.0,
2006-11-01,0.0,
2006-11-02,0.0,
2006-11-03,0.0,
2006-11-04,0.0,
2006-11-05,0.0,
2006-11-06,0.0,
2006-11-07,0.0,
2006-11-08,0.0,
2006-11-09,0.0,
2006-11-10,0.0,
2006-11-11,0.0,
2006-11-12,0.0,
2006-11-13,0.0,
2006-11-14,0.0,
2006-11-15,,
2006-11-16,,
2006-11-17,,
2006-11-18,,
2006-11-19,,
2006-11-20,,
2006-11-21,,
2006-11-22,,
2006-11-23,,
2006-11-24,,
2006-11-25,,
2006-11-26,,
2006-11-27,,
2006-11-28,,
2006-11-29,,
2006-11-30,,
2006-12-01,,
2006-12-02,,
2006-12-03,,
2006-12-04,,
2006-12-05,,
2006-12-06,,
2006-12-07,,
2006-12-08,,
2006-12-09,,
2006-12-10,,
2006-12-11,,
2006-12-12,,
2006-12-13,,
2006-12-14,,
2006-12-15,,
2006-12-16,,
2006-12-17,,
2006-12-18,,
2006-12-19,,
2006-12-20,,
2006-12-21,,
2006-12-22,,
2006-12-23,,
2006-12-24,,
2006-12-25,,
2006-12-26,,
2006-12-27,,
2006-12-28,,
2006-12-29,,
2006-12-30,,
2006-12-31,,
2007-01-01,,
2007-01-02,,
2007-01-03,,
2007-01-04,,
2007-01-05,,
2007-01-06,,
2007-01-07,,
2007-01-08,,
2007-01-09,,
2007-01-10,,
2007-01-11,,
2007-01-12,,
2007-01-13,,
2007-01-14,,
2007-01-15,,
2007-01-16,,
2007-01-17,,
2007-01-18,,
2007-01-19,,
2007-01-20,,
2007-01-21,,
2007-01-22,,
2007-01-23,,
2007-01-24,,
2007-01-25,,
2007-01-26,,
2007-01-27,,
2007-01-28,,
2007-01-29,,
2007-01-30,,
2007-01-31,,
2007-02-01,,
2007-02-02,,
2007-02-03,,
2007-02-04,,
2007-02-05,,
2007-02-06,,
2007-02-07,,
2007-02-08,,
2007-02-09,,
2007-02-10,,
2007-02-11,,
2007-02-12,,
2007-02-13,,
2007-02-14,,
2007-02-15,,
2007-02-16,,
2007-02-17,,
2007-02-18,,
2007-02-19,,
2007-02-20,,
2007-02-21,,
2007-02-22,,
2007-02-23,,
2007-02-24,,
2007-02-25,,
2007-02-26,,
2007-02-27,,
2007-02-28,,
2007-03-01,,
2007-03-02,,
2007-03-03,,
2007-03-04,,
2007-03-05,,
2007-03-06,,
2007-03-07,,
2007-03-08,,
2007-03-09,,
2007-03-10,,
2007-03-11,,
2007-03-12,,
2007-03-13,,
2007-03-14,,
2007-03-15,,
2007-03-16,,
2007-03-17,,
2007-03-18,,
2007-03-19,,
2007-03-20,,
2007-03-21,,
2007-03-22,,
2007-03-23,,
2007-03-24,,
2007-03-25,,
2007-03-26,,
2007-03-27,,
2007-03-28,,
2007-03-29,,
2007-03-30,,
2007-03-31,,
2007-04-01,,
2007-04-02,,
2007-04-03,,
2007-04-04,,
2007-04-05,,
2007-04-06,,
2007-04-07,,
2007-04-08,,
2007-04-09,,
2007-04-10,,
2007-04-11,,
2007-04-12,,
2007-04-13,,
2007-04-14,,
2007-04-15,,
2007-04-16,,
2007-04-17,,
2007-04-18,,
2007-04-19,,
2007-04-20,,
2007-04-21,,
2007-04-22,,
2007-04-23,,
2007-04-24,,
2007-04-25,,
2007-04-26,,
2007-04-27,,
2007-04-28,,
2007-04-29,,
2007-04-30,,
2007-05-01,,
2007-05-02,,
2007-05-03,,
2007-05-04,,
2007-05-05,,
2007-05-06,,
2007-05-07,,
2007-05-08,,
2007-05-09,,
2007-05-10,,
2007-05-11,,
2007-05-12,,
2007-05-13,,
2007-05-14,,
2007-05-15,,
2007-05-16,,
2007-05-17,,
2007-05-18,,
2007-05-19,,
2007-05-20,,
2007-05-21,,
2007-05-22,,
2007-05-23,,
2007-05-24,,
2007-05-25,,
2007-05-26,,
2007-05-27,,
2007-05-28,,
2007-05-29,,
2007-05-30,,
2007-05-31,,
2007-06-01,,
2007-06-02,,
2007-06-03,,
2007-06-04,,
2007-06-05,,
2007-06-06,,
2007-06-07,,
2007-06-08,,
2007-06-09,,
2007-06-10,,
2007-06-11,,
2007-06-12,,
2007-06-13,,
2007-06-14,,
2007-06-15,,
2007-06-16,,
2007-06-17,,
2007-06-18,,
2007-06-19,,
2007-06-20,,
2007-06-21,,
2007-06-22,,
2007-06-23,,
2007-06-24,,
2007-06-25,,
2007-06-26,,
2007-06-27,,
2007-06-28,,
2007-06-29,,
2007-06-30,,
2007-07-01,,
2007-07-02,,
2007-07-03,,
2007-07-04,,
2007-07-05,,
2007-07-06,,
2007-07-07,,
2007-07-08,,
2007-07-09,,
2007-07-10,,
2007-07-11,,
2007-07-12,,
2007-07-13,,
2007-07-14,,
2007-07-15,,
2007-07-16,,
2007-07-17,,
2007-07-18,,
2007-07-19,,
2007-07-20,,
2007-07-21,,
2007-07-22,,
2007-07-23,,
2007-07-24,,
2007-07-25,,
2007-07-26,,
2007-07-27,,
2007-07-28,,
2007-07-29,,
2007-07-30,,
2007-07-31,,
2007-08-01,,
2007-08-02,,
2007-08-03,,
2007-08-04,,
2007-08-05,,
2007-08-06,,
2007-08-07,,
2007-08-08,,
2007-08-09,,
2007-08-10,,
2007-08-11,,
2007-08-12,,
2007-08-13,,
2007-08-14,,
2007-08-15,,
2007-08-16,,
2007-08-17,,
2007-08-18,,
2007-08-19,,
2007-08-20,,
2007-08-21,,
2007-08-22,,
2007-08-23,,
2007-08-24,,
2007-08-25,,
2007-08-26,,
2007-08-27,,
2007-08-28,,
2007-08-29,,
2007-08-30,,
2007-08-31,,
2007-09-01,,
2007-09-02,,
2007-09-03,,
2007-09-04,,
2007-09-05,,
2007-09-06,,
2007-09-07,,
2007-09-08,,
2007-09-09,,
2007-09-10,,
2007-09-11,,
2007-09-12,,
2007-09-13,,
2007-09-14,,
2007-09-15,,
2007-09-16,,
2007-09-17,,
2007-09-18,,
2007-09-19,,
2007-09-20,,
2007-09-21,,
2007-09-22,,
2007-09-23,,
2007-09-24,,
2007-09-25,,
2007-09-26,,
2007-09-27,,
2007-09-28,,
2007-09-29,,
2007-09-30,,
2007-10-01,,
2007-10-02,,
2007-10-03,,
2007-10-04,,
2007-10-05,,
2007-10-06,,
2007-10-07,,
2007-10-08,,
2007-10-09,,
2007-10-10,,
2007-10-11,,
2007-10-12,,
2007-10-13,,
2007-10-14,,
2007-10-15,,
2007-10-16,,
2007-10-17,,
2007-10-18,,
2007-10-19,,
2007-10-20,,
2007-10-21,,
2007-10-22,,
2007-10-23,,
2007-10-24,,
2007-10-25,,
2007-10-26,,
2007-10-27,,
2007-10-28,,
2007-10-29,,
2007-10-30,,
2007-10-31,,
2007-11-01,,
2007-11-02,,
2007-11-03,,
2007-11-04,,
2007-11-05,,
2007-11-06,,
2007-11-07,,
2007-11-08,,
2007-11-09,,
2007-11-10,,
2007-11-11,,
2007-11-12,,
2007-11-13,,
2007-11-14,,
2007-11-15,,
2007-11-16,,
2007-11-17,,
2007-11-18,,
2007-11-19,,
2007-11-20,,
2007-11-21,,
2007-11-22,,
2007-11-23,,
2007-11-24,,
2007-11-25,,
2007-11-26,,
2007-11-27,,
2007-11-28,,
2007-11-29,,
2007-11-30,,
2007-12-01,,
2007-12-02,,
2007-12-03,,
2007-12-04,,
2007-12-05,,
2007-12-06,,
2007-12-07,,
2007-12-08,,
2007-12-09,,
2007-12-10,,
2007-12-11,,
2007-12-12,,
2007-12-13,,
2007-12-14,,
2007-12-15,,
2007-12-16,,
2007-12-17,,
2007-12-18,,
2007-12-19,,
2007-12-20,,
2007-12-21,,
2007-12-22,,
2007-12-23,,
2007-12-24,,
2007-12-25,,
2007-12-26,,
2007-12-27,,
2007-12-28,,
2007-12-29,,
2007-12-30,,
2007-12-31,,
2008-01-01,,
2008-01-02,,
2008-01-03,,
2008-01-04,,
2008-01-05,,
2008-01-06,,
2008-01-07,,
2008-01-08,,
2008-01-09,,
2008-01-10,,
2008-01-11,,
2008-01-12,,
2008-01-13,,
2008-01-14,,
2008-01-15,,
2008-01-16,,
2008-01-17,,
2008-01-18,,
2008-01-19,,
2008-01-20,,
2008-01-21,,
2008-01-22,,
2008-01-23,,
2008-01-24,,
2008-01-25,,
2008-01-26,,
2008-01-27,,
2008-01-28,,
2008-01-29,,
2008-01-30,,
2008-01-31,,
2008-02-01,,
2008-02-02,,
2008-02-03,,
2008-02-04,,
2008-02-05,,
2008-02-06,,
2008-02-07,,
2008-02-08,,
2008-02-09,,
2008-02-10,,
2008-02-11,,
2008-02-12,,
2008-02-13,,
2008-02-14,,
2008-02-15,,
2008-02-16,,
2008-02-17,,
2008-02-18,,
2008-02-19,,
2008-02-20,,
2008-02-21,,
2008-02-22,,
2008-02-23,,
2008-02-24,,
2008-02-25,,
2008-02-26,,
2008-02-27,,
2008-02-28,,
2008-02-29,,
2008-03-01,,
2008-03-02,,
2008-03-03,,
2008-03-04,,
2008-03-05,,
2008-03-06,,
2008-03-07,,
2008-03-08,,
2008-03-09,,
2008-03-10,,
2008-03-11,,
2008-03-12,,
2008-03-13,,
2008-03-14,,
2008-03-15,,
2008-03-16,,
2008-03-17,,
2008-03-18,,
2008-03-19,,
2008-03-20,,
2008-03-21,,
2008-03-22,,
2008-03-23,,
2008-03-24,,
2008-03-25,,
2008-03-26,,
2008-03-27,,
2008-03-28,,
2008-03-29,,
2008-03-30,,
2008-03-31,,
2008-04-01,,
2008-04-02,,
2008-04-03,,
2008-04-04,,
2008-04-05,,
2008-04-06,,
2008-04-07,,
2008-04-08,,
2008-04-09,,
2008-04-10,,
2008-04-11,,
2008-04-12,,
2008-04-13,,
2008-04-14,,
2008-04-15,,
2008-04-16,,
2008-04-17,,
2008-04-18,,
2008-04-19,,
2008-04-20,,
2008-04-21,,
2008-04-22,,
2008-04-23,,
2008-04-24,,
2008-04-25,,
2008-04-26,,
2008-04-27,,
2008-04-28,,
2008-04-29,,
2008-04-30,,
2008-05-01,,
2008-05-02,,
2008-05-03,,
2008-05-04,,
2008-05-05,,
2008-05-06,,
2008-05-07,,
2008-05-08,,
2008-05-09,,
2008-05-10,,
2008-05-11,,
2008-05-12,,
2008-05-13,,
2008-05-14,,
2008-05-15,,
2008-05-16,,
2008-05-17,,
2008-05-18,,
2008-05-19,,
2008-05-20,,
2008-05-21,,
2008-05-22,,
2008-05-23,,
2008-05-24,,
2008-05-25,,
2008-05-26,,
2008-05-27,,
2008-05-28,,
2008-05-29,,
2008-05-30,,
2008-05-31,,
2008-06-01,,
2008-06-02,,
2008-06-03,,
2008-06-04,,
2008-06-05,,
2008-06-06,,
2008-06-07,,
2008-06-08,,
2008-06-09,,
2008-06-10,,
2008-06-11,,
2008-06-12,,
2008-06-13,,
2008-06-14,,
2008-06-15,,
2008-06-16,,
2008-06-17,,
2008-06-18,,
2008-06-19,,
2008-06-20,,
2008-06-21,,
2008-06-22,,
2008-06-23,,
2008-06-24,,
2008-06-25,,
2008-06-26,,
2008-06-27,,
2008-06-28,,
2008-06-29,,
2008-06-30,,
2008-07-01,,
2008-07-02,,
2008-07-03,,
2008-07-04,,
2008-07-05,,
2008-07-06,,
2008-07-07,,
2008-07-08,,
2008-07-09,,
2008-07-10,,
2008-07-11,,
2008-07-12,,
2008-07-13,,
2008-07-14,,
2008-07-15,,
2008-07-16,,
2008-07-17,,
2008-07-18,,
2008-07-19,,
2008-07-20,,
2008-07-21,,
2008-07-22,,
2008-07-23,,
2008-07-24,,
2008-07-25,,
2008-07-26,,
2008-07-27,,
2008-07-28,,
2008-07-29,,
2008-07-30,,
2008-07-31,,
2008-08-01,,
2008-08-02,,
2008-08-03,,
2008-08-04,,
2008-08-05,,
2008-08-06,,
2008-08-07,,
2008-08-08,,
2008-08-09,,
2008-08-10,,
2008-08-11,,
2008-08-12,,
2008-08-13,,
2008-08-14,,
2008-08-15,,
2008-08-16,,
2008-08-17,,
2008-08-18,,
2008-08-19,,
2008-08-20,,
2008-08-21,,
2008-08-22,,
2008-08-23,,
2008-08-24,,
2008-08-25,,
2008-08-26,,
2008-08-27,,
2008-08-28,,
2008-08-29,,
2008-08-30,,
2008-08-31,,
2008-09-01,,
2008-09-02,,
2008-09-03,,
2008-09-04,,
2008-09-05,,
2008-09-06,,
2008-09-07,,
2008-09-08,,
2008-09-09,,
2008-09-10,,
2008-09-11,,
2008-09-12,,
2008-09-13,,
2008-09-14,,
2008-09-15,,
2008-09-16,,
2008-09-17,,
2008-09-18,,
2008-09-19,,
2008-09-20,,
2008-09-21,,
2008-09-22,,
2008-09-23,,
2008-09-24,,
2008-09-25,,
2008-09-26,,
2008-09-27,,
2008-09-28,,
2008-09-29,,
2008-09-30,,
2008-10-01,,
2008-10-02,,
2008-10-03,,
2008-10-04,,
2008-10-05,,
2008-10-06,,
2008-10-07,,
2008-10-08,,
2008-10-09,,
2008-10-10,,
2008-10-11,,
2008-10-12,,
2008-10-13,,
2008-10-14,,
2008-10-15,,
2008-10-16,,
2008-10-17,,
2008-10-18,,
2008-10-19,,
2008-10-20,,
2008-10-21,,
2008-10-22,,
2008-10-23,,
2008-10-24,,
2008-10-25,,
2008-10-26,,
2008-10-27,,
2008-10-28,,
2008-10-29,,
2008-10-30,,
2008-10-31,,
2008-11-01,,
2008-11-02,,
2008-11-03,,
2008-11-04,,
2008-11-05,,
2008-11-06,,
2008-11-07,,
2008-11-08,,
2008-11-09,,
2008-11-10,,
2008-11-11,,
2008-11-12,,
2008-11-13,,
2008-11-14,,
2008-11-15,,
2008-11-16,,
2008-11-17,,
2008-11-18,,
2008-11-19,,
2008-11-20,,
2008-11-21,,
2008-11-22,,
2008-11-23,,
2008-11-24,,
2008-11-25,,
2008-11-26,,
2008-11-27,,
2008-11-28,,
2008-11-29,,
2008-11-30,,
2008-12-01,,
2008-12-02,,
2008-12-03,,
2008-12-04,,
2008-12-05,,
2008-12-06,,
2008-12-07,,
2008-12-08,,
2008-12-09,,
2008-12-10,,
2008-12-11,,
2008-12-12,,
2008-12-13,,
2008-12-14,,
2008-12-15,,
2008-12-16,,
2008-12-17,,
2008-12-18,,
2008-12-19,,
2008-12-20,,
2008-12-21,,
2008-12-22,,
2008-12-23,,
2008-12-24,,
2008-12-25,,
2008-12-26,,
2008-12-27,,
2008-12-28,,
2008-12-29,,
2008-12-30,,
2008-12-31,,
2009-01-01,,
2009-01-02,,
2009-01-03,,
2009-01-04,,
2009-01-05,,
2009-01-06,,
2009-01-07,,
2009-01-08,,
2009-01-09,,
2009-01-10,,
2009-01-11,,
2009-01-12,,
2009-01-13,,
2009-01-14,,
2009-01-15,,
2009-01-16,,
2009-01-17,,
2009-01-18,,
2009-01-19,,
2009-01-20,,
2009-01-21,,
2009-01-22,,
2009-01-23,,
2009-01-24,,
2009-01-25,,
2009-01-26,,
2009-01-27,,
2009-01-28,,
2009-01-29,,
2009-01-30,,
2009-01-31,,
2009-02-01,,
2009-02-02,,
2009-02-03,,
2009-02-04,,
2009-02-05,,
2009-02-06,,
2009-02-07,,
2009-02-08,,
2009-02-09,,
2009-02-10,,
2009-02-11,,
2009-02-12,,
2009-02-13,,
2009-02-14,,
2009-02-15,,
2009-02-16,,
2009-02-17,,
2009-02-18,,
2009-02-19,,
2009-02-20,,
2009-02-21,,
2009-02-22,,
2009-02-23,,
2009-02-24,,
2009-02-25,,
2009-02-26,,
2009-02-27,,
2009-02-28,,
2009-03-01,,
2009-03-02,,
2009-03-03,,
2009-03-04,,
2009-03-05,,
2009-03-06,,
2009-03-07,,
2009-03-08,,
2009-03-09,,
2009-03-10,,
2009-03-11,,
2009-03-12,,
2009-03-13,,
2009-03-14,,
2009-03-15,,
2009-03-16,,
2009-03-17,,
2009-03-18,,
2009-03-19,,
2009-03-20,,
2009-03-21,,
2009-03-22,,
2009-03-23,,
2009-03-24,,
2009-03-25,,
2009-03-26,,
2009-03-27,,
2009-03-28,,
2009-03-29,,
2009-03-30,,
2009-03-31,,
2009-04-01,,
2009-04-02,,
2009-04-03,,
2009-04-04,,
2009-04-05,,
2009-04-06,,
2009-04-07,,
2009-04-08,,
2009-04-09,,
2009-04-10,,
2009-04-11,,
2009-04-12,,
2009-04-13,,
2009-04-14,,
2009-04-15,,
2009-04-16,,
2009-04-17,,
2009-04-18,,
2009-04-19,,
2009-04-20,,
2009-04-21,,
2009-04-22,,
2009-04-23,,
2009-04-24,,
2009-04-25,,
2009-04-26,,
2009-04-27,,
2009-04-28,,
2009-04-29,,
2009-04-30,,
2009-05-01,,
2009-05-02,,
2009-05-03,,
2009-05-04,,
2009-05-05,,
2009-05-06,,
2009-05-07,,
2009-05-08,,
2009-05-09,,
2009-05-10,,
2009-05-11,,
2009-05-12,,
2009-05-13,,
2009-05-14,,
2009-05-15,,
2009-05-16,,
2009-05-17,,
2009-05-18,,
2009-05-19,,
2009-05-20,,
2009-05-21,,
2009-05-22,,
2009-05-23,,
2009-05-24,,
2009-05-25,,
2009-05-26,,
2009-05-27,,
2009-05-28,,
2009-05-29,,
2009-05-30,,
2009-05-31,,
2009-06-01,,
2009-06-02,,
2009-06-03,,
2009-06-04,,
2009-06-05,,
2009-06-06,,
2009-06-07,,
2009-06-08,,
2009-06-09,,
2009-06-10,,
2009-06-11,,
2009-06-12,,
2009-06-13,,
2009-06-14,,
2009-06-15,,
2009-06-16,,
2009-06-17,,
2009-06-18,,
2009-06-19,,
2009-06-20,,
2009-06-21,,
2009-06-22,,
2009-06-23,,
2009-06-24,,
2009-06-25,,
2009-06-26,,
2009-06-27,,
2009-06-28,,
2009-06-29,,
2009-06-30,,
2009-07-01,,
2009-07-02,,
2009-07-03,,
2009-07-04,,
2009-07-05,,
2009-07-06,,
2009-07-07,,
2009-07-08,,
2009-07-09,,
2009-07-10,,
2009-07-11,,
2009-07-12,,
2009-07-13,,
2009-07-14,,
2009-07-15,,
2009-07-16,,
2009-07-17,,
2009-07-18,,
2009-07-19,,
2009-07-20,,
2009-07-21,,
2009-07-22,,
2009-07-23,,
2009-07-24,,
2009-07-25,,
2009-07-26,,
2009-07-27,,
2009-07-28,,
2009-07-29,,
2009-07-30,,
2009-07-31,,
2009-08-01,,
2009-08-02,,
2009-08-03,,
2009-08-04,,
2009-08-05,,
2009-08-06,,
2009-08-07,,
2009-08-08,,
2009-08-09,,
2009-08-10,,
2009-08-11,,
2009-08-12,,
2009-08-13,,
2009-08-14,,
2009-08-15,,
2009-08-16,,
2009-08-17,,
2009-08-18,,
2009-08-19,,
2009-08-20,,
2009-08-21,,
2009-08-22,,
2009-08-23,,
2009-08-24,,
2009-08-25,,
2009-08-26,,
2009-08-27,,
2009-08-28,,
2009-08-29,,
2009-08-30,,
2009-08-31,,
2009-09-01,,
2009-09-02,,
2009-09-03,,
2009-09-04,,
2009-09-05,,
2009-09-06,,
2009-09-07,,
2009-09-08,,
2009-09-09,,
2009-09-10,,
2009-09-11,,
2009-09-12,,
2009-09-13,,
2009-09-14,,
2009-09-15,,
2009-09-16,,
2009-09-17,,
2009-09-18,,
2009-09-19,,
2009-09-20,,
2009-09-21,,
2009-09-22,,
2009-09-23,,
2009-09-24,,
2009-09-25,,
2009-09-26,,
2009-09-27,,
2009-09-28,,
2009-09-29,,
2009-09-30,,
2009-10-01,,
2009-10-02,,
2009-10-03,,
2009-10-04,,
2009-10-05,,
2009-10-06,,
2009-10-07,,
2009-10-08,,
2009-10-09,,
2009-10-10,,
2009-10-11,,
2009-10-12,,
2009-10-13,,
2009-10-14,,
2009-10-15,,
2009-10-16,,
2009-10-17,,
2009-10-18,,
2009-10-19,,
2009-10-20,,
2009-10-21,,
2009-10-22,,
2009-10-23,,
2009-10-24,,
2009-10-25,,
2009-10-26,,
2009-10-27,,
2009-10-28,,
2009-10-29,,
2009-10-30,,
2009-10-31,,
2009-11-01,,
2009-11-02,,
2009-11-03,,
2009-11-04,,
2009-11-05,,
2009-11-06,,
2009-11-07,,
2009-11-08,,
2009-11-09,,
2009-11-10,,
2009-11-11,,
2009-11-12,,
2009-11-13,,
2009-11-14,,
2009-11-15,,
2009-11-16,,
2009-11-17,,
2009-11-18,,
2009-11-19,,
2009-11-20,,
2009-11-21,,
2009-11-22,,
2009-11-23,,
2009-11-24,,
2009-11-25,,
2009-11-26,,
2009-11-27,,
2009-11-28,,
2009-11-29,,
2009-11-30,,
2009-12-01,4.648,
2009-12-02,4.496,
2009-12-03,4.242,
2009-12-04,4.267,
2009-12-05,4.039,
2009-12-06,4.699,
2009-12-07,9.931,
2009-12-08,12.116,
2009-12-09,11.836,
2009-12-10,11.684,
2009-12-11,13.411,
2009-12-12,22.225,
2009-12-13,30.988,
2009-12-14,35.306,
2009-12-15,35.814,
2009-12-16,29.108,
2009-12-17,28.448,
2009-12-18,27.94,
2009-12-19,27.686,
2009-12-20,27.864,
2009-12-21,28.219,
2009-12-22,34.9,
2009-12-23,35.509,
2009-12-24,35.662,
2009-12-25,35.56,
2009-12-26,35.433,
2009-12-27,35.56,
2009-12-28,36.449,
2009-12-29,38.329,
2009-12-30,41.402,
2009-12-31,43.18,
2010-01-01,42.926,
2010-01-02,44.577,
2010-01-03,44.247,
2010-01-04,44.069,
2010-01-05,43.866,
2010-01-06,43.713,
2010-01-07,43.967,
2010-01-08,44.044,
2010-01-09,44.145,
2010-01-10,44.475,
2010-01-11,44.679,
2010-01-12,45.288,
2010-01-13,46.99,
2010-01-14,48.743,
2010-01-15,48.285,
2010-01-16,44.323,
2010-01-17,43.586,
2010-01-18,44.729,
2010-01-19,51.333,
2010-01-20,48.743,
2010-01-21,50.8,
2010-01-22,54.229,
2010-01-23,56.388,
2010-01-24,57.81,
2010-01-25,59.741,
2010-01-26,61.163,
2010-01-27,60.833,
2010-01-28,60.554,
2010-01-29,60.528,
2010-01-30,60.477,
2010-01-31,60.731,
2010-02-01,60.528,
2010-02-02,60.3,
2010-02-03,61.697,
2010-02-04,62.636,
2010-02-05,61.493,
2010-02-06,62.078,
2010-02-07,63.195,
2010-02-08,63.195,
2010-02-09,63.602,
2010-02-10,63.856,
2010-02-11,63.602,
2010-02-12,64.643,
2010-02-13,64.846,
2010-02-14,64.846,
2010-02-15,65.049,
2010-02-16,65.1,
2010-02-17,65.151,
2010-02-18,65.329,
2010-02-19,65.38,
2010-02-20,66.269,
2010-02-21,70.79,
2010-02-22,70.79,
2010-02-23,70.739,
2010-02-24,74.727,
2010-02-25,78.537,
2010-02-26,78.537,
2010-02-27,78.613,
2010-02-28,79.172,
2010-03-01,79.223,
2010-03-02,79.35,
2010-03-03,81.509,
2010-03-04,84.887,
2010-03-05,84.912,
2010-03-06,85.014,
2010-03-07,85.293,
2010-03-08,86.208,
2010-03-09,87.401,
2010-03-10,89.002,
2010-03-11,88.925,
2010-03-12,89.154,
2010-03-13,94.437,
2010-03-14,94.767,
2010-03-15,94.767,
2010-03-16,94.259,
2010-03-17,93.853,
2010-03-18,93.624,
2010-03-19,94.132,
2010-03-20,94.285,
2010-03-21,93.777,
2010-03-22,94.056,
2010-03-23,94.132,
2010-03-24,94.336,
2010-03-25,95.428,
2010-03-26,100.0,
2010-03-27,100.686,
2010-03-28,100.838,
2010-03-29,100.838,
2010-03-30,104.648,
2010-03-31,115.087,
2010-04-01,118.008,
2010-04-02,118.389,
2010-04-03,124.054,
2010-04-04,122.86,
2010-04-05,120.65,
2010-04-06,121.615,
2010-04-07,121.133,
2010-04-08,120.625,
2010-04-09,120.447,
2010-04-10,119.863,
2010-04-11,119.202,
2010-04-12,120.218,
2010-04-13,121.26,
2010-04-14,121.437,
2010-04-15,120.853,
2010-04-16,120.599,
2010-04-17,120.828,
2010-04-18,120.701,
2010-04-19,120.066,
2010-04-20,119.532,
2010-04-21,123.342,
2010-04-22,125.705,
2010-04-23,126.67,
2010-04-24,126.746,
2010-04-25,126.746,
2010-04-26,125.247,
2010-04-27,123.647,
2010-04-28,131.547,
2010-04-29,136.754,
2010-04-30,136.83,
2010-05-01,136.576,
2010-05-02,136.322,
2010-05-03,135.941,
2010-05-04,135.052,
2010-05-05,132.08,
2010-05-06,129.54,
2010-05-07,127.178,
2010-05-08,127.864,
2010-05-09,127.432,
2010-05-10,127.152,
2010-05-11,131.445,
2010-05-12,131.064,
2010-05-13,130.81,
2010-05-14,130.124,
2010-05-15,128.27,
2010-05-16,125.73,
2010-05-17,123.19,
2010-05-18,121.92,
2010-05-19,119.964,
2010-05-20,118.11,
2010-05-21,116.84,
2010-05-22,115.316,
2010-05-23,114.021,
2010-05-24,113.03,
2010-05-25,112.725,
2010-05-26,113.792,
2010-05-27,116.84,
2010-05-28,121.361,
2010-05-29,122.25,
2010-05-30,122.25,
2010-05-31,122.225,
2010-06-01,117.475,
2010-06-02,116.078,
2010-06-03,114.808,
2010-06-04,106.68,
2010-06-05,99.695,
2010-06-06,93.32,
2010-06-07,89.916,
2010-06-08,83.541,
2010-06-09,79.985,
2010-06-10,76.556,
2010-06-11,74.397,
2010-06-12,72.263,
2010-06-13,70.155,
2010-06-14,68.072,
2010-06-15,64.745,
2010-06-16,59.893,
2010-06-17,56.312,
2010-06-18,53.823,
2010-06-19,50.8,
2010-06-20,47.574,
2010-06-21,44.501,
2010-06-22,41.402,
2010-06-23,37.135,
2010-06-24,31.318,
2010-06-25,24.994,
2010-06-26,20.066,
2010-06-27,11.582,
2010-06-28,3.759,
2010-06-29,0.0,
2010-06-30,0.0,
2010-07-01,0.0,
2010-07-02,0.0,
2010-07-03,0.0,
2010-07-04,0.0,
2010-07-05,0.0,
2010-07-06,0.0,
2010-07-07,0.0,
2010-07-08,0.0,
2010-07-09,0.0,
2010-07-10,0.0,
2010-07-11,0.0,
2010-07-12,0.0,
2010-07-13,0.0,
2010-07-14,0.0,
2010-07-15,0.0,
2010-07-16,0.0,
2010-07-17,0.0,
2010-07-18,0.0,
2010-07-19,0.0,
2010-07-20,0.0,
2010-07-21,0.0,
2010-07-22,0.0,
2010-07-23,0.0,
2010-07-24,0.0,
2010-07-25,0.0,
2010-07-26,0.0,
2010-07-27,0.0,
2010-07-28,0.0,
2010-07-29,0.0,
2010-07-30,0.0,
2010-07-31,0.0,
2010-08-01,0.0,
2010-08-02,0.0,
2010-08-03,0.0,
2010-08-04,0.0,
2010-08-05,0.0,
2010-08-06,0.0,
2010-08-07,0.0,
2010-08-08,0.0,
2010-08-09,0.0,
2010-08-10,0.0,
2010-08-11,0.0,
2010-08-12,0.0,
2010-08-13,0.0,
2010-08-14,0.0,
2010-08-15,0.0,
2010-08-16,0.0,
2010-08-17,0.0,
2010-08-18,0.0,
2010-08-19,0.0,
2010-08-20,0.0,
2010-08-21,0.0,
2010-08-22,0.0,
2010-08-23,0.0,
2010-08-24,0.0,
2010-08-25,0.0,
2010-08-26,0.0,
2010-08-27,0.0,
2010-08-28,0.0,
2010-08-29,0.0,
2010-08-30,0.0,
2010-08-31,0.0,
2010-09-01,0.0,
2010-09-02,0.0,
2010-09-03,0.0,
2010-09-04,0.0,
2010-09-05,0.0,
2010-09-06,0.0,
2010-09-07,0.0,
2010-09-08,0.0,
2010-09-09,0.0,
2010-09-10,0.0,
2010-09-11,0.0,
2010-09-12,0.0,
2010-09-13,0.0,
2010-09-14,0.0,
2010-09-15,0.0,
2010-09-16,0.0,
2010-09-17,0.0,
2010-09-18,0.0,
2010-09-19,0.0,
2010-09-20,0.0,
2010-09-21,0.0,
2010-09-22,0.0,
2010-09-23,0.0,
2010-09-24,0.0,
2010-09-25,0.0,
2010-09-26,0.0,
2010-09-27,0.0,
2010-09-28,0.0,
2010-09-29,0.0,
2010-09-30,0.0,
2010-10-01,0.0,
2010-10-02,0.0,
2010-10-03,0.0,
2010-10-04,0.0,
2010-10-05,0.0,
2010-10-06,0.0,
2010-10-07,0.0,
2010-10-08,0.0,
2010-10-09,0.0,
2010-10-10,0.0,
2010-10-11,0.0,
2010-10-12,0.0,
2010-10-13,0.0,
2010-10-14,0.0,
2010-10-15,0.0,
2010-10-16,0.0,
2010-10-17,0.0,
2010-10-18,0.0,
2010-10-19,0.0,
2010-10-20,0.0,
2010-10-21,0.0,
2010-10-22,0.0,
2010-10-23,0.0,
2010-10-24,0.0,
2010-10-25,0.0,
2010-10-26,0.0,
2010-10-27,0.0,
2010-10-28,0.0,
2010-10-29,0.0,
2010-10-30,0.0,
2010-10-31,0.0,
2010-11-01,0.0,
2010-11-02,0.0,
2010-11-03,0.0,
2010-11-04,0.0,
2010-11-05,0.0,
2010-11-06,0.0,
2010-11-07,0.0,
2010-11-08,0.0,
2010-11-09,8.153,
2010-11-10,12.141,
2010-11-11,13.386,
2010-11-12,13.31,
2010-11-13,13.106,
2010-11-14,12.954,
2010-11-15,12.548,
2010-11-16,12.065,
2010-11-17,11.557,
2010-11-18,11.303,
2010-11-19,11.227,
2010-11-20,20.295,
2010-11-21,25.121,
2010-11-22,30.886,
2010-11-23,40.564,
2010-11-24,44.602,
2010-11-25,44.425,
2010-11-26,44.425,
2010-11-27,41.529,
2010-11-28,46.584,
2010-11-29,46.558,
2010-11-30,46.406,
2010-12-01,46.177,
2010-12-02,45.898,
2010-12-03,46.203,
2010-12-04,45.06,
2010-12-05,45.034,
2010-12-06,49.479,
2010-12-07,42.57,
2010-12-08,42.647,
2010-12-09,45.923,
2010-12-10,47.752,
2010-12-11,45.542,
2010-12-12,45.212,
2010-12-13,45.11,
2010-12-14,45.466,
2010-12-15,57.328,
2010-12-16,57.607,
2010-12-17,57.887,
2010-12-18,70.002,
2010-12-19,85.09,
2010-12-20,96.876,
2010-12-21,102.108,
2010-12-22,102.362,
2010-12-23,102.616,
2010-12-24,102.921,
2010-12-25,99.949,
2010-12-26,99.263,
2010-12-27,100.813,
2010-12-28,100.94,
2010-12-29,102.997,
2010-12-30,106.655,
2010-12-31,106.35,
2011-01-01,106.756,147.32
2011-01-02,109.372,142.24
2011-01-03,109.474,142.24
2011-01-04,109.576,142.24
2011-01-05,109.626,137.16
2011-01-06,109.398,137.16
2011-01-07,109.322,137.16
2011-01-08,109.525,137.16
2011-01-09,109.372,134.62
2011-01-10,109.245,132.08
2011-01-11,108.991,127.0
2011-01-12,108.763,129.54
2011-01-13,109.296,129.54
2011-01-14,111.1,132.08
2011-01-15,111.481,132.08
2011-01-16,111.506,127.0
2011-01-17,111.633,127.0
2011-01-18,111.811,124.46
2011-01-19,112.878,121.92
2011-01-20,112.522,121.92
2011-01-21,111.862,121.92
2011-01-22,111.76,119.38
2011-01-23,111.557,119.38
2011-01-24,111.049,116.84
2011-01-25,111.227,116.84
2011-01-26,110.947,116.84
2011-01-27,93.218,114.3
2011-01-28,93.193,114.3
2011-01-29,93.116,114.3
2011-01-30,95.199,132.08
2011-01-31,96.901,137.16
2011-02-01,97.028,137.16
2011-02-02,96.825,129.54
2011-02-03,96.495,127.0
2011-02-04,96.317,124.46
2011-02-05,96.114,124.46
2011-02-06,95.783,121.92
2011-02-07,95.529,121.92
2011-02-08,95.199,121.92
2011-02-09,95.25,119.38
2011-02-10,95.682,119.38
2011-02-11,95.961,119.38
2011-02-12,96.037,119.38
2011-02-13,95.758,116.84
2011-02-14,94.869,114.3
2011-02-15,94.691,111.76
2011-02-16,96.012,114.3
2011-02-17,107.01,
2011-02-18,113.309,226.06
2011-02-19,116.688,
2011-02-20,117.932,220.98
2011-02-21,116.484,203.2
2011-02-22,115.9,200.66
2011-02-23,115.646,195.58
2011-02-24,116.053,193.04
2011-02-25,120.777,195.58
2011-02-26,130.404,228.6
2011-02-27,130.734,220.98
2011-02-28,129.642,210.82
2011-03-01,129.108,215.9
2011-03-02,127.584,205.74
2011-03-03,136.804,231.14
2011-03-04,138.659,228.6
2011-03-05,137.643,215.9
2011-03-06,137.82,213.36
2011-03-07,143.459,248.92
2011-03-08,145.059,243.84
2011-03-09,145.237,238.76
2011-03-10,144.78,236.22
2011-03-11,144.399,231.14
2011-03-12,144.196,228.6
2011-03-13,144.272,226.06
2011-03-14,148.311,241.3
2011-03-15,153.695,261.62
2011-03-16,159.512,
2011-03-17,161.29,297.18
2011-03-18,162.052,274.32
2011-03-19,161.595,
2011-03-20,162.56,
2011-03-21,165.1,279.4
2011-03-22,167.03,304.8
2011-03-23,166.649,299.72
2011-03-24,168.097,
2011-03-25,168.402,269.24
2011-03-26,169.088,289.56
2011-03-27,171.45,266.7
2011-03-28,171.882,266.7
2011-03-29,171.882,261.62
2011-03-30,171.653,256.54
2011-03-31,170.84,254.0
2011-04-01,169.901,248.92
2011-04-02,168.961,238.76
2011-04-03,167.919,233.68
2011-04-04,167.284,231.14
2011-04-05,166.37,226.06
2011-04-06,166.395,223.52
2011-04-07,166.395,220.98
2011-04-08,169.697,
2011-04-09,170.028,243.84
2011-04-10,170.383,241.3
2011-04-11,170.383,238.76
2011-04-12,170.459,233.68
2011-04-13,170.485,226.06
2011-04-14,171.729,218.44
2011-04-15,171.882,226.06
2011-04-16,171.272,223.52
2011-04-17,172.72,218.44
2011-04-18,173.99,
2011-04-19,175.26,218.44
2011-04-20,175.26,213.36
2011-04-21,175.26,
2011-04-22,175.895,218.44
2011-04-23,176.53,223.52
2011-04-24,176.53,
2011-04-25,177.038,
2011-04-26,178.054,
2011-04-27,176.53,246.38
2011-04-28,174.625,238.76
2011-04-29,173.355,233.68
2011-04-30,171.45,233.68
2011-05-01,169.545,233.68
2011-05-02,167.64,231.14
2011-05-03,165.735,228.6
2011-05-04,163.83,223.52
2011-05-05,161.925,218.44
2011-05-06,160.02,213.36
2011-05-07,157.836,203.2
2011-05-08,156.591,198.12
2011-05-09,156.667,195.58
2011-05-10,157.48,193.04
2011-05-11,157.48,198.12
2011-05-12,158.445,190.5
2011-05-13,159.004,185.42
2011-05-14,159.512,177.8
2011-05-15,159.004,25.4
2011-05-16,158.496,-27.94
2011-05-17,158.115,116.84
2011-05-18,163.093,193.04
2011-05-19,164.897,116.84
2011-05-20,165.786,193.04
2011-05-21,165.456,182.88
2011-05-22,165.532,182.88
2011-05-23,164.516,190.5
2011-05-24,163.576,190.5
2011-05-25,160.858,193.04
2011-05-26,162.535,218.44
2011-05-27,164.516,218.44
2011-05-28,166.091,203.2
2011-05-29,169.799,226.06
2011-05-30,170.51,256.54
2011-05-31,170.866,195.58
2011-06-01,,177.8
2011-06-02,,
2011-06-03,,248.92
2011-06-04,,226.06
2011-06-05,,226.06
2011-06-06,,
2011-06-07,,218.44
2011-06-08,,243.84
2011-06-09,,256.54
2011-06-10,,248.92
2011-06-11,,259.08
2011-06-12,,259.08
2011-06-13,,256.54
2011-06-14,,256.54
2011-06-15,,248.92
2011-06-16,,243.84
2011-06-17,,251.46
2011-06-18,,256.54
2011-06-19,,236.22
2011-06-20,,251.46
2011-06-21,,243.84
2011-06-22,,248.92
2011-06-23,,48.26
2011-06-24,,210.82
2011-06-25,,256.54
2011-06-26,,256.54
2011-06-27,,104.14
2011-06-28,,287.02
2011-06-29,,317.5
2011-06-30,,345.44
2011-07-01,,345.44
2011-07-02,,345.44
2011-07-03,,345.44
2011-07-04,,345.44
2011-07-05,,345.44
2011-07-06,,345.44
2011-07-07,,345.44
2011-07-08,,345.44
2011-07-09,,345.44
2011-07-10,,345.44
2011-07-11,,345.44
2011-07-12,,345.44
2011-07-13,,345.44
2011-07-14,,
2011-07-15,,
2011-07-16,,
2011-07-17,,
2011-07-18,,
2011-07-19,,
2011-07-20,,
2011-07-21,,
2011-07-22,,
2011-07-23,,
2011-07-24,,
2011-07-25,,
2011-07-26,,
2011-07-27,,
2011-07-28,,
2011-07-29,,
2011-07-30,,
2011-07-31,,
2011-08-01,,
2011-08-02,,
2011-08-03,,
2011-08-04,,
2011-08-05,,
2011-08-06,,
2011-08-07,,
2011-08-08,,
2011-08-09,,
2011-08-10,,
2011-08-11,,
2011-08-12,,
2011-08-13,,
2011-08-14,,
2011-08-15,,
2011-08-16,,
2011-08-17,,
2011-08-18,,
2011-08-19,,
2011-08-20,,
2011-08-21,,
2011-08-22,,
2011-08-23,,
2011-08-24,,
2011-08-25,,
2011-08-26,,
2011-08-27,,
2011-08-28,,
2011-08-29,,
2011-08-30,,
2011-08-31,,
2011-09-01,,
2011-09-02,,
2011-09-03,,
2011-09-04,,
2011-09-05,,
2011-09-06,,
2011-09-07,,
2011-09-08,,
2011-09-09,,
2011-09-10,,
2011-09-11,,
2011-09-12,,
2011-09-13,,
2011-09-14,,
2011-09-15,,
2011-09-16,,
2011-09-17,,
2011-09-18,,
2011-09-19,,
2011-09-20,,
2011-09-21,,
2011-09-22,,
2011-09-23,,
2011-09-24,,
2011-09-25,,
2011-09-26,,
2011-09-27,,
2011-09-28,,
2011-09-29,,
2011-09-30,,
2011-10-01,0.0,
2011-10-02,0.0,
2011-10-03,0.0,
2011-10-04,0.0,
2011-10-05,1.245,
2011-10-06,1.194,
2011-10-07,0.737,
2011-10-08,0.533,
2011-10-09,0.381,
2011-10-10,0.076,
2011-10-11,0.051,
2011-10-12,0.0,
2011-10-13,0.0,
2011-10-14,0.0,
2011-10-15,0.0,
2011-10-16,0.0,
2011-10-17,0.0,
2011-10-18,0.0,
2011-10-19,0.0,
2011-10-20,0.0,
2011-10-21,0.0,
2011-10-22,0.0,
2011-10-23,0.0,
2011-10-24,0.0,
2011-10-25,0.0,
2011-10-26,0.0,
2011-10-27,0.0,
2011-10-28,0.0,
2011-10-29,0.0,
2011-10-30,0.0,
2011-10-31,0.0,
2011-11-01,0.0,-208.28
2011-11-02,0.0,
2011-11-03,0.0,
2011-11-04,0.0,
2011-11-05,0.0,
2011-11-06,0.356,
2011-11-07,0.254,
2011-11-08,0.102,
2011-11-09,0.127,
2011-11-10,0.152,
2011-11-11,0.102,
2011-11-12,0.076,
2011-11-13,0.152,
2011-11-14,0.152,
2011-11-15,0.102,
2011-11-16,0.102,
2011-11-17,0.076,
2011-11-18,0.279,
2011-11-19,0.762,
2011-11-20,0.559,
2011-11-21,0.432,
2011-11-22,0.203,
2011-11-23,0.0,
2011-11-24,0.0,
2011-11-25,0.0,
2011-11-26,0.0,
2011-11-27,0.0,
2011-11-28,0.0,
2011-11-29,0.0,
2011-11-30,0.0,
2011-12-01,0.0,
2011-12-02,0.483,
2011-12-03,0.279,
2011-12-04,0.432,
2011-12-05,0.254,
2011-12-06,0.229,
2011-12-07,0.229,
2011-12-08,0.203,
2011-12-09,0.203,
2011-12-10,0.178,
2011-12-11,0.051,
2011-12-12,0.0,
2011-12-13,0.0,
2011-12-14,0.0,
2011-12-15,0.0,
2011-12-16,0.0,
2011-12-17,0.0,
2011-12-18,0.0,
2011-12-19,0.0,
2011-12-20,0.0,
2011-12-21,0.0,
2011-12-22,0.0,
2011-12-23,0.0,
2011-12-24,0.0,
2011-12-25,0.0,
2011-12-26,0.0,
2011-12-27,0.0,
2011-12-28,0.0,
2011-12-29,0.0,
2011-12-30,0.0,
2011-12-31,0.0,
2012-01-01,0.0,
2012-01-02,0.0,
2012-01-03,0.0,
2012-01-04,0.0,
2012-01-05,0.0,
2012-01-06,0.0,
2012-01-07,0.0,
2012-01-08,0.0,
2012-01-09,0.0,
2012-01-10,,
2012-01-11,,
2012-01-12,,
2012-01-13,,
2012-01-14,,
2012-01-15,,
2012-01-16,,
2012-01-17,,
2012-01-18,,
2012-01-19,,
2012-01-20,,
2012-01-21,,266.7
2012-01-22,,271.78
2012-01-23,,259.08
2012-01-24,,276.86
2012-01-25,,
2012-01-26,,
2012-01-27,,
2012-01-28,,
2012-01-29,,
2012-01-30,,
2012-01-31,,
2012-02-01,,
2012-02-02,,
2012-02-03,,
2012-02-04,,
2012-02-05,,
2012-02-06,,
2012-02-07,,
2012-02-08,,
2012-02-09,,
2012-02-10,,
2012-02-11,,
2012-02-12,,
2012-02-13,,
2012-02-14,,
2012-02-15,,
2012-02-16,,
2012-02-17,,
2012-02-18,,
2012-02-19,,
2012-02-20,,
2012-02-21,,
2012-02-22,,
2012-02-23,,
2012-02-24,,
2012-02-25,,
2012-02-26,,
2012-02-27,,
2012-02-28,,
2012-02-29,,
2012-03-01,,
2012-03-02,,
2012-03-03,,
2012-03-04,,
2012-03-05,,
2012-03-06,,
2012-03-07,,
2012-03-08,,
2012-03-09,,
2012-03-10,,
2012-03-11,,
2012-03-12,,
2012-03-13,,
2012-03-14,,
2012-03-15,,
2012-03-16,,
2012-03-17,,
2012-03-18,,
2012-03-19,,
2012-03-20,,
2012-03-21,,
2012-03-22,,464.82
2012-03-23,,447.04
2012-03-24,,452.12
2012-03-25,,444.5
2012-03-26,,477.52
2012-03-27,,
2012-03-28,,482.6
2012-03-29,,480.06
2012-03-30,,454.66
2012-03-31,,472.44
2012-04-01,,472.44
2012-04-02,,469.9
2012-04-03,,441.96
2012-04-04,,256.54
2012-04-05,,452.12
2012-04-06,,439.42
2012-04-07,,467.36
2012-04-08,,469.9
2012-04-09,,469.9
2012-04-10,,474.98
2012-04-11,,401.32
2012-04-12,,472.44
2012-04-13,,454.66
2012-04-14,,467.36
2012-04-15,,469.9
2012-04-16,,464.82
2012-04-17,,467.36
2012-04-18,,467.36
2012-04-19,,439.42
2012-04-20,,459.74
2012-04-21,,464.82
2012-04-22,,464.82
2012-04-23,,469.9
2012-04-24,,447.04
2012-04-25,,378.46
2012-04-26,,358.14
2012-04-27,,436.88
2012-04-28,,452.12
2012-04-29,,424.18
2012-04-30,,355.6
2012-05-01,,304.8
2012-05-02,,480.06
2012-05-03,,480.06
2012-05-04,,472.44
2012-05-05,,482.6
2012-05-06,,482.6
2012-05-07,,482.6
2012-05-08,,482.6
2012-05-09,,482.6
2012-05-10,,480.06
2012-05-11,,482.6
2012-05-12,,482.6
2012-05-13,,482.6
2012-05-14,,482.6
2012-05-15,,482.6
2012-05-16,,482.6
2012-05-17,,482.6
2012-05-18,,482.6
2012-05-19,,482.6
2012-05-20,,482.6
2012-05-21,,482.6
2012-05-22,,482.6
2012-05-23,,482.6
2012-05-24,,482.6
2012-05-25,,360.68
2012-05-26,,441.96
2012-05-27,,292.1
2012-05-28,,480.06
2012-05-29,,482.6
2012-05-30,,482.6
2012-05-31,,482.6
2012-06-01,,482.6
2012-06-02,,482.6
2012-06-03,,482.6
2012-06-04,,482.6
2012-06-05,,477.52
2012-06-06,,480.06
2012-06-07,,480.06
2012-06-08,,480.06
2012-06-09,,480.06
2012-06-10,,480.06
2012-06-11,,482.6
2012-06-12,,482.6
2012-06-13,,482.6
2012-06-14,,482.6
2012-06-15,,482.6
2012-06-16,,482.6
2012-06-17,,482.6
2012-06-18,,482.6
2012-06-19,,482.6
2012-06-20,,482.6
2012-06-21,,482.6
2012-06-22,,482.6
2012-06-23,,149.86
2012-06-24,,472.44
2012-06-25,,480.06
2012-06-26,,477.52
2012-06-27,,477.52
2012-06-28,,477.52
2012-06-29,,477.52
2012-06-30,,477.52
2012-07-01,,477.52
2012-07-02,,480.06
2012-07-03,,480.06
2012-07-04,,480.06
2012-07-05,,480.06
2012-07-06,,480.06
2012-07-07,,480.06
2012-07-08,,480.06
2012-07-09,,480.06
2012-07-10,,480.06
2012-07-11,,480.06
2012-07-12,,480.06
2012-07-13,,480.06
2012-07-14,,480.06
2012-07-15,,480.06
2012-07-16,,480.06
2012-07-17,,480.06
2012-07-18,,480.06
2012-07-19,,480.06
2012-07-20,,480.06
2012-07-21,,480.06
2012-07-22,,480.06
2012-07-23,,480.06
2012-07-24,,477.52
2012-07-25,,477.52
2012-07-26,,477.52
2012-07-27,,477.52
2012-07-28,,477.52
2012-07-29,,477.52
2012-07-30,,477.52
2012-07-31,,477.52
2012-08-01,,477.52
2012-08-02,,
2012-08-03,,
2012-08-04,,
2012-08-05,,
2012-08-06,,
2012-08-07,,
2012-08-08,,
2012-08-09,,477.52
2012-08-10,,
2012-08-11,,
2012-08-12,,
2012-08-13,,
2012-08-14,,
2012-08-15,,
2012-08-16,,
2012-08-17,,
2012-08-18,,
2012-08-19,,
2012-08-20,,
2012-08-21,,
2012-08-22,,
2012-08-23,,
2012-08-24,,
2012-08-25,,
2012-08-26,,
2012-08-27,,
2012-08-28,,
2012-08-29,,
2012-08-30,,
2012-08-31,,
2012-09-01,,
2012-09-02,,
2012-09-03,,
2012-09-04,,
2012-09-05,,
2012-09-06,,
2012-09-07,,
2012-09-08,,
2012-09-09,,
2012-09-10,,
2012-09-11,,
2012-09-12,,
2012-09-13,,
2012-09-14,,
2012-09-15,,
2012-09-16,,
2012-09-17,,
2012-09-18,,
2012-09-19,,
2012-09-20,,
2012-09-21,,
2012-09-22,,
2012-09-23,,
2012-09-24,,
2012-09-25,,
2012-09-26,,
2012-09-27,,
2012-09-28,,
2012-09-29,,
2012-09-30,,
2012-10-01,0.0,
2012-10-02,0.0,
2012-10-03,0.0,
2012-10-04,0.0,482.6
2012-10-05,0.0,482.6
2012-10-06,0.0,482.6
2012-10-07,0.0,482.6
2012-10-08,0.0,482.6
2012-10-09,0.0,482.6
2012-10-10,0.0,482.6
2012-10-11,0.0,482.6
2012-10-12,0.0,482.6
2012-10-13,0.0,
2012-10-14,0.0,
2012-10-15,0.0,
2012-10-16,0.0,
2012-10-17,0.0,
2012-10-18,0.0,
2012-10-19,0.0,
2012-10-20,0.0,0.0
2012-10-21,0.0,0.0
2012-10-22,0.0,0.0
2012-10-23,0.0,0.0
2012-10-24,0.025,0.0
2012-10-25,2.87,0.0
2012-10-26,2.667,0.0
2012-10-27,0.991,0.0
2012-10-28,2.337,0.0
2012-10-29,1.168,0.0
2012-10-30,0.66,0.0
2012-10-31,0.229,0.0
2012-11-01,0.051,0.0
2012-11-02,1.956,0.0
2012-11-03,1.321,0.0
2012-11-04,1.422,0.0
2012-11-05,0.94,0.0
2012-11-06,0.813,0.0
2012-11-07,0.635,0.0
2012-11-08,0.965,0.0
2012-11-09,2.819,0.0
2012-11-10,3.683,0.0
2012-11-11,4.14,0.0
2012-11-12,3.759,0.0
2012-11-13,3.378,0.0
2012-11-14,2.794,0.0
2012-11-15,2.337,0.0
2012-11-16,1.905,0.0
2012-11-17,2.845,0.0
2012-11-18,8.712,0.0
2012-11-19,13.741,0.0
2012-11-20,13.843,0.0
2012-11-21,13.97,0.0
2012-11-22,13.995,0.0
2012-11-23,12.598,0.0
2012-11-24,11.938,0.0
2012-11-25,11.43,0.0
2012-11-26,10.617,0.0
2012-11-27,9.169,0.0
2012-11-28,8.23,0.0
2012-11-29,10.846,0.0
2012-11-30,13.386,0.0
2012-12-01,25.832,0.0
2012-12-02,30.632,0.0
2012-12-03,37.033,0.0
2012-12-04,36.195,0.0
2012-12-05,38.43,0.0
2012-12-06,40.97,0.0
2012-12-07,39.395,0.0
2012-12-08,38.049,0.0
2012-12-09,36.347,0.0
2012-12-10,34.823,0.0
2012-12-11,33.249,0.0
2012-12-12,32.842,0.0
2012-12-13,33.553,0.0
2012-12-14,31.293,0.0
2012-12-15,29.286,0.0
2012-12-16,27.203,0.0
2012-12-17,27.94,0.0
2012-12-18,28.702,0.0
2012-12-19,29.21,0.0
2012-12-20,30.455,0.0
2012-12-21,29.718,0.0
2012-12-22,28.956,0.0
2012-12-23,28.626,0.0
2012-12-24,32.131,0.0
2012-12-25,32.233,0.0
2012-12-26,34.595,0.0
2012-12-27,38.1,0.0
2012-12-28,38.049,0.0
2012-12-29,37.821,0.0
2012-12-30,37.795,0.0
2012-12-31,37.744,0.0
2013-01-01,37.643,0.0
2013-01-02,37.338,0.0
2013-01-03,37.49,0.0
2013-01-04,37.846,0.0
2013-01-05,38.354,0.0
2013-01-06,39.192,0.0
2013-01-07,40.767,0.0
2013-01-08,41.707,0.0
2013-01-09,42.164,0.0
2013-01-10,42.672,0.0
2013-01-11,43.459,0.0
2013-01-12,44.018,0.0
2013-01-13,44.374,0.0
2013-01-14,44.069,0.0
2013-01-15,43.79,0.0
2013-01-16,43.637,0.0
2013-01-17,44.298,0.0
2013-01-18,44.425,0.0
2013-01-19,44.653,0.0
2013-01-20,45.034,0.0
2013-01-21,45.06,0.0
2013-01-22,44.425,0.0
2013-01-23,43.739,0.0
2013-01-24,40.361,0.0
2013-01-25,40.386,0.0
2013-01-26,40.615,0.0
2013-01-27,42.189,0.0
2013-01-28,45.161,0.0
2013-01-29,47.092,0.0
2013-01-30,49.098,0.0
2013-01-31,50.927,0.0
2013-02-01,51.562,0.0
2013-02-02,51.511,0.0
2013-02-03,50.902,0.0
2013-02-04,50.038,0.0
2013-02-05,48.895,0.0
2013-02-06,47.193,0.0
2013-02-07,45.745,0.0
2013-02-08,45.695,0.0
2013-02-09,45.161,0.0
2013-02-10,43.917,0.0
2013-02-11,43.002,0.0
2013-02-12,41.783,0.0
2013-02-13,40.919,0.0
2013-02-14,40.792,0.0
2013-02-15,40.462,0.0
2013-02-16,40.056,0.0
2013-02-17,40.157,0.0
2013-02-18,40.335,0.0
2013-02-19,40.665,0.0
2013-02-20,41.859,0.0
2013-02-21,42.012,0.0
2013-02-22,42.469,0.0
2013-02-23,43.129,0.0
2013-02-24,43.764,0.0
2013-02-25,44.12,0.0
2013-02-26,44.78,0.0
2013-02-27,45.11,0.0
2013-02-28,45.923,0.0
2013-03-01,45.39,0.0
2013-03-02,43.383,0.0
2013-03-03,44.221,0.0
2013-03-04,46.355,0.0
2013-03-05,47.777,0.0
2013-03-06,49.149,0.0
2013-03-07,52.375,0.0
2013-03-08,55.499,0.0
2013-03-09,57.404,0.0
2013-03-10,58.725,0.0
2013-03-11,59.131,0.0
2013-03-12,59.182,0.0
2013-03-13,57.836,0.0
2013-03-14,56.896,0.0
2013-03-15,57.48,0.0
2013-03-16,59.995,0.0
2013-03-17,61.951,0.0
2013-03-18,63.373,0.0
2013-03-19,64.567,0.0
2013-03-20,68.174,0.0
2013-03-21,69.494,0.0
2013-03-22,70.637,0.0
2013-03-23,70.282,0.0
2013-03-24,69.571,0.0
2013-03-25,68.783,0.0
2013-03-26,67.666,0.0
2013-03-27,67.412,0.0
2013-03-28,67.132,0.0
2013-03-29,67.183,0.0
2013-03-30,65.811,0.0
2013-03-31,66.446,0.0
2013-04-01,69.063,0.0
2013-04-02,70.561,0.0
2013-04-03,70.485,0.0
2013-04-04,69.545,0.0
2013-04-05,71.171,0.0
2013-04-06,71.577,0.0
2013-04-07,71.653,0.0
2013-04-08,73.508,0.0
2013-04-09,73.279,0.0
2013-04-10,72.39,0.0
2013-04-11,71.171,0.0
2013-04-12,70.714,0.0
2013-04-13,71.73,0.0
2013-04-14,72.339,0.0
2013-04-15,73.482,0.0
2013-04-16,75.641,0.0
2013-04-17,75.133,0.0
2013-04-18,74.727,0.0
2013-04-19,74.6,0.0
2013-04-20,73.609,0.0
2013-04-21,74.041,0.0
2013-04-22,74.651,0.0
2013-04-23,75.413,0.0
2013-04-24,75.057,0.0
2013-04-25,74.219,0.0
2013-04-26,73.203,0.0
2013-04-27,71.907,0.0
2013-04-28,70.307,0.0
2013-04-29,68.123,0.0
2013-04-30,65.659,0.0
2013-05-01,63.449,0.0
2013-05-02,60.376,0.0
2013-05-03,58.445,0.0
2013-05-04,56.159,0.0
2013-05-05,53.035,0.0
2013-05-06,51.46,0.0
2013-05-07,51.74,0.0
2013-05-08,52.299,0.0
2013-05-09,51.765,0.0
2013-05-10,50.724,0.0
2013-05-11,48.26,0.0
2013-05-12,45.212,0.0
2013-05-13,41.605,0.0
2013-05-14,36.957,0.0
2013-05-15,32.918,0.0
2013-05-16,28.575,0.0
2013-05-17,28.626,0.0
2013-05-18,27.889,0.0
2013-05-19,25.07,0.0
2013-05-20,21.895,0.0
2013-05-21,18.288,0.0
2013-05-22,14.351,0.0
2013-05-23,11.405,0.0
2013-05-24,9.22,0.0
2013-05-25,6.401,0.0
2013-05-26,3.505,0.0
2013-05-27,0.0,0.0
2013-05-28,0.0,0.0
2013-05-29,0.0,0.0
2013-05-30,0.0,0.0
2013-05-31,0.0,0.0
2013-06-01,0.0,0.0
2013-06-02,0.0,0.0
2013-06-03,0.0,0.0
2013-06-04,0.0,0.0
2013-06-05,0.0,0.0
2013-06-06,0.0,0.0
2013-06-07,0.0,0.0
2013-06-08,0.0,0.0
2013-06-09,0.0,0.0
2013-06-10,0.0,0.0
2013-06-11,0.0,0.0
2013-06-12,0.0,0.0
2013-06-13,0.0,0.0
2013-06-14,0.0,0.0
2013-06-15,0.0,0.0
2013-06-16,0.0,0.0
2013-06-17,0.0,0.0
2013-06-18,0.0,0.0
2013-06-19,0.0,0.0
2013-06-20,0.0,0.0
2013-06-21,0.0,0.0
2013-06-22,0.0,0.0
2013-06-23,0.0,0.0
2013-06-24,0.0,0.0
2013-06-25,0.0,0.0
2013-06-26,0.0,0.0
2013-06-27,0.0,0.0
2013-06-28,0.0,0.0
2013-06-29,0.0,0.0
2013-06-30,0.0,0.0
2013-07-01,0.0,0.0
2013-07-02,0.0,0.0
2013-07-03,0.0,0.0
2013-07-04,0.0,0.0
2013-07-05,0.0,0.0
2013-07-06,0.0,0.0
2013-07-07,0.0,0.0
2013-07-08,0.0,0.0
2013-07-09,0.0,0.0
2013-07-10,0.0,0.0
2013-07-11,0.0,0.0
2013-07-12,0.0,0.0
2013-07-13,0.0,0.0
2013-07-14,0.0,0.0
2013-07-15,0.0,0.0
2013-07-16,0.0,0.0
2013-07-17,0.0,0.0
2013-07-18,0.0,0.0
2013-07-19,0.0,0.0
2013-07-20,0.0,0.0
2013-07-21,0.0,0.0
2013-07-22,0.0,0.0
2013-07-23,0.0,0.0
2013-07-24,0.0,0.0
2013-07-25,0.0,0.0
2013-07-26,0.0,0.0
2013-07-27,0.0,0.0
2013-07-28,0.0,0.0
2013-07-29,0.0,0.0
2013-07-30,0.0,0.0
2013-07-31,0.0,0.0
2013-08-01,0.0,0.0
2013-08-02,0.0,0.0
2013-08-03,0.0,0.0
2013-08-04,0.0,0.0
2013-08-05,0.0,0.0
2013-08-06,0.0,0.0
2013-08-07,0.0,0.0
2013-08-08,0.0,0.0
2013-08-09,0.0,0.0
2013-08-10,0.0,0.0
2013-08-11,0.0,0.0
2013-08-12,0.0,0.0
2013-08-13,0.0,0.0
2013-08-14,0.0,0.0
2013-08-15,0.0,0.0
2013-08-16,0.0,0.0
2013-08-17,0.0,0.0
2013-08-18,0.0,0.0
2013-08-19,0.0,0.0
2013-08-20,0.0,0.0
2013-08-21,0.0,0.0
2013-08-22,0.0,0.0
2013-08-23,0.0,0.0
2013-08-24,0.0,0.0
2013-08-25,0.0,0.0
2013-08-26,0.0,0.0
2013-08-27,0.0,0.0
2013-08-28,0.0,0.0
2013-08-29,0.0,0.0
2013-08-30,0.0,0.0
2013-08-31,0.0,0.0
2013-09-01,0.0,0.0
2013-09-02,0.0,0.0
2013-09-03,0.0,0.0
2013-09-04,0.0,0.0
2013-09-05,0.0,0.0
2013-09-06,0.0,0.0
2013-09-07,0.0,0.0
2013-09-08,0.0,0.0
2013-09-09,0.0,0.0
2013-09-10,0.0,0.0
2013-09-11,0.0,0.0
2013-09-12,0.0,0.0
2013-09-13,0.0,0.0
2013-09-14,0.0,0.0
2013-09-15,0.0,0.0
2013-09-16,0.0,0.0
2013-09-17,0.0,0.0
2013-09-18,0.0,0.0
2013-09-19,0.0,0.0
2013-09-20,0.0,0.0
2013-09-21,0.0,0.0
2013-09-22,0.0,0.0
2013-09-23,0.0,0.0
2013-09-24,0.0,0.0
2013-09-25,0.0,0.0
2013-09-26,0.0,0.0
2013-09-27,0.0,0.0
2013-09-28,0.0,0.0
2013-09-29,0.0,0.0
2013-09-30,0.0,0.0
2013-10-01,0.0,0.0
2013-10-02,0.0,0.0
2013-10-03,0.0,0.0
2013-10-04,0.0,0.0
2013-10-05,0.0,0.0
2013-10-06,0.0,0.0
2013-10-07,0.0,0.0
2013-10-08,0.0,0.0
2013-10-09,0.0,0.0
2013-10-10,0.0,0.0
2013-10-11,0.0,0.0
2013-10-12,0.0,0.0
2013-10-13,0.0,0.0
2013-10-14,0.0,0.0
2013-10-15,0.0,0.0
2013-10-16,0.0,0.0
2013-10-17,0.0,0.0
2013-10-18,0.0,0.0
2013-10-19,0.0,0.0
2013-10-20,0.0,0.0
2013-10-21,0.0,0.0
2013-10-22,0.66,406.4
2013-10-23,0.66,0.0
2013-10-24,0.0,0.0
2013-10-25,0.0,0.0
2013-10-26,0.0,0.0
2013-10-27,0.0,0.0
2013-10-28,0.0,0.0
2013-10-29,0.0,0.0
2013-10-30,6.248,434.34
2013-10-31,5.893,398.78
2013-11-01,5.359,398.78
2013-11-02,5.207,398.78
2013-11-03,4.521,480.06
2013-11-04,4.039,469.9
2013-11-05,4.166,469.9
2013-11-06,0.0,0.0
2013-11-07,0.0,0.0
2013-11-08,0.0,0.0
2013-11-09,0.0,0.0
2013-11-10,0.0,0.0
2013-11-11,0.0,0.0
2013-11-12,0.0,0.0
2013-11-13,0.0,0.0
2013-11-14,0.0,0.0
2013-11-15,0.0,0.0
2013-11-16,0.0,0.0
2013-11-17,0.0,0.0
2013-11-18,0.0,0.0
2013-11-19,1.016,0.0
2013-11-20,3.277,0.0
2013-11-21,5.512,0.0
2013-11-22,5.842,0.0
2013-11-23,4.978,0.0
2013-11-24,4.953,0.0
2013-11-25,4.902,0.0
2013-11-26,4.75,0.0
2013-11-27,4.851,0.0
2013-11-28,4.623,0.0
2013-11-29,4.648,0.0
2013-11-30,5.334,0.0
2013-12-01,5.664,0.0
2013-12-02,5.232,0.0
2013-12-03,5.817,0.0
2013-12-04,7.569,0.0
2013-12-05,7.442,0.0
2013-12-06,7.747,0.0
2013-12-07,17.831,0.0
2013-12-08,19.406,0.0
2013-12-09,19.304,0.0
2013-12-10,19.202,0.0
2013-12-11,19.025,0.0
2013-12-12,18.923,0.0
2013-12-13,18.669,0.0
2013-12-14,18.44,0.0
2013-12-15,18.186,0.0
2013-12-16,18.212,0.0
2013-12-17,18.11,0.0
2013-12-18,18.212,0.0
2013-12-19,18.288,0.0
2013-12-20,17.78,0.0
2013-12-21,18.872,0.0
2013-12-22,18.644,0.0
2013-12-23,18.669,0.0
2013-12-24,18.415,0.0
2013-12-25,18.161,0.0
2013-12-26,17.805,0.0
2013-12-27,17.577,0.0
2013-12-28,17.577,0.0
2013-12-29,17.501,0.0
2013-12-30,17.501,0.0
2013-12-31,17.424,0.0
2014-01-01,17.755,0.0
2014-01-02,17.526,0.0
2014-01-03,17.526,0.0
2014-01-04,17.526,0.0
2014-01-05,17.602,0.0
2014-01-06,17.272,0.0
2014-01-07,17.272,0.0
2014-01-08,17.704,0.0
2014-01-09,17.932,0.0
2014-01-10,18.161,0.0
2014-01-11,18.237,0.0
2014-01-12,21.819,0.0
2014-01-13,21.844,0.0
2014-01-14,21.285,0.0
2014-01-15,20.853,0.0
2014-01-16,20.549,0.0
2014-01-17,20.574,0.0
2014-01-18,20.523,0.0
2014-01-19,20.625,0.0
2014-01-20,20.345,0.0
2014-01-21,20.066,0.0
2014-01-22,19.964,0.0
2014-01-23,19.71,0.0
2014-01-24,19.558,0.0
2014-01-25,19.558,0.0
2014-01-26,19.558,0.0
2014-01-27,19.558,0.0
2014-01-28,19.558,0.0
2014-01-29,20.701,0.0
2014-01-30,26.67,0.0
2014-01-31,32.385,0.0
2014-02-01,32.918,0.0
2014-02-02,32.842,0.0
2014-02-03,33.807,0.0
2014-02-04,33.884,0.0
2014-02-05,33.655,0.0
2014-02-06,34.366,0.0
2014-02-07,37.871,0.0
2014-02-08,43.307,0.0
2014-02-09,58.217,0.0
2014-02-10,73.508,0.0
2014-02-11,73.838,0.0
2014-02-12,73.762,0.0
2014-02-13,73.99,0.0
2014-02-14,74.574,0.0
2014-02-15,74.727,0.0
2014-02-16,76.886,0.0
2014-02-17,77.495,0.0
2014-02-18,77.724,0.0
2014-02-19,78.384,0.0
2014-02-20,79.4,0.0
2014-02-21,79.756,0.0
2014-02-22,79.959,0.0
2014-02-23,80.01,0.0
2014-02-24,80.188,0.0
2014-02-25,80.823,0.0
2014-02-26,80.467,0.0
2014-02-27,84.607,0.0
2014-02-28,88.341,0.0
2014-03-01,88.24,0.0
2014-03-02,88.621,0.0
2014-03-03,90.119,0.0
2014-03-04,91.44,0.0
2014-03-05,95.25,0.0
2014-03-06,100.279,0.0
2014-03-07,100.711,0.0
2014-03-08,100.381,0.0
2014-03-09,100.381,0.0
2014-03-10,100.584,0.0
2014-03-11,102.108,0.0
2014-03-12,102.26,0.0
2014-03-13,102.362,0.0
2014-03-14,102.692,0.0
2014-03-15,102.794,0.0
2014-03-16,102.845,0.0
2014-03-17,100.432,0.0
2014-03-18,100.508,0.0
2014-03-19,100.228,0.0
2014-03-20,100.736,0.0
2014-03-21,100.051,0.0
2014-03-22,98.958,0.0
2014-03-23,98.044,0.0
2014-03-24,96.723,0.0
2014-03-25,95.961,0.0
2014-03-26,98.654,0.0
2014-03-27,102.286,0.0
2014-03-28,103.784,0.0
2014-03-29,101.524,0.0
2014-03-30,101.625,0.0
2014-03-31,101.879,0.0
2014-04-01,105.054,0.0
2014-04-02,106.705,0.0
2014-04-03,106.502,0.0
2014-04-04,106.299,0.0
2014-04-05,106.934,0.0
2014-04-06,106.731,0.0
2014-04-07,106.731,0.0
2014-04-08,106.502,0.0
2014-04-09,104.013,0.0
2014-04-10,104.038,0.0
2014-04-11,103.505,0.0
2014-04-12,102.438,0.0
2014-04-13,100.914,0.0
2014-04-14,99.822,0.0
2014-04-15,99.187,0.0
2014-04-16,98.171,0.0
2014-04-17,96.876,0.0
2014-04-18,95.352,0.0
2014-04-19,92.964,0.0
2014-04-20,91.008,0.0
2014-04-21,89.129,0.0
2014-04-22,88.163,0.0
2014-04-23,89.433,0.0
2014-04-24,89.103,0.0
2014-04-25,89.941,0.0
2014-04-26,95.58,0.0
2014-04-27,95.733,0.0
2014-04-28,96.063,0.0
2014-04-29,95.91,0.0
2014-04-30,95.402,0.0
2014-05-01,95.199,0.0
2014-05-02,94.056,0.0
2014-05-03,93.218,0.0
2014-05-04,91.389,0.0
2014-05-05,88.951,0.0
2014-05-06,87.884,0.0
2014-05-07,87.02,0.0
2014-05-08,87.122,0.0
2014-05-09,87.122,0.0
2014-05-10,86.97,0.0
2014-05-11,86.208,0.0
2014-05-12,85.852,0.0
2014-05-13,85.065,0.0
2014-05-14,82.499,0.0
2014-05-15,79.426,0.0
2014-05-16,75.794,0.0
2014-05-17,71.755,0.0
2014-05-18,67.564,0.0
2014-05-19,64.668,0.0
2014-05-20,63.144,0.0
2014-05-21,63.627,0.0
2014-05-22,63.475,0.0
2014-05-23,61.824,0.0
2014-05-24,58.776,0.0
2014-05-25,55.194,0.0
2014-05-26,50.775,0.0
2014-05-27,45.898,0.0
2014-05-28,41.173,0.0
2014-05-29,37.465,0.0
2014-05-30,34.036,0.0
2014-05-31,30.201,0.0
2014-06-01,25.933,0.0
2014-06-02,21.92,0.0
2014-06-03,16.815,0.0
2014-06-04,11.074,0.0
2014-06-05,5.817,0.0
2014-06-06,0.533,0.0
2014-06-07,0.0,0.0
2014-06-08,0.0,0.0
2014-06-09,0.0,0.0
2014-06-10,0.0,0.0
2014-06-11,0.0,0.0
2014-06-12,0.0,0.0
2014-06-13,0.0,0.0
2014-06-14,0.0,
2014-06-15,0.0,0.0
2014-06-16,0.0,0.0
2014-06-17,0.0,0.0
2014-06-18,0.0,0.0
2014-06-19,0.0,0.0
2014-06-20,0.0,0.0
2014-06-21,0.0,0.0
2014-06-22,0.0,0.0
2014-06-23,0.0,0.0
2014-06-24,0.0,0.0
2014-06-25,0.0,0.0
2014-06-26,0.0,0.0
2014-06-27,0.0,0.0
2014-06-28,0.0,0.0
2014-06-29,0.0,0.0
2014-06-30,0.0,0.0
2014-07-01,0.0,0.0
2014-07-02,0.0,0.0
2014-07-03,0.0,0.0
2014-07-04,0.0,0.0
2014-07-05,0.0,0.0
2014-07-06,0.0,0.0
2014-07-07,0.0,0.0
2014-07-08,0.0,0.0
2014-07-09,0.0,0.0
2014-07-10,0.0,0.0
2014-07-11,0.0,0.0
2014-07-12,0.0,0.0
2014-07-13,0.0,0.0
2014-07-14,0.0,0.0
2014-07-15,0.0,0.0
2014-07-16,0.0,0.0
2014-07-17,0.0,0.0
2014-07-18,0.0,0.0
2014-07-19,0.0,0.0
2014-07-20,0.0,0.0
2014-07-21,0.0,0.0
2014-07-22,0.0,0.0
2014-07-23,0.0,0.0
2014-07-24,0.0,0.0
2014-07-25,0.0,0.0
2014-07-26,0.0,0.0
2014-07-27,0.0,0.0
2014-07-28,0.0,0.0
2014-07-29,0.0,0.0
2014-07-30,0.0,0.0
2014-07-31,0.0,0.0
2014-08-01,0.0,0.0
2014-08-02,0.0,0.0
2014-08-03,0.0,0.0
2014-08-04,0.0,0.0
2014-08-05,0.0,0.0
2014-08-06,0.0,0.0
2014-08-07,0.0,0.0
2014-08-08,0.0,0.0
2014-08-09,0.0,0.0
2014-08-10,0.0,0.0
2014-08-11,0.0,0.0
2014-08-12,0.0,0.0
2014-08-13,0.0,0.0
2014-08-14,0.0,0.0
2014-08-15,0.0,0.0
2014-08-16,0.0,0.0
2014-08-17,0.0,0.0
2014-08-18,0.0,0.0
2014-08-19,0.0,0.0
2014-08-20,0.0,0.0
2014-08-21,0.0,0.0
2014-08-22,0.0,0.0
2014-08-23,0.0,0.0
2014-08-24,0.0,0.0
2014-08-25,0.0,0.0
2014-08-26,0.0,0.0
2014-08-27,0.0,0.0
2014-08-28,0.0,0.0
2014-08-29,0.0,0.0
2014-08-30,0.0,0.0
2014-08-31,0.0,0.0
2014-09-01,0.0,0.0
2014-09-02,0.0,0.0
2014-09-03,0.0,0.0
2014-09-04,0.0,0.0
2014-09-05,0.0,0.0
2014-09-06,0.0,0.0
2014-09-07,0.0,0.0
2014-09-08,0.0,0.0
2014-09-09,0.0,0.0
2014-09-10,0.0,0.0
2014-09-11,0.0,0.0
2014-09-12,0.0,0.0
2014-09-13,0.0,0.0
2014-09-14,0.0,0.0
2014-09-15,0.0,0.0
2014-09-16,0.0,0.0
2014-09-17,0.0,0.0
2014-09-18,0.0,0.0
2014-09-19,0.0,0.0
2014-09-20,0.0,0.0
2014-09-21,0.0,0.0
2014-09-22,0.0,0.0
2014-09-23,0.0,0.0
2014-09-24,0.0,0.0
2014-09-25,0.0,0.0
2014-09-26,0.0,0.0
2014-09-27,0.0,0.0
2014-09-28,0.0,0.0
2014-09-29,0.0,0.0
2014-09-30,0.0,0.0
2014-10-01,0.0,0.0
2014-10-02,0.0,0.0
2014-10-03,0.0,0.0
2014-10-04,0.0,0.0
2014-10-05,0.0,0.0
2014-10-06,0.0,0.0
2014-10-07,0.0,0.0
2014-10-08,0.0,0.0
2014-10-09,0.0,0.0
2014-10-10,0.0,0.0
2014-10-11,0.0,0.0
2014-10-12,0.0,0.0
2014-10-13,0.0,0.0
2014-10-14,0.0,0.0
2014-10-15,0.0,0.0
2014-10-16,0.0,0.0
2014-10-17,0.0,0.0
2014-10-18,0.0,0.0
2014-10-19,0.0,0.0
2014-10-20,0.0,0.0
2014-10-21,0.0,0.0
2014-10-22,0.0,0.0
2014-10-23,0.0,0.0
2014-10-24,0.0,0.0
2014-10-25,0.0,0.0
2014-10-26,0.0,0.0
2014-10-27,0.0,0.0
2014-10-28,0.0,0.0
2014-10-29,0.0,0.0
2014-10-30,0.0,0.0
2014-10-31,0.508,0.0
2014-11-01,2.159,0.0
2014-11-02,4.699,0.0
2014-11-03,4.572,0.0
2014-11-04,4.318,0.0
2014-11-05,3.81,0.0
2014-11-06,3.48,0.0
2014-11-07,2.438,0.0
2014-11-08,1.778,0.0
2014-11-09,0.508,0.0
2014-11-10,0.0,0.0
2014-11-11,0.0,0.0
2014-11-12,0.0,0.0
2014-11-13,0.0,0.0
2014-11-14,0.0,0.0
2014-11-15,0.0,0.0
2014-11-16,0.0,0.0
2014-11-17,0.0,0.0
2014-11-18,0.0,0.0
2014-11-19,0.889,464.82
2014-11-20,1.981,149.86
2014-11-21,3.505,429.26
2014-11-22,4.75,373.38
2014-11-23,4.521,462.28
2014-11-24,5.639,462.28
2014-11-25,7.366,462.28
2014-11-26,6.198,462.28
2014-11-27,4.699,462.28
2014-11-28,4.826,462.28
2014-11-29,5.918,444.5
2014-11-30,8.865,426.72
2014-12-01,9.474,416.56
2014-12-02,9.169,436.88
2014-12-03,14.783,401.32
2014-12-04,20.041,477.52
2014-12-05,21.59,314.96
2014-12-06,22.047,297.18
2014-12-07,21.996,467.36
2014-12-08,21.793,472.44
2014-12-09,20.955,472.44
2014-12-10,20.422,480.06
2014-12-11,19.228,480.06
2014-12-12,22.631,480.06
2014-12-13,23.647,480.06
2014-12-14,22.276,477.52
2014-12-15,20.218,477.52
2014-12-16,19.253,480.06
2014-12-17,19.736,477.52
2014-12-18,22.073,477.52
2014-12-19,23.546,441.96
2014-12-20,29.21,373.38
2014-12-21,35.001,309.88
2014-12-22,37.795,454.66
2014-12-23,38.557,408.94
2014-12-24,39.472,408.94
2014-12-25,43.282,408.94
2014-12-26,44.45,408.94
2014-12-27,44.45,408.94
2014-12-28,44.196,408.94
2014-12-29,42.418,408.94
2014-12-30,41.072,408.94
2014-12-31,40.03,408.94
2015-01-01,36.474,408.94
2015-01-02,35.56,408.94
2015-01-03,35.814,408.94
2015-01-04,36.449,408.94
2015-01-05,36.246,408.94
2015-01-06,35.789,408.94
2015-01-07,35.281,408.94
2015-01-08,39.319,408.94
2015-01-09,40.945,408.94
2015-01-10,40.919,408.94
2015-01-11,41.097,408.94
2015-01-12,42.266,408.94
2015-01-13,42.012,408.94
2015-01-14,40.538,408.94
2015-01-15,38.989,408.94
2015-01-16,37.033,408.94
2015-01-17,36.957,
2015-01-18,43.155,474.98
2015-01-19,44.069,474.98
2015-01-20,43.561,474.98
2015-01-21,42.062,474.98
2015-01-22,40.157,474.98
2015-01-23,36.093,474.98
2015-01-24,31.801,474.98
2015-01-25,30.455,474.98
2015-01-26,34.773,474.98
2015-01-27,39.294,474.98
2015-01-28,40.742,474.98
2015-01-29,40.107,469.9
2015-01-30,38.938,452.12
2015-01-31,37.363,469.9
2015-02-01,34.95,469.9
2015-02-02,33.198,469.9
2015-02-03,35.077,469.9
2015-02-04,38.786,469.9
2015-02-05,39.04,469.9
2015-02-06,38.049,469.9
2015-02-07,46.126,345.44
2015-02-08,50.317,307.34
2015-02-09,60.046,454.66
2015-02-10,60.071,477.52
2015-02-11,58.979,477.52
2015-02-12,58.166,477.52
2015-02-13,57.81,477.52
2015-02-14,57.328,477.52
2015-02-15,56.566,477.52
2015-02-16,56.007,477.52
2015-02-17,55.423,477.52
2015-02-18,55.118,477.52
2015-02-19,54.686,477.52
2015-02-20,53.848,477.52
2015-02-21,52.807,477.52
2015-02-22,51.664,477.52
2015-02-23,49.987,477.52
2015-02-24,46.914,477.52
2015-02-25,43.764,477.52
2015-02-26,40.005,477.52
2015-02-27,36.449,477.52
2015-02-28,33.426,477.52
2015-03-01,32.029,477.52
2015-03-02,31.471,436.88
2015-03-03,32.233,474.98
2015-03-04,33.401,467.36
2015-03-05,34.595,467.36
2015-03-06,35.763,467.36
2015-03-07,36.982,467.36
2015-03-08,36.906,467.36
2015-03-09,36.83,467.36
2015-03-10,46.177,467.36
2015-03-11,51.587,467.36
2015-03-12,55.626,439.42
2015-03-13,58.014,
2015-03-14,62.179,
2015-03-15,64.999,
2015-03-16,60.376,
2015-03-17,56.464,
2015-03-18,54.229,
2015-03-19,52.629,
2015-03-20,51.283,
2015-03-21,49.708,
2015-03-22,48.997,
2015-03-23,52.248,330.2
2015-03-24,53.594,480.06
2015-03-25,53.899,441.96
2015-03-26,53.696,452.12
2015-03-27,53.873,480.06
2015-03-28,51.867,480.06
2015-03-29,49.86,480.06
2015-03-30,48.031,480.06
2015-03-31,45.695,480.06
2015-04-01,44.247,480.06
2015-04-02,42.774,472.44
2015-04-03,42.215,482.6
2015-04-04,41.986,482.6
2015-04-05,41.25,482.6
2015-04-06,42.139,480.06
2015-04-07,40.869,480.06
2015-04-08,41.605,474.98
2015-04-09,40.056,474.98
2015-04-10,37.592,480.06
2015-04-11,35.992,480.06
2015-04-12,36.957,480.06
2015-04-13,38.837,480.06
2015-04-14,41.554,340.36
2015-04-15,40.615,447.04
2015-04-16,39.929,447.04
2015-04-17,40.31,447.04
2015-04-18,40.183,477.52
2015-04-19,39.548,477.52
2015-04-20,39.192,477.52
2015-04-21,37.973,477.52
2015-04-22,36.576,477.52
2015-04-23,35.865,477.52
2015-04-24,36.424,198.12
2015-04-25,40.259,459.74
2015-04-26,43.815,480.06
2015-04-27,43.891,467.36
2015-04-28,42.875,467.36
2015-04-29,40.919,474.98
2015-04-30,37.795,474.98
2015-05-01,35.306,474.98
2015-05-02,32.08,474.98
2015-05-03,29.032,474.98
2015-05-04,25.375,474.98
2015-05-05,22.149,474.98
2015-05-06,18.847,474.98
2015-05-07,17.043,457.2
2015-05-08,18.669,472.44
2015-05-09,18.898,
2015-05-10,17.729,480.06
2015-05-11,15.24,472.44
2015-05-12,11.989,472.44
2015-05-13,10.82,472.44
2015-05-14,9.855,474.98
2015-05-15,10.312,431.8
2015-05-16,11.76,106.68
2015-05-17,12.065,167.64
2015-05-18,12.573,
2015-05-19,12.878,287.02
2015-05-20,12.751,236.22
2015-05-21,14.808,104.14
2015-05-22,15.85,447.04
2015-05-23,15.088,396.24
2015-05-24,14.122,127.0
2015-05-25,10.973,330.2
2015-05-26,8.382,467.36
2015-05-27,4.648,480.06
2015-05-28,1.727,480.06
2015-05-29,0.0,480.06
2015-05-30,0.0,480.06
2015-05-31,0.0,480.06
2015-06-01,0.0,480.06
2015-06-02,0.0,480.06
2015-06-03,0.0,480.06
2015-06-04,0.0,480.06
2015-06-05,0.0,480.06
2015-06-06,0.0,480.06
2015-06-07,0.0,444.5
2015-06-08,0.0,444.5
2015-06-09,0.0,444.5
2015-06-10,0.0,457.2
2015-06-11,0.0,457.2
2015-06-12,0.0,457.2
2015-06-13,0.0,457.2
2015-06-14,0.0,457.2
2015-06-15,0.0,457.2
2015-06-16,0.0,457.2
2015-06-17,0.0,457.2
2015-06-18,0.0,457.2
2015-06-19,0.0,457.2
2015-06-20,0.0,457.2
2015-06-21,0.0,457.2
2015-06-22,0.0,457.2
2015-06-23,0.0,457.2
2015-06-24,0.0,457.2
2015-06-25,0.0,457.2
2015-06-26,0.0,457.2
2015-06-27,0.0,457.2
2015-06-28,0.0,457.2
2015-06-29,0.0,457.2
2015-06-30,0.0,457.2
2015-07-01,0.0,457.2
2015-07-02,0.0,457.2
2015-07-03,0.0,414.02
2015-07-04,0.0,414.02
2015-07-05,0.0,414.02
2015-07-06,0.0,414.02
2015-07-07,0.0,414.02
2015-07-08,0.0,414.02
2015-07-09,0.0,477.52
2015-07-10,0.0,477.52
2015-07-11,0.0,
2015-07-12,0.0,474.98
2015-07-13,0.0,474.98
2015-07-14,0.0,474.98
2015-07-15,0.0,474.98
2015-07-16,0.0,474.98
2015-07-17,0.0,474.98
2015-07-18,0.0,474.98
2015-07-19,0.0,474.98
2015-07-20,0.0,467.36
2015-07-21,0.0,477.52
2015-07-22,0.0,480.06
2015-07-23,0.0,480.06
2015-07-24,0.0,480.06
2015-07-25,0.0,480.06
2015-07-26,0.0,480.06
2015-07-27,0.0,480.06
2015-07-28,0.0,480.06
2015-07-29,0.0,480.06
2015-07-30,0.0,480.06
2015-07-31,0.0,480.06
2015-08-01,0.0,480.06
2015-08-02,0.0,480.06
2015-08-03,0.0,480.06
2015-08-04,0.0,480.06
2015-08-05,0.0,480.06
2015-08-06,0.0,480.06
2015-08-07,0.0,480.06
2015-08-08,0.0,480.06
2015-08-09,0.0,480.06
2015-08-10,0.0,480.06
2015-08-11,0.0,480.06
2015-08-12,0.0,480.06
2015-08-13,0.0,480.06
2015-08-14,0.0,480.06
2015-08-15,0.0,480.06
2015-08-16,0.0,480.06
2015-08-17,0.0,480.06
2015-08-18,0.0,480.06
2015-08-19,0.0,480.06
2015-08-20,0.0,480.06
2015-08-21,0.0,480.06
2015-08-22,0.0,480.06
2015-08-23,0.0,480.06
2015-08-24,0.0,480.06
2015-08-25,0.0,480.06
2015-08-26,0.0,480.06
2015-08-27,0.0,480.06
2015-08-28,0.0,480.06
2015-08-29,0.0,480.06
2015-08-30,0.0,480.06
2015-08-31,0.0,480.06
2015-09-01,0.0,480.06
2015-09-02,0.0,480.06
2015-09-03,0.0,480.06
2015-09-04,0.0,480.06
2015-09-05,0.0,477.52
2015-09-06,0.0,477.52
2015-09-07,0.0,477.52
2015-09-08,0.0,477.52
2015-09-09,0.0,477.52
2015-09-10,0.0,477.52
2015-09-11,0.0,477.52
2015-09-12,0.0,477.52
2015-09-13,0.0,477.52
2015-09-14,0.0,477.52
2015-09-15,0.0,393.7
2015-09-16,0.0,482.6
2015-09-17,0.0,398.78
2015-09-18,0.0,480.06
2015-09-19,0.0,480.06
2015-09-20,0.0,480.06
2015-09-21,0.0,480.06
2015-09-22,0.0,480.06
2015-09-23,0.0,480.06
2015-09-24,0.0,480.06
2015-09-25,0.0,480.06
2015-09-26,0.0,480.06
2015-09-27,0.0,480.06
2015-09-28,0.0,480.06
2015-09-29,0.0,480.06
2015-09-30,0.0,480.06
2015-10-01,,
2015-10-02,,177.8
2015-10-03,,391.16
2015-10-04,,182.88
2015-10-05,,459.74
2015-10-06,,459.74
2015-10-07,,459.74
2015-10-08,,459.74
2015-10-09,,459.74
2015-10-10,,459.74
2015-10-11,,459.74
2015-10-12,,459.74
2015-10-13,,459.74
2015-10-14,,459.74
2015-10-15,,459.74
2015-10-16,,459.74
2015-10-17,,459.74
2015-10-18,,
2015-10-19,,467.36
2015-10-20,,467.36
2015-10-21,,467.36
2015-10-22,,467.36
2015-10-23,,467.36
2015-10-24,,467.36
2015-10-25,,467.36
2015-10-26,,467.36
2015-10-27,,467.36
2015-10-28,,
2015-10-29,,
2015-10-30,,
2015-10-31,,
2015-11-01,,474.98
2015-11-02,,312.42
2015-11-03,,436.88
2015-11-04,,
2015-11-05,,
2015-11-06,,480.06
2015-11-07,,480.06
2015-11-08,,480.06
2015-11-09,,480.06
2015-11-10,,477.52
2015-11-11,,474.98
2015-11-12,,474.98
2015-11-13,,474.98
2015-11-14,,474.98
2015-11-15,,474.98
2015-11-16,,474.98
2015-11-17,,474.98
2015-11-18,,474.98
2015-11-19,,474.98
2015-11-20,,474.98
2015-11-21,,474.98
2015-11-22,,474.98
2015-11-23,,474.98
2015-11-24,,474.98
2015-11-25,,474.98
2015-11-26,,474.98
2015-11-27,,
2015-11-28,,
2015-11-29,,
2015-11-30,,
2015-12-01,,
2015-12-02,,
2015-12-03,,
2015-12-04,,
2015-12-05,,
2015-12-06,,
2015-12-07,,
2015-12-08,,
2015-12-09,,
2015-12-10,,
2015-12-11,,
2015-12-12,,441.96
2015-12-13,,472.44
2015-12-14,,480.06
2015-12-15,,
2015-12-16,,
2015-12-17,,
2015-12-18,,
2015-12-19,,
2015-12-20,,
2015-12-21,,
2015-12-22,,
2015-12-23,,
2015-12-24,,
2015-12-25,,
2015-12-26,,
2015-12-27,,
2015-12-28,,
2015-12-29,,
2015-12-30,,
2015-12-31,,
2016-01-01,,
2016-01-02,,
2016-01-03,,
2016-01-04,,
2016-01-05,,
2016-01-06,,
2016-01-07,,
2016-01-08,,
2016-01-09,,
2016-01-10,,
2016-01-11,,
2016-01-12,,
2016-01-13,,
2016-01-14,,
2016-01-15,,
2016-01-16,,
2016-01-17,,
2016-01-18,,
2016-01-19,,
2016-01-20,,
2016-01-21,,
2016-01-22,,
2016-01-23,,
2016-01-24,,
2016-01-25,,
2016-01-26,,
2016-01-27,,
2016-01-28,,
2016-01-29,,
2016-01-30,,
2016-01-31,,
2016-02-01,,
2016-02-02,,
2016-02-03,,
2016-02-04,,
2016-02-05,,
2016-02-06,,
2016-02-07,,
2016-02-08,,
2016-02-09,,
2016-02-10,,
2016-02-11,,
2016-02-12,,
2016-02-13,,
2016-02-14,,
2016-02-15,,
2016-02-16,,
2016-02-17,,
2016-02-18,,
2016-02-19,,
2016-02-20,,
2016-02-21,,
2016-02-22,,
2016-02-23,,
2016-02-24,,
2016-02-25,,
2016-02-26,,
2016-02-27,,
2016-02-28,,
2016-02-29,,
2016-03-01,,
2016-03-02,,
2016-03-03,,
2016-03-04,,
2016-03-05,,
2016-03-06,,
2016-03-07,,
2016-03-08,,
2016-03-09,,
2016-03-10,,
2016-03-11,,
2016-03-12,,
2016-03-13,,
2016-03-14,,
2016-03-15,,
2016-03-16,,
2016-03-17,,
2016-03-18,,
2016-03-19,,
2016-03-20,,
2016-03-21,,
2016-03-22,,
2016-03-23,,
2016-03-24,,
2016-03-25,,
2016-03-26,,
2016-03-27,,
2016-03-28,,
2016-03-29,,
2016-03-30,,
2016-03-31,,
2016-04-01,,
2016-04-02,,
2016-04-03,,
2016-04-04,,
2016-04-05,,
2016-04-06,,
2016-04-07,,
2016-04-08,,
2016-04-09,,
2016-04-10,,
2016-04-11,,
2016-04-12,,
2016-04-13,,
2016-04-14,,
2016-04-15,,
2016-04-16,,
2016-04-17,,
2016-04-18,,
2016-04-19,,
2016-04-20,,
2016-04-21,,
2016-04-22,,
2016-04-23,,
2016-04-24,,
2016-04-25,,
2016-04-26,,
2016-04-27,,
2016-04-28,,
2016-04-29,,
2016-04-30,,
2016-05-01,,
2016-05-02,,
2016-05-03,,
2016-05-04,,
2016-05-05,,
2016-05-06,,
2016-05-07,,
2016-05-08,,
2016-05-09,,
2016-05-10,,
2016-05-11,,
2016-05-12,,
2016-05-13,,
2016-05-14,,
2016-05-15,,
2016-05-16,,
2016-05-17,,
2016-05-18,,
2016-05-19,,
2016-05-20,,
2016-05-21,,
2016-05-22,,
2016-05-23,,
2016-05-24,,
2016-05-25,,
2016-05-26,,
2016-05-27,,
2016-05-28,,
2016-05-29,,
2016-05-30,,
2016-05-31,,
2016-06-01,,
2016-06-02,,
2016-06-03,,
2016-06-04,,
2016-06-05,,
2016-06-06,,
2016-06-07,,
2016-06-08,,
2016-06-09,,
2016-06-10,,
2016-06-11,,
2016-06-12,,
2016-06-13,,
2016-06-14,,
2016-06-15,,
2016-06-16,,
2016-06-17,,
2016-06-18,,
2016-06-19,,
2016-06-20,,
2016-06-21,,
2016-06-22,,
2016-06-23,,
2016-06-24,,
2016-06-25,,
2016-06-26,,
2016-06-27,,
2016-06-28,,
2016-06-29,,
2016-06-30,,
2016-07-01,,
2016-07-02,,
2016-07-03,,
2016-07-04,,
2016-07-05,,
2016-07-06,,
2016-07-07,,
2016-07-08,,
2016-07-09,,
2016-07-10,,
2016-07-11,,
2016-07-12,,
2016-07-13,,
2016-07-14,,
2016-07-15,,
2016-07-16,,
2016-07-17,,
2016-07-18,,
2016-07-19,,
2016-07-20,,
2016-07-21,,
2016-07-22,,
2016-07-23,,
2016-07-24,,
2016-07-25,,
2016-07-26,,
2016-07-27,,
2016-07-28,,
2016-07-29,,
2016-07-30,,
2016-07-31,,
2016-08-01,,
2016-08-02,,
2016-08-03,,
2016-08-04,,
2016-08-05,,
2016-08-06,,
2016-08-07,,
2016-08-08,,
2016-08-09,,
2016-08-10,,
2016-08-11,,
2016-08-12,,
2016-08-13,,
2016-08-14,,
2016-08-15,,
2016-08-16,,
2016-08-17,,
2016-08-18,,
2016-08-19,,
2016-08-20,,
2016-08-21,,
2016-08-22,,
2016-08-23,,
2016-08-24,,
2016-08-25,,
2016-08-26,,
2016-08-27,,
2016-08-28,,
2016-08-29,,
2016-08-30,,
2016-08-31,,
2016-09-01,,
2016-09-02,,
2016-09-03,,
2016-09-04,,
2016-09-05,,
2016-09-06,,
2016-09-07,,
2016-09-08,,
2016-09-09,,
2016-09-10,,
2016-09-11,,
2016-09-12,,
2016-09-13,,
2016-09-14,,
2016-09-15,,
2016-09-16,,
2016-09-17,,
2016-09-18,,
2016-09-19,,
2016-09-20,,
2016-09-21,,
2016-09-22,,
2016-09-23,,
2016-09-24,,
2016-09-25,,
2016-09-26,,
2016-09-27,,
2016-09-28,,
2016-09-29,,
2016-09-30,,
2016-10-01,0.0,
2016-10-02,0.0,
2016-10-03,0.0,
2016-10-04,0.0,
2016-10-05,0.0,
2016-10-06,0.0,
2016-10-07,0.0,
2016-10-08,0.0,
2016-10-09,0.0,
2016-10-10,0.0,
2016-10-11,0.0,464.82
2016-10-12,0.0,454.66
2016-10-13,0.0,459.74
2016-10-14,0.0,474.98
2016-10-15,0.0,469.9
2016-10-16,0.0,467.36
2016-10-17,0.0,464.82
2016-10-18,0.0,474.98
2016-10-19,0.0,
2016-10-20,0.0,
2016-10-21,0.0,
2016-10-22,0.0,
2016-10-23,0.0,
2016-10-24,0.0,
2016-10-25,0.0,
2016-10-26,0.0,
2016-10-27,0.0,
2016-10-28,0.0,
2016-10-29,0.0,
2016-10-30,0.0,
2016-10-31,0.0,
2016-11-01,0.0,
2016-11-02,0.203,
2016-11-03,2.438,
2016-11-04,2.286,
2016-11-05,2.083,
2016-11-06,1.956,
2016-11-07,1.803,
2016-11-08,1.575,
2016-11-09,3.988,
2016-11-10,6.274,
2016-11-11,6.096,
2016-11-12,5.944,
2016-11-13,5.791,
2016-11-14,5.563,
2016-11-15,5.105,
2016-11-16,9.652,
2016-11-17,9.906,
2016-11-18,9.855,
2016-11-19,9.601,
2016-11-20,9.474,
2016-11-21,9.373,
2016-11-22,9.119,
2016-11-23,8.865,
2016-11-24,8.28,
2016-11-25,14.249,
2016-11-26,14.808,
2016-11-27,,
2016-11-28,,
2016-11-29,,
2016-11-30,,
2016-12-01,,
2016-12-02,,
2016-12-03,,
2016-12-04,,
2016-12-05,,
2016-12-06,,
2016-12-07,,
2016-12-08,,
2016-12-09,,
2016-12-10,,
2016-12-11,,
2016-12-12,,
2016-12-13,,
2016-12-14,,
2016-12-15,,
2016-12-16,,
2016-12-17,,
2016-12-18,,
2016-12-19,,
2016-12-20,,
2016-12-21,,
2016-12-22,,
2016-12-23,,
2016-12-24,,
2016-12-25,,
2016-12-26,,
2016-12-27,,
2016-12-28,,
2016-12-29,,
2016-12-30,,
2016-12-31,,
2017-01-01,,
2017-01-02,,
2017-01-03,,
2017-01-04,,
2017-01-05,,
2017-01-06,,
2017-01-07,,
2017-01-08,,
2017-01-09,,
2017-01-10,,
2017-01-11,,
2017-01-12,,
2017-01-13,,
2017-01-14,,
2017-01-15,,
2017-01-16,,
2017-01-17,,
2017-01-18,,
2017-01-19,,
2017-01-20,,
2017-01-21,,
2017-01-22,,
2017-01-23,,
2017-01-24,,
2017-01-25,,
2017-01-26,,
2017-01-27,,
2017-01-28,,
2017-01-29,,
2017-01-30,,
2017-01-31,,
2017-02-01,,
2017-02-02,,
2017-02-03,,
2017-02-04,,
2017-02-05,,
2017-02-06,,
2017-02-07,,
2017-02-08,,
2017-02-09,,
2017-02-10,,
2017-02-11,,
2017-02-12,,
2017-02-13,,
2017-02-14,,
2017-02-15,,
2017-02-16,,
2017-02-17,,
2017-02-18,,
2017-02-19,,
2017-02-20,,
2017-02-21,,
2017-02-22,,
2017-02-23,,
2017-02-24,,
2017-02-25,,
2017-02-26,,
2017-02-27,,
2017-02-28,,
2017-03-01,,
2017-03-02,,
2017-03-03,,
2017-03-04,,
2017-03-05,,
2017-03-06,,
2017-03-07,,
2017-03-08,,
2017-03-09,,
2017-03-10,,
2017-03-11,,
2017-03-12,,
2017-03-13,,
2017-03-14,,
2017-03-15,,
2017-03-16,,
2017-03-17,,
2017-03-18,,
2017-03-19,,
2017-03-20,,
2017-03-21,,
2017-03-22,,
2017-03-23,,
2017-03-24,,
2017-03-25,,
2017-03-26,,
2017-03-27,,
2017-03-28,,
2017-03-29,,
2017-03-30,,
2017-03-31,,
2017-04-01,,
2017-04-02,,
2017-04-03,,
2017-04-04,,
2017-04-05,,
2017-04-06,,
2017-04-07,,
2017-04-08,,
2017-04-09,,
2017-04-10,,
2017-04-11,,
2017-04-12,,
2017-04-13,,
2017-04-14,,
2017-04-15,,
2017-04-16,,
2017-04-17,,
2017-04-18,,
2017-04-19,,
2017-04-20,,
2017-04-21,,
2017-04-22,,
2017-04-23,,
2017-04-24,,
2017-04-25,,
2017-04-26,,
2017-04-27,,
2017-04-28,,
2017-04-29,,
2017-04-30,,
2017-05-01,,
2017-05-02,,
2017-05-03,,
2017-05-04,,
2017-05-05,,
2017-05-06,,
2017-05-07,,
2017-05-08,,
2017-05-09,,
2017-05-10,,
2017-05-11,,
2017-05-12,,
2017-05-13,,
2017-05-14,,
2017-05-15,,
2017-05-16,,
2017-05-17,,
2017-05-18,,
2017-05-19,,
2017-05-20,,
2017-05-21,,
2017-05-22,,
2017-05-23,,
2017-05-24,,
2017-05-25,,
2017-05-26,,
2017-05-27,,
2017-05-28,,
2017-05-29,,
2017-05-30,,
2017-05-31,,
2017-06-01,,
2017-06-02,,
2017-06-03,,
2017-06-04,,
2017-06-05,,
2017-06-06,,
2017-06-07,,
2017-06-08,,
2017-06-09,,
2017-06-10,,
2017-06-11,,
2017-06-12,,
2017-06-13,,
2017-06-14,,
2017-06-15,,
2017-06-16,,
2017-06-17,,
2017-06-18,,
2017-06-19,,
2017-06-20,,
2017-06-21,,
2017-06-22,,
2017-06-23,,
2017-06-24,,
2017-06-25,,
2017-06-26,,
2017-06-27,,
2017-06-28,,
2017-06-29,,
2017-06-30,,
2017-07-01,,
2017-07-02,,
2017-07-03,,
2017-07-04,,
2017-07-05,,
2017-07-06,,
2017-07-07,,
2017-07-08,,
2017-07-09,,
2017-07-10,,
2017-07-11,,
2017-07-12,,
2017-07-13,,
2017-07-14,,
2017-07-15,,
2017-07-16,,
2017-07-17,,
2017-07-18,,
2017-07-19,,
2017-07-20,,
2017-07-21,,
2017-07-22,,
2017-07-23,,
2017-07-24,,
2017-07-25,,
2017-07-26,,
2017-07-27,,
2017-07-28,,
2017-07-29,,
2017-07-30,,
2017-07-31,,
2017-08-01,,
2017-08-02,,
2017-08-03,,
2017-08-04,,
2017-08-05,,
2017-08-06,,
2017-08-07,,
2017-08-08,,
2017-08-09,,
2017-08-10,,
2017-08-11,,
2017-08-12,,
2017-08-13,,
2017-08-14,,
2017-08-15,,
2017-08-16,,
2017-08-17,,
2017-08-18,,
2017-08-19,,
2017-08-20,,
2017-08-21,,
2017-08-22,,
2017-08-23,,
2017-08-24,,
2017-08-25,,
2017-08-26,,
2017-08-27,,
2017-08-28,,
2017-08-29,,
2017-08-30,,
2017-08-31,,
2017-09-01,,
2017-09-02,,
2017-09-03,,
2017-09-04,,
2017-09-05,,
2017-09-06,,
2017-09-07,,
2017-09-08,,
2017-09-09,,
2017-09-10,,
2017-09-11,,
2017-09-12,,
2017-09-13,,
2017-09-14,,
2017-09-15,,
2017-09-16,,
2017-09-17,,
2017-09-18,,
2017-09-19,,
2017-09-20,,
2017-09-21,,
2017-09-22,,
2017-09-23,,
2017-09-24,,
2017-09-25,,
2017-09-26,,
2017-09-27,,
2017-09-28,,
2017-09-29,,
2017-09-30,,
2017-10-01,0.0,
2017-10-02,0.0,
2017-10-03,0.0,
2017-10-04,0.0,
2017-10-05,0.0,
2017-10-06,0.0,
2017-10-07,0.0,
2017-10-08,0.0,
2017-10-09,0.0,
2017-10-10,0.0,
2017-10-11,0.0,
2017-10-12,0.0,
2017-10-13,0.0,
2017-10-14,0.0,
2017-10-15,0.0,
2017-10-16,0.0,
2017-10-17,0.0,
2017-10-18,0.0,
2017-10-19,0.0,
2017-10-20,0.0,
2017-10-21,0.0,
2017-10-22,0.0,
2017-10-23,0.0,
2017-10-24,0.0,
2017-10-25,0.0,
2017-10-26,0.0,
2017-10-27,0.0,
2017-10-28,0.0,
2017-10-29,0.0,
2017-10-30,0.0,
2017-10-31,0.0,
2017-11-01,0.0,
2017-11-02,0.0,
2017-11-03,0.0,
2017-11-04,1.016,
2017-11-05,0.635,
2017-11-06,0.0,
2017-11-07,0.0,
2017-11-08,0.0,
2017-11-09,0.0,
2017-11-10,0.0,
2017-11-11,0.0,
2017-11-12,0.0,
2017-11-13,0.0,
2017-11-14,0.0,
2017-11-15,0.0,
2017-11-16,0.254,426.72
2017-11-17,1.245,426.72
2017-11-18,0.127,426.72
2017-11-19,0.0,426.72
2017-11-20,0.0,426.72
2017-11-21,0.254,426.72
2017-11-22,0.127,426.72
2017-11-23,0.0,426.72
2017-11-24,0.0,426.72
2017-11-25,0.0,426.72
2017-11-26,0.0,426.72
2017-11-27,0.0,426.72
2017-11-28,0.0,426.72
2017-11-29,0.0,426.72
2017-11-30,0.0,426.72
2017-12-01,0.0,426.72
2017-12-02,0.0,426.72
2017-12-03,0.0,426.72
2017-12-04,0.0,426.72
2017-12-05,0.0,426.72
2017-12-06,0.0,426.72
2017-12-07,0.0,426.72
2017-12-08,0.0,426.72
2017-12-09,0.0,426.72
2017-12-10,0.0,426.72
2017-12-11,0.0,426.72
2017-12-12,0.0,426.72
2017-12-13,0.0,426.72
2017-12-14,0.0,426.72
2017-12-15,0.0,426.72
2017-12-16,0.0,426.72
2017-12-17,0.0,426.72
2017-12-18,0.0,426.72
2017-12-19,0.0,426.72
2017-12-20,0.0,426.72
2017-12-21,0.0,426.72
2017-12-22,0.0,426.72
2017-12-23,0.0,426.72
2017-12-24,0.0,426.72
2017-12-25,0.0,426.72
2017-12-26,0.0,426.72
2017-12-27,0.0,426.72
2017-12-28,0.0,426.72
2017-12-29,0.0,426.72
2017-12-30,0.0,426.72
2017-12-31,0.0,426.72
2018-01-01,,426.72
2018-01-02,,426.72
2018-01-03,,426.72
2018-01-04,,426.72
2018-01-05,,
2018-01-06,,
2018-01-07,,
2018-01-08,,
2018-01-09,,
2018-01-10,,
2018-01-11,,
2018-01-12,,
2018-01-13,,
2018-01-14,,
2018-01-15,,
2018-01-16,,
2018-01-17,,
2018-01-18,,
2018-01-19,,
2018-01-20,,
2018-01-21,,
2018-01-22,,
2018-01-23,,
2018-01-24,,
2018-01-25,,
2018-01-26,,
2018-01-27,,
2018-01-28,,
2018-01-29,,
2018-01-30,,
2018-01-31,,
2018-02-01,,
2018-02-02,,
2018-02-03,,
2018-02-04,,
2018-02-05,,
2018-02-06,,
2018-02-07,,
2018-02-08,,
2018-02-09,,
2018-02-10,,
2018-02-11,,
2018-02-12,,
2018-02-13,,
2018-02-14,,
2018-02-15,,
2018-02-16,,
2018-02-17,,
2018-02-18,,
2018-02-19,,
2018-02-20,,
2018-02-21,,
2018-02-22,,
2018-02-23,,
2018-02-24,,
2018-02-25,,
2018-02-26,,
2018-02-27,,
2018-02-28,,
2018-03-01,,
2018-03-02,,
2018-03-03,,
2018-03-04,,
2018-03-05,,
2018-03-06,,
2018-03-07,,
2018-03-08,,
2018-03-09,,
2018-03-10,,
2018-03-11,,
2018-03-12,,
2018-03-13,,
2018-03-14,,
2018-03-15,,
2018-03-16,,
2018-03-17,,
2018-03-18,,
2018-03-19,,
2018-03-20,,
2018-03-21,,
2018-03-22,,
2018-03-23,,
2018-03-24,,
2018-03-25,,
2018-03-26,,
2018-03-27,,
2018-03-28,,
2018-03-29,,
2018-03-30,,
2018-03-31,,
2018-04-01,,
2018-04-02,,
2018-04-03,,
2018-04-04,,
2018-04-05,,
2018-04-06,,
2018-04-07,,
2018-04-08,,
2018-04-09,,
2018-04-10,,
2018-04-11,,
2018-04-12,,
2018-04-13,,
2018-04-14,,
2018-04-15,,
2018-04-16,,
2018-04-17,,
2018-04-18,,
2018-04-19,,
2018-04-20,,
2018-04-21,,
2018-04-22,,
2018-04-23,,
2018-04-24,,
2018-04-25,,
2018-04-26,,
2018-04-27,,
2018-04-28,,
2018-04-29,,
2018-04-30,,
2018-05-01,,
2018-05-02,,
2018-05-03,,
2018-05-04,,
2018-05-05,,
2018-05-06,,
2018-05-07,,
2018-05-08,,
2018-05-09,,
2018-05-10,,
2018-05-11,,
2018-05-12,,
2018-05-13,,
2018-05-14,,
2018-05-15,,
2018-05-16,,
2018-05-17,,
2018-05-18,,
2018-05-19,,
2018-05-20,,
2018-05-21,,
2018-05-22,,
2018-05-23,,
2018-05-24,,
2018-05-25,,
2018-05-26,,
2018-05-27,,
2018-05-28,,
2018-05-29,,
2018-05-30,,
2018-05-31,,
2018-06-01,,
2018-06-02,,
2018-06-03,,
2018-06-04,,
2018-06-05,,
2018-06-06,,
2018-06-07,,
2018-06-08,,
2018-06-09,,
2018-06-10,,
2018-06-11,,
2018-06-12,,
2018-06-13,,
2018-06-14,,
2018-06-15,,
2018-06-16,,
2018-06-17,,
2018-06-18,,
2018-06-19,,
2018-06-20,,
2018-06-21,,
2018-06-22,,
2018-06-23,,
2018-06-24,,
2018-06-25,,
2018-06-26,,
2018-06-27,,
2018-06-28,,
2018-06-29,,
2018-06-30,,
2018-07-01,,
2018-07-02,,
2018-07-03,,
2018-07-04,,
2018-07-05,,
2018-07-06,,
2018-07-07,,
2018-07-08,,
2018-07-09,,
2018-07-10,,
2018-07-11,,
2018-07-12,,
2018-07-13,,
2018-07-14,,
2018-07-15,,
2018-07-16,,
2018-07-17,,
2018-07-18,,
2018-07-19,,
2018-07-20,,
2018-07-21,,
2018-07-22,,
2018-07-23,,
2018-07-24,,
2018-07-25,,
2018-07-26,,
2018-07-27,,
2018-07-28,,
2018-07-29,,
2018-07-30,,
2018-07-31,,
2018-08-01,,
2018-08-02,,
2018-08-03,,
2018-08-04,,
2018-08-05,,
2018-08-06,,
2018-08-07,,
2018-08-08,,
2018-08-09,,
2018-08-10,,
2018-08-11,,
2018-08-12,,
2018-08-13,,
2018-08-14,,
2018-08-15,,
2018-08-16,,
2018-08-17,,
2018-08-18,,
2018-08-19,,
2018-08-20,,
2018-08-21,,
2018-08-22,,
2018-08-23,,
2018-08-24,,
2018-08-25,,
2018-08-26,,
2018-08-27,,
2018-08-28,,
2018-08-29,,
2018-08-30,,
2018-08-31,,
2018-09-01,,
2018-09-02,,
2018-09-03,,
2018-09-04,,
2018-09-05,,
2018-09-06,,
2018-09-07,,
2018-09-08,,
2018-09-09,,
2018-09-10,,
2018-09-11,,
2018-09-12,,
2018-09-13,,
2018-09-14,,
2018-09-15,,
2018-09-16,,
2018-09-17,,
2018-09-18,,
2018-09-19,,
2018-09-20,,
2018-09-21,,
2018-09-22,,
2018-09-23,,
2018-09-24,,
2018-09-25,,
2018-09-26,,
2018-09-27,,
2018-09-28,,
2018-09-29,,
2018-09-30,,
2018-10-01,0.0,
2018-10-02,0.0,
2018-10-03,0.0,
2018-10-04,0.0,
2018-10-05,0.0,
2018-10-06,0.0,
2018-10-07,0.0,
2018-10-08,0.0,
2018-10-09,0.0,
2018-10-10,0.0,
2018-10-11,0.0,
2018-10-12,0.0,
2018-10-13,0.0,
2018-10-14,0.0,
2018-10-15,0.0,
2018-10-16,0.0,
2018-10-17,0.0,
2018-10-18,0.0,
2018-10-19,0.0,
2018-10-20,0.0,
2018-10-21,0.0,
2018-10-22,0.0,
2018-10-23,0.0,
2018-10-24,0.0,
2018-10-25,0.0,
2018-10-26,0.0,
2018-10-27,0.0,
2018-10-28,0.0,
2018-10-29,0.0,
2018-10-30,0.0,
2018-10-31,0.0,
2018-11-01,0.0,
2018-11-02,0.0,
2018-11-03,0.0,
2018-11-04,0.0,
2018-11-05,0.0,
2018-11-06,0.0,
2018-11-07,0.0,
2018-11-08,0.0,
2018-11-09,0.0,
2018-11-10,0.0,
2018-11-11,0.0,
2018-11-12,0.0,
2018-11-13,0.0,
2018-11-14,0.0,
2018-11-15,0.0,
2018-11-16,0.0,
2018-11-17,0.0,
2018-11-18,0.0,
2018-11-19,0.0,
2018-11-20,0.0,
2018-11-21,0.0,
2018-11-22,5.131,
2018-11-23,18.948,
2018-11-24,25.4,
2018-11-25,26.035,
2018-11-26,24.892,
2018-11-27,25.019,
2018-11-28,26.721,
2018-11-29,31.242,
2018-11-30,35.763,
2018-12-01,36.652,
2018-12-02,41.072,
2018-12-03,41.25,
2018-12-04,41.097,
2018-12-05,41.275,
2018-12-06,41.783,
2018-12-07,41.3,
2018-12-08,41.021,
2018-12-09,40.64,
2018-12-10,39.091,
2018-12-11,38.633,
2018-12-12,38.379,
2018-12-13,37.821,
2018-12-14,37.389,
2018-12-15,31.623,
2018-12-16,28.55,
2018-12-17,27.661,
2018-12-18,29.235,
2018-12-19,29.743,
2018-12-20,29.489,
2018-12-21,29.616,
2018-12-22,30.048,
2018-12-23,30.734,
2018-12-24,32.868,
2018-12-25,37.998,
2018-12-26,38.964,
2018-12-27,39.192,
2018-12-28,38.303,
2018-12-29,37.186,
2018-12-30,36.373,
2018-12-31,35.662,
2019-01-01,34.087,
2019-01-02,33.249,
2019-01-03,33.172,
2019-01-04,33.299,
2019-01-05,33.376,
2019-01-06,34.29,
2019-01-07,34.95,
2019-01-08,36.195,
2019-01-09,37.135,
2019-01-10,40.157,
2019-01-11,41.021,
2019-01-12,40.843,
2019-01-13,40.538,
2019-01-14,39.599,
2019-01-15,38.837,
2019-01-16,44.653,
2019-01-17,46.05,
2019-01-18,54.254,
2019-01-19,57.912,
2019-01-20,62.484,
2019-01-21,64.262,
2019-01-22,64.668,
2019-01-23,66.116,
2019-01-24,67.132,
2019-01-25,67.691,
2019-01-26,67.869,
2019-01-27,68.25,
2019-01-28,68.199,
2019-01-29,68.326,
2019-01-30,68.25,
2019-01-31,68.25,
2019-02-01,68.123,
2019-02-02,69.748,
2019-02-03,75.895,
2019-02-04,85.75,
2019-02-05,97.79,
2019-02-06,98.755,
2019-02-07,98.552,
2019-02-08,97.917,
2019-02-09,98.12,
2019-02-10,108.458,
2019-02-11,110.287,
2019-02-12,107.645,
2019-02-13,111.76,
2019-02-14,115.494,
2019-02-15,133.68,
2019-02-16,140.03,
2019-02-17,144.78,
2019-02-18,148.615,
2019-02-19,147.676,
2019-02-20,147.117,
2019-02-21,148.361,
2019-02-22,148.361,
2019-02-23,148.234,
2019-02-24,148.819,
2019-02-25,151.384,
2019-02-26,147.879,
2019-02-27,147.295,
2019-02-28,148.361,
2019-03-01,148.742,
2019-03-02,149.25,
2019-03-03,154.711,
2019-03-04,161.544,
2019-03-05,160.655,
2019-03-06,159.918,
2019-03-07,169.951,
2019-03-08,173.33,
2019-03-09,174.6,
2019-03-10,173.33,
2019-03-11,172.72,
2019-03-12,172.39,
2019-03-13,172.644,
2019-03-14,172.339,
2019-03-15,171.78,
2019-03-16,171.145,
2019-03-17,170.637,
2019-03-18,170.078,
2019-03-19,169.52,
2019-03-20,169.316,
2019-03-21,169.774,
2019-03-22,169.774,
2019-03-23,170.764,
2019-03-24,173.66,
2019-03-25,173.152,
2019-03-26,172.009,
2019-03-27,171.958,
2019-03-28,178.664,
2019-03-29,182.118,
2019-03-30,182.118,
2019-03-31,181.737,
2019-04-01,181.254,
2019-04-02,185.141,
2019-04-03,190.602,
2019-04-04,190.525,
2019-04-05,190.525,
2019-04-06,192.024,
2019-04-07,193.548,
2019-04-08,192.354,
2019-04-09,194.742,
2019-04-10,194.412,
2019-04-11,193.345,
2019-04-12,193.472,
2019-04-13,193.802,
2019-04-14,193.675,
2019-04-15,193.548,
2019-04-16,195.732,
2019-04-17,197.002,
2019-04-18,196.672,
2019-04-19,195.834,
2019-04-20,195.072,
2019-04-21,194.564,
2019-04-22,194.31,
2019-04-23,193.167,
2019-04-24,190.5,
2019-04-25,187.96,
2019-04-26,158.852,
2019-04-27,151.435,
2019-04-28,147.93,
2019-04-29,146.863,
2019-04-30,146.609,
2019-05-01,146.355,
2019-05-02,148.107,
2019-05-03,148.692,
2019-05-04,147.676,
2019-05-05,144.551,
2019-05-06,141.707,
2019-05-07,139.344,
2019-05-08,137.643,
2019-05-09,136.068,
2019-05-10,134.747,
2019-05-11,133.807,
2019-05-12,132.69,
2019-05-13,130.302,
2019-05-14,128.295,
2019-05-15,126.721,
2019-05-16,127.483,
2019-05-17,132.131,
2019-05-18,133.325,
2019-05-19,134.569,
2019-05-20,135.077,
2019-05-21,135.941,
2019-05-22,139.649,
2019-05-23,140.335,
2019-05-24,141.097,
2019-05-25,141.351,
2019-05-26,140.97,
2019-05-27,141.834,
2019-05-28,142.164,
2019-05-29,141.351,
2019-05-30,140.716,
2019-05-31,140.462,
2019-06-01,139.903,
2019-06-02,138.76,
2019-06-03,137.693,
2019-06-04,136.271,
2019-06-05,134.264,
2019-06-06,132.563,
2019-06-07,130.429,
2019-06-08,125.984,
2019-06-09,122.403,
2019-06-10,119.202,
2019-06-11,116.256,
2019-06-12,113.055,
2019-06-13,109.601,
2019-06-14,105.512,
2019-06-15,101.321,
2019-06-16,97.053,
2019-06-17,92.837,
2019-06-18,88.925,
2019-06-19,85.09,
2019-06-20,80.594,
2019-06-21,75.717,
2019-06-22,71.323,
2019-06-23,67.742,
2019-06-24,64.491,
2019-06-25,61.366,
2019-06-26,58.344,
2019-06-27,55.575,
2019-06-28,52.807,
2019-06-29,50.622,
2019-06-30,47.65,
2019-07-01,43.815,
2019-07-02,39.675,
2019-07-03,34.544,
2019-07-04,28.727,
2019-07-05,23.749,
2019-07-06,16.967,
2019-07-07,7.366,
2019-07-08,3.607,
2019-07-09,0.0,
2019-07-10,0.0,
2019-07-11,0.0,
2019-07-12,0.0,
2019-07-13,0.0,
2019-07-14,0.0,
2019-07-15,0.0,
2019-07-16,0.0,
2019-07-17,0.0,
2019-07-18,0.0,
2019-07-19,0.0,
2019-07-20,0.0,
2019-07-21,0.0,
2019-07-22,0.0,
2019-07-23,0.0,
2019-07-24,0.0,
2019-07-25,0.0,
2019-07-26,0.0,
2019-07-27,0.0,
2019-07-28,0.0,
2019-07-29,0.0,
2019-07-30,0.0,
2019-07-31,0.0,
2019-08-01,0.0,
2019-08-02,0.0,
2019-08-03,0.0,
2019-08-04,0.0,
2019-08-05,0.0,
2019-08-06,0.0,
2019-08-07,0.0,
2019-08-08,0.0,
2019-08-09,0.0,
2019-08-10,0.0,
2019-08-11,0.0,
2019-08-12,0.0,
2019-08-13,0.0,
2019-08-14,0.0,
2019-08-15,0.0,
2019-08-16,0.0,
2019-08-17,0.0,
2019-08-18,0.0,
2019-08-19,0.0,
2019-08-20,0.0,
2019-08-21,0.0,
2019-08-22,0.0,
2019-08-23,0.0,
2019-08-24,0.0,
2019-08-25,0.0,
2019-08-26,0.0,
2019-08-27,0.0,
2019-08-28,0.0,
2019-08-29,0.0,
2019-08-30,0.0,
2019-08-31,0.0,
2019-09-01,0.0,
2019-09-02,0.0,
2019-09-03,0.0,
2019-09-04,0.0,
2019-09-05,0.0,
2019-09-06,0.0,
2019-09-07,0.0,
2019-09-08,0.0,
2019-09-09,0.0,
2019-09-10,0.0,
2019-09-11,0.0,
2019-09-12,0.0,
2019-09-13,0.0,
2019-09-14,0.0,
2019-09-15,0.0,
2019-09-16,0.0,
2019-09-17,0.0,
2019-09-18,0.0,
2019-09-19,0.0,
2019-09-20,0.0,
2019-09-21,0.0,
2019-09-22,0.0,
2019-09-23,0.0,
2019-09-24,0.0,
2019-09-25,0.0,
2019-09-26,0.0,
2019-09-27,0.0,
2019-09-28,0.0,
2019-09-29,0.0,
2019-09-30,0.0,
2019-10-01,0.0,
2019-10-02,0.0,
2019-10-03,0.0,
2019-10-04,0.0,
2019-10-05,0.0,
2019-10-06,0.0,
2019-10-07,0.0,
2019-10-08,0.0,
2019-10-09,0.0,
2019-10-10,0.0,
2019-10-11,0.0,
2019-10-12,0.0,
2019-10-13,0.0,
2019-10-14,0.0,
2019-10-15,0.0,
2019-10-16,0.0,
2019-10-17,0.0,
2019-10-18,0.0,
2019-10-19,0.0,
2019-10-20,0.0,
2019-10-21,0.0,
2019-10-22,0.0,
2019-10-23,0.0,
2019-10-24,0.0,
2019-10-25,0.0,
2019-10-26,0.0,
2019-10-27,0.0,
2019-10-28,0.0,
2019-10-29,0.0,
2019-10-30,0.0,
2019-10-31,0.0,
2019-11-01,0.0,
2019-11-02,0.0,
2019-11-03,0.0,
2019-11-04,0.0,
2019-11-05,0.0,
2019-11-06,0.0,
2019-11-07,0.0,
2019-11-08,0.0,
2019-11-09,0.0,
2019-11-10,0.0,
2019-11-11,0.0,
2019-11-12,0.0,
2019-11-13,0.0,
2019-11-14,0.0,
2019-11-15,0.0,
2019-11-16,0.0,
2019-11-17,0.0,
2019-11-18,0.0,
2019-11-19,0.0,
2019-11-20,0.0,
2019-11-21,0.0,
2019-11-22,0.0,
2019-11-23,0.0,
2019-11-24,0.0,
2019-11-25,0.0,
2019-11-26,0.0,
2019-11-27,5.232,
2019-11-28,8.56,
2019-11-29,9.576,
2019-11-30,10.998,
2019-12-01,14.122,
2019-12-02,26.289,
2019-12-03,29.464,
2019-12-04,29.464,
2019-12-05,29.464,
2019-12-06,30.48,
2019-12-07,34.29,
2019-12-08,39.37,
2019-12-09,40.894,
2019-12-10,42.545,
2019-12-11,42.799,
2019-12-12,47.498,
2019-12-13,46.99,139.7
2019-12-14,55.016,162.56
2019-12-15,54.762,
2019-12-16,53.34,
2019-12-17,,
2019-12-18,,
2019-12-19,,
2019-12-20,,
2019-12-21,,
2019-12-22,,
2019-12-23,,
2019-12-24,,
2019-12-25,,
2019-12-26,,
2019-12-27,,
2019-12-28,,
2019-12-29,,
2019-12-30,,
2019-12-31,,
2020-01-01,,
2020-01-02,,
2020-01-03,,
2020-01-04,,
2020-01-05,,
2020-01-06,,
2020-01-07,,
2020-01-08,,
2020-01-09,,
2020-01-10,,
2020-01-11,,
2020-01-12,,
2020-01-13,,
2020-01-14,,
2020-01-15,,
2020-01-16,,
2020-01-17,,
2020-01-18,,
2020-01-19,,
2020-01-20,,
2020-01-21,,
2020-01-22,,
2020-01-23,,
2020-01-24,,
2020-01-25,,
2020-01-26,,
2020-01-27,,
2020-01-28,,
2020-01-29,,
2020-01-30,,
2020-01-31,,
2020-02-01,,
2020-02-02,,
2020-02-03,,
2020-02-04,,
2020-02-05,,
2020-02-06,,
2020-02-07,,
2020-02-08,,
2020-02-09,,
2020-02-10,,
2020-02-11,,
2020-02-12,,
2020-02-13,,
2020-02-14,,
2020-02-15,,
2020-02-16,,
2020-02-17,,
2020-02-18,,
2020-02-19,,
2020-02-20,,
2020-02-21,,
2020-02-22,,
2020-02-23,,
2020-02-24,,
2020-02-25,,
2020-02-26,,
2020-02-27,,
2020-02-28,,
2020-02-29,,
2020-03-01,,
2020-03-02,,
2020-03-03,,
2020-03-04,,
2020-03-05,,
2020-03-06,,
2020-03-07,,
2020-03-08,,
2020-03-09,,
2020-03-10,,
2020-03-11,,
2020-03-12,,
2020-03-13,,
2020-03-14,,
2020-03-15,,
2020-03-16,,
2020-03-17,,
2020-03-18,,
2020-03-19,,
2020-03-20,,
2020-03-21,,
2020-03-22,,
2020-03-23,,
2020-03-24,,
2020-03-25,,
2020-03-26,,
2020-03-27,,
2020-03-28,,
2020-03-29,,
2020-03-30,,
2020-03-31,,
2020-04-01,,
2020-04-02,,
2020-04-03,,
2020-04-04,,
2020-04-05,,
2020-04-06,,
2020-04-07,,
2020-04-08,,
2020-04-09,,
2020-04-10,,
2020-04-11,,
2020-04-12,,
2020-04-13,,
2020-04-14,,
2020-04-15,,
2020-04-16,,
2020-04-17,,
2020-04-18,,
2020-04-19,,
2020-04-20,,
2020-04-21,,
2020-04-22,,
2020-04-23,,
2020-04-24,,
2020-04-25,,
2020-04-26,,
2020-04-27,,
2020-04-28,,
2020-04-29,,
2020-04-30,,
2020-05-01,,
2020-05-02,,
2020-05-03,,
2020-05-04,,
2020-05-05,,
2020-05-06,,
2020-05-07,,
2020-05-08,,
2020-05-09,,
2020-05-10,,
2020-05-11,,
2020-05-12,,
2020-05-13,,
2020-05-14,,
2020-05-15,,
2020-05-16,,
2020-05-17,,
2020-05-18,,
2020-05-19,,
2020-05-20,,
2020-05-21,,
2020-05-22,,
2020-05-23,,
2020-05-24,,
2020-05-25,,
2020-05-26,,
2020-05-27,,
2020-05-28,,
2020-05-29,,
2020-05-30,,
2020-05-31,,
2020-06-01,,
2020-06-02,,
2020-06-03,,
2020-06-04,,
2020-06-05,,
2020-06-06,,
2020-06-07,,
2020-06-08,,
2020-06-09,,
2020-06-10,,
2020-06-11,,
2020-06-12,,
2020-06-13,,
2020-06-14,,
2020-06-15,,
2020-06-16,,
2020-06-17,,
2020-06-18,,
2020-06-19,,
2020-06-20,,
2020-06-21,,
2020-06-22,,
2020-06-23,,
2020-06-24,,
2020-06-25,,
2020-06-26,,
2020-06-27,,
2020-06-28,,
2020-06-29,,
2020-06-30,,
2020-07-01,,
2020-07-02,,
2020-07-03,,
2020-07-04,,
2020-07-05,,
2020-07-06,,
2020-07-07,,
2020-07-08,,
2020-07-09,,
2020-07-10,,
2020-07-11,,
2020-07-12,,
2020-07-13,,
2020-07-14,,
2020-07-15,,
2020-07-16,,
2020-07-17,,
2020-07-18,,
2020-07-19,,
2020-07-20,,
2020-07-21,,
2020-07-22,,
2020-07-23,,
2020-07-24,,
2020-07-25,,
2020-07-26,,
2020-07-27,,
2020-07-28,,
2020-07-29,,
2020-07-30,,
2020-07-31,,
2020-08-01,,
2020-08-02,,
2020-08-03,,
2020-08-04,,
2020-08-05,,
2020-08-06,,
2020-08-07,,
2020-08-08,,
2020-08-09,,
2020-08-10,,
2020-08-11,,
2020-08-12,,
2020-08-13,,
2020-08-14,,
2020-08-15,,
2020-08-16,,
2020-08-17,,
2020-08-18,,
2020-08-19,,
2020-08-20,,
2020-08-21,,
2020-08-22,,
2020-08-23,,
2020-08-24,,
2020-08-25,,
2020-08-26,,
2020-08-27,,
2020-08-28,,
2020-08-29,,
2020-08-30,,
2020-08-31,,
2020-09-01,,
2020-09-02,,
2020-09-03,,
2020-09-04,,
2020-09-05,,
2020-09-06,,
2020-09-07,,
2020-09-08,,
2020-09-09,,
2020-09-10,,
2020-09-11,,
2020-09-12,,
2020-09-13,,
2020-09-14,,
2020-09-15,,
2020-09-16,,
2020-09-17,,
2020-09-18,,
2020-09-19,,
2020-09-20,,
2020-09-21,,
2020-09-22,,
2020-09-23,,
2020-09-24,,
2020-09-25,,
2020-09-26,,
2020-09-27,,
2020-09-28,,
2020-09-29,,
2020-09-30,,
2020-10-01,,
2020-10-02,,
2020-10-03,,
2020-10-04,,
2020-10-05,,
2020-10-06,,
2020-10-07,,
2020-10-08,,
2020-10-09,,
2020-10-10,,
2020-10-11,,
2020-10-12,,
2020-10-13,,
2020-10-14,,
2020-10-15,,
2020-10-16,,
2020-10-17,,
2020-10-18,,
2020-10-19,,
2020-10-20,,
2020-10-21,,
2020-10-22,,
2020-10-23,,
2020-10-24,,
2020-10-25,,
2020-10-26,,
2020-10-27,,
2020-10-28,,
2020-10-29,,
2020-10-30,,
2020-10-31,,
2020-11-01,,
2020-11-02,,
2020-11-03,,
2020-11-04,,
2020-11-05,,
2020-11-06,,
2020-11-07,,
2020-11-08,,
2020-11-09,,
2020-11-10,,
2020-11-11,,
2020-11-12,,
2020-11-13,,
2020-11-14,,
2020-11-15,,
2020-11-16,,
2020-11-17,,
2020-11-18,,
2020-11-19,,
2020-11-20,,
2020-11-21,,
2020-11-22,,
2020-11-23,,
2020-11-24,,
2020-11-25,,
2020-11-26,,
2020-11-27,,
2020-11-28,,
2020-11-29,,
2020-11-30,,
2020-12-01,,
2020-12-02,,
2020-12-03,,
2020-12-04,,
2020-12-05,,
2020-12-06,,
2020-12-07,,
2020-12-08,,
2020-12-09,,
2020-12-10,,
2020-12-11,,
2020-12-12,,
2020-12-13,,
2020-12-14,,
2020-12-15,,
2020-12-16,,
2020-12-17,,
2020-12-18,,
2020-12-19,,
2020-12-20,,
2020-12-21,,
2020-12-22,,
2020-12-23,,
2020-12-24,,
2020-12-25,,
2020-12-26,,
2020-12-27,,
2020-12-28,,
2020-12-29,,
2020-12-30,,
2020-12-31,,
2021-01-01,,
2021-01-02,,
2021-01-03,,
2021-01-04,,
2021-01-05,,
2021-01-06,,
2021-01-07,,
2021-01-08,,
2021-01-09,,
2021-01-10,,
2021-01-11,,
2021-01-12,,
2021-01-13,,
2021-01-14,,
2021-01-15,,
2021-01-16,,
2021-01-17,,
2021-01-18,,
2021-01-19,,
2021-01-20,,
2021-01-21,,
2021-01-22,,
2021-01-23,,
2021-01-24,,
2021-01-25,,
2021-01-26,,
2021-01-27,,
2021-01-28,,
2021-01-29,,
2021-01-30,,
2021-01-31,,
2021-02-01,,
2021-02-02,,
2021-02-03,,
2021-02-04,,
2021-02-05,,
2021-02-06,,
2021-02-07,,
2021-02-08,,
2021-02-09,,
2021-02-10,,
2021-02-11,,
2021-02-12,,
2021-02-13,,
2021-02-14,,
2021-02-15,,
2021-02-16,,
2021-02-17,,
2021-02-18,,
2021-02-19,,
2021-02-20,,
2021-02-21,,
2021-02-22,,
2021-02-23,,
2021-02-24,,
2021-02-25,,
2021-02-26,,
2021-02-27,,
2021-02-28,,
2021-03-01,,
2021-03-02,,
2021-03-03,,
2021-03-04,,
2021-03-05,,
2021-03-06,,
2021-03-07,,
2021-03-08,,
2021-03-09,,
2021-03-10,,
2021-03-11,,
2021-03-12,,
2021-03-13,,
2021-03-14,,
2021-03-15,,
2021-03-16,,
2021-03-17,,
2021-03-18,,
2021-03-19,,
2021-03-20,,
2021-03-21,,
2021-03-22,,
2021-03-23,,
2021-03-24,,
2021-03-25,,
2021-03-26,,
2021-03-27,,
2021-03-28,,
2021-03-29,,
2021-03-30,,
2021-03-31,,
2021-04-01,,
2021-04-02,,
2021-04-03,,
2021-04-04,,
2021-04-05,,
2021-04-06,,
2021-04-07,,
2021-04-08,,
2021-04-09,,
2021-04-10,,
2021-04-11,,
2021-04-12,,
2021-04-13,,
2021-04-14,,
2021-04-15,,
2021-04-16,,
2021-04-17,,
2021-04-18,,
2021-04-19,,
2021-04-20,,
2021-04-21,,
2021-04-22,,
2021-04-23,,
2021-04-24,,
2021-04-25,,
2021-04-26,,
2021-04-27,,
2021-04-28,,
2021-04-29,,
2021-04-30,,
2021-05-01,,
2021-05-02,,
2021-05-03,,
2021-05-04,,
2021-05-05,,
2021-05-06,,
2021-05-07,,
2021-05-08,,
2021-05-09,,
2021-05-10,,
2021-05-11,,
2021-05-12,,
2021-05-13,,
2021-05-14,,
2021-05-15,,
2021-05-16,,
2021-05-17,,
2021-05-18,,
2021-05-19,,
2021-05-20,,
2021-05-21,,
2021-05-22,,
2021-05-23,,
2021-05-24,,
2021-05-25,,
2021-05-26,,
2021-05-27,,
2021-05-28,,
2021-05-29,,
2021-05-30,,
2021-05-31,,
2021-06-01,,
2021-06-02,,
2021-06-03,,
2021-06-04,,
2021-06-05,,
2021-06-06,,
2021-06-07,,
2021-06-08,,
2021-06-09,,
2021-06-10,,
2021-06-11,,
2021-06-12,,
2021-06-13,,
2021-06-14,,
2021-06-15,,
2021-06-16,,
2021-06-17,,
2021-06-18,,
2021-06-19,,
2021-06-20,,
2021-06-21,,
2021-06-22,,
2021-06-23,,
2021-06-24,,
2021-06-25,,
2021-06-26,,
2021-06-27,,
2021-06-28,,
2021-06-29,,
2021-06-30,,
2021-07-01,,
2021-07-02,,
2021-07-03,,
2021-07-04,,
2021-07-05,,
2021-07-06,,
2021-07-07,,
2021-07-08,,
2021-07-09,,
2021-07-10,,
2021-07-11,,
2021-07-12,,
2021-07-13,,
2021-07-14,,
2021-07-15,,
2021-07-16,,
2021-07-17,,
2021-07-18,,
2021-07-19,,
2021-07-20,,
2021-07-21,,
2021-07-22,,
2021-07-23,,
2021-07-24,,
2021-07-25,,
2021-07-26,,
2021-07-27,,
2021-07-28,,
2021-07-29,,
2021-07-30,,
2021-07-31,,
2021-08-01,,
2021-08-02,,
2021-08-03,,
2021-08-04,,
2021-08-05,,
2021-08-06,,
2021-08-07,,
2021-08-08,,
2021-08-09,,
2021-08-10,,
2021-08-11,,
2021-08-12,,
2021-08-13,,
2021-08-14,,
2021-08-15,,
2021-08-16,,
2021-08-17,,
2021-08-18,,
2021-08-19,,
2021-08-20,,
2021-08-21,,
2021-08-22,,
2021-08-23,,
2021-08-24,,
2021-08-25,,
2021-08-26,,
2021-08-27,,
2021-08-28,,
2021-08-29,,
2021-08-30,,
2021-08-31,,
2021-09-01,,
2021-09-02,,
2021-09-03,,
2021-09-04,,
2021-09-05,,
2021-09-06,,
2021-09-07,,
2021-09-08,,
2021-09-09,,
2021-09-10,,
2021-09-11,,
2021-09-12,,
2021-09-13,,
2021-09-14,,
2021-09-15,,
2021-09-16,,
2021-09-17,,
2021-09-18,,
2021-09-19,,
2021-09-20,,
2021-09-21,,
2021-09-22,,
2021-09-23,,
2021-09-24,,
2021-09-25,,
2021-09-26,,
2021-09-27,,
2021-09-28,,
2021-09-29,,
2021-09-30,,
2021-10-01,,
2021-10-02,,
2021-10-03,,
2021-10-04,,
2021-10-05,,
2021-10-06,,
2021-10-07,,
2021-10-08,,
2021-10-09,,
2021-10-10,,
2021-10-11,,
2021-10-12,,
2021-10-13,,
2021-10-14,,
2021-10-15,,
2021-10-16,,
2021-10-17,,
2021-10-18,,
2021-10-19,,
2021-10-20,,
2021-10-21,,
2021-10-22,,
2021-10-23,,
2021-10-24,,
2021-10-25,,
2021-10-26,,
2021-10-27,,
2021-10-28,,
2021-10-29,,
2021-10-30,,
2021-10-31,,
2021-11-01,,
2021-11-02,,
2021-11-03,,
2021-11-04,,
2021-11-05,,
2021-11-06,,
2021-11-07,,
2021-11-08,,
2021-11-09,,
2021-11-10,,
2021-11-11,,
2021-11-12,,
2021-11-13,,
2021-11-14,,
2021-11-15,,
2021-11-16,,
2021-11-17,,
2021-11-18,,
2021-11-19,,
2021-11-20,,
2021-11-21,,
2021-11-22,,
2021-11-23,,
2021-11-24,,
2021-11-25,,
2021-11-26,,
2021-11-27,,
2021-11-28,,
2021-11-29,,
2021-11-30,,
2021-12-01,,
2021-12-02,,
2021-12-03,,
2021-12-04,,
2021-12-05,,
2021-12-06,,
2021-12-07,,
2021-12-08,,
2021-12-09,,
2021-12-10,,
2021-12-11,,
2021-12-12,,
2021-12-13,,
2021-12-14,,
2021-12-15,,
2021-12-16,,
2021-12-17,,
2021-12-18,,
2021-12-19,,
2021-12-20,,
2021-12-21,,
2021-12-22,,
2021-12-23,,
2021-12-24,,
2021-12-25,,
2021-12-26,,
2021-12-27,,
2021-12-28,,
2021-12-29,,
2021-12-30,,
2021-12-31,,
2022-01-01,,
2022-01-02,,
2022-01-03,,
2022-01-04,,
2022-01-05,,
2022-01-06,,
2022-01-07,,
2022-01-08,,
2022-01-09,,
2022-01-10,,
2022-01-11,,
2022-01-12,,
2022-01-13,,
2022-01-14,,
2022-01-15,,
2022-01-16,,
2022-01-17,,
2022-01-18,,
2022-01-19,,
2022-01-20,,
2022-01-21,,
2022-01-22,,
2022-01-23,,
2022-01-24,,
2022-01-25,,
2022-01-26,,
2022-01-27,,
2022-01-28,,
2022-01-29,,
2022-01-30,,
2022-01-31,,
2022-02-01,,
2022-02-02,,
2022-02-03,,
2022-02-04,,
2022-02-05,,
2022-02-06,,
2022-02-07,,
2022-02-08,,
2022-02-09,,
2022-02-10,,
2022-02-11,,
2022-02-12,,
2022-02-13,,
2022-02-14,,
2022-02-15,,
2022-02-16,,
2022-02-17,,
2022-02-18,,
2022-02-19,,
2022-02-20,,
2022-02-21,,
2022-02-22,,
2022-02-23,,
2022-02-24,,
2022-02-25,,
2022-02-26,,
2022-02-27,,
2022-02-28,,
2022-03-01,,
2022-03-02,,
2022-03-03,,
2022-03-04,,
2022-03-05,,
2022-03-06,,
2022-03-07,,
2022-03-08,,
2022-03-09,,
2022-03-10,,
2022-03-11,,
2022-03-12,,
2022-03-13,,
2022-03-14,,
2022-03-15,,
2022-03-16,,
2022-03-17,,
2022-03-18,,
2022-03-19,,
2022-03-20,,
2022-03-21,,
2022-03-22,,
2022-03-23,,
2022-03-24,,
2022-03-25,,
2022-03-26,,
2022-03-27,,
2022-03-28,,
2022-03-29,,
2022-03-30,,
2022-03-31,,
2022-04-01,,
2022-04-02,,
2022-04-03,,
2022-04-04,,
2022-04-05,,
2022-04-06,,
2022-04-07,,
2022-04-08,,
2022-04-09,,
2022-04-10,,
2022-04-11,,
2022-04-12,,
2022-04-13,,
2022-04-14,,
2022-04-15,,
2022-04-16,,
2022-04-17,,
2022-04-18,,
2022-04-19,,
2022-04-20,,
2022-04-21,,
2022-04-22,,
2022-04-23,,
2022-04-24,,
2022-04-25,,
2022-04-26,,
2022-04-27,,
2022-04-28,,
2022-04-29,,
2022-04-30,,
2022-05-01,,
2022-05-02,,
2022-05-03,,
2022-05-04,,
2022-05-05,,
2022-05-06,,
2022-05-07,,
2022-05-08,,
2022-05-09,,
2022-05-10,,
2022-05-11,,
2022-05-12,,
2022-05-13,,
2022-05-14,,
2022-05-15,,
2022-05-16,,
2022-05-17,,
2022-05-18,,
2022-05-19,,
2022-05-20,,
2022-05-21,,
2022-05-22,,
2022-05-23,,
2022-05-24,,
2022-05-25,,
2022-05-26,,
2022-05-27,,
2022-05-28,,
2022-05-29,,
2022-05-30,,
2022-05-31,,
2022-06-01,,
2022-06-02,,
2022-06-03,,
2022-06-04,,
2022-06-05,,
2022-06-06,,
2022-06-07,,
2022-06-08,,
2022-06-09,,
2022-06-10,,
2022-06-11,,
2022-06-12,,
2022-06-13,,
2022-06-14,,
2022-06-15,,
2022-06-16,,
2022-06-17,,
2022-06-18,,
2022-06-19,,
2022-06-20,,
2022-06-21,,
2022-06-22,,
2022-06-23,,
2022-06-24,,
2022-06-25,,
2022-06-26,,
2022-06-27,,
2022-06-28,,
2022-06-29,,
2022-06-30,,
2022-07-01,,
2022-07-02,,
2022-07-03,,
2022-07-04,,
2022-07-05,,
2022-07-06,,
2022-07-07,,
2022-07-08,,
2022-07-09,,
2022-07-10,,
2022-07-11,,
2022-07-12,,
2022-07-13,,
2022-07-14,,
2022-07-15,,
2022-07-16,,
2022-07-17,,
2022-07-18,,
2022-07-19,,
2022-07-20,,
2022-07-21,,
2022-07-22,,
2022-07-23,,
2022-07-24,,
2022-07-25,,
2022-07-26,,
2022-07-27,,
2022-07-28,,
2022-07-29,,
2022-07-30,,
2022-07-31,,
2022-08-01,,
2022-08-02,,
2022-08-03,,
2022-08-04,,
2022-08-05,,
2022-08-06,,
2022-08-07,,
2022-08-08,,
2022-08-09,,
2022-08-10,,
2022-08-11,,
2022-08-12,,
2022-08-13,,
2022-08-14,,
2022-08-15,,
2022-08-16,,
2022-08-17,,
2022-08-18,,
2022-08-19,,
2022-08-20,,
2022-08-21,,
2022-08-22,,
2022-08-23,,
2022-08-24,,
2022-08-25,,
2022-08-26,,
2022-08-27,,
2022-08-28,,
2022-08-29,,
2022-08-30,,
2022-08-31,,
2022-09-01,,
2022-09-02,,
2022-09-03,,
2022-09-04,,
2022-09-05,,
2022-09-06,,
2022-09-07,,
2022-09-08,,
2022-09-09,,
2022-09-10,,
2022-09-11,,
2022-09-12,,
2022-09-13,,
2022-09-14,,
2022-09-15,,
2022-09-16,,
2022-09-17,,
2022-09-18,,
2022-09-19,,
2022-09-20,,
2022-09-21,,
2022-09-22,,
2022-09-23,,
2022-09-24,,
2022-09-25,,
2022-09-26,,
2022-09-27,,
2022-09-28,,
2022-09-29,,
2022-09-30,,
2022-10-01,,
2022-10-02,,
2022-10-03,,
2022-10-04,,
2022-10-05,,
2022-10-06,,
2022-10-07,,
2022-10-08,,
2022-10-09,,
2022-10-10,,
2022-10-11,,
2022-10-12,,
2022-10-13,,
2022-10-14,,
2022-10-15,,
2022-10-16,,
2022-10-17,,
2022-10-18,,
2022-10-19,,
2022-10-20,,
2022-10-21,,
2022-10-22,,
2022-10-23,,
2022-10-24,,
2022-10-25,,
2022-10-26,,
2022-10-27,,
2022-10-28,,
2022-10-29,,
2022-10-30,,
2022-10-31,,
2022-11-01,,
2022-11-02,,
2022-11-03,,
2022-11-04,,
2022-11-05,,
2022-11-06,,
2022-11-07,,
2022-11-08,,
2022-11-09,,
2022-11-10,,
2022-11-11,,
2022-11-12,,
2022-11-13,,
2022-11-14,,
2022-11-15,,
2022-11-16,,
2022-11-17,,
2022-11-18,,
2022-11-19,,
2022-11-20,,
2022-11-21,,
2022-11-22,,
2022-11-23,,
2022-11-24,,
2022-11-25,,
2022-11-26,,
2022-11-27,,
2022-11-28,,
2022-11-29,,
2022-11-30,,
2022-12-01,,
2022-12-02,,
2022-12-03,,
2022-12-04,,
2022-12-05,,
2022-12-06,,
2022-12-07,,
2022-12-08,,
2022-12-09,,
2022-12-10,,
2022-12-11,,
2022-12-12,,
2022-12-13,,
2022-12-14,,
2022-12-15,,
2022-12-16,,
2022-12-17,,
2022-12-18,,
2022-12-19,,
2022-12-20,,
2022-12-21,,
2022-12-22,,
2022-12-23,,
2022-12-24,,
2022-12-25,,
2022-12-26,,
2022-12-27,,
2022-12-28,,
2022-12-29,,
2022-12-30,,
2022-12-31,,
2023-01-01,,
2023-01-02,,
2023-01-03,,
2023-01-04,,
2023-01-05,,
2023-01-06,,
2023-01-07,,
2023-01-08,,
2023-01-09,,
2023-01-10,,
2023-01-11,,
2023-01-12,,
2023-01-13,,
2023-01-14,,
2023-01-15,,
2023-01-16,,
2023-01-17,,
2023-01-18,,
2023-01-19,,
2023-01-20,,
2023-01-21,,
2023-01-22,,
2023-01-23,,
2023-01-24,,
2023-01-25,,
2023-01-26,,
2023-01-27,,
2023-01-28,,
2023-01-29,,
2023-01-30,,
2023-01-31,,
2023-02-01,,
2023-02-02,,
2023-02-03,,
2023-02-04,,
2023-02-05,,
2023-02-06,,
2023-02-07,,
2023-02-08,,
2023-02-09,,
2023-02-10,,
2023-02-11,,
2023-02-12,,
2023-02-13,,
2023-02-14,,
2023-02-15,,
2023-02-16,,
2023-02-17,,
2023-02-18,,
2023-02-19,,
2023-02-20,,
2023-02-21,,
2023-02-22,,
2023-02-23,,
2023-02-24,,
2023-02-25,,
2023-02-26,,
2023-02-27,,
2023-02-28,,
2023-03-01,,
2023-03-02,,
2023-03-03,,
2023-03-04,,
2023-03-05,,
2023-03-06,,
2023-03-07,,
2023-03-08,,
2023-03-09,,
2023-03-10,,
2023-03-11,,
2023-03-12,,
2023-03-13,,
2023-03-14,,
2023-03-15,,
2023-03-16,,
2023-03-17,,
2023-03-18,,
2023-03-19,,
2023-03-20,,
2023-03-21,,
2023-03-22,,
2023-03-23,,
2023-03-24,,
2023-03-25,,
2023-03-26,,
2023-03-27,,
2023-03-28,,
2023-03-29,,
2023-03-30,,
2023-03-31,,
2023-04-01,,
2023-04-02,,
2023-04-03,,
2023-04-04,,
2023-04-05,,
2023-04-06,,
2023-04-07,,
2023-04-08,,
2023-04-09,,
2023-04-10,,
2023-04-11,,
2023-04-12,,
2023-04-13,,
2023-04-14,,
2023-04-15,,
2023-04-16,,
2023-04-17,,
2023-04-18,,
2023-04-19,,
2023-04-20,,
2023-04-21,,
2023-04-22,,
2023-04-23,,
2023-04-24,,
2023-04-25,,
2023-04-26,,
2023-04-27,,
2023-04-28,,
2023-04-29,,
2023-04-30,,
2023-05-01,,
2023-05-02,,
2023-05-03,,
2023-05-04,,
2023-05-05,,
2023-05-06,,
2023-05-07,,
2023-05-08,,
2023-05-09,,
2023-05-10,,
2023-05-11,,
2023-05-12,,
2023-05-13,,
2023-05-14,,
2023-05-15,,
2023-05-16,,
2023-05-17,,
2023-05-18,,
2023-05-19,,
2023-05-20,,
2023-05-21,,
2023-05-22,,
2023-05-23,,
2023-05-24,,
2023-05-25,,
2023-05-26,,
2023-05-27,,
2023-05-28,,
2023-05-29,,
2023-05-30,,
2023-05-31,,
2023-06-01,,
2023-06-02,,
2023-06-03,,
2023-06-04,,
2023-06-05,,
2023-06-06,,
2023-06-07,,
2023-06-08,,
2023-06-09,,
2023-06-10,,
2023-06-11,,
2023-06-12,,
2023-06-13,,
2023-06-14,,
2023-06-15,,
2023-06-16,,
2023-06-17,,
2023-06-18,,
2023-06-19,,
2023-06-20,,
2023-06-21,,
2023-06-22,,
2023-06-23,,
2023-06-24,,
2023-06-25,,
2023-06-26,,
2023-06-27,,
2023-06-28,,
2023-06-29,,
2023-06-30,,
2023-07-01,,
2023-07-02,,
2023-07-03,,
2023-07-04,,
2023-07-05,,
2023-07-06,,
2023-07-07,,
2023-07-08,,
2023-07-09,,
2023-07-10,,
2023-07-11,,
2023-07-12,,
2023-07-13,,
2023-07-14,,
2023-07-15,,
2023-07-16,,
2023-07-17,,
2023-07-18,,
2023-07-19,,
2023-07-20,,
2023-07-21,,
2023-07-22,,
2023-07-23,,
2023-07-24,,
2023-07-25,,
2023-07-26,,
2023-07-27,,
2023-07-28,,
2023-07-29,,
2023-07-30,,
2023-07-31,,
2023-08-01,,
2023-08-02,,
2023-08-03,,
2023-08-04,,
2023-08-05,,
2023-08-06,,
2023-08-07,,
2023-08-08,,
2023-08-09,,
2023-08-10,,
2023-08-11,,
2023-08-12,,
2023-08-13,,
2023-08-14,,
2023-08-15,,
2023-08-16,,
2023-08-17,,
2023-08-18,,
2023-08-19,,
2023-08-20,,
2023-08-21,,
2023-08-22,,
2023-08-23,,
2023-08-24,,
2023-08-25,,
2023-08-26,,
2023-08-27,,
2023-08-28,,
2023-08-29,,
2023-08-30,,
2023-08-31,,
2023-09-01,,
2023-09-02,,
2023-09-03,,
2023-09-04,,
2023-09-05,,
2023-09-06,,
2023-09-07,,
2023-09-08,,
2023-09-09,,
2023-09-10,,
2023-09-11,,
2023-09-12,,
2023-09-13,,
2023-09-14,,
2023-09-15,,
2023-09-16,,
2023-09-17,,
2023-09-18,,
2023-09-19,,
2023-09-20,,
2023-09-21,,
2023-09-22,,
2023-09-23,,
2023-09-24,,
2023-09-25,,
2023-09-26,,
2023-09-27,,
2023-09-28,,
2023-09-29,,
2023-09-30,,
2023-10-01,,
2023-10-02,,
2023-10-03,,
2023-10-04,,
2023-10-05,,
2023-10-06,,
2023-10-07,,
2023-10-08,,
2023-10-09,,
2023-10-10,,
2023-10-11,,
2023-10-12,,
2023-10-13,,
2023-10-14,,
2023-10-15,,
2023-10-16,,
2023-10-17,,
2023-10-18,,
2023-10-19,,
2023-10-20,,
2023-10-21,,
2023-10-22,,
2023-10-23,,
2023-10-24,,
2023-10-25,,
2023-10-26,,
2023-10-27,,
2023-10-28,,
2023-10-29,,
2023-10-30,,
2023-10-31,,
2023-11-01,,
2023-11-02,,
2023-11-03,,
2023-11-04,,
2023-11-05,,
2023-11-06,,
2023-11-07,,
2023-11-08,,
2023-11-09,,
2023-11-10,,
2023-11-11,,
2023-11-12,,
2023-11-13,,
2023-11-14,,
2023-11-15,,
2023-11-16,,
2023-11-17,,
2023-11-18,,
2023-11-19,,
2023-11-20,,
2023-11-21,,
2023-11-22,,
2023-11-23,,
2023-11-24,,
2023-11-25,,
2023-11-26,,
2023-11-27,,
2023-11-28,,
2023-11-29,,
2023-11-30,,
2023-12-01,,
2023-12-02,,
2023-12-03,,
2023-12-04,,
2023-12-05,,
2023-12-06,,
2023-12-07,,
2023-12-08,,
2023-12-09,,
2023-12-10,,
2023-12-11,,
2023-12-12,,
2023-12-13,,
2023-12-14,,
2023-12-15,,
2023-12-16,,
2023-12-17,,
2023-12-18,,
2023-12-19,,
2023-12-20,,
2023-12-21,,
2023-12-22,,
2023-12-23,,
2023-12-24,,
2023-12-25,,
2023-12-26,,
2023-12-27,,
2023-12-28,,
2023-12-29,,
2023-12-30,,
2023-12-31,,
2024-01-01,,
2024-01-02,,
2024-01-03,,
2024-01-04,,
2024-01-05,,
2024-01-06,,
2024-01-07,,
2024-01-08,,
2024-01-09,,
2024-01-10,,
2024-01-11,,
2024-01-12,,
2024-01-13,,
2024-01-14,,
2024-01-15,,
2024-01-16,,
2024-01-17,,
2024-01-18,,
2024-01-19,,
2024-01-20,,
2024-01-21,,
2024-01-22,,
2024-01-23,,
2024-01-24,,
2024-01-25,,
2024-01-26,,
2024-01-27,,
2024-01-28,,
2024-01-29,,
2024-01-30,,
2024-01-31,,
2024-02-01,,
2024-02-02,,
2024-02-03,,
2024-02-04,,
2024-02-05,,
2024-02-06,,
2024-02-07,,
2024-02-08,,
2024-02-09,,
2024-02-10,,
2024-02-11,,
2024-02-12,,
2024-02-13,,
2024-02-14,,
2024-02-15,,
2024-02-16,,
2024-02-17,,
2024-02-18,,
2024-02-19,,
2024-02-20,,
2024-02-21,,
2024-02-22,,
2024-02-23,,
2024-02-24,,
2024-02-25,,
2024-02-26,,
2024-02-27,,
2024-02-28,,
2024-02-29,,
2024-03-01,,
2024-03-02,,
2024-03-03,,
2024-03-04,,
2024-03-05,,
2024-03-06,,
2024-03-07,,
2024-03-08,,
2024-03-09,,
2024-03-10,,
2024-03-11,,
2024-03-12,,
2024-03-13,,
2024-03-14,,
2024-03-15,,
2024-03-16,,
2024-03-17,,
2024-03-18,,
2024-03-19,,
2024-03-20,,
2024-03-21,,
2024-03-22,,
2024-03-23,,
2024-03-24,,
2024-03-25,,
2024-03-26,,
2024-03-27,,
2024-03-28,,
2024-03-29,,
2024-03-30,,
2024-03-31,,
2024-04-01,,
2024-04-02,,
2024-04-03,,
2024-04-04,,
2024-04-05,,
2024-04-06,,
2024-04-07,,
2024-04-08,,
2024-04-09,,
2024-04-10,,
2024-04-11,,
2024-04-12,,
2024-04-13,,
2024-04-14,,
2024-04-15,,
2024-04-16,,
2024-04-17,,
2024-04-18,,
2024-04-19,,
2024-04-20,,
2024-04-21,,
2024-04-22,,
2024-04-23,,
2024-04-24,,
2024-04-25,,
2024-04-26,,
2024-04-27,,
2024-04-28,,
2024-04-29,,
2024-04-30,,
2024-05-01,,
2024-05-02,,
2024-05-03,,
2024-05-04,,
2024-05-05,,
2024-05-06,,
2024-05-07,,
2024-05-08,,
2024-05-09,,
2024-05-10,,
2024-05-11,,
2024-05-12,,
2024-05-13,,
2024-05-14,,
2024-05-15,,
2024-05-16,,
2024-05-17,,
2024-05-18,,
2024-05-19,,
2024-05-20,,
2024-05-21,,
2024-05-22,,
2024-05-23,,
2024-05-24,,
2024-05-25,,
2024-05-26,,
2024-05-27,,
2024-05-28,,
2024-05-29,,
2024-05-30,,
2024-05-31,,
2024-06-01,,
2024-06-02,,
2024-06-03,,
2024-06-04,,
2024-06-05,,
2024-06-06,,
2024-06-07,,
2024-06-08,,
2024-06-09,,
2024-06-10,,
2024-06-11,,
2024-06-12,,
2024-06-13,,
2024-06-14,,
2024-06-15,,
2024-06-16,,
2024-06-17,,
2024-06-18,,
2024-06-19,,
2024-06-20,,
2024-06-21,,
2024-06-22,,
2024-06-23,,
2024-06-24,,
2024-06-25,,
2024-06-26,,
2024-06-27,,
2024-06-28,,
2024-06-29,,
2024-06-30,,
2024-07-01,,
2024-07-02,,
2024-07-03,,
2024-07-04,,
2024-07-05,,
2024-07-06,,
2024-07-07,,
2024-07-08,,
2024-07-09,,
2024-07-10,,
2024-07-11,,
2024-07-12,,
2024-07-13,,
2024-07-14,,
2024-07-15,,
2024-07-16,,
2024-07-17,,
2024-07-18,,
2024-07-19,,
2024-07-20,,
2024-07-21,,
2024-07-22,,
2024-07-23,,
2024-07-24,,
2024-07-25,,
2024-07-26,,
2024-07-27,,
2024-07-28,,
2024-07-29,,
2024-07-30,,
2024-07-31,,
2024-08-01,,
2024-08-02,,
2024-08-03,,
2024-08-04,,
2024-08-05,,
2024-08-06,,
2024-08-07,,
2024-08-08,,
2024-08-09,,
2024-08-10,,
2024-08-11,,
2024-08-12,,
2024-08-13,,
2024-08-14,,
2024-08-15,,
2024-08-16,,
2024-08-17,,
2024-08-18,,
2024-08-19,,
2024-08-20,,
2024-08-21,,
2024-08-22,,
2024-08-23,,
2024-08-24,,
2024-08-25,,
2024-08-26,,
2024-08-27,,
2024-08-28,,
2024-08-29,,
2024-08-30,,
2024-08-31,,
2024-09-01,,
2024-09-02,,
2024-09-03,,
2024-09-04,,
2024-09-05,,
2024-09-06,,
2024-09-07,,
2024-09-08,,
2024-09-09,,
2024-09-10,,
2024-09-11,,
2024-09-12,,
2024-09-13,,
2024-09-14,,
2024-09-15,,
2024-09-16,,
2024-09-17,,
2024-09-18,,
2024-09-19,,
2024-09-20,,
2024-09-21,,
2024-09-22,,
2024-09-23,,
2024-09-24,,
2024-09-25,,
2024-09-26,,
2024-09-27,,
2024-09-28,,
2024-09-29,,
2024-09-30,,
2024-10-01,,
2024-10-02,,
2024-10-03,,
2024-10-04,,
2024-10-05,,
2024-10-06,,
2024-10-07,,
2024-10-08,,
2024-10-09,,
2024-10-10,,
2024-10-11,,
2024-10-12,,
2024-10-13,,
2024-10-14,,
2024-10-15,,
2024-10-16,,
2024-10-17,,
2024-10-18,,
2024-10-19,,
2024-10-20,,
2024-10-21,,
2024-10-22,,
2024-10-23,,
2024-10-24,,
2024-10-25,,
2024-10-26,,
2024-10-27,,
2024-10-28,,
2024-10-29,,
2024-10-30,,
2024-10-31,,
2024-11-01,,
2024-11-02,,
2024-11-03,,
2024-11-04,,
2024-11-05,,
2024-11-06,,
2024-11-07,,
2024-11-08,,
2024-11-09,,
2024-11-10,,
2024-11-11,,
2024-11-12,,
2024-11-13,,
2024-11-14,,
2024-11-15,,
2024-11-16,,
2024-11-17,,
2024-11-18,,
2024-11-19,,
2024-11-20,,
2024-11-21,,
2024-11-22,,
2024-11-23,,
2024-11-24,,
2024-11-25,,
2024-11-26,,
2024-11-27,,
2024-11-28,,
2024-11-29,,
2024-11-30,,
2024-12-01,,
2024-12-02,,
2024-12-03,,
2024-12-04,,
2024-12-05,,
2024-12-06,,
2024-12-07,,
2024-12-08,,
2024-12-09,,
2024-12-10,,
2024-12-11,,
2024-12-12,,
2024-12-13,,
2024-12-14,,
2024-12-15,,
2024-12-16,,
2024-12-17,,
2024-12-18,,
2024-12-19,,
2024-12-20,,
2024-12-21,,
2024-12-22,,
2024-12-23,,
2024-12-24,,
2024-12-25,,
2024-12-26,,
2024-12-27,,
2024-12-28,,
2024-12-29,,
2024-12-30,,
2024-12-31,,
2025-01-01,,
2025-01-02,,
2025-01-03,,
2025-01-04,,
2025-01-05,,
2025-01-06,,
2025-01-07,,
2025-01-08,,
2025-01-09,,
2025-01-10,,
2025-01-11,,
2025-01-12,,
2025-01-13,,
2025-01-14,,
2025-01-15,,
2025-01-16,,
2025-01-17,,
2025-01-18,,
2025-01-19,,
2025-01-20,,
2025-01-21,,
2025-01-22,,
2025-01-23,,
2025-01-24,,
2025-01-25,,
2025-01-26,,
2025-01-27,,
2025-01-28,,
2025-01-29,,
2025-01-30,,
2025-01-31,,
2025-02-01,,
2025-02-02,,
2025-02-03,,
2025-02-04,,
2025-02-05,,
2025-02-06,,
2025-02-07,,
2025-02-08,,
2025-02-09,,
2025-02-10,,
2025-02-11,,
2025-02-12,,
2025-02-13,,
2025-02-14,,
2025-02-15,,
2025-02-16,,
2025-02-17,,
2025-02-18,,
2025-02-19,,
2025-02-20,,
2025-02-21,,
2025-02-22,,
2025-02-23,,
2025-02-24,,
2025-02-25,,
2025-02-26,,
2025-02-27,,
2025-02-28,,
2025-03-01,,
2025-03-02,,
2025-03-03,,
2025-03-04,,
2025-03-05,,
2025-03-06,,
2025-03-07,,
2025-03-08,,
2025-03-09,,
2025-03-10,,
2025-03-11,,
2025-03-12,,
2025-03-13,,
2025-03-14,,
2025-03-15,,
2025-03-16,,
2025-03-17,,
2025-03-18,,
2025-03-19,,
2025-03-20,,
2025-03-21,,
2025-03-22,,
2025-03-23,,
2025-03-24,,
2025-03-25,,
2025-03-26,,
2025-03-27,,
2025-03-28,,
2025-03-29,,
2025-03-30,,
2025-03-31,,
2025-04-01,,
2025-04-02,,
2025-04-03,,
2025-04-04,,
2025-04-05,,
2025-04-06,,
2025-04-07,,
2025-04-08,,
2025-04-09,,
2025-04-10,,
2025-04-11,,
2025-04-12,,
2025-04-13,,
2025-04-14,,
2025-04-15,,
2025-04-16,,
2025-04-17,,
2025-04-18,,
2025-04-19,,
2025-04-20,,
2025-04-21,,
2025-04-22,,
2025-04-23,,
2025-04-24,,
2025-04-25,,
2025-04-26,,
2025-04-27,,
2025-04-28,,
2025-04-29,,
2025-04-30,,
2025-05-01,,
2025-05-02,,
2025-05-03,,
2025-05-04,,
2025-05-05,,
2025-05-06,,
2025-05-07,,
2025-05-08,,
2025-05-09,,
2025-05-10,,
2025-05-11,,
2025-05-12,,
2025-05-13,,
2025-05-14,,
2025-05-15,,
2025-05-16,,
2025-05-17,,
2025-05-18,,
2025-05-19,,
2025-05-20,,
2025-05-21,,
2025-05-22,,
2025-05-23,,
2025-05-24,,
2025-05-25,,
2025-05-26,,
2025-05-27,,
2025-05-28,,
2025-05-29,,
2025-05-30,,
2025-05-31,,
2025-06-01,,
2025-06-02,,
2025-06-03,,
2025-06-04,,
2025-06-05,,
2025-06-06,,
2025-06-07,,
2025-06-08,,
2025-06-09,,
2025-06-10,,
2025-06-11,,
2025-06-12,,
2025-06-13,,
2025-06-14,,
2025-06-15,,
2025-06-16,,
2025-06-17,,
2025-06-18,,
2025-06-19,,
2025-06-20,,
2025-06-21,,
2025-06-22,,
2025-06-23,,
2025-06-24,,
2025-06-25,,
2025-06-26,,
2025-06-27,,
2025-06-28,,
2025-06-29,,
2025-06-30,,
2025-07-01,,
2025-07-02,,
2025-07-03,,
2025-07-04,,
2025-07-05,,
2025-07-06,,
2025-07-07,,
2025-07-08,,
2025-07-09,,
2025-07-10,,
2025-07-11,,
2025-07-12,,
2025-07-13,,
2025-07-14,,
2025-07-15,,
2025-07-16,,
2025-07-17,,
2025-07-18,,
2025-07-19,,
2025-07-20,,
2025-07-21,,
2025-07-22,,
2025-07-23,,
2025-07-24,,
2025-07-25,,
2025-07-26,,
2025-07-27,,
2025-07-28,,
2025-07-29,,
2025-07-30,,
2025-07-31,,
2025-08-01,,
2025-08-02,,
2025-08-03,,
2025-08-04,,
2025-08-05,,
2025-08-06,,
2025-08-07,,
2025-08-08,,
2025-08-09,,
2025-08-10,,
2025-08-11,,
2025-08-12,,
2025-08-13,,
2025-08-14,,
2025-08-15,,
2025-08-16,,
2025-08-17,,
2025-08-18,,
2025-08-19,,
2025-08-20,,
2025-08-21,,
2025-08-22,,
2025-08-23,,
2025-08-24,,
2025-08-25,,
2025-08-26,,
2025-08-27,,
2025-08-28,,
2025-08-29,,
2025-08-30,,
2025-08-31,,
2025-09-01,,
2025-09-02,,
2025-09-03,,
2025-09-04,,
2025-09-05,,
2025-09-06,,
2025-09-07,,
2025-09-08,,
2025-09-09,,
2025-09-10,,
2025-09-11,,
2025-09-12,,
2025-09-13,,
2025-09-14,,
2025-09-15,,
2025-09-16,,
2025-09-17,,
2025-09-18,,
2025-09-19,,
2025-09-20,,
2025-09-21,,
2025-09-22,,
2025-09-23,,
2025-09-24,,2.54
2025-09-25,,2.54
2025-09-26,,2.54
2025-09-27,,2.54
2025-09-28,,2.54
2025-09-29,,2.54
2025-09-30,,0.0
2025-10-01,0.0,2.54
2025-10-02,0.0,2.54
2025-10-03,0.0,2.54
2025-10-04,0.0,2.54
2025-10-05,0.0,2.54
2025-10-06,0.0,2.54
2025-10-07,0.0,2.54
2025-10-08,0.0,2.54
2025-10-09,0.0,0.0
2025-10-10,0.0,0.0
2025-10-11,0.0,0.0
2025-10-12,0.0,2.54
2025-10-13,0.0,0.0
2025-10-14,0.838,10.16
2025-10-15,3.556,43.18
2025-10-16,2.565,30.48
2025-10-17,2.159,25.4
2025-10-18,1.778,17.78
2025-10-19,0.94,10.16
2025-10-20,0.0,5.08
2025-10-21,0.0,0.0
2025-10-22,0.0,0.0
2025-10-23,0.0,0.0
2025-10-24,0.076,0.0
2025-10-25,0.432,0.0
2025-10-26,0.305,2.54
2025-10-27,2.007,10.16
2025-10-28,2.235,10.16
2025-10-29,1.981,7.62
2025-10-30,2.819,5.08
2025-10-31,0.152,2.54
2025-11-01,0.356,0.0
2025-11-02,0.356,0.0
2025-11-03,0.635,0.0
2025-11-04,0.66,0.0
2025-11-05,0.559,0.0
2025-11-06,3.226,5.08
2025-11-07,2.032,5.08
2025-11-08,3.658,2.54
2025-11-09,0.0,0.0
2025-11-10,0.0,0.0
2025-11-11,0.0,0.0
2025-11-12,0.0,0.0
2025-11-13,0.356,0.0
2025-11-14,1.854,10.16
2025-11-15,1.575,7.62
2025-11-16,2.489,17.78
2025-11-17,5.639,35.56
2025-11-18,7.595,58.42
2025-11-19,7.341,50.8
2025-11-20,6.96,45.72
2025-11-21,10.211,78.74
2025-11-22,11.354,78.74
2025-11-23,11.227,73.66
2025-11-24,10.871,68.58
2025-11-25,10.643,66.04
2025-11-26,10.516,63.5
2025-11-27,10.287,60.96
2025-11-28,10.16,58.42
2025-11-29,9.855,55.88
2025-11-30,9.627,53.34
2025-12-01,9.474,53.34
2025-12-02,9.347,53.34
2025-12-03,9.55,50.8
2025-12-04,9.119,53.34
2025-12-05,9.144,50.8
2025-12-06,9.474,50.8
2025-12-07,9.576,50.8
2025-12-08,8.941,50.8
2025-12-09,8.687,48.26
2025-12-10,8.992,48.26
2025-12-11,9.474,48.26
2025-12-12,8.763,48.26
2025-12-13,8.052,48.26
2025-12-14,8.128,48.26
2025-12-15,8.255,48.26
2025-12-16,8.179,45.72
2025-12-17,8.966,35.56
2025-12-18,8.433,30.48
2025-12-19,8.23,27.94
2025-12-20,13.767,43.18
2025-12-21,14.3,45.72
2025-12-22,19.279,66.04
2025-12-23,25.4,93.98
2025-12-24,23.673,83.82
2025-12-25,30.836,139.7
2025-12-26,31.852,132.08
2025-12-27,34.925,147.32
2025-12-28,34.595,142.24
2025-12-29,34.366,139.7
2025-12-30,34.036,137.16
2025-12-31,33.553,134.62
2026-01-01,34.849,121.92
2026-01-02,35.636,134.62
2026-01-03,36.22,139.7
2026-01-04,45.466,190.5
2026-01-05,52.857,231.14
2026-01-06,49.809,218.44
2026-01-07,49.606,215.9
2026-01-08,52.172,241.3
2026-01-09,51.867,233.68
2026-01-10,51.41,228.6
2026-01-11,50.698,223.52
2026-01-12,49.86,220.98
2026-01-13,49.124,218.44
2026-01-14,48.311,215.9
2026-01-15,47.498,210.82
2026-01-16,46.736,208.28
2026-01-17,45.568,208.28
2026-01-18,44.196,205.74
2026-01-19,42.52,203.2
2026-01-20,40.691,203.2
2026-01-21,38.532,200.66
2026-01-22,36.017,198.12
2026-01-23,33.731,198.12
2026-01-24,31.75,195.58
2026-01-25,30.226,195.58
2026-01-26,28.804,195.58
2026-01-27,27.711,193.04
2026-01-28,26.721,200.66
2026-01-29,26.264,200.66
2026-01-30,25.705,200.66
2026-01-31,25.197,198.12
2026-02-01,25.273,198.12
2026-02-02,25.248,195.58
2026-02-03,25.527,195.58
2026-02-04,25.603,195.58
2026-02-05,25.883,193.04
2026-02-06,26.238,190.5
2026-02-07,26.441,193.04
2026-02-08,26.568,190.5
2026-02-09,26.086,187.96
2026-02-10,26.67,187.96
2026-02-11,28.016,195.58
2026-02-12,29.515,203.2
2026-02-13,30.353,200.66
2026-02-14,30.759,198.12
2026-02-15,31.115,195.58
2026-02-16,31.166,190.5
2026-02-17,34.722,248.92
2026-02-18,47.447,398.78
2026-02-19,56.058,426.72
2026-02-20,59.258,434.34
2026-02-21,57.734,406.4
2026-02-22,58.903,355.6
2026-02-23,60.071,335.28
2026-02-24,61.214,307.34
2026-02-25,62.382,274.32
2026-02-26,62.382,256.54
2026-02-27,62.56,248.92
2026-02-28,61.544,243.84
2026-03-01,60.376,236.22
2026-03-02,59.411,233.68
2026-03-03,58.293,233.68
2026-03-04,57.226,231.14
2026-03-05,56.363,231.14
2026-03-06,55.347,231.14
2026-03-07,54.61,228.6
2026-03-08,54.381,228.6
2026-03-09,54.0,223.52
2026-03-10,54.102,215.9
2026-03-11,54.102,213.36
2026-03-12,53.848,213.36
2026-03-13,53.746,208.28
2026-03-14,53.619,205.74
2026-03-15,53.492,200.66
2026-03-16,53.391,193.04
2026-03-17,53.264,190.5
2026-03-18,53.137,177.8
2026-03-19,53.01,170.18
2026-03-20,52.908,167.64
2026-03-21,52.781,160.02
2026-03-22,52.654,149.86
2026-03-23,52.553,144.78
2026-03-24,50.622,132.08
2026-03-25,48.158,127.0
2026-03-26,45.796,121.92
2026-03-27,44.221,116.84
2026-03-28,42.52,111.76
2026-03-29,40.869,109.22
2026-03-30,39.116,104.14
2026-03-31,37.567,99.06
2026-04-01,42.52,137.16
2026-04-02,52.273,185.42
2026-04-03,53.823,182.88
2026-04-04,53.213,177.8
2026-04-05,52.426,172.72
2026-04-06,52.959,162.56
2026-04-07,53.061,152.4
2026-04-08,52.527,147.32
2026-04-09,50.978,139.7
2026-04-10,50.063,134.62
2026-04-11,51.283,152.4
2026-04-12,53.01,182.88
2026-04-13,57.785,226.06
2026-04-14,58.166,208.28
2026-04-15,57.963,193.04
2026-04-16,57.633,182.88
2026-04-17,57.328,175.26
2026-04-18,58.064,170.18
2026-04-19,58.649,162.56
2026-04-20,58.191,157.48
2026-04-21,56.667,154.94
2026-04-22,60.223,200.66
2026-04-23,61.112,203.2
2026-04-24,60.528,185.42
2026-04-25,60.173,180.34
2026-04-26,60.528,182.88
2026-04-27,62.154,203.2
2026-04-28,62.052,187.96
2026-04-29,62.713,190.5
2026-04-30,62.814,180.34
2026-05-01,62.509,172.72
2026-05-02,60.935,165.1
2026-05-03,58.801,157.48
2026-05-04,57.074,157.48
2026-05-05,57.506,185.42
2026-05-06,56.972,162.56
2026-05-07,56.109,149.86
2026-05-08,52.984,139.7
2026-05-09,49.936,129.54
2026-05-10,46.863,119.38
2026-05-11,42.596,101.6
2026-05-12,37.592,86.36
2026-05-13,31.674,68.58
2026-05-14,27.635,60.96
2026-05-15,24.74,43.18
2026-05-16,21.311,33.02
2026-05-17,19.025,27.94
2026-05-18,16.993,25.4
2026-05-19,15.088,22.86
2026-05-20,12.776,17.78
2026-05-21,10.287,12.7
2026-05-22,6.325,0.0
2026-05-23,4.547,0.0
2026-05-24,3.124,0.0
2026-05-25,2.083,0.0
2026-05-26,0.0,0.0
2026-05-27,0.0,7.62
2026-05-28,0.0,12.7
2026-05-29,0.0,10.16
2026-05-30,0.0,2.54
2026-05-31,0.0,0.0
2026-06-01,0.0,0.0
2026-06-02,0.0,0.0
2026-06-03,0.0,0.0
2026-06-04,0.0,0.0
2026-06-05,0.0,0.0
2026-06-06,0.0,0.0
2026-06-07,0.0,0.0
2026-06-08,0.0,0.0
2026-06-09,0.0,0.0
2026-06-10,0.0,0.0
2026-06-11,0.0,0.0
2026-06-12,0.0,0.0
2026-06-13,0.0,0.0
2026-06-14,0.0,0.0
2026-06-15,0.0,0.0
2026-06-16,0.0,0.0
2026-06-17,0.0,0.0
2026-06-18,0.0,0.0
2026-06-19,0.0,0.0
2026-06-20,0.0,0.0
2026-06-21,0.0,0.0
2026-06-22,0.0,0.0
2026-06-23,,
2026-06-24,0.0,0.0
2026-06-25,0.0,0.0
2026-06-26,0.0,0.0
2026-06-27,0.0,0.0
2026-06-28,0.0,0.0
2026-06-29,0.0,2.54
2026-06-30,0.0,0.0
2026-07-01,0.0,0.0
2026-07-02,0.0,0.0
2026-07-03,0.0,2.54
2026-07-04,0.0,2.54
2026-07-05,0.0,2.54
2026-07-06,0.0,0.0
2026-07-07,0.0,2.54
2026-07-08,0.0,0.0
2026-07-09,0.0,0.0
2026-07-10,0.0,2.54
2026-07-11,0.0,2.54
2026-07-12,0.0,0.0
2026-07-13,0.0,2.54
2026-07-14,0.0,2.54
2026-07-15,0.0,2.54
2026-07-16,0.0,0.0
2026-07-17,0.0,0.0
2026-07-18,0.0,0.0
2026-07-19,0.0,0.0
2026-07-20,0.0,0.0
2026-07-21,0.0,0.0
2026-07-22,0.0,0.0
2026-07-23,0.0,0.0
2026-07-24,0.0,0.0
2026-07-25,0.0,0.0
2026-07-26,0.0,0.0
2026-07-27,0.0,0.0
2026-07-28,0.0,0.0
2026-07-29,0.0,2.54
2026-07-30,0.0,0.0
2026-07-31,0.0,0.0
2026-08-01,0.0,0.0
2026-08-02,0.0,0.0
2026-08-03,0.0,2.54
2026-08-04,0.0,2.54
2026-08-05,0.0,2.54
2026-08-06,0.0,2.54
2026-08-07,0.0,2.54
2026-08-08,0.0,2.54
2026-08-09,0.0,2.54
2026-08-10,0.0,2.54
2026-08-11,0.0,2.54
2026-08-12,0.0,2.54
2026-08-13,0.0,2.54
2026-08-14,0.0,2.54
2026-08-15,0.0,2.54
2026-08-16,0.0,2.54
2026-08-17,0.0,2.54
2026-08-18,0.0,2.54
2026-08-19,,
