date,wteq_cm,snwd_cm
1980-10-01,0.0,
1980-10-02,0.0,
1980-10-03,0.0,
1980-10-04,0.0,
1980-10-05,0.0,
1980-10-06,0.0,
1980-10-07,0.0,
1980-10-08,0.0,
1980-10-09,0.0,
1980-10-10,0.0,
1980-10-11,0.0,
1980-10-12,0.762,
1980-10-13,0.762,
1980-10-14,0.762,
1980-10-15,0.762,
1980-10-16,0.762,
1980-10-17,0.762,
1980-10-18,1.016,
1980-10-19,1.016,
1980-10-20,,
1980-10-21,1.016,
1980-10-22,1.016,
1980-10-23,1.016,
1980-10-24,1.016,
1980-10-25,,
1980-10-26,,
1980-10-27,1.016,
1980-10-28,1.016,
1980-10-29,2.032,
1980-10-30,2.794,
1980-10-31,2.794,
1980-11-01,2.794,
1980-11-02,2.794,
1980-11-03,,
1980-11-04,3.048,
1980-11-05,3.048,
1980-11-06,3.048,
1980-11-07,0.0,
1980-11-08,1.27,
1980-11-09,1.27,
1980-11-10,1.27,
1980-11-11,3.048,
1980-11-12,3.048,
1980-11-13,3.048,
1980-11-14,3.048,
1980-11-15,3.302,
1980-11-16,3.302,
1980-11-17,3.556,
1980-11-18,3.556,
1980-11-19,3.556,
1980-11-20,3.556,
1980-11-21,3.556,
1980-11-22,3.556,
1980-11-23,3.556,
1980-11-24,3.556,
1980-11-25,3.556,
1980-11-26,3.556,
1980-11-27,3.556,
1980-11-28,3.556,
1980-11-29,3.556,
1980-11-30,3.556,
1980-12-01,4.318,
1980-12-02,5.08,
1980-12-03,5.588,
1980-12-04,6.35,
1980-12-05,7.112,
1980-12-06,7.62,
1980-12-07,7.62,
1980-12-08,7.62,
1980-12-09,7.62,
1980-12-10,7.62,
1980-12-11,7.62,
1980-12-12,7.62,
1980-12-13,7.62,
1980-12-14,7.62,
1980-12-15,7.62,
1980-12-16,7.62,
1980-12-17,7.62,
1980-12-18,7.62,
1980-12-19,7.62,
1980-12-20,7.366,
1980-12-21,7.112,
1980-12-22,7.112,
1980-12-23,7.112,
1980-12-24,7.112,
1980-12-25,7.112,
1980-12-26,7.112,
1980-12-27,7.112,
1980-12-28,7.112,
1980-12-29,7.112,
1980-12-30,7.112,
1980-12-31,7.112,
1981-01-01,7.112,
1981-01-02,7.112,
1981-01-03,7.112,
1981-01-04,7.112,
1981-01-05,7.112,
1981-01-06,7.112,
1981-01-07,7.112,
1981-01-08,7.112,
1981-01-09,7.112,
1981-01-10,7.112,
1981-01-11,7.112,
1981-01-12,7.112,
1981-01-13,7.112,
1981-01-14,7.112,
1981-01-15,7.112,
1981-01-16,7.112,
1981-01-17,7.112,
1981-01-18,7.112,
1981-01-19,7.112,
1981-01-20,6.858,
1981-01-21,6.858,
1981-01-22,6.858,
1981-01-23,8.382,
1981-01-24,9.652,
1981-01-25,11.176,
1981-01-26,12.7,
1981-01-27,13.97,
1981-01-28,15.494,
1981-01-29,17.018,
1981-01-30,18.542,
1981-01-31,19.812,
1981-02-01,21.336,
1981-02-02,21.844,
1981-02-03,21.844,
1981-02-04,21.844,
1981-02-05,21.844,
1981-02-06,21.844,
1981-02-07,21.844,
1981-02-08,21.844,
1981-02-09,21.844,
1981-02-10,21.844,
1981-02-11,21.844,
1981-02-12,22.606,
1981-02-13,23.368,
1981-02-14,23.876,
1981-02-15,24.638,
1981-02-16,24.638,
1981-02-17,24.638,
1981-02-18,24.638,
1981-02-19,24.638,
1981-02-20,24.638,
1981-02-21,24.638,
1981-02-22,24.638,
1981-02-23,24.638,
1981-02-24,24.892,
1981-02-25,25.146,
1981-02-26,25.146,
1981-02-27,25.4,
1981-02-28,25.654,
1981-03-01,26.416,
1981-03-02,27.432,
1981-03-03,28.194,
1981-03-04,28.194,
1981-03-05,28.702,
1981-03-06,28.956,
1981-03-07,28.956,
1981-03-08,28.956,
1981-03-09,28.956,
1981-03-10,28.956,
1981-03-11,28.956,
1981-03-12,28.956,
1981-03-13,29.464,
1981-03-14,29.718,
1981-03-15,30.226,
1981-03-16,30.48,
1981-03-17,30.988,
1981-03-18,31.242,
1981-03-19,31.75,
1981-03-20,35.814,
1981-03-21,36.322,
1981-03-22,37.084,
1981-03-23,37.084,
1981-03-24,37.084,
1981-03-25,37.084,
1981-03-26,37.338,
1981-03-27,40.64,
1981-03-28,40.64,
1981-03-29,40.64,
1981-03-30,40.64,
1981-03-31,40.64,
1981-04-01,40.386,
1981-04-02,40.386,
1981-04-03,40.386,
1981-04-04,39.878,
1981-04-05,38.862,
1981-04-06,36.83,
1981-04-07,34.798,
1981-04-08,32.258,
1981-04-09,31.242,
1981-04-10,28.702,
1981-04-11,26.416,
1981-04-12,25.4,
1981-04-13,23.368,
1981-04-14,20.828,
1981-04-15,20.066,
1981-04-16,15.494,
1981-04-17,14.478,
1981-04-18,12.192,
1981-04-19,10.922,
1981-04-20,10.414,
1981-04-21,8.636,
1981-04-22,8.128,
1981-04-23,4.318,
1981-04-24,1.27,
1981-04-25,0.0,
1981-04-26,,
1981-04-27,,
1981-04-28,,
1981-04-29,,
1981-04-30,,
1981-05-01,,
1981-05-02,,
1981-05-03,,
1981-05-04,,
1981-05-05,,
1981-05-06,,
1981-05-07,,
1981-05-08,,
1981-05-09,,
1981-05-10,,
1981-05-11,,
1981-05-12,,
1981-05-13,,
1981-05-14,,
1981-05-15,,
1981-05-16,,
1981-05-17,,
1981-05-18,,
1981-05-19,,
1981-05-20,,
1981-05-21,,
1981-05-22,,
1981-05-23,,
1981-05-24,,
1981-05-25,,
1981-05-26,,
1981-05-27,,
1981-05-28,,
1981-05-29,,
1981-05-30,,
1981-05-31,,
1981-06-01,,
1981-06-02,,
1981-06-03,,
1981-06-04,,
1981-06-05,,
1981-06-06,,
1981-06-07,,
1981-06-08,,
1981-06-09,,
1981-06-10,,
1981-06-11,,
1981-06-12,,
1981-06-13,,
1981-06-14,,
1981-06-15,,
1981-06-16,,
1981-06-17,,
1981-06-18,,
1981-06-19,,
1981-06-20,,
1981-06-21,,
1981-06-22,,
1981-06-23,,
1981-06-24,,
1981-06-25,,
1981-06-26,,
1981-06-27,,
1981-06-28,,
1981-06-29,,
1981-06-30,,
1981-07-01,,
1981-07-02,,
1981-07-03,,
1981-07-04,,
1981-07-05,,
1981-07-06,,
1981-07-07,,
1981-07-08,,
1981-07-09,,
1981-07-10,,
1981-07-11,,
1981-07-12,,
1981-07-13,,
1981-07-14,,
1981-07-15,,
1981-07-16,,
1981-07-17,,
1981-07-18,,
1981-07-19,,
1981-07-20,,
1981-07-21,,
1981-07-22,,
1981-07-23,,
1981-07-24,,
1981-07-25,,
1981-07-26,,
1981-07-27,,
1981-07-28,,
1981-07-29,,
1981-07-30,,
1981-07-31,,
1981-08-01,,
1981-08-02,,
1981-08-03,,
1981-08-04,,
1981-08-05,,
1981-08-06,,
1981-08-07,,
1981-08-08,,
1981-08-09,,
1981-08-10,,
1981-08-11,,
1981-08-12,,
1981-08-13,,
1981-08-14,,
1981-08-15,,
1981-08-16,,
1981-08-17,,
1981-08-18,,
1981-08-19,,
1981-08-20,,
1981-08-21,,
1981-08-22,,
1981-08-23,,
1981-08-24,,
1981-08-25,,
1981-08-26,,
1981-08-27,,
1981-08-28,,
1981-08-29,,
1981-08-30,,
1981-08-31,,
1981-09-01,,
1981-09-02,,
1981-09-03,,
1981-09-04,,
1981-09-05,,
1981-09-06,,
1981-09-07,,
1981-09-08,,
1981-09-09,,
1981-09-10,,
1981-09-11,,
1981-09-12,,
1981-09-13,,
1981-09-14,,
1981-09-15,,
1981-09-16,,
1981-09-17,,
1981-09-18,,
1981-09-19,,
1981-09-20,,
1981-09-21,,
1981-09-22,,
1981-09-23,,
1981-09-24,,
1981-09-25,,
1981-09-26,,
1981-09-27,,
1981-09-28,,
1981-09-29,,
1981-09-30,,
1981-10-01,,
1981-10-02,,
1981-10-03,,
1981-10-04,,
1981-10-05,,
1981-10-06,,
1981-10-07,,
1981-10-08,,
1981-10-09,,
1981-10-10,,
1981-10-11,,
1981-10-12,,
1981-10-13,,
1981-10-14,,
1981-10-15,,
1981-10-16,,
1981-10-17,,
1981-10-18,,
1981-10-19,,
1981-10-20,,
1981-10-21,,
1981-10-22,,
1981-10-23,,
1981-10-24,,
1981-10-25,,
1981-10-26,,
1981-10-27,,
1981-10-28,0.0,
1981-10-29,1.778,
1981-10-30,3.302,
1981-10-31,3.302,
1981-11-01,3.302,
1981-11-02,3.302,
1981-11-03,3.048,
1981-11-04,3.048,
1981-11-05,3.048,
1981-11-06,2.794,
1981-11-07,2.794,
1981-11-08,2.794,
1981-11-09,2.794,
1981-11-10,2.54,
1981-11-11,2.54,
1981-11-12,3.302,
1981-11-13,3.81,
1981-11-14,4.572,
1981-11-15,4.572,
1981-11-16,4.572,
1981-11-17,5.08,
1981-11-18,5.334,
1981-11-19,5.842,
1981-11-20,6.35,
1981-11-21,6.604,
1981-11-22,7.112,
1981-11-23,7.366,
1981-11-24,7.366,
1981-11-25,7.62,
1981-11-26,7.62,
1981-11-27,7.874,
1981-11-28,7.874,
1981-11-29,7.874,
1981-11-30,7.874,
1981-12-01,7.874,
1981-12-02,7.874,
1981-12-03,7.874,
1981-12-04,7.874,
1981-12-05,7.874,
1981-12-06,7.874,
1981-12-07,8.128,
1981-12-08,8.382,
1981-12-09,8.636,
1981-12-10,8.636,
1981-12-11,8.89,
1981-12-12,9.144,
1981-12-13,9.398,
1981-12-14,,
1981-12-15,,
1981-12-16,,
1981-12-17,,
1981-12-18,,
1981-12-19,,
1981-12-20,,
1981-12-21,,
1981-12-22,,
1981-12-23,,
1981-12-24,,
1981-12-25,,
1981-12-26,,
1981-12-27,,
1981-12-28,,
1981-12-29,,
1981-12-30,,
1981-12-31,,
1982-01-01,,
1982-01-02,,
1982-01-03,,
1982-01-04,,
1982-01-05,,
1982-01-06,,
1982-01-07,,
1982-01-08,,
1982-01-09,,
1982-01-10,,
1982-01-11,,
1982-01-12,,
1982-01-13,,
1982-01-14,,
1982-01-15,,
1982-01-16,,
1982-01-17,,
1982-01-18,,
1982-01-19,,
1982-01-20,,
1982-01-21,,
1982-01-22,,
1982-01-23,,
1982-01-24,,
1982-01-25,,
1982-01-26,,
1982-01-27,,
1982-01-28,,
1982-01-29,43.18,
1982-01-30,43.18,
1982-01-31,43.18,
1982-02-01,43.18,
1982-02-02,43.18,
1982-02-03,43.18,
1982-02-04,43.18,
1982-02-05,43.18,
1982-02-06,43.18,
1982-02-07,43.18,
1982-02-08,43.18,
1982-02-09,43.18,
1982-02-10,43.18,
1982-02-11,43.18,
1982-02-12,43.18,
1982-02-13,43.18,
1982-02-14,43.18,
1982-02-15,43.942,
1982-02-16,44.958,
1982-02-17,44.958,
1982-02-18,44.958,
1982-02-19,44.958,
1982-02-20,44.958,
1982-02-21,44.958,
1982-02-22,44.958,
1982-02-23,44.958,
1982-02-24,44.958,
1982-02-25,44.958,
1982-02-26,44.958,
1982-02-27,44.958,
1982-02-28,44.958,
1982-03-01,46.228,
1982-03-02,49.276,
1982-03-03,51.816,
1982-03-04,51.816,
1982-03-05,52.07,
1982-03-06,52.578,
1982-03-07,52.578,
1982-03-08,52.578,
1982-03-09,52.832,
1982-03-10,53.086,
1982-03-11,53.34,
1982-03-12,54.102,
1982-03-13,54.356,
1982-03-14,54.356,
1982-03-15,54.864,
1982-03-16,55.626,
1982-03-17,56.134,
1982-03-18,56.642,
1982-03-19,57.15,
1982-03-20,57.15,
1982-03-21,57.15,
1982-03-22,57.15,
1982-03-23,57.15,
1982-03-24,57.15,
1982-03-25,56.896,
1982-03-26,56.896,
1982-03-27,56.642,
1982-03-28,56.388,
1982-03-29,59.436,
1982-03-30,63.5,
1982-03-31,67.056,
1982-04-01,72.39,
1982-04-02,73.66,
1982-04-03,74.422,
1982-04-04,76.454,
1982-04-05,76.962,
1982-04-06,78.486,
1982-04-07,78.74,
1982-04-08,79.248,
1982-04-09,79.248,
1982-04-10,79.248,
1982-04-11,78.74,
1982-04-12,78.232,
1982-04-13,77.724,
1982-04-14,77.216,
1982-04-15,76.454,
1982-04-16,76.454,
1982-04-17,76.454,
1982-04-18,76.454,
1982-04-19,75.438,
1982-04-20,74.422,
1982-04-21,72.644,
1982-04-22,70.866,
1982-04-23,68.58,
1982-04-24,65.278,
1982-04-25,60.706,
1982-04-26,58.674,
1982-04-27,55.626,
1982-04-28,52.578,
1982-04-29,50.038,
1982-04-30,47.498,
1982-05-01,43.18,
1982-05-02,39.116,
1982-05-03,36.068,
1982-05-04,33.02,
1982-05-05,30.48,
1982-05-06,28.194,
1982-05-07,24.384,
1982-05-08,22.352,
1982-05-09,19.812,
1982-05-10,19.812,
1982-05-11,18.796,
1982-05-12,18.796,
1982-05-13,15.494,
1982-05-14,11.684,
1982-05-15,8.636,
1982-05-16,4.318,
1982-05-17,1.016,
1982-05-18,0.0,
1982-05-19,,
1982-05-20,,
1982-05-21,,
1982-05-22,,
1982-05-23,,
1982-05-24,,
1982-05-25,,
1982-05-26,,
1982-05-27,,
1982-05-28,,
1982-05-29,,
1982-05-30,,
1982-05-31,,
1982-06-01,,
1982-06-02,,
1982-06-03,,
1982-06-04,,
1982-06-05,,
1982-06-06,,
1982-06-07,,
1982-06-08,,
1982-06-09,,
1982-06-10,,
1982-06-11,,
1982-06-12,,
1982-06-13,,
1982-06-14,,
1982-06-15,,
1982-06-16,,
1982-06-17,,
1982-06-18,,
1982-06-19,,
1982-06-20,,
1982-06-21,,
1982-06-22,,
1982-06-23,,
1982-06-24,,
1982-06-25,,
1982-06-26,,
1982-06-27,,
1982-06-28,,
1982-06-29,,
1982-06-30,,
1982-07-01,,
1982-07-02,,
1982-07-03,,
1982-07-04,,
1982-07-05,,
1982-07-06,,
1982-07-07,,
1982-07-08,,
1982-07-09,,
1982-07-10,,
1982-07-11,,
1982-07-12,,
1982-07-13,,
1982-07-14,,
1982-07-15,,
1982-07-16,,
1982-07-17,,
1982-07-18,,
1982-07-19,,
1982-07-20,,
1982-07-21,,
1982-07-22,,
1982-07-23,,
1982-07-24,,
1982-07-25,,
1982-07-26,,
1982-07-27,,
1982-07-28,,
1982-07-29,,
1982-07-30,,
1982-07-31,,
1982-08-01,,
1982-08-02,,
1982-08-03,,
1982-08-04,,
1982-08-05,,
1982-08-06,,
1982-08-07,,
1982-08-08,,
1982-08-09,,
1982-08-10,,
1982-08-11,,
1982-08-12,,
1982-08-13,,
1982-08-14,,
1982-08-15,,
1982-08-16,,
1982-08-17,,
1982-08-18,,
1982-08-19,,
1982-08-20,,
1982-08-21,,
1982-08-22,,
1982-08-23,,
1982-08-24,,
1982-08-25,,
1982-08-26,,
1982-08-27,,
1982-08-28,,
1982-08-29,,
1982-08-30,,
1982-08-31,,
1982-09-01,,
1982-09-02,,
1982-09-03,,
1982-09-04,,
1982-09-05,,
1982-09-06,,
1982-09-07,,
1982-09-08,,
1982-09-09,,
1982-09-10,,
1982-09-11,,
1982-09-12,,
1982-09-13,,
1982-09-14,,
1982-09-15,,
1982-09-16,,
1982-09-17,,
1982-09-18,,
1982-09-19,,
1982-09-20,,
1982-09-21,,
1982-09-22,,
1982-09-23,,
1982-09-24,,
1982-09-25,,
1982-09-26,,
1982-09-27,,
1982-09-28,,
1982-09-29,,
1982-09-30,,
1982-10-01,,
1982-10-02,,
1982-10-03,,
1982-10-04,,
1982-10-05,,
1982-10-06,,
1982-10-07,,
1982-10-08,,
1982-10-09,,
1982-10-10,,
1982-10-11,,
1982-10-12,,
1982-10-13,,
1982-10-14,,
1982-10-15,,
1982-10-16,,
1982-10-17,,
1982-10-18,,
1982-10-19,,
1982-10-20,,
1982-10-21,,
1982-10-22,,
1982-10-23,0.0,
1982-10-24,0.254,
1982-10-25,0.508,
1982-10-26,1.27,
1982-10-27,1.524,
1982-10-28,1.524,
1982-10-29,1.27,
1982-10-30,1.27,
1982-10-31,1.016,
1982-11-01,1.016,
1982-11-02,0.762,
1982-11-03,0.762,
1982-11-04,0.508,
1982-11-05,0.508,
1982-11-06,0.254,
1982-11-07,0.254,
1982-11-08,0.254,
1982-11-09,0.762,
1982-11-10,1.778,
1982-11-11,2.54,
1982-11-12,2.54,
1982-11-13,2.54,
1982-11-14,2.54,
1982-11-15,3.048,
1982-11-16,3.81,
1982-11-17,3.81,
1982-11-18,3.81,
1982-11-19,10.922,
1982-11-20,10.922,
1982-11-21,10.922,
1982-11-22,10.922,
1982-11-23,11.43,
1982-11-24,11.43,
1982-11-25,11.43,
1982-11-26,11.176,
1982-11-27,10.922,
1982-11-28,11.176,
1982-11-29,13.208,
1982-11-30,18.034,
1982-12-01,21.082,
1982-12-02,21.082,
1982-12-03,21.082,
1982-12-04,20.828,
1982-12-05,20.574,
1982-12-06,20.066,
1982-12-07,20.066,
1982-12-08,20.32,
1982-12-09,20.32,
1982-12-10,20.32,
1982-12-11,19.812,
1982-12-12,19.812,
1982-12-13,20.32,
1982-12-14,20.32,
1982-12-15,20.574,
1982-12-16,20.574,
1982-12-17,20.574,
1982-12-18,21.082,
1982-12-19,21.082,
1982-12-20,21.336,
1982-12-21,23.368,
1982-12-22,28.448,
1982-12-23,34.798,
1982-12-24,34.798,
1982-12-25,34.798,
1982-12-26,34.798,
1982-12-27,34.544,
1982-12-28,34.544,
1982-12-29,34.544,
1982-12-30,34.29,
1982-12-31,34.29,
1983-01-01,34.29,
1983-01-02,34.036,
1983-01-03,34.036,
1983-01-04,33.782,
1983-01-05,33.528,
1983-01-06,33.528,
1983-01-07,33.528,
1983-01-08,33.528,
1983-01-09,33.528,
1983-01-10,33.528,
1983-01-11,33.274,
1983-01-12,33.274,
1983-01-13,33.274,
1983-01-14,33.274,
1983-01-15,33.274,
1983-01-16,33.274,
1983-01-17,33.274,
1983-01-18,34.29,
1983-01-19,35.052,
1983-01-20,35.306,
1983-01-21,35.814,
1983-01-22,35.814,
1983-01-23,40.386,
1983-01-24,42.926,
1983-01-25,44.704,
1983-01-26,45.212,
1983-01-27,49.022,
1983-01-28,49.53,
1983-01-29,50.8,
1983-01-30,51.054,
1983-01-31,51.054,
1983-02-01,51.054,
1983-02-02,51.054,
1983-02-03,51.054,
1983-02-04,51.054,
1983-02-05,51.308,
1983-02-06,51.816,
1983-02-07,54.864,
1983-02-08,57.912,
1983-02-09,58.42,
1983-02-10,59.182,
1983-02-11,59.182,
1983-02-12,59.436,
1983-02-13,60.96,
1983-02-14,61.722,
1983-02-15,61.722,
1983-02-16,62.23,
1983-02-17,62.23,
1983-02-18,62.23,
1983-02-19,65.278,
1983-02-20,65.278,
1983-02-21,65.278,
1983-02-22,65.278,
1983-02-23,65.278,
1983-02-24,65.278,
1983-02-25,65.278,
1983-02-26,68.326,
1983-02-27,69.85,
1983-02-28,72.136,
1983-03-01,76.2,
1983-03-02,77.724,
1983-03-03,77.978,
1983-03-04,78.74,
1983-03-05,78.74,
1983-03-06,78.74,
1983-03-07,78.994,
1983-03-08,78.994,
1983-03-09,78.994,
1983-03-10,78.994,
1983-03-11,78.994,
1983-03-12,78.994,
1983-03-13,81.28,
1983-03-14,83.566,
1983-03-15,83.82,
1983-03-16,83.82,
1983-03-17,83.82,
1983-03-18,84.074,
1983-03-19,84.582,
1983-03-20,84.582,
1983-03-21,84.582,
1983-03-22,85.09,
1983-03-23,86.106,
1983-03-24,89.154,
1983-03-25,89.916,
1983-03-26,90.17,
1983-03-27,90.424,
1983-03-28,92.964,
1983-03-29,92.964,
1983-03-30,92.964,
1983-03-31,92.964,
1983-04-01,92.964,
1983-04-02,92.964,
1983-04-03,92.964,
1983-04-04,92.964,
1983-04-05,92.964,
1983-04-06,92.964,
1983-04-07,92.964,
1983-04-08,92.964,
1983-04-09,92.71,
1983-04-10,91.948,
1983-04-11,91.948,
1983-04-12,91.948,
1983-04-13,91.948,
1983-04-14,91.948,
1983-04-15,91.186,
1983-04-16,90.678,
1983-04-17,89.916,
1983-04-18,89.154,
1983-04-19,88.646,
1983-04-20,87.884,
1983-04-21,87.376,
1983-04-22,86.614,
1983-04-23,86.614,
1983-04-24,87.63,
1983-04-25,90.17,
1983-04-26,90.932,
1983-04-27,90.932,
1983-04-28,91.44,
1983-04-29,91.44,
1983-04-30,91.44,
1983-05-01,90.17,
1983-05-02,90.17,
1983-05-03,89.408,
1983-05-04,88.392,
1983-05-05,88.392,
1983-05-06,88.392,
1983-05-07,87.122,
1983-05-08,86.106,
1983-05-09,86.106,
1983-05-10,84.836,
1983-05-11,84.836,
1983-05-12,84.836,
1983-05-13,82.042,
1983-05-14,80.518,
1983-05-15,79.502,
1983-05-16,79.248,
1983-05-17,77.47,
1983-05-18,74.93,
1983-05-19,71.882,
1983-05-20,69.85,
1983-05-21,67.056,
1983-05-22,61.976,
1983-05-23,56.896,
1983-05-24,54.102,
1983-05-25,51.308,
1983-05-26,48.26,
1983-05-27,45.466,
1983-05-28,42.672,
1983-05-29,39.878,
1983-05-30,37.084,
1983-05-31,34.036,
1983-06-01,31.242,
1983-06-02,28.448,
1983-06-03,25.654,
1983-06-04,22.86,
1983-06-05,19.812,
1983-06-06,17.018,
1983-06-07,14.224,
1983-06-08,11.43,
1983-06-09,8.636,
1983-06-10,5.588,
1983-06-11,2.794,
1983-06-12,0.0,
1983-06-13,,
1983-06-14,,
1983-06-15,,
1983-06-16,,
1983-06-17,,
1983-06-18,,
1983-06-19,,
1983-06-20,,
1983-06-21,,
1983-06-22,,
1983-06-23,,
1983-06-24,,
1983-06-25,,
1983-06-26,,
1983-06-27,,
1983-06-28,,
1983-06-29,,
1983-06-30,,
1983-07-01,,
1983-07-02,,
1983-07-03,,
1983-07-04,,
1983-07-05,,
1983-07-06,,
1983-07-07,,
1983-07-08,,
1983-07-09,,
1983-07-10,,
1983-07-11,,
1983-07-12,,
1983-07-13,,
1983-07-14,,
1983-07-15,,
1983-07-16,,
1983-07-17,,
1983-07-18,,
1983-07-19,,
1983-07-20,,
1983-07-21,,
1983-07-22,,
1983-07-23,,
1983-07-24,,
1983-07-25,,
1983-07-26,,
1983-07-27,,
1983-07-28,,
1983-07-29,,
1983-07-30,,
1983-07-31,,
1983-08-01,,
1983-08-02,,
1983-08-03,,
1983-08-04,,
1983-08-05,,
1983-08-06,,
1983-08-07,,
1983-08-08,,
1983-08-09,,
1983-08-10,,
1983-08-11,,
1983-08-12,,
1983-08-13,,
1983-08-14,,
1983-08-15,,
1983-08-16,,
1983-08-17,,
1983-08-18,,
1983-08-19,,
1983-08-20,,
1983-08-21,,
1983-08-22,,
1983-08-23,,
1983-08-24,,
1983-08-25,,
1983-08-26,,
1983-08-27,,
1983-08-28,,
1983-08-29,,
1983-08-30,,
1983-08-31,,
1983-09-01,,
1983-09-02,,
1983-09-03,,
1983-09-04,,
1983-09-05,,
1983-09-06,,
1983-09-07,,
1983-09-08,,
1983-09-09,,
1983-09-10,,
1983-09-11,,
1983-09-12,,
1983-09-13,,
1983-09-14,,
1983-09-15,,
1983-09-16,,
1983-09-17,,
1983-09-18,,
1983-09-19,,
1983-09-20,,
1983-09-21,,
1983-09-22,,
1983-09-23,,
1983-09-24,,
1983-09-25,,
1983-09-26,,
1983-09-27,,
1983-09-28,,
1983-09-29,,
1983-09-30,,
1983-10-01,0.0,
1983-10-02,,
1983-10-03,,
1983-10-04,,
1983-10-05,,
1983-10-06,,
1983-10-07,,
1983-10-08,,
1983-10-09,,
1983-10-10,,
1983-10-11,,
1983-10-12,,
1983-10-13,,
1983-10-14,,
1983-10-15,,
1983-10-16,,
1983-10-17,,
1983-10-18,,
1983-10-19,,
1983-10-20,,
1983-10-21,,
1983-10-22,,
1983-10-23,,
1983-10-24,,
1983-10-25,,
1983-10-26,,
1983-10-27,,
1983-10-28,,
1983-10-29,,
1983-10-30,,
1983-10-31,,
1983-11-01,0.0,
1983-11-02,0.0,
1983-11-03,0.0,
1983-11-04,0.0,
1983-11-05,0.0,
1983-11-06,0.0,
1983-11-07,0.0,
1983-11-08,0.0,
1983-11-09,0.0,
1983-11-10,0.0,
1983-11-11,0.0,
1983-11-12,0.762,
1983-11-13,1.27,
1983-11-14,2.032,
1983-11-15,2.032,
1983-11-16,2.286,
1983-11-17,3.81,
1983-11-18,8.382,
1983-11-19,8.382,
1983-11-20,8.89,
1983-11-21,10.922,
1983-11-22,10.922,
1983-11-23,10.922,
1983-11-24,10.922,
1983-11-25,14.986,
1983-11-26,14.478,
1983-11-27,13.97,
1983-11-28,13.462,
1983-11-29,12.954,
1983-11-30,12.446,
1983-12-01,11.938,
1983-12-02,11.43,
1983-12-03,10.922,
1983-12-04,16.51,
1983-12-05,17.272,
1983-12-06,17.78,
1983-12-07,17.78,
1983-12-08,18.288,
1983-12-09,18.542,
1983-12-10,20.828,
1983-12-11,22.098,
1983-12-12,22.098,
1983-12-13,22.098,
1983-12-14,22.098,
1983-12-15,22.098,
1983-12-16,22.098,
1983-12-17,22.098,
1983-12-18,22.098,
1983-12-19,22.098,
1983-12-20,22.098,
1983-12-21,22.098,
1983-12-22,22.098,
1983-12-23,22.098,
1983-12-24,23.114,
1983-12-25,23.622,
1983-12-26,24.384,
1983-12-27,26.416,
1983-12-28,27.178,
1983-12-29,27.178,
1983-12-30,27.432,
1983-12-31,27.432,
1984-01-01,27.94,
1984-01-02,27.686,
1984-01-03,27.432,
1984-01-04,27.178,
1984-01-05,26.924,
1984-01-06,26.416,
1984-01-07,26.162,
1984-01-08,25.908,
1984-01-09,25.654,
1984-01-10,25.4,
1984-01-11,25.4,
1984-01-12,25.4,
1984-01-13,25.4,
1984-01-14,25.4,
1984-01-15,26.162,
1984-01-16,26.416,
1984-01-17,26.416,
1984-01-18,26.162,
1984-01-19,25.654,
1984-01-20,25.4,
1984-01-21,25.146,
1984-01-22,25.146,
1984-01-23,24.892,
1984-01-24,24.384,
1984-01-25,22.86,
1984-01-26,22.606,
1984-01-27,22.352,
1984-01-28,22.352,
1984-01-29,22.352,
1984-01-30,22.352,
1984-01-31,22.352,
1984-02-01,22.352,
1984-02-02,22.352,
1984-02-03,22.352,
1984-02-04,22.352,
1984-02-05,22.352,
1984-02-06,23.368,
1984-02-07,23.622,
1984-02-08,23.876,
1984-02-09,24.13,
1984-02-10,25.146,
1984-02-11,24.384,
1984-02-12,23.622,
1984-02-13,23.114,
1984-02-14,25.4,
1984-02-15,25.654,
1984-02-16,28.702,
1984-02-17,29.718,
1984-02-18,29.972,
1984-02-19,30.226,
1984-02-20,30.48,
1984-02-21,30.988,
1984-02-22,32.512,
1984-02-23,32.512,
1984-02-24,32.512,
1984-02-25,32.512,
1984-02-26,32.512,
1984-02-27,32.512,
1984-02-28,32.512,
1984-02-29,32.512,
1984-03-01,32.512,
1984-03-02,32.512,
1984-03-03,32.512,
1984-03-04,32.512,
1984-03-05,32.512,
1984-03-06,32.512,
1984-03-07,32.512,
1984-03-08,32.512,
1984-03-09,32.512,
1984-03-10,32.512,
1984-03-11,32.512,
1984-03-12,32.512,
1984-03-13,33.02,
1984-03-14,33.528,
1984-03-15,34.036,
1984-03-16,34.798,
1984-03-17,35.306,
1984-03-18,35.052,
1984-03-19,34.798,
1984-03-20,34.544,
1984-03-21,34.29,
1984-03-22,34.29,
1984-03-23,34.036,
1984-03-24,33.782,
1984-03-25,33.528,
1984-03-26,33.274,
1984-03-27,33.02,
1984-03-28,33.02,
1984-03-29,32.766,
1984-03-30,32.512,
1984-03-31,32.766,
1984-04-01,33.274,
1984-04-02,33.274,
1984-04-03,33.274,
1984-04-04,33.274,
1984-04-05,32.766,
1984-04-06,30.988,
1984-04-07,30.226,
1984-04-08,28.702,
1984-04-09,28.702,
1984-04-10,28.702,
1984-04-11,27.432,
1984-04-12,26.416,
1984-04-13,24.638,
1984-04-14,22.352,
1984-04-15,19.812,
1984-04-16,17.526,
1984-04-17,14.732,
1984-04-18,13.716,
1984-04-19,13.716,
1984-04-20,13.716,
1984-04-21,13.462,
1984-04-22,13.208,
1984-04-23,11.684,
1984-04-24,9.144,
1984-04-25,7.112,
1984-04-26,6.858,
1984-04-27,5.08,
1984-04-28,4.826,
1984-04-29,4.572,
1984-04-30,2.794,
1984-05-01,1.524,
1984-05-02,0.0,
1984-05-03,,
1984-05-04,,
1984-05-05,,
1984-05-06,,
1984-05-07,,
1984-05-08,,
1984-05-09,,
1984-05-10,,
1984-05-11,,
1984-05-12,,
1984-05-13,,
1984-05-14,,
1984-05-15,,
1984-05-16,,
1984-05-17,,
1984-05-18,,
1984-05-19,,
1984-05-20,,
1984-05-21,,
1984-05-22,,
1984-05-23,,
1984-05-24,,
1984-05-25,,
1984-05-26,,
1984-05-27,,
1984-05-28,,
1984-05-29,,
1984-05-30,,
1984-05-31,,
1984-06-01,,
1984-06-02,,
1984-06-03,,
1984-06-04,,
1984-06-05,,
1984-06-06,,
1984-06-07,,
1984-06-08,,
1984-06-09,,
1984-06-10,,
1984-06-11,,
1984-06-12,,
1984-06-13,,
1984-06-14,,
1984-06-15,,
1984-06-16,,
1984-06-17,,
1984-06-18,,
1984-06-19,,
1984-06-20,,
1984-06-21,,
1984-06-22,,
1984-06-23,,
1984-06-24,,
1984-06-25,,
1984-06-26,,
1984-06-27,,
1984-06-28,,
1984-06-29,,
1984-06-30,,
1984-07-01,,
1984-07-02,,
1984-07-03,,
1984-07-04,,
1984-07-05,,
1984-07-06,,
1984-07-07,,
1984-07-08,,
1984-07-09,,
1984-07-10,,
1984-07-11,,
1984-07-12,,
1984-07-13,,
1984-07-14,,
1984-07-15,,
1984-07-16,,
1984-07-17,,
1984-07-18,,
1984-07-19,,
1984-07-20,,
1984-07-21,,
1984-07-22,,
1984-07-23,,
1984-07-24,,
1984-07-25,,
1984-07-26,,
1984-07-27,,
1984-07-28,,
1984-07-29,,
1984-07-30,,
1984-07-31,,
1984-08-01,,
1984-08-02,,
1984-08-03,,
1984-08-04,,
1984-08-05,,
1984-08-06,,
1984-08-07,,
1984-08-08,,
1984-08-09,,
1984-08-10,,
1984-08-11,,
1984-08-12,,
1984-08-13,,
1984-08-14,,
1984-08-15,,
1984-08-16,,
1984-08-17,,
1984-08-18,,
1984-08-19,,
1984-08-20,,
1984-08-21,,
1984-08-22,,
1984-08-23,,
1984-08-24,,
1984-08-25,,
1984-08-26,,
1984-08-27,,
1984-08-28,,
1984-08-29,,
1984-08-30,,
1984-08-31,,
1984-09-01,,
1984-09-02,,
1984-09-03,,
1984-09-04,,
1984-09-05,,
1984-09-06,,
1984-09-07,,
1984-09-08,,
1984-09-09,,
1984-09-10,,
1984-09-11,,
1984-09-12,,
1984-09-13,,
1984-09-14,,
1984-09-15,,
1984-09-16,,
1984-09-17,,
1984-09-18,,
1984-09-19,,
1984-09-20,,
1984-09-21,,
1984-09-22,,
1984-09-23,,
1984-09-24,,
1984-09-25,,
1984-09-26,,
1984-09-27,,
1984-09-28,,
1984-09-29,,
1984-09-30,,
1984-10-01,,
1984-10-02,,
1984-10-03,,
1984-10-04,,
1984-10-05,,
1984-10-06,,
1984-10-07,,
1984-10-08,,
1984-10-09,,
1984-10-10,,
1984-10-11,,
1984-10-12,,
1984-10-13,,
1984-10-14,,
1984-10-15,,
1984-10-16,,
1984-10-17,,
1984-10-18,,
1984-10-19,,
1984-10-20,,
1984-10-21,,
1984-10-22,,
1984-10-23,,
1984-10-24,,
1984-10-25,,
1984-10-26,,
1984-10-27,,
1984-10-28,,
1984-10-29,,
1984-10-30,,
1984-10-31,,
1984-11-01,,
1984-11-02,,
1984-11-03,,
1984-11-04,,
1984-11-05,,
1984-11-06,,
1984-11-07,0.0,
1984-11-08,0.762,
1984-11-09,2.032,
1984-11-10,2.286,
1984-11-11,2.54,
1984-11-12,3.048,
1984-11-13,3.302,
1984-11-14,3.556,
1984-11-15,4.318,
1984-11-16,4.318,
1984-11-17,4.572,
1984-11-18,4.572,
1984-11-19,4.572,
1984-11-20,4.826,
1984-11-21,5.334,
1984-11-22,7.874,
1984-11-23,8.636,
1984-11-24,8.89,
1984-11-25,11.176,
1984-11-26,12.446,
1984-11-27,13.716,
1984-11-28,14.986,
1984-11-29,16.256,
1984-11-30,17.526,
1984-12-01,17.526,
1984-12-02,17.526,
1984-12-03,17.526,
1984-12-04,17.526,
1984-12-05,17.526,
1984-12-06,17.78,
1984-12-07,17.78,
1984-12-08,17.78,
1984-12-09,17.78,
1984-12-10,17.78,
1984-12-11,18.288,
1984-12-12,18.288,
1984-12-13,18.288,
1984-12-14,18.288,
1984-12-15,18.288,
1984-12-16,20.828,
1984-12-17,21.082,
1984-12-18,21.082,
1984-12-19,21.082,
1984-12-20,21.082,
1984-12-21,21.082,
1984-12-22,21.082,
1984-12-23,21.082,
1984-12-24,21.082,
1984-12-25,21.082,
1984-12-26,21.082,
1984-12-27,21.082,
1984-12-28,21.082,
1984-12-29,21.082,
1984-12-30,21.082,
1984-12-31,21.082,
1985-01-01,21.082,
1985-01-02,21.082,
1985-01-03,21.082,
1985-01-04,21.082,
1985-01-05,21.082,
1985-01-06,21.082,
1985-01-07,21.336,
1985-01-08,21.844,
1985-01-09,22.098,
1985-01-10,22.098,
1985-01-11,22.352,
1985-01-12,22.352,
1985-01-13,22.352,
1985-01-14,22.352,
1985-01-15,22.352,
1985-01-16,22.352,
1985-01-17,22.352,
1985-01-18,22.352,
1985-01-19,22.352,
1985-01-20,22.352,
1985-01-21,22.352,
1985-01-22,22.352,
1985-01-23,22.352,
1985-01-24,22.352,
1985-01-25,22.606,
1985-01-26,22.86,
1985-01-27,23.114,
1985-01-28,23.114,
1985-01-29,23.114,
1985-01-30,23.368,
1985-01-31,23.368,
1985-02-01,23.368,
1985-02-02,23.876,
1985-02-03,23.876,
1985-02-04,23.876,
1985-02-05,23.876,
1985-02-06,23.876,
1985-02-07,24.384,
1985-02-08,26.924,
1985-02-09,26.924,
1985-02-10,29.464,
1985-02-11,30.226,
1985-02-12,30.48,
1985-02-13,30.48,
1985-02-14,30.48,
1985-02-15,30.48,
1985-02-16,30.48,
1985-02-17,30.48,
1985-02-18,30.48,
1985-02-19,30.48,
1985-02-20,30.48,
1985-02-21,30.48,
1985-02-22,30.48,
1985-02-23,30.48,
1985-02-24,30.48,
1985-02-25,30.48,
1985-02-26,30.48,
1985-02-27,30.48,
1985-02-28,30.48,
1985-03-01,30.48,
1985-03-02,30.48,
1985-03-03,30.988,
1985-03-04,31.496,
1985-03-05,32.004,
1985-03-06,32.512,
1985-03-07,33.528,
1985-03-08,34.544,
1985-03-09,35.306,
1985-03-10,35.306,
1985-03-11,36.576,
1985-03-12,36.576,
1985-03-13,36.576,
1985-03-14,36.576,
1985-03-15,36.576,
1985-03-16,36.576,
1985-03-17,36.576,
1985-03-18,36.576,
1985-03-19,37.846,
1985-03-20,37.846,
1985-03-21,37.846,
1985-03-22,37.846,
1985-03-23,37.592,
1985-03-24,37.338,
1985-03-25,37.338,
1985-03-26,37.592,
1985-03-27,40.64,
1985-03-28,43.434,
1985-03-29,43.434,
1985-03-30,43.688,
1985-03-31,43.688,
1985-04-01,43.688,
1985-04-02,42.926,
1985-04-03,41.91,
1985-04-04,40.64,
1985-04-05,40.132,
1985-04-06,39.624,
1985-04-07,38.1,
1985-04-08,36.83,
1985-04-09,35.306,
1985-04-10,33.274,
1985-04-11,32.258,
1985-04-12,31.242,
1985-04-13,29.464,
1985-04-14,27.686,
1985-04-15,25.654,
1985-04-16,24.638,
1985-04-17,21.59,
1985-04-18,21.59,
1985-04-19,21.082,
1985-04-20,19.304,
1985-04-21,17.526,
1985-04-22,17.272,
1985-04-23,17.018,
1985-04-24,16.51,
1985-04-25,16.002,
1985-04-26,14.986,
1985-04-27,11.43,
1985-04-28,7.62,
1985-04-29,4.826,
1985-04-30,0.762,
1985-05-01,0.0,
1985-05-02,,
1985-05-03,,
1985-05-04,,
1985-05-05,,
1985-05-06,,
1985-05-07,,
1985-05-08,,
1985-05-09,,
1985-05-10,,
1985-05-11,,
1985-05-12,,
1985-05-13,,
1985-05-14,,
1985-05-15,,
1985-05-16,,
1985-05-17,,
1985-05-18,,
1985-05-19,,
1985-05-20,,
1985-05-21,,
1985-05-22,,
1985-05-23,,
1985-05-24,,
1985-05-25,,
1985-05-26,,
1985-05-27,,
1985-05-28,,
1985-05-29,,
1985-05-30,,
1985-05-31,,
1985-06-01,,
1985-06-02,,
1985-06-03,,
1985-06-04,,
1985-06-05,,
1985-06-06,,
1985-06-07,,
1985-06-08,,
1985-06-09,,
1985-06-10,,
1985-06-11,,
1985-06-12,,
1985-06-13,,
1985-06-14,,
1985-06-15,,
1985-06-16,,
1985-06-17,,
1985-06-18,,
1985-06-19,,
1985-06-20,,
1985-06-21,,
1985-06-22,,
1985-06-23,,
1985-06-24,,
1985-06-25,,
1985-06-26,,
1985-06-27,,
1985-06-28,,
1985-06-29,,
1985-06-30,,
1985-07-01,,
1985-07-02,,
1985-07-03,,
1985-07-04,,
1985-07-05,,
1985-07-06,,
1985-07-07,,
1985-07-08,,
1985-07-09,,
1985-07-10,,
1985-07-11,,
1985-07-12,,
1985-07-13,,
1985-07-14,,
1985-07-15,,
1985-07-16,,
1985-07-17,,
1985-07-18,,
1985-07-19,,
1985-07-20,,
1985-07-21,,
1985-07-22,,
1985-07-23,,
1985-07-24,,
1985-07-25,,
1985-07-26,,
1985-07-27,,
1985-07-28,,
1985-07-29,,
1985-07-30,,
1985-07-31,,
1985-08-01,,
1985-08-02,,
1985-08-03,,
1985-08-04,,
1985-08-05,,
1985-08-06,,
1985-08-07,,
1985-08-08,,
1985-08-09,,
1985-08-10,,
1985-08-11,,
1985-08-12,,
1985-08-13,,
1985-08-14,,
1985-08-15,,
1985-08-16,,
1985-08-17,,
1985-08-18,,
1985-08-19,,
1985-08-20,,
1985-08-21,,
1985-08-22,,
1985-08-23,,
1985-08-24,,
1985-08-25,,
1985-08-26,,
1985-08-27,,
1985-08-28,,
1985-08-29,,
1985-08-30,,
1985-08-31,,
1985-09-01,,
1985-09-02,,
1985-09-03,,
1985-09-04,,
1985-09-05,,
1985-09-06,,
1985-09-07,,
1985-09-08,,
1985-09-09,,
1985-09-10,,
1985-09-11,,
1985-09-12,,
1985-09-13,,
1985-09-14,,
1985-09-15,,
1985-09-16,,
1985-09-17,,
1985-09-18,,
1985-09-19,,
1985-09-20,,
1985-09-21,,
1985-09-22,,
1985-09-23,,
1985-09-24,,
1985-09-25,,
1985-09-26,,
1985-09-27,,
1985-09-28,,
1985-09-29,,
1985-09-30,,
1985-10-01,,
1985-10-02,,
1985-10-03,,
1985-10-04,,
1985-10-05,,
1985-10-06,,
1985-10-07,,
1985-10-08,,
1985-10-09,,
1985-10-10,,
1985-10-11,,
1985-10-12,,
1985-10-13,,
1985-10-14,,
1985-10-15,,
1985-10-16,,
1985-10-17,,
1985-10-18,,
1985-10-19,,
1985-10-20,,
1985-10-21,,
1985-10-22,,
1985-10-23,,
1985-10-24,,
1985-10-25,,
1985-10-26,,
1985-10-27,,
1985-10-28,,
1985-10-29,,
1985-10-30,,
1985-10-31,,
1985-11-01,,
1985-11-02,,
1985-11-03,,
1985-11-04,,
1985-11-05,,
1985-11-06,,
1985-11-07,,
1985-11-08,,
1985-11-09,,
1985-11-10,0.0,
1985-11-11,4.572,
1985-11-12,4.826,
1985-11-13,4.826,
1985-11-14,5.08,
1985-11-15,5.08,
1985-11-16,5.334,
1985-11-17,5.334,
1985-11-18,5.588,
1985-11-19,5.588,
1985-11-20,5.588,
1985-11-21,5.588,
1985-11-22,5.588,
1985-11-23,5.588,
1985-11-24,6.096,
1985-11-25,8.89,
1985-11-26,8.89,
1985-11-27,8.89,
1985-11-28,8.89,
1985-11-29,10.16,
1985-11-30,10.922,
1985-12-01,10.922,
1985-12-02,11.43,
1985-12-03,14.478,
1985-12-04,14.478,
1985-12-05,14.732,
1985-12-06,14.732,
1985-12-07,14.732,
1985-12-08,16.51,
1985-12-09,16.764,
1985-12-10,16.764,
1985-12-11,16.764,
1985-12-12,16.764,
1985-12-13,16.764,
1985-12-14,16.764,
1985-12-15,16.256,
1985-12-16,16.256,
1985-12-17,15.748,
1985-12-18,15.748,
1985-12-19,16.002,
1985-12-20,15.494,
1985-12-21,15.24,
1985-12-22,15.24,
1985-12-23,15.24,
1985-12-24,14.986,
1985-12-25,14.986,
1985-12-26,14.732,
1985-12-27,14.732,
1985-12-28,14.732,
1985-12-29,14.224,
1985-12-30,14.224,
1985-12-31,14.224,
1986-01-01,,
1986-01-02,,
1986-01-03,,
1986-01-04,,
1986-01-05,,
1986-01-06,,
1986-01-07,,
1986-01-08,,
1986-01-09,,
1986-01-10,,
1986-01-11,,
1986-01-12,,
1986-01-13,,
1986-01-14,,
1986-01-15,,
1986-01-16,,
1986-01-17,,
1986-01-18,,
1986-01-19,,
1986-01-20,,
1986-01-21,,
1986-01-22,,
1986-01-23,,
1986-01-24,,
1986-01-25,,
1986-01-26,,
1986-01-27,,
1986-01-28,,
1986-01-29,,
1986-01-30,,
1986-01-31,,
1986-02-01,,
1986-02-02,,
1986-02-03,,
1986-02-04,,
1986-02-05,,
1986-02-06,,
1986-02-07,,
1986-02-08,,
1986-02-09,,
1986-02-10,,
1986-02-11,,
1986-02-12,,
1986-02-13,,
1986-02-14,,
1986-02-15,,
1986-02-16,,
1986-02-17,,
1986-02-18,,
1986-02-19,,
1986-02-20,,
1986-02-21,,
1986-02-22,,
1986-02-23,,
1986-02-24,,
1986-02-25,,
1986-02-26,,
1986-02-27,,
1986-02-28,,
1986-03-01,,
1986-03-02,,
1986-03-03,,
1986-03-04,,
1986-03-05,,
1986-03-06,,
1986-03-07,,
1986-03-08,,
1986-03-09,,
1986-03-10,,
1986-03-11,,
1986-03-12,,
1986-03-13,,
1986-03-14,,
1986-03-15,,
1986-03-16,,
1986-03-17,,
1986-03-18,,
1986-03-19,,
1986-03-20,,
1986-03-21,,
1986-03-22,,
1986-03-23,,
1986-03-24,,
1986-03-25,,
1986-03-26,,
1986-03-27,,
1986-03-28,,
1986-03-29,,
1986-03-30,,
1986-03-31,,
1986-04-01,,
1986-04-02,,
1986-04-03,,
1986-04-04,,
1986-04-05,,
1986-04-06,,
1986-04-07,,
1986-04-08,,
1986-04-09,,
1986-04-10,,
1986-04-11,,
1986-04-12,,
1986-04-13,,
1986-04-14,,
1986-04-15,,
1986-04-16,,
1986-04-17,,
1986-04-18,,
1986-04-19,,
1986-04-20,,
1986-04-21,,
1986-04-22,,
1986-04-23,,
1986-04-24,,
1986-04-25,,
1986-04-26,,
1986-04-27,,
1986-04-28,,
1986-04-29,,
1986-04-30,,
1986-05-01,,
1986-05-02,,
1986-05-03,,
1986-05-04,,
1986-05-05,,
1986-05-06,,
1986-05-07,,
1986-05-08,,
1986-05-09,,
1986-05-10,,
1986-05-11,,
1986-05-12,,
1986-05-13,,
1986-05-14,,
1986-05-15,,
1986-05-16,,
1986-05-17,,
1986-05-18,,
1986-05-19,,
1986-05-20,,
1986-05-21,,
1986-05-22,,
1986-05-23,,
1986-05-24,,
1986-05-25,,
1986-05-26,,
1986-05-27,,
1986-05-28,,
1986-05-29,,
1986-05-30,,
1986-05-31,,
1986-06-01,,
1986-06-02,,
1986-06-03,,
1986-06-04,,
1986-06-05,,
1986-06-06,,
1986-06-07,,
1986-06-08,,
1986-06-09,,
1986-06-10,,
1986-06-11,,
1986-06-12,,
1986-06-13,,
1986-06-14,,
1986-06-15,,
1986-06-16,,
1986-06-17,,
1986-06-18,,
1986-06-19,,
1986-06-20,,
1986-06-21,,
1986-06-22,,
1986-06-23,,
1986-06-24,,
1986-06-25,,
1986-06-26,,
1986-06-27,,
1986-06-28,,
1986-06-29,,
1986-06-30,,
1986-07-01,,
1986-07-02,,
1986-07-03,,
1986-07-04,,
1986-07-05,,
1986-07-06,,
1986-07-07,,
1986-07-08,,
1986-07-09,,
1986-07-10,,
1986-07-11,,
1986-07-12,,
1986-07-13,,
1986-07-14,,
1986-07-15,,
1986-07-16,,
1986-07-17,,
1986-07-18,,
1986-07-19,,
1986-07-20,,
1986-07-21,,
1986-07-22,,
1986-07-23,,
1986-07-24,,
1986-07-25,,
1986-07-26,,
1986-07-27,,
1986-07-28,,
1986-07-29,,
1986-07-30,,
1986-07-31,,
1986-08-01,,
1986-08-02,,
1986-08-03,,
1986-08-04,,
1986-08-05,,
1986-08-06,,
1986-08-07,,
1986-08-08,,
1986-08-09,,
1986-08-10,,
1986-08-11,,
1986-08-12,,
1986-08-13,,
1986-08-14,,
1986-08-15,,
1986-08-16,,
1986-08-17,,
1986-08-18,,
1986-08-19,,
1986-08-20,,
1986-08-21,,
1986-08-22,,
1986-08-23,,
1986-08-24,,
1986-08-25,,
1986-08-26,,
1986-08-27,,
1986-08-28,,
1986-08-29,,
1986-08-30,,
1986-08-31,,
1986-09-01,,
1986-09-02,,
1986-09-03,,
1986-09-04,,
1986-09-05,,
1986-09-06,,
1986-09-07,,
1986-09-08,,
1986-09-09,,
1986-09-10,,
1986-09-11,,
1986-09-12,,
1986-09-13,,
1986-09-14,,
1986-09-15,,
1986-09-16,,
1986-09-17,,
1986-09-18,,
1986-09-19,,
1986-09-20,,
1986-09-21,,
1986-09-22,,
1986-09-23,,
1986-09-24,,
1986-09-25,,
1986-09-26,,
1986-09-27,,
1986-09-28,,
1986-09-29,,
1986-09-30,,
1986-10-01,,
1986-10-02,,
1986-10-03,,
1986-10-04,,
1986-10-05,,
1986-10-06,,
1986-10-07,,
1986-10-08,,
1986-10-09,,
1986-10-10,,
1986-10-11,,
1986-10-12,,
1986-10-13,,
1986-10-14,,
1986-10-15,,
1986-10-16,,
1986-10-17,,
1986-10-18,,
1986-10-19,,
1986-10-20,,
1986-10-21,,
1986-10-22,,
1986-10-23,,
1986-10-24,,
1986-10-25,,
1986-10-26,,
1986-10-27,,
1986-10-28,,
1986-10-29,,
1986-10-30,,
1986-10-31,,
1986-11-01,,
1986-11-02,,
1986-11-03,,
1986-11-04,,
1986-11-05,,
1986-11-06,,
1986-11-07,,
1986-11-08,,
1986-11-09,,
1986-11-10,,
1986-11-11,,
1986-11-12,,
1986-11-13,,
1986-11-14,,
1986-11-15,,
1986-11-16,,
1986-11-17,,
1986-11-18,,
1986-11-19,,
1986-11-20,,
1986-11-21,,
1986-11-22,,
1986-11-23,,
1986-11-24,,
1986-11-25,,
1986-11-26,,
1986-11-27,,
1986-11-28,,
1986-11-29,,
1986-11-30,,
1986-12-01,,
1986-12-02,,
1986-12-03,,
1986-12-04,,
1986-12-05,,
1986-12-06,,
1986-12-07,,
1986-12-08,,
1986-12-09,,
1986-12-10,,
1986-12-11,,
1986-12-12,,
1986-12-13,,
1986-12-14,,
1986-12-15,,
1986-12-16,,
1986-12-17,,
1986-12-18,,
1986-12-19,,
1986-12-20,,
1986-12-21,,
1986-12-22,,
1986-12-23,,
1986-12-24,,
1986-12-25,,
1986-12-26,,
1986-12-27,,
1986-12-28,,
1986-12-29,,
1986-12-30,,
1986-12-31,,
1987-01-01,,
1987-01-02,,
1987-01-03,,
1987-01-04,,
1987-01-05,,
1987-01-06,,
1987-01-07,,
1987-01-08,,
1987-01-09,,
1987-01-10,,
1987-01-11,,
1987-01-12,,
1987-01-13,,
1987-01-14,,
1987-01-15,,
1987-01-16,,
1987-01-17,,
1987-01-18,,
1987-01-19,,
1987-01-20,,
1987-01-21,,
1987-01-22,,
1987-01-23,,
1987-01-24,,
1987-01-25,,
1987-01-26,,
1987-01-27,,
1987-01-28,,
1987-01-29,,
1987-01-30,,
1987-01-31,,
1987-02-01,,
1987-02-02,,
1987-02-03,,
1987-02-04,,
1987-02-05,,
1987-02-06,,
1987-02-07,,
1987-02-08,,
1987-02-09,,
1987-02-10,,
1987-02-11,,
1987-02-12,,
1987-02-13,,
1987-02-14,,
1987-02-15,,
1987-02-16,,
1987-02-17,,
1987-02-18,,
1987-02-19,,
1987-02-20,,
1987-02-21,,
1987-02-22,,
1987-02-23,,
1987-02-24,,
1987-02-25,,
1987-02-26,,
1987-02-27,,
1987-02-28,,
1987-03-01,,
1987-03-02,,
1987-03-03,,
1987-03-04,,
1987-03-05,,
1987-03-06,,
1987-03-07,,
1987-03-08,,
1987-03-09,,
1987-03-10,,
1987-03-11,,
1987-03-12,,
1987-03-13,,
1987-03-14,,
1987-03-15,,
1987-03-16,,
1987-03-17,,
1987-03-18,,
1987-03-19,,
1987-03-20,,
1987-03-21,,
1987-03-22,,
1987-03-23,,
1987-03-24,,
1987-03-25,,
1987-03-26,,
1987-03-27,,
1987-03-28,,
1987-03-29,,
1987-03-30,,
1987-03-31,,
1987-04-01,,
1987-04-02,,
1987-04-03,,
1987-04-04,,
1987-04-05,,
1987-04-06,,
1987-04-07,,
1987-04-08,,
1987-04-09,,
1987-04-10,,
1987-04-11,,
1987-04-12,,
1987-04-13,,
1987-04-14,,
1987-04-15,,
1987-04-16,,
1987-04-17,,
1987-04-18,,
1987-04-19,,
1987-04-20,,
1987-04-21,,
1987-04-22,,
1987-04-23,,
1987-04-24,,
1987-04-25,,
1987-04-26,,
1987-04-27,,
1987-04-28,,
1987-04-29,,
1987-04-30,,
1987-05-01,,
1987-05-02,,
1987-05-03,,
1987-05-04,,
1987-05-05,,
1987-05-06,,
1987-05-07,,
1987-05-08,,
1987-05-09,,
1987-05-10,,
1987-05-11,,
1987-05-12,,
1987-05-13,,
1987-05-14,,
1987-05-15,,
1987-05-16,,
1987-05-17,,
1987-05-18,,
1987-05-19,,
1987-05-20,,
1987-05-21,,
1987-05-22,,
1987-05-23,,
1987-05-24,,
1987-05-25,,
1987-05-26,,
1987-05-27,,
1987-05-28,,
1987-05-29,,
1987-05-30,,
1987-05-31,,
1987-06-01,,
1987-06-02,,
1987-06-03,,
1987-06-04,,
1987-06-05,,
1987-06-06,,
1987-06-07,,
1987-06-08,,
1987-06-09,,
1987-06-10,,
1987-06-11,,
1987-06-12,,
1987-06-13,,
1987-06-14,,
1987-06-15,,
1987-06-16,,
1987-06-17,,
1987-06-18,,
1987-06-19,,
1987-06-20,,
1987-06-21,,
1987-06-22,,
1987-06-23,,
1987-06-24,,
1987-06-25,,
1987-06-26,,
1987-06-27,,
1987-06-28,,
1987-06-29,,
1987-06-30,,
1987-07-01,,
1987-07-02,,
1987-07-03,,
1987-07-04,,
1987-07-05,,
1987-07-06,,
1987-07-07,,
1987-07-08,,
1987-07-09,,
1987-07-10,,
1987-07-11,,
1987-07-12,,
1987-07-13,,
1987-07-14,,
1987-07-15,,
1987-07-16,,
1987-07-17,,
1987-07-18,,
1987-07-19,,
1987-07-20,,
1987-07-21,,
1987-07-22,,
1987-07-23,,
1987-07-24,,
1987-07-25,,
1987-07-26,,
1987-07-27,,
1987-07-28,,
1987-07-29,,
1987-07-30,,
1987-07-31,,
1987-08-01,,
1987-08-02,,
1987-08-03,,
1987-08-04,,
1987-08-05,,
1987-08-06,,
1987-08-07,,
1987-08-08,,
1987-08-09,,
1987-08-10,,
1987-08-11,,
1987-08-12,,
1987-08-13,,
1987-08-14,,
1987-08-15,,
1987-08-16,,
1987-08-17,,
1987-08-18,,
1987-08-19,,
1987-08-20,,
1987-08-21,,
1987-08-22,,
1987-08-23,,
1987-08-24,,
1987-08-25,,
1987-08-26,,
1987-08-27,,
1987-08-28,,
1987-08-29,,
1987-08-30,,
1987-08-31,,
1987-09-01,,
1987-09-02,,
1987-09-03,,
1987-09-04,,
1987-09-05,,
1987-09-06,,
1987-09-07,,
1987-09-08,,
1987-09-09,,
1987-09-10,,
1987-09-11,,
1987-09-12,,
1987-09-13,,
1987-09-14,,
1987-09-15,,
1987-09-16,,
1987-09-17,,
1987-09-18,,
1987-09-19,,
1987-09-20,,
1987-09-21,,
1987-09-22,,
1987-09-23,,
1987-09-24,,
1987-09-25,,
1987-09-26,,
1987-09-27,,
1987-09-28,,
1987-09-29,,
1987-09-30,,
1987-10-01,,
1987-10-02,,
1987-10-03,,
1987-10-04,,
1987-10-05,,
1987-10-06,,
1987-10-07,,
1987-10-08,,
1987-10-09,,
1987-10-10,,
1987-10-11,,
1987-10-12,,
1987-10-13,,
1987-10-14,,
1987-10-15,,
1987-10-16,,
1987-10-17,,
1987-10-18,,
1987-10-19,,
1987-10-20,,
1987-10-21,,
1987-10-22,,
1987-10-23,,
1987-10-24,,
1987-10-25,,
1987-10-26,,
1987-10-27,,
1987-10-28,,
1987-10-29,,
1987-10-30,,
1987-10-31,,
1987-11-01,,
1987-11-02,,
1987-11-03,,
1987-11-04,,
1987-11-05,,
1987-11-06,,
1987-11-07,,
1987-11-08,,
1987-11-09,,
1987-11-10,,
1987-11-11,,
1987-11-12,,
1987-11-13,,
1987-11-14,,
1987-11-15,,
1987-11-16,,
1987-11-17,,
1987-11-18,,
1987-11-19,,
1987-11-20,,
1987-11-21,,
1987-11-22,,
1987-11-23,,
1987-11-24,,
1987-11-25,,
1987-11-26,,
1987-11-27,,
1987-11-28,,
1987-11-29,,
1987-11-30,,
1987-12-01,,
1987-12-02,,
1987-12-03,,
1987-12-04,,
1987-12-05,,
1987-12-06,,
1987-12-07,,
1987-12-08,,
1987-12-09,,
1987-12-10,,
1987-12-11,,
1987-12-12,,
1987-12-13,,
1987-12-14,,
1987-12-15,,
1987-12-16,,
1987-12-17,,
1987-12-18,,
1987-12-19,,
1987-12-20,,
1987-12-21,,
1987-12-22,,
1987-12-23,,
1987-12-24,,
1987-12-25,,
1987-12-26,,
1987-12-27,,
1987-12-28,,
1987-12-29,,
1987-12-30,,
1987-12-31,,
1988-01-01,,
1988-01-02,,
1988-01-03,,
1988-01-04,,
1988-01-05,,
1988-01-06,,
1988-01-07,,
1988-01-08,,
1988-01-09,,
1988-01-10,,
1988-01-11,,
1988-01-12,,
1988-01-13,,
1988-01-14,,
1988-01-15,,
1988-01-16,,
1988-01-17,,
1988-01-18,,
1988-01-19,,
1988-01-20,,
1988-01-21,,
1988-01-22,,
1988-01-23,,
1988-01-24,,
1988-01-25,,
1988-01-26,,
1988-01-27,,
1988-01-28,,
1988-01-29,,
1988-01-30,,
1988-01-31,,
1988-02-01,,
1988-02-02,,
1988-02-03,,
1988-02-04,,
1988-02-05,,
1988-02-06,,
1988-02-07,,
1988-02-08,,
1988-02-09,,
1988-02-10,,
1988-02-11,,
1988-02-12,,
1988-02-13,,
1988-02-14,,
1988-02-15,,
1988-02-16,,
1988-02-17,,
1988-02-18,,
1988-02-19,,
1988-02-20,,
1988-02-21,,
1988-02-22,,
1988-02-23,,
1988-02-24,,
1988-02-25,,
1988-02-26,,
1988-02-27,,
1988-02-28,,
1988-02-29,,
1988-03-01,,
1988-03-02,,
1988-03-03,,
1988-03-04,,
1988-03-05,,
1988-03-06,,
1988-03-07,,
1988-03-08,,
1988-03-09,,
1988-03-10,,
1988-03-11,,
1988-03-12,,
1988-03-13,,
1988-03-14,,
1988-03-15,,
1988-03-16,,
1988-03-17,,
1988-03-18,,
1988-03-19,,
1988-03-20,,
1988-03-21,,
1988-03-22,,
1988-03-23,,
1988-03-24,,
1988-03-25,,
1988-03-26,,
1988-03-27,,
1988-03-28,,
1988-03-29,,
1988-03-30,,
1988-03-31,,
1988-04-01,,
1988-04-02,,
1988-04-03,,
1988-04-04,,
1988-04-05,,
1988-04-06,,
1988-04-07,,
1988-04-08,,
1988-04-09,,
1988-04-10,,
1988-04-11,,
1988-04-12,,
1988-04-13,,
1988-04-14,,
1988-04-15,,
1988-04-16,,
1988-04-17,,
1988-04-18,,
1988-04-19,,
1988-04-20,,
1988-04-21,,
1988-04-22,,
1988-04-23,,
1988-04-24,,
1988-04-25,,
1988-04-26,,
1988-04-27,,
1988-04-28,,
1988-04-29,,
1988-04-30,,
1988-05-01,,
1988-05-02,,
1988-05-03,,
1988-05-04,,
1988-05-05,,
1988-05-06,,
1988-05-07,,
1988-05-08,,
1988-05-09,,
1988-05-10,,
1988-05-11,,
1988-05-12,,
1988-05-13,,
1988-05-14,,
1988-05-15,,
1988-05-16,,
1988-05-17,,
1988-05-18,,
1988-05-19,,
1988-05-20,,
1988-05-21,,
1988-05-22,,
1988-05-23,,
1988-05-24,,
1988-05-25,,
1988-05-26,,
1988-05-27,,
1988-05-28,,
1988-05-29,,
1988-05-30,,
1988-05-31,,
1988-06-01,,
1988-06-02,,
1988-06-03,,
1988-06-04,,
1988-06-05,,
1988-06-06,,
1988-06-07,,
1988-06-08,,
1988-06-09,,
1988-06-10,,
1988-06-11,,
1988-06-12,,
1988-06-13,,
1988-06-14,,
1988-06-15,,
1988-06-16,,
1988-06-17,,
1988-06-18,,
1988-06-19,,
1988-06-20,,
1988-06-21,,
1988-06-22,,
1988-06-23,,
1988-06-24,,
1988-06-25,,
1988-06-26,,
1988-06-27,,
1988-06-28,,
1988-06-29,,
1988-06-30,,
1988-07-01,,
1988-07-02,,
1988-07-03,,
1988-07-04,,
1988-07-05,,
1988-07-06,,
1988-07-07,,
1988-07-08,,
1988-07-09,,
1988-07-10,,
1988-07-11,,
1988-07-12,,
1988-07-13,,
1988-07-14,,
1988-07-15,,
1988-07-16,,
1988-07-17,,
1988-07-18,,
1988-07-19,,
1988-07-20,,
1988-07-21,,
1988-07-22,,
1988-07-23,,
1988-07-24,,
1988-07-25,,
1988-07-26,,
1988-07-27,,
1988-07-28,,
1988-07-29,,
1988-07-30,,
1988-07-31,,
1988-08-01,,
1988-08-02,,
1988-08-03,,
1988-08-04,,
1988-08-05,,
1988-08-06,,
1988-08-07,,
1988-08-08,,
1988-08-09,,
1988-08-10,,
1988-08-11,,
1988-08-12,,
1988-08-13,,
1988-08-14,,
1988-08-15,,
1988-08-16,,
1988-08-17,,
1988-08-18,,
1988-08-19,,
1988-08-20,,
1988-08-21,,
1988-08-22,,
1988-08-23,,
1988-08-24,,
1988-08-25,,
1988-08-26,,
1988-08-27,,
1988-08-28,,
1988-08-29,,
1988-08-30,,
1988-08-31,,
1988-09-01,,
1988-09-02,,
1988-09-03,,
1988-09-04,,
1988-09-05,,
1988-09-06,,
1988-09-07,,
1988-09-08,,
1988-09-09,,
1988-09-10,,
1988-09-11,,
1988-09-12,,
1988-09-13,,
1988-09-14,,
1988-09-15,,
1988-09-16,,
1988-09-17,,
1988-09-18,,
1988-09-19,,
1988-09-20,,
1988-09-21,,
1988-09-22,,
1988-09-23,,
1988-09-24,,
1988-09-25,,
1988-09-26,,
1988-09-27,,
1988-09-28,,
1988-09-29,,
1988-09-30,,
1988-10-01,,
1988-10-02,,
1988-10-03,,
1988-10-04,,
1988-10-05,,
1988-10-06,,
1988-10-07,,
1988-10-08,,
1988-10-09,,
1988-10-10,,
1988-10-11,,
1988-10-12,,
1988-10-13,,
1988-10-14,,
1988-10-15,,
1988-10-16,,
1988-10-17,,
1988-10-18,,
1988-10-19,,
1988-10-20,,
1988-10-21,,
1988-10-22,,
1988-10-23,,
1988-10-24,,
1988-10-25,,
1988-10-26,,
1988-10-27,,
1988-10-28,,
1988-10-29,,
1988-10-30,,
1988-10-31,,
1988-11-01,,
1988-11-02,,
1988-11-03,,
1988-11-04,,
1988-11-05,,
1988-11-06,,
1988-11-07,,
1988-11-08,,
1988-11-09,,
1988-11-10,,
1988-11-11,,
1988-11-12,,
1988-11-13,,
1988-11-14,,
1988-11-15,,
1988-11-16,,
1988-11-17,,
1988-11-18,,
1988-11-19,,
1988-11-20,,
1988-11-21,,
1988-11-22,,
1988-11-23,,
1988-11-24,,
1988-11-25,,
1988-11-26,,
1988-11-27,,
1988-11-28,,
1988-11-29,,
1988-11-30,,
1988-12-01,,
1988-12-02,,
1988-12-03,,
1988-12-04,,
1988-12-05,,
1988-12-06,,
1988-12-07,,
1988-12-08,,
1988-12-09,,
1988-12-10,,
1988-12-11,,
1988-12-12,,
1988-12-13,,
1988-12-14,,
1988-12-15,,
1988-12-16,,
1988-12-17,,
1988-12-18,,
1988-12-19,,
1988-12-20,,
1988-12-21,,
1988-12-22,,
1988-12-23,,
1988-12-24,,
1988-12-25,,
1988-12-26,,
1988-12-27,,
1988-12-28,,
1988-12-29,,
1988-12-30,,
1988-12-31,,
1989-01-01,,
1989-01-02,,
1989-01-03,,
1989-01-04,,
1989-01-05,,
1989-01-06,,
1989-01-07,,
1989-01-08,,
1989-01-09,,
1989-01-10,,
1989-01-11,,
1989-01-12,,
1989-01-13,,
1989-01-14,,
1989-01-15,,
1989-01-16,,
1989-01-17,,
1989-01-18,,
1989-01-19,,
1989-01-20,,
1989-01-21,,
1989-01-22,,
1989-01-23,,
1989-01-24,,
1989-01-25,,
1989-01-26,,
1989-01-27,,
1989-01-28,,
1989-01-29,,
1989-01-30,,
1989-01-31,,
1989-02-01,31.013,
1989-02-02,31.013,
1989-02-03,31.013,
1989-02-04,39.522,
1989-02-05,41.504,
1989-02-06,41.504,
1989-02-07,41.504,
1989-02-08,41.504,
1989-02-09,43.002,
1989-02-10,45.999,
1989-02-11,47.523,
1989-02-12,47.498,
1989-02-13,47.498,
1989-02-14,47.498,
1989-02-15,47.498,
1989-02-16,47.498,
1989-02-17,,
1989-02-18,,
1989-02-19,,
1989-02-20,,
1989-02-21,,
1989-02-22,47.498,
1989-02-23,47.498,
1989-02-24,,
1989-02-25,,
1989-02-26,40.64,
1989-02-27,40.64,
1989-02-28,40.64,
1989-03-01,,
1989-03-02,,
1989-03-03,,
1989-03-04,,
1989-03-05,,
1989-03-06,,
1989-03-07,,
1989-03-08,,
1989-03-09,,
1989-03-10,43.434,
1989-03-11,43.434,
1989-03-12,42.926,
1989-03-13,42.926,
1989-03-14,42.926,
1989-03-15,40.132,
1989-03-16,40.132,
1989-03-17,,
1989-03-18,,
1989-03-19,,
1989-03-20,,
1989-03-21,,
1989-03-22,,
1989-03-23,,
1989-03-24,,
1989-03-25,,
1989-03-26,,
1989-03-27,,
1989-03-28,,
1989-03-29,,
1989-03-30,,
1989-03-31,,
1989-04-01,,
1989-04-02,,
1989-04-03,,
1989-04-04,,
1989-04-05,,
1989-04-06,,
1989-04-07,,
1989-04-08,,
1989-04-09,,
1989-04-10,,
1989-04-11,,
1989-04-12,,
1989-04-13,,
1989-04-14,0.0,
1989-04-15,0.0,
1989-04-16,0.0,
1989-04-17,0.0,
1989-04-18,,
1989-04-19,,
1989-04-20,,
1989-04-21,,
1989-04-22,,
1989-04-23,,
1989-04-24,0.0,
1989-04-25,,
1989-04-26,,
1989-04-27,,
1989-04-28,,
1989-04-29,0.0,
1989-04-30,0.0,
1989-05-01,0.0,
1989-05-02,0.0,
1989-05-03,0.0,
1989-05-04,,
1989-05-05,,
1989-05-06,,
1989-05-07,,
1989-05-08,,
1989-05-09,,
1989-05-10,,
1989-05-11,,
1989-05-12,,
1989-05-13,0.0,
1989-05-14,0.0,
1989-05-15,0.0,
1989-05-16,0.0,
1989-05-17,,
1989-05-18,,
1989-05-19,,
1989-05-20,,
1989-05-21,,
1989-05-22,,
1989-05-23,,
1989-05-24,,
1989-05-25,,
1989-05-26,,
1989-05-27,,
1989-05-28,,
1989-05-29,,
1989-05-30,,
1989-05-31,,
1989-06-01,,
1989-06-02,,
1989-06-03,,
1989-06-04,,
1989-06-05,,
1989-06-06,,
1989-06-07,,
1989-06-08,,
1989-06-09,,
1989-06-10,,
1989-06-11,,
1989-06-12,,
1989-06-13,,
1989-06-14,,
1989-06-15,,
1989-06-16,,
1989-06-17,,
1989-06-18,,
1989-06-19,,
1989-06-20,,
1989-06-21,,
1989-06-22,,
1989-06-23,,
1989-06-24,,
1989-06-25,,
1989-06-26,,
1989-06-27,,
1989-06-28,,
1989-06-29,,
1989-06-30,,
1989-07-01,,
1989-07-02,,
1989-07-03,,
1989-07-04,,
1989-07-05,,
1989-07-06,,
1989-07-07,,
1989-07-08,,
1989-07-09,,
1989-07-10,,
1989-07-11,,
1989-07-12,,
1989-07-13,,
1989-07-14,,
1989-07-15,,
1989-07-16,,
1989-07-17,,
1989-07-18,,
1989-07-19,,
1989-07-20,,
1989-07-21,,
1989-07-22,,
1989-07-23,,
1989-07-24,,
1989-07-25,,
1989-07-26,,
1989-07-27,,
1989-07-28,,
1989-07-29,,
1989-07-30,,
1989-07-31,,
1989-08-01,,
1989-08-02,,
1989-08-03,,
1989-08-04,,
1989-08-05,,
1989-08-06,,
1989-08-07,,
1989-08-08,,
1989-08-09,,
1989-08-10,,
1989-08-11,,
1989-08-12,,
1989-08-13,,
1989-08-14,,
1989-08-15,,
1989-08-16,,
1989-08-17,,
1989-08-18,,
1989-08-19,,
1989-08-20,,
1989-08-21,,
1989-08-22,,
1989-08-23,,
1989-08-24,,
1989-08-25,,
1989-08-26,,
1989-08-27,,
1989-08-28,,
1989-08-29,,
1989-08-30,,
1989-08-31,,
1989-09-01,,
1989-09-02,,
1989-09-03,,
1989-09-04,,
1989-09-05,,
1989-09-06,,
1989-09-07,,
1989-09-08,,
1989-09-09,,
1989-09-10,,
1989-09-11,,
1989-09-12,,
1989-09-13,,
1989-09-14,,
1989-09-15,,
1989-09-16,,
1989-09-17,,
1989-09-18,,
1989-09-19,,
1989-09-20,,
1989-09-21,,
1989-09-22,,
1989-09-23,,
1989-09-24,,
1989-09-25,,
1989-09-26,,
1989-09-27,,
1989-09-28,,
1989-09-29,,
1989-09-30,,
1989-10-01,,
1989-10-02,,
1989-10-03,,
1989-10-04,,
1989-10-05,,
1989-10-06,,
1989-10-07,,
1989-10-08,,
1989-10-09,,
1989-10-10,,
1989-10-11,,
1989-10-12,,
1989-10-13,,
1989-10-14,,
1989-10-15,,
1989-10-16,,
1989-10-17,,
1989-10-18,,
1989-10-19,,
1989-10-20,,
1989-10-21,,
1989-10-22,,
1989-10-23,,
1989-10-24,,
1989-10-25,,
1989-10-26,,
1989-10-27,,
1989-10-28,,
1989-10-29,,
1989-10-30,,
1989-10-31,,
1989-11-01,,
1989-11-02,,
1989-11-03,,
1989-11-04,,
1989-11-05,,
1989-11-06,,
1989-11-07,,
1989-11-08,,
1989-11-09,,
1989-11-10,,
1989-11-11,,
1989-11-12,,
1989-11-13,,
1989-11-14,,
1989-11-15,,
1989-11-16,,
1989-11-17,,
1989-11-18,,
1989-11-19,,
1989-11-20,,
1989-11-21,,
1989-11-22,,
1989-11-23,,
1989-11-24,,
1989-11-25,,
1989-11-26,,
1989-11-27,,
1989-11-28,,
1989-11-29,6.858,
1989-11-30,6.858,
1989-12-01,6.858,
1989-12-02,6.604,
1989-12-03,6.604,
1989-12-04,6.858,
1989-12-05,6.604,
1989-12-06,6.858,
1989-12-07,6.35,
1989-12-08,6.604,
1989-12-09,,
1989-12-10,6.35,
1989-12-11,6.096,
1989-12-12,6.35,
1989-12-13,6.858,
1989-12-14,6.858,
1989-12-15,7.366,
1989-12-16,7.366,
1989-12-17,7.62,
1989-12-18,7.874,
1989-12-19,8.128,
1989-12-20,8.382,
1989-12-21,8.89,
1989-12-22,,
1989-12-23,8.89,
1989-12-24,8.89,
1989-12-25,8.89,
1989-12-26,9.144,
1989-12-27,9.398,
1989-12-28,,
1989-12-29,10.414,
1989-12-30,10.414,
1989-12-31,10.16,
1990-01-01,,
1990-01-02,10.668,
1990-01-03,11.43,
1990-01-04,11.176,
1990-01-05,11.176,
1990-01-06,10.922,
1990-01-07,10.922,
1990-01-08,11.43,
1990-01-09,11.43,
1990-01-10,10.668,
1990-01-11,10.668,
1990-01-12,10.414,
1990-01-13,11.176,
1990-01-14,13.97,
1990-01-15,14.986,
1990-01-16,14.224,
1990-01-17,14.986,
1990-01-18,16.002,
1990-01-19,15.748,
1990-01-20,15.494,
1990-01-21,15.494,
1990-01-22,15.24,
1990-01-23,14.986,
1990-01-24,14.986,
1990-01-25,14.732,
1990-01-26,14.732,
1990-01-27,14.986,
1990-01-28,14.986,
1990-01-29,14.986,
1990-01-30,14.732,
1990-01-31,17.018,
1990-02-01,17.272,
1990-02-02,17.78,
1990-02-03,17.272,
1990-02-04,18.796,
1990-02-05,19.558,
1990-02-06,19.558,
1990-02-07,20.828,
1990-02-08,20.574,
1990-02-09,20.574,
1990-02-10,20.828,
1990-02-11,20.828,
1990-02-12,20.828,
1990-02-13,20.574,
1990-02-14,20.828,
1990-02-15,,
1990-02-16,21.082,
1990-02-17,26.67,
1990-02-18,29.21,
1990-02-19,29.718,
1990-02-20,29.21,
1990-02-21,,
1990-02-22,29.464,
1990-02-23,29.464,
1990-02-24,29.21,
1990-02-25,29.21,
1990-02-26,29.21,
1990-02-27,29.464,
1990-02-28,29.21,
1990-03-01,28.702,
1990-03-02,28.702,
1990-03-03,28.448,
1990-03-04,27.94,
1990-03-05,29.464,
1990-03-06,29.21,
1990-03-07,29.464,
1990-03-08,29.464,
1990-03-09,29.718,
1990-03-10,29.21,
1990-03-11,31.242,
1990-03-12,32.258,
1990-03-13,32.766,
1990-03-14,32.766,
1990-03-15,33.782,
1990-03-16,33.528,
1990-03-17,33.782,
1990-03-18,33.274,
1990-03-19,32.004,
1990-03-20,30.48,
1990-03-21,,
1990-03-22,27.94,
1990-03-23,27.178,
1990-03-24,26.162,
1990-03-25,25.146,
1990-03-26,,
1990-03-27,,
1990-03-28,21.336,
1990-03-29,,
1990-03-30,,
1990-03-31,19.558,
1990-04-01,,
1990-04-02,16.51,
1990-04-03,15.24,
1990-04-04,13.97,
1990-04-05,12.446,
1990-04-06,11.684,
1990-04-07,11.43,
1990-04-08,10.414,
1990-04-09,9.906,
1990-04-10,7.62,
1990-04-11,5.334,
1990-04-12,3.556,
1990-04-13,0.762,
1990-04-14,0.0,
1990-04-15,0.0,
1990-04-16,0.0,
1990-04-17,0.0,
1990-04-18,0.0,
1990-04-19,0.0,
1990-04-20,0.0,
1990-04-21,0.0,
1990-04-22,0.0,
1990-04-23,0.0,
1990-04-24,0.0,
1990-04-25,0.0,
1990-04-26,0.254,
1990-04-27,0.0,
1990-04-28,0.0,
1990-04-29,0.0,
1990-04-30,0.508,
1990-05-01,0.0,
1990-05-02,0.0,
1990-05-03,0.0,
1990-05-04,0.0,
1990-05-05,0.0,
1990-05-06,0.254,
1990-05-07,0.0,
1990-05-08,0.0,
1990-05-09,0.0,
1990-05-10,0.0,
1990-05-11,0.0,
1990-05-12,0.0,
1990-05-13,0.0,
1990-05-14,0.0,
1990-05-15,0.0,
1990-05-16,0.0,
1990-05-17,0.0,
1990-05-18,0.0,
1990-05-19,0.0,
1990-05-20,0.0,
1990-05-21,0.0,
1990-05-22,0.0,
1990-05-23,0.0,
1990-05-24,0.0,
1990-05-25,0.0,
1990-05-26,0.0,
1990-05-27,0.0,
1990-05-28,0.0,
1990-05-29,0.0,
1990-05-30,0.0,
1990-05-31,0.0,
1990-06-01,0.0,
1990-06-02,0.0,
1990-06-03,0.0,
1990-06-04,0.0,
1990-06-05,0.0,
1990-06-06,0.0,
1990-06-07,0.0,
1990-06-08,0.0,
1990-06-09,0.0,
1990-06-10,0.0,
1990-06-11,0.0,
1990-06-12,0.0,
1990-06-13,0.0,
1990-06-14,0.0,
1990-06-15,0.0,
1990-06-16,0.0,
1990-06-17,0.0,
1990-06-18,0.0,
1990-06-19,0.0,
1990-06-20,0.0,
1990-06-21,0.0,
1990-06-22,0.0,
1990-06-23,0.0,
1990-06-24,0.0,
1990-06-25,0.0,
1990-06-26,0.0,
1990-06-27,0.0,
1990-06-28,0.0,
1990-06-29,0.0,
1990-06-30,0.0,
1990-07-01,0.0,
1990-07-02,0.0,
1990-07-03,0.0,
1990-07-04,0.0,
1990-07-05,0.0,
1990-07-06,0.0,
1990-07-07,0.0,
1990-07-08,0.0,
1990-07-09,0.0,
1990-07-10,0.0,
1990-07-11,0.0,
1990-07-12,0.0,
1990-07-13,0.0,
1990-07-14,0.0,
1990-07-15,0.0,
1990-07-16,0.0,
1990-07-17,0.0,
1990-07-18,0.0,
1990-07-19,0.0,
1990-07-20,0.0,
1990-07-21,0.0,
1990-07-22,0.0,
1990-07-23,0.0,
1990-07-24,0.0,
1990-07-25,0.0,
1990-07-26,0.0,
1990-07-27,0.0,
1990-07-28,0.0,
1990-07-29,0.0,
1990-07-30,0.0,
1990-07-31,0.0,
1990-08-01,0.0,
1990-08-02,0.0,
1990-08-03,0.0,
1990-08-04,0.0,
1990-08-05,0.0,
1990-08-06,0.0,
1990-08-07,0.0,
1990-08-08,0.0,
1990-08-09,0.0,
1990-08-10,0.0,
1990-08-11,0.0,
1990-08-12,0.0,
1990-08-13,0.0,
1990-08-14,0.0,
1990-08-15,0.0,
1990-08-16,0.0,
1990-08-17,0.0,
1990-08-18,0.0,
1990-08-19,0.0,
1990-08-20,0.0,
1990-08-21,0.0,
1990-08-22,0.0,
1990-08-23,0.0,
1990-08-24,0.0,
1990-08-25,0.0,
1990-08-26,0.0,
1990-08-27,0.0,
1990-08-28,0.0,
1990-08-29,0.0,
1990-08-30,0.0,
1990-08-31,0.0,
1990-09-01,0.0,
1990-09-02,0.0,
1990-09-03,0.0,
1990-09-04,0.0,
1990-09-05,0.0,
1990-09-06,0.0,
1990-09-07,0.0,
1990-09-08,0.0,
1990-09-09,0.0,
1990-09-10,0.0,
1990-09-11,0.0,
1990-09-12,0.0,
1990-09-13,0.0,
1990-09-14,0.0,
1990-09-15,0.0,
1990-09-16,0.0,
1990-09-17,0.0,
1990-09-18,0.0,
1990-09-19,0.0,
1990-09-20,0.0,
1990-09-21,0.0,
1990-09-22,0.0,
1990-09-23,0.0,
1990-09-24,0.0,
1990-09-25,0.0,
1990-09-26,0.0,
1990-09-27,0.0,
1990-09-28,0.0,
1990-09-29,0.0,
1990-09-30,0.0,
1990-10-01,0.0,
1990-10-02,0.0,
1990-10-03,0.0,
1990-10-04,0.0,
1990-10-05,0.0,
1990-10-06,0.0,
1990-10-07,0.0,
1990-10-08,0.0,
1990-10-09,0.0,
1990-10-10,0.0,
1990-10-11,0.0,
1990-10-12,0.0,
1990-10-13,0.0,
1990-10-14,0.0,
1990-10-15,0.0,
1990-10-16,0.0,
1990-10-17,0.0,
1990-10-18,0.0,
1990-10-19,0.0,
1990-10-20,0.0,
1990-10-21,0.0,
1990-10-22,0.0,
1990-10-23,0.0,
1990-10-24,0.0,
1990-10-25,0.0,
1990-10-26,0.0,
1990-10-27,0.0,
1990-10-28,0.0,
1990-10-29,0.0,
1990-10-30,0.0,
1990-10-31,0.0,
1990-11-01,0.0,
1990-11-02,0.0,
1990-11-03,0.0,
1990-11-04,0.0,
1990-11-05,0.0,
1990-11-06,0.0,
1990-11-07,0.0,
1990-11-08,0.0,
1990-11-09,0.0,
1990-11-10,0.0,
1990-11-11,0.0,
1990-11-12,0.0,
1990-11-13,0.0,
1990-11-14,0.0,
1990-11-15,0.0,
1990-11-16,0.0,
1990-11-17,0.0,
1990-11-18,0.0,
1990-11-19,0.0,
1990-11-20,0.0,
1990-11-21,0.0,
1990-11-22,0.254,
1990-11-23,0.508,
1990-11-24,0.508,
1990-11-25,0.762,
1990-11-26,2.794,
1990-11-27,2.286,
1990-11-28,2.286,
1990-11-29,2.54,
1990-11-30,2.54,
1990-12-01,2.54,
1990-12-02,2.54,
1990-12-03,2.794,
1990-12-04,2.794,
1990-12-05,2.794,
1990-12-06,2.794,
1990-12-07,3.048,
1990-12-08,3.048,
1990-12-09,3.048,
1990-12-10,2.794,
1990-12-11,3.048,
1990-12-12,3.048,
1990-12-13,3.048,
1990-12-14,3.048,
1990-12-15,3.556,
1990-12-16,4.064,
1990-12-17,4.064,
1990-12-18,4.064,
1990-12-19,4.064,
1990-12-20,4.318,
1990-12-21,4.318,
1990-12-22,4.572,
1990-12-23,4.572,
1990-12-24,4.572,
1990-12-25,4.826,
1990-12-26,4.826,
1990-12-27,4.826,
1990-12-28,5.08,
1990-12-29,5.08,
1990-12-30,5.334,
1990-12-31,5.334,
1991-01-01,5.461,
1991-01-02,5.563,
1991-01-03,5.664,
1991-01-04,5.766,
1991-01-05,5.867,
1991-01-06,5.969,
1991-01-07,6.071,
1991-01-08,6.172,
1991-01-09,6.274,
1991-01-10,6.375,
1991-01-11,6.477,
1991-01-12,6.579,
1991-01-13,6.68,
1991-01-14,6.782,
1991-01-15,6.883,
1991-01-16,7.112,
1991-01-17,7.112,
1991-01-18,7.112,
1991-01-19,7.366,
1991-01-20,7.366,
1991-01-21,7.366,
1991-01-22,7.874,
1991-01-23,8.382,
1991-01-24,8.382,
1991-01-25,8.382,
1991-01-26,8.636,
1991-01-27,8.636,
1991-01-28,8.89,
1991-01-29,9.144,
1991-01-30,9.144,
1991-01-31,9.144,
1991-02-01,9.398,
1991-02-02,9.144,
1991-02-03,9.652,
1991-02-04,9.398,
1991-02-05,9.652,
1991-02-06,10.16,
1991-02-07,10.16,
1991-02-08,9.906,
1991-02-09,9.906,
1991-02-10,9.906,
1991-02-11,9.906,
1991-02-12,9.906,
1991-02-13,9.906,
1991-02-14,9.652,
1991-02-15,9.652,
1991-02-16,9.398,
1991-02-17,9.398,
1991-02-18,9.144,
1991-02-19,8.636,
1991-02-20,8.636,
1991-02-21,8.128,
1991-02-22,8.382,
1991-02-23,8.128,
1991-02-24,8.128,
1991-02-25,8.128,
1991-02-26,7.874,
1991-02-27,7.112,
1991-02-28,6.858,
1991-03-01,7.62,
1991-03-02,11.176,
1991-03-03,11.43,
1991-03-04,16.51,
1991-03-05,17.78,
1991-03-06,17.526,
1991-03-07,18.034,
1991-03-08,17.78,
1991-03-09,18.034,
1991-03-10,17.78,
1991-03-11,18.288,
1991-03-12,18.542,
1991-03-13,18.542,
1991-03-14,18.796,
1991-03-15,19.304,
1991-03-16,19.558,
1991-03-17,18.796,
1991-03-18,20.32,
1991-03-19,22.606,
1991-03-20,23.114,
1991-03-21,23.114,
1991-03-22,23.622,
1991-03-23,23.622,
1991-03-24,24.892,
1991-03-25,27.94,
1991-03-26,31.75,
1991-03-27,32.258,
1991-03-28,33.02,
1991-03-29,33.274,
1991-03-30,33.02,
1991-03-31,32.766,
1991-04-01,32.512,
1991-04-02,33.274,
1991-04-03,33.274,
1991-04-04,33.02,
1991-04-05,32.258,
1991-04-06,31.242,
1991-04-07,30.48,
1991-04-08,29.972,
1991-04-09,29.21,
1991-04-10,28.448,
1991-04-11,27.94,
1991-04-12,28.448,
1991-04-13,28.702,
1991-04-14,28.448,
1991-04-15,26.67,
1991-04-16,26.924,
1991-04-17,25.146,
1991-04-18,25.654,
1991-04-19,24.638,
1991-04-20,24.638,
1991-04-21,22.86,
1991-04-22,23.622,
1991-04-23,21.59,
1991-04-24,19.05,
1991-04-25,16.51,
1991-04-26,16.51,
1991-04-27,15.494,
1991-04-28,13.716,
1991-04-29,10.922,
1991-04-30,8.89,
1991-05-01,5.334,
1991-05-02,4.318,
1991-05-03,3.556,
1991-05-04,2.032,
1991-05-05,0.762,
1991-05-06,0.0,
1991-05-07,0.0,
1991-05-08,0.0,
1991-05-09,0.0,
1991-05-10,0.0,
1991-05-11,0.0,
1991-05-12,0.0,
1991-05-13,0.0,
1991-05-14,0.0,
1991-05-15,0.0,
1991-05-16,0.0,
1991-05-17,0.0,
1991-05-18,0.0,
1991-05-19,0.0,
1991-05-20,0.0,
1991-05-21,0.0,
1991-05-22,0.0,
1991-05-23,0.0,
1991-05-24,0.0,
1991-05-25,0.0,
1991-05-26,0.0,
1991-05-27,0.0,
1991-05-28,0.0,
1991-05-29,0.0,
1991-05-30,0.0,
1991-05-31,0.0,
1991-06-01,0.0,
1991-06-02,0.0,
1991-06-03,0.0,
1991-06-04,0.0,
1991-06-05,0.0,
1991-06-06,0.0,
1991-06-07,0.0,
1991-06-08,0.0,
1991-06-09,0.0,
1991-06-10,0.0,
1991-06-11,0.0,
1991-06-12,0.0,
1991-06-13,0.0,
1991-06-14,0.0,
1991-06-15,0.0,
1991-06-16,0.0,
1991-06-17,0.0,
1991-06-18,0.0,
1991-06-19,0.0,
1991-06-20,0.0,
1991-06-21,0.0,
1991-06-22,0.0,
1991-06-23,0.0,
1991-06-24,0.0,
1991-06-25,0.0,
1991-06-26,0.0,
1991-06-27,0.0,
1991-06-28,0.0,
1991-06-29,0.0,
1991-06-30,0.0,
1991-07-01,0.0,
1991-07-02,0.0,
1991-07-03,0.0,
1991-07-04,0.0,
1991-07-05,0.0,
1991-07-06,0.0,
1991-07-07,0.0,
1991-07-08,0.0,
1991-07-09,0.0,
1991-07-10,0.0,
1991-07-11,0.0,
1991-07-12,0.0,
1991-07-13,0.0,
1991-07-14,0.0,
1991-07-15,0.0,
1991-07-16,0.0,
1991-07-17,0.0,
1991-07-18,0.0,
1991-07-19,0.0,
1991-07-20,0.0,
1991-07-21,0.0,
1991-07-22,0.0,
1991-07-23,0.0,
1991-07-24,0.0,
1991-07-25,0.0,
1991-07-26,0.0,
1991-07-27,0.0,
1991-07-28,0.0,
1991-07-29,0.0,
1991-07-30,0.0,
1991-07-31,0.0,
1991-08-01,0.0,
1991-08-02,0.0,
1991-08-03,0.0,
1991-08-04,0.0,
1991-08-05,0.0,
1991-08-06,0.0,
1991-08-07,0.0,
1991-08-08,0.0,
1991-08-09,0.0,
1991-08-10,0.0,
1991-08-11,0.0,
1991-08-12,0.0,
1991-08-13,0.0,
1991-08-14,0.0,
1991-08-15,0.0,
1991-08-16,0.0,
1991-08-17,0.0,
1991-08-18,0.0,
1991-08-19,0.0,
1991-08-20,0.0,
1991-08-21,0.0,
1991-08-22,0.0,
1991-08-23,0.0,
1991-08-24,0.0,
1991-08-25,0.0,
1991-08-26,0.0,
1991-08-27,0.0,
1991-08-28,0.0,
1991-08-29,0.0,
1991-08-30,0.0,
1991-08-31,0.0,
1991-09-01,0.0,
1991-09-02,0.0,
1991-09-03,0.0,
1991-09-04,0.0,
1991-09-05,0.0,
1991-09-06,0.0,
1991-09-07,0.0,
1991-09-08,0.0,
1991-09-09,0.0,
1991-09-10,0.0,
1991-09-11,0.0,
1991-09-12,0.0,
1991-09-13,0.0,
1991-09-14,0.0,
1991-09-15,0.0,
1991-09-16,0.0,
1991-09-17,0.0,
1991-09-18,0.0,
1991-09-19,0.0,
1991-09-20,0.0,
1991-09-21,0.0,
1991-09-22,0.0,
1991-09-23,0.0,
1991-09-24,0.0,
1991-09-25,0.0,
1991-09-26,0.0,
1991-09-27,0.0,
1991-09-28,0.0,
1991-09-29,0.0,
1991-09-30,0.0,
1991-10-01,0.0,
1991-10-02,0.0,
1991-10-03,0.0,
1991-10-04,0.0,
1991-10-05,0.0,
1991-10-06,0.0,
1991-10-07,0.0,
1991-10-08,0.0,
1991-10-09,0.0,
1991-10-10,0.0,
1991-10-11,0.0,
1991-10-12,0.0,
1991-10-13,0.0,
1991-10-14,0.0,
1991-10-15,0.0,
1991-10-16,0.0,
1991-10-17,0.0,
1991-10-18,0.0,
1991-10-19,0.0,
1991-10-20,0.0,
1991-10-21,0.0,
1991-10-22,0.0,
1991-10-23,0.0,
1991-10-24,0.0,
1991-10-25,0.0,
1991-10-26,1.524,
1991-10-27,3.81,
1991-10-28,6.096,
1991-10-29,6.096,
1991-10-30,6.096,
1991-10-31,5.842,
1991-11-01,6.096,
1991-11-02,6.096,
1991-11-03,6.096,
1991-11-04,6.096,
1991-11-05,5.842,
1991-11-06,5.334,
1991-11-07,5.08,
1991-11-08,4.572,
1991-11-09,3.81,
1991-11-10,2.54,
1991-11-11,2.286,
1991-11-12,1.524,
1991-11-13,1.27,
1991-11-14,1.27,
1991-11-15,1.778,
1991-11-16,2.286,
1991-11-17,2.54,
1991-11-18,6.096,
1991-11-19,5.842,
1991-11-20,5.842,
1991-11-21,6.096,
1991-11-22,6.096,
1991-11-23,6.604,
1991-11-24,6.604,
1991-11-25,6.35,
1991-11-26,6.35,
1991-11-27,6.604,
1991-11-28,7.366,
1991-11-29,7.112,
1991-11-30,8.128,
1991-12-01,7.874,
1991-12-02,8.128,
1991-12-03,8.128,
1991-12-04,8.128,
1991-12-05,8.382,
1991-12-06,8.382,
1991-12-07,8.382,
1991-12-08,9.652,
1991-12-09,9.652,
1991-12-10,9.906,
1991-12-11,9.906,
1991-12-12,9.906,
1991-12-13,10.16,
1991-12-14,10.16,
1991-12-15,10.16,
1991-12-16,10.16,
1991-12-17,10.16,
1991-12-18,10.16,
1991-12-19,11.43,
1991-12-20,11.43,
1991-12-21,11.43,
1991-12-22,11.684,
1991-12-23,11.684,
1991-12-24,11.684,
1991-12-25,11.684,
1991-12-26,11.684,
1991-12-27,11.684,
1991-12-28,12.7,
1991-12-29,13.462,
1991-12-30,14.224,
1991-12-31,13.97,
1992-01-01,14.224,
1992-01-02,14.224,
1992-01-03,14.224,
1992-01-04,14.224,
1992-01-05,14.224,
1992-01-06,14.986,
1992-01-07,15.748,
1992-01-08,16.256,
1992-01-09,16.002,
1992-01-10,16.002,
1992-01-11,16.002,
1992-01-12,16.002,
1992-01-13,15.748,
1992-01-14,16.002,
1992-01-15,15.748,
1992-01-16,16.002,
1992-01-17,16.002,
1992-01-18,16.002,
1992-01-19,16.002,
1992-01-20,15.748,
1992-01-21,15.748,
1992-01-22,15.748,
1992-01-23,15.748,
1992-01-24,15.748,
1992-01-25,15.494,
1992-01-26,15.494,
1992-01-27,15.748,
1992-01-28,16.002,
1992-01-29,16.764,
1992-01-30,16.764,
1992-01-31,16.764,
1992-02-01,16.764,
1992-02-02,16.764,
1992-02-03,17.018,
1992-02-04,16.764,
1992-02-05,16.764,
1992-02-06,16.764,
1992-02-07,17.272,
1992-02-08,17.526,
1992-02-09,17.78,
1992-02-10,17.526,
1992-02-11,18.542,
1992-02-12,20.574,
1992-02-13,21.59,
1992-02-14,21.844,
1992-02-15,23.114,
1992-02-16,24.13,
1992-02-17,25.146,
1992-02-18,25.146,
1992-02-19,25.146,
1992-02-20,25.654,
1992-02-21,25.4,
1992-02-22,25.146,
1992-02-23,24.638,
1992-02-24,24.892,
1992-02-25,24.892,
1992-02-26,24.638,
1992-02-27,24.384,
1992-02-28,23.876,
1992-02-29,23.368,
1992-03-01,22.86,
1992-03-02,22.86,
1992-03-03,22.86,
1992-03-04,22.606,
1992-03-05,21.59,
1992-03-06,22.098,
1992-03-07,21.844,
1992-03-08,22.098,
1992-03-09,22.352,
1992-03-10,22.606,
1992-03-11,21.844,
1992-03-12,21.59,
1992-03-13,20.574,
1992-03-14,20.574,
1992-03-15,20.574,
1992-03-16,21.336,
1992-03-17,21.59,
1992-03-18,21.844,
1992-03-19,22.098,
1992-03-20,22.098,
1992-03-21,22.352,
1992-03-22,22.352,
1992-03-23,22.098,
1992-03-24,22.098,
1992-03-25,21.59,
1992-03-26,21.082,
1992-03-27,20.574,
1992-03-28,19.05,
1992-03-29,17.78,
1992-03-30,16.002,
1992-03-31,14.986,
1992-04-01,13.97,
1992-04-02,12.7,
1992-04-03,10.922,
1992-04-04,8.89,
1992-04-05,7.112,
1992-04-06,5.334,
1992-04-07,4.318,
1992-04-08,2.54,
1992-04-09,0.0,
1992-04-10,0.0,
1992-04-11,0.0,
1992-04-12,0.0,
1992-04-13,0.0,
1992-04-14,0.0,
1992-04-15,0.0,
1992-04-16,0.0,
1992-04-17,0.0,
1992-04-18,0.0,
1992-04-19,0.0,
1992-04-20,0.0,
1992-04-21,0.0,
1992-04-22,0.0,
1992-04-23,0.0,
1992-04-24,0.0,
1992-04-25,0.0,
1992-04-26,0.0,
1992-04-27,0.0,
1992-04-28,0.0,
1992-04-29,0.0,
1992-04-30,0.0,
1992-05-01,0.0,
1992-05-02,0.0,
1992-05-03,0.0,
1992-05-04,0.0,
1992-05-05,0.0,
1992-05-06,0.0,
1992-05-07,0.0,
1992-05-08,0.0,
1992-05-09,0.0,
1992-05-10,0.0,
1992-05-11,0.0,
1992-05-12,0.0,
1992-05-13,0.0,
1992-05-14,0.0,
1992-05-15,0.0,
1992-05-16,0.0,
1992-05-17,0.0,
1992-05-18,0.0,
1992-05-19,0.0,
1992-05-20,0.0,
1992-05-21,0.0,
1992-05-22,0.0,
1992-05-23,0.0,
1992-05-24,0.0,
1992-05-25,0.0,
1992-05-26,0.0,
1992-05-27,0.0,
1992-05-28,0.0,
1992-05-29,0.0,
1992-05-30,0.0,
1992-05-31,0.0,
1992-06-01,0.0,
1992-06-02,0.0,
1992-06-03,0.0,
1992-06-04,0.0,
1992-06-05,0.0,
1992-06-06,0.0,
1992-06-07,0.0,
1992-06-08,0.0,
1992-06-09,0.0,
1992-06-10,0.0,
1992-06-11,0.0,
1992-06-12,0.0,
1992-06-13,0.0,
1992-06-14,0.0,
1992-06-15,0.0,
1992-06-16,0.0,
1992-06-17,0.0,
1992-06-18,0.0,
1992-06-19,0.0,
1992-06-20,0.0,
1992-06-21,0.0,
1992-06-22,0.0,
1992-06-23,0.0,
1992-06-24,0.0,
1992-06-25,0.0,
1992-06-26,0.0,
1992-06-27,0.0,
1992-06-28,0.0,
1992-06-29,0.0,
1992-06-30,0.0,
1992-07-01,0.0,
1992-07-02,0.0,
1992-07-03,0.0,
1992-07-04,0.0,
1992-07-05,0.0,
1992-07-06,0.0,
1992-07-07,0.0,
1992-07-08,0.0,
1992-07-09,0.0,
1992-07-10,0.0,
1992-07-11,0.0,
1992-07-12,0.0,
1992-07-13,0.0,
1992-07-14,0.0,
1992-07-15,0.0,
1992-07-16,0.0,
1992-07-17,0.0,
1992-07-18,0.0,
1992-07-19,0.0,
1992-07-20,0.0,
1992-07-21,0.0,
1992-07-22,0.0,
1992-07-23,0.0,
1992-07-24,0.0,
1992-07-25,0.0,
1992-07-26,0.0,
1992-07-27,0.0,
1992-07-28,0.0,
1992-07-29,0.0,
1992-07-30,0.0,
1992-07-31,0.0,
1992-08-01,0.0,
1992-08-02,0.0,
1992-08-03,0.0,
1992-08-04,0.0,
1992-08-05,0.0,
1992-08-06,0.0,
1992-08-07,0.0,
1992-08-08,0.0,
1992-08-09,0.0,
1992-08-10,0.0,
1992-08-11,0.0,
1992-08-12,0.0,
1992-08-13,0.0,
1992-08-14,0.0,
1992-08-15,0.0,
1992-08-16,0.0,
1992-08-17,0.0,
1992-08-18,0.0,
1992-08-19,0.0,
1992-08-20,0.0,
1992-08-21,0.0,
1992-08-22,0.0,
1992-08-23,0.0,
1992-08-24,0.0,
1992-08-25,0.0,
1992-08-26,0.0,
1992-08-27,0.0,
1992-08-28,0.0,
1992-08-29,0.0,
1992-08-30,0.0,
1992-08-31,0.0,
1992-09-01,0.0,
1992-09-02,0.0,
1992-09-03,0.0,
1992-09-04,0.0,
1992-09-05,0.0,
1992-09-06,0.0,
1992-09-07,0.0,
1992-09-08,0.0,
1992-09-09,0.0,
1992-09-10,0.0,
1992-09-11,0.0,
1992-09-12,0.0,
1992-09-13,0.0,
1992-09-14,0.0,
1992-09-15,0.0,
1992-09-16,0.0,
1992-09-17,0.0,
1992-09-18,0.0,
1992-09-19,0.0,
1992-09-20,0.0,
1992-09-21,0.0,
1992-09-22,0.0,
1992-09-23,0.0,
1992-09-24,0.0,
1992-09-25,0.0,
1992-09-26,0.0,
1992-09-27,0.0,
1992-09-28,0.0,
1992-09-29,0.0,
1992-09-30,0.0,
1992-10-01,0.0,
1992-10-02,0.0,
1992-10-03,0.0,
1992-10-04,0.0,
1992-10-05,0.0,
1992-10-06,0.0,
1992-10-07,0.0,
1992-10-08,0.0,
1992-10-09,0.0,
1992-10-10,0.0,
1992-10-11,0.0,
1992-10-12,0.0,
1992-10-13,0.0,
1992-10-14,0.0,
1992-10-15,0.0,
1992-10-16,0.0,
1992-10-17,0.0,
1992-10-18,0.0,
1992-10-19,0.0,
1992-10-20,0.0,
1992-10-21,0.0,
1992-10-22,0.0,
1992-10-23,0.0,
1992-10-24,0.0,
1992-10-25,0.0,
1992-10-26,0.0,
1992-10-27,0.0,
1992-10-28,0.0,
1992-10-29,0.0,
1992-10-30,0.0,
1992-10-31,0.0,
1992-11-01,0.0,
1992-11-02,0.0,
1992-11-03,0.0,
1992-11-04,0.0,
1992-11-05,0.0,
1992-11-06,0.0,
1992-11-07,0.0,
1992-11-08,0.0,
1992-11-09,0.0,
1992-11-10,0.0,
1992-11-11,0.0,
1992-11-12,0.0,
1992-11-13,0.0,
1992-11-14,0.0,
1992-11-15,0.0,
1992-11-16,0.0,
1992-11-17,0.0,
1992-11-18,0.0,
1992-11-19,0.0,
1992-11-20,0.0,
1992-11-21,0.0,
1992-11-22,0.0,
1992-11-23,0.0,
1992-11-24,0.0,
1992-11-25,0.0,
1992-11-26,0.0,
1992-11-27,0.0,
1992-11-28,0.0,
1992-11-29,0.0,
1992-11-30,0.0,
1992-12-01,0.0,
1992-12-02,0.254,
1992-12-03,0.254,
1992-12-04,0.254,
1992-12-05,0.0,
1992-12-06,0.0,
1992-12-07,4.064,
1992-12-08,4.572,
1992-12-09,9.398,
1992-12-10,11.43,
1992-12-11,13.462,
1992-12-12,15.494,
1992-12-13,15.494,
1992-12-14,15.494,
1992-12-15,15.494,
1992-12-16,15.748,
1992-12-17,15.748,
1992-12-18,18.542,
1992-12-19,18.288,
1992-12-20,18.542,
1992-12-21,18.542,
1992-12-22,18.542,
1992-12-23,18.542,
1992-12-24,18.542,
1992-12-25,18.542,
1992-12-26,18.542,
1992-12-27,18.542,
1992-12-28,18.542,
1992-12-29,23.114,
1992-12-30,30.48,
1992-12-31,30.988,
1993-01-01,31.242,
1993-01-02,34.544,
1993-01-03,34.29,
1993-01-04,34.544,
1993-01-05,34.798,
1993-01-06,34.798,
1993-01-07,37.084,
1993-01-08,39.624,
1993-01-09,40.386,
1993-01-10,41.402,
1993-01-11,43.688,
1993-01-12,43.434,
1993-01-13,45.212,
1993-01-14,46.228,
1993-01-15,46.99,
1993-01-16,49.276,
1993-01-17,49.784,
1993-01-18,50.8,
1993-01-19,50.8,
1993-01-20,50.8,
1993-01-21,54.61,
1993-01-22,56.388,
1993-01-23,56.134,
1993-01-24,55.88,
1993-01-25,55.626,
1993-01-26,55.372,
1993-01-27,54.864,
1993-01-28,55.118,
1993-01-29,55.372,
1993-01-30,55.118,
1993-01-31,55.372,
1993-02-01,55.372,
1993-02-02,55.372,
1993-02-03,55.372,
1993-02-04,55.372,
1993-02-05,55.372,
1993-02-06,55.372,
1993-02-07,55.372,
1993-02-08,55.626,
1993-02-09,55.88,
1993-02-10,56.388,
1993-02-11,56.388,
1993-02-12,56.896,
1993-02-13,56.642,
1993-02-14,56.642,
1993-02-15,56.642,
1993-02-16,56.642,
1993-02-17,56.896,
1993-02-18,58.928,
1993-02-19,60.452,
1993-02-20,64.77,
1993-02-21,67.818,
1993-02-22,68.072,
1993-02-23,68.326,
1993-02-24,70.612,
1993-02-25,70.866,
1993-02-26,70.866,
1993-02-27,70.866,
1993-02-28,70.866,
1993-03-01,70.866,
1993-03-02,70.866,
1993-03-03,70.612,
1993-03-04,70.612,
1993-03-05,70.612,
1993-03-06,70.612,
1993-03-07,70.358,
1993-03-08,70.358,
1993-03-09,70.358,
1993-03-10,70.358,
1993-03-11,70.358,
1993-03-12,70.104,
1993-03-13,69.596,
1993-03-14,68.58,
1993-03-15,68.326,
1993-03-16,68.834,
1993-03-17,69.342,
1993-03-18,69.596,
1993-03-19,69.596,
1993-03-20,69.85,
1993-03-21,69.85,
1993-03-22,69.596,
1993-03-23,68.58,
1993-03-24,67.564,
1993-03-25,68.072,
1993-03-26,69.342,
1993-03-27,69.85,
1993-03-28,70.358,
1993-03-29,70.358,
1993-03-30,69.596,
1993-03-31,69.596,
1993-04-01,69.088,
1993-04-02,69.85,
1993-04-03,69.342,
1993-04-04,69.342,
1993-04-05,69.342,
1993-04-06,68.834,
1993-04-07,66.294,
1993-04-08,65.786,
1993-04-09,63.5,
1993-04-10,61.976,
1993-04-11,59.69,
1993-04-12,57.15,
1993-04-13,56.642,
1993-04-14,54.61,
1993-04-15,52.324,
1993-04-16,50.546,
1993-04-17,48.768,
1993-04-18,49.022,
1993-04-19,49.022,
1993-04-20,47.752,
1993-04-21,45.974,
1993-04-22,43.18,
1993-04-23,41.402,
1993-04-24,37.846,
1993-04-25,35.814,
1993-04-26,34.036,
1993-04-27,31.75,
1993-04-28,28.448,
1993-04-29,24.892,
1993-04-30,21.844,
1993-05-01,19.304,
1993-05-02,15.494,
1993-05-03,10.922,
1993-05-04,9.398,
1993-05-05,8.128,
1993-05-06,4.572,
1993-05-07,3.81,
1993-05-08,1.524,
1993-05-09,0.0,
1993-05-10,0.0,
1993-05-11,0.0,
1993-05-12,0.0,
1993-05-13,0.0,
1993-05-14,0.0,
1993-05-15,0.0,
1993-05-16,0.0,
1993-05-17,0.0,
1993-05-18,0.0,
1993-05-19,0.0,
1993-05-20,0.0,
1993-05-21,0.0,
1993-05-22,0.0,
1993-05-23,0.0,
1993-05-24,0.0,
1993-05-25,0.0,
1993-05-26,0.0,
1993-05-27,0.0,
1993-05-28,0.0,
1993-05-29,0.0,
1993-05-30,0.0,
1993-05-31,0.0,
1993-06-01,0.0,
1993-06-02,0.0,
1993-06-03,0.0,
1993-06-04,0.0,
1993-06-05,0.0,
1993-06-06,0.0,
1993-06-07,0.0,
1993-06-08,0.0,
1993-06-09,0.0,
1993-06-10,0.0,
1993-06-11,0.0,
1993-06-12,0.0,
1993-06-13,0.0,
1993-06-14,0.0,
1993-06-15,0.0,
1993-06-16,0.0,
1993-06-17,0.0,
1993-06-18,0.0,
1993-06-19,0.0,
1993-06-20,0.0,
1993-06-21,0.0,
1993-06-22,0.0,
1993-06-23,0.0,
1993-06-24,0.0,
1993-06-25,0.0,
1993-06-26,0.0,
1993-06-27,0.0,
1993-06-28,0.0,
1993-06-29,0.0,
1993-06-30,0.0,
1993-07-01,0.0,
1993-07-02,0.0,
1993-07-03,0.0,
1993-07-04,0.0,
1993-07-05,0.0,
1993-07-06,0.0,
1993-07-07,0.0,
1993-07-08,0.0,
1993-07-09,0.0,
1993-07-10,0.0,
1993-07-11,0.0,
1993-07-12,0.0,
1993-07-13,0.0,
1993-07-14,0.0,
1993-07-15,0.0,
1993-07-16,0.0,
1993-07-17,0.0,
1993-07-18,0.0,
1993-07-19,0.0,
1993-07-20,0.0,
1993-07-21,0.0,
1993-07-22,0.0,
1993-07-23,0.0,
1993-07-24,0.0,
1993-07-25,0.0,
1993-07-26,0.0,
1993-07-27,0.0,
1993-07-28,0.0,
1993-07-29,0.0,
1993-07-30,0.0,
1993-07-31,0.0,
1993-08-01,0.0,
1993-08-02,0.0,
1993-08-03,0.0,
1993-08-04,0.0,
1993-08-05,0.0,
1993-08-06,0.0,
1993-08-07,0.0,
1993-08-08,0.0,
1993-08-09,0.0,
1993-08-10,0.0,
1993-08-11,0.0,
1993-08-12,0.0,
1993-08-13,0.0,
1993-08-14,0.0,
1993-08-15,0.0,
1993-08-16,0.0,
1993-08-17,0.0,
1993-08-18,0.0,
1993-08-19,0.0,
1993-08-20,0.0,
1993-08-21,0.0,
1993-08-22,0.0,
1993-08-23,0.0,
1993-08-24,0.0,
1993-08-25,0.0,
1993-08-26,0.0,
1993-08-27,0.0,
1993-08-28,0.0,
1993-08-29,0.0,
1993-08-30,0.0,
1993-08-31,0.0,
1993-09-01,0.0,
1993-09-02,0.0,
1993-09-03,0.0,
1993-09-04,0.0,
1993-09-05,0.0,
1993-09-06,0.0,
1993-09-07,0.0,
1993-09-08,0.0,
1993-09-09,0.0,
1993-09-10,0.0,
1993-09-11,0.0,
1993-09-12,0.0,
1993-09-13,0.0,
1993-09-14,0.0,
1993-09-15,0.0,
1993-09-16,0.0,
1993-09-17,0.0,
1993-09-18,0.0,
1993-09-19,0.0,
1993-09-20,0.0,
1993-09-21,0.0,
1993-09-22,0.0,
1993-09-23,0.0,
1993-09-24,0.0,
1993-09-25,0.0,
1993-09-26,0.0,
1993-09-27,0.0,
1993-09-28,0.0,
1993-09-29,0.0,
1993-09-30,0.0,
1993-10-01,0.0,
1993-10-02,0.0,
1993-10-03,0.0,
1993-10-04,0.0,
1993-10-05,0.0,
1993-10-06,0.0,
1993-10-07,0.0,
1993-10-08,0.0,
1993-10-09,0.0,
1993-10-10,0.0,
1993-10-11,0.0,
1993-10-12,0.0,
1993-10-13,0.0,
1993-10-14,0.0,
1993-10-15,0.0,
1993-10-16,0.0,
1993-10-17,0.0,
1993-10-18,0.0,
1993-10-19,0.0,
1993-10-20,0.0,
1993-10-21,0.0,
1993-10-22,0.0,
1993-10-23,0.0,
1993-10-24,0.0,
1993-10-25,0.0,
1993-10-26,0.0,
1993-10-27,0.0,
1993-10-28,0.0,
1993-10-29,0.0,
1993-10-30,0.0,
1993-10-31,0.0,
1993-11-01,0.0,
1993-11-02,0.0,
1993-11-03,0.0,
1993-11-04,0.0,
1993-11-05,0.0,
1993-11-06,0.0,
1993-11-07,0.0,
1993-11-08,0.0,
1993-11-09,,
1993-11-10,,
1993-11-11,,
1993-11-12,,
1993-11-13,,
1993-11-14,,
1993-11-15,,
1993-11-16,,
1993-11-17,,
1993-11-18,,
1993-11-19,,
1993-11-20,,
1993-11-21,,
1993-11-22,,
1993-11-23,,
1993-11-24,,
1993-11-25,,
1993-11-26,,
1993-11-27,,
1993-11-28,,
1993-11-29,,
1993-11-30,,
1993-12-01,,
1993-12-02,,
1993-12-03,,
1993-12-04,,
1993-12-05,,
1993-12-06,,
1993-12-07,,
1993-12-08,,
1993-12-09,,
1993-12-10,,
1993-12-11,,
1993-12-12,,
1993-12-13,,
1993-12-14,,
1993-12-15,,
1993-12-16,,
1993-12-17,,
1993-12-18,,
1993-12-19,,
1993-12-20,,
1993-12-21,,
1993-12-22,,
1993-12-23,,
1993-12-24,,
1993-12-25,,
1993-12-26,,
1993-12-27,,
1993-12-28,,
1993-12-29,,
1993-12-30,11.684,
1993-12-31,11.684,
1994-01-01,11.684,
1994-01-02,11.684,
1994-01-03,11.684,
1994-01-04,11.43,
1994-01-05,12.446,
1994-01-06,12.192,
1994-01-07,11.938,
1994-01-08,11.938,
1994-01-09,11.938,
1994-01-10,11.938,
1994-01-11,11.938,
1994-01-12,11.938,
1994-01-13,11.938,
1994-01-14,12.192,
1994-01-15,12.7,
1994-01-16,12.7,
1994-01-17,12.7,
1994-01-18,12.7,
1994-01-19,12.7,
1994-01-20,12.7,
1994-01-21,12.7,
1994-01-22,12.7,
1994-01-23,12.7,
1994-01-24,13.462,
1994-01-25,13.462,
1994-01-26,13.462,
1994-01-27,13.462,
1994-01-28,13.462,
1994-01-29,13.462,
1994-01-30,13.462,
1994-01-31,13.462,
1994-02-01,13.462,
1994-02-02,13.462,
1994-02-03,13.462,
1994-02-04,13.462,
1994-02-05,13.462,
1994-02-06,13.97,
1994-02-07,13.97,
1994-02-08,18.034,
1994-02-09,19.05,
1994-02-10,19.05,
1994-02-11,21.336,
1994-02-12,21.082,
1994-02-13,21.082,
1994-02-14,21.082,
1994-02-15,20.828,
1994-02-16,20.828,
1994-02-17,20.574,
1994-02-18,25.654,
1994-02-19,26.924,
1994-02-20,28.448,
1994-02-21,29.718,
1994-02-22,29.718,
1994-02-23,29.972,
1994-02-24,29.972,
1994-02-25,29.718,
1994-02-26,29.464,
1994-02-27,29.718,
1994-02-28,30.48,
1994-03-01,30.48,
1994-03-02,30.48,
1994-03-03,30.48,
1994-03-04,29.972,
1994-03-05,30.48,
1994-03-06,30.988,
1994-03-07,31.496,
1994-03-08,31.75,
1994-03-09,31.496,
1994-03-10,31.496,
1994-03-11,31.75,
1994-03-12,31.75,
1994-03-13,32.004,
1994-03-14,31.242,
1994-03-15,30.48,
1994-03-16,29.718,
1994-03-17,29.464,
1994-03-18,28.956,
1994-03-19,27.94,
1994-03-20,28.194,
1994-03-21,27.686,
1994-03-22,27.686,
1994-03-23,27.94,
1994-03-24,27.94,
1994-03-25,28.194,
1994-03-26,29.21,
1994-03-27,30.226,
1994-03-28,29.718,
1994-03-29,28.702,
1994-03-30,26.924,
1994-03-31,25.908,
1994-04-01,24.638,
1994-04-02,22.86,
1994-04-03,22.86,
1994-04-04,22.86,
1994-04-05,21.59,
1994-04-06,20.574,
1994-04-07,20.32,
1994-04-08,18.542,
1994-04-09,18.796,
1994-04-10,18.796,
1994-04-11,19.304,
1994-04-12,17.272,
1994-04-13,15.748,
1994-04-14,12.954,
1994-04-15,10.16,
1994-04-16,7.62,
1994-04-17,4.826,
1994-04-18,2.032,
1994-04-19,0.0,
1994-04-20,0.0,
1994-04-21,0.0,
1994-04-22,0.0,
1994-04-23,0.0,
1994-04-24,0.0,
1994-04-25,0.0,
1994-04-26,1.27,
1994-04-27,1.016,
1994-04-28,1.27,
1994-04-29,0.508,
1994-04-30,0.0,
1994-05-01,0.0,
1994-05-02,0.0,
1994-05-03,0.0,
1994-05-04,0.0,
1994-05-05,0.0,
1994-05-06,0.0,
1994-05-07,0.0,
1994-05-08,0.0,
1994-05-09,0.0,
1994-05-10,0.0,
1994-05-11,0.0,
1994-05-12,0.0,
1994-05-13,0.0,
1994-05-14,0.0,
1994-05-15,0.0,
1994-05-16,0.0,
1994-05-17,0.0,
1994-05-18,0.508,
1994-05-19,2.286,
1994-05-20,0.762,
1994-05-21,0.0,
1994-05-22,0.0,
1994-05-23,0.0,
1994-05-24,0.0,
1994-05-25,0.0,
1994-05-26,0.0,
1994-05-27,0.0,
1994-05-28,0.0,
1994-05-29,0.0,
1994-05-30,0.0,
1994-05-31,0.0,
1994-06-01,0.0,
1994-06-02,0.0,
1994-06-03,0.0,
1994-06-04,0.0,
1994-06-05,0.0,
1994-06-06,0.0,
1994-06-07,0.0,
1994-06-08,0.0,
1994-06-09,0.0,
1994-06-10,0.0,
1994-06-11,0.0,
1994-06-12,0.0,
1994-06-13,0.0,
1994-06-14,0.0,
1994-06-15,0.0,
1994-06-16,0.0,
1994-06-17,0.0,
1994-06-18,0.0,
1994-06-19,0.0,
1994-06-20,0.0,
1994-06-21,0.0,
1994-06-22,0.0,
1994-06-23,0.0,
1994-06-24,0.0,
1994-06-25,0.0,
1994-06-26,0.0,
1994-06-27,0.0,
1994-06-28,0.0,
1994-06-29,0.0,
1994-06-30,0.0,
1994-07-01,0.0,
1994-07-02,0.0,
1994-07-03,0.0,
1994-07-04,0.0,
1994-07-05,0.0,
1994-07-06,0.0,
1994-07-07,0.0,
1994-07-08,0.0,
1994-07-09,0.0,
1994-07-10,0.0,
1994-07-11,0.0,
1994-07-12,0.0,
1994-07-13,0.0,
1994-07-14,0.0,
1994-07-15,0.0,
1994-07-16,0.0,
1994-07-17,0.0,
1994-07-18,0.0,
1994-07-19,0.0,
1994-07-20,0.0,
1994-07-21,0.0,
1994-07-22,0.0,
1994-07-23,0.0,
1994-07-24,0.0,
1994-07-25,0.0,
1994-07-26,0.0,
1994-07-27,0.0,
1994-07-28,0.0,
1994-07-29,0.0,
1994-07-30,0.0,
1994-07-31,0.0,
1994-08-01,0.0,
1994-08-02,0.0,
1994-08-03,0.0,
1994-08-04,0.0,
1994-08-05,0.0,
1994-08-06,0.0,
1994-08-07,0.0,
1994-08-08,0.0,
1994-08-09,0.0,
1994-08-10,0.0,
1994-08-11,0.0,
1994-08-12,0.0,
1994-08-13,0.0,
1994-08-14,0.0,
1994-08-15,0.0,
1994-08-16,0.0,
1994-08-17,0.0,
1994-08-18,0.0,
1994-08-19,0.0,
1994-08-20,0.0,
1994-08-21,0.0,
1994-08-22,0.0,
1994-08-23,0.0,
1994-08-24,0.0,
1994-08-25,0.0,
1994-08-26,0.0,
1994-08-27,0.0,
1994-08-28,0.0,
1994-08-29,0.0,
1994-08-30,0.0,
1994-08-31,0.0,
1994-09-01,0.0,
1994-09-02,0.0,
1994-09-03,0.0,
1994-09-04,0.0,
1994-09-05,0.0,
1994-09-06,0.0,
1994-09-07,0.0,
1994-09-08,0.0,
1994-09-09,0.0,
1994-09-10,0.0,
1994-09-11,0.0,
1994-09-12,0.0,
1994-09-13,0.0,
1994-09-14,0.0,
1994-09-15,0.0,
1994-09-16,0.0,
1994-09-17,0.0,
1994-09-18,0.0,
1994-09-19,0.0,
1994-09-20,0.0,
1994-09-21,0.0,
1994-09-22,0.0,
1994-09-23,0.0,
1994-09-24,0.0,
1994-09-25,0.0,
1994-09-26,0.0,
1994-09-27,0.0,
1994-09-28,0.0,
1994-09-29,0.0,
1994-09-30,0.0,
1994-10-01,0.0,
1994-10-02,0.0,
1994-10-03,0.0,
1994-10-04,0.0,
1994-10-05,0.0,
1994-10-06,0.0,
1994-10-07,0.0,
1994-10-08,0.0,
1994-10-09,0.0,
1994-10-10,0.0,
1994-10-11,0.0,
1994-10-12,0.0,
1994-10-13,0.0,
1994-10-14,0.0,
1994-10-15,0.0,
1994-10-16,0.0,
1994-10-17,0.0,
1994-10-18,0.0,
1994-10-19,0.0,
1994-10-20,0.0,
1994-10-21,0.0,
1994-10-22,0.0,
1994-10-23,0.0,
1994-10-24,0.0,
1994-10-25,0.0,
1994-10-26,0.0,
1994-10-27,0.0,
1994-10-28,0.0,
1994-10-29,0.0,
1994-10-30,0.0,
1994-10-31,0.0,
1994-11-01,0.0,
1994-11-02,0.508,
1994-11-03,0.762,
1994-11-04,0.762,
1994-11-05,1.27,
1994-11-06,1.016,
1994-11-07,0.0,
1994-11-08,1.27,
1994-11-09,1.27,
1994-11-10,2.286,
1994-11-11,2.794,
1994-11-12,3.048,
1994-11-13,2.794,
1994-11-14,2.794,
1994-11-15,2.794,
1994-11-16,3.81,
1994-11-17,3.81,
1994-11-18,7.112,
1994-11-19,8.636,
1994-11-20,8.382,
1994-11-21,8.636,
1994-11-22,8.636,
1994-11-23,8.382,
1994-11-24,8.382,
1994-11-25,8.636,
1994-11-26,13.208,
1994-11-27,14.224,
1994-11-28,14.478,
1994-11-29,14.224,
1994-11-30,14.224,
1994-12-01,14.478,
1994-12-02,14.478,
1994-12-03,14.478,
1994-12-04,15.494,
1994-12-05,15.748,
1994-12-06,16.256,
1994-12-07,16.51,
1994-12-08,16.256,
1994-12-09,16.002,
1994-12-10,16.002,
1994-12-11,16.256,
1994-12-12,16.51,
1994-12-13,19.05,
1994-12-14,19.304,
1994-12-15,19.558,
1994-12-16,19.558,
1994-12-17,19.558,
1994-12-18,19.558,
1994-12-19,19.558,
1994-12-20,19.558,
1994-12-21,19.558,
1994-12-22,19.558,
1994-12-23,19.558,
1994-12-24,19.558,
1994-12-25,20.066,
1994-12-26,20.066,
1994-12-27,20.32,
1994-12-28,20.066,
1994-12-29,21.082,
1994-12-30,21.082,
1994-12-31,20.828,
1995-01-01,20.828,
1995-01-02,20.574,
1995-01-03,20.828,
1995-01-04,20.828,
1995-01-05,22.606,
1995-01-06,24.384,
1995-01-07,26.416,
1995-01-08,29.718,
1995-01-09,31.75,
1995-01-10,33.274,
1995-01-11,40.132,
1995-01-12,40.386,
1995-01-13,41.402,
1995-01-14,43.18,
1995-01-15,45.974,
1995-01-16,47.498,
1995-01-17,48.006,
1995-01-18,47.752,
1995-01-19,47.498,
1995-01-20,47.498,
1995-01-21,47.498,
1995-01-22,47.244,
1995-01-23,47.498,
1995-01-24,47.752,
1995-01-25,48.514,
1995-01-26,48.768,
1995-01-27,49.53,
1995-01-28,49.784,
1995-01-29,50.038,
1995-01-30,50.038,
1995-01-31,50.038,
1995-02-01,49.784,
1995-02-02,49.784,
1995-02-03,49.53,
1995-02-04,49.53,
1995-02-05,49.53,
1995-02-06,49.276,
1995-02-07,49.276,
1995-02-08,49.276,
1995-02-09,49.53,
1995-02-10,49.276,
1995-02-11,49.276,
1995-02-12,49.276,
1995-02-13,48.768,
1995-02-14,51.054,
1995-02-15,51.054,
1995-02-16,51.054,
1995-02-17,50.8,
1995-02-18,50.546,
1995-02-19,50.546,
1995-02-20,50.038,
1995-02-21,49.784,
1995-02-22,49.784,
1995-02-23,50.038,
1995-02-24,50.038,
1995-02-25,49.784,
1995-02-26,49.022,
1995-02-27,49.276,
1995-02-28,49.276,
1995-03-01,49.276,
1995-03-02,49.022,
1995-03-03,49.276,
1995-03-04,52.832,
1995-03-05,53.34,
1995-03-06,53.594,
1995-03-07,53.34,
1995-03-08,53.34,
1995-03-09,52.832,
1995-03-10,57.912,
1995-03-11,62.484,
1995-03-12,63.5,
1995-03-13,64.008,
1995-03-14,65.024,
1995-03-15,65.024,
1995-03-16,64.262,
1995-03-17,64.008,
1995-03-18,63.754,
1995-03-19,63.5,
1995-03-20,61.976,
1995-03-21,67.564,
1995-03-22,69.596,
1995-03-23,73.406,
1995-03-24,75.438,
1995-03-25,75.438,
1995-03-26,75.692,
1995-03-27,75.692,
1995-03-28,75.692,
1995-03-29,75.946,
1995-03-30,76.2,
1995-03-31,75.946,
1995-04-01,75.946,
1995-04-02,75.692,
1995-04-03,75.692,
1995-04-04,75.438,
1995-04-05,73.914,
1995-04-06,71.12,
1995-04-07,70.866,
1995-04-08,69.596,
1995-04-09,69.596,
1995-04-10,69.596,
1995-04-11,69.596,
1995-04-12,68.326,
1995-04-13,65.024,
1995-04-14,68.834,
1995-04-15,69.088,
1995-04-16,69.596,
1995-04-17,70.104,
1995-04-18,70.104,
1995-04-19,71.12,
1995-04-20,71.628,
1995-04-21,71.882,
1995-04-22,72.39,
1995-04-23,72.136,
1995-04-24,68.834,
1995-04-25,68.326,
1995-04-26,66.04,
1995-04-27,62.738,
1995-04-28,62.738,
1995-04-29,60.198,
1995-04-30,57.912,
1995-05-01,60.706,
1995-05-02,61.468,
1995-05-03,56.134,
1995-05-04,51.816,
1995-05-05,32.766,
1995-05-06,32.258,
1995-05-07,47.498,
1995-05-08,51.054,
1995-05-09,42.926,
1995-05-10,44.196,
1995-05-11,31.496,
1995-05-12,29.718,
1995-05-13,28.448,
1995-05-14,38.1,
1995-05-15,37.338,
1995-05-16,30.48,
1995-05-17,21.59,
1995-05-18,19.812,
1995-05-19,18.542,
1995-05-20,17.272,
1995-05-21,12.954,
1995-05-22,10.922,
1995-05-23,9.652,
1995-05-24,3.556,
1995-05-25,3.048,
1995-05-26,1.27,
1995-05-27,0.508,
1995-05-28,0.254,
1995-05-29,0.254,
1995-05-30,0.508,
1995-05-31,0.508,
1995-06-01,0.0,
1995-06-02,0.762,
1995-06-03,1.016,
1995-06-04,1.016,
1995-06-05,1.016,
1995-06-06,0.762,
1995-06-07,2.032,
1995-06-08,0.762,
1995-06-09,0.762,
1995-06-10,0.0,
1995-06-11,0.0,
1995-06-12,0.0,
1995-06-13,0.0,
1995-06-14,0.0,
1995-06-15,0.0,
1995-06-16,0.0,
1995-06-17,0.0,
1995-06-18,0.0,
1995-06-19,0.0,
1995-06-20,0.0,
1995-06-21,0.0,
1995-06-22,0.0,
1995-06-23,0.0,
1995-06-24,0.0,
1995-06-25,0.0,
1995-06-26,0.0,
1995-06-27,0.0,
1995-06-28,0.0,
1995-06-29,0.0,
1995-06-30,0.0,
1995-07-01,0.0,
1995-07-02,0.0,
1995-07-03,0.0,
1995-07-04,0.0,
1995-07-05,0.0,
1995-07-06,0.0,
1995-07-07,0.0,
1995-07-08,0.0,
1995-07-09,0.0,
1995-07-10,0.0,
1995-07-11,0.0,
1995-07-12,0.0,
1995-07-13,0.0,
1995-07-14,0.0,
1995-07-15,0.0,
1995-07-16,0.0,
1995-07-17,0.0,
1995-07-18,0.0,
1995-07-19,0.0,
1995-07-20,0.0,
1995-07-21,0.0,
1995-07-22,0.0,
1995-07-23,0.0,
1995-07-24,0.0,
1995-07-25,0.0,
1995-07-26,0.0,
1995-07-27,0.0,
1995-07-28,0.0,
1995-07-29,0.0,
1995-07-30,0.0,
1995-07-31,0.0,
1995-08-01,0.0,
1995-08-02,0.0,
1995-08-03,0.0,
1995-08-04,0.0,
1995-08-05,0.0,
1995-08-06,0.0,
1995-08-07,0.0,
1995-08-08,0.0,
1995-08-09,0.0,
1995-08-10,0.0,
1995-08-11,0.0,
1995-08-12,0.0,
1995-08-13,0.0,
1995-08-14,0.0,
1995-08-15,0.0,
1995-08-16,0.0,
1995-08-17,0.0,
1995-08-18,0.0,
1995-08-19,0.0,
1995-08-20,0.0,
1995-08-21,0.0,
1995-08-22,0.0,
1995-08-23,0.0,
1995-08-24,0.0,
1995-08-25,0.0,
1995-08-26,0.0,
1995-08-27,0.0,
1995-08-28,0.0,
1995-08-29,0.0,
1995-08-30,0.0,
1995-08-31,0.0,
1995-09-01,0.0,
1995-09-02,0.0,
1995-09-03,0.0,
1995-09-04,0.0,
1995-09-05,0.0,
1995-09-06,0.0,
1995-09-07,0.0,
1995-09-08,0.0,
1995-09-09,0.0,
1995-09-10,0.0,
1995-09-11,0.0,
1995-09-12,0.0,
1995-09-13,0.0,
1995-09-14,0.0,
1995-09-15,0.0,
1995-09-16,0.0,
1995-09-17,0.0,
1995-09-18,0.0,
1995-09-19,0.0,
1995-09-20,0.0,
1995-09-21,0.0,
1995-09-22,0.0,
1995-09-23,0.0,
1995-09-24,0.0,
1995-09-25,0.0,
1995-09-26,0.0,
1995-09-27,0.0,
1995-09-28,0.0,
1995-09-29,0.0,
1995-09-30,0.0,
1995-10-01,0.0,
1995-10-02,0.0,
1995-10-03,0.0,
1995-10-04,0.0,
1995-10-05,0.0,
1995-10-06,0.0,
1995-10-07,0.0,
1995-10-08,0.0,
1995-10-09,0.0,
1995-10-10,0.0,
1995-10-11,0.0,
1995-10-12,0.0,
1995-10-13,0.0,
1995-10-14,0.0,
1995-10-15,0.0,
1995-10-16,0.0,
1995-10-17,0.0,
1995-10-18,0.0,
1995-10-19,0.0,
1995-10-20,0.0,
1995-10-21,0.0,
1995-10-22,0.0,
1995-10-23,0.762,
1995-10-24,0.254,
1995-10-25,0.254,
1995-10-26,0.0,
1995-10-27,0.0,
1995-10-28,0.0,
1995-10-29,0.0,
1995-10-30,0.0,
1995-10-31,0.0,
1995-11-01,0.0,
1995-11-02,0.0,
1995-11-03,0.508,
1995-11-04,0.508,
1995-11-05,0.254,
1995-11-06,0.254,
1995-11-07,0.254,
1995-11-08,0.0,
1995-11-09,0.0,
1995-11-10,0.0,
1995-11-11,0.0,
1995-11-12,0.0,
1995-11-13,0.0,
1995-11-14,0.0,
1995-11-15,0.0,
1995-11-16,0.0,
1995-11-17,0.0,
1995-11-18,0.0,
1995-11-19,0.0,
1995-11-20,0.0,
1995-11-21,0.0,
1995-11-22,0.0,
1995-11-23,1.524,
1995-11-24,1.778,
1995-11-25,2.032,
1995-11-26,3.048,
1995-11-27,7.62,
1995-11-28,9.906,
1995-11-29,7.62,
1995-11-30,8.128,
1995-12-01,8.128,
1995-12-02,9.144,
1995-12-03,7.366,
1995-12-04,8.636,
1995-12-05,4.826,
1995-12-06,5.334,
1995-12-07,4.318,
1995-12-08,3.81,
1995-12-09,4.318,
1995-12-10,5.842,
1995-12-11,7.112,
1995-12-12,7.112,
1995-12-13,10.668,
1995-12-14,11.684,
1995-12-15,10.922,
1995-12-16,10.668,
1995-12-17,10.414,
1995-12-18,9.906,
1995-12-19,9.144,
1995-12-20,8.128,
1995-12-21,7.366,
1995-12-22,6.858,
1995-12-23,7.366,
1995-12-24,7.366,
1995-12-25,7.366,
1995-12-26,7.62,
1995-12-27,8.128,
1995-12-28,8.382,
1995-12-29,8.636,
1995-12-30,8.636,
1995-12-31,8.89,
1996-01-01,8.636,
1996-01-02,7.62,
1996-01-03,7.62,
1996-01-04,7.62,
1996-01-05,7.874,
1996-01-06,8.128,
1996-01-07,8.382,
1996-01-08,8.89,
1996-01-09,9.144,
1996-01-10,9.144,
1996-01-11,8.382,
1996-01-12,9.652,
1996-01-13,10.414,
1996-01-14,10.922,
1996-01-15,11.684,
1996-01-16,11.43,
1996-01-17,14.224,
1996-01-18,14.732,
1996-01-19,17.78,
1996-01-20,19.05,
1996-01-21,18.542,
1996-01-22,20.574,
1996-01-23,20.066,
1996-01-24,20.32,
1996-01-25,23.622,
1996-01-26,24.13,
1996-01-27,23.876,
1996-01-28,28.448,
1996-01-29,28.448,
1996-01-30,28.702,
1996-01-31,28.956,
1996-02-01,29.21,
1996-02-02,28.956,
1996-02-03,28.956,
1996-02-04,29.21,
1996-02-05,31.75,
1996-02-06,32.766,
1996-02-07,32.766,
1996-02-08,33.02,
1996-02-09,33.274,
1996-02-10,33.274,
1996-02-11,33.274,
1996-02-12,33.274,
1996-02-13,33.274,
1996-02-14,33.528,
1996-02-15,33.528,
1996-02-16,33.528,
1996-02-17,33.528,
1996-02-18,33.528,
1996-02-19,34.798,
1996-02-20,44.704,
1996-02-21,46.228,
1996-02-22,52.324,
1996-02-23,53.34,
1996-02-24,54.356,
1996-02-25,56.134,
1996-02-26,57.404,
1996-02-27,57.658,
1996-02-28,58.166,
1996-02-29,58.166,
1996-03-01,58.42,
1996-03-02,58.674,
1996-03-03,58.674,
1996-03-04,59.69,
1996-03-05,63.754,
1996-03-06,66.294,
1996-03-07,66.548,
1996-03-08,66.548,
1996-03-09,65.786,
1996-03-10,65.278,
1996-03-11,64.77,
1996-03-12,66.802,
1996-03-13,69.088,
1996-03-14,70.358,
1996-03-15,70.358,
1996-03-16,69.85,
1996-03-17,68.834,
1996-03-18,68.326,
1996-03-19,67.818,
1996-03-20,67.056,
1996-03-21,66.04,
1996-03-22,65.532,
1996-03-23,65.532,
1996-03-24,66.294,
1996-03-25,66.294,
1996-03-26,66.294,
1996-03-27,65.786,
1996-03-28,67.564,
1996-03-29,67.564,
1996-03-30,67.31,
1996-03-31,66.548,
1996-04-01,63.754,
1996-04-02,67.056,
1996-04-03,67.056,
1996-04-04,65.532,
1996-04-05,63.5,
1996-04-06,61.214,
1996-04-07,58.928,
1996-04-08,55.626,
1996-04-09,52.07,
1996-04-10,48.768,
1996-04-11,45.974,
1996-04-12,43.18,
1996-04-13,41.656,
1996-04-14,39.37,
1996-04-15,36.83,
1996-04-16,34.544,
1996-04-17,36.576,
1996-04-18,37.084,
1996-04-19,36.83,
1996-04-20,36.068,
1996-04-21,35.306,
1996-04-22,34.29,
1996-04-23,32.512,
1996-04-24,30.48,
1996-04-25,28.448,
1996-04-26,25.654,
1996-04-27,23.622,
1996-04-28,21.082,
1996-04-29,19.304,
1996-04-30,16.256,
1996-05-01,13.462,
1996-05-02,9.144,
1996-05-03,5.08,
1996-05-04,2.286,
1996-05-05,0.0,
1996-05-06,0.0,
1996-05-07,0.0,
1996-05-08,0.0,
1996-05-09,0.0,
1996-05-10,0.0,
1996-05-11,0.0,
1996-05-12,0.0,
1996-05-13,0.0,
1996-05-14,0.0,
1996-05-15,0.0,
1996-05-16,0.0,
1996-05-17,0.0,
1996-05-18,0.0,
1996-05-19,0.0,
1996-05-20,0.0,
1996-05-21,0.0,
1996-05-22,0.0,
1996-05-23,0.0,
1996-05-24,0.0,
1996-05-25,0.0,
1996-05-26,0.0,
1996-05-27,0.0,
1996-05-28,0.0,
1996-05-29,0.0,
1996-05-30,0.0,
1996-05-31,0.0,
1996-06-01,0.0,
1996-06-02,0.0,
1996-06-03,0.0,
1996-06-04,0.0,
1996-06-05,0.0,
1996-06-06,0.0,
1996-06-07,0.0,
1996-06-08,0.0,
1996-06-09,0.0,
1996-06-10,0.0,
1996-06-11,0.0,
1996-06-12,0.0,
1996-06-13,0.0,
1996-06-14,0.0,
1996-06-15,0.0,
1996-06-16,0.0,
1996-06-17,0.0,
1996-06-18,0.0,
1996-06-19,0.0,
1996-06-20,0.0,
1996-06-21,0.0,
1996-06-22,0.0,
1996-06-23,0.0,
1996-06-24,0.0,
1996-06-25,0.0,
1996-06-26,0.0,
1996-06-27,0.0,
1996-06-28,0.0,
1996-06-29,0.0,
1996-06-30,0.0,
1996-07-01,0.0,
1996-07-02,0.0,
1996-07-03,0.0,
1996-07-04,0.0,
1996-07-05,0.0,
1996-07-06,0.0,
1996-07-07,0.0,
1996-07-08,0.0,
1996-07-09,0.0,
1996-07-10,0.0,
1996-07-11,0.0,
1996-07-12,0.0,
1996-07-13,0.0,
1996-07-14,0.0,
1996-07-15,0.0,
1996-07-16,0.0,
1996-07-17,0.0,
1996-07-18,0.0,
1996-07-19,0.0,
1996-07-20,0.0,
1996-07-21,0.0,
1996-07-22,0.0,
1996-07-23,0.0,
1996-07-24,0.0,
1996-07-25,0.0,
1996-07-26,0.0,
1996-07-27,0.0,
1996-07-28,0.0,
1996-07-29,0.0,
1996-07-30,0.0,
1996-07-31,0.0,
1996-08-01,0.0,
1996-08-02,0.0,
1996-08-03,0.0,
1996-08-04,0.0,
1996-08-05,0.0,
1996-08-06,0.0,
1996-08-07,0.0,
1996-08-08,0.0,
1996-08-09,0.0,
1996-08-10,0.0,
1996-08-11,0.0,
1996-08-12,0.0,
1996-08-13,0.0,
1996-08-14,0.0,
1996-08-15,0.0,
1996-08-16,0.0,
1996-08-17,0.0,
1996-08-18,0.0,
1996-08-19,0.0,
1996-08-20,0.0,
1996-08-21,0.0,
1996-08-22,0.0,
1996-08-23,0.0,
1996-08-24,0.0,
1996-08-25,0.0,
1996-08-26,0.0,
1996-08-27,0.0,
1996-08-28,0.0,
1996-08-29,0.0,
1996-08-30,0.0,
1996-08-31,0.0,
1996-09-01,0.0,
1996-09-02,0.0,
1996-09-03,0.0,
1996-09-04,0.0,
1996-09-05,0.0,
1996-09-06,0.0,
1996-09-07,0.0,
1996-09-08,0.0,
1996-09-09,0.0,
1996-09-10,0.0,
1996-09-11,0.0,
1996-09-12,0.0,
1996-09-13,0.0,
1996-09-14,0.0,
1996-09-15,0.0,
1996-09-16,0.0,
1996-09-17,0.0,
1996-09-18,0.0,
1996-09-19,0.0,
1996-09-20,0.0,
1996-09-21,0.0,
1996-09-22,0.0,
1996-09-23,0.0,
1996-09-24,0.0,
1996-09-25,0.0,
1996-09-26,0.0,
1996-09-27,0.0,
1996-09-28,0.0,
1996-09-29,0.0,
1996-09-30,0.0,
1996-10-01,0.0,
1996-10-02,0.0,
1996-10-03,0.0,
1996-10-04,0.0,
1996-10-05,0.0,
1996-10-06,0.0,
1996-10-07,0.0,
1996-10-08,0.0,
1996-10-09,0.0,
1996-10-10,0.0,
1996-10-11,0.0,
1996-10-12,0.0,
1996-10-13,0.0,
1996-10-14,0.0,
1996-10-15,0.0,
1996-10-16,0.0,
1996-10-17,0.0,
1996-10-18,0.0,
1996-10-19,0.0,
1996-10-20,0.0,
1996-10-21,0.0,
1996-10-22,0.0,
1996-10-23,0.0,
1996-10-24,0.0,
1996-10-25,0.0,
1996-10-26,0.254,
1996-10-27,0.0,
1996-10-28,0.0,
1996-10-29,0.762,
1996-10-30,1.016,
1996-10-31,1.016,
1996-11-01,1.016,
1996-11-02,1.27,
1996-11-03,2.286,
1996-11-04,2.54,
1996-11-05,5.08,
1996-11-06,7.112,
1996-11-07,6.35,
1996-11-08,6.096,
1996-11-09,6.35,
1996-11-10,6.35,
1996-11-11,5.334,
1996-11-12,4.064,
1996-11-13,3.048,
1996-11-14,3.81,
1996-11-15,5.334,
1996-11-16,5.08,
1996-11-17,8.636,
1996-11-18,6.096,
1996-11-19,5.334,
1996-11-20,5.588,
1996-11-21,5.588,
1996-11-22,6.604,
1996-11-23,7.112,
1996-11-24,6.604,
1996-11-25,6.096,
1996-11-26,5.842,
1996-11-27,5.842,
1996-11-28,5.842,
1996-11-29,5.842,
1996-11-30,6.35,
1996-12-01,6.604,
1996-12-02,6.858,
1996-12-03,7.874,
1996-12-04,8.382,
1996-12-05,11.176,
1996-12-06,11.684,
1996-12-07,11.684,
1996-12-08,11.938,
1996-12-09,12.446,
1996-12-10,16.51,
1996-12-11,20.828,
1996-12-12,22.606,
1996-12-13,22.606,
1996-12-14,23.114,
1996-12-15,24.13,
1996-12-16,24.638,
1996-12-17,25.146,
1996-12-18,24.892,
1996-12-19,24.892,
1996-12-20,24.384,
1996-12-21,31.496,
1996-12-22,36.576,
1996-12-23,39.624,
1996-12-24,39.624,
1996-12-25,39.624,
1996-12-26,39.624,
1996-12-27,42.926,
1996-12-28,42.926,
1996-12-29,42.926,
1996-12-30,42.926,
1996-12-31,42.926,
1997-01-01,42.926,
1997-01-02,42.418,
1997-01-03,41.656,
1997-01-04,44.196,
1997-01-05,44.45,
1997-01-06,41.148,
1997-01-07,41.148,
1997-01-08,38.1,
1997-01-09,36.83,
1997-01-10,36.322,
1997-01-11,35.306,
1997-01-12,36.068,
1997-01-13,35.56,
1997-01-14,35.306,
1997-01-15,33.528,
1997-01-16,33.02,
1997-01-17,32.766,
1997-01-18,32.512,
1997-01-19,32.258,
1997-01-20,35.306,
1997-01-21,37.338,
1997-01-22,42.926,
1997-01-23,44.45,
1997-01-24,45.72,
1997-01-25,52.324,
1997-01-26,55.88,
1997-01-27,55.626,
1997-01-28,55.626,
1997-01-29,55.372,
1997-01-30,55.118,
1997-01-31,54.864,
1997-02-01,54.61,
1997-02-02,54.102,
1997-02-03,53.848,
1997-02-04,53.848,
1997-02-05,53.848,
1997-02-06,53.594,
1997-02-07,53.086,
1997-02-08,53.086,
1997-02-09,52.832,
1997-02-10,52.578,
1997-02-11,52.324,
1997-02-12,51.816,
1997-02-13,51.308,
1997-02-14,50.8,
1997-02-15,50.292,
1997-02-16,49.53,
1997-02-17,49.53,
1997-02-18,48.768,
1997-02-19,48.26,
1997-02-20,47.498,
1997-02-21,46.482,
1997-02-22,45.974,
1997-02-23,45.466,
1997-02-24,44.958,
1997-02-25,44.45,
1997-02-26,43.942,
1997-02-27,43.942,
1997-02-28,43.434,
1997-03-01,43.434,
1997-03-02,43.434,
1997-03-03,43.18,
1997-03-04,42.926,
1997-03-05,42.926,
1997-03-06,42.418,
1997-03-07,42.418,
1997-03-08,41.656,
1997-03-09,41.148,
1997-03-10,40.894,
1997-03-11,40.894,
1997-03-12,40.894,
1997-03-13,40.894,
1997-03-14,40.894,
1997-03-15,40.894,
1997-03-16,41.402,
1997-03-17,41.656,
1997-03-18,41.656,
1997-03-19,40.64,
1997-03-20,40.132,
1997-03-21,39.116,
1997-03-22,38.1,
1997-03-23,36.83,
1997-03-24,36.068,
1997-03-25,35.052,
1997-03-26,34.29,
1997-03-27,33.528,
1997-03-28,33.782,
1997-03-29,34.036,
1997-03-30,34.798,
1997-03-31,34.29,
1997-04-01,34.29,
1997-04-02,33.528,
1997-04-03,32.512,
1997-04-04,33.274,
1997-04-05,33.528,
1997-04-06,32.258,
1997-04-07,32.258,
1997-04-08,31.496,
1997-04-09,30.226,
1997-04-10,29.972,
1997-04-11,30.734,
1997-04-12,29.972,
1997-04-13,28.448,
1997-04-14,26.416,
1997-04-15,24.892,
1997-04-16,22.352,
1997-04-17,20.828,
1997-04-18,19.558,
1997-04-19,19.812,
1997-04-20,16.256,
1997-04-21,16.51,
1997-04-22,8.128,
1997-04-23,6.35,
1997-04-24,4.572,
1997-04-25,2.54,
1997-04-26,1.016,
1997-04-27,0.0,
1997-04-28,0.0,
1997-04-29,0.0,
1997-04-30,0.0,
1997-05-01,0.0,
1997-05-02,0.0,
1997-05-03,0.0,
1997-05-04,0.0,
1997-05-05,0.0,
1997-05-06,0.0,
1997-05-07,0.0,
1997-05-08,0.0,
1997-05-09,0.0,
1997-05-10,0.0,
1997-05-11,0.0,
1997-05-12,0.0,
1997-05-13,0.0,
1997-05-14,0.0,
1997-05-15,0.0,
1997-05-16,0.0,
1997-05-17,0.0,
1997-05-18,0.0,
1997-05-19,0.0,
1997-05-20,0.0,
1997-05-21,0.0,
1997-05-22,0.0,
1997-05-23,0.0,
1997-05-24,0.0,
1997-05-25,0.0,
1997-05-26,0.0,
1997-05-27,0.0,
1997-05-28,0.0,
1997-05-29,0.0,
1997-05-30,0.0,
1997-05-31,0.0,
1997-06-01,0.0,
1997-06-02,0.0,
1997-06-03,0.0,
1997-06-04,0.0,
1997-06-05,0.0,
1997-06-06,0.0,
1997-06-07,0.0,
1997-06-08,0.0,
1997-06-09,0.0,
1997-06-10,0.0,
1997-06-11,0.0,
1997-06-12,0.0,
1997-06-13,0.0,
1997-06-14,0.0,
1997-06-15,0.0,
1997-06-16,0.0,
1997-06-17,0.0,
1997-06-18,0.0,
1997-06-19,0.0,
1997-06-20,0.0,
1997-06-21,0.0,
1997-06-22,0.0,
1997-06-23,0.0,
1997-06-24,0.0,
1997-06-25,0.0,
1997-06-26,0.0,
1997-06-27,0.0,
1997-06-28,0.0,
1997-06-29,0.0,
1997-06-30,0.0,
1997-07-01,0.0,
1997-07-02,0.0,
1997-07-03,0.0,
1997-07-04,0.0,
1997-07-05,0.0,
1997-07-06,0.0,
1997-07-07,0.0,
1997-07-08,0.0,
1997-07-09,0.0,
1997-07-10,0.0,
1997-07-11,0.0,
1997-07-12,0.0,
1997-07-13,0.0,
1997-07-14,0.0,
1997-07-15,0.0,
1997-07-16,0.0,
1997-07-17,0.0,
1997-07-18,0.0,
1997-07-19,0.0,
1997-07-20,0.0,
1997-07-21,0.0,
1997-07-22,0.0,
1997-07-23,0.0,
1997-07-24,0.0,
1997-07-25,0.0,
1997-07-26,0.0,
1997-07-27,0.0,
1997-07-28,0.0,
1997-07-29,0.0,
1997-07-30,0.0,
1997-07-31,0.0,
1997-08-01,0.0,
1997-08-02,0.0,
1997-08-03,0.0,
1997-08-04,0.0,
1997-08-05,0.0,
1997-08-06,0.0,
1997-08-07,0.0,
1997-08-08,0.0,
1997-08-09,0.0,
1997-08-10,0.0,
1997-08-11,0.0,
1997-08-12,0.0,
1997-08-13,0.0,
1997-08-14,0.0,
1997-08-15,0.0,
1997-08-16,0.0,
1997-08-17,0.0,
1997-08-18,0.0,
1997-08-19,0.0,
1997-08-20,0.0,
1997-08-21,0.0,
1997-08-22,0.0,
1997-08-23,0.0,
1997-08-24,0.0,
1997-08-25,0.0,
1997-08-26,0.0,
1997-08-27,0.0,
1997-08-28,0.0,
1997-08-29,0.0,
1997-08-30,0.0,
1997-08-31,0.0,
1997-09-01,0.0,
1997-09-02,0.0,
1997-09-03,0.0,
1997-09-04,0.0,
1997-09-05,0.0,
1997-09-06,0.0,
1997-09-07,0.0,
1997-09-08,0.0,
1997-09-09,0.0,
1997-09-10,0.0,
1997-09-11,0.0,
1997-09-12,0.0,
1997-09-13,0.0,
1997-09-14,0.0,
1997-09-15,0.0,
1997-09-16,0.0,
1997-09-17,0.0,
1997-09-18,0.0,
1997-09-19,0.0,
1997-09-20,0.0,
1997-09-21,0.0,
1997-09-22,0.0,
1997-09-23,0.0,
1997-09-24,0.0,
1997-09-25,0.0,
1997-09-26,0.0,
1997-09-27,0.0,
1997-09-28,0.0,
1997-09-29,0.0,
1997-09-30,0.0,
1997-10-01,0.0,
1997-10-02,0.0,
1997-10-03,0.0,
1997-10-04,0.0,
1997-10-05,0.0,
1997-10-06,0.0,
1997-10-07,0.0,
1997-10-08,0.0,
1997-10-09,0.0,
1997-10-10,0.0,
1997-10-11,0.0,
1997-10-12,0.0,
1997-10-13,0.0,
1997-10-14,0.0,
1997-10-15,0.0,
1997-10-16,0.0,
1997-10-17,0.0,
1997-10-18,0.0,
1997-10-19,0.0,
1997-10-20,0.0,
1997-10-21,0.0,
1997-10-22,0.0,
1997-10-23,0.0,
1997-10-24,0.0,
1997-10-25,0.0,
1997-10-26,0.0,
1997-10-27,0.0,
1997-10-28,0.0,
1997-10-29,0.0,
1997-10-30,0.0,
1997-10-31,0.0,
1997-11-01,0.0,
1997-11-02,0.0,
1997-11-03,0.0,
1997-11-04,0.0,
1997-11-05,0.254,
1997-11-06,0.508,
1997-11-07,1.016,
1997-11-08,2.54,
1997-11-09,2.286,
1997-11-10,2.286,
1997-11-11,2.54,
1997-11-12,2.54,
1997-11-13,2.54,
1997-11-14,2.794,
1997-11-15,2.794,
1997-11-16,3.048,
1997-11-17,3.048,
1997-11-18,3.175,
1997-11-19,3.277,
1997-11-20,3.378,
1997-11-21,3.48,
1997-11-22,3.581,
1997-11-23,3.683,
1997-11-24,3.785,
1997-11-25,3.886,
1997-11-26,3.988,
1997-11-27,4.089,
1997-11-28,4.191,
1997-11-29,4.293,
1997-11-30,4.394,
1997-12-01,4.496,
1997-12-02,4.597,
1997-12-03,4.699,
1997-12-04,4.801,
1997-12-05,4.902,
1997-12-06,5.004,
1997-12-07,5.105,
1997-12-08,5.588,
1997-12-09,5.588,
1997-12-10,5.588,
1997-12-11,5.08,
1997-12-12,4.826,
1997-12-13,4.826,
1997-12-14,5.842,
1997-12-15,5.842,
1997-12-16,5.842,
1997-12-17,5.842,
1997-12-18,5.842,
1997-12-19,5.842,
1997-12-20,5.842,
1997-12-21,6.35,
1997-12-22,6.604,
1997-12-23,6.604,
1997-12-24,6.858,
1997-12-25,6.858,
1997-12-26,6.604,
1997-12-27,6.604,
1997-12-28,6.858,
1997-12-29,6.858,
1997-12-30,6.604,
1997-12-31,6.858,
1998-01-01,7.366,
1998-01-02,8.636,
1998-01-03,8.636,
1998-01-04,9.398,
1998-01-05,9.906,
1998-01-06,9.906,
1998-01-07,9.906,
1998-01-08,9.906,
1998-01-09,9.906,
1998-01-10,10.668,
1998-01-11,11.684,
1998-01-12,13.97,
1998-01-13,14.224,
1998-01-14,14.732,
1998-01-15,17.272,
1998-01-16,17.526,
1998-01-17,17.78,
1998-01-18,21.844,
1998-01-19,22.86,
1998-01-20,23.114,
1998-01-21,23.368,
1998-01-22,23.622,
1998-01-23,23.876,
1998-01-24,23.876,
1998-01-25,23.876,
1998-01-26,23.876,
1998-01-27,23.876,
1998-01-28,23.622,
1998-01-29,25.4,
1998-01-30,25.146,
1998-01-31,25.146,
1998-02-01,26.416,
1998-02-02,27.686,
1998-02-03,31.496,
1998-02-04,31.496,
1998-02-05,31.75,
1998-02-06,33.274,
1998-02-07,35.56,
1998-02-08,38.608,
1998-02-09,39.116,
1998-02-10,40.386,
1998-02-11,40.64,
1998-02-12,41.148,
1998-02-13,41.402,
1998-02-14,45.72,
1998-02-15,45.974,
1998-02-16,46.99,
1998-02-17,47.498,
1998-02-18,47.498,
1998-02-19,48.768,
1998-02-20,49.022,
1998-02-21,51.562,
1998-02-22,52.324,
1998-02-23,54.102,
1998-02-24,54.102,
1998-02-25,54.102,
1998-02-26,53.848,
1998-02-27,54.102,
1998-02-28,54.102,
1998-03-01,53.594,
1998-03-02,53.594,
1998-03-03,53.594,
1998-03-04,53.594,
1998-03-05,54.102,
1998-03-06,55.88,
1998-03-07,56.134,
1998-03-08,56.134,
1998-03-09,55.88,
1998-03-10,55.372,
1998-03-11,54.61,
1998-03-12,55.118,
1998-03-13,55.88,
1998-03-14,56.134,
1998-03-15,55.626,
1998-03-16,56.134,
1998-03-17,55.372,
1998-03-18,55.118,
1998-03-19,54.864,
1998-03-20,54.356,
1998-03-21,54.102,
1998-03-22,53.34,
1998-03-23,51.308,
1998-03-24,57.404,
1998-03-25,57.658,
1998-03-26,57.404,
1998-03-27,58.42,
1998-03-28,60.198,
1998-03-29,60.452,
1998-03-30,60.198,
1998-03-31,60.452,
1998-04-01,60.96,
1998-04-02,60.706,
1998-04-03,60.706,
1998-04-04,60.452,
1998-04-05,60.452,
1998-04-06,60.452,
1998-04-07,60.452,
1998-04-08,60.198,
1998-04-09,59.69,
1998-04-10,59.69,
1998-04-11,60.198,
1998-04-12,60.198,
1998-04-13,60.96,
1998-04-14,61.214,
1998-04-15,61.214,
1998-04-16,60.96,
1998-04-17,60.96,
1998-04-18,60.198,
1998-04-19,58.928,
1998-04-20,56.896,
1998-04-21,54.356,
1998-04-22,51.562,
1998-04-23,50.546,
1998-04-24,50.038,
1998-04-25,48.768,
1998-04-26,48.006,
1998-04-27,43.688,
1998-04-28,41.148,
1998-04-29,38.608,
1998-04-30,36.322,
1998-05-01,33.528,
1998-05-02,31.75,
1998-05-03,29.972,
1998-05-04,26.924,
1998-05-05,26.67,
1998-05-06,27.178,
1998-05-07,26.67,
1998-05-08,21.844,
1998-05-09,19.558,
1998-05-10,18.542,
1998-05-11,17.526,
1998-05-12,17.526,
1998-05-13,18.034,
1998-05-14,15.494,
1998-05-15,13.716,
1998-05-16,14.224,
1998-05-17,14.224,
1998-05-18,11.43,
1998-05-19,9.398,
1998-05-20,8.128,
1998-05-21,7.366,
1998-05-22,5.588,
1998-05-23,5.08,
1998-05-24,2.794,
1998-05-25,2.54,
1998-05-26,2.54,
1998-05-27,0.0,
1998-05-28,0.0,
1998-05-29,0.0,
1998-05-30,0.0,
1998-05-31,0.0,
1998-06-01,0.0,
1998-06-02,0.0,
1998-06-03,0.0,
1998-06-04,0.0,
1998-06-05,0.0,
1998-06-06,0.0,
1998-06-07,0.0,
1998-06-08,0.0,
1998-06-09,0.0,
1998-06-10,0.0,
1998-06-11,0.0,
1998-06-12,0.0,
1998-06-13,0.0,
1998-06-14,0.0,
1998-06-15,0.0,
1998-06-16,0.0,
1998-06-17,0.0,
1998-06-18,0.0,
1998-06-19,0.0,
1998-06-20,0.0,
1998-06-21,0.0,
1998-06-22,0.0,
1998-06-23,0.0,
1998-06-24,0.0,
1998-06-25,0.0,
1998-06-26,0.0,
1998-06-27,0.0,
1998-06-28,0.0,
1998-06-29,0.0,
1998-06-30,0.0,
1998-07-01,0.0,
1998-07-02,0.0,
1998-07-03,0.0,
1998-07-04,0.0,
1998-07-05,0.0,
1998-07-06,0.0,
1998-07-07,0.0,
1998-07-08,0.0,
1998-07-09,0.0,
1998-07-10,0.0,
1998-07-11,0.0,
1998-07-12,0.0,
1998-07-13,0.0,
1998-07-14,0.0,
1998-07-15,0.0,
1998-07-16,0.0,
1998-07-17,0.0,
1998-07-18,0.0,
1998-07-19,0.0,
1998-07-20,0.0,
1998-07-21,0.0,
1998-07-22,0.0,
1998-07-23,0.0,
1998-07-24,0.0,
1998-07-25,0.0,
1998-07-26,0.0,
1998-07-27,0.0,
1998-07-28,0.0,
1998-07-29,0.0,
1998-07-30,0.0,
1998-07-31,0.0,
1998-08-01,0.0,
1998-08-02,0.0,
1998-08-03,0.0,
1998-08-04,0.0,
1998-08-05,0.0,
1998-08-06,0.0,
1998-08-07,0.0,
1998-08-08,0.0,
1998-08-09,0.0,
1998-08-10,0.0,
1998-08-11,0.0,
1998-08-12,0.0,
1998-08-13,0.0,
1998-08-14,0.0,
1998-08-15,0.0,
1998-08-16,0.0,
1998-08-17,0.0,
1998-08-18,0.0,
1998-08-19,0.0,
1998-08-20,0.0,
1998-08-21,0.0,
1998-08-22,0.0,
1998-08-23,0.0,
1998-08-24,0.0,
1998-08-25,0.0,
1998-08-26,0.0,
1998-08-27,0.0,
1998-08-28,0.0,
1998-08-29,0.0,
1998-08-30,0.0,
1998-08-31,0.0,
1998-09-01,0.0,
1998-09-02,0.0,
1998-09-03,0.0,
1998-09-04,0.0,
1998-09-05,0.0,
1998-09-06,0.0,
1998-09-07,0.0,
1998-09-08,0.0,
1998-09-09,0.0,
1998-09-10,0.0,
1998-09-11,0.0,
1998-09-12,0.0,
1998-09-13,0.0,
1998-09-14,0.0,
1998-09-15,0.0,
1998-09-16,0.0,
1998-09-17,0.0,
1998-09-18,0.0,
1998-09-19,0.0,
1998-09-20,0.0,
1998-09-21,0.0,
1998-09-22,0.0,
1998-09-23,0.0,
1998-09-24,0.0,
1998-09-25,0.0,
1998-09-26,0.0,
1998-09-27,0.0,
1998-09-28,0.0,
1998-09-29,0.0,
1998-09-30,0.0,
1998-10-01,0.0,
1998-10-02,0.0,
1998-10-03,0.0,
1998-10-04,0.0,
1998-10-05,0.508,
1998-10-06,0.508,
1998-10-07,0.254,
1998-10-08,0.508,
1998-10-09,0.254,
1998-10-10,0.508,
1998-10-11,0.508,
1998-10-12,0.254,
1998-10-13,0.508,
1998-10-14,0.254,
1998-10-15,0.254,
1998-10-16,0.508,
1998-10-17,0.0,
1998-10-18,0.0,
1998-10-19,0.0,
1998-10-20,0.0,
1998-10-21,0.0,
1998-10-22,0.0,
1998-10-23,0.0,
1998-10-24,0.254,
1998-10-25,0.762,
1998-10-26,0.254,
1998-10-27,0.254,
1998-10-28,0.254,
1998-10-29,0.508,
1998-10-30,0.254,
1998-10-31,0.254,
1998-11-01,0.254,
1998-11-02,2.286,
1998-11-03,1.524,
1998-11-04,1.778,
1998-11-05,4.318,
1998-11-06,5.842,
1998-11-07,5.842,
1998-11-08,4.572,
1998-11-09,4.064,
1998-11-10,3.81,
1998-11-11,5.08,
1998-11-12,4.572,
1998-11-13,4.318,
1998-11-14,4.318,
1998-11-15,4.064,
1998-11-16,3.81,
1998-11-17,4.572,
1998-11-18,4.572,
1998-11-19,4.572,
1998-11-20,4.572,
1998-11-21,4.318,
1998-11-22,5.334,
1998-11-23,6.858,
1998-11-24,7.112,
1998-11-25,6.35,
1998-11-26,6.096,
1998-11-27,5.842,
1998-11-28,6.096,
1998-11-29,7.366,
1998-11-30,10.414,
1998-12-01,10.922,
1998-12-02,10.668,
1998-12-03,11.684,
1998-12-04,11.43,
1998-12-05,11.43,
1998-12-06,11.176,
1998-12-07,10.922,
1998-12-08,10.668,
1998-12-09,10.16,
1998-12-10,10.16,
1998-12-11,9.652,
1998-12-12,9.652,
1998-12-13,9.906,
1998-12-14,10.16,
1998-12-15,10.16,
1998-12-16,10.414,
1998-12-17,10.414,
1998-12-18,10.16,
1998-12-19,10.668,
1998-12-20,11.684,
1998-12-21,11.684,
1998-12-22,11.938,
1998-12-23,12.446,
1998-12-24,12.7,
1998-12-25,12.954,
1998-12-26,12.7,
1998-12-27,12.192,
1998-12-28,11.684,
1998-12-29,11.43,
1998-12-30,11.176,
1998-12-31,11.176,
1999-01-01,12.7,
1999-01-02,12.7,
1999-01-03,12.7,
1999-01-04,12.7,
1999-01-05,12.7,
1999-01-06,12.7,
1999-01-07,12.7,
1999-01-08,12.7,
1999-01-09,12.7,
1999-01-10,12.7,
1999-01-11,12.7,
1999-01-12,12.7,
1999-01-13,12.7,
1999-01-14,12.7,
1999-01-15,10.922,
1999-01-16,11.43,
1999-01-17,10.668,
1999-01-18,13.208,
1999-01-19,16.764,
1999-01-20,22.86,
1999-01-21,23.876,
1999-01-22,24.892,
1999-01-23,29.718,
1999-01-24,30.734,
1999-01-25,31.242,
1999-01-26,31.75,
1999-01-27,32.004,
1999-01-28,32.004,
1999-01-29,31.75,
1999-01-30,31.75,
1999-01-31,32.258,
1999-02-01,32.512,
1999-02-02,32.512,
1999-02-03,32.766,
1999-02-04,32.766,
1999-02-05,32.766,
1999-02-06,33.782,
1999-02-07,39.878,
1999-02-08,43.18,
1999-02-09,48.514,
1999-02-10,48.514,
1999-02-11,48.514,
1999-02-12,48.514,
1999-02-13,48.514,
1999-02-14,48.514,
1999-02-15,48.514,
1999-02-16,49.276,
1999-02-17,50.038,
1999-02-18,51.054,
1999-02-19,51.308,
1999-02-20,52.578,
1999-02-21,55.626,
1999-02-22,55.626,
1999-02-23,55.626,
1999-02-24,55.626,
1999-02-25,55.626,
1999-02-26,55.626,
1999-02-27,55.626,
1999-02-28,55.626,
1999-03-01,55.626,
1999-03-02,55.372,
1999-03-03,55.118,
1999-03-04,54.864,
1999-03-05,54.864,
1999-03-06,54.864,
1999-03-07,54.864,
1999-03-08,55.626,
1999-03-09,57.912,
1999-03-10,57.912,
1999-03-11,57.912,
1999-03-12,57.912,
1999-03-13,57.15,
1999-03-14,57.15,
1999-03-15,56.896,
1999-03-16,56.642,
1999-03-17,53.594,
1999-03-18,53.34,
1999-03-19,53.34,
1999-03-20,53.34,
1999-03-21,52.578,
1999-03-22,51.562,
1999-03-23,50.8,
1999-03-24,50.546,
1999-03-25,48.514,
1999-03-26,47.244,
1999-03-27,46.736,
1999-03-28,46.482,
1999-03-29,45.974,
1999-03-30,45.212,
1999-03-31,48.514,
1999-04-01,48.768,
1999-04-02,48.768,
1999-04-03,49.784,
1999-04-04,49.784,
1999-04-05,51.816,
1999-04-06,53.848,
1999-04-07,55.118,
1999-04-08,57.912,
1999-04-09,57.912,
1999-04-10,58.166,
1999-04-11,58.166,
1999-04-12,57.912,
1999-04-13,57.658,
1999-04-14,57.15,
1999-04-15,55.118,
1999-04-16,51.816,
1999-04-17,50.546,
1999-04-18,50.038,
1999-04-19,50.546,
1999-04-20,49.276,
1999-04-21,47.498,
1999-04-22,48.006,
1999-04-23,49.784,
1999-04-24,48.514,
1999-04-25,47.244,
1999-04-26,45.72,
1999-04-27,44.196,
1999-04-28,44.196,
1999-04-29,44.196,
1999-04-30,42.418,
1999-05-01,42.418,
1999-05-02,39.878,
1999-05-03,40.386,
1999-05-04,38.608,
1999-05-05,37.338,
1999-05-06,34.798,
1999-05-07,34.036,
1999-05-08,30.988,
1999-05-09,30.226,
1999-05-10,28.702,
1999-05-11,24.384,
1999-05-12,22.86,
1999-05-13,18.796,
1999-05-14,16.256,
1999-05-15,12.954,
1999-05-16,9.906,
1999-05-17,7.112,
1999-05-18,5.08,
1999-05-19,2.794,
1999-05-20,0.0,
1999-05-21,0.0,
1999-05-22,0.0,
1999-05-23,0.0,
1999-05-24,0.0,
1999-05-25,0.0,
1999-05-26,0.0,
1999-05-27,0.0,
1999-05-28,0.0,
1999-05-29,0.0,
1999-05-30,0.0,
1999-05-31,0.0,
1999-06-01,0.0,
1999-06-02,0.0,
1999-06-03,0.0,
1999-06-04,0.0,
1999-06-05,0.0,
1999-06-06,0.0,
1999-06-07,0.0,
1999-06-08,0.0,
1999-06-09,0.0,
1999-06-10,0.0,
1999-06-11,0.0,
1999-06-12,0.0,
1999-06-13,0.0,
1999-06-14,0.0,
1999-06-15,0.0,
1999-06-16,0.0,
1999-06-17,0.0,
1999-06-18,0.0,
1999-06-19,0.0,
1999-06-20,0.0,
1999-06-21,0.0,
1999-06-22,0.0,
1999-06-23,0.0,
1999-06-24,0.0,
1999-06-25,0.0,
1999-06-26,0.0,
1999-06-27,0.0,
1999-06-28,0.0,
1999-06-29,0.0,
1999-06-30,0.0,
1999-07-01,0.0,
1999-07-02,0.0,
1999-07-03,0.0,
1999-07-04,0.0,
1999-07-05,0.0,
1999-07-06,0.0,
1999-07-07,0.0,
1999-07-08,0.0,
1999-07-09,0.0,
1999-07-10,0.0,
1999-07-11,0.0,
1999-07-12,0.0,
1999-07-13,0.0,
1999-07-14,0.0,
1999-07-15,0.0,
1999-07-16,0.0,
1999-07-17,0.0,
1999-07-18,0.0,
1999-07-19,0.0,
1999-07-20,0.0,
1999-07-21,0.0,
1999-07-22,0.0,
1999-07-23,0.0,
1999-07-24,0.0,
1999-07-25,0.0,
1999-07-26,0.0,
1999-07-27,0.0,
1999-07-28,0.0,
1999-07-29,0.0,
1999-07-30,0.0,
1999-07-31,0.0,
1999-08-01,0.0,
1999-08-02,0.0,
1999-08-03,0.0,
1999-08-04,0.0,
1999-08-05,0.0,
1999-08-06,0.0,
1999-08-07,0.0,
1999-08-08,0.0,
1999-08-09,0.0,
1999-08-10,0.0,
1999-08-11,0.0,
1999-08-12,0.0,
1999-08-13,0.0,
1999-08-14,0.0,
1999-08-15,0.0,
1999-08-16,0.0,
1999-08-17,0.0,
1999-08-18,0.0,
1999-08-19,0.0,
1999-08-20,0.0,
1999-08-21,0.0,
1999-08-22,0.0,
1999-08-23,0.0,
1999-08-24,0.0,
1999-08-25,0.0,
1999-08-26,0.0,
1999-08-27,0.0,
1999-08-28,0.0,
1999-08-29,0.0,
1999-08-30,0.0,
1999-08-31,0.0,
1999-09-01,0.0,
1999-09-02,0.0,
1999-09-03,0.0,
1999-09-04,0.0,
1999-09-05,0.0,
1999-09-06,0.0,
1999-09-07,0.0,
1999-09-08,0.0,
1999-09-09,0.0,
1999-09-10,0.0,
1999-09-11,0.0,
1999-09-12,0.0,
1999-09-13,0.0,
1999-09-14,0.0,
1999-09-15,0.0,
1999-09-16,0.0,
1999-09-17,0.0,
1999-09-18,0.0,
1999-09-19,0.0,
1999-09-20,0.0,
1999-09-21,0.0,
1999-09-22,0.0,
1999-09-23,0.0,
1999-09-24,0.0,
1999-09-25,0.0,
1999-09-26,0.0,
1999-09-27,0.0,
1999-09-28,0.0,
1999-09-29,0.0,
1999-09-30,0.0,
1999-10-01,0.0,
1999-10-02,0.0,
1999-10-03,0.0,
1999-10-04,0.0,
1999-10-05,0.0,
1999-10-06,0.0,
1999-10-07,0.0,
1999-10-08,0.0,
1999-10-09,0.0,
1999-10-10,0.0,
1999-10-11,0.0,
1999-10-12,0.0,
1999-10-13,0.0,
1999-10-14,0.0,
1999-10-15,0.0,
1999-10-16,0.0,
1999-10-17,0.0,
1999-10-18,0.0,
1999-10-19,0.0,
1999-10-20,0.0,
1999-10-21,0.0,
1999-10-22,0.0,
1999-10-23,0.0,
1999-10-24,0.0,
1999-10-25,0.0,
1999-10-26,0.0,
1999-10-27,0.0,
1999-10-28,0.0,
1999-10-29,0.0,
1999-10-30,0.0,
1999-10-31,0.0,
1999-11-01,0.0,
1999-11-02,0.0,
1999-11-03,0.0,
1999-11-04,0.0,
1999-11-05,0.0,
1999-11-06,0.0,
1999-11-07,0.0,
1999-11-08,0.508,
1999-11-09,0.508,
1999-11-10,0.254,
1999-11-11,0.254,
1999-11-12,0.254,
1999-11-13,0.254,
1999-11-14,0.508,
1999-11-15,0.508,
1999-11-16,0.508,
1999-11-17,0.508,
1999-11-18,0.508,
1999-11-19,1.27,
1999-11-20,1.524,
1999-11-21,2.032,
1999-11-22,7.62,
1999-11-23,7.62,
1999-11-24,7.62,
1999-11-25,7.62,
1999-11-26,7.62,
1999-11-27,7.62,
1999-11-28,7.62,
1999-11-29,7.62,
1999-11-30,7.62,
1999-12-01,7.62,
1999-12-02,7.62,
1999-12-03,7.62,
1999-12-04,7.62,
1999-12-05,7.62,
1999-12-06,7.62,
1999-12-07,7.62,
1999-12-08,7.62,
1999-12-09,7.62,
1999-12-10,7.62,
1999-12-11,7.62,
1999-12-12,7.62,
1999-12-13,7.62,
1999-12-14,7.62,
1999-12-15,7.62,
1999-12-16,7.62,
1999-12-17,7.62,
1999-12-18,7.62,
1999-12-19,7.62,
1999-12-20,7.62,
1999-12-21,7.62,
1999-12-22,7.62,
1999-12-23,7.366,
1999-12-24,7.112,
1999-12-25,6.858,
1999-12-26,6.858,
1999-12-27,6.858,
1999-12-28,6.858,
1999-12-29,6.858,
1999-12-30,6.858,
1999-12-31,7.112,
2000-01-01,7.112,
2000-01-02,7.112,
2000-01-03,7.112,
2000-01-04,7.366,
2000-01-05,7.366,
2000-01-06,7.366,
2000-01-07,7.366,
2000-01-08,7.366,
2000-01-09,7.366,
2000-01-10,7.366,
2000-01-11,7.874,
2000-01-12,9.144,
2000-01-13,9.652,
2000-01-14,9.652,
2000-01-15,9.906,
2000-01-16,11.43,
2000-01-17,12.446,
2000-01-18,13.208,
2000-01-19,13.97,
2000-01-20,13.97,
2000-01-21,14.732,
2000-01-22,14.732,
2000-01-23,14.732,
2000-01-24,16.002,
2000-01-25,20.066,
2000-01-26,21.082,
2000-01-27,21.082,
2000-01-28,21.336,
2000-01-29,21.59,
2000-01-30,22.098,
2000-01-31,24.13,
2000-02-01,24.13,
2000-02-02,24.638,
2000-02-03,24.638,
2000-02-04,24.892,
2000-02-05,25.146,
2000-02-06,25.146,
2000-02-07,25.4,
2000-02-08,25.4,
2000-02-09,25.4,
2000-02-10,25.4,
2000-02-11,25.4,
2000-02-12,26.67,
2000-02-13,27.178,
2000-02-14,30.734,
2000-02-15,31.242,
2000-02-16,31.242,
2000-02-17,,
2000-02-18,,
2000-02-19,,
2000-02-20,,
2000-02-21,,
2000-02-22,,
2000-02-23,,
2000-02-24,,
2000-02-25,,
2000-02-26,,
2000-02-27,,
2000-02-28,,
2000-02-29,,
2000-03-01,,
2000-03-02,,
2000-03-03,,
2000-03-04,,
2000-03-05,,
2000-03-06,,
2000-03-07,,
2000-03-08,,
2000-03-09,,
2000-03-10,,
2000-03-11,,
2000-03-12,,
2000-03-13,,
2000-03-14,,
2000-03-15,,
2000-03-16,,
2000-03-17,,
2000-03-18,,
2000-03-19,,
2000-03-20,,
2000-03-21,,
2000-03-22,,
2000-03-23,,
2000-03-24,,
2000-03-25,,
2000-03-26,,
2000-03-27,,
2000-03-28,,
2000-03-29,,
2000-03-30,,
2000-03-31,,
2000-04-01,,
2000-04-02,,
2000-04-03,,
2000-04-04,,
2000-04-05,,
2000-04-06,,
2000-04-07,,
2000-04-08,,
2000-04-09,,
2000-04-10,,
2000-04-11,,
2000-04-12,,
2000-04-13,,
2000-04-14,,
2000-04-15,,
2000-04-16,,
2000-04-17,,
2000-04-18,,
2000-04-19,,
2000-04-20,,
2000-04-21,,
2000-04-22,,
2000-04-23,,
2000-04-24,,
2000-04-25,,
2000-04-26,,
2000-04-27,,
2000-04-28,,
2000-04-29,,
2000-04-30,,
2000-05-01,,
2000-05-02,,
2000-05-03,,
2000-05-04,,
2000-05-05,,
2000-05-06,,
2000-05-07,,
2000-05-08,,
2000-05-09,,
2000-05-10,,
2000-05-11,,
2000-05-12,,
2000-05-13,,
2000-05-14,,
2000-05-15,,
2000-05-16,,
2000-05-17,,
2000-05-18,,
2000-05-19,,
2000-05-20,,
2000-05-21,,
2000-05-22,,
2000-05-23,,
2000-05-24,,
2000-05-25,,
2000-05-26,,
2000-05-27,,
2000-05-28,,
2000-05-29,,
2000-05-30,,
2000-05-31,,
2000-06-01,,
2000-06-02,,
2000-06-03,,
2000-06-04,,
2000-06-05,,
2000-06-06,,
2000-06-07,,
2000-06-08,,
2000-06-09,,
2000-06-10,,
2000-06-11,,
2000-06-12,,
2000-06-13,,
2000-06-14,,
2000-06-15,,
2000-06-16,,
2000-06-17,,
2000-06-18,,
2000-06-19,,
2000-06-20,,
2000-06-21,,
2000-06-22,,
2000-06-23,,
2000-06-24,,
2000-06-25,,
2000-06-26,,
2000-06-27,,
2000-06-28,,
2000-06-29,,
2000-06-30,,
2000-07-01,,
2000-07-02,,
2000-07-03,,
2000-07-04,,
2000-07-05,,
2000-07-06,,
2000-07-07,,
2000-07-08,,
2000-07-09,,
2000-07-10,,
2000-07-11,,
2000-07-12,,
2000-07-13,,
2000-07-14,,
2000-07-15,,
2000-07-16,,
2000-07-17,,
2000-07-18,,
2000-07-19,,
2000-07-20,,
2000-07-21,,
2000-07-22,,
2000-07-23,,
2000-07-24,,
2000-07-25,,
2000-07-26,,
2000-07-27,,
2000-07-28,,
2000-07-29,,
2000-07-30,,
2000-07-31,,
2000-08-01,,
2000-08-02,,
2000-08-03,,
2000-08-04,,
2000-08-05,,
2000-08-06,,
2000-08-07,,
2000-08-08,,
2000-08-09,,
2000-08-10,,
2000-08-11,,
2000-08-12,,
2000-08-13,,
2000-08-14,,
2000-08-15,,
2000-08-16,,
2000-08-17,,
2000-08-18,,
2000-08-19,,
2000-08-20,,
2000-08-21,,
2000-08-22,,
2000-08-23,,
2000-08-24,,
2000-08-25,,
2000-08-26,,
2000-08-27,,
2000-08-28,,
2000-08-29,,
2000-08-30,,
2000-08-31,,
2000-09-01,,
2000-09-02,,
2000-09-03,,
2000-09-04,,
2000-09-05,,
2000-09-06,,
2000-09-07,,
2000-09-08,,
2000-09-09,,
2000-09-10,,
2000-09-11,,
2000-09-12,,
2000-09-13,,
2000-09-14,,
2000-09-15,,
2000-09-16,,
2000-09-17,,
2000-09-18,,
2000-09-19,,
2000-09-20,,
2000-09-21,,
2000-09-22,,
2000-09-23,,
2000-09-24,,
2000-09-25,,
2000-09-26,,
2000-09-27,,
2000-09-28,,
2000-09-29,,
2000-09-30,,
2000-10-01,0.0,
2000-10-02,0.0,
2000-10-03,0.0,
2000-10-04,0.0,
2000-10-05,0.0,
2000-10-06,0.0,
2000-10-07,0.0,
2000-10-08,0.0,
2000-10-09,0.0,
2000-10-10,0.0,
2000-10-11,0.0,
2000-10-12,0.0,
2000-10-13,0.0,
2000-10-14,0.0,
2000-10-15,0.0,
2000-10-16,0.0,
2000-10-17,0.0,
2000-10-18,0.0,
2000-10-19,0.0,
2000-10-20,0.0,
2000-10-21,0.0,
2000-10-22,0.0,
2000-10-23,0.0,
2000-10-24,0.0,
2000-10-25,0.0,
2000-10-26,0.0,
2000-10-27,0.0,
2000-10-28,0.0,
2000-10-29,0.0,
2000-10-30,0.0,
2000-10-31,0.0,
2000-11-01,0.0,
2000-11-02,0.0,
2000-11-03,0.0,
2000-11-04,0.0,
2000-11-05,0.0,
2000-11-06,0.0,
2000-11-07,0.0,
2000-11-08,0.0,
2000-11-09,0.0,
2000-11-10,0.0,
2000-11-11,0.0,
2000-11-12,0.0,
2000-11-13,0.0,
2000-11-14,0.0,
2000-11-15,0.0,
2000-11-16,0.0,
2000-11-17,0.0,
2000-11-18,0.0,
2000-11-19,0.0,
2000-11-20,0.0,
2000-11-21,0.0,
2000-11-22,0.0,
2000-11-23,0.0,
2000-11-24,0.0,
2000-11-25,0.0,
2000-11-26,0.0,
2000-11-27,0.0,
2000-11-28,2.54,
2000-11-29,3.81,
2000-11-30,6.858,
2000-12-01,6.858,
2000-12-02,6.858,
2000-12-03,6.858,
2000-12-04,7.366,
2000-12-05,7.366,
2000-12-06,7.366,
2000-12-07,4.318,
2000-12-08,4.826,
2000-12-09,5.334,
2000-12-10,5.334,
2000-12-11,4.572,
2000-12-12,5.08,
2000-12-13,5.08,
2000-12-14,6.096,
2000-12-15,6.604,
2000-12-16,6.604,
2000-12-17,6.604,
2000-12-18,6.604,
2000-12-19,6.604,
2000-12-20,6.604,
2000-12-21,6.858,
2000-12-22,6.858,
2000-12-23,6.858,
2000-12-24,6.604,
2000-12-25,6.35,
2000-12-26,6.096,
2000-12-27,5.842,
2000-12-28,5.842,
2000-12-29,5.842,
2000-12-30,5.842,
2000-12-31,5.588,
2001-01-01,5.334,
2001-01-02,5.334,
2001-01-03,5.334,
2001-01-04,5.334,
2001-01-05,5.334,
2001-01-06,5.334,
2001-01-07,5.08,
2001-01-08,5.334,
2001-01-09,5.842,
2001-01-10,6.35,
2001-01-11,9.652,
2001-01-12,10.414,
2001-01-13,10.668,
2001-01-14,10.922,
2001-01-15,11.684,
2001-01-16,11.684,
2001-01-17,11.684,
2001-01-18,11.684,
2001-01-19,12.446,
2001-01-20,12.446,
2001-01-21,12.7,
2001-01-22,12.7,
2001-01-23,12.7,
2001-01-24,13.716,
2001-01-25,13.97,
2001-01-26,15.748,
2001-01-27,16.256,
2001-01-28,16.51,
2001-01-29,16.51,
2001-01-30,16.51,
2001-01-31,16.51,
2001-02-01,16.51,
2001-02-02,17.018,
2001-02-03,17.272,
2001-02-04,17.272,
2001-02-05,17.272,
2001-02-06,17.272,
2001-02-07,17.78,
2001-02-08,18.288,
2001-02-09,19.05,
2001-02-10,21.59,
2001-02-11,23.368,
2001-02-12,24.13,
2001-02-13,25.654,
2001-02-14,26.416,
2001-02-15,26.416,
2001-02-16,26.416,
2001-02-17,26.67,
2001-02-18,26.924,
2001-02-19,26.924,
2001-02-20,29.972,
2001-02-21,30.48,
2001-02-22,31.496,
2001-02-23,32.258,
2001-02-24,32.766,
2001-02-25,34.036,
2001-02-26,34.29,
2001-02-27,34.29,
2001-02-28,34.29,
2001-03-01,34.29,
2001-03-02,34.798,
2001-03-03,35.052,
2001-03-04,35.814,
2001-03-05,38.608,
2001-03-06,39.624,
2001-03-07,40.132,
2001-03-08,40.132,
2001-03-09,40.386,
2001-03-10,41.656,
2001-03-11,41.656,
2001-03-12,41.656,
2001-03-13,41.656,
2001-03-14,41.91,
2001-03-15,41.656,
2001-03-16,41.91,
2001-03-17,41.91,
2001-03-18,41.656,
2001-03-19,40.894,
2001-03-20,40.386,
2001-03-21,39.624,
2001-03-22,39.116,
2001-03-23,38.862,
2001-03-24,38.862,
2001-03-25,38.608,
2001-03-26,38.1,
2001-03-27,37.846,
2001-03-28,37.846,
2001-03-29,37.338,
2001-03-30,37.084,
2001-03-31,36.83,
2001-04-01,35.814,
2001-04-02,35.56,
2001-04-03,38.1,
2001-04-04,38.862,
2001-04-05,39.624,
2001-04-06,40.894,
2001-04-07,43.18,
2001-04-08,44.704,
2001-04-09,44.704,
2001-04-10,44.958,
2001-04-11,45.212,
2001-04-12,46.482,
2001-04-13,46.482,
2001-04-14,46.228,
2001-04-15,45.72,
2001-04-16,44.704,
2001-04-17,43.18,
2001-04-18,41.402,
2001-04-19,41.91,
2001-04-20,42.418,
2001-04-21,45.212,
2001-04-22,45.212,
2001-04-23,44.958,
2001-04-24,43.688,
2001-04-25,41.91,
2001-04-26,40.132,
2001-04-27,38.1,
2001-04-28,36.322,
2001-04-29,35.306,
2001-04-30,32.258,
2001-05-01,27.94,
2001-05-02,26.416,
2001-05-03,26.416,
2001-05-04,26.162,
2001-05-05,22.606,
2001-05-06,18.288,
2001-05-07,14.986,
2001-05-08,10.668,
2001-05-09,5.588,
2001-05-10,2.032,
2001-05-11,0.0,
2001-05-12,0.0,
2001-05-13,0.0,
2001-05-14,0.0,
2001-05-15,0.0,
2001-05-16,0.0,
2001-05-17,0.0,
2001-05-18,0.0,
2001-05-19,0.0,
2001-05-20,0.0,
2001-05-21,0.0,
2001-05-22,0.0,
2001-05-23,0.0,
2001-05-24,0.0,
2001-05-25,0.0,
2001-05-26,0.0,
2001-05-27,0.0,
2001-05-28,0.0,
2001-05-29,0.0,
2001-05-30,0.0,
2001-05-31,0.0,
2001-06-01,0.0,
2001-06-02,0.0,
2001-06-03,0.0,
2001-06-04,0.0,
2001-06-05,0.0,
2001-06-06,0.0,
2001-06-07,0.0,
2001-06-08,0.0,
2001-06-09,0.0,
2001-06-10,0.0,
2001-06-11,0.0,
2001-06-12,0.0,
2001-06-13,0.0,
2001-06-14,0.0,
2001-06-15,0.0,
2001-06-16,0.0,
2001-06-17,0.0,
2001-06-18,0.0,
2001-06-19,0.0,
2001-06-20,0.0,
2001-06-21,0.0,
2001-06-22,0.0,
2001-06-23,0.0,
2001-06-24,0.0,
2001-06-25,0.0,
2001-06-26,0.0,
2001-06-27,0.0,
2001-06-28,0.0,
2001-06-29,0.0,
2001-06-30,0.0,
2001-07-01,0.0,
2001-07-02,0.0,
2001-07-03,0.0,
2001-07-04,0.0,
2001-07-05,0.0,
2001-07-06,0.0,
2001-07-07,0.0,
2001-07-08,0.0,
2001-07-09,0.0,
2001-07-10,0.0,
2001-07-11,0.0,
2001-07-12,0.0,
2001-07-13,0.0,
2001-07-14,0.0,
2001-07-15,0.0,
2001-07-16,0.0,
2001-07-17,0.0,
2001-07-18,0.0,
2001-07-19,0.0,
2001-07-20,0.0,
2001-07-21,0.0,
2001-07-22,0.0,
2001-07-23,0.0,
2001-07-24,0.0,
2001-07-25,0.0,
2001-07-26,0.0,
2001-07-27,0.0,
2001-07-28,0.0,
2001-07-29,0.0,
2001-07-30,0.0,
2001-07-31,0.0,
2001-08-01,0.0,
2001-08-02,0.0,
2001-08-03,0.0,
2001-08-04,0.0,
2001-08-05,0.0,
2001-08-06,0.0,
2001-08-07,0.0,
2001-08-08,0.0,
2001-08-09,0.0,
2001-08-10,0.0,
2001-08-11,0.0,
2001-08-12,0.0,
2001-08-13,0.0,
2001-08-14,0.0,
2001-08-15,0.0,
2001-08-16,0.0,
2001-08-17,0.0,
2001-08-18,0.0,
2001-08-19,0.0,
2001-08-20,0.0,
2001-08-21,0.0,
2001-08-22,0.0,
2001-08-23,0.0,
2001-08-24,0.0,
2001-08-25,0.0,
2001-08-26,0.0,
2001-08-27,0.0,
2001-08-28,0.0,
2001-08-29,0.0,
2001-08-30,0.0,
2001-08-31,0.0,
2001-09-01,0.0,
2001-09-02,0.0,
2001-09-03,0.0,
2001-09-04,0.0,
2001-09-05,0.0,
2001-09-06,0.0,
2001-09-07,0.0,
2001-09-08,0.0,
2001-09-09,0.0,
2001-09-10,0.0,
2001-09-11,0.0,
2001-09-12,0.0,
2001-09-13,0.0,
2001-09-14,0.0,
2001-09-15,0.0,
2001-09-16,0.0,
2001-09-17,0.0,
2001-09-18,0.0,
2001-09-19,0.0,
2001-09-20,0.0,
2001-09-21,0.0,
2001-09-22,0.0,
2001-09-23,0.0,
2001-09-24,0.0,
2001-09-25,0.0,
2001-09-26,0.0,
2001-09-27,0.0,
2001-09-28,0.0,
2001-09-29,0.0,
2001-09-30,0.0,
2001-10-01,0.0,
2001-10-02,0.0,
2001-10-03,0.0,
2001-10-04,0.0,
2001-10-05,0.0,
2001-10-06,0.0,
2001-10-07,0.0,
2001-10-08,0.0,
2001-10-09,0.0,
2001-10-10,0.0,
2001-10-11,0.0,
2001-10-12,0.0,
2001-10-13,0.0,
2001-10-14,0.0,
2001-10-15,0.0,
2001-10-16,0.0,
2001-10-17,0.0,
2001-10-18,0.0,
2001-10-19,0.0,
2001-10-20,0.0,
2001-10-21,0.0,
2001-10-22,0.0,
2001-10-23,0.0,
2001-10-24,0.0,
2001-10-25,0.0,
2001-10-26,0.0,
2001-10-27,0.0,
2001-10-28,0.0,
2001-10-29,0.0,
2001-10-30,0.0,
2001-10-31,0.0,
2001-11-01,0.0,
2001-11-02,0.0,
2001-11-03,0.0,
2001-11-04,0.0,
2001-11-05,0.0,
2001-11-06,0.0,
2001-11-07,0.0,
2001-11-08,0.0,
2001-11-09,0.0,
2001-11-10,0.0,
2001-11-11,0.0,
2001-11-12,0.0,
2001-11-13,0.0,
2001-11-14,0.0,
2001-11-15,0.0,
2001-11-16,0.0,
2001-11-17,0.0,
2001-11-18,0.0,
2001-11-19,0.0,
2001-11-20,0.0,
2001-11-21,0.0,
2001-11-22,0.254,
2001-11-23,0.762,
2001-11-24,1.016,
2001-11-25,4.572,
2001-11-26,4.572,
2001-11-27,4.572,
2001-11-28,4.318,
2001-11-29,7.62,
2001-11-30,8.128,
2001-12-01,8.382,
2001-12-02,11.176,
2001-12-03,17.526,
2001-12-04,18.034,
2001-12-05,18.034,
2001-12-06,18.288,
2001-12-07,18.288,
2001-12-08,18.288,
2001-12-09,18.288,
2001-12-10,19.05,
2001-12-11,19.304,
2001-12-12,19.304,
2001-12-13,19.304,
2001-12-14,21.082,
2001-12-15,21.59,
2001-12-16,21.59,
2001-12-17,21.59,
2001-12-18,22.352,
2001-12-19,22.352,
2001-12-20,22.352,
2001-12-21,24.384,
2001-12-22,24.384,
2001-12-23,25.146,
2001-12-24,25.4,
2001-12-25,25.4,
2001-12-26,25.4,
2001-12-27,25.4,
2001-12-28,25.654,
2001-12-29,26.416,
2001-12-30,26.924,
2001-12-31,27.686,
2002-01-01,27.686,
2002-01-02,27.686,
2002-01-03,29.21,
2002-01-04,29.21,
2002-01-05,29.21,
2002-01-06,29.21,
2002-01-07,29.21,
2002-01-08,29.21,
2002-01-09,29.21,
2002-01-10,29.21,
2002-01-11,29.21,
2002-01-12,29.21,
2002-01-13,29.21,
2002-01-14,29.21,
2002-01-15,29.21,
2002-01-16,29.21,
2002-01-17,29.21,
2002-01-18,29.21,
2002-01-19,28.956,
2002-01-20,28.956,
2002-01-21,28.956,
2002-01-22,28.956,
2002-01-23,28.956,
2002-01-24,28.956,
2002-01-25,28.702,
2002-01-26,28.448,
2002-01-27,29.972,
2002-01-28,30.734,
2002-01-29,30.734,
2002-01-30,30.734,
2002-01-31,30.734,
2002-02-01,30.734,
2002-02-02,30.734,
2002-02-03,30.734,
2002-02-04,30.734,
2002-02-05,30.988,
2002-02-06,31.242,
2002-02-07,31.242,
2002-02-08,33.02,
2002-02-09,33.02,
2002-02-10,33.02,
2002-02-11,32.766,
2002-02-12,32.512,
2002-02-13,32.512,
2002-02-14,32.512,
2002-02-15,32.512,
2002-02-16,33.02,
2002-02-17,34.036,
2002-02-18,35.306,
2002-02-19,35.56,
2002-02-20,36.322,
2002-02-21,36.576,
2002-02-22,36.576,
2002-02-23,36.83,
2002-02-24,37.084,
2002-02-25,37.084,
2002-02-26,37.084,
2002-02-27,37.084,
2002-02-28,37.084,
2002-03-01,36.83,
2002-03-02,36.83,
2002-03-03,36.576,
2002-03-04,36.322,
2002-03-05,36.322,
2002-03-06,35.306,
2002-03-07,38.608,
2002-03-08,41.148,
2002-03-09,41.148,
2002-03-10,41.402,
2002-03-11,41.402,
2002-03-12,41.402,
2002-03-13,41.402,
2002-03-14,41.402,
2002-03-15,41.402,
2002-03-16,42.418,
2002-03-17,42.926,
2002-03-18,43.688,
2002-03-19,43.688,
2002-03-20,43.18,
2002-03-21,41.91,
2002-03-22,41.148,
2002-03-23,42.672,
2002-03-24,43.434,
2002-03-25,43.434,
2002-03-26,43.434,
2002-03-27,42.672,
2002-03-28,41.91,
2002-03-29,41.148,
2002-03-30,40.386,
2002-03-31,38.608,
2002-04-01,37.338,
2002-04-02,36.068,
2002-04-03,34.798,
2002-04-04,33.02,
2002-04-05,31.75,
2002-04-06,31.242,
2002-04-07,28.702,
2002-04-08,25.908,
2002-04-09,23.368,
2002-04-10,21.082,
2002-04-11,18.288,
2002-04-12,15.494,
2002-04-13,12.7,
2002-04-14,8.89,
2002-04-15,5.588,
2002-04-16,3.556,
2002-04-17,3.302,
2002-04-18,3.556,
2002-04-19,3.81,
2002-04-20,3.81,
2002-04-21,3.048,
2002-04-22,1.524,
2002-04-23,0.0,
2002-04-24,0.0,
2002-04-25,0.0,
2002-04-26,0.0,
2002-04-27,0.0,
2002-04-28,0.0,
2002-04-29,0.0,
2002-04-30,0.0,
2002-05-01,0.0,
2002-05-02,0.0,
2002-05-03,0.0,
2002-05-04,0.0,
2002-05-05,0.0,
2002-05-06,0.0,
2002-05-07,0.0,
2002-05-08,0.0,
2002-05-09,0.0,
2002-05-10,0.0,
2002-05-11,0.0,
2002-05-12,0.0,
2002-05-13,0.0,
2002-05-14,0.0,
2002-05-15,0.0,
2002-05-16,0.0,
2002-05-17,0.0,
2002-05-18,0.0,
2002-05-19,0.0,
2002-05-20,0.0,
2002-05-21,0.0,
2002-05-22,0.0,
2002-05-23,0.0,
2002-05-24,0.0,
2002-05-25,0.0,
2002-05-26,0.0,
2002-05-27,0.0,
2002-05-28,0.0,
2002-05-29,0.0,
2002-05-30,0.0,
2002-05-31,0.0,
2002-06-01,0.0,
2002-06-02,0.0,
2002-06-03,0.0,
2002-06-04,0.0,
2002-06-05,0.0,
2002-06-06,0.0,
2002-06-07,0.0,
2002-06-08,0.0,
2002-06-09,0.0,
2002-06-10,0.0,
2002-06-11,0.0,
2002-06-12,0.0,
2002-06-13,0.0,
2002-06-14,0.0,
2002-06-15,0.0,
2002-06-16,0.0,
2002-06-17,0.0,
2002-06-18,0.0,
2002-06-19,0.0,
2002-06-20,0.0,
2002-06-21,0.0,
2002-06-22,0.0,
2002-06-23,0.0,
2002-06-24,0.0,
2002-06-25,0.0,
2002-06-26,0.0,
2002-06-27,0.0,
2002-06-28,0.0,
2002-06-29,0.0,
2002-06-30,0.0,
2002-07-01,0.0,
2002-07-02,0.0,
2002-07-03,0.0,
2002-07-04,0.0,
2002-07-05,0.0,
2002-07-06,0.0,
2002-07-07,0.0,
2002-07-08,0.0,
2002-07-09,0.0,
2002-07-10,0.0,
2002-07-11,0.0,
2002-07-12,0.0,
2002-07-13,0.0,
2002-07-14,0.0,
2002-07-15,0.0,
2002-07-16,0.0,
2002-07-17,0.0,
2002-07-18,0.0,
2002-07-19,0.0,
2002-07-20,0.0,
2002-07-21,0.0,
2002-07-22,0.0,
2002-07-23,0.0,
2002-07-24,0.0,
2002-07-25,0.0,
2002-07-26,0.0,
2002-07-27,0.0,
2002-07-28,0.0,
2002-07-29,0.0,
2002-07-30,0.0,
2002-07-31,0.0,
2002-08-01,0.0,
2002-08-02,0.0,
2002-08-03,0.0,
2002-08-04,0.0,
2002-08-05,0.0,
2002-08-06,0.0,
2002-08-07,0.0,
2002-08-08,0.0,
2002-08-09,0.0,
2002-08-10,0.0,
2002-08-11,0.0,
2002-08-12,0.0,
2002-08-13,0.0,
2002-08-14,0.0,
2002-08-15,0.0,
2002-08-16,0.0,
2002-08-17,0.0,
2002-08-18,0.0,
2002-08-19,0.0,
2002-08-20,0.0,
2002-08-21,0.0,
2002-08-22,0.0,
2002-08-23,0.0,
2002-08-24,0.0,
2002-08-25,0.0,
2002-08-26,0.0,
2002-08-27,0.0,
2002-08-28,0.0,
2002-08-29,0.0,
2002-08-30,0.0,
2002-08-31,0.0,
2002-09-01,0.0,
2002-09-02,0.0,
2002-09-03,0.0,
2002-09-04,0.0,
2002-09-05,0.0,
2002-09-06,0.0,
2002-09-07,0.0,
2002-09-08,0.0,
2002-09-09,0.0,
2002-09-10,0.0,
2002-09-11,0.0,
2002-09-12,0.0,
2002-09-13,0.0,
2002-09-14,0.0,
2002-09-15,0.0,
2002-09-16,0.0,
2002-09-17,0.0,
2002-09-18,0.0,
2002-09-19,0.0,
2002-09-20,0.0,
2002-09-21,0.0,
2002-09-22,0.0,
2002-09-23,0.0,
2002-09-24,0.0,
2002-09-25,0.0,
2002-09-26,0.0,
2002-09-27,0.0,
2002-09-28,0.0,
2002-09-29,0.0,
2002-09-30,0.0,
2002-10-01,0.0,
2002-10-02,0.0,
2002-10-03,0.0,
2002-10-04,0.0,
2002-10-05,0.0,
2002-10-06,0.0,
2002-10-07,0.0,
2002-10-08,0.0,
2002-10-09,0.0,
2002-10-10,0.0,
2002-10-11,0.0,
2002-10-12,0.0,
2002-10-13,0.0,
2002-10-14,0.0,
2002-10-15,0.0,
2002-10-16,0.0,
2002-10-17,0.0,
2002-10-18,0.0,
2002-10-19,0.0,
2002-10-20,0.0,
2002-10-21,0.0,
2002-10-22,0.0,
2002-10-23,0.0,
2002-10-24,0.0,
2002-10-25,0.0,
2002-10-26,0.0,
2002-10-27,0.0,
2002-10-28,0.0,
2002-10-29,0.0,
2002-10-30,0.0,
2002-10-31,0.0,
2002-11-01,0.0,
2002-11-02,0.0,
2002-11-03,0.0,
2002-11-04,0.0,
2002-11-05,0.0,
2002-11-06,0.0,
2002-11-07,0.0,
2002-11-08,3.048,
2002-11-09,4.826,
2002-11-10,5.842,
2002-11-11,6.096,
2002-11-12,6.096,
2002-11-13,6.096,
2002-11-14,6.35,
2002-11-15,6.35,
2002-11-16,6.35,
2002-11-17,6.35,
2002-11-18,7.62,
2002-11-19,7.62,
2002-11-20,7.62,
2002-11-21,7.62,
2002-11-22,7.62,
2002-11-23,7.62,
2002-11-24,7.62,
2002-11-25,7.62,
2002-11-26,9.398,
2002-11-27,9.398,
2002-11-28,9.398,
2002-11-29,9.398,
2002-11-30,9.398,
2002-12-01,9.398,
2002-12-02,9.398,
2002-12-03,9.398,
2002-12-04,9.398,
2002-12-05,9.398,
2002-12-06,9.398,
2002-12-07,9.144,
2002-12-08,9.144,
2002-12-09,8.89,
2002-12-10,8.89,
2002-12-11,8.89,
2002-12-12,8.89,
2002-12-13,8.89,
2002-12-14,9.398,
2002-12-15,13.462,
2002-12-16,15.748,
2002-12-17,24.892,
2002-12-18,25.654,
2002-12-19,25.654,
2002-12-20,27.432,
2002-12-21,28.702,
2002-12-22,28.702,
2002-12-23,28.702,
2002-12-24,28.702,
2002-12-25,28.702,
2002-12-26,28.702,
2002-12-27,28.702,
2002-12-28,28.702,
2002-12-29,30.988,
2002-12-30,30.988,
2002-12-31,32.512,
2003-01-01,32.512,
2003-01-02,32.512,
2003-01-03,32.258,
2003-01-04,32.004,
2003-01-05,31.496,
2003-01-06,31.242,
2003-01-07,30.734,
2003-01-08,30.48,
2003-01-09,30.226,
2003-01-10,30.226,
2003-01-11,30.226,
2003-01-12,29.718,
2003-01-13,29.21,
2003-01-14,29.21,
2003-01-15,29.21,
2003-01-16,29.21,
2003-01-17,29.21,
2003-01-18,29.21,
2003-01-19,29.21,
2003-01-20,29.21,
2003-01-21,29.21,
2003-01-22,29.464,
2003-01-23,29.464,
2003-01-24,29.464,
2003-01-25,29.464,
2003-01-26,29.464,
2003-01-27,29.464,
2003-01-28,29.464,
2003-01-29,29.464,
2003-01-30,29.464,
2003-01-31,29.464,
2003-02-01,29.464,
2003-02-02,29.464,
2003-02-03,29.464,
2003-02-04,29.464,
2003-02-05,29.464,
2003-02-06,29.464,
2003-02-07,29.464,
2003-02-08,29.464,
2003-02-09,29.464,
2003-02-10,29.464,
2003-02-11,29.464,
2003-02-12,29.464,
2003-02-13,29.464,
2003-02-14,30.48,
2003-02-15,30.48,
2003-02-16,32.258,
2003-02-17,33.02,
2003-02-18,33.528,
2003-02-19,34.29,
2003-02-20,34.798,
2003-02-21,35.052,
2003-02-22,35.56,
2003-02-23,35.56,
2003-02-24,35.56,
2003-02-25,37.084,
2003-02-26,37.084,
2003-02-27,37.592,
2003-02-28,37.846,
2003-03-01,38.1,
2003-03-02,38.354,
2003-03-03,38.862,
2003-03-04,39.37,
2003-03-05,39.37,
2003-03-06,39.37,
2003-03-07,39.624,
2003-03-08,39.624,
2003-03-09,39.624,
2003-03-10,39.624,
2003-03-11,38.862,
2003-03-12,38.1,
2003-03-13,37.084,
2003-03-14,36.576,
2003-03-15,37.084,
2003-03-16,38.354,
2003-03-17,38.608,
2003-03-18,38.608,
2003-03-19,38.608,
2003-03-20,38.354,
2003-03-21,38.1,
2003-03-22,37.084,
2003-03-23,36.068,
2003-03-24,34.798,
2003-03-25,34.29,
2003-03-26,34.036,
2003-03-27,33.782,
2003-03-28,33.782,
2003-03-29,33.782,
2003-03-30,33.274,
2003-03-31,32.512,
2003-04-01,30.988,
2003-04-02,31.75,
2003-04-03,33.528,
2003-04-04,34.036,
2003-04-05,35.306,
2003-04-06,35.56,
2003-04-07,35.56,
2003-04-08,34.798,
2003-04-09,34.036,
2003-04-10,33.02,
2003-04-11,30.988,
2003-04-12,27.94,
2003-04-13,29.464,
2003-04-14,34.798,
2003-04-15,35.814,
2003-04-16,35.814,
2003-04-17,35.56,
2003-04-18,35.56,
2003-04-19,34.798,
2003-04-20,33.528,
2003-04-21,32.766,
2003-04-22,32.766,
2003-04-23,32.258,
2003-04-24,30.48,
2003-04-25,29.972,
2003-04-26,28.956,
2003-04-27,27.686,
2003-04-28,26.67,
2003-04-29,26.924,
2003-04-30,26.416,
2003-05-01,25.4,
2003-05-02,24.13,
2003-05-03,23.368,
2003-05-04,22.86,
2003-05-05,22.352,
2003-05-06,21.844,
2003-05-07,21.336,
2003-05-08,19.812,
2003-05-09,20.828,
2003-05-10,20.32,
2003-05-11,19.05,
2003-05-12,16.51,
2003-05-13,13.97,
2003-05-14,10.414,
2003-05-15,8.636,
2003-05-16,5.842,
2003-05-17,0.0,
2003-05-18,0.0,
2003-05-19,0.0,
2003-05-20,0.0,
2003-05-21,0.0,
2003-05-22,0.0,
2003-05-23,0.0,
2003-05-24,0.0,
2003-05-25,0.0,
2003-05-26,0.0,
2003-05-27,0.0,
2003-05-28,0.0,
2003-05-29,0.0,
2003-05-30,0.0,
2003-05-31,0.0,
2003-06-01,0.0,
2003-06-02,0.0,
2003-06-03,0.0,
2003-06-04,0.0,
2003-06-05,0.0,
2003-06-06,0.0,
2003-06-07,0.0,
2003-06-08,0.0,
2003-06-09,0.0,
2003-06-10,0.0,
2003-06-11,0.0,
2003-06-12,0.0,
2003-06-13,0.0,
2003-06-14,0.0,
2003-06-15,0.0,
2003-06-16,0.0,
2003-06-17,0.0,
2003-06-18,0.0,
2003-06-19,0.0,
2003-06-20,0.0,
2003-06-21,0.0,
2003-06-22,0.0,
2003-06-23,0.0,
2003-06-24,0.0,
2003-06-25,0.0,
2003-06-26,0.0,
2003-06-27,0.0,
2003-06-28,0.0,
2003-06-29,0.0,
2003-06-30,0.0,
2003-07-01,0.0,
2003-07-02,0.0,
2003-07-03,0.0,
2003-07-04,0.0,
2003-07-05,0.0,
2003-07-06,0.0,
2003-07-07,0.0,
2003-07-08,0.0,
2003-07-09,0.0,
2003-07-10,0.0,
2003-07-11,0.0,
2003-07-12,0.0,
2003-07-13,0.0,
2003-07-14,0.0,
2003-07-15,0.0,
2003-07-16,0.0,
2003-07-17,0.0,
2003-07-18,0.0,
2003-07-19,0.0,
2003-07-20,0.0,
2003-07-21,0.0,
2003-07-22,0.0,
2003-07-23,0.0,
2003-07-24,0.0,
2003-07-25,0.0,
2003-07-26,0.0,
2003-07-27,0.0,
2003-07-28,0.0,
2003-07-29,0.0,
2003-07-30,0.0,
2003-07-31,0.0,
2003-08-01,0.0,
2003-08-02,0.0,
2003-08-03,0.0,
2003-08-04,0.0,
2003-08-05,0.0,
2003-08-06,0.0,
2003-08-07,0.0,
2003-08-08,0.0,
2003-08-09,0.0,
2003-08-10,0.0,
2003-08-11,0.0,
2003-08-12,0.0,
2003-08-13,0.0,
2003-08-14,0.0,
2003-08-15,0.0,
2003-08-16,0.0,
2003-08-17,0.0,
2003-08-18,0.0,
2003-08-19,0.0,
2003-08-20,0.0,
2003-08-21,0.0,
2003-08-22,0.0,
2003-08-23,0.0,
2003-08-24,0.0,
2003-08-25,0.0,
2003-08-26,0.0,
2003-08-27,0.0,
2003-08-28,0.0,
2003-08-29,0.0,
2003-08-30,0.0,
2003-08-31,0.0,
2003-09-01,0.0,
2003-09-02,0.0,
2003-09-03,0.0,
2003-09-04,0.0,
2003-09-05,0.0,
2003-09-06,0.0,
2003-09-07,0.0,
2003-09-08,0.0,
2003-09-09,0.0,
2003-09-10,0.0,
2003-09-11,0.0,
2003-09-12,0.0,
2003-09-13,0.0,
2003-09-14,0.0,
2003-09-15,0.0,
2003-09-16,0.0,
2003-09-17,0.0,
2003-09-18,0.0,
2003-09-19,0.0,
2003-09-20,0.0,
2003-09-21,0.0,
2003-09-22,0.0,
2003-09-23,0.0,
2003-09-24,0.0,
2003-09-25,0.0,
2003-09-26,0.0,
2003-09-27,0.0,
2003-09-28,0.0,
2003-09-29,0.0,
2003-09-30,0.0,
2003-10-01,0.0,
2003-10-02,0.0,
2003-10-03,0.0,
2003-10-04,0.0,
2003-10-05,0.0,
2003-10-06,0.0,
2003-10-07,0.0,
2003-10-08,0.0,
2003-10-09,0.0,
2003-10-10,0.0,
2003-10-11,0.0,
2003-10-12,0.0,
2003-10-13,0.0,
2003-10-14,0.0,
2003-10-15,0.0,
2003-10-16,0.0,
2003-10-17,0.0,
2003-10-18,0.0,
2003-10-19,0.0,
2003-10-20,0.0,
2003-10-21,0.0,
2003-10-22,0.0,
2003-10-23,0.0,
2003-10-24,0.0,
2003-10-25,0.0,
2003-10-26,0.0,
2003-10-27,0.0,
2003-10-28,0.0,
2003-10-29,0.0,
2003-10-30,0.0,
2003-10-31,1.016,
2003-11-01,1.016,
2003-11-02,1.016,
2003-11-03,1.016,
2003-11-04,1.016,
2003-11-05,1.016,
2003-11-06,1.016,
2003-11-07,1.016,
2003-11-08,1.27,
2003-11-09,3.048,
2003-11-10,5.588,
2003-11-11,5.588,
2003-11-12,5.588,
2003-11-13,5.588,
2003-11-14,5.588,
2003-11-15,5.588,
2003-11-16,5.588,
2003-11-17,5.588,
2003-11-18,5.588,
2003-11-19,5.588,
2003-11-20,5.588,
2003-11-21,5.588,
2003-11-22,5.588,
2003-11-23,5.588,
2003-11-24,5.588,
2003-11-25,5.588,
2003-11-26,5.588,
2003-11-27,5.588,
2003-11-28,5.588,
2003-11-29,5.588,
2003-11-30,5.588,
2003-12-01,5.588,
2003-12-02,5.588,
2003-12-03,5.588,
2003-12-04,5.588,
2003-12-05,5.588,
2003-12-06,5.842,
2003-12-07,8.636,
2003-12-08,8.636,
2003-12-09,8.636,
2003-12-10,9.906,
2003-12-11,11.43,
2003-12-12,11.43,
2003-12-13,11.684,
2003-12-14,11.938,
2003-12-15,13.716,
2003-12-16,13.716,
2003-12-17,13.716,
2003-12-18,13.716,
2003-12-19,13.97,
2003-12-20,14.732,
2003-12-21,15.24,
2003-12-22,15.24,
2003-12-23,15.24,
2003-12-24,15.24,
2003-12-25,20.574,
2003-12-26,22.098,
2003-12-27,22.098,
2003-12-28,22.098,
2003-12-29,23.368,
2003-12-30,26.416,
2003-12-31,26.416,
2004-01-01,27.178,
2004-01-02,30.988,
2004-01-03,31.75,
2004-01-04,31.75,
2004-01-05,31.75,
2004-01-06,31.75,
2004-01-07,32.258,
2004-01-08,32.258,
2004-01-09,32.258,
2004-01-10,32.258,
2004-01-11,32.258,
2004-01-12,32.258,
2004-01-13,32.258,
2004-01-14,32.258,
2004-01-15,32.004,
2004-01-16,32.004,
2004-01-17,32.004,
2004-01-18,31.75,
2004-01-19,31.75,
2004-01-20,31.75,
2004-01-21,32.512,
2004-01-22,32.512,
2004-01-23,32.512,
2004-01-24,32.766,
2004-01-25,32.766,
2004-01-26,32.766,
2004-01-27,32.766,
2004-01-28,33.274,
2004-01-29,33.274,
2004-01-30,33.274,
2004-01-31,33.274,
2004-02-01,33.274,
2004-02-02,33.528,
2004-02-03,36.322,
2004-02-04,36.322,
2004-02-05,36.322,
2004-02-06,36.576,
2004-02-07,37.084,
2004-02-08,37.084,
2004-02-09,37.084,
2004-02-10,37.084,
2004-02-11,37.084,
2004-02-12,37.084,
2004-02-13,37.084,
2004-02-14,37.084,
2004-02-15,37.084,
2004-02-16,37.592,
2004-02-17,38.1,
2004-02-18,39.878,
2004-02-19,42.418,
2004-02-20,42.418,
2004-02-21,42.672,
2004-02-22,42.926,
2004-02-23,42.926,
2004-02-24,42.926,
2004-02-25,43.18,
2004-02-26,47.752,
2004-02-27,49.784,
2004-02-28,49.784,
2004-02-29,49.784,
2004-03-01,49.784,
2004-03-02,50.292,
2004-03-03,50.8,
2004-03-04,50.8,
2004-03-05,50.8,
2004-03-06,50.8,
2004-03-07,50.546,
2004-03-08,50.292,
2004-03-09,50.038,
2004-03-10,49.53,
2004-03-11,48.768,
2004-03-12,48.514,
2004-03-13,47.752,
2004-03-14,46.99,
2004-03-15,46.228,
2004-03-16,45.466,
2004-03-17,44.704,
2004-03-18,44.196,
2004-03-19,43.434,
2004-03-20,42.418,
2004-03-21,41.148,
2004-03-22,39.624,
2004-03-23,37.846,
2004-03-24,36.068,
2004-03-25,34.544,
2004-03-26,35.052,
2004-03-27,34.544,
2004-03-28,34.036,
2004-03-29,33.02,
2004-03-30,31.75,
2004-03-31,29.718,
2004-04-01,27.94,
2004-04-02,27.432,
2004-04-03,27.178,
2004-04-04,25.146,
2004-04-05,23.368,
2004-04-06,21.336,
2004-04-07,19.304,
2004-04-08,17.78,
2004-04-09,15.748,
2004-04-10,13.462,
2004-04-11,10.668,
2004-04-12,8.636,
2004-04-13,6.858,
2004-04-14,4.572,
2004-04-15,2.286,
2004-04-16,2.032,
2004-04-17,1.524,
2004-04-18,1.016,
2004-04-19,0.0,
2004-04-20,0.0,
2004-04-21,0.0,
2004-04-22,0.0,
2004-04-23,0.0,
2004-04-24,0.0,
2004-04-25,0.0,
2004-04-26,0.0,
2004-04-27,0.0,
2004-04-28,0.0,
2004-04-29,0.0,
2004-04-30,0.0,
2004-05-01,0.0,
2004-05-02,0.0,
2004-05-03,0.0,
2004-05-04,0.0,
2004-05-05,0.0,
2004-05-06,0.0,
2004-05-07,0.0,
2004-05-08,0.0,
2004-05-09,0.0,
2004-05-10,0.0,
2004-05-11,0.0,
2004-05-12,0.0,
2004-05-13,0.0,
2004-05-14,0.0,
2004-05-15,0.0,
2004-05-16,0.0,
2004-05-17,0.0,
2004-05-18,0.0,
2004-05-19,0.0,
2004-05-20,0.0,
2004-05-21,0.0,
2004-05-22,0.0,
2004-05-23,0.0,
2004-05-24,0.0,
2004-05-25,0.0,
2004-05-26,0.0,
2004-05-27,0.0,
2004-05-28,0.0,
2004-05-29,0.0,
2004-05-30,0.0,
2004-05-31,0.0,
2004-06-01,0.0,
2004-06-02,0.0,
2004-06-03,0.0,
2004-06-04,0.0,
2004-06-05,0.0,
2004-06-06,0.0,
2004-06-07,0.0,
2004-06-08,0.0,
2004-06-09,0.0,
2004-06-10,0.0,
2004-06-11,0.0,
2004-06-12,0.0,
2004-06-13,0.0,
2004-06-14,0.0,
2004-06-15,0.0,
2004-06-16,0.0,
2004-06-17,0.0,
2004-06-18,0.0,
2004-06-19,0.0,
2004-06-20,0.0,
2004-06-21,0.0,
2004-06-22,0.0,
2004-06-23,0.0,
2004-06-24,0.0,
2004-06-25,0.0,
2004-06-26,0.0,
2004-06-27,0.0,
2004-06-28,0.0,
2004-06-29,0.0,
2004-06-30,0.0,
2004-07-01,0.0,
2004-07-02,0.0,
2004-07-03,0.0,
2004-07-04,0.0,
2004-07-05,0.0,
2004-07-06,0.0,
2004-07-07,0.0,
2004-07-08,0.0,
2004-07-09,0.0,
2004-07-10,0.0,
2004-07-11,0.0,
2004-07-12,0.0,
2004-07-13,0.0,
2004-07-14,0.0,
2004-07-15,0.0,
2004-07-16,0.0,
2004-07-17,0.0,
2004-07-18,0.0,
2004-07-19,0.0,
2004-07-20,0.0,
2004-07-21,0.0,
2004-07-22,0.0,
2004-07-23,0.0,
2004-07-24,0.0,
2004-07-25,0.0,
2004-07-26,0.0,
2004-07-27,0.0,
2004-07-28,0.0,
2004-07-29,0.0,
2004-07-30,0.0,
2004-07-31,0.0,
2004-08-01,0.0,
2004-08-02,0.0,
2004-08-03,0.0,
2004-08-04,0.0,
2004-08-05,0.0,
2004-08-06,0.0,
2004-08-07,0.0,
2004-08-08,0.0,
2004-08-09,0.0,
2004-08-10,0.0,
2004-08-11,0.0,
2004-08-12,0.0,
2004-08-13,0.0,
2004-08-14,0.0,
2004-08-15,0.0,
2004-08-16,0.0,
2004-08-17,0.0,
2004-08-18,0.0,
2004-08-19,0.0,
2004-08-20,0.0,
2004-08-21,0.0,
2004-08-22,0.0,
2004-08-23,0.0,
2004-08-24,0.0,
2004-08-25,0.0,
2004-08-26,0.0,
2004-08-27,0.0,
2004-08-28,0.0,
2004-08-29,0.0,
2004-08-30,0.0,
2004-08-31,0.0,
2004-09-01,0.0,
2004-09-02,0.0,
2004-09-03,0.0,
2004-09-04,0.0,
2004-09-05,0.0,
2004-09-06,0.0,
2004-09-07,0.0,
2004-09-08,0.0,
2004-09-09,0.0,
2004-09-10,0.0,
2004-09-11,0.0,
2004-09-12,0.0,
2004-09-13,0.0,
2004-09-14,0.0,
2004-09-15,0.0,
2004-09-16,0.0,
2004-09-17,0.0,
2004-09-18,0.0,
2004-09-19,0.0,
2004-09-20,0.0,
2004-09-21,0.0,
2004-09-22,0.0,
2004-09-23,0.0,
2004-09-24,0.0,
2004-09-25,0.0,
2004-09-26,0.0,
2004-09-27,0.0,
2004-09-28,0.0,
2004-09-29,0.0,
2004-09-30,0.0,
2004-10-01,0.0,2.54
2004-10-02,0.0,2.54
2004-10-03,0.0,2.54
2004-10-04,0.0,2.54
2004-10-05,0.0,2.54
2004-10-06,0.0,2.54
2004-10-07,0.0,2.54
2004-10-08,0.0,2.54
2004-10-09,0.0,2.54
2004-10-10,0.0,5.08
2004-10-11,0.0,5.08
2004-10-12,0.0,5.08
2004-10-13,0.0,2.54
2004-10-14,0.0,5.08
2004-10-15,0.0,2.54
2004-10-16,0.0,2.54
2004-10-17,0.0,2.54
2004-10-18,0.0,5.08
2004-10-19,0.0,5.08
2004-10-20,2.54,25.4
2004-10-21,4.826,48.26
2004-10-22,4.572,40.64
2004-10-23,4.572,35.56
2004-10-24,4.572,27.94
2004-10-25,4.318,25.4
2004-10-26,4.318,25.4
2004-10-27,7.112,60.96
2004-10-28,7.112,55.88
2004-10-29,7.112,50.8
2004-10-30,7.112,45.72
2004-10-31,7.112,40.64
2004-11-01,7.112,40.64
2004-11-02,7.112,38.1
2004-11-03,7.112,35.56
2004-11-04,9.906,60.96
2004-11-05,10.16,60.96
2004-11-06,10.16,53.34
2004-11-07,10.16,50.8
2004-11-08,10.16,48.26
2004-11-09,10.16,45.72
2004-11-10,10.16,43.18
2004-11-11,10.16,43.18
2004-11-12,10.414,48.26
2004-11-13,10.414,45.72
2004-11-14,10.414,45.72
2004-11-15,10.16,45.72
2004-11-16,9.906,43.18
2004-11-17,9.906,43.18
2004-11-18,9.652,40.64
2004-11-19,9.652,40.64
2004-11-20,9.652,40.64
2004-11-21,9.398,40.64
2004-11-22,9.144,40.64
2004-11-23,9.398,40.64
2004-11-24,9.398,40.64
2004-11-25,9.652,40.64
2004-11-26,9.652,40.64
2004-11-27,10.414,48.26
2004-11-28,13.97,66.04
2004-11-29,13.97,66.04
2004-11-30,14.224,66.04
2004-12-01,14.224,63.5
2004-12-02,14.224,60.96
2004-12-03,14.224,63.5
2004-12-04,14.224,60.96
2004-12-05,14.224,60.96
2004-12-06,14.224,58.42
2004-12-07,15.494,81.28
2004-12-08,18.796,96.52
2004-12-09,20.32,91.44
2004-12-10,20.32,86.36
2004-12-11,20.32,81.28
2004-12-12,20.32,78.74
2004-12-13,20.32,78.74
2004-12-14,20.32,76.2
2004-12-15,20.066,76.2
2004-12-16,19.812,76.2
2004-12-17,19.558,73.66
2004-12-18,19.304,71.12
2004-12-19,19.05,71.12
2004-12-20,18.796,71.12
2004-12-21,18.796,71.12
2004-12-22,18.542,71.12
2004-12-23,18.288,71.12
2004-12-24,18.288,71.12
2004-12-25,18.288,68.58
2004-12-26,18.288,68.58
2004-12-27,18.288,68.58
2004-12-28,18.542,71.12
2004-12-29,19.304,76.2
2004-12-30,21.844,101.6
2004-12-31,27.686,154.94
2005-01-01,30.226,154.94
2005-01-02,30.734,144.78
2005-01-03,30.988,139.7
2005-01-04,31.496,134.62
2005-01-05,31.496,132.08
2005-01-06,31.496,127.0
2005-01-07,31.496,124.46
2005-01-08,36.068,157.48
2005-01-09,40.894,180.34
2005-01-10,45.466,198.12
2005-01-11,48.26,215.9
2005-01-12,48.26,200.66
2005-01-13,48.26,193.04
2005-01-14,48.26,185.42
2005-01-15,48.26,180.34
2005-01-16,48.26,175.26
2005-01-17,48.26,170.18
2005-01-18,48.26,167.64
2005-01-19,48.26,162.56
2005-01-20,48.26,162.56
2005-01-21,48.26,157.48
2005-01-22,48.006,154.94
2005-01-23,48.006,152.4
2005-01-24,48.006,152.4
2005-01-25,48.006,149.86
2005-01-26,48.26,147.32
2005-01-27,48.768,149.86
2005-01-28,49.022,152.4
2005-01-29,50.292,162.56
2005-01-30,50.292,157.48
2005-01-31,50.292,154.94
2005-02-01,50.292,152.4
2005-02-02,50.038,149.86
2005-02-03,50.038,149.86
2005-02-04,49.784,147.32
2005-02-05,49.784,147.32
2005-02-06,49.784,144.78
2005-02-07,50.038,144.78
2005-02-08,50.038,147.32
2005-02-09,50.038,144.78
2005-02-10,50.038,144.78
2005-02-11,49.784,142.24
2005-02-12,50.038,144.78
2005-02-13,50.038,144.78
2005-02-14,50.038,144.78
2005-02-15,50.292,144.78
2005-02-16,52.578,167.64
2005-02-17,53.848,175.26
2005-02-18,54.102,170.18
2005-02-19,54.356,167.64
2005-02-20,52.07,
2005-02-21,58.674,
2005-02-22,58.674,195.58
2005-02-23,58.674,187.96
2005-02-24,58.674,185.42
2005-02-25,58.674,180.34
2005-02-26,58.674,177.8
2005-02-27,58.674,175.26
2005-02-28,59.944,187.96
2005-03-01,59.944,182.88
2005-03-02,59.944,177.8
2005-03-03,59.944,175.26
2005-03-04,59.944,172.72
2005-03-05,59.944,172.72
2005-03-06,59.944,170.18
2005-03-07,59.944,167.64
2005-03-08,59.944,165.1
2005-03-09,59.69,162.56
2005-03-10,59.436,157.48
2005-03-11,58.928,154.94
2005-03-12,58.674,152.4
2005-03-13,58.166,149.86
2005-03-14,57.404,147.32
2005-03-15,57.404,147.32
2005-03-16,57.15,147.32
2005-03-17,57.15,144.78
2005-03-18,57.15,144.78
2005-03-19,56.388,144.78
2005-03-20,59.436,177.8
2005-03-21,62.484,187.96
2005-03-22,63.754,195.58
2005-03-23,69.088,223.52
2005-03-24,69.85,218.44
2005-03-25,69.85,210.82
2005-03-26,69.85,205.74
2005-03-27,69.342,195.58
2005-03-28,71.12,210.82
2005-03-29,71.12,205.74
2005-03-30,71.12,200.66
2005-03-31,70.866,198.12
2005-04-01,70.612,193.04
2005-04-02,69.85,187.96
2005-04-03,69.342,185.42
2005-04-04,70.612,205.74
2005-04-05,70.612,195.58
2005-04-06,70.612,185.42
2005-04-07,67.056,180.34
2005-04-08,66.548,177.8
2005-04-09,67.564,193.04
2005-04-10,67.564,187.96
2005-04-11,67.564,180.34
2005-04-12,66.04,175.26
2005-04-13,63.754,172.72
2005-04-14,62.992,172.72
2005-04-15,62.23,170.18
2005-04-16,60.96,167.64
2005-04-17,58.928,165.1
2005-04-18,57.15,165.1
2005-04-19,55.372,170.18
2005-04-20,54.61,165.1
2005-04-21,54.61,157.48
2005-04-22,53.34,152.4
2005-04-23,51.308,149.86
2005-04-24,49.784,147.32
2005-04-25,47.498,142.24
2005-04-26,45.974,139.7
2005-04-27,43.942,137.16
2005-04-28,42.418,134.62
2005-04-29,40.894,132.08
2005-04-30,38.608,127.0
2005-05-01,37.084,124.46
2005-05-02,35.052,121.92
2005-05-03,33.02,116.84
2005-05-04,31.496,111.76
2005-05-05,30.226,109.22
2005-05-06,29.464,104.14
2005-05-07,29.21,104.14
2005-05-08,27.94,99.06
2005-05-09,27.94,104.14
2005-05-10,27.94,106.68
2005-05-11,27.94,104.14
2005-05-12,26.416,99.06
2005-05-13,25.146,93.98
2005-05-14,23.876,86.36
2005-05-15,21.59,81.28
2005-05-16,19.558,71.12
2005-05-17,15.24,71.12
2005-05-18,11.43,66.04
2005-05-19,7.62,58.42
2005-05-20,3.302,50.8
2005-05-21,0.0,43.18
2005-05-22,0.0,38.1
2005-05-23,0.0,30.48
2005-05-24,0.0,22.86
2005-05-25,0.0,12.7
2005-05-26,0.0,5.08
2005-05-27,0.0,2.54
2005-05-28,0.0,5.08
2005-05-29,0.0,2.54
2005-05-30,0.0,2.54
2005-05-31,0.0,2.54
2005-06-01,0.0,2.54
2005-06-02,0.0,5.08
2005-06-03,0.0,2.54
2005-06-04,0.0,0.0
2005-06-05,0.0,0.0
2005-06-06,0.0,2.54
2005-06-07,0.0,2.54
2005-06-08,0.0,2.54
2005-06-09,0.0,2.54
2005-06-10,0.0,2.54
2005-06-11,0.0,2.54
2005-06-12,0.0,2.54
2005-06-13,0.0,2.54
2005-06-14,0.0,2.54
2005-06-15,0.0,2.54
2005-06-16,0.0,2.54
2005-06-17,0.0,2.54
2005-06-18,0.0,2.54
2005-06-19,0.0,2.54
2005-06-20,0.0,2.54
2005-06-21,0.0,2.54
2005-06-22,0.0,2.54
2005-06-23,0.0,2.54
2005-06-24,0.0,2.54
2005-06-25,0.0,2.54
2005-06-26,0.0,2.54
2005-06-27,0.0,2.54
2005-06-28,0.0,2.54
2005-06-29,0.0,2.54
2005-06-30,0.0,2.54
2005-07-01,0.0,2.54
2005-07-02,0.0,2.54
2005-07-03,0.0,2.54
2005-07-04,0.0,2.54
2005-07-05,0.0,2.54
2005-07-06,0.0,2.54
2005-07-07,0.0,0.0
2005-07-08,0.0,0.0
2005-07-09,0.0,2.54
2005-07-10,0.0,2.54
2005-07-11,0.0,2.54
2005-07-12,0.0,0.0
2005-07-13,0.0,0.0
2005-07-14,0.0,2.54
2005-07-15,0.0,0.0
2005-07-16,0.0,0.0
2005-07-17,0.0,0.0
2005-07-18,0.0,0.0
2005-07-19,0.0,0.0
2005-07-20,0.0,0.0
2005-07-21,0.0,0.0
2005-07-22,0.0,0.0
2005-07-23,0.0,2.54
2005-07-24,0.0,0.0
2005-07-25,0.0,0.0
2005-07-26,0.0,0.0
2005-07-27,0.0,
2005-07-28,0.0,0.0
2005-07-29,0.0,0.0
2005-07-30,0.0,2.54
2005-07-31,0.0,2.54
2005-08-01,0.0,0.0
2005-08-02,0.0,0.0
2005-08-03,0.0,2.54
2005-08-04,0.0,2.54
2005-08-05,0.0,0.0
2005-08-06,0.0,0.0
2005-08-07,0.0,0.0
2005-08-08,0.0,
2005-08-09,0.0,2.54
2005-08-10,0.0,0.0
2005-08-11,0.0,0.0
2005-08-12,0.0,0.0
2005-08-13,0.0,0.0
2005-08-14,0.0,
2005-08-15,0.0,0.0
2005-08-16,0.0,0.0
2005-08-17,0.0,0.0
2005-08-18,0.0,0.0
2005-08-19,0.0,2.54
2005-08-20,0.0,2.54
2005-08-21,0.0,0.0
2005-08-22,0.0,0.0
2005-08-23,0.0,0.0
2005-08-24,0.0,2.54
2005-08-25,0.0,2.54
2005-08-26,0.0,2.54
2005-08-27,0.0,2.54
2005-08-28,0.0,0.0
2005-08-29,0.0,0.0
2005-08-30,0.0,
2005-08-31,0.0,2.54
2005-09-01,0.0,0.0
2005-09-02,0.0,0.0
2005-09-03,0.0,0.0
2005-09-04,0.0,2.54
2005-09-05,0.0,2.54
2005-09-06,0.0,0.0
2005-09-07,0.0,2.54
2005-09-08,0.0,2.54
2005-09-09,0.0,2.54
2005-09-10,0.0,0.0
2005-09-11,0.0,2.54
2005-09-12,0.0,2.54
2005-09-13,0.0,2.54
2005-09-14,0.0,2.54
2005-09-15,0.0,2.54
2005-09-16,0.0,2.54
2005-09-17,0.0,2.54
2005-09-18,0.0,2.54
2005-09-19,0.0,2.54
2005-09-20,0.0,0.0
2005-09-21,0.0,2.54
2005-09-22,0.0,2.54
2005-09-23,0.0,0.0
2005-09-24,0.0,2.54
2005-09-25,0.0,2.54
2005-09-26,0.0,2.54
2005-09-27,0.0,2.54
2005-09-28,0.0,2.54
2005-09-29,0.0,2.54
2005-09-30,0.0,2.54
2005-10-01,0.0,5.08
2005-10-02,0.0,5.08
2005-10-03,0.0,5.08
2005-10-04,0.0,7.62
2005-10-05,0.0,
2005-10-06,0.0,7.62
2005-10-07,0.0,7.62
2005-10-08,0.0,5.08
2005-10-09,0.0,5.08
2005-10-10,0.0,5.08
2005-10-11,0.0,5.08
2005-10-12,0.0,5.08
2005-10-13,0.0,7.62
2005-10-14,0.0,7.62
2005-10-15,0.0,7.62
2005-10-16,0.0,7.62
2005-10-17,0.0,5.08
2005-10-18,0.0,7.62
2005-10-19,0.0,7.62
2005-10-20,0.0,5.08
2005-10-21,0.0,7.62
2005-10-22,0.0,7.62
2005-10-23,0.0,5.08
2005-10-24,0.0,7.62
2005-10-25,0.0,7.62
2005-10-26,0.0,5.08
2005-10-27,0.0,7.62
2005-10-28,0.0,7.62
2005-10-29,0.0,7.62
2005-10-30,0.762,7.62
2005-10-31,0.762,7.62
2005-11-01,0.0,0.0
2005-11-02,0.0,0.0
2005-11-03,0.0,0.0
2005-11-04,0.0,0.0
2005-11-05,0.0,2.54
2005-11-06,0.0,0.0
2005-11-07,0.0,0.0
2005-11-08,0.508,0.0
2005-11-09,0.508,0.0
2005-11-10,0.508,0.0
2005-11-11,1.27,0.0
2005-11-12,1.27,0.0
2005-11-13,1.27,0.0
2005-11-14,1.27,0.0
2005-11-15,1.524,0.0
2005-11-16,1.524,0.0
2005-11-17,1.778,0.0
2005-11-18,2.032,2.54
2005-11-19,2.032,2.54
2005-11-20,2.286,0.0
2005-11-21,2.54,2.54
2005-11-22,2.54,2.54
2005-11-23,2.54,2.54
2005-11-24,2.286,2.54
2005-11-25,2.286,0.0
2005-11-26,2.286,2.54
2005-11-27,2.54,2.54
2005-11-28,3.048,2.54
2005-11-29,4.318,10.16
2005-11-30,5.08,7.62
2005-12-01,5.08,7.62
2005-12-02,11.176,33.02
2005-12-03,11.176,33.02
2005-12-04,11.176,30.48
2005-12-05,11.176,30.48
2005-12-06,10.414,27.94
2005-12-07,10.16,27.94
2005-12-08,10.16,27.94
2005-12-09,9.652,27.94
2005-12-10,9.144,27.94
2005-12-11,8.128,27.94
2005-12-12,8.128,25.4
2005-12-13,8.128,27.94
2005-12-14,8.128,27.94
2005-12-15,8.128,27.94
2005-12-16,9.144,27.94
2005-12-17,10.16,27.94
2005-12-18,12.954,60.96
2005-12-19,16.256,66.04
2005-12-20,16.256,58.42
2005-12-21,16.256,53.34
2005-12-22,16.256,53.34
2005-12-23,16.256,50.8
2005-12-24,16.256,50.8
2005-12-25,16.764,48.26
2005-12-26,17.78,63.5
2005-12-27,18.796,63.5
2005-12-28,19.304,58.42
2005-12-29,21.082,63.5
2005-12-30,21.082,63.5
2005-12-31,24.638,66.04
2006-01-01,24.638,71.12
2006-01-02,26.924,91.44
2006-01-03,30.226,119.38
2006-01-04,30.226,111.76
2006-01-05,30.226,106.68
2006-01-06,30.226,101.6
2006-01-07,30.226,99.06
2006-01-08,30.226,99.06
2006-01-09,29.972,96.52
2006-01-10,29.972,96.52
2006-01-11,29.972,96.52
2006-01-12,29.718,91.44
2006-01-13,29.718,91.44
2006-01-14,29.972,93.98
2006-01-15,33.528,127.0
2006-01-16,33.528,121.92
2006-01-17,33.528,114.3
2006-01-18,34.798,124.46
2006-01-19,34.798,127.0
2006-01-20,34.798,124.46
2006-01-21,34.798,119.38
2006-01-22,34.798,121.92
2006-01-23,34.798,121.92
2006-01-24,34.798,119.38
2006-01-25,34.798,116.84
2006-01-26,34.798,114.3
2006-01-27,34.798,114.3
2006-01-28,30.734,111.76
2006-01-29,30.48,109.22
2006-01-30,29.972,111.76
2006-01-31,29.718,119.38
2006-02-01,29.464,114.3
2006-02-02,29.21,111.76
2006-02-03,29.21,109.22
2006-02-04,29.21,106.68
2006-02-05,29.21,106.68
2006-02-06,29.21,106.68
2006-02-07,29.21,106.68
2006-02-08,29.21,104.14
2006-02-09,29.21,104.14
2006-02-10,29.21,104.14
2006-02-11,29.21,104.14
2006-02-12,29.21,101.6
2006-02-13,29.21,101.6
2006-02-14,29.21,101.6
2006-02-15,28.956,101.6
2006-02-16,28.702,104.14
2006-02-17,28.448,101.6
2006-02-18,29.21,116.84
2006-02-19,30.734,114.3
2006-02-20,30.734,111.76
2006-02-21,30.734,114.3
2006-02-22,30.734,111.76
2006-02-23,30.734,111.76
2006-02-24,30.734,109.22
2006-02-25,30.48,109.22
2006-02-26,30.226,106.68
2006-02-27,28.956,106.68
2006-02-28,32.512,114.3
2006-03-01,33.02,124.46
2006-03-02,33.274,116.84
2006-03-03,34.29,147.32
2006-03-04,36.068,154.94
2006-03-05,36.068,147.32
2006-03-06,36.068,144.78
2006-03-07,36.83,147.32
2006-03-08,37.084,147.32
2006-03-09,37.084,142.24
2006-03-10,38.354,160.02
2006-03-11,39.116,157.48
2006-03-12,39.116,152.4
2006-03-13,39.878,147.32
2006-03-14,40.894,160.02
2006-03-15,43.434,177.8
2006-03-16,44.196,165.1
2006-03-17,45.212,160.02
2006-03-18,46.228,165.1
2006-03-19,48.006,177.8
2006-03-20,48.514,170.18
2006-03-21,49.276,167.64
2006-03-22,49.784,162.56
2006-03-23,49.784,154.94
2006-03-24,50.292,149.86
2006-03-25,50.546,152.4
2006-03-26,53.086,160.02
2006-03-27,53.34,154.94
2006-03-28,53.594,152.4
2006-03-29,55.118,167.64
2006-03-30,55.372,160.02
2006-03-31,55.372,157.48
2006-04-01,56.388,170.18
2006-04-02,56.642,160.02
2006-04-03,57.912,152.4
2006-04-04,58.42,149.86
2006-04-05,60.452,167.64
2006-04-06,60.452,160.02
2006-04-07,60.198,152.4
2006-04-08,59.69,152.4
2006-04-09,58.674,147.32
2006-04-10,58.166,147.32
2006-04-11,58.674,147.32
2006-04-12,58.42,147.32
2006-04-13,57.912,142.24
2006-04-14,55.626,134.62
2006-04-15,54.61,134.62
2006-04-16,52.578,132.08
2006-04-17,56.388,170.18
2006-04-18,56.388,154.94
2006-04-19,56.388,147.32
2006-04-20,55.88,137.16
2006-04-21,55.118,132.08
2006-04-22,54.102,129.54
2006-04-23,54.102,139.7
2006-04-24,53.848,129.54
2006-04-25,52.578,127.0
2006-04-26,51.054,124.46
2006-04-27,49.022,116.84
2006-04-28,47.244,111.76
2006-04-29,45.466,106.68
2006-04-30,43.434,96.52
2006-05-01,41.402,91.44
2006-05-02,39.116,83.82
2006-05-03,36.322,76.2
2006-05-04,33.782,73.66
2006-05-05,30.48,66.04
2006-05-06,26.67,60.96
2006-05-07,22.86,55.88
2006-05-08,21.336,48.26
2006-05-09,19.812,40.64
2006-05-10,12.7,33.02
2006-05-11,8.636,25.4
2006-05-12,5.08,20.32
2006-05-13,0.0,10.16
2006-05-14,0.0,0.0
2006-05-15,0.0,-2.54
2006-05-16,0.0,-2.54
2006-05-17,0.0,0.0
2006-05-18,0.0,-2.54
2006-05-19,0.0,0.0
2006-05-20,0.0,0.0
2006-05-21,0.0,0.0
2006-05-22,0.0,0.0
2006-05-23,0.0,0.0
2006-05-24,0.0,0.0
2006-05-25,0.0,0.0
2006-05-26,0.0,-2.54
2006-05-27,0.0,0.0
2006-05-28,0.0,0.0
2006-05-29,0.0,0.0
2006-05-30,0.0,0.0
2006-05-31,0.0,-2.54
2006-06-01,0.0,0.0
2006-06-02,0.0,-2.54
2006-06-03,0.0,-2.54
2006-06-04,0.0,-2.54
2006-06-05,0.0,0.0
2006-06-06,0.0,-2.54
2006-06-07,0.0,-2.54
2006-06-08,0.0,-2.54
2006-06-09,0.0,-2.54
2006-06-10,0.0,-2.54
2006-06-11,0.0,-2.54
2006-06-12,0.0,-2.54
2006-06-13,0.0,
2006-06-14,0.0,
2006-06-15,0.0,
2006-06-16,0.0,-2.54
2006-06-17,0.0,-2.54
2006-06-18,0.0,-2.54
2006-06-19,0.0,-2.54
2006-06-20,0.0,
2006-06-21,0.0,
2006-06-22,0.0,-2.54
2006-06-23,0.0,-2.54
2006-06-24,0.0,-2.54
2006-06-25,0.0,-2.54
2006-06-26,0.0,-5.08
2006-06-27,0.0,-2.54
2006-06-28,0.0,-5.08
2006-06-29,0.0,-5.08
2006-06-30,0.0,-2.54
2006-07-01,0.0,-2.54
2006-07-02,0.0,-2.54
2006-07-03,0.0,-2.54
2006-07-04,0.0,-2.54
2006-07-05,0.0,-2.54
2006-07-06,0.0,-2.54
2006-07-07,0.0,
2006-07-08,0.0,-2.54
2006-07-09,0.0,-2.54
2006-07-10,0.0,-2.54
2006-07-11,0.0,-2.54
2006-07-12,0.0,-5.08
2006-07-13,0.0,-2.54
2006-07-14,0.0,-2.54
2006-07-15,0.0,-2.54
2006-07-16,0.0,-2.54
2006-07-17,0.0,-2.54
2006-07-18,0.0,-5.08
2006-07-19,0.0,-2.54
2006-07-20,0.0,-2.54
2006-07-21,0.0,-5.08
2006-07-22,0.0,-2.54
2006-07-23,0.0,-5.08
2006-07-24,0.0,-2.54
2006-07-25,0.0,-2.54
2006-07-26,0.0,-2.54
2006-07-27,0.0,-5.08
2006-07-28,0.0,-2.54
2006-07-29,0.0,-2.54
2006-07-30,0.0,-2.54
2006-07-31,0.0,-2.54
2006-08-01,0.0,0.0
2006-08-02,0.0,-2.54
2006-08-03,0.0,-2.54
2006-08-04,0.0,-2.54
2006-08-05,0.0,-2.54
2006-08-06,0.0,-2.54
2006-08-07,0.0,-2.54
2006-08-08,0.0,-2.54
2006-08-09,0.0,-2.54
2006-08-10,0.0,-2.54
2006-08-11,0.0,-2.54
2006-08-12,0.0,-2.54
2006-08-13,0.0,
2006-08-14,0.0,-2.54
2006-08-15,0.0,-2.54
2006-08-16,0.0,-2.54
2006-08-17,0.0,-2.54
2006-08-18,0.0,-2.54
2006-08-19,0.0,-2.54
2006-08-20,0.0,-2.54
2006-08-21,0.0,-2.54
2006-08-22,0.0,-2.54
2006-08-23,0.0,-2.54
2006-08-24,0.0,-2.54
2006-08-25,0.0,-2.54
2006-08-26,0.0,-2.54
2006-08-27,0.0,-2.54
2006-08-28,0.0,-2.54
2006-08-29,0.0,-5.08
2006-08-30,0.0,-2.54
2006-08-31,0.0,-2.54
2006-09-01,0.0,-2.54
2006-09-02,0.0,-2.54
2006-09-03,0.0,-2.54
2006-09-04,0.0,-2.54
2006-09-05,0.0,-2.54
2006-09-06,0.0,-2.54
2006-09-07,0.0,-2.54
2006-09-08,0.0,-2.54
2006-09-09,0.0,-2.54
2006-09-10,0.0,-2.54
2006-09-11,0.0,-2.54
2006-09-12,0.0,-2.54
2006-09-13,0.0,-2.54
2006-09-14,0.0,-2.54
2006-09-15,0.0,-2.54
2006-09-16,0.0,0.0
2006-09-17,0.0,0.0
2006-09-18,0.0,-2.54
2006-09-19,0.0,-2.54
2006-09-20,0.0,0.0
2006-09-21,0.0,0.0
2006-09-22,0.0,0.0
2006-09-23,0.0,0.0
2006-09-24,0.0,0.0
2006-09-25,0.0,-2.54
2006-09-26,0.0,-2.54
2006-09-27,0.0,-2.54
2006-09-28,0.0,-2.54
2006-09-29,0.0,-2.54
2006-09-30,0.0,-2.54
2006-10-01,0.0,-2.54
2006-10-02,0.0,-2.54
2006-10-03,0.0,0.0
2006-10-04,0.0,0.0
2006-10-05,0.0,0.0
2006-10-06,0.0,0.0
2006-10-07,0.0,0.0
2006-10-08,0.0,0.0
2006-10-09,0.0,0.0
2006-10-10,0.0,0.0
2006-10-11,0.0,0.0
2006-10-12,0.0,0.0
2006-10-13,0.0,0.0
2006-10-14,0.0,0.0
2006-10-15,0.0,0.0
2006-10-16,0.0,0.0
2006-10-17,0.0,0.0
2006-10-18,0.0,2.54
2006-10-19,0.0,0.0
2006-10-20,0.0,0.0
2006-10-21,0.0,2.54
2006-10-22,0.0,0.0
2006-10-23,0.0,0.0
2006-10-24,0.0,0.0
2006-10-25,0.0,0.0
2006-10-26,0.0,0.0
2006-10-27,0.0,0.0
2006-10-28,0.0,0.0
2006-10-29,0.0,0.0
2006-10-30,0.0,0.0
2006-10-31,0.0,0.0
2006-11-01,0.0,0.0
2006-11-02,0.0,0.0
2006-11-03,0.0,0.0
2006-11-04,0.0,0.0
2006-11-05,0.0,0.0
2006-11-06,0.0,0.0
2006-11-07,0.0,0.0
2006-11-08,0.0,0.0
2006-11-09,0.0,2.54
2006-11-10,0.0,2.54
2006-11-11,0.0,2.54
2006-11-12,0.0,5.08
2006-11-13,0.0,7.62
2006-11-14,0.0,2.54
2006-11-15,0.0,2.54
2006-11-16,0.0,0.0
2006-11-17,0.0,0.0
2006-11-18,0.0,0.0
2006-11-19,0.0,0.0
2006-11-20,0.0,0.0
2006-11-21,0.0,0.0
2006-11-22,0.0,0.0
2006-11-23,0.0,2.54
2006-11-24,4.064,2.54
2006-11-25,5.334,2.54
2006-11-26,6.096,5.08
2006-11-27,6.096,7.62
2006-11-28,6.096,7.62
2006-11-29,7.62,7.62
2006-11-30,7.62,7.62
2006-12-01,7.62,7.62
2006-12-02,7.62,7.62
2006-12-03,7.62,7.62
2006-12-04,7.62,10.16
2006-12-05,7.62,10.16
2006-12-06,7.874,7.62
2006-12-07,8.382,7.62
2006-12-08,8.89,10.16
2006-12-09,9.144,10.16
2006-12-10,10.414,20.32
2006-12-11,10.414,20.32
2006-12-12,10.414,15.24
2006-12-13,10.414,15.24
2006-12-14,10.414,12.7
2006-12-15,10.414,15.24
2006-12-16,10.414,27.94
2006-12-17,10.414,27.94
2006-12-18,10.414,25.4
2006-12-19,10.414,25.4
2006-12-20,10.668,22.86
2006-12-21,10.922,30.48
2006-12-22,12.7,30.48
2006-12-23,12.192,30.48
2006-12-24,12.192,27.94
2006-12-25,12.192,27.94
2006-12-26,12.192,35.56
2006-12-27,13.462,45.72
2006-12-28,13.462,45.72
2006-12-29,13.462,43.18
2006-12-30,13.462,40.64
2006-12-31,13.462,38.1
2007-01-01,13.462,38.1
2007-01-02,13.462,38.1
2007-01-03,13.462,35.56
2007-01-04,13.716,58.42
2007-01-05,17.018,66.04
2007-01-06,17.018,55.88
2007-01-07,17.018,50.8
2007-01-08,17.018,50.8
2007-01-09,17.018,50.8
2007-01-10,17.018,50.8
2007-01-11,17.018,55.88
2007-01-12,17.018,55.88
2007-01-13,17.018,58.42
2007-01-14,17.018,55.88
2007-01-15,17.018,55.88
2007-01-16,17.018,53.34
2007-01-17,17.018,53.34
2007-01-18,17.018,53.34
2007-01-19,17.018,53.34
2007-01-20,17.018,53.34
2007-01-21,17.018,53.34
2007-01-22,17.018,50.8
2007-01-23,17.018,50.8
2007-01-24,17.018,50.8
2007-01-25,17.018,50.8
2007-01-26,17.272,50.8
2007-01-27,17.272,50.8
2007-01-28,17.272,50.8
2007-01-29,17.272,50.8
2007-01-30,17.272,50.8
2007-01-31,17.272,50.8
2007-02-01,17.272,50.8
2007-02-02,17.272,50.8
2007-02-03,17.272,50.8
2007-02-04,17.272,48.26
2007-02-05,17.272,48.26
2007-02-06,17.272,48.26
2007-02-07,17.272,45.72
2007-02-08,17.272,50.8
2007-02-09,17.78,50.8
2007-02-10,18.288,50.8
2007-02-11,20.574,66.04
2007-02-12,21.336,66.04
2007-02-13,21.59,71.12
2007-02-14,22.098,71.12
2007-02-15,22.352,66.04
2007-02-16,22.098,63.5
2007-02-17,22.098,60.96
2007-02-18,22.098,60.96
2007-02-19,22.098,63.5
2007-02-20,22.098,63.5
2007-02-21,22.352,60.96
2007-02-22,22.352,81.28
2007-02-23,24.892,83.82
2007-02-24,24.638,81.28
2007-02-25,26.416,104.14
2007-02-26,28.448,139.7
2007-02-27,33.782,157.48
2007-02-28,33.528,139.7
2007-03-01,33.528,132.08
2007-03-02,33.528,121.92
2007-03-03,33.528,119.38
2007-03-04,33.274,114.3
2007-03-05,33.02,106.68
2007-03-06,32.512,
2007-03-07,32.512,99.06
2007-03-08,32.512,99.06
2007-03-09,32.512,96.52
2007-03-10,32.512,96.52
2007-03-11,32.512,96.52
2007-03-12,32.512,91.44
2007-03-13,32.258,86.36
2007-03-14,32.004,83.82
2007-03-15,31.242,81.28
2007-03-16,29.718,78.74
2007-03-17,27.94,73.66
2007-03-18,26.416,73.66
2007-03-19,24.892,71.12
2007-03-20,24.13,68.58
2007-03-21,24.892,78.74
2007-03-22,24.892,78.74
2007-03-23,24.892,73.66
2007-03-24,23.368,71.12
2007-03-25,22.098,68.58
2007-03-26,20.32,86.36
2007-03-27,21.336,86.36
2007-03-28,21.59,83.82
2007-03-29,21.59,78.74
2007-03-30,21.59,76.2
2007-03-31,21.082,71.12
2007-04-01,19.812,71.12
2007-04-02,18.034,66.04
2007-04-03,15.494,63.5
2007-04-04,13.716,60.96
2007-04-05,12.192,55.88
2007-04-06,10.922,55.88
2007-04-07,9.652,53.34
2007-04-08,7.874,48.26
2007-04-09,5.588,45.72
2007-04-10,3.048,43.18
2007-04-11,0.762,38.1
2007-04-12,0.0,48.26
2007-04-13,0.0,48.26
2007-04-14,0.0,40.64
2007-04-15,0.0,53.34
2007-04-16,0.0,53.34
2007-04-17,0.0,43.18
2007-04-18,0.0,45.72
2007-04-19,0.0,43.18
2007-04-20,0.0,45.72
2007-04-21,0.0,45.72
2007-04-22,0.0,48.26
2007-04-23,0.0,43.18
2007-04-24,0.0,40.64
2007-04-25,0.0,35.56
2007-04-26,0.0,30.48
2007-04-27,0.0,22.86
2007-04-28,0.0,15.24
2007-04-29,0.0,7.62
2007-04-30,0.0,0.0
2007-05-01,0.0,0.0
2007-05-02,0.0,0.0
2007-05-03,0.0,0.0
2007-05-04,0.0,2.54
2007-05-05,0.0,0.0
2007-05-06,0.0,2.54
2007-05-07,0.0,0.0
2007-05-08,0.0,0.0
2007-05-09,0.0,0.0
2007-05-10,0.0,0.0
2007-05-11,0.0,0.0
2007-05-12,0.0,0.0
2007-05-13,0.0,0.0
2007-05-14,0.0,0.0
2007-05-15,0.0,0.0
2007-05-16,0.0,0.0
2007-05-17,0.0,0.0
2007-05-18,0.0,0.0
2007-05-19,0.0,0.0
2007-05-20,0.0,0.0
2007-05-21,0.0,0.0
2007-05-22,0.0,0.0
2007-05-23,0.0,0.0
2007-05-24,0.0,0.0
2007-05-25,0.0,0.0
2007-05-26,0.0,0.0
2007-05-27,0.0,0.0
2007-05-28,0.0,0.0
2007-05-29,0.0,0.0
2007-05-30,0.0,0.0
2007-05-31,0.0,0.0
2007-06-01,0.0,-2.54
2007-06-02,0.0,-2.54
2007-06-03,0.0,
2007-06-04,0.0,-2.54
2007-06-05,0.0,0.0
2007-06-06,0.0,0.0
2007-06-07,0.0,0.0
2007-06-08,0.0,0.0
2007-06-09,0.0,0.0
2007-06-10,0.0,0.0
2007-06-11,0.0,0.0
2007-06-12,0.0,0.0
2007-06-13,0.0,-2.54
2007-06-14,0.0,2.54
2007-06-15,0.0,-2.54
2007-06-16,0.0,-2.54
2007-06-17,0.0,0.0
2007-06-18,0.0,
2007-06-19,0.0,-5.08
2007-06-20,0.0,-2.54
2007-06-21,0.0,-2.54
2007-06-22,0.0,0.0
2007-06-23,0.0,0.0
2007-06-24,0.0,-2.54
2007-06-25,0.0,0.0
2007-06-26,0.0,0.0
2007-06-27,0.0,0.0
2007-06-28,0.0,0.0
2007-06-29,0.0,0.0
2007-06-30,0.0,0.0
2007-07-01,0.0,0.0
2007-07-02,0.0,0.0
2007-07-03,0.0,0.0
2007-07-04,0.0,2.54
2007-07-05,0.0,2.54
2007-07-06,0.0,5.08
2007-07-07,0.0,7.62
2007-07-08,0.0,10.16
2007-07-09,0.0,10.16
2007-07-10,0.0,10.16
2007-07-11,0.0,12.7
2007-07-12,0.0,10.16
2007-07-13,0.0,15.24
2007-07-14,0.0,12.7
2007-07-15,0.0,15.24
2007-07-16,0.0,20.32
2007-07-17,0.0,20.32
2007-07-18,0.0,20.32
2007-07-19,0.0,22.86
2007-07-20,0.0,17.78
2007-07-21,0.0,25.4
2007-07-22,0.0,22.86
2007-07-23,0.0,20.32
2007-07-24,0.0,27.94
2007-07-25,0.0,27.94
2007-07-26,0.0,30.48
2007-07-27,0.0,30.48
2007-07-28,0.0,30.48
2007-07-29,0.0,33.02
2007-07-30,0.0,33.02
2007-07-31,0.0,33.02
2007-08-01,0.0,33.02
2007-08-02,0.0,33.02
2007-08-03,0.0,35.56
2007-08-04,0.0,33.02
2007-08-05,0.0,35.56
2007-08-06,0.0,35.56
2007-08-07,0.0,38.1
2007-08-08,0.0,35.56
2007-08-09,0.0,38.1
2007-08-10,0.0,35.56
2007-08-11,0.0,38.1
2007-08-12,0.0,33.02
2007-08-13,0.0,35.56
2007-08-14,0.0,35.56
2007-08-15,0.0,35.56
2007-08-16,0.0,35.56
2007-08-17,0.0,35.56
2007-08-18,0.0,33.02
2007-08-19,0.0,35.56
2007-08-20,0.0,33.02
2007-08-21,0.0,33.02
2007-08-22,0.0,33.02
2007-08-23,0.0,33.02
2007-08-24,0.0,35.56
2007-08-25,0.0,35.56
2007-08-26,0.0,30.48
2007-08-27,0.0,30.48
2007-08-28,0.0,30.48
2007-08-29,0.0,30.48
2007-08-30,0.0,30.48
2007-08-31,0.0,30.48
2007-09-01,0.0,33.02
2007-09-02,0.0,30.48
2007-09-03,0.0,33.02
2007-09-04,0.0,33.02
2007-09-05,0.0,33.02
2007-09-06,0.0,33.02
2007-09-07,0.0,33.02
2007-09-08,0.0,33.02
2007-09-09,0.0,35.56
2007-09-10,0.0,35.56
2007-09-11,0.0,35.56
2007-09-12,0.0,294.64
2007-09-13,0.0,
2007-09-14,0.0,-2.54
2007-09-15,0.0,
2007-09-16,0.0,
2007-09-17,0.0,
2007-09-18,0.0,
2007-09-19,0.0,
2007-09-20,0.0,0.0
2007-09-21,0.0,
2007-09-22,0.0,
2007-09-23,0.0,
2007-09-24,0.0,
2007-09-25,0.0,
2007-09-26,0.0,
2007-09-27,0.0,
2007-09-28,0.0,
2007-09-29,0.0,
2007-09-30,0.0,
2007-10-01,0.0,
2007-10-02,0.0,
2007-10-03,0.0,
2007-10-04,0.0,
2007-10-05,0.0,-2.54
2007-10-06,0.0,
2007-10-07,0.0,
2007-10-08,0.0,
2007-10-09,0.0,2.54
2007-10-10,0.0,2.54
2007-10-11,0.0,2.54
2007-10-12,0.0,2.54
2007-10-13,0.0,2.54
2007-10-14,0.0,5.08
2007-10-15,0.0,2.54
2007-10-16,0.0,2.54
2007-10-17,0.0,2.54
2007-10-18,0.0,2.54
2007-10-19,0.0,2.54
2007-10-20,0.0,2.54
2007-10-21,0.0,5.08
2007-10-22,0.0,2.54
2007-10-23,0.0,2.54
2007-10-24,0.0,2.54
2007-10-25,0.0,2.54
2007-10-26,0.0,2.54
2007-10-27,0.0,2.54
2007-10-28,0.0,2.54
2007-10-29,0.0,2.54
2007-10-30,0.0,2.54
2007-10-31,0.0,2.54
2007-11-01,0.0,2.54
2007-11-02,0.0,5.08
2007-11-03,0.0,5.08
2007-11-04,0.0,5.08
2007-11-05,0.0,2.54
2007-11-06,0.0,2.54
2007-11-07,0.0,2.54
2007-11-08,0.0,2.54
2007-11-09,0.0,2.54
2007-11-10,0.0,2.54
2007-11-11,0.0,2.54
2007-11-12,0.0,5.08
2007-11-13,0.0,2.54
2007-11-14,0.0,2.54
2007-11-15,0.0,2.54
2007-11-16,0.0,2.54
2007-11-17,0.0,2.54
2007-11-18,0.0,2.54
2007-11-19,0.0,2.54
2007-11-20,0.0,2.54
2007-11-21,0.0,2.54
2007-11-22,0.0,2.54
2007-11-23,0.0,5.08
2007-11-24,0.0,5.08
2007-11-25,0.0,2.54
2007-11-26,0.0,5.08
2007-11-27,0.0,2.54
2007-11-28,0.0,5.08
2007-11-29,0.0,2.54
2007-11-30,0.0,2.54
2007-12-01,0.0,5.08
2007-12-02,0.0,2.54
2007-12-03,0.0,2.54
2007-12-04,0.0,2.54
2007-12-05,0.0,2.54
2007-12-06,0.254,12.7
2007-12-07,3.302,30.48
2007-12-08,3.556,35.56
2007-12-09,4.318,30.48
2007-12-10,4.318,27.94
2007-12-11,4.572,27.94
2007-12-12,4.572,27.94
2007-12-13,4.572,27.94
2007-12-14,4.572,25.4
2007-12-15,5.08,25.4
2007-12-16,4.826,25.4
2007-12-17,5.334,27.94
2007-12-18,5.588,38.1
2007-12-19,6.604,38.1
2007-12-20,8.128,50.8
2007-12-21,8.89,50.8
2007-12-22,8.89,45.72
2007-12-23,9.398,43.18
2007-12-24,9.652,43.18
2007-12-25,9.144,43.18
2007-12-26,9.398,40.64
2007-12-27,8.89,40.64
2007-12-28,9.652,40.64
2007-12-29,9.652,40.64
2007-12-30,9.906,40.64
2007-12-31,9.398,40.64
2008-01-01,9.398,40.64
2008-01-02,9.652,38.1
2008-01-03,9.906,35.56
2008-01-04,10.16,43.18
2008-01-05,17.78,129.54
2008-01-06,24.13,137.16
2008-01-07,24.13,
2008-01-08,24.384,
2008-01-09,26.67,116.84
2008-01-10,26.67,114.3
2008-01-11,26.67,109.22
2008-01-12,26.67,104.14
2008-01-13,26.67,101.6
2008-01-14,26.67,99.06
2008-01-15,26.67,99.06
2008-01-16,26.416,96.52
2008-01-17,26.162,96.52
2008-01-18,26.162,93.98
2008-01-19,26.162,91.44
2008-01-20,26.67,91.44
2008-01-21,26.67,93.98
2008-01-22,26.924,93.98
2008-01-23,27.432,99.06
2008-01-24,27.686,99.06
2008-01-25,28.194,99.06
2008-01-26,28.194,96.52
2008-01-27,29.21,137.16
2008-01-28,34.544,152.4
2008-01-29,34.544,142.24
2008-01-30,35.56,139.7
2008-01-31,35.56,142.24
2008-02-01,37.084,144.78
2008-02-02,37.084,149.86
2008-02-03,40.894,175.26
2008-02-04,41.656,170.18
2008-02-05,41.656,165.1
2008-02-06,41.91,154.94
2008-02-07,41.91,149.86
2008-02-08,41.656,144.78
2008-02-09,41.656,142.24
2008-02-10,41.402,139.7
2008-02-11,41.402,134.62
2008-02-12,41.148,134.62
2008-02-13,40.894,129.54
2008-02-14,40.386,129.54
2008-02-15,40.132,127.0
2008-02-16,40.132,127.0
2008-02-17,40.132,121.92
2008-02-18,40.386,121.92
2008-02-19,40.386,121.92
2008-02-20,41.148,121.92
2008-02-21,40.894,127.0
2008-02-22,42.926,149.86
2008-02-23,43.942,162.56
2008-02-24,49.53,213.36
2008-02-25,52.578,208.28
2008-02-26,52.578,193.04
2008-02-27,53.086,180.34
2008-02-28,53.086,167.64
2008-02-29,53.086,167.64
2008-03-01,53.594,157.48
2008-03-02,53.34,154.94
2008-03-03,53.594,157.48
2008-03-04,54.102,154.94
2008-03-05,54.102,152.4
2008-03-06,54.102,149.86
2008-03-07,54.356,147.32
2008-03-08,54.356,144.78
2008-03-09,54.356,142.24
2008-03-10,54.356,142.24
2008-03-11,53.594,137.16
2008-03-12,53.34,134.62
2008-03-13,53.34,132.08
2008-03-14,52.832,132.08
2008-03-15,52.07,137.16
2008-03-16,52.07,
2008-03-17,52.07,142.24
2008-03-18,53.34,139.7
2008-03-19,53.34,134.62
2008-03-20,52.324,132.08
2008-03-21,52.07,132.08
2008-03-22,51.816,132.08
2008-03-23,51.562,129.54
2008-03-24,51.054,129.54
2008-03-25,50.292,127.0
2008-03-26,49.53,127.0
2008-03-27,49.53,124.46
2008-03-28,49.022,124.46
2008-03-29,48.006,121.92
2008-03-30,48.006,119.38
2008-03-31,46.736,119.38
2008-04-01,46.736,116.84
2008-04-02,45.212,116.84
2008-04-03,44.196,114.3
2008-04-04,43.434,111.76
2008-04-05,41.656,111.76
2008-04-06,39.878,109.22
2008-04-07,37.846,106.68
2008-04-08,36.322,106.68
2008-04-09,35.052,106.68
2008-04-10,33.528,101.6
2008-04-11,31.496,99.06
2008-04-12,28.702,99.06
2008-04-13,25.4,93.98
2008-04-14,22.098,91.44
2008-04-15,18.288,88.9
2008-04-16,16.256,88.9
2008-04-17,14.986,86.36
2008-04-18,13.208,86.36
2008-04-19,11.43,78.74
2008-04-20,8.636,76.2
2008-04-21,6.604,76.2
2008-04-22,6.35,76.2
2008-04-23,5.588,71.12
2008-04-24,4.064,71.12
2008-04-25,3.556,71.12
2008-04-26,2.032,66.04
2008-04-27,0.762,60.96
2008-04-28,0.508,58.42
2008-04-29,0.0,53.34
2008-04-30,0.0,50.8
2008-05-01,0.0,45.72
2008-05-02,0.0,43.18
2008-05-03,0.0,40.64
2008-05-04,0.0,35.56
2008-05-05,0.0,35.56
2008-05-06,0.0,30.48
2008-05-07,0.0,25.4
2008-05-08,0.0,20.32
2008-05-09,0.0,15.24
2008-05-10,0.0,10.16
2008-05-11,0.0,5.08
2008-05-12,0.0,2.54
2008-05-13,0.0,2.54
2008-05-14,0.0,2.54
2008-05-15,0.0,0.0
2008-05-16,0.0,0.0
2008-05-17,0.0,2.54
2008-05-18,0.0,0.0
2008-05-19,0.0,2.54
2008-05-20,0.0,0.0
2008-05-21,0.0,0.0
2008-05-22,0.0,2.54
2008-05-23,0.0,2.54
2008-05-24,0.0,0.0
2008-05-25,0.0,5.08
2008-05-26,0.762,10.16
2008-05-27,0.254,2.54
2008-05-28,0.0,2.54
2008-05-29,0.0,2.54
2008-05-30,0.0,2.54
2008-05-31,0.0,2.54
2008-06-01,0.0,
2008-06-02,0.0,2.54
2008-06-03,0.0,2.54
2008-06-04,0.0,2.54
2008-06-05,0.0,2.54
2008-06-06,0.0,0.0
2008-06-07,0.0,2.54
2008-06-08,0.0,2.54
2008-06-09,0.0,2.54
2008-06-10,0.0,0.0
2008-06-11,0.0,2.54
2008-06-12,0.0,2.54
2008-06-13,0.0,2.54
2008-06-14,0.0,0.0
2008-06-15,0.0,0.0
2008-06-16,0.0,0.0
2008-06-17,0.0,0.0
2008-06-18,0.0,0.0
2008-06-19,0.0,0.0
2008-06-20,0.0,0.0
2008-06-21,0.0,0.0
2008-06-22,0.0,0.0
2008-06-23,0.0,0.0
2008-06-24,0.0,0.0
2008-06-25,0.0,0.0
2008-06-26,0.0,0.0
2008-06-27,0.0,0.0
2008-06-28,0.0,0.0
2008-06-29,0.0,0.0
2008-06-30,0.0,0.0
2008-07-01,0.0,0.0
2008-07-02,0.0,0.0
2008-07-03,0.0,0.0
2008-07-04,0.0,0.0
2008-07-05,0.0,0.0
2008-07-06,0.0,0.0
2008-07-07,0.0,0.0
2008-07-08,0.0,0.0
2008-07-09,0.0,0.0
2008-07-10,0.0,0.0
2008-07-11,0.0,0.0
2008-07-12,0.0,
2008-07-13,0.0,
2008-07-14,0.0,0.0
2008-07-15,0.0,0.0
2008-07-16,0.0,-2.54
2008-07-17,0.0,0.0
2008-07-18,0.0,0.0
2008-07-19,0.0,0.0
2008-07-20,0.0,0.0
2008-07-21,0.0,-2.54
2008-07-22,0.0,0.0
2008-07-23,0.0,0.0
2008-07-24,0.0,0.0
2008-07-25,0.0,0.0
2008-07-26,0.0,0.0
2008-07-27,0.0,0.0
2008-07-28,0.0,0.0
2008-07-29,0.0,0.0
2008-07-30,0.0,0.0
2008-07-31,0.0,0.0
2008-08-01,0.0,0.0
2008-08-02,0.0,0.0
2008-08-03,0.0,0.0
2008-08-04,0.0,0.0
2008-08-05,0.0,0.0
2008-08-06,0.0,-2.54
2008-08-07,0.0,-2.54
2008-08-08,0.0,-2.54
2008-08-09,0.0,0.0
2008-08-10,0.0,0.0
2008-08-11,0.0,0.0
2008-08-12,0.0,-2.54
2008-08-13,0.0,0.0
2008-08-14,0.0,0.0
2008-08-15,0.0,-2.54
2008-08-16,0.0,-2.54
2008-08-17,0.0,0.0
2008-08-18,0.0,0.0
2008-08-19,0.0,-2.54
2008-08-20,0.0,0.0
2008-08-21,0.0,-2.54
2008-08-22,0.0,-2.54
2008-08-23,0.0,-2.54
2008-08-24,0.0,-2.54
2008-08-25,0.0,-2.54
2008-08-26,0.0,0.0
2008-08-27,0.0,0.0
2008-08-28,0.0,0.0
2008-08-29,0.0,0.0
2008-08-30,0.0,-2.54
2008-08-31,0.0,0.0
2008-09-01,0.0,2.54
2008-09-02,0.0,0.0
2008-09-03,0.0,0.0
2008-09-04,0.0,0.0
2008-09-05,0.0,0.0
2008-09-06,0.0,0.0
2008-09-07,0.0,0.0
2008-09-08,0.0,0.0
2008-09-09,0.0,0.0
2008-09-10,0.0,0.0
2008-09-11,0.0,0.0
2008-09-12,0.0,0.0
2008-09-13,0.0,0.0
2008-09-14,0.0,0.0
2008-09-15,0.0,0.0
2008-09-16,0.0,0.0
2008-09-17,0.0,0.0
2008-09-18,0.0,0.0
2008-09-19,0.0,0.0
2008-09-20,0.0,0.0
2008-09-21,0.0,0.0
2008-09-22,0.0,2.54
2008-09-23,0.0,0.0
2008-09-24,0.0,0.0
2008-09-25,0.0,0.0
2008-09-26,0.0,0.0
2008-09-27,0.0,0.0
2008-09-28,0.0,0.0
2008-09-29,0.0,0.0
2008-09-30,0.0,0.0
2008-10-01,0.0,0.0
2008-10-02,0.0,0.0
2008-10-03,0.0,0.0
2008-10-04,0.0,2.54
2008-10-05,0.0,2.54
2008-10-06,0.0,2.54
2008-10-07,0.0,2.54
2008-10-08,0.0,2.54
2008-10-09,0.0,2.54
2008-10-10,0.0,10.16
2008-10-11,0.0,12.7
2008-10-12,0.0,10.16
2008-10-13,0.0,7.62
2008-10-14,0.0,5.08
2008-10-15,0.0,5.08
2008-10-16,0.0,2.54
2008-10-17,0.0,2.54
2008-10-18,0.0,2.54
2008-10-19,0.0,2.54
2008-10-20,0.0,2.54
2008-10-21,0.0,2.54
2008-10-22,0.0,2.54
2008-10-23,0.0,2.54
2008-10-24,0.0,2.54
2008-10-25,0.0,2.54
2008-10-26,0.0,2.54
2008-10-27,0.0,2.54
2008-10-28,0.0,2.54
2008-10-29,0.0,2.54
2008-10-30,0.0,2.54
2008-10-31,0.254,2.54
2008-11-01,0.254,2.54
2008-11-02,0.508,5.08
2008-11-03,0.762,20.32
2008-11-04,3.048,25.4
2008-11-05,3.048,22.86
2008-11-06,3.048,17.78
2008-11-07,3.048,15.24
2008-11-08,3.048,12.7
2008-11-09,3.048,12.7
2008-11-10,3.048,12.7
2008-11-11,3.048,12.7
2008-11-12,2.794,10.16
2008-11-13,2.794,10.16
2008-11-14,2.794,10.16
2008-11-15,2.794,7.62
2008-11-16,3.556,7.62
2008-11-17,3.048,5.08
2008-11-18,2.794,5.08
2008-11-19,2.54,5.08
2008-11-20,1.778,5.08
2008-11-21,0.508,5.08
2008-11-22,0.0,5.08
2008-11-23,0.0,5.08
2008-11-24,0.0,5.08
2008-11-25,0.254,5.08
2008-11-26,2.032,7.62
2008-11-27,2.794,10.16
2008-11-28,2.54,10.16
2008-11-29,1.27,10.16
2008-11-30,1.27,10.16
2008-12-01,1.016,10.16
2008-12-02,0.762,10.16
2008-12-03,0.254,10.16
2008-12-04,0.0,10.16
2008-12-05,0.0,10.16
2008-12-06,0.0,10.16
2008-12-07,0.0,10.16
2008-12-08,0.0,10.16
2008-12-09,0.0,10.16
2008-12-10,0.0,10.16
2008-12-11,0.0,10.16
2008-12-12,0.0,10.16
2008-12-13,0.0,12.7
2008-12-14,0.254,15.24
2008-12-15,2.032,58.42
2008-12-16,5.334,58.42
2008-12-17,5.588,48.26
2008-12-18,5.842,43.18
2008-12-19,6.858,40.64
2008-12-20,7.366,40.64
2008-12-21,7.62,38.1
2008-12-22,9.144,43.18
2008-12-23,9.906,53.34
2008-12-24,10.16,50.8
2008-12-25,12.7,93.98
2008-12-26,15.24,88.9
2008-12-27,15.494,81.28
2008-12-28,16.002,73.66
2008-12-29,16.256,71.12
2008-12-30,16.256,66.04
2008-12-31,16.256,66.04
2009-01-01,16.51,63.5
2009-01-02,17.272,71.12
2009-01-03,18.034,71.12
2009-01-04,17.526,68.58
2009-01-05,18.034,66.04
2009-01-06,18.288,63.5
2009-01-07,18.288,60.96
2009-01-08,18.542,60.96
2009-01-09,18.034,60.96
2009-01-10,18.034,58.42
2009-01-11,18.034,58.42
2009-01-12,18.034,58.42
2009-01-13,18.288,58.42
2009-01-14,18.542,58.42
2009-01-15,18.542,58.42
2009-01-16,18.542,58.42
2009-01-17,18.542,58.42
2009-01-18,18.542,58.42
2009-01-19,18.542,58.42
2009-01-20,18.542,55.88
2009-01-21,18.796,55.88
2009-01-22,19.558,58.42
2009-01-23,20.32,58.42
2009-01-24,22.606,81.28
2009-01-25,24.13,86.36
2009-01-26,24.13,81.28
2009-01-27,24.13,76.2
2009-01-28,24.13,76.2
2009-01-29,24.13,73.66
2009-01-30,24.13,73.66
2009-01-31,24.13,73.66
2009-02-01,24.13,71.12
2009-02-02,24.13,71.12
2009-02-03,23.876,68.58
2009-02-04,23.114,68.58
2009-02-05,22.098,68.58
2009-02-06,21.844,81.28
2009-02-07,23.114,93.98
2009-02-08,23.876,101.6
2009-02-09,24.892,109.22
2009-02-10,24.892,106.68
2009-02-11,25.146,114.3
2009-02-12,25.146,111.76
2009-02-13,25.654,106.68
2009-02-14,26.924,109.22
2009-02-15,27.178,109.22
2009-02-16,27.686,116.84
2009-02-17,29.21,124.46
2009-02-18,29.464,121.92
2009-02-19,29.464,116.84
2009-02-20,29.21,114.3
2009-02-21,29.21,111.76
2009-02-22,29.464,106.68
2009-02-23,31.242,111.76
2009-02-24,31.75,109.22
2009-02-25,31.496,106.68
2009-02-26,31.496,106.68
2009-02-27,31.496,106.68
2009-02-28,31.242,106.68
2009-03-01,31.496,109.22
2009-03-02,33.02,119.38
2009-03-03,37.592,154.94
2009-03-04,41.402,185.42
2009-03-05,42.418,167.64
2009-03-06,42.926,160.02
2009-03-07,42.672,154.94
2009-03-08,42.672,147.32
2009-03-09,42.926,144.78
2009-03-10,42.418,142.24
2009-03-11,42.418,139.7
2009-03-12,42.672,137.16
2009-03-13,42.418,134.62
2009-03-14,42.418,132.08
2009-03-15,42.672,129.54
2009-03-16,42.418,127.0
2009-03-17,42.164,124.46
2009-03-18,41.402,121.92
2009-03-19,40.132,119.38
2009-03-20,38.1,116.84
2009-03-21,36.576,127.0
2009-03-22,38.354,147.32
2009-03-23,38.862,144.78
2009-03-24,39.116,139.7
2009-03-25,39.37,134.62
2009-03-26,39.37,129.54
2009-03-27,38.354,127.0
2009-03-28,37.338,124.46
2009-03-29,35.814,121.92
2009-03-30,34.29,121.92
2009-03-31,33.02,119.38
2009-04-01,32.004,119.38
2009-04-02,31.242,116.84
2009-04-03,30.226,119.38
2009-04-04,30.48,119.38
2009-04-05,29.718,116.84
2009-04-06,29.21,116.84
2009-04-07,28.194,114.3
2009-04-08,28.194,114.3
2009-04-09,28.448,111.76
2009-04-10,28.448,111.76
2009-04-11,27.94,111.76
2009-04-12,27.432,106.68
2009-04-13,25.4,104.14
2009-04-14,24.13,104.14
2009-04-15,22.606,104.14
2009-04-16,23.114,104.14
2009-04-17,22.606,99.06
2009-04-18,20.32,
2009-04-19,18.034,
2009-04-20,15.748,88.9
2009-04-21,13.97,83.82
2009-04-22,11.938,78.74
2009-04-23,9.906,73.66
2009-04-24,7.874,91.44
2009-04-25,8.636,91.44
2009-04-26,8.128,78.74
2009-04-27,6.858,73.66
2009-04-28,4.826,68.58
2009-04-29,2.794,63.5
2009-04-30,1.27,60.96
2009-05-01,0.254,55.88
2009-05-02,3.048,55.88
2009-05-03,1.016,53.34
2009-05-04,1.016,50.8
2009-05-05,1.016,45.72
2009-05-06,1.016,38.1
2009-05-07,0.0,30.48
2009-05-08,0.0,27.94
2009-05-09,0.0,20.32
2009-05-10,0.0,15.24
2009-05-11,0.0,5.08
2009-05-12,0.0,2.54
2009-05-13,0.0,2.54
2009-05-14,0.0,2.54
2009-05-15,0.0,2.54
2009-05-16,0.0,2.54
2009-05-17,0.0,0.0
2009-05-18,0.0,0.0
2009-05-19,0.0,0.0
2009-05-20,0.0,0.0
2009-05-21,0.0,2.54
2009-05-22,0.0,0.0
2009-05-23,0.0,2.54
2009-05-24,0.0,2.54
2009-05-25,0.0,2.54
2009-05-26,0.0,2.54
2009-05-27,0.0,2.54
2009-05-28,0.0,2.54
2009-05-29,0.0,2.54
2009-05-30,0.0,2.54
2009-05-31,0.0,2.54
2009-06-01,0.0,2.54
2009-06-02,0.0,2.54
2009-06-03,0.0,2.54
2009-06-04,0.0,2.54
2009-06-05,0.0,2.54
2009-06-06,0.0,2.54
2009-06-07,0.0,2.54
2009-06-08,0.0,
2009-06-09,0.0,0.0
2009-06-10,0.0,2.54
2009-06-11,0.0,2.54
2009-06-12,0.0,2.54
2009-06-13,0.0,2.54
2009-06-14,0.0,2.54
2009-06-15,0.0,
2009-06-16,0.0,0.0
2009-06-17,0.0,0.0
2009-06-18,0.0,0.0
2009-06-19,0.0,2.54
2009-06-20,0.0,2.54
2009-06-21,0.0,2.54
2009-06-22,0.0,2.54
2009-06-23,0.0,0.0
2009-06-24,0.0,0.0
2009-06-25,0.0,0.0
2009-06-26,0.0,0.0
2009-06-27,0.0,0.0
2009-06-28,0.0,0.0
2009-06-29,0.0,0.0
2009-06-30,0.0,0.0
2009-07-01,0.0,0.0
2009-07-02,0.0,0.0
2009-07-03,0.0,0.0
2009-07-04,0.0,0.0
2009-07-05,0.0,0.0
2009-07-06,0.0,0.0
2009-07-07,0.0,0.0
2009-07-08,0.0,0.0
2009-07-09,0.0,0.0
2009-07-10,0.0,0.0
2009-07-11,0.0,0.0
2009-07-12,0.0,0.0
2009-07-13,0.0,0.0
2009-07-14,0.0,0.0
2009-07-15,0.0,0.0
2009-07-16,0.0,0.0
2009-07-17,0.0,-2.54
2009-07-18,0.0,0.0
2009-07-19,0.0,-2.54
2009-07-20,0.0,0.0
2009-07-21,0.0,-2.54
2009-07-22,0.0,0.0
2009-07-23,0.0,-2.54
2009-07-24,0.0,-2.54
2009-07-25,0.0,0.0
2009-07-26,0.0,0.0
2009-07-27,0.0,0.0
2009-07-28,0.0,0.0
2009-07-29,0.0,0.0
2009-07-30,0.0,0.0
2009-07-31,0.0,0.0
2009-08-01,0.0,0.0
2009-08-02,0.0,0.0
2009-08-03,0.0,0.0
2009-08-04,0.0,0.0
2009-08-05,0.0,0.0
2009-08-06,0.0,0.0
2009-08-07,0.0,0.0
2009-08-08,0.0,0.0
2009-08-09,0.0,0.0
2009-08-10,0.0,-2.54
2009-08-11,0.0,0.0
2009-08-12,0.0,0.0
2009-08-13,0.0,-2.54
2009-08-14,0.0,-2.54
2009-08-15,0.0,0.0
2009-08-16,0.0,0.0
2009-08-17,0.0,-2.54
2009-08-18,0.0,0.0
2009-08-19,0.0,0.0
2009-08-20,0.0,-2.54
2009-08-21,0.0,-2.54
2009-08-22,0.0,-2.54
2009-08-23,0.0,
2009-08-24,0.0,0.0
2009-08-25,0.0,-2.54
2009-08-26,0.0,-2.54
2009-08-27,0.0,-2.54
2009-08-28,0.0,-2.54
2009-08-29,0.0,0.0
2009-08-30,0.0,-2.54
2009-08-31,0.0,-2.54
2009-09-01,0.0,0.0
2009-09-02,0.0,-2.54
2009-09-03,0.0,-2.54
2009-09-04,0.0,-2.54
2009-09-05,0.0,0.0
2009-09-06,0.0,0.0
2009-09-07,0.0,0.0
2009-09-08,0.0,0.0
2009-09-09,0.0,-2.54
2009-09-10,0.0,0.0
2009-09-11,0.0,-2.54
2009-09-12,0.0,-2.54
2009-09-13,0.0,0.0
2009-09-14,0.0,0.0
2009-09-15,0.0,0.0
2009-09-16,0.0,0.0
2009-09-17,0.0,0.0
2009-09-18,0.0,0.0
2009-09-19,0.0,-2.54
2009-09-20,0.0,0.0
2009-09-21,0.0,0.0
2009-09-22,0.0,0.0
2009-09-23,0.0,0.0
2009-09-24,0.0,0.0
2009-09-25,0.0,0.0
2009-09-26,0.0,0.0
2009-09-27,0.0,
2009-09-28,0.0,-2.54
2009-09-29,0.0,0.0
2009-09-30,0.0,2.54
2009-10-01,0.0,2.54
2009-10-02,0.0,2.54
2009-10-03,0.0,2.54
2009-10-04,0.0,7.62
2009-10-05,0.0,7.62
2009-10-06,0.0,5.08
2009-10-07,0.0,2.54
2009-10-08,0.0,2.54
2009-10-09,0.0,2.54
2009-10-10,0.0,2.54
2009-10-11,0.0,2.54
2009-10-12,0.0,2.54
2009-10-13,0.0,2.54
2009-10-14,0.0,2.54
2009-10-15,0.0,0.0
2009-10-16,0.0,0.0
2009-10-17,0.0,2.54
2009-10-18,0.0,0.0
2009-10-19,0.0,2.54
2009-10-20,0.0,2.54
2009-10-21,0.0,5.08
2009-10-22,0.0,5.08
2009-10-23,0.0,2.54
2009-10-24,0.0,5.08
2009-10-25,0.0,5.08
2009-10-26,0.0,2.54
2009-10-27,0.0,5.08
2009-10-28,0.0,7.62
2009-10-29,0.0,7.62
2009-10-30,0.0,5.08
2009-10-31,0.0,2.54
2009-11-01,0.0,
2009-11-02,0.0,
2009-11-03,0.254,2.54
2009-11-04,0.254,2.54
2009-11-05,0.508,0.0
2009-11-06,0.508,2.54
2009-11-07,1.524,2.54
2009-11-08,1.524,5.08
2009-11-09,1.524,2.54
2009-11-10,1.27,2.54
2009-11-11,1.27,2.54
2009-11-12,0.508,0.0
2009-11-13,,
2009-11-14,2.286,5.08
2009-11-15,2.794,5.08
2009-11-16,3.048,5.08
2009-11-17,3.556,2.54
2009-11-18,4.064,2.54
2009-11-19,3.81,2.54
2009-11-20,4.318,2.54
2009-11-21,4.318,7.62
2009-11-22,4.064,7.62
2009-11-23,3.81,7.62
2009-11-24,4.318,7.62
2009-11-25,4.318,7.62
2009-11-26,4.572,7.62
2009-11-27,5.08,7.62
2009-11-28,9.652,55.88
2009-11-29,11.684,68.58
2009-11-30,11.43,60.96
2009-12-01,11.176,53.34
2009-12-02,10.922,50.8
2009-12-03,10.414,48.26
2009-12-04,10.414,45.72
2009-12-05,10.16,43.18
2009-12-06,10.16,43.18
2009-12-07,11.176,
2009-12-08,12.446,73.66
2009-12-09,12.7,63.5
2009-12-10,12.7,58.42
2009-12-11,13.208,
2009-12-12,14.478,60.96
2009-12-13,18.288,
2009-12-14,18.542,86.36
2009-12-15,18.288,78.74
2009-12-16,18.288,73.66
2009-12-17,18.288,73.66
2009-12-18,17.78,71.12
2009-12-19,17.526,68.58
2009-12-20,17.526,68.58
2009-12-21,17.78,63.5
2009-12-22,19.05,78.74
2009-12-23,19.304,73.66
2009-12-24,19.05,73.66
2009-12-25,19.05,71.12
2009-12-26,19.05,71.12
2009-12-27,19.05,71.12
2009-12-28,19.05,73.66
2009-12-29,19.304,71.12
2009-12-30,19.812,71.12
2009-12-31,19.558,73.66
2010-01-01,19.558,68.58
2010-01-02,19.304,71.12
2010-01-03,19.05,71.12
2010-01-04,18.796,68.58
2010-01-05,18.542,68.58
2010-01-06,18.542,68.58
2010-01-07,18.542,66.04
2010-01-08,18.542,66.04
2010-01-09,18.796,66.04
2010-01-10,19.05,63.5
2010-01-11,18.796,63.5
2010-01-12,18.796,63.5
2010-01-13,21.082,76.2
2010-01-14,21.59,86.36
2010-01-15,21.336,81.28
2010-01-16,21.336,78.74
2010-01-17,20.828,71.12
2010-01-18,20.828,81.28
2010-01-19,25.146,119.38
2010-01-20,25.654,119.38
2010-01-21,29.21,154.94
2010-01-22,30.988,165.1
2010-01-23,30.988,157.48
2010-01-24,30.48,144.78
2010-01-25,30.988,142.24
2010-01-26,32.258,142.24
2010-01-27,32.258,134.62
2010-01-28,31.75,134.62
2010-01-29,31.75,127.0
2010-01-30,31.496,127.0
2010-01-31,31.242,124.46
2010-02-01,30.734,121.92
2010-02-02,30.734,119.38
2010-02-03,30.734,109.22
2010-02-04,30.734,114.3
2010-02-05,31.75,121.92
2010-02-06,32.258,124.46
2010-02-07,32.766,
2010-02-08,33.02,132.08
2010-02-09,33.274,127.0
2010-02-10,33.274,127.0
2010-02-11,33.528,124.46
2010-02-12,33.782,121.92
2010-02-13,33.528,119.38
2010-02-14,33.782,119.38
2010-02-15,34.036,114.3
2010-02-16,34.036,111.76
2010-02-17,34.036,111.76
2010-02-18,34.036,111.76
2010-02-19,34.29,109.22
2010-02-20,34.29,104.14
2010-02-21,34.544,111.76
2010-02-22,35.052,116.84
2010-02-23,35.052,116.84
2010-02-24,36.83,129.54
2010-02-25,37.592,129.54
2010-02-26,37.846,129.54
2010-02-27,40.64,154.94
2010-02-28,40.894,152.4
2010-03-01,40.64,147.32
2010-03-02,40.64,142.24
2010-03-03,40.894,144.78
2010-03-04,41.656,152.4
2010-03-05,41.656,149.86
2010-03-06,41.91,142.24
2010-03-07,41.91,139.7
2010-03-08,41.91,139.7
2010-03-09,42.418,142.24
2010-03-10,42.418,142.24
2010-03-11,41.91,142.24
2010-03-12,42.164,137.16
2010-03-13,44.196,157.48
2010-03-14,43.942,152.4
2010-03-15,43.942,147.32
2010-03-16,43.942,142.24
2010-03-17,43.688,137.16
2010-03-18,43.434,132.08
2010-03-19,42.672,132.08
2010-03-20,41.91,129.54
2010-03-21,40.894,127.0
2010-03-22,40.132,124.46
2010-03-23,39.37,124.46
2010-03-24,38.608,121.92
2010-03-25,38.1,124.46
2010-03-26,37.846,121.92
2010-03-27,37.084,121.92
2010-03-28,36.068,121.92
2010-03-29,35.052,116.84
2010-03-30,35.56,
2010-03-31,35.814,
2010-04-01,35.814,142.24
2010-04-02,35.814,137.16
2010-04-03,35.814,
2010-04-04,36.576,137.16
2010-04-05,38.862,175.26
2010-04-06,38.862,167.64
2010-04-07,38.608,160.02
2010-04-08,37.338,
2010-04-09,36.068,
2010-04-10,34.544,137.16
2010-04-11,33.782,134.62
2010-04-12,34.798,152.4
2010-04-13,35.052,147.32
2010-04-14,34.798,142.24
2010-04-15,34.036,137.16
2010-04-16,32.512,134.62
2010-04-17,30.734,129.54
2010-04-18,28.956,127.0
2010-04-19,26.67,124.46
2010-04-20,25.146,119.38
2010-04-21,23.876,
2010-04-22,24.13,127.0
2010-04-23,24.892,127.0
2010-04-24,23.622,121.92
2010-04-25,22.606,116.84
2010-04-26,21.082,114.3
2010-04-27,19.558,109.22
2010-04-28,19.558,116.84
2010-04-29,19.304,121.92
2010-04-30,19.05,116.84
2010-05-01,18.542,114.3
2010-05-02,17.272,111.76
2010-05-03,16.256,106.68
2010-05-04,15.494,101.6
2010-05-05,13.97,96.52
2010-05-06,11.938,91.44
2010-05-07,9.906,86.36
2010-05-08,8.636,83.82
2010-05-09,7.874,78.74
2010-05-10,6.604,73.66
2010-05-11,6.35,88.9
2010-05-12,6.096,76.2
2010-05-13,5.588,73.66
2010-05-14,4.826,71.12
2010-05-15,4.572,66.04
2010-05-16,4.064,
2010-05-17,3.556,53.34
2010-05-18,1.778,50.8
2010-05-19,0.762,45.72
2010-05-20,0.762,40.64
2010-05-21,1.016,35.56
2010-05-22,0.762,27.94
2010-05-23,1.016,35.56
2010-05-24,0.508,30.48
2010-05-25,0.254,27.94
2010-05-26,0.508,22.86
2010-05-27,0.762,20.32
2010-05-28,0.762,27.94
2010-05-29,0.0,17.78
2010-05-30,0.0,7.62
2010-05-31,0.0,2.54
2010-06-01,0.0,0.0
2010-06-02,0.0,0.0
2010-06-03,0.0,0.0
2010-06-04,0.0,0.0
2010-06-05,0.0,0.0
2010-06-06,0.0,0.0
2010-06-07,0.0,0.0
2010-06-08,0.0,0.0
2010-06-09,0.0,0.0
2010-06-10,0.0,0.0
2010-06-11,0.0,0.0
2010-06-12,0.0,0.0
2010-06-13,0.0,0.0
2010-06-14,0.0,0.0
2010-06-15,0.0,-2.54
2010-06-16,0.0,0.0
2010-06-17,0.0,0.0
2010-06-18,0.0,0.0
2010-06-19,0.0,0.0
2010-06-20,0.0,0.0
2010-06-21,0.0,0.0
2010-06-22,0.0,0.0
2010-06-23,0.0,0.0
2010-06-24,0.0,0.0
2010-06-25,0.0,0.0
2010-06-26,0.0,-2.54
2010-06-27,0.0,0.0
2010-06-28,0.0,-2.54
2010-06-29,0.0,0.0
2010-06-30,0.0,0.0
2010-07-01,0.0,0.0
2010-07-02,0.0,0.0
2010-07-03,0.0,0.0
2010-07-04,0.0,
2010-07-05,0.0,0.0
2010-07-06,0.0,0.0
2010-07-07,0.0,0.0
2010-07-08,0.0,0.0
2010-07-09,0.0,0.0
2010-07-10,0.0,0.0
2010-07-11,0.0,0.0
2010-07-12,0.0,0.0
2010-07-13,0.0,0.0
2010-07-14,0.0,0.0
2010-07-15,0.0,0.0
2010-07-16,0.0,-2.54
2010-07-17,0.0,0.0
2010-07-18,0.0,0.0
2010-07-19,0.0,0.0
2010-07-20,0.0,0.0
2010-07-21,0.0,0.0
2010-07-22,0.0,0.0
2010-07-23,0.0,0.0
2010-07-24,0.0,0.0
2010-07-25,0.0,0.0
2010-07-26,0.0,0.0
2010-07-27,0.0,0.0
2010-07-28,0.0,0.0
2010-07-29,0.0,0.0
2010-07-30,0.0,0.0
2010-07-31,0.0,0.0
2010-08-01,0.0,0.0
2010-08-02,0.0,0.0
2010-08-03,0.0,0.0
2010-08-04,0.0,0.0
2010-08-05,0.0,0.0
2010-08-06,0.0,0.0
2010-08-07,0.0,0.0
2010-08-08,0.0,0.0
2010-08-09,0.0,0.0
2010-08-10,0.0,0.0
2010-08-11,0.0,0.0
2010-08-12,0.0,0.0
2010-08-13,0.0,0.0
2010-08-14,0.0,0.0
2010-08-15,0.0,0.0
2010-08-16,0.0,0.0
2010-08-17,0.0,0.0
2010-08-18,0.0,0.0
2010-08-19,0.0,0.0
2010-08-20,0.0,0.0
2010-08-21,0.0,0.0
2010-08-22,0.0,0.0
2010-08-23,0.0,0.0
2010-08-24,0.0,0.0
2010-08-25,0.0,0.0
2010-08-26,0.0,0.0
2010-08-27,0.0,0.0
2010-08-28,0.0,0.0
2010-08-29,0.0,0.0
2010-08-30,0.0,2.54
2010-08-31,0.0,2.54
2010-09-01,0.0,0.0
2010-09-02,0.0,0.0
2010-09-03,0.0,0.0
2010-09-04,0.0,0.0
2010-09-05,0.0,0.0
2010-09-06,0.0,0.0
2010-09-07,0.0,0.0
2010-09-08,0.0,0.0
2010-09-09,0.0,2.54
2010-09-10,0.0,2.54
2010-09-11,0.0,0.0
2010-09-12,0.0,0.0
2010-09-13,0.0,0.0
2010-09-14,0.0,0.0
2010-09-15,0.0,0.0
2010-09-16,0.0,0.0
2010-09-17,0.0,0.0
2010-09-18,0.0,0.0
2010-09-19,0.0,0.0
2010-09-20,0.0,0.0
2010-09-21,0.0,0.0
2010-09-22,0.0,0.0
2010-09-23,0.0,0.0
2010-09-24,0.0,0.0
2010-09-25,0.0,0.0
2010-09-26,0.0,0.0
2010-09-27,0.0,0.0
2010-09-28,0.0,0.0
2010-09-29,0.0,0.0
2010-09-30,0.0,0.0
2010-10-01,0.0,
2010-10-02,0.0,-7.62
2010-10-03,0.0,0.0
2010-10-04,0.0,2.54
2010-10-05,0.0,2.54
2010-10-06,0.0,5.08
2010-10-07,0.0,5.08
2010-10-08,0.0,2.54
2010-10-09,0.0,
2010-10-10,0.0,
2010-10-11,0.0,
2010-10-12,0.0,0.0
2010-10-13,0.0,
2010-10-14,0.0,0.0
2010-10-15,0.0,2.54
2010-10-16,0.0,0.0
2010-10-17,0.0,0.0
2010-10-18,0.0,0.0
2010-10-19,0.0,0.0
2010-10-20,0.0,2.54
2010-10-21,0.0,2.54
2010-10-22,0.0,2.54
2010-10-23,0.0,2.54
2010-10-24,0.0,0.0
2010-10-25,1.016,0.0
2010-10-26,1.016,2.54
2010-10-27,3.048,5.08
2010-10-28,1.524,2.54
2010-10-29,0.762,2.54
2010-10-30,0.762,2.54
2010-10-31,0.508,2.54
2010-11-01,0.508,2.54
2010-11-02,0.508,2.54
2010-11-03,0.762,0.0
2010-11-04,0.762,0.0
2010-11-05,0.762,2.54
2010-11-06,0.762,0.0
2010-11-07,0.762,2.54
2010-11-08,2.794,17.78
2010-11-09,2.286,15.24
2010-11-10,2.794,
2010-11-11,2.794,15.24
2010-11-12,2.54,15.24
2010-11-13,2.54,12.7
2010-11-14,2.54,12.7
2010-11-15,2.032,10.16
2010-11-16,2.032,10.16
2010-11-17,3.048,7.62
2010-11-18,3.556,7.62
2010-11-19,3.81,7.62
2010-11-20,4.318,33.02
2010-11-21,6.604,
2010-11-22,8.636,76.2
2010-11-23,8.89,
2010-11-24,10.922,86.36
2010-11-25,10.414,73.66
2010-11-26,10.668,68.58
2010-11-27,11.176,60.96
2010-11-28,11.176,
2010-11-29,12.446,71.12
2010-11-30,12.7,66.04
2010-12-01,12.7,60.96
2010-12-02,12.7,58.42
2010-12-03,12.7,55.88
2010-12-04,12.954,53.34
2010-12-05,12.446,53.34
2010-12-06,15.494,68.58
2010-12-07,14.986,
2010-12-08,14.986,63.5
2010-12-09,14.478,55.88
2010-12-10,14.732,55.88
2010-12-11,14.986,50.8
2010-12-12,13.716,50.8
2010-12-13,12.446,50.8
2010-12-14,11.938,48.26
2010-12-15,15.748,
2010-12-16,16.256,73.66
2010-12-17,16.51,
2010-12-18,19.558,99.06
2010-12-19,26.924,137.16
2010-12-20,31.496,152.4
2010-12-21,32.258,152.4
2010-12-22,32.004,144.78
2010-12-23,31.75,139.7
2010-12-24,31.496,132.08
2010-12-25,30.988,127.0
2010-12-26,31.75,137.16
2010-12-27,31.242,129.54
2010-12-28,30.988,127.0
2010-12-29,35.052,165.1
2010-12-30,35.56,170.18
2010-12-31,35.052,160.02
2011-01-01,35.052,154.94
2011-01-02,36.576,
2011-01-03,36.576,
2011-01-04,36.068,
2011-01-05,35.814,152.4
2011-01-06,35.56,147.32
2011-01-07,35.306,142.24
2011-01-08,35.052,139.7
2011-01-09,34.544,139.7
2011-01-10,34.29,137.16
2011-01-11,34.036,134.62
2011-01-12,34.036,134.62
2011-01-13,33.782,132.08
2011-01-14,33.528,129.54
2011-01-15,33.274,129.54
2011-01-16,33.528,127.0
2011-01-17,33.274,124.46
2011-01-18,33.02,121.92
2011-01-19,33.02,121.92
2011-01-20,32.766,121.92
2011-01-21,32.512,119.38
2011-01-22,32.258,119.38
2011-01-23,31.75,119.38
2011-01-24,31.496,116.84
2011-01-25,30.988,116.84
2011-01-26,30.734,116.84
2011-01-27,30.48,116.84
2011-01-28,30.226,114.3
2011-01-29,29.972,114.3
2011-01-30,30.226,
2011-01-31,30.48,121.92
2011-02-01,30.48,124.46
2011-02-02,29.972,124.46
2011-02-03,29.972,121.92
2011-02-04,29.718,119.38
2011-02-05,29.464,119.38
2011-02-06,29.464,116.84
2011-02-07,29.21,116.84
2011-02-08,28.956,114.3
2011-02-09,28.448,116.84
2011-02-10,27.94,114.3
2011-02-11,27.94,114.3
2011-02-12,27.94,111.76
2011-02-13,27.94,111.76
2011-02-14,27.432,109.22
2011-02-15,27.178,111.76
2011-02-16,27.432,116.84
2011-02-17,29.972,154.94
2011-02-18,32.004,
2011-02-19,35.052,
2011-02-20,35.814,190.5
2011-02-21,35.56,
2011-02-22,35.56,172.72
2011-02-23,35.306,167.64
2011-02-24,35.306,162.56
2011-02-25,36.322,190.5
2011-02-26,38.608,208.28
2011-02-27,38.608,195.58
2011-02-28,38.608,185.42
2011-03-01,38.354,180.34
2011-03-02,38.608,172.72
2011-03-03,40.64,190.5
2011-03-04,40.64,187.96
2011-03-05,40.64,180.34
2011-03-06,40.64,175.26
2011-03-07,41.91,193.04
2011-03-08,42.164,187.96
2011-03-09,42.164,180.34
2011-03-10,41.91,175.26
2011-03-11,41.91,170.18
2011-03-12,41.656,167.64
2011-03-13,41.402,165.1
2011-03-14,42.164,170.18
2011-03-15,41.402,165.1
2011-03-16,,160.02
2011-03-17,,175.26
2011-03-18,,170.18
2011-03-19,,200.66
2011-03-20,,213.36
2011-03-21,,226.06
2011-03-22,,218.44
2011-03-23,,215.9
2011-03-24,,228.6
2011-03-25,,266.7
2011-03-26,,248.92
2011-03-27,,236.22
2011-03-28,,231.14
2011-03-29,,223.52
2011-03-30,,213.36
2011-03-31,,205.74
2011-04-01,,195.58
2011-04-02,,190.5
2011-04-03,,185.42
2011-04-04,,182.88
2011-04-05,,177.8
2011-04-06,,172.72
2011-04-07,,177.8
2011-04-08,,185.42
2011-04-09,,187.96
2011-04-10,,182.88
2011-04-11,,177.8
2011-04-12,,175.26
2011-04-13,,172.72
2011-04-14,,172.72
2011-04-15,,170.18
2011-04-16,,165.1
2011-04-17,,160.02
2011-04-18,,154.94
2011-04-19,,152.4
2011-04-20,,147.32
2011-04-21,,147.32
2011-04-22,,144.78
2011-04-23,,144.78
2011-04-24,,139.7
2011-04-25,,137.16
2011-04-26,,134.62
2011-04-27,,132.08
2011-04-28,,127.0
2011-04-29,,124.46
2011-04-30,,119.38
2011-05-01,,116.84
2011-05-02,,114.3
2011-05-03,,106.68
2011-05-04,,101.6
2011-05-05,,96.52
2011-05-06,,88.9
2011-05-07,,81.28
2011-05-08,,76.2
2011-05-09,,76.2
2011-05-10,,81.28
2011-05-11,,76.2
2011-05-12,,71.12
2011-05-13,,63.5
2011-05-14,,55.88
2011-05-15,,
2011-05-16,,
2011-05-17,,
2011-05-18,,
2011-05-19,,58.42
2011-05-20,,53.34
2011-05-21,,50.8
2011-05-22,,43.18
2011-05-23,,38.1
2011-05-24,,30.48
2011-05-25,,25.4
2011-05-26,,22.86
2011-05-27,,17.78
2011-05-28,,12.7
2011-05-29,,5.08
2011-05-30,,7.62
2011-05-31,,2.54
2011-06-01,,2.54
2011-06-02,,2.54
2011-06-03,,2.54
2011-06-04,,0.0
2011-06-05,,2.54
2011-06-06,,
2011-06-07,,2.54
2011-06-08,,2.54
2011-06-09,,2.54
2011-06-10,,0.0
2011-06-11,,2.54
2011-06-12,,2.54
2011-06-13,,2.54
2011-06-14,,2.54
2011-06-15,,2.54
2011-06-16,,2.54
2011-06-17,,2.54
2011-06-18,,2.54
2011-06-19,,2.54
2011-06-20,,2.54
2011-06-21,,2.54
2011-06-22,,0.0
2011-06-23,,
2011-06-24,,0.0
2011-06-25,,0.0
2011-06-26,,0.0
2011-06-27,,0.0
2011-06-28,,0.0
2011-06-29,,2.54
2011-06-30,,2.54
2011-07-01,,2.54
2011-07-02,,0.0
2011-07-03,,0.0
2011-07-04,,0.0
2011-07-05,,0.0
2011-07-06,,0.0
2011-07-07,,2.54
2011-07-08,,0.0
2011-07-09,,2.54
2011-07-10,,0.0
2011-07-11,,0.0
2011-07-12,,2.54
2011-07-13,,2.54
2011-07-14,,2.54
2011-07-15,,0.0
2011-07-16,,2.54
2011-07-17,,2.54
2011-07-18,,2.54
2011-07-19,,0.0
2011-07-20,,2.54
2011-07-21,,0.0
2011-07-22,,0.0
2011-07-23,,0.0
2011-07-24,,0.0
2011-07-25,,0.0
2011-07-26,,0.0
2011-07-27,,0.0
2011-07-28,,0.0
2011-07-29,,0.0
2011-07-30,,0.0
2011-07-31,,0.0
2011-08-01,,0.0
2011-08-02,,0.0
2011-08-03,,0.0
2011-08-04,,0.0
2011-08-05,0.0,0.0
2011-08-06,0.0,0.0
2011-08-07,0.0,0.0
2011-08-08,0.0,0.0
2011-08-09,0.0,0.0
2011-08-10,0.0,0.0
2011-08-11,0.0,0.0
2011-08-12,0.0,0.0
2011-08-13,0.0,0.0
2011-08-14,0.0,0.0
2011-08-15,0.0,0.0
2011-08-16,0.0,0.0
2011-08-17,0.0,0.0
2011-08-18,0.0,0.0
2011-08-19,0.0,0.0
2011-08-20,0.0,0.0
2011-08-21,0.0,0.0
2011-08-22,0.0,0.0
2011-08-23,0.0,0.0
2011-08-24,0.0,-2.54
2011-08-25,0.0,0.0
2011-08-26,0.0,0.0
2011-08-27,0.0,-2.54
2011-08-28,0.0,0.0
2011-08-29,0.0,0.0
2011-08-30,0.0,0.0
2011-08-31,0.0,0.0
2011-09-01,0.0,0.0
2011-09-02,0.0,0.0
2011-09-03,0.0,0.0
2011-09-04,0.0,0.0
2011-09-05,0.0,0.0
2011-09-06,0.0,0.0
2011-09-07,0.0,0.0
2011-09-08,0.0,0.0
2011-09-09,0.0,0.0
2011-09-10,0.0,0.0
2011-09-11,0.0,0.0
2011-09-12,0.0,0.0
2011-09-13,0.0,0.0
2011-09-14,0.0,0.0
2011-09-15,0.0,0.0
2011-09-16,0.0,0.0
2011-09-17,0.0,
2011-09-18,0.0,
2011-09-19,0.0,
2011-09-20,0.0,0.0
2011-09-21,0.0,0.0
2011-09-22,0.0,0.0
2011-09-23,0.0,0.0
2011-09-24,0.0,0.0
2011-09-25,0.0,0.0
2011-09-26,0.0,0.0
2011-09-27,0.0,0.0
2011-09-28,0.0,0.0
2011-09-29,0.0,0.0
2011-09-30,0.0,0.0
2011-10-01,0.0,
2011-10-02,0.0,
2011-10-03,0.0,
2011-10-04,0.0,
2011-10-05,0.0,
2011-10-06,0.0,7.62
2011-10-07,0.0,10.16
2011-10-08,0.0,5.08
2011-10-09,0.0,2.54
2011-10-10,0.0,2.54
2011-10-11,0.0,2.54
2011-10-12,0.0,2.54
2011-10-13,0.0,2.54
2011-10-14,0.0,0.0
2011-10-15,0.0,0.0
2011-10-16,0.0,0.0
2011-10-17,0.0,0.0
2011-10-18,0.0,2.54
2011-10-19,0.0,2.54
2011-10-20,0.0,2.54
2011-10-21,0.0,2.54
2011-10-22,0.0,2.54
2011-10-23,0.0,2.54
2011-10-24,0.0,2.54
2011-10-25,0.0,2.54
2011-10-26,0.0,2.54
2011-10-27,1.016,5.08
2011-10-28,0.0,5.08
2011-10-29,0.0,2.54
2011-10-30,0.0,2.54
2011-10-31,0.0,2.54
2011-11-01,1.016,2.54
2011-11-02,2.54,5.08
2011-11-03,2.286,2.54
2011-11-04,0.0,
2011-11-05,0.0,10.16
2011-11-06,0.254,
2011-11-07,0.254,
2011-11-08,0.0,12.7
2011-11-09,0.0,12.7
2011-11-10,0.254,10.16
2011-11-11,0.508,5.08
2011-11-12,0.254,7.62
2011-11-13,0.254,7.62
2011-11-14,0.508,7.62
2011-11-15,3.302,7.62
2011-11-16,5.588,7.62
2011-11-17,7.874,7.62
2011-11-18,5.588,7.62
2011-11-19,6.858,5.08
2011-11-20,9.906,7.62
2011-11-21,8.128,10.16
2011-11-22,9.652,7.62
2011-11-23,9.652,7.62
2011-11-24,8.89,10.16
2011-11-25,10.922,10.16
2011-11-26,12.446,10.16
2011-11-27,11.43,7.62
2011-11-28,11.176,7.62
2011-11-29,13.462,7.62
2011-11-30,12.954,7.62
2011-12-01,14.478,10.16
2011-12-02,16.256,10.16
2011-12-03,8.382,10.16
2011-12-04,0.762,10.16
2011-12-05,0.0,10.16
2011-12-06,0.0,10.16
2011-12-07,0.0,10.16
2011-12-08,0.0,10.16
2011-12-09,0.0,10.16
2011-12-10,0.0,10.16
2011-12-11,0.0,10.16
2011-12-12,0.0,
2011-12-13,0.0,
2011-12-14,0.0,10.16
2011-12-15,0.0,10.16
2011-12-16,0.0,10.16
2011-12-17,0.0,10.16
2011-12-18,0.0,10.16
2011-12-19,0.0,10.16
2011-12-20,0.0,12.7
2011-12-21,0.0,10.16
2011-12-22,0.0,12.7
2011-12-23,0.0,10.16
2011-12-24,0.0,10.16
2011-12-25,0.0,10.16
2011-12-26,0.0,10.16
2011-12-27,0.0,10.16
2011-12-28,0.0,10.16
2011-12-29,0.0,7.62
2011-12-30,0.0,7.62
2011-12-31,0.0,7.62
2012-01-01,0.0,7.62
2012-01-02,0.0,7.62
2012-01-03,0.0,7.62
2012-01-04,0.0,7.62
2012-01-05,0.0,7.62
2012-01-06,0.0,7.62
2012-01-07,0.0,7.62
2012-01-08,0.0,7.62
2012-01-09,0.0,7.62
2012-01-10,,7.62
2012-01-11,,7.62
2012-01-12,,10.16
2012-01-13,,7.62
2012-01-14,,7.62
2012-01-15,,7.62
2012-01-16,,7.62
2012-01-17,,7.62
2012-01-18,,7.62
2012-01-19,,5.08
2012-01-20,,7.62
2012-01-21,,10.16
2012-01-22,,22.86
2012-01-23,,45.72
2012-01-24,,55.88
2012-01-25,,48.26
2012-01-26,,43.18
2012-01-27,,40.64
2012-01-28,,40.64
2012-01-29,,38.1
2012-01-30,,38.1
2012-01-31,,38.1
2012-02-01,,35.56
2012-02-02,,38.1
2012-02-03,,38.1
2012-02-04,,38.1
2012-02-05,,38.1
2012-02-06,,38.1
2012-02-07,,35.56
2012-02-08,,35.56
2012-02-09,,35.56
2012-02-10,,33.02
2012-02-11,,33.02
2012-02-12,,30.48
2012-02-13,,40.64
2012-02-14,,
2012-02-15,,
2012-02-16,,
2012-02-17,,45.72
2012-02-18,,45.72
2012-02-19,,38.1
2012-02-20,,38.1
2012-02-21,,40.64
2012-02-22,,40.64
2012-02-23,,40.64
2012-02-24,,38.1
2012-02-25,,38.1
2012-02-26,,40.64
2012-02-27,,38.1
2012-02-28,,
2012-02-29,,
2012-03-01,,68.58
2012-03-02,,68.58
2012-03-03,,63.5
2012-03-04,,58.42
2012-03-05,,55.88
2012-03-06,,50.8
2012-03-07,,73.66
2012-03-08,,66.04
2012-03-09,,63.5
2012-03-10,,58.42
2012-03-11,,55.88
2012-03-12,,53.34
2012-03-13,,53.34
2012-03-14,,55.88
2012-03-15,,53.34
2012-03-16,,50.8
2012-03-17,,96.52
2012-03-18,,96.52
2012-03-19,,91.44
2012-03-20,,86.36
2012-03-21,,78.74
2012-03-22,,71.12
2012-03-23,,68.58
2012-03-24,,71.12
2012-03-25,,68.58
2012-03-26,,76.2
2012-03-27,,73.66
2012-03-28,,76.2
2012-03-29,,78.74
2012-03-30,,73.66
2012-03-31,,71.12
2012-04-01,,
2012-04-02,,83.82
2012-04-03,,73.66
2012-04-04,,71.12
2012-04-05,,71.12
2012-04-06,,73.66
2012-04-07,,71.12
2012-04-08,,68.58
2012-04-09,,68.58
2012-04-10,,66.04
2012-04-11,,60.96
2012-04-12,,66.04
2012-04-13,,81.28
2012-04-14,,81.28
2012-04-15,,73.66
2012-04-16,,71.12
2012-04-17,,68.58
2012-04-18,,63.5
2012-04-19,,60.96
2012-04-20,,55.88
2012-04-21,,50.8
2012-04-22,,45.72
2012-04-23,,35.56
2012-04-24,,30.48
2012-04-25,,20.32
2012-04-26,,17.78
2012-04-27,,17.78
2012-04-28,,15.24
2012-04-29,,10.16
2012-04-30,,5.08
2012-05-01,,2.54
2012-05-02,,2.54
2012-05-03,,0.0
2012-05-04,,0.0
2012-05-05,,0.0
2012-05-06,,0.0
2012-05-07,,0.0
2012-05-08,,0.0
2012-05-09,,0.0
2012-05-10,,0.0
2012-05-11,,0.0
2012-05-12,,0.0
2012-05-13,,0.0
2012-05-14,,-2.54
2012-05-15,,0.0
2012-05-16,,0.0
2012-05-17,,-2.54
2012-05-18,,0.0
2012-05-19,,0.0
2012-05-20,,0.0
2012-05-21,,-2.54
2012-05-22,,-2.54
2012-05-23,,0.0
2012-05-24,,0.0
2012-05-25,,-2.54
2012-05-26,,0.0
2012-05-27,,-2.54
2012-05-28,,0.0
2012-05-29,,-2.54
2012-05-30,,-2.54
2012-05-31,,-2.54
2012-06-01,,-2.54
2012-06-02,,-2.54
2012-06-03,,-5.08
2012-06-04,,-5.08
2012-06-05,,0.0
2012-06-06,,0.0
2012-06-07,,0.0
2012-06-08,,-2.54
2012-06-09,,-2.54
2012-06-10,,
2012-06-11,,-2.54
2012-06-12,,-2.54
2012-06-13,,-2.54
2012-06-14,,-5.08
2012-06-15,,-5.08
2012-06-16,,-5.08
2012-06-17,,-5.08
2012-06-18,,
2012-06-19,,-5.08
2012-06-20,,-2.54
2012-06-21,,-2.54
2012-06-22,,-2.54
2012-06-23,,-5.08
2012-06-24,,-2.54
2012-06-25,,-2.54
2012-06-26,,0.0
2012-06-27,,-2.54
2012-06-28,,-2.54
2012-06-29,,-5.08
2012-06-30,,
2012-07-01,,-5.08
2012-07-02,,-2.54
2012-07-03,,-2.54
2012-07-04,,-2.54
2012-07-05,,
2012-07-06,,-2.54
2012-07-07,,-5.08
2012-07-08,,-5.08
2012-07-09,,-2.54
2012-07-10,,-5.08
2012-07-11,,
2012-07-12,,
2012-07-13,,
2012-07-14,,-5.08
2012-07-15,,-5.08
2012-07-16,,-5.08
2012-07-17,,-2.54
2012-07-18,,-2.54
2012-07-19,,-5.08
2012-07-20,,
2012-07-21,,-2.54
2012-07-22,,-2.54
2012-07-23,,
2012-07-24,,-5.08
2012-07-25,,-2.54
2012-07-26,,-5.08
2012-07-27,,-5.08
2012-07-28,,-2.54
2012-07-29,,-2.54
2012-07-30,,0.0
2012-07-31,,-5.08
2012-08-01,,-2.54
2012-08-02,,0.0
2012-08-03,,-2.54
2012-08-04,,-2.54
2012-08-05,,-2.54
2012-08-06,,-2.54
2012-08-07,,-2.54
2012-08-08,,-5.08
2012-08-09,,-5.08
2012-08-10,,-5.08
2012-08-11,,-5.08
2012-08-12,,
2012-08-13,,-5.08
2012-08-14,,0.0
2012-08-15,,-2.54
2012-08-16,,-2.54
2012-08-17,,-2.54
2012-08-18,,
2012-08-19,,-2.54
2012-08-20,,-2.54
2012-08-21,,-2.54
2012-08-22,,-2.54
2012-08-23,,0.0
2012-08-24,,-2.54
2012-08-25,,-2.54
2012-08-26,,-2.54
2012-08-27,,22.86
2012-08-28,,0.0
2012-08-29,,12.7
2012-08-30,,17.78
2012-08-31,,-2.54
2012-09-01,,0.0
2012-09-02,,17.78
2012-09-03,,0.0
2012-09-04,,0.0
2012-09-05,,-5.08
2012-09-06,,-2.54
2012-09-07,,-2.54
2012-09-08,,-2.54
2012-09-09,,-2.54
2012-09-10,,-2.54
2012-09-11,,-2.54
2012-09-12,,10.16
2012-09-13,,17.78
2012-09-14,,10.16
2012-09-15,,12.7
2012-09-16,,12.7
2012-09-17,,15.24
2012-09-18,,12.7
2012-09-19,,10.16
2012-09-20,,12.7
2012-09-21,,12.7
2012-09-22,,-2.54
2012-09-23,,15.24
2012-09-24,,-5.08
2012-09-25,,15.24
2012-09-26,,-2.54
2012-09-27,,-2.54
2012-09-28,,-2.54
2012-09-29,,-2.54
2012-09-30,,-2.54
2012-10-01,0.0,-2.54
2012-10-02,0.0,-2.54
2012-10-03,0.0,-2.54
2012-10-04,0.0,0.0
2012-10-05,0.0,0.0
2012-10-06,0.0,0.0
2012-10-07,0.0,0.0
2012-10-08,0.0,0.0
2012-10-09,0.0,0.0
2012-10-10,0.0,0.0
2012-10-11,0.0,0.0
2012-10-12,0.0,0.0
2012-10-13,0.0,0.0
2012-10-14,0.0,0.0
2012-10-15,0.0,-2.54
2012-10-16,0.0,-2.54
2012-10-17,0.0,0.0
2012-10-18,0.0,0.0
2012-10-19,0.0,0.0
2012-10-20,0.0,-5.08
2012-10-21,0.0,0.0
2012-10-22,0.0,0.0
2012-10-23,0.0,
2012-10-24,0.0,
2012-10-25,0.0,12.7
2012-10-26,0.0,10.16
2012-10-27,0.0,7.62
2012-10-28,0.0,5.08
2012-10-29,0.0,5.08
2012-10-30,0.0,2.54
2012-10-31,0.0,0.0
2012-11-01,0.0,0.0
2012-11-02,0.0,2.54
2012-11-03,0.0,2.54
2012-11-04,0.0,0.0
2012-11-05,0.0,0.0
2012-11-06,0.0,0.0
2012-11-07,0.0,0.0
2012-11-08,0.0,0.0
2012-11-09,0.0,
2012-11-10,0.0,10.16
2012-11-11,0.0,10.16
2012-11-12,0.0,10.16
2012-11-13,0.0,10.16
2012-11-14,0.0,7.62
2012-11-15,0.0,7.62
2012-11-16,0.0,
2012-11-17,0.0,7.62
2012-11-18,0.0,
2012-11-19,0.0,12.7
2012-11-20,0.0,10.16
2012-11-21,0.0,10.16
2012-11-22,0.0,10.16
2012-11-23,0.0,10.16
2012-11-24,0.0,7.62
2012-11-25,0.0,10.16
2012-11-26,0.0,10.16
2012-11-27,,10.16
2012-11-28,,10.16
2012-11-29,,10.16
2012-11-30,,15.24
2012-12-01,,30.48
2012-12-02,,22.86
2012-12-03,,25.4
2012-12-04,,22.86
2012-12-05,,27.94
2012-12-06,,27.94
2012-12-07,,27.94
2012-12-08,,27.94
2012-12-09,,27.94
2012-12-10,,27.94
2012-12-11,,27.94
2012-12-12,,33.02
2012-12-13,,
2012-12-14,,45.72
2012-12-15,,40.64
2012-12-16,,40.64
2012-12-17,,
2012-12-18,,53.34
2012-12-19,,58.42
2012-12-20,,55.88
2012-12-21,,53.34
2012-12-22,,68.58
2012-12-23,,114.3
2012-12-24,,116.84
2012-12-25,,109.22
2012-12-26,,119.38
2012-12-27,,114.3
2012-12-28,,
2012-12-29,,104.14
2012-12-30,,101.6
2012-12-31,,
2013-01-01,,96.52
2013-01-02,,96.52
2013-01-03,,96.52
2013-01-04,,93.98
2013-01-05,,91.44
2013-01-06,,88.9
2013-01-07,,101.6
2013-01-08,,96.52
2013-01-09,,93.98
2013-01-10,,101.6
2013-01-11,,99.06
2013-01-12,,101.6
2013-01-13,,99.06
2013-01-14,,96.52
2013-01-15,,93.98
2013-01-16,,93.98
2013-01-17,,93.98
2013-01-18,,91.44
2013-01-19,,91.44
2013-01-20,,91.44
2013-01-21,,91.44
2013-01-22,,88.9
2013-01-23,,88.9
2013-01-24,,83.82
2013-01-25,,83.82
2013-01-26,,83.82
2013-01-27,,86.36
2013-01-28,,
2013-01-29,,81.28
2013-01-30,,86.36
2013-01-31,,86.36
2013-02-01,,83.82
2013-02-02,,81.28
2013-02-03,,83.82
2013-02-04,,83.82
2013-02-05,,83.82
2013-02-06,,83.82
2013-02-07,,81.28
2013-02-08,,86.36
2013-02-09,,
2013-02-10,,86.36
2013-02-11,,86.36
2013-02-12,,86.36
2013-02-13,,86.36
2013-02-14,,86.36
2013-02-15,,83.82
2013-02-16,,83.82
2013-02-17,,83.82
2013-02-18,,83.82
2013-02-19,,81.28
2013-02-20,,99.06
2013-02-21,,96.52
2013-02-22,,96.52
2013-02-23,,91.44
2013-02-24,,91.44
2013-02-25,,91.44
2013-02-26,,88.9
2013-02-27,,88.9
2013-02-28,,88.9
2013-03-01,,86.36
2013-03-02,,83.82
2013-03-03,,81.28
2013-03-04,,81.28
2013-03-05,,81.28
2013-03-06,,86.36
2013-03-07,,104.14
2013-03-08,,114.3
2013-03-09,,106.68
2013-03-10,,106.68
2013-03-11,,101.6
2013-03-12,,96.52
2013-03-13,,93.98
2013-03-14,,86.36
2013-03-15,,86.36
2013-03-16,,83.82
2013-03-17,,81.28
2013-03-18,,81.28
2013-03-19,,78.74
2013-03-20,,78.74
2013-03-21,,78.74
2013-03-22,,78.74
2013-03-23,,76.2
2013-03-24,,76.2
2013-03-25,,71.12
2013-03-26,,68.58
2013-03-27,,68.58
2013-03-28,,68.58
2013-03-29,,66.04
2013-03-30,,63.5
2013-03-31,,55.88
2013-04-01,,
2013-04-02,,63.5
2013-04-03,,60.96
2013-04-04,,55.88
2013-04-05,,53.34
2013-04-06,,50.8
2013-04-07,,45.72
2013-04-08,,
2013-04-09,,63.5
2013-04-10,,55.88
2013-04-11,,48.26
2013-04-12,,45.72
2013-04-13,,40.64
2013-04-14,,38.1
2013-04-15,,35.56
2013-04-16,,55.88
2013-04-17,,
2013-04-18,,50.8
2013-04-19,,43.18
2013-04-20,,38.1
2013-04-21,,33.02
2013-04-22,,27.94
2013-04-23,,22.86
2013-04-24,,20.32
2013-04-25,,15.24
2013-04-26,,12.7
2013-04-27,,5.08
2013-04-28,,0.0
2013-04-29,,-5.08
2013-04-30,,0.0
2013-05-01,,0.0
2013-05-02,,0.0
2013-05-03,,-2.54
2013-05-04,,0.0
2013-05-05,,-2.54
2013-05-06,,0.0
2013-05-07,,0.0
2013-05-08,,0.0
2013-05-09,,0.0
2013-05-10,,0.0
2013-05-11,,0.0
2013-05-12,,0.0
2013-05-13,,0.0
2013-05-14,,0.0
2013-05-15,,0.0
2013-05-16,,-2.54
2013-05-17,,-2.54
2013-05-18,,0.0
2013-05-19,,0.0
2013-05-20,,0.0
2013-05-21,,-2.54
2013-05-22,,-2.54
2013-05-23,,0.0
2013-05-24,,0.0
2013-05-25,,0.0
2013-05-26,,0.0
2013-05-27,,0.0
2013-05-28,,0.0
2013-05-29,,-2.54
2013-05-30,,0.0
2013-05-31,,-2.54
2013-06-01,,0.0
2013-06-02,,-5.08
2013-06-03,,-2.54
2013-06-04,,-2.54
2013-06-05,,-2.54
2013-06-06,,-2.54
2013-06-07,,-2.54
2013-06-08,,-5.08
2013-06-09,,-2.54
2013-06-10,,
2013-06-11,,-5.08
2013-06-12,,-5.08
2013-06-13,,-2.54
2013-06-14,,-2.54
2013-06-15,,-2.54
2013-06-16,,-2.54
2013-06-17,,-5.08
2013-06-18,,-2.54
2013-06-19,,0.0
2013-06-20,,0.0
2013-06-21,,0.0
2013-06-22,,-2.54
2013-06-23,,-2.54
2013-06-24,,0.0
2013-06-25,,-5.08
2013-06-26,,-2.54
2013-06-27,,-2.54
2013-06-28,,-2.54
2013-06-29,,-2.54
2013-06-30,,
2013-07-01,,
2013-07-02,,-5.08
2013-07-03,,-2.54
2013-07-04,,-2.54
2013-07-05,,-5.08
2013-07-06,,0.0
2013-07-07,,-2.54
2013-07-08,,-2.54
2013-07-09,,-5.08
2013-07-10,,-5.08
2013-07-11,,-5.08
2013-07-12,,-2.54
2013-07-13,,-2.54
2013-07-14,,-5.08
2013-07-15,,-2.54
2013-07-16,,-2.54
2013-07-17,,-2.54
2013-07-18,,-5.08
2013-07-19,,-2.54
2013-07-20,,-5.08
2013-07-21,,
2013-07-22,,
2013-07-23,,
2013-07-24,,
2013-07-25,,-5.08
2013-07-26,,-2.54
2013-07-27,,-2.54
2013-07-28,,-2.54
2013-07-29,,-2.54
2013-07-30,,-2.54
2013-07-31,,-5.08
2013-08-01,,-5.08
2013-08-02,,-2.54
2013-08-03,,-2.54
2013-08-04,,-5.08
2013-08-05,,-5.08
2013-08-06,,-5.08
2013-08-07,,-5.08
2013-08-08,,-2.54
2013-08-09,,-2.54
2013-08-10,,
2013-08-11,,0.0
2013-08-12,,-5.08
2013-08-13,,-2.54
2013-08-14,,-2.54
2013-08-15,,-2.54
2013-08-16,,-2.54
2013-08-17,,-5.08
2013-08-18,,-5.08
2013-08-19,,
2013-08-20,,
2013-08-21,,
2013-08-22,,-2.54
2013-08-23,,-2.54
2013-08-24,,-2.54
2013-08-25,,-2.54
2013-08-26,,-2.54
2013-08-27,,-2.54
2013-08-28,,-5.08
2013-08-29,,-5.08
2013-08-30,,-5.08
2013-08-31,,-5.08
2013-09-01,,
2013-09-02,,
2013-09-03,,
2013-09-04,,-5.08
2013-09-05,,
2013-09-06,,-5.08
2013-09-07,,
2013-09-08,,-2.54
2013-09-09,,-5.08
2013-09-10,,-5.08
2013-09-11,,
2013-09-12,,
2013-09-13,,-2.54
2013-09-14,,-5.08
2013-09-15,,0.0
2013-09-16,,-2.54
2013-09-17,,-2.54
2013-09-18,,-5.08
2013-09-19,,-5.08
2013-09-20,,-2.54
2013-09-21,,-5.08
2013-09-22,,0.0
2013-09-23,,0.0
2013-09-24,,-2.54
2013-09-25,,0.0
2013-09-26,,0.0
2013-09-27,,0.0
2013-09-28,,0.0
2013-09-29,,-2.54
2013-09-30,,-2.54
2013-10-01,0.0,-2.54
2013-10-02,0.0,-2.54
2013-10-03,0.0,-2.54
2013-10-04,0.0,-2.54
2013-10-05,0.0,0.0
2013-10-06,0.0,-2.54
2013-10-07,0.0,-2.54
2013-10-08,0.0,0.0
2013-10-09,0.0,-2.54
2013-10-10,0.0,
2013-10-11,0.0,5.08
2013-10-12,0.0,0.0
2013-10-13,0.0,0.0
2013-10-14,0.0,0.0
2013-10-15,0.0,0.0
2013-10-16,0.0,0.0
2013-10-17,0.0,0.0
2013-10-18,0.0,0.0
2013-10-19,0.0,0.0
2013-10-20,0.0,0.0
2013-10-21,0.0,0.0
2013-10-22,0.0,0.0
2013-10-23,0.0,0.0
2013-10-24,0.0,0.0
2013-10-25,0.0,0.0
2013-10-26,0.0,0.0
2013-10-27,0.0,0.0
2013-10-28,0.0,2.54
2013-10-29,0.0,5.08
2013-10-30,0.0,2.54
2013-10-31,0.0,5.08
2013-11-01,0.0,2.54
2013-11-02,0.0,0.0
2013-11-03,0.0,0.0
2013-11-04,0.0,0.0
2013-11-05,0.0,0.0
2013-11-06,0.0,-2.54
2013-11-07,0.0,0.0
2013-11-08,0.0,0.0
2013-11-09,0.0,0.0
2013-11-10,0.0,-2.54
2013-11-11,0.0,0.0
2013-11-12,0.0,-2.54
2013-11-13,0.0,0.0
2013-11-14,0.0,0.0
2013-11-15,0.0,0.0
2013-11-16,0.0,0.0
2013-11-17,0.0,0.0
2013-11-18,0.0,0.0
2013-11-19,0.0,-2.54
2013-11-20,0.0,-2.54
2013-11-21,0.0,
2013-11-22,0.0,7.62
2013-11-23,0.0,7.62
2013-11-24,0.0,7.62
2013-11-25,0.0,7.62
2013-11-26,0.0,7.62
2013-11-27,0.0,7.62
2013-11-28,0.0,7.62
2013-11-29,0.0,7.62
2013-11-30,0.0,7.62
2013-12-01,0.0,7.62
2013-12-02,0.0,7.62
2013-12-03,0.0,5.08
2013-12-04,0.0,
2013-12-05,0.0,
2013-12-06,0.0,12.7
2013-12-07,0.0,
2013-12-08,0.0,35.56
2013-12-09,0.0,30.48
2013-12-10,,27.94
2013-12-11,,25.4
2013-12-12,,22.86
2013-12-13,,22.86
2013-12-14,,20.32
2013-12-15,,20.32
2013-12-16,,20.32
2013-12-17,,20.32
2013-12-18,,17.78
2013-12-19,,17.78
2013-12-20,,
2013-12-21,,25.4
2013-12-22,,25.4
2013-12-23,,22.86
2013-12-24,,22.86
2013-12-25,,25.4
2013-12-26,,25.4
2013-12-27,,22.86
2013-12-28,,25.4
2013-12-29,,25.4
2013-12-30,,25.4
2013-12-31,,22.86
2014-01-01,,25.4
2014-01-02,,22.86
2014-01-03,,22.86
2014-01-04,,25.4
2014-01-05,,25.4
2014-01-06,,22.86
2014-01-07,,22.86
2014-01-08,,22.86
2014-01-09,,20.32
2014-01-10,,20.32
2014-01-11,,22.86
2014-01-12,,25.4
2014-01-13,,22.86
2014-01-14,,25.4
2014-01-15,,25.4
2014-01-16,,25.4
2014-01-17,,25.4
2014-01-18,,25.4
2014-01-19,,25.4
2014-01-20,,25.4
2014-01-21,,25.4
2014-01-22,,25.4
2014-01-23,,25.4
2014-01-24,,27.94
2014-01-25,,25.4
2014-01-26,,27.94
2014-01-27,,25.4
2014-01-28,,25.4
2014-01-29,,20.32
2014-01-30,,
2014-01-31,,
2014-02-01,,58.42
2014-02-02,,55.88
2014-02-03,,55.88
2014-02-04,,53.34
2014-02-05,,48.26
2014-02-06,,50.8
2014-02-07,,48.26
2014-02-08,,53.34
2014-02-09,,53.34
2014-02-10,,
2014-02-11,,55.88
2014-02-12,,53.34
2014-02-13,,53.34
2014-02-14,,50.8
2014-02-15,,50.8
2014-02-16,,58.42
2014-02-17,,58.42
2014-02-18,,55.88
2014-02-19,,55.88
2014-02-20,,53.34
2014-02-21,,55.88
2014-02-22,,55.88
2014-02-23,,53.34
2014-02-24,,53.34
2014-02-25,,53.34
2014-02-26,,50.8
2014-02-27,,68.58
2014-02-28,,63.5
2014-03-01,,88.9
2014-03-02,,83.82
2014-03-03,,78.74
2014-03-04,,76.2
2014-03-05,,73.66
2014-03-06,,71.12
2014-03-07,,71.12
2014-03-08,,71.12
2014-03-09,,68.58
2014-03-10,,68.58
2014-03-11,,68.58
2014-03-12,,68.58
2014-03-13,,66.04
2014-03-14,,68.58
2014-03-15,,66.04
2014-03-16,,66.04
2014-03-17,,63.5
2014-03-18,,60.96
2014-03-19,,63.5
2014-03-20,,60.96
2014-03-21,,60.96
2014-03-22,,58.42
2014-03-23,,55.88
2014-03-24,,55.88
2014-03-25,,55.88
2014-03-26,,
2014-03-27,,71.12
2014-03-28,,68.58
2014-03-29,,60.96
2014-03-30,,78.74
2014-03-31,,76.2
2014-04-01,,
2014-04-02,,78.74
2014-04-03,,73.66
2014-04-04,,73.66
2014-04-05,,71.12
2014-04-06,,68.58
2014-04-07,,66.04
2014-04-08,,63.5
2014-04-09,,58.42
2014-04-10,,58.42
2014-04-11,,53.34
2014-04-12,,
2014-04-13,,
2014-04-14,,
2014-04-15,,38.1
2014-04-16,,33.02
2014-04-17,,30.48
2014-04-18,,22.86
2014-04-19,,20.32
2014-04-20,,15.24
2014-04-21,,12.7
2014-04-22,,
2014-04-23,,7.62
2014-04-24,,5.08
2014-04-25,,0.0
2014-04-26,,12.7
2014-04-27,,2.54
2014-04-28,,2.54
2014-04-29,,0.0
2014-04-30,,0.0
2014-05-01,,0.0
2014-05-02,,0.0
2014-05-03,,0.0
2014-05-04,,0.0
2014-05-05,,0.0
2014-05-06,,-2.54
2014-05-07,,0.0
2014-05-08,,0.0
2014-05-09,,-2.54
2014-05-10,,0.0
2014-05-11,,0.0
2014-05-12,,0.0
2014-05-13,,0.0
2014-05-14,,0.0
2014-05-15,,-2.54
2014-05-16,,-2.54
2014-05-17,,-2.54
2014-05-18,,-2.54
2014-05-19,,0.0
2014-05-20,,0.0
2014-05-21,,
2014-05-22,,0.0
2014-05-23,,0.0
2014-05-24,,-2.54
2014-05-25,,-2.54
2014-05-26,,-2.54
2014-05-27,,
2014-05-28,,-5.08
2014-05-29,,-5.08
2014-05-30,,-5.08
2014-05-31,,-5.08
2014-06-01,,-2.54
2014-06-02,,-2.54
2014-06-03,,0.0
2014-06-04,,-2.54
2014-06-05,,
2014-06-06,,-5.08
2014-06-07,,-5.08
2014-06-08,,-5.08
2014-06-09,,-2.54
2014-06-10,,-2.54
2014-06-11,,-2.54
2014-06-12,,-2.54
2014-06-13,,-2.54
2014-06-14,,
2014-06-15,,-5.08
2014-06-16,,-2.54
2014-06-17,,-2.54
2014-06-18,,0.0
2014-06-19,,-2.54
2014-06-20,,-2.54
2014-06-21,,-5.08
2014-06-22,,-2.54
2014-06-23,,-2.54
2014-06-24,,-2.54
2014-06-25,,-2.54
2014-06-26,,-2.54
2014-06-27,,-5.08
2014-06-28,,-2.54
2014-06-29,,-5.08
2014-06-30,,-5.08
2014-07-01,,-5.08
2014-07-02,,-2.54
2014-07-03,,-5.08
2014-07-04,,-5.08
2014-07-05,,-5.08
2014-07-06,,-5.08
2014-07-07,,-5.08
2014-07-08,,-5.08
2014-07-09,,-5.08
2014-07-10,,-5.08
2014-07-11,,-5.08
2014-07-12,,-2.54
2014-07-13,,-5.08
2014-07-14,,-5.08
2014-07-15,,-5.08
2014-07-16,,-2.54
2014-07-17,,-5.08
2014-07-18,,-5.08
2014-07-19,,
2014-07-20,,-2.54
2014-07-21,,-2.54
2014-07-22,,-5.08
2014-07-23,,0.0
2014-07-24,,-5.08
2014-07-25,,-2.54
2014-07-26,,-2.54
2014-07-27,,-2.54
2014-07-28,,-5.08
2014-07-29,,
2014-07-30,,-2.54
2014-07-31,,-2.54
2014-08-01,,-2.54
2014-08-02,,-2.54
2014-08-03,,-2.54
2014-08-04,,-2.54
2014-08-05,,-2.54
2014-08-06,,-2.54
2014-08-07,,-2.54
2014-08-08,,-2.54
2014-08-09,,-2.54
2014-08-10,,-2.54
2014-08-11,,0.0
2014-08-12,,-2.54
2014-08-13,,-2.54
2014-08-14,,-2.54
2014-08-15,,-2.54
2014-08-16,,-2.54
2014-08-17,,-2.54
2014-08-18,,-2.54
2014-08-19,,-2.54
2014-08-20,,-2.54
2014-08-21,,-2.54
2014-08-22,,-2.54
2014-08-23,,0.0
2014-08-24,,-2.54
2014-08-25,,-2.54
2014-08-26,,-2.54
2014-08-27,,-2.54
2014-08-28,,-2.54
2014-08-29,,-2.54
2014-08-30,,-2.54
2014-08-31,,-2.54
2014-09-01,,-2.54
2014-09-02,,-2.54
2014-09-03,,-2.54
2014-09-04,,-2.54
2014-09-05,,-2.54
2014-09-06,,-2.54
2014-09-07,,-2.54
2014-09-08,,-2.54
2014-09-09,,0.0
2014-09-10,,-2.54
2014-09-11,,-2.54
2014-09-12,,-2.54
2014-09-13,,-2.54
2014-09-14,,-2.54
2014-09-15,,-2.54
2014-09-16,,-2.54
2014-09-17,,-2.54
2014-09-18,,-2.54
2014-09-19,,0.0
2014-09-20,,0.0
2014-09-21,,-2.54
2014-09-22,,-2.54
2014-09-23,,0.0
2014-09-24,,0.0
2014-09-25,,-2.54
2014-09-26,,0.0
2014-09-27,,
2014-09-28,,0.0
2014-09-29,,0.0
2014-09-30,,0.0
2014-10-01,0.0,0.0
2014-10-02,0.0,0.0
2014-10-03,0.0,0.0
2014-10-04,0.0,0.0
2014-10-05,0.0,0.0
2014-10-06,0.0,0.0
2014-10-07,0.0,-2.54
2014-10-08,0.0,0.0
2014-10-09,0.0,0.0
2014-10-10,0.0,0.0
2014-10-11,0.0,0.0
2014-10-12,0.0,-2.54
2014-10-13,0.0,0.0
2014-10-14,0.0,-5.08
2014-10-15,0.0,0.0
2014-10-16,0.0,0.0
2014-10-17,0.0,0.0
2014-10-18,0.0,0.0
2014-10-19,0.0,0.0
2014-10-20,0.0,0.0
2014-10-21,0.0,0.0
2014-10-22,0.0,0.0
2014-10-23,0.0,0.0
2014-10-24,0.0,0.0
2014-10-25,0.0,0.0
2014-10-26,0.0,0.0
2014-10-27,0.0,0.0
2014-10-28,0.0,0.0
2014-10-29,0.0,0.0
2014-10-30,0.0,0.0
2014-10-31,0.0,0.0
2014-11-01,0.0,0.0
2014-11-02,0.0,2.54
2014-11-03,0.0,2.54
2014-11-04,0.0,0.0
2014-11-05,0.0,2.54
2014-11-06,0.0,0.0
2014-11-07,0.0,0.0
2014-11-08,0.0,0.0
2014-11-09,0.0,0.0
2014-11-10,0.0,0.0
2014-11-11,0.0,0.0
2014-11-12,0.0,0.0
2014-11-13,0.0,0.0
2014-11-14,0.0,0.0
2014-11-15,0.0,0.0
2014-11-16,0.0,0.0
2014-11-17,0.0,0.0
2014-11-18,0.0,0.0
2014-11-19,0.762,0.0
2014-11-20,0.508,0.0
2014-11-21,0.762,0.0
2014-11-22,1.524,2.54
2014-11-23,0.254,2.54
2014-11-24,0.0,2.54
2014-11-25,0.0,0.0
2014-11-26,0.0,0.0
2014-11-27,0.762,0.0
2014-11-28,1.016,0.0
2014-11-29,1.016,0.0
2014-11-30,1.778,10.16
2014-12-01,2.032,
2014-12-02,1.778,7.62
2014-12-03,3.556,12.7
2014-12-04,3.81,10.16
2014-12-05,3.556,10.16
2014-12-06,3.81,10.16
2014-12-07,3.81,12.7
2014-12-08,3.81,10.16
2014-12-09,3.81,10.16
2014-12-10,3.81,12.7
2014-12-11,4.064,7.62
2014-12-12,3.81,7.62
2014-12-13,4.318,15.24
2014-12-14,4.318,15.24
2014-12-15,4.318,15.24
2014-12-16,4.826,
2014-12-17,4.572,
2014-12-18,4.572,15.24
2014-12-19,4.318,15.24
2014-12-20,5.588,
2014-12-21,5.842,20.32
2014-12-22,5.842,17.78
2014-12-23,6.096,17.78
2014-12-24,5.842,17.78
2014-12-25,6.858,
2014-12-26,6.35,
2014-12-27,5.588,25.4
2014-12-28,5.588,25.4
2014-12-29,5.842,25.4
2014-12-30,5.334,30.48
2014-12-31,5.842,38.1
2015-01-01,5.334,35.56
2015-01-02,5.588,33.02
2015-01-03,5.842,33.02
2015-01-04,6.096,30.48
2015-01-05,6.604,30.48
2015-01-06,7.112,27.94
2015-01-07,7.366,27.94
2015-01-08,7.366,30.48
2015-01-09,7.62,27.94
2015-01-10,7.62,27.94
2015-01-11,7.874,27.94
2015-01-12,8.128,25.4
2015-01-13,8.128,27.94
2015-01-14,8.128,27.94
2015-01-15,8.128,
2015-01-16,7.62,25.4
2015-01-17,8.128,25.4
2015-01-18,8.382,25.4
2015-01-19,8.636,25.4
2015-01-20,8.636,25.4
2015-01-21,8.128,27.94
2015-01-22,7.366,25.4
2015-01-23,7.366,25.4
2015-01-24,6.604,25.4
2015-01-25,6.604,22.86
2015-01-26,6.604,25.4
2015-01-27,7.366,22.86
2015-01-28,8.128,25.4
2015-01-29,8.636,25.4
2015-01-30,8.636,22.86
2015-01-31,8.636,25.4
2015-02-01,8.636,25.4
2015-02-02,8.636,22.86
2015-02-03,8.636,22.86
2015-02-04,8.636,22.86
2015-02-05,8.636,22.86
2015-02-06,9.144,20.32
2015-02-07,11.938,27.94
2015-02-08,11.43,27.94
2015-02-09,11.684,27.94
2015-02-10,11.938,30.48
2015-02-11,11.938,30.48
2015-02-12,12.7,30.48
2015-02-13,12.446,27.94
2015-02-14,11.684,27.94
2015-02-15,10.922,25.4
2015-02-16,10.16,27.94
2015-02-17,9.652,25.4
2015-02-18,9.398,25.4
2015-02-19,8.636,22.86
2015-02-20,8.636,22.86
2015-02-21,8.636,22.86
2015-02-22,9.906,22.86
2015-02-23,10.922,27.94
2015-02-24,9.398,30.48
2015-02-25,8.382,25.4
2015-02-26,8.128,25.4
2015-02-27,8.128,22.86
2015-02-28,8.89,
2015-03-01,10.16,40.64
2015-03-02,10.922,43.18
2015-03-03,11.176,40.64
2015-03-04,10.414,40.64
2015-03-05,10.414,38.1
2015-03-06,10.922,35.56
2015-03-07,11.176,33.02
2015-03-08,11.43,33.02
2015-03-09,11.684,33.02
2015-03-10,11.938,30.48
2015-03-11,12.446,27.94
2015-03-12,12.7,27.94
2015-03-13,12.192,27.94
2015-03-14,11.43,22.86
2015-03-15,10.16,17.78
2015-03-16,8.128,15.24
2015-03-17,7.62,12.7
2015-03-18,6.096,12.7
2015-03-19,5.334,10.16
2015-03-20,4.572,7.62
2015-03-21,3.81,2.54
2015-03-22,3.81,0.0
2015-03-23,3.302,0.0
2015-03-24,2.54,0.0
2015-03-25,1.778,0.0
2015-03-26,1.016,2.54
2015-03-27,0.254,0.0
2015-03-28,0.0,0.0
2015-03-29,0.0,0.0
2015-03-30,0.0,0.0
2015-03-31,0.0,0.0
2015-04-01,0.0,0.0
2015-04-02,0.0,0.0
2015-04-03,0.0,0.0
2015-04-04,0.0,0.0
2015-04-05,0.0,0.0
2015-04-06,0.0,
2015-04-07,0.0,2.54
2015-04-08,0.762,
2015-04-09,2.54,7.62
2015-04-10,1.524,2.54
2015-04-11,0.0,2.54
2015-04-12,0.0,0.0
2015-04-13,0.0,0.0
2015-04-14,0.0,0.0
2015-04-15,0.0,2.54
2015-04-16,0.0,2.54
2015-04-17,0.0,0.0
2015-04-18,0.0,0.0
2015-04-19,0.0,2.54
2015-04-20,0.0,0.0
2015-04-21,0.0,0.0
2015-04-22,0.0,0.0
2015-04-23,0.0,0.0
2015-04-24,0.0,0.0
2015-04-25,0.0,
2015-04-26,0.0,
2015-04-27,0.0,
2015-04-28,0.0,0.0
2015-04-29,0.0,0.0
2015-04-30,0.0,0.0
2015-05-01,0.0,0.0
2015-05-02,0.0,0.0
2015-05-03,0.0,0.0
2015-05-04,0.0,0.0
2015-05-05,0.0,0.0
2015-05-06,0.0,0.0
2015-05-07,0.0,0.0
2015-05-08,0.0,
2015-05-09,0.0,33.02
2015-05-10,0.0,20.32
2015-05-11,0.0,7.62
2015-05-12,0.0,2.54
2015-05-13,0.0,0.0
2015-05-14,0.0,0.0
2015-05-15,0.762,
2015-05-16,2.032,-2.54
2015-05-17,1.524,0.0
2015-05-18,1.27,0.0
2015-05-19,0.762,0.0
2015-05-20,0.508,0.0
2015-05-21,0.0,0.0
2015-05-22,1.524,0.0
2015-05-23,1.27,0.0
2015-05-24,1.016,0.0
2015-05-25,0.762,0.0
2015-05-26,0.508,0.0
2015-05-27,0.254,0.0
2015-05-28,0.0,0.0
2015-05-29,0.0,0.0
2015-05-30,0.0,0.0
2015-05-31,0.0,0.0
2015-06-01,0.0,-2.54
2015-06-02,0.0,0.0
2015-06-03,0.0,0.0
2015-06-04,0.0,0.0
2015-06-05,0.0,0.0
2015-06-06,0.0,0.0
2015-06-07,0.0,0.0
2015-06-08,0.0,0.0
2015-06-09,0.0,-2.54
2015-06-10,0.0,0.0
2015-06-11,0.0,0.0
2015-06-12,0.0,0.0
2015-06-13,0.0,-2.54
2015-06-14,0.0,-2.54
2015-06-15,0.0,-2.54
2015-06-16,0.0,-2.54
2015-06-17,0.0,-2.54
2015-06-18,0.0,-2.54
2015-06-19,0.0,-2.54
2015-06-20,0.0,-2.54
2015-06-21,0.0,-2.54
2015-06-22,0.0,-2.54
2015-06-23,0.0,-2.54
2015-06-24,0.0,-2.54
2015-06-25,0.0,-2.54
2015-06-26,0.0,-2.54
2015-06-27,0.0,-2.54
2015-06-28,0.0,-5.08
2015-06-29,0.0,-2.54
2015-06-30,0.0,-2.54
2015-07-01,0.0,-2.54
2015-07-02,0.0,-2.54
2015-07-03,0.0,-2.54
2015-07-04,0.0,-2.54
2015-07-05,0.0,0.0
2015-07-06,0.0,-2.54
2015-07-07,0.0,-2.54
2015-07-08,0.0,-2.54
2015-07-09,0.0,-2.54
2015-07-10,0.0,0.0
2015-07-11,0.0,0.0
2015-07-12,0.0,-2.54
2015-07-13,0.0,-2.54
2015-07-14,0.0,0.0
2015-07-15,0.0,-2.54
2015-07-16,0.0,-2.54
2015-07-17,0.0,-2.54
2015-07-18,0.0,
2015-07-19,0.0,-2.54
2015-07-20,0.0,-2.54
2015-07-21,0.0,-2.54
2015-07-22,0.0,-5.08
2015-07-23,0.0,-2.54
2015-07-24,0.0,-5.08
2015-07-25,0.0,-2.54
2015-07-26,0.0,-2.54
2015-07-27,0.0,-2.54
2015-07-28,0.0,-2.54
2015-07-29,0.0,-2.54
2015-07-30,0.0,-2.54
2015-07-31,0.0,-2.54
2015-08-01,0.0,-2.54
2015-08-02,0.0,-2.54
2015-08-03,0.0,-2.54
2015-08-04,0.0,-2.54
2015-08-05,0.0,0.0
2015-08-06,0.0,-2.54
2015-08-07,0.0,-2.54
2015-08-08,0.0,-2.54
2015-08-09,0.0,-2.54
2015-08-10,0.0,-2.54
2015-08-11,0.0,-2.54
2015-08-12,0.0,-5.08
2015-08-13,0.0,-2.54
2015-08-14,0.0,-2.54
2015-08-15,0.0,-5.08
2015-08-16,0.0,-2.54
2015-08-17,0.0,-2.54
2015-08-18,0.0,-2.54
2015-08-19,0.0,-2.54
2015-08-20,0.0,-2.54
2015-08-21,0.0,-2.54
2015-08-22,0.0,-2.54
2015-08-23,0.0,-5.08
2015-08-24,0.0,-2.54
2015-08-25,0.0,-2.54
2015-08-26,0.0,-2.54
2015-08-27,0.0,-2.54
2015-08-28,0.0,-2.54
2015-08-29,0.0,-5.08
2015-08-30,0.0,-2.54
2015-08-31,0.0,-2.54
2015-09-01,0.0,
2015-09-02,0.0,-2.54
2015-09-03,0.0,-2.54
2015-09-04,0.0,-2.54
2015-09-05,0.0,-2.54
2015-09-06,0.0,0.0
2015-09-07,0.0,-5.08
2015-09-08,0.0,-2.54
2015-09-09,0.0,-2.54
2015-09-10,0.0,-2.54
2015-09-11,0.0,-5.08
2015-09-12,0.0,-5.08
2015-09-13,0.0,-5.08
2015-09-14,0.0,-5.08
2015-09-15,0.0,-2.54
2015-09-16,0.0,-2.54
2015-09-17,0.0,0.0
2015-09-18,0.0,0.0
2015-09-19,0.0,0.0
2015-09-20,0.0,-5.08
2015-09-21,0.0,-2.54
2015-09-22,0.0,-2.54
2015-09-23,0.0,-5.08
2015-09-24,0.0,-2.54
2015-09-25,0.0,-2.54
2015-09-26,0.0,-5.08
2015-09-27,0.0,
2015-09-28,0.0,-2.54
2015-09-29,0.0,-2.54
2015-09-30,0.0,-2.54
2015-10-01,0.0,-2.54
2015-10-02,0.0,0.0
2015-10-03,0.0,0.0
2015-10-04,0.0,0.0
2015-10-05,0.0,0.0
2015-10-06,0.0,0.0
2015-10-07,0.0,0.0
2015-10-08,0.0,-2.54
2015-10-09,0.0,0.0
2015-10-10,0.0,0.0
2015-10-11,0.0,0.0
2015-10-12,0.0,0.0
2015-10-13,0.0,0.0
2015-10-14,0.0,0.0
2015-10-15,0.0,0.0
2015-10-16,0.0,-2.54
2015-10-17,0.0,0.0
2015-10-18,0.0,0.0
2015-10-19,0.0,0.0
2015-10-20,0.0,0.0
2015-10-21,0.0,0.0
2015-10-22,0.0,0.0
2015-10-23,0.0,0.0
2015-10-24,0.0,0.0
2015-10-25,0.0,0.0
2015-10-26,0.0,0.0
2015-10-27,0.0,0.0
2015-10-28,0.0,0.0
2015-10-29,0.0,0.0
2015-10-30,0.0,0.0
2015-10-31,0.0,0.0
2015-11-01,0.0,0.0
2015-11-02,0.0,0.0
2015-11-03,3.048,30.48
2015-11-04,2.54,22.86
2015-11-05,2.032,22.86
2015-11-06,2.286,20.32
2015-11-07,2.54,17.78
2015-11-08,2.286,15.24
2015-11-09,3.556,
2015-11-10,3.556,25.4
2015-11-11,3.556,25.4
2015-11-12,3.556,20.32
2015-11-13,3.556,20.32
2015-11-14,3.81,17.78
2015-11-15,4.064,15.24
2015-11-16,4.826,
2015-11-17,4.572,27.94
2015-11-18,4.826,25.4
2015-11-19,4.826,22.86
2015-11-20,4.826,22.86
2015-11-21,5.08,20.32
2015-11-22,4.826,20.32
2015-11-23,4.826,20.32
2015-11-24,5.08,17.78
2015-11-25,5.842,33.02
2015-11-26,5.334,
2015-11-27,6.096,
2015-11-28,5.334,35.56
2015-11-29,5.334,33.02
2015-11-30,5.334,33.02
2015-12-01,6.096,27.94
2015-12-02,6.35,27.94
2015-12-03,6.858,25.4
2015-12-04,7.112,33.02
2015-12-05,6.604,33.02
2015-12-06,7.366,30.48
2015-12-07,7.366,30.48
2015-12-08,7.366,
2015-12-09,7.366,25.4
2015-12-10,7.112,25.4
2015-12-11,8.89,40.64
2015-12-12,8.89,
2015-12-13,10.668,
2015-12-14,12.446,
2015-12-15,12.192,63.5
2015-12-16,12.192,60.96
2015-12-17,12.192,53.34
2015-12-18,12.446,55.88
2015-12-19,12.7,
2015-12-20,12.7,
2015-12-21,13.462,58.42
2015-12-22,19.304,93.98
2015-12-23,19.558,86.36
2015-12-24,18.796,83.82
2015-12-25,20.828,111.76
2015-12-26,21.336,
2015-12-27,21.082,101.6
2015-12-28,21.59,93.98
2015-12-29,22.098,
2015-12-30,21.59,
2015-12-31,21.844,88.9
2016-01-01,21.59,93.98
2016-01-02,21.844,91.44
2016-01-03,22.352,88.9
2016-01-04,22.098,83.82
2016-01-05,22.098,81.28
2016-01-06,22.86,93.98
2016-01-07,23.368,
2016-01-08,22.606,
2016-01-09,23.114,86.36
2016-01-10,22.86,86.36
2016-01-11,22.606,86.36
2016-01-12,22.86,86.36
2016-01-13,23.368,83.82
2016-01-14,23.368,86.36
2016-01-15,26.67,109.22
2016-01-16,26.924,106.68
2016-01-17,26.924,101.6
2016-01-18,27.432,99.06
2016-01-19,28.194,106.68
2016-01-20,29.718,114.3
2016-01-21,29.464,111.76
2016-01-22,29.718,106.68
2016-01-23,32.004,119.38
2016-01-24,32.004,121.92
2016-01-25,32.512,119.38
2016-01-26,31.75,116.84
2016-01-27,32.258,114.3
2016-01-28,32.258,111.76
2016-01-29,33.02,106.68
2016-01-30,35.052,
2016-01-31,34.544,106.68
2016-02-01,36.576,
2016-02-02,35.814,134.62
2016-02-03,35.56,124.46
2016-02-04,36.068,119.38
2016-02-05,35.56,116.84
2016-02-06,35.56,114.3
2016-02-07,35.56,111.76
2016-02-08,35.814,109.22
2016-02-09,35.56,106.68
2016-02-10,35.814,104.14
2016-02-11,35.56,104.14
2016-02-12,35.306,101.6
2016-02-13,35.052,99.06
2016-02-14,34.544,96.52
2016-02-15,34.29,96.52
2016-02-16,34.036,96.52
2016-02-17,33.782,93.98
2016-02-18,36.322,124.46
2016-02-19,36.83,127.0
2016-02-20,36.576,119.38
2016-02-21,36.576,111.76
2016-02-22,36.322,111.76
2016-02-23,36.068,106.68
2016-02-24,36.322,106.68
2016-02-25,36.322,104.14
2016-02-26,36.068,101.6
2016-02-27,36.068,101.6
2016-02-28,35.56,99.06
2016-02-29,35.306,96.52
2016-03-01,35.306,93.98
2016-03-02,35.306,91.44
2016-03-03,35.052,91.44
2016-03-04,35.052,91.44
2016-03-05,35.56,88.9
2016-03-06,36.322,
2016-03-07,36.83,109.22
2016-03-08,38.354,124.46
2016-03-09,38.608,116.84
2016-03-10,38.862,109.22
2016-03-11,38.608,99.06
2016-03-12,38.608,106.68
2016-03-13,39.37,106.68
2016-03-14,41.402,119.38
2016-03-15,41.402,116.84
2016-03-16,41.402,109.22
2016-03-17,41.402,106.68
2016-03-18,41.402,106.68
2016-03-19,41.148,104.14
2016-03-20,40.894,101.6
2016-03-21,40.64,99.06
2016-03-22,41.656,
2016-03-23,40.894,114.3
2016-03-24,41.402,109.22
2016-03-25,41.656,104.14
2016-03-26,41.402,101.6
2016-03-27,41.91,101.6
2016-03-28,41.91,99.06
2016-03-29,41.656,106.68
2016-03-30,41.91,
2016-03-31,41.656,99.06
2016-04-01,42.672,101.6
2016-04-02,42.418,99.06
2016-04-03,41.656,96.52
2016-04-04,40.386,91.44
2016-04-05,38.862,86.36
2016-04-06,38.1,86.36
2016-04-07,37.338,78.74
2016-04-08,35.814,76.2
2016-04-09,34.798,73.66
2016-04-10,35.306,76.2
2016-04-11,33.782,71.12
2016-04-12,33.274,68.58
2016-04-13,32.258,63.5
2016-04-14,30.988,60.96
2016-04-15,30.988,60.96
2016-04-16,30.734,58.42
2016-04-17,29.21,53.34
2016-04-18,27.178,48.26
2016-04-19,25.146,45.72
2016-04-20,23.368,40.64
2016-04-21,20.574,38.1
2016-04-22,18.796,30.48
2016-04-23,21.082,63.5
2016-04-24,20.828,48.26
2016-04-25,20.32,43.18
2016-04-26,20.574,43.18
2016-04-27,19.558,38.1
2016-04-28,19.304,43.18
2016-04-29,19.05,40.64
2016-04-30,18.796,45.72
2016-05-01,18.796,43.18
2016-05-02,18.542,38.1
2016-05-03,15.748,30.48
2016-05-04,13.97,25.4
2016-05-05,11.938,22.86
2016-05-06,12.7,33.02
2016-05-07,12.192,15.24
2016-05-08,11.176,22.86
2016-05-09,9.906,20.32
2016-05-10,6.858,12.7
2016-05-11,4.064,7.62
2016-05-12,3.048,0.0
2016-05-13,1.778,0.0
2016-05-14,1.016,-2.54
2016-05-15,0.254,0.0
2016-05-16,0.0,-2.54
2016-05-17,0.0,0.0
2016-05-18,0.0,0.0
2016-05-19,0.0,0.0
2016-05-20,0.0,-2.54
2016-05-21,0.0,
2016-05-22,0.0,
2016-05-23,0.0,
2016-05-24,0.0,0.0
2016-05-25,0.0,0.0
2016-05-26,0.0,0.0
2016-05-27,0.0,0.0
2016-05-28,0.0,0.0
2016-05-29,0.0,0.0
2016-05-30,0.0,-2.54
2016-05-31,0.0,0.0
2016-06-01,0.0,-2.54
2016-06-02,0.0,0.0
2016-06-03,0.0,-2.54
2016-06-04,0.0,-5.08
2016-06-05,0.0,-2.54
2016-06-06,0.0,-5.08
2016-06-07,0.0,-5.08
2016-06-08,0.0,-5.08
2016-06-09,0.0,2.54
2016-06-10,0.0,0.0
2016-06-11,0.0,2.54
2016-06-12,0.0,2.54
2016-06-13,0.0,2.54
2016-06-14,0.0,2.54
2016-06-15,0.0,2.54
2016-06-16,0.0,5.08
2016-06-17,0.0,2.54
2016-06-18,0.0,2.54
2016-06-19,0.0,2.54
2016-06-20,0.0,2.54
2016-06-21,0.0,
2016-06-22,0.0,2.54
2016-06-23,0.0,2.54
2016-06-24,0.0,0.0
2016-06-25,0.0,2.54
2016-06-26,0.0,2.54
2016-06-27,0.0,0.0
2016-06-28,0.0,2.54
2016-06-29,0.0,0.0
2016-06-30,0.0,0.0
2016-07-01,0.0,0.0
2016-07-02,0.0,0.0
2016-07-03,0.0,2.54
2016-07-04,0.0,2.54
2016-07-05,0.0,2.54
2016-07-06,0.0,2.54
2016-07-07,0.0,2.54
2016-07-08,0.0,2.54
2016-07-09,0.0,0.0
2016-07-10,0.0,2.54
2016-07-11,0.0,2.54
2016-07-12,0.0,2.54
2016-07-13,0.0,2.54
2016-07-14,0.0,2.54
2016-07-15,0.0,2.54
2016-07-16,0.0,0.0
2016-07-17,0.0,0.0
2016-07-18,0.0,0.0
2016-07-19,0.0,0.0
2016-07-20,0.0,2.54
2016-07-21,0.0,2.54
2016-07-22,0.0,0.0
2016-07-23,0.0,-2.54
2016-07-24,0.0,
2016-07-25,0.0,0.0
2016-07-26,0.0,0.0
2016-07-27,0.0,0.0
2016-07-28,0.0,0.0
2016-07-29,0.0,-2.54
2016-07-30,0.0,0.0
2016-07-31,0.0,0.0
2016-08-01,0.0,0.0
2016-08-02,0.0,0.0
2016-08-03,0.0,0.0
2016-08-04,0.0,0.0
2016-08-05,0.0,0.0
2016-08-06,0.0,-2.54
2016-08-07,0.0,0.0
2016-08-08,0.0,0.0
2016-08-09,0.0,0.0
2016-08-10,0.0,0.0
2016-08-11,0.0,0.0
2016-08-12,0.0,2.54
2016-08-13,0.0,0.0
2016-08-14,0.0,0.0
2016-08-15,0.0,0.0
2016-08-16,0.0,0.0
2016-08-17,0.0,0.0
2016-08-18,0.0,0.0
2016-08-19,0.0,0.0
2016-08-20,0.0,0.0
2016-08-21,0.0,0.0
2016-08-22,0.0,0.0
2016-08-23,0.0,2.54
2016-08-24,0.0,5.08
2016-08-25,0.0,2.54
2016-08-26,0.0,2.54
2016-08-27,0.0,0.0
2016-08-28,0.0,0.0
2016-08-29,0.0,0.0
2016-08-30,0.0,0.0
2016-08-31,0.0,-2.54
2016-09-01,0.0,0.0
2016-09-02,0.0,0.0
2016-09-03,0.0,0.0
2016-09-04,0.0,0.0
2016-09-05,0.0,2.54
2016-09-06,0.0,0.0
2016-09-07,0.0,0.0
2016-09-08,0.0,0.0
2016-09-09,0.0,0.0
2016-09-10,0.0,0.0
2016-09-11,0.0,0.0
2016-09-12,0.0,0.0
2016-09-13,0.0,2.54
2016-09-14,0.0,0.0
2016-09-15,0.0,0.0
2016-09-16,0.0,0.0
2016-09-17,0.0,0.0
2016-09-18,0.0,0.0
2016-09-19,0.0,0.0
2016-09-20,0.0,0.0
2016-09-21,0.0,0.0
2016-09-22,0.0,0.0
2016-09-23,0.0,2.54
2016-09-24,0.0,2.54
2016-09-25,0.0,0.0
2016-09-26,0.0,0.0
2016-09-27,0.0,0.0
2016-09-28,0.0,0.0
2016-09-29,0.0,0.0
2016-09-30,0.0,0.0
2016-10-01,0.0,0.0
2016-10-02,0.0,0.0
2016-10-03,0.0,2.54
2016-10-04,0.0,2.54
2016-10-05,0.0,2.54
2016-10-06,0.0,2.54
2016-10-07,0.0,2.54
2016-10-08,0.0,0.0
2016-10-09,0.0,2.54
2016-10-10,0.0,2.54
2016-10-11,0.0,0.0
2016-10-12,0.0,2.54
2016-10-13,0.0,2.54
2016-10-14,0.0,0.0
2016-10-15,0.0,2.54
2016-10-16,0.0,0.0
2016-10-17,0.0,2.54
2016-10-18,0.0,2.54
2016-10-19,0.0,2.54
2016-10-20,0.0,2.54
2016-10-21,0.0,2.54
2016-10-22,0.0,2.54
2016-10-23,0.0,0.0
2016-10-24,0.0,0.0
2016-10-25,0.0,0.0
2016-10-26,0.0,0.0
2016-10-27,0.0,0.0
2016-10-28,0.0,0.0
2016-10-29,0.0,0.0
2016-10-30,0.0,0.0
2016-10-31,0.0,2.54
2016-11-01,0.0,2.54
2016-11-02,0.0,5.08
2016-11-03,0.0,2.54
2016-11-04,0.0,2.54
2016-11-05,0.0,2.54
2016-11-06,0.0,2.54
2016-11-07,0.0,2.54
2016-11-08,0.0,0.0
2016-11-09,0.0,2.54
2016-11-10,0.0,0.0
2016-11-11,0.0,2.54
2016-11-12,0.0,2.54
2016-11-13,0.0,2.54
2016-11-14,0.0,0.0
2016-11-15,0.0,0.0
2016-11-16,0.254,0.0
2016-11-17,0.0,2.54
2016-11-18,0.0,2.54
2016-11-19,0.0,0.0
2016-11-20,0.0,2.54
2016-11-21,0.0,0.0
2016-11-22,0.0,2.54
2016-11-23,0.0,
2016-11-24,0.0,7.62
2016-11-25,0.0,7.62
2016-11-26,0.0,5.08
2016-11-27,0.0,10.16
2016-11-28,0.762,25.4
2016-11-29,1.27,22.86
2016-11-30,1.524,20.32
2016-12-01,2.032,17.78
2016-12-02,2.032,17.78
2016-12-03,2.032,17.78
2016-12-04,2.032,17.78
2016-12-05,2.032,15.24
2016-12-06,2.032,15.24
2016-12-07,2.032,
2016-12-08,2.54,17.78
2016-12-09,3.302,15.24
2016-12-10,3.81,15.24
2016-12-11,5.842,15.24
2016-12-12,7.112,17.78
2016-12-13,4.826,15.24
2016-12-14,6.858,15.24
2016-12-15,6.604,15.24
2016-12-16,8.382,22.86
2016-12-17,9.144,22.86
2016-12-18,9.144,22.86
2016-12-19,4.826,22.86
2016-12-20,4.318,22.86
2016-12-21,4.064,22.86
2016-12-22,4.572,22.86
2016-12-23,4.826,22.86
2016-12-24,8.128,48.26
2016-12-25,9.398,45.72
2016-12-26,9.652,43.18
2016-12-27,9.906,38.1
2016-12-28,10.414,38.1
2016-12-29,10.668,33.02
2016-12-30,10.668,35.56
2016-12-31,10.668,35.56
2017-01-01,10.414,35.56
2017-01-02,9.906,35.56
2017-01-03,10.668,40.64
2017-01-04,15.24,66.04
2017-01-05,22.098,93.98
2017-01-06,20.828,91.44
2017-01-07,21.59,83.82
2017-01-08,24.13,86.36
2017-01-09,26.924,83.82
2017-01-10,28.702,111.76
2017-01-11,34.29,144.78
2017-01-12,35.814,154.94
2017-01-13,37.338,165.1
2017-01-14,36.83,
2017-01-15,35.814,
2017-01-16,35.306,137.16
2017-01-17,35.052,134.62
2017-01-18,35.56,127.0
2017-01-19,38.608,144.78
2017-01-20,40.894,157.48
2017-01-21,45.212,182.88
2017-01-22,48.006,185.42
2017-01-23,57.404,233.68
2017-01-24,57.658,226.06
2017-01-25,58.166,213.36
2017-01-26,59.182,203.2
2017-01-27,59.182,
2017-01-28,59.944,190.5
2017-01-29,60.706,185.42
2017-01-30,61.468,182.88
2017-01-31,62.23,175.26
2017-02-01,62.23,172.72
2017-02-02,63.246,170.18
2017-02-03,63.754,162.56
2017-02-04,65.278,175.26
2017-02-05,65.532,170.18
2017-02-06,66.04,177.8
2017-02-07,70.866,195.58
2017-02-08,73.66,187.96
2017-02-09,81.28,177.8
2017-02-10,82.804,195.58
2017-02-11,85.852,210.82
2017-02-12,85.09,203.2
2017-02-13,84.582,198.12
2017-02-14,84.074,193.04
2017-02-15,83.566,187.96
2017-02-16,83.82,180.34
2017-02-17,84.582,185.42
2017-02-18,85.09,185.42
2017-02-19,84.836,182.88
2017-02-20,86.106,187.96
2017-02-21,94.996,215.9
2017-02-22,97.536,243.84
2017-02-23,99.822,228.6
2017-02-24,99.822,228.6
2017-02-25,100.584,226.06
2017-02-26,101.346,218.44
2017-02-27,103.124,231.14
2017-02-28,103.378,
2017-03-01,103.886,220.98
2017-03-02,104.394,218.44
2017-03-03,104.394,213.36
2017-03-04,105.156,210.82
2017-03-05,107.696,231.14
2017-03-06,110.998,251.46
2017-03-07,111.506,243.84
2017-03-08,112.268,236.22
2017-03-09,112.776,228.6
2017-03-10,113.03,223.52
2017-03-11,112.776,218.44
2017-03-12,112.776,210.82
2017-03-13,112.522,208.28
2017-03-14,112.268,205.74
2017-03-15,112.522,200.66
2017-03-16,112.268,198.12
2017-03-17,110.998,195.58
2017-03-18,110.49,190.5
2017-03-19,109.474,185.42
2017-03-20,108.458,182.88
2017-03-21,108.458,180.34
2017-03-22,110.998,200.66
2017-03-23,112.014,195.58
2017-03-24,113.03,193.04
2017-03-25,115.57,198.12
2017-03-26,115.062,193.04
2017-03-27,115.316,187.96
2017-03-28,114.3,190.5
2017-03-29,114.3,187.96
2017-03-30,116.332,185.42
2017-03-31,114.3,185.42
2017-04-01,114.3,187.96
2017-04-02,115.57,182.88
2017-04-03,113.792,180.34
2017-04-04,113.538,175.26
2017-04-05,113.538,175.26
2017-04-06,111.506,172.72
2017-04-07,112.268,175.26
2017-04-08,118.872,205.74
2017-04-09,120.65,210.82
2017-04-10,121.92,203.2
2017-04-11,122.428,198.12
2017-04-12,123.19,193.04
2017-04-13,122.174,187.96
2017-04-14,124.206,210.82
2017-04-15,124.714,198.12
2017-04-16,124.968,190.5
2017-04-17,124.206,185.42
2017-04-18,120.142,180.34
2017-04-19,118.364,182.88
2017-04-20,119.126,177.8
2017-04-21,118.872,175.26
2017-04-22,117.348,170.18
2017-04-23,115.062,165.1
2017-04-24,113.284,162.56
2017-04-25,111.506,160.02
2017-04-26,110.744,154.94
2017-04-27,106.934,149.86
2017-04-28,104.394,144.78
2017-04-29,103.124,142.24
2017-04-30,103.124,137.16
2017-05-01,100.33,134.62
2017-05-02,97.79,129.54
2017-05-03,95.25,121.92
2017-05-04,92.71,116.84
2017-05-05,88.9,106.68
2017-05-06,85.09,101.6
2017-05-07,81.28,121.92
2017-05-08,77.47,119.38
2017-05-09,73.66,109.22
2017-05-10,69.85,104.14
2017-05-11,66.04,96.52
2017-05-12,62.23,88.9
2017-05-13,58.42,86.36
2017-05-14,54.61,78.74
2017-05-15,50.8,73.66
2017-05-16,46.99,73.66
2017-05-17,43.18,71.12
2017-05-18,39.37,66.04
2017-05-19,35.56,60.96
2017-05-20,31.75,58.42
2017-05-21,27.94,50.8
2017-05-22,24.13,40.64
2017-05-23,20.32,33.02
2017-05-24,16.51,27.94
2017-05-25,12.7,22.86
2017-05-26,8.89,15.24
2017-05-27,5.08,7.62
2017-05-28,0.0,2.54
2017-05-29,0.0,0.0
2017-05-30,0.0,0.0
2017-05-31,0.0,0.0
2017-06-01,0.0,2.54
2017-06-02,0.0,2.54
2017-06-03,0.0,2.54
2017-06-04,0.0,2.54
2017-06-05,0.0,2.54
2017-06-06,0.0,2.54
2017-06-07,0.0,2.54
2017-06-08,0.0,0.0
2017-06-09,0.0,2.54
2017-06-10,0.0,2.54
2017-06-11,0.0,2.54
2017-06-12,0.0,2.54
2017-06-13,0.0,5.08
2017-06-14,0.0,2.54
2017-06-15,0.0,2.54
2017-06-16,0.0,2.54
2017-06-17,0.0,2.54
2017-06-18,0.0,0.0
2017-06-19,0.0,0.0
2017-06-20,0.0,0.0
2017-06-21,0.0,2.54
2017-06-22,0.0,0.0
2017-06-23,0.0,0.0
2017-06-24,0.0,0.0
2017-06-25,0.0,0.0
2017-06-26,0.0,0.0
2017-06-27,0.0,0.0
2017-06-28,0.0,0.0
2017-06-29,0.0,0.0
2017-06-30,0.0,0.0
2017-07-01,0.0,0.0
2017-07-02,0.0,0.0
2017-07-03,0.0,0.0
2017-07-04,0.0,0.0
2017-07-05,0.0,0.0
2017-07-06,0.0,0.0
2017-07-07,0.0,0.0
2017-07-08,0.0,0.0
2017-07-09,0.0,0.0
2017-07-10,0.0,0.0
2017-07-11,0.0,0.0
2017-07-12,0.0,0.0
2017-07-13,0.0,0.0
2017-07-14,0.0,0.0
2017-07-15,0.0,-2.54
2017-07-16,0.0,-2.54
2017-07-17,0.0,0.0
2017-07-18,0.0,0.0
2017-07-19,0.0,0.0
2017-07-20,0.0,0.0
2017-07-21,0.0,0.0
2017-07-22,0.0,0.0
2017-07-23,0.0,0.0
2017-07-24,0.0,0.0
2017-07-25,0.0,0.0
2017-07-26,0.0,0.0
2017-07-27,0.0,0.0
2017-07-28,0.0,0.0
2017-07-29,0.0,0.0
2017-07-30,0.0,
2017-07-31,0.0,0.0
2017-08-01,0.0,0.0
2017-08-02,0.0,0.0
2017-08-03,0.0,0.0
2017-08-04,0.0,0.0
2017-08-05,0.0,0.0
2017-08-06,0.0,0.0
2017-08-07,0.0,0.0
2017-08-08,0.0,0.0
2017-08-09,0.0,0.0
2017-08-10,0.0,0.0
2017-08-11,0.0,0.0
2017-08-12,0.0,0.0
2017-08-13,0.0,0.0
2017-08-14,0.0,-2.54
2017-08-15,0.0,0.0
2017-08-16,0.0,0.0
2017-08-17,0.0,0.0
2017-08-18,0.0,0.0
2017-08-19,0.0,0.0
2017-08-20,0.0,0.0
2017-08-21,0.0,-2.54
2017-08-22,0.0,0.0
2017-08-23,0.0,0.0
2017-08-24,0.0,0.0
2017-08-25,0.0,0.0
2017-08-26,0.0,-2.54
2017-08-27,0.0,-5.08
2017-08-28,0.0,-2.54
2017-08-29,0.0,-2.54
2017-08-30,0.0,-2.54
2017-08-31,0.0,-2.54
2017-09-01,0.0,0.0
2017-09-02,0.0,-2.54
2017-09-03,0.0,-2.54
2017-09-04,0.0,-2.54
2017-09-05,0.0,-2.54
2017-09-06,0.0,0.0
2017-09-07,0.0,0.0
2017-09-08,0.0,0.0
2017-09-09,0.0,0.0
2017-09-10,0.0,0.0
2017-09-11,0.0,0.0
2017-09-12,0.0,-2.54
2017-09-13,0.0,0.0
2017-09-14,0.0,0.0
2017-09-15,0.0,0.0
2017-09-16,0.0,0.0
2017-09-17,0.0,2.54
2017-09-18,0.0,0.0
2017-09-19,0.0,0.0
2017-09-20,0.0,0.0
2017-09-21,0.0,0.0
2017-09-22,0.0,2.54
2017-09-23,0.0,2.54
2017-09-24,0.0,2.54
2017-09-25,0.0,2.54
2017-09-26,0.0,2.54
2017-09-27,0.0,2.54
2017-09-28,0.0,2.54
2017-09-29,0.0,2.54
2017-09-30,0.0,2.54
2017-10-01,0.0,2.54
2017-10-02,0.0,2.54
2017-10-03,0.0,2.54
2017-10-04,0.0,
2017-10-05,0.0,2.54
2017-10-06,0.0,2.54
2017-10-07,0.0,2.54
2017-10-08,0.0,2.54
2017-10-09,0.0,2.54
2017-10-10,0.0,2.54
2017-10-11,0.0,2.54
2017-10-12,0.0,2.54
2017-10-13,0.0,2.54
2017-10-14,0.0,5.08
2017-10-15,0.0,2.54
2017-10-16,0.0,2.54
2017-10-17,0.0,2.54
2017-10-18,0.0,2.54
2017-10-19,0.0,2.54
2017-10-20,0.0,2.54
2017-10-21,0.0,2.54
2017-10-22,0.0,2.54
2017-10-23,0.0,0.0
2017-10-24,0.0,2.54
2017-10-25,0.0,2.54
2017-10-26,0.0,2.54
2017-10-27,0.0,2.54
2017-10-28,0.0,2.54
2017-10-29,0.0,2.54
2017-10-30,0.0,0.0
2017-10-31,0.0,2.54
2017-11-01,0.0,2.54
2017-11-02,0.0,2.54
2017-11-03,0.0,2.54
2017-11-04,0.0,2.54
2017-11-05,0.0,2.54
2017-11-06,0.0,2.54
2017-11-07,0.0,5.08
2017-11-08,0.0,2.54
2017-11-09,0.0,0.0
2017-11-10,0.0,2.54
2017-11-11,0.0,2.54
2017-11-12,0.0,0.0
2017-11-13,0.0,2.54
2017-11-14,0.0,2.54
2017-11-15,0.0,2.54
2017-11-16,0.0,2.54
2017-11-17,0.0,5.08
2017-11-18,0.0,7.62
2017-11-19,0.0,7.62
2017-11-20,0.0,5.08
2017-11-21,0.0,5.08
2017-11-22,0.0,2.54
2017-11-23,0.0,2.54
2017-11-24,0.0,2.54
2017-11-25,0.0,2.54
2017-11-26,0.0,2.54
2017-11-27,0.0,7.62
2017-11-28,0.0,10.16
2017-11-29,0.0,7.62
2017-11-30,0.254,7.62
2017-12-01,0.508,7.62
2017-12-02,0.762,5.08
2017-12-03,1.016,7.62
2017-12-04,0.508,12.7
2017-12-05,0.0,12.7
2017-12-06,0.0,12.7
2017-12-07,0.0,12.7
2017-12-08,0.0,12.7
2017-12-09,0.0,12.7
2017-12-10,0.0,12.7
2017-12-11,0.0,12.7
2017-12-12,0.0,10.16
2017-12-13,0.0,12.7
2017-12-14,0.0,10.16
2017-12-15,0.0,12.7
2017-12-16,0.0,10.16
2017-12-17,0.0,12.7
2017-12-18,0.0,12.7
2017-12-19,0.0,12.7
2017-12-20,0.0,10.16
2017-12-21,0.0,20.32
2017-12-22,0.0,17.78
2017-12-23,0.0,15.24
2017-12-24,0.0,12.7
2017-12-25,0.0,12.7
2017-12-26,0.0,12.7
2017-12-27,0.0,15.24
2017-12-28,0.0,12.7
2017-12-29,0.0,12.7
2017-12-30,0.0,12.7
2017-12-31,0.0,12.7
2018-01-01,0.0,12.7
2018-01-02,0.0,12.7
2018-01-03,2.286,10.16
2018-01-04,2.286,10.16
2018-01-05,2.54,10.16
2018-01-06,2.286,10.16
2018-01-07,3.048,15.24
2018-01-08,3.556,12.7
2018-01-09,3.302,12.7
2018-01-10,3.048,10.16
2018-01-11,2.794,12.7
2018-01-12,3.556,12.7
2018-01-13,2.54,12.7
2018-01-14,2.54,12.7
2018-01-15,2.54,12.7
2018-01-16,3.048,12.7
2018-01-17,3.048,12.7
2018-01-18,3.302,10.16
2018-01-19,3.048,7.62
2018-01-20,5.334,38.1
2018-01-21,5.334,35.56
2018-01-22,5.588,30.48
2018-01-23,5.08,27.94
2018-01-24,5.334,25.4
2018-01-25,6.858,38.1
2018-01-26,6.35,38.1
2018-01-27,6.604,35.56
2018-01-28,6.35,30.48
2018-01-29,6.35,30.48
2018-01-30,6.35,27.94
2018-01-31,6.35,25.4
2018-02-01,6.35,22.86
2018-02-02,6.096,22.86
2018-02-03,6.096,22.86
2018-02-04,6.096,22.86
2018-02-05,5.842,22.86
2018-02-06,5.842,20.32
2018-02-07,5.588,20.32
2018-02-08,6.096,20.32
2018-02-09,5.842,20.32
2018-02-10,5.588,17.78
2018-02-11,4.318,17.78
2018-02-12,3.556,17.78
2018-02-13,5.08,22.86
2018-02-14,4.318,22.86
2018-02-15,4.572,22.86
2018-02-16,2.032,22.86
2018-02-17,3.302,22.86
2018-02-18,5.334,20.32
2018-02-19,5.588,22.86
2018-02-20,3.556,27.94
2018-02-21,0.254,27.94
2018-02-22,0.0,27.94
2018-02-23,1.016,27.94
2018-02-24,1.778,35.56
2018-02-25,2.54,33.02
2018-02-26,3.048,30.48
2018-02-27,10.16,58.42
2018-02-28,11.43,55.88
2018-03-01,13.462,48.26
2018-03-02,20.574,
2018-03-03,24.13,142.24
2018-03-04,24.13,124.46
2018-03-05,23.368,114.3
2018-03-06,23.622,104.14
2018-03-07,24.384,96.52
2018-03-08,24.892,86.36
2018-03-09,25.146,83.82
2018-03-10,24.892,78.74
2018-03-11,24.892,76.2
2018-03-12,24.638,71.12
2018-03-13,24.638,68.58
2018-03-14,25.146,
2018-03-15,26.67,88.9
2018-03-16,28.448,106.68
2018-03-17,32.258,137.16
2018-03-18,31.75,124.46
2018-03-19,32.258,114.3
2018-03-20,32.512,106.68
2018-03-21,33.782,99.06
2018-03-22,35.814,96.52
2018-03-23,40.64,114.3
2018-03-24,41.148,111.76
2018-03-25,42.164,121.92
2018-03-26,42.164,114.3
2018-03-27,41.91,109.22
2018-03-28,42.418,106.68
2018-03-29,42.418,101.6
2018-03-30,42.164,99.06
2018-03-31,41.402,93.98
2018-04-01,40.132,91.44
2018-04-02,39.37,
2018-04-03,38.862,86.36
2018-04-04,38.862,81.28
2018-04-05,37.846,78.74
2018-04-06,36.576,76.2
2018-04-07,34.798,68.58
2018-04-08,35.306,68.58
2018-04-09,34.036,66.04
2018-04-10,32.004,63.5
2018-04-11,30.48,58.42
2018-04-12,29.718,63.5
2018-04-13,30.734,58.42
2018-04-14,31.75,55.88
2018-04-15,30.48,53.34
2018-04-16,30.734,71.12
2018-04-17,30.734,76.2
2018-04-18,31.75,66.04
2018-04-19,32.512,60.96
2018-04-20,33.02,58.42
2018-04-21,32.512,53.34
2018-04-22,30.226,50.8
2018-04-23,28.194,45.72
2018-04-24,26.162,40.64
2018-04-25,24.638,38.1
2018-04-26,21.59,30.48
2018-04-27,18.542,25.4
2018-04-28,16.256,20.32
2018-04-29,14.732,15.24
2018-04-30,13.462,15.24
2018-05-01,13.208,20.32
2018-05-02,12.7,12.7
2018-05-03,10.668,10.16
2018-05-04,8.382,5.08
2018-05-05,6.604,2.54
2018-05-06,5.334,2.54
2018-05-07,0.0,0.0
2018-05-08,0.0,2.54
2018-05-09,0.0,0.0
2018-05-10,0.0,0.0
2018-05-11,0.0,0.0
2018-05-12,0.0,2.54
2018-05-13,0.0,2.54
2018-05-14,0.0,2.54
2018-05-15,0.0,2.54
2018-05-16,0.0,2.54
2018-05-17,0.0,2.54
2018-05-18,0.0,0.0
2018-05-19,0.0,0.0
2018-05-20,0.0,0.0
2018-05-21,0.0,0.0
2018-05-22,0.0,0.0
2018-05-23,0.0,0.0
2018-05-24,0.0,0.0
2018-05-25,0.0,0.0
2018-05-26,0.0,2.54
2018-05-27,0.0,2.54
2018-05-28,0.0,0.0
2018-05-29,0.0,2.54
2018-05-30,0.0,2.54
2018-05-31,0.0,0.0
2018-06-01,0.0,2.54
2018-06-02,0.0,0.0
2018-06-03,0.0,0.0
2018-06-04,0.0,0.0
2018-06-05,0.0,2.54
2018-06-06,0.0,0.0
2018-06-07,0.0,2.54
2018-06-08,0.0,2.54
2018-06-09,0.0,2.54
2018-06-10,0.0,2.54
2018-06-11,0.0,2.54
2018-06-12,0.0,2.54
2018-06-13,0.0,0.0
2018-06-14,0.0,0.0
2018-06-15,0.0,0.0
2018-06-16,0.0,0.0
2018-06-17,0.0,0.0
2018-06-18,0.0,2.54
2018-06-19,0.0,0.0
2018-06-20,0.0,0.0
2018-06-21,0.0,0.0
2018-06-22,0.0,0.0
2018-06-23,0.0,0.0
2018-06-24,0.0,0.0
2018-06-25,0.0,0.0
2018-06-26,0.0,-2.54
2018-06-27,0.0,0.0
2018-06-28,0.0,-2.54
2018-06-29,0.0,0.0
2018-06-30,0.0,0.0
2018-07-01,0.0,0.0
2018-07-02,0.0,0.0
2018-07-03,0.0,0.0
2018-07-04,0.0,0.0
2018-07-05,0.0,0.0
2018-07-06,0.0,-2.54
2018-07-07,0.0,-2.54
2018-07-08,0.0,0.0
2018-07-09,0.0,0.0
2018-07-10,0.0,0.0
2018-07-11,0.0,0.0
2018-07-12,0.0,
2018-07-13,0.0,-2.54
2018-07-14,0.0,-2.54
2018-07-15,0.0,0.0
2018-07-16,0.0,0.0
2018-07-17,0.0,0.0
2018-07-18,0.0,0.0
2018-07-19,0.0,0.0
2018-07-20,0.0,-2.54
2018-07-21,0.0,-2.54
2018-07-22,0.0,-2.54
2018-07-23,0.0,-2.54
2018-07-24,0.0,-2.54
2018-07-25,0.0,0.0
2018-07-26,0.0,-2.54
2018-07-27,0.0,0.0
2018-07-28,0.0,0.0
2018-07-29,0.0,0.0
2018-07-30,0.0,0.0
2018-07-31,0.0,-2.54
2018-08-01,0.0,
2018-08-02,0.0,
2018-08-03,0.0,
2018-08-04,0.0,
2018-08-05,0.0,
2018-08-06,0.0,
2018-08-07,0.0,
2018-08-08,0.0,
2018-08-09,0.0,
2018-08-10,0.0,
2018-08-11,0.0,
2018-08-12,0.0,
2018-08-13,0.0,
2018-08-14,0.0,
2018-08-15,0.0,
2018-08-16,0.0,
2018-08-17,0.0,
2018-08-18,0.0,
2018-08-19,0.0,
2018-08-20,0.0,
2018-08-21,0.0,
2018-08-22,0.0,
2018-08-23,0.0,
2018-08-24,0.0,
2018-08-25,0.0,
2018-08-26,0.0,
2018-08-27,0.0,
2018-08-28,0.0,
2018-08-29,0.0,
2018-08-30,0.0,
2018-08-31,0.0,
2018-09-01,0.0,
2018-09-02,0.0,
2018-09-03,0.0,
2018-09-04,0.0,
2018-09-05,0.0,
2018-09-06,0.0,
2018-09-07,0.0,
2018-09-08,0.0,
2018-09-09,0.0,
2018-09-10,0.0,
2018-09-11,0.0,
2018-09-12,0.0,
2018-09-13,0.0,
2018-09-14,0.0,
2018-09-15,0.0,
2018-09-16,0.0,
2018-09-17,0.0,
2018-09-18,0.0,
2018-09-19,0.0,
2018-09-20,0.0,
2018-09-21,0.0,
2018-09-22,0.0,
2018-09-23,0.0,
2018-09-24,0.0,
2018-09-25,0.0,
2018-09-26,0.0,
2018-09-27,0.0,
2018-09-28,0.0,
2018-09-29,0.0,
2018-09-30,0.0,
2018-10-01,0.0,
2018-10-02,0.0,
2018-10-03,0.0,
2018-10-04,0.0,
2018-10-05,0.0,
2018-10-06,0.0,
2018-10-07,0.0,
2018-10-08,0.0,
2018-10-09,0.0,
2018-10-10,0.0,
2018-10-11,0.0,
2018-10-12,0.0,
2018-10-13,0.0,
2018-10-14,0.0,
2018-10-15,0.0,
2018-10-16,0.0,
2018-10-17,0.0,
2018-10-18,0.0,
2018-10-19,0.0,
2018-10-20,0.0,
2018-10-21,0.0,
2018-10-22,0.0,
2018-10-23,0.0,
2018-10-24,0.0,
2018-10-25,0.0,
2018-10-26,0.0,
2018-10-27,0.0,
2018-10-28,0.0,
2018-10-29,0.0,
2018-10-30,0.0,
2018-10-31,0.0,
2018-11-01,0.0,
2018-11-02,0.0,
2018-11-03,0.0,
2018-11-04,0.0,
2018-11-05,0.0,
2018-11-06,0.0,
2018-11-07,0.0,
2018-11-08,0.0,
2018-11-09,0.0,
2018-11-10,0.0,
2018-11-11,0.0,
2018-11-12,0.0,
2018-11-13,0.0,
2018-11-14,0.0,
2018-11-15,0.0,
2018-11-16,0.0,
2018-11-17,0.0,
2018-11-18,0.0,
2018-11-19,0.0,
2018-11-20,0.0,
2018-11-21,0.0,
2018-11-22,0.0,
2018-11-23,0.0,
2018-11-24,0.0,
2018-11-25,0.0,
2018-11-26,0.0,
2018-11-27,0.0,
2018-11-28,4.064,
2018-11-29,5.588,25.4
2018-11-30,7.366,53.34
2018-12-01,7.112,48.26
2018-12-02,8.382,68.58
2018-12-03,8.128,60.96
2018-12-04,8.89,50.8
2018-12-05,9.144,55.88
2018-12-06,9.398,53.34
2018-12-07,8.89,50.8
2018-12-08,8.89,50.8
2018-12-09,9.144,50.8
2018-12-10,9.398,48.26
2018-12-11,8.89,48.26
2018-12-12,9.652,45.72
2018-12-13,9.398,45.72
2018-12-14,9.398,45.72
2018-12-15,9.906,43.18
2018-12-16,10.16,40.64
2018-12-17,10.414,43.18
2018-12-18,10.414,43.18
2018-12-19,10.414,45.72
2018-12-20,10.668,43.18
2018-12-21,10.922,45.72
2018-12-22,10.414,48.26
2018-12-23,10.922,45.72
2018-12-24,10.922,45.72
2018-12-25,11.938,53.34
2018-12-26,11.938,53.34
2018-12-27,12.446,53.34
2018-12-28,12.192,53.34
2018-12-29,11.938,50.8
2018-12-30,12.192,53.34
2018-12-31,12.192,50.8
2019-01-01,11.684,50.8
2019-01-02,11.43,50.8
2019-01-03,11.684,53.34
2019-01-04,11.938,53.34
2019-01-05,11.938,50.8
2019-01-06,13.462,66.04
2019-01-07,16.764,86.36
2019-01-08,17.018,78.74
2019-01-09,17.78,78.74
2019-01-10,18.034,78.74
2019-01-11,17.526,76.2
2019-01-12,17.78,76.2
2019-01-13,18.034,76.2
2019-01-14,18.288,73.66
2019-01-15,18.542,71.12
2019-01-16,20.828,88.9
2019-01-17,24.13,99.06
2019-01-18,25.908,106.68
2019-01-19,25.654,99.06
2019-01-20,25.146,93.98
2019-01-21,28.448,121.92
2019-01-22,27.94,116.84
2019-01-23,27.94,111.76
2019-01-24,27.94,109.22
2019-01-25,28.194,106.68
2019-01-26,28.702,104.14
2019-01-27,29.718,101.6
2019-01-28,29.972,101.6
2019-01-29,30.226,99.06
2019-01-30,29.972,93.98
2019-01-31,29.718,93.98
2019-02-01,29.972,93.98
2019-02-02,30.988,93.98
2019-02-03,33.782,121.92
2019-02-04,36.576,139.7
2019-02-05,40.64,177.8
2019-02-06,41.148,170.18
2019-02-07,40.894,160.02
2019-02-08,41.148,154.94
2019-02-09,42.418,152.4
2019-02-10,45.212,175.26
2019-02-11,46.482,182.88
2019-02-12,47.244,170.18
2019-02-13,49.276,167.64
2019-02-14,54.102,167.64
2019-02-15,59.436,185.42
2019-02-16,62.484,213.36
2019-02-17,62.992,208.28
2019-02-18,63.246,210.82
2019-02-19,62.738,
2019-02-20,62.738,
2019-02-21,62.738,
2019-02-22,64.262,
2019-02-23,63.754,
2019-02-24,64.262,187.96
2019-02-25,64.516,185.42
2019-02-26,65.278,187.96
2019-02-27,66.294,185.42
2019-02-28,67.056,187.96
2019-03-01,67.564,185.42
2019-03-02,67.564,182.88
2019-03-03,71.374,200.66
2019-03-04,71.882,198.12
2019-03-05,71.628,195.58
2019-03-06,73.406,198.12
2019-03-07,77.724,226.06
2019-03-08,77.978,220.98
2019-03-09,77.978,215.9
2019-03-10,77.978,213.36
2019-03-11,78.486,213.36
2019-03-12,78.486,
2019-03-13,78.74,210.82
2019-03-14,78.74,208.28
2019-03-15,78.74,205.74
2019-03-16,78.994,203.2
2019-03-17,79.502,200.66
2019-03-18,80.01,195.58
2019-03-19,80.264,
2019-03-20,81.534,500.38
2019-03-21,81.28,187.96
2019-03-22,81.534,187.96
2019-03-23,82.042,187.96
2019-03-24,82.55,
2019-03-25,82.55,187.96
2019-03-26,82.55,185.42
2019-03-27,82.804,185.42
2019-03-28,86.106,208.28
2019-03-29,86.36,
2019-03-30,86.106,200.66
2019-03-31,86.106,195.58
2019-04-01,86.614,193.04
2019-04-02,88.138,
2019-04-03,88.646,195.58
2019-04-04,89.154,190.5
2019-04-05,89.662,187.96
2019-04-06,89.408,187.96
2019-04-07,89.408,182.88
2019-04-08,88.9,180.34
2019-04-09,88.646,175.26
2019-04-10,88.392,175.26
2019-04-11,88.392,175.26
2019-04-12,88.9,172.72
2019-04-13,88.646,
2019-04-14,87.884,167.64
2019-04-15,86.36,160.02
2019-04-16,84.582,162.56
2019-04-17,84.582,157.48
2019-04-18,84.328,157.48
2019-04-19,82.296,154.94
2019-04-20,81.788,147.32
2019-04-21,81.534,144.78
2019-04-22,81.28,142.24
2019-04-23,80.01,139.7
2019-04-24,77.978,137.16
2019-04-25,75.946,132.08
2019-04-26,74.93,
2019-04-27,73.406,121.92
2019-04-28,71.374,116.84
2019-04-29,70.104,114.3
2019-04-30,68.58,
2019-05-01,66.548,
2019-05-02,65.024,
2019-05-03,63.246,
2019-05-04,61.468,
2019-05-05,57.15,
2019-05-06,53.34,
2019-05-07,49.784,
2019-05-08,46.482,
2019-05-09,43.688,
2019-05-10,41.402,
2019-05-11,39.116,
2019-05-12,35.052,50.8
2019-05-13,31.242,45.72
2019-05-14,27.432,38.1
2019-05-15,24.638,
2019-05-16,22.606,
2019-05-17,22.352,
2019-05-18,21.082,
2019-05-19,20.828,
2019-05-20,20.32,
2019-05-21,18.034,
2019-05-22,18.796,
2019-05-23,19.812,
2019-05-24,19.304,
2019-05-25,16.764,
2019-05-26,14.478,
2019-05-27,13.716,
2019-05-28,11.684,10.16
2019-05-29,8.636,5.08
2019-05-30,5.588,
2019-05-31,3.048,
2019-06-01,1.778,
2019-06-02,0.762,
2019-06-03,0.0,
2019-06-04,0.0,
2019-06-05,0.0,
2019-06-06,0.0,
2019-06-07,0.0,0.0
2019-06-08,0.0,
2019-06-09,0.0,
2019-06-10,0.0,
2019-06-11,0.0,
2019-06-12,0.0,
2019-06-13,0.0,
2019-06-14,0.0,
2019-06-15,0.0,
2019-06-16,0.0,
2019-06-17,0.0,
2019-06-18,0.0,
2019-06-19,0.0,
2019-06-20,0.0,
2019-06-21,0.0,
2019-06-22,0.0,
2019-06-23,0.0,
2019-06-24,0.0,
2019-06-25,0.0,
2019-06-26,0.0,
2019-06-27,0.0,
2019-06-28,0.0,
2019-06-29,0.0,
2019-06-30,0.0,
2019-07-01,0.0,
2019-07-02,0.0,
2019-07-03,0.0,
2019-07-04,0.0,
2019-07-05,0.0,
2019-07-06,0.0,
2019-07-07,0.0,
2019-07-08,0.0,
2019-07-09,0.0,
2019-07-10,0.0,
2019-07-11,0.0,
2019-07-12,0.0,
2019-07-13,0.0,
2019-07-14,0.0,
2019-07-15,0.0,
2019-07-16,0.0,
2019-07-17,0.0,
2019-07-18,0.0,
2019-07-19,0.0,
2019-07-20,0.0,
2019-07-21,0.0,
2019-07-22,0.0,
2019-07-23,0.0,
2019-07-24,0.0,
2019-07-25,0.0,
2019-07-26,0.0,
2019-07-27,0.0,
2019-07-28,0.0,
2019-07-29,0.0,
2019-07-30,0.0,
2019-07-31,0.0,
2019-08-01,0.0,
2019-08-02,0.0,
2019-08-03,0.0,
2019-08-04,0.0,
2019-08-05,0.0,
2019-08-06,0.0,
2019-08-07,0.0,
2019-08-08,0.0,
2019-08-09,0.0,
2019-08-10,0.0,
2019-08-11,0.0,
2019-08-12,0.0,
2019-08-13,0.0,
2019-08-14,0.0,
2019-08-15,0.0,
2019-08-16,0.0,
2019-08-17,0.0,
2019-08-18,0.0,
2019-08-19,0.0,
2019-08-20,0.0,
2019-08-21,0.0,
2019-08-22,0.0,
2019-08-23,0.0,
2019-08-24,0.0,
2019-08-25,0.0,
2019-08-26,0.0,
2019-08-27,0.0,
2019-08-28,0.0,
2019-08-29,0.0,
2019-08-30,0.0,0.0
2019-08-31,0.0,0.0
2019-09-01,0.0,2.54
2019-09-02,0.0,2.54
2019-09-03,0.0,2.54
2019-09-04,0.0,2.54
2019-09-05,0.0,0.0
2019-09-06,0.0,2.54
2019-09-07,0.0,2.54
2019-09-08,0.0,2.54
2019-09-09,0.0,
2019-09-10,0.0,
2019-09-11,0.0,
2019-09-12,0.0,5.08
2019-09-13,0.0,5.08
2019-09-14,0.0,
2019-09-15,0.0,2.54
2019-09-16,0.0,2.54
2019-09-17,0.0,5.08
2019-09-18,0.0,5.08
2019-09-19,0.0,5.08
2019-09-20,0.0,
2019-09-21,0.0,
2019-09-22,0.0,5.08
2019-09-23,0.0,5.08
2019-09-24,0.0,5.08
2019-09-25,0.0,5.08
2019-09-26,0.0,5.08
2019-09-27,0.0,5.08
2019-09-28,0.0,5.08
2019-09-29,0.0,10.16
2019-09-30,0.0,
2019-10-01,0.0,7.62
2019-10-02,0.0,7.62
2019-10-03,0.0,7.62
2019-10-04,0.0,
2019-10-05,0.0,7.62
2019-10-06,0.0,7.62
2019-10-07,0.0,5.08
2019-10-08,0.0,5.08
2019-10-09,0.0,5.08
2019-10-10,0.0,7.62
2019-10-11,0.0,7.62
2019-10-12,0.0,7.62
2019-10-13,0.0,7.62
2019-10-14,0.0,7.62
2019-10-15,0.0,7.62
2019-10-16,0.0,7.62
2019-10-17,0.0,0.0
2019-10-18,0.0,2.54
2019-10-19,0.0,2.54
2019-10-20,0.0,
2019-10-21,0.0,2.54
2019-10-22,0.0,2.54
2019-10-23,0.0,0.0
2019-10-24,0.0,2.54
2019-10-25,0.0,2.54
2019-10-26,0.0,0.0
2019-10-27,0.0,2.54
2019-10-28,0.0,2.54
2019-10-29,0.0,2.54
2019-10-30,0.0,
2019-10-31,0.0,2.54
2019-11-01,0.0,2.54
2019-11-02,0.0,2.54
2019-11-03,0.0,2.54
2019-11-04,0.0,2.54
2019-11-05,0.0,
2019-11-06,0.0,0.0
2019-11-07,0.0,2.54
2019-11-08,0.0,2.54
2019-11-09,0.0,2.54
2019-11-10,0.0,2.54
2019-11-11,0.0,2.54
2019-11-12,0.0,
2019-11-13,0.0,0.0
2019-11-14,0.0,0.0
2019-11-15,0.0,2.54
2019-11-16,0.0,2.54
2019-11-17,0.0,2.54
2019-11-18,0.0,2.54
2019-11-19,0.254,0.0
2019-11-20,0.508,7.62
2019-11-21,1.27,10.16
2019-11-22,1.524,10.16
2019-11-23,1.27,7.62
2019-11-24,0.508,7.62
2019-11-25,0.508,
2019-11-26,0.254,10.16
2019-11-27,3.302,35.56
2019-11-28,3.81,48.26
2019-11-29,4.318,45.72
2019-11-30,4.064,43.18
2019-12-01,5.588,40.64
2019-12-02,8.382,63.5
2019-12-03,9.906,66.04
2019-12-04,10.16,63.5
2019-12-05,10.414,63.5
2019-12-06,10.668,60.96
2019-12-07,11.43,60.96
2019-12-08,14.478,76.2
2019-12-09,14.224,71.12
2019-12-10,13.97,68.58
2019-12-11,14.732,60.96
2019-12-12,14.986,63.5
2019-12-13,14.732,63.5
2019-12-14,15.494,66.04
2019-12-15,15.748,71.12
2019-12-16,15.494,68.58
2019-12-17,15.748,66.04
2019-12-18,16.256,66.04
2019-12-19,16.002,66.04
2019-12-20,16.256,63.5
2019-12-21,16.51,63.5
2019-12-22,16.51,60.96
2019-12-23,16.256,63.5
2019-12-24,17.018,71.12
2019-12-25,16.764,68.58
2019-12-26,17.272,71.12
2019-12-27,16.764,71.12
2019-12-28,16.764,71.12
2019-12-29,17.272,66.04
2019-12-30,17.78,66.04
2019-12-31,17.526,66.04
2020-01-01,17.78,66.04
2020-01-02,17.526,63.5
2020-01-03,17.78,63.5
2020-01-04,18.034,63.5
2020-01-05,17.78,63.5
2020-01-06,17.78,63.5
2020-01-07,18.288,63.5
2020-01-08,18.542,63.5
2020-01-09,18.542,63.5
2020-01-10,18.288,63.5
2020-01-11,19.05,63.5
2020-01-12,18.796,63.5
2020-01-13,19.05,
2020-01-14,19.558,66.04
2020-01-15,19.05,68.58
2020-01-16,19.812,63.5
2020-01-17,22.352,
2020-01-18,21.844,86.36
2020-01-19,21.59,81.28
2020-01-20,22.098,
2020-01-21,22.352,76.2
2020-01-22,22.606,73.66
2020-01-23,21.844,76.2
2020-01-24,22.352,73.66
2020-01-25,22.098,71.12
2020-01-26,22.098,71.12
2020-01-27,22.606,
2020-01-28,22.352,68.58
2020-01-29,22.352,71.12
2020-01-30,22.352,66.04
2020-01-31,23.114,68.58
2020-02-01,22.86,66.04
2020-02-02,23.114,66.04
2020-02-03,23.114,68.58
2020-02-04,23.114,73.66
2020-02-05,23.368,71.12
2020-02-06,24.638,68.58
2020-02-07,24.638,68.58
2020-02-08,24.384,66.04
2020-02-09,24.384,66.04
2020-02-10,24.892,68.58
2020-02-11,24.892,
2020-02-12,25.146,68.58
2020-02-13,24.892,66.04
2020-02-14,25.146,
2020-02-15,25.146,63.5
2020-02-16,24.384,63.5
2020-02-17,24.638,66.04
2020-02-18,24.638,66.04
2020-02-19,24.638,63.5
2020-02-20,25.4,63.5
2020-02-21,25.4,63.5
2020-02-22,25.4,
2020-02-23,25.4,63.5
2020-02-24,25.4,63.5
2020-02-25,25.654,63.5
2020-02-26,25.654,63.5
2020-02-27,25.146,63.5
2020-02-28,24.384,63.5
2020-02-29,24.13,60.96
2020-03-01,23.876,
2020-03-02,24.638,78.74
2020-03-03,24.384,76.2
2020-03-04,24.384,
2020-03-05,24.638,71.12
2020-03-06,24.638,
2020-03-07,24.13,66.04
2020-03-08,23.876,68.58
2020-03-09,24.384,66.04
2020-03-10,24.892,66.04
2020-03-11,25.4,63.5
2020-03-12,24.638,66.04
2020-03-13,24.13,
2020-03-14,23.622,63.5
2020-03-15,25.4,86.36
2020-03-16,27.178,
2020-03-17,27.686,
2020-03-18,27.686,
2020-03-19,27.686,
2020-03-20,27.94,91.44
2020-03-21,28.194,
2020-03-22,28.702,
2020-03-23,29.464,83.82
2020-03-24,29.972,86.36
2020-03-25,31.496,99.06
2020-03-26,32.258,106.68
2020-03-27,32.258,106.68
2020-03-28,33.02,101.6
2020-03-29,34.29,93.98
2020-03-30,34.798,93.98
2020-03-31,35.306,91.44
2020-04-01,34.036,86.36
2020-04-02,33.274,86.36
2020-04-03,33.528,86.36
2020-04-04,33.782,83.82
2020-04-05,34.036,81.28
2020-04-06,36.83,109.22
2020-04-07,37.592,109.22
2020-04-08,37.592,104.14
2020-04-09,38.354,106.68
2020-04-10,38.608,104.14
2020-04-11,38.354,101.6
2020-04-12,37.084,99.06
2020-04-13,36.068,96.52
2020-04-14,35.814,93.98
2020-04-15,35.814,88.9
2020-04-16,34.798,88.9
2020-04-17,33.528,86.36
2020-04-18,33.274,86.36
2020-04-19,32.512,83.82
2020-04-20,32.004,81.28
2020-04-21,32.004,81.28
2020-04-22,29.972,73.66
2020-04-23,27.94,71.12
2020-04-24,26.162,66.04
2020-04-25,24.638,60.96
2020-04-26,22.86,58.42
2020-04-27,20.828,50.8
2020-04-28,18.288,43.18
2020-04-29,14.478,35.56
2020-04-30,11.684,25.4
2020-05-01,8.89,20.32
2020-05-02,6.096,12.7
2020-05-03,4.064,7.62
2020-05-04,1.778,2.54
2020-05-05,0.508,0.0
2020-05-06,0.0,0.0
2020-05-07,0.0,0.0
2020-05-08,0.0,0.0
2020-05-09,0.0,0.0
2020-05-10,0.0,0.0
2020-05-11,0.0,
2020-05-12,0.0,0.0
2020-05-13,0.0,0.0
2020-05-14,0.0,0.0
2020-05-15,0.0,0.0
2020-05-16,0.0,0.0
2020-05-17,0.254,0.0
2020-05-18,0.508,
2020-05-19,0.762,2.54
2020-05-20,0.254,0.0
2020-05-21,0.0,0.0
2020-05-22,0.0,0.0
2020-05-23,0.0,0.0
2020-05-24,0.0,0.0
2020-05-25,0.0,
2020-05-26,0.0,
2020-05-27,0.0,
2020-05-28,0.0,
2020-05-29,0.0,
2020-05-30,0.0,
2020-05-31,0.0,0.0
2020-06-01,0.0,
2020-06-02,0.0,0.0
2020-06-03,0.0,
2020-06-04,0.0,
2020-06-05,0.0,
2020-06-06,0.0,
2020-06-07,0.0,0.0
2020-06-08,0.0,0.0
2020-06-09,0.0,0.0
2020-06-10,0.0,0.0
2020-06-11,0.0,0.0
2020-06-12,0.0,
2020-06-13,0.0,0.0
2020-06-14,0.0,0.0
2020-06-15,0.0,
2020-06-16,0.0,
2020-06-17,0.0,0.0
2020-06-18,0.0,0.0
2020-06-19,0.0,0.0
2020-06-20,0.0,
2020-06-21,0.0,
2020-06-22,0.0,
2020-06-23,0.0,
2020-06-24,0.0,
2020-06-25,0.0,
2020-06-26,0.0,
2020-06-27,0.0,
2020-06-28,0.0,
2020-06-29,0.0,
2020-06-30,0.0,0.0
2020-07-01,0.0,0.0
2020-07-02,0.0,
2020-07-03,0.0,
2020-07-04,0.0,
2020-07-05,0.0,
2020-07-06,0.0,
2020-07-07,0.0,
2020-07-08,0.0,0.0
2020-07-09,0.0,
2020-07-10,0.0,0.0
2020-07-11,0.0,0.0
2020-07-12,0.0,
2020-07-13,0.0,
2020-07-14,0.0,12.7
2020-07-15,0.0,2.54
2020-07-16,0.0,
2020-07-17,0.0,
2020-07-18,0.0,
2020-07-19,0.0,
2020-07-20,0.0,
2020-07-21,0.0,0.0
2020-07-22,0.0,
2020-07-23,0.0,0.0
2020-07-24,0.0,
2020-07-25,0.0,
2020-07-26,0.0,0.0
2020-07-27,0.0,
2020-07-28,0.0,
2020-07-29,0.0,
2020-07-30,0.0,
2020-07-31,0.0,
2020-08-01,0.0,
2020-08-02,0.0,
2020-08-03,0.0,
2020-08-04,0.0,
2020-08-05,0.0,
2020-08-06,0.0,
2020-08-07,0.0,
2020-08-08,0.0,
2020-08-09,0.0,
2020-08-10,0.0,
2020-08-11,0.0,
2020-08-12,0.0,
2020-08-13,0.0,
2020-08-14,0.0,
2020-08-15,0.0,
2020-08-16,0.0,
2020-08-17,0.0,
2020-08-18,0.0,
2020-08-19,0.0,
2020-08-20,0.0,
2020-08-21,0.0,
2020-08-22,0.0,
2020-08-23,0.0,
2020-08-24,0.0,
2020-08-25,0.0,
2020-08-26,0.0,
2020-08-27,0.0,
2020-08-28,0.0,
2020-08-29,0.0,
2020-08-30,0.0,
2020-08-31,0.0,
2020-09-01,0.0,
2020-09-02,0.0,
2020-09-03,0.0,
2020-09-04,0.0,
2020-09-05,0.0,
2020-09-06,0.0,
2020-09-07,0.0,
2020-09-08,0.0,
2020-09-09,0.0,
2020-09-10,0.0,0.0
2020-09-11,0.0,0.0
2020-09-12,0.0,0.0
2020-09-13,0.0,
2020-09-14,0.0,0.0
2020-09-15,0.0,
2020-09-16,0.0,
2020-09-17,0.0,
2020-09-18,0.0,
2020-09-19,0.0,
2020-09-20,0.0,
2020-09-21,0.0,0.0
2020-09-22,0.0,
2020-09-23,0.0,
2020-09-24,0.0,
2020-09-25,0.0,
2020-09-26,0.0,
2020-09-27,0.0,
2020-09-28,0.0,
2020-09-29,0.0,
2020-09-30,0.0,2.54
2020-10-01,0.0,2.54
2020-10-02,0.0,2.54
2020-10-03,0.0,2.54
2020-10-04,0.0,2.54
2020-10-05,0.0,2.54
2020-10-06,0.0,2.54
2020-10-07,0.0,2.54
2020-10-08,0.0,2.54
2020-10-09,0.0,2.54
2020-10-10,0.0,5.08
2020-10-11,0.0,2.54
2020-10-12,0.0,2.54
2020-10-13,0.0,2.54
2020-10-14,0.0,2.54
2020-10-15,0.0,2.54
2020-10-16,0.0,2.54
2020-10-17,0.0,
2020-10-18,0.0,2.54
2020-10-19,0.0,2.54
2020-10-20,0.0,0.0
2020-10-21,0.0,0.0
2020-10-22,0.0,0.0
2020-10-23,0.0,2.54
2020-10-24,0.0,2.54
2020-10-25,0.0,2.54
2020-10-26,0.0,2.54
2020-10-27,0.0,2.54
2020-10-28,0.0,2.54
2020-10-29,0.0,2.54
2020-10-30,0.0,2.54
2020-10-31,0.0,2.54
2020-11-01,0.0,2.54
2020-11-02,0.0,0.0
2020-11-03,0.0,2.54
2020-11-04,0.0,2.54
2020-11-05,0.0,2.54
2020-11-06,0.0,2.54
2020-11-07,0.0,2.54
2020-11-08,0.762,10.16
2020-11-09,1.27,15.24
2020-11-10,1.27,12.7
2020-11-11,1.016,10.16
2020-11-12,1.016,10.16
2020-11-13,2.032,10.16
2020-11-14,2.286,10.16
2020-11-15,2.286,10.16
2020-11-16,2.286,10.16
2020-11-17,2.286,7.62
2020-11-18,2.286,7.62
2020-11-19,5.588,30.48
2020-11-20,5.334,30.48
2020-11-21,5.588,27.94
2020-11-22,5.334,25.4
2020-11-23,5.588,27.94
2020-11-24,5.08,25.4
2020-11-25,5.588,22.86
2020-11-26,5.588,25.4
2020-11-27,4.572,27.94
2020-11-28,4.826,25.4
2020-11-29,4.826,25.4
2020-11-30,5.08,25.4
2020-12-01,5.334,25.4
2020-12-02,5.08,25.4
2020-12-03,5.08,25.4
2020-12-04,5.334,25.4
2020-12-05,5.08,27.94
2020-12-06,5.842,25.4
2020-12-07,5.588,25.4
2020-12-08,5.334,25.4
2020-12-09,5.334,25.4
2020-12-10,5.588,25.4
2020-12-11,5.588,25.4
2020-12-12,6.35,22.86
2020-12-13,5.842,27.94
2020-12-14,7.366,43.18
2020-12-15,7.112,43.18
2020-12-16,7.874,40.64
2020-12-17,8.89,45.72
2020-12-18,9.652,43.18
2020-12-19,9.652,50.8
2020-12-20,9.652,
2020-12-21,9.652,
2020-12-22,9.906,48.26
2020-12-23,9.398,48.26
2020-12-24,9.652,45.72
2020-12-25,9.652,45.72
2020-12-26,10.414,45.72
2020-12-27,10.414,53.34
2020-12-28,10.668,53.34
2020-12-29,11.176,55.88
2020-12-30,10.668,55.88
2020-12-31,11.176,53.34
2021-01-01,10.414,53.34
2021-01-02,11.43,53.34
2021-01-03,11.43,50.8
2021-01-04,11.43,50.8
2021-01-05,11.938,58.42
2021-01-06,12.192,55.88
2021-01-07,12.446,55.88
2021-01-08,12.7,53.34
2021-01-09,12.446,53.34
2021-01-10,12.7,53.34
2021-01-11,12.446,53.34
2021-01-12,12.7,53.34
2021-01-13,12.7,50.8
2021-01-14,12.192,50.8
2021-01-15,12.446,50.8
2021-01-16,12.446,50.8
2021-01-17,12.192,50.8
2021-01-18,12.7,48.26
2021-01-19,12.446,50.8
2021-01-20,12.7,50.8
2021-01-21,12.954,50.8
2021-01-22,12.954,48.26
2021-01-23,12.7,50.8
2021-01-24,13.208,60.96
2021-01-25,13.462,63.5
2021-01-26,13.462,66.04
2021-01-27,15.748,86.36
2021-01-28,21.59,147.32
2021-01-29,25.4,154.94
2021-01-30,25.4,144.78
2021-01-31,25.654,137.16
2021-02-01,25.908,127.0
2021-02-02,25.908,121.92
2021-02-03,26.416,
2021-02-04,25.908,119.38
2021-02-05,25.908,114.3
2021-02-06,25.908,111.76
2021-02-07,26.416,109.22
2021-02-08,26.416,106.68
2021-02-09,27.178,104.14
2021-02-10,27.178,99.06
2021-02-11,27.178,99.06
2021-02-12,29.718,119.38
2021-02-13,30.734,114.3
2021-02-14,31.496,116.84
2021-02-15,32.004,114.3
2021-02-16,32.512,109.22
2021-02-17,32.512,109.22
2021-02-18,32.512,106.68
2021-02-19,32.512,101.6
2021-02-20,32.512,104.14
2021-02-21,32.512,106.68
2021-02-22,32.512,104.14
2021-02-23,32.512,99.06
2021-02-24,32.512,99.06
2021-02-25,32.512,101.6
2021-02-26,32.512,96.52
2021-02-27,32.512,96.52
2021-02-28,32.512,96.52
2021-03-01,32.512,96.52
2021-03-02,32.512,93.98
2021-03-03,32.512,93.98
2021-03-04,32.512,93.98
2021-03-05,32.766,93.98
2021-03-06,33.02,91.44
2021-03-07,33.02,91.44
2021-03-08,33.02,88.9
2021-03-09,33.02,91.44
2021-03-10,33.274,91.44
2021-03-11,33.528,93.98
2021-03-12,35.56,114.3
2021-03-13,35.814,116.84
2021-03-14,36.322,109.22
2021-03-15,37.084,109.22
2021-03-16,37.084,
2021-03-17,37.084,106.68
2021-03-18,37.592,104.14
2021-03-19,38.862,101.6
2021-03-20,40.64,111.76
2021-03-21,40.132,109.22
2021-03-22,39.878,109.22
2021-03-23,40.64,111.76
2021-03-24,41.402,
2021-03-25,42.418,116.84
2021-03-26,42.926,119.38
2021-03-27,42.672,
2021-03-28,42.926,111.76
2021-03-29,43.18,106.68
2021-03-30,42.926,
2021-03-31,42.164,106.68
2021-04-01,42.164,101.6
2021-04-02,41.91,99.06
2021-04-03,40.894,96.52
2021-04-04,39.37,93.98
2021-04-05,38.1,93.98
2021-04-06,36.576,91.44
2021-04-07,36.068,86.36
2021-04-08,35.306,86.36
2021-04-09,35.052,81.28
2021-04-10,34.29,81.28
2021-04-11,32.258,76.2
2021-04-12,30.226,71.12
2021-04-13,29.464,68.58
2021-04-14,28.194,71.12
2021-04-15,29.718,76.2
2021-04-16,30.226,71.12
2021-04-17,29.718,68.58
2021-04-18,,
2021-04-19,27.432,60.96
2021-04-20,25.654,58.42
2021-04-21,24.384,55.88
2021-04-22,24.13,53.34
2021-04-23,22.606,
2021-04-24,20.828,45.72
2021-04-25,19.558,
2021-04-26,19.558,45.72
2021-04-27,19.304,40.64
2021-04-28,19.812,40.64
2021-04-29,18.542,38.1
2021-04-30,15.494,33.02
2021-05-01,12.192,
2021-05-02,8.89,20.32
2021-05-03,6.35,15.24
2021-05-04,4.318,10.16
2021-05-05,2.54,2.54
2021-05-06,1.016,
2021-05-07,0.254,0.0
2021-05-08,0.0,
2021-05-09,0.0,0.0
2021-05-10,0.0,0.0
2021-05-11,0.0,0.0
2021-05-12,0.0,0.0
2021-05-13,0.0,0.0
2021-05-14,0.0,0.0
2021-05-15,0.0,
2021-05-16,0.0,0.0
2021-05-17,0.0,0.0
2021-05-18,0.0,0.0
2021-05-19,0.0,0.0
2021-05-20,0.0,0.0
2021-05-21,0.508,5.08
2021-05-22,0.508,0.0
2021-05-23,0.508,0.0
2021-05-24,0.0,
2021-05-25,0.0,0.0
2021-05-26,0.0,0.0
2021-05-27,0.0,0.0
2021-05-28,0.0,0.0
2021-05-29,0.0,0.0
2021-05-30,0.0,0.0
2021-05-31,0.0,0.0
2021-06-01,0.0,0.0
2021-06-02,0.0,0.0
2021-06-03,0.0,
2021-06-04,0.0,0.0
2021-06-05,0.0,0.0
2021-06-06,0.0,0.0
2021-06-07,0.0,0.0
2021-06-08,0.0,0.0
2021-06-09,0.0,0.0
2021-06-10,0.0,
2021-06-11,0.0,0.0
2021-06-12,0.0,0.0
2021-06-13,0.0,0.0
2021-06-14,0.0,0.0
2021-06-15,0.0,2.54
2021-06-16,0.0,0.0
2021-06-17,0.0,0.0
2021-06-18,0.0,0.0
2021-06-19,0.0,
2021-06-20,0.0,
2021-06-21,0.0,
2021-06-22,0.0,
2021-06-23,0.0,
2021-06-24,0.0,0.0
2021-06-25,0.0,0.0
2021-06-26,0.0,0.0
2021-06-27,0.0,0.0
2021-06-28,0.0,
2021-06-29,0.0,0.0
2021-06-30,0.0,
2021-07-01,0.0,
2021-07-02,0.0,
2021-07-03,0.0,
2021-07-04,0.0,
2021-07-05,0.0,
2021-07-06,0.0,
2021-07-07,0.0,
2021-07-08,0.0,
2021-07-09,0.0,
2021-07-10,0.0,
2021-07-11,0.0,
2021-07-12,0.0,
2021-07-13,0.0,
2021-07-14,0.0,
2021-07-15,0.0,
2021-07-16,0.0,0.0
2021-07-17,0.0,0.0
2021-07-18,0.0,
2021-07-19,0.0,
2021-07-20,0.0,
2021-07-21,0.0,0.0
2021-07-22,0.0,0.0
2021-07-23,0.0,0.0
2021-07-24,0.0,
2021-07-25,0.0,
2021-07-26,0.0,
2021-07-27,0.0,
2021-07-28,0.0,0.0
2021-07-29,0.0,
2021-07-30,0.0,
2021-07-31,0.0,
2021-08-01,0.0,
2021-08-02,0.0,
2021-08-03,0.0,0.0
2021-08-04,0.0,0.0
2021-08-05,0.0,
2021-08-06,0.0,0.0
2021-08-07,0.0,2.54
2021-08-08,0.0,0.0
2021-08-09,0.0,
2021-08-10,0.0,0.0
2021-08-11,0.0,
2021-08-12,0.0,0.0
2021-08-13,0.0,
2021-08-14,0.0,
2021-08-15,0.0,
2021-08-16,0.0,
2021-08-17,0.0,
2021-08-18,0.0,
2021-08-19,0.0,0.0
2021-08-20,0.0,0.0
2021-08-21,0.0,0.0
2021-08-22,0.0,0.0
2021-08-23,0.0,0.0
2021-08-24,0.0,0.0
2021-08-25,0.0,0.0
2021-08-26,0.0,2.54
2021-08-27,0.0,2.54
2021-08-28,0.0,0.0
2021-08-29,0.0,0.0
2021-08-30,0.0,
2021-08-31,0.0,
2021-09-01,0.0,0.0
2021-09-02,0.0,0.0
2021-09-03,0.0,
2021-09-04,0.0,0.0
2021-09-05,0.0,0.0
2021-09-06,0.0,0.0
2021-09-07,0.0,
2021-09-08,0.0,
2021-09-09,0.0,
2021-09-10,0.0,
2021-09-11,0.0,0.0
2021-09-12,0.0,0.0
2021-09-13,0.0,0.0
2021-09-14,0.0,0.0
2021-09-15,0.0,0.0
2021-09-16,0.0,0.0
2021-09-17,0.0,0.0
2021-09-18,0.0,0.0
2021-09-19,0.0,0.0
2021-09-20,0.0,0.0
2021-09-21,0.0,0.0
2021-09-22,0.0,0.0
2021-09-23,0.0,0.0
2021-09-24,0.0,0.0
2021-09-25,0.0,0.0
2021-09-26,0.0,0.0
2021-09-27,0.0,0.0
2021-09-28,0.0,0.0
2021-09-29,0.0,2.54
2021-09-30,0.0,2.54
2021-10-01,0.0,0.0
2021-10-02,0.0,0.0
2021-10-03,0.0,
2021-10-04,0.0,0.0
2021-10-05,0.0,0.0
2021-10-06,0.0,
2021-10-07,0.0,0.0
2021-10-08,0.0,0.0
2021-10-09,0.0,2.54
2021-10-10,0.0,2.54
2021-10-11,0.0,2.54
2021-10-12,1.016,12.7
2021-10-13,1.27,10.16
2021-10-14,1.524,5.08
2021-10-15,1.016,5.08
2021-10-16,1.27,2.54
2021-10-17,0.508,0.0
2021-10-18,1.778,15.24
2021-10-19,1.27,10.16
2021-10-20,2.032,5.08
2021-10-21,1.524,2.54
2021-10-22,0.762,2.54
2021-10-23,0.508,2.54
2021-10-24,0.508,2.54
2021-10-25,1.524,2.54
2021-10-26,4.318,33.02
2021-10-27,4.572,25.4
2021-10-28,4.064,
2021-10-29,3.81,17.78
2021-10-30,3.556,12.7
2021-10-31,3.048,7.62
2021-11-01,3.048,7.62
2021-11-02,2.54,5.08
2021-11-03,1.524,2.54
2021-11-04,1.524,0.0
2021-11-05,0.254,2.54
2021-11-06,0.762,0.0
2021-11-07,0.762,2.54
2021-11-08,0.0,2.54
2021-11-09,1.524,2.54
2021-11-10,0.762,2.54
2021-11-11,0.0,2.54
2021-11-12,0.0,2.54
2021-11-13,0.0,2.54
2021-11-14,0.0,0.0
2021-11-15,0.254,0.0
2021-11-16,0.508,0.0
2021-11-17,0.508,2.54
2021-11-18,0.508,0.0
2021-11-19,0.508,2.54
2021-11-20,0.0,2.54
2021-11-21,0.0,2.54
2021-11-22,0.0,2.54
2021-11-23,0.0,2.54
2021-11-24,0.0,5.08
2021-11-25,0.0,5.08
2021-11-26,0.0,2.54
2021-11-27,0.0,2.54
2021-11-28,0.0,2.54
2021-11-29,0.0,2.54
2021-11-30,0.0,2.54
2021-12-01,0.0,2.54
2021-12-02,0.0,2.54
2021-12-03,0.0,5.08
2021-12-04,0.0,5.08
2021-12-05,0.0,5.08
2021-12-06,0.0,5.08
2021-12-07,0.762,2.54
2021-12-08,0.508,2.54
2021-12-09,1.27,7.62
2021-12-10,0.762,17.78
2021-12-11,1.524,12.7
2021-12-12,2.032,10.16
2021-12-13,3.302,20.32
2021-12-14,9.652,73.66
2021-12-15,11.176,88.9
2021-12-16,14.986,101.6
2021-12-17,15.24,96.52
2021-12-18,15.494,88.9
2021-12-19,15.494,
2021-12-20,15.494,
2021-12-21,15.494,76.2
2021-12-22,15.494,71.12
2021-12-23,16.764,73.66
2021-12-24,21.336,101.6
2021-12-25,23.114,111.76
2021-12-26,27.432,162.56
2021-12-27,28.956,152.4
2021-12-28,30.988,160.02
2021-12-29,30.988,149.86
2021-12-30,31.496,149.86
2021-12-31,32.004,139.7
2022-01-01,31.242,134.62
2022-01-02,31.75,129.54
2022-01-03,32.004,127.0
2022-01-04,32.258,121.92
2022-01-05,32.258,119.38
2022-01-06,32.004,116.84
2022-01-07,32.004,114.3
2022-01-08,31.75,114.3
2022-01-09,31.75,114.3
2022-01-10,31.496,111.76
2022-01-11,31.75,111.76
2022-01-12,32.004,109.22
2022-01-13,32.258,106.68
2022-01-14,32.004,106.68
2022-01-15,32.004,104.14
2022-01-16,32.258,104.14
2022-01-17,32.258,104.14
2022-01-18,32.512,101.6
2022-01-19,32.512,101.6
2022-01-20,32.512,101.6
2022-01-21,32.766,99.06
2022-01-22,32.766,99.06
2022-01-23,32.766,99.06
2022-01-24,33.02,
2022-01-25,33.274,99.06
2022-01-26,33.02,99.06
2022-01-27,33.274,99.06
2022-01-28,33.528,99.06
2022-01-29,33.528,96.52
2022-01-30,33.782,96.52
2022-01-31,34.036,96.52
2022-02-01,33.528,96.52
2022-02-02,33.528,96.52
2022-02-03,33.782,96.52
2022-02-04,33.782,96.52
2022-02-05,33.782,93.98
2022-02-06,33.528,96.52
2022-02-07,33.528,93.98
2022-02-08,33.528,93.98
2022-02-09,33.528,93.98
2022-02-10,33.782,93.98
2022-02-11,34.036,91.44
2022-02-12,34.036,91.44
2022-02-13,34.29,91.44
2022-02-14,34.544,91.44
2022-02-15,34.544,88.9
2022-02-16,35.306,106.68
2022-02-17,35.306,104.14
2022-02-18,35.306,101.6
2022-02-19,35.306,99.06
2022-02-20,35.306,99.06
2022-02-21,35.56,93.98
2022-02-22,35.814,99.06
2022-02-23,35.814,106.68
2022-02-24,35.814,106.68
2022-02-25,36.322,104.14
2022-02-26,36.576,104.14
2022-02-27,37.338,99.06
2022-02-28,37.338,99.06
2022-03-01,37.338,99.06
2022-03-02,37.338,96.52
2022-03-03,37.338,93.98
2022-03-04,37.338,93.98
2022-03-05,37.846,99.06
2022-03-06,37.846,99.06
2022-03-07,37.846,99.06
2022-03-08,37.846,99.06
2022-03-09,37.846,96.52
2022-03-10,37.846,96.52
2022-03-11,37.846,99.06
2022-03-12,37.846,96.52
2022-03-13,37.592,93.98
2022-03-14,37.338,
2022-03-15,35.814,91.44
2022-03-16,35.052,91.44
2022-03-17,34.036,91.44
2022-03-18,33.782,88.9
2022-03-19,33.528,86.36
2022-03-20,33.528,88.9
2022-03-21,33.274,86.36
2022-03-22,33.02,83.82
2022-03-23,32.258,78.74
2022-03-24,31.496,76.2
2022-03-25,30.48,
2022-03-26,29.464,68.58
2022-03-27,28.702,66.04
2022-03-28,27.94,60.96
2022-03-29,28.956,83.82
2022-03-30,29.21,73.66
2022-03-31,28.956,68.58
2022-04-01,28.956,66.04
2022-04-02,28.702,63.5
2022-04-03,27.686,58.42
2022-04-04,27.178,55.88
2022-04-05,26.162,53.34
2022-04-06,24.892,53.34
2022-04-07,24.13,50.8
2022-04-08,22.86,
2022-04-09,21.59,
2022-04-10,20.828,
2022-04-11,20.828,
2022-04-12,22.352,
2022-04-13,23.622,
2022-04-14,25.4,
2022-04-15,25.908,
2022-04-16,25.146,
2022-04-17,27.178,55.88
2022-04-18,26.67,48.26
2022-04-19,25.654,
2022-04-20,25.908,
2022-04-21,25.146,
2022-04-22,26.924,66.04
2022-04-23,26.924,55.88
2022-04-24,26.67,
2022-04-25,26.416,48.26
2022-04-26,24.892,43.18
2022-04-27,22.606,
2022-04-28,20.828,33.02
2022-04-29,19.304,30.48
2022-04-30,17.272,27.94
2022-05-01,14.732,20.32
2022-05-02,12.192,20.32
2022-05-03,9.906,15.24
2022-05-04,7.874,10.16
2022-05-05,5.334,7.62
2022-05-06,2.54,
2022-05-07,0.508,
2022-05-08,0.0,2.54
2022-05-09,0.0,
2022-05-10,0.254,
2022-05-11,0.508,2.54
2022-05-12,0.0,2.54
2022-05-13,0.0,2.54
2022-05-14,0.0,0.0
2022-05-15,0.0,
2022-05-16,0.0,0.0
2022-05-17,0.0,0.0
2022-05-18,0.0,0.0
2022-05-19,0.0,0.0
2022-05-20,0.0,0.0
2022-05-21,0.0,0.0
2022-05-22,0.0,0.0
2022-05-23,0.0,0.0
2022-05-24,0.0,2.54
2022-05-25,0.0,0.0
2022-05-26,0.0,
2022-05-27,0.0,
2022-05-28,0.0,0.0
2022-05-29,0.0,
2022-05-30,0.0,0.0
2022-05-31,0.0,0.0
2022-06-01,0.0,
2022-06-02,0.0,0.0
2022-06-03,0.0,
2022-06-04,0.0,
2022-06-05,0.0,0.0
2022-06-06,0.0,0.0
2022-06-07,0.0,0.0
2022-06-08,0.0,
2022-06-09,0.0,
2022-06-10,0.0,
2022-06-11,0.0,
2022-06-12,0.0,
2022-06-13,0.0,0.0
2022-06-14,0.0,
2022-06-15,0.0,0.0
2022-06-16,0.0,
2022-06-17,0.0,
2022-06-18,0.0,0.0
2022-06-19,0.0,0.0
2022-06-20,0.0,0.0
2022-06-21,0.0,0.0
2022-06-22,0.0,0.0
2022-06-23,0.0,
2022-06-24,0.0,0.0
2022-06-25,0.0,
2022-06-26,0.0,
2022-06-27,0.0,
2022-06-28,0.0,
2022-06-29,0.0,
2022-06-30,0.0,
2022-07-01,0.0,0.0
2022-07-02,0.0,
2022-07-03,0.0,0.0
2022-07-04,0.0,
2022-07-05,0.0,
2022-07-06,0.0,0.0
2022-07-07,0.0,
2022-07-08,0.0,
2022-07-09,0.0,
2022-07-10,0.0,
2022-07-11,0.0,
2022-07-12,0.0,
2022-07-13,0.0,
2022-07-14,0.0,
2022-07-15,0.0,
2022-07-16,0.0,
2022-07-17,0.0,
2022-07-18,0.0,
2022-07-19,0.0,
2022-07-20,0.0,
2022-07-21,0.0,
2022-07-22,0.0,
2022-07-23,0.0,
2022-07-24,0.0,
2022-07-25,0.0,
2022-07-26,0.0,
2022-07-27,0.0,
2022-07-28,0.0,
2022-07-29,0.0,
2022-07-30,0.0,
2022-07-31,0.0,
2022-08-01,0.0,
2022-08-02,0.0,
2022-08-03,0.0,
2022-08-04,0.0,
2022-08-05,0.0,
2022-08-06,0.0,
2022-08-07,0.0,
2022-08-08,0.0,
2022-08-09,0.0,
2022-08-10,0.0,
2022-08-11,0.0,
2022-08-12,0.0,
2022-08-13,0.0,
2022-08-14,0.0,
2022-08-15,0.0,
2022-08-16,0.0,
2022-08-17,0.0,
2022-08-18,0.0,
2022-08-19,0.0,
2022-08-20,0.0,
2022-08-21,0.0,
2022-08-22,0.0,
2022-08-23,0.0,
2022-08-24,0.0,
2022-08-25,0.0,
2022-08-26,0.0,
2022-08-27,0.0,
2022-08-28,0.0,
2022-08-29,0.0,
2022-08-30,0.0,
2022-08-31,0.0,
2022-09-01,0.0,
2022-09-02,0.0,
2022-09-03,0.0,
2022-09-04,0.0,
2022-09-05,0.0,
2022-09-06,0.0,
2022-09-07,0.0,
2022-09-08,0.0,
2022-09-09,0.0,
2022-09-10,0.0,
2022-09-11,0.0,
2022-09-12,0.0,
2022-09-13,0.0,
2022-09-14,0.0,
2022-09-15,0.0,
2022-09-16,0.0,
2022-09-17,0.0,
2022-09-18,0.0,
2022-09-19,0.0,
2022-09-20,0.0,
2022-09-21,0.0,
2022-09-22,0.0,0.0
2022-09-23,0.0,
2022-09-24,0.0,0.0
2022-09-25,0.0,0.0
2022-09-26,0.0,0.0
2022-09-27,0.0,
2022-09-28,0.0,0.0
2022-09-29,0.0,
2022-09-30,0.0,0.0
2022-10-01,0.0,0.0
2022-10-02,0.0,0.0
2022-10-03,0.0,0.0
2022-10-04,0.0,0.0
2022-10-05,0.0,0.0
2022-10-06,0.0,0.0
2022-10-07,0.0,0.0
2022-10-08,0.0,0.0
2022-10-09,0.0,0.0
2022-10-10,0.0,0.0
2022-10-11,0.0,0.0
2022-10-12,0.0,0.0
2022-10-13,0.0,0.0
2022-10-14,0.0,0.0
2022-10-15,0.0,0.0
2022-10-16,0.0,0.0
2022-10-17,0.0,0.0
2022-10-18,0.0,0.0
2022-10-19,0.0,0.0
2022-10-20,0.0,0.0
2022-10-21,0.0,0.0
2022-10-22,0.0,0.0
2022-10-23,0.0,2.54
2022-10-24,0.0,2.54
2022-10-25,0.0,2.54
2022-10-26,0.0,0.0
2022-10-27,0.0,2.54
2022-10-28,0.0,2.54
2022-10-29,0.0,2.54
2022-10-30,0.0,
2022-10-31,0.0,2.54
2022-11-01,0.0,0.0
2022-11-02,1.194,12.7
2022-11-03,0.94,10.16
2022-11-04,1.194,7.62
2022-11-05,1.702,5.08
2022-11-06,1.448,2.54
2022-11-07,1.448,
2022-11-08,2.718,22.86
2022-11-09,6.782,68.58
2022-11-10,6.274,58.42
2022-11-11,6.274,50.8
2022-11-12,6.782,43.18
2022-11-13,7.036,40.64
2022-11-14,6.274,40.64
2022-11-15,6.782,38.1
2022-11-16,6.274,35.56
2022-11-17,6.274,33.02
2022-11-18,6.528,33.02
2022-11-19,6.02,33.02
2022-11-20,6.274,30.48
2022-11-21,6.274,33.02
2022-11-22,6.528,30.48
2022-11-23,6.782,30.48
2022-11-24,6.528,30.48
2022-11-25,6.528,30.48
2022-11-26,6.782,27.94
2022-11-27,6.528,30.48
2022-11-28,6.782,27.94
2022-11-29,6.528,30.48
2022-11-30,6.528,27.94
2022-12-01,6.782,27.94
2022-12-02,9.576,78.74
2022-12-03,10.084,55.88
2022-12-04,11.1,58.42
2022-12-05,12.37,66.04
2022-12-06,12.116,66.04
2022-12-07,12.116,63.5
2022-12-08,11.938,60.96
2022-12-09,12.624,60.96
2022-12-10,12.624,55.88
2022-12-11,20.752,111.76
2022-12-12,22.276,124.46
2022-12-13,22.276,114.3
2022-12-14,22.276,109.22
2022-12-15,22.53,101.6
2022-12-16,22.276,101.6
2022-12-17,22.53,93.98
2022-12-18,22.53,93.98
2022-12-19,22.53,91.44
2022-12-20,23.038,86.36
2022-12-21,22.784,86.36
2022-12-22,23.038,86.36
2022-12-23,23.292,83.82
2022-12-24,23.038,81.28
2022-12-25,23.292,81.28
2022-12-26,23.546,76.2
2022-12-27,25.324,76.2
2022-12-28,28.372,101.6
2022-12-29,28.372,96.52
2022-12-30,29.388,96.52
2022-12-31,29.388,83.82
2023-01-01,39.802,162.56
2023-01-02,40.31,160.02
2023-01-03,41.072,157.48
2023-01-04,41.072,147.32
2023-01-05,43.358,147.32
2023-01-06,47.168,180.34
2023-01-07,47.168,170.18
2023-01-08,47.93,165.1
2023-01-09,49.2,167.64
2023-01-10,56.82,200.66
2023-01-11,62.408,236.22
2023-01-12,63.17,218.44
2023-01-13,63.678,205.74
2023-01-14,64.948,208.28
2023-01-15,70.536,256.54
2023-01-16,73.33,276.86
2023-01-17,76.124,274.32
2023-01-18,75.616,264.16
2023-01-19,76.886,261.62
2023-01-20,76.632,251.46
2023-01-21,76.632,243.84
2023-01-22,76.632,236.22
2023-01-23,76.632,231.14
2023-01-24,76.378,226.06
2023-01-25,76.632,220.98
2023-01-26,76.378,218.44
2023-01-27,76.632,213.36
2023-01-28,76.632,210.82
2023-01-29,76.886,208.28
2023-01-30,77.394,220.98
2023-01-31,76.886,215.9
2023-02-01,77.394,210.82
2023-02-02,77.902,
2023-02-03,78.41,203.2
2023-02-04,78.486,
2023-02-05,79.756,
2023-02-06,82.296,
2023-02-07,82.22,220.98
2023-02-08,82.982,215.9
2023-02-09,83.744,213.36
2023-02-10,84.76,210.82
2023-02-11,86.03,208.28
2023-02-12,87.3,213.36
2023-02-13,87.808,208.28
2023-02-14,88.316,205.74
2023-02-15,88.316,208.28
2023-02-16,88.316,205.74
2023-02-17,89.078,203.2
2023-02-18,89.586,200.66
2023-02-19,90.602,198.12
2023-02-20,91.11,198.12
2023-02-21,92.126,195.58
2023-02-22,93.396,200.66
2023-02-23,95.682,215.9
2023-02-24,97.46,223.52
2023-02-25,102.794,259.08
2023-02-26,105.588,271.78
2023-02-27,107.62,284.48
2023-02-28,112.7,314.96
2023-03-01,116.256,335.28
2023-03-02,116.764,320.04
2023-03-03,117.018,304.8
2023-03-04,117.018,294.64
2023-03-05,119.304,325.12
2023-03-06,122.352,337.82
2023-03-07,123.114,327.66
2023-03-08,123.368,317.5
2023-03-09,123.876,317.5
2023-03-10,129.972,327.66
2023-03-11,134.036,312.42
2023-03-12,138.354,320.04
2023-03-13,142.164,337.82
2023-03-14,142.164,320.04
2023-03-15,144.45,314.96
2023-03-16,144.45,307.34
2023-03-17,143.942,304.8
2023-03-18,143.434,299.72
2023-03-19,143.434,294.64
2023-03-20,144.704,299.72
2023-03-21,144.196,294.64
2023-03-22,144.704,304.8
2023-03-23,144.196,302.26
2023-03-24,143.764,
2023-03-25,143.18,299.72
2023-03-26,142.672,297.18
2023-03-27,141.91,294.64
2023-03-28,142.672,289.56
2023-03-29,145.974,325.12
2023-03-30,146.482,317.5
2023-03-31,147.244,314.96
2023-04-01,147.498,307.34
2023-04-02,147.752,302.26
2023-04-03,148.514,297.18
2023-04-04,148.26,302.26
2023-04-05,148.514,299.72
2023-04-06,148.768,297.18
2023-04-07,149.784,292.1
2023-04-08,150.292,287.02
2023-04-09,150.038,284.48
2023-04-10,149.022,279.4
2023-04-11,147.752,271.78
2023-04-12,145.466,266.7
2023-04-13,145.288,264.16
2023-04-14,145.034,261.62
2023-04-15,146.736,259.08
2023-04-16,146.99,254.0
2023-04-17,146.482,251.46
2023-04-18,145.974,248.92
2023-04-19,146.228,251.46
2023-04-20,146.228,248.92
2023-04-21,146.99,243.84
2023-04-22,144.704,238.76
2023-04-23,141.656,233.68
2023-04-24,138.862,228.6
2023-04-25,137.338,226.06
2023-04-26,135.814,223.52
2023-04-27,133.528,218.44
2023-04-28,131.242,213.36
2023-04-29,129.718,208.28
2023-04-30,128.448,203.2
2023-05-01,127.686,198.12
2023-05-02,127.432,195.58
2023-05-03,130.48,198.12
2023-05-04,130.48,193.04
2023-05-05,130.988,190.5
2023-05-06,130.226,187.96
2023-05-07,129.718,187.96
2023-05-08,127.432,182.88
2023-05-09,125.4,180.34
2023-05-10,124.384,177.8
2023-05-11,121.59,175.26
2023-05-12,118.796,170.18
2023-05-13,116.256,165.1
2023-05-14,113.208,160.02
2023-05-15,110.414,154.94
2023-05-16,107.874,147.32
2023-05-17,104.572,144.78
2023-05-18,101.27,137.16
2023-05-19,97.206,132.08
2023-05-20,91.872,124.46
2023-05-21,90.348,116.84
2023-05-22,87.046,114.3
2023-05-23,84.506,106.68
2023-05-24,80.696,101.6
2023-05-25,76.378,96.52
2023-05-26,73.33,91.44
2023-05-27,71.044,86.36
2023-05-28,65.202,81.28
2023-05-29,60.63,76.2
2023-05-30,56.566,71.12
2023-05-31,52.502,66.04
2023-06-01,49.708,
2023-06-02,43.866,50.8
2023-06-03,39.802,48.26
2023-06-04,33.706,40.64
2023-06-05,27.102,35.56
2023-06-06,20.752,25.4
2023-06-07,17.704,22.86
2023-06-08,12.878,17.78
2023-06-09,9.322,10.16
2023-06-10,6.782,2.54
2023-06-11,5.512,2.54
2023-06-12,3.734,0.0
2023-06-13,1.956,0.0
2023-06-14,0.0,0.0
2023-06-15,0.0,0.0
2023-06-16,0.0,0.0
2023-06-17,0.0,0.0
2023-06-18,0.0,0.0
2023-06-19,0.0,0.0
2023-06-20,0.0,0.0
2023-06-21,0.0,
2023-06-22,0.0,0.0
2023-06-23,0.0,0.0
2023-06-24,0.0,0.0
2023-06-25,0.0,0.0
2023-06-26,0.0,0.0
2023-06-27,0.0,0.0
2023-06-28,0.0,0.0
2023-06-29,0.0,0.0
2023-06-30,0.0,0.0
2023-07-01,0.0,0.0
2023-07-02,0.0,
2023-07-03,0.0,
2023-07-04,0.0,
2023-07-05,0.0,0.0
2023-07-06,0.0,0.0
2023-07-07,0.0,0.0
2023-07-08,0.0,0.0
2023-07-09,0.0,0.0
2023-07-10,0.0,0.0
2023-07-11,0.0,0.0
2023-07-12,0.0,0.0
2023-07-13,0.0,0.0
2023-07-14,0.0,
2023-07-15,0.0,
2023-07-16,0.0,
2023-07-17,0.0,
2023-07-18,0.0,
2023-07-19,0.0,
2023-07-20,0.0,
2023-07-21,0.0,
2023-07-22,0.0,
2023-07-23,0.0,
2023-07-24,0.0,
2023-07-25,0.0,0.0
2023-07-26,0.0,0.0
2023-07-27,0.0,
2023-07-28,0.0,
2023-07-29,0.0,
2023-07-30,0.0,
2023-07-31,0.0,
2023-08-01,0.0,0.0
2023-08-02,0.0,
2023-08-03,0.0,0.0
2023-08-04,0.0,
2023-08-05,0.0,0.0
2023-08-06,0.0,0.0
2023-08-07,0.0,0.0
2023-08-08,0.0,0.0
2023-08-09,0.0,0.0
2023-08-10,0.0,0.0
2023-08-11,0.0,
2023-08-12,0.0,0.0
2023-08-13,0.0,
2023-08-14,0.0,0.0
2023-08-15,0.0,0.0
2023-08-16,0.0,0.0
2023-08-17,0.0,
2023-08-18,0.0,
2023-08-19,0.0,
2023-08-20,0.0,
2023-08-21,0.0,0.0
2023-08-22,0.0,0.0
2023-08-23,0.0,0.0
2023-08-24,0.0,0.0
2023-08-25,0.0,
2023-08-26,0.0,0.0
2023-08-27,0.0,0.0
2023-08-28,0.0,
2023-08-29,0.0,0.0
2023-08-30,0.0,0.0
2023-08-31,0.0,0.0
2023-09-01,0.0,0.0
2023-09-02,0.0,
2023-09-03,0.0,0.0
2023-09-04,0.0,0.0
2023-09-05,0.0,0.0
2023-09-06,0.0,2.54
2023-09-07,0.0,2.54
2023-09-08,0.0,
2023-09-09,0.0,
2023-09-10,0.0,
2023-09-11,0.0,0.0
2023-09-12,0.0,0.0
2023-09-13,0.0,0.0
2023-09-14,0.0,0.0
2023-09-15,0.0,0.0
2023-09-16,0.0,0.0
2023-09-17,0.0,
2023-09-18,0.0,
2023-09-19,0.0,0.0
2023-09-20,0.0,0.0
2023-09-21,0.0,
2023-09-22,0.0,0.0
2023-09-23,0.0,0.0
2023-09-24,0.0,
2023-09-25,0.0,
2023-09-26,0.0,
2023-09-27,0.0,0.0
2023-09-28,0.0,0.0
2023-09-29,0.0,0.0
2023-09-30,0.0,
2023-10-01,0.0,0.0
2023-10-02,0.0,0.0
2023-10-03,0.0,
2023-10-04,0.0,0.0
2023-10-05,0.0,0.0
2023-10-06,0.0,
2023-10-07,0.0,
2023-10-08,0.0,
2023-10-09,0.0,0.0
2023-10-10,0.0,
2023-10-11,0.0,
2023-10-12,0.0,0.0
2023-10-13,0.0,0.0
2023-10-14,0.0,0.0
2023-10-15,0.0,
2023-10-16,0.0,0.0
2023-10-17,0.0,
2023-10-18,0.0,0.0
2023-10-19,0.0,
2023-10-20,0.0,0.0
2023-10-21,0.0,0.0
2023-10-22,0.0,0.0
2023-10-23,0.0,
2023-10-24,0.0,0.0
2023-10-25,0.0,
2023-10-26,0.0,
2023-10-27,0.0,2.54
2023-10-28,0.0,0.0
2023-10-29,0.0,0.0
2023-10-30,0.0,2.54
2023-10-31,0.0,2.54
2023-11-01,0.0,2.54
2023-11-02,0.0,0.0
2023-11-03,0.0,0.0
2023-11-04,0.0,0.0
2023-11-05,0.0,0.0
2023-11-06,0.0,0.0
2023-11-07,1.524,10.16
2023-11-08,1.524,5.08
2023-11-09,1.27,7.62
2023-11-10,1.27,7.62
2023-11-11,1.27,7.62
2023-11-12,1.27,5.08
2023-11-13,1.27,5.08
2023-11-14,1.016,5.08
2023-11-15,0.762,5.08
2023-11-16,2.032,5.08
2023-11-17,2.032,7.62
2023-11-18,1.778,5.08
2023-11-19,2.54,7.62
2023-11-20,2.032,10.16
2023-11-21,1.778,10.16
2023-11-22,1.524,10.16
2023-11-23,1.524,7.62
2023-11-24,1.524,10.16
2023-11-25,1.524,10.16
2023-11-26,1.524,12.7
2023-11-27,1.524,12.7
2023-11-28,1.524,12.7
2023-11-29,1.524,10.16
2023-11-30,1.524,10.16
2023-12-01,1.778,12.7
2023-12-02,1.778,12.7
2023-12-03,1.778,12.7
2023-12-04,1.778,12.7
2023-12-05,1.778,12.7
2023-12-06,1.778,10.16
2023-12-07,3.048,25.4
2023-12-08,3.048,22.86
2023-12-09,2.794,
2023-12-10,2.794,17.78
2023-12-11,2.794,20.32
2023-12-12,2.54,
2023-12-13,2.286,17.78
2023-12-14,2.286,20.32
2023-12-15,2.286,20.32
2023-12-16,2.286,20.32
2023-12-17,2.286,17.78
2023-12-18,2.286,15.24
2023-12-19,3.048,15.24
2023-12-20,3.048,15.24
2023-12-21,3.048,15.24
2023-12-22,3.048,15.24
2023-12-23,3.048,17.78
2023-12-24,3.048,17.78
2023-12-25,3.048,17.78
2023-12-26,3.048,15.24
2023-12-27,3.048,15.24
2023-12-28,3.048,15.24
2023-12-29,3.048,17.78
2023-12-30,3.048,17.78
2023-12-31,3.048,17.78
2024-01-01,3.048,17.78
2024-01-02,3.048,17.78
2024-01-03,3.556,20.32
2024-01-04,4.064,12.7
2024-01-05,4.064,25.4
2024-01-06,4.064,25.4
2024-01-07,5.334,45.72
2024-01-08,5.334,40.64
2024-01-09,5.334,38.1
2024-01-10,5.334,35.56
2024-01-11,7.62,68.58
2024-01-12,7.874,
2024-01-13,7.874,53.34
2024-01-14,8.382,55.88
2024-01-15,8.382,53.34
2024-01-16,8.382,50.8
2024-01-17,9.652,50.8
2024-01-18,9.652,48.26
2024-01-19,9.652,45.72
2024-01-20,9.652,
2024-01-21,9.906,
2024-01-22,9.906,48.26
2024-01-23,10.16,45.72
2024-01-24,10.16,45.72
2024-01-25,10.414,45.72
2024-01-26,10.414,45.72
2024-01-27,10.414,43.18
2024-01-28,10.16,40.64
2024-01-29,10.16,40.64
2024-01-30,9.906,40.64
2024-01-31,9.652,38.1
2024-02-01,9.652,38.1
2024-02-02,10.668,50.8
2024-02-03,11.176,58.42
2024-02-04,11.176,55.88
2024-02-05,14.224,78.74
2024-02-06,15.494,78.74
2024-02-07,16.256,78.74
2024-02-08,17.78,99.06
2024-02-09,18.796,96.52
2024-02-10,18.796,88.9
2024-02-11,18.796,
2024-02-12,18.796,83.82
2024-02-13,18.796,81.28
2024-02-14,18.796,76.2
2024-02-15,20.066,96.52
2024-02-16,20.32,91.44
2024-02-17,20.574,86.36
2024-02-18,21.082,86.36
2024-02-19,21.082,101.6
2024-02-20,24.638,106.68
2024-02-21,25.146,111.76
2024-02-22,25.146,104.14
2024-02-23,25.146,101.6
2024-02-24,25.146,99.06
2024-02-25,25.4,93.98
2024-02-26,25.4,91.44
2024-02-27,25.908,91.44
2024-02-28,25.908,91.44
2024-02-29,25.908,88.9
2024-03-01,27.432,109.22
2024-03-02,35.052,172.72
2024-03-03,41.402,195.58
2024-03-04,42.926,185.42
2024-03-05,43.18,172.72
2024-03-06,43.18,165.1
2024-03-07,43.434,160.02
2024-03-08,43.434,154.94
2024-03-09,43.688,149.86
2024-03-10,43.942,144.78
2024-03-11,43.942,142.24
2024-03-12,44.45,137.16
2024-03-13,44.704,137.16
2024-03-14,44.704,134.62
2024-03-15,44.958,132.08
2024-03-16,44.958,129.54
2024-03-17,45.212,127.0
2024-03-18,45.212,124.46
2024-03-19,45.212,121.92
2024-03-20,44.704,116.84
2024-03-21,44.196,114.3
2024-03-22,43.18,111.76
2024-03-23,43.688,114.3
2024-03-24,44.45,121.92
2024-03-25,44.704,
2024-03-26,44.958,116.84
2024-03-27,44.958,114.3
2024-03-28,45.974,119.38
2024-03-29,46.99,124.46
2024-03-30,47.752,132.08
2024-03-31,48.006,127.0
2024-04-01,49.022,
2024-04-02,49.022,
2024-04-03,48.26,
2024-04-04,49.53,121.92
2024-04-05,50.292,132.08
2024-04-06,50.038,129.54
2024-04-07,49.784,127.0
2024-04-08,49.784,121.92
2024-04-09,49.784,121.92
2024-04-10,49.53,116.84
2024-04-11,49.022,111.76
2024-04-12,48.006,109.22
2024-04-13,46.99,106.68
2024-04-14,46.228,101.6
2024-04-15,45.72,99.06
2024-04-16,45.212,96.52
2024-04-17,43.942,91.44
2024-04-18,42.164,86.36
2024-04-19,40.64,83.82
2024-04-20,38.608,81.28
2024-04-21,36.83,76.2
2024-04-22,34.544,71.12
2024-04-23,32.004,
2024-04-24,30.226,60.96
2024-04-25,28.702,
2024-04-26,26.924,
2024-04-27,27.178,
2024-04-28,26.162,
2024-04-29,24.384,
2024-04-30,22.86,
2024-05-01,21.082,
2024-05-02,19.558,
2024-05-03,17.78,
2024-05-04,14.986,20.32
2024-05-05,16.256,48.26
2024-05-06,16.256,
2024-05-07,15.494,
2024-05-08,13.97,15.24
2024-05-09,12.7,12.7
2024-05-10,10.16,7.62
2024-05-11,7.366,2.54
2024-05-12,4.064,
2024-05-13,2.032,
2024-05-14,0.762,
2024-05-15,0.0,
2024-05-16,0.0,
2024-05-17,0.0,
2024-05-18,0.0,
2024-05-19,0.0,
2024-05-20,0.0,
2024-05-21,0.0,
2024-05-22,0.0,
2024-05-23,0.0,
2024-05-24,0.0,
2024-05-25,0.0,
2024-05-26,0.0,
2024-05-27,0.0,
2024-05-28,0.0,
2024-05-29,0.0,
2024-05-30,0.0,
2024-05-31,0.0,
2024-06-01,0.0,
2024-06-02,0.0,
2024-06-03,0.0,
2024-06-04,0.0,
2024-06-05,0.0,
2024-06-06,0.0,
2024-06-07,0.0,
2024-06-08,0.0,
2024-06-09,0.0,
2024-06-10,0.0,
2024-06-11,0.0,0.0
2024-06-12,0.0,
2024-06-13,0.0,
2024-06-14,0.0,
2024-06-15,0.0,
2024-06-16,0.0,
2024-06-17,0.0,
2024-06-18,0.0,
2024-06-19,,
2024-06-20,0.0,0.0
2024-06-21,0.0,0.0
2024-06-22,0.0,0.0
2024-06-23,0.0,0.0
2024-06-24,0.0,0.0
2024-06-25,0.0,0.0
2024-06-26,0.0,0.0
2024-06-27,0.0,0.0
2024-06-28,0.0,0.0
2024-06-29,0.0,0.0
2024-06-30,0.0,0.0
2024-07-01,0.0,0.0
2024-07-02,0.0,0.0
2024-07-03,0.0,0.0
2024-07-04,0.0,0.0
2024-07-05,0.0,0.0
2024-07-06,0.0,0.0
2024-07-07,0.0,0.0
2024-07-08,0.0,0.0
2024-07-09,0.0,0.0
2024-07-10,0.0,0.0
2024-07-11,0.0,0.0
2024-07-12,0.0,0.0
2024-07-13,0.0,0.0
2024-07-14,0.0,0.0
2024-07-15,0.0,0.0
2024-07-16,0.0,0.0
2024-07-17,0.0,0.0
2024-07-18,0.0,0.0
2024-07-19,0.0,0.0
2024-07-20,0.0,0.0
2024-07-21,0.0,0.0
2024-07-22,0.0,0.0
2024-07-23,0.0,0.0
2024-07-24,0.0,0.0
2024-07-25,0.0,0.0
2024-07-26,0.0,0.0
2024-07-27,0.0,0.0
2024-07-28,0.0,0.0
2024-07-29,0.0,0.0
2024-07-30,0.0,0.0
2024-07-31,0.0,0.0
2024-08-01,0.0,0.0
2024-08-02,0.0,0.0
2024-08-03,0.0,0.0
2024-08-04,0.0,0.0
2024-08-05,0.0,0.0
2024-08-06,0.0,0.0
2024-08-07,0.0,0.0
2024-08-08,0.0,0.0
2024-08-09,0.0,0.0
2024-08-10,0.0,0.0
2024-08-11,0.0,0.0
2024-08-12,0.0,0.0
2024-08-13,0.0,0.0
2024-08-14,0.0,0.0
2024-08-15,0.0,0.0
2024-08-16,0.0,0.0
2024-08-17,0.0,0.0
2024-08-18,0.0,0.0
2024-08-19,0.0,0.0
2024-08-20,0.0,0.0
2024-08-21,0.0,0.0
2024-08-22,0.0,0.0
2024-08-23,0.0,0.0
2024-08-24,0.0,0.0
2024-08-25,0.0,0.0
2024-08-26,0.0,0.0
2024-08-27,0.0,0.0
2024-08-28,0.0,0.0
2024-08-29,0.0,0.0
2024-08-30,0.0,0.0
2024-08-31,0.0,0.0
2024-09-01,0.0,0.0
2024-09-02,0.0,0.0
2024-09-03,0.0,0.0
2024-09-04,0.0,0.0
2024-09-05,0.0,0.0
2024-09-06,0.0,0.0
2024-09-07,0.0,0.0
2024-09-08,0.0,0.0
2024-09-09,0.0,0.0
2024-09-10,0.0,0.0
2024-09-11,0.0,0.0
2024-09-12,0.0,0.0
2024-09-13,0.0,0.0
2024-09-14,0.0,0.0
2024-09-15,0.0,0.0
2024-09-16,0.0,0.0
2024-09-17,0.0,0.0
2024-09-18,0.0,0.0
2024-09-19,0.0,0.0
2024-09-20,0.0,0.0
2024-09-21,0.0,0.0
2024-09-22,0.0,0.0
2024-09-23,0.0,0.0
2024-09-24,0.0,0.0
2024-09-25,0.0,0.0
2024-09-26,0.0,0.0
2024-09-27,0.0,0.0
2024-09-28,0.0,0.0
2024-09-29,0.0,0.0
2024-09-30,0.0,0.0
2024-10-01,,
2024-10-02,0.0,0.0
2024-10-03,0.0,0.0
2024-10-04,0.0,0.0
2024-10-05,0.0,0.0
2024-10-06,0.0,0.0
2024-10-07,0.0,0.0
2024-10-08,0.0,0.0
2024-10-09,0.0,0.0
2024-10-10,0.0,0.0
2024-10-11,0.0,0.0
2024-10-12,0.0,0.0
2024-10-13,0.0,0.0
2024-10-14,0.0,0.0
2024-10-15,0.0,0.0
2024-10-16,0.0,0.0
2024-10-17,0.0,0.0
2024-10-18,0.0,0.0
2024-10-19,0.0,0.0
2024-10-20,0.0,0.0
2024-10-21,0.0,0.0
2024-10-22,0.0,0.0
2024-10-23,0.0,0.0
2024-10-24,0.0,0.0
2024-10-25,0.0,0.0
2024-10-26,0.0,0.0
2024-10-27,0.0,0.0
2024-10-28,0.254,2.54
2024-10-29,0.254,2.54
2024-10-30,0.508,5.08
2024-10-31,0.508,2.54
2024-11-01,0.508,2.54
2024-11-02,0.762,2.54
2024-11-03,1.27,5.08
2024-11-04,1.016,5.08
2024-11-05,0.762,5.08
2024-11-06,0.508,2.54
2024-11-07,0.508,2.54
2024-11-08,0.508,2.54
2024-11-09,0.508,2.54
2024-11-10,0.508,2.54
2024-11-11,0.508,2.54
2024-11-12,1.524,15.24
2024-11-13,1.778,12.7
2024-11-14,1.27,10.16
2024-11-15,1.27,10.16
2024-11-16,1.524,12.7
2024-11-17,1.524,12.7
2024-11-18,1.524,10.16
2024-11-19,1.524,10.16
2024-11-20,1.016,10.16
2024-11-21,1.27,10.16
2024-11-22,1.27,10.16
2024-11-23,1.778,12.7
2024-11-24,3.556,20.32
2024-11-25,3.556,17.78
2024-11-26,5.08,27.94
2024-11-27,7.112,45.72
2024-11-28,7.112,43.18
2024-11-29,7.112,38.1
2024-11-30,7.112,35.56
2024-12-01,7.112,35.56
2024-12-02,7.112,33.02
2024-12-03,7.112,33.02
2024-12-04,7.112,33.02
2024-12-05,7.112,33.02
2024-12-06,7.112,33.02
2024-12-07,7.112,33.02
2024-12-08,7.112,30.48
2024-12-09,7.112,30.48
2024-12-10,7.112,30.48
2024-12-11,7.112,30.48
2024-12-12,7.112,30.48
2024-12-13,8.128,40.64
2024-12-14,8.128,40.64
2024-12-15,11.43,68.58
2024-12-16,11.43,60.96
2024-12-17,12.7,68.58
2024-12-18,12.7,63.5
2024-12-19,12.7,58.42
2024-12-20,12.7,55.88
2024-12-21,13.208,55.88
2024-12-22,13.208,53.34
2024-12-23,13.208,50.8
2024-12-24,13.208,48.26
2024-12-25,14.986,63.5
2024-12-26,14.986,60.96
2024-12-27,14.986,60.96
2024-12-28,15.748,63.5
2024-12-29,15.748,58.42
2024-12-30,17.018,66.04
2024-12-31,17.018,63.5
2025-01-01,17.018,63.5
2025-01-02,17.018,63.5
2025-01-03,17.018,63.5
2025-01-04,18.034,81.28
2025-01-05,18.034,76.2
2025-01-06,18.034,71.12
2025-01-07,18.288,73.66
2025-01-08,18.288,73.66
2025-01-09,18.288,71.12
2025-01-10,18.288,68.58
2025-01-11,18.288,68.58
2025-01-12,18.288,68.58
2025-01-13,18.288,68.58
2025-01-14,18.288,66.04
2025-01-15,18.288,66.04
2025-01-16,18.288,66.04
2025-01-17,18.288,66.04
2025-01-18,18.288,66.04
2025-01-19,18.288,66.04
2025-01-20,18.288,66.04
2025-01-21,18.288,66.04
2025-01-22,18.288,66.04
2025-01-23,18.288,66.04
2025-01-24,18.288,66.04
2025-01-25,18.288,66.04
2025-01-26,18.796,73.66
2025-01-27,19.304,78.74
2025-01-28,19.304,73.66
2025-01-29,19.304,71.12
2025-01-30,19.304,68.58
2025-01-31,19.304,68.58
2025-02-01,20.574,68.58
2025-02-02,23.114,68.58
2025-02-03,23.114,63.5
2025-02-04,23.114,60.96
2025-02-05,23.876,66.04
2025-02-06,23.876,63.5
2025-02-07,26.162,78.74
2025-02-08,27.432,88.9
2025-02-09,27.432,88.9
2025-02-10,27.432,86.36
2025-02-11,27.432,83.82
2025-02-12,27.432,81.28
2025-02-13,28.194,83.82
2025-02-14,34.29,132.08
2025-02-15,36.068,147.32
2025-02-16,36.068,142.24
2025-02-17,36.068,134.62
2025-02-18,36.068,127.0
2025-02-19,36.068,119.38
2025-02-20,36.068,116.84
2025-02-21,36.068,116.84
2025-02-22,36.068,116.84
2025-02-23,36.068,114.3
2025-02-24,36.068,111.76
2025-02-25,36.068,109.22
2025-02-26,36.068,106.68
2025-02-27,36.068,106.68
2025-02-28,36.068,104.14
2025-03-01,36.068,104.14
2025-03-02,36.068,101.6
2025-03-03,36.068,101.6
2025-03-04,36.068,101.6
2025-03-05,36.068,101.6
2025-03-06,36.83,106.68
2025-03-07,37.084,109.22
2025-03-08,37.084,109.22
2025-03-09,37.084,104.14
2025-03-10,37.084,96.52
2025-03-11,37.084,91.44
2025-03-12,37.084,88.9
2025-03-13,40.64,119.38
2025-03-14,41.91,127.0
2025-03-15,41.91,124.46
2025-03-16,41.91,121.92
2025-03-17,41.91,119.38
2025-03-18,45.466,142.24
2025-03-19,45.466,139.7
2025-03-20,45.466,139.7
2025-03-21,45.466,139.7
2025-03-22,45.466,139.7
2025-03-23,44.958,134.62
2025-03-24,44.196,129.54
2025-03-25,43.18,121.92
2025-03-26,42.672,114.3
2025-03-27,41.402,106.68
2025-03-28,40.894,101.6
2025-03-29,40.64,99.06
2025-03-30,40.386,96.52
2025-03-31,41.656,104.14
2025-04-01,44.958,121.92
2025-04-02,45.212,124.46
2025-04-03,45.212,121.92
2025-04-04,45.212,121.92
2025-04-05,44.958,119.38
2025-04-06,44.958,119.38
2025-04-07,44.45,116.84
2025-04-08,43.688,114.3
2025-04-09,42.926,111.76
2025-04-10,42.164,109.22
2025-04-11,41.148,106.68
2025-04-12,40.132,104.14
2025-04-13,39.116,101.6
2025-04-14,38.862,99.06
2025-04-15,37.592,96.52
2025-04-16,36.576,93.98
2025-04-17,35.814,91.44
2025-04-18,35.306,88.9
2025-04-19,34.798,86.36
2025-04-20,32.766,83.82
2025-04-21,31.242,81.28
2025-04-22,29.464,76.2
2025-04-23,28.194,71.12
2025-04-24,26.924,66.04
2025-04-25,25.4,63.5
2025-04-26,24.892,60.96
2025-04-27,25.654,68.58
2025-04-28,25.4,63.5
2025-04-29,24.384,58.42
2025-04-30,22.098,53.34
2025-05-01,20.828,48.26
2025-05-02,18.796,43.18
2025-05-03,15.494,38.1
2025-05-04,13.716,33.02
2025-05-05,12.7,30.48
2025-05-06,11.176,25.4
2025-05-07,9.144,20.32
2025-05-08,6.35,12.7
2025-05-09,3.556,7.62
2025-05-10,1.524,2.54
2025-05-11,0.0,0.0
2025-05-12,0.0,0.0
2025-05-13,0.0,0.0
2025-05-14,0.0,0.0
2025-05-15,0.0,0.0
2025-05-16,0.0,0.0
2025-05-17,0.0,0.0
2025-05-18,0.0,0.0
2025-05-19,0.0,0.0
2025-05-20,0.0,0.0
2025-05-21,0.0,0.0
2025-05-22,0.0,0.0
2025-05-23,0.0,0.0
2025-05-24,0.0,0.0
2025-05-25,0.0,0.0
2025-05-26,0.0,0.0
2025-05-27,0.0,0.0
2025-05-28,0.0,0.0
2025-05-29,0.0,0.0
2025-05-30,0.0,0.0
2025-05-31,0.0,0.0
2025-06-01,0.0,0.0
2025-06-02,0.0,0.0
2025-06-03,0.0,0.0
2025-06-04,0.0,0.0
2025-06-05,0.0,0.0
2025-06-06,0.0,0.0
2025-06-07,0.0,0.0
2025-06-08,0.0,0.0
2025-06-09,0.0,0.0
2025-06-10,0.0,0.0
2025-06-11,0.0,0.0
2025-06-12,0.0,0.0
2025-06-13,0.0,0.0
2025-06-14,0.0,0.0
2025-06-15,0.0,0.0
2025-06-16,0.0,0.0
2025-06-17,0.0,0.0
2025-06-18,0.0,0.0
2025-06-19,0.0,0.0
2025-06-20,0.0,0.0
2025-06-21,0.0,0.0
2025-06-22,0.0,0.0
2025-06-23,0.0,0.0
2025-06-24,0.0,0.0
2025-06-25,0.0,0.0
2025-06-26,0.0,0.0
2025-06-27,0.0,0.0
2025-06-28,0.0,0.0
2025-06-29,0.0,0.0
2025-06-30,0.0,0.0
2025-07-01,0.0,0.0
2025-07-02,0.0,0.0
2025-07-03,0.0,0.0
2025-07-04,0.0,0.0
2025-07-05,0.0,0.0
2025-07-06,0.0,0.0
2025-07-07,0.0,0.0
2025-07-08,0.0,0.0
2025-07-09,0.0,0.0
2025-07-10,0.0,0.0
2025-07-11,0.0,0.0
2025-07-12,0.0,0.0
2025-07-13,0.0,0.0
2025-07-14,0.0,0.0
2025-07-15,0.0,0.0
2025-07-16,0.0,0.0
2025-07-17,0.0,0.0
2025-07-18,0.0,0.0
2025-07-19,0.0,0.0
2025-07-20,0.0,0.0
2025-07-21,0.0,0.0
2025-07-22,0.0,0.0
2025-07-23,0.0,0.0
2025-07-24,0.0,0.0
2025-07-25,0.0,0.0
2025-07-26,0.0,0.0
2025-07-27,0.0,0.0
2025-07-28,0.0,0.0
2025-07-29,0.0,0.0
2025-07-30,0.0,0.0
2025-07-31,0.0,0.0
2025-08-01,0.0,0.0
2025-08-02,0.0,0.0
2025-08-03,0.0,0.0
2025-08-04,0.0,0.0
2025-08-05,0.0,0.0
2025-08-06,0.0,0.0
2025-08-07,0.0,0.0
2025-08-08,0.0,0.0
2025-08-09,0.0,0.0
2025-08-10,0.0,0.0
2025-08-11,0.0,0.0
2025-08-12,0.0,0.0
2025-08-13,0.0,0.0
2025-08-14,0.0,0.0
2025-08-15,0.0,0.0
2025-08-16,0.0,0.0
2025-08-17,0.0,0.0
2025-08-18,0.0,0.0
2025-08-19,0.0,0.0
2025-08-20,0.0,0.0
2025-08-21,0.0,0.0
2025-08-22,0.0,0.0
2025-08-23,0.0,0.0
2025-08-24,0.0,0.0
2025-08-25,0.0,0.0
2025-08-26,0.0,0.0
2025-08-27,0.0,0.0
2025-08-28,0.0,0.0
2025-08-29,0.0,0.0
2025-08-30,0.0,0.0
2025-08-31,0.0,0.0
2025-09-01,0.0,0.0
2025-09-02,0.0,0.0
2025-09-03,0.0,0.0
2025-09-04,0.0,0.0
2025-09-05,0.0,0.0
2025-09-06,0.0,0.0
2025-09-07,0.0,0.0
2025-09-08,0.0,0.0
2025-09-09,0.0,0.0
2025-09-10,0.0,0.0
2025-09-11,0.0,0.0
2025-09-12,0.0,0.0
2025-09-13,0.0,0.0
2025-09-14,0.0,0.0
2025-09-15,0.0,0.0
2025-09-16,0.0,0.0
2025-09-17,0.0,0.0
2025-09-18,0.0,0.0
2025-09-19,0.0,0.0
2025-09-20,0.0,0.0
2025-09-21,0.0,0.0
2025-09-22,0.0,0.0
2025-09-23,0.0,0.0
2025-09-24,0.0,0.0
2025-09-25,0.0,0.0
2025-09-26,0.0,0.0
2025-09-27,0.0,0.0
2025-09-28,0.0,0.0
2025-09-29,0.0,0.0
2025-09-30,0.0,0.0
2025-10-01,,
2025-10-02,0.0,0.0
2025-10-03,0.0,0.0
2025-10-04,0.0,0.0
2025-10-05,0.0,0.0
2025-10-06,0.0,0.0
2025-10-07,0.0,0.0
2025-10-08,0.0,0.0
2025-10-09,0.0,0.0
2025-10-10,0.0,0.0
2025-10-11,0.0,0.0
2025-10-12,0.0,0.0
2025-10-13,0.0,0.0
2025-10-14,0.0,0.0
2025-10-15,2.794,20.32
2025-10-16,3.048,15.24
2025-10-17,2.794,12.7
2025-10-18,2.54,10.16
2025-10-19,2.286,7.62
2025-10-20,1.524,7.62
2025-10-21,0.762,5.08
2025-10-22,0.0,0.0
2025-10-23,0.0,0.0
2025-10-24,0.0,0.0
2025-10-25,0.0,0.0
2025-10-26,0.0,0.0
2025-10-27,0.0,0.0
2025-10-28,0.0,0.0
2025-10-29,0.0,0.0
2025-10-30,0.0,0.0
2025-10-31,0.0,0.0
2025-11-01,0.0,0.0
2025-11-02,0.0,0.0
2025-11-03,0.0,0.0
2025-11-04,0.0,0.0
2025-11-05,0.0,0.0
2025-11-06,0.254,2.54
2025-11-07,0.254,2.54
2025-11-08,0.0,0.0
2025-11-09,0.0,0.0
2025-11-10,0.0,0.0
2025-11-11,0.0,0.0
2025-11-12,0.0,0.0
2025-11-13,0.0,0.0
2025-11-14,0.508,2.54
2025-11-15,0.254,2.54
2025-11-16,0.254,2.54
2025-11-17,0.0,0.0
2025-11-18,0.762,5.08
2025-11-19,1.016,7.62
2025-11-20,1.016,5.08
2025-11-21,1.778,15.24
2025-11-22,2.286,15.24
2025-11-23,2.286,12.7
2025-11-24,2.286,10.16
2025-11-25,2.286,10.16
2025-11-26,2.286,10.16
2025-11-27,2.286,7.62
2025-11-28,2.286,10.16
2025-11-29,2.032,10.16
2025-11-30,1.778,10.16
2025-12-01,1.778,10.16
2025-12-02,1.524,10.16
2025-12-03,1.524,7.62
2025-12-04,1.27,7.62
2025-12-05,1.27,7.62
2025-12-06,1.27,7.62
2025-12-07,1.27,7.62
2025-12-08,1.27,7.62
2025-12-09,1.27,7.62
2025-12-10,1.27,7.62
2025-12-11,1.27,7.62
2025-12-12,1.27,7.62
2025-12-13,1.27,7.62
2025-12-14,1.27,7.62
2025-12-15,1.27,7.62
2025-12-16,1.27,7.62
2025-12-17,1.524,7.62
2025-12-18,1.524,7.62
2025-12-19,1.524,7.62
2025-12-20,1.778,5.08
2025-12-21,1.27,5.08
2025-12-22,0.508,2.54
2025-12-23,0.762,2.54
2025-12-24,1.016,2.54
2025-12-25,6.096,27.94
2025-12-26,8.636,63.5
2025-12-27,12.7,86.36
2025-12-28,12.7,86.36
2025-12-29,12.7,86.36
2025-12-30,12.7,71.12
2025-12-31,12.7,68.58
2026-01-01,12.954,58.42
2026-01-02,13.716,63.5
2026-01-03,13.97,58.42
2026-01-04,16.256,60.96
2026-01-05,18.796,68.58
2026-01-06,19.05,86.36
2026-01-07,19.05,81.28
2026-01-08,19.05,76.2
2026-01-09,19.812,83.82
2026-01-10,19.812,83.82
2026-01-11,19.812,83.82
2026-01-12,19.812,81.28
2026-01-13,19.812,81.28
2026-01-14,19.812,81.28
2026-01-15,19.812,78.74
2026-01-16,19.812,78.74
2026-01-17,19.812,78.74
2026-01-18,19.812,76.2
2026-01-19,19.812,76.2
2026-01-20,19.558,76.2
2026-01-21,19.558,73.66
2026-01-22,19.558,73.66
2026-01-23,19.558,71.12
2026-01-24,19.304,68.58
2026-01-25,19.304,66.04
2026-01-26,19.304,66.04
2026-01-27,19.304,66.04
2026-01-28,19.05,66.04
2026-01-29,19.05,66.04
2026-01-30,19.05,66.04
2026-01-31,19.05,66.04
2026-02-01,18.796,63.5
2026-02-02,18.542,63.5
2026-02-03,18.542,63.5
2026-02-04,18.542,63.5
2026-02-05,18.542,63.5
2026-02-06,18.542,63.5
2026-02-07,18.542,63.5
2026-02-08,18.542,63.5
2026-02-09,18.542,63.5
2026-02-10,18.542,63.5
2026-02-11,19.812,71.12
2026-02-12,19.812,68.58
2026-02-13,19.812,66.04
2026-02-14,21.082,66.04
2026-02-15,19.812,66.04
2026-02-16,19.812,66.04
2026-02-17,21.336,81.28
2026-02-18,29.972,152.4
2026-02-19,31.75,147.32
2026-02-20,33.02,144.78
2026-02-21,33.02,134.62
2026-02-22,33.02,127.0
2026-02-23,33.02,121.92
2026-02-24,33.02,106.68
2026-02-25,32.258,96.52
2026-02-26,30.48,81.28
2026-02-27,29.718,78.74
2026-02-28,29.464,76.2
2026-03-01,29.21,73.66
2026-03-02,28.956,71.12
2026-03-03,28.956,73.66
2026-03-04,28.956,71.12
2026-03-05,28.956,71.12
2026-03-06,28.956,71.12
2026-03-07,28.956,71.12
2026-03-08,28.956,71.12
2026-03-09,28.956,68.58
2026-03-10,28.702,66.04
2026-03-11,28.194,66.04
2026-03-12,27.432,63.5
2026-03-13,26.67,60.96
2026-03-14,25.4,58.42
2026-03-15,24.384,55.88
2026-03-16,23.368,55.88
2026-03-17,21.844,50.8
2026-03-18,20.574,48.26
2026-03-19,19.304,45.72
2026-03-20,18.288,40.64
2026-03-21,16.764,38.1
2026-03-22,14.986,35.56
2026-03-23,13.716,33.02
2026-03-24,12.7,30.48
2026-03-25,11.684,27.94
2026-03-26,10.668,25.4
2026-03-27,9.652,22.86
2026-03-28,8.382,20.32
2026-03-29,6.604,15.24
2026-03-30,5.08,12.7
2026-03-31,3.81,10.16
2026-04-01,2.54,5.08
2026-04-02,3.048,7.62
2026-04-03,2.032,5.08
2026-04-04,0.0,0.0
2026-04-05,0.0,0.0
2026-04-06,0.0,0.0
2026-04-07,0.0,0.0
2026-04-08,0.0,0.0
2026-04-09,0.0,0.0
2026-04-10,0.0,0.0
2026-04-11,1.27,10.16
2026-04-12,2.032,12.7
2026-04-13,4.064,43.18
2026-04-14,4.064,30.48
2026-04-15,3.81,22.86
2026-04-16,3.556,17.78
2026-04-17,3.302,12.7
2026-04-18,2.794,12.7
2026-04-19,2.032,7.62
2026-04-20,1.016,2.54
2026-04-21,0.0,0.0
2026-04-22,1.778,10.16
2026-04-23,1.524,5.08
2026-04-24,0.0,0.0
2026-04-25,0.0,0.0
2026-04-26,0.254,2.54
2026-04-27,0.0,0.0
2026-04-28,0.0,0.0
2026-04-29,0.0,0.0
2026-04-30,0.0,0.0
2026-05-01,0.0,0.0
2026-05-02,0.0,0.0
2026-05-03,0.0,0.0
2026-05-04,0.0,0.0
2026-05-05,0.508,5.08
2026-05-06,0.508,2.54
2026-05-07,0.0,0.0
2026-05-08,0.0,0.0
2026-05-09,0.0,0.0
2026-05-10,0.0,0.0
2026-05-11,0.0,0.0
2026-05-12,0.0,0.0
2026-05-13,0.0,0.0
2026-05-14,0.0,0.0
2026-05-15,0.0,0.0
2026-05-16,0.0,0.0
2026-05-17,0.0,0.0
2026-05-18,0.0,0.0
2026-05-19,0.0,0.0
2026-05-20,0.0,0.0
2026-05-21,0.0,0.0
2026-05-22,0.0,0.0
2026-05-23,0.0,0.0
2026-05-24,0.0,0.0
2026-05-25,0.0,0.0
2026-05-26,0.0,0.0
2026-05-27,0.0,0.0
2026-05-28,0.0,0.0
2026-05-29,0.0,0.0
2026-05-30,0.0,0.0
2026-05-31,0.0,0.0
2026-06-01,0.0,0.0
2026-06-02,0.0,0.0
2026-06-03,0.0,0.0
2026-06-04,0.0,0.0
2026-06-05,0.0,0.0
2026-06-06,0.0,0.0
2026-06-07,0.0,0.0
2026-06-08,0.0,0.0
2026-06-09,0.0,0.0
2026-06-10,0.0,0.0
2026-06-11,0.0,0.0
2026-06-12,0.0,0.0
2026-06-13,0.0,0.0
2026-06-14,0.0,0.0
2026-06-15,0.0,0.0
2026-06-16,0.0,0.0
2026-06-17,0.0,0.0
2026-06-18,0.0,0.0
2026-06-19,0.0,0.0
2026-06-20,0.0,0.0
2026-06-21,0.0,0.0
2026-06-22,0.0,0.0
2026-06-23,0.0,0.0
2026-06-24,0.0,0.0
2026-06-25,0.0,0.0
2026-06-26,0.0,0.0
2026-06-27,0.0,0.0
2026-06-28,0.0,0.0
2026-06-29,0.0,0.0
2026-06-30,0.0,0.0
2026-07-01,0.0,0.0
2026-07-02,0.0,0.0
2026-07-03,0.0,0.0
2026-07-04,0.0,0.0
2026-07-05,0.0,0.0
2026-07-06,0.0,0.0
2026-07-07,0.0,0.0
2026-07-08,0.0,0.0
2026-07-09,0.0,0.0
2026-07-10,0.0,0.0
2026-07-11,0.0,0.0
2026-07-12,0.0,0.0
2026-07-13,0.0,0.0
2026-07-14,0.0,0.0
2026-07-15,0.0,0.0
2026-07-16,0.0,0.0
2026-07-17,0.0,0.0
2026-07-18,0.0,0.0
2026-07-19,0.0,0.0
2026-07-20,0.0,0.0
2026-07-21,0.0,0.0
2026-07-22,0.0,0.0
2026-07-23,0.0,0.0
2026-07-24,0.0,0.0
2026-07-25,0.0,0.0
2026-07-26,0.0,0.0
2026-07-27,0.0,0.0
2026-07-28,0.0,0.0
2026-07-29,0.0,0.0
2026-07-30,0.0,0.0
2026-07-31,0.0,0.0
2026-08-01,0.0,0.0
2026-08-02,0.0,0.0
2026-08-03,0.0,0.0
2026-08-04,0.0,0.0
2026-08-05,0.0,0.0
2026-08-06,,
