date,wteq_cm,snwd_cm
1983-01-01,,
1983-01-02,,
1983-01-03,,
1983-01-04,,
1983-01-05,,
1983-01-06,,
1983-01-07,,
1983-01-08,,
1983-01-09,,
1983-01-10,,
1983-01-11,,
1983-01-12,,
1983-01-13,,
1983-01-14,,
1983-01-15,,
1983-01-16,,
1983-01-17,,
1983-01-18,,
1983-01-19,,
1983-01-20,,
1983-01-21,,
1983-01-22,,
1983-01-23,,
1983-01-24,,
1983-01-25,,
1983-01-26,,
1983-01-27,,
1983-01-28,,
1983-01-29,,
1983-01-30,,
1983-01-31,,
1983-02-01,,
1983-02-02,,
1983-02-03,,
1983-02-04,,
1983-02-05,,
1983-02-06,,
1983-02-07,,
1983-02-08,,
1983-02-09,,
1983-02-10,,
1983-02-11,,
1983-02-12,,
1983-02-13,,
1983-02-14,,
1983-02-15,,
1983-02-16,,
1983-02-17,,
1983-02-18,,
1983-02-19,,
1983-02-20,,
1983-02-21,,
1983-02-22,,
1983-02-23,,
1983-02-24,,
1983-02-25,,
1983-02-26,,
1983-02-27,,
1983-02-28,,
1983-03-01,,
1983-03-02,,
1983-03-03,,
1983-03-04,,
1983-03-05,,
1983-03-06,,
1983-03-07,,
1983-03-08,,
1983-03-09,,
1983-03-10,,
1983-03-11,,
1983-03-12,,
1983-03-13,,
1983-03-14,,
1983-03-15,,
1983-03-16,,
1983-03-17,,
1983-03-18,,
1983-03-19,,
1983-03-20,,
1983-03-21,,
1983-03-22,,
1983-03-23,,
1983-03-24,,
1983-03-25,,
1983-03-26,,
1983-03-27,,
1983-03-28,,
1983-03-29,,
1983-03-30,,
1983-03-31,,
1983-04-01,,
1983-04-02,,
1983-04-03,,
1983-04-04,,
1983-04-05,,
1983-04-06,,
1983-04-07,,
1983-04-08,,
1983-04-09,,
1983-04-10,,
1983-04-11,,
1983-04-12,,
1983-04-13,,
1983-04-14,,
1983-04-15,,
1983-04-16,,
1983-04-17,,
1983-04-18,,
1983-04-19,,
1983-04-20,,
1983-04-21,,
1983-04-22,,
1983-04-23,,
1983-04-24,,
1983-04-25,,
1983-04-26,,
1983-04-27,,
1983-04-28,,
1983-04-29,,
1983-04-30,,
1983-05-01,,
1983-05-02,,
1983-05-03,,
1983-05-04,,
1983-05-05,,
1983-05-06,,
1983-05-07,,
1983-05-08,,
1983-05-09,,
1983-05-10,,
1983-05-11,,
1983-05-12,,
1983-05-13,,
1983-05-14,,
1983-05-15,,
1983-05-16,,
1983-05-17,,
1983-05-18,,
1983-05-19,,
1983-05-20,,
1983-05-21,,
1983-05-22,,
1983-05-23,,
1983-05-24,,
1983-05-25,,
1983-05-26,,
1983-05-27,,
1983-05-28,,
1983-05-29,,
1983-05-30,,
1983-05-31,,
1983-06-01,,
1983-06-02,,
1983-06-03,,
1983-06-04,,
1983-06-05,,
1983-06-06,,
1983-06-07,,
1983-06-08,,
1983-06-09,,
1983-06-10,,
1983-06-11,,
1983-06-12,,
1983-06-13,,
1983-06-14,,
1983-06-15,,
1983-06-16,,
1983-06-17,,
1983-06-18,,
1983-06-19,,
1983-06-20,,
1983-06-21,,
1983-06-22,,
1983-06-23,,
1983-06-24,,
1983-06-25,,
1983-06-26,,
1983-06-27,,
1983-06-28,,
1983-06-29,,
1983-06-30,,
1983-07-01,,
1983-07-02,,
1983-07-03,,
1983-07-04,,
1983-07-05,,
1983-07-06,,
1983-07-07,,
1983-07-08,,
1983-07-09,,
1983-07-10,,
1983-07-11,,
1983-07-12,,
1983-07-13,,
1983-07-14,,
1983-07-15,,
1983-07-16,,
1983-07-17,,
1983-07-18,,
1983-07-19,,
1983-07-20,,
1983-07-21,,
1983-07-22,,
1983-07-23,,
1983-07-24,,
1983-07-25,,
1983-07-26,,
1983-07-27,,
1983-07-28,,
1983-07-29,,
1983-07-30,,
1983-07-31,,
1983-08-01,,
1983-08-02,,
1983-08-03,,
1983-08-04,,
1983-08-05,,
1983-08-06,,
1983-08-07,,
1983-08-08,,
1983-08-09,,
1983-08-10,,
1983-08-11,,
1983-08-12,,
1983-08-13,,
1983-08-14,,
1983-08-15,,
1983-08-16,,
1983-08-17,,
1983-08-18,,
1983-08-19,,
1983-08-20,,
1983-08-21,,
1983-08-22,,
1983-08-23,,
1983-08-24,,
1983-08-25,,
1983-08-26,,
1983-08-27,,
1983-08-28,,
1983-08-29,,
1983-08-30,,
1983-08-31,,
1983-09-01,,
1983-09-02,,
1983-09-03,,
1983-09-04,,
1983-09-05,,
1983-09-06,,
1983-09-07,,
1983-09-08,,
1983-09-09,,
1983-09-10,,
1983-09-11,,
1983-09-12,,
1983-09-13,,
1983-09-14,,
1983-09-15,,
1983-09-16,,
1983-09-17,,
1983-09-18,,
1983-09-19,,
1983-09-20,,
1983-09-21,,
1983-09-22,,
1983-09-23,,
1983-09-24,,
1983-09-25,,
1983-09-26,,
1983-09-27,,
1983-09-28,,
1983-09-29,,
1983-09-30,,
1983-10-01,,
1983-10-02,,
1983-10-03,,
1983-10-04,,
1983-10-05,,
1983-10-06,,
1983-10-07,,
1983-10-08,,
1983-10-09,,
1983-10-10,,
1983-10-11,,
1983-10-12,,
1983-10-13,,
1983-10-14,,
1983-10-15,,
1983-10-16,,
1983-10-17,,
1983-10-18,,
1983-10-19,,
1983-10-20,,
1983-10-21,,
1983-10-22,,
1983-10-23,,
1983-10-24,,
1983-10-25,,
1983-10-26,,
1983-10-27,,
1983-10-28,,
1983-10-29,,
1983-10-30,,
1983-10-31,,
1983-11-01,,
1983-11-02,,
1983-11-03,,
1983-11-04,,
1983-11-05,,
1983-11-06,,
1983-11-07,,
1983-11-08,,
1983-11-09,,
1983-11-10,,
1983-11-11,,
1983-11-12,,
1983-11-13,,
1983-11-14,,
1983-11-15,0.0,
1983-11-16,2.032,
1983-11-17,3.048,
1983-11-18,1.778,
1983-11-19,2.032,
1983-11-20,4.318,
1983-11-21,4.318,
1983-11-22,4.318,
1983-11-23,6.096,
1983-11-24,6.096,
1983-11-25,10.668,
1983-11-26,10.668,
1983-11-27,10.668,
1983-11-28,10.668,
1983-11-29,10.668,
1983-11-30,10.668,
1983-12-01,10.922,
1983-12-02,10.922,
1983-12-03,13.716,
1983-12-04,18.542,
1983-12-05,18.542,
1983-12-06,19.812,
1983-12-07,24.638,
1983-12-08,27.178,
1983-12-09,29.21,
1983-12-10,32.004,
1983-12-11,45.212,
1983-12-12,45.212,
1983-12-13,45.212,
1983-12-14,44.704,
1983-12-15,47.244,
1983-12-16,47.244,
1983-12-17,47.244,
1983-12-18,47.244,
1983-12-19,47.498,
1983-12-20,47.498,
1983-12-21,47.498,
1983-12-22,47.498,
1983-12-23,47.498,
1983-12-24,51.562,
1983-12-25,53.34,
1983-12-26,54.61,
1983-12-27,55.118,
1983-12-28,54.864,
1983-12-29,54.61,
1983-12-30,54.864,
1983-12-31,55.118,
1984-01-01,56.134,
1984-01-02,56.134,
1984-01-03,58.42,
1984-01-04,58.42,
1984-01-05,58.42,
1984-01-06,58.42,
1984-01-07,58.42,
1984-01-08,58.42,
1984-01-09,58.42,
1984-01-10,58.42,
1984-01-11,58.42,
1984-01-12,58.42,
1984-01-13,58.42,
1984-01-14,58.42,
1984-01-15,59.69,
1984-01-16,60.96,
1984-01-17,60.96,
1984-01-18,60.96,
1984-01-19,60.96,
1984-01-20,62.738,
1984-01-21,64.262,
1984-01-22,66.04,
1984-01-23,65.786,
1984-01-24,65.532,
1984-01-25,65.532,
1984-01-26,65.278,
1984-01-27,65.024,
1984-01-28,64.77,
1984-01-29,64.516,
1984-01-30,64.262,
1984-01-31,64.262,
1984-02-01,64.008,
1984-02-02,63.754,
1984-02-03,63.5,
1984-02-04,63.246,
1984-02-05,62.992,
1984-02-06,62.992,
1984-02-07,62.738,
1984-02-08,62.484,
1984-02-09,64.262,
1984-02-10,67.31,
1984-02-11,68.072,
1984-02-12,68.58,
1984-02-13,69.85,
1984-02-14,71.12,
1984-02-15,71.628,
1984-02-16,74.676,
1984-02-17,74.676,
1984-02-18,74.422,
1984-02-19,74.676,
1984-02-20,74.676,
1984-02-21,75.184,
1984-02-22,75.692,
1984-02-23,75.946,
1984-02-24,76.454,
1984-02-25,77.978,
1984-02-26,77.978,
1984-02-27,78.232,
1984-02-28,78.74,
1984-02-29,78.486,
1984-03-01,78.232,
1984-03-02,77.978,
1984-03-03,77.47,
1984-03-04,77.216,
1984-03-05,76.962,
1984-03-06,76.708,
1984-03-07,76.454,
1984-03-08,76.2,
1984-03-09,75.946,
1984-03-10,75.438,
1984-03-11,75.184,
1984-03-12,74.93,
1984-03-13,74.676,
1984-03-14,75.946,
1984-03-15,77.47,
1984-03-16,81.28,
1984-03-17,85.344,
1984-03-18,85.344,
1984-03-19,85.598,
1984-03-20,85.598,
1984-03-21,85.852,
1984-03-22,84.328,
1984-03-23,84.328,
1984-03-24,84.074,
1984-03-25,83.312,
1984-03-26,82.55,
1984-03-27,80.264,
1984-03-28,79.248,
1984-03-29,78.232,
1984-03-30,77.724,
1984-03-31,77.47,
1984-04-01,76.708,
1984-04-02,76.454,
1984-04-03,75.184,
1984-04-04,74.676,
1984-04-05,73.406,
1984-04-06,73.406,
1984-04-07,73.152,
1984-04-08,72.898,
1984-04-09,71.12,
1984-04-10,71.12,
1984-04-11,73.66,
1984-04-12,74.93,
1984-04-13,73.152,
1984-04-14,71.628,
1984-04-15,70.104,
1984-04-16,68.326,
1984-04-17,66.548,
1984-04-18,65.024,
1984-04-19,65.786,
1984-04-20,66.04,
1984-04-21,67.564,
1984-04-22,66.802,
1984-04-23,64.516,
1984-04-24,61.976,
1984-04-25,59.944,
1984-04-26,59.69,
1984-04-27,58.928,
1984-04-28,57.912,
1984-04-29,55.88,
1984-04-30,52.324,
1984-05-01,51.308,
1984-05-02,48.514,
1984-05-03,45.974,
1984-05-04,42.926,
1984-05-05,40.64,
1984-05-06,39.116,
1984-05-07,36.83,
1984-05-08,34.544,
1984-05-09,30.988,
1984-05-10,27.178,
1984-05-11,23.368,
1984-05-12,19.304,
1984-05-13,14.986,
1984-05-14,10.414,
1984-05-15,8.636,
1984-05-16,6.604,
1984-05-17,2.794,
1984-05-18,0.254,
1984-05-19,0.0,
1984-05-20,,
1984-05-21,,
1984-05-22,,
1984-05-23,,
1984-05-24,,
1984-05-25,,
1984-05-26,,
1984-05-27,,
1984-05-28,,
1984-05-29,,
1984-05-30,,
1984-05-31,,
1984-06-01,,
1984-06-02,,
1984-06-03,,
1984-06-04,,
1984-06-05,,
1984-06-06,,
1984-06-07,,
1984-06-08,,
1984-06-09,,
1984-06-10,,
1984-06-11,,
1984-06-12,,
1984-06-13,,
1984-06-14,,
1984-06-15,,
1984-06-16,,
1984-06-17,,
1984-06-18,,
1984-06-19,,
1984-06-20,,
1984-06-21,,
1984-06-22,,
1984-06-23,,
1984-06-24,,
1984-06-25,,
1984-06-26,,
1984-06-27,,
1984-06-28,,
1984-06-29,,
1984-06-30,,
1984-07-01,,
1984-07-02,,
1984-07-03,,
1984-07-04,,
1984-07-05,,
1984-07-06,,
1984-07-07,,
1984-07-08,,
1984-07-09,,
1984-07-10,,
1984-07-11,,
1984-07-12,,
1984-07-13,,
1984-07-14,,
1984-07-15,,
1984-07-16,,
1984-07-17,,
1984-07-18,,
1984-07-19,,
1984-07-20,,
1984-07-21,,
1984-07-22,,
1984-07-23,,
1984-07-24,,
1984-07-25,,
1984-07-26,,
1984-07-27,,
1984-07-28,,
1984-07-29,,
1984-07-30,,
1984-07-31,,
1984-08-01,,
1984-08-02,,
1984-08-03,,
1984-08-04,,
1984-08-05,,
1984-08-06,,
1984-08-07,,
1984-08-08,,
1984-08-09,,
1984-08-10,,
1984-08-11,,
1984-08-12,,
1984-08-13,,
1984-08-14,,
1984-08-15,,
1984-08-16,,
1984-08-17,,
1984-08-18,,
1984-08-19,,
1984-08-20,,
1984-08-21,,
1984-08-22,,
1984-08-23,,
1984-08-24,,
1984-08-25,,
1984-08-26,,
1984-08-27,,
1984-08-28,,
1984-08-29,,
1984-08-30,,
1984-08-31,,
1984-09-01,,
1984-09-02,,
1984-09-03,,
1984-09-04,,
1984-09-05,,
1984-09-06,,
1984-09-07,,
1984-09-08,,
1984-09-09,,
1984-09-10,,
1984-09-11,,
1984-09-12,,
1984-09-13,,
1984-09-14,,
1984-09-15,,
1984-09-16,,
1984-09-17,,
1984-09-18,,
1984-09-19,,
1984-09-20,,
1984-09-21,,
1984-09-22,,
1984-09-23,,
1984-09-24,,
1984-09-25,,
1984-09-26,,
1984-09-27,,
1984-09-28,,
1984-09-29,,
1984-09-30,,
1984-10-01,,
1984-10-02,,
1984-10-03,,
1984-10-04,,
1984-10-05,,
1984-10-06,,
1984-10-07,,
1984-10-08,,
1984-10-09,,
1984-10-10,,
1984-10-11,,
1984-10-12,,
1984-10-13,,
1984-10-14,,
1984-10-15,,
1984-10-16,,
1984-10-17,,
1984-10-18,,
1984-10-19,,
1984-10-20,,
1984-10-21,,
1984-10-22,,
1984-10-23,,
1984-10-24,,
1984-10-25,,
1984-10-26,,
1984-10-27,,
1984-10-28,,
1984-10-29,,
1984-10-30,,
1984-10-31,,
1984-11-01,,
1984-11-02,0.0,
1984-11-03,2.032,
1984-11-04,1.778,
1984-11-05,1.778,
1984-11-06,1.778,
1984-11-07,3.048,
1984-11-08,5.08,
1984-11-09,6.604,
1984-11-10,7.874,
1984-11-11,11.176,
1984-11-12,12.446,
1984-11-13,12.446,
1984-11-14,15.748,
1984-11-15,15.748,
1984-11-16,16.51,
1984-11-17,17.272,
1984-11-18,19.304,
1984-11-19,19.812,
1984-11-20,20.066,
1984-11-21,21.844,
1984-11-22,21.844,
1984-11-23,21.844,
1984-11-24,23.876,
1984-11-25,24.892,
1984-11-26,24.892,
1984-11-27,24.892,
1984-11-28,24.892,
1984-11-29,24.892,
1984-11-30,25.4,
1984-12-01,33.274,
1984-12-02,33.274,
1984-12-03,33.274,
1984-12-04,35.306,
1984-12-05,35.56,
1984-12-06,36.068,
1984-12-07,36.068,
1984-12-08,36.068,
1984-12-09,36.068,
1984-12-10,36.068,
1984-12-11,38.1,
1984-12-12,39.116,
1984-12-13,39.116,
1984-12-14,39.116,
1984-12-15,38.862,
1984-12-16,38.862,
1984-12-17,41.148,
1984-12-18,41.656,
1984-12-19,42.164,
1984-12-20,42.164,
1984-12-21,42.164,
1984-12-22,42.164,
1984-12-23,42.418,
1984-12-24,42.672,
1984-12-25,42.926,
1984-12-26,43.18,
1984-12-27,43.688,
1984-12-28,43.942,
1984-12-29,44.196,
1984-12-30,44.45,
1984-12-31,44.45,
1985-01-01,44.45,
1985-01-02,44.45,
1985-01-03,44.45,
1985-01-04,45.212,
1985-01-05,45.212,
1985-01-06,45.212,
1985-01-07,45.466,
1985-01-08,45.72,
1985-01-09,45.72,
1985-01-10,45.72,
1985-01-11,45.72,
1985-01-12,45.974,
1985-01-13,46.228,
1985-01-14,46.228,
1985-01-15,46.736,
1985-01-16,46.736,
1985-01-17,46.736,
1985-01-18,46.736,
1985-01-19,46.736,
1985-01-20,46.736,
1985-01-21,46.736,
1985-01-22,46.736,
1985-01-23,46.736,
1985-01-24,46.736,
1985-01-25,46.99,
1985-01-26,47.244,
1985-01-27,47.244,
1985-01-28,47.244,
1985-01-29,47.244,
1985-01-30,47.244,
1985-01-31,47.244,
1985-02-01,47.244,
1985-02-02,48.006,
1985-02-03,48.768,
1985-02-04,48.768,
1985-02-05,48.768,
1985-02-06,48.768,
1985-02-07,52.324,
1985-02-08,55.88,
1985-02-09,56.896,
1985-02-10,57.912,
1985-02-11,57.912,
1985-02-12,57.658,
1985-02-13,57.658,
1985-02-14,57.658,
1985-02-15,57.404,
1985-02-16,56.642,
1985-02-17,56.134,
1985-02-18,56.134,
1985-02-19,55.88,
1985-02-20,55.88,
1985-02-21,55.372,
1985-02-22,54.864,
1985-02-23,54.356,
1985-02-24,54.102,
1985-02-25,53.848,
1985-02-26,53.848,
1985-02-27,53.594,
1985-02-28,53.594,
1985-03-01,53.594,
1985-03-02,53.34,
1985-03-03,53.34,
1985-03-04,54.356,
1985-03-05,54.864,
1985-03-06,57.658,
1985-03-07,61.468,
1985-03-08,65.278,
1985-03-09,65.786,
1985-03-10,66.294,
1985-03-11,66.802,
1985-03-12,66.548,
1985-03-13,66.548,
1985-03-14,66.548,
1985-03-15,66.548,
1985-03-16,66.802,
1985-03-17,66.802,
1985-03-18,67.056,
1985-03-19,67.056,
1985-03-20,66.802,
1985-03-21,65.786,
1985-03-22,65.532,
1985-03-23,65.532,
1985-03-24,67.056,
1985-03-25,68.58,
1985-03-26,69.85,
1985-03-27,71.374,
1985-03-28,73.406,
1985-03-29,74.422,
1985-03-30,74.422,
1985-03-31,74.676,
1985-04-01,74.676,
1985-04-02,73.406,
1985-04-03,70.358,
1985-04-04,69.342,
1985-04-05,68.326,
1985-04-06,67.31,
1985-04-07,64.262,
1985-04-08,61.214,
1985-04-09,58.42,
1985-04-10,55.372,
1985-04-11,52.324,
1985-04-12,49.53,
1985-04-13,46.736,
1985-04-14,43.688,
1985-04-15,40.894,
1985-04-16,37.084,
1985-04-17,35.56,
1985-04-18,33.782,
1985-04-19,31.496,
1985-04-20,30.734,
1985-04-21,30.734,
1985-04-22,30.734,
1985-04-23,28.702,
1985-04-24,26.924,
1985-04-25,24.892,
1985-04-26,21.844,
1985-04-27,18.796,
1985-04-28,15.494,
1985-04-29,12.446,
1985-04-30,9.398,
1985-05-01,6.35,
1985-05-02,3.302,
1985-05-03,0.0,
1985-05-04,,
1985-05-05,,
1985-05-06,,
1985-05-07,,
1985-05-08,,
1985-05-09,,
1985-05-10,,
1985-05-11,,
1985-05-12,,
1985-05-13,,
1985-05-14,,
1985-05-15,,
1985-05-16,,
1985-05-17,,
1985-05-18,,
1985-05-19,,
1985-05-20,,
1985-05-21,,
1985-05-22,,
1985-05-23,,
1985-05-24,,
1985-05-25,,
1985-05-26,,
1985-05-27,,
1985-05-28,,
1985-05-29,,
1985-05-30,,
1985-05-31,,
1985-06-01,,
1985-06-02,,
1985-06-03,,
1985-06-04,,
1985-06-05,,
1985-06-06,,
1985-06-07,,
1985-06-08,,
1985-06-09,,
1985-06-10,,
1985-06-11,,
1985-06-12,,
1985-06-13,,
1985-06-14,,
1985-06-15,,
1985-06-16,,
1985-06-17,,
1985-06-18,,
1985-06-19,,
1985-06-20,,
1985-06-21,,
1985-06-22,,
1985-06-23,,
1985-06-24,,
1985-06-25,,
1985-06-26,,
1985-06-27,,
1985-06-28,,
1985-06-29,,
1985-06-30,,
1985-07-01,,
1985-07-02,,
1985-07-03,,
1985-07-04,,
1985-07-05,,
1985-07-06,,
1985-07-07,,
1985-07-08,,
1985-07-09,,
1985-07-10,,
1985-07-11,,
1985-07-12,,
1985-07-13,,
1985-07-14,,
1985-07-15,,
1985-07-16,,
1985-07-17,,
1985-07-18,,
1985-07-19,,
1985-07-20,,
1985-07-21,,
1985-07-22,,
1985-07-23,,
1985-07-24,,
1985-07-25,,
1985-07-26,,
1985-07-27,,
1985-07-28,,
1985-07-29,,
1985-07-30,,
1985-07-31,,
1985-08-01,,
1985-08-02,,
1985-08-03,,
1985-08-04,,
1985-08-05,,
1985-08-06,,
1985-08-07,,
1985-08-08,,
1985-08-09,,
1985-08-10,,
1985-08-11,,
1985-08-12,,
1985-08-13,,
1985-08-14,,
1985-08-15,,
1985-08-16,,
1985-08-17,,
1985-08-18,,
1985-08-19,,
1985-08-20,,
1985-08-21,,
1985-08-22,,
1985-08-23,,
1985-08-24,,
1985-08-25,,
1985-08-26,,
1985-08-27,,
1985-08-28,,
1985-08-29,,
1985-08-30,,
1985-08-31,,
1985-09-01,,
1985-09-02,,
1985-09-03,,
1985-09-04,,
1985-09-05,,
1985-09-06,,
1985-09-07,,
1985-09-08,,
1985-09-09,,
1985-09-10,,
1985-09-11,,
1985-09-12,,
1985-09-13,,
1985-09-14,,
1985-09-15,,
1985-09-16,,
1985-09-17,,
1985-09-18,,
1985-09-19,,
1985-09-20,,
1985-09-21,,
1985-09-22,,
1985-09-23,,
1985-09-24,,
1985-09-25,,
1985-09-26,,
1985-09-27,,
1985-09-28,,
1985-09-29,,
1985-09-30,,
1985-10-01,,
1985-10-02,,
1985-10-03,,
1985-10-04,,
1985-10-05,,
1985-10-06,,
1985-10-07,,
1985-10-08,,
1985-10-09,,
1985-10-10,,
1985-10-11,,
1985-10-12,,
1985-10-13,,
1985-10-14,,
1985-10-15,,
1985-10-16,,
1985-10-17,,
1985-10-18,,
1985-10-19,,
1985-10-20,,
1985-10-21,,
1985-10-22,,
1985-10-23,,
1985-10-24,,
1985-10-25,,
1985-10-26,,
1985-10-27,,
1985-10-28,,
1985-10-29,,
1985-10-30,,
1985-10-31,,
1985-11-01,,
1985-11-02,,
1985-11-03,,
1985-11-04,,
1985-11-05,,
1985-11-06,,
1985-11-07,,
1985-11-08,,
1985-11-09,,
1985-11-10,0.0,
1985-11-11,0.254,
1985-11-12,0.508,
1985-11-13,0.508,
1985-11-14,1.016,
1985-11-15,1.27,
1985-11-16,1.524,
1985-11-17,1.778,
1985-11-18,1.778,
1985-11-19,1.778,
1985-11-20,1.778,
1985-11-21,1.778,
1985-11-22,1.778,
1985-11-23,1.778,
1985-11-24,2.54,
1985-11-25,4.572,
1985-11-26,4.826,
1985-11-27,5.08,
1985-11-28,6.096,
1985-11-29,9.398,
1985-11-30,11.684,
1985-12-01,11.684,
1985-12-02,14.732,
1985-12-03,21.844,
1985-12-04,22.098,
1985-12-05,22.352,
1985-12-06,22.86,
1985-12-07,23.114,
1985-12-08,23.368,
1985-12-09,23.368,
1985-12-10,23.368,
1985-12-11,23.368,
1985-12-12,23.114,
1985-12-13,23.876,
1985-12-14,24.13,
1985-12-15,24.13,
1985-12-16,24.13,
1985-12-17,24.13,
1985-12-18,24.13,
1985-12-19,24.13,
1985-12-20,24.13,
1985-12-21,24.13,
1985-12-22,24.13,
1985-12-23,23.876,
1985-12-24,23.876,
1985-12-25,23.876,
1985-12-26,23.876,
1985-12-27,23.876,
1985-12-28,23.876,
1985-12-29,23.876,
1985-12-30,24.638,
1985-12-31,24.638,
1986-01-01,24.638,
1986-01-02,24.79,
1986-01-03,24.943,
1986-01-04,25.095,
1986-01-05,25.248,
1986-01-06,25.4,
1986-01-07,26.035,
1986-01-08,26.67,
1986-01-09,27.305,
1986-01-10,27.94,
1986-01-11,27.94,
1986-01-12,27.94,
1986-01-13,27.94,
1986-01-14,27.94,
1986-01-15,29.261,
1986-01-16,30.582,
1986-01-17,31.902,
1986-01-18,33.223,
1986-01-19,34.544,
1986-01-20,34.671,
1986-01-21,34.798,
1986-01-22,34.925,
1986-01-23,35.052,
1986-01-24,36.83,
1986-01-25,36.83,
1986-01-26,36.83,
1986-01-27,36.83,
1986-01-28,36.83,
1986-01-29,36.83,
1986-01-30,41.656,
1986-01-31,43.18,
1986-02-01,44.704,
1986-02-02,46.228,
1986-02-03,47.752,
1986-02-04,49.276,
1986-02-05,50.8,
1986-02-06,50.8,
1986-02-07,50.8,
1986-02-08,50.8,
1986-02-09,50.8,
1986-02-10,50.8,
1986-02-11,50.8,
1986-02-12,52.908,
1986-02-13,55.042,
1986-02-14,57.15,
1986-02-15,59.258,
1986-02-16,61.392,
1986-02-17,63.5,
1986-02-18,65.608,
1986-02-19,67.742,
1986-02-20,69.85,
1986-02-21,70.307,
1986-02-22,70.739,
1986-02-23,71.171,
1986-02-24,71.628,
1986-02-25,71.222,
1986-02-26,70.815,
1986-02-27,70.409,
1986-02-28,70.002,
1986-03-01,69.596,
1986-03-02,68.58,
1986-03-03,67.564,
1986-03-04,67.056,
1986-03-05,66.04,
1986-03-06,,
1986-03-07,,
1986-03-08,,
1986-03-09,,
1986-03-10,,
1986-03-11,,
1986-03-12,,
1986-03-13,,
1986-03-14,,
1986-03-15,,
1986-03-16,,
1986-03-17,,
1986-03-18,,
1986-03-19,,
1986-03-20,,
1986-03-21,,
1986-03-22,,
1986-03-23,,
1986-03-24,,
1986-03-25,,
1986-03-26,,
1986-03-27,,
1986-03-28,,
1986-03-29,,
1986-03-30,,
1986-03-31,,
1986-04-01,,
1986-04-02,,
1986-04-03,,
1986-04-04,,
1986-04-05,,
1986-04-06,,
1986-04-07,,
1986-04-08,,
1986-04-09,,
1986-04-10,,
1986-04-11,,
1986-04-12,,
1986-04-13,,
1986-04-14,,
1986-04-15,,
1986-04-16,,
1986-04-17,,
1986-04-18,,
1986-04-19,,
1986-04-20,,
1986-04-21,,
1986-04-22,,
1986-04-23,,
1986-04-24,,
1986-04-25,,
1986-04-26,,
1986-04-27,,
1986-04-28,,
1986-04-29,,
1986-04-30,,
1986-05-01,,
1986-05-02,,
1986-05-03,,
1986-05-04,,
1986-05-05,,
1986-05-06,,
1986-05-07,,
1986-05-08,,
1986-05-09,,
1986-05-10,,
1986-05-11,,
1986-05-12,,
1986-05-13,,
1986-05-14,,
1986-05-15,,
1986-05-16,,
1986-05-17,,
1986-05-18,,
1986-05-19,,
1986-05-20,,
1986-05-21,,
1986-05-22,,
1986-05-23,,
1986-05-24,,
1986-05-25,,
1986-05-26,,
1986-05-27,,
1986-05-28,,
1986-05-29,,
1986-05-30,,
1986-05-31,,
1986-06-01,,
1986-06-02,,
1986-06-03,,
1986-06-04,,
1986-06-05,,
1986-06-06,,
1986-06-07,,
1986-06-08,,
1986-06-09,,
1986-06-10,,
1986-06-11,,
1986-06-12,,
1986-06-13,,
1986-06-14,,
1986-06-15,,
1986-06-16,,
1986-06-17,,
1986-06-18,,
1986-06-19,,
1986-06-20,,
1986-06-21,,
1986-06-22,,
1986-06-23,,
1986-06-24,,
1986-06-25,,
1986-06-26,,
1986-06-27,,
1986-06-28,,
1986-06-29,,
1986-06-30,,
1986-07-01,,
1986-07-02,,
1986-07-03,,
1986-07-04,,
1986-07-05,,
1986-07-06,,
1986-07-07,,
1986-07-08,,
1986-07-09,,
1986-07-10,,
1986-07-11,,
1986-07-12,,
1986-07-13,,
1986-07-14,,
1986-07-15,,
1986-07-16,,
1986-07-17,,
1986-07-18,,
1986-07-19,,
1986-07-20,,
1986-07-21,,
1986-07-22,,
1986-07-23,,
1986-07-24,,
1986-07-25,,
1986-07-26,,
1986-07-27,,
1986-07-28,,
1986-07-29,,
1986-07-30,,
1986-07-31,,
1986-08-01,,
1986-08-02,,
1986-08-03,,
1986-08-04,,
1986-08-05,,
1986-08-06,,
1986-08-07,,
1986-08-08,,
1986-08-09,,
1986-08-10,,
1986-08-11,,
1986-08-12,,
1986-08-13,,
1986-08-14,,
1986-08-15,,
1986-08-16,,
1986-08-17,,
1986-08-18,,
1986-08-19,,
1986-08-20,,
1986-08-21,,
1986-08-22,,
1986-08-23,,
1986-08-24,,
1986-08-25,,
1986-08-26,,
1986-08-27,,
1986-08-28,,
1986-08-29,,
1986-08-30,,
1986-08-31,,
1986-09-01,,
1986-09-02,,
1986-09-03,,
1986-09-04,,
1986-09-05,,
1986-09-06,,
1986-09-07,,
1986-09-08,,
1986-09-09,,
1986-09-10,,
1986-09-11,,
1986-09-12,,
1986-09-13,,
1986-09-14,,
1986-09-15,,
1986-09-16,,
1986-09-17,,
1986-09-18,,
1986-09-19,,
1986-09-20,,
1986-09-21,,
1986-09-22,,
1986-09-23,,
1986-09-24,,
1986-09-25,,
1986-09-26,,
1986-09-27,,
1986-09-28,,
1986-09-29,,
1986-09-30,,
1986-10-01,,
1986-10-02,,
1986-10-03,,
1986-10-04,,
1986-10-05,,
1986-10-06,,
1986-10-07,,
1986-10-08,,
1986-10-09,,
1986-10-10,,
1986-10-11,,
1986-10-12,,
1986-10-13,,
1986-10-14,,
1986-10-15,,
1986-10-16,,
1986-10-17,,
1986-10-18,,
1986-10-19,,
1986-10-20,,
1986-10-21,,
1986-10-22,,
1986-10-23,,
1986-10-24,,
1986-10-25,,
1986-10-26,,
1986-10-27,,
1986-10-28,,
1986-10-29,,
1986-10-30,,
1986-10-31,,
1986-11-01,,
1986-11-02,,
1986-11-03,,
1986-11-04,,
1986-11-05,,
1986-11-06,,
1986-11-07,,
1986-11-08,,
1986-11-09,,
1986-11-10,,
1986-11-11,,
1986-11-12,,
1986-11-13,,
1986-11-14,,
1986-11-15,,
1986-11-16,,
1986-11-17,,
1986-11-18,,
1986-11-19,,
1986-11-20,,
1986-11-21,,
1986-11-22,,
1986-11-23,,
1986-11-24,,
1986-11-25,,
1986-11-26,,
1986-11-27,,
1986-11-28,,
1986-11-29,,
1986-11-30,,
1986-12-01,,
1986-12-02,,
1986-12-03,0.0,
1986-12-04,3.048,
1986-12-05,4.267,
1986-12-06,4.267,
1986-12-07,4.572,
1986-12-08,4.267,
1986-12-09,4.267,
1986-12-10,4.267,
1986-12-11,4.267,
1986-12-12,4.267,
1986-12-13,4.572,
1986-12-14,4.572,
1986-12-15,4.267,
1986-12-16,4.572,
1986-12-17,4.572,
1986-12-18,5.791,
1986-12-19,7.62,
1986-12-20,7.62,
1986-12-21,8.534,
1986-12-22,8.89,
1986-12-23,9.754,
1986-12-24,9.754,
1986-12-25,10.363,
1986-12-26,10.363,
1986-12-27,10.668,
1986-12-28,10.668,
1986-12-29,11.278,
1986-12-30,11.582,
1986-12-31,11.582,
1987-01-01,14.021,
1987-01-02,17.678,
1987-01-03,19.507,
1987-01-04,24.079,
1987-01-05,24.994,
1987-01-06,25.908,
1987-01-07,26.213,
1987-01-08,25.908,
1987-01-09,25.908,
1987-01-10,26.213,
1987-01-11,26.213,
1987-01-12,26.213,
1987-01-13,26.213,
1987-01-14,26.213,
1987-01-15,26.213,
1987-01-16,26.213,
1987-01-17,26.213,
1987-01-18,26.213,
1987-01-19,26.213,
1987-01-20,26.213,
1987-01-21,25.298,
1987-01-22,25.603,
1987-01-23,26.213,
1987-01-24,28.651,
1987-01-25,29.566,
1987-01-26,30.48,
1987-01-27,31.394,
1987-01-28,32.309,
1987-01-29,33.223,
1987-01-30,34.138,
1987-01-31,35.052,
1987-02-01,35.052,
1987-02-02,35.662,
1987-02-03,37.795,
1987-02-04,37.795,
1987-02-05,38.1,
1987-02-06,38.1,
1987-02-07,38.1,
1987-02-08,37.795,
1987-02-09,38.1,
1987-02-10,38.1,
1987-02-11,38.405,
1987-02-12,38.71,
1987-02-13,39.014,
1987-02-14,39.319,
1987-02-15,39.624,
1987-02-16,40.843,
1987-02-17,41.453,
1987-02-18,41.453,
1987-02-19,41.453,
1987-02-20,41.402,
1987-02-21,41.758,
1987-02-22,42.977,
1987-02-23,42.977,
1987-02-24,42.977,
1987-02-25,42.977,
1987-02-26,42.977,
1987-02-27,42.926,
1987-02-28,42.926,
1987-03-01,42.977,
1987-03-02,43.129,
1987-03-03,43.282,
1987-03-04,43.434,
1987-03-05,43.586,
1987-03-06,43.739,
1987-03-07,43.891,
1987-03-08,44.044,
1987-03-09,44.196,
1987-03-10,44.348,
1987-03-11,44.501,
1987-03-12,46.939,
1987-03-13,46.634,
1987-03-14,49.073,
1987-03-15,52.426,
1987-03-16,52.426,
1987-03-17,52.73,
1987-03-18,52.832,
1987-03-19,52.934,
1987-03-20,53.035,
1987-03-21,53.34,
1987-03-22,53.95,
1987-03-23,55.169,
1987-03-24,55.474,
1987-03-25,55.474,
1987-03-26,55.474,
1987-03-27,54.864,
1987-03-28,54.864,
1987-03-29,54.254,
1987-03-30,53.035,
1987-03-31,52.121,
1987-04-01,50.775,
1987-04-02,49.454,
1987-04-03,48.108,
1987-04-04,46.787,
1987-04-05,45.441,
1987-04-06,44.094,
1987-04-07,42.774,
1987-04-08,41.427,
1987-04-09,40.081,
1987-04-10,38.76,
1987-04-11,37.414,
1987-04-12,36.093,
1987-04-13,34.747,
1987-04-14,32.918,
1987-04-15,30.175,
1987-04-16,27.432,
1987-04-17,24.384,
1987-04-18,21.946,
1987-04-19,20.422,
1987-04-20,19.202,
1987-04-21,16.459,
1987-04-22,14.021,
1987-04-23,11.278,
1987-04-24,8.839,
1987-04-25,7.315,
1987-04-26,2.743,
1987-04-27,0.914,
1987-04-28,0.0,
1987-04-29,,
1987-04-30,,
1987-05-01,,
1987-05-02,,
1987-05-03,,
1987-05-04,,
1987-05-05,,
1987-05-06,,
1987-05-07,,
1987-05-08,,
1987-05-09,,
1987-05-10,,
1987-05-11,,
1987-05-12,,
1987-05-13,,
1987-05-14,,
1987-05-15,,
1987-05-16,,
1987-05-17,,
1987-05-18,,
1987-05-19,,
1987-05-20,,
1987-05-21,,
1987-05-22,,
1987-05-23,,
1987-05-24,,
1987-05-25,,
1987-05-26,,
1987-05-27,,
1987-05-28,,
1987-05-29,,
1987-05-30,,
1987-05-31,,
1987-06-01,,
1987-06-02,,
1987-06-03,,
1987-06-04,,
1987-06-05,,
1987-06-06,,
1987-06-07,,
1987-06-08,,
1987-06-09,,
1987-06-10,,
1987-06-11,,
1987-06-12,,
1987-06-13,,
1987-06-14,,
1987-06-15,,
1987-06-16,,
1987-06-17,,
1987-06-18,,
1987-06-19,,
1987-06-20,,
1987-06-21,,
1987-06-22,,
1987-06-23,,
1987-06-24,,
1987-06-25,,
1987-06-26,,
1987-06-27,,
1987-06-28,,
1987-06-29,,
1987-06-30,,
1987-07-01,,
1987-07-02,,
1987-07-03,,
1987-07-04,,
1987-07-05,,
1987-07-06,,
1987-07-07,,
1987-07-08,,
1987-07-09,,
1987-07-10,,
1987-07-11,,
1987-07-12,,
1987-07-13,,
1987-07-14,,
1987-07-15,,
1987-07-16,,
1987-07-17,,
1987-07-18,,
1987-07-19,,
1987-07-20,,
1987-07-21,,
1987-07-22,,
1987-07-23,,
1987-07-24,,
1987-07-25,,
1987-07-26,,
1987-07-27,,
1987-07-28,,
1987-07-29,,
1987-07-30,,
1987-07-31,,
1987-08-01,,
1987-08-02,,
1987-08-03,,
1987-08-04,,
1987-08-05,,
1987-08-06,,
1987-08-07,,
1987-08-08,,
1987-08-09,,
1987-08-10,,
1987-08-11,,
1987-08-12,,
1987-08-13,,
1987-08-14,,
1987-08-15,,
1987-08-16,,
1987-08-17,,
1987-08-18,,
1987-08-19,,
1987-08-20,,
1987-08-21,,
1987-08-22,,
1987-08-23,,
1987-08-24,,
1987-08-25,,
1987-08-26,,
1987-08-27,,
1987-08-28,,
1987-08-29,,
1987-08-30,,
1987-08-31,,
1987-09-01,,
1987-09-02,,
1987-09-03,,
1987-09-04,,
1987-09-05,,
1987-09-06,,
1987-09-07,,
1987-09-08,,
1987-09-09,,
1987-09-10,,
1987-09-11,,
1987-09-12,,
1987-09-13,,
1987-09-14,,
1987-09-15,,
1987-09-16,,
1987-09-17,,
1987-09-18,,
1987-09-19,,
1987-09-20,,
1987-09-21,,
1987-09-22,,
1987-09-23,,
1987-09-24,,
1987-09-25,,
1987-09-26,,
1987-09-27,,
1987-09-28,,
1987-09-29,,
1987-09-30,,
1987-10-01,,
1987-10-02,,
1987-10-03,,
1987-10-04,,
1987-10-05,,
1987-10-06,,
1987-10-07,,
1987-10-08,,
1987-10-09,,
1987-10-10,,
1987-10-11,,
1987-10-12,,
1987-10-13,,
1987-10-14,,
1987-10-15,,
1987-10-16,,
1987-10-17,,
1987-10-18,,
1987-10-19,,
1987-10-20,,
1987-10-21,,
1987-10-22,,
1987-10-23,,
1987-10-24,,
1987-10-25,,
1987-10-26,,
1987-10-27,,
1987-10-28,,
1987-10-29,,
1987-10-30,,
1987-10-31,,
1987-11-01,,
1987-11-02,,
1987-11-03,,
1987-11-04,,
1987-11-05,,
1987-11-06,,
1987-11-07,,
1987-11-08,,
1987-11-09,,
1987-11-10,,
1987-11-11,,
1987-11-12,,
1987-11-13,,
1987-11-14,,
1987-11-15,,
1987-11-16,,
1987-11-17,,
1987-11-18,,
1987-11-19,,
1987-11-20,,
1987-11-21,,
1987-11-22,,
1987-11-23,,
1987-11-24,,
1987-11-25,,
1987-11-26,,
1987-11-27,,
1987-11-28,,
1987-11-29,0.0,
1987-11-30,1.829,
1987-12-01,2.235,
1987-12-02,2.642,
1987-12-03,3.048,
1987-12-04,4.572,
1987-12-05,6.096,
1987-12-06,7.62,
1987-12-07,9.144,
1987-12-08,10.668,
1987-12-09,12.192,
1987-12-10,12.192,
1987-12-11,12.192,
1987-12-12,12.421,
1987-12-13,12.649,
1987-12-14,12.878,
1987-12-15,13.106,
1987-12-16,13.106,
1987-12-17,13.411,
1987-12-18,13.411,
1987-12-19,13.411,
1987-12-20,13.106,
1987-12-21,13.411,
1987-12-22,13.411,
1987-12-23,13.411,
1987-12-24,13.716,
1987-12-25,14.63,
1987-12-26,15.24,
1987-12-27,15.85,
1987-12-28,16.459,
1987-12-29,17.069,
1987-12-30,18.288,
1987-12-31,19.202,
1988-01-01,19.304,
1988-01-02,19.304,
1988-01-03,19.304,
1988-01-04,24.994,
1988-01-05,28.042,
1988-01-06,28.042,
1988-01-07,28.346,
1988-01-08,30.48,
1988-01-09,32.614,
1988-01-10,33.528,
1988-01-11,36.576,
1988-01-12,36.576,
1988-01-13,36.881,
1988-01-14,37.795,
1988-01-15,41.453,
1988-01-16,45.72,
1988-01-17,48.463,
1988-01-18,48.768,
1988-01-19,48.768,
1988-01-20,48.768,
1988-01-21,48.768,
1988-01-22,48.768,
1988-01-23,48.768,
1988-01-24,48.768,
1988-01-25,48.768,
1988-01-26,48.768,
1988-01-27,48.768,
1988-01-28,49.073,
1988-01-29,50.597,
1988-01-30,53.035,
1988-01-31,52.73,
1988-02-01,53.645,
1988-02-02,53.645,
1988-02-03,53.645,
1988-02-04,53.645,
1988-02-05,53.645,
1988-02-06,53.645,
1988-02-07,53.645,
1988-02-08,53.645,
1988-02-09,53.645,
1988-02-10,53.645,
1988-02-11,53.645,
1988-02-12,53.645,
1988-02-13,53.645,
1988-02-14,53.645,
1988-02-15,53.645,
1988-02-16,53.645,
1988-02-17,53.645,
1988-02-18,53.645,
1988-02-19,53.645,
1988-02-20,53.34,
1988-02-21,52.121,
1988-02-22,51.816,
1988-02-23,51.206,
1988-02-24,51.206,
1988-02-25,50.597,
1988-02-26,50.292,
1988-02-27,49.682,
1988-02-28,49.073,
1988-02-29,47.549,
1988-03-01,48.463,
1988-03-02,48.768,
1988-03-03,48.768,
1988-03-04,48.463,
1988-03-05,46.939,
1988-03-06,45.72,
1988-03-07,44.806,
1988-03-08,44.196,
1988-03-09,42.672,
1988-03-10,42.672,
1988-03-11,42.672,
1988-03-12,42.672,
1988-03-13,42.672,
1988-03-14,42.672,
1988-03-15,42.062,
1988-03-16,41.148,
1988-03-17,40.538,
1988-03-18,39.624,
1988-03-19,38.71,
1988-03-20,37.49,
1988-03-21,35.357,
1988-03-22,35.357,
1988-03-23,32.004,
1988-03-24,30.48,
1988-03-25,29.261,
1988-03-26,27.737,
1988-03-27,25.908,
1988-03-28,25.298,
1988-03-29,24.384,
1988-03-30,23.165,
1988-03-31,22.25,
1988-04-01,21.336,
1988-04-02,19.507,
1988-04-03,17.983,
1988-04-04,15.85,
1988-04-05,15.24,
1988-04-06,13.106,
1988-04-07,9.754,
1988-04-08,9.449,
1988-04-09,6.706,
1988-04-10,3.048,
1988-04-11,1.829,
1988-04-12,0.0,
1988-04-13,,
1988-04-14,,
1988-04-15,,
1988-04-16,,
1988-04-17,,
1988-04-18,,
1988-04-19,,
1988-04-20,,
1988-04-21,,
1988-04-22,,
1988-04-23,,
1988-04-24,,
1988-04-25,,
1988-04-26,,
1988-04-27,,
1988-04-28,,
1988-04-29,,
1988-04-30,,
1988-05-01,,
1988-05-02,,
1988-05-03,,
1988-05-04,,
1988-05-05,,
1988-05-06,,
1988-05-07,,
1988-05-08,,
1988-05-09,,
1988-05-10,,
1988-05-11,,
1988-05-12,,
1988-05-13,,
1988-05-14,,
1988-05-15,,
1988-05-16,,
1988-05-17,,
1988-05-18,,
1988-05-19,,
1988-05-20,,
1988-05-21,,
1988-05-22,,
1988-05-23,,
1988-05-24,,
1988-05-25,,
1988-05-26,,
1988-05-27,,
1988-05-28,,
1988-05-29,,
1988-05-30,,
1988-05-31,,
1988-06-01,,
1988-06-02,,
1988-06-03,,
1988-06-04,,
1988-06-05,,
1988-06-06,,
1988-06-07,,
1988-06-08,,
1988-06-09,,
1988-06-10,,
1988-06-11,,
1988-06-12,,
1988-06-13,,
1988-06-14,,
1988-06-15,,
1988-06-16,,
1988-06-17,,
1988-06-18,,
1988-06-19,,
1988-06-20,,
1988-06-21,,
1988-06-22,,
1988-06-23,,
1988-06-24,,
1988-06-25,,
1988-06-26,,
1988-06-27,,
1988-06-28,,
1988-06-29,,
1988-06-30,,
1988-07-01,,
1988-07-02,,
1988-07-03,,
1988-07-04,,
1988-07-05,,
1988-07-06,,
1988-07-07,,
1988-07-08,,
1988-07-09,,
1988-07-10,,
1988-07-11,,
1988-07-12,,
1988-07-13,,
1988-07-14,,
1988-07-15,,
1988-07-16,,
1988-07-17,,
1988-07-18,,
1988-07-19,,
1988-07-20,,
1988-07-21,,
1988-07-22,,
1988-07-23,,
1988-07-24,,
1988-07-25,,
1988-07-26,,
1988-07-27,,
1988-07-28,,
1988-07-29,,
1988-07-30,,
1988-07-31,,
1988-08-01,,
1988-08-02,,
1988-08-03,,
1988-08-04,,
1988-08-05,,
1988-08-06,,
1988-08-07,,
1988-08-08,,
1988-08-09,,
1988-08-10,,
1988-08-11,,
1988-08-12,,
1988-08-13,,
1988-08-14,,
1988-08-15,,
1988-08-16,,
1988-08-17,,
1988-08-18,,
1988-08-19,,
1988-08-20,,
1988-08-21,,
1988-08-22,,
1988-08-23,,
1988-08-24,,
1988-08-25,,
1988-08-26,,
1988-08-27,,
1988-08-28,,
1988-08-29,,
1988-08-30,,
1988-08-31,,
1988-09-01,,
1988-09-02,,
1988-09-03,,
1988-09-04,,
1988-09-05,,
1988-09-06,,
1988-09-07,,
1988-09-08,,
1988-09-09,,
1988-09-10,,
1988-09-11,,
1988-09-12,,
1988-09-13,,
1988-09-14,,
1988-09-15,,
1988-09-16,,
1988-09-17,,
1988-09-18,,
1988-09-19,,
1988-09-20,,
1988-09-21,,
1988-09-22,,
1988-09-23,,
1988-09-24,,
1988-09-25,,
1988-09-26,,
1988-09-27,,
1988-09-28,,
1988-09-29,,
1988-09-30,,
1988-10-01,,
1988-10-02,,
1988-10-03,,
1988-10-04,,
1988-10-05,,
1988-10-06,,
1988-10-07,,
1988-10-08,,
1988-10-09,,
1988-10-10,,
1988-10-11,,
1988-10-12,,
1988-10-13,,
1988-10-14,,
1988-10-15,,
1988-10-16,,
1988-10-17,,
1988-10-18,,
1988-10-19,,
1988-10-20,,
1988-10-21,,
1988-10-22,,
1988-10-23,,
1988-10-24,,
1988-10-25,,
1988-10-26,,
1988-10-27,,
1988-10-28,,
1988-10-29,,
1988-10-30,,
1988-10-31,,
1988-11-01,,
1988-11-02,,
1988-11-03,0.0,
1988-11-04,1.829,
1988-11-05,1.727,
1988-11-06,1.626,
1988-11-07,1.524,
1988-11-08,1.524,
1988-11-09,1.524,
1988-11-10,2.642,
1988-11-11,3.759,
1988-11-12,4.877,
1988-11-13,5.994,
1988-11-14,7.112,
1988-11-15,8.23,
1988-11-16,8.23,
1988-11-17,12.497,
1988-11-18,12.497,
1988-11-19,12.802,
1988-11-20,12.802,
1988-11-21,12.802,
1988-11-22,13.157,
1988-11-23,13.513,
1988-11-24,13.868,
1988-11-25,14.224,
1988-11-26,14.58,
1988-11-27,14.935,
1988-11-28,15.545,
1988-11-29,16.764,
1988-11-30,16.764,
1988-12-01,16.764,
1988-12-02,16.764,
1988-12-03,16.764,
1988-12-04,16.764,
1988-12-05,16.764,
1988-12-06,16.764,
1988-12-07,16.764,
1988-12-08,16.764,
1988-12-09,16.764,
1988-12-10,16.764,
1988-12-11,16.764,
1988-12-12,16.764,
1988-12-13,16.764,
1988-12-14,16.764,
1988-12-15,16.764,
1988-12-16,16.764,
1988-12-17,16.764,
1988-12-18,16.764,
1988-12-19,17.678,
1988-12-20,17.678,
1988-12-21,21.336,
1988-12-22,23.774,
1988-12-23,27.127,
1988-12-24,27.584,
1988-12-25,28.042,
1988-12-26,28.499,
1988-12-27,28.956,
1988-12-28,29.87,
1988-12-29,30.48,
1988-12-30,31.09,
1988-12-31,32.309,
1989-01-01,32.258,
1989-01-02,32.385,
1989-01-03,32.487,
1989-01-04,32.614,
1989-01-05,33.528,
1989-01-06,35.052,
1989-01-07,35.357,
1989-01-08,35.357,
1989-01-09,36.22,
1989-01-10,37.059,
1989-01-11,37.922,
1989-01-12,38.76,
1989-01-13,39.624,
1989-01-14,39.929,
1989-01-15,40.234,
1989-01-16,40.538,
1989-01-17,40.538,
1989-01-18,40.538,
1989-01-19,40.538,
1989-01-20,40.538,
1989-01-21,40.843,
1989-01-22,42.062,
1989-01-23,45.11,
1989-01-24,44.806,
1989-01-25,44.78,
1989-01-26,44.78,
1989-01-27,44.755,
1989-01-28,44.755,
1989-01-29,44.755,
1989-01-30,44.729,
1989-01-31,44.729,
1989-02-01,44.704,
1989-02-02,44.806,
1989-02-03,45.11,
1989-02-04,45.161,
1989-02-05,45.212,
1989-02-06,45.263,
1989-02-07,45.314,
1989-02-08,45.364,
1989-02-09,45.415,
1989-02-10,45.72,
1989-02-11,46.634,
1989-02-12,46.634,
1989-02-13,46.33,
1989-02-14,45.72,
1989-02-15,46.025,
1989-02-16,46.634,
1989-02-17,46.939,
1989-02-18,46.939,
1989-02-19,48.768,
1989-02-20,49.073,
1989-02-21,49.073,
1989-02-22,48.463,
1989-02-23,47.854,
1989-02-24,47.803,
1989-02-25,47.752,
1989-02-26,47.701,
1989-02-27,47.65,
1989-02-28,47.6,
1989-03-01,47.549,
1989-03-02,49.987,
1989-03-03,51.206,
1989-03-04,51.206,
1989-03-05,51.206,
1989-03-06,51.308,
1989-03-07,51.816,
1989-03-08,53.035,
1989-03-09,53.365,
1989-03-10,53.696,
1989-03-11,54.051,
1989-03-12,54.381,
1989-03-13,54.712,
1989-03-14,55.042,
1989-03-15,55.372,
1989-03-16,55.728,
1989-03-17,56.058,
1989-03-18,56.388,
1989-03-19,59.741,
1989-03-20,59.69,
1989-03-21,60.046,
1989-03-22,58.522,
1989-03-23,57.912,
1989-03-24,57.912,
1989-03-25,60.046,
1989-03-26,60.046,
1989-03-27,60.96,
1989-03-28,62.484,
1989-03-29,60.655,
1989-03-30,60.655,
1989-03-31,60.96,
1989-04-01,57.607,
1989-04-02,58.217,
1989-04-03,57.912,
1989-04-04,56.998,
1989-04-05,55.169,
1989-04-06,53.035,
1989-04-07,50.597,
1989-04-08,48.158,
1989-04-09,45.72,
1989-04-10,43.891,
1989-04-11,40.538,
1989-04-12,36.576,
1989-04-13,34.747,
1989-04-14,30.785,
1989-04-15,28.346,
1989-04-16,25.603,
1989-04-17,22.86,
1989-04-18,19.202,
1989-04-19,15.545,
1989-04-20,9.144,
1989-04-21,4.318,
1989-04-22,5.182,
1989-04-23,6.706,
1989-04-24,9.144,
1989-04-25,9.449,
1989-04-26,10.363,
1989-04-27,10.058,
1989-04-28,8.839,
1989-04-29,7.925,
1989-04-30,4.877,
1989-05-01,3.658,
1989-05-02,2.438,
1989-05-03,0.0,
1989-05-04,,
1989-05-05,,
1989-05-06,,
1989-05-07,,
1989-05-08,,
1989-05-09,,
1989-05-10,,
1989-05-11,,
1989-05-12,,
1989-05-13,,
1989-05-14,,
1989-05-15,,
1989-05-16,,
1989-05-17,,
1989-05-18,,
1989-05-19,,
1989-05-20,,
1989-05-21,,
1989-05-22,,
1989-05-23,,
1989-05-24,,
1989-05-25,,
1989-05-26,,
1989-05-27,,
1989-05-28,,
1989-05-29,,
1989-05-30,,
1989-05-31,,
1989-06-01,,
1989-06-02,,
1989-06-03,,
1989-06-04,,
1989-06-05,,
1989-06-06,,
1989-06-07,,
1989-06-08,,
1989-06-09,,
1989-06-10,,
1989-06-11,,
1989-06-12,,
1989-06-13,,
1989-06-14,,
1989-06-15,,
1989-06-16,,
1989-06-17,,
1989-06-18,,
1989-06-19,,
1989-06-20,,
1989-06-21,,
1989-06-22,,
1989-06-23,,
1989-06-24,,
1989-06-25,,
1989-06-26,,
1989-06-27,,
1989-06-28,,
1989-06-29,,
1989-06-30,,
1989-07-01,,
1989-07-02,,
1989-07-03,,
1989-07-04,,
1989-07-05,,
1989-07-06,,
1989-07-07,,
1989-07-08,,
1989-07-09,,
1989-07-10,,
1989-07-11,,
1989-07-12,,
1989-07-13,,
1989-07-14,,
1989-07-15,,
1989-07-16,,
1989-07-17,,
1989-07-18,,
1989-07-19,,
1989-07-20,,
1989-07-21,,
1989-07-22,,
1989-07-23,,
1989-07-24,,
1989-07-25,,
1989-07-26,,
1989-07-27,,
1989-07-28,,
1989-07-29,,
1989-07-30,,
1989-07-31,,
1989-08-01,,
1989-08-02,,
1989-08-03,,
1989-08-04,,
1989-08-05,,
1989-08-06,,
1989-08-07,,
1989-08-08,,
1989-08-09,,
1989-08-10,,
1989-08-11,,
1989-08-12,,
1989-08-13,,
1989-08-14,,
1989-08-15,,
1989-08-16,,
1989-08-17,,
1989-08-18,,
1989-08-19,,
1989-08-20,,
1989-08-21,,
1989-08-22,,
1989-08-23,,
1989-08-24,,
1989-08-25,,
1989-08-26,,
1989-08-27,,
1989-08-28,,
1989-08-29,,
1989-08-30,,
1989-08-31,,
1989-09-01,,
1989-09-02,,
1989-09-03,,
1989-09-04,,
1989-09-05,,
1989-09-06,,
1989-09-07,,
1989-09-08,,
1989-09-09,,
1989-09-10,,
1989-09-11,,
1989-09-12,,
1989-09-13,,
1989-09-14,,
1989-09-15,,
1989-09-16,,
1989-09-17,,
1989-09-18,,
1989-09-19,,
1989-09-20,,
1989-09-21,,
1989-09-22,,
1989-09-23,,
1989-09-24,,
1989-09-25,,
1989-09-26,,
1989-09-27,,
1989-09-28,,
1989-09-29,,
1989-09-30,,
1989-10-01,,
1989-10-02,,
1989-10-03,,
1989-10-04,,
1989-10-05,,
1989-10-06,,
1989-10-07,,
1989-10-08,,
1989-10-09,,
1989-10-10,,
1989-10-11,,
1989-10-12,,
1989-10-13,,
1989-10-14,,
1989-10-15,,
1989-10-16,,
1989-10-17,,
1989-10-18,,
1989-10-19,,
1989-10-20,,
1989-10-21,,
1989-10-22,,
1989-10-23,,
1989-10-24,,
1989-10-25,,
1989-10-26,,
1989-10-27,,
1989-10-28,,
1989-10-29,,
1989-10-30,,
1989-10-31,,
1989-11-01,,
1989-11-02,,
1989-11-03,,
1989-11-04,,
1989-11-05,,
1989-11-06,,
1989-11-07,,
1989-11-08,,
1989-11-09,,
1989-11-10,,
1989-11-11,,
1989-11-12,,
1989-11-13,,
1989-11-14,,
1989-11-15,,
1989-11-16,,
1989-11-17,,
1989-11-18,,
1989-11-19,,
1989-11-20,,
1989-11-21,,
1989-11-22,,
1989-11-23,,
1989-11-24,,
1989-11-25,,
1989-11-26,,
1989-11-27,,
1989-11-28,,
1989-11-29,,
1989-11-30,,
1989-12-01,,
1989-12-02,,
1989-12-03,,
1989-12-04,,
1989-12-05,,
1989-12-06,,
1989-12-07,,
1989-12-08,,
1989-12-09,,
1989-12-10,,
1989-12-11,,
1989-12-12,,
1989-12-13,,
1989-12-14,,
1989-12-15,,
1989-12-16,,
1989-12-17,,
1989-12-18,,
1989-12-19,,
1989-12-20,,
1989-12-21,,
1989-12-22,,
1989-12-23,,
1989-12-24,,
1989-12-25,,
1989-12-26,,
1989-12-27,,
1989-12-28,,
1989-12-29,,
1989-12-30,,
1989-12-31,,
1990-01-01,4.267,
1990-01-02,5.182,
1990-01-03,5.08,
1990-01-04,7.315,
1990-01-05,7.01,
1990-01-06,6.604,
1990-01-07,6.604,
1990-01-08,10.16,
1990-01-09,10.211,
1990-01-10,10.262,
1990-01-11,10.338,
1990-01-12,10.389,
1990-01-13,10.439,
1990-01-14,10.49,
1990-01-15,10.566,
1990-01-16,10.617,
1990-01-17,10.668,
1990-01-18,10.668,
1990-01-19,10.668,
1990-01-20,10.363,
1990-01-21,10.414,
1990-01-22,10.414,
1990-01-23,8.839,
1990-01-24,8.89,
1990-01-25,8.839,
1990-01-26,9.144,
1990-01-27,9.652,
1990-01-28,10.668,
1990-01-29,10.973,
1990-01-30,12.802,
1990-01-31,14.021,
1990-02-01,15.24,
1990-02-02,15.85,
1990-02-03,15.85,
1990-02-04,17.678,
1990-02-05,17.983,
1990-02-06,18.898,
1990-02-07,19.05,
1990-02-08,19.304,
1990-02-09,19.304,
1990-02-10,19.812,
1990-02-11,20.066,
1990-02-12,20.828,
1990-02-13,20.828,
1990-02-14,20.803,
1990-02-15,20.752,
1990-02-16,20.726,
1990-02-17,22.276,
1990-02-18,23.851,
1990-02-19,25.4,
1990-02-20,25.4,
1990-02-21,25.4,
1990-02-22,25.4,
1990-02-23,25.4,
1990-02-24,25.4,
1990-02-25,25.4,
1990-02-26,25.4,
1990-02-27,25.4,
1990-02-28,25.4,
1990-03-01,25.4,
1990-03-02,25.984,
1990-03-03,26.594,
1990-03-04,27.178,
1990-03-05,27.788,
1990-03-06,28.372,
1990-03-07,28.981,
1990-03-08,29.566,
1990-03-09,29.566,
1990-03-10,29.566,
1990-03-11,31.09,
1990-03-12,31.09,
1990-03-13,31.09,
1990-03-14,31.09,
1990-03-15,30.48,
1990-03-16,29.87,
1990-03-17,29.286,
1990-03-18,28.677,
1990-03-19,28.067,
1990-03-20,27.457,
1990-03-21,26.873,
1990-03-22,26.264,
1990-03-23,25.654,
1990-03-24,24.409,
1990-03-25,23.165,
1990-03-26,22.352,
1990-03-27,20.422,
1990-03-28,19.202,
1990-03-29,17.983,
1990-03-30,16.764,
1990-03-31,15.85,
1990-04-01,14.935,
1990-04-02,12.802,
1990-04-03,10.058,
1990-04-04,7.62,
1990-04-05,5.486,
1990-04-06,4.267,
1990-04-07,0.0,
1990-04-08,,
1990-04-09,,
1990-04-10,,
1990-04-11,,
1990-04-12,,
1990-04-13,,
1990-04-14,,
1990-04-15,,
1990-04-16,,
1990-04-17,,
1990-04-18,,
1990-04-19,,
1990-04-20,,
1990-04-21,,
1990-04-22,,
1990-04-23,,
1990-04-24,,
1990-04-25,,
1990-04-26,,
1990-04-27,,
1990-04-28,,
1990-04-29,,
1990-04-30,,
1990-05-01,,
1990-05-02,,
1990-05-03,,
1990-05-04,,
1990-05-05,,
1990-05-06,,
1990-05-07,,
1990-05-08,,
1990-05-09,,
1990-05-10,,
1990-05-11,,
1990-05-12,,
1990-05-13,,
1990-05-14,,
1990-05-15,,
1990-05-16,,
1990-05-17,,
1990-05-18,,
1990-05-19,,
1990-05-20,,
1990-05-21,,
1990-05-22,,
1990-05-23,,
1990-05-24,,
1990-05-25,,
1990-05-26,,
1990-05-27,,
1990-05-28,,
1990-05-29,,
1990-05-30,,
1990-05-31,,
1990-06-01,,
1990-06-02,,
1990-06-03,,
1990-06-04,,
1990-06-05,,
1990-06-06,,
1990-06-07,,
1990-06-08,,
1990-06-09,,
1990-06-10,,
1990-06-11,,
1990-06-12,,
1990-06-13,,
1990-06-14,,
1990-06-15,,
1990-06-16,,
1990-06-17,,
1990-06-18,,
1990-06-19,,
1990-06-20,,
1990-06-21,,
1990-06-22,,
1990-06-23,,
1990-06-24,,
1990-06-25,,
1990-06-26,,
1990-06-27,,
1990-06-28,,
1990-06-29,,
1990-06-30,,
1990-07-01,,
1990-07-02,,
1990-07-03,,
1990-07-04,,
1990-07-05,,
1990-07-06,,
1990-07-07,,
1990-07-08,,
1990-07-09,,
1990-07-10,,
1990-07-11,,
1990-07-12,,
1990-07-13,,
1990-07-14,,
1990-07-15,,
1990-07-16,,
1990-07-17,,
1990-07-18,,
1990-07-19,,
1990-07-20,,
1990-07-21,,
1990-07-22,,
1990-07-23,,
1990-07-24,,
1990-07-25,,
1990-07-26,,
1990-07-27,,
1990-07-28,,
1990-07-29,,
1990-07-30,,
1990-07-31,,
1990-08-01,,
1990-08-02,,
1990-08-03,,
1990-08-04,,
1990-08-05,,
1990-08-06,,
1990-08-07,,
1990-08-08,,
1990-08-09,,
1990-08-10,,
1990-08-11,,
1990-08-12,,
1990-08-13,,
1990-08-14,,
1990-08-15,,
1990-08-16,,
1990-08-17,,
1990-08-18,,
1990-08-19,,
1990-08-20,,
1990-08-21,,
1990-08-22,,
1990-08-23,,
1990-08-24,,
1990-08-25,,
1990-08-26,,
1990-08-27,,
1990-08-28,,
1990-08-29,,
1990-08-30,,
1990-08-31,,
1990-09-01,,
1990-09-02,,
1990-09-03,,
1990-09-04,,
1990-09-05,,
1990-09-06,,
1990-09-07,0.0,
1990-09-08,,
1990-09-09,,
1990-09-10,0.0,
1990-09-11,0.0,
1990-09-12,0.0,
1990-09-13,0.0,
1990-09-14,0.0,
1990-09-15,,
1990-09-16,,
1990-09-17,0.0,
1990-09-18,0.0,
1990-09-19,0.0,
1990-09-20,0.0,
1990-09-21,0.0,
1990-09-22,0.0,
1990-09-23,0.0,
1990-09-24,0.0,
1990-09-25,0.0,
1990-09-26,0.0,
1990-09-27,0.0,
1990-09-28,0.0,
1990-09-29,0.0,
1990-09-30,0.0,
1990-10-01,0.0,
1990-10-02,0.0,
1990-10-03,0.0,
1990-10-04,0.0,
1990-10-05,0.0,
1990-10-06,0.0,
1990-10-07,0.0,
1990-10-08,0.0,
1990-10-09,0.0,
1990-10-10,0.0,
1990-10-11,0.0,
1990-10-12,0.0,
1990-10-13,0.0,
1990-10-14,0.0,
1990-10-15,0.0,
1990-10-16,0.0,
1990-10-17,0.0,
1990-10-18,0.0,
1990-10-19,0.0,
1990-10-20,0.0,
1990-10-21,0.0,
1990-10-22,0.0,
1990-10-23,0.0,
1990-10-24,0.0,
1990-10-25,0.0,
1990-10-26,0.0,
1990-10-27,0.0,
1990-10-28,0.0,
1990-10-29,0.0,
1990-10-30,0.0,
1990-10-31,0.0,
1990-11-01,0.0,
1990-11-02,0.0,
1990-11-03,0.0,
1990-11-04,0.0,
1990-11-05,0.0,
1990-11-06,0.0,
1990-11-07,0.0,
1990-11-08,0.0,
1990-11-09,0.0,
1990-11-10,0.0,
1990-11-11,0.0,
1990-11-12,0.0,
1990-11-13,0.0,
1990-11-14,0.0,
1990-11-15,0.0,
1990-11-16,0.0,
1990-11-17,0.0,
1990-11-18,0.0,
1990-11-19,0.0,
1990-11-20,0.0,
1990-11-21,0.0,
1990-11-22,0.0,
1990-11-23,0.0,
1990-11-24,0.0,
1990-11-25,0.0,
1990-11-26,0.0,
1990-11-27,0.0,
1990-11-28,0.0,
1990-11-29,2.743,
1990-11-30,2.743,
1990-12-01,2.743,
1990-12-02,0.0,
1990-12-03,0.0,
1990-12-04,3.048,
1990-12-05,0.0,
1990-12-06,3.353,
1990-12-07,3.658,
1990-12-08,3.658,
1990-12-09,3.658,
1990-12-10,3.658,
1990-12-11,0.0,
1990-12-12,4.267,
1990-12-13,4.267,
1990-12-14,2.743,
1990-12-15,4.267,
1990-12-16,4.572,
1990-12-17,4.572,
1990-12-18,4.877,
1990-12-19,4.572,
1990-12-20,4.572,
1990-12-21,4.877,
1990-12-22,5.182,
1990-12-23,5.182,
1990-12-24,5.182,
1990-12-25,5.182,
1990-12-26,5.182,
1990-12-27,5.182,
1990-12-28,5.182,
1990-12-29,5.486,
1990-12-30,5.791,
1990-12-31,5.791,
1991-01-01,5.486,
1991-01-02,5.791,
1991-01-03,5.791,
1991-01-04,5.791,
1991-01-05,5.791,
1991-01-06,5.791,
1991-01-07,5.182,
1991-01-08,5.791,
1991-01-09,6.096,
1991-01-10,6.401,
1991-01-11,7.315,
1991-01-12,8.839,
1991-01-13,10.973,
1991-01-14,8.839,
1991-01-15,8.839,
1991-01-16,8.534,
1991-01-17,8.23,
1991-01-18,8.534,
1991-01-19,8.839,
1991-01-20,9.144,
1991-01-21,9.449,
1991-01-22,8.839,
1991-01-23,7.62,
1991-01-24,7.315,
1991-01-25,6.706,
1991-01-26,6.401,
1991-01-27,6.096,
1991-01-28,6.096,
1991-01-29,6.706,
1991-01-30,6.706,
1991-01-31,8.839,
1991-02-01,9.449,
1991-02-02,9.754,
1991-02-03,13.106,
1991-02-04,12.497,
1991-02-05,13.106,
1991-02-06,12.192,
1991-02-07,12.497,
1991-02-08,12.802,
1991-02-09,12.802,
1991-02-10,12.192,
1991-02-11,12.192,
1991-02-12,11.278,
1991-02-13,10.973,
1991-02-14,9.754,
1991-02-15,7.925,
1991-02-16,6.401,
1991-02-17,4.877,
1991-02-18,4.267,
1991-02-19,3.658,
1991-02-20,2.743,
1991-02-21,0.0,
1991-02-22,0.0,
1991-02-23,0.0,
1991-02-24,0.0,
1991-02-25,0.0,
1991-02-26,0.0,
1991-02-27,0.0,
1991-02-28,0.0,
1991-03-01,2.743,
1991-03-02,7.315,
1991-03-03,18.898,
1991-03-04,21.641,
1991-03-05,18.288,
1991-03-06,17.678,
1991-03-07,17.983,
1991-03-08,18.593,
1991-03-09,19.812,
1991-03-10,19.812,
1991-03-11,21.946,
1991-03-12,22.555,
1991-03-13,25.298,
1991-03-14,25.298,
1991-03-15,25.908,
1991-03-16,25.603,
1991-03-17,26.213,
1991-03-18,27.127,
1991-03-19,27.432,
1991-03-20,28.346,
1991-03-21,30.48,
1991-03-22,31.394,
1991-03-23,35.052,
1991-03-24,42.367,
1991-03-25,44.806,
1991-03-26,51.206,
1991-03-27,52.426,
1991-03-28,52.426,
1991-03-29,53.34,
1991-03-30,52.121,
1991-03-31,52.426,
1991-04-01,53.34,
1991-04-02,52.426,
1991-04-03,51.206,
1991-04-04,50.902,
1991-04-05,49.378,
1991-04-06,47.549,
1991-04-07,45.72,
1991-04-08,46.33,
1991-04-09,46.33,
1991-04-10,45.11,
1991-04-11,43.891,
1991-04-12,45.415,
1991-04-13,44.501,
1991-04-14,42.672,
1991-04-15,40.843,
1991-04-16,40.538,
1991-04-17,41.148,
1991-04-18,41.148,
1991-04-19,40.64,
1991-04-20,38.405,
1991-04-21,37.795,
1991-04-22,36.271,
1991-04-23,35.306,
1991-04-24,33.528,
1991-04-25,32.918,
1991-04-26,33.223,
1991-04-27,33.833,
1991-04-28,32.918,
1991-04-29,31.09,
1991-04-30,28.651,
1991-05-01,26.518,
1991-05-02,26.518,
1991-05-03,26.518,
1991-05-04,25.298,
1991-05-05,22.86,
1991-05-06,19.812,
1991-05-07,17.069,
1991-05-08,14.326,
1991-05-09,11.278,
1991-05-10,9.144,
1991-05-11,7.315,
1991-05-12,5.486,
1991-05-13,0.0,
1991-05-14,0.0,
1991-05-15,0.0,
1991-05-16,0.0,
1991-05-17,0.0,
1991-05-18,0.0,
1991-05-19,0.0,
1991-05-20,0.0,
1991-05-21,0.0,
1991-05-22,0.0,
1991-05-23,0.0,
1991-05-24,0.0,
1991-05-25,0.0,
1991-05-26,0.0,
1991-05-27,0.0,
1991-05-28,0.0,
1991-05-29,0.0,
1991-05-30,0.0,
1991-05-31,0.0,
1991-06-01,0.0,
1991-06-02,0.0,
1991-06-03,0.0,
1991-06-04,0.0,
1991-06-05,0.0,
1991-06-06,0.0,
1991-06-07,0.0,
1991-06-08,0.0,
1991-06-09,0.0,
1991-06-10,0.0,
1991-06-11,0.0,
1991-06-12,0.0,
1991-06-13,0.0,
1991-06-14,0.0,
1991-06-15,0.0,
1991-06-16,0.0,
1991-06-17,0.0,
1991-06-18,0.0,
1991-06-19,0.0,
1991-06-20,0.0,
1991-06-21,0.0,
1991-06-22,0.0,
1991-06-23,0.0,
1991-06-24,0.0,
1991-06-25,0.0,
1991-06-26,0.0,
1991-06-27,0.0,
1991-06-28,0.0,
1991-06-29,0.0,
1991-06-30,0.0,
1991-07-01,0.0,
1991-07-02,0.0,
1991-07-03,0.0,
1991-07-04,0.0,
1991-07-05,0.0,
1991-07-06,0.0,
1991-07-07,0.0,
1991-07-08,0.0,
1991-07-09,0.0,
1991-07-10,0.0,
1991-07-11,0.0,
1991-07-12,0.0,
1991-07-13,0.0,
1991-07-14,0.0,
1991-07-15,0.0,
1991-07-16,0.0,
1991-07-17,0.0,
1991-07-18,0.0,
1991-07-19,0.0,
1991-07-20,0.0,
1991-07-21,0.0,
1991-07-22,0.0,
1991-07-23,0.0,
1991-07-24,0.0,
1991-07-25,0.0,
1991-07-26,0.0,
1991-07-27,0.0,
1991-07-28,0.0,
1991-07-29,0.0,
1991-07-30,0.0,
1991-07-31,0.0,
1991-08-01,0.0,
1991-08-02,0.0,
1991-08-03,0.0,
1991-08-04,0.0,
1991-08-05,0.0,
1991-08-06,0.0,
1991-08-07,0.0,
1991-08-08,0.0,
1991-08-09,0.0,
1991-08-10,0.0,
1991-08-11,0.0,
1991-08-12,0.0,
1991-08-13,0.0,
1991-08-14,0.0,
1991-08-15,0.0,
1991-08-16,0.0,
1991-08-17,0.0,
1991-08-18,0.0,
1991-08-19,0.0,
1991-08-20,0.0,
1991-08-21,0.0,
1991-08-22,0.0,
1991-08-23,0.0,
1991-08-24,0.0,
1991-08-25,0.0,
1991-08-26,0.0,
1991-08-27,0.0,
1991-08-28,0.0,
1991-08-29,0.0,
1991-08-30,0.0,
1991-08-31,0.0,
1991-09-01,0.0,
1991-09-02,0.0,
1991-09-03,0.0,
1991-09-04,0.0,
1991-09-05,0.0,
1991-09-06,0.0,
1991-09-07,0.0,
1991-09-08,0.0,
1991-09-09,0.0,
1991-09-10,0.0,
1991-09-11,0.0,
1991-09-12,0.0,
1991-09-13,0.0,
1991-09-14,0.0,
1991-09-15,0.0,
1991-09-16,0.0,
1991-09-17,0.0,
1991-09-18,0.0,
1991-09-19,0.0,
1991-09-20,0.0,
1991-09-21,0.0,
1991-09-22,0.0,
1991-09-23,0.0,
1991-09-24,0.0,
1991-09-25,0.0,
1991-09-26,0.0,
1991-09-27,0.0,
1991-09-28,0.0,
1991-09-29,0.0,
1991-09-30,0.0,
1991-10-01,0.0,
1991-10-02,0.0,
1991-10-03,0.0,
1991-10-04,0.0,
1991-10-05,0.0,
1991-10-06,0.0,
1991-10-07,0.0,
1991-10-08,0.0,
1991-10-09,0.0,
1991-10-10,0.0,
1991-10-11,0.0,
1991-10-12,0.0,
1991-10-13,0.0,
1991-10-14,0.0,
1991-10-15,0.0,
1991-10-16,0.0,
1991-10-17,0.0,
1991-10-18,0.0,
1991-10-19,0.0,
1991-10-20,0.0,
1991-10-21,0.0,
1991-10-22,0.0,
1991-10-23,0.0,
1991-10-24,0.0,
1991-10-25,0.0,
1991-10-26,0.0,
1991-10-27,0.0,
1991-10-28,0.0,
1991-10-29,0.0,
1991-10-30,0.0,
1991-10-31,0.0,
1991-11-01,0.0,
1991-11-02,0.0,
1991-11-03,0.0,
1991-11-04,0.0,
1991-11-05,0.0,
1991-11-06,0.0,
1991-11-07,0.0,
1991-11-08,0.0,
1991-11-09,0.0,
1991-11-10,0.0,
1991-11-11,0.0,
1991-11-12,0.0,
1991-11-13,0.0,
1991-11-14,0.0,
1991-11-15,0.0,
1991-11-16,0.0,
1991-11-17,2.438,
1991-11-18,4.572,
1991-11-19,4.267,
1991-11-20,5.08,
1991-11-21,6.096,
1991-11-22,5.842,
1991-11-23,5.791,
1991-11-24,5.791,
1991-11-25,5.791,
1991-11-26,5.486,
1991-11-27,5.791,
1991-11-28,5.588,
1991-11-29,4.877,
1991-11-30,3.048,
1991-12-01,3.302,
1991-12-02,3.81,
1991-12-03,4.267,
1991-12-04,4.318,
1991-12-05,3.658,
1991-12-06,3.962,
1991-12-07,4.826,
1991-12-08,5.791,
1991-12-09,6.604,
1991-12-10,7.01,
1991-12-11,6.604,
1991-12-12,5.842,
1991-12-13,5.486,
1991-12-14,6.401,
1991-12-15,6.401,
1991-12-16,6.096,
1991-12-17,6.401,
1991-12-18,9.449,
1991-12-19,10.363,
1991-12-20,10.668,
1991-12-21,11.43,
1991-12-22,11.887,
1991-12-23,12.192,
1991-12-24,12.192,
1991-12-25,12.192,
1991-12-26,11.887,
1991-12-27,11.684,
1991-12-28,10.973,
1991-12-29,14.63,
1991-12-30,17.069,
1991-12-31,17.374,
1992-01-01,18.288,
1992-01-02,18.288,
1992-01-03,17.983,
1992-01-04,19.202,
1992-01-05,20.828,
1992-01-06,22.86,
1992-01-07,24.892,
1992-01-08,26.822,
1992-01-09,26.822,
1992-01-10,26.822,
1992-01-11,26.822,
1992-01-12,26.822,
1992-01-13,27.432,
1992-01-14,27.127,
1992-01-15,27.737,
1992-01-16,27.737,
1992-01-17,27.686,
1992-01-18,27.432,
1992-01-19,27.432,
1992-01-20,26.822,
1992-01-21,27.178,
1992-01-22,27.432,
1992-01-23,27.432,
1992-01-24,26.822,
1992-01-25,26.822,
1992-01-26,26.822,
1992-01-27,26.924,
1992-01-28,28.346,
1992-01-29,28.956,
1992-01-30,29.464,
1992-01-31,29.21,
1992-02-01,30.48,
1992-02-02,30.785,
1992-02-03,31.09,
1992-02-04,31.699,
1992-02-05,31.394,
1992-02-06,32.004,
1992-02-07,31.699,
1992-02-08,31.394,
1992-02-09,31.09,
1992-02-10,31.09,
1992-02-11,42.977,
1992-02-12,45.415,
1992-02-13,48.768,
1992-02-14,54.254,
1992-02-15,65.532,
1992-02-16,69.19,
1992-02-17,71.323,
1992-02-18,72.644,
1992-02-19,77.724,
1992-02-20,77.724,
1992-02-21,71.882,
1992-02-22,71.933,
1992-02-23,72.847,
1992-02-24,74.422,
1992-02-25,74.168,
1992-02-26,71.933,
1992-02-27,73.152,
1992-02-28,73.152,
1992-02-29,73.152,
1992-03-01,73.152,
1992-03-02,74.371,
1992-03-03,75.286,
1992-03-04,74.676,
1992-03-05,74.066,
1992-03-06,77.724,
1992-03-07,79.248,
1992-03-08,79.553,
1992-03-09,79.553,
1992-03-10,79.553,
1992-03-11,79.553,
1992-03-12,78.638,
1992-03-13,76.81,
1992-03-14,75.286,
1992-03-15,78.334,
1992-03-16,78.486,
1992-03-17,88.138,
1992-03-18,89.002,
1992-03-19,89.002,
1992-03-20,89.002,
1992-03-21,84.43,
1992-03-22,82.906,
1992-03-23,83.82,
1992-03-24,81.686,
1992-03-25,84.074,
1992-03-26,81.077,
1992-03-27,80.467,
1992-03-28,80.518,
1992-03-29,80.518,
1992-03-30,78.232,
1992-03-31,74.676,
1992-04-01,75.692,
1992-04-02,70.409,
1992-04-03,68.275,
1992-04-04,65.532,
1992-04-05,63.094,
1992-04-06,63.094,
1992-04-07,64.262,
1992-04-08,62.179,
1992-04-09,60.046,
1992-04-10,58.826,
1992-04-11,54.864,
1992-04-12,53.645,
1992-04-13,50.902,
1992-04-14,47.854,
1992-04-15,46.634,
1992-04-16,45.11,
1992-04-17,42.977,
1992-04-18,39.878,
1992-04-19,36.779,
1992-04-20,34.442,
1992-04-21,32.004,
1992-04-22,29.87,
1992-04-23,29.261,
1992-04-24,28.042,
1992-04-25,25.298,
1992-04-26,22.25,
1992-04-27,19.202,
1992-04-28,15.748,
1992-04-29,13.411,
1992-04-30,8.534,
1992-05-01,4.877,
1992-05-02,1.524,
1992-05-03,0.0,
1992-05-04,0.0,
1992-05-05,0.0,
1992-05-06,0.0,
1992-05-07,0.0,
1992-05-08,0.0,
1992-05-09,0.0,
1992-05-10,0.0,
1992-05-11,0.0,
1992-05-12,0.0,
1992-05-13,0.0,
1992-05-14,0.0,
1992-05-15,0.0,
1992-05-16,0.0,
1992-05-17,0.0,
1992-05-18,0.0,
1992-05-19,0.0,
1992-05-20,0.0,
1992-05-21,0.0,
1992-05-22,0.0,
1992-05-23,0.0,
1992-05-24,0.0,
1992-05-25,0.0,
1992-05-26,0.0,
1992-05-27,0.0,
1992-05-28,0.0,
1992-05-29,0.0,
1992-05-30,0.0,
1992-05-31,0.0,
1992-06-01,0.0,
1992-06-02,0.0,
1992-06-03,0.0,
1992-06-04,0.0,
1992-06-05,0.0,
1992-06-06,0.0,
1992-06-07,0.0,
1992-06-08,0.0,
1992-06-09,0.0,
1992-06-10,0.0,
1992-06-11,0.0,
1992-06-12,0.0,
1992-06-13,0.0,
1992-06-14,0.0,
1992-06-15,0.0,
1992-06-16,0.0,
1992-06-17,0.0,
1992-06-18,0.0,
1992-06-19,0.0,
1992-06-20,0.0,
1992-06-21,0.0,
1992-06-22,0.0,
1992-06-23,0.0,
1992-06-24,0.0,
1992-06-25,0.0,
1992-06-26,0.0,
1992-06-27,0.0,
1992-06-28,0.0,
1992-06-29,0.0,
1992-06-30,0.0,
1992-07-01,0.0,
1992-07-02,0.0,
1992-07-03,0.0,
1992-07-04,0.0,
1992-07-05,0.0,
1992-07-06,0.0,
1992-07-07,0.0,
1992-07-08,0.0,
1992-07-09,0.0,
1992-07-10,0.0,
1992-07-11,0.0,
1992-07-12,0.0,
1992-07-13,0.0,
1992-07-14,0.0,
1992-07-15,0.0,
1992-07-16,0.0,
1992-07-17,0.0,
1992-07-18,0.0,
1992-07-19,0.0,
1992-07-20,0.0,
1992-07-21,0.0,
1992-07-22,0.0,
1992-07-23,0.0,
1992-07-24,0.0,
1992-07-25,0.0,
1992-07-26,0.0,
1992-07-27,0.0,
1992-07-28,0.0,
1992-07-29,0.0,
1992-07-30,0.0,
1992-07-31,0.0,
1992-08-01,0.0,
1992-08-02,0.0,
1992-08-03,0.0,
1992-08-04,0.0,
1992-08-05,0.0,
1992-08-06,0.0,
1992-08-07,0.0,
1992-08-08,0.0,
1992-08-09,0.0,
1992-08-10,0.0,
1992-08-11,0.0,
1992-08-12,0.0,
1992-08-13,0.0,
1992-08-14,0.0,
1992-08-15,0.0,
1992-08-16,0.0,
1992-08-17,0.0,
1992-08-18,0.0,
1992-08-19,0.0,
1992-08-20,0.0,
1992-08-21,0.0,
1992-08-22,0.0,
1992-08-23,0.0,
1992-08-24,0.0,
1992-08-25,0.0,
1992-08-26,0.0,
1992-08-27,0.0,
1992-08-28,0.0,
1992-08-29,0.0,
1992-08-30,0.0,
1992-08-31,0.0,
1992-09-01,0.0,
1992-09-02,0.0,
1992-09-03,0.0,
1992-09-04,0.0,
1992-09-05,0.0,
1992-09-06,0.0,
1992-09-07,0.0,
1992-09-08,0.0,
1992-09-09,0.0,
1992-09-10,0.0,
1992-09-11,0.0,
1992-09-12,0.0,
1992-09-13,0.0,
1992-09-14,0.0,
1992-09-15,0.0,
1992-09-16,0.0,
1992-09-17,0.0,
1992-09-18,0.0,
1992-09-19,0.0,
1992-09-20,0.0,
1992-09-21,0.0,
1992-09-22,0.0,
1992-09-23,0.0,
1992-09-24,0.0,
1992-09-25,0.0,
1992-09-26,0.0,
1992-09-27,0.0,
1992-09-28,0.0,
1992-09-29,0.0,
1992-09-30,0.0,
1992-10-01,0.0,
1992-10-02,2.159,
1992-10-03,2.159,
1992-10-04,1.854,
1992-10-05,1.549,
1992-10-06,1.549,
1992-10-07,1.549,
1992-10-08,1.549,
1992-10-09,1.245,
1992-10-10,0.279,
1992-10-11,0.0,
1992-10-12,0.0,
1992-10-13,0.0,
1992-10-14,0.0,
1992-10-15,0.0,
1992-10-16,0.0,
1992-10-17,0.0,
1992-10-18,0.0,
1992-10-19,0.0,
1992-10-20,0.0,
1992-10-21,0.0,
1992-10-22,0.584,
1992-10-23,0.889,
1992-10-24,0.584,
1992-10-25,0.584,
1992-10-26,0.279,
1992-10-27,0.279,
1992-10-28,0.889,
1992-10-29,1.194,
1992-10-30,1.194,
1992-10-31,0.889,
1992-11-01,0.889,
1992-11-02,0.889,
1992-11-03,0.584,
1992-11-04,0.584,
1992-11-05,0.584,
1992-11-06,0.279,
1992-11-07,0.584,
1992-11-08,0.0,
1992-11-09,0.0,
1992-11-10,0.889,
1992-11-11,1.194,
1992-11-12,0.584,
1992-11-13,0.279,
1992-11-14,0.279,
1992-11-15,0.279,
1992-11-16,0.279,
1992-11-17,0.584,
1992-11-18,0.279,
1992-11-19,0.584,
1992-11-20,0.889,
1992-11-21,1.499,
1992-11-22,1.803,
1992-11-23,1.803,
1992-11-24,1.803,
1992-11-25,2.134,
1992-11-26,2.134,
1992-11-27,3.353,
1992-11-28,3.937,
1992-11-29,2.743,
1992-11-30,2.438,
1992-12-01,3.632,
1992-12-02,3.632,
1992-12-03,3.937,
1992-12-04,3.937,
1992-12-05,2.134,
1992-12-06,3.353,
1992-12-07,10.363,
1992-12-08,12.471,
1992-12-09,21.031,
1992-12-10,24.994,
1992-12-11,25.4,
1992-12-12,25.603,
1992-12-13,25.603,
1992-12-14,25.603,
1992-12-15,25.908,
1992-12-16,26.213,
1992-12-17,26.797,
1992-12-18,26.492,
1992-12-19,26.213,
1992-12-20,26.492,
1992-12-21,26.213,
1992-12-22,25.298,
1992-12-23,25.298,
1992-12-24,25.298,
1992-12-25,25.298,
1992-12-26,25.654,
1992-12-27,26.162,
1992-12-28,26.492,
1992-12-29,35.052,
1992-12-30,39.294,
1992-12-31,44.78,
1993-01-01,52.121,
1993-01-02,52.121,
1993-01-03,51.791,
1993-01-04,51.791,
1993-01-05,51.791,
1993-01-06,51.791,
1993-01-07,54.534,
1993-01-08,55.88,
1993-01-09,58.42,
1993-01-10,60.96,
1993-01-11,63.5,
1993-01-12,66.04,
1993-01-13,68.58,
1993-01-14,70.079,
1993-01-15,65.811,
1993-01-16,74.981,
1993-01-17,75.87,
1993-01-18,78.003,
1993-01-19,79.832,
1993-01-20,84.734,
1993-01-21,92.05,
1993-01-22,99.035,
1993-01-23,92.354,
1993-01-24,90.5,
1993-01-25,93.269,
1993-01-26,96.012,
1993-01-27,97.841,
1993-01-28,97.13,
1993-01-29,101.194,
1993-01-30,102.413,
1993-01-31,103.632,
1993-02-01,104.826,
1993-02-02,105.766,
1993-02-03,106.375,
1993-02-04,107.594,
1993-02-05,108.179,
1993-02-06,86.233,
1993-02-07,93.574,
1993-02-08,97.841,
1993-02-09,99.035,
1993-02-10,100.863,
1993-02-11,104.851,
1993-02-12,110.947,
1993-02-13,112.471,
1993-02-14,114.275,
1993-02-15,114.91,
1993-02-16,115.799,
1993-02-17,116.713,
1993-02-18,120.371,
1993-02-19,120.371,
1993-02-20,120.371,
1993-02-21,124.054,
1993-02-22,127.711,
1993-02-23,135.026,
1993-02-24,138.354,
1993-02-25,140.208,
1993-02-26,141.427,
1993-02-27,142.316,
1993-02-28,142.951,
1993-03-01,142.951,
1993-03-02,141.097,
1993-03-03,124.638,
1993-03-04,128.321,
1993-03-05,130.15,
1993-03-06,131.369,
1993-03-07,131.369,
1993-03-08,130.454,
1993-03-09,128.93,
1993-03-10,128.93,
1993-03-11,127.406,
1993-03-12,124.054,
1993-03-13,,
1993-03-14,,
1993-03-15,,
1993-03-16,,
1993-03-17,,
1993-03-18,,
1993-03-19,,
1993-03-20,,
1993-03-21,,
1993-03-22,,
1993-03-23,,
1993-03-24,,
1993-03-25,,
1993-03-26,,
1993-03-27,,
1993-03-28,,
1993-03-29,,
1993-03-30,,
1993-03-31,,
1993-04-01,,
1993-04-02,,
1993-04-03,,
1993-04-04,,
1993-04-05,,
1993-04-06,,
1993-04-07,,
1993-04-08,,
1993-04-09,,
1993-04-10,,
1993-04-11,,
1993-04-12,,
1993-04-13,,
1993-04-14,,
1993-04-15,,
1993-04-16,,
1993-04-17,,
1993-04-18,,
1993-04-19,,
1993-04-20,,
1993-04-21,,
1993-04-22,,
1993-04-23,,
1993-04-24,,
1993-04-25,,
1993-04-26,,
1993-04-27,,
1993-04-28,,
1993-04-29,,
1993-04-30,,
1993-05-01,,
1993-05-02,,
1993-05-03,,
1993-05-04,,
1993-05-05,,
1993-05-06,,
1993-05-07,,
1993-05-08,,
1993-05-09,,
1993-05-10,,
1993-05-11,,
1993-05-12,,
1993-05-13,,
1993-05-14,,
1993-05-15,,
1993-05-16,,
1993-05-17,,
1993-05-18,,
1993-05-19,,
1993-05-20,,
1993-05-21,,
1993-05-22,,
1993-05-23,,
1993-05-24,,
1993-05-25,,
1993-05-26,,
1993-05-27,,
1993-05-28,,
1993-05-29,,
1993-05-30,,
1993-05-31,,
1993-06-01,,
1993-06-02,,
1993-06-03,,
1993-06-04,,
1993-06-05,,
1993-06-06,,
1993-06-07,,
1993-06-08,,
1993-06-09,,
1993-06-10,,
1993-06-11,,
1993-06-12,,
1993-06-13,,
1993-06-14,,
1993-06-15,,
1993-06-16,,
1993-06-17,,
1993-06-18,,
1993-06-19,,
1993-06-20,,
1993-06-21,,
1993-06-22,,
1993-06-23,,
1993-06-24,,
1993-06-25,,
1993-06-26,,
1993-06-27,,
1993-06-28,,
1993-06-29,,
1993-06-30,,
1993-07-01,,
1993-07-02,,
1993-07-03,0.0,
1993-07-04,0.0,
1993-07-05,0.0,
1993-07-06,0.0,
1993-07-07,0.0,
1993-07-08,0.0,
1993-07-09,0.0,
1993-07-10,0.0,
1993-07-11,0.0,
1993-07-12,0.0,
1993-07-13,0.0,
1993-07-14,0.0,
1993-07-15,0.0,
1993-07-16,0.0,
1993-07-17,0.0,
1993-07-18,0.0,
1993-07-19,0.0,
1993-07-20,0.0,
1993-07-21,0.0,
1993-07-22,0.0,
1993-07-23,0.0,
1993-07-24,0.0,
1993-07-25,0.0,
1993-07-26,0.0,
1993-07-27,0.0,
1993-07-28,0.0,
1993-07-29,0.0,
1993-07-30,0.0,
1993-07-31,0.0,
1993-08-01,0.0,
1993-08-02,0.0,
1993-08-03,0.0,
1993-08-04,0.0,
1993-08-05,0.0,
1993-08-06,0.0,
1993-08-07,0.0,
1993-08-08,0.0,
1993-08-09,0.0,
1993-08-10,0.0,
1993-08-11,0.0,
1993-08-12,0.0,
1993-08-13,0.0,
1993-08-14,0.0,
1993-08-15,0.0,
1993-08-16,0.0,
1993-08-17,0.0,
1993-08-18,0.0,
1993-08-19,0.0,
1993-08-20,0.0,
1993-08-21,0.0,
1993-08-22,0.0,
1993-08-23,0.0,
1993-08-24,0.0,
1993-08-25,0.0,
1993-08-26,0.0,
1993-08-27,0.0,
1993-08-28,0.0,
1993-08-29,0.0,
1993-08-30,0.0,
1993-08-31,0.0,
1993-09-01,0.0,
1993-09-02,0.0,
1993-09-03,0.0,
1993-09-04,0.0,
1993-09-05,0.0,
1993-09-06,0.0,
1993-09-07,0.0,
1993-09-08,0.0,
1993-09-09,0.0,
1993-09-10,0.0,
1993-09-11,0.0,
1993-09-12,0.0,
1993-09-13,0.0,
1993-09-14,0.0,
1993-09-15,0.0,
1993-09-16,0.0,
1993-09-17,0.0,
1993-09-18,0.0,
1993-09-19,0.0,
1993-09-20,0.0,
1993-09-21,0.0,
1993-09-22,0.0,
1993-09-23,0.0,
1993-09-24,0.0,
1993-09-25,0.0,
1993-09-26,0.0,
1993-09-27,0.0,
1993-09-28,0.0,
1993-09-29,0.0,
1993-09-30,0.0,
1993-10-01,0.0,
1993-10-02,0.0,
1993-10-03,0.0,
1993-10-04,0.0,
1993-10-05,0.0,
1993-10-06,0.0,
1993-10-07,0.0,
1993-10-08,0.0,
1993-10-09,0.0,
1993-10-10,0.0,
1993-10-11,0.0,
1993-10-12,0.0,
1993-10-13,0.0,
1993-10-14,0.0,
1993-10-15,0.0,
1993-10-16,0.0,
1993-10-17,0.0,
1993-10-18,0.0,
1993-10-19,0.0,
1993-10-20,0.0,
1993-10-21,0.0,
1993-10-22,0.0,
1993-10-23,0.0,
1993-10-24,0.0,
1993-10-25,0.0,
1993-10-26,0.0,
1993-10-27,0.0,
1993-10-28,0.0,
1993-10-29,0.0,
1993-10-30,0.0,
1993-10-31,0.0,
1993-11-01,0.0,
1993-11-02,0.0,
1993-11-03,0.0,
1993-11-04,0.0,
1993-11-05,0.0,
1993-11-06,0.0,
1993-11-07,0.0,
1993-11-08,0.0,
1993-11-09,0.0,
1993-11-10,0.0,
1993-11-11,0.0,
1993-11-12,0.0,
1993-11-13,0.0,
1993-11-14,0.0,
1993-11-15,0.0,
1993-11-16,0.0,
1993-11-17,0.0,
1993-11-18,0.0,
1993-11-19,0.0,
1993-11-20,0.0,
1993-11-21,0.0,
1993-11-22,0.0,
1993-11-23,0.0,
1993-11-24,0.0,
1993-11-25,0.305,
1993-11-26,0.305,
1993-11-27,0.305,
1993-11-28,0.61,
1993-11-29,1.829,
1993-11-30,2.464,
1993-12-01,2.134,
1993-12-02,2.464,
1993-12-03,0.914,
1993-12-04,2.134,
1993-12-05,2.464,
1993-12-06,0.0,
1993-12-07,0.0,
1993-12-08,7.01,
1993-12-09,12.802,
1993-12-10,14.021,
1993-12-11,11.303,
1993-12-12,11.887,
1993-12-13,11.887,
1993-12-14,14.021,
1993-12-15,17.069,
1993-12-16,17.069,
1993-12-17,17.069,
1993-12-18,17.069,
1993-12-19,17.069,
1993-12-20,16.459,
1993-12-21,16.154,
1993-12-22,16.154,
1993-12-23,16.154,
1993-12-24,16.459,
1993-12-25,16.459,
1993-12-26,16.764,
1993-12-27,16.154,
1993-12-28,16.154,
1993-12-29,16.154,
1993-12-30,16.154,
1993-12-31,16.154,
1994-01-01,16.154,
1994-01-02,17.069,
1994-01-03,17.678,
1994-01-04,17.678,
1994-01-05,18.618,
1994-01-06,17.983,
1994-01-07,17.678,
1994-01-08,17.374,
1994-01-09,17.983,
1994-01-10,18.923,
1994-01-11,20.726,
1994-01-12,21.336,
1994-01-13,21.946,
1994-01-14,22.25,
1994-01-15,21.031,
1994-01-16,21.031,
1994-01-17,21.031,
1994-01-18,20.422,
1994-01-19,20.726,
1994-01-20,21.336,
1994-01-21,22.885,
1994-01-22,22.25,
1994-01-23,22.885,
1994-01-24,30.81,
1994-01-25,35.077,
1994-01-26,36.297,
1994-01-27,36.906,
1994-01-28,36.906,
1994-01-29,37.186,
1994-01-30,37.186,
1994-01-31,37.516,
1994-02-01,37.516,
1994-02-02,37.516,
1994-02-03,37.795,
1994-02-04,37.795,
1994-02-05,37.795,
1994-02-06,38.43,
1994-02-07,41.758,
1994-02-08,43.917,
1994-02-09,43.917,
1994-02-10,44.806,
1994-02-11,46.634,
1994-02-12,46.33,
1994-02-13,46.939,
1994-02-14,47.269,
1994-02-15,47.269,
1994-02-16,47.549,
1994-02-17,48.158,
1994-02-18,54.889,
1994-02-19,56.693,
1994-02-20,59.157,
1994-02-21,61.265,
1994-02-22,64.008,
1994-02-23,65.532,
1994-02-24,67.666,
1994-02-25,69.19,
1994-02-26,70.714,
1994-02-27,72.568,
1994-02-28,71.018,
1994-03-01,71.018,
1994-03-02,72.238,
1994-03-03,73.457,
1994-03-04,73.762,
1994-03-05,74.397,
1994-03-06,73.152,
1994-03-07,72.568,
1994-03-08,72.238,
1994-03-09,71.323,
1994-03-10,70.409,
1994-03-11,68.885,
1994-03-12,68.58,
1994-03-13,67.996,
1994-03-14,66.142,
1994-03-15,64.313,
1994-03-16,62.509,
1994-03-17,61.265,
1994-03-18,61.265,
1994-03-19,61.265,
1994-03-20,60.655,
1994-03-21,60.96,
1994-03-22,60.655,
1994-03-23,60.046,
1994-03-24,60.376,
1994-03-25,60.96,
1994-03-26,60.046,
1994-03-27,59.157,
1994-03-28,57.912,
1994-03-29,55.88,
1994-03-30,54.559,
1994-03-31,53.95,
1994-04-01,53.95,
1994-04-02,52.426,
1994-04-03,50.902,
1994-04-04,49.378,
1994-04-05,49.073,
1994-04-06,48.26,
1994-04-07,47.498,
1994-04-08,46.634,
1994-04-09,48.463,
1994-04-10,49.378,
1994-04-11,49.708,
1994-04-12,47.549,
1994-04-13,44.45,
1994-04-14,41.402,
1994-04-15,38.354,
1994-04-16,35.306,
1994-04-17,32.258,
1994-04-18,29.718,
1994-04-19,27.127,
1994-04-20,21.946,
1994-04-21,17.678,
1994-04-22,14.326,
1994-04-23,11.887,
1994-04-24,11.303,
1994-04-25,14.63,
1994-04-26,15.85,
1994-04-27,15.545,
1994-04-28,14.935,
1994-04-29,13.716,
1994-04-30,10.998,
1994-05-01,8.23,
1994-05-02,3.988,
1994-05-03,2.134,
1994-05-04,0.0,
1994-05-05,0.0,
1994-05-06,0.0,
1994-05-07,0.0,
1994-05-08,0.0,
1994-05-09,0.0,
1994-05-10,0.0,
1994-05-11,0.0,
1994-05-12,0.0,
1994-05-13,0.0,
1994-05-14,0.0,
1994-05-15,0.0,
1994-05-16,0.0,
1994-05-17,0.0,
1994-05-18,0.0,
1994-05-19,0.0,
1994-05-20,0.0,
1994-05-21,0.0,
1994-05-22,0.0,
1994-05-23,0.0,
1994-05-24,0.0,
1994-05-25,0.0,
1994-05-26,0.0,
1994-05-27,0.0,
1994-05-28,0.0,
1994-05-29,0.0,
1994-05-30,0.0,
1994-05-31,0.0,
1994-06-01,0.0,
1994-06-02,0.0,
1994-06-03,0.0,
1994-06-04,0.0,
1994-06-05,0.0,
1994-06-06,0.0,
1994-06-07,0.0,
1994-06-08,0.0,
1994-06-09,0.0,
1994-06-10,0.0,
1994-06-11,0.0,
1994-06-12,0.0,
1994-06-13,0.0,
1994-06-14,0.0,
1994-06-15,0.0,
1994-06-16,0.0,
1994-06-17,0.0,
1994-06-18,0.0,
1994-06-19,0.0,
1994-06-20,0.0,
1994-06-21,0.0,
1994-06-22,0.0,
1994-06-23,0.0,
1994-06-24,0.0,
1994-06-25,0.0,
1994-06-26,0.0,
1994-06-27,0.0,
1994-06-28,0.0,
1994-06-29,0.0,
1994-06-30,0.0,
1994-07-01,0.0,
1994-07-02,0.0,
1994-07-03,0.0,
1994-07-04,0.0,
1994-07-05,0.0,
1994-07-06,0.0,
1994-07-07,0.0,
1994-07-08,0.0,
1994-07-09,0.0,
1994-07-10,0.0,
1994-07-11,0.0,
1994-07-12,0.0,
1994-07-13,0.0,
1994-07-14,0.0,
1994-07-15,0.0,
1994-07-16,0.0,
1994-07-17,0.0,
1994-07-18,0.0,
1994-07-19,0.0,
1994-07-20,0.0,
1994-07-21,0.0,
1994-07-22,0.0,
1994-07-23,0.0,
1994-07-24,0.0,
1994-07-25,0.0,
1994-07-26,0.0,
1994-07-27,0.0,
1994-07-28,0.0,
1994-07-29,0.0,
1994-07-30,0.0,
1994-07-31,0.0,
1994-08-01,0.0,
1994-08-02,0.0,
1994-08-03,0.0,
1994-08-04,0.0,
1994-08-05,0.0,
1994-08-06,0.0,
1994-08-07,0.0,
1994-08-08,0.0,
1994-08-09,0.0,
1994-08-10,0.0,
1994-08-11,0.0,
1994-08-12,0.0,
1994-08-13,0.0,
1994-08-14,0.0,
1994-08-15,0.0,
1994-08-16,0.0,
1994-08-17,0.0,
1994-08-18,0.0,
1994-08-19,0.0,
1994-08-20,0.0,
1994-08-21,0.0,
1994-08-22,0.0,
1994-08-23,0.0,
1994-08-24,0.0,
1994-08-25,0.0,
1994-08-26,0.0,
1994-08-27,0.0,
1994-08-28,0.0,
1994-08-29,0.0,
1994-08-30,0.0,
1994-08-31,0.0,
1994-09-01,0.0,
1994-09-02,0.0,
1994-09-03,0.0,
1994-09-04,0.0,
1994-09-05,0.0,
1994-09-06,0.0,
1994-09-07,0.0,
1994-09-08,0.0,
1994-09-09,0.0,
1994-09-10,0.0,
1994-09-11,0.0,
1994-09-12,0.0,
1994-09-13,0.0,
1994-09-14,0.0,
1994-09-15,0.0,
1994-09-16,0.0,
1994-09-17,0.0,
1994-09-18,0.0,
1994-09-19,0.0,
1994-09-20,0.0,
1994-09-21,0.0,
1994-09-22,0.0,
1994-09-23,0.0,
1994-09-24,0.0,
1994-09-25,0.0,
1994-09-26,0.0,
1994-09-27,0.0,
1994-09-28,0.0,
1994-09-29,0.0,
1994-09-30,0.0,
1994-10-01,0.0,
1994-10-02,0.0,
1994-10-03,0.0,
1994-10-04,0.0,
1994-10-05,0.0,
1994-10-06,0.0,
1994-10-07,0.0,
1994-10-08,0.0,
1994-10-09,0.0,
1994-10-10,0.0,
1994-10-11,0.0,
1994-10-12,0.0,
1994-10-13,0.0,
1994-10-14,0.0,
1994-10-15,0.0,
1994-10-16,0.0,
1994-10-17,0.0,
1994-10-18,0.0,
1994-10-19,0.0,
1994-10-20,0.0,
1994-10-21,0.0,
1994-10-22,0.0,
1994-10-23,0.0,
1994-10-24,0.0,
1994-10-25,0.0,
1994-10-26,0.0,
1994-10-27,0.0,
1994-10-28,0.0,
1994-10-29,0.0,
1994-10-30,0.0,
1994-10-31,0.0,
1994-11-01,0.0,
1994-11-02,0.0,
1994-11-03,0.0,
1994-11-04,0.0,
1994-11-05,0.61,
1994-11-06,1.829,
1994-11-07,2.743,
1994-11-08,3.048,
1994-11-09,4.267,
1994-11-10,11.278,
1994-11-11,11.278,
1994-11-12,11.278,
1994-11-13,10.668,
1994-11-14,10.668,
1994-11-15,10.668,
1994-11-16,13.411,
1994-11-17,14.935,
1994-11-18,14.935,
1994-11-19,14.935,
1994-11-20,14.935,
1994-11-21,14.935,
1994-11-22,14.326,
1994-11-23,14.326,
1994-11-24,14.935,
1994-11-25,16.764,
1994-11-26,17.678,
1994-11-27,17.983,
1994-11-28,18.288,
1994-11-29,18.593,
1994-11-30,18.593,
1994-12-01,19.507,
1994-12-02,18.593,
1994-12-03,18.898,
1994-12-04,20.726,
1994-12-05,21.031,
1994-12-06,21.641,
1994-12-07,22.25,
1994-12-08,22.25,
1994-12-09,22.25,
1994-12-10,22.86,
1994-12-11,23.165,
1994-12-12,25.298,
1994-12-13,26.213,
1994-12-14,26.822,
1994-12-15,28.651,
1994-12-16,30.48,
1994-12-17,32.004,
1994-12-18,31.394,
1994-12-19,31.394,
1994-12-20,31.699,
1994-12-21,32.004,
1994-12-22,32.004,
1994-12-23,32.004,
1994-12-24,32.614,
1994-12-25,34.138,
1994-12-26,34.442,
1994-12-27,34.442,
1994-12-28,35.662,
1994-12-29,35.662,
1994-12-30,35.662,
1994-12-31,35.662,
1995-01-01,36.576,
1995-01-02,36.881,
1995-01-03,36.881,
1995-01-04,37.795,
1995-01-05,38.1,
1995-01-06,38.405,
1995-01-07,43.282,
1995-01-08,57.607,
1995-01-09,62.484,
1995-01-10,65.837,
1995-01-11,67.97,
1995-01-12,84.734,
1995-01-13,92.354,
1995-01-14,116.434,
1995-01-15,107.594,
1995-01-16,107.29,
1995-01-17,107.29,
1995-01-18,108.509,
1995-01-19,110.033,
1995-01-20,110.947,
1995-01-21,111.557,
1995-01-22,112.471,
1995-01-23,115.214,
1995-01-24,120.091,
1995-01-25,122.225,
1995-01-26,123.139,
1995-01-27,128.321,
1995-01-28,130.759,
1995-01-29,124.663,
1995-01-30,123.444,
1995-01-31,122.53,
1995-02-01,120.701,
1995-02-02,115.214,
1995-02-03,113.995,
1995-02-04,114.605,
1995-02-05,114.91,
1995-02-06,114.91,
1995-02-07,114.91,
1995-02-08,115.519,
1995-02-09,115.519,
1995-02-10,115.824,
1995-02-11,117.043,
1995-02-12,117.653,
1995-02-13,120.701,
1995-02-14,122.53,
1995-02-15,123.444,
1995-02-16,124.968,
1995-02-17,126.797,
1995-02-18,127.711,
1995-02-19,123.444,
1995-02-20,123.444,
1995-02-21,124.663,
1995-02-22,124.663,
1995-02-23,124.663,
1995-02-24,121.006,
1995-02-25,121.006,
1995-02-26,121.006,
1995-02-27,120.701,
1995-02-28,120.701,
1995-03-01,118.872,
1995-03-02,115.824,
1995-03-03,119.786,
1995-03-04,121.006,
1995-03-05,123.139,
1995-03-06,124.358,
1995-03-07,126.492,
1995-03-08,128.93,
1995-03-09,136.55,
1995-03-10,135.941,
1995-03-11,133.198,
1995-03-12,135.636,
1995-03-13,138.074,
1995-03-14,144.78,
1995-03-15,139.598,
1995-03-16,138.684,
1995-03-17,137.77,
1995-03-18,137.465,
1995-03-19,134.112,
1995-03-20,135.636,
1995-03-21,141.732,
1995-03-22,147.523,
1995-03-23,157.277,
1995-03-24,161.849,
1995-03-25,164.287,
1995-03-26,166.116,
1995-03-27,167.64,
1995-03-28,169.774,
1995-03-29,170.688,
1995-03-30,171.298,
1995-03-31,171.907,
1995-04-01,173.431,
1995-04-02,170.383,
1995-04-03,165.811,
1995-04-04,164.592,
1995-04-05,161.544,
1995-04-06,160.63,
1995-04-07,162.763,
1995-04-08,159.715,
1995-04-09,156.972,
1995-04-10,156.362,
1995-04-11,156.972,
1995-04-12,156.667,
1995-04-13,153.619,
1995-04-14,151.486,
1995-04-15,151.486,
1995-04-16,151.486,
1995-04-17,152.705,
1995-04-18,153.619,
1995-04-19,154.838,
1995-04-20,156.667,
1995-04-21,157.582,
1995-04-22,158.801,
1995-04-23,158.801,
1995-04-24,154.838,
1995-04-25,151.79,
1995-04-26,148.742,
1995-04-27,146.304,
1995-04-28,143.866,
1995-04-29,145.085,
1995-04-30,142.037,
1995-05-01,140.513,
1995-05-02,138.379,
1995-05-03,132.893,
1995-05-04,130.759,
1995-05-05,127.711,
1995-05-06,125.882,
1995-05-07,124.054,
1995-05-08,122.225,
1995-05-09,118.567,
1995-05-10,116.129,
1995-05-11,114.3,
1995-05-12,110.642,
1995-05-13,109.423,
1995-05-14,108.204,
1995-05-15,105.156,
1995-05-16,101.498,
1995-05-17,98.146,
1995-05-18,94.488,
1995-05-19,89.916,
1995-05-20,85.649,
1995-05-21,81.382,
1995-05-22,76.81,
1995-05-23,71.628,
1995-05-24,65.837,
1995-05-25,61.265,
1995-05-26,56.998,
1995-05-27,52.73,
1995-05-28,47.244,
1995-05-29,42.367,
1995-05-30,36.881,
1995-05-31,31.394,
1995-06-01,26.518,
1995-06-02,21.031,
1995-06-03,13.411,
1995-06-04,4.572,
1995-06-05,0.305,
1995-06-06,0.0,
1995-06-07,0.0,
1995-06-08,0.0,
1995-06-09,0.0,
1995-06-10,0.0,
1995-06-11,0.0,
1995-06-12,0.0,
1995-06-13,0.0,
1995-06-14,0.0,
1995-06-15,0.0,
1995-06-16,0.0,
1995-06-17,0.0,
1995-06-18,0.0,
1995-06-19,0.0,
1995-06-20,0.0,
1995-06-21,0.0,
1995-06-22,0.0,
1995-06-23,0.0,
1995-06-24,0.0,
1995-06-25,0.0,
1995-06-26,0.0,
1995-06-27,0.0,
1995-06-28,0.0,
1995-06-29,0.0,
1995-06-30,0.0,
1995-07-01,0.0,
1995-07-02,0.0,
1995-07-03,0.0,
1995-07-04,0.0,
1995-07-05,0.0,
1995-07-06,0.0,
1995-07-07,0.0,
1995-07-08,0.0,
1995-07-09,0.0,
1995-07-10,0.0,
1995-07-11,0.0,
1995-07-12,0.0,
1995-07-13,0.0,
1995-07-14,0.0,
1995-07-15,0.0,
1995-07-16,0.0,
1995-07-17,0.0,
1995-07-18,0.0,
1995-07-19,0.0,
1995-07-20,0.0,
1995-07-21,0.0,
1995-07-22,0.0,
1995-07-23,0.0,
1995-07-24,0.0,
1995-07-25,0.0,
1995-07-26,0.0,
1995-07-27,0.0,
1995-07-28,0.0,
1995-07-29,0.0,
1995-07-30,0.0,
1995-07-31,0.0,
1995-08-01,0.0,
1995-08-02,0.0,
1995-08-03,0.0,
1995-08-04,0.0,
1995-08-05,0.0,
1995-08-06,0.0,
1995-08-07,0.0,
1995-08-08,0.0,
1995-08-09,0.0,
1995-08-10,0.0,
1995-08-11,0.0,
1995-08-12,0.0,
1995-08-13,0.0,
1995-08-14,0.0,
1995-08-15,0.0,
1995-08-16,0.0,
1995-08-17,0.0,
1995-08-18,0.0,
1995-08-19,0.0,
1995-08-20,0.0,
1995-08-21,0.0,
1995-08-22,0.0,
1995-08-23,0.0,
1995-08-24,0.0,
1995-08-25,0.0,
1995-08-26,0.0,
1995-08-27,0.0,
1995-08-28,0.0,
1995-08-29,0.0,
1995-08-30,0.0,
1995-08-31,0.0,
1995-09-01,0.0,
1995-09-02,0.0,
1995-09-03,0.0,
1995-09-04,0.0,
1995-09-05,0.0,
1995-09-06,0.0,
1995-09-07,0.0,
1995-09-08,0.0,
1995-09-09,0.0,
1995-09-10,0.0,
1995-09-11,0.0,
1995-09-12,0.0,
1995-09-13,0.0,
1995-09-14,0.0,
1995-09-15,0.0,
1995-09-16,0.0,
1995-09-17,0.0,
1995-09-18,0.0,
1995-09-19,0.0,
1995-09-20,0.0,
1995-09-21,0.0,
1995-09-22,0.0,
1995-09-23,0.0,
1995-09-24,0.0,
1995-09-25,0.0,
1995-09-26,0.0,
1995-09-27,0.0,
1995-09-28,0.0,
1995-09-29,0.0,
1995-09-30,0.0,
1995-10-01,0.0,
1995-10-02,0.0,
1995-10-03,0.0,
1995-10-04,0.0,
1995-10-05,0.0,
1995-10-06,0.0,
1995-10-07,0.0,
1995-10-08,0.0,
1995-10-09,0.0,
1995-10-10,0.0,
1995-10-11,0.0,
1995-10-12,0.0,
1995-10-13,0.0,
1995-10-14,0.0,
1995-10-15,0.0,
1995-10-16,0.0,
1995-10-17,0.0,
1995-10-18,0.0,
1995-10-19,0.0,
1995-10-20,0.0,
1995-10-21,0.0,
1995-10-22,0.0,
1995-10-23,0.0,
1995-10-24,0.0,
1995-10-25,0.0,
1995-10-26,0.0,
1995-10-27,0.0,
1995-10-28,0.0,
1995-10-29,0.0,
1995-10-30,0.0,
1995-10-31,0.0,
1995-11-01,0.0,
1995-11-02,0.0,
1995-11-03,0.0,
1995-11-04,0.0,
1995-11-05,0.0,
1995-11-06,0.0,
1995-11-07,0.0,
1995-11-08,0.0,
1995-11-09,0.0,
1995-11-10,0.0,
1995-11-11,0.0,
1995-11-12,0.0,
1995-11-13,0.0,
1995-11-14,0.0,
1995-11-15,0.0,
1995-11-16,0.0,
1995-11-17,0.0,
1995-11-18,0.0,
1995-11-19,0.0,
1995-11-20,0.0,
1995-11-21,0.0,
1995-11-22,0.0,
1995-11-23,0.0,
1995-11-24,0.0,
1995-11-25,0.0,
1995-11-26,0.0,
1995-11-27,0.0,
1995-11-28,0.0,
1995-11-29,0.61,
1995-11-30,0.61,
1995-12-01,0.61,
1995-12-02,0.305,
1995-12-03,0.0,
1995-12-04,2.134,
1995-12-05,0.61,
1995-12-06,0.305,
1995-12-07,0.0,
1995-12-08,0.0,
1995-12-09,0.0,
1995-12-10,0.0,
1995-12-11,0.0,
1995-12-12,0.0,
1995-12-13,2.134,
1995-12-14,3.962,
1995-12-15,11.887,
1995-12-16,14.326,
1995-12-17,14.326,
1995-12-18,14.021,
1995-12-19,13.411,
1995-12-20,13.411,
1995-12-21,12.802,
1995-12-22,12.802,
1995-12-23,14.326,
1995-12-24,14.326,
1995-12-25,14.326,
1995-12-26,14.326,
1995-12-27,14.326,
1995-12-28,14.326,
1995-12-29,14.326,
1995-12-30,14.326,
1995-12-31,14.326,
1996-01-01,14.021,
1996-01-02,14.021,
1996-01-03,14.021,
1996-01-04,13.716,
1996-01-05,13.716,
1996-01-06,13.716,
1996-01-07,13.716,
1996-01-08,13.411,
1996-01-09,13.106,
1996-01-10,13.106,
1996-01-11,13.106,
1996-01-12,13.106,
1996-01-13,12.802,
1996-01-14,14.326,
1996-01-15,15.85,
1996-01-16,17.678,
1996-01-17,20.422,
1996-01-18,20.726,
1996-01-19,25.603,
1996-01-20,26.518,
1996-01-21,30.785,
1996-01-22,32.004,
1996-01-23,32.614,
1996-01-24,35.357,
1996-01-25,37.186,
1996-01-26,36.881,
1996-01-27,39.624,
1996-01-28,43.586,
1996-01-29,44.196,
1996-01-30,45.72,
1996-01-31,47.244,
1996-02-01,47.854,
1996-02-02,47.854,
1996-02-03,47.854,
1996-02-04,47.752,
1996-02-05,47.549,
1996-02-06,44.196,
1996-02-07,41.148,
1996-02-08,38.405,
1996-02-09,36.881,
1996-02-10,35.966,
1996-02-11,35.052,
1996-02-12,34.747,
1996-02-13,33.833,
1996-02-14,32.918,
1996-02-15,32.614,
1996-02-16,32.614,
1996-02-17,29.261,
1996-02-18,25.603,
1996-02-19,26.518,
1996-02-20,31.394,
1996-02-21,43.586,
1996-02-22,44.806,
1996-02-23,45.72,
1996-02-24,48.463,
1996-02-25,49.378,
1996-02-26,49.987,
1996-02-27,50.902,
1996-02-28,52.73,
1996-02-29,60.35,
1996-03-01,63.094,
1996-03-02,63.703,
1996-03-03,64.618,
1996-03-04,66.142,
1996-03-05,74.066,
1996-03-06,75.286,
1996-03-07,76.81,
1996-03-08,75.59,
1996-03-09,74.676,
1996-03-10,74.066,
1996-03-11,75.286,
1996-03-12,75.59,
1996-03-13,75.59,
1996-03-14,75.692,
1996-03-15,74.676,
1996-03-16,74.066,
1996-03-17,73.762,
1996-03-18,71.628,
1996-03-19,70.714,
1996-03-20,69.19,
1996-03-21,67.666,
1996-03-22,66.751,
1996-03-23,66.04,
1996-03-24,65.532,
1996-03-25,65.532,
1996-03-26,65.227,
1996-03-27,65.532,
1996-03-28,66.751,
1996-03-29,66.751,
1996-03-30,67.361,
1996-03-31,66.751,
1996-04-01,66.142,
1996-04-02,62.789,
1996-04-03,62.789,
1996-04-04,62.179,
1996-04-05,61.265,
1996-04-06,60.046,
1996-04-07,59.131,
1996-04-08,56.998,
1996-04-09,54.254,
1996-04-10,52.73,
1996-04-11,51.816,
1996-04-12,50.902,
1996-04-13,49.987,
1996-04-14,48.768,
1996-04-15,47.244,
1996-04-16,47.244,
1996-04-17,50.597,
1996-04-18,52.73,
1996-04-19,54.559,
1996-04-20,55.778,
1996-04-21,56.388,
1996-04-22,57.302,
1996-04-23,55.474,
1996-04-24,53.035,
1996-04-25,47.244,
1996-04-26,45.415,
1996-04-27,43.282,
1996-04-28,41.453,
1996-04-29,39.319,
1996-04-30,36.881,
1996-05-01,33.528,
1996-05-02,30.175,
1996-05-03,27.737,
1996-05-04,26.518,
1996-05-05,24.079,
1996-05-06,21.641,
1996-05-07,18.593,
1996-05-08,15.545,
1996-05-09,11.582,
1996-05-10,7.315,
1996-05-11,2.743,
1996-05-12,0.914,
1996-05-13,0.61,
1996-05-14,0.0,
1996-05-15,0.0,
1996-05-16,0.0,
1996-05-17,0.0,
1996-05-18,0.0,
1996-05-19,0.0,
1996-05-20,0.0,
1996-05-21,0.0,
1996-05-22,0.0,
1996-05-23,0.0,
1996-05-24,0.0,
1996-05-25,0.0,
1996-05-26,0.0,
1996-05-27,0.0,
1996-05-28,0.0,
1996-05-29,0.0,
1996-05-30,0.0,
1996-05-31,0.0,
1996-06-01,0.0,
1996-06-02,0.0,
1996-06-03,0.0,
1996-06-04,0.0,
1996-06-05,0.0,
1996-06-06,0.0,
1996-06-07,0.0,
1996-06-08,0.0,
1996-06-09,0.0,
1996-06-10,0.0,
1996-06-11,0.0,
1996-06-12,0.0,
1996-06-13,0.0,
1996-06-14,0.0,
1996-06-15,0.0,
1996-06-16,0.0,
1996-06-17,0.0,
1996-06-18,0.0,
1996-06-19,0.0,
1996-06-20,0.0,
1996-06-21,0.0,
1996-06-22,0.0,
1996-06-23,0.0,
1996-06-24,0.0,
1996-06-25,0.0,
1996-06-26,0.0,
1996-06-27,0.0,
1996-06-28,0.0,
1996-06-29,0.0,
1996-06-30,0.0,
1996-07-01,0.0,
1996-07-02,0.0,
1996-07-03,0.0,
1996-07-04,0.0,
1996-07-05,0.0,
1996-07-06,0.0,
1996-07-07,0.0,
1996-07-08,0.0,
1996-07-09,0.0,
1996-07-10,0.0,
1996-07-11,0.0,
1996-07-12,0.0,
1996-07-13,0.0,
1996-07-14,0.0,
1996-07-15,0.0,
1996-07-16,0.0,
1996-07-17,0.0,
1996-07-18,0.0,
1996-07-19,0.0,
1996-07-20,0.0,
1996-07-21,0.0,
1996-07-22,0.0,
1996-07-23,0.0,
1996-07-24,0.0,
1996-07-25,0.0,
1996-07-26,0.0,
1996-07-27,0.0,
1996-07-28,0.0,
1996-07-29,0.0,
1996-07-30,0.0,
1996-07-31,0.0,
1996-08-01,0.0,
1996-08-02,0.0,
1996-08-03,0.0,
1996-08-04,0.0,
1996-08-05,0.0,
1996-08-06,0.0,
1996-08-07,0.0,
1996-08-08,0.0,
1996-08-09,0.0,
1996-08-10,0.0,
1996-08-11,0.0,
1996-08-12,0.0,
1996-08-13,0.0,
1996-08-14,0.0,
1996-08-15,0.0,
1996-08-16,0.0,
1996-08-17,0.0,
1996-08-18,0.0,
1996-08-19,0.0,
1996-08-20,0.0,
1996-08-21,0.0,
1996-08-22,0.0,
1996-08-23,0.0,
1996-08-24,0.0,
1996-08-25,0.0,
1996-08-26,0.0,
1996-08-27,0.0,
1996-08-28,0.0,
1996-08-29,0.0,
1996-08-30,0.0,
1996-08-31,0.0,
1996-09-01,0.0,
1996-09-02,0.0,
1996-09-03,0.0,
1996-09-04,0.0,
1996-09-05,0.0,
1996-09-06,0.0,
1996-09-07,0.0,
1996-09-08,0.0,
1996-09-09,0.0,
1996-09-10,0.0,
1996-09-11,0.0,
1996-09-12,0.0,
1996-09-13,0.0,
1996-09-14,0.0,
1996-09-15,0.0,
1996-09-16,0.0,
1996-09-17,0.0,
1996-09-18,0.0,
1996-09-19,0.0,
1996-09-20,0.0,
1996-09-21,0.0,
1996-09-22,0.0,
1996-09-23,0.0,
1996-09-24,0.0,
1996-09-25,0.0,
1996-09-26,0.0,
1996-09-27,0.0,
1996-09-28,0.0,
1996-09-29,0.0,
1996-09-30,0.0,
1996-10-01,0.0,
1996-10-02,0.0,
1996-10-03,0.0,
1996-10-04,0.0,
1996-10-05,0.0,
1996-10-06,0.0,
1996-10-07,0.0,
1996-10-08,0.0,
1996-10-09,0.0,
1996-10-10,0.0,
1996-10-11,0.0,
1996-10-12,0.0,
1996-10-13,0.0,
1996-10-14,0.0,
1996-10-15,0.0,
1996-10-16,0.0,
1996-10-17,0.0,
1996-10-18,0.0,
1996-10-19,0.0,
1996-10-20,0.0,
1996-10-21,0.0,
1996-10-22,0.0,
1996-10-23,0.0,
1996-10-24,0.0,
1996-10-25,0.0,
1996-10-26,0.914,
1996-10-27,0.61,
1996-10-28,0.914,
1996-10-29,2.134,
1996-10-30,4.572,
1996-10-31,4.572,
1996-11-01,3.658,
1996-11-02,3.658,
1996-11-03,3.353,
1996-11-04,2.438,
1996-11-05,1.829,
1996-11-06,1.524,
1996-11-07,1.524,
1996-11-08,2.134,
1996-11-09,1.524,
1996-11-10,0.61,
1996-11-11,0.61,
1996-11-12,0.305,
1996-11-13,0.305,
1996-11-14,0.0,
1996-11-15,0.0,
1996-11-16,0.914,
1996-11-17,2.743,
1996-11-18,2.743,
1996-11-19,0.0,
1996-11-20,0.0,
1996-11-21,0.0,
1996-11-22,0.0,
1996-11-23,0.0,
1996-11-24,0.0,
1996-11-25,0.0,
1996-11-26,0.0,
1996-11-27,0.0,
1996-11-28,0.0,
1996-11-29,0.0,
1996-11-30,0.0,
1996-12-01,0.0,
1996-12-02,0.0,
1996-12-03,0.0,
1996-12-04,0.0,
1996-12-05,2.134,
1996-12-06,2.438,
1996-12-07,3.048,
1996-12-08,12.192,
1996-12-09,9.449,
1996-12-10,7.315,
1996-12-11,9.144,
1996-12-12,9.449,
1996-12-13,10.973,
1996-12-14,8.128,
1996-12-15,5.842,
1996-12-16,3.302,
1996-12-17,1.524,
1996-12-18,1.524,
1996-12-19,1.524,
1996-12-20,2.032,
1996-12-21,0.508,
1996-12-22,0.0,
1996-12-23,0.0,
1996-12-24,0.0,
1996-12-25,0.0,
1996-12-26,1.016,
1996-12-27,0.102,
1996-12-28,5.588,
1996-12-29,10.668,
1996-12-30,10.922,
1996-12-31,9.398,
1997-01-01,,
1997-01-02,,
1997-01-03,,
1997-01-04,,
1997-01-05,,
1997-01-06,,
1997-01-07,,
1997-01-08,,
1997-01-09,,
1997-01-10,,
1997-01-11,,
1997-01-12,,
1997-01-13,,
1997-01-14,,
1997-01-15,,
1997-01-16,,
1997-01-17,,
1997-01-18,,
1997-01-19,,
1997-01-20,,
1997-01-21,,
1997-01-22,,
1997-01-23,,
1997-01-24,,
1997-01-25,,
1997-01-26,,
1997-01-27,,
1997-01-28,,
1997-01-29,,
1997-01-30,,
1997-01-31,,
1997-02-01,,
1997-02-02,,
1997-02-03,,
1997-02-04,,
1997-02-05,,
1997-02-06,,
1997-02-07,,
1997-02-08,,
1997-02-09,,
1997-02-10,,
1997-02-11,,
1997-02-12,,
1997-02-13,,
1997-02-14,,
1997-02-15,,
1997-02-16,,
1997-02-17,,
1997-02-18,,
1997-02-19,,
1997-02-20,,
1997-02-21,,
1997-02-22,,
1997-02-23,,
1997-02-24,,
1997-02-25,,
1997-02-26,,
1997-02-27,,
1997-02-28,,
1997-03-01,,
1997-03-02,,
1997-03-03,,
1997-03-04,,
1997-03-05,,
1997-03-06,,
1997-03-07,,
1997-03-08,,
1997-03-09,,
1997-03-10,,
1997-03-11,,
1997-03-12,,
1997-03-13,,
1997-03-14,,
1997-03-15,,
1997-03-16,,
1997-03-17,,
1997-03-18,,
1997-03-19,,
1997-03-20,,
1997-03-21,,
1997-03-22,,
1997-03-23,,
1997-03-24,,
1997-03-25,,
1997-03-26,,
1997-03-27,,
1997-03-28,,
1997-03-29,,
1997-03-30,,
1997-03-31,,
1997-04-01,,
1997-04-02,,
1997-04-03,,
1997-04-04,,
1997-04-05,,
1997-04-06,,
1997-04-07,,
1997-04-08,,
1997-04-09,,
1997-04-10,,
1997-04-11,,
1997-04-12,,
1997-04-13,,
1997-04-14,,
1997-04-15,,
1997-04-16,,
1997-04-17,,
1997-04-18,,
1997-04-19,,
1997-04-20,,
1997-04-21,,
1997-04-22,,
1997-04-23,,
1997-04-24,,
1997-04-25,,
1997-04-26,,
1997-04-27,,
1997-04-28,,
1997-04-29,,
1997-04-30,,
1997-05-01,,
1997-05-02,,
1997-05-03,,
1997-05-04,,
1997-05-05,,
1997-05-06,,
1997-05-07,,
1997-05-08,,
1997-05-09,,
1997-05-10,,
1997-05-11,,
1997-05-12,,
1997-05-13,,
1997-05-14,,
1997-05-15,,
1997-05-16,,
1997-05-17,,
1997-05-18,,
1997-05-19,,
1997-05-20,,
1997-05-21,,
1997-05-22,,
1997-05-23,,
1997-05-24,,
1997-05-25,,
1997-05-26,,
1997-05-27,,
1997-05-28,,
1997-05-29,,
1997-05-30,,
1997-05-31,,
1997-06-01,,
1997-06-02,,
1997-06-03,,
1997-06-04,,
1997-06-05,,
1997-06-06,,
1997-06-07,,
1997-06-08,,
1997-06-09,,
1997-06-10,,
1997-06-11,,
1997-06-12,,
1997-06-13,,
1997-06-14,,
1997-06-15,,
1997-06-16,,
1997-06-17,,
1997-06-18,,
1997-06-19,,
1997-06-20,,
1997-06-21,,
1997-06-22,,
1997-06-23,,
1997-06-24,,
1997-06-25,,
1997-06-26,,
1997-06-27,,
1997-06-28,,
1997-06-29,,
1997-06-30,,
1997-07-01,0.0,
1997-07-02,0.0,
1997-07-03,0.0,
1997-07-04,0.0,
1997-07-05,0.0,
1997-07-06,0.0,
1997-07-07,0.0,
1997-07-08,0.0,
1997-07-09,0.0,
1997-07-10,0.0,
1997-07-11,0.0,
1997-07-12,0.0,
1997-07-13,0.0,
1997-07-14,0.0,
1997-07-15,0.0,
1997-07-16,0.0,
1997-07-17,0.0,
1997-07-18,0.0,
1997-07-19,0.0,
1997-07-20,0.0,
1997-07-21,0.0,
1997-07-22,0.0,
1997-07-23,0.0,
1997-07-24,0.0,
1997-07-25,0.0,
1997-07-26,0.0,
1997-07-27,0.0,
1997-07-28,0.0,
1997-07-29,0.0,
1997-07-30,0.0,
1997-07-31,0.0,
1997-08-01,0.0,
1997-08-02,0.0,
1997-08-03,0.0,
1997-08-04,0.0,
1997-08-05,0.0,
1997-08-06,0.0,
1997-08-07,0.0,
1997-08-08,0.0,
1997-08-09,0.0,
1997-08-10,0.0,
1997-08-11,0.0,
1997-08-12,0.0,
1997-08-13,0.0,
1997-08-14,0.0,
1997-08-15,0.0,
1997-08-16,0.0,
1997-08-17,0.0,
1997-08-18,0.0,
1997-08-19,0.0,
1997-08-20,0.0,
1997-08-21,0.0,
1997-08-22,0.0,
1997-08-23,0.0,
1997-08-24,0.0,
1997-08-25,0.0,
1997-08-26,0.0,
1997-08-27,0.0,
1997-08-28,0.0,
1997-08-29,0.0,
1997-08-30,0.0,
1997-08-31,0.0,
1997-09-01,0.0,
1997-09-02,0.0,
1997-09-03,0.0,
1997-09-04,0.0,
1997-09-05,0.0,
1997-09-06,0.0,
1997-09-07,0.0,
1997-09-08,0.0,
1997-09-09,0.0,
1997-09-10,0.0,
1997-09-11,0.0,
1997-09-12,0.0,
1997-09-13,0.0,
1997-09-14,0.0,
1997-09-15,0.0,
1997-09-16,0.0,
1997-09-17,0.0,
1997-09-18,0.0,
1997-09-19,0.0,
1997-09-20,0.0,
1997-09-21,0.0,
1997-09-22,0.0,
1997-09-23,0.0,
1997-09-24,0.0,
1997-09-25,0.0,
1997-09-26,0.0,
1997-09-27,0.0,
1997-09-28,0.0,
1997-09-29,0.0,
1997-09-30,0.0,
1997-10-01,0.0,
1997-10-02,0.0,
1997-10-03,0.0,
1997-10-04,0.0,
1997-10-05,0.0,
1997-10-06,0.0,
1997-10-07,0.0,
1997-10-08,0.0,
1997-10-09,0.914,
1997-10-10,0.61,
1997-10-11,0.0,
1997-10-12,0.0,
1997-10-13,0.0,
1997-10-14,0.0,
1997-10-15,0.0,
1997-10-16,0.0,
1997-10-17,0.0,
1997-10-18,0.0,
1997-10-19,0.0,
1997-10-20,0.0,
1997-10-21,0.0,
1997-10-22,0.0,
1997-10-23,0.0,
1997-10-24,0.0,
1997-10-25,0.0,
1997-10-26,0.0,
1997-10-27,0.0,
1997-10-28,0.0,
1997-10-29,0.0,
1997-10-30,0.0,
1997-10-31,0.0,
1997-11-01,0.0,
1997-11-02,0.0,
1997-11-03,0.0,
1997-11-04,0.0,
1997-11-05,0.0,
1997-11-06,0.0,
1997-11-07,0.0,
1997-11-08,0.0,
1997-11-09,0.0,
1997-11-10,0.0,
1997-11-11,0.0,
1997-11-12,0.0,
1997-11-13,0.0,
1997-11-14,1.524,
1997-11-15,3.658,
1997-11-16,8.23,
1997-11-17,17.983,
1997-11-18,17.069,
1997-11-19,23.165,
1997-11-20,23.774,
1997-11-21,23.47,
1997-11-22,23.47,
1997-11-23,23.774,
1997-11-24,21.946,
1997-11-25,20.422,
1997-11-26,20.422,
1997-11-27,20.828,
1997-11-28,20.828,
1997-11-29,20.726,
1997-11-30,22.86,
1997-12-01,23.47,
1997-12-02,23.47,
1997-12-03,23.47,
1997-12-04,24.079,
1997-12-05,24.079,
1997-12-06,24.689,
1997-12-07,24.994,
1997-12-08,24.079,
1997-12-09,25.298,
1997-12-10,25.908,
1997-12-11,26.518,
1997-12-12,26.822,
1997-12-13,26.822,
1997-12-14,27.737,
1997-12-15,29.87,
1997-12-16,30.48,
1997-12-17,30.785,
1997-12-18,32.614,
1997-12-19,33.223,
1997-12-20,33.833,
1997-12-21,34.442,
1997-12-22,34.138,
1997-12-23,33.528,
1997-12-24,32.918,
1997-12-25,32.004,
1997-12-26,32.004,
1997-12-27,32.004,
1997-12-28,32.309,
1997-12-29,30.785,
1997-12-30,30.48,
1997-12-31,31.394,
1998-01-01,31.699,
1998-01-02,35.357,
1998-01-03,43.586,
1998-01-04,52.121,
1998-01-05,54.864,
1998-01-06,55.778,
1998-01-07,58.522,
1998-01-08,59.741,
1998-01-09,59.131,
1998-01-10,59.131,
1998-01-11,58.522,
1998-01-12,57.607,
1998-01-13,53.645,
1998-01-14,56.998,
1998-01-15,62.789,
1998-01-16,63.398,
1998-01-17,61.265,
1998-01-18,61.214,
1998-01-19,61.214,
1998-01-20,62.992,
1998-01-21,63.5,
1998-01-22,63.398,
1998-01-23,64.618,
1998-01-24,66.142,
1998-01-25,68.275,
1998-01-26,68.275,
1998-01-27,69.19,
1998-01-28,66.751,
1998-01-29,66.142,
1998-01-30,67.666,
1998-01-31,69.19,
1998-02-01,73.152,
1998-02-02,81.382,
1998-02-03,90.526,
1998-02-04,93.878,
1998-02-05,98.45,
1998-02-06,104.14,
1998-02-07,114.91,
1998-02-08,123.749,
1998-02-09,125.984,
1998-02-10,125.984,
1998-02-11,128.27,
1998-02-12,130.048,
1998-02-13,132.588,
1998-02-14,133.858,
1998-02-15,137.16,
1998-02-16,137.668,
1998-02-17,139.7,
1998-02-18,140.462,
1998-02-19,143.256,
1998-02-20,147.066,
1998-02-21,150.114,
1998-02-22,154.178,
1998-02-23,154.94,
1998-02-24,157.734,
1998-02-25,160.02,
1998-02-26,161.29,
1998-02-27,162.052,
1998-02-28,162.052,
1998-03-01,162.052,
1998-03-02,162.052,
1998-03-03,162.56,
1998-03-04,162.56,
1998-03-05,162.56,
1998-03-06,163.83,
1998-03-07,164.592,
1998-03-08,164.592,
1998-03-09,164.846,
1998-03-10,165.1,
1998-03-11,165.1,
1998-03-12,165.1,
1998-03-13,165.1,
1998-03-14,165.1,
1998-03-15,165.1,
1998-03-16,164.592,
1998-03-17,163.322,
1998-03-18,163.068,
1998-03-19,162.814,
1998-03-20,162.814,
1998-03-21,162.56,
1998-03-22,161.29,
1998-03-23,159.766,
1998-03-24,158.496,
1998-03-25,156.972,
1998-03-26,156.21,
1998-03-27,155.448,
1998-03-28,154.432,
1998-03-29,153.67,
1998-03-30,154.432,
1998-03-31,156.21,
1998-04-01,158.75,
1998-04-02,159.512,
1998-04-03,160.782,
1998-04-04,162.052,
1998-04-05,163.068,
1998-04-06,164.592,
1998-04-07,166.116,
1998-04-08,167.64,
1998-04-09,168.91,
1998-04-10,170.18,
1998-04-11,171.704,
1998-04-12,172.212,
1998-04-13,172.72,
1998-04-14,172.72,
1998-04-15,172.72,
1998-04-16,172.72,
1998-04-17,172.72,
1998-04-18,172.72,
1998-04-19,172.466,
1998-04-20,172.212,
1998-04-21,170.993,
1998-04-22,170.078,
1998-04-23,170.078,
1998-04-24,168.25,
1998-04-25,166.116,
1998-04-26,166.421,
1998-04-27,165.202,
1998-04-28,163.068,
1998-04-29,160.934,
1998-04-30,158.191,
1998-05-01,154.838,
1998-05-02,152.095,
1998-05-03,148.438,
1998-05-04,147.523,
1998-05-05,146.304,
1998-05-06,144.475,
1998-05-07,141.427,
1998-05-08,137.77,
1998-05-09,132.893,
1998-05-10,132.334,
1998-05-11,132.283,
1998-05-12,131.674,
1998-05-13,132.588,
1998-05-14,132.893,
1998-05-15,130.454,
1998-05-16,129.845,
1998-05-17,130.454,
1998-05-18,131.369,
1998-05-19,131.064,
1998-05-20,129.845,
1998-05-21,129.235,
1998-05-22,128.93,
1998-05-23,126.187,
1998-05-24,122.834,
1998-05-25,120.396,
1998-05-26,118.567,
1998-05-27,119.177,
1998-05-28,122.225,
1998-05-29,121.31,
1998-05-30,122.225,
1998-05-31,121.615,
1998-06-01,119.482,
1998-06-02,116.129,
1998-06-03,109.728,
1998-06-04,106.07,
1998-06-05,102.108,
1998-06-06,98.146,
1998-06-07,93.878,
1998-06-08,91.135,
1998-06-09,88.392,
1998-06-10,85.344,
1998-06-11,81.382,
1998-06-12,77.114,
1998-06-13,73.152,
1998-06-14,68.885,
1998-06-15,64.313,
1998-06-16,59.741,
1998-06-17,54.559,
1998-06-18,49.682,
1998-06-19,43.586,
1998-06-20,38.1,
1998-06-21,32.918,
1998-06-22,26.518,
1998-06-23,19.202,
1998-06-24,11.887,
1998-06-25,6.096,
1998-06-26,1.016,
1998-06-27,0.0,
1998-06-28,0.0,
1998-06-29,0.0,
1998-06-30,0.0,
1998-07-01,0.0,
1998-07-02,0.0,
1998-07-03,0.0,
1998-07-04,0.0,
1998-07-05,0.0,
1998-07-06,0.0,
1998-07-07,0.0,
1998-07-08,0.0,
1998-07-09,0.0,
1998-07-10,0.0,
1998-07-11,0.0,
1998-07-12,0.0,
1998-07-13,0.0,
1998-07-14,0.0,
1998-07-15,0.0,
1998-07-16,0.0,
1998-07-17,0.0,
1998-07-18,0.0,
1998-07-19,0.0,
1998-07-20,0.0,
1998-07-21,0.0,
1998-07-22,0.0,
1998-07-23,0.0,
1998-07-24,0.0,
1998-07-25,0.0,
1998-07-26,0.0,
1998-07-27,0.0,
1998-07-28,0.0,
1998-07-29,0.0,
1998-07-30,0.0,
1998-07-31,0.0,
1998-08-01,0.0,
1998-08-02,0.0,
1998-08-03,0.0,
1998-08-04,0.0,
1998-08-05,0.0,
1998-08-06,0.0,
1998-08-07,0.0,
1998-08-08,0.0,
1998-08-09,0.0,
1998-08-10,0.0,
1998-08-11,0.0,
1998-08-12,0.0,
1998-08-13,0.0,
1998-08-14,0.0,
1998-08-15,0.0,
1998-08-16,0.0,
1998-08-17,0.0,
1998-08-18,0.0,
1998-08-19,0.0,
1998-08-20,0.0,
1998-08-21,0.0,
1998-08-22,0.0,
1998-08-23,0.0,
1998-08-24,0.0,
1998-08-25,0.0,
1998-08-26,0.0,
1998-08-27,0.0,
1998-08-28,0.0,
1998-08-29,0.0,
1998-08-30,0.0,
1998-08-31,0.0,
1998-09-01,0.0,
1998-09-02,0.0,
1998-09-03,0.0,
1998-09-04,0.0,
1998-09-05,0.0,
1998-09-06,0.0,
1998-09-07,0.0,
1998-09-08,0.0,
1998-09-09,0.0,
1998-09-10,0.0,
1998-09-11,0.0,
1998-09-12,0.0,
1998-09-13,0.0,
1998-09-14,0.0,
1998-09-15,0.0,
1998-09-16,0.0,
1998-09-17,0.0,
1998-09-18,0.0,
1998-09-19,0.0,
1998-09-20,0.0,
1998-09-21,0.0,
1998-09-22,0.0,
1998-09-23,0.0,
1998-09-24,0.0,
1998-09-25,0.0,
1998-09-26,0.0,
1998-09-27,0.0,
1998-09-28,0.0,
1998-09-29,0.0,
1998-09-30,0.0,
1998-10-01,0.0,
1998-10-02,0.0,
1998-10-03,0.0,
1998-10-04,0.0,
1998-10-05,0.0,
1998-10-06,0.0,
1998-10-07,0.0,
1998-10-08,0.0,
1998-10-09,0.0,
1998-10-10,0.0,
1998-10-11,0.0,
1998-10-12,0.0,
1998-10-13,0.0,
1998-10-14,0.0,
1998-10-15,0.0,
1998-10-16,0.0,
1998-10-17,0.0,
1998-10-18,0.0,
1998-10-19,0.0,
1998-10-20,0.0,
1998-10-21,0.0,
1998-10-22,0.0,
1998-10-23,0.0,
1998-10-24,0.0,
1998-10-25,0.0,
1998-10-26,0.0,
1998-10-27,0.0,
1998-10-28,0.0,
1998-10-29,0.0,
1998-10-30,0.0,
1998-10-31,0.0,
1998-11-01,0.0,
1998-11-02,0.0,
1998-11-03,0.0,
1998-11-04,0.0,
1998-11-05,0.0,
1998-11-06,0.0,
1998-11-07,3.048,
1998-11-08,6.401,
1998-11-09,6.706,
1998-11-10,7.01,
1998-11-11,8.534,
1998-11-12,8.636,
1998-11-13,8.534,
1998-11-14,8.534,
1998-11-15,9.144,
1998-11-16,7.925,
1998-11-17,10.363,
1998-11-18,10.363,
1998-11-19,10.414,
1998-11-20,10.363,
1998-11-21,10.363,
1998-11-22,10.668,
1998-11-23,10.058,
1998-11-24,10.16,
1998-11-25,11.887,
1998-11-26,12.192,
1998-11-27,12.497,
1998-11-28,11.887,
1998-11-29,12.802,
1998-11-30,18.288,
1998-12-01,22.555,
1998-12-02,23.774,
1998-12-03,24.079,
1998-12-04,22.86,
1998-12-05,23.165,
1998-12-06,24.689,
1998-12-07,25.4,
1998-12-08,26.518,
1998-12-09,27.127,
1998-12-10,27.178,
1998-12-11,27.178,
1998-12-12,27.178,
1998-12-13,27.178,
1998-12-14,28.042,
1998-12-15,28.651,
1998-12-16,28.651,
1998-12-17,28.346,
1998-12-18,28.042,
1998-12-19,25.908,
1998-12-20,25.654,
1998-12-21,25.603,
1998-12-22,27.127,
1998-12-23,26.822,
1998-12-24,28.702,
1998-12-25,28.702,
1998-12-26,28.702,
1998-12-27,28.702,
1998-12-28,28.702,
1998-12-29,26.67,
1998-12-30,26.416,
1998-12-31,26.162,
1999-01-01,26.162,
1999-01-02,26.213,
1999-01-03,26.213,
1999-01-04,25.603,
1999-01-05,24.994,
1999-01-06,24.689,
1999-01-07,24.384,
1999-01-08,23.774,
1999-01-09,23.47,
1999-01-10,22.555,
1999-01-11,22.555,
1999-01-12,21.641,
1999-01-13,21.641,
1999-01-14,21.336,
1999-01-15,22.555,
1999-01-16,24.994,
1999-01-17,25.908,
1999-01-18,27.432,
1999-01-19,28.956,
1999-01-20,33.528,
1999-01-21,36.576,
1999-01-22,36.881,
1999-01-23,42.672,
1999-01-24,43.282,
1999-01-25,43.586,
1999-01-26,44.196,
1999-01-27,44.501,
1999-01-28,44.501,
1999-01-29,44.806,
1999-01-30,44.806,
1999-01-31,45.11,
1999-02-01,45.11,
1999-02-02,45.72,
1999-02-03,46.33,
1999-02-04,46.939,
1999-02-05,46.939,
1999-02-06,48.768,
1999-02-07,61.57,
1999-02-08,65.227,
1999-02-09,72.542,
1999-02-10,75.286,
1999-02-11,76.2,
1999-02-12,77.419,
1999-02-13,78.029,
1999-02-14,78.943,
1999-02-15,79.553,
1999-02-16,81.077,
1999-02-17,84.125,
1999-02-18,85.039,
1999-02-19,88.392,
1999-02-20,88.697,
1999-02-21,92.659,
1999-02-22,96.012,
1999-02-23,99.06,
1999-02-24,100.279,
1999-02-25,104.851,
1999-02-26,106.68,
1999-02-27,106.68,
1999-02-28,106.68,
1999-03-01,105.41,
1999-03-02,105.41,
1999-03-03,105.41,
1999-03-04,105.41,
1999-03-05,107.29,
1999-03-06,109.423,
1999-03-07,110.947,
1999-03-08,112.776,
1999-03-09,117.653,
1999-03-10,118.872,
1999-03-11,118.872,
1999-03-12,119.888,
1999-03-13,119.888,
1999-03-14,119.786,
1999-03-15,119.482,
1999-03-16,117.348,
1999-03-17,116.129,
1999-03-18,114.3,
1999-03-19,113.995,
1999-03-20,113.792,
1999-03-21,113.792,
1999-03-22,117.653,
1999-03-23,118.872,
1999-03-24,122.53,
1999-03-25,127.406,
1999-03-26,127.508,
1999-03-27,127.508,
1999-03-28,127.508,
1999-03-29,127.508,
1999-03-30,128.321,
1999-03-31,130.759,
1999-04-01,131.978,
1999-04-02,132.588,
1999-04-03,133.198,
1999-04-04,133.198,
1999-04-05,133.502,
1999-04-06,135.331,
1999-04-07,135.941,
1999-04-08,137.16,
1999-04-09,140.818,
1999-04-10,141.732,
1999-04-11,141.732,
1999-04-12,141.732,
1999-04-13,141.224,
1999-04-14,140.818,
1999-04-15,135.941,
1999-04-16,132.893,
1999-04-17,132.283,
1999-04-18,131.064,
1999-04-19,129.845,
1999-04-20,128.778,
1999-04-21,127.406,
1999-04-22,126.238,
1999-04-23,125.578,
1999-04-24,124.46,
1999-04-25,121.92,
1999-04-26,117.043,
1999-04-27,113.995,
1999-04-28,111.252,
1999-04-29,109.22,
1999-04-30,107.442,
1999-05-01,101.6,
1999-05-02,97.79,
1999-05-03,92.05,
1999-05-04,91.948,
1999-05-05,91.948,
1999-05-06,89.306,
1999-05-07,78.638,
1999-05-08,73.762,
1999-05-09,71.323,
1999-05-10,68.58,
1999-05-11,65.227,
1999-05-12,59.131,
1999-05-13,54.254,
1999-05-14,50.597,
1999-05-15,49.378,
1999-05-16,46.634,
1999-05-17,41.148,
1999-05-18,32.918,
1999-05-19,22.555,
1999-05-20,15.545,
1999-05-21,7.315,
1999-05-22,,
1999-05-23,,
1999-05-24,,
1999-05-25,,
1999-05-26,,
1999-05-27,,
1999-05-28,,
1999-05-29,,
1999-05-30,,
1999-05-31,,
1999-06-01,,
1999-06-02,,
1999-06-03,,
1999-06-04,,
1999-06-05,,
1999-06-06,,
1999-06-07,,
1999-06-08,,
1999-06-09,,
1999-06-10,,
1999-06-11,,
1999-06-12,,
1999-06-13,,
1999-06-14,,
1999-06-15,,
1999-06-16,,
1999-06-17,,
1999-06-18,,
1999-06-19,,
1999-06-20,,
1999-06-21,,
1999-06-22,,
1999-06-23,,
1999-06-24,,
1999-06-25,,
1999-06-26,,
1999-06-27,,
1999-06-28,,
1999-06-29,,
1999-06-30,,
1999-07-01,0.0,
1999-07-02,0.0,
1999-07-03,0.0,
1999-07-04,0.0,
1999-07-05,0.0,
1999-07-06,0.0,
1999-07-07,0.0,
1999-07-08,0.0,
1999-07-09,0.0,
1999-07-10,0.0,
1999-07-11,0.0,
1999-07-12,0.0,
1999-07-13,0.0,
1999-07-14,0.0,
1999-07-15,0.0,
1999-07-16,0.0,
1999-07-17,0.0,
1999-07-18,0.0,
1999-07-19,0.0,
1999-07-20,0.0,
1999-07-21,0.0,
1999-07-22,0.0,
1999-07-23,0.0,
1999-07-24,0.0,
1999-07-25,0.0,
1999-07-26,0.0,
1999-07-27,0.0,
1999-07-28,0.0,
1999-07-29,0.0,
1999-07-30,0.0,
1999-07-31,0.0,
1999-08-01,0.0,
1999-08-02,0.0,
1999-08-03,0.0,
1999-08-04,0.0,
1999-08-05,0.0,
1999-08-06,0.0,
1999-08-07,0.0,
1999-08-08,0.0,
1999-08-09,0.0,
1999-08-10,0.0,
1999-08-11,0.0,
1999-08-12,0.0,
1999-08-13,0.0,
1999-08-14,0.0,
1999-08-15,0.0,
1999-08-16,0.0,
1999-08-17,0.0,
1999-08-18,0.0,
1999-08-19,0.0,
1999-08-20,0.0,
1999-08-21,0.0,
1999-08-22,0.0,
1999-08-23,0.0,
1999-08-24,0.0,
1999-08-25,0.0,
1999-08-26,0.0,
1999-08-27,0.0,
1999-08-28,0.0,
1999-08-29,0.0,
1999-08-30,0.0,
1999-08-31,0.0,
1999-09-01,0.0,
1999-09-02,0.0,
1999-09-03,0.0,
1999-09-04,0.0,
1999-09-05,0.0,
1999-09-06,0.0,
1999-09-07,0.0,
1999-09-08,0.0,
1999-09-09,0.0,
1999-09-10,0.0,
1999-09-11,0.0,
1999-09-12,0.0,
1999-09-13,0.0,
1999-09-14,0.0,
1999-09-15,0.0,
1999-09-16,0.0,
1999-09-17,0.0,
1999-09-18,0.0,
1999-09-19,0.0,
1999-09-20,0.0,
1999-09-21,0.0,
1999-09-22,0.0,
1999-09-23,0.0,
1999-09-24,0.0,
1999-09-25,0.0,
1999-09-26,0.0,
1999-09-27,0.0,
1999-09-28,0.0,
1999-09-29,0.0,
1999-09-30,0.0,
1999-10-01,0.0,
1999-10-02,0.0,
1999-10-03,0.0,
1999-10-04,0.0,
1999-10-05,0.0,
1999-10-06,0.0,
1999-10-07,0.0,
1999-10-08,0.0,
1999-10-09,0.0,
1999-10-10,0.0,
1999-10-11,0.0,
1999-10-12,0.0,
1999-10-13,0.0,
1999-10-14,0.0,
1999-10-15,0.0,
1999-10-16,0.0,
1999-10-17,0.0,
1999-10-18,0.0,
1999-10-19,0.0,
1999-10-20,0.0,
1999-10-21,0.0,
1999-10-22,0.0,
1999-10-23,0.0,
1999-10-24,0.0,
1999-10-25,0.0,
1999-10-26,0.0,
1999-10-27,0.0,
1999-10-28,0.0,
1999-10-29,0.0,
1999-10-30,0.0,
1999-10-31,0.0,
1999-11-01,0.0,
1999-11-02,0.0,
1999-11-03,0.0,
1999-11-04,0.0,
1999-11-05,0.0,
1999-11-06,0.0,
1999-11-07,0.0,
1999-11-08,0.0,
1999-11-09,0.0,
1999-11-10,0.0,
1999-11-11,0.0,
1999-11-12,0.0,
1999-11-13,0.0,
1999-11-14,0.0,
1999-11-15,0.0,
1999-11-16,0.0,
1999-11-17,0.0,
1999-11-18,0.0,
1999-11-19,0.0,
1999-11-20,2.134,
1999-11-21,2.134,
1999-11-22,2.134,
1999-11-23,1.829,
1999-11-24,1.524,
1999-11-25,1.219,
1999-11-26,0.61,
1999-11-27,0.0,
1999-11-28,0.0,
1999-11-29,0.0,
1999-11-30,1.219,
1999-12-01,4.877,
1999-12-02,4.877,
1999-12-03,5.486,
1999-12-04,5.486,
1999-12-05,5.486,
1999-12-06,5.486,
1999-12-07,6.096,
1999-12-08,6.096,
1999-12-09,7.01,
1999-12-10,7.62,
1999-12-11,7.925,
1999-12-12,8.23,
1999-12-13,8.839,
1999-12-14,8.839,
1999-12-15,9.144,
1999-12-16,9.144,
1999-12-17,9.144,
1999-12-18,9.449,
1999-12-19,9.449,
1999-12-20,9.449,
1999-12-21,9.449,
1999-12-22,9.449,
1999-12-23,9.449,
1999-12-24,9.449,
1999-12-25,9.449,
1999-12-26,9.449,
1999-12-27,9.449,
1999-12-28,9.449,
1999-12-29,9.449,
1999-12-30,9.449,
1999-12-31,9.144,
2000-01-01,8.839,
2000-01-02,8.534,
2000-01-03,8.534,
2000-01-04,9.449,
2000-01-05,9.754,
2000-01-06,9.144,
2000-01-07,8.534,
2000-01-08,8.534,
2000-01-09,9.144,
2000-01-10,9.754,
2000-01-11,17.069,
2000-01-12,17.374,
2000-01-13,17.678,
2000-01-14,21.336,
2000-01-15,21.946,
2000-01-16,25.298,
2000-01-17,30.175,
2000-01-18,30.175,
2000-01-19,29.261,
2000-01-20,29.261,
2000-01-21,29.261,
2000-01-22,32.918,
2000-01-23,34.138,
2000-01-24,35.56,
2000-01-25,40.538,
2000-01-26,40.538,
2000-01-27,40.538,
2000-01-28,40.234,
2000-01-29,40.234,
2000-01-30,41.148,
2000-01-31,46.025,
2000-02-01,47.549,
2000-02-02,47.549,
2000-02-03,47.549,
2000-02-04,49.682,
2000-02-05,50.597,
2000-02-06,51.511,
2000-02-07,51.511,
2000-02-08,51.511,
2000-02-09,51.511,
2000-02-10,51.511,
2000-02-11,51.511,
2000-02-12,59.131,
2000-02-13,64.618,
2000-02-14,68.58,
2000-02-15,70.714,
2000-02-16,72.542,
2000-02-17,74.371,
2000-02-18,75.59,
2000-02-19,75.895,
2000-02-20,76.81,
2000-02-21,77.216,
2000-02-22,78.029,
2000-02-23,86.868,
2000-02-24,88.087,
2000-02-25,89.306,
2000-02-26,92.05,
2000-02-27,93.878,
2000-02-28,94.793,
2000-02-29,99.06,
2000-03-01,102.413,
2000-03-02,103.632,
2000-03-03,104.851,
2000-03-04,105.156,
2000-03-05,105.156,
2000-03-06,107.899,
2000-03-07,109.728,
2000-03-08,114.3,
2000-03-09,117.653,
2000-03-10,120.396,
2000-03-11,121.92,
2000-03-12,122.53,
2000-03-13,122.53,
2000-03-14,122.225,
2000-03-15,121.666,
2000-03-16,120.701,
2000-03-17,120.523,
2000-03-18,120.396,
2000-03-19,120.396,
2000-03-20,120.396,
2000-03-21,120.396,
2000-03-22,119.888,
2000-03-23,119.126,
2000-03-24,118.11,
2000-03-25,115.214,
2000-03-26,113.386,
2000-03-27,112.166,
2000-03-28,111.557,
2000-03-29,111.557,
2000-03-30,111.557,
2000-03-31,110.642,
2000-04-01,107.594,
2000-04-02,105.461,
2000-04-03,103.327,
2000-04-04,100.889,
2000-04-05,98.146,
2000-04-06,96.317,
2000-04-07,93.269,
2000-04-08,91.44,
2000-04-09,90.424,
2000-04-10,88.138,
2000-04-11,87.173,
2000-04-12,85.954,
2000-04-13,82.906,
2000-04-14,79.858,
2000-04-15,78.943,
2000-04-16,78.029,
2000-04-17,79.248,
2000-04-18,79.553,
2000-04-19,80.467,
2000-04-20,82.601,
2000-04-21,81.686,
2000-04-22,79.248,
2000-04-23,76.505,
2000-04-24,74.981,
2000-04-25,73.762,
2000-04-26,70.409,
2000-04-27,67.361,
2000-04-28,63.703,
2000-04-29,61.57,
2000-04-30,60.35,
2000-05-01,57.607,
2000-05-02,54.559,
2000-05-03,51.206,
2000-05-04,47.244,
2000-05-05,43.586,
2000-05-06,41.453,
2000-05-07,40.234,
2000-05-08,40.234,
2000-05-09,37.186,
2000-05-10,33.528,
2000-05-11,33.528,
2000-05-12,33.528,
2000-05-13,32.309,
2000-05-14,30.48,
2000-05-15,27.737,
2000-05-16,25.603,
2000-05-17,23.165,
2000-05-18,19.812,
2000-05-19,16.459,
2000-05-20,11.582,
2000-05-21,7.01,
2000-05-22,1.219,
2000-05-23,0.0,
2000-05-24,0.0,
2000-05-25,0.0,
2000-05-26,0.0,
2000-05-27,0.0,
2000-05-28,0.0,
2000-05-29,0.0,
2000-05-30,0.0,
2000-05-31,0.0,
2000-06-01,0.0,
2000-06-02,0.0,
2000-06-03,0.0,
2000-06-04,0.0,
2000-06-05,0.0,
2000-06-06,0.0,
2000-06-07,0.0,
2000-06-08,0.0,
2000-06-09,0.0,
2000-06-10,0.0,
2000-06-11,0.0,
2000-06-12,0.0,
2000-06-13,0.0,
2000-06-14,0.0,
2000-06-15,0.0,
2000-06-16,0.0,
2000-06-17,0.0,
2000-06-18,0.0,
2000-06-19,0.0,
2000-06-20,0.0,
2000-06-21,0.0,
2000-06-22,0.0,
2000-06-23,0.0,
2000-06-24,0.0,
2000-06-25,0.0,
2000-06-26,0.0,
2000-06-27,0.0,
2000-06-28,0.0,
2000-06-29,0.0,
2000-06-30,0.0,
2000-07-01,0.0,
2000-07-02,0.0,
2000-07-03,0.0,
2000-07-04,0.0,
2000-07-05,0.0,
2000-07-06,0.0,
2000-07-07,0.0,
2000-07-08,0.0,
2000-07-09,0.0,
2000-07-10,0.0,
2000-07-11,0.0,
2000-07-12,0.0,
2000-07-13,0.0,
2000-07-14,0.0,
2000-07-15,0.0,
2000-07-16,0.0,
2000-07-17,0.0,
2000-07-18,0.0,
2000-07-19,0.0,
2000-07-20,0.0,
2000-07-21,0.0,
2000-07-22,0.0,
2000-07-23,0.0,
2000-07-24,0.0,
2000-07-25,0.0,
2000-07-26,0.0,
2000-07-27,0.0,
2000-07-28,0.0,
2000-07-29,0.0,
2000-07-30,0.0,
2000-07-31,0.0,
2000-08-01,0.0,
2000-08-02,0.0,
2000-08-03,0.0,
2000-08-04,0.0,
2000-08-05,0.0,
2000-08-06,0.0,
2000-08-07,0.0,
2000-08-08,0.0,
2000-08-09,0.0,
2000-08-10,0.0,
2000-08-11,0.0,
2000-08-12,0.0,
2000-08-13,0.0,
2000-08-14,0.0,
2000-08-15,0.0,
2000-08-16,0.0,
2000-08-17,0.0,
2000-08-18,0.0,
2000-08-19,0.0,
2000-08-20,0.0,
2000-08-21,0.0,
2000-08-22,0.0,
2000-08-23,0.0,
2000-08-24,0.0,
2000-08-25,0.0,
2000-08-26,0.0,
2000-08-27,0.0,
2000-08-28,0.0,
2000-08-29,0.0,
2000-08-30,0.0,
2000-08-31,0.0,
2000-09-01,0.0,
2000-09-02,0.0,
2000-09-03,0.0,
2000-09-04,0.0,
2000-09-05,0.0,
2000-09-06,0.0,
2000-09-07,0.0,
2000-09-08,0.0,
2000-09-09,0.0,
2000-09-10,0.0,
2000-09-11,0.0,
2000-09-12,0.0,
2000-09-13,0.0,
2000-09-14,0.0,
2000-09-15,0.0,
2000-09-16,0.0,
2000-09-17,0.0,
2000-09-18,0.0,
2000-09-19,0.0,
2000-09-20,0.0,
2000-09-21,0.0,
2000-09-22,0.0,
2000-09-23,0.0,
2000-09-24,0.0,
2000-09-25,0.0,
2000-09-26,0.0,
2000-09-27,0.0,
2000-09-28,0.0,
2000-09-29,0.0,
2000-09-30,0.0,
2000-10-01,0.0,
2000-10-02,0.0,
2000-10-03,0.0,
2000-10-04,0.0,
2000-10-05,0.0,
2000-10-06,0.0,
2000-10-07,0.0,
2000-10-08,0.0,
2000-10-09,0.0,
2000-10-10,0.0,
2000-10-11,0.0,
2000-10-12,0.0,
2000-10-13,0.0,
2000-10-14,0.914,
2000-10-15,0.914,
2000-10-16,0.61,
2000-10-17,0.61,
2000-10-18,0.61,
2000-10-19,0.61,
2000-10-20,0.61,
2000-10-21,0.635,
2000-10-22,0.61,
2000-10-23,0.61,
2000-10-24,0.61,
2000-10-25,0.914,
2000-10-26,0.914,
2000-10-27,0.914,
2000-10-28,1.219,
2000-10-29,1.829,
2000-10-30,6.706,
2000-10-31,6.706,
2000-11-01,6.706,
2000-11-02,6.706,
2000-11-03,6.096,
2000-11-04,5.486,
2000-11-05,5.182,
2000-11-06,5.182,
2000-11-07,5.182,
2000-11-08,5.182,
2000-11-09,5.182,
2000-11-10,4.267,
2000-11-11,3.048,
2000-11-12,3.048,
2000-11-13,3.048,
2000-11-14,3.048,
2000-11-15,2.438,
2000-11-16,2.134,
2000-11-17,1.524,
2000-11-18,2.438,
2000-11-19,3.658,
2000-11-20,4.267,
2000-11-21,5.182,
2000-11-22,5.182,
2000-11-23,5.182,
2000-11-24,5.182,
2000-11-25,5.182,
2000-11-26,5.182,
2000-11-27,5.182,
2000-11-28,5.182,
2000-11-29,6.096,
2000-11-30,9.449,
2000-12-01,9.449,
2000-12-02,9.449,
2000-12-03,9.449,
2000-12-04,9.449,
2000-12-05,10.668,
2000-12-06,11.582,
2000-12-07,11.887,
2000-12-08,12.192,
2000-12-09,12.192,
2000-12-10,11.938,
2000-12-11,11.278,
2000-12-12,12.497,
2000-12-13,13.106,
2000-12-14,17.678,
2000-12-15,19.507,
2000-12-16,19.507,
2000-12-17,19.507,
2000-12-18,19.507,
2000-12-19,19.812,
2000-12-20,19.812,
2000-12-21,19.812,
2000-12-22,21.946,
2000-12-23,22.86,
2000-12-24,23.47,
2000-12-25,23.47,
2000-12-26,23.774,
2000-12-27,23.774,
2000-12-28,23.774,
2000-12-29,24.079,
2000-12-30,24.079,
2000-12-31,24.079,
2001-01-01,24.384,
2001-01-02,24.384,
2001-01-03,24.384,
2001-01-04,24.384,
2001-01-05,24.384,
2001-01-06,24.384,
2001-01-07,24.384,
2001-01-08,24.994,
2001-01-09,25.654,
2001-01-10,28.651,
2001-01-11,33.528,
2001-01-12,34.138,
2001-01-13,34.442,
2001-01-14,34.747,
2001-01-15,35.052,
2001-01-16,35.052,
2001-01-17,35.052,
2001-01-18,35.357,
2001-01-19,35.662,
2001-01-20,35.662,
2001-01-21,35.662,
2001-01-22,35.662,
2001-01-23,35.662,
2001-01-24,38.1,
2001-01-25,39.319,
2001-01-26,42.977,
2001-01-27,43.282,
2001-01-28,43.282,
2001-01-29,44.196,
2001-01-30,44.196,
2001-01-31,44.196,
2001-02-01,44.196,
2001-02-02,44.501,
2001-02-03,44.501,
2001-02-04,44.501,
2001-02-05,44.501,
2001-02-06,43.282,
2001-02-07,43.282,
2001-02-08,42.977,
2001-02-09,42.977,
2001-02-10,45.72,
2001-02-11,49.987,
2001-02-12,53.95,
2001-02-13,53.95,
2001-02-14,53.95,
2001-02-15,53.95,
2001-02-16,53.95,
2001-02-17,54.254,
2001-02-18,57.607,
2001-02-19,60.046,
2001-02-20,62.789,
2001-02-21,71.323,
2001-02-22,76.505,
2001-02-23,79.553,
2001-02-24,79.858,
2001-02-25,81.28,
2001-02-26,81.28,
2001-02-27,81.28,
2001-02-28,81.28,
2001-03-01,81.28,
2001-03-02,82.296,
2001-03-03,81.991,
2001-03-04,83.515,
2001-03-05,89.002,
2001-03-06,89.611,
2001-03-07,89.611,
2001-03-08,89.611,
2001-03-09,88.087,
2001-03-10,87.782,
2001-03-11,87.478,
2001-03-12,87.478,
2001-03-13,85.649,
2001-03-14,84.43,
2001-03-15,84.125,
2001-03-16,83.82,
2001-03-17,83.058,
2001-03-18,82.042,
2001-03-19,81.026,
2001-03-20,80.01,
2001-03-21,78.74,
2001-03-22,77.47,
2001-03-23,74.981,
2001-03-24,72.542,
2001-03-25,68.275,
2001-03-26,66.446,
2001-03-27,66.446,
2001-03-28,66.446,
2001-03-29,64.313,
2001-03-30,63.094,
2001-03-31,61.874,
2001-04-01,61.265,
2001-04-02,60.35,
2001-04-03,60.35,
2001-04-04,60.35,
2001-04-05,61.265,
2001-04-06,62.484,
2001-04-07,64.922,
2001-04-08,65.227,
2001-04-09,65.532,
2001-04-10,66.446,
2001-04-11,67.056,
2001-04-12,67.056,
2001-04-13,67.056,
2001-04-14,66.446,
2001-04-15,64.922,
2001-04-16,62.484,
2001-04-17,60.046,
2001-04-18,57.607,
2001-04-19,55.474,
2001-04-20,55.778,
2001-04-21,58.522,
2001-04-22,58.522,
2001-04-23,56.998,
2001-04-24,55.169,
2001-04-25,53.645,
2001-04-26,51.511,
2001-04-27,48.768,
2001-04-28,45.72,
2001-04-29,43.282,
2001-04-30,42.062,
2001-05-01,39.624,
2001-05-02,36.576,
2001-05-03,35.052,
2001-05-04,34.138,
2001-05-05,32.614,
2001-05-06,31.09,
2001-05-07,28.346,
2001-05-08,24.994,
2001-05-09,21.946,
2001-05-10,19.202,
2001-05-11,15.24,
2001-05-12,11.278,
2001-05-13,7.62,
2001-05-14,3.658,
2001-05-15,0.0,
2001-05-16,0.0,
2001-05-17,0.0,
2001-05-18,0.0,
2001-05-19,0.0,
2001-05-20,0.0,
2001-05-21,0.0,
2001-05-22,0.0,
2001-05-23,0.0,
2001-05-24,0.0,
2001-05-25,0.0,
2001-05-26,0.0,
2001-05-27,0.0,
2001-05-28,0.0,
2001-05-29,0.0,
2001-05-30,0.0,
2001-05-31,0.0,
2001-06-01,0.0,
2001-06-02,0.0,
2001-06-03,0.0,
2001-06-04,0.0,
2001-06-05,0.0,
2001-06-06,0.0,
2001-06-07,0.0,
2001-06-08,0.0,
2001-06-09,0.0,
2001-06-10,0.0,
2001-06-11,0.0,
2001-06-12,0.0,
2001-06-13,0.0,
2001-06-14,0.0,
2001-06-15,0.0,
2001-06-16,0.0,
2001-06-17,0.0,
2001-06-18,0.0,
2001-06-19,0.0,
2001-06-20,0.0,
2001-06-21,0.0,
2001-06-22,0.0,
2001-06-23,0.0,
2001-06-24,0.0,
2001-06-25,0.0,
2001-06-26,0.0,
2001-06-27,0.0,
2001-06-28,0.0,
2001-06-29,0.0,
2001-06-30,0.0,
2001-07-01,0.0,
2001-07-02,0.0,
2001-07-03,0.0,
2001-07-04,0.0,
2001-07-05,0.0,
2001-07-06,0.0,
2001-07-07,0.0,
2001-07-08,0.0,
2001-07-09,0.0,
2001-07-10,0.0,
2001-07-11,0.0,
2001-07-12,0.0,
2001-07-13,0.0,
2001-07-14,0.0,
2001-07-15,0.0,
2001-07-16,0.0,
2001-07-17,0.0,
2001-07-18,0.0,
2001-07-19,0.0,
2001-07-20,0.0,
2001-07-21,0.0,
2001-07-22,0.0,
2001-07-23,0.0,
2001-07-24,0.0,
2001-07-25,0.0,
2001-07-26,0.0,
2001-07-27,0.0,
2001-07-28,0.0,
2001-07-29,0.0,
2001-07-30,0.0,
2001-07-31,0.0,
2001-08-01,0.0,
2001-08-02,0.0,
2001-08-03,0.0,
2001-08-04,0.0,
2001-08-05,0.0,
2001-08-06,0.0,
2001-08-07,0.0,
2001-08-08,0.0,
2001-08-09,0.0,
2001-08-10,0.0,
2001-08-11,0.0,
2001-08-12,0.0,
2001-08-13,0.0,
2001-08-14,0.0,
2001-08-15,0.0,
2001-08-16,0.0,
2001-08-17,0.0,
2001-08-18,0.0,
2001-08-19,0.0,
2001-08-20,0.0,
2001-08-21,0.0,
2001-08-22,0.0,
2001-08-23,0.0,
2001-08-24,0.0,
2001-08-25,0.0,
2001-08-26,0.0,
2001-08-27,0.0,
2001-08-28,0.0,
2001-08-29,0.0,
2001-08-30,0.0,
2001-08-31,0.0,
2001-09-01,0.0,
2001-09-02,0.0,
2001-09-03,0.0,
2001-09-04,0.0,
2001-09-05,0.0,
2001-09-06,0.0,
2001-09-07,0.0,
2001-09-08,0.0,
2001-09-09,0.0,
2001-09-10,0.0,
2001-09-11,0.0,
2001-09-12,0.0,
2001-09-13,0.0,
2001-09-14,0.0,
2001-09-15,0.0,
2001-09-16,0.0,
2001-09-17,0.0,
2001-09-18,0.0,
2001-09-19,0.0,
2001-09-20,0.0,
2001-09-21,0.0,
2001-09-22,0.0,
2001-09-23,0.0,
2001-09-24,0.0,
2001-09-25,0.0,
2001-09-26,0.0,
2001-09-27,0.0,
2001-09-28,0.0,
2001-09-29,0.0,
2001-09-30,0.0,
2001-10-01,0.0,
2001-10-02,0.0,
2001-10-03,0.0,
2001-10-04,0.0,
2001-10-05,0.0,
2001-10-06,0.0,
2001-10-07,0.0,
2001-10-08,0.0,
2001-10-09,0.0,
2001-10-10,0.0,
2001-10-11,0.0,
2001-10-12,0.0,
2001-10-13,0.0,
2001-10-14,0.0,
2001-10-15,0.0,
2001-10-16,0.0,
2001-10-17,0.0,
2001-10-18,0.0,
2001-10-19,0.0,
2001-10-20,0.0,
2001-10-21,0.0,
2001-10-22,0.0,
2001-10-23,0.0,
2001-10-24,0.0,
2001-10-25,0.0,
2001-10-26,0.0,
2001-10-27,0.0,
2001-10-28,0.0,
2001-10-29,0.0,
2001-10-30,0.0,
2001-10-31,0.0,
2001-11-01,0.0,
2001-11-02,0.0,
2001-11-03,0.0,
2001-11-04,0.0,
2001-11-05,0.0,
2001-11-06,0.0,
2001-11-07,0.0,
2001-11-08,0.0,
2001-11-09,0.0,
2001-11-10,0.0,
2001-11-11,0.0,
2001-11-12,0.0,
2001-11-13,0.0,
2001-11-14,0.0,
2001-11-15,0.0,
2001-11-16,0.0,
2001-11-17,0.0,
2001-11-18,0.0,
2001-11-19,0.0,
2001-11-20,0.0,
2001-11-21,0.0,
2001-11-22,0.0,
2001-11-23,0.0,
2001-11-24,0.508,
2001-11-25,3.353,
2001-11-26,4.267,
2001-11-27,4.267,
2001-11-28,4.572,
2001-11-29,9.449,
2001-11-30,10.363,
2001-12-01,13.411,
2001-12-02,21.946,
2001-12-03,31.394,
2001-12-04,31.394,
2001-12-05,32.614,
2001-12-06,34.747,
2001-12-07,34.747,
2001-12-08,34.747,
2001-12-09,34.747,
2001-12-10,34.747,
2001-12-11,34.747,
2001-12-12,34.747,
2001-12-13,35.052,
2001-12-14,39.624,
2001-12-15,39.624,
2001-12-16,39.929,
2001-12-17,43.282,
2001-12-18,43.586,
2001-12-19,46.634,
2001-12-20,49.378,
2001-12-21,49.987,
2001-12-22,50.902,
2001-12-23,55.474,
2001-12-24,55.474,
2001-12-25,55.474,
2001-12-26,55.474,
2001-12-27,55.778,
2001-12-28,55.778,
2001-12-29,55.778,
2001-12-30,55.778,
2001-12-31,55.778,
2002-01-01,55.778,
2002-01-02,55.778,
2002-01-03,55.778,
2002-01-04,55.88,
2002-01-05,55.88,
2002-01-06,55.88,
2002-01-07,55.88,
2002-01-08,55.88,
2002-01-09,55.88,
2002-01-10,55.88,
2002-01-11,55.88,
2002-01-12,55.88,
2002-01-13,55.88,
2002-01-14,55.88,
2002-01-15,55.778,
2002-01-16,55.169,
2002-01-17,55.169,
2002-01-18,53.34,
2002-01-19,53.035,
2002-01-20,52.121,
2002-01-21,51.511,
2002-01-22,50.902,
2002-01-23,50.902,
2002-01-24,50.902,
2002-01-25,50.902,
2002-01-26,50.902,
2002-01-27,50.902,
2002-01-28,50.902,
2002-01-29,50.902,
2002-01-30,50.902,
2002-01-31,50.902,
2002-02-01,50.902,
2002-02-02,49.987,
2002-02-03,49.682,
2002-02-04,49.682,
2002-02-05,49.682,
2002-02-06,49.682,
2002-02-07,49.682,
2002-02-08,50.597,
2002-02-09,51.206,
2002-02-10,51.206,
2002-02-11,51.206,
2002-02-12,53.34,
2002-02-13,54.559,
2002-02-14,55.169,
2002-02-15,55.778,
2002-02-16,55.778,
2002-02-17,55.778,
2002-02-18,55.778,
2002-02-19,55.778,
2002-02-20,59.436,
2002-02-21,62.789,
2002-02-22,63.094,
2002-02-23,63.094,
2002-02-24,63.094,
2002-02-25,63.094,
2002-02-26,63.094,
2002-02-27,63.094,
2002-02-28,62.789,
2002-03-01,62.789,
2002-03-02,62.789,
2002-03-03,63.094,
2002-03-04,62.179,
2002-03-05,61.57,
2002-03-06,61.57,
2002-03-07,61.57,
2002-03-08,61.874,
2002-03-09,61.874,
2002-03-10,62.484,
2002-03-11,62.484,
2002-03-12,62.484,
2002-03-13,62.484,
2002-03-14,56.998,
2002-03-15,56.998,
2002-03-16,56.998,
2002-03-17,56.998,
2002-03-18,56.083,
2002-03-19,55.778,
2002-03-20,55.169,
2002-03-21,54.559,
2002-03-22,51.816,
2002-03-23,52.73,
2002-03-24,55.169,
2002-03-25,54.559,
2002-03-26,53.95,
2002-03-27,53.645,
2002-03-28,53.34,
2002-03-29,53.035,
2002-03-30,51.206,
2002-03-31,49.682,
2002-04-01,47.549,
2002-04-02,46.025,
2002-04-03,44.501,
2002-04-04,43.282,
2002-04-05,41.758,
2002-04-06,38.405,
2002-04-07,36.881,
2002-04-08,35.357,
2002-04-09,32.918,
2002-04-10,30.48,
2002-04-11,28.042,
2002-04-12,25.908,
2002-04-13,24.384,
2002-04-14,23.165,
2002-04-15,20.422,
2002-04-16,17.983,
2002-04-17,17.678,
2002-04-18,17.374,
2002-04-19,17.374,
2002-04-20,17.374,
2002-04-21,17.374,
2002-04-22,17.374,
2002-04-23,17.374,
2002-04-24,16.154,
2002-04-25,14.935,
2002-04-26,13.106,
2002-04-27,11.887,
2002-04-28,11.278,
2002-04-29,11.278,
2002-04-30,11.278,
2002-05-01,11.278,
2002-05-02,11.278,
2002-05-03,11.278,
2002-05-04,10.363,
2002-05-05,8.839,
2002-05-06,7.925,
2002-05-07,6.401,
2002-05-08,5.486,
2002-05-09,4.572,
2002-05-10,3.556,
2002-05-11,2.794,
2002-05-12,1.829,
2002-05-13,0.61,
2002-05-14,0.0,
2002-05-15,0.0,
2002-05-16,0.0,
2002-05-17,0.0,
2002-05-18,0.0,
2002-05-19,0.0,
2002-05-20,0.0,
2002-05-21,0.0,
2002-05-22,0.0,
2002-05-23,0.0,
2002-05-24,0.0,
2002-05-25,0.0,
2002-05-26,0.0,
2002-05-27,0.0,
2002-05-28,0.0,
2002-05-29,0.0,
2002-05-30,0.0,
2002-05-31,0.0,
2002-06-01,0.0,
2002-06-02,0.0,
2002-06-03,0.0,
2002-06-04,0.0,
2002-06-05,0.0,
2002-06-06,0.0,
2002-06-07,0.0,
2002-06-08,0.0,
2002-06-09,0.0,
2002-06-10,0.0,
2002-06-11,0.0,
2002-06-12,0.0,
2002-06-13,0.0,
2002-06-14,0.0,
2002-06-15,0.0,
2002-06-16,0.0,
2002-06-17,0.0,
2002-06-18,0.0,
2002-06-19,0.0,
2002-06-20,0.0,
2002-06-21,0.0,
2002-06-22,0.0,
2002-06-23,0.0,
2002-06-24,0.0,
2002-06-25,0.0,
2002-06-26,0.0,
2002-06-27,0.0,
2002-06-28,0.0,
2002-06-29,0.0,
2002-06-30,0.0,
2002-07-01,0.0,
2002-07-02,0.0,
2002-07-03,0.0,
2002-07-04,0.0,
2002-07-05,0.0,
2002-07-06,0.0,
2002-07-07,0.0,
2002-07-08,0.0,
2002-07-09,0.0,
2002-07-10,0.0,
2002-07-11,0.0,
2002-07-12,0.0,
2002-07-13,0.0,
2002-07-14,0.0,
2002-07-15,0.0,
2002-07-16,0.0,
2002-07-17,0.0,
2002-07-18,0.0,
2002-07-19,0.0,
2002-07-20,0.0,
2002-07-21,0.0,
2002-07-22,0.0,
2002-07-23,0.0,
2002-07-24,0.0,
2002-07-25,0.0,
2002-07-26,0.0,
2002-07-27,0.0,
2002-07-28,0.0,
2002-07-29,0.0,
2002-07-30,0.0,
2002-07-31,0.0,
2002-08-01,0.0,
2002-08-02,0.0,
2002-08-03,0.0,
2002-08-04,0.0,
2002-08-05,0.0,
2002-08-06,0.0,
2002-08-07,0.0,
2002-08-08,0.0,
2002-08-09,0.0,
2002-08-10,0.0,
2002-08-11,0.0,
2002-08-12,0.0,
2002-08-13,0.0,
2002-08-14,0.0,
2002-08-15,0.0,
2002-08-16,0.0,
2002-08-17,0.0,
2002-08-18,0.0,
2002-08-19,0.0,
2002-08-20,0.0,
2002-08-21,0.0,
2002-08-22,0.0,
2002-08-23,0.0,
2002-08-24,0.0,
2002-08-25,0.0,
2002-08-26,0.0,
2002-08-27,0.0,
2002-08-28,0.0,
2002-08-29,0.0,
2002-08-30,0.0,
2002-08-31,0.0,
2002-09-01,0.0,
2002-09-02,0.0,
2002-09-03,0.0,
2002-09-04,0.0,
2002-09-05,0.0,
2002-09-06,0.0,
2002-09-07,0.0,
2002-09-08,0.0,
2002-09-09,0.0,
2002-09-10,0.0,
2002-09-11,0.0,
2002-09-12,0.0,
2002-09-13,0.0,
2002-09-14,0.0,
2002-09-15,0.0,
2002-09-16,0.0,
2002-09-17,0.0,
2002-09-18,0.0,
2002-09-19,0.0,
2002-09-20,0.0,
2002-09-21,0.0,
2002-09-22,0.0,
2002-09-23,0.0,
2002-09-24,0.0,
2002-09-25,0.0,
2002-09-26,0.0,
2002-09-27,0.0,
2002-09-28,0.0,
2002-09-29,0.0,
2002-09-30,0.0,
2002-10-01,0.0,
2002-10-02,0.0,
2002-10-03,0.0,
2002-10-04,0.0,
2002-10-05,0.0,
2002-10-06,0.0,
2002-10-07,0.0,
2002-10-08,0.0,
2002-10-09,0.0,
2002-10-10,0.0,
2002-10-11,0.0,
2002-10-12,0.0,
2002-10-13,0.0,
2002-10-14,0.0,
2002-10-15,0.0,
2002-10-16,0.0,
2002-10-17,0.0,
2002-10-18,0.0,
2002-10-19,0.0,
2002-10-20,0.0,
2002-10-21,0.0,
2002-10-22,0.0,
2002-10-23,0.0,
2002-10-24,0.0,
2002-10-25,0.0,
2002-10-26,0.0,
2002-10-27,0.0,
2002-10-28,0.0,
2002-10-29,0.0,
2002-10-30,0.0,
2002-10-31,0.0,
2002-11-01,0.0,
2002-11-02,0.0,
2002-11-03,0.0,
2002-11-04,0.0,
2002-11-05,0.0,
2002-11-06,0.0,
2002-11-07,0.813,
2002-11-08,0.813,
2002-11-09,0.508,
2002-11-10,2.642,
2002-11-11,4.166,
2002-11-12,3.861,
2002-11-13,3.556,
2002-11-14,3.251,
2002-11-15,2.946,
2002-11-16,2.946,
2002-11-17,2.946,
2002-11-18,2.946,
2002-11-19,2.946,
2002-11-20,2.032,
2002-11-21,0.813,
2002-11-22,0.0,
2002-11-23,0.0,
2002-11-24,0.0,
2002-11-25,0.0,
2002-11-26,0.0,
2002-11-27,0.0,
2002-11-28,0.0,
2002-11-29,0.0,
2002-11-30,0.0,
2002-12-01,0.0,
2002-12-02,0.0,
2002-12-03,0.0,
2002-12-04,0.0,
2002-12-05,0.0,
2002-12-06,0.0,
2002-12-07,0.0,
2002-12-08,0.0,
2002-12-09,0.0,
2002-12-10,0.0,
2002-12-11,0.0,
2002-12-12,0.0,
2002-12-13,3.556,
2002-12-14,2.946,
2002-12-15,5.994,
2002-12-16,20.015,
2002-12-17,21.844,
2002-12-18,21.844,
2002-12-19,22.758,
2002-12-20,27.026,
2002-12-21,35.255,
2002-12-22,35.56,
2002-12-23,35.56,
2002-12-24,35.865,
2002-12-25,36.17,
2002-12-26,37.389,
2002-12-27,42.266,
2002-12-28,38.913,
2002-12-29,44.094,
2002-12-30,46.838,
2002-12-31,54.458,
2003-01-01,57.201,
2003-01-02,57.81,
2003-01-03,58.42,
2003-01-04,58.42,
2003-01-05,58.725,
2003-01-06,58.725,
2003-01-07,59.03,
2003-01-08,59.334,
2003-01-09,59.639,
2003-01-10,60.249,
2003-01-11,60.249,
2003-01-12,60.249,
2003-01-13,60.249,
2003-01-14,60.249,
2003-01-15,60.249,
2003-01-16,60.249,
2003-01-17,60.249,
2003-01-18,60.249,
2003-01-19,60.249,
2003-01-20,60.249,
2003-01-21,60.249,
2003-01-22,60.249,
2003-01-23,59.334,
2003-01-24,58.42,
2003-01-25,57.81,
2003-01-26,57.81,
2003-01-27,57.201,
2003-01-28,56.49,
2003-01-29,55.88,
2003-01-30,54.762,
2003-01-31,53.848,
2003-02-01,53.238,
2003-02-02,53.238,
2003-02-03,53.238,
2003-02-04,53.238,
2003-02-05,52.934,
2003-02-06,52.629,
2003-02-07,52.629,
2003-02-08,52.629,
2003-02-09,52.629,
2003-02-10,52.324,
2003-02-11,52.019,
2003-02-12,51.714,
2003-02-13,51.41,
2003-02-14,51.105,
2003-02-15,51.105,
2003-02-16,53.543,
2003-02-17,57.201,
2003-02-18,58.725,
2003-02-19,59.334,
2003-02-20,60.858,
2003-02-21,61.163,
2003-02-22,62.078,
2003-02-23,62.078,
2003-02-24,62.078,
2003-02-25,62.078,
2003-02-26,62.078,
2003-02-27,62.078,
2003-02-28,62.078,
2003-03-01,62.687,
2003-03-02,62.687,
2003-03-03,62.687,
2003-03-04,62.687,
2003-03-05,62.687,
2003-03-06,64.211,
2003-03-07,63.602,
2003-03-08,62.687,
2003-03-09,59.03,
2003-03-10,58.42,
2003-03-11,57.506,
2003-03-12,55.677,
2003-03-13,54.458,
2003-03-14,53.34,
2003-03-15,55.372,
2003-03-16,59.03,
2003-03-17,59.03,
2003-03-18,59.03,
2003-03-19,59.03,
2003-03-20,59.03,
2003-03-21,59.03,
2003-03-22,58.42,
2003-03-23,57.81,
2003-03-24,57.201,
2003-03-25,56.54,
2003-03-26,55.118,
2003-03-27,53.899,
2003-03-28,52.629,
2003-03-29,51.41,
2003-03-30,50.19,
2003-03-31,48.666,
2003-04-01,45.618,
2003-04-02,44.399,
2003-04-03,43.485,
2003-04-04,48.971,
2003-04-05,50.8,
2003-04-06,52.019,
2003-04-07,52.019,
2003-04-08,52.019,
2003-04-09,51.41,
2003-04-10,48.971,
2003-04-11,47.447,
2003-04-12,44.704,
2003-04-13,50.8,
2003-04-14,55.982,
2003-04-15,57.81,
2003-04-16,58.42,
2003-04-17,59.334,
2003-04-18,60.249,
2003-04-19,59.639,
2003-04-20,59.334,
2003-04-21,58.115,
2003-04-22,58.115,
2003-04-23,57.201,
2003-04-24,57.506,
2003-04-25,58.115,
2003-04-26,62.687,
2003-04-27,66.04,
2003-04-28,67.564,
2003-04-29,72.136,
2003-04-30,78.232,
2003-05-01,79.451,
2003-05-02,78.842,
2003-05-03,77.927,
2003-05-04,75.489,
2003-05-05,74.27,
2003-05-06,73.05,
2003-05-07,72.746,
2003-05-08,72.746,
2003-05-09,72.746,
2003-05-10,73.355,
2003-05-11,72.441,
2003-05-12,70.612,
2003-05-13,66.954,
2003-05-14,64.211,
2003-05-15,62.078,
2003-05-16,58.725,
2003-05-17,56.286,
2003-05-18,54.153,
2003-05-19,53.238,
2003-05-20,51.41,
2003-05-21,48.971,
2003-05-22,46.533,
2003-05-23,41.961,
2003-05-24,37.389,
2003-05-25,29.769,
2003-05-26,24.892,
2003-05-27,18.796,
2003-05-28,12.395,
2003-05-29,5.385,
2003-05-30,1.727,
2003-05-31,0.0,
2003-06-01,0.0,
2003-06-02,0.0,
2003-06-03,0.0,
2003-06-04,0.0,
2003-06-05,0.0,
2003-06-06,0.0,
2003-06-07,0.0,
2003-06-08,0.0,
2003-06-09,0.0,
2003-06-10,0.0,
2003-06-11,0.0,
2003-06-12,0.0,
2003-06-13,0.0,
2003-06-14,0.0,
2003-06-15,0.0,
2003-06-16,0.0,
2003-06-17,0.0,
2003-06-18,0.0,
2003-06-19,0.0,
2003-06-20,0.0,
2003-06-21,0.0,
2003-06-22,0.0,
2003-06-23,0.0,
2003-06-24,0.0,
2003-06-25,0.0,
2003-06-26,0.0,
2003-06-27,0.0,
2003-06-28,0.0,
2003-06-29,0.0,
2003-06-30,0.0,
2003-07-01,0.0,
2003-07-02,0.0,
2003-07-03,0.0,
2003-07-04,0.0,
2003-07-05,0.0,
2003-07-06,0.0,
2003-07-07,0.0,
2003-07-08,0.0,
2003-07-09,0.0,
2003-07-10,0.0,
2003-07-11,0.0,
2003-07-12,0.0,
2003-07-13,0.0,
2003-07-14,0.0,
2003-07-15,0.0,
2003-07-16,0.0,
2003-07-17,0.0,
2003-07-18,0.0,
2003-07-19,0.0,
2003-07-20,0.0,
2003-07-21,0.0,
2003-07-22,0.0,
2003-07-23,0.0,
2003-07-24,0.0,
2003-07-25,0.0,
2003-07-26,0.0,
2003-07-27,0.0,
2003-07-28,0.0,
2003-07-29,0.0,
2003-07-30,0.0,
2003-07-31,0.0,
2003-08-01,0.0,
2003-08-02,0.0,
2003-08-03,0.0,
2003-08-04,0.0,
2003-08-05,0.0,
2003-08-06,0.0,
2003-08-07,0.0,
2003-08-08,0.0,
2003-08-09,0.0,
2003-08-10,0.0,
2003-08-11,0.0,
2003-08-12,0.0,
2003-08-13,0.0,
2003-08-14,0.0,
2003-08-15,0.0,
2003-08-16,0.0,
2003-08-17,0.0,
2003-08-18,0.0,
2003-08-19,0.0,
2003-08-20,0.0,
2003-08-21,0.0,
2003-08-22,0.0,
2003-08-23,0.0,
2003-08-24,0.0,
2003-08-25,0.0,
2003-08-26,0.0,
2003-08-27,0.0,
2003-08-28,0.0,
2003-08-29,0.0,
2003-08-30,0.0,
2003-08-31,0.0,
2003-09-01,0.0,
2003-09-02,0.0,
2003-09-03,0.0,
2003-09-04,0.0,
2003-09-05,0.0,
2003-09-06,0.0,
2003-09-07,0.0,
2003-09-08,0.0,
2003-09-09,0.0,
2003-09-10,0.0,
2003-09-11,0.0,
2003-09-12,0.0,
2003-09-13,0.0,
2003-09-14,0.0,
2003-09-15,0.0,
2003-09-16,0.0,
2003-09-17,0.0,
2003-09-18,0.0,
2003-09-19,0.0,
2003-09-20,0.0,
2003-09-21,0.0,
2003-09-22,0.0,
2003-09-23,0.0,
2003-09-24,0.0,
2003-09-25,0.0,
2003-09-26,0.0,
2003-09-27,0.0,
2003-09-28,0.0,
2003-09-29,0.0,
2003-09-30,0.0,
2003-10-01,0.0,
2003-10-02,0.0,
2003-10-03,0.0,
2003-10-04,0.0,
2003-10-05,0.0,
2003-10-06,0.0,
2003-10-07,0.0,
2003-10-08,0.0,
2003-10-09,0.0,
2003-10-10,0.0,
2003-10-11,0.0,
2003-10-12,0.0,
2003-10-13,0.0,
2003-10-14,0.0,
2003-10-15,0.0,
2003-10-16,0.0,
2003-10-17,0.0,
2003-10-18,0.0,
2003-10-19,0.0,
2003-10-20,0.0,
2003-10-21,0.0,
2003-10-22,0.0,
2003-10-23,0.0,
2003-10-24,0.0,
2003-10-25,0.0,
2003-10-26,0.0,
2003-10-27,0.0,
2003-10-28,0.0,
2003-10-29,0.0,
2003-10-30,0.0,
2003-10-31,0.0,
2003-11-01,0.0,
2003-11-02,0.0,
2003-11-03,1.118,
2003-11-04,1.422,
2003-11-05,2.032,
2003-11-06,2.032,
2003-11-07,2.54,
2003-11-08,2.54,
2003-11-09,3.556,
2003-11-10,5.69,
2003-11-11,5.69,
2003-11-12,5.69,
2003-11-13,5.69,
2003-11-14,5.69,
2003-11-15,9.347,
2003-11-16,9.347,
2003-11-17,9.347,
2003-11-18,9.347,
2003-11-19,9.347,
2003-11-20,9.347,
2003-11-21,9.347,
2003-11-22,9.347,
2003-11-23,9.347,
2003-11-24,9.347,
2003-11-25,9.347,
2003-11-26,9.347,
2003-11-27,9.347,
2003-11-28,9.347,
2003-11-29,9.347,
2003-11-30,9.347,
2003-12-01,9.347,
2003-12-02,9.347,
2003-12-03,9.347,
2003-12-04,9.347,
2003-12-05,8.738,
2003-12-06,6.909,
2003-12-07,5.994,
2003-12-08,5.994,
2003-12-09,5.994,
2003-12-10,9.042,
2003-12-11,11.176,
2003-12-12,12.09,
2003-12-13,13.005,
2003-12-14,15.138,
2003-12-15,15.138,
2003-12-16,15.138,
2003-12-17,15.138,
2003-12-18,15.443,
2003-12-19,16.053,
2003-12-20,17.272,
2003-12-21,16.358,
2003-12-22,16.053,
2003-12-23,16.053,
2003-12-24,24.587,
2003-12-25,27.33,
2003-12-26,27.635,
2003-12-27,27.33,
2003-12-28,28.55,
2003-12-29,32.207,
2003-12-30,39.827,
2003-12-31,41.046,
2004-01-01,46.838,
2004-01-02,52.934,
2004-01-03,54.762,
2004-01-04,55.372,
2004-01-05,55.677,
2004-01-06,56.591,
2004-01-07,58.725,
2004-01-08,60.554,
2004-01-09,60.554,
2004-01-10,60.554,
2004-01-11,60.554,
2004-01-12,60.554,
2004-01-13,61.163,
2004-01-14,61.773,
2004-01-15,62.687,
2004-01-16,62.992,
2004-01-17,63.602,
2004-01-18,64.211,
2004-01-19,64.516,
2004-01-20,64.821,
2004-01-21,65.126,
2004-01-22,65.126,
2004-01-23,65.43,
2004-01-24,66.954,
2004-01-25,66.954,
2004-01-26,66.954,
2004-01-27,69.698,
2004-01-28,72.136,
2004-01-29,73.05,
2004-01-30,73.355,
2004-01-31,73.66,
2004-02-01,74.27,
2004-02-02,75.794,
2004-02-03,80.061,
2004-02-04,81.585,
2004-02-05,81.89,
2004-02-06,82.499,
2004-02-07,84.023,
2004-02-08,84.328,
2004-02-09,84.938,
2004-02-10,84.938,
2004-02-11,84.938,
2004-02-12,85.242,
2004-02-13,85.242,
2004-02-14,85.242,
2004-02-15,85.242,
2004-02-16,85.242,
2004-02-17,86.462,
2004-02-18,87.681,
2004-02-19,88.29,
2004-02-20,89.205,
2004-02-21,91.034,
2004-02-22,92.253,
2004-02-23,93.472,
2004-02-24,95.301,
2004-02-25,100.787,
2004-02-26,111.15,
2004-02-27,119.685,
2004-02-28,121.514,
2004-02-29,122.733,
2004-03-01,125.171,
2004-03-02,127.0,
2004-03-03,127.0,
2004-03-04,127.0,
2004-03-05,127.0,
2004-03-06,127.0,
2004-03-07,127.0,
2004-03-08,127.0,
2004-03-09,126.695,
2004-03-10,126.39,
2004-03-11,125.781,
2004-03-12,124.866,
2004-03-13,123.647,
2004-03-14,123.342,
2004-03-15,122.428,
2004-03-16,120.904,
2004-03-17,119.685,
2004-03-18,118.77,
2004-03-19,116.637,
2004-03-20,115.722,
2004-03-21,115.113,
2004-03-22,113.589,
2004-03-23,112.674,
2004-03-24,109.626,
2004-03-25,108.102,
2004-03-26,111.15,
2004-03-27,114.503,
2004-03-28,115.722,
2004-03-29,115.113,
2004-03-30,113.284,
2004-03-31,111.76,
2004-04-01,110.846,
2004-04-02,110.541,
2004-04-03,110.541,
2004-04-04,107.188,
2004-04-05,105.664,
2004-04-06,103.835,
2004-04-07,102.921,
2004-04-08,102.006,
2004-04-09,99.873,
2004-04-10,98.349,
2004-04-11,95.301,
2004-04-12,93.472,
2004-04-13,90.119,
2004-04-14,87.681,
2004-04-15,88.9,
2004-04-16,89.51,
2004-04-17,89.51,
2004-04-18,89.51,
2004-04-19,91.643,
2004-04-20,97.434,
2004-04-21,98.654,
2004-04-22,98.349,
2004-04-23,97.13,
2004-04-24,96.215,
2004-04-25,94.082,
2004-04-26,91.643,
2004-04-27,89.205,
2004-04-28,86.157,
2004-04-29,83.718,
2004-04-30,81.28,
2004-05-01,78.537,
2004-05-02,75.794,
2004-05-03,71.831,
2004-05-04,66.345,
2004-05-05,59.944,
2004-05-06,54.762,
2004-05-07,51.105,
2004-05-08,47.447,
2004-05-09,44.094,
2004-05-10,41.351,
2004-05-11,39.218,
2004-05-12,37.998,
2004-05-13,34.95,
2004-05-14,30.683,
2004-05-15,26.416,
2004-05-16,21.844,
2004-05-17,17.272,
2004-05-18,13.31,
2004-05-19,9.652,
2004-05-20,5.69,
2004-05-21,4.47,
2004-05-22,0.0,
2004-05-23,0.0,
2004-05-24,0.0,
2004-05-25,0.0,
2004-05-26,0.0,
2004-05-27,0.0,
2004-05-28,0.0,
2004-05-29,0.0,
2004-05-30,0.0,
2004-05-31,0.0,
2004-06-01,0.0,
2004-06-02,0.0,
2004-06-03,0.0,
2004-06-04,0.0,
2004-06-05,0.0,
2004-06-06,0.0,
2004-06-07,0.0,
2004-06-08,0.0,
2004-06-09,0.0,
2004-06-10,0.0,
2004-06-11,0.0,
2004-06-12,0.0,
2004-06-13,0.0,
2004-06-14,0.0,
2004-06-15,0.0,
2004-06-16,0.0,
2004-06-17,0.0,
2004-06-18,0.0,
2004-06-19,0.0,
2004-06-20,0.0,
2004-06-21,0.0,
2004-06-22,0.0,
2004-06-23,0.0,
2004-06-24,0.0,
2004-06-25,0.0,
2004-06-26,0.0,
2004-06-27,0.0,
2004-06-28,0.0,
2004-06-29,0.0,
2004-06-30,0.0,
2004-07-01,0.0,
2004-07-02,0.0,
2004-07-03,0.0,
2004-07-04,0.0,
2004-07-05,0.0,
2004-07-06,0.0,
2004-07-07,0.0,
2004-07-08,0.0,
2004-07-09,0.0,
2004-07-10,0.0,
2004-07-11,0.0,
2004-07-12,0.0,
2004-07-13,0.0,
2004-07-14,0.0,
2004-07-15,0.0,
2004-07-16,0.0,
2004-07-17,0.0,
2004-07-18,0.0,
2004-07-19,0.0,
2004-07-20,0.0,
2004-07-21,0.0,
2004-07-22,0.0,
2004-07-23,0.0,
2004-07-24,0.0,
2004-07-25,0.0,
2004-07-26,0.0,
2004-07-27,0.0,
2004-07-28,0.0,
2004-07-29,0.0,
2004-07-30,0.0,
2004-07-31,0.0,
2004-08-01,0.0,
2004-08-02,0.0,
2004-08-03,0.0,
2004-08-04,0.0,
2004-08-05,0.0,
2004-08-06,0.0,
2004-08-07,0.0,
2004-08-08,0.0,
2004-08-09,0.0,
2004-08-10,0.0,
2004-08-11,0.0,
2004-08-12,0.0,
2004-08-13,0.0,
2004-08-14,0.0,
2004-08-15,0.0,
2004-08-16,0.0,
2004-08-17,0.0,
2004-08-18,0.0,
2004-08-19,0.0,
2004-08-20,0.0,
2004-08-21,0.0,
2004-08-22,0.0,
2004-08-23,0.0,
2004-08-24,0.0,
2004-08-25,0.0,
2004-08-26,0.0,
2004-08-27,0.0,
2004-08-28,0.0,
2004-08-29,0.0,
2004-08-30,0.0,
2004-08-31,0.0,
2004-09-01,0.0,
2004-09-02,0.0,
2004-09-03,0.0,
2004-09-04,0.0,
2004-09-05,0.0,
2004-09-06,0.0,
2004-09-07,0.0,
2004-09-08,0.0,
2004-09-09,0.0,
2004-09-10,0.0,
2004-09-11,0.0,
2004-09-12,0.0,
2004-09-13,0.0,
2004-09-14,0.0,
2004-09-15,0.0,
2004-09-16,0.0,
2004-09-17,0.0,
2004-09-18,0.0,
2004-09-19,0.0,
2004-09-20,0.0,
2004-09-21,0.0,
2004-09-22,0.0,
2004-09-23,0.0,
2004-09-24,0.0,
2004-09-25,0.0,
2004-09-26,0.0,
2004-09-27,0.0,
2004-09-28,0.0,
2004-09-29,0.0,
2004-09-30,0.0,
2004-10-01,0.0,
2004-10-02,0.0,
2004-10-03,0.0,
2004-10-04,0.0,
2004-10-05,0.0,
2004-10-06,0.0,
2004-10-07,0.0,
2004-10-08,0.0,
2004-10-09,0.0,
2004-10-10,0.0,
2004-10-11,0.0,
2004-10-12,0.0,
2004-10-13,0.0,
2004-10-14,0.0,
2004-10-15,0.0,
2004-10-16,0.0,
2004-10-17,0.0,
2004-10-18,0.0,
2004-10-19,0.457,
2004-10-20,3.81,
2004-10-21,4.318,
2004-10-22,5.334,
2004-10-23,5.334,
2004-10-24,5.334,
2004-10-25,5.639,
2004-10-26,7.468,
2004-10-27,8.992,
2004-10-28,9.601,
2004-10-29,9.906,
2004-10-30,9.296,
2004-10-31,8.382,
2004-11-01,7.468,
2004-11-02,7.163,
2004-11-03,9.601,
2004-11-04,9.601,
2004-11-05,9.906,
2004-11-06,7.772,
2004-11-07,7.468,
2004-11-08,7.468,
2004-11-09,7.163,
2004-11-10,5.639,
2004-11-11,4.724,
2004-11-12,4.42,
2004-11-13,4.115,
2004-11-14,4.115,
2004-11-15,3.505,
2004-11-16,3.124,
2004-11-17,2.286,
2004-11-18,0.0,
2004-11-19,0.0,
2004-11-20,0.0,
2004-11-21,0.0,
2004-11-22,0.0,
2004-11-23,0.0,
2004-11-24,0.0,
2004-11-25,0.0,
2004-11-26,0.0,
2004-11-27,2.591,
2004-11-28,2.591,
2004-11-29,2.286,
2004-11-30,2.286,
2004-12-01,2.286,
2004-12-02,1.981,
2004-12-03,1.676,
2004-12-04,1.372,
2004-12-05,1.067,
2004-12-06,1.676,
2004-12-07,6.553,
2004-12-08,15.697,
2004-12-09,19.964,
2004-12-10,19.964,
2004-12-11,19.964,
2004-12-12,19.964,
2004-12-13,19.964,
2004-12-14,19.964,
2004-12-15,19.964,
2004-12-16,19.964,
2004-12-17,19.964,
2004-12-18,19.964,
2004-12-19,19.964,
2004-12-20,19.964,
2004-12-21,19.964,
2004-12-22,19.964,
2004-12-23,19.964,
2004-12-24,19.964,
2004-12-25,19.964,
2004-12-26,19.964,
2004-12-27,22.098,
2004-12-28,23.012,
2004-12-29,25.146,
2004-12-30,31.242,
2004-12-31,35.814,
2005-01-01,41.605,
2005-01-02,49.835,
2005-01-03,52.883,
2005-01-04,53.492,
2005-01-05,53.797,
2005-01-06,54.102,
2005-01-07,54.712,
2005-01-08,59.893,
2005-01-09,69.647,
2005-01-10,75.438,
2005-01-11,75.438,
2005-01-12,76.657,
2005-01-13,76.657,
2005-01-14,76.657,
2005-01-15,76.657,
2005-01-16,76.657,
2005-01-17,76.657,
2005-01-18,76.657,
2005-01-19,76.657,
2005-01-20,76.657,
2005-01-21,76.657,
2005-01-22,76.657,
2005-01-23,76.657,
2005-01-24,76.657,
2005-01-25,76.657,
2005-01-26,76.657,
2005-01-27,76.657,
2005-01-28,80.62,
2005-01-29,92.812,
2005-01-30,95.86,
2005-01-31,95.86,
2005-02-01,95.86,
2005-02-02,95.86,
2005-02-03,95.86,
2005-02-04,95.86,
2005-02-05,95.86,
2005-02-06,95.86,
2005-02-07,95.86,
2005-02-08,95.86,
2005-02-09,95.86,
2005-02-10,95.86,
2005-02-11,95.86,
2005-02-12,95.86,
2005-02-13,97.079,
2005-02-14,98.908,
2005-02-15,98.908,
2005-02-16,99.822,
2005-02-17,100.127,
2005-02-18,100.432,
2005-02-19,100.432,
2005-02-20,100.432,
2005-02-21,103.48,
2005-02-22,103.48,
2005-02-23,103.48,
2005-02-24,103.48,
2005-02-25,103.48,
2005-02-26,103.48,
2005-02-27,103.48,
2005-02-28,104.089,
2005-03-01,107.137,
2005-03-02,111.404,
2005-03-03,111.404,
2005-03-04,112.624,
2005-03-05,112.624,
2005-03-06,112.624,
2005-03-07,112.624,
2005-03-08,112.319,
2005-03-09,111.404,
2005-03-10,110.185,
2005-03-11,108.356,
2005-03-12,106.528,
2005-03-13,105.918,
2005-03-14,105.41,
2005-03-15,104.902,
2005-03-16,104.648,
2005-03-17,104.394,
2005-03-18,104.089,
2005-03-19,104.089,
2005-03-20,105.918,
2005-03-21,109.576,
2005-03-22,114.452,
2005-03-23,120.548,
2005-03-24,122.377,
2005-03-25,123.596,
2005-03-26,124.206,
2005-03-27,124.816,
2005-03-28,126.34,
2005-03-29,127.254,
2005-03-30,129.388,
2005-03-31,130.302,
2005-04-01,130.302,
2005-04-02,130.302,
2005-04-03,130.048,
2005-04-04,130.048,
2005-04-05,129.794,
2005-04-06,129.692,
2005-04-07,129.032,
2005-04-08,128.473,
2005-04-09,133.045,
2005-04-10,133.045,
2005-04-11,133.045,
2005-04-12,132.588,
2005-04-13,131.826,
2005-04-14,131.826,
2005-04-15,131.826,
2005-04-16,131.216,
2005-04-17,129.54,
2005-04-18,127.0,
2005-04-19,124.46,
2005-04-20,122.072,
2005-04-21,121.463,
2005-04-22,118.72,
2005-04-23,115.672,
2005-04-24,111.404,
2005-04-25,109.88,
2005-04-26,108.356,
2005-04-27,105.918,
2005-04-28,103.784,
2005-04-29,101.346,
2005-04-30,98.908,
2005-05-01,96.469,
2005-05-02,92.812,
2005-05-03,90.373,
2005-05-04,86.716,
2005-05-05,82.753,
2005-05-06,79.4,
2005-05-07,75.743,
2005-05-08,72.39,
2005-05-09,69.952,
2005-05-10,70.561,
2005-05-11,72.695,
2005-05-12,72.695,
2005-05-13,71.171,
2005-05-14,67.513,
2005-05-15,63.551,
2005-05-16,57.76,
2005-05-17,54.102,
2005-05-18,54.407,
2005-05-19,54.407,
2005-05-20,51.968,
2005-05-21,49.225,
2005-05-22,46.177,
2005-05-23,42.52,
2005-05-24,38.862,
2005-05-25,35.204,
2005-05-26,30.632,
2005-05-27,25.756,
2005-05-28,22.098,
2005-05-29,14.783,
2005-05-30,12.04,
2005-05-31,6.248,
2005-06-01,2.286,
2005-06-02,0.0,
2005-06-03,0.0,
2005-06-04,0.0,
2005-06-05,0.0,
2005-06-06,0.0,
2005-06-07,0.0,
2005-06-08,0.0,
2005-06-09,0.0,
2005-06-10,0.0,
2005-06-11,0.0,
2005-06-12,0.0,
2005-06-13,0.0,
2005-06-14,0.0,
2005-06-15,0.0,
2005-06-16,0.0,
2005-06-17,0.0,
2005-06-18,0.0,
2005-06-19,0.0,
2005-06-20,0.0,
2005-06-21,0.0,
2005-06-22,0.0,
2005-06-23,0.0,
2005-06-24,0.0,
2005-06-25,0.0,
2005-06-26,0.0,
2005-06-27,0.0,
2005-06-28,0.0,
2005-06-29,0.0,
2005-06-30,0.0,
2005-07-01,0.0,
2005-07-02,0.0,
2005-07-03,0.0,
2005-07-04,0.0,
2005-07-05,0.0,
2005-07-06,0.0,
2005-07-07,0.0,
2005-07-08,0.0,
2005-07-09,0.0,
2005-07-10,0.0,
2005-07-11,0.0,
2005-07-12,0.0,
2005-07-13,0.0,
2005-07-14,0.0,
2005-07-15,0.0,
2005-07-16,0.0,
2005-07-17,0.0,
2005-07-18,0.0,
2005-07-19,0.0,
2005-07-20,0.0,
2005-07-21,0.0,
2005-07-22,0.0,
2005-07-23,0.0,
2005-07-24,0.0,
2005-07-25,0.0,
2005-07-26,0.0,
2005-07-27,0.0,
2005-07-28,0.0,
2005-07-29,0.0,
2005-07-30,0.0,
2005-07-31,0.0,
2005-08-01,0.0,
2005-08-02,0.0,
2005-08-03,0.0,
2005-08-04,0.0,
2005-08-05,0.0,
2005-08-06,0.0,
2005-08-07,0.0,
2005-08-08,0.0,
2005-08-09,0.0,
2005-08-10,0.0,
2005-08-11,0.0,
2005-08-12,0.0,
2005-08-13,0.0,
2005-08-14,0.0,
2005-08-15,0.0,
2005-08-16,0.0,
2005-08-17,0.0,
2005-08-18,0.0,
2005-08-19,0.0,
2005-08-20,0.0,
2005-08-21,0.0,
2005-08-22,0.0,
2005-08-23,0.0,
2005-08-24,0.0,
2005-08-25,0.0,
2005-08-26,0.0,
2005-08-27,0.0,
2005-08-28,0.0,
2005-08-29,0.0,
2005-08-30,0.0,
2005-08-31,0.0,
2005-09-01,0.0,
2005-09-02,0.0,
2005-09-03,0.0,
2005-09-04,0.0,
2005-09-05,0.0,
2005-09-06,0.0,
2005-09-07,0.0,
2005-09-08,0.0,
2005-09-09,0.0,
2005-09-10,0.0,
2005-09-11,0.0,
2005-09-12,0.0,
2005-09-13,0.0,
2005-09-14,0.0,
2005-09-15,0.0,
2005-09-16,0.0,
2005-09-17,0.0,
2005-09-18,0.0,
2005-09-19,0.0,
2005-09-20,0.0,
2005-09-21,0.0,
2005-09-22,0.0,
2005-09-23,0.0,
2005-09-24,0.0,
2005-09-25,0.0,
2005-09-26,0.0,
2005-09-27,0.0,
2005-09-28,0.0,
2005-09-29,0.0,
2005-09-30,0.0,
2005-10-01,0.0,
2005-10-02,0.0,
2005-10-03,0.0,
2005-10-04,0.0,
2005-10-05,0.0,
2005-10-06,0.0,
2005-10-07,0.0,
2005-10-08,0.0,
2005-10-09,0.0,
2005-10-10,0.0,
2005-10-11,0.0,
2005-10-12,0.0,
2005-10-13,0.0,
2005-10-14,0.0,
2005-10-15,0.0,
2005-10-16,0.0,
2005-10-17,0.0,
2005-10-18,0.0,
2005-10-19,0.0,
2005-10-20,0.0,
2005-10-21,0.0,
2005-10-22,0.0,
2005-10-23,0.0,
2005-10-24,0.0,
2005-10-25,0.0,
2005-10-26,0.0,
2005-10-27,0.0,
2005-10-28,0.0,
2005-10-29,0.0,
2005-10-30,0.0,
2005-10-31,0.0,
2005-11-01,0.0,
2005-11-02,0.0,
2005-11-03,0.0,
2005-11-04,4.115,
2005-11-05,3.81,
2005-11-06,3.505,
2005-11-07,0.152,
2005-11-08,2.896,
2005-11-09,2.896,
2005-11-10,2.591,
2005-11-11,1.981,
2005-11-12,0.762,
2005-11-13,0.0,
2005-11-14,0.0,
2005-11-15,0.0,
2005-11-16,0.0,
2005-11-17,0.0,
2005-11-18,0.0,
2005-11-19,0.0,
2005-11-20,0.0,
2005-11-21,0.0,
2005-11-22,0.0,
2005-11-23,0.0,
2005-11-24,0.0,
2005-11-25,0.0,
2005-11-26,0.0,
2005-11-27,0.0,
2005-11-28,1.676,
2005-11-29,2.286,
2005-11-30,2.54,
2005-12-01,6.858,
2005-12-02,6.858,
2005-12-03,6.858,
2005-12-04,6.858,
2005-12-05,6.858,
2005-12-06,6.858,
2005-12-07,7.163,
2005-12-08,8.992,
2005-12-09,8.992,
2005-12-10,8.992,
2005-12-11,8.992,
2005-12-12,8.992,
2005-12-13,8.992,
2005-12-14,9.601,
2005-12-15,11.735,
2005-12-16,13.259,
2005-12-17,15.088,
2005-12-18,16.358,
2005-12-19,16.358,
2005-12-20,16.307,
2005-12-21,14.478,
2005-12-22,11.43,
2005-12-23,7.468,
2005-12-24,5.639,
2005-12-25,4.724,
2005-12-26,5.029,
2005-12-27,6.553,
2005-12-28,12.7,
2005-12-29,13.259,
2005-12-30,13.868,
2005-12-31,16.612,
2006-01-01,16.612,
2006-01-02,23.927,
2006-01-03,24.232,
2006-01-04,30.48,
2006-01-05,30.48,
2006-01-06,30.48,
2006-01-07,30.48,
2006-01-08,30.48,
2006-01-09,30.48,
2006-01-10,30.632,
2006-01-11,33.071,
2006-01-12,33.071,
2006-01-13,33.376,
2006-01-14,35.814,
2006-01-15,38.862,
2006-01-16,38.862,
2006-01-17,39.776,
2006-01-18,43.18,
2006-01-19,44.348,
2006-01-20,44.348,
2006-01-21,44.958,
2006-01-22,45.263,
2006-01-23,45.263,
2006-01-24,45.568,
2006-01-25,45.263,
2006-01-26,46.177,
2006-01-27,48.311,
2006-01-28,50.14,
2006-01-29,53.797,
2006-01-30,54.712,
2006-01-31,56.236,
2006-02-01,57.455,
2006-02-02,57.455,
2006-02-03,57.455,
2006-02-04,57.455,
2006-02-05,57.455,
2006-02-06,57.455,
2006-02-07,57.455,
2006-02-08,57.76,
2006-02-09,58.369,
2006-02-10,58.369,
2006-02-11,58.369,
2006-02-12,58.369,
2006-02-13,58.979,
2006-02-14,58.979,
2006-02-15,58.674,
2006-02-16,58.369,
2006-02-17,59.284,
2006-02-18,60.503,
2006-02-19,60.503,
2006-02-20,60.503,
2006-02-21,60.503,
2006-02-22,60.503,
2006-02-23,60.503,
2006-02-24,60.503,
2006-02-25,60.503,
2006-02-26,60.503,
2006-02-27,63.551,
2006-02-28,65.989,
2006-03-01,70.561,
2006-03-02,81.534,
2006-03-03,81.534,
2006-03-04,81.534,
2006-03-05,83.058,
2006-03-06,92.812,
2006-03-07,98.298,
2006-03-08,99.517,
2006-03-09,100.432,
2006-03-10,100.736,
2006-03-11,102.26,
2006-03-12,102.87,
2006-03-13,103.175,
2006-03-14,107.442,
2006-03-15,110.49,
2006-03-16,115.976,
2006-03-17,124.206,
2006-03-18,125.12,
2006-03-19,125.73,
2006-03-20,126.035,
2006-03-21,127.254,
2006-03-22,128.168,
2006-03-23,129.083,
2006-03-24,130.607,
2006-03-25,134.264,
2006-03-26,134.874,
2006-03-27,135.179,
2006-03-28,137.312,
2006-03-29,142.799,
2006-03-30,144.323,
2006-03-31,147.371,
2006-04-01,153.162,
2006-04-02,156.82,
2006-04-03,161.087,
2006-04-04,166.878,
2006-04-05,168.097,
2006-04-06,169.316,
2006-04-07,170.84,
2006-04-08,172.364,
2006-04-09,174.803,
2006-04-10,177.851,
2006-04-11,179.984,
2006-04-12,179.984,
2006-04-13,189.738,
2006-04-14,190.957,
2006-04-15,190.652,
2006-04-16,201.93,
2006-04-17,201.93,
2006-04-18,201.93,
2006-04-19,201.93,
2006-04-20,201.93,
2006-04-21,201.625,
2006-04-22,200.711,
2006-04-23,199.796,
2006-04-24,198.577,
2006-04-25,196.748,
2006-04-26,194.31,
2006-04-27,192.532,
2006-04-28,188.468,
2006-04-29,184.15,
2006-04-30,180.34,
2006-05-01,176.022,
2006-05-02,170.536,
2006-05-03,167.792,
2006-05-04,162.916,
2006-05-05,160.477,
2006-05-06,158.039,
2006-05-07,155.448,
2006-05-08,154.686,
2006-05-09,153.467,
2006-05-10,151.638,
2006-05-11,148.895,
2006-05-12,145.542,
2006-05-13,142.799,
2006-05-14,140.36,
2006-05-15,137.312,
2006-05-16,134.569,
2006-05-17,131.521,
2006-05-18,129.083,
2006-05-19,122.682,
2006-05-20,117.196,
2006-05-21,111.709,
2006-05-22,109.88,
2006-05-23,106.223,
2006-05-24,103.48,
2006-05-25,100.736,
2006-05-26,98.298,
2006-05-27,95.25,
2006-05-28,93.421,
2006-05-29,91.897,
2006-05-30,87.325,
2006-05-31,83.058,
2006-06-01,78.181,
2006-06-02,74.828,
2006-06-03,68.428,
2006-06-04,62.027,
2006-06-05,55.626,
2006-06-06,50.749,
2006-06-07,44.958,
2006-06-08,37.948,
2006-06-09,31.852,
2006-06-10,26.06,
2006-06-11,19.66,
2006-06-12,12.04,
2006-06-13,5.334,
2006-06-14,3.302,
2006-06-15,0.0,
2006-06-16,0.0,
2006-06-17,0.0,
2006-06-18,0.0,
2006-06-19,0.0,
2006-06-20,0.0,
2006-06-21,0.0,
2006-06-22,0.0,
2006-06-23,0.0,
2006-06-24,0.0,
2006-06-25,0.0,
2006-06-26,0.0,
2006-06-27,0.0,
2006-06-28,0.0,
2006-06-29,0.0,
2006-06-30,0.0,
2006-07-01,0.0,
2006-07-02,0.0,
2006-07-03,0.0,
2006-07-04,0.0,
2006-07-05,0.0,
2006-07-06,0.0,
2006-07-07,0.0,
2006-07-08,0.0,
2006-07-09,0.0,
2006-07-10,0.0,
2006-07-11,0.0,
2006-07-12,0.0,
2006-07-13,0.0,
2006-07-14,0.0,
2006-07-15,0.0,
2006-07-16,0.0,
2006-07-17,0.0,
2006-07-18,0.0,
2006-07-19,0.0,
2006-07-20,0.0,
2006-07-21,0.0,
2006-07-22,0.0,
2006-07-23,0.0,
2006-07-24,0.0,
2006-07-25,0.0,
2006-07-26,0.0,
2006-07-27,0.0,
2006-07-28,0.0,
2006-07-29,0.0,
2006-07-30,0.0,
2006-07-31,0.0,
2006-08-01,0.0,
2006-08-02,0.0,
2006-08-03,0.0,
2006-08-04,0.0,
2006-08-05,0.0,
2006-08-06,0.0,
2006-08-07,0.0,
2006-08-08,0.0,
2006-08-09,0.0,
2006-08-10,0.0,
2006-08-11,0.0,
2006-08-12,0.0,
2006-08-13,0.0,
2006-08-14,0.0,
2006-08-15,0.0,
2006-08-16,0.0,
2006-08-17,0.0,
2006-08-18,0.0,
2006-08-19,0.0,
2006-08-20,0.0,
2006-08-21,0.0,
2006-08-22,0.0,
2006-08-23,0.0,
2006-08-24,0.0,
2006-08-25,0.0,
2006-08-26,0.0,
2006-08-27,0.0,
2006-08-28,0.0,
2006-08-29,0.0,
2006-08-30,0.0,
2006-08-31,0.0,
2006-09-01,0.0,
2006-09-02,0.0,
2006-09-03,0.0,
2006-09-04,0.0,
2006-09-05,0.0,
2006-09-06,0.0,
2006-09-07,0.0,
2006-09-08,0.0,
2006-09-09,0.0,
2006-09-10,0.0,
2006-09-11,0.0,
2006-09-12,0.0,
2006-09-13,0.0,
2006-09-14,0.0,
2006-09-15,0.0,
2006-09-16,0.0,
2006-09-17,0.0,
2006-09-18,0.0,
2006-09-19,0.0,
2006-09-20,0.0,
2006-09-21,0.0,
2006-09-22,0.0,
2006-09-23,0.0,
2006-09-24,0.0,
2006-09-25,0.0,
2006-09-26,0.0,
2006-09-27,0.0,
2006-09-28,0.0,
2006-09-29,0.0,
2006-09-30,0.0,
2006-10-01,0.0,
2006-10-02,0.0,
2006-10-03,0.0,
2006-10-04,0.0,
2006-10-05,0.0,
2006-10-06,0.0,
2006-10-07,0.0,
2006-10-08,0.0,
2006-10-09,0.0,
2006-10-10,0.0,
2006-10-11,0.0,
2006-10-12,0.0,
2006-10-13,0.0,
2006-10-14,0.0,
2006-10-15,0.0,
2006-10-16,0.0,
2006-10-17,0.0,
2006-10-18,0.0,
2006-10-19,0.0,
2006-10-20,0.0,
2006-10-21,0.0,
2006-10-22,0.0,
2006-10-23,0.0,
2006-10-24,0.0,
2006-10-25,0.0,
2006-10-26,0.0,
2006-10-27,0.0,
2006-10-28,0.0,
2006-10-29,0.0,
2006-10-30,0.0,
2006-10-31,0.0,
2006-11-01,0.0,
2006-11-02,0.0,
2006-11-03,0.0,
2006-11-04,0.0,
2006-11-05,0.0,
2006-11-06,0.0,
2006-11-07,0.0,
2006-11-08,0.0,
2006-11-09,0.0,
2006-11-10,0.0,
2006-11-11,0.0,
2006-11-12,0.0,
2006-11-13,3.81,
2006-11-14,5.029,
2006-11-15,4.724,
2006-11-16,4.115,
2006-11-17,0.0,
2006-11-18,0.0,
2006-11-19,0.0,
2006-11-20,0.0,
2006-11-21,0.0,
2006-11-22,0.0,
2006-11-23,1.676,
2006-11-24,1.676,
2006-11-25,1.676,
2006-11-26,1.676,
2006-11-27,3.2,
2006-11-28,3.2,
2006-11-29,3.2,
2006-11-30,3.2,
2006-12-01,3.2,
2006-12-02,3.2,
2006-12-03,3.2,
2006-12-04,3.505,
2006-12-05,3.505,
2006-12-06,3.505,
2006-12-07,4.42,
2006-12-08,4.115,
2006-12-09,4.724,
2006-12-10,5.588,
2006-12-11,7.62,
2006-12-12,7.62,
2006-12-13,7.62,
2006-12-14,7.62,
2006-12-15,7.62,
2006-12-16,7.772,
2006-12-17,8.382,
2006-12-18,8.382,
2006-12-19,8.382,
2006-12-20,8.382,
2006-12-21,11.176,
2006-12-22,11.125,
2006-12-23,11.125,
2006-12-24,10.82,
2006-12-25,10.82,
2006-12-26,10.82,
2006-12-27,13.716,
2006-12-28,16.916,
2006-12-29,17.221,
2006-12-30,17.526,
2006-12-31,18.136,
2007-01-01,18.745,
2007-01-02,20.269,
2007-01-03,20.879,
2007-01-04,26.06,
2007-01-05,26.06,
2007-01-06,26.06,
2007-01-07,26.06,
2007-01-08,26.06,
2007-01-09,26.06,
2007-01-10,26.06,
2007-01-11,26.06,
2007-01-12,26.06,
2007-01-13,26.06,
2007-01-14,26.06,
2007-01-15,26.06,
2007-01-16,25.451,
2007-01-17,25.146,
2007-01-18,24.841,
2007-01-19,24.841,
2007-01-20,24.536,
2007-01-21,24.536,
2007-01-22,24.536,
2007-01-23,24.536,
2007-01-24,24.536,
2007-01-25,24.536,
2007-01-26,24.536,
2007-01-27,24.232,
2007-01-28,24.232,
2007-01-29,24.232,
2007-01-30,24.232,
2007-01-31,24.232,
2007-02-01,24.232,
2007-02-02,24.232,
2007-02-03,24.232,
2007-02-04,24.232,
2007-02-05,23.927,
2007-02-06,23.927,
2007-02-07,23.927,
2007-02-08,23.927,
2007-02-09,23.927,
2007-02-10,23.927,
2007-02-11,24.536,
2007-02-12,24.536,
2007-02-13,24.536,
2007-02-14,24.536,
2007-02-15,24.536,
2007-02-16,24.536,
2007-02-17,24.536,
2007-02-18,24.536,
2007-02-19,24.536,
2007-02-20,24.536,
2007-02-21,27.584,
2007-02-22,38.557,
2007-02-23,42.824,
2007-02-24,43.739,
2007-02-25,47.396,
2007-02-26,49.835,
2007-02-27,51.664,
2007-02-28,55.016,
2007-03-01,55.016,
2007-03-02,55.016,
2007-03-03,55.016,
2007-03-04,55.016,
2007-03-05,55.016,
2007-03-06,55.016,
2007-03-07,55.016,
2007-03-08,55.321,
2007-03-09,55.321,
2007-03-10,55.016,
2007-03-11,54.712,
2007-03-12,53.797,
2007-03-13,52.273,
2007-03-14,51.359,
2007-03-15,50.749,
2007-03-16,49.835,
2007-03-17,48.616,
2007-03-18,47.092,
2007-03-19,46.177,
2007-03-20,44.958,
2007-03-21,43.18,
2007-03-22,43.18,
2007-03-23,42.215,
2007-03-24,40.386,
2007-03-25,39.776,
2007-03-26,36.424,
2007-03-27,37.338,
2007-03-28,38.252,
2007-03-29,38.252,
2007-03-30,37.338,
2007-03-31,35.814,
2007-04-01,34.29,
2007-04-02,33.071,
2007-04-03,32.156,
2007-04-04,31.242,
2007-04-05,29.413,
2007-04-06,27.584,
2007-04-07,26.365,
2007-04-08,23.317,
2007-04-09,20.269,
2007-04-10,17.221,
2007-04-11,16.612,
2007-04-12,16.612,
2007-04-13,16.002,
2007-04-14,15.088,
2007-04-15,14.783,
2007-04-16,14.173,
2007-04-17,12.649,
2007-04-18,12.04,
2007-04-19,12.04,
2007-04-20,12.04,
2007-04-21,12.649,
2007-04-22,14.173,
2007-04-23,14.783,
2007-04-24,14.478,
2007-04-25,13.564,
2007-04-26,12.344,
2007-04-27,10.211,
2007-04-28,6.553,
2007-04-29,3.2,
2007-04-30,0.0,
2007-05-01,0.0,
2007-05-02,0.0,
2007-05-03,0.0,
2007-05-04,0.0,
2007-05-05,0.0,
2007-05-06,0.0,
2007-05-07,0.0,
2007-05-08,0.0,
2007-05-09,0.0,
2007-05-10,0.0,
2007-05-11,0.0,
2007-05-12,0.0,
2007-05-13,0.0,
2007-05-14,0.0,
2007-05-15,0.0,
2007-05-16,0.0,
2007-05-17,0.0,
2007-05-18,0.0,
2007-05-19,0.0,
2007-05-20,0.0,
2007-05-21,0.0,
2007-05-22,0.0,
2007-05-23,0.0,
2007-05-24,0.0,
2007-05-25,0.0,
2007-05-26,0.0,
2007-05-27,0.0,
2007-05-28,0.0,
2007-05-29,0.0,
2007-05-30,0.0,
2007-05-31,0.0,
2007-06-01,0.0,
2007-06-02,0.0,
2007-06-03,0.0,
2007-06-04,0.0,
2007-06-05,0.0,
2007-06-06,0.0,
2007-06-07,0.0,
2007-06-08,0.0,
2007-06-09,0.0,
2007-06-10,0.0,
2007-06-11,0.0,
2007-06-12,0.0,
2007-06-13,0.0,
2007-06-14,0.0,
2007-06-15,0.0,
2007-06-16,0.0,
2007-06-17,0.0,
2007-06-18,0.0,
2007-06-19,0.0,
2007-06-20,0.0,
2007-06-21,0.0,
2007-06-22,0.0,
2007-06-23,0.0,
2007-06-24,0.0,
2007-06-25,0.0,
2007-06-26,0.0,
2007-06-27,0.0,
2007-06-28,0.0,
2007-06-29,0.0,
2007-06-30,0.0,
2007-07-01,0.0,
2007-07-02,0.0,
2007-07-03,0.0,
2007-07-04,0.0,
2007-07-05,0.0,
2007-07-06,0.0,
2007-07-07,0.0,
2007-07-08,0.0,
2007-07-09,0.0,
2007-07-10,0.0,
2007-07-11,0.0,
2007-07-12,0.0,
2007-07-13,0.0,
2007-07-14,0.0,
2007-07-15,0.0,
2007-07-16,0.0,
2007-07-17,0.0,
2007-07-18,0.0,
2007-07-19,0.0,
2007-07-20,0.0,
2007-07-21,0.0,
2007-07-22,0.0,
2007-07-23,0.0,
2007-07-24,0.0,
2007-07-25,0.0,
2007-07-26,0.0,
2007-07-27,0.0,
2007-07-28,0.0,
2007-07-29,0.0,
2007-07-30,0.0,
2007-07-31,0.0,
2007-08-01,0.0,
2007-08-02,0.0,
2007-08-03,0.0,
2007-08-04,0.0,
2007-08-05,0.0,
2007-08-06,0.0,
2007-08-07,0.0,
2007-08-08,0.0,
2007-08-09,0.0,
2007-08-10,0.0,
2007-08-11,0.0,
2007-08-12,0.0,
2007-08-13,0.0,
2007-08-14,0.0,
2007-08-15,0.0,
2007-08-16,0.0,
2007-08-17,0.0,
2007-08-18,0.0,
2007-08-19,0.0,
2007-08-20,0.0,
2007-08-21,0.0,
2007-08-22,0.0,
2007-08-23,0.0,
2007-08-24,0.0,
2007-08-25,0.0,
2007-08-26,0.0,
2007-08-27,0.0,
2007-08-28,0.0,
2007-08-29,0.0,
2007-08-30,0.0,
2007-08-31,0.0,
2007-09-01,0.0,
2007-09-02,0.0,
2007-09-03,0.0,
2007-09-04,0.0,
2007-09-05,0.0,
2007-09-06,0.0,
2007-09-07,0.0,
2007-09-08,0.0,
2007-09-09,0.0,
2007-09-10,0.0,
2007-09-11,0.0,
2007-09-12,0.0,
2007-09-13,0.0,
2007-09-14,0.0,
2007-09-15,0.0,
2007-09-16,0.0,
2007-09-17,0.0,
2007-09-18,0.0,
2007-09-19,0.0,
2007-09-20,0.0,
2007-09-21,0.0,
2007-09-22,0.0,
2007-09-23,0.0,
2007-09-24,0.0,
2007-09-25,0.0,
2007-09-26,0.0,
2007-09-27,0.0,
2007-09-28,0.0,
2007-09-29,0.0,
2007-09-30,0.0,
2007-10-01,0.0,
2007-10-02,0.0,
2007-10-03,0.0,
2007-10-04,0.0,
2007-10-05,0.0,
2007-10-06,0.0,
2007-10-07,0.0,
2007-10-08,0.0,
2007-10-09,0.0,
2007-10-10,0.0,
2007-10-11,0.0,
2007-10-12,0.0,
2007-10-13,0.0,
2007-10-14,0.0,
2007-10-15,0.0,
2007-10-16,0.0,
2007-10-17,0.0,
2007-10-18,0.0,
2007-10-19,0.0,
2007-10-20,0.0,
2007-10-21,0.0,
2007-10-22,0.0,
2007-10-23,0.0,
2007-10-24,0.0,
2007-10-25,0.0,
2007-10-26,0.0,
2007-10-27,0.0,
2007-10-28,0.0,
2007-10-29,0.0,
2007-10-30,,
2007-10-31,,
2007-11-01,,
2007-11-02,,
2007-11-03,,
2007-11-04,,
2007-11-05,,
2007-11-06,,
2007-11-07,,
2007-11-08,,
2007-11-09,,
2007-11-10,,
2007-11-11,,
2007-11-12,,
2007-11-13,,
2007-11-14,,
2007-11-15,,
2007-11-16,,
2007-11-17,,
2007-11-18,,
2007-11-19,,
2007-11-20,,
2007-11-21,,
2007-11-22,,
2007-11-23,,
2007-11-24,,
2007-11-25,,
2007-11-26,,
2007-11-27,,
2007-11-28,,
2007-11-29,,
2007-11-30,,
2007-12-01,,
2007-12-02,,
2007-12-03,,
2007-12-04,,
2007-12-05,,
2007-12-06,,
2007-12-07,,
2007-12-08,,
2007-12-09,,
2007-12-10,,
2007-12-11,,
2007-12-12,,
2007-12-13,,
2007-12-14,,
2007-12-15,,
2007-12-16,,
2007-12-17,,
2007-12-18,,
2007-12-19,,
2007-12-20,,
2007-12-21,,
2007-12-22,,
2007-12-23,,
2007-12-24,,
2007-12-25,,
2007-12-26,,
2007-12-27,,
2007-12-28,,
2007-12-29,,
2007-12-30,,
2007-12-31,,
2008-01-01,,
2008-01-02,,
2008-01-03,,
2008-01-04,,
2008-01-05,,
2008-01-06,,
2008-01-07,,
2008-01-08,,
2008-01-09,,
2008-01-10,,
2008-01-11,,
2008-01-12,,
2008-01-13,,
2008-01-14,,
2008-01-15,,
2008-01-16,,
2008-01-17,,
2008-01-18,,
2008-01-19,,
2008-01-20,,
2008-01-21,,
2008-01-22,,
2008-01-23,,
2008-01-24,,
2008-01-25,,
2008-01-26,,
2008-01-27,,
2008-01-28,,
2008-01-29,,
2008-01-30,,
2008-01-31,,
2008-02-01,,
2008-02-02,,
2008-02-03,,
2008-02-04,,
2008-02-05,,
2008-02-06,,
2008-02-07,,
2008-02-08,,
2008-02-09,,
2008-02-10,,
2008-02-11,,
2008-02-12,,
2008-02-13,,
2008-02-14,,
2008-02-15,,
2008-02-16,,
2008-02-17,,
2008-02-18,,
2008-02-19,,
2008-02-20,,
2008-02-21,,
2008-02-22,,
2008-02-23,,
2008-02-24,,
2008-02-25,,
2008-02-26,,
2008-02-27,,
2008-02-28,,
2008-02-29,,
2008-03-01,,
2008-03-02,,
2008-03-03,,
2008-03-04,,
2008-03-05,,
2008-03-06,,
2008-03-07,,
2008-03-08,,
2008-03-09,,
2008-03-10,,
2008-03-11,,
2008-03-12,,
2008-03-13,,
2008-03-14,,
2008-03-15,,
2008-03-16,,
2008-03-17,,
2008-03-18,,
2008-03-19,,
2008-03-20,,
2008-03-21,,
2008-03-22,,
2008-03-23,,
2008-03-24,,
2008-03-25,,
2008-03-26,,
2008-03-27,,
2008-03-28,,
2008-03-29,,
2008-03-30,,
2008-03-31,,
2008-04-01,,
2008-04-02,,
2008-04-03,,
2008-04-04,,
2008-04-05,,
2008-04-06,,
2008-04-07,,
2008-04-08,,
2008-04-09,,
2008-04-10,,
2008-04-11,,
2008-04-12,,
2008-04-13,,
2008-04-14,,
2008-04-15,,
2008-04-16,,
2008-04-17,,
2008-04-18,,
2008-04-19,,
2008-04-20,,
2008-04-21,,
2008-04-22,,
2008-04-23,,
2008-04-24,,
2008-04-25,,
2008-04-26,,
2008-04-27,,
2008-04-28,,
2008-04-29,,
2008-04-30,,
2008-05-01,,
2008-05-02,,
2008-05-03,,
2008-05-04,,
2008-05-05,,
2008-05-06,,
2008-05-07,,
2008-05-08,,
2008-05-09,,
2008-05-10,,
2008-05-11,,
2008-05-12,,
2008-05-13,,
2008-05-14,,
2008-05-15,,
2008-05-16,,
2008-05-17,,
2008-05-18,,
2008-05-19,,
2008-05-20,,
2008-05-21,,
2008-05-22,,
2008-05-23,,
2008-05-24,,
2008-05-25,,
2008-05-26,,
2008-05-27,,
2008-05-28,,
2008-05-29,,
2008-05-30,,
2008-05-31,,
2008-06-01,,
2008-06-02,,
2008-06-03,,
2008-06-04,,
2008-06-05,,
2008-06-06,,
2008-06-07,,
2008-06-08,,
2008-06-09,,
2008-06-10,,
2008-06-11,,
2008-06-12,,
2008-06-13,,
2008-06-14,,
2008-06-15,,
2008-06-16,,
2008-06-17,,
2008-06-18,,
2008-06-19,,
2008-06-20,,
2008-06-21,,
2008-06-22,,
2008-06-23,,
2008-06-24,,
2008-06-25,,
2008-06-26,,
2008-06-27,,
2008-06-28,,
2008-06-29,,
2008-06-30,,
2008-07-01,,
2008-07-02,,
2008-07-03,,
2008-07-04,,
2008-07-05,,
2008-07-06,,
2008-07-07,,
2008-07-08,,
2008-07-09,,
2008-07-10,,
2008-07-11,,
2008-07-12,,
2008-07-13,,
2008-07-14,,
2008-07-15,,
2008-07-16,,
2008-07-17,,
2008-07-18,,
2008-07-19,,
2008-07-20,,
2008-07-21,,
2008-07-22,,
2008-07-23,,
2008-07-24,,
2008-07-25,,
2008-07-26,,
2008-07-27,,
2008-07-28,,
2008-07-29,,
2008-07-30,,
2008-07-31,,
2008-08-01,,
2008-08-02,,
2008-08-03,,
2008-08-04,,
2008-08-05,,
2008-08-06,,
2008-08-07,,
2008-08-08,,
2008-08-09,,
2008-08-10,,
2008-08-11,,
2008-08-12,,
2008-08-13,,
2008-08-14,,
2008-08-15,,
2008-08-16,,
2008-08-17,,
2008-08-18,,
2008-08-19,,
2008-08-20,,
2008-08-21,,
2008-08-22,,
2008-08-23,,
2008-08-24,,
2008-08-25,,
2008-08-26,,
2008-08-27,,
2008-08-28,,
2008-08-29,,
2008-08-30,,
2008-08-31,,
2008-09-01,,
2008-09-02,,
2008-09-03,,
2008-09-04,,
2008-09-05,,
2008-09-06,,
2008-09-07,,
2008-09-08,,
2008-09-09,,
2008-09-10,,
2008-09-11,,
2008-09-12,,
2008-09-13,,
2008-09-14,,
2008-09-15,,
2008-09-16,,
2008-09-17,,
2008-09-18,,
2008-09-19,,
2008-09-20,,
2008-09-21,,
2008-09-22,,
2008-09-23,,
2008-09-24,,
2008-09-25,,
2008-09-26,,
2008-09-27,,
2008-09-28,,
2008-09-29,,
2008-09-30,,
2008-10-01,0.0,
2008-10-02,0.0,
2008-10-03,0.0,
2008-10-04,0.0,
2008-10-05,0.0,
2008-10-06,0.0,
2008-10-07,0.0,
2008-10-08,0.0,
2008-10-09,0.0,
2008-10-10,0.0,
2008-10-11,0.0,
2008-10-12,0.0,
2008-10-13,0.0,
2008-10-14,0.0,
2008-10-15,0.0,
2008-10-16,0.0,
2008-10-17,0.0,
2008-10-18,0.0,
2008-10-19,0.0,
2008-10-20,0.0,
2008-10-21,0.0,
2008-10-22,0.0,
2008-10-23,0.0,
2008-10-24,0.0,
2008-10-25,0.0,
2008-10-26,0.0,
2008-10-27,0.0,
2008-10-28,0.0,
2008-10-29,0.0,
2008-10-30,0.0,
2008-10-31,0.0,
2008-11-01,0.0,
2008-11-02,0.0,
2008-11-03,0.0,
2008-11-04,2.896,
2008-11-05,2.896,
2008-11-06,3.2,
2008-11-07,3.2,
2008-11-08,3.2,
2008-11-09,3.2,
2008-11-10,3.505,
2008-11-11,2.896,
2008-11-12,2.286,
2008-11-13,2.286,
2008-11-14,1.372,
2008-11-15,0.762,
2008-11-16,0.457,
2008-11-17,0.152,
2008-11-18,0.0,
2008-11-19,0.0,
2008-11-20,0.0,
2008-11-21,0.0,
2008-11-22,0.0,
2008-11-23,0.0,
2008-11-24,0.0,
2008-11-25,0.0,
2008-11-26,0.0,
2008-11-27,0.0,
2008-11-28,0.0,
2008-11-29,0.0,
2008-11-30,0.0,
2008-12-01,0.0,
2008-12-02,0.0,
2008-12-03,0.0,
2008-12-04,0.0,
2008-12-05,0.0,
2008-12-06,0.0,
2008-12-07,0.0,
2008-12-08,0.0,
2008-12-09,0.0,
2008-12-10,0.0,
2008-12-11,0.0,
2008-12-12,0.0,
2008-12-13,0.0,
2008-12-14,1.372,
2008-12-15,3.505,
2008-12-16,4.115,
2008-12-17,4.115,
2008-12-18,4.115,
2008-12-19,5.639,
2008-12-20,5.639,
2008-12-21,5.944,
2008-12-22,8.382,
2008-12-23,8.992,
2008-12-24,9.906,
2008-12-25,13.868,
2008-12-26,13.868,
2008-12-27,14.173,
2008-12-28,14.783,
2008-12-29,16.612,
2008-12-30,17.526,
2008-12-31,17.526,
2009-01-01,17.221,
2009-01-02,17.221,
2009-01-03,17.221,
2009-01-04,17.221,
2009-01-05,18.44,
2009-01-06,19.05,
2009-01-07,19.355,
2009-01-08,19.66,
2009-01-09,19.355,
2009-01-10,19.355,
2009-01-11,19.66,
2009-01-12,19.964,
2009-01-13,19.355,
2009-01-14,18.796,
2009-01-15,18.796,
2009-01-16,19.355,
2009-01-17,19.355,
2009-01-18,19.355,
2009-01-19,19.355,
2009-01-20,19.355,
2009-01-21,19.355,
2009-01-22,20.269,
2009-01-23,20.269,
2009-01-24,19.964,
2009-01-25,20.879,
2009-01-26,20.574,
2009-01-27,20.574,
2009-01-28,20.879,
2009-01-29,20.879,
2009-01-30,20.879,
2009-01-31,20.879,
2009-02-01,20.879,
2009-02-02,20.269,
2009-02-03,20.879,
2009-02-04,22.098,
2009-02-05,23.317,
2009-02-06,30.023,
2009-02-07,33.985,
2009-02-08,33.68,
2009-02-09,37.033,
2009-02-10,36.728,
2009-02-11,38.862,
2009-02-12,42.52,
2009-02-13,45.872,
2009-02-14,52.578,
2009-02-15,57.455,
2009-02-16,61.417,
2009-02-17,64.77,
2009-02-18,66.599,
2009-02-19,67.208,
2009-02-20,67.513,
2009-02-21,67.818,
2009-02-22,67.691,
2009-02-23,67.513,
2009-02-24,65.989,
2009-02-25,66.802,
2009-02-26,68.428,
2009-02-27,69.647,
2009-02-28,70.561,
2009-03-01,72.39,
2009-03-02,71.755,
2009-03-03,73.025,
2009-03-04,74.828,
2009-03-05,79.4,
2009-03-06,81.534,
2009-03-07,82.753,
2009-03-08,83.972,
2009-03-09,84.887,
2009-03-10,85.192,
2009-03-11,85.801,
2009-03-12,86.716,
2009-03-13,87.63,
2009-03-14,87.325,
2009-03-15,87.325,
2009-03-16,90.983,
2009-03-17,86.716,
2009-03-18,85.801,
2009-03-19,86.106,
2009-03-20,86.411,
2009-03-21,86.411,
2009-03-22,90.373,
2009-03-23,92.812,
2009-03-24,94.031,
2009-03-25,95.555,
2009-03-26,97.384,
2009-03-27,94.64,
2009-03-28,92.202,
2009-03-29,90.983,
2009-03-30,90.068,
2009-03-31,91.592,
2009-04-01,91.592,
2009-04-02,89.154,
2009-04-03,88.24,
2009-04-04,87.63,
2009-04-05,88.849,
2009-04-06,87.325,
2009-04-07,85.192,
2009-04-08,84.887,
2009-04-09,86.716,
2009-04-10,93.116,
2009-04-11,94.64,
2009-04-12,95.86,
2009-04-13,94.336,
2009-04-14,92.202,
2009-04-15,90.983,
2009-04-16,92.507,
2009-04-17,93.116,
2009-04-18,90.983,
2009-04-19,87.63,
2009-04-20,84.887,
2009-04-21,82.753,
2009-04-22,80.315,
2009-04-23,77.572,
2009-04-24,74.219,
2009-04-25,73.0,
2009-04-26,73.0,
2009-04-27,71.171,
2009-04-28,69.647,
2009-04-29,69.647,
2009-04-30,70.561,
2009-05-01,70.256,
2009-05-02,68.732,
2009-05-03,65.075,
2009-05-04,60.808,
2009-05-05,60.198,
2009-05-06,55.016,
2009-05-07,50.749,
2009-05-08,49.225,
2009-05-09,46.787,
2009-05-10,44.348,
2009-05-11,41.3,
2009-05-12,38.252,
2009-05-13,35.814,
2009-05-14,33.68,
2009-05-15,30.023,
2009-05-16,26.365,
2009-05-17,22.708,
2009-05-18,17.526,
2009-05-19,11.735,
2009-05-20,5.029,
2009-05-21,2.591,
2009-05-22,1.067,
2009-05-23,0.508,
2009-05-24,0.0,
2009-05-25,0.0,
2009-05-26,0.0,
2009-05-27,0.0,
2009-05-28,0.0,
2009-05-29,0.0,
2009-05-30,0.0,
2009-05-31,0.0,
2009-06-01,0.0,
2009-06-02,0.0,
2009-06-03,0.0,
2009-06-04,0.0,
2009-06-05,0.0,
2009-06-06,0.0,
2009-06-07,0.0,
2009-06-08,0.0,
2009-06-09,0.0,
2009-06-10,0.0,
2009-06-11,0.0,
2009-06-12,0.0,
2009-06-13,0.0,
2009-06-14,0.0,
2009-06-15,0.0,
2009-06-16,0.0,
2009-06-17,0.0,
2009-06-18,0.0,
2009-06-19,0.0,
2009-06-20,0.0,
2009-06-21,0.0,
2009-06-22,0.0,
2009-06-23,0.0,
2009-06-24,0.0,
2009-06-25,0.0,
2009-06-26,0.0,
2009-06-27,0.0,
2009-06-28,0.0,
2009-06-29,0.0,
2009-06-30,0.0,
2009-07-01,0.0,
2009-07-02,0.0,
2009-07-03,0.0,
2009-07-04,0.0,
2009-07-05,0.0,
2009-07-06,0.0,
2009-07-07,0.0,
2009-07-08,0.0,
2009-07-09,0.0,
2009-07-10,0.0,
2009-07-11,0.0,
2009-07-12,0.0,
2009-07-13,0.0,
2009-07-14,0.0,
2009-07-15,0.0,
2009-07-16,0.0,
2009-07-17,0.0,
2009-07-18,0.0,
2009-07-19,0.0,
2009-07-20,0.0,
2009-07-21,0.0,
2009-07-22,0.0,
2009-07-23,0.0,
2009-07-24,0.0,
2009-07-25,0.0,
2009-07-26,0.0,
2009-07-27,0.0,
2009-07-28,0.0,
2009-07-29,0.0,
2009-07-30,0.0,
2009-07-31,0.0,
2009-08-01,0.0,
2009-08-02,0.0,
2009-08-03,0.0,
2009-08-04,0.0,
2009-08-05,0.0,
2009-08-06,0.0,
2009-08-07,0.0,
2009-08-08,0.0,
2009-08-09,0.0,
2009-08-10,0.0,
2009-08-11,0.0,
2009-08-12,0.0,
2009-08-13,0.0,
2009-08-14,0.0,
2009-08-15,0.0,
2009-08-16,0.0,
2009-08-17,0.0,
2009-08-18,0.0,
2009-08-19,0.0,
2009-08-20,0.0,
2009-08-21,0.0,
2009-08-22,0.0,
2009-08-23,0.0,
2009-08-24,0.0,
2009-08-25,0.0,
2009-08-26,0.0,
2009-08-27,0.0,
2009-08-28,0.0,
2009-08-29,0.0,
2009-08-30,0.0,
2009-08-31,0.0,
2009-09-01,0.0,
2009-09-02,0.0,
2009-09-03,0.0,
2009-09-04,0.0,
2009-09-05,0.0,
2009-09-06,0.0,
2009-09-07,0.0,
2009-09-08,0.0,
2009-09-09,0.0,
2009-09-10,0.0,
2009-09-11,0.0,
2009-09-12,0.0,
2009-09-13,0.0,
2009-09-14,0.0,
2009-09-15,0.0,
2009-09-16,0.0,
2009-09-17,0.0,
2009-09-18,0.0,
2009-09-19,0.0,
2009-09-20,0.0,
2009-09-21,0.0,
2009-09-22,0.0,
2009-09-23,0.0,
2009-09-24,0.0,
2009-09-25,0.0,
2009-09-26,0.0,
2009-09-27,0.0,
2009-09-28,0.0,
2009-09-29,0.0,
2009-09-30,0.0,
2009-10-01,0.0,
2009-10-02,0.0,
2009-10-03,0.0,
2009-10-04,0.0,
2009-10-05,0.0,
2009-10-06,0.0,
2009-10-07,0.0,
2009-10-08,0.0,
2009-10-09,0.0,
2009-10-10,0.0,
2009-10-11,0.0,
2009-10-12,0.0,
2009-10-13,0.0,
2009-10-14,0.457,
2009-10-15,0.152,
2009-10-16,0.0,
2009-10-17,0.0,
2009-10-18,0.0,
2009-10-19,0.0,
2009-10-20,0.0,
2009-10-21,0.0,
2009-10-22,0.0,
2009-10-23,0.0,
2009-10-24,0.0,
2009-10-25,0.0,
2009-10-26,0.0,
2009-10-27,0.0,
2009-10-28,0.0,
2009-10-29,0.0,
2009-10-30,0.0,
2009-10-31,0.0,
2009-11-01,0.0,
2009-11-02,0.0,
2009-11-03,0.0,
2009-11-04,0.0,
2009-11-05,0.0,
2009-11-06,0.0,
2009-11-07,0.0,
2009-11-08,0.0,
2009-11-09,0.0,
2009-11-10,0.0,
2009-11-11,0.0,
2009-11-12,0.0,
2009-11-13,0.0,
2009-11-14,0.0,
2009-11-15,0.0,
2009-11-16,0.0,
2009-11-17,0.0,
2009-11-18,0.0,
2009-11-19,0.0,
2009-11-20,0.762,
2009-11-21,2.286,
2009-11-22,2.896,
2009-11-23,3.2,
2009-11-24,3.505,
2009-11-25,3.505,
2009-11-26,3.505,
2009-11-27,4.115,
2009-11-28,3.81,
2009-11-29,4.42,
2009-11-30,4.42,
2009-12-01,4.115,
2009-12-02,3.2,
2009-12-03,2.896,
2009-12-04,2.591,
2009-12-05,2.896,
2009-12-06,3.2,
2009-12-07,4.115,
2009-12-08,3.505,
2009-12-09,5.029,
2009-12-10,6.248,
2009-12-11,7.468,
2009-12-12,7.772,
2009-12-13,9.525,
2009-12-14,11.176,
2009-12-15,11.43,
2009-12-16,19.05,
2009-12-17,21.793,
2009-12-18,21.793,
2009-12-19,21.488,
2009-12-20,21.488,
2009-12-21,22.098,
2009-12-22,23.317,
2009-12-23,23.012,
2009-12-24,23.012,
2009-12-25,22.708,
2009-12-26,22.403,
2009-12-27,22.403,
2009-12-28,21.793,
2009-12-29,21.793,
2009-12-30,21.793,
2009-12-31,22.708,
2010-01-01,24.892,
2010-01-02,26.06,
2010-01-03,26.67,
2010-01-04,27.584,
2010-01-05,28.499,
2010-01-06,28.499,
2010-01-07,26.975,
2010-01-08,27.889,
2010-01-09,26.975,
2010-01-10,27.889,
2010-01-11,28.804,
2010-01-12,28.499,
2010-01-13,27.28,
2010-01-14,27.889,
2010-01-15,28.499,
2010-01-16,29.108,
2010-01-17,30.328,
2010-01-18,34.9,
2010-01-19,41.605,
2010-01-20,48.26,
2010-01-21,55.88,
2010-01-22,58.42,
2010-01-23,59.182,
2010-01-24,63.5,
2010-01-25,68.58,
2010-01-26,73.66,
2010-01-27,77.267,
2010-01-28,77.876,
2010-01-29,78.486,
2010-01-30,79.705,
2010-01-31,80.315,
2010-02-01,80.924,
2010-02-02,81.839,
2010-02-03,83.668,
2010-02-04,85.801,
2010-02-05,93.726,
2010-02-06,99.212,
2010-02-07,101.651,
2010-02-08,102.26,
2010-02-09,103.175,
2010-02-10,103.784,
2010-02-11,104.394,
2010-02-12,104.394,
2010-02-13,104.089,
2010-02-14,104.089,
2010-02-15,105.004,
2010-02-16,107.747,
2010-02-17,108.966,
2010-02-18,109.576,
2010-02-19,110.49,
2010-02-20,111.1,
2010-02-21,111.709,
2010-02-22,112.014,
2010-02-23,112.624,
2010-02-24,115.367,
2010-02-25,116.586,
2010-02-26,117.196,
2010-02-27,121.463,
2010-02-28,122.682,
2010-03-01,122.987,
2010-03-02,123.292,
2010-03-03,124.206,
2010-03-04,125.12,
2010-03-05,126.949,
2010-03-06,127.864,
2010-03-07,128.473,
2010-03-08,127.864,
2010-03-09,127.864,
2010-03-10,128.778,
2010-03-11,130.302,
2010-03-12,131.521,
2010-03-13,134.264,
2010-03-14,134.874,
2010-03-15,135.788,
2010-03-16,135.788,
2010-03-17,131.826,
2010-03-18,128.016,
2010-03-19,127.254,
2010-03-20,126.238,
2010-03-21,123.596,
2010-03-22,123.596,
2010-03-23,124.511,
2010-03-24,124.206,
2010-03-25,122.377,
2010-03-26,123.292,
2010-03-27,125.12,
2010-03-28,127.559,
2010-03-29,126.035,
2010-03-30,122.377,
2010-03-31,119.024,
2010-04-01,120.853,
2010-04-02,122.987,
2010-04-03,126.949,
2010-04-04,129.083,
2010-04-05,133.655,
2010-04-06,135.788,
2010-04-07,137.008,
2010-04-08,138.227,
2010-04-09,138.227,
2010-04-10,137.312,
2010-04-11,137.617,
2010-04-12,139.141,
2010-04-13,142.799,
2010-04-14,144.323,
2010-04-15,145.542,
2010-04-16,146.456,
2010-04-17,145.847,
2010-04-18,136.093,
2010-04-19,134.569,
2010-04-20,133.655,
2010-04-21,133.96,
2010-04-22,135.179,
2010-04-23,135.484,
2010-04-24,133.96,
2010-04-25,132.131,
2010-04-26,130.302,
2010-04-27,128.778,
2010-04-28,126.035,
2010-04-29,123.596,
2010-04-30,123.901,
2010-05-01,125.73,
2010-05-02,124.511,
2010-05-03,121.768,
2010-05-04,118.415,
2010-05-05,115.976,
2010-05-06,114.148,
2010-05-07,112.928,
2010-05-08,110.795,
2010-05-09,108.661,
2010-05-10,106.832,
2010-05-11,108.052,
2010-05-12,109.576,
2010-05-13,109.271,
2010-05-14,107.137,
2010-05-15,104.394,
2010-05-16,101.651,
2010-05-17,98.908,
2010-05-18,97.079,
2010-05-19,93.421,
2010-05-20,90.373,
2010-05-21,87.325,
2010-05-22,85.801,
2010-05-23,85.496,
2010-05-24,85.801,
2010-05-25,84.887,
2010-05-26,84.277,
2010-05-27,83.668,
2010-05-28,83.972,
2010-05-29,83.668,
2010-05-30,81.839,
2010-05-31,79.4,
2010-06-01,75.438,
2010-06-02,71.476,
2010-06-03,66.294,
2010-06-04,62.332,
2010-06-05,56.236,
2010-06-06,53.492,
2010-06-07,49.53,
2010-06-08,45.568,
2010-06-09,42.52,
2010-06-10,36.119,
2010-06-11,32.461,
2010-06-12,27.94,
2010-06-13,23.317,
2010-06-14,19.355,
2010-06-15,13.868,
2010-06-16,8.382,
2010-06-17,4.115,
2010-06-18,1.676,
2010-06-19,1.067,
2010-06-20,0.457,
2010-06-21,0.0,
2010-06-22,0.0,
2010-06-23,0.0,
2010-06-24,0.0,
2010-06-25,0.0,
2010-06-26,0.0,
2010-06-27,0.0,
2010-06-28,0.0,
2010-06-29,0.0,
2010-06-30,0.0,
2010-07-01,0.0,
2010-07-02,0.0,
2010-07-03,0.0,
2010-07-04,0.0,
2010-07-05,0.0,
2010-07-06,0.0,
2010-07-07,0.0,
2010-07-08,0.0,
2010-07-09,0.0,
2010-07-10,0.0,
2010-07-11,0.0,
2010-07-12,0.0,
2010-07-13,0.0,
2010-07-14,0.0,
2010-07-15,0.0,
2010-07-16,0.0,
2010-07-17,0.0,
2010-07-18,0.0,
2010-07-19,0.0,
2010-07-20,0.0,
2010-07-21,0.0,
2010-07-22,0.0,
2010-07-23,0.0,
2010-07-24,0.0,
2010-07-25,0.0,
2010-07-26,0.0,
2010-07-27,0.0,
2010-07-28,0.0,
2010-07-29,0.0,
2010-07-30,0.0,
2010-07-31,0.0,
2010-08-01,0.0,
2010-08-02,0.0,
2010-08-03,0.0,
2010-08-04,0.0,
2010-08-05,0.0,
2010-08-06,0.0,
2010-08-07,0.0,
2010-08-08,0.0,
2010-08-09,0.0,
2010-08-10,0.0,
2010-08-11,0.0,
2010-08-12,0.0,
2010-08-13,0.0,
2010-08-14,0.0,
2010-08-15,0.0,
2010-08-16,0.0,
2010-08-17,0.0,
2010-08-18,0.0,
2010-08-19,0.0,
2010-08-20,0.0,
2010-08-21,0.0,
2010-08-22,0.0,
2010-08-23,0.0,
2010-08-24,0.0,
2010-08-25,0.0,
2010-08-26,0.0,
2010-08-27,0.0,
2010-08-28,0.0,
2010-08-29,0.0,
2010-08-30,0.0,
2010-08-31,0.0,
2010-09-01,0.0,
2010-09-02,0.0,
2010-09-03,0.0,
2010-09-04,0.0,
2010-09-05,0.0,
2010-09-06,0.0,
2010-09-07,0.0,
2010-09-08,0.0,
2010-09-09,0.0,
2010-09-10,0.0,
2010-09-11,0.0,
2010-09-12,0.0,
2010-09-13,0.0,
2010-09-14,0.0,
2010-09-15,0.0,
2010-09-16,0.0,
2010-09-17,0.0,
2010-09-18,0.0,
2010-09-19,0.0,
2010-09-20,0.0,
2010-09-21,0.0,
2010-09-22,0.0,
2010-09-23,0.0,
2010-09-24,0.0,
2010-09-25,0.0,
2010-09-26,0.0,
2010-09-27,0.0,
2010-09-28,0.0,
2010-09-29,0.0,
2010-09-30,0.0,
2010-10-01,0.0,
2010-10-02,0.0,
2010-10-03,0.0,
2010-10-04,0.0,
2010-10-05,0.0,
2010-10-06,0.0,
2010-10-07,0.0,
2010-10-08,0.0,
2010-10-09,0.0,
2010-10-10,0.0,
2010-10-11,0.0,
2010-10-12,0.0,
2010-10-13,0.0,
2010-10-14,0.0,
2010-10-15,0.0,
2010-10-16,0.0,
2010-10-17,0.0,
2010-10-18,0.0,
2010-10-19,0.0,
2010-10-20,0.0,
2010-10-21,0.0,
2010-10-22,0.0,
2010-10-23,0.0,
2010-10-24,0.0,
2010-10-25,0.0,
2010-10-26,0.0,
2010-10-27,0.0,
2010-10-28,0.0,
2010-10-29,0.0,
2010-10-30,0.0,
2010-10-31,0.0,
2010-11-01,0.0,
2010-11-02,0.0,
2010-11-03,0.0,
2010-11-04,0.0,
2010-11-05,0.0,
2010-11-06,0.0,
2010-11-07,0.0,
2010-11-08,0.0,
2010-11-09,0.152,
2010-11-10,1.067,
2010-11-11,1.372,
2010-11-12,1.067,
2010-11-13,1.372,
2010-11-14,1.981,
2010-11-15,1.067,
2010-11-16,0.457,
2010-11-17,0.457,
2010-11-18,0.457,
2010-11-19,0.762,
2010-11-20,0.457,
2010-11-21,5.639,
2010-11-22,6.248,
2010-11-23,8.992,
2010-11-24,8.992,
2010-11-25,9.296,
2010-11-26,9.296,
2010-11-27,9.906,
2010-11-28,10.516,
2010-11-29,10.82,
2010-11-30,10.82,
2010-12-01,10.82,
2010-12-02,11.43,
2010-12-03,12.649,
2010-12-04,12.954,
2010-12-05,13.259,
2010-12-06,13.259,
2010-12-07,15.088,
2010-12-08,15.088,
2010-12-09,15.392,
2010-12-10,15.392,
2010-12-11,15.088,
2010-12-12,13.868,
2010-12-13,12.954,
2010-12-14,12.344,
2010-12-15,9.906,
2010-12-16,11.735,
2010-12-17,6.553,
2010-12-18,9.601,
2010-12-19,13.868,
2010-12-20,18.44,
2010-12-21,25.451,
2010-12-22,29.21,
2010-12-23,31.852,
2010-12-24,32.766,
2010-12-25,33.376,
2010-12-26,43.129,
2010-12-27,49.835,
2010-12-28,51.359,
2010-12-29,55.372,
2010-12-30,56.236,
2010-12-31,56.54,
2011-01-01,56.845,193.04
2011-01-02,57.76,190.5
2011-01-03,58.064,185.42
2011-01-04,58.064,182.88
2011-01-05,58.064,180.34
2011-01-06,58.369,177.8
2011-01-07,58.369,177.8
2011-01-08,58.674,177.8
2011-01-09,58.674,175.26
2011-01-10,58.369,175.26
2011-01-11,58.369,172.72
2011-01-12,59.893,185.42
2011-01-13,60.96,177.8
2011-01-14,60.96,
2011-01-15,60.706,167.64
2011-01-16,60.452,160.02
2011-01-17,60.198,144.78
2011-01-18,60.198,147.32
2011-01-19,59.944,147.32
2011-01-20,59.944,144.78
2011-01-21,59.69,144.78
2011-01-22,59.436,139.7
2011-01-23,59.436,142.24
2011-01-24,59.182,137.16
2011-01-25,59.182,134.62
2011-01-26,59.182,137.16
2011-01-27,58.979,137.16
2011-01-28,58.979,134.62
2011-01-29,59.284,132.08
2011-01-30,59.893,137.16
2011-01-31,60.198,142.24
2011-02-01,60.503,142.24
2011-02-02,60.198,139.7
2011-02-03,60.198,142.24
2011-02-04,60.198,139.7
2011-02-05,58.979,137.16
2011-02-06,57.658,132.08
2011-02-07,57.658,132.08
2011-02-08,57.658,132.08
2011-02-09,57.658,132.08
2011-02-10,60.198,129.54
2011-02-11,60.198,129.54
2011-02-12,60.198,129.54
2011-02-13,60.198,127.0
2011-02-14,59.284,127.0
2011-02-15,64.008,
2011-02-16,73.0,210.82
2011-02-17,80.924,233.68
2011-02-18,89.764,292.1
2011-02-19,93.726,289.56
2011-02-20,95.25,284.48
2011-02-21,96.469,281.94
2011-02-22,96.52,281.94
2011-02-23,96.52,276.86
2011-02-24,96.52,269.24
2011-02-25,100.736,274.32
2011-02-26,101.346,276.86
2011-02-27,101.651,271.78
2011-02-28,102.26,
2011-03-01,103.48,271.78
2011-03-02,104.699,279.4
2011-03-03,108.966,287.02
2011-03-04,110.185,281.94
2011-03-05,110.49,274.32
2011-03-06,111.709,266.7
2011-03-07,113.03,261.62
2011-03-08,112.776,264.16
2011-03-09,109.88,259.08
2011-03-10,109.22,254.0
2011-03-11,109.22,254.0
2011-03-12,109.22,254.0
2011-03-13,109.22,254.0
2011-03-14,111.76,259.08
2011-03-15,111.76,256.54
2011-03-16,112.014,256.54
2011-03-17,113.03,259.08
2011-03-18,114.935,271.78
2011-03-19,125.12,355.6
2011-03-20,134.569,393.7
2011-03-21,140.056,391.16
2011-03-22,141.884,
2011-03-23,144.323,388.62
2011-03-24,147.676,401.32
2011-03-25,155.296,
2011-03-26,163.525,
2011-03-27,168.402,
2011-03-28,172.06,
2011-03-29,172.974,
2011-03-30,173.584,
2011-03-31,173.888,431.8
2011-04-01,174.193,416.56
2011-04-02,174.498,403.86
2011-04-03,174.498,396.24
2011-04-04,174.498,391.16
2011-04-05,174.498,381.0
2011-04-06,172.72,370.84
2011-04-07,171.45,368.3
2011-04-08,167.64,365.76
2011-04-09,167.488,363.22
2011-04-10,169.316,360.68
2011-04-11,169.012,355.6
2011-04-12,165.049,355.6
2011-04-13,161.087,355.6
2011-04-14,161.392,358.14
2011-04-15,162.56,353.06
2011-04-16,161.29,350.52
2011-04-17,160.172,
2011-04-18,159.258,335.28
2011-04-19,158.648,330.2
2011-04-20,157.429,325.12
2011-04-21,158.344,337.82
2011-04-22,158.344,
2011-04-23,158.648,325.12
2011-04-24,159.563,
2011-04-25,157.429,320.04
2011-04-26,156.82,322.58
2011-04-27,156.21,320.04
2011-04-28,154.991,314.96
2011-04-29,154.076,312.42
2011-04-30,154.076,309.88
2011-05-01,153.772,304.8
2011-05-02,151.333,302.26
2011-05-03,148.59,297.18
2011-05-04,147.066,294.64
2011-05-05,144.628,289.56
2011-05-06,141.884,
2011-05-07,139.141,274.32
2011-05-08,136.093,269.24
2011-05-09,133.96,264.16
2011-05-10,132.74,261.62
2011-05-11,130.912,256.54
2011-05-12,128.473,248.92
2011-05-13,124.206,
2011-05-14,120.548,238.76
2011-05-15,117.805,233.68
2011-05-16,117.805,251.46
2011-05-17,120.244,254.0
2011-05-18,123.901,259.08
2011-05-19,125.425,248.92
2011-05-20,122.072,241.3
2011-05-21,119.634,233.68
2011-05-22,116.891,228.6
2011-05-23,115.062,226.06
2011-05-24,112.928,220.98
2011-05-25,111.1,215.9
2011-05-26,110.49,233.68
2011-05-27,111.709,231.14
2011-05-28,110.795,223.52
2011-05-29,109.88,220.98
2011-05-30,109.576,215.9
2011-05-31,108.356,213.36
2011-06-01,108.661,215.9
2011-06-02,109.88,223.52
2011-06-03,110.795,
2011-06-04,110.795,215.9
2011-06-05,108.966,
2011-06-06,107.137,208.28
2011-06-07,105.613,
2011-06-08,102.87,193.04
2011-06-09,99.822,187.96
2011-06-10,96.164,
2011-06-11,92.812,
2011-06-12,88.849,
2011-06-13,85.801,
2011-06-14,81.229,152.4
2011-06-15,77.876,144.78
2011-06-16,74.219,137.16
2011-06-17,70.256,
2011-06-18,66.599,
2011-06-19,63.551,116.84
2011-06-20,58.369,101.6
2011-06-21,51.968,
2011-06-22,46.787,
2011-06-23,40.691,68.58
2011-06-24,36.119,
2011-06-25,31.852,
2011-06-26,27.28,
2011-06-27,22.708,
2011-06-28,15.392,20.32
2011-06-29,8.992,
2011-06-30,5.334,
2011-07-01,2.286,
2011-07-02,1.981,
2011-07-03,0.0,
2011-07-04,0.0,
2011-07-05,0.0,2.54
2011-07-06,0.0,
2011-07-07,0.0,0.0
2011-07-08,0.0,
2011-07-09,0.0,
2011-07-10,0.0,
2011-07-11,0.0,2.54
2011-07-12,0.0,2.54
2011-07-13,0.0,2.54
2011-07-14,0.0,2.54
2011-07-15,0.0,2.54
2011-07-16,0.0,2.54
2011-07-17,0.0,2.54
2011-07-18,0.0,2.54
2011-07-19,0.0,2.54
2011-07-20,0.0,2.54
2011-07-21,0.0,
2011-07-22,0.0,2.54
2011-07-23,0.0,2.54
2011-07-24,0.0,
2011-07-25,0.0,2.54
2011-07-26,0.0,5.08
2011-07-27,0.0,5.08
2011-07-28,0.0,
2011-07-29,0.0,
2011-07-30,0.0,2.54
2011-07-31,0.0,
2011-08-01,0.0,
2011-08-02,0.0,5.08
2011-08-03,0.0,
2011-08-04,0.0,5.08
2011-08-05,0.0,2.54
2011-08-06,0.0,5.08
2011-08-07,0.0,
2011-08-08,0.0,
2011-08-09,0.0,
2011-08-10,0.0,
2011-08-11,0.0,5.08
2011-08-12,0.0,5.08
2011-08-13,0.0,2.54
2011-08-14,0.0,0.0
2011-08-15,0.0,2.54
2011-08-16,0.0,2.54
2011-08-17,0.0,5.08
2011-08-18,0.0,
2011-08-19,0.0,2.54
2011-08-20,0.0,
2011-08-21,0.0,5.08
2011-08-22,0.0,2.54
2011-08-23,0.0,5.08
2011-08-24,0.0,7.62
2011-08-25,0.0,5.08
2011-08-26,0.0,2.54
2011-08-27,0.0,5.08
2011-08-28,0.0,5.08
2011-08-29,0.0,5.08
2011-08-30,0.0,5.08
2011-08-31,0.0,5.08
2011-09-01,0.0,5.08
2011-09-02,0.0,5.08
2011-09-03,0.0,2.54
2011-09-04,0.0,2.54
2011-09-05,0.0,5.08
2011-09-06,0.0,5.08
2011-09-07,0.0,5.08
2011-09-08,0.0,2.54
2011-09-09,0.0,2.54
2011-09-10,0.0,2.54
2011-09-11,0.0,2.54
2011-09-12,0.0,5.08
2011-09-13,0.0,2.54
2011-09-14,0.0,0.0
2011-09-15,0.0,2.54
2011-09-16,0.0,2.54
2011-09-17,0.0,5.08
2011-09-18,0.0,5.08
2011-09-19,0.0,5.08
2011-09-20,0.0,2.54
2011-09-21,0.0,5.08
2011-09-22,0.0,2.54
2011-09-23,0.0,5.08
2011-09-24,0.0,5.08
2011-09-25,0.0,2.54
2011-09-26,0.0,2.54
2011-09-27,0.0,2.54
2011-09-28,0.0,2.54
2011-09-29,0.0,2.54
2011-09-30,0.0,2.54
2011-10-01,0.0,2.54
2011-10-02,0.0,2.54
2011-10-03,0.0,2.54
2011-10-04,0.0,7.62
2011-10-05,2.896,5.08
2011-10-06,3.2,
2011-10-07,2.896,7.62
2011-10-08,1.372,5.08
2011-10-09,1.067,2.54
2011-10-10,1.067,5.08
2011-10-11,1.372,5.08
2011-10-12,0.762,5.08
2011-10-13,0.762,5.08
2011-10-14,0.762,2.54
2011-10-15,0.762,2.54
2011-10-16,0.762,2.54
2011-10-17,0.762,5.08
2011-10-18,0.457,2.54
2011-10-19,0.457,0.0
2011-10-20,0.457,2.54
2011-10-21,0.457,5.08
2011-10-22,0.457,5.08
2011-10-23,0.457,2.54
2011-10-24,0.457,2.54
2011-10-25,0.152,5.08
2011-10-26,0.152,2.54
2011-10-27,0.152,5.08
2011-10-28,0.152,5.08
2011-10-29,0.152,5.08
2011-10-30,0.457,2.54
2011-10-31,0.457,2.54
2011-11-01,0.152,2.54
2011-11-02,0.152,5.08
2011-11-03,0.457,5.08
2011-11-04,0.762,7.62
2011-11-05,1.372,5.08
2011-11-06,2.286,20.32
2011-11-07,2.591,22.86
2011-11-08,2.591,20.32
2011-11-09,2.591,17.78
2011-11-10,2.591,15.24
2011-11-11,2.54,15.24
2011-11-12,3.2,12.7
2011-11-13,3.81,10.16
2011-11-14,3.2,10.16
2011-11-15,2.794,10.16
2011-11-16,2.896,10.16
2011-11-17,2.591,
2011-11-18,2.591,5.08
2011-11-19,2.591,
2011-11-20,3.2,15.24
2011-11-21,3.505,17.78
2011-11-22,6.858,40.64
2011-11-23,9.601,33.02
2011-11-24,12.04,58.42
2011-11-25,12.344,45.72
2011-11-26,12.04,43.18
2011-11-27,12.04,35.56
2011-11-28,12.04,35.56
2011-11-29,10.82,35.56
2011-11-30,10.82,33.02
2011-12-01,10.82,33.02
2011-12-02,10.541,33.02
2011-12-03,10.16,33.02
2011-12-04,9.601,30.48
2011-12-05,7.62,33.02
2011-12-06,6.985,33.02
2011-12-07,6.248,33.02
2011-12-08,6.858,33.02
2011-12-09,5.944,30.48
2011-12-10,9.601,33.02
2011-12-11,12.344,30.48
2011-12-12,12.04,33.02
2011-12-13,11.43,33.02
2011-12-14,15.697,33.02
2011-12-15,19.66,40.64
2011-12-16,16.002,40.64
2011-12-17,14.478,38.1
2011-12-18,12.954,38.1
2011-12-19,12.954,38.1
2011-12-20,14.173,38.1
2011-12-21,15.088,38.1
2011-12-22,15.697,35.56
2011-12-23,21.793,38.1
2011-12-24,23.012,38.1
2011-12-25,23.012,38.1
2011-12-26,23.622,38.1
2011-12-27,23.927,38.1
2011-12-28,23.317,38.1
2011-12-29,19.05,30.48
2011-12-30,16.307,25.4
2011-12-31,14.173,27.94
2012-01-01,18.745,25.4
2012-01-02,16.612,27.94
2012-01-03,15.392,25.4
2012-01-04,13.868,25.4
2012-01-05,13.259,22.86
2012-01-06,11.735,22.86
2012-01-07,17.221,25.4
2012-01-08,17.526,25.4
2012-01-09,18.745,22.86
2012-01-10,22.098,22.86
2012-01-11,21.184,25.4
2012-01-12,23.012,25.4
2012-01-13,26.06,25.4
2012-01-14,27.889,22.86
2012-01-15,29.108,22.86
2012-01-16,27.584,20.32
2012-01-17,27.889,22.86
2012-01-18,28.804,25.4
2012-01-19,30.023,35.56
2012-01-20,31.547,58.42
2012-01-21,33.985,76.2
2012-01-22,34.595,
2012-01-23,35.814,104.14
2012-01-24,35.814,101.6
2012-01-25,36.119,
2012-01-26,37.643,66.04
2012-01-27,36.424,73.66
2012-01-28,35.204,73.66
2012-01-29,35.509,73.66
2012-01-30,35.509,73.66
2012-01-31,35.204,71.12
2012-02-01,36.424,76.2
2012-02-02,36.728,73.66
2012-02-03,37.033,76.2
2012-02-04,37.033,76.2
2012-02-05,37.338,76.2
2012-02-06,37.643,76.2
2012-02-07,38.252,76.2
2012-02-08,38.557,81.28
2012-02-09,38.862,78.74
2012-02-10,39.167,76.2
2012-02-11,39.472,73.66
2012-02-12,38.862,73.66
2012-02-13,39.776,
2012-02-14,39.472,81.28
2012-02-15,39.472,81.28
2012-02-16,39.167,78.74
2012-02-17,39.167,78.74
2012-02-18,39.167,76.2
2012-02-19,37.948,76.2
2012-02-20,37.643,76.2
2012-02-21,37.338,76.2
2012-02-22,37.338,
2012-02-23,37.033,71.12
2012-02-24,36.424,71.12
2012-02-25,36.119,68.58
2012-02-26,34.595,68.58
2012-02-27,33.985,68.58
2012-02-28,33.071,68.58
2012-02-29,35.585,111.76
2012-03-01,36.728,111.76
2012-03-02,36.728,111.76
2012-03-03,37.643,111.76
2012-03-04,37.948,101.6
2012-03-05,38.557,96.52
2012-03-06,39.167,91.44
2012-03-07,37.948,91.44
2012-03-08,37.948,88.9
2012-03-09,37.643,88.9
2012-03-10,38.252,86.36
2012-03-11,38.252,
2012-03-12,39.472,93.98
2012-03-13,40.081,
2012-03-14,46.177,132.08
2012-03-15,51.359,127.0
2012-03-16,52.883,114.3
2012-03-17,53.492,121.92
2012-03-18,50.14,121.92
2012-03-19,48.311,121.92
2012-03-20,47.396,121.92
2012-03-21,47.701,
2012-03-22,48.26,
2012-03-23,50.14,124.46
2012-03-24,48.92,124.46
2012-03-25,48.311,124.46
2012-03-26,48.311,
2012-03-27,49.835,149.86
2012-03-28,56.845,210.82
2012-03-29,60.503,205.74
2012-03-30,64.465,203.2
2012-03-31,67.208,182.88
2012-04-01,69.037,215.9
2012-04-02,68.732,208.28
2012-04-03,68.428,203.2
2012-04-04,68.428,195.58
2012-04-05,68.123,200.66
2012-04-06,68.123,
2012-04-07,68.123,195.58
2012-04-08,68.123,190.5
2012-04-09,67.818,187.96
2012-04-10,67.208,182.88
2012-04-11,66.904,182.88
2012-04-12,67.208,193.04
2012-04-13,73.304,248.92
2012-04-14,75.743,254.0
2012-04-15,76.048,231.14
2012-04-16,76.048,220.98
2012-04-17,75.438,210.82
2012-04-18,73.609,205.74
2012-04-19,71.171,198.12
2012-04-20,68.123,190.5
2012-04-21,65.989,185.42
2012-04-22,63.551,180.34
2012-04-23,60.503,172.72
2012-04-24,57.76,162.56
2012-04-25,54.407,154.94
2012-04-26,51.968,144.78
2012-04-27,46.482,144.78
2012-04-28,44.653,142.24
2012-04-29,43.739,134.62
2012-04-30,42.215,129.54
2012-05-01,40.081,127.0
2012-05-02,38.557,121.92
2012-05-03,37.033,116.84
2012-05-04,36.119,116.84
2012-05-05,34.595,111.76
2012-05-06,33.376,109.22
2012-05-07,32.461,101.6
2012-05-08,30.632,96.52
2012-05-09,28.804,91.44
2012-05-10,26.67,81.28
2012-05-11,24.536,76.2
2012-05-12,23.317,73.66
2012-05-13,22.098,63.5
2012-05-14,20.269,55.88
2012-05-15,16.916,
2012-05-16,14.173,30.48
2012-05-17,10.82,22.86
2012-05-18,8.077,15.24
2012-05-19,5.334,10.16
2012-05-20,3.505,5.08
2012-05-21,1.905,0.0
2012-05-22,0.0,2.54
2012-05-23,0.0,
2012-05-24,0.0,5.08
2012-05-25,0.0,5.08
2012-05-26,0.0,5.08
2012-05-27,0.0,2.54
2012-05-28,0.0,5.08
2012-05-29,0.0,5.08
2012-05-30,0.0,5.08
2012-05-31,0.0,5.08
2012-06-01,0.0,5.08
2012-06-02,0.0,5.08
2012-06-03,0.0,5.08
2012-06-04,0.0,5.08
2012-06-05,0.0,5.08
2012-06-06,0.0,
2012-06-07,0.0,5.08
2012-06-08,0.0,5.08
2012-06-09,0.0,5.08
2012-06-10,0.0,5.08
2012-06-11,0.0,5.08
2012-06-12,0.0,5.08
2012-06-13,0.0,5.08
2012-06-14,0.0,5.08
2012-06-15,0.0,5.08
2012-06-16,0.0,0.0
2012-06-17,0.0,2.54
2012-06-18,0.0,2.54
2012-06-19,0.0,5.08
2012-06-20,0.0,5.08
2012-06-21,0.0,5.08
2012-06-22,0.0,5.08
2012-06-23,0.0,2.54
2012-06-24,0.0,2.54
2012-06-25,0.0,5.08
2012-06-26,0.0,2.54
2012-06-27,0.0,2.54
2012-06-28,0.0,2.54
2012-06-29,0.0,2.54
2012-06-30,0.0,2.54
2012-07-01,0.0,2.54
2012-07-02,0.0,2.54
2012-07-03,0.0,5.08
2012-07-04,0.0,5.08
2012-07-05,0.0,0.0
2012-07-06,0.0,
2012-07-07,0.0,5.08
2012-07-08,0.0,5.08
2012-07-09,0.0,2.54
2012-07-10,0.0,2.54
2012-07-11,0.0,2.54
2012-07-12,0.0,2.54
2012-07-13,0.0,2.54
2012-07-14,0.0,2.54
2012-07-15,0.0,0.0
2012-07-16,0.0,2.54
2012-07-17,0.0,2.54
2012-07-18,0.0,2.54
2012-07-19,0.0,2.54
2012-07-20,0.0,2.54
2012-07-21,0.0,2.54
2012-07-22,0.0,5.08
2012-07-23,0.0,2.54
2012-07-24,0.0,2.54
2012-07-25,0.0,5.08
2012-07-26,0.0,2.54
2012-07-27,0.0,2.54
2012-07-28,0.0,5.08
2012-07-29,0.0,2.54
2012-07-30,0.0,2.54
2012-07-31,0.0,2.54
2012-08-01,0.0,2.54
2012-08-02,0.0,5.08
2012-08-03,0.0,2.54
2012-08-04,0.0,5.08
2012-08-05,0.0,0.0
2012-08-06,0.0,5.08
2012-08-07,0.0,5.08
2012-08-08,0.0,5.08
2012-08-09,0.0,5.08
2012-08-10,0.0,5.08
2012-08-11,0.0,5.08
2012-08-12,0.0,5.08
2012-08-13,0.0,5.08
2012-08-14,0.0,2.54
2012-08-15,0.0,5.08
2012-08-16,0.0,2.54
2012-08-17,0.0,2.54
2012-08-18,0.0,5.08
2012-08-19,0.0,5.08
2012-08-20,0.0,5.08
2012-08-21,0.0,2.54
2012-08-22,0.0,5.08
2012-08-23,0.0,5.08
2012-08-24,0.0,5.08
2012-08-25,0.0,2.54
2012-08-26,0.0,2.54
2012-08-27,0.0,2.54
2012-08-28,0.0,5.08
2012-08-29,0.0,2.54
2012-08-30,0.0,2.54
2012-08-31,0.0,0.0
2012-09-01,0.0,5.08
2012-09-02,0.0,2.54
2012-09-03,0.0,2.54
2012-09-04,0.0,2.54
2012-09-05,0.0,2.54
2012-09-06,0.0,0.0
2012-09-07,0.0,5.08
2012-09-08,0.0,2.54
2012-09-09,0.0,
2012-09-10,0.0,2.54
2012-09-11,0.0,2.54
2012-09-12,0.0,5.08
2012-09-13,0.0,5.08
2012-09-14,0.0,2.54
2012-09-15,0.0,2.54
2012-09-16,0.0,5.08
2012-09-17,0.0,2.54
2012-09-18,0.0,5.08
2012-09-19,0.0,2.54
2012-09-20,0.0,2.54
2012-09-21,0.0,2.54
2012-09-22,0.0,2.54
2012-09-23,0.0,2.54
2012-09-24,0.0,0.0
2012-09-25,0.0,
2012-09-26,0.0,
2012-09-27,0.0,
2012-09-28,0.0,
2012-09-29,0.0,
2012-09-30,0.0,
2012-10-01,0.0,
2012-10-02,0.0,
2012-10-03,0.0,
2012-10-04,0.0,
2012-10-05,0.0,
2012-10-06,0.0,
2012-10-07,0.0,
2012-10-08,0.0,
2012-10-09,0.0,
2012-10-10,0.0,
2012-10-11,0.0,
2012-10-12,0.0,
2012-10-13,0.0,
2012-10-14,0.0,
2012-10-15,0.0,
2012-10-16,0.0,
2012-10-17,0.0,
2012-10-18,0.0,
2012-10-19,0.0,
2012-10-20,0.0,
2012-10-21,0.0,
2012-10-22,0.965,10.16
2012-10-23,3.099,25.4
2012-10-24,5.537,48.26
2012-10-25,6.452,43.18
2012-10-26,6.147,38.1
2012-10-27,5.842,35.56
2012-10-28,5.232,27.94
2012-10-29,4.928,
2012-10-30,4.318,10.16
2012-10-31,3.404,10.16
2012-11-01,1.575,2.54
2012-11-02,0.66,5.08
2012-11-03,0.66,2.54
2012-11-04,0.66,2.54
2012-11-05,0.66,2.54
2012-11-06,0.356,2.54
2012-11-07,0.356,2.54
2012-11-08,1.575,5.08
2012-11-09,1.575,17.78
2012-11-10,1.575,15.24
2012-11-11,1.27,12.7
2012-11-12,1.575,12.7
2012-11-13,1.575,10.16
2012-11-14,1.575,5.08
2012-11-15,0.66,5.08
2012-11-16,0.356,2.54
2012-11-17,0.66,2.54
2012-11-18,0.356,
2012-11-19,2.184,
2012-11-20,2.794,7.62
2012-11-21,0.66,5.08
2012-11-22,0.0,2.54
2012-11-23,0.0,5.08
2012-11-24,0.0,2.54
2012-11-25,0.0,2.54
2012-11-26,0.0,5.08
2012-11-27,0.0,5.08
2012-11-28,0.0,5.08
2012-11-29,0.0,2.54
2012-11-30,0.356,5.08
2012-12-01,0.051,5.08
2012-12-02,0.66,5.08
2012-12-03,0.0,5.08
2012-12-04,0.0,7.62
2012-12-05,0.0,5.08
2012-12-06,0.0,2.54
2012-12-07,0.0,2.54
2012-12-08,0.0,5.08
2012-12-09,0.0,5.08
2012-12-10,0.051,5.08
2012-12-11,0.051,5.08
2012-12-12,2.184,10.16
2012-12-13,1.575,10.16
2012-12-14,0.356,10.16
2012-12-15,0.356,12.7
2012-12-16,2.184,20.32
2012-12-17,5.537,33.02
2012-12-18,5.232,30.48
2012-12-19,5.232,30.48
2012-12-20,5.537,30.48
2012-12-21,10.719,76.2
2012-12-22,17.12,119.38
2012-12-23,22.911,
2012-12-24,28.397,157.48
2012-12-25,28.092,149.86
2012-12-26,30.836,
2012-12-27,30.836,157.48
2012-12-28,30.531,152.4
2012-12-29,31.14,152.4
2012-12-30,31.75,
2012-12-31,32.055,
2013-01-01,32.36,139.7
2013-01-02,32.664,137.16
2013-01-03,32.969,134.62
2013-01-04,32.969,132.08
2013-01-05,32.969,129.54
2013-01-06,33.274,127.0
2013-01-07,33.274,127.0
2013-01-08,33.579,121.92
2013-01-09,33.579,121.92
2013-01-10,35.408,134.62
2013-01-11,35.103,132.08
2013-01-12,34.798,
2013-01-13,34.798,
2013-01-14,35.103,127.0
2013-01-15,35.103,127.0
2013-01-16,35.712,124.46
2013-01-17,35.712,121.92
2013-01-18,35.408,121.92
2013-01-19,35.408,116.84
2013-01-20,35.408,119.38
2013-01-21,35.408,116.84
2013-01-22,35.408,116.84
2013-01-23,35.712,114.3
2013-01-24,35.052,114.3
2013-01-25,34.798,109.22
2013-01-26,36.017,104.14
2013-01-27,35.408,101.6
2013-01-28,35.408,101.6
2013-01-29,35.408,99.06
2013-01-30,35.712,99.06
2013-01-31,35.712,96.52
2013-02-01,35.712,99.06
2013-02-02,36.017,96.52
2013-02-03,36.017,96.52
2013-02-04,36.322,96.52
2013-02-05,36.932,93.98
2013-02-06,36.932,91.44
2013-02-07,37.846,93.98
2013-02-08,39.675,
2013-02-09,39.98,106.68
2013-02-10,39.98,104.14
2013-02-11,40.284,101.6
2013-02-12,40.284,101.6
2013-02-13,40.284,99.06
2013-02-14,38.76,99.06
2013-02-15,39.37,96.52
2013-02-16,39.675,93.98
2013-02-17,40.284,91.44
2013-02-18,39.675,91.44
2013-02-19,39.675,
2013-02-20,42.113,114.3
2013-02-21,42.113,111.76
2013-02-22,42.723,111.76
2013-02-23,43.332,109.22
2013-02-24,43.637,106.68
2013-02-25,43.942,106.68
2013-02-26,44.247,106.68
2013-02-27,44.247,106.68
2013-02-28,42.723,104.14
2013-03-01,42.418,99.06
2013-03-02,43.028,96.52
2013-03-03,43.942,93.98
2013-03-04,43.028,91.44
2013-03-05,42.113,91.44
2013-03-06,45.161,111.76
2013-03-07,50.343,144.78
2013-03-08,50.648,137.16
2013-03-09,50.952,134.62
2013-03-10,50.952,127.0
2013-03-11,51.257,121.92
2013-03-12,51.257,116.84
2013-03-13,49.124,111.76
2013-03-14,47.904,109.22
2013-03-15,46.38,104.14
2013-03-16,45.161,101.6
2013-03-17,44.856,101.6
2013-03-18,44.552,99.06
2013-03-19,44.856,96.52
2013-03-20,45.466,93.98
2013-03-21,41.808,91.44
2013-03-22,40.894,91.44
2013-03-23,41.199,91.44
2013-03-24,41.808,91.44
2013-03-25,40.589,88.9
2013-03-26,39.98,86.36
2013-03-27,37.846,83.82
2013-03-28,35.712,76.2
2013-03-29,33.884,
2013-03-30,32.664,71.12
2013-03-31,31.14,68.58
2013-04-01,29.312,63.5
2013-04-02,27.788,60.96
2013-04-03,26.568,58.42
2013-04-04,25.654,53.34
2013-04-05,22.911,50.8
2013-04-06,21.082,45.72
2013-04-07,18.339,40.64
2013-04-08,15.9,38.1
2013-04-09,15.291,35.56
2013-04-10,14.072,33.02
2013-04-11,12.548,27.94
2013-04-12,11.024,25.4
2013-04-13,9.5,20.32
2013-04-14,8.28,15.24
2013-04-15,6.756,17.78
2013-04-16,6.147,15.24
2013-04-17,6.452,12.7
2013-04-18,4.318,12.7
2013-04-19,4.013,10.16
2013-04-20,2.489,5.08
2013-04-21,0.356,5.08
2013-04-22,0.0,5.08
2013-04-23,0.0,
2013-04-24,0.0,5.08
2013-04-25,0.0,7.62
2013-04-26,0.0,2.54
2013-04-27,0.0,5.08
2013-04-28,0.0,5.08
2013-04-29,0.0,5.08
2013-04-30,0.0,5.08
2013-05-01,0.0,5.08
2013-05-02,0.0,5.08
2013-05-03,0.0,2.54
2013-05-04,0.0,5.08
2013-05-05,0.0,2.54
2013-05-06,0.0,2.54
2013-05-07,0.0,2.54
2013-05-08,0.0,2.54
2013-05-09,0.0,2.54
2013-05-10,0.0,2.54
2013-05-11,0.0,2.54
2013-05-12,0.0,2.54
2013-05-13,0.0,2.54
2013-05-14,0.0,5.08
2013-05-15,0.0,2.54
2013-05-16,0.0,2.54
2013-05-17,0.0,5.08
2013-05-18,0.0,5.08
2013-05-19,0.0,5.08
2013-05-20,0.0,5.08
2013-05-21,0.0,2.54
2013-05-22,0.0,5.08
2013-05-23,0.0,5.08
2013-05-24,0.0,5.08
2013-05-25,0.0,5.08
2013-05-26,0.0,5.08
2013-05-27,0.0,2.54
2013-05-28,0.0,5.08
2013-05-29,0.0,5.08
2013-05-30,0.0,5.08
2013-05-31,0.0,2.54
2013-06-01,0.0,5.08
2013-06-02,0.0,5.08
2013-06-03,0.0,5.08
2013-06-04,0.0,2.54
2013-06-05,0.0,5.08
2013-06-06,0.0,2.54
2013-06-07,0.0,2.54
2013-06-08,0.0,5.08
2013-06-09,0.0,5.08
2013-06-10,0.0,5.08
2013-06-11,0.0,5.08
2013-06-12,0.0,5.08
2013-06-13,0.0,5.08
2013-06-14,0.0,2.54
2013-06-15,0.0,
2013-06-16,0.0,5.08
2013-06-17,0.0,5.08
2013-06-18,0.0,2.54
2013-06-19,0.0,2.54
2013-06-20,0.0,
2013-06-21,0.0,5.08
2013-06-22,0.0,5.08
2013-06-23,0.0,2.54
2013-06-24,0.0,5.08
2013-06-25,0.0,5.08
2013-06-26,0.0,2.54
2013-06-27,0.0,2.54
2013-06-28,0.0,2.54
2013-06-29,0.0,2.54
2013-06-30,0.0,2.54
2013-07-01,0.0,2.54
2013-07-02,0.0,2.54
2013-07-03,0.0,2.54
2013-07-04,0.0,2.54
2013-07-05,0.0,2.54
2013-07-06,0.0,5.08
2013-07-07,0.0,2.54
2013-07-08,0.0,2.54
2013-07-09,0.0,5.08
2013-07-10,0.0,5.08
2013-07-11,0.0,5.08
2013-07-12,0.0,5.08
2013-07-13,0.0,5.08
2013-07-14,0.0,5.08
2013-07-15,0.0,5.08
2013-07-16,0.0,2.54
2013-07-17,0.0,
2013-07-18,0.0,
2013-07-19,0.0,2.54
2013-07-20,0.0,2.54
2013-07-21,0.0,5.08
2013-07-22,0.0,5.08
2013-07-23,0.0,2.54
2013-07-24,0.0,2.54
2013-07-25,0.0,2.54
2013-07-26,0.0,5.08
2013-07-27,0.0,
2013-07-28,0.0,
2013-07-29,0.0,
2013-07-30,0.0,
2013-07-31,0.0,5.08
2013-08-01,0.0,2.54
2013-08-02,0.0,2.54
2013-08-03,0.0,2.54
2013-08-04,0.0,
2013-08-05,0.0,5.08
2013-08-06,0.0,
2013-08-07,0.0,2.54
2013-08-08,0.0,2.54
2013-08-09,0.0,
2013-08-10,0.0,2.54
2013-08-11,0.0,2.54
2013-08-12,0.0,5.08
2013-08-13,0.0,
2013-08-14,0.0,5.08
2013-08-15,0.0,5.08
2013-08-16,0.0,5.08
2013-08-17,0.0,2.54
2013-08-18,0.0,2.54
2013-08-19,0.0,2.54
2013-08-20,0.0,2.54
2013-08-21,0.0,
2013-08-22,0.0,2.54
2013-08-23,0.0,5.08
2013-08-24,0.0,
2013-08-25,0.0,5.08
2013-08-26,0.0,2.54
2013-08-27,0.0,
2013-08-28,0.0,2.54
2013-08-29,0.0,2.54
2013-08-30,0.0,2.54
2013-08-31,0.0,2.54
2013-09-01,0.0,5.08
2013-09-02,0.0,2.54
2013-09-03,0.0,5.08
2013-09-04,0.0,2.54
2013-09-05,0.0,2.54
2013-09-06,0.0,5.08
2013-09-07,0.0,2.54
2013-09-08,0.0,2.54
2013-09-09,0.0,2.54
2013-09-10,0.0,2.54
2013-09-11,0.0,
2013-09-12,0.0,2.54
2013-09-13,0.0,2.54
2013-09-14,0.0,2.54
2013-09-15,0.0,0.0
2013-09-16,0.0,
2013-09-17,0.0,2.54
2013-09-18,0.0,2.54
2013-09-19,0.0,5.08
2013-09-20,0.0,
2013-09-21,0.0,2.54
2013-09-22,0.0,2.54
2013-09-23,0.0,
2013-09-24,0.0,5.08
2013-09-25,0.0,
2013-09-26,0.0,5.08
2013-09-27,0.0,2.54
2013-09-28,0.0,2.54
2013-09-29,0.0,5.08
2013-09-30,0.0,5.08
2013-10-01,0.0,5.08
2013-10-02,0.0,5.08
2013-10-03,0.0,5.08
2013-10-04,0.0,2.54
2013-10-05,0.0,5.08
2013-10-06,0.0,5.08
2013-10-07,0.0,5.08
2013-10-08,0.0,5.08
2013-10-09,0.0,2.54
2013-10-10,0.0,5.08
2013-10-11,0.0,
2013-10-12,0.0,5.08
2013-10-13,0.0,5.08
2013-10-14,0.0,2.54
2013-10-15,0.0,5.08
2013-10-16,0.0,5.08
2013-10-17,0.0,
2013-10-18,0.0,5.08
2013-10-19,0.0,5.08
2013-10-20,0.0,5.08
2013-10-21,0.0,5.08
2013-10-22,0.0,5.08
2013-10-23,0.0,5.08
2013-10-24,0.0,
2013-10-25,0.0,5.08
2013-10-26,0.0,2.54
2013-10-27,0.0,5.08
2013-10-28,0.0,
2013-10-29,0.0,2.54
2013-10-30,0.0,5.08
2013-10-31,0.0,5.08
2013-11-01,0.0,2.54
2013-11-02,0.0,2.54
2013-11-03,0.0,5.08
2013-11-04,0.0,5.08
2013-11-05,0.0,5.08
2013-11-06,0.0,5.08
2013-11-07,0.0,2.54
2013-11-08,0.0,5.08
2013-11-09,0.0,2.54
2013-11-10,0.0,5.08
2013-11-11,0.0,5.08
2013-11-12,0.0,2.54
2013-11-13,0.0,
2013-11-14,0.0,2.54
2013-11-15,0.0,5.08
2013-11-16,0.0,5.08
2013-11-17,0.0,2.54
2013-11-18,0.0,5.08
2013-11-19,0.0,5.08
2013-11-20,0.0,
2013-11-21,0.0,5.08
2013-11-22,0.0,7.62
2013-11-23,0.508,7.62
2013-11-24,0.813,5.08
2013-11-25,1.727,7.62
2013-11-26,2.642,7.62
2013-11-27,2.946,7.62
2013-11-28,2.946,7.62
2013-11-29,2.642,7.62
2013-11-30,2.946,5.08
2013-12-01,,5.08
2013-12-02,,5.08
2013-12-03,,5.08
2013-12-04,,5.08
2013-12-05,,7.62
2013-12-06,,7.62
2013-12-07,,20.32
2013-12-08,,15.24
2013-12-09,,15.24
2013-12-10,,17.78
2013-12-11,,17.78
2013-12-12,,15.24
2013-12-13,,15.24
2013-12-14,,15.24
2013-12-15,,15.24
2013-12-16,,15.24
2013-12-17,,12.7
2013-12-18,,10.16
2013-12-19,,10.16
2013-12-20,,12.7
2013-12-21,,10.16
2013-12-22,,12.7
2013-12-23,,10.16
2013-12-24,,10.16
2013-12-25,,10.16
2013-12-26,,12.7
2013-12-27,,10.16
2013-12-28,,10.16
2013-12-29,,10.16
2013-12-30,,10.16
2013-12-31,,10.16
2014-01-01,,12.7
2014-01-02,,
2014-01-03,,10.16
2014-01-04,,10.16
2014-01-05,,12.7
2014-01-06,,10.16
2014-01-07,,10.16
2014-01-08,,10.16
2014-01-09,,
2014-01-10,,
2014-01-11,,10.16
2014-01-12,,
2014-01-13,,15.24
2014-01-14,,15.24
2014-01-15,,
2014-01-16,,15.24
2014-01-17,,15.24
2014-01-18,,15.24
2014-01-19,,12.7
2014-01-20,,12.7
2014-01-21,,12.7
2014-01-22,,10.16
2014-01-23,,10.16
2014-01-24,,10.16
2014-01-25,,12.7
2014-01-26,,12.7
2014-01-27,,12.7
2014-01-28,,10.16
2014-01-29,,
2014-01-30,,10.16
2014-01-31,,10.16
2014-02-01,,10.16
2014-02-02,,10.16
2014-02-03,,2.54
2014-02-04,,10.16
2014-02-05,,10.16
2014-02-06,,7.62
2014-02-07,,22.86
2014-02-08,,
2014-02-09,,
2014-02-10,,33.02
2014-02-11,,30.48
2014-02-12,,
2014-02-13,,22.86
2014-02-14,,
2014-02-15,,2.54
2014-02-16,,10.16
2014-02-17,,10.16
2014-02-18,,10.16
2014-02-19,,10.16
2014-02-20,,10.16
2014-02-21,,10.16
2014-02-22,,10.16
2014-02-23,,10.16
2014-02-24,,10.16
2014-02-25,,10.16
2014-02-26,,7.62
2014-02-27,,
2014-02-28,,33.02
2014-03-01,,30.48
2014-03-02,,33.02
2014-03-03,,25.4
2014-03-04,,25.4
2014-03-05,,20.32
2014-03-06,,15.24
2014-03-07,,15.24
2014-03-08,,15.24
2014-03-09,,12.7
2014-03-10,,7.62
2014-03-11,,10.16
2014-03-12,,7.62
2014-03-13,,10.16
2014-03-14,,10.16
2014-03-15,,7.62
2014-03-16,,5.08
2014-03-17,,5.08
2014-03-18,,5.08
2014-03-19,,5.08
2014-03-20,,5.08
2014-03-21,,5.08
2014-03-22,,5.08
2014-03-23,,7.62
2014-03-24,,5.08
2014-03-25,,5.08
2014-03-26,,7.62
2014-03-27,,22.86
2014-03-28,,22.86
2014-03-29,,15.24
2014-03-30,,12.7
2014-03-31,,
2014-04-01,,43.18
2014-04-02,,45.72
2014-04-03,,35.56
2014-04-04,,30.48
2014-04-05,,27.94
2014-04-06,,20.32
2014-04-07,,15.24
2014-04-08,,15.24
2014-04-09,,7.62
2014-04-10,,5.08
2014-04-11,,5.08
2014-04-12,,5.08
2014-04-13,,5.08
2014-04-14,,5.08
2014-04-15,,2.54
2014-04-16,,5.08
2014-04-17,,2.54
2014-04-18,,5.08
2014-04-19,,2.54
2014-04-20,,5.08
2014-04-21,,5.08
2014-04-22,,5.08
2014-04-23,,5.08
2014-04-24,,5.08
2014-04-25,,5.08
2014-04-26,,5.08
2014-04-27,,5.08
2014-04-28,,5.08
2014-04-29,,5.08
2014-04-30,,5.08
2014-05-01,,5.08
2014-05-02,,5.08
2014-05-03,,2.54
2014-05-04,,2.54
2014-05-05,,5.08
2014-05-06,,5.08
2014-05-07,,
2014-05-08,,5.08
2014-05-09,,5.08
2014-05-10,,5.08
2014-05-11,,5.08
2014-05-12,,2.54
2014-05-13,,7.62
2014-05-14,,5.08
2014-05-15,,2.54
2014-05-16,,5.08
2014-05-17,,5.08
2014-05-18,,2.54
2014-05-19,,
2014-05-20,,
2014-05-21,,5.08
2014-05-22,,2.54
2014-05-23,,5.08
2014-05-24,,5.08
2014-05-25,,5.08
2014-05-26,,5.08
2014-05-27,,5.08
2014-05-28,,5.08
2014-05-29,,5.08
2014-05-30,,5.08
2014-05-31,,5.08
2014-06-01,,2.54
2014-06-02,,5.08
2014-06-03,,2.54
2014-06-04,,5.08
2014-06-05,,2.54
2014-06-06,,5.08
2014-06-07,,2.54
2014-06-08,,5.08
2014-06-09,,5.08
2014-06-10,,2.54
2014-06-11,,2.54
2014-06-12,,2.54
2014-06-13,,5.08
2014-06-14,,
2014-06-15,,2.54
2014-06-16,,
2014-06-17,,5.08
2014-06-18,,
2014-06-19,,5.08
2014-06-20,,2.54
2014-06-21,,5.08
2014-06-22,,2.54
2014-06-23,,5.08
2014-06-24,,2.54
2014-06-25,,2.54
2014-06-26,,2.54
2014-06-27,,2.54
2014-06-28,,2.54
2014-06-29,,2.54
2014-06-30,,5.08
2014-07-01,,5.08
2014-07-02,,5.08
2014-07-03,,5.08
2014-07-04,,2.54
2014-07-05,,2.54
2014-07-06,,5.08
2014-07-07,,5.08
2014-07-08,,5.08
2014-07-09,,5.08
2014-07-10,,5.08
2014-07-11,,2.54
2014-07-12,,5.08
2014-07-13,,5.08
2014-07-14,,5.08
2014-07-15,,2.54
2014-07-16,,5.08
2014-07-17,,5.08
2014-07-18,,5.08
2014-07-19,,5.08
2014-07-20,,5.08
2014-07-21,,5.08
2014-07-22,,5.08
2014-07-23,,5.08
2014-07-24,,5.08
2014-07-25,,5.08
2014-07-26,,5.08
2014-07-27,,5.08
2014-07-28,,5.08
2014-07-29,,5.08
2014-07-30,,5.08
2014-07-31,,5.08
2014-08-01,,5.08
2014-08-02,,2.54
2014-08-03,,5.08
2014-08-04,,5.08
2014-08-05,,2.54
2014-08-06,,2.54
2014-08-07,,0.0
2014-08-08,,2.54
2014-08-09,,
2014-08-10,,5.08
2014-08-11,,
2014-08-12,,5.08
2014-08-13,,5.08
2014-08-14,,
2014-08-15,,2.54
2014-08-16,,5.08
2014-08-17,,5.08
2014-08-18,,5.08
2014-08-19,,5.08
2014-08-20,,5.08
2014-08-21,,5.08
2014-08-22,,5.08
2014-08-23,,
2014-08-24,,5.08
2014-08-25,,5.08
2014-08-26,,5.08
2014-08-27,,5.08
2014-08-28,,5.08
2014-08-29,,5.08
2014-08-30,,5.08
2014-08-31,,
2014-09-01,,5.08
2014-09-02,,5.08
2014-09-03,,5.08
2014-09-04,,5.08
2014-09-05,,5.08
2014-09-06,,5.08
2014-09-07,,5.08
2014-09-08,,5.08
2014-09-09,,5.08
2014-09-10,,5.08
2014-09-11,,5.08
2014-09-12,,5.08
2014-09-13,,5.08
2014-09-14,,5.08
2014-09-15,,5.08
2014-09-16,,2.54
2014-09-17,,5.08
2014-09-18,,5.08
2014-09-19,,
2014-09-20,,5.08
2014-09-21,,5.08
2014-09-22,,5.08
2014-09-23,,5.08
2014-09-24,,5.08
2014-09-25,,5.08
2014-09-26,,
2014-09-27,,5.08
2014-09-28,,2.54
2014-09-29,,2.54
2014-09-30,,5.08
2014-10-01,0.0,5.08
2014-10-02,0.0,
2014-10-03,0.0,5.08
2014-10-04,0.0,5.08
2014-10-05,0.0,5.08
2014-10-06,0.0,5.08
2014-10-07,0.0,5.08
2014-10-08,0.0,5.08
2014-10-09,0.0,
2014-10-10,0.0,
2014-10-11,0.0,
2014-10-12,0.0,5.08
2014-10-13,0.0,5.08
2014-10-14,0.0,5.08
2014-10-15,0.0,
2014-10-16,0.0,
2014-10-17,0.0,5.08
2014-10-18,0.0,
2014-10-19,0.0,2.54
2014-10-20,0.0,5.08
2014-10-21,0.0,
2014-10-22,0.0,5.08
2014-10-23,0.0,
2014-10-24,0.0,5.08
2014-10-25,0.0,
2014-10-26,0.0,
2014-10-27,0.0,7.62
2014-10-28,0.0,7.62
2014-10-29,0.0,
2014-10-30,0.0,5.08
2014-10-31,0.0,5.08
2014-11-01,0.0,
2014-11-02,0.0,
2014-11-03,0.0,
2014-11-04,0.0,2.54
2014-11-05,0.0,2.54
2014-11-06,0.0,7.62
2014-11-07,0.0,
2014-11-08,0.0,5.08
2014-11-09,0.0,5.08
2014-11-10,0.0,
2014-11-11,0.0,7.62
2014-11-12,0.0,
2014-11-13,0.0,
2014-11-14,0.0,
2014-11-15,0.0,5.08
2014-11-16,0.0,5.08
2014-11-17,0.0,10.16
2014-11-18,0.0,7.62
2014-11-19,0.0,7.62
2014-11-20,0.0,5.08
2014-11-21,0.0,5.08
2014-11-22,0.0,5.08
2014-11-23,0.0,5.08
2014-11-24,0.0,10.16
2014-11-25,0.0,5.08
2014-11-26,0.0,7.62
2014-11-27,0.0,5.08
2014-11-28,0.0,5.08
2014-11-29,0.0,5.08
2014-11-30,0.0,
2014-12-01,0.0,5.08
2014-12-02,0.0,5.08
2014-12-03,0.0,
2014-12-04,0.0,5.08
2014-12-05,0.0,5.08
2014-12-06,0.0,5.08
2014-12-07,0.0,5.08
2014-12-08,0.0,5.08
2014-12-09,0.0,5.08
2014-12-10,0.0,5.08
2014-12-11,0.0,5.08
2014-12-12,0.305,48.26
2014-12-13,0.305,15.24
2014-12-14,0.914,12.7
2014-12-15,0.914,15.24
2014-12-16,2.743,35.56
2014-12-17,6.401,45.72
2014-12-18,9.754,66.04
2014-12-19,13.106,
2014-12-20,15.545,60.96
2014-12-21,15.24,50.8
2014-12-22,14.021,40.64
2014-12-23,13.106,40.64
2014-12-24,12.802,35.56
2014-12-25,11.278,38.1
2014-12-26,10.363,38.1
2014-12-27,16.459,38.1
2014-12-28,18.898,38.1
2014-12-29,18.288,30.48
2014-12-30,18.593,38.1
2014-12-31,18.593,38.1
2015-01-01,18.288,38.1
2015-01-02,16.764,33.02
2015-01-03,14.63,38.1
2015-01-04,14.63,38.1
2015-01-05,14.63,38.1
2015-01-06,14.63,38.1
2015-01-07,14.935,38.1
2015-01-08,14.935,38.1
2015-01-09,14.63,38.1
2015-01-10,14.63,35.56
2015-01-11,15.24,35.56
2015-01-12,15.545,35.56
2015-01-13,15.85,35.56
2015-01-14,15.85,35.56
2015-01-15,13.411,35.56
2015-01-16,12.497,25.4
2015-01-17,14.935,35.56
2015-01-18,14.63,27.94
2015-01-19,12.802,30.48
2015-01-20,12.497,30.48
2015-01-21,13.106,30.48
2015-01-22,11.582,30.48
2015-01-23,10.363,30.48
2015-01-24,10.973,27.94
2015-01-25,12.192,27.94
2015-01-26,12.192,27.94
2015-01-27,11.887,25.4
2015-01-28,11.582,22.86
2015-01-29,10.973,22.86
2015-01-30,11.582,22.86
2015-01-31,11.582,22.86
2015-02-01,10.363,20.32
2015-02-02,9.754,20.32
2015-02-03,9.144,10.16
2015-02-04,7.925,15.24
2015-02-05,5.791,10.16
2015-02-06,4.572,10.16
2015-02-07,5.182,12.7
2015-02-08,3.353,2.54
2015-02-09,1.829,7.62
2015-02-10,1.219,7.62
2015-02-11,0.914,7.62
2015-02-12,0.61,5.08
2015-02-13,0.305,7.62
2015-02-14,0.0,7.62
2015-02-15,0.0,5.08
2015-02-16,0.0,10.16
2015-02-17,0.0,7.62
2015-02-18,0.0,7.62
2015-02-19,0.0,10.16
2015-02-20,0.0,10.16
2015-02-21,0.0,10.16
2015-02-22,0.0,7.62
2015-02-23,0.0,7.62
2015-02-24,0.0,10.16
2015-02-25,0.0,7.62
2015-02-26,0.0,5.08
2015-02-27,0.0,2.54
2015-02-28,0.0,7.62
2015-03-01,0.0,7.62
2015-03-02,0.0,7.62
2015-03-03,0.0,5.08
2015-03-04,0.0,7.62
2015-03-05,0.0,7.62
2015-03-06,0.0,10.16
2015-03-07,0.0,5.08
2015-03-08,0.0,7.62
2015-03-09,0.0,7.62
2015-03-10,0.0,7.62
2015-03-11,0.0,7.62
2015-03-12,0.0,5.08
2015-03-13,0.0,7.62
2015-03-14,0.0,5.08
2015-03-15,0.0,5.08
2015-03-16,0.0,5.08
2015-03-17,0.0,5.08
2015-03-18,0.0,7.62
2015-03-19,0.0,7.62
2015-03-20,0.0,5.08
2015-03-21,0.0,5.08
2015-03-22,0.0,5.08
2015-03-23,0.0,7.62
2015-03-24,0.0,5.08
2015-03-25,0.0,2.54
2015-03-26,0.0,5.08
2015-03-27,0.0,2.54
2015-03-28,0.0,5.08
2015-03-29,0.0,5.08
2015-03-30,0.0,5.08
2015-03-31,0.0,5.08
2015-04-01,0.0,7.62
2015-04-02,0.0,7.62
2015-04-03,0.0,7.62
2015-04-04,0.0,5.08
2015-04-05,0.0,5.08
2015-04-06,0.0,
2015-04-07,0.61,20.32
2015-04-08,2.438,35.56
2015-04-09,2.743,30.48
2015-04-10,2.743,20.32
2015-04-11,2.743,15.24
2015-04-12,1.524,10.16
2015-04-13,0.914,7.62
2015-04-14,0.305,5.08
2015-04-15,0.0,7.62
2015-04-16,0.0,7.62
2015-04-17,0.0,7.62
2015-04-18,0.0,5.08
2015-04-19,0.0,7.62
2015-04-20,0.0,5.08
2015-04-21,0.0,5.08
2015-04-22,0.0,7.62
2015-04-23,0.0,5.08
2015-04-24,0.0,5.08
2015-04-25,0.0,5.08
2015-04-26,0.0,5.08
2015-04-27,0.0,5.08
2015-04-28,0.0,5.08
2015-04-29,0.0,5.08
2015-04-30,0.0,5.08
2015-05-01,0.0,2.54
2015-05-02,0.0,5.08
2015-05-03,0.0,5.08
2015-05-04,0.0,5.08
2015-05-05,0.0,5.08
2015-05-06,0.0,5.08
2015-05-07,0.0,5.08
2015-05-08,0.0,5.08
2015-05-09,0.0,5.08
2015-05-10,0.0,5.08
2015-05-11,0.0,5.08
2015-05-12,0.0,5.08
2015-05-13,0.0,5.08
2015-05-14,0.0,5.08
2015-05-15,0.0,5.08
2015-05-16,0.0,5.08
2015-05-17,0.0,5.08
2015-05-18,0.0,5.08
2015-05-19,0.0,5.08
2015-05-20,0.0,5.08
2015-05-21,0.0,5.08
2015-05-22,0.0,5.08
2015-05-23,0.0,5.08
2015-05-24,0.0,5.08
2015-05-25,0.0,5.08
2015-05-26,0.0,2.54
2015-05-27,0.0,5.08
2015-05-28,0.0,5.08
2015-05-29,0.0,5.08
2015-05-30,0.0,5.08
2015-05-31,0.0,5.08
2015-06-01,0.0,5.08
2015-06-02,0.0,5.08
2015-06-03,0.0,5.08
2015-06-04,0.0,5.08
2015-06-05,0.0,5.08
2015-06-06,0.0,7.62
2015-06-07,0.0,5.08
2015-06-08,0.0,5.08
2015-06-09,0.0,7.62
2015-06-10,0.0,5.08
2015-06-11,0.0,5.08
2015-06-12,0.0,2.54
2015-06-13,0.0,5.08
2015-06-14,0.0,7.62
2015-06-15,0.0,5.08
2015-06-16,0.0,5.08
2015-06-17,0.0,5.08
2015-06-18,0.0,5.08
2015-06-19,0.0,5.08
2015-06-20,0.0,5.08
2015-06-21,0.0,2.54
2015-06-22,0.0,5.08
2015-06-23,0.0,5.08
2015-06-24,0.0,5.08
2015-06-25,0.0,2.54
2015-06-26,0.0,5.08
2015-06-27,0.0,5.08
2015-06-28,0.0,2.54
2015-06-29,0.0,2.54
2015-06-30,0.0,2.54
2015-07-01,0.0,0.0
2015-07-02,0.0,5.08
2015-07-03,0.0,0.0
2015-07-04,0.0,2.54
2015-07-05,0.0,5.08
2015-07-06,0.0,5.08
2015-07-07,0.0,5.08
2015-07-08,0.0,5.08
2015-07-09,0.0,5.08
2015-07-10,0.0,5.08
2015-07-11,0.0,5.08
2015-07-12,0.0,5.08
2015-07-13,0.0,5.08
2015-07-14,0.0,5.08
2015-07-15,0.0,5.08
2015-07-16,0.0,5.08
2015-07-17,0.0,5.08
2015-07-18,0.0,5.08
2015-07-19,0.0,2.54
2015-07-20,0.0,5.08
2015-07-21,0.0,5.08
2015-07-22,0.0,2.54
2015-07-23,0.0,2.54
2015-07-24,0.0,2.54
2015-07-25,0.0,5.08
2015-07-26,0.0,2.54
2015-07-27,0.0,2.54
2015-07-28,0.0,2.54
2015-07-29,0.0,0.0
2015-07-30,0.0,2.54
2015-07-31,0.0,2.54
2015-08-01,0.0,2.54
2015-08-02,0.0,2.54
2015-08-03,0.0,5.08
2015-08-04,0.0,5.08
2015-08-05,0.0,5.08
2015-08-06,0.0,5.08
2015-08-07,0.0,2.54
2015-08-08,0.0,2.54
2015-08-09,0.0,2.54
2015-08-10,0.0,5.08
2015-08-11,0.0,2.54
2015-08-12,0.0,2.54
2015-08-13,0.0,2.54
2015-08-14,0.0,5.08
2015-08-15,0.0,2.54
2015-08-16,0.0,5.08
2015-08-17,0.0,2.54
2015-08-18,0.0,2.54
2015-08-19,0.0,2.54
2015-08-20,0.0,2.54
2015-08-21,0.0,2.54
2015-08-22,0.0,2.54
2015-08-23,0.0,2.54
2015-08-24,0.0,5.08
2015-08-25,0.0,5.08
2015-08-26,0.0,5.08
2015-08-27,0.0,2.54
2015-08-28,0.0,2.54
2015-08-29,0.0,5.08
2015-08-30,0.0,2.54
2015-08-31,0.0,2.54
2015-09-01,0.0,5.08
2015-09-02,0.0,2.54
2015-09-03,0.0,5.08
2015-09-04,0.0,5.08
2015-09-05,0.0,5.08
2015-09-06,0.0,5.08
2015-09-07,0.0,5.08
2015-09-08,0.0,5.08
2015-09-09,0.0,5.08
2015-09-10,0.0,5.08
2015-09-11,0.0,5.08
2015-09-12,0.0,5.08
2015-09-13,0.0,5.08
2015-09-14,0.0,2.54
2015-09-15,0.0,2.54
2015-09-16,0.0,2.54
2015-09-17,0.0,
2015-09-18,0.0,2.54
2015-09-19,0.0,2.54
2015-09-20,0.0,
2015-09-21,0.0,2.54
2015-09-22,0.0,2.54
2015-09-23,0.0,2.54
2015-09-24,0.0,2.54
2015-09-25,0.0,5.08
2015-09-26,0.0,5.08
2015-09-27,0.0,5.08
2015-09-28,0.0,5.08
2015-09-29,0.0,5.08
2015-09-30,0.0,5.08
2015-10-01,0.0,5.08
2015-10-02,0.0,2.54
2015-10-03,0.0,2.54
2015-10-04,0.0,
2015-10-05,0.0,2.54
2015-10-06,0.0,2.54
2015-10-07,0.0,
2015-10-08,0.0,2.54
2015-10-09,0.0,
2015-10-10,0.0,2.54
2015-10-11,0.0,
2015-10-12,0.0,5.08
2015-10-13,0.0,5.08
2015-10-14,0.0,5.08
2015-10-15,0.0,2.54
2015-10-16,0.0,2.54
2015-10-17,0.0,2.54
2015-10-18,0.0,2.54
2015-10-19,0.0,2.54
2015-10-20,0.0,5.08
2015-10-21,0.0,5.08
2015-10-22,0.0,5.08
2015-10-23,0.0,
2015-10-24,0.0,5.08
2015-10-25,0.0,5.08
2015-10-26,0.0,5.08
2015-10-27,0.0,2.54
2015-10-28,0.0,5.08
2015-10-29,0.0,2.54
2015-10-30,0.0,
2015-10-31,0.0,2.54
2015-11-01,0.0,5.08
2015-11-02,0.0,5.08
2015-11-03,0.0,5.08
2015-11-04,0.0,5.08
2015-11-05,0.0,5.08
2015-11-06,0.0,5.08
2015-11-07,0.0,5.08
2015-11-08,0.0,5.08
2015-11-09,0.0,7.62
2015-11-10,0.0,10.16
2015-11-11,0.0,
2015-11-12,0.0,
2015-11-13,0.0,10.16
2015-11-14,0.0,5.08
2015-11-15,0.0,5.08
2015-11-16,0.0,12.7
2015-11-17,0.0,12.7
2015-11-18,0.0,
2015-11-19,0.0,7.62
2015-11-20,0.0,5.08
2015-11-21,0.0,7.62
2015-11-22,0.0,
2015-11-23,0.0,5.08
2015-11-24,0.0,2.54
2015-11-25,0.0,20.32
2015-11-26,0.0,15.24
2015-11-27,0.0,15.24
2015-11-28,0.0,17.78
2015-11-29,0.0,17.78
2015-11-30,0.0,
2015-12-01,0.0,
2015-12-02,0.61,17.78
2015-12-03,0.914,12.7
2015-12-04,5.791,40.64
2015-12-05,6.706,43.18
2015-12-06,8.23,66.04
2015-12-07,9.449,45.72
2015-12-08,9.144,27.94
2015-12-09,7.925,20.32
2015-12-10,7.01,10.16
2015-12-11,5.486,27.94
2015-12-12,5.791,33.02
2015-12-13,7.01,38.1
2015-12-14,9.144,
2015-12-15,9.144,43.18
2015-12-16,9.144,43.18
2015-12-17,9.449,45.72
2015-12-18,11.278,45.72
2015-12-19,14.935,66.04
2015-12-20,15.24,
2015-12-21,17.983,76.2
2015-12-22,22.86,88.9
2015-12-23,23.47,81.28
2015-12-24,24.079,83.82
2015-12-25,24.994,
2015-12-26,24.994,83.82
2015-12-27,24.994,
2015-12-28,25.298,86.36
2015-12-29,25.298,83.82
2015-12-30,25.603,88.9
2015-12-31,25.298,86.36
2016-01-01,25.298,88.9
2016-01-02,25.298,
2016-01-03,25.603,86.36
2016-01-04,25.603,86.36
2016-01-05,27.737,99.06
2016-01-06,32.918,121.92
2016-01-07,35.966,139.7
2016-01-08,35.966,134.62
2016-01-09,36.271,137.16
2016-01-10,37.186,142.24
2016-01-11,37.186,
2016-01-12,37.795,132.08
2016-01-13,38.1,
2016-01-14,42.672,139.7
2016-01-15,45.415,162.56
2016-01-16,46.33,160.02
2016-01-17,49.073,152.4
2016-01-18,48.158,144.78
2016-01-19,49.378,129.54
2016-01-20,51.511,149.86
2016-01-21,51.816,144.78
2016-01-22,53.035,139.7
2016-01-23,53.035,
2016-01-24,53.95,
2016-01-25,55.169,149.86
2016-01-26,55.474,142.24
2016-01-27,55.778,
2016-01-28,56.083,142.24
2016-01-29,56.388,139.7
2016-01-30,56.083,137.16
2016-01-31,56.083,
2016-02-01,55.778,137.16
2016-02-02,56.083,139.7
2016-02-03,56.083,134.62
2016-02-04,57.607,144.78
2016-02-05,58.522,142.24
2016-02-06,59.131,142.24
2016-02-07,59.131,134.62
2016-02-08,58.217,134.62
2016-02-09,57.912,132.08
2016-02-10,57.912,129.54
2016-02-11,57.912,129.54
2016-02-12,57.302,127.0
2016-02-13,56.388,127.0
2016-02-14,56.998,124.46
2016-02-15,56.642,
2016-02-16,56.388,
2016-02-17,56.388,
2016-02-18,57.658,
2016-02-19,58.42,
2016-02-20,,
2016-02-21,,
2016-02-22,,
2016-02-23,,
2016-02-24,,
2016-02-25,,
2016-02-26,,
2016-02-27,,
2016-02-28,,
2016-02-29,,
2016-03-01,,
2016-03-02,,
2016-03-03,,
2016-03-04,,
2016-03-05,,
2016-03-06,,
2016-03-07,,
2016-03-08,,
2016-03-09,,
2016-03-10,,
2016-03-11,,
2016-03-12,,
2016-03-13,,
2016-03-14,,
2016-03-15,,
2016-03-16,,
2016-03-17,,
2016-03-18,,
2016-03-19,,
2016-03-20,,
2016-03-21,,
2016-03-22,,
2016-03-23,,
2016-03-24,,
2016-03-25,,
2016-03-26,,
2016-03-27,,
2016-03-28,48.006,
2016-03-29,48.006,
2016-03-30,46.99,167.64
2016-03-31,45.72,
2016-04-01,44.704,
2016-04-02,43.688,
2016-04-03,42.418,
2016-04-04,41.656,
2016-04-05,40.386,144.78
2016-04-06,38.862,139.7
2016-04-07,38.1,132.08
2016-04-08,36.83,
2016-04-09,35.814,
2016-04-10,35.052,
2016-04-11,34.036,
2016-04-12,32.512,
2016-04-13,31.496,
2016-04-14,30.226,
2016-04-15,29.21,
2016-04-16,28.194,
2016-04-17,26.924,91.44
2016-04-18,25.654,
2016-04-19,24.892,
2016-04-20,23.622,
2016-04-21,22.606,
2016-04-22,21.59,
2016-04-23,20.32,
2016-04-24,19.304,
2016-04-25,18.034,63.5
2016-04-26,17.272,55.88
2016-04-27,16.002,55.88
2016-04-28,14.732,48.26
2016-04-29,13.716,45.72
2016-04-30,12.7,43.18
2016-05-01,11.43,38.1
2016-05-02,10.414,
2016-05-03,8.636,
2016-05-04,6.858,
2016-05-05,5.334,
2016-05-06,3.556,
2016-05-07,1.778,
2016-05-08,0.0,
2016-05-09,0.0,
2016-05-10,0.0,5.08
2016-05-11,0.0,5.08
2016-05-12,0.0,
2016-05-13,0.0,
2016-05-14,0.0,5.08
2016-05-15,0.0,
2016-05-16,0.0,421.64
2016-05-17,0.0,2.54
2016-05-18,0.0,
2016-05-19,0.0,5.08
2016-05-20,0.0,
2016-05-21,0.0,
2016-05-22,0.0,
2016-05-23,0.0,
2016-05-24,0.0,
2016-05-25,0.0,
2016-05-26,0.0,
2016-05-27,0.0,
2016-05-28,0.0,5.08
2016-05-29,0.0,
2016-05-30,0.0,
2016-05-31,0.0,
2016-06-01,0.0,
2016-06-02,0.0,
2016-06-03,0.0,
2016-06-04,0.0,
2016-06-05,0.0,2.54
2016-06-06,0.0,
2016-06-07,0.0,2.54
2016-06-08,0.0,
2016-06-09,0.0,
2016-06-10,0.0,
2016-06-11,0.0,5.08
2016-06-12,0.0,
2016-06-13,0.0,2.54
2016-06-14,0.0,
2016-06-15,0.0,0.0
2016-06-16,0.0,
2016-06-17,0.0,
2016-06-18,0.0,
2016-06-19,0.0,
2016-06-20,0.0,
2016-06-21,0.0,
2016-06-22,0.0,
2016-06-23,0.0,
2016-06-24,0.0,
2016-06-25,0.0,
2016-06-26,0.0,
2016-06-27,0.0,
2016-06-28,0.0,
2016-06-29,0.0,
2016-06-30,0.0,
2016-07-01,0.0,
2016-07-02,0.0,
2016-07-03,0.0,
2016-07-04,0.0,
2016-07-05,0.0,
2016-07-06,0.0,
2016-07-07,0.0,
2016-07-08,0.0,2.54
2016-07-09,0.0,2.54
2016-07-10,0.0,
2016-07-11,0.0,
2016-07-12,0.0,
2016-07-13,0.0,
2016-07-14,0.0,
2016-07-15,0.0,
2016-07-16,0.0,
2016-07-17,0.0,
2016-07-18,0.0,
2016-07-19,0.0,
2016-07-20,0.0,
2016-07-21,0.0,
2016-07-22,0.0,
2016-07-23,0.0,
2016-07-24,0.0,
2016-07-25,0.0,
2016-07-26,0.0,
2016-07-27,0.0,
2016-07-28,0.0,
2016-07-29,0.0,
2016-07-30,0.0,5.08
2016-07-31,0.0,7.62
2016-08-01,0.0,7.62
2016-08-02,0.0,5.08
2016-08-03,0.0,2.54
2016-08-04,0.0,7.62
2016-08-05,0.0,5.08
2016-08-06,0.0,5.08
2016-08-07,0.0,10.16
2016-08-08,0.0,
2016-08-09,0.0,
2016-08-10,0.0,
2016-08-11,0.0,
2016-08-12,0.0,
2016-08-13,0.0,
2016-08-14,0.0,10.16
2016-08-15,0.0,
2016-08-16,0.0,2.54
2016-08-17,0.0,5.08
2016-08-18,0.0,
2016-08-19,0.0,7.62
2016-08-20,0.0,5.08
2016-08-21,0.0,
2016-08-22,0.0,
2016-08-23,0.0,
2016-08-24,0.0,
2016-08-25,0.0,2.54
2016-08-26,0.0,2.54
2016-08-27,0.0,2.54
2016-08-28,0.0,2.54
2016-08-29,0.0,2.54
2016-08-30,0.0,2.54
2016-08-31,0.0,2.54
2016-09-01,0.0,
2016-09-02,0.0,
2016-09-03,0.0,
2016-09-04,0.0,2.54
2016-09-05,0.0,
2016-09-06,0.0,
2016-09-07,0.0,2.54
2016-09-08,0.0,
2016-09-09,0.0,0.0
2016-09-10,0.0,2.54
2016-09-11,0.0,0.0
2016-09-12,0.0,
2016-09-13,0.0,2.54
2016-09-14,0.0,
2016-09-15,0.0,
2016-09-16,0.0,2.54
2016-09-17,0.0,2.54
2016-09-18,0.0,
2016-09-19,0.0,
2016-09-20,0.0,2.54
2016-09-21,0.0,2.54
2016-09-22,0.0,2.54
2016-09-23,0.0,429.26
2016-09-24,0.0,
2016-09-25,0.0,0.0
2016-09-26,0.0,2.54
2016-09-27,0.0,0.0
2016-09-28,0.0,
2016-09-29,0.0,2.54
2016-09-30,0.0,2.54
2016-10-01,0.0,
2016-10-02,0.0,
2016-10-03,0.0,
2016-10-04,0.0,
2016-10-05,0.0,
2016-10-06,0.0,
2016-10-07,0.0,
2016-10-08,0.0,
2016-10-09,0.0,
2016-10-10,0.0,0.0
2016-10-11,0.0,2.54
2016-10-12,0.0,
2016-10-13,0.0,
2016-10-14,0.0,
2016-10-15,0.0,
2016-10-16,0.0,
2016-10-17,0.0,
2016-10-18,0.0,
2016-10-19,0.0,
2016-10-20,0.0,
2016-10-21,0.0,
2016-10-22,0.0,
2016-10-23,0.0,
2016-10-24,0.0,
2016-10-25,0.0,
2016-10-26,0.0,
2016-10-27,0.0,
2016-10-28,0.0,
2016-10-29,0.0,
2016-10-30,0.0,
2016-10-31,0.0,
2016-11-01,0.0,
2016-11-02,0.0,
2016-11-03,0.0,
2016-11-04,0.0,
2016-11-05,0.0,
2016-11-06,0.0,
2016-11-07,0.0,
2016-11-08,0.0,
2016-11-09,0.0,
2016-11-10,0.0,
2016-11-11,0.0,
2016-11-12,0.0,
2016-11-13,0.0,
2016-11-14,0.0,
2016-11-15,0.0,
2016-11-16,0.0,
2016-11-17,0.0,
2016-11-18,0.0,
2016-11-19,0.61,
2016-11-20,3.353,
2016-11-21,3.353,
2016-11-22,3.048,
2016-11-23,4.572,
2016-11-24,4.572,
2016-11-25,4.877,
2016-11-26,5.182,
2016-11-27,8.23,
2016-11-28,8.839,
2016-11-29,8.839,
2016-11-30,8.839,
2016-12-01,9.144,
2016-12-02,9.144,50.8
2016-12-03,8.839,43.18
2016-12-04,8.839,
2016-12-05,9.144,
2016-12-06,8.534,
2016-12-07,8.23,43.18
2016-12-08,9.754,
2016-12-09,10.668,
2016-12-10,9.449,
2016-12-11,7.925,
2016-12-12,7.925,
2016-12-13,8.534,33.02
2016-12-14,9.449,
2016-12-15,8.534,
2016-12-16,5.791,
2016-12-17,8.23,20.32
2016-12-18,7.62,22.86
2016-12-19,5.791,20.32
2016-12-20,6.401,
2016-12-21,7.01,22.86
2016-12-22,6.401,43.18
2016-12-23,6.401,241.3
2016-12-24,10.363,368.3
2016-12-25,11.278,53.34
2016-12-26,11.582,53.34
2016-12-27,12.192,50.8
2016-12-28,12.802,
2016-12-29,13.106,48.26
2016-12-30,13.411,48.26
2016-12-31,13.716,48.26
2017-01-01,13.716,
2017-01-02,14.326,
2017-01-03,18.593,83.82
2017-01-04,26.213,124.46
2017-01-05,26.213,
2017-01-06,25.908,109.22
2017-01-07,27.432,
2017-01-08,33.223,
2017-01-09,29.566,
2017-01-10,34.442,
2017-01-11,41.758,
2017-01-12,42.062,
2017-01-13,42.062,124.46
2017-01-14,42.367,119.38
2017-01-15,41.758,119.38
2017-01-16,41.758,119.38
2017-01-17,41.453,116.84
2017-01-18,41.758,
2017-01-19,49.378,
2017-01-20,55.169,
2017-01-21,64.008,259.08
2017-01-22,71.018,
2017-01-23,75.286,284.48
2017-01-24,76.2,274.32
2017-01-25,76.2,264.16
2017-01-26,76.81,256.54
2017-01-27,76.81,
2017-01-28,77.114,
2017-01-29,77.724,238.76
2017-01-30,78.334,236.22
2017-01-31,78.638,233.68
2017-02-01,78.638,228.6
2017-02-02,78.638,223.52
2017-02-03,83.21,
2017-02-04,83.515,
2017-02-05,84.734,
2017-02-06,87.478,
2017-02-07,89.306,
2017-02-08,86.563,
2017-02-09,76.2,
2017-02-10,69.494,
2017-02-11,75.895,
2017-02-12,77.724,195.58
2017-02-13,79.248,195.58
2017-02-14,80.162,393.7
2017-02-15,80.162,193.04
2017-02-16,79.858,
2017-02-17,80.467,
2017-02-18,83.82,
2017-02-19,85.954,
2017-02-20,93.269,
2017-02-21,95.402,
2017-02-22,96.622,
2017-02-23,98.146,231.14
2017-02-24,98.45,233.68
2017-02-25,99.67,231.14
2017-02-26,99.974,238.76
2017-02-27,100.584,
2017-02-28,101.498,
2017-03-01,102.108,
2017-03-02,103.022,233.68
2017-03-03,103.022,
2017-03-04,103.022,
2017-03-05,105.156,243.84
2017-03-06,106.07,251.46
2017-03-07,108.814,266.7
2017-03-08,111.252,
2017-03-09,112.471,
2017-03-10,107.594,
2017-03-11,107.594,
2017-03-12,107.29,
2017-03-13,106.985,
2017-03-14,106.07,
2017-03-15,104.546,
2017-03-16,99.974,
2017-03-17,98.755,
2017-03-18,97.841,
2017-03-19,94.793,
2017-03-20,92.964,
2017-03-21,91.135,
2017-03-22,89.916,
2017-03-23,92.659,
2017-03-24,95.098,
2017-03-25,99.06,320.04
2017-03-26,100.889,
2017-03-27,102.718,
2017-03-28,103.937,226.06
2017-03-29,102.718,
2017-03-30,102.108,213.36
2017-03-31,100.279,213.36
2017-04-01,100.584,208.28
2017-04-02,99.06,
2017-04-03,97.231,200.66
2017-04-04,96.622,198.12
2017-04-05,96.012,195.58
2017-04-06,94.183,
2017-04-07,99.67,
2017-04-08,104.242,
2017-04-09,106.985,
2017-04-10,109.118,
2017-04-11,110.947,
2017-04-12,111.862,
2017-04-13,110.947,
2017-04-14,111.252,241.3
2017-04-15,112.776,236.22
2017-04-16,113.69,
2017-04-17,114.3,
2017-04-18,113.69,
2017-04-19,111.862,
2017-04-20,111.557,
2017-04-21,110.642,
2017-04-22,110.033,223.52
2017-04-23,108.814,
2017-04-24,107.29,
2017-04-25,106.07,
2017-04-26,105.156,
2017-04-27,101.803,
2017-04-28,100.889,312.42
2017-04-29,100.279,
2017-04-30,99.06,
2017-05-01,97.231,
2017-05-02,95.402,
2017-05-03,92.354,
2017-05-04,88.087,
2017-05-05,84.43,
2017-05-06,79.553,149.86
2017-05-07,77.114,144.78
2017-05-08,74.676,139.7
2017-05-09,72.238,
2017-05-10,69.494,
2017-05-11,65.837,
2017-05-12,61.57,
2017-05-13,59.436,
2017-05-14,58.217,93.98
2017-05-15,56.998,
2017-05-16,54.864,
2017-05-17,53.95,
2017-05-18,51.816,
2017-05-19,48.768,
2017-05-20,46.025,
2017-05-21,42.062,71.12
2017-05-22,38.1,58.42
2017-05-23,33.833,
2017-05-24,29.261,
2017-05-25,23.47,27.94
2017-05-26,17.983,
2017-05-27,13.411,
2017-05-28,7.01,
2017-05-29,1.829,
2017-05-30,0.0,
2017-05-31,0.0,
2017-06-01,0.0,
2017-06-02,0.0,
2017-06-03,0.0,
2017-06-04,0.0,
2017-06-05,0.0,
2017-06-06,0.0,
2017-06-07,0.0,
2017-06-08,0.0,
2017-06-09,0.0,
2017-06-10,0.0,
2017-06-11,0.0,
2017-06-12,0.0,
2017-06-13,0.0,
2017-06-14,0.0,
2017-06-15,0.0,
2017-06-16,0.0,
2017-06-17,0.0,
2017-06-18,0.0,
2017-06-19,0.0,
2017-06-20,0.0,
2017-06-21,0.0,
2017-06-22,0.0,0.0
2017-06-23,0.0,
2017-06-24,0.0,
2017-06-25,0.0,
2017-06-26,0.0,
2017-06-27,0.0,
2017-06-28,0.0,
2017-06-29,0.0,
2017-06-30,0.0,
2017-07-01,0.0,
2017-07-02,0.0,
2017-07-03,0.0,5.08
2017-07-04,0.0,
2017-07-05,0.0,
2017-07-06,0.0,
2017-07-07,0.0,
2017-07-08,0.0,
2017-07-09,0.0,
2017-07-10,0.0,
2017-07-11,0.0,
2017-07-12,0.0,
2017-07-13,0.0,
2017-07-14,0.0,
2017-07-15,0.0,
2017-07-16,0.0,
2017-07-17,0.0,
2017-07-18,0.0,
2017-07-19,0.0,
2017-07-20,0.0,
2017-07-21,0.0,
2017-07-22,0.0,
2017-07-23,0.0,
2017-07-24,0.0,
2017-07-25,0.0,
2017-07-26,0.0,
2017-07-27,0.0,
2017-07-28,0.0,
2017-07-29,0.0,
2017-07-30,0.0,
2017-07-31,0.0,
2017-08-01,0.0,
2017-08-02,0.0,
2017-08-03,0.0,
2017-08-04,0.0,2.54
2017-08-05,0.0,
2017-08-06,0.0,
2017-08-07,0.0,
2017-08-08,0.0,
2017-08-09,0.0,
2017-08-10,0.0,281.94
2017-08-11,0.0,
2017-08-12,0.0,
2017-08-13,0.0,
2017-08-14,0.0,
2017-08-15,0.0,340.36
2017-08-16,0.0,
2017-08-17,0.0,
2017-08-18,0.0,
2017-08-19,0.0,2.54
2017-08-20,0.0,0.0
2017-08-21,0.0,
2017-08-22,0.0,
2017-08-23,0.0,
2017-08-24,0.0,
2017-08-25,0.0,
2017-08-26,0.0,
2017-08-27,0.0,5.08
2017-08-28,0.0,5.08
2017-08-29,0.0,2.54
2017-08-30,0.0,
2017-08-31,0.0,5.08
2017-09-01,0.0,5.08
2017-09-02,0.0,5.08
2017-09-03,0.0,2.54
2017-09-04,0.0,2.54
2017-09-05,0.0,2.54
2017-09-06,0.0,
2017-09-07,0.0,
2017-09-08,0.0,
2017-09-09,0.0,
2017-09-10,0.0,
2017-09-11,0.0,2.54
2017-09-12,0.0,
2017-09-13,0.0,
2017-09-14,0.0,
2017-09-15,0.0,
2017-09-16,0.0,5.08
2017-09-17,0.0,
2017-09-18,0.0,
2017-09-19,0.0,
2017-09-20,0.0,
2017-09-21,0.0,
2017-09-22,0.0,
2017-09-23,0.0,
2017-09-24,0.0,
2017-09-25,0.0,
2017-09-26,0.0,
2017-09-27,0.0,5.08
2017-09-28,0.0,
2017-09-29,0.0,375.92
2017-09-30,0.0,
2017-10-01,0.0,
2017-10-02,0.0,
2017-10-03,0.0,
2017-10-04,0.0,
2017-10-05,0.0,
2017-10-06,0.0,
2017-10-07,0.0,
2017-10-08,0.0,
2017-10-09,0.0,
2017-10-10,0.0,
2017-10-11,0.0,254.0
2017-10-12,0.0,
2017-10-13,0.0,
2017-10-14,0.0,
2017-10-15,0.0,5.08
2017-10-16,0.0,203.2
2017-10-17,0.0,5.08
2017-10-18,0.0,
2017-10-19,0.0,5.08
2017-10-20,0.914,
2017-10-21,0.305,
2017-10-22,0.305,
2017-10-23,0.305,
2017-10-24,0.61,
2017-10-25,0.0,
2017-10-26,0.0,
2017-10-27,0.0,
2017-10-28,0.0,0.0
2017-10-29,0.0,
2017-10-30,0.0,
2017-10-31,0.0,5.08
2017-11-01,0.0,
2017-11-02,0.0,
2017-11-03,0.0,
2017-11-04,0.0,
2017-11-05,0.0,
2017-11-06,0.0,
2017-11-07,0.0,
2017-11-08,0.0,
2017-11-09,0.0,
2017-11-10,0.0,
2017-11-11,0.0,
2017-11-12,0.0,
2017-11-13,0.0,
2017-11-14,0.0,
2017-11-15,0.0,
2017-11-16,2.743,
2017-11-17,2.134,
2017-11-18,0.914,
2017-11-19,0.61,
2017-11-20,2.743,
2017-11-21,1.829,
2017-11-22,0.305,
2017-11-23,0.305,
2017-11-24,0.305,
2017-11-25,0.0,
2017-11-26,0.305,2.54
2017-11-27,0.914,
2017-11-28,0.61,
2017-11-29,0.61,
2017-11-30,0.61,
2017-12-01,0.914,
2017-12-02,0.914,
2017-12-03,3.048,
2017-12-04,2.438,
2017-12-05,2.438,
2017-12-06,2.743,12.7
2017-12-07,2.743,15.24
2017-12-08,3.048,15.24
2017-12-09,2.743,15.24
2017-12-10,2.743,15.24
2017-12-11,2.743,
2017-12-12,3.658,
2017-12-13,3.353,
2017-12-14,4.267,
2017-12-15,2.743,
2017-12-16,3.658,
2017-12-17,3.048,
2017-12-18,3.658,
2017-12-19,3.962,15.24
2017-12-20,3.353,
2017-12-21,7.01,
2017-12-22,7.925,
2017-12-23,7.315,20.32
2017-12-24,6.706,20.32
2017-12-25,5.486,
2017-12-26,8.23,
2017-12-27,10.363,
2017-12-28,11.278,
2017-12-29,12.192,20.32
2017-12-30,11.582,
2017-12-31,9.449,
2018-01-01,7.925,
2018-01-02,6.401,
2018-01-03,6.401,
2018-01-04,7.01,
2018-01-05,6.401,
2018-01-06,4.572,
2018-01-07,4.572,
2018-01-08,4.572,
2018-01-09,5.182,
2018-01-10,4.267,
2018-01-11,3.658,
2018-01-12,2.438,
2018-01-13,0.0,
2018-01-14,0.0,2.54
2018-01-15,0.0,
2018-01-16,0.0,
2018-01-17,0.0,
2018-01-18,0.0,
2018-01-19,0.305,
2018-01-20,0.0,
2018-01-21,0.305,
2018-01-22,2.134,
2018-01-23,2.438,
2018-01-24,2.743,
2018-01-25,5.486,
2018-01-26,7.925,
2018-01-27,8.534,
2018-01-28,8.839,
2018-01-29,9.144,
2018-01-30,9.144,
2018-01-31,9.144,
2018-02-01,9.144,
2018-02-02,8.839,
2018-02-03,8.839,38.1
2018-02-04,7.925,
2018-02-05,7.315,
2018-02-06,7.01,27.94
2018-02-07,7.315,25.4
2018-02-08,6.706,
2018-02-09,6.401,
2018-02-10,5.842,
2018-02-11,5.486,
2018-02-12,4.267,
2018-02-13,3.658,
2018-02-14,2.743,22.86
2018-02-15,4.267,
2018-02-16,5.182,
2018-02-17,7.315,
2018-02-18,7.925,
2018-02-19,8.382,
2018-02-20,8.89,22.86
2018-02-21,9.449,22.86
2018-02-22,9.754,
2018-02-23,10.363,
2018-02-24,11.278,
2018-02-25,12.802,
2018-02-26,13.411,
2018-02-27,12.192,
2018-02-28,11.887,33.02
2018-03-01,14.63,
2018-03-02,19.507,
2018-03-03,19.812,
2018-03-04,18.898,
2018-03-05,17.983,
2018-03-06,17.983,
2018-03-07,17.983,
2018-03-08,18.593,
2018-03-09,20.117,
2018-03-10,21.031,
2018-03-11,21.031,
2018-03-12,21.336,
2018-03-13,22.25,
2018-03-14,26.518,
2018-03-15,27.737,
2018-03-16,30.785,
2018-03-17,31.09,
2018-03-18,31.09,
2018-03-19,30.785,104.14
2018-03-20,30.785,
2018-03-21,31.699,
2018-03-22,33.223,
2018-03-23,29.87,
2018-03-24,32.614,
2018-03-25,33.223,
2018-03-26,33.223,
2018-03-27,33.223,
2018-03-28,33.223,99.06
2018-03-29,32.918,
2018-03-30,32.004,
2018-03-31,30.785,
2018-04-01,28.956,
2018-04-02,28.042,78.74
2018-04-03,26.518,
2018-04-04,26.518,
2018-04-05,25.298,
2018-04-06,24.079,
2018-04-07,21.336,
2018-04-08,18.593,
2018-04-09,18.288,
2018-04-10,17.374,
2018-04-11,14.63,
2018-04-12,14.326,
2018-04-13,14.326,
2018-04-14,14.63,
2018-04-15,13.716,35.56
2018-04-16,14.021,
2018-04-17,14.326,
2018-04-18,14.63,
2018-04-19,14.326,
2018-04-20,14.326,
2018-04-21,12.802,
2018-04-22,10.668,
2018-04-23,8.839,25.4
2018-04-24,7.01,20.32
2018-04-25,4.877,
2018-04-26,3.962,
2018-04-27,0.61,
2018-04-28,0.61,
2018-04-29,1.829,
2018-04-30,0.0,
2018-05-01,0.0,
2018-05-02,0.0,2.54
2018-05-03,0.0,
2018-05-04,0.0,
2018-05-05,0.0,
2018-05-06,0.0,
2018-05-07,0.0,
2018-05-08,0.0,
2018-05-09,0.0,
2018-05-10,0.0,
2018-05-11,0.0,2.54
2018-05-12,0.0,2.54
2018-05-13,0.0,
2018-05-14,0.0,
2018-05-15,0.0,
2018-05-16,0.0,
2018-05-17,0.0,
2018-05-18,0.0,
2018-05-19,0.0,
2018-05-20,0.0,
2018-05-21,0.0,
2018-05-22,0.0,
2018-05-23,0.0,
2018-05-24,0.0,
2018-05-25,0.0,2.54
2018-05-26,0.0,
2018-05-27,0.0,
2018-05-28,0.0,2.54
2018-05-29,0.0,
2018-05-30,0.0,
2018-05-31,0.0,2.54
2018-06-01,0.0,
2018-06-02,0.0,5.08
2018-06-03,0.0,
2018-06-04,0.0,
2018-06-05,0.0,
2018-06-06,0.0,
2018-06-07,0.0,
2018-06-08,0.0,
2018-06-09,0.0,5.08
2018-06-10,0.0,
2018-06-11,0.0,
2018-06-12,0.0,2.54
2018-06-13,0.0,
2018-06-14,0.0,
2018-06-15,0.0,
2018-06-16,0.0,
2018-06-17,0.0,2.54
2018-06-18,0.0,
2018-06-19,0.0,
2018-06-20,0.0,
2018-06-21,0.0,
2018-06-22,0.0,
2018-06-23,0.0,5.08
2018-06-24,0.0,2.54
2018-06-25,0.0,
2018-06-26,0.0,
2018-06-27,0.0,2.54
2018-06-28,0.0,
2018-06-29,0.0,2.54
2018-06-30,0.0,0.0
2018-07-01,0.0,5.08
2018-07-02,0.0,2.54
2018-07-03,0.0,5.08
2018-07-04,0.0,
2018-07-05,0.0,
2018-07-06,0.0,
2018-07-07,0.0,
2018-07-08,0.0,
2018-07-09,0.0,
2018-07-10,0.0,
2018-07-11,0.0,
2018-07-12,0.0,
2018-07-13,0.0,2.54
2018-07-14,0.0,
2018-07-15,0.0,
2018-07-16,0.0,
2018-07-17,0.0,
2018-07-18,0.0,
2018-07-19,0.0,
2018-07-20,0.0,
2018-07-21,0.0,5.08
2018-07-22,0.0,
2018-07-23,0.0,
2018-07-24,0.0,
2018-07-25,0.0,
2018-07-26,0.0,
2018-07-27,0.0,
2018-07-28,0.0,
2018-07-29,0.0,
2018-07-30,0.0,
2018-07-31,0.0,
2018-08-01,0.0,
2018-08-02,0.0,
2018-08-03,0.0,
2018-08-04,0.0,
2018-08-05,0.0,
2018-08-06,0.0,
2018-08-07,0.0,
2018-08-08,0.0,
2018-08-09,0.0,
2018-08-10,0.0,0.0
2018-08-11,0.0,
2018-08-12,0.0,
2018-08-13,0.0,
2018-08-14,0.0,2.54
2018-08-15,0.0,0.0
2018-08-16,0.0,0.0
2018-08-17,0.0,0.0
2018-08-18,0.0,
2018-08-19,0.0,
2018-08-20,0.0,
2018-08-21,0.0,
2018-08-22,0.0,
2018-08-23,0.0,
2018-08-24,0.0,
2018-08-25,0.0,
2018-08-26,0.0,
2018-08-27,0.0,
2018-08-28,0.0,2.54
2018-08-29,0.0,
2018-08-30,0.0,
2018-08-31,0.0,
2018-09-01,0.0,
2018-09-02,0.0,
2018-09-03,0.0,
2018-09-04,0.0,
2018-09-05,0.0,
2018-09-06,0.0,
2018-09-07,0.0,
2018-09-08,0.0,
2018-09-09,0.0,
2018-09-10,0.0,
2018-09-11,0.0,441.96
2018-09-12,0.0,
2018-09-13,0.0,
2018-09-14,0.0,
2018-09-15,0.0,0.0
2018-09-16,0.0,
2018-09-17,0.0,
2018-09-18,0.0,
2018-09-19,0.0,
2018-09-20,0.0,0.0
2018-09-21,0.0,2.54
2018-09-22,0.0,
2018-09-23,0.0,
2018-09-24,0.0,0.0
2018-09-25,0.0,
2018-09-26,0.0,0.0
2018-09-27,0.0,2.54
2018-09-28,0.0,0.0
2018-09-29,0.0,
2018-09-30,0.0,
2018-10-01,0.0,
2018-10-02,0.0,
2018-10-03,0.0,
2018-10-04,0.0,
2018-10-05,0.0,
2018-10-06,0.0,
2018-10-07,0.0,
2018-10-08,0.0,
2018-10-09,0.0,
2018-10-10,0.0,
2018-10-11,0.0,
2018-10-12,0.0,
2018-10-13,0.0,
2018-10-14,0.0,2.54
2018-10-15,0.0,2.54
2018-10-16,0.0,0.0
2018-10-17,0.0,2.54
2018-10-18,0.0,
2018-10-19,0.0,
2018-10-20,0.0,
2018-10-21,0.0,
2018-10-22,0.0,
2018-10-23,0.0,
2018-10-24,0.0,
2018-10-25,0.0,
2018-10-26,0.0,
2018-10-27,0.0,
2018-10-28,0.0,
2018-10-29,0.0,
2018-10-30,0.0,
2018-10-31,0.0,
2018-11-01,0.0,
2018-11-02,0.0,
2018-11-03,0.0,2.54
2018-11-04,0.0,
2018-11-05,0.0,
2018-11-06,0.0,0.0
2018-11-07,0.0,
2018-11-08,0.0,0.0
2018-11-09,0.0,2.54
2018-11-10,0.0,
2018-11-11,0.0,
2018-11-12,0.0,2.54
2018-11-13,0.0,0.0
2018-11-14,0.0,
2018-11-15,0.0,
2018-11-16,0.0,
2018-11-17,0.0,
2018-11-18,0.0,
2018-11-19,0.0,
2018-11-20,0.0,
2018-11-21,0.203,0.0
2018-11-22,1.118,
2018-11-23,5.08,
2018-11-24,4.47,
2018-11-25,4.166,
2018-11-26,2.642,
2018-11-27,3.861,
2018-11-28,2.032,
2018-11-29,2.032,
2018-11-30,4.47,
2018-12-01,5.69,
2018-12-02,6.299,
2018-12-03,6.299,
2018-12-04,6.604,
2018-12-05,6.909,
2018-12-06,6.604,
2018-12-07,6.604,
2018-12-08,6.909,
2018-12-09,6.604,
2018-12-10,6.909,
2018-12-11,6.909,
2018-12-12,6.909,
2018-12-13,7.214,
2018-12-14,6.909,25.4
2018-12-15,7.823,
2018-12-16,7.823,
2018-12-17,7.518,
2018-12-18,7.823,
2018-12-19,7.823,
2018-12-20,7.823,
2018-12-21,7.823,
2018-12-22,7.823,
2018-12-23,8.433,25.4
2018-12-24,8.128,
2018-12-25,12.09,
2018-12-26,12.09,
2018-12-27,12.395,
2018-12-28,12.395,
2018-12-29,13.614,
2018-12-30,13.919,
2018-12-31,13.614,
2019-01-01,13.005,43.18
2019-01-02,12.09,
2019-01-03,11.176,
2019-01-04,11.786,40.64
2019-01-05,12.395,
2019-01-06,14.224,
2019-01-07,20.625,
2019-01-08,22.758,
2019-01-09,25.806,
2019-01-10,29.159,
2019-01-11,28.55,
2019-01-12,28.245,
2019-01-13,28.55,
2019-01-14,28.854,81.28
2019-01-15,28.245,
2019-01-16,30.378,
2019-01-17,36.17,
2019-01-18,40.437,
2019-01-19,42.875,
2019-01-20,41.046,
2019-01-21,39.218,
2019-01-22,39.827,
2019-01-23,40.132,
2019-01-24,40.132,109.22
2019-01-25,39.827,
2019-01-26,40.132,
2019-01-27,39.827,
2019-01-28,39.218,
2019-01-29,39.827,
2019-01-30,39.522,
2019-01-31,39.827,
2019-02-01,39.827,
2019-02-02,38.608,
2019-02-03,40.742,
2019-02-04,45.314,
2019-02-05,48.057,
2019-02-06,48.362,
2019-02-07,48.362,
2019-02-08,48.971,
2019-02-09,49.276,
2019-02-10,51.105,
2019-02-11,51.41,429.26
2019-02-12,51.714,
2019-02-13,55.982,
2019-02-14,59.639,
2019-02-15,61.163,
2019-02-16,66.954,
2019-02-17,68.783,
2019-02-18,69.088,
2019-02-19,69.393,
2019-02-20,70.307,
2019-02-21,70.612,
2019-02-22,70.002,
2019-02-23,70.307,198.12
2019-02-24,70.612,
2019-02-25,74.27,
2019-02-26,84.328,
2019-02-27,97.028,
2019-02-28,100.178,
2019-03-01,102.616,
2019-03-02,104.14,
2019-03-03,105.054,
2019-03-04,104.75,
2019-03-05,106.274,
2019-03-06,111.15,
2019-03-07,112.674,
2019-03-08,116.637,
2019-03-09,118.77,444.5
2019-03-10,122.123,
2019-03-11,123.038,309.88
2019-03-12,123.647,
2019-03-13,123.952,299.72
2019-03-14,124.562,
2019-03-15,125.171,292.1
2019-03-16,125.476,281.94
2019-03-17,123.342,
2019-03-18,119.99,
2019-03-19,119.99,
2019-03-20,120.294,
2019-03-21,121.209,
2019-03-22,121.818,
2019-03-23,124.257,
2019-03-24,126.39,
2019-03-25,126.39,
2019-03-26,129.438,
2019-03-27,131.877,
2019-03-28,137.668,
2019-03-29,141.935,
2019-03-30,143.154,
2019-03-31,143.154,
2019-04-01,140.716,
2019-04-02,134.62,
2019-04-03,134.01,
2019-04-04,134.62,
2019-04-05,134.62,
2019-04-06,134.315,
2019-04-07,135.23,
2019-04-08,132.182,
2019-04-09,124.562,
2019-04-10,124.866,
2019-04-11,124.562,
2019-04-12,124.866,
2019-04-13,123.647,
2019-04-14,121.818,444.5
2019-04-15,119.685,
2019-04-16,120.599,
2019-04-17,121.514,
2019-04-18,118.77,
2019-04-19,116.027,
2019-04-20,114.198,
2019-04-21,112.674,
2019-04-22,111.455,
2019-04-23,108.712,
2019-04-24,105.969,
2019-04-25,103.53,
2019-04-26,99.873,
2019-04-27,97.13,
2019-04-28,95.606,
2019-04-29,94.386,
2019-04-30,92.862,
2019-05-01,91.948,
2019-05-02,90.729,
2019-05-03,88.29,
2019-05-04,86.157,
2019-05-05,83.414,
2019-05-06,81.28,
2019-05-07,78.537,
2019-05-08,75.794,
2019-05-09,72.746,
2019-05-10,69.393,426.72
2019-05-11,66.345,
2019-05-12,63.906,
2019-05-13,60.554,
2019-05-14,57.201,
2019-05-15,53.543,
2019-05-16,50.8,
2019-05-17,49.886,
2019-05-18,48.666,
2019-05-19,48.666,
2019-05-20,49.581,
2019-05-21,49.276,
2019-05-22,48.666,
2019-05-23,47.752,
2019-05-24,45.314,
2019-05-25,42.266,
2019-05-26,40.437,
2019-05-27,39.522,
2019-05-28,36.474,
2019-05-29,33.731,
2019-05-30,30.988,
2019-05-31,27.94,
2019-06-01,23.673,
2019-06-02,19.406,
2019-06-03,14.834,
2019-06-04,8.128,
2019-06-05,2.337,
2019-06-06,0.508,
2019-06-07,0.0,
2019-06-08,0.0,
2019-06-09,0.0,
2019-06-10,0.0,
2019-06-11,0.0,261.62
2019-06-12,0.0,
2019-06-13,0.0,
2019-06-14,0.0,
2019-06-15,0.0,
2019-06-16,0.0,
2019-06-17,0.0,
2019-06-18,0.0,
2019-06-19,0.0,
2019-06-20,0.0,
2019-06-21,0.0,
2019-06-22,0.0,
2019-06-23,0.0,
2019-06-24,0.0,
2019-06-25,0.0,
2019-06-26,0.0,
2019-06-27,0.0,
2019-06-28,0.0,
2019-06-29,0.0,
2019-06-30,0.0,
2019-07-01,0.0,
2019-07-02,0.0,
2019-07-03,0.0,
2019-07-04,0.0,
2019-07-05,0.0,
2019-07-06,0.0,
2019-07-07,0.0,
2019-07-08,0.0,
2019-07-09,0.0,
2019-07-10,0.0,
2019-07-11,0.0,
2019-07-12,0.0,0.0
2019-07-13,0.0,0.0
2019-07-14,0.0,2.54
2019-07-15,0.0,-2.54
2019-07-16,0.0,0.0
2019-07-17,0.0,0.0
2019-07-18,0.0,0.0
2019-07-19,0.0,2.54
2019-07-20,0.0,2.54
2019-07-21,0.0,0.0
2019-07-22,0.0,0.0
2019-07-23,0.0,0.0
2019-07-24,0.0,2.54
2019-07-25,0.0,5.08
2019-07-26,0.0,2.54
2019-07-27,0.0,5.08
2019-07-28,0.0,2.54
2019-07-29,0.0,2.54
2019-07-30,0.0,2.54
2019-07-31,0.0,5.08
2019-08-01,0.0,5.08
2019-08-02,0.0,2.54
2019-08-03,0.0,2.54
2019-08-04,0.0,0.0
2019-08-05,0.0,2.54
2019-08-06,0.0,2.54
2019-08-07,0.0,0.0
2019-08-08,0.0,0.0
2019-08-09,0.0,0.0
2019-08-10,0.0,0.0
2019-08-11,0.0,0.0
2019-08-12,0.0,-2.54
2019-08-13,0.0,0.0
2019-08-14,0.0,0.0
2019-08-15,0.0,-2.54
2019-08-16,0.0,2.54
2019-08-17,0.0,
2019-08-18,0.0,
2019-08-19,0.0,5.08
2019-08-20,0.0,2.54
2019-08-21,0.0,2.54
2019-08-22,0.0,0.0
2019-08-23,0.0,2.54
2019-08-24,0.0,0.0
2019-08-25,0.0,0.0
2019-08-26,0.0,0.0
2019-08-27,0.0,0.0
2019-08-28,0.0,2.54
2019-08-29,0.0,0.0
2019-08-30,0.0,-5.08
2019-08-31,0.0,2.54
2019-09-01,0.0,2.54
2019-09-02,0.0,2.54
2019-09-03,0.0,2.54
2019-09-04,0.0,5.08
2019-09-05,0.0,2.54
2019-09-06,0.0,2.54
2019-09-07,0.0,2.54
2019-09-08,0.0,2.54
2019-09-09,0.0,2.54
2019-09-10,0.0,0.0
2019-09-11,0.0,2.54
2019-09-12,0.0,2.54
2019-09-13,0.0,2.54
2019-09-14,0.0,2.54
2019-09-15,0.0,2.54
2019-09-16,0.0,2.54
2019-09-17,0.0,2.54
2019-09-18,0.0,2.54
2019-09-19,0.0,2.54
2019-09-20,0.0,2.54
2019-09-21,0.0,
2019-09-22,0.0,-2.54
2019-09-23,0.0,2.54
2019-09-24,0.0,0.0
2019-09-25,0.0,2.54
2019-09-26,0.0,2.54
2019-09-27,0.0,-2.54
2019-09-28,0.0,2.54
2019-09-29,0.0,5.08
2019-09-30,0.0,7.62
2019-10-01,0.0,2.54
2019-10-02,0.0,5.08
2019-10-03,0.0,0.0
2019-10-04,0.0,5.08
2019-10-05,0.0,2.54
2019-10-06,0.0,2.54
2019-10-07,0.0,0.0
2019-10-08,0.0,2.54
2019-10-09,0.0,2.54
2019-10-10,0.0,2.54
2019-10-11,0.0,5.08
2019-10-12,0.0,5.08
2019-10-13,0.0,5.08
2019-10-14,0.0,5.08
2019-10-15,0.0,2.54
2019-10-16,0.0,5.08
2019-10-17,0.0,5.08
2019-10-18,0.0,2.54
2019-10-19,0.0,2.54
2019-10-20,0.0,5.08
2019-10-21,0.0,0.0
2019-10-22,0.0,2.54
2019-10-23,0.0,2.54
2019-10-24,0.0,5.08
2019-10-25,0.0,5.08
2019-10-26,0.0,2.54
2019-10-27,0.0,5.08
2019-10-28,0.0,5.08
2019-10-29,0.0,5.08
2019-10-30,0.0,
2019-10-31,0.0,5.08
2019-11-01,0.0,2.54
2019-11-02,0.0,5.08
2019-11-03,0.0,5.08
2019-11-04,0.0,2.54
2019-11-05,0.0,5.08
2019-11-06,0.0,5.08
2019-11-07,0.0,2.54
2019-11-08,0.0,5.08
2019-11-09,0.0,5.08
2019-11-10,0.0,2.54
2019-11-11,0.0,5.08
2019-11-12,0.0,0.0
2019-11-13,0.0,5.08
2019-11-14,0.0,2.54
2019-11-15,0.0,2.54
2019-11-16,0.0,2.54
2019-11-17,0.0,2.54
2019-11-18,0.0,2.54
2019-11-19,0.0,2.54
2019-11-20,0.0,5.08
2019-11-21,0.0,2.54
2019-11-22,0.0,2.54
2019-11-23,0.0,5.08
2019-11-24,0.0,2.54
2019-11-25,0.0,5.08
2019-11-26,0.0,2.54
2019-11-27,5.791,48.26
2019-11-28,6.706,
2019-11-29,6.706,45.72
2019-11-30,6.706,45.72
2019-12-01,8.839,
2019-12-02,13.411,68.58
2019-12-03,13.411,53.34
2019-12-04,12.802,50.8
2019-12-05,12.802,45.72
2019-12-06,12.802,43.18
2019-12-07,12.497,33.02
2019-12-08,13.716,35.56
2019-12-09,12.192,35.56
2019-12-10,11.887,35.56
2019-12-11,12.497,38.1
2019-12-12,13.106,33.02
2019-12-13,10.973,30.48
2019-12-14,9.449,30.48
2019-12-15,10.058,30.48
2019-12-16,13.411,30.48
2019-12-17,5.791,30.48
2019-12-18,6.401,33.02
2019-12-19,9.754,38.1
2019-12-20,10.668,40.64
2019-12-21,10.973,38.1
2019-12-22,9.754,38.1
2019-12-23,12.192,50.8
2019-12-24,13.411,50.8
2019-12-25,15.24,53.34
2019-12-26,15.545,53.34
2019-12-27,15.85,55.88
2019-12-28,17.069,50.8
2019-12-29,17.983,48.26
2019-12-30,17.983,48.26
2019-12-31,17.983,55.88
2020-01-01,17.983,53.34
2020-01-02,17.678,50.8
2020-01-03,17.069,50.8
2020-01-04,18.288,50.8
2020-01-05,18.593,
2020-01-06,18.593,53.34
2020-01-07,19.507,50.8
2020-01-08,20.726,63.5
2020-01-09,21.031,68.58
2020-01-10,20.422,66.04
2020-01-11,21.336,68.58
2020-01-12,21.336,68.58
2020-01-13,22.555,76.2
2020-01-14,25.298,
2020-01-15,25.603,91.44
2020-01-16,26.822,96.52
2020-01-17,31.699,132.08
2020-01-18,32.614,132.08
2020-01-19,32.614,127.0
2020-01-20,32.918,124.46
2020-01-21,32.918,121.92
2020-01-22,36.271,129.54
2020-01-23,36.576,121.92
2020-01-24,37.186,114.3
2020-01-25,37.49,109.22
2020-01-26,38.405,99.06
2020-01-27,37.795,93.98
2020-01-28,38.405,91.44
2020-01-29,38.71,91.44
2020-01-30,39.014,88.9
2020-01-31,39.014,91.44
2020-02-01,38.71,91.44
2020-02-02,39.014,88.9
2020-02-03,38.405,88.9
2020-02-04,38.1,88.9
2020-02-05,38.1,88.9
2020-02-06,38.405,86.36
2020-02-07,38.405,86.36
2020-02-08,39.014,78.74
2020-02-09,38.405,86.36
2020-02-10,38.1,86.36
2020-02-11,37.186,83.82
2020-02-12,37.49,78.74
2020-02-13,37.795,81.28
2020-02-14,39.014,81.28
2020-02-15,39.014,78.74
2020-02-16,40.234,78.74
2020-02-17,40.234,76.2
2020-02-18,39.624,78.74
2020-02-19,39.014,76.2
2020-02-20,38.71,76.2
2020-02-21,39.319,76.2
2020-02-22,38.1,73.66
2020-02-23,39.014,73.66
2020-02-24,39.319,71.12
2020-02-25,40.843,71.12
2020-02-26,39.929,68.58
2020-02-27,39.624,66.04
2020-02-28,39.014,66.04
2020-02-29,39.624,66.04
2020-03-01,38.71,66.04
2020-03-02,39.624,63.5
2020-03-03,40.234,60.96
2020-03-04,38.71,60.96
2020-03-05,37.49,55.88
2020-03-06,36.576,55.88
2020-03-07,35.052,
2020-03-08,35.662,63.5
2020-03-09,36.271,
2020-03-10,35.966,
2020-03-11,35.357,58.42
2020-03-12,35.357,58.42
2020-03-13,34.442,55.88
2020-03-14,31.699,53.34
2020-03-15,33.528,
2020-03-16,36.881,
2020-03-17,37.49,
2020-03-18,38.1,99.06
2020-03-19,37.795,93.98
2020-03-20,37.795,86.36
2020-03-21,35.966,78.74
2020-03-22,34.747,76.2
2020-03-23,35.052,71.12
2020-03-24,38.405,73.66
2020-03-25,42.977,93.98
2020-03-26,44.501,
2020-03-27,44.806,86.36
2020-03-28,45.72,86.36
2020-03-29,46.33,91.44
2020-03-30,48.768,86.36
2020-03-31,48.768,88.9
2020-04-01,47.244,86.36
2020-04-02,46.939,86.36
2020-04-03,46.939,86.36
2020-04-04,46.939,83.82
2020-04-05,49.987,104.14
2020-04-06,52.73,121.92
2020-04-07,53.645,114.3
2020-04-08,51.816,106.68
2020-04-09,50.902,99.06
2020-04-10,49.378,88.9
2020-04-11,46.939,86.36
2020-04-12,45.11,78.74
2020-04-13,43.282,76.2
2020-04-14,41.758,71.12
2020-04-15,40.234,68.58
2020-04-16,37.49,66.04
2020-04-17,35.357,60.96
2020-04-18,33.528,55.88
2020-04-19,30.785,50.8
2020-04-20,28.956,45.72
2020-04-21,27.127,43.18
2020-04-22,23.47,40.64
2020-04-23,20.117,38.1
2020-04-24,17.069,30.48
2020-04-25,15.24,27.94
2020-04-26,12.497,22.86
2020-04-27,8.534,15.24
2020-04-28,5.486,10.16
2020-04-29,1.219,2.54
2020-04-30,0.0,2.54
2020-05-01,0.0,0.0
2020-05-02,0.0,5.08
2020-05-03,0.0,5.08
2020-05-04,0.0,5.08
2020-05-05,0.0,5.08
2020-05-06,0.0,5.08
2020-05-07,0.0,5.08
2020-05-08,0.0,5.08
2020-05-09,0.0,2.54
2020-05-10,0.0,5.08
2020-05-11,0.0,5.08
2020-05-12,0.0,2.54
2020-05-13,0.0,5.08
2020-05-14,0.0,5.08
2020-05-15,0.0,5.08
2020-05-16,0.0,2.54
2020-05-17,0.305,2.54
2020-05-18,0.914,
2020-05-19,3.353,15.24
2020-05-20,2.438,10.16
2020-05-21,0.0,5.08
2020-05-22,0.0,2.54
2020-05-23,0.0,5.08
2020-05-24,0.0,2.54
2020-05-25,0.0,2.54
2020-05-26,0.0,2.54
2020-05-27,0.0,2.54
2020-05-28,0.0,2.54
2020-05-29,0.0,2.54
2020-05-30,0.0,2.54
2020-05-31,0.0,2.54
2020-06-01,0.0,2.54
2020-06-02,0.0,0.0
2020-06-03,0.0,2.54
2020-06-04,0.0,2.54
2020-06-05,0.0,2.54
2020-06-06,0.0,2.54
2020-06-07,0.0,2.54
2020-06-08,0.0,2.54
2020-06-09,0.0,2.54
2020-06-10,0.0,2.54
2020-06-11,0.0,5.08
2020-06-12,0.0,2.54
2020-06-13,0.0,2.54
2020-06-14,0.0,2.54
2020-06-15,0.0,2.54
2020-06-16,0.0,2.54
2020-06-17,0.0,2.54
2020-06-18,0.0,2.54
2020-06-19,0.0,5.08
2020-06-20,0.0,2.54
2020-06-21,0.0,2.54
2020-06-22,0.0,2.54
2020-06-23,0.0,2.54
2020-06-24,0.0,2.54
2020-06-25,0.0,2.54
2020-06-26,0.0,2.54
2020-06-27,0.0,2.54
2020-06-28,0.0,2.54
2020-06-29,0.0,2.54
2020-06-30,0.0,2.54
2020-07-01,0.0,2.54
2020-07-02,0.0,2.54
2020-07-03,0.0,2.54
2020-07-04,0.0,2.54
2020-07-05,0.0,2.54
2020-07-06,0.0,2.54
2020-07-07,0.0,2.54
2020-07-08,0.0,0.0
2020-07-09,0.0,2.54
2020-07-10,0.0,2.54
2020-07-11,0.0,2.54
2020-07-12,0.0,5.08
2020-07-13,0.0,2.54
2020-07-14,0.0,2.54
2020-07-15,0.0,2.54
2020-07-16,0.0,5.08
2020-07-17,0.0,0.0
2020-07-18,0.0,2.54
2020-07-19,0.0,2.54
2020-07-20,0.0,2.54
2020-07-21,0.0,2.54
2020-07-22,0.0,2.54
2020-07-23,0.0,5.08
2020-07-24,0.0,2.54
2020-07-25,0.0,5.08
2020-07-26,0.0,5.08
2020-07-27,0.0,2.54
2020-07-28,0.0,2.54
2020-07-29,0.0,2.54
2020-07-30,0.0,2.54
2020-07-31,0.0,5.08
2020-08-01,0.0,5.08
2020-08-02,0.0,5.08
2020-08-03,0.0,5.08
2020-08-04,0.0,5.08
2020-08-05,0.0,2.54
2020-08-06,0.0,5.08
2020-08-07,0.0,2.54
2020-08-08,0.0,2.54
2020-08-09,0.0,2.54
2020-08-10,0.0,2.54
2020-08-11,0.0,2.54
2020-08-12,0.0,2.54
2020-08-13,0.0,2.54
2020-08-14,0.0,5.08
2020-08-15,0.0,2.54
2020-08-16,0.0,2.54
2020-08-17,0.0,2.54
2020-08-18,0.0,0.0
2020-08-19,0.0,2.54
2020-08-20,0.0,2.54
2020-08-21,0.0,2.54
2020-08-22,0.0,2.54
2020-08-23,0.0,2.54
2020-08-24,0.0,2.54
2020-08-25,0.0,2.54
2020-08-26,0.0,0.0
2020-08-27,0.0,-2.54
2020-08-28,0.0,5.08
2020-08-29,0.0,2.54
2020-08-30,0.0,5.08
2020-08-31,0.0,2.54
2020-09-01,0.0,2.54
2020-09-02,0.0,5.08
2020-09-03,0.0,5.08
2020-09-04,0.0,5.08
2020-09-05,0.0,5.08
2020-09-06,0.0,5.08
2020-09-07,0.0,5.08
2020-09-08,0.0,5.08
2020-09-09,0.0,5.08
2020-09-10,0.0,5.08
2020-09-11,0.0,5.08
2020-09-12,0.0,5.08
2020-09-13,0.0,5.08
2020-09-14,0.0,5.08
2020-09-15,0.0,5.08
2020-09-16,0.0,5.08
2020-09-17,0.0,5.08
2020-09-18,0.0,5.08
2020-09-19,0.0,2.54
2020-09-20,0.0,2.54
2020-09-21,0.0,5.08
2020-09-22,0.0,2.54
2020-09-23,0.0,2.54
2020-09-24,0.0,2.54
2020-09-25,0.0,
2020-09-26,0.0,5.08
2020-09-27,0.0,2.54
2020-09-28,0.0,5.08
2020-09-29,0.0,5.08
2020-09-30,0.0,5.08
2020-10-01,0.0,5.08
2020-10-02,0.0,2.54
2020-10-03,0.0,5.08
2020-10-04,0.0,5.08
2020-10-05,0.0,5.08
2020-10-06,0.0,5.08
2020-10-07,0.0,5.08
2020-10-08,0.0,5.08
2020-10-09,0.0,5.08
2020-10-10,0.0,5.08
2020-10-11,0.0,5.08
2020-10-12,0.0,2.54
2020-10-13,0.0,2.54
2020-10-14,0.0,2.54
2020-10-15,0.0,5.08
2020-10-16,0.0,2.54
2020-10-17,0.0,5.08
2020-10-18,0.0,5.08
2020-10-19,0.0,5.08
2020-10-20,0.0,5.08
2020-10-21,0.0,5.08
2020-10-22,0.0,5.08
2020-10-23,0.0,5.08
2020-10-24,0.0,5.08
2020-10-25,0.0,5.08
2020-10-26,0.0,5.08
2020-10-27,0.0,5.08
2020-10-28,0.0,5.08
2020-10-29,0.0,5.08
2020-10-30,0.0,5.08
2020-10-31,0.0,5.08
2020-11-01,0.0,5.08
2020-11-02,0.0,5.08
2020-11-03,0.0,5.08
2020-11-04,0.0,5.08
2020-11-05,0.0,2.54
2020-11-06,0.0,5.08
2020-11-07,0.0,2.54
2020-11-08,0.0,0.0
2020-11-09,0.305,5.08
2020-11-10,0.305,5.08
2020-11-11,0.305,5.08
2020-11-12,0.305,5.08
2020-11-13,0.305,2.54
2020-11-14,1.524,15.24
2020-11-15,1.524,15.24
2020-11-16,1.829,10.16
2020-11-17,1.524,10.16
2020-11-18,2.134,7.62
2020-11-19,2.743,10.16
2020-11-20,2.438,15.24
2020-11-21,0.0,12.7
2020-11-22,5.486,12.7
2020-11-23,4.267,15.24
2020-11-24,6.096,15.24
2020-11-25,5.791,12.7
2020-11-26,6.401,12.7
2020-11-27,8.839,15.24
2020-11-28,9.754,15.24
2020-11-29,10.668,15.24
2020-11-30,11.278,15.24
2020-12-01,12.192,15.24
2020-12-02,13.411,15.24
2020-12-03,12.497,15.24
2020-12-04,12.802,17.78
2020-12-05,13.716,15.24
2020-12-06,13.716,15.24
2020-12-07,13.716,15.24
2020-12-08,14.021,15.24
2020-12-09,15.545,15.24
2020-12-10,14.326,12.7
2020-12-11,14.326,12.7
2020-12-12,13.106,17.78
2020-12-13,13.106,17.78
2020-12-14,13.411,30.48
2020-12-15,13.411,30.48
2020-12-16,13.411,27.94
2020-12-17,14.63,30.48
2020-12-18,14.63,30.48
2020-12-19,15.545,30.48
2020-12-20,15.85,30.48
2020-12-21,15.24,33.02
2020-12-22,15.24,30.48
2020-12-23,15.24,30.48
2020-12-24,15.545,33.02
2020-12-25,16.459,30.48
2020-12-26,17.678,53.34
2020-12-27,17.069,50.8
2020-12-28,17.069,50.8
2020-12-29,16.764,50.8
2020-12-30,17.069,45.72
2020-12-31,17.069,55.88
2021-01-01,16.764,53.34
2021-01-02,17.069,55.88
2021-01-03,17.374,50.8
2021-01-04,18.288,50.8
2021-01-05,20.422,55.88
2021-01-06,20.117,55.88
2021-01-07,20.422,66.04
2021-01-08,20.422,68.58
2021-01-09,20.422,73.66
2021-01-10,20.726,
2021-01-11,21.031,73.66
2021-01-12,21.336,73.66
2021-01-13,21.336,68.58
2021-01-14,20.726,60.96
2021-01-15,20.422,60.96
2021-01-16,20.117,60.96
2021-01-17,20.117,60.96
2021-01-18,19.812,60.96
2021-01-19,19.507,58.42
2021-01-20,18.898,58.42
2021-01-21,18.593,58.42
2021-01-22,18.593,55.88
2021-01-23,17.374,55.88
2021-01-24,16.154,60.96
2021-01-25,16.154,66.04
2021-01-26,15.24,66.04
2021-01-27,17.678,101.6
2021-01-28,21.336,129.54
2021-01-29,23.774,139.7
2021-01-30,25.298,149.86
2021-01-31,26.518,147.32
2021-02-01,27.127,139.7
2021-02-02,28.956,144.78
2021-02-03,32.004,142.24
2021-02-04,33.528,144.78
2021-02-05,34.442,142.24
2021-02-06,34.747,139.7
2021-02-07,34.747,137.16
2021-02-08,34.442,134.62
2021-02-09,34.747,132.08
2021-02-10,34.442,132.08
2021-02-11,34.442,
2021-02-12,34.138,127.0
2021-02-13,35.052,
2021-02-14,35.357,132.08
2021-02-15,36.576,139.7
2021-02-16,37.186,134.62
2021-02-17,36.576,134.62
2021-02-18,36.576,134.62
2021-02-19,38.1,147.32
2021-02-20,39.014,152.4
2021-02-21,39.014,152.4
2021-02-22,39.319,147.32
2021-02-23,39.624,144.78
2021-02-24,39.319,142.24
2021-02-25,38.71,139.7
2021-02-26,39.624,139.7
2021-02-27,39.929,137.16
2021-02-28,40.234,137.16
2021-03-01,41.453,134.62
2021-03-02,42.672,132.08
2021-03-03,43.586,132.08
2021-03-04,44.196,127.0
2021-03-05,44.501,127.0
2021-03-06,45.415,
2021-03-07,45.72,129.54
2021-03-08,46.025,127.0
2021-03-09,47.854,149.86
2021-03-10,52.426,190.5
2021-03-11,53.34,185.42
2021-03-12,53.95,177.8
2021-03-13,53.95,170.18
2021-03-14,55.169,162.56
2021-03-15,56.693,177.8
2021-03-16,56.998,172.72
2021-03-17,57.302,170.18
2021-03-18,57.607,165.1
2021-03-19,60.046,187.96
2021-03-20,62.789,180.34
2021-03-21,63.094,180.34
2021-03-22,63.703,177.8
2021-03-23,62.789,175.26
2021-03-24,62.484,172.72
2021-03-25,62.179,170.18
2021-03-26,61.57,170.18
2021-03-27,61.265,165.1
2021-03-28,60.046,160.02
2021-03-29,59.436,157.48
2021-03-30,58.826,157.48
2021-03-31,58.826,152.4
2021-04-01,57.302,149.86
2021-04-02,56.388,144.78
2021-04-03,55.474,142.24
2021-04-04,54.559,137.16
2021-04-05,53.645,132.08
2021-04-06,52.121,127.0
2021-04-07,51.511,124.46
2021-04-08,49.682,119.38
2021-04-09,48.463,116.84
2021-04-10,47.244,111.76
2021-04-11,45.415,106.68
2021-04-12,44.806,104.14
2021-04-13,42.977,99.06
2021-04-14,41.453,96.52
2021-04-15,39.929,93.98
2021-04-16,38.405,88.9
2021-04-17,37.49,83.82
2021-04-18,,
2021-04-19,34.747,76.2
2021-04-20,32.309,71.12
2021-04-21,30.785,68.58
2021-04-22,28.346,63.5
2021-04-23,26.213,58.42
2021-04-24,24.689,50.8
2021-04-25,22.86,
2021-04-26,23.774,60.96
2021-04-27,23.774,
2021-04-28,23.47,48.26
2021-04-29,21.031,45.72
2021-04-30,17.983,45.72
2021-05-01,14.63,35.56
2021-05-02,10.973,27.94
2021-05-03,7.62,20.32
2021-05-04,4.267,12.7
2021-05-05,0.61,5.08
2021-05-06,0.0,5.08
2021-05-07,0.0,5.08
2021-05-08,0.0,5.08
2021-05-09,0.0,2.54
2021-05-10,0.0,2.54
2021-05-11,0.0,2.54
2021-05-12,0.0,2.54
2021-05-13,0.0,2.54
2021-05-14,0.0,2.54
2021-05-15,0.0,2.54
2021-05-16,0.0,2.54
2021-05-17,0.0,2.54
2021-05-18,0.0,2.54
2021-05-19,0.0,2.54
2021-05-20,0.0,2.54
2021-05-21,0.0,5.08
2021-05-22,0.0,2.54
2021-05-23,0.0,2.54
2021-05-24,0.0,5.08
2021-05-25,0.0,5.08
2021-05-26,0.0,2.54
2021-05-27,0.0,2.54
2021-05-28,0.0,2.54
2021-05-29,0.0,5.08
2021-05-30,0.0,5.08
2021-05-31,0.0,2.54
2021-06-01,0.0,2.54
2021-06-02,0.0,2.54
2021-06-03,0.0,2.54
2021-06-04,0.0,2.54
2021-06-05,0.0,2.54
2021-06-06,0.0,5.08
2021-06-07,0.0,5.08
2021-06-08,0.0,2.54
2021-06-09,0.0,5.08
2021-06-10,0.0,5.08
2021-06-11,0.0,5.08
2021-06-12,0.0,2.54
2021-06-13,0.0,0.0
2021-06-14,0.0,2.54
2021-06-15,0.0,5.08
2021-06-16,0.0,5.08
2021-06-17,0.0,2.54
2021-06-18,0.0,5.08
2021-06-19,0.0,2.54
2021-06-20,0.0,2.54
2021-06-21,0.0,5.08
2021-06-22,0.0,5.08
2021-06-23,0.0,5.08
2021-06-24,0.0,5.08
2021-06-25,0.0,5.08
2021-06-26,0.0,5.08
2021-06-27,0.0,5.08
2021-06-28,0.0,5.08
2021-06-29,0.0,5.08
2021-06-30,0.0,5.08
2021-07-01,0.0,2.54
2021-07-02,0.0,5.08
2021-07-03,0.0,5.08
2021-07-04,0.0,5.08
2021-07-05,0.0,5.08
2021-07-06,0.0,5.08
2021-07-07,0.0,5.08
2021-07-08,0.0,5.08
2021-07-09,0.0,5.08
2021-07-10,0.0,5.08
2021-07-11,0.0,5.08
2021-07-12,0.0,5.08
2021-07-13,0.0,5.08
2021-07-14,0.0,5.08
2021-07-15,0.0,5.08
2021-07-16,0.0,5.08
2021-07-17,0.0,5.08
2021-07-18,0.0,5.08
2021-07-19,0.0,5.08
2021-07-20,0.0,5.08
2021-07-21,0.0,5.08
2021-07-22,0.0,2.54
2021-07-23,0.0,5.08
2021-07-24,0.0,2.54
2021-07-25,0.0,2.54
2021-07-26,0.0,5.08
2021-07-27,0.0,2.54
2021-07-28,0.0,5.08
2021-07-29,0.0,5.08
2021-07-30,0.0,5.08
2021-07-31,0.0,5.08
2021-08-01,0.0,5.08
2021-08-02,0.0,5.08
2021-08-03,0.0,5.08
2021-08-04,0.0,5.08
2021-08-05,0.0,5.08
2021-08-06,0.0,5.08
2021-08-07,0.0,5.08
2021-08-08,0.0,5.08
2021-08-09,0.0,5.08
2021-08-10,0.0,5.08
2021-08-11,0.0,2.54
2021-08-12,0.0,5.08
2021-08-13,0.0,5.08
2021-08-14,0.0,2.54
2021-08-15,0.0,2.54
2021-08-16,0.0,2.54
2021-08-17,0.0,5.08
2021-08-18,0.0,2.54
2021-08-19,0.0,2.54
2021-08-20,0.0,5.08
2021-08-21,0.0,5.08
2021-08-22,0.0,2.54
2021-08-23,0.0,2.54
2021-08-24,0.0,2.54
2021-08-25,0.0,2.54
2021-08-26,0.0,5.08
2021-08-27,0.0,5.08
2021-08-28,0.0,2.54
2021-08-29,0.0,5.08
2021-08-30,0.0,5.08
2021-08-31,0.0,5.08
2021-09-01,0.0,5.08
2021-09-02,0.0,5.08
2021-09-03,0.0,5.08
2021-09-04,0.0,5.08
2021-09-05,0.0,5.08
2021-09-06,0.0,5.08
2021-09-07,0.0,5.08
2021-09-08,0.0,5.08
2021-09-09,0.0,5.08
2021-09-10,0.0,5.08
2021-09-11,0.0,5.08
2021-09-12,0.0,2.54
2021-09-13,0.0,2.54
2021-09-14,0.0,2.54
2021-09-15,0.0,0.0
2021-09-16,0.0,2.54
2021-09-17,0.0,2.54
2021-09-18,0.0,0.0
2021-09-19,0.0,2.54
2021-09-20,0.0,2.54
2021-09-21,0.0,2.54
2021-09-22,0.0,2.54
2021-09-23,0.0,2.54
2021-09-24,0.0,2.54
2021-09-25,0.0,0.0
2021-09-26,0.0,0.0
2021-09-27,0.0,2.54
2021-09-28,0.0,2.54
2021-09-29,0.0,2.54
2021-09-30,0.0,2.54
2021-10-01,0.0,2.54
2021-10-02,0.0,2.54
2021-10-03,0.0,5.08
2021-10-04,0.0,2.54
2021-10-05,0.0,2.54
2021-10-06,0.0,2.54
2021-10-07,0.0,5.08
2021-10-08,0.0,5.08
2021-10-09,0.0,2.54
2021-10-10,0.0,2.54
2021-10-11,0.0,2.54
2021-10-12,0.0,5.08
2021-10-13,0.0,5.08
2021-10-14,0.0,5.08
2021-10-15,0.0,5.08
2021-10-16,0.0,5.08
2021-10-17,0.305,5.08
2021-10-18,0.61,
2021-10-19,0.305,5.08
2021-10-20,1.219,5.08
2021-10-21,0.305,5.08
2021-10-22,0.61,2.54
2021-10-23,0.305,5.08
2021-10-24,0.305,5.08
2021-10-25,0.914,
2021-10-26,0.305,0.0
2021-10-27,0.0,2.54
2021-10-28,0.0,0.0
2021-10-29,0.0,2.54
2021-10-30,0.0,
2021-10-31,0.0,5.08
2021-11-01,0.0,5.08
2021-11-02,0.0,5.08
2021-11-03,0.0,2.54
2021-11-04,0.305,5.08
2021-11-05,0.0,0.0
2021-11-06,0.0,5.08
2021-11-07,0.0,5.08
2021-11-08,0.0,7.62
2021-11-09,3.048,30.48
2021-11-10,2.743,17.78
2021-11-11,1.829,10.16
2021-11-12,1.219,10.16
2021-11-13,0.61,7.62
2021-11-14,0.305,2.54
2021-11-15,0.305,5.08
2021-11-16,0.305,5.08
2021-11-17,0.0,5.08
2021-11-18,0.0,7.62
2021-11-19,0.305,2.54
2021-11-20,0.0,5.08
2021-11-21,0.0,7.62
2021-11-22,0.305,7.62
2021-11-23,0.0,5.08
2021-11-24,0.305,7.62
2021-11-25,0.61,5.08
2021-11-26,0.914,5.08
2021-11-27,0.305,5.08
2021-11-28,0.0,5.08
2021-11-29,0.0,
2021-11-30,0.0,2.54
2021-12-01,0.0,5.08
2021-12-02,0.0,2.54
2021-12-03,0.305,
2021-12-04,0.61,
2021-12-05,0.61,5.08
2021-12-06,0.61,5.08
2021-12-07,0.0,2.54
2021-12-08,0.0,
2021-12-09,0.0,5.08
2021-12-10,0.0,5.08
2021-12-11,0.914,5.08
2021-12-12,3.353,22.86
2021-12-13,8.839,48.26
2021-12-14,17.069,88.9
2021-12-15,17.678,93.98
2021-12-16,23.47,144.78
2021-12-17,23.774,134.62
2021-12-18,25.298,127.0
2021-12-19,26.213,121.92
2021-12-20,26.213,119.38
2021-12-21,25.908,114.3
2021-12-22,27.127,119.38
2021-12-23,30.48,134.62
2021-12-24,32.309,127.0
2021-12-25,33.833,134.62
2021-12-26,35.357,142.24
2021-12-27,39.624,157.48
2021-12-28,40.538,160.02
2021-12-29,41.148,160.02
2021-12-30,41.3,157.48
2021-12-31,41.758,154.94
2022-01-01,41.91,
2022-01-02,42.164,
2022-01-03,42.367,144.78
2022-01-04,49.682,170.18
2022-01-05,51.511,162.56
2022-01-06,51.562,147.32
2022-01-07,46.025,152.4
2022-01-08,47.244,154.94
2022-01-09,49.378,152.4
2022-01-10,50.597,149.86
2022-01-11,51.816,147.32
2022-01-12,52.426,147.32
2022-01-13,53.035,147.32
2022-01-14,53.035,144.78
2022-01-15,53.34,144.78
2022-01-16,53.34,142.24
2022-01-17,53.95,142.24
2022-01-18,54.559,142.24
2022-01-19,54.864,139.7
2022-01-20,55.169,134.62
2022-01-21,55.474,137.16
2022-01-22,55.778,137.16
2022-01-23,56.083,134.62
2022-01-24,55.778,134.62
2022-01-25,56.083,129.54
2022-01-26,55.778,132.08
2022-01-27,55.474,132.08
2022-01-28,55.778,129.54
2022-01-29,54.559,129.54
2022-01-30,54.254,129.54
2022-01-31,54.864,129.54
2022-02-01,54.254,129.54
2022-02-02,54.864,129.54
2022-02-03,54.559,127.0
2022-02-04,55.169,127.0
2022-02-05,54.864,127.0
2022-02-06,55.169,127.0
2022-02-07,54.864,127.0
2022-02-08,55.778,127.0
2022-02-09,55.778,121.92
2022-02-10,54.61,121.92
2022-02-11,51.816,119.38
2022-02-12,51.206,116.84
2022-02-13,50.597,114.3
2022-02-14,51.206,114.3
2022-02-15,49.987,114.3
2022-02-16,49.987,114.3
2022-02-17,50.902,111.76
2022-02-18,51.511,111.76
2022-02-19,52.121,111.76
2022-02-20,51.816,109.22
2022-02-21,52.73,106.68
2022-02-22,52.426,106.68
2022-02-23,52.426,109.22
2022-02-24,52.426,109.22
2022-02-25,52.73,106.68
2022-02-26,53.035,106.68
2022-02-27,53.086,106.68
2022-02-28,53.213,106.68
2022-03-01,53.34,104.14
2022-03-02,52.73,104.14
2022-03-03,52.73,99.06
2022-03-04,52.73,99.06
2022-03-05,53.645,109.22
2022-03-06,53.95,104.14
2022-03-07,54.254,104.14
2022-03-08,54.356,101.6
2022-03-09,53.95,99.06
2022-03-10,53.594,96.52
2022-03-11,52.832,96.52
2022-03-12,52.426,93.98
2022-03-13,52.426,93.98
2022-03-14,52.121,93.98
2022-03-15,51.511,91.44
2022-03-16,48.158,86.36
2022-03-17,46.634,83.82
2022-03-18,45.415,81.28
2022-03-19,44.501,78.74
2022-03-20,43.282,78.74
2022-03-21,42.672,78.74
2022-03-22,41.148,73.66
2022-03-23,38.1,68.58
2022-03-24,35.357,63.5
2022-03-25,33.223,60.96
2022-03-26,31.699,58.42
2022-03-27,29.87,53.34
2022-03-28,27.432,50.8
2022-03-29,26.213,48.26
2022-03-30,24.689,43.18
2022-03-31,23.165,40.64
2022-04-01,22.25,35.56
2022-04-02,20.422,35.56
2022-04-03,18.593,35.56
2022-04-04,17.983,30.48
2022-04-05,17.374,30.48
2022-04-06,16.154,27.94
2022-04-07,14.021,25.4
2022-04-08,12.192,20.32
2022-04-09,8.839,17.78
2022-04-10,7.62,15.24
2022-04-11,6.706,12.7
2022-04-12,6.706,15.24
2022-04-13,5.486,15.24
2022-04-14,7.01,35.56
2022-04-15,9.449,40.64
2022-04-16,13.716,
2022-04-17,15.24,45.72
2022-04-18,14.935,40.64
2022-04-19,15.545,35.56
2022-04-20,15.85,38.1
2022-04-21,19.507,55.88
2022-04-22,20.726,
2022-04-23,20.726,50.8
2022-04-24,19.812,45.72
2022-04-25,18.898,40.64
2022-04-26,17.678,38.1
2022-04-27,15.545,33.02
2022-04-28,14.326,30.48
2022-04-29,12.802,27.94
2022-04-30,11.278,22.86
2022-05-01,9.449,20.32
2022-05-02,7.62,15.24
2022-05-03,5.486,10.16
2022-05-04,1.829,2.54
2022-05-05,0.61,2.54
2022-05-06,0.0,2.54
2022-05-07,0.0,2.54
2022-05-08,0.0,5.08
2022-05-09,0.0,5.08
2022-05-10,0.61,10.16
2022-05-11,0.0,
2022-05-12,0.0,5.08
2022-05-13,0.0,5.08
2022-05-14,0.0,2.54
2022-05-15,0.0,2.54
2022-05-16,0.0,2.54
2022-05-17,0.0,2.54
2022-05-18,0.0,5.08
2022-05-19,0.0,2.54
2022-05-20,0.0,5.08
2022-05-21,0.0,5.08
2022-05-22,0.0,5.08
2022-05-23,0.0,5.08
2022-05-24,0.0,5.08
2022-05-25,0.0,5.08
2022-05-26,0.0,5.08
2022-05-27,0.0,5.08
2022-05-28,0.0,5.08
2022-05-29,0.0,5.08
2022-05-30,0.0,2.54
2022-05-31,0.0,2.54
2022-06-01,0.0,2.54
2022-06-02,0.0,5.08
2022-06-03,0.0,2.54
2022-06-04,0.0,2.54
2022-06-05,0.0,5.08
2022-06-06,0.0,2.54
2022-06-07,0.0,2.54
2022-06-08,0.0,2.54
2022-06-09,0.0,2.54
2022-06-10,0.0,2.54
2022-06-11,0.0,2.54
2022-06-12,0.0,2.54
2022-06-13,0.0,5.08
2022-06-14,0.0,2.54
2022-06-15,0.0,5.08
2022-06-16,0.0,5.08
2022-06-17,0.0,5.08
2022-06-18,0.0,5.08
2022-06-19,0.0,2.54
2022-06-20,0.0,5.08
2022-06-21,0.0,5.08
2022-06-22,0.0,5.08
2022-06-23,0.0,5.08
2022-06-24,0.0,5.08
2022-06-25,0.0,5.08
2022-06-26,0.0,5.08
2022-06-27,0.0,5.08
2022-06-28,0.0,5.08
2022-06-29,0.0,5.08
2022-06-30,0.0,5.08
2022-07-01,0.0,5.08
2022-07-02,0.0,5.08
2022-07-03,0.0,2.54
2022-07-04,0.0,2.54
2022-07-05,0.0,2.54
2022-07-06,0.0,5.08
2022-07-07,0.0,2.54
2022-07-08,0.0,5.08
2022-07-09,0.0,2.54
2022-07-10,0.0,0.0
2022-07-11,0.0,2.54
2022-07-12,0.0,2.54
2022-07-13,0.0,2.54
2022-07-14,0.0,2.54
2022-07-15,0.0,2.54
2022-07-16,0.0,5.08
2022-07-17,0.0,2.54
2022-07-18,0.0,2.54
2022-07-19,0.0,5.08
2022-07-20,0.0,5.08
2022-07-21,0.0,5.08
2022-07-22,0.0,2.54
2022-07-23,0.0,5.08
2022-07-24,0.0,2.54
2022-07-25,0.0,2.54
2022-07-26,0.0,2.54
2022-07-27,0.0,2.54
2022-07-28,0.0,0.0
2022-07-29,0.0,2.54
2022-07-30,0.0,2.54
2022-07-31,0.0,2.54
2022-08-01,0.0,0.0
2022-08-02,0.0,2.54
2022-08-03,0.0,-2.54
2022-08-04,0.0,0.0
2022-08-05,0.0,2.54
2022-08-06,0.0,0.0
2022-08-07,0.0,-5.08
2022-08-08,0.0,5.08
2022-08-09,0.0,0.0
2022-08-10,0.0,2.54
2022-08-11,0.0,2.54
2022-08-12,0.0,2.54
2022-08-13,0.0,2.54
2022-08-14,0.0,2.54
2022-08-15,0.0,0.0
2022-08-16,0.0,2.54
2022-08-17,0.0,2.54
2022-08-18,0.0,0.0
2022-08-19,0.0,0.0
2022-08-20,0.0,0.0
2022-08-21,0.0,2.54
2022-08-22,0.0,5.08
2022-08-23,0.0,5.08
2022-08-24,0.0,5.08
2022-08-25,0.0,5.08
2022-08-26,0.0,5.08
2022-08-27,0.0,5.08
2022-08-28,0.0,5.08
2022-08-29,0.0,5.08
2022-08-30,0.0,5.08
2022-08-31,0.0,2.54
2022-09-01,0.0,5.08
2022-09-02,0.0,5.08
2022-09-03,0.0,2.54
2022-09-04,0.0,5.08
2022-09-05,0.0,5.08
2022-09-06,0.0,5.08
2022-09-07,0.0,2.54
2022-09-08,0.0,2.54
2022-09-09,0.0,5.08
2022-09-10,0.0,2.54
2022-09-11,0.0,2.54
2022-09-12,0.0,2.54
2022-09-13,0.0,2.54
2022-09-14,0.0,2.54
2022-09-15,0.0,5.08
2022-09-16,0.0,5.08
2022-09-17,0.0,2.54
2022-09-18,0.0,-5.08
2022-09-19,0.0,5.08
2022-09-20,0.0,2.54
2022-09-21,0.0,2.54
2022-09-22,0.0,5.08
2022-09-23,0.0,-2.54
2022-09-24,0.0,2.54
2022-09-25,0.0,5.08
2022-09-26,0.0,2.54
2022-09-27,0.0,-2.54
2022-09-28,0.0,0.0
2022-09-29,0.0,2.54
2022-09-30,0.0,2.54
2022-10-01,0.0,2.54
2022-10-02,0.0,2.54
2022-10-03,0.0,2.54
2022-10-04,0.0,5.08
2022-10-05,0.0,2.54
2022-10-06,0.0,5.08
2022-10-07,0.0,5.08
2022-10-08,0.0,5.08
2022-10-09,0.0,5.08
2022-10-10,0.0,5.08
2022-10-11,0.0,5.08
2022-10-12,0.0,5.08
2022-10-13,0.0,2.54
2022-10-14,0.0,5.08
2022-10-15,0.0,5.08
2022-10-16,0.0,5.08
2022-10-17,0.0,2.54
2022-10-18,0.0,5.08
2022-10-19,0.0,5.08
2022-10-20,0.0,5.08
2022-10-21,0.0,5.08
2022-10-22,0.0,5.08
2022-10-23,0.0,5.08
2022-10-24,0.0,5.08
2022-10-25,0.0,2.54
2022-10-26,0.0,5.08
2022-10-27,0.0,5.08
2022-10-28,0.0,2.54
2022-10-29,0.0,2.54
2022-10-30,0.0,2.54
2022-10-31,0.0,5.08
2022-11-01,0.0,2.54
2022-11-02,0.61,
2022-11-03,0.61,
2022-11-04,0.61,
2022-11-05,0.61,5.08
2022-11-06,0.305,5.08
2022-11-07,4.267,22.86
2022-11-08,7.62,
2022-11-09,9.144,71.12
2022-11-10,9.144,
2022-11-11,8.839,
2022-11-12,9.449,
2022-11-13,9.449,53.34
2022-11-14,9.144,
2022-11-15,9.144,53.34
2022-11-16,8.839,
2022-11-17,8.839,48.26
2022-11-18,8.839,48.26
2022-11-19,8.534,48.26
2022-11-20,8.534,43.18
2022-11-21,8.534,48.26
2022-11-22,8.839,45.72
2022-11-23,8.534,43.18
2022-11-24,8.839,43.18
2022-11-25,8.534,40.64
2022-11-26,8.839,38.1
2022-11-27,8.23,38.1
2022-11-28,8.534,38.1
2022-11-29,8.23,38.1
2022-11-30,8.534,38.1
2022-12-01,10.363,
2022-12-02,11.278,
2022-12-03,11.887,66.04
2022-12-04,14.935,76.2
2022-12-05,20.422,111.76
2022-12-06,22.25,
2022-12-07,22.25,
2022-12-08,22.555,104.14
2022-12-09,26.822,139.7
2022-12-10,30.48,
2022-12-11,38.71,193.04
2022-12-12,39.014,180.34
2022-12-13,39.014,175.26
2022-12-14,39.014,170.18
2022-12-15,39.014,160.02
2022-12-16,38.71,160.02
2022-12-17,38.71,154.94
2022-12-18,38.71,154.94
2022-12-19,39.014,152.4
2022-12-20,39.319,149.86
2022-12-21,39.624,152.4
2022-12-22,39.929,144.78
2022-12-23,40.234,144.78
2022-12-24,39.014,
2022-12-25,39.319,119.38
2022-12-26,39.624,124.46
2022-12-27,39.014,119.38
2022-12-28,40.234,106.68
2022-12-29,41.453,121.92
2022-12-30,44.501,134.62
2022-12-31,44.196,119.38
2023-01-01,43.891,121.92
2023-01-02,44.196,119.38
2023-01-03,46.025,121.92
2023-01-04,47.854,121.92
2023-01-05,48.463,121.92
2023-01-06,53.95,147.32
2023-01-07,58.217,160.02
2023-01-08,67.666,215.9
2023-01-09,75.59,
2023-01-10,78.029,220.98
2023-01-11,86.868,264.16
2023-01-12,93.269,279.4
2023-01-13,91.135,259.08
2023-01-14,97.536,264.16
2023-01-15,102.718,274.32
2023-01-16,106.375,279.4
2023-01-17,107.594,274.32
2023-01-18,108.204,269.24
2023-01-19,110.642,
2023-01-20,111.252,279.4
2023-01-21,111.557,
2023-01-22,112.166,274.32
2023-01-23,112.471,269.24
2023-01-24,112.776,266.7
2023-01-25,113.081,264.16
2023-01-26,113.386,261.62
2023-01-27,113.386,259.08
2023-01-28,113.386,256.54
2023-01-29,113.081,256.54
2023-01-30,112.776,256.54
2023-01-31,113.081,256.54
2023-02-01,113.386,254.0
2023-02-02,113.69,254.0
2023-02-03,113.995,251.46
2023-02-04,115.824,266.7
2023-02-05,118.872,269.24
2023-02-06,119.482,274.32
2023-02-07,119.177,271.78
2023-02-08,117.958,269.24
2023-02-09,115.824,266.7
2023-02-10,,264.16
2023-02-11,,
2023-02-12,,269.24
2023-02-13,,266.7
2023-02-14,,264.16
2023-02-15,,266.7
2023-02-16,,266.7
2023-02-17,,264.16
2023-02-18,,264.16
2023-02-19,,264.16
2023-02-20,,261.62
2023-02-21,,259.08
2023-02-22,,259.08
2023-02-23,,259.08
2023-02-24,,340.36
2023-02-25,,330.2
2023-02-26,,320.04
2023-02-27,,335.28
2023-02-28,,368.3
2023-03-01,,
2023-03-02,,368.3
2023-03-03,,358.14
2023-03-04,,353.06
2023-03-05,,381.0
2023-03-06,,386.08
2023-03-07,,411.48
2023-03-08,,
2023-03-09,,441.96
2023-03-10,,
2023-03-11,,
2023-03-12,,
2023-03-13,,431.8
2023-03-14,,414.02
2023-03-15,,421.64
2023-03-16,,411.48
2023-03-17,,406.4
2023-03-18,,401.32
2023-03-19,,396.24
2023-03-20,,411.48
2023-03-21,,406.4
2023-03-22,,403.86
2023-03-23,,
2023-03-24,,
2023-03-25,,
2023-03-26,,
2023-03-27,,
2023-03-28,,
2023-03-29,,
2023-03-30,,
2023-03-31,,
2023-04-01,,
2023-04-02,,
2023-04-03,,
2023-04-04,,
2023-04-05,,
2023-04-06,,
2023-04-07,,
2023-04-08,,
2023-04-09,,
2023-04-10,,
2023-04-11,,
2023-04-12,,
2023-04-13,,
2023-04-14,,
2023-04-15,,
2023-04-16,,
2023-04-17,,
2023-04-18,,
2023-04-19,,
2023-04-20,,
2023-04-21,,
2023-04-22,,
2023-04-23,,
2023-04-24,,
2023-04-25,,
2023-04-26,,
2023-04-27,,
2023-04-28,,
2023-04-29,,
2023-04-30,,
2023-05-01,,
2023-05-02,,
2023-05-03,,
2023-05-04,,
2023-05-05,,
2023-05-06,,
2023-05-07,,
2023-05-08,,
2023-05-09,,
2023-05-10,,
2023-05-11,,
2023-05-12,,
2023-05-13,,
2023-05-14,,
2023-05-15,,
2023-05-16,,
2023-05-17,,
2023-05-18,,
2023-05-19,,
2023-05-20,,
2023-05-21,,
2023-05-22,,
2023-05-23,,
2023-05-24,,
2023-05-25,,
2023-05-26,,
2023-05-27,,
2023-05-28,,
2023-05-29,,
2023-05-30,,
2023-05-31,,
2023-06-01,,
2023-06-02,,
2023-06-03,,
2023-06-04,,
2023-06-05,,
2023-06-06,,
2023-06-07,,
2023-06-08,,
2023-06-09,,
2023-06-10,,
2023-06-11,,
2023-06-12,,
2023-06-13,,
2023-06-14,,
2023-06-15,,
2023-06-16,,
2023-06-17,,
2023-06-18,,
2023-06-19,,
2023-06-20,,
2023-06-21,,
2023-06-22,,
2023-06-23,,
2023-06-24,,
2023-06-25,,
2023-06-26,,
2023-06-27,,
2023-06-28,,
2023-06-29,,
2023-06-30,,
2023-07-01,,
2023-07-02,,
2023-07-03,,
2023-07-04,,
2023-07-05,,
2023-07-06,,
2023-07-07,,
2023-07-08,,
2023-07-09,,
2023-07-10,,
2023-07-11,,
2023-07-12,,
2023-07-13,,
2023-07-14,,
2023-07-15,,
2023-07-16,,
2023-07-17,,
2023-07-18,,
2023-07-19,,
2023-07-20,,
2023-07-21,,
2023-07-22,,
2023-07-23,,
2023-07-24,,
2023-07-25,,
2023-07-26,,
2023-07-27,,
2023-07-28,,
2023-07-29,,
2023-07-30,,
2023-07-31,,
2023-08-01,,
2023-08-02,,
2023-08-03,,
2023-08-04,,
2023-08-05,,
2023-08-06,,
2023-08-07,,
2023-08-08,,
2023-08-09,,
2023-08-10,,
2023-08-11,,
2023-08-12,,
2023-08-13,,
2023-08-14,,
2023-08-15,,
2023-08-16,,
2023-08-17,,
2023-08-18,,
2023-08-19,,
2023-08-20,,
2023-08-21,,
2023-08-22,,
2023-08-23,,
2023-08-24,,
2023-08-25,,
2023-08-26,,
2023-08-27,,
2023-08-28,,
2023-08-29,,
2023-08-30,,
2023-08-31,,
2023-09-01,,
2023-09-02,,
2023-09-03,,
2023-09-04,,
2023-09-05,,
2023-09-06,,
2023-09-07,,
2023-09-08,,
2023-09-09,,
2023-09-10,,
2023-09-11,,
2023-09-12,,
2023-09-13,,
2023-09-14,,
2023-09-15,,
2023-09-16,,
2023-09-17,,
2023-09-18,,
2023-09-19,,
2023-09-20,,
2023-09-21,,
2023-09-22,,
2023-09-23,,
2023-09-24,,
2023-09-25,,
2023-09-26,,
2023-09-27,,
2023-09-28,,
2023-09-29,,
2023-09-30,,
2023-10-01,,
2023-10-02,,
2023-10-03,,
2023-10-04,,
2023-10-05,,
2023-10-06,,
2023-10-07,,
2023-10-08,,
2023-10-09,,
2023-10-10,,
2023-10-11,,
2023-10-12,,
2023-10-13,,
2023-10-14,,
2023-10-15,,
2023-10-16,,
2023-10-17,,
2023-10-18,,
2023-10-19,,
2023-10-20,,
2023-10-21,,
2023-10-22,,
2023-10-23,,
2023-10-24,,
2023-10-25,,
2023-10-26,,
2023-10-27,,
2023-10-28,,
2023-10-29,,
2023-10-30,,
2023-10-31,,
2023-11-01,,
2023-11-02,,
2023-11-03,,
2023-11-04,,
2023-11-05,,
2023-11-06,,
2023-11-07,,
2023-11-08,,
2023-11-09,,
2023-11-10,,
2023-11-11,,
2023-11-12,,
2023-11-13,,
2023-11-14,,
2023-11-15,,
2023-11-16,,
2023-11-17,,
2023-11-18,,
2023-11-19,,
2023-11-20,,
2023-11-21,,
2023-11-22,,
2023-11-23,,
2023-11-24,,
2023-11-25,,
2023-11-26,0.356,
2023-11-27,2.565,
2023-11-28,3.124,
2023-11-29,3.404,
2023-11-30,3.962,
2023-12-01,4.242,
2023-12-02,4.521,
2023-12-03,4.801,
2023-12-04,3.962,
2023-12-05,2.845,
2023-12-06,2.565,
2023-12-07,3.124,
2023-12-08,3.962,
2023-12-09,3.683,
2023-12-10,2.845,
2023-12-11,2.311,
2023-12-12,1.753,
2023-12-13,1.753,
2023-12-14,1.473,
2023-12-15,1.473,
2023-12-16,1.473,
2023-12-17,1.194,
2023-12-18,2.845,
2023-12-19,3.962,
2023-12-20,1.753,
2023-12-21,,
2023-12-22,,
2023-12-23,,
2023-12-24,,
2023-12-25,,
2023-12-26,,
2023-12-27,,
2023-12-28,,
2023-12-29,,
2023-12-30,,
2023-12-31,,
2024-01-01,,
2024-01-02,,
2024-01-03,,
2024-01-04,,
2024-01-05,,
2024-01-06,,
2024-01-07,,
2024-01-08,,
2024-01-09,,
2024-01-10,,
2024-01-11,,
2024-01-12,,
2024-01-13,,
2024-01-14,,
2024-01-15,,
2024-01-16,,
2024-01-17,,
2024-01-18,,
2024-01-19,,
2024-01-20,,
2024-01-21,,
2024-01-22,,
2024-01-23,,
2024-01-24,,
2024-01-25,,
2024-01-26,,
2024-01-27,,
2024-01-28,,
2024-01-29,,
2024-01-30,,
2024-01-31,,
2024-02-01,,
2024-02-02,,
2024-02-03,,
2024-02-04,,
2024-02-05,,
2024-02-06,,
2024-02-07,,
2024-02-08,,
2024-02-09,,
2024-02-10,,
2024-02-11,,
2024-02-12,,
2024-02-13,,
2024-02-14,,
2024-02-15,,
2024-02-16,,
2024-02-17,,
2024-02-18,,
2024-02-19,,
2024-02-20,,
2024-02-21,,
2024-02-22,,
2024-02-23,,
2024-02-24,,
2024-02-25,,
2024-02-26,,
2024-02-27,,
2024-02-28,,
2024-02-29,,
2024-03-01,,
2024-03-02,,
2024-03-03,,
2024-03-04,,
2024-03-05,,
2024-03-06,,
2024-03-07,,
2024-03-08,,
2024-03-09,,
2024-03-10,,
2024-03-11,,
2024-03-12,,
2024-03-13,,
2024-03-14,,
2024-03-15,,
2024-03-16,,
2024-03-17,,
2024-03-18,,
2024-03-19,,
2024-03-20,,
2024-03-21,,
2024-03-22,,
2024-03-23,,
2024-03-24,,
2024-03-25,,
2024-03-26,,
2024-03-27,,
2024-03-28,,
2024-03-29,,
2024-03-30,,
2024-03-31,,
2024-04-01,,
2024-04-02,,
2024-04-03,,
2024-04-04,,
2024-04-05,,
2024-04-06,,
2024-04-07,,
2024-04-08,,
2024-04-09,,
2024-04-10,,
2024-04-11,,
2024-04-12,,
2024-04-13,,
2024-04-14,,
2024-04-15,,
2024-04-16,,
2024-04-17,,
2024-04-18,,
2024-04-19,,
2024-04-20,,
2024-04-21,,
2024-04-22,,
2024-04-23,,
2024-04-24,,
2024-04-25,,
2024-04-26,,
2024-04-27,,
2024-04-28,,
2024-04-29,,
2024-04-30,,
2024-05-01,,
2024-05-02,,
2024-05-03,,
2024-05-04,,
2024-05-05,,
2024-05-06,,
2024-05-07,,
2024-05-08,,
2024-05-09,,
2024-05-10,,
2024-05-11,,
2024-05-12,,
2024-05-13,,
2024-05-14,,
2024-05-15,,
2024-05-16,,
2024-05-17,,
2024-05-18,,
2024-05-19,,
2024-05-20,,
2024-05-21,,
2024-05-22,,
2024-05-23,,
2024-05-24,,
2024-05-25,,
2024-05-26,,
2024-05-27,,
2024-05-28,,
2024-05-29,,
2024-05-30,,
2024-05-31,,
2024-06-01,,
2024-06-02,,
2024-06-03,,
2024-06-04,,
2024-06-05,,
2024-06-06,,
2024-06-07,,
2024-06-08,,
2024-06-09,,
2024-06-10,,
2024-06-11,,
2024-06-12,,
2024-06-13,,
2024-06-14,,
2024-06-15,,
2024-06-16,,
2024-06-17,,
2024-06-18,,
2024-06-19,,
2024-06-20,,
2024-06-21,,
2024-06-22,,
2024-06-23,,
2024-06-24,,
2024-06-25,,
2024-06-26,,
2024-06-27,,
2024-06-28,,
2024-06-29,,
2024-06-30,,
2024-07-01,,
2024-07-02,,
2024-07-03,,
2024-07-04,,
2024-07-05,,
2024-07-06,,
2024-07-07,,
2024-07-08,,
2024-07-09,,
2024-07-10,,
2024-07-11,,
2024-07-12,,
2024-07-13,,
2024-07-14,,
2024-07-15,,
2024-07-16,,
2024-07-17,,
2024-07-18,,
2024-07-19,,
2024-07-20,,
2024-07-21,,
2024-07-22,,
2024-07-23,,
2024-07-24,,
2024-07-25,,
2024-07-26,,
2024-07-27,,
2024-07-28,,
2024-07-29,,
2024-07-30,,
2024-07-31,,
2024-08-01,,
2024-08-02,,
2024-08-03,,
2024-08-04,,
2024-08-05,,
2024-08-06,,
2024-08-07,,
2024-08-08,,
2024-08-09,,
2024-08-10,,
2024-08-11,,
2024-08-12,,
2024-08-13,,
2024-08-14,,
2024-08-15,,
2024-08-16,,
2024-08-17,,
2024-08-18,,
2024-08-19,,
2024-08-20,,
2024-08-21,,
2024-08-22,,
2024-08-23,,
2024-08-24,,
2024-08-25,,
2024-08-26,,
2024-08-27,,
2024-08-28,,
2024-08-29,,
2024-08-30,,
2024-08-31,,
2024-09-01,,
2024-09-02,,
2024-09-03,,
2024-09-04,,
2024-09-05,,
2024-09-06,,
2024-09-07,,
2024-09-08,,
2024-09-09,,
2024-09-10,,
2024-09-11,,-538.48
2024-09-12,,0.0
2024-09-13,,0.0
2024-09-14,,0.0
2024-09-15,,0.0
2024-09-16,,0.0
2024-09-17,,0.0
2024-09-18,,0.0
2024-09-19,,0.0
2024-09-20,,0.0
2024-09-21,,0.0
2024-09-22,,0.0
2024-09-23,,0.0
2024-09-24,,0.0
2024-09-25,,0.0
2024-09-26,,0.0
2024-09-27,,0.0
2024-09-28,,0.0
2024-09-29,,0.0
2024-09-30,,0.0
2024-10-01,,0.0
2024-10-02,,0.0
2024-10-03,,0.0
2024-10-04,,0.0
2024-10-05,,0.0
2024-10-06,,0.0
2024-10-07,,0.0
2024-10-08,,0.0
2024-10-09,,0.0
2024-10-10,,0.0
2024-10-11,,0.0
2024-10-12,,0.0
2024-10-13,,0.0
2024-10-14,,0.0
2024-10-15,,0.0
2024-10-16,,0.0
2024-10-17,,0.0
2024-10-18,,0.0
2024-10-19,,0.0
2024-10-20,,0.0
2024-10-21,,0.0
2024-10-22,,0.0
2024-10-23,,0.0
2024-10-24,,0.0
2024-10-25,,0.0
2024-10-26,,0.0
2024-10-27,,0.0
2024-10-28,,0.0
2024-10-29,,2.54
2024-10-30,,2.54
2024-10-31,,7.62
2024-11-01,,2.54
2024-11-02,,7.62
2024-11-03,,5.08
2024-11-04,,2.54
2024-11-05,,0.0
2024-11-06,,2.54
2024-11-07,,2.54
2024-11-08,,2.54
2024-11-09,,2.54
2024-11-10,,0.0
2024-11-11,,0.0
2024-11-12,0.254,5.08
2024-11-13,0.0,5.08
2024-11-14,4.064,17.78
2024-11-15,4.394,22.86
2024-11-16,4.496,20.32
2024-11-17,4.699,20.32
2024-11-18,4.445,22.86
2024-11-19,5.258,22.86
2024-11-20,8.306,45.72
2024-11-21,20.015,116.84
2024-11-22,24.079,93.98
2024-11-23,22.327,71.12
2024-11-24,22.86,76.2
2024-11-25,27.229,93.98
2024-11-26,33.63,101.6
2024-11-27,32.918,99.06
2024-11-28,32.487,96.52
2024-11-29,32.588,96.52
2024-11-30,33.553,93.98
2024-12-01,34.392,93.98
2024-12-02,35.56,93.98
2024-12-03,35.636,93.98
2024-12-04,34.519,93.98
2024-12-05,34.265,93.98
2024-12-06,33.731,93.98
2024-12-07,33.325,93.98
2024-12-08,32.995,91.44
2024-12-09,32.741,91.44
2024-12-10,32.156,91.44
2024-12-11,32.639,91.44
2024-12-12,33.96,111.76
2024-12-13,35.204,121.92
2024-12-14,44.044,187.96
2024-12-15,46.888,200.66
2024-12-16,48.031,198.12
2024-12-17,50.317,203.2
2024-12-18,49.606,193.04
2024-12-19,49.708,185.42
2024-12-20,50.317,182.88
2024-12-21,50.622,180.34
2024-12-22,53.543,182.88
2024-12-23,53.264,170.18
2024-12-24,51.791,147.32
2024-12-25,50.419,147.32
2024-12-26,52.578,162.56
2024-12-27,57.252,165.1
2024-12-28,56.312,154.94
2024-12-29,55.296,142.24
2024-12-30,52.248,142.24
2024-12-31,53.111,142.24
2025-01-01,53.772,142.24
2025-01-02,54.508,142.24
2025-01-03,54.127,139.7
2025-01-04,55.016,152.4
2025-01-05,55.753,154.94
2025-01-06,56.058,152.4
2025-01-07,54.991,149.86
2025-01-08,55.27,147.32
2025-01-09,55.677,147.32
2025-01-10,55.778,147.32
2025-01-11,55.982,144.78
2025-01-12,55.626,144.78
2025-01-13,55.22,144.78
2025-01-14,54.712,144.78
2025-01-15,54.559,144.78
2025-01-16,55.169,142.24
2025-01-17,54.813,142.24
2025-01-18,54.407,142.24
2025-01-19,53.746,142.24
2025-01-20,53.365,139.7
2025-01-21,53.492,139.7
2025-01-22,53.188,139.7
2025-01-23,53.238,139.7
2025-01-24,52.68,139.7
2025-01-25,51.994,139.7
2025-01-26,50.571,139.7
2025-01-27,49.276,139.7
2025-01-28,48.59,139.7
2025-01-29,48.26,139.7
2025-01-30,48.184,139.7
2025-01-31,48.412,139.7
2025-02-01,51.283,167.64
2025-02-02,50.292,157.48
2025-02-03,53.442,147.32
2025-02-04,58.318,152.4
2025-02-05,59.817,170.18
2025-02-06,61.036,170.18
2025-02-07,64.16,208.28
2025-02-08,64.618,208.28
2025-02-09,64.694,205.74
2025-02-10,64.973,200.66
2025-02-11,64.719,198.12
2025-02-12,64.694,198.12
2025-02-13,66.192,208.28
2025-02-14,70.815,233.68
2025-02-15,71.603,228.6
2025-02-16,72.288,228.6
2025-02-17,74.447,238.76
2025-02-18,74.93,233.68
2025-02-19,75.133,228.6
2025-02-20,75.971,231.14
2025-02-21,76.098,228.6
2025-02-22,76.048,226.06
2025-02-23,76.149,218.44
2025-02-24,73.939,210.82
2025-02-25,72.898,208.28
2025-02-26,72.746,205.74
2025-02-27,72.314,203.2
2025-02-28,72.034,200.66
2025-03-01,71.095,195.58
2025-03-02,69.063,195.58
2025-03-03,70.485,203.2
2025-03-04,72.06,198.12
2025-03-05,72.72,195.58
2025-03-06,73.457,203.2
2025-03-07,73.685,198.12
2025-03-08,73.635,195.58
2025-03-09,73.812,195.58
2025-03-10,72.949,193.04
2025-03-11,71.653,190.5
2025-03-12,70.536,190.5
2025-03-13,77.064,236.22
2025-03-14,80.899,246.38
2025-03-15,84.531,269.24
2025-03-16,88.494,287.02
2025-03-17,94.158,289.56
2025-03-18,96.012,289.56
2025-03-19,96.495,281.94
2025-03-20,97.561,287.02
2025-03-21,97.942,279.4
2025-03-22,98.654,274.32
2025-03-23,98.323,269.24
2025-03-24,96.622,261.62
2025-03-25,93.853,254.0
2025-03-26,93.243,248.92
2025-03-27,92.812,241.3
2025-03-28,95.682,254.0
2025-03-29,96.444,256.54
2025-03-30,96.495,256.54
2025-03-31,100.025,276.86
2025-04-01,101.346,289.56
2025-04-02,103.581,297.18
2025-04-03,104.242,289.56
2025-04-04,104.572,279.4
2025-04-05,104.521,274.32
2025-04-06,101.575,269.24
2025-04-07,100.609,261.62
2025-04-08,99.289,256.54
2025-04-09,98.374,254.0
2025-04-10,96.672,248.92
2025-04-11,94.767,243.84
2025-04-12,93.447,238.76
2025-04-13,92.278,233.68
2025-04-14,91.11,231.14
2025-04-15,89.662,228.6
2025-04-16,88.214,220.98
2025-04-17,86.741,215.9
2025-04-18,85.141,213.36
2025-04-19,84.125,210.82
2025-04-20,82.88,205.74
2025-04-21,81.077,203.2
2025-04-22,79.731,198.12
2025-04-23,78.156,190.5
2025-04-24,76.581,185.42
2025-04-25,74.752,180.34
2025-04-26,73.152,177.8
2025-04-27,72.314,175.26
2025-04-28,70.612,172.72
2025-04-29,69.037,167.64
2025-04-30,67.132,162.56
2025-05-01,65.507,154.94
2025-05-02,62.967,149.86
2025-05-03,60.579,139.7
2025-05-04,58.547,134.62
2025-05-05,56.769,132.08
2025-05-06,54.585,127.0
2025-05-07,52.222,121.92
2025-05-08,48.971,111.76
2025-05-09,45.161,101.6
2025-05-10,41.783,91.44
2025-05-11,38.252,78.74
2025-05-12,35.738,73.66
2025-05-13,35.662,76.2
2025-05-14,34.519,73.66
2025-05-15,33.122,66.04
2025-05-16,29.845,55.88
2025-05-17,26.695,48.26
2025-05-18,23.927,40.64
2025-05-19,21.057,33.02
2025-05-20,18.059,25.4
2025-05-21,13.614,17.78
2025-05-22,8.712,5.08
2025-05-23,6.198,0.0
2025-05-24,2.54,0.0
2025-05-25,0.0,0.0
2025-05-26,0.0,0.0
2025-05-27,0.0,0.0
2025-05-28,0.0,0.0
2025-05-29,0.0,0.0
2025-05-30,0.0,-2.54
2025-05-31,0.0,-2.54
2025-06-01,0.0,-2.54
2025-06-02,0.0,-2.54
2025-06-03,0.0,-2.54
2025-06-04,0.0,-2.54
2025-06-05,0.0,-2.54
2025-06-06,0.0,-2.54
2025-06-07,0.0,-2.54
2025-06-08,0.0,-2.54
2025-06-09,0.0,-2.54
2025-06-10,0.0,-2.54
2025-06-11,0.0,-2.54
2025-06-12,0.0,-2.54
2025-06-13,0.0,-2.54
2025-06-14,0.0,-2.54
2025-06-15,0.0,-2.54
2025-06-16,0.0,-2.54
2025-06-17,0.0,-2.54
2025-06-18,0.0,-2.54
2025-06-19,0.0,-2.54
2025-06-20,0.0,-2.54
2025-06-21,0.0,7353.3
2025-06-22,0.0,-2.54
2025-06-23,0.0,-2.54
2025-06-24,0.0,-2.54
2025-06-25,0.0,-2.54
2025-06-26,0.0,-2.54
2025-06-27,0.0,-2.54
2025-06-28,0.0,-2.54
2025-06-29,0.0,-2.54
2025-06-30,0.0,-2.54
2025-07-01,0.0,-2.54
2025-07-02,0.0,-2.54
2025-07-03,0.0,-2.54
2025-07-04,0.0,-2.54
2025-07-05,0.0,-2.54
2025-07-06,0.0,-2.54
2025-07-07,0.0,-2.54
2025-07-08,0.0,-2.54
2025-07-09,0.0,-2.54
2025-07-10,0.0,-2.54
2025-07-11,0.0,-2.54
2025-07-12,0.0,-2.54
2025-07-13,0.0,-2.54
2025-07-14,0.0,-2.54
2025-07-15,0.0,-2.54
2025-07-16,0.0,-2.54
2025-07-17,0.0,-2.54
2025-07-18,0.0,-2.54
2025-07-19,0.0,-2.54
2025-07-20,0.0,-2.54
2025-07-21,0.0,-2.54
2025-07-22,0.0,-2.54
2025-07-23,0.0,-2.54
2025-07-24,0.0,-2.54
2025-07-25,0.0,-2.54
2025-07-26,0.0,-2.54
2025-07-27,0.0,-2.54
2025-07-28,0.0,-2.54
2025-07-29,0.0,-2.54
2025-07-30,0.0,-2.54
2025-07-31,0.0,-2.54
2025-08-01,0.0,-2.54
2025-08-02,0.0,-2.54
2025-08-03,0.0,-2.54
2025-08-04,0.0,-2.54
2025-08-05,0.0,-2.54
2025-08-06,0.0,-2.54
2025-08-07,0.0,-2.54
2025-08-08,0.0,-2.54
2025-08-09,0.0,-2.54
2025-08-10,0.0,-2.54
2025-08-11,0.0,-2.54
2025-08-12,0.0,-2.54
2025-08-13,0.0,0.0
2025-08-14,0.0,-2.54
2025-08-15,0.0,-2.54
2025-08-16,0.0,0.0
2025-08-17,0.0,-2.54
2025-08-18,0.0,-2.54
2025-08-19,0.0,-2.54
2025-08-20,0.0,-2.54
2025-08-21,0.0,-2.54
2025-08-22,0.0,-2.54
2025-08-23,0.0,-2.54
2025-08-24,0.0,0.0
2025-08-25,0.0,-2.54
2025-08-26,0.0,0.0
2025-08-27,0.0,0.0
2025-08-28,0.0,0.0
2025-08-29,0.0,0.0
2025-08-30,0.0,0.0
2025-08-31,0.0,0.0
2025-09-01,0.0,0.0
2025-09-02,0.0,0.0
2025-09-03,0.0,0.0
2025-09-04,0.0,0.0
2025-09-05,0.0,0.0
2025-09-06,0.0,0.0
2025-09-07,0.0,0.0
2025-09-08,0.0,0.0
2025-09-09,0.0,0.0
2025-09-10,0.0,0.0
2025-09-11,0.0,0.0
2025-09-12,0.0,0.0
2025-09-13,0.0,0.0
2025-09-14,0.0,0.0
2025-09-15,0.0,0.0
2025-09-16,0.0,0.0
2025-09-17,0.0,0.0
2025-09-18,0.0,0.0
2025-09-19,0.0,0.0
2025-09-20,0.0,0.0
2025-09-21,0.0,0.0
2025-09-22,0.0,0.0
2025-09-23,0.0,0.0
2025-09-24,0.0,0.0
2025-09-25,0.0,0.0
2025-09-26,0.0,0.0
2025-09-27,0.0,0.0
2025-09-28,0.0,0.0
2025-09-29,0.0,0.0
2025-09-30,0.0,0.0
2025-10-01,0.0,0.0
2025-10-02,0.0,0.0
2025-10-03,0.0,0.0
2025-10-04,0.0,0.0
2025-10-05,0.0,0.0
2025-10-06,0.0,0.0
2025-10-07,0.0,0.0
2025-10-08,0.0,0.0
2025-10-09,0.0,0.0
2025-10-10,0.0,0.0
2025-10-11,0.0,0.0
2025-10-12,0.0,0.0
2025-10-13,0.0,0.0
2025-10-14,0.0,0.0
2025-10-15,0.0,0.0
2025-10-16,0.0,0.0
2025-10-17,0.0,0.0
2025-10-18,0.0,0.0
2025-10-19,0.0,0.0
2025-10-20,0.0,0.0
2025-10-21,0.0,0.0
2025-10-22,0.0,0.0
2025-10-23,0.0,0.0
2025-10-24,0.0,0.0
2025-10-25,0.813,0.0
2025-10-26,0.737,0.0
2025-10-27,2.591,2.54
2025-10-28,2.261,2.54
2025-10-29,1.397,0.0
2025-10-30,0.737,0.0
2025-10-31,0.559,0.0
2025-11-01,0.0,0.0
2025-11-02,0.0,0.0
2025-11-03,0.0,0.0
2025-11-04,0.813,-2.54
2025-11-05,0.914,-2.54
2025-11-06,0.762,0.0
2025-11-07,0.686,0.0
2025-11-08,0.508,0.0
2025-11-09,0.0,0.0
2025-11-10,0.0,0.0
2025-11-11,0.0,0.0
2025-11-12,0.0,0.0
2025-11-13,0.0,0.0
2025-11-14,0.686,0.0
2025-11-15,0.0,0.0
2025-11-16,0.533,0.0
2025-11-17,0.914,0.0
2025-11-18,0.686,0.0
2025-11-19,0.61,0.0
2025-11-20,1.473,0.0
2025-11-21,0.559,0.0
2025-11-22,0.406,0.0
2025-11-23,0.787,0.0
2025-11-24,0.635,0.0
2025-11-25,0.635,0.0
2025-11-26,0.406,0.0
2025-11-27,0.889,0.0
2025-11-28,0.229,0.0
2025-11-29,0.0,0.0
2025-11-30,0.0,0.0
2025-12-01,0.0,0.0
2025-12-02,0.0,0.0
2025-12-03,1.575,0.0
2025-12-04,2.134,2.54
2025-12-05,1.753,2.54
2025-12-06,1.168,0.0
2025-12-07,0.686,0.0
2025-12-08,1.143,0.0
2025-12-09,0.0,0.0
2025-12-10,0.254,0.0
2025-12-11,1.245,0.0
2025-12-12,1.905,0.0
2025-12-13,2.032,0.0
2025-12-14,1.88,2.54
2025-12-15,2.388,2.54
2025-12-16,0.305,0.0
2025-12-17,0.406,0.0
2025-12-18,0.152,0.0
2025-12-19,0.305,0.0
2025-12-20,0.152,0.0
2025-12-21,0.356,0.0
2025-12-22,0.0,0.0
2025-12-23,0.076,0.0
2025-12-24,0.178,0.0
2025-12-25,5.715,
2025-12-26,12.878,45.72
2025-12-27,16.713,73.66
2025-12-28,16.535,68.58
2025-12-29,16.383,66.04
2025-12-30,16.561,63.5
2025-12-31,16.434,60.96
2026-01-01,17.526,55.88
2026-01-02,17.424,40.64
2026-01-03,15.24,33.02
2026-01-04,18.339,35.56
2026-01-05,24.46,76.2
2026-01-06,29.362,111.76
2026-01-07,29.261,101.6
2026-01-08,28.956,99.06
2026-01-09,28.956,96.52
2026-01-10,29.312,96.52
2026-01-11,29.21,93.98
2026-01-12,29.261,93.98
2026-01-13,29.388,91.44
2026-01-14,29.388,91.44
2026-01-15,29.667,88.9
2026-01-16,29.362,86.36
2026-01-17,29.235,86.36
2026-01-18,29.007,83.82
2026-01-19,29.007,83.82
2026-01-20,28.575,81.28
2026-01-21,28.448,81.28
2026-01-22,28.219,81.28
2026-01-23,27.737,78.74
2026-01-24,27.508,76.2
2026-01-25,26.543,76.2
2026-01-26,26.594,76.2
2026-01-27,24.562,76.2
2026-01-28,26.848,88.9
2026-01-29,28.042,83.82
2026-01-30,29.083,83.82
2026-01-31,28.931,81.28
2026-02-01,29.159,78.74
2026-02-02,29.007,76.2
2026-02-03,29.083,76.2
2026-02-04,29.337,73.66
2026-02-05,29.413,71.12
2026-02-06,29.134,71.12
2026-02-07,29.007,68.58
2026-02-08,28.956,63.5
2026-02-09,27.915,58.42
2026-02-10,27.788,58.42
2026-02-11,28.092,60.96
2026-02-12,27.737,58.42
2026-02-13,26.797,58.42
2026-02-14,26.695,55.88
2026-02-15,26.873,55.88
2026-02-16,27.991,73.66
2026-02-17,29.337,78.74
2026-02-18,33.452,109.22
2026-02-19,36.525,134.62
2026-02-20,38.202,142.24
2026-02-21,38.913,142.24
2026-02-22,39.345,129.54
2026-02-23,40.513,121.92
2026-02-24,40.615,101.6
2026-02-25,36.906,86.36
2026-02-26,32.715,81.28
2026-02-27,30.531,76.2
2026-02-28,29.362,73.66
2026-03-01,28.321,68.58
2026-03-02,26.924,66.04
2026-03-03,26.467,63.5
2026-03-04,25.959,60.96
2026-03-05,24.74,60.96
2026-03-06,24.486,58.42
2026-03-07,23.876,55.88
2026-03-08,22.479,53.34
2026-03-09,21.184,48.26
2026-03-10,20.244,40.64
2026-03-11,19.939,40.64
2026-03-12,19.101,35.56
2026-03-13,18.034,33.02
2026-03-14,16.866,27.94
2026-03-15,15.799,25.4
2026-03-16,14.757,22.86
2026-03-17,13.411,20.32
2026-03-18,11.811,15.24
2026-03-19,9.779,7.62
2026-03-20,7.29,0.0
2026-03-21,5.359,0.0
2026-03-22,2.54,0.0
2026-03-23,0.0,0.0
2026-03-24,0.0,0.0
2026-03-25,0.0,0.0
2026-03-26,0.0,0.0
2026-03-27,0.0,0.0
2026-03-28,0.0,0.0
2026-03-29,0.0,0.0
2026-03-30,0.0,0.0
2026-03-31,0.0,0.0
2026-04-01,0.0,0.0
2026-04-02,0.0,0.0
2026-04-03,0.0,0.0
2026-04-04,0.0,0.0
2026-04-05,0.0,0.0
2026-04-06,0.0,0.0
2026-04-07,0.0,0.0
2026-04-08,0.0,0.0
2026-04-09,0.0,0.0
2026-04-10,0.178,0.0
2026-04-11,0.0,0.0
2026-04-12,0.991,5.08
2026-04-13,2.667,10.16
2026-04-14,2.057,0.0
2026-04-15,0.559,0.0
2026-04-16,0.0,0.0
2026-04-17,0.0,0.0
2026-04-18,0.0,0.0
2026-04-19,0.0,0.0
2026-04-20,0.0,0.0
2026-04-21,0.762,0.0
2026-04-22,2.438,10.16
2026-04-23,1.575,0.0
2026-04-24,0.025,0.0
2026-04-25,0.0,0.0
2026-04-26,0.787,0.0
2026-04-27,0.152,0.0
2026-04-28,0.051,0.0
2026-04-29,0.0,0.0
2026-04-30,0.0,0.0
2026-05-01,0.0,0.0
2026-05-02,0.0,0.0
2026-05-03,0.0,0.0
2026-05-04,0.0,0.0
2026-05-05,0.0,0.0
2026-05-06,0.0,0.0
2026-05-07,0.0,0.0
2026-05-08,0.0,0.0
2026-05-09,0.0,0.0
2026-05-10,0.0,0.0
2026-05-11,0.0,0.0
2026-05-12,0.0,0.0
2026-05-13,0.0,-2.54
2026-05-14,0.0,-2.54
2026-05-15,0.0,-2.54
2026-05-16,0.0,-2.54
2026-05-17,0.0,-2.54
2026-05-18,0.0,-2.54
2026-05-19,0.0,-2.54
2026-05-20,0.0,-2.54
2026-05-21,0.0,-2.54
2026-05-22,0.0,-2.54
2026-05-23,0.0,-2.54
2026-05-24,0.0,-2.54
2026-05-25,0.0,-2.54
2026-05-26,0.0,-2.54
2026-05-27,0.0,-2.54
2026-05-28,0.0,-2.54
2026-05-29,0.0,-2.54
2026-05-30,0.0,-2.54
2026-05-31,0.0,-2.54
2026-06-01,0.0,-2.54
2026-06-02,0.0,-2.54
2026-06-03,0.0,-2.54
2026-06-04,0.0,-2.54
2026-06-05,0.0,-2.54
2026-06-06,0.0,-2.54
2026-06-07,0.0,-2.54
2026-06-08,0.0,-2.54
2026-06-09,0.0,-2.54
2026-06-10,0.0,-2.54
2026-06-11,0.0,-2.54
2026-06-12,0.0,-2.54
2026-06-13,0.0,-2.54
2026-06-14,0.0,-2.54
2026-06-15,0.0,-2.54
2026-06-16,0.0,-2.54
2026-06-17,0.0,-2.54
2026-06-18,0.0,-2.54
2026-06-19,0.0,-2.54
2026-06-20,0.0,-2.54
2026-06-21,0.0,-2.54
2026-06-22,0.0,-2.54
2026-06-23,,
2026-06-24,0.0,-2.54
2026-06-25,0.0,-2.54
2026-06-26,0.0,-2.54
2026-06-27,0.0,-2.54
2026-06-28,0.0,-2.54
2026-06-29,0.0,-2.54
2026-06-30,0.0,-2.54
2026-07-01,0.0,-2.54
2026-07-02,0.0,-2.54
2026-07-03,0.0,-2.54
2026-07-04,0.0,-2.54
2026-07-05,0.0,-2.54
2026-07-06,0.0,-2.54
2026-07-07,0.0,-2.54
2026-07-08,0.0,-2.54
2026-07-09,0.0,-2.54
2026-07-10,0.0,-2.54
2026-07-11,0.0,-2.54
2026-07-12,0.0,-2.54
2026-07-13,0.0,-2.54
2026-07-14,0.0,-2.54
2026-07-15,0.0,-2.54
2026-07-16,0.0,-2.54
2026-07-17,0.0,-2.54
2026-07-18,0.0,-2.54
2026-07-19,0.0,-2.54
2026-07-20,0.0,-2.54
2026-07-21,0.0,-2.54
2026-07-22,0.0,-2.54
2026-07-23,0.0,-2.54
2026-07-24,0.0,-2.54
2026-07-25,0.0,-2.54
2026-07-26,0.0,-2.54
2026-07-27,0.0,-2.54
2026-07-28,0.0,-2.54
2026-07-29,0.0,-2.54
2026-07-30,0.0,-2.54
2026-07-31,0.0,-2.54
2026-08-01,,
